Open_time,Open_time,Open,High,Low,Close,Volume
2026-01-14 00:00:00,1768348800000,0.4218,0.4241,0.4209,0.4212,6407610.0
2026-01-14 00:15:00,1768349700000,0.4212,0.4229,0.421,0.422,1858795.0
2026-01-14 00:30:00,1768350600000,0.422,0.4235,0.4197,0.4224,3573136.0
2026-01-14 00:45:00,1768351500000,0.4224,0.423,0.4213,0.4223,3704211.0
2026-01-14 01:00:00,1768352400000,0.4223,0.4243,0.4214,0.4238,3547072.0
2026-01-14 01:15:00,1768353300000,0.4238,0.4238,0.4221,0.4225,1331447.0
2026-01-14 01:30:00,1768354200000,0.4225,0.4234,0.4203,0.421,3581081.0
2026-01-14 01:45:00,1768355100000,0.421,0.422,0.4204,0.421,1530485.0
2026-01-14 02:00:00,1768356000000,0.421,0.4234,0.4198,0.4231,2848123.0
2026-01-14 02:15:00,1768356900000,0.4231,0.4239,0.4223,0.4231,1620303.0
2026-01-14 02:30:00,1768357800000,0.4231,0.4235,0.4219,0.4233,1032253.0
2026-01-14 02:45:00,1768358700000,0.4233,0.4234,0.4209,0.4216,1974312.0
2026-01-14 03:00:00,1768359600000,0.4216,0.4234,0.4213,0.423,1188510.0
2026-01-14 03:15:00,1768360500000,0.423,0.4237,0.422,0.4226,982779.0
2026-01-14 03:30:00,1768361400000,0.4226,0.4247,0.422,0.4247,1938075.0
2026-01-14 03:45:00,1768362300000,0.4247,0.4259,0.424,0.4258,2351044.0
2026-01-14 04:00:00,1768363200000,0.4258,0.4268,0.4225,0.4233,11214975.0
2026-01-14 04:15:00,1768364100000,0.4233,0.4264,0.4231,0.4258,4236115.0
2026-01-14 04:30:00,1768365000000,0.4258,0.4258,0.424,0.4241,1791148.0
2026-01-14 04:45:00,1768365900000,0.4241,0.4248,0.4235,0.4236,946796.0
2026-01-14 05:00:00,1768366800000,0.4236,0.4236,0.422,0.4228,1518592.0
2026-01-14 05:15:00,1768367700000,0.4228,0.4239,0.4213,0.4219,2539095.0
2026-01-14 05:30:00,1768368600000,0.4219,0.4234,0.4211,0.4213,1493547.0
2026-01-14 05:45:00,1768369500000,0.4213,0.4225,0.4212,0.4216,1107582.0
2026-01-14 06:00:00,1768370400000,0.4216,0.422,0.42,0.4215,2184335.0
2026-01-14 06:15:00,1768371300000,0.4215,0.4217,0.4202,0.4206,684830.0
2026-01-14 06:30:00,1768372200000,0.4206,0.4233,0.4177,0.4233,5496512.0
2026-01-14 06:45:00,1768373100000,0.4233,0.4258,0.4233,0.4251,4953822.0
2026-01-14 07:00:00,1768374000000,0.4251,0.427,0.4247,0.426,2565790.0
2026-01-14 07:15:00,1768374900000,0.426,0.4264,0.4232,0.4233,3419946.0
2026-01-14 07:30:00,1768375800000,0.4233,0.4244,0.4224,0.4238,2199204.0
2026-01-14 07:45:00,1768376700000,0.4238,0.4246,0.4233,0.4237,1393043.0
2026-01-14 08:00:00,1768377600000,0.4237,0.4251,0.4232,0.4247,1476987.0
2026-01-14 08:15:00,1768378500000,0.4247,0.4251,0.4234,0.4235,530956.0
2026-01-14 08:30:00,1768379400000,0.4235,0.4235,0.4214,0.4217,2511867.0
2026-01-14 08:45:00,1768380300000,0.4217,0.4221,0.4204,0.4206,1923008.0
2026-01-14 09:00:00,1768381200000,0.4206,0.4219,0.4201,0.4216,1559881.0
2026-01-14 09:15:00,1768382100000,0.4216,0.4217,0.4205,0.4208,2251677.0
2026-01-14 09:30:00,1768383000000,0.4208,0.4218,0.4198,0.4203,1030114.0
2026-01-14 09:45:00,1768383900000,0.4203,0.421,0.4194,0.4201,908965.0
2026-01-14 10:00:00,1768384800000,0.4201,0.4207,0.4196,0.4205,555197.0
2026-01-14 10:15:00,1768385700000,0.4205,0.4207,0.4176,0.4188,3180593.0
2026-01-14 10:30:00,1768386600000,0.4188,0.4195,0.4175,0.4185,954245.0
2026-01-14 10:45:00,1768387500000,0.4185,0.4197,0.4179,0.4181,1218689.0
2026-01-14 11:00:00,1768388400000,0.4181,0.4183,0.4161,0.4168,3771411.0
2026-01-14 11:15:00,1768389300000,0.4168,0.4172,0.4154,0.4167,2732740.0
2026-01-14 11:30:00,1768390200000,0.4167,0.4169,0.4153,0.4159,1912818.0
2026-01-14 11:45:00,1768391100000,0.4159,0.4161,0.4132,0.4138,3380689.0
2026-01-14 12:00:00,1768392000000,0.4138,0.4164,0.4132,0.416,3382628.0
2026-01-14 12:15:00,1768392900000,0.416,0.4162,0.4153,0.4155,853633.0
2026-01-14 12:30:00,1768393800000,0.4155,0.4161,0.4144,0.4153,1354467.0
2026-01-14 12:45:00,1768394700000,0.4153,0.4155,0.4149,0.4151,404903.0
2026-01-14 13:00:00,1768395600000,0.4151,0.4151,0.4134,0.4142,1491593.0
2026-01-14 13:15:00,1768396500000,0.4142,0.4158,0.4141,0.4155,1766843.0
2026-01-14 13:30:00,1768397400000,0.4155,0.4157,0.4137,0.4142,965171.0
2026-01-14 13:45:00,1768398300000,0.4142,0.4143,0.4106,0.4119,12461058.0
2026-01-14 14:00:00,1768399200000,0.4119,0.4166,0.4117,0.4157,7899202.0
2026-01-14 14:15:00,1768400100000,0.4157,0.4179,0.4151,0.4165,6706543.0
2026-01-14 14:30:00,1768401000000,0.4165,0.419,0.4149,0.4177,9631850.0
2026-01-14 14:45:00,1768401900000,0.4177,0.4223,0.4173,0.4194,9542115.0
2026-01-14 15:00:00,1768402800000,0.4194,0.4219,0.4166,0.4218,14694390.0
2026-01-14 15:15:00,1768403700000,0.4218,0.4229,0.4202,0.4207,5435426.0
2026-01-14 15:30:00,1768404600000,0.4207,0.4217,0.4172,0.4181,5387768.0
2026-01-14 15:45:00,1768405500000,0.4181,0.4201,0.4172,0.4199,3711203.0
2026-01-14 16:00:00,1768406400000,0.4199,0.4233,0.4193,0.423,4831204.0
2026-01-14 16:15:00,1768407300000,0.423,0.4236,0.4202,0.4214,5271685.0
2026-01-14 16:30:00,1768408200000,0.4214,0.4238,0.4193,0.4217,6291628.0
2026-01-14 16:45:00,1768409100000,0.4217,0.4227,0.4193,0.4207,2708257.0
2026-01-14 17:00:00,1768410000000,0.4207,0.4223,0.4199,0.4218,2693993.0
2026-01-14 17:15:00,1768410900000,0.4218,0.4224,0.4202,0.421,3369621.0
2026-01-14 17:30:00,1768411800000,0.421,0.421,0.4161,0.4185,6775973.0
2026-01-14 17:45:00,1768412700000,0.4185,0.4195,0.4152,0.416,4658723.0
2026-01-14 18:00:00,1768413600000,0.416,0.4173,0.4146,0.4155,5117917.0
2026-01-14 18:15:00,1768414500000,0.4155,0.4168,0.4131,0.4166,5148867.0
2026-01-14 18:30:00,1768415400000,0.4166,0.4174,0.4104,0.4104,5609312.0
2026-01-14 18:45:00,1768416300000,0.4104,0.4145,0.4094,0.4133,4064006.0
2026-01-14 19:00:00,1768417200000,0.4133,0.4148,0.4123,0.4148,3765158.0
2026-01-14 19:15:00,1768418100000,0.4148,0.4193,0.4144,0.4191,7630261.0
2026-01-14 19:30:00,1768419000000,0.4191,0.4202,0.4161,0.417,4232766.0
2026-01-14 19:45:00,1768419900000,0.417,0.4173,0.4143,0.4148,2101959.0
2026-01-14 20:00:00,1768420800000,0.4148,0.4174,0.414,0.4158,6782103.0
2026-01-14 20:15:00,1768421700000,0.4158,0.4158,0.4116,0.4119,4423858.0
2026-01-14 20:30:00,1768422600000,0.4119,0.4146,0.4119,0.4127,4191099.0
2026-01-14 20:45:00,1768423500000,0.4127,0.4129,0.4113,0.4128,2657670.0
2026-01-14 21:00:00,1768424400000,0.4128,0.4141,0.412,0.413,2327225.0
2026-01-14 21:15:00,1768425300000,0.413,0.415,0.4123,0.4148,1357873.0
2026-01-14 21:30:00,1768426200000,0.4148,0.415,0.413,0.4134,980238.0
2026-01-14 21:45:00,1768427100000,0.4134,0.4139,0.4116,0.4138,2226880.0
2026-01-14 22:00:00,1768428000000,0.4138,0.4143,0.4123,0.4133,3858284.0
2026-01-14 22:15:00,1768428900000,0.4133,0.4144,0.4127,0.4129,970313.0
2026-01-14 22:30:00,1768429800000,0.4129,0.4133,0.4101,0.4122,2926350.0
2026-01-14 22:45:00,1768430700000,0.4122,0.4134,0.4112,0.412,1078069.0
2026-01-14 23:00:00,1768431600000,0.412,0.4145,0.4119,0.414,1789014.0
2026-01-14 23:15:00,1768432500000,0.414,0.4159,0.4126,0.4132,2513567.0
2026-01-14 23:30:00,1768433400000,0.4132,0.4139,0.4124,0.4138,895586.0
2026-01-14 23:45:00,1768434300000,0.4138,0.4147,0.4135,0.414,960193.0
2026-01-15 00:00:00,1768435200000,0.414,0.4141,0.4123,0.4133,4144644.0
2026-01-15 00:15:00,1768436100000,0.4133,0.4137,0.4122,0.4127,770513.0
2026-01-15 00:30:00,1768437000000,0.4127,0.4129,0.4113,0.4122,2582744.0
2026-01-15 00:45:00,1768437900000,0.4122,0.4123,0.4105,0.4114,5504016.0
2026-01-15 01:00:00,1768438800000,0.4114,0.4139,0.4114,0.4122,2887334.0
2026-01-15 01:15:00,1768439700000,0.4122,0.4124,0.41,0.4101,1548497.0
2026-01-15 01:30:00,1768440600000,0.4101,0.4107,0.4072,0.4091,6914529.0
2026-01-15 01:45:00,1768441500000,0.4091,0.4093,0.4078,0.4081,1299101.0
2026-01-15 02:00:00,1768442400000,0.4081,0.4091,0.4071,0.4073,1239148.0
2026-01-15 02:15:00,1768443300000,0.4073,0.4091,0.4071,0.408,3679458.0
2026-01-15 02:30:00,1768444200000,0.408,0.4091,0.405,0.4069,6010694.0
2026-01-15 02:45:00,1768445100000,0.4069,0.407,0.4044,0.4053,3189403.0
2026-01-15 03:00:00,1768446000000,0.4053,0.406,0.4047,0.4052,1909782.0
2026-01-15 03:15:00,1768446900000,0.4052,0.4062,0.4002,0.4006,10494211.0
2026-01-15 03:30:00,1768447800000,0.4006,0.4016,0.3986,0.3998,9082847.0
2026-01-15 03:45:00,1768448700000,0.3998,0.4011,0.3994,0.4,4195768.0
2026-01-15 04:00:00,1768449600000,0.4,0.4018,0.3994,0.4014,3104134.0
2026-01-15 04:15:00,1768450500000,0.4014,0.403,0.4008,0.4019,2333820.0
2026-01-15 04:30:00,1768451400000,0.4019,0.4025,0.4013,0.4021,1449558.0
2026-01-15 04:45:00,1768452300000,0.4021,0.4027,0.4018,0.4023,1688676.0
2026-01-15 05:00:00,1768453200000,0.4023,0.4039,0.402,0.4024,3027655.0
2026-01-15 05:15:00,1768454100000,0.4024,0.4029,0.4017,0.4018,903551.0
2026-01-15 05:30:00,1768455000000,0.4018,0.4028,0.4014,0.4026,2538848.0
2026-01-15 05:45:00,1768455900000,0.4026,0.4031,0.4022,0.4022,1621944.0
2026-01-15 06:00:00,1768456800000,0.4022,0.4031,0.4017,0.402,1602129.0
2026-01-15 06:15:00,1768457700000,0.402,0.4031,0.4018,0.4021,3077182.0
2026-01-15 06:30:00,1768458600000,0.4021,0.4024,0.4006,0.4007,1638575.0
2026-01-15 06:45:00,1768459500000,0.4007,0.4014,0.4002,0.4009,1372342.0
2026-01-15 07:00:00,1768460400000,0.4009,0.4022,0.4004,0.4019,1145944.0
2026-01-15 07:15:00,1768461300000,0.4019,0.4038,0.4019,0.4032,1834556.0
2026-01-15 07:30:00,1768462200000,0.4032,0.4048,0.4029,0.4044,2082191.0
2026-01-15 07:45:00,1768463100000,0.4044,0.4051,0.4037,0.4042,1054364.0
2026-01-15 08:00:00,1768464000000,0.4042,0.405,0.4032,0.4035,2054659.0
2026-01-15 08:15:00,1768464900000,0.4035,0.4041,0.4024,0.4025,1527761.0
2026-01-15 08:30:00,1768465800000,0.4025,0.4028,0.402,0.4023,854690.0
2026-01-15 08:45:00,1768466700000,0.4023,0.4038,0.4022,0.4033,1975724.0
2026-01-15 09:00:00,1768467600000,0.4033,0.4033,0.4011,0.4012,2405502.0
2026-01-15 09:15:00,1768468500000,0.4012,0.4032,0.4009,0.4026,3185235.0
2026-01-15 09:30:00,1768469400000,0.4026,0.4063,0.4017,0.4058,11389301.0
2026-01-15 09:45:00,1768470300000,0.4058,0.4063,0.4045,0.4046,1990080.0
2026-01-15 10:00:00,1768471200000,0.4046,0.4053,0.4036,0.4037,2467025.0
2026-01-15 10:15:00,1768472100000,0.4037,0.4052,0.4033,0.4035,1288629.0
2026-01-15 10:30:00,1768473000000,0.4035,0.4048,0.4031,0.4043,1084712.0
2026-01-15 10:45:00,1768473900000,0.4043,0.4051,0.4042,0.4051,592837.0
2026-01-15 11:00:00,1768474800000,0.4051,0.4059,0.4048,0.4056,795330.0
2026-01-15 11:15:00,1768475700000,0.4056,0.4058,0.4045,0.4056,742993.0
2026-01-15 11:30:00,1768476600000,0.4056,0.4059,0.4036,0.4042,648755.0
2026-01-15 11:45:00,1768477500000,0.4042,0.4048,0.4036,0.4046,832199.0
2026-01-15 12:00:00,1768478400000,0.4046,0.406,0.4041,0.4055,1395763.0
2026-01-15 12:15:00,1768479300000,0.4055,0.4056,0.4043,0.4049,1080308.0
2026-01-15 12:30:00,1768480200000,0.4049,0.4068,0.4045,0.4063,1743768.0
2026-01-15 12:45:00,1768481100000,0.4063,0.4078,0.4061,0.4073,3882648.0
2026-01-15 13:00:00,1768482000000,0.4073,0.4074,0.4059,0.4066,2088027.0
2026-01-15 13:15:00,1768482900000,0.4066,0.4088,0.4066,0.408,2077677.0
2026-01-15 13:30:00,1768483800000,0.408,0.4082,0.4051,0.407,2524074.0
2026-01-15 13:45:00,1768484700000,0.407,0.4106,0.407,0.4082,12986964.0
2026-01-15 14:00:00,1768485600000,0.4082,0.4097,0.4078,0.4089,2057985.0
2026-01-15 14:15:00,1768486500000,0.4089,0.4092,0.4066,0.407,2030399.0
2026-01-15 14:30:00,1768487400000,0.407,0.4081,0.4015,0.4017,16919781.0
2026-01-15 14:45:00,1768488300000,0.4017,0.4054,0.3998,0.4028,15324624.0
2026-01-15 15:00:00,1768489200000,0.4028,0.4045,0.4016,0.4029,2724626.0
2026-01-15 15:15:00,1768490100000,0.4029,0.4037,0.3985,0.3995,7718157.0
2026-01-15 15:30:00,1768491000000,0.3995,0.401,0.396,0.3979,12148577.0
2026-01-15 15:45:00,1768491900000,0.3979,0.3997,0.3928,0.3993,27215644.0
2026-01-15 16:00:00,1768492800000,0.3993,0.3998,0.3953,0.3968,8717134.0
2026-01-15 16:15:00,1768493700000,0.3968,0.3981,0.3958,0.3961,2463247.0
2026-01-15 16:30:00,1768494600000,0.3961,0.3996,0.3959,0.3987,2270004.0
2026-01-15 16:45:00,1768495500000,0.3987,0.3997,0.3979,0.3991,1543669.0
2026-01-15 17:00:00,1768496400000,0.3991,0.3999,0.3965,0.3967,2792704.0
2026-01-15 17:15:00,1768497300000,0.3967,0.399,0.396,0.3989,1293065.0
2026-01-15 17:30:00,1768498200000,0.3989,0.4008,0.3987,0.4002,3741329.0
2026-01-15 17:45:00,1768499100000,0.4002,0.4005,0.3953,0.396,4857141.0
2026-01-15 18:00:00,1768500000000,0.396,0.3969,0.3926,0.3939,7400726.0
2026-01-15 18:15:00,1768500900000,0.3939,0.3942,0.392,0.3938,5654138.0
2026-01-15 18:30:00,1768501800000,0.3938,0.3943,0.3905,0.3927,6323450.0
2026-01-15 18:45:00,1768502700000,0.3927,0.3928,0.3907,0.3917,1876581.0
2026-01-15 19:00:00,1768503600000,0.3917,0.3923,0.389,0.391,7403030.0
2026-01-15 19:15:00,1768504500000,0.391,0.3929,0.3898,0.3905,2614128.0
2026-01-15 19:30:00,1768505400000,0.3905,0.3924,0.3898,0.3907,3767399.0
2026-01-15 19:45:00,1768506300000,0.3907,0.3928,0.3906,0.3923,2226114.0
2026-01-15 20:00:00,1768507200000,0.3923,0.3938,0.3917,0.3926,2891960.0
2026-01-15 20:15:00,1768508100000,0.3926,0.3928,0.3904,0.3908,1098794.0
2026-01-15 20:30:00,1768509000000,0.3908,0.3919,0.3902,0.3902,1195551.0
2026-01-15 20:45:00,1768509900000,0.3902,0.3907,0.3888,0.3902,3074574.0
2026-01-15 21:00:00,1768510800000,0.3902,0.392,0.39,0.3913,1145832.0
2026-01-15 21:15:00,1768511700000,0.3913,0.3926,0.3913,0.3921,528390.0
2026-01-15 21:30:00,1768512600000,0.3921,0.3924,0.3914,0.3921,1438810.0
2026-01-15 21:45:00,1768513500000,0.3921,0.3933,0.392,0.3926,1120813.0
2026-01-15 22:00:00,1768514400000,0.3926,0.3936,0.3918,0.3925,1824197.0
2026-01-15 22:15:00,1768515300000,0.3925,0.3939,0.392,0.3936,697243.0
2026-01-15 22:30:00,1768516200000,0.3936,0.3944,0.393,0.3931,1378558.0
2026-01-15 22:45:00,1768517100000,0.3931,0.3937,0.3927,0.3936,209306.0
2026-01-15 23:00:00,1768518000000,0.3936,0.3939,0.3923,0.3933,1395729.0
2026-01-15 23:15:00,1768518900000,0.3933,0.3943,0.3931,0.3933,1485593.0
2026-01-15 23:30:00,1768519800000,0.3933,0.3934,0.3926,0.3932,762201.0
2026-01-15 23:45:00,1768520700000,0.3932,0.3937,0.393,0.3933,707620.0
2026-01-16 00:00:00,1768521600000,0.3933,0.3936,0.3927,0.3931,1078112.0
2026-01-16 00:15:00,1768522500000,0.3931,0.3939,0.3928,0.3929,702489.0
2026-01-16 00:30:00,1768523400000,0.3929,0.394,0.3926,0.3939,2244122.0
2026-01-16 00:45:00,1768524300000,0.3939,0.3941,0.3927,0.3927,784708.0
2026-01-16 01:00:00,1768525200000,0.3927,0.393,0.3912,0.3918,2009040.0
2026-01-16 01:15:00,1768526100000,0.3918,0.3927,0.3915,0.3922,1419942.0
2026-01-16 01:30:00,1768527000000,0.3922,0.3937,0.3919,0.392,606954.0
2026-01-16 01:45:00,1768527900000,0.392,0.3925,0.3917,0.3919,610463.0
2026-01-16 02:00:00,1768528800000,0.3919,0.3919,0.3899,0.3903,2669309.0
2026-01-16 02:15:00,1768529700000,0.3903,0.3926,0.3895,0.3925,2756781.0
2026-01-16 02:30:00,1768530600000,0.3925,0.3925,0.3914,0.3921,930097.0
2026-01-16 02:45:00,1768531500000,0.3921,0.3929,0.3917,0.3927,562168.0
2026-01-16 03:00:00,1768532400000,0.3927,0.393,0.3922,0.3926,1330753.0
2026-01-16 03:15:00,1768533300000,0.3926,0.3926,0.3915,0.3916,951661.0
2026-01-16 03:30:00,1768534200000,0.3916,0.3917,0.3906,0.3915,2152331.0
2026-01-16 03:45:00,1768535100000,0.3915,0.3916,0.3908,0.3912,404570.0
2026-01-16 04:00:00,1768536000000,0.3912,0.3916,0.3907,0.3915,419257.0
2026-01-16 04:15:00,1768536900000,0.3915,0.3923,0.391,0.3911,1441740.0
2026-01-16 04:30:00,1768537800000,0.3911,0.3916,0.3893,0.3902,3884433.0
2026-01-16 04:45:00,1768538700000,0.3902,0.3905,0.3881,0.3895,3285539.0
2026-01-16 05:00:00,1768539600000,0.3895,0.3909,0.3892,0.3902,1994909.0
2026-01-16 05:15:00,1768540500000,0.3902,0.3908,0.3898,0.3906,1045126.0
2026-01-16 05:30:00,1768541400000,0.3906,0.393,0.3906,0.3924,3358629.0
2026-01-16 05:45:00,1768542300000,0.3924,0.3938,0.3924,0.3928,2640373.0
2026-01-16 06:00:00,1768543200000,0.3928,0.3934,0.392,0.3921,903738.0
2026-01-16 06:15:00,1768544100000,0.3921,0.3932,0.3919,0.3929,1895474.0
2026-01-16 06:30:00,1768545000000,0.3929,0.394,0.3928,0.3938,2809079.0
2026-01-16 06:45:00,1768545900000,0.3938,0.3943,0.3934,0.3938,1654952.0
2026-01-16 07:00:00,1768546800000,0.3938,0.3941,0.3931,0.394,515277.0
2026-01-16 07:15:00,1768547700000,0.394,0.394,0.3926,0.3927,1081349.0
2026-01-16 07:30:00,1768548600000,0.3927,0.393,0.3919,0.3921,1135986.0
2026-01-16 07:45:00,1768549500000,0.3921,0.3927,0.392,0.3923,654027.0
2026-01-16 08:00:00,1768550400000,0.3923,0.3935,0.3922,0.3932,1401510.0
2026-01-16 08:15:00,1768551300000,0.3932,0.3933,0.3921,0.3927,1431570.0
2026-01-16 08:30:00,1768552200000,0.3927,0.3936,0.3925,0.3934,487553.0
2026-01-16 08:45:00,1768553100000,0.3934,0.3934,0.3923,0.3926,1081880.0
2026-01-16 09:00:00,1768554000000,0.3926,0.3931,0.3922,0.3925,1293878.0
2026-01-16 09:15:00,1768554900000,0.3925,0.3926,0.3918,0.3925,1913325.0
2026-01-16 09:30:00,1768555800000,0.3925,0.3925,0.3918,0.3922,779325.0
2026-01-16 09:45:00,1768556700000,0.3922,0.3922,0.3913,0.3916,543350.0
2026-01-16 10:00:00,1768557600000,0.3916,0.3917,0.3907,0.3911,1457605.0
2026-01-16 10:15:00,1768558500000,0.3911,0.3913,0.3905,0.3908,708442.0
2026-01-16 10:30:00,1768559400000,0.3908,0.3912,0.3906,0.3912,1681555.0
2026-01-16 10:45:00,1768560300000,0.3912,0.3914,0.3905,0.3911,604031.0
2026-01-16 11:00:00,1768561200000,0.3911,0.3916,0.3906,0.3906,672968.0
2026-01-16 11:15:00,1768562100000,0.3906,0.392,0.3901,0.3918,1757577.0
2026-01-16 11:30:00,1768563000000,0.3918,0.3925,0.3913,0.3913,924207.0
2026-01-16 11:45:00,1768563900000,0.3913,0.3926,0.3911,0.3926,545734.0
2026-01-16 12:00:00,1768564800000,0.3926,0.3927,0.3915,0.3919,796652.0
2026-01-16 12:15:00,1768565700000,0.3919,0.392,0.3914,0.3916,697185.0
2026-01-16 12:30:00,1768566600000,0.3916,0.3916,0.3906,0.3912,566116.0
2026-01-16 12:45:00,1768567500000,0.3912,0.3914,0.3904,0.3913,1362808.0
2026-01-16 13:00:00,1768568400000,0.3913,0.3915,0.3899,0.3907,941149.0
2026-01-16 13:15:00,1768569300000,0.3907,0.3908,0.3898,0.3903,584103.0
2026-01-16 13:30:00,1768570200000,0.3903,0.3908,0.3884,0.3896,2495996.0
2026-01-16 13:45:00,1768571100000,0.3896,0.3901,0.389,0.3897,769563.0
2026-01-16 14:00:00,1768572000000,0.3897,0.3905,0.3895,0.3896,1752629.0
2026-01-16 14:15:00,1768572900000,0.3896,0.3915,0.3891,0.3915,2942020.0
2026-01-16 14:30:00,1768573800000,0.3915,0.3919,0.3892,0.3895,3844964.0
2026-01-16 14:45:00,1768574700000,0.3895,0.3911,0.3887,0.389,4026329.0
2026-01-16 15:00:00,1768575600000,0.389,0.3908,0.3877,0.3901,4852810.0
2026-01-16 15:15:00,1768576500000,0.3901,0.3902,0.3846,0.385,15776523.0
2026-01-16 15:30:00,1768577400000,0.385,0.385,0.3804,0.3824,26426576.0
2026-01-16 15:45:00,1768578300000,0.3824,0.3828,0.3786,0.3813,14645140.0
2026-01-16 16:00:00,1768579200000,0.3813,0.3822,0.38,0.3822,5749787.0
2026-01-16 16:15:00,1768580100000,0.3822,0.3841,0.381,0.3837,5936064.0
2026-01-16 16:30:00,1768581000000,0.3837,0.3846,0.3825,0.384,2291423.0
2026-01-16 16:45:00,1768581900000,0.384,0.385,0.3829,0.3838,3386952.0
2026-01-16 17:00:00,1768582800000,0.3838,0.3841,0.3822,0.3831,1524289.0
2026-01-16 17:15:00,1768583700000,0.3831,0.3837,0.3813,0.3833,3016244.0
2026-01-16 17:30:00,1768584600000,0.3833,0.3862,0.3831,0.3862,3079883.0
2026-01-16 17:45:00,1768585500000,0.3862,0.3869,0.385,0.3864,1740106.0
2026-01-16 18:00:00,1768586400000,0.3864,0.3872,0.3858,0.386,2367904.0
2026-01-16 18:15:00,1768587300000,0.386,0.3872,0.3858,0.3871,1107812.0
2026-01-16 18:30:00,1768588200000,0.3871,0.3878,0.3865,0.3874,1813994.0
2026-01-16 18:45:00,1768589100000,0.3874,0.3879,0.3861,0.3865,1156528.0
2026-01-16 19:00:00,1768590000000,0.3865,0.3865,0.3845,0.3847,2056631.0
2026-01-16 19:15:00,1768590900000,0.3847,0.386,0.3842,0.3853,1198448.0
2026-01-16 19:30:00,1768591800000,0.3853,0.3874,0.3851,0.3866,1091498.0
2026-01-16 19:45:00,1768592700000,0.3866,0.3872,0.3863,0.3866,868154.0
2026-01-16 20:00:00,1768593600000,0.3866,0.3868,0.3846,0.3867,1820712.0
2026-01-16 20:15:00,1768594500000,0.3867,0.3903,0.3867,0.3903,5211192.0
2026-01-16 20:30:00,1768595400000,0.3903,0.3921,0.39,0.3921,4053952.0
2026-01-16 20:45:00,1768596300000,0.3921,0.395,0.3921,0.3946,5416999.0
2026-01-16 21:00:00,1768597200000,0.3946,0.3975,0.3933,0.3957,9353441.0
2026-01-16 21:15:00,1768598100000,0.3957,0.3978,0.3949,0.3976,4922924.0
2026-01-16 21:30:00,1768599000000,0.3976,0.3978,0.396,0.3967,1678754.0
2026-01-16 21:45:00,1768599900000,0.3967,0.3967,0.3958,0.3962,2503037.0
2026-01-16 22:00:00,1768600800000,0.3962,0.3968,0.3945,0.3957,6146076.0
2026-01-16 22:15:00,1768601700000,0.3957,0.3984,0.3955,0.3972,1886742.0
2026-01-16 22:30:00,1768602600000,0.3972,0.398,0.3959,0.3965,1154626.0
2026-01-16 22:45:00,1768603500000,0.3965,0.3966,0.3952,0.3964,962666.0
2026-01-16 23:00:00,1768604400000,0.3964,0.3972,0.3956,0.3962,3974061.0
2026-01-16 23:15:00,1768605300000,0.3962,0.3966,0.3951,0.3962,1802208.0
2026-01-16 23:30:00,1768606200000,0.3962,0.3964,0.3949,0.3952,677897.0
2026-01-16 23:45:00,1768607100000,0.3952,0.3957,0.3949,0.3953,532256.0
2026-01-17 00:00:00,1768608000000,0.3953,0.3973,0.3953,0.3963,3130536.0
2026-01-17 00:15:00,1768608900000,0.3963,0.3969,0.3961,0.3966,1362728.0
2026-01-17 00:30:00,1768609800000,0.3966,0.3966,0.395,0.3955,1834747.0
2026-01-17 00:45:00,1768610700000,0.3955,0.3964,0.3949,0.3955,1621770.0
2026-01-17 01:00:00,1768611600000,0.3955,0.3968,0.3953,0.3957,1592658.0
2026-01-17 01:15:00,1768612500000,0.3957,0.3965,0.3954,0.3957,599231.0
2026-01-17 01:30:00,1768613400000,0.3957,0.3958,0.3949,0.3953,635203.0
2026-01-17 01:45:00,1768614300000,0.3953,0.396,0.3951,0.3957,256236.0
2026-01-17 02:00:00,1768615200000,0.3957,0.3959,0.3941,0.3944,1020653.0
2026-01-17 02:15:00,1768616100000,0.3944,0.3948,0.393,0.394,3011793.0
2026-01-17 02:30:00,1768617000000,0.394,0.394,0.3932,0.3938,4312054.0
2026-01-17 02:45:00,1768617900000,0.3938,0.3951,0.3936,0.3946,4477192.0
2026-01-17 03:00:00,1768618800000,0.3946,0.3957,0.3944,0.3948,1086224.0
2026-01-17 03:15:00,1768619700000,0.3948,0.3954,0.3945,0.3949,708031.0
2026-01-17 03:30:00,1768620600000,0.3949,0.3949,0.3937,0.3942,776356.0
2026-01-17 03:45:00,1768621500000,0.3942,0.3946,0.3934,0.3942,651964.0
2026-01-17 04:00:00,1768622400000,0.3942,0.3945,0.3936,0.3943,1440439.0
2026-01-17 04:15:00,1768623300000,0.3943,0.3951,0.3939,0.3951,537882.0
2026-01-17 04:30:00,1768624200000,0.3951,0.3956,0.3948,0.3955,556230.0
2026-01-17 04:45:00,1768625100000,0.3955,0.3962,0.3952,0.396,798653.0
2026-01-17 05:00:00,1768626000000,0.396,0.3963,0.3955,0.3958,356342.0
2026-01-17 05:15:00,1768626900000,0.3958,0.3965,0.3955,0.3961,684948.0
2026-01-17 05:30:00,1768627800000,0.3961,0.3966,0.3956,0.3965,415786.0
2026-01-17 05:45:00,1768628700000,0.3965,0.3966,0.3958,0.3958,521320.0
2026-01-17 06:00:00,1768629600000,0.3958,0.3961,0.395,0.3954,1712884.0
2026-01-17 06:15:00,1768630500000,0.3954,0.3956,0.3945,0.3948,2086580.0
2026-01-17 06:30:00,1768631400000,0.3948,0.3959,0.3948,0.3952,1135951.0
2026-01-17 06:45:00,1768632300000,0.3952,0.3953,0.3947,0.3947,800536.0
2026-01-17 07:00:00,1768633200000,0.3947,0.3948,0.3934,0.3939,721068.0
2026-01-17 07:15:00,1768634100000,0.3939,0.3953,0.3938,0.3953,596521.0
2026-01-17 07:30:00,1768635000000,0.3953,0.3955,0.3951,0.3955,366659.0
2026-01-17 07:45:00,1768635900000,0.3955,0.3956,0.395,0.3954,398043.0
2026-01-17 08:00:00,1768636800000,0.3954,0.3964,0.3951,0.3962,1978991.0
2026-01-17 08:15:00,1768637700000,0.3962,0.3966,0.396,0.3962,1040294.0
2026-01-17 08:30:00,1768638600000,0.3962,0.3964,0.3955,0.3957,643143.0
2026-01-17 08:45:00,1768639500000,0.3957,0.3969,0.3955,0.3957,2158585.0
2026-01-17 09:00:00,1768640400000,0.3957,0.3967,0.3956,0.3958,2643434.0
2026-01-17 09:15:00,1768641300000,0.3958,0.3963,0.3956,0.396,1489021.0
2026-01-17 09:30:00,1768642200000,0.396,0.3961,0.3951,0.3958,1627922.0
2026-01-17 09:45:00,1768643100000,0.3958,0.3961,0.3949,0.3949,1839526.0
2026-01-17 10:00:00,1768644000000,0.3949,0.3955,0.3945,0.3953,630025.0
2026-01-17 10:15:00,1768644900000,0.3953,0.3965,0.3953,0.3963,1342133.0
2026-01-17 10:30:00,1768645800000,0.3963,0.3965,0.3957,0.3958,1048871.0
2026-01-17 10:45:00,1768646700000,0.3958,0.3962,0.3953,0.3959,1334970.0
2026-01-17 11:00:00,1768647600000,0.3959,0.3961,0.3948,0.3958,1552548.0
2026-01-17 11:15:00,1768648500000,0.3958,0.3966,0.3957,0.3962,790373.0
2026-01-17 11:30:00,1768649400000,0.3962,0.3964,0.3947,0.3949,1038937.0
2026-01-17 11:45:00,1768650300000,0.3949,0.395,0.3942,0.3945,1435929.0
2026-01-17 12:00:00,1768651200000,0.3945,0.3959,0.3942,0.3958,922792.0
2026-01-17 12:15:00,1768652100000,0.3958,0.3964,0.3953,0.3961,1153891.0
2026-01-17 12:30:00,1768653000000,0.3961,0.3964,0.3958,0.3962,957699.0
2026-01-17 12:45:00,1768653900000,0.3962,0.3962,0.3953,0.3958,1102381.0
2026-01-17 13:00:00,1768654800000,0.3958,0.3959,0.395,0.3957,920127.0
2026-01-17 13:15:00,1768655700000,0.3957,0.3968,0.3955,0.3962,1967255.0
2026-01-17 13:30:00,1768656600000,0.3962,0.3977,0.3959,0.3973,2825118.0
2026-01-17 13:45:00,1768657500000,0.3973,0.398,0.3971,0.3974,1109534.0
2026-01-17 14:00:00,1768658400000,0.3974,0.3975,0.396,0.3974,3072882.0
2026-01-17 14:15:00,1768659300000,0.3974,0.3978,0.3965,0.3969,919043.0
2026-01-17 14:30:00,1768660200000,0.3969,0.4017,0.3966,0.4004,7374792.0
2026-01-17 14:45:00,1768661100000,0.4004,0.4011,0.3999,0.4009,2252000.0
2026-01-17 15:00:00,1768662000000,0.4009,0.4016,0.4003,0.4006,2958243.0
2026-01-17 15:15:00,1768662900000,0.4006,0.4025,0.3997,0.4,5415070.0
2026-01-17 15:30:00,1768663800000,0.4,0.4011,0.3996,0.4004,1233327.0
2026-01-17 15:45:00,1768664700000,0.4004,0.4025,0.4,0.4024,2314306.0
2026-01-17 16:00:00,1768665600000,0.4024,0.4041,0.402,0.4027,7044944.0
2026-01-17 16:15:00,1768666500000,0.4027,0.403,0.3997,0.4009,3092184.0
2026-01-17 16:30:00,1768667400000,0.4009,0.401,0.3987,0.3995,2664755.0
2026-01-17 16:45:00,1768668300000,0.3995,0.4009,0.3986,0.4003,1990179.0
2026-01-17 17:00:00,1768669200000,0.4003,0.402,0.3991,0.4013,2481277.0
2026-01-17 17:15:00,1768670100000,0.4013,0.4015,0.4002,0.4006,885703.0
2026-01-17 17:30:00,1768671000000,0.4006,0.4015,0.3997,0.4007,797754.0
2026-01-17 17:45:00,1768671900000,0.4007,0.4007,0.3991,0.4002,977216.0
2026-01-17 18:00:00,1768672800000,0.4002,0.4003,0.3984,0.3994,1867022.0
2026-01-17 18:15:00,1768673700000,0.3994,0.4001,0.3994,0.3995,567504.0
2026-01-17 18:30:00,1768674600000,0.3995,0.4,0.3992,0.3992,463122.0
2026-01-17 18:45:00,1768675500000,0.3992,0.4001,0.399,0.3999,533987.0
2026-01-17 19:00:00,1768676400000,0.3999,0.4011,0.3997,0.4009,605731.0
2026-01-17 19:15:00,1768677300000,0.4009,0.4011,0.3995,0.4009,647406.0
2026-01-17 19:30:00,1768678200000,0.4009,0.4009,0.3998,0.3999,1029375.0
2026-01-17 19:45:00,1768679100000,0.3999,0.4001,0.399,0.4,890905.0
2026-01-17 20:00:00,1768680000000,0.4,0.4013,0.3999,0.4003,1455086.0
2026-01-17 20:15:00,1768680900000,0.4003,0.402,0.3998,0.4,1543820.0
2026-01-17 20:30:00,1768681800000,0.4,0.4,0.3984,0.3985,1651864.0
2026-01-17 20:45:00,1768682700000,0.3985,0.399,0.3984,0.3988,967462.0
2026-01-17 21:00:00,1768683600000,0.3988,0.3989,0.3976,0.3977,1463777.0
2026-01-17 21:15:00,1768684500000,0.3977,0.3989,0.3976,0.3987,961272.0
2026-01-17 21:30:00,1768685400000,0.3987,0.3987,0.3974,0.3982,982223.0
2026-01-17 21:45:00,1768686300000,0.3982,0.3989,0.398,0.3985,1044005.0
2026-01-17 22:00:00,1768687200000,0.3985,0.3987,0.3972,0.3977,1359758.0
2026-01-17 22:15:00,1768688100000,0.3977,0.3986,0.3971,0.3972,688550.0
2026-01-17 22:30:00,1768689000000,0.3972,0.3972,0.3945,0.3957,8950197.0
2026-01-17 22:45:00,1768689900000,0.3957,0.3968,0.3946,0.3961,890553.0
2026-01-17 23:00:00,1768690800000,0.3961,0.3965,0.3955,0.3962,989007.0
2026-01-17 23:15:00,1768691700000,0.3962,0.3966,0.3954,0.3958,602262.0
2026-01-17 23:30:00,1768692600000,0.3958,0.3968,0.3956,0.3959,637873.0
2026-01-17 23:45:00,1768693500000,0.3959,0.3971,0.3956,0.397,828736.0
2026-01-18 00:00:00,1768694400000,0.397,0.398,0.3961,0.3978,1849973.0
2026-01-18 00:15:00,1768695300000,0.3978,0.3987,0.3969,0.3973,2139983.0
2026-01-18 00:30:00,1768696200000,0.3973,0.3983,0.3956,0.3961,1667134.0
2026-01-18 00:45:00,1768697100000,0.3961,0.3964,0.3954,0.3962,996628.0
2026-01-18 01:00:00,1768698000000,0.3962,0.3966,0.394,0.3947,4909473.0
2026-01-18 01:15:00,1768698900000,0.3947,0.3958,0.3943,0.3949,1132209.0
2026-01-18 01:30:00,1768699800000,0.3949,0.3952,0.3936,0.3938,1204157.0
2026-01-18 01:45:00,1768700700000,0.3938,0.3942,0.3925,0.3939,2064029.0
2026-01-18 02:00:00,1768701600000,0.3939,0.3955,0.3938,0.3949,940382.0
2026-01-18 02:15:00,1768702500000,0.3949,0.3958,0.3938,0.3945,1764501.0
2026-01-18 02:30:00,1768703400000,0.3945,0.3945,0.3933,0.3942,1925076.0
2026-01-18 02:45:00,1768704300000,0.3942,0.3944,0.3935,0.3939,745858.0
2026-01-18 03:00:00,1768705200000,0.3939,0.3952,0.3937,0.395,503590.0
2026-01-18 03:15:00,1768706100000,0.395,0.3956,0.3945,0.3954,504665.0
2026-01-18 03:30:00,1768707000000,0.3954,0.3966,0.3953,0.3956,1105848.0
2026-01-18 03:45:00,1768707900000,0.3956,0.3958,0.3948,0.3951,488828.0
2026-01-18 04:00:00,1768708800000,0.3951,0.3951,0.3934,0.3939,1636544.0
2026-01-18 04:15:00,1768709700000,0.3939,0.3946,0.3936,0.3943,440934.0
2026-01-18 04:30:00,1768710600000,0.3943,0.3947,0.3937,0.3944,743359.0
2026-01-18 04:45:00,1768711500000,0.3944,0.3953,0.3942,0.3951,211246.0
2026-01-18 05:00:00,1768712400000,0.3951,0.3957,0.3942,0.3956,2801970.0
2026-01-18 05:15:00,1768713300000,0.3956,0.3957,0.3947,0.395,888772.0
2026-01-18 05:30:00,1768714200000,0.395,0.3953,0.3941,0.3953,1273344.0
2026-01-18 05:45:00,1768715100000,0.3953,0.3957,0.3945,0.395,501178.0
2026-01-18 06:00:00,1768716000000,0.395,0.3958,0.3948,0.3952,368660.0
2026-01-18 06:15:00,1768716900000,0.3952,0.3952,0.3941,0.3944,650570.0
2026-01-18 06:30:00,1768717800000,0.3944,0.3951,0.3939,0.3948,656750.0
2026-01-18 06:45:00,1768718700000,0.3948,0.3952,0.3944,0.3949,204655.0
2026-01-18 07:00:00,1768719600000,0.3949,0.395,0.3934,0.3936,789215.0
2026-01-18 07:15:00,1768720500000,0.3936,0.395,0.3935,0.3947,400428.0
2026-01-18 07:30:00,1768721400000,0.3947,0.3947,0.393,0.3943,1023809.0
2026-01-18 07:45:00,1768722300000,0.3943,0.3949,0.3938,0.394,704090.0
2026-01-18 08:00:00,1768723200000,0.394,0.394,0.3917,0.3926,2488330.0
2026-01-18 08:15:00,1768724100000,0.3926,0.3933,0.3919,0.3927,758791.0
2026-01-18 08:30:00,1768725000000,0.3927,0.3939,0.3924,0.3933,936531.0
2026-01-18 08:45:00,1768725900000,0.3933,0.3941,0.3927,0.3935,315392.0
2026-01-18 09:00:00,1768726800000,0.3935,0.3938,0.3927,0.3935,656838.0
2026-01-18 09:15:00,1768727700000,0.3935,0.3942,0.3931,0.3934,565098.0
2026-01-18 09:30:00,1768728600000,0.3934,0.3947,0.3934,0.3936,1953654.0
2026-01-18 09:45:00,1768729500000,0.3936,0.3943,0.3932,0.394,1665560.0
2026-01-18 10:00:00,1768730400000,0.394,0.3941,0.3922,0.3931,1513009.0
2026-01-18 10:15:00,1768731300000,0.3931,0.3935,0.3927,0.3929,993781.0
2026-01-18 10:30:00,1768732200000,0.3929,0.394,0.3925,0.3936,1154308.0
2026-01-18 10:45:00,1768733100000,0.3936,0.3945,0.3929,0.3935,1807698.0
2026-01-18 11:00:00,1768734000000,0.3935,0.3935,0.3926,0.3929,1569441.0
2026-01-18 11:15:00,1768734900000,0.3929,0.393,0.3925,0.3925,760889.0
2026-01-18 11:30:00,1768735800000,0.3925,0.3935,0.3923,0.3932,700013.0
2026-01-18 11:45:00,1768736700000,0.3932,0.3935,0.3923,0.3926,345087.0
2026-01-18 12:00:00,1768737600000,0.3926,0.3928,0.3919,0.3927,713350.0
2026-01-18 12:15:00,1768738500000,0.3927,0.3935,0.3926,0.3934,350237.0
2026-01-18 12:30:00,1768739400000,0.3934,0.3936,0.3925,0.3931,540287.0
2026-01-18 12:45:00,1768740300000,0.3931,0.3936,0.3917,0.3921,1459911.0
2026-01-18 13:00:00,1768741200000,0.3921,0.3926,0.3906,0.3917,2080219.0
2026-01-18 13:15:00,1768742100000,0.3917,0.3923,0.3911,0.3915,758734.0
2026-01-18 13:30:00,1768743000000,0.3915,0.3938,0.3914,0.3935,1830975.0
2026-01-18 13:45:00,1768743900000,0.3935,0.3938,0.3924,0.3925,1242264.0
2026-01-18 14:00:00,1768744800000,0.3925,0.3929,0.3913,0.3929,1358586.0
2026-01-18 14:15:00,1768745700000,0.3929,0.3951,0.3928,0.3933,4382447.0
2026-01-18 14:30:00,1768746600000,0.3933,0.394,0.3918,0.3918,1678220.0
2026-01-18 14:45:00,1768747500000,0.3918,0.3922,0.3898,0.3902,5840767.0
2026-01-18 15:00:00,1768748400000,0.3902,0.3912,0.389,0.3908,3210905.0
2026-01-18 15:15:00,1768749300000,0.3908,0.392,0.3906,0.3914,1597653.0
2026-01-18 15:30:00,1768750200000,0.3914,0.3921,0.3909,0.3919,2176221.0
2026-01-18 15:45:00,1768751100000,0.3919,0.3923,0.3913,0.3922,1001141.0
2026-01-18 16:00:00,1768752000000,0.3922,0.3936,0.391,0.3933,1719398.0
2026-01-18 16:15:00,1768752900000,0.3933,0.3937,0.3915,0.3916,932165.0
2026-01-18 16:30:00,1768753800000,0.3916,0.3928,0.3916,0.3925,1019822.0
2026-01-18 16:45:00,1768754700000,0.3925,0.3925,0.3916,0.3916,719111.0
2026-01-18 17:00:00,1768755600000,0.3916,0.3918,0.3902,0.3903,1652964.0
2026-01-18 17:15:00,1768756500000,0.3903,0.3915,0.3903,0.3912,974972.0
2026-01-18 17:30:00,1768757400000,0.3912,0.3915,0.3898,0.3908,2369588.0
2026-01-18 17:45:00,1768758300000,0.3908,0.3923,0.3907,0.3919,1934381.0
2026-01-18 18:00:00,1768759200000,0.3919,0.3923,0.3908,0.3914,1687988.0
2026-01-18 18:15:00,1768760100000,0.3914,0.3942,0.391,0.394,1981269.0
2026-01-18 18:30:00,1768761000000,0.394,0.3958,0.3938,0.3943,3130746.0
2026-01-18 18:45:00,1768761900000,0.3943,0.3961,0.3941,0.3945,2561954.0
2026-01-18 19:00:00,1768762800000,0.3945,0.3955,0.394,0.3943,1201102.0
2026-01-18 19:15:00,1768763700000,0.3943,0.3944,0.393,0.3936,967370.0
2026-01-18 19:30:00,1768764600000,0.3936,0.3942,0.3928,0.3934,669123.0
2026-01-18 19:45:00,1768765500000,0.3934,0.3935,0.3916,0.3923,1023578.0
2026-01-18 20:00:00,1768766400000,0.3923,0.3924,0.3911,0.3915,824358.0
2026-01-18 20:15:00,1768767300000,0.3915,0.3947,0.3915,0.3947,614449.0
2026-01-18 20:30:00,1768768200000,0.3947,0.3951,0.3929,0.3939,1467627.0
2026-01-18 20:45:00,1768769100000,0.3939,0.394,0.393,0.3935,457430.0
2026-01-18 21:00:00,1768770000000,0.3935,0.3943,0.3933,0.394,667139.0
2026-01-18 21:15:00,1768770900000,0.394,0.3941,0.3928,0.393,436415.0
2026-01-18 21:30:00,1768771800000,0.393,0.3938,0.3926,0.3936,886526.0
2026-01-18 21:45:00,1768772700000,0.3936,0.3946,0.3932,0.3942,763029.0
2026-01-18 22:00:00,1768773600000,0.3942,0.397,0.394,0.3964,1731549.0
2026-01-18 22:15:00,1768774500000,0.3964,0.3967,0.3947,0.3948,700469.0
2026-01-18 22:30:00,1768775400000,0.3948,0.3961,0.3945,0.3957,856620.0
2026-01-18 22:45:00,1768776300000,0.3957,0.3959,0.3952,0.3958,310669.0
2026-01-18 23:00:00,1768777200000,0.3958,0.3958,0.3894,0.39,6094942.0
2026-01-18 23:15:00,1768778100000,0.39,0.3911,0.3843,0.3846,21338885.0
2026-01-18 23:30:00,1768779000000,0.3846,0.3861,0.3817,0.3825,9590130.0
2026-01-18 23:45:00,1768779900000,0.3825,0.3825,0.3744,0.3754,25700822.0
2026-01-19 00:00:00,1768780800000,0.3754,0.3754,0.3414,0.36,176443186.0
2026-01-19 00:15:00,1768781700000,0.36,0.3627,0.3568,0.3597,32763838.0
2026-01-19 00:30:00,1768782600000,0.3597,0.3637,0.3573,0.3634,16393716.0
2026-01-19 00:45:00,1768783500000,0.3634,0.364,0.3622,0.3627,5945028.0
2026-01-19 01:00:00,1768784400000,0.3627,0.3662,0.3606,0.3644,7305149.0
2026-01-19 01:15:00,1768785300000,0.3644,0.3656,0.3624,0.3633,4928839.0
2026-01-19 01:30:00,1768786200000,0.3633,0.3654,0.3626,0.3631,3822247.0
2026-01-19 01:45:00,1768787100000,0.3631,0.3633,0.3615,0.3632,4212130.0
2026-01-19 02:00:00,1768788000000,0.3632,0.3648,0.3622,0.3643,2649199.0
2026-01-19 02:15:00,1768788900000,0.3643,0.3659,0.3638,0.3642,2859691.0
2026-01-19 02:30:00,1768789800000,0.3642,0.3655,0.3637,0.3643,1352222.0
2026-01-19 02:45:00,1768790700000,0.3643,0.3654,0.3635,0.3649,1089988.0
2026-01-19 03:00:00,1768791600000,0.3649,0.3654,0.3644,0.3651,1452632.0
2026-01-19 03:15:00,1768792500000,0.3651,0.3658,0.3635,0.3641,2573426.0
2026-01-19 03:30:00,1768793400000,0.3641,0.3647,0.364,0.3643,1246909.0
2026-01-19 03:45:00,1768794300000,0.3643,0.3659,0.3641,0.3654,2526700.0
2026-01-19 04:00:00,1768795200000,0.3654,0.3657,0.3638,0.3647,3174115.0
2026-01-19 04:15:00,1768796100000,0.3647,0.3647,0.3635,0.3643,2100520.0
2026-01-19 04:30:00,1768797000000,0.3643,0.3646,0.3638,0.364,1661884.0
2026-01-19 04:45:00,1768797900000,0.364,0.3643,0.3625,0.3627,3268729.0
2026-01-19 05:00:00,1768798800000,0.3627,0.3641,0.3625,0.3633,5125472.0
2026-01-19 05:15:00,1768799700000,0.3633,0.3649,0.363,0.3649,3030813.0
2026-01-19 05:30:00,1768800600000,0.3649,0.3666,0.364,0.3642,11378858.0
2026-01-19 05:45:00,1768801500000,0.3642,0.3645,0.3633,0.3638,2702937.0
2026-01-19 06:00:00,1768802400000,0.3638,0.3641,0.3634,0.364,2309261.0
2026-01-19 06:15:00,1768803300000,0.364,0.3641,0.3626,0.3628,1582170.0
2026-01-19 06:30:00,1768804200000,0.3628,0.3634,0.3605,0.3612,3745836.0
2026-01-19 06:45:00,1768805100000,0.3612,0.3623,0.3607,0.3623,4086965.0
2026-01-19 07:00:00,1768806000000,0.3623,0.3631,0.3623,0.363,1913088.0
2026-01-19 07:15:00,1768806900000,0.363,0.3639,0.3628,0.3636,1367269.0
2026-01-19 07:30:00,1768807800000,0.3636,0.365,0.3635,0.3644,2103921.0
2026-01-19 07:45:00,1768808700000,0.3644,0.3644,0.363,0.3638,1781362.0
2026-01-19 08:00:00,1768809600000,0.3638,0.3646,0.3631,0.3637,1590403.0
2026-01-19 08:15:00,1768810500000,0.3637,0.3678,0.3637,0.3659,5063806.0
2026-01-19 08:30:00,1768811400000,0.3659,0.3672,0.3653,0.3665,3888899.0
2026-01-19 08:45:00,1768812300000,0.3665,0.3693,0.3664,0.3689,4241171.0
2026-01-19 09:00:00,1768813200000,0.3689,0.3693,0.3677,0.368,3159793.0
2026-01-19 09:15:00,1768814100000,0.368,0.3705,0.3679,0.3693,3652662.0
2026-01-19 09:30:00,1768815000000,0.3693,0.3704,0.3687,0.3692,2652351.0
2026-01-19 09:45:00,1768815900000,0.3692,0.3697,0.3687,0.3694,1451024.0
2026-01-19 10:00:00,1768816800000,0.3694,0.3696,0.3683,0.3693,1453432.0
2026-01-19 10:15:00,1768817700000,0.3693,0.3703,0.369,0.3694,1506366.0
2026-01-19 10:30:00,1768818600000,0.3694,0.3708,0.3691,0.3703,1826364.0
2026-01-19 10:45:00,1768819500000,0.3703,0.3709,0.3697,0.3707,2574122.0
2026-01-19 11:00:00,1768820400000,0.3707,0.3722,0.3697,0.3705,2707736.0
2026-01-19 11:15:00,1768821300000,0.3705,0.3723,0.3703,0.3717,3333709.0
2026-01-19 11:30:00,1768822200000,0.3717,0.3725,0.3709,0.3709,2754844.0
2026-01-19 11:45:00,1768823100000,0.3709,0.3709,0.3684,0.3689,3692569.0
2026-01-19 12:00:00,1768824000000,0.3689,0.369,0.3664,0.3667,6264306.0
2026-01-19 12:15:00,1768824900000,0.3667,0.3673,0.3661,0.3666,1744144.0
2026-01-19 12:30:00,1768825800000,0.3666,0.368,0.3666,0.3675,1508056.0
2026-01-19 12:45:00,1768826700000,0.3675,0.368,0.3655,0.3669,2913173.0
2026-01-19 13:00:00,1768827600000,0.3669,0.3673,0.3658,0.3666,1745619.0
2026-01-19 13:15:00,1768828500000,0.3666,0.3669,0.365,0.3659,3831771.0
2026-01-19 13:30:00,1768829400000,0.3659,0.3671,0.3655,0.3667,2389950.0
2026-01-19 13:45:00,1768830300000,0.3667,0.3673,0.3654,0.3657,1777225.0
2026-01-19 14:00:00,1768831200000,0.3657,0.3674,0.3656,0.3672,3129162.0
2026-01-19 14:15:00,1768832100000,0.3672,0.3698,0.3671,0.3696,3922021.0
2026-01-19 14:30:00,1768833000000,0.3696,0.3705,0.3676,0.3684,4392961.0
2026-01-19 14:45:00,1768833900000,0.3684,0.3697,0.3674,0.3678,1658197.0
2026-01-19 15:00:00,1768834800000,0.3678,0.3689,0.3674,0.3683,1274489.0
2026-01-19 15:15:00,1768835700000,0.3683,0.3684,0.3658,0.3663,2857626.0
2026-01-19 15:30:00,1768836600000,0.3663,0.3669,0.3656,0.3667,2194404.0
2026-01-19 15:45:00,1768837500000,0.3667,0.3669,0.3662,0.3666,939081.0
2026-01-19 16:00:00,1768838400000,0.3666,0.3682,0.3663,0.3672,1131019.0
2026-01-19 16:15:00,1768839300000,0.3672,0.3691,0.3669,0.3685,1474842.0
2026-01-19 16:30:00,1768840200000,0.3685,0.3691,0.3677,0.3689,2294977.0
2026-01-19 16:45:00,1768841100000,0.3689,0.3717,0.3689,0.3706,2254313.0
2026-01-19 17:00:00,1768842000000,0.3706,0.3707,0.3686,0.3694,2197807.0
2026-01-19 17:15:00,1768842900000,0.3694,0.3706,0.3692,0.3702,1043192.0
2026-01-19 17:30:00,1768843800000,0.3702,0.3703,0.3688,0.369,1021022.0
2026-01-19 17:45:00,1768844700000,0.369,0.3697,0.3684,0.3685,1368519.0
2026-01-19 18:00:00,1768845600000,0.3685,0.3692,0.3682,0.3689,1472790.0
2026-01-19 18:15:00,1768846500000,0.3689,0.3695,0.3687,0.369,919502.0
2026-01-19 18:30:00,1768847400000,0.369,0.3701,0.3684,0.3694,754995.0
2026-01-19 18:45:00,1768848300000,0.3694,0.3694,0.3683,0.3689,650817.0
2026-01-19 19:00:00,1768849200000,0.3689,0.3704,0.3689,0.3702,1196371.0
2026-01-19 19:15:00,1768850100000,0.3702,0.3728,0.3701,0.3711,3568845.0
2026-01-19 19:30:00,1768851000000,0.3711,0.3719,0.3707,0.3712,1699105.0
2026-01-19 19:45:00,1768851900000,0.3712,0.3715,0.3701,0.3708,903262.0
2026-01-19 20:00:00,1768852800000,0.3708,0.3715,0.3706,0.3708,867878.0
2026-01-19 20:15:00,1768853700000,0.3708,0.3723,0.3706,0.3722,1685201.0
2026-01-19 20:30:00,1768854600000,0.3722,0.3723,0.3711,0.3717,588698.0
2026-01-19 20:45:00,1768855500000,0.3717,0.372,0.3708,0.3712,505120.0
2026-01-19 21:00:00,1768856400000,0.3712,0.372,0.3704,0.3707,1742538.0
2026-01-19 21:15:00,1768857300000,0.3707,0.3708,0.3699,0.3702,1423971.0
2026-01-19 21:30:00,1768858200000,0.3702,0.3705,0.3693,0.3701,1992144.0
2026-01-19 21:45:00,1768859100000,0.3701,0.3706,0.3696,0.3699,930636.0
2026-01-19 22:00:00,1768860000000,0.3699,0.3708,0.3677,0.3687,4439998.0
2026-01-19 22:15:00,1768860900000,0.3687,0.3702,0.3686,0.3693,2088888.0
2026-01-19 22:30:00,1768861800000,0.3693,0.3693,0.3669,0.3675,3258257.0
2026-01-19 22:45:00,1768862700000,0.3675,0.3684,0.3668,0.3668,1165439.0
2026-01-19 23:00:00,1768863600000,0.3668,0.3697,0.3668,0.3688,3706838.0
2026-01-19 23:15:00,1768864500000,0.3688,0.3701,0.3677,0.3694,1568663.0
2026-01-19 23:30:00,1768865400000,0.3694,0.3711,0.3692,0.3708,1596343.0
2026-01-19 23:45:00,1768866300000,0.3708,0.3708,0.3698,0.37,725584.0
2026-01-20 00:00:00,1768867200000,0.37,0.3702,0.3691,0.3696,1724864.0
2026-01-20 00:15:00,1768868100000,0.3696,0.3698,0.3684,0.3689,980485.0
2026-01-20 00:30:00,1768869000000,0.3689,0.3696,0.3685,0.3692,1302664.0
2026-01-20 00:45:00,1768869900000,0.3692,0.3695,0.3677,0.3681,547518.0
2026-01-20 01:00:00,1768870800000,0.3681,0.3687,0.367,0.3684,1640195.0
2026-01-20 01:15:00,1768871700000,0.3684,0.3704,0.368,0.3701,1411820.0
2026-01-20 01:30:00,1768872600000,0.3701,0.3702,0.3679,0.3682,585320.0
2026-01-20 01:45:00,1768873500000,0.3682,0.3693,0.368,0.3686,1414138.0
2026-01-20 02:00:00,1768874400000,0.3686,0.3687,0.366,0.3667,4115853.0
2026-01-20 02:15:00,1768875300000,0.3667,0.3672,0.3656,0.3664,1453714.0
2026-01-20 02:30:00,1768876200000,0.3664,0.3682,0.3663,0.3679,2456366.0
2026-01-20 02:45:00,1768877100000,0.3679,0.3687,0.3674,0.3677,2820809.0
2026-01-20 03:00:00,1768878000000,0.3677,0.368,0.3666,0.3669,793435.0
2026-01-20 03:15:00,1768878900000,0.3669,0.3671,0.3661,0.3664,1038825.0
2026-01-20 03:30:00,1768879800000,0.3664,0.3668,0.3652,0.3668,2637573.0
2026-01-20 03:45:00,1768880700000,0.3668,0.3673,0.3661,0.3662,1515309.0
2026-01-20 04:00:00,1768881600000,0.3662,0.3671,0.366,0.3665,1038466.0
2026-01-20 04:15:00,1768882500000,0.3665,0.3666,0.3659,0.3666,936194.0
2026-01-20 04:30:00,1768883400000,0.3666,0.3673,0.3654,0.3662,852252.0
2026-01-20 04:45:00,1768884300000,0.3662,0.3673,0.365,0.3655,2889039.0
2026-01-20 05:00:00,1768885200000,0.3655,0.3679,0.3631,0.3655,10393373.0
2026-01-20 05:15:00,1768886100000,0.3655,0.3666,0.3646,0.3665,5698693.0
2026-01-20 05:30:00,1768887000000,0.3665,0.3676,0.3661,0.3669,2244880.0
2026-01-20 05:45:00,1768887900000,0.3669,0.3686,0.3668,0.3675,2500938.0
2026-01-20 06:00:00,1768888800000,0.3675,0.3675,0.3663,0.3666,1218196.0
2026-01-20 06:15:00,1768889700000,0.3666,0.3673,0.3633,0.367,7654166.0
2026-01-20 06:30:00,1768890600000,0.367,0.3673,0.3646,0.3667,5442299.0
2026-01-20 06:45:00,1768891500000,0.3667,0.367,0.3656,0.3663,2859681.0
2026-01-20 07:00:00,1768892400000,0.3663,0.3678,0.3656,0.3677,1840184.0
2026-01-20 07:15:00,1768893300000,0.3677,0.3677,0.3664,0.3671,2229536.0
2026-01-20 07:30:00,1768894200000,0.3671,0.3674,0.3665,0.3668,2382738.0
2026-01-20 07:45:00,1768895100000,0.3668,0.3668,0.3655,0.3656,2457218.0
2026-01-20 08:00:00,1768896000000,0.3656,0.3664,0.3622,0.3638,9573983.0
2026-01-20 08:15:00,1768896900000,0.3638,0.3646,0.363,0.3638,4250733.0
2026-01-20 08:30:00,1768897800000,0.3638,0.3638,0.3574,0.3581,18204402.0
2026-01-20 08:45:00,1768898700000,0.3581,0.3605,0.3572,0.3605,8464364.0
2026-01-20 09:00:00,1768899600000,0.3605,0.3605,0.3593,0.3594,2725625.0
2026-01-20 09:15:00,1768900500000,0.3594,0.3595,0.3582,0.3586,2379401.0
2026-01-20 09:30:00,1768901400000,0.3586,0.359,0.3577,0.3578,1300399.0
2026-01-20 09:45:00,1768902300000,0.3578,0.3589,0.3577,0.3587,1181437.0
2026-01-20 10:00:00,1768903200000,0.3587,0.3613,0.3583,0.3612,4186868.0
2026-01-20 10:15:00,1768904100000,0.3612,0.3612,0.3597,0.3606,3069912.0
2026-01-20 10:30:00,1768905000000,0.3606,0.3609,0.3598,0.3602,954355.0
2026-01-20 10:45:00,1768905900000,0.3602,0.3604,0.3597,0.3599,951655.0
2026-01-20 11:00:00,1768906800000,0.3599,0.3608,0.3598,0.36,1180663.0
2026-01-20 11:15:00,1768907700000,0.36,0.36,0.359,0.3599,1648089.0
2026-01-20 11:30:00,1768908600000,0.3599,0.3599,0.3578,0.3583,1939535.0
2026-01-20 11:45:00,1768909500000,0.3583,0.3583,0.3574,0.3575,1411475.0
2026-01-20 12:00:00,1768910400000,0.3575,0.3593,0.3573,0.3591,2822796.0
2026-01-20 12:15:00,1768911300000,0.3591,0.36,0.3579,0.3588,2912490.0
2026-01-20 12:30:00,1768912200000,0.3588,0.3591,0.3578,0.3588,2236090.0
2026-01-20 12:45:00,1768913100000,0.3588,0.3594,0.3587,0.3589,670977.0
2026-01-20 13:00:00,1768914000000,0.3589,0.3589,0.3558,0.3562,3955355.0
2026-01-20 13:15:00,1768914900000,0.3562,0.3576,0.3557,0.3573,3664028.0
2026-01-20 13:30:00,1768915800000,0.3573,0.3598,0.3563,0.3591,5882163.0
2026-01-20 13:45:00,1768916700000,0.3591,0.3592,0.3565,0.357,3724517.0
2026-01-20 14:00:00,1768917600000,0.357,0.3599,0.3568,0.3596,3076150.0
2026-01-20 14:15:00,1768918500000,0.3596,0.3597,0.3569,0.3576,7436852.0
2026-01-20 14:30:00,1768919400000,0.3576,0.3639,0.3567,0.3621,11280716.0
2026-01-20 14:45:00,1768920300000,0.3621,0.3621,0.3588,0.3604,8037357.0
2026-01-20 15:00:00,1768921200000,0.3604,0.361,0.3565,0.3597,11476831.0
2026-01-20 15:15:00,1768922100000,0.3597,0.361,0.358,0.3598,7508146.0
2026-01-20 15:30:00,1768923000000,0.3598,0.3599,0.3579,0.3585,3632738.0
2026-01-20 15:45:00,1768923900000,0.3585,0.3591,0.3571,0.3591,2437328.0
2026-01-20 16:00:00,1768924800000,0.3591,0.3601,0.3572,0.3585,4249581.0
2026-01-20 16:15:00,1768925700000,0.3585,0.3597,0.3555,0.356,4890881.0
2026-01-20 16:30:00,1768926600000,0.356,0.3567,0.3527,0.3532,10735983.0
2026-01-20 16:45:00,1768927500000,0.3532,0.3552,0.3522,0.3541,4487039.0
2026-01-20 17:00:00,1768928400000,0.3541,0.3564,0.3533,0.3553,3200875.0
2026-01-20 17:15:00,1768929300000,0.3553,0.3557,0.3525,0.3527,3442258.0
2026-01-20 17:30:00,1768930200000,0.3527,0.353,0.3507,0.3514,6896018.0
2026-01-20 17:45:00,1768931100000,0.3514,0.3521,0.3495,0.3516,6898546.0
2026-01-20 18:00:00,1768932000000,0.3516,0.3529,0.3516,0.3524,3036392.0
2026-01-20 18:15:00,1768932900000,0.3524,0.3526,0.3507,0.3513,1885280.0
2026-01-20 18:30:00,1768933800000,0.3513,0.3517,0.3501,0.3508,2338670.0
2026-01-20 18:45:00,1768934700000,0.3508,0.3514,0.35,0.3512,1234142.0
2026-01-20 19:00:00,1768935600000,0.3512,0.353,0.3504,0.3515,2030199.0
2026-01-20 19:15:00,1768936500000,0.3515,0.352,0.3507,0.3511,3336908.0
2026-01-20 19:30:00,1768937400000,0.3511,0.3517,0.3499,0.351,1754986.0
2026-01-20 19:45:00,1768938300000,0.351,0.3523,0.3507,0.3521,788356.0
2026-01-20 20:00:00,1768939200000,0.3521,0.3522,0.3506,0.3516,2321385.0
2026-01-20 20:15:00,1768940100000,0.3516,0.3541,0.3516,0.3537,2875277.0
2026-01-20 20:30:00,1768941000000,0.3537,0.354,0.3524,0.3526,777892.0
2026-01-20 20:45:00,1768941900000,0.3526,0.3537,0.3525,0.3535,1723262.0
2026-01-20 21:00:00,1768942800000,0.3535,0.3537,0.3529,0.353,1574919.0
2026-01-20 21:15:00,1768943700000,0.353,0.353,0.3511,0.352,1591378.0
2026-01-20 21:30:00,1768944600000,0.352,0.3521,0.3508,0.3519,925534.0
2026-01-20 21:45:00,1768945500000,0.3519,0.3522,0.351,0.3519,506220.0
2026-01-20 22:00:00,1768946400000,0.3519,0.3523,0.3514,0.3519,1172790.0
2026-01-20 22:15:00,1768947300000,0.3519,0.3527,0.3511,0.3517,1324235.0
2026-01-20 22:30:00,1768948200000,0.3517,0.3522,0.3462,0.3508,15093883.0
2026-01-20 22:45:00,1768949100000,0.3508,0.3513,0.3495,0.3507,1721835.0
2026-01-20 23:00:00,1768950000000,0.3507,0.3511,0.3489,0.3507,2561495.0
2026-01-20 23:15:00,1768950900000,0.3507,0.3516,0.3497,0.3504,4310411.0
2026-01-20 23:30:00,1768951800000,0.3504,0.3515,0.3504,0.3514,1991933.0
2026-01-20 23:45:00,1768952700000,0.3514,0.3521,0.3502,0.3505,1454114.0
2026-01-21 00:00:00,1768953600000,0.3505,0.3523,0.3504,0.3511,1945146.0
2026-01-21 00:15:00,1768954500000,0.3511,0.3528,0.3501,0.3526,1945603.0
2026-01-21 00:30:00,1768955400000,0.3526,0.3561,0.3524,0.3555,5784839.0
2026-01-21 00:45:00,1768956300000,0.3555,0.357,0.3552,0.3569,3127934.0
2026-01-21 01:00:00,1768957200000,0.3569,0.3595,0.3566,0.3591,4548757.0
2026-01-21 01:15:00,1768958100000,0.3591,0.3594,0.357,0.3581,3669730.0
2026-01-21 01:30:00,1768959000000,0.3581,0.359,0.3571,0.3576,2222021.0
2026-01-21 01:45:00,1768959900000,0.3576,0.3588,0.3568,0.3576,1144482.0
2026-01-21 02:00:00,1768960800000,0.3576,0.3608,0.3576,0.3602,3388910.0
2026-01-21 02:15:00,1768961700000,0.3602,0.3605,0.3586,0.3588,1053476.0
2026-01-21 02:30:00,1768962600000,0.3588,0.359,0.3578,0.3585,804898.0
2026-01-21 02:45:00,1768963500000,0.3585,0.3591,0.3575,0.3578,691121.0
2026-01-21 03:00:00,1768964400000,0.3578,0.3589,0.3576,0.3589,820936.0
2026-01-21 03:15:00,1768965300000,0.3589,0.3595,0.3583,0.3595,902611.0
2026-01-21 03:30:00,1768966200000,0.3595,0.3601,0.3587,0.3592,1187801.0
2026-01-21 03:45:00,1768967100000,0.3592,0.3593,0.3578,0.358,512073.0
2026-01-21 04:00:00,1768968000000,0.358,0.3584,0.3574,0.3575,791998.0
2026-01-21 04:15:00,1768968900000,0.3575,0.3589,0.3575,0.3588,850698.0
2026-01-21 04:30:00,1768969800000,0.3588,0.3591,0.3582,0.359,1135016.0
2026-01-21 04:45:00,1768970700000,0.359,0.359,0.3584,0.3587,416234.0
2026-01-21 05:00:00,1768971600000,0.3587,0.3599,0.3584,0.3598,760813.0
2026-01-21 05:15:00,1768972500000,0.3598,0.36,0.3587,0.3589,747733.0
2026-01-21 05:30:00,1768973400000,0.3589,0.3603,0.3589,0.3602,786696.0
2026-01-21 05:45:00,1768974300000,0.3602,0.3622,0.3598,0.3611,3009874.0
2026-01-21 06:00:00,1768975200000,0.3611,0.3612,0.3602,0.3607,849982.0
2026-01-21 06:15:00,1768976100000,0.3607,0.361,0.36,0.3605,484165.0
2026-01-21 06:30:00,1768977000000,0.3605,0.3605,0.3596,0.3598,591780.0
2026-01-21 06:45:00,1768977900000,0.3598,0.3599,0.3584,0.3587,1680301.0
2026-01-21 07:00:00,1768978800000,0.3587,0.3595,0.3581,0.3586,1133918.0
2026-01-21 07:15:00,1768979700000,0.3586,0.3631,0.3586,0.3614,6654193.0
2026-01-21 07:30:00,1768980600000,0.3614,0.3615,0.3582,0.3592,4823082.0
2026-01-21 07:45:00,1768981500000,0.3592,0.3597,0.3589,0.3596,1106497.0
2026-01-21 08:00:00,1768982400000,0.3596,0.3596,0.3585,0.3585,1289142.0
2026-01-21 08:15:00,1768983300000,0.3585,0.3594,0.3585,0.3588,1273257.0
2026-01-21 08:30:00,1768984200000,0.3588,0.359,0.3564,0.357,4598858.0
2026-01-21 08:45:00,1768985100000,0.357,0.3587,0.3569,0.3582,1249543.0
2026-01-21 09:00:00,1768986000000,0.3582,0.3585,0.3573,0.3576,1662402.0
2026-01-21 09:15:00,1768986900000,0.3576,0.3587,0.3575,0.3584,806993.0
2026-01-21 09:30:00,1768987800000,0.3584,0.3589,0.358,0.3586,873973.0
2026-01-21 09:45:00,1768988700000,0.3586,0.3589,0.3573,0.3579,962922.0
2026-01-21 10:00:00,1768989600000,0.3579,0.3595,0.3574,0.3584,1530425.0
2026-01-21 10:15:00,1768990500000,0.3584,0.3586,0.3576,0.3578,290189.0
2026-01-21 10:30:00,1768991400000,0.3578,0.3582,0.3574,0.3577,255171.0
2026-01-21 10:45:00,1768992300000,0.3577,0.3582,0.3568,0.3568,637722.0
2026-01-21 11:00:00,1768993200000,0.3568,0.3573,0.3559,0.3572,1347997.0
2026-01-21 11:15:00,1768994100000,0.3572,0.3577,0.3568,0.3575,897268.0
2026-01-21 11:30:00,1768995000000,0.3575,0.3577,0.3569,0.3571,525436.0
2026-01-21 11:45:00,1768995900000,0.3571,0.3575,0.354,0.3546,4061154.0
2026-01-21 12:00:00,1768996800000,0.3546,0.3551,0.3504,0.3517,8337723.0
2026-01-21 12:15:00,1768997700000,0.3517,0.3522,0.3499,0.3505,3536065.0
2026-01-21 12:30:00,1768998600000,0.3505,0.3532,0.3499,0.353,3269863.0
2026-01-21 12:45:00,1768999500000,0.353,0.3547,0.3527,0.3545,1689246.0
2026-01-21 13:00:00,1769000400000,0.3545,0.3569,0.3542,0.3566,2805588.0
2026-01-21 13:15:00,1769001300000,0.3566,0.3569,0.3542,0.3544,4509168.0
2026-01-21 13:30:00,1769002200000,0.3544,0.3552,0.353,0.3531,2655697.0
2026-01-21 13:45:00,1769003100000,0.3531,0.354,0.3519,0.3526,5051841.0
2026-01-21 14:00:00,1769004000000,0.3526,0.3606,0.3518,0.3599,15201267.0
2026-01-21 14:15:00,1769004900000,0.3599,0.3617,0.3582,0.3595,11776925.0
2026-01-21 14:30:00,1769005800000,0.3595,0.3625,0.3591,0.3604,8548321.0
2026-01-21 14:45:00,1769006700000,0.3604,0.3624,0.359,0.3616,3007613.0
2026-01-21 15:00:00,1769007600000,0.3616,0.3621,0.3599,0.3613,3693749.0
2026-01-21 15:15:00,1769008500000,0.3613,0.3639,0.3595,0.3596,6796639.0
2026-01-21 15:30:00,1769009400000,0.3596,0.3606,0.358,0.3602,5025312.0
2026-01-21 15:45:00,1769010300000,0.3602,0.3626,0.3594,0.3622,2738274.0
2026-01-21 16:00:00,1769011200000,0.3622,0.3626,0.3595,0.3595,2253674.0
2026-01-21 16:15:00,1769012100000,0.3595,0.3596,0.3555,0.3575,4199860.0
2026-01-21 16:30:00,1769013000000,0.3575,0.3576,0.3482,0.3483,12769457.0
2026-01-21 16:45:00,1769013900000,0.3483,0.3527,0.3469,0.3474,13068691.0
2026-01-21 17:00:00,1769014800000,0.3474,0.3515,0.3466,0.347,9495354.0
2026-01-21 17:15:00,1769015700000,0.347,0.3501,0.3463,0.3493,6061253.0
2026-01-21 17:30:00,1769016600000,0.3493,0.3508,0.3468,0.3494,5677593.0
2026-01-21 17:45:00,1769017500000,0.3494,0.3509,0.349,0.3506,3530459.0
2026-01-21 18:00:00,1769018400000,0.3506,0.3526,0.3489,0.3515,2987738.0
2026-01-21 18:15:00,1769019300000,0.3515,0.3521,0.3498,0.3505,2084957.0
2026-01-21 18:30:00,1769020200000,0.3505,0.3519,0.3501,0.3511,1799875.0
2026-01-21 18:45:00,1769021100000,0.3511,0.3547,0.3507,0.3535,2353786.0
2026-01-21 19:00:00,1769022000000,0.3535,0.3547,0.3519,0.3527,3254122.0
2026-01-21 19:15:00,1769022900000,0.3527,0.361,0.3523,0.3608,10607667.0
2026-01-21 19:30:00,1769023800000,0.3608,0.3664,0.3599,0.3653,17263678.0
2026-01-21 19:45:00,1769024700000,0.3653,0.3675,0.3641,0.3672,10525488.0
2026-01-21 20:00:00,1769025600000,0.3672,0.3681,0.3644,0.3648,4446086.0
2026-01-21 20:15:00,1769026500000,0.3648,0.3653,0.3622,0.3632,4297387.0
2026-01-21 20:30:00,1769027400000,0.3632,0.3648,0.3624,0.3635,3093586.0
2026-01-21 20:45:00,1769028300000,0.3635,0.3667,0.3635,0.3667,2336620.0
2026-01-21 21:00:00,1769029200000,0.3667,0.3688,0.3657,0.3672,3255837.0
2026-01-21 21:15:00,1769030100000,0.3672,0.37,0.3667,0.3673,3120052.0
2026-01-21 21:30:00,1769031000000,0.3673,0.369,0.3673,0.3688,1689623.0
2026-01-21 21:45:00,1769031900000,0.3688,0.3694,0.3679,0.369,2039392.0
2026-01-21 22:00:00,1769032800000,0.369,0.3739,0.3689,0.3715,5276632.0
2026-01-21 22:15:00,1769033700000,0.3715,0.3717,0.3692,0.3692,3690487.0
2026-01-21 22:30:00,1769034600000,0.3692,0.3694,0.3676,0.3683,3004212.0
2026-01-21 22:45:00,1769035500000,0.3683,0.3694,0.3678,0.3683,1522723.0
2026-01-21 23:00:00,1769036400000,0.3683,0.3695,0.3673,0.3692,3029734.0
2026-01-21 23:15:00,1769037300000,0.3692,0.3693,0.3671,0.3686,1790010.0
2026-01-21 23:30:00,1769038200000,0.3686,0.3686,0.3657,0.3657,3791310.0
2026-01-21 23:45:00,1769039100000,0.3657,0.3666,0.3647,0.3658,3210751.0
2026-01-22 00:00:00,1769040000000,0.3658,0.367,0.3656,0.3667,1870122.0
2026-01-22 00:15:00,1769040900000,0.3667,0.3676,0.3662,0.3665,1888488.0
2026-01-22 00:30:00,1769041800000,0.3665,0.368,0.3663,0.3675,1268639.0
2026-01-22 00:45:00,1769042700000,0.3675,0.3683,0.3669,0.367,887647.0
2026-01-22 01:00:00,1769043600000,0.367,0.3685,0.3663,0.3676,1443329.0
2026-01-22 01:15:00,1769044500000,0.3676,0.3689,0.3671,0.3676,2009626.0
2026-01-22 01:30:00,1769045400000,0.3676,0.3678,0.3663,0.3665,887157.0
2026-01-22 01:45:00,1769046300000,0.3665,0.3679,0.3661,0.3675,592393.0
2026-01-22 02:00:00,1769047200000,0.3675,0.3683,0.3668,0.3673,2156132.0
2026-01-22 02:15:00,1769048100000,0.3673,0.3677,0.367,0.3674,725705.0
2026-01-22 02:30:00,1769049000000,0.3674,0.3674,0.3656,0.3662,1039336.0
2026-01-22 02:45:00,1769049900000,0.3662,0.3664,0.3646,0.365,1113120.0
2026-01-22 03:00:00,1769050800000,0.365,0.3667,0.365,0.3664,836544.0
2026-01-22 03:15:00,1769051700000,0.3664,0.3664,0.3647,0.3651,1256510.0
2026-01-22 03:30:00,1769052600000,0.3651,0.3651,0.3631,0.3643,1810799.0
2026-01-22 03:45:00,1769053500000,0.3643,0.3647,0.3634,0.3638,1971853.0
2026-01-22 04:00:00,1769054400000,0.3638,0.3655,0.3636,0.365,1054751.0
2026-01-22 04:15:00,1769055300000,0.365,0.3655,0.3642,0.3648,1722396.0
2026-01-22 04:30:00,1769056200000,0.3648,0.3656,0.3636,0.3655,3561329.0
2026-01-22 04:45:00,1769057100000,0.3655,0.3661,0.3653,0.3657,1303318.0
2026-01-22 05:00:00,1769058000000,0.3657,0.3671,0.3657,0.3664,2073297.0
2026-01-22 05:15:00,1769058900000,0.3664,0.3667,0.3656,0.3657,1763241.0
2026-01-22 05:30:00,1769059800000,0.3657,0.3665,0.3656,0.3659,877327.0
2026-01-22 05:45:00,1769060700000,0.3659,0.3663,0.3647,0.3652,864293.0
2026-01-22 06:00:00,1769061600000,0.3652,0.3656,0.3642,0.3654,1788194.0
2026-01-22 06:15:00,1769062500000,0.3654,0.3662,0.3639,0.3644,2243459.0
2026-01-22 06:30:00,1769063400000,0.3644,0.366,0.3643,0.3654,1130835.0
2026-01-22 06:45:00,1769064300000,0.3654,0.3662,0.3653,0.3655,1070470.0
2026-01-22 07:00:00,1769065200000,0.3655,0.3657,0.3644,0.3645,1448373.0
2026-01-22 07:15:00,1769066100000,0.3645,0.3648,0.3635,0.3644,2757480.0
2026-01-22 07:30:00,1769067000000,0.3644,0.3648,0.3636,0.3643,1155839.0
2026-01-22 07:45:00,1769067900000,0.3643,0.3644,0.3632,0.3634,720382.0
2026-01-22 08:00:00,1769068800000,0.3634,0.3651,0.3632,0.3634,1591385.0
2026-01-22 08:15:00,1769069700000,0.3634,0.3647,0.3625,0.3633,6826153.0
2026-01-22 08:30:00,1769070600000,0.3633,0.3635,0.3624,0.3627,1863544.0
2026-01-22 08:45:00,1769071500000,0.3627,0.3646,0.3625,0.3645,1042034.0
2026-01-22 09:00:00,1769072400000,0.3645,0.3656,0.3638,0.3654,838359.0
2026-01-22 09:15:00,1769073300000,0.3654,0.366,0.3647,0.3651,1368774.0
2026-01-22 09:30:00,1769074200000,0.3651,0.3661,0.3651,0.3658,1061008.0
2026-01-22 09:45:00,1769075100000,0.3658,0.366,0.365,0.3654,701717.0
2026-01-22 10:00:00,1769076000000,0.3654,0.3656,0.3648,0.3648,1085354.0
2026-01-22 10:15:00,1769076900000,0.3648,0.3653,0.3646,0.365,1826498.0
2026-01-22 10:30:00,1769077800000,0.365,0.3654,0.3645,0.3653,973257.0
2026-01-22 10:45:00,1769078700000,0.3653,0.3658,0.3649,0.3654,666791.0
2026-01-22 11:00:00,1769079600000,0.3654,0.3654,0.3638,0.364,1027211.0
2026-01-22 11:15:00,1769080500000,0.364,0.3645,0.363,0.3636,1419270.0
2026-01-22 11:30:00,1769081400000,0.3636,0.3641,0.3633,0.3637,1360685.0
2026-01-22 11:45:00,1769082300000,0.3637,0.3639,0.3632,0.3634,936794.0
2026-01-22 12:00:00,1769083200000,0.3634,0.3637,0.3629,0.3634,1859867.0
2026-01-22 12:15:00,1769084100000,0.3634,0.364,0.3631,0.3638,936605.0
2026-01-22 12:30:00,1769085000000,0.3638,0.3641,0.3631,0.3633,571108.0
2026-01-22 12:45:00,1769085900000,0.3633,0.3637,0.363,0.3631,609467.0
2026-01-22 13:00:00,1769086800000,0.3631,0.3634,0.3627,0.3631,1304950.0
2026-01-22 13:15:00,1769087700000,0.3631,0.3652,0.3631,0.3651,2586335.0
2026-01-22 13:30:00,1769088600000,0.3651,0.366,0.3617,0.3618,8303508.0
2026-01-22 13:45:00,1769089500000,0.3618,0.3626,0.3607,0.3619,5029021.0
2026-01-22 14:00:00,1769090400000,0.3619,0.3629,0.361,0.3626,2174395.0
2026-01-22 14:15:00,1769091300000,0.3626,0.3626,0.3597,0.3602,4821759.0
2026-01-22 14:30:00,1769092200000,0.3602,0.3615,0.3581,0.3595,12228810.0
2026-01-22 14:45:00,1769093100000,0.3595,0.3596,0.3567,0.3578,7825376.0
2026-01-22 15:00:00,1769094000000,0.3578,0.3596,0.3574,0.359,5020035.0
2026-01-22 15:15:00,1769094900000,0.359,0.3598,0.3554,0.3558,8195073.0
2026-01-22 15:30:00,1769095800000,0.3558,0.3585,0.3552,0.3584,5540869.0
2026-01-22 15:45:00,1769096700000,0.3584,0.3603,0.3577,0.3582,4594423.0
2026-01-22 16:00:00,1769097600000,0.3582,0.3604,0.3581,0.3595,4014990.0
2026-01-22 16:15:00,1769098500000,0.3595,0.3613,0.358,0.3605,3355031.0
2026-01-22 16:30:00,1769099400000,0.3605,0.3613,0.3597,0.3607,2128526.0
2026-01-22 16:45:00,1769100300000,0.3607,0.3627,0.3607,0.3615,1486774.0
2026-01-22 17:00:00,1769101200000,0.3615,0.3631,0.3615,0.362,4181450.0
2026-01-22 17:15:00,1769102100000,0.362,0.3625,0.3597,0.3601,3426732.0
2026-01-22 17:30:00,1769103000000,0.3601,0.3608,0.3597,0.3604,1202054.0
2026-01-22 17:45:00,1769103900000,0.3604,0.3627,0.3604,0.362,2491990.0
2026-01-22 18:00:00,1769104800000,0.362,0.3622,0.3604,0.3608,3329849.0
2026-01-22 18:15:00,1769105700000,0.3608,0.3623,0.3607,0.3612,1796586.0
2026-01-22 18:30:00,1769106600000,0.3612,0.3624,0.3608,0.3609,1323514.0
2026-01-22 18:45:00,1769107500000,0.3609,0.3612,0.3592,0.3593,2051198.0
2026-01-22 19:00:00,1769108400000,0.3593,0.36,0.3582,0.3597,1808009.0
2026-01-22 19:15:00,1769109300000,0.3597,0.3604,0.359,0.3599,937943.0
2026-01-22 19:30:00,1769110200000,0.3599,0.362,0.3599,0.3613,1880258.0
2026-01-22 19:45:00,1769111100000,0.3613,0.3619,0.3603,0.3612,1775878.0
2026-01-22 20:00:00,1769112000000,0.3612,0.3614,0.3603,0.3613,1137956.0
2026-01-22 20:15:00,1769112900000,0.3613,0.3618,0.3591,0.3599,1274856.0
2026-01-22 20:30:00,1769113800000,0.3599,0.3604,0.3587,0.3591,1704737.0
2026-01-22 20:45:00,1769114700000,0.3591,0.3601,0.359,0.3598,878763.0
2026-01-22 21:00:00,1769115600000,0.3598,0.3605,0.3593,0.3599,1352735.0
2026-01-22 21:15:00,1769116500000,0.3599,0.3609,0.3597,0.3603,1150245.0
2026-01-22 21:30:00,1769117400000,0.3603,0.3605,0.3593,0.3595,1174041.0
2026-01-22 21:45:00,1769118300000,0.3595,0.3597,0.3589,0.359,1205194.0
2026-01-22 22:00:00,1769119200000,0.359,0.3604,0.3585,0.3598,1448096.0
2026-01-22 22:15:00,1769120100000,0.3598,0.36,0.3588,0.3593,543255.0
2026-01-22 22:30:00,1769121000000,0.3593,0.3594,0.3585,0.3593,773154.0
2026-01-22 22:45:00,1769121900000,0.3593,0.36,0.3591,0.3594,1244092.0
2026-01-22 23:00:00,1769122800000,0.3594,0.3594,0.3574,0.3589,1945950.0
2026-01-22 23:15:00,1769123700000,0.3589,0.3594,0.3584,0.3589,1680722.0
2026-01-22 23:30:00,1769124600000,0.3589,0.3597,0.3585,0.3588,628487.0
2026-01-22 23:45:00,1769125500000,0.3588,0.3592,0.3586,0.3591,399574.0
2026-01-23 00:00:00,1769126400000,0.3591,0.3597,0.3587,0.3596,1041350.0
2026-01-23 00:15:00,1769127300000,0.3596,0.36,0.3591,0.3592,912616.0
2026-01-23 00:30:00,1769128200000,0.3592,0.3592,0.3582,0.3587,679181.0
2026-01-23 00:45:00,1769129100000,0.3587,0.3597,0.3587,0.3591,784807.0
2026-01-23 01:00:00,1769130000000,0.3591,0.36,0.3588,0.359,1140477.0
2026-01-23 01:15:00,1769130900000,0.359,0.3597,0.3589,0.3596,785015.0
2026-01-23 01:30:00,1769131800000,0.3596,0.3605,0.359,0.3602,3439238.0
2026-01-23 01:45:00,1769132700000,0.3602,0.3613,0.3599,0.3611,1319575.0
2026-01-23 02:00:00,1769133600000,0.3611,0.3613,0.3601,0.3605,2841043.0
2026-01-23 02:15:00,1769134500000,0.3605,0.3605,0.3596,0.3599,1112953.0
2026-01-23 02:30:00,1769135400000,0.3599,0.3604,0.3597,0.3597,734696.0
2026-01-23 02:45:00,1769136300000,0.3597,0.3601,0.359,0.3592,1004819.0
2026-01-23 03:00:00,1769137200000,0.3592,0.3608,0.3591,0.3607,1332840.0
2026-01-23 03:15:00,1769138100000,0.3607,0.363,0.3606,0.3626,5977521.0
2026-01-23 03:30:00,1769139000000,0.3626,0.3631,0.3617,0.3623,1561754.0
2026-01-23 03:45:00,1769139900000,0.3623,0.3624,0.3614,0.3617,1011060.0
2026-01-23 04:00:00,1769140800000,0.3617,0.3633,0.3613,0.3631,1850553.0
2026-01-23 04:15:00,1769141700000,0.3631,0.3641,0.3623,0.3635,4867308.0
2026-01-23 04:30:00,1769142600000,0.3635,0.3642,0.3629,0.364,3429289.0
2026-01-23 04:45:00,1769143500000,0.364,0.365,0.3639,0.3643,3111777.0
2026-01-23 05:00:00,1769144400000,0.3643,0.3643,0.3633,0.3633,1629514.0
2026-01-23 05:15:00,1769145300000,0.3633,0.3634,0.3614,0.3618,3176718.0
2026-01-23 05:30:00,1769146200000,0.3618,0.362,0.3612,0.3612,1678735.0
2026-01-23 05:45:00,1769147100000,0.3612,0.3613,0.3598,0.3604,2699925.0
2026-01-23 06:00:00,1769148000000,0.3604,0.3625,0.3597,0.3621,12107853.0
2026-01-23 06:15:00,1769148900000,0.3621,0.3625,0.3588,0.3597,4565708.0
2026-01-23 06:30:00,1769149800000,0.3597,0.3619,0.3596,0.3614,2599202.0
2026-01-23 06:45:00,1769150700000,0.3614,0.3616,0.3598,0.3601,1373529.0
2026-01-23 07:00:00,1769151600000,0.3601,0.3605,0.3593,0.3599,976774.0
2026-01-23 07:15:00,1769152500000,0.3599,0.3609,0.3597,0.3605,1191008.0
2026-01-23 07:30:00,1769153400000,0.3605,0.3611,0.3604,0.361,1141024.0
2026-01-23 07:45:00,1769154300000,0.361,0.3614,0.3599,0.3611,665537.0
2026-01-23 08:00:00,1769155200000,0.3611,0.3614,0.3603,0.361,1110457.0
2026-01-23 08:15:00,1769156100000,0.361,0.3614,0.3601,0.3607,2313786.0
2026-01-23 08:30:00,1769157000000,0.3607,0.3611,0.3587,0.3597,1981083.0
2026-01-23 08:45:00,1769157900000,0.3597,0.3604,0.358,0.3589,1298716.0
2026-01-23 09:00:00,1769158800000,0.3589,0.3605,0.3589,0.36,928536.0
2026-01-23 09:15:00,1769159700000,0.36,0.3601,0.3584,0.3588,1555308.0
2026-01-23 09:30:00,1769160600000,0.3588,0.3593,0.3574,0.3588,1505398.0
2026-01-23 09:45:00,1769161500000,0.3588,0.359,0.3581,0.3586,5527349.0
2026-01-23 10:00:00,1769162400000,0.3586,0.3597,0.3578,0.3595,1062448.0
2026-01-23 10:15:00,1769163300000,0.3595,0.3598,0.3587,0.3588,1433509.0
2026-01-23 10:30:00,1769164200000,0.3588,0.3594,0.358,0.3592,1271831.0
2026-01-23 10:45:00,1769165100000,0.3592,0.3596,0.3588,0.3588,1000950.0
2026-01-23 11:00:00,1769166000000,0.3588,0.3606,0.3586,0.3606,1665450.0
2026-01-23 11:15:00,1769166900000,0.3606,0.3607,0.3599,0.3601,779401.0
2026-01-23 11:30:00,1769167800000,0.3601,0.3607,0.3599,0.36,589786.0
2026-01-23 11:45:00,1769168700000,0.36,0.3604,0.3596,0.36,524881.0
2026-01-23 12:00:00,1769169600000,0.36,0.3601,0.3592,0.3592,817050.0
2026-01-23 12:15:00,1769170500000,0.3592,0.3595,0.3588,0.359,375576.0
2026-01-23 12:30:00,1769171400000,0.359,0.3595,0.3583,0.3594,2333305.0
2026-01-23 12:45:00,1769172300000,0.3594,0.3605,0.3592,0.3599,1052088.0
2026-01-23 13:00:00,1769173200000,0.3599,0.3599,0.3596,0.3598,497570.0
2026-01-23 13:15:00,1769174100000,0.3598,0.3603,0.3595,0.3595,1348569.0
2026-01-23 13:30:00,1769175000000,0.3595,0.3603,0.3587,0.3596,1777366.0
2026-01-23 13:45:00,1769175900000,0.3596,0.36,0.3586,0.3588,730518.0
2026-01-23 14:00:00,1769176800000,0.3588,0.359,0.3578,0.3579,4119301.0
2026-01-23 14:15:00,1769177700000,0.3579,0.3581,0.3567,0.3576,7245447.0
2026-01-23 14:30:00,1769178600000,0.3576,0.3578,0.3528,0.3543,15468767.0
2026-01-23 14:45:00,1769179500000,0.3543,0.3556,0.3518,0.3546,7146358.0
2026-01-23 15:00:00,1769180400000,0.3546,0.3561,0.3539,0.3543,2161889.0
2026-01-23 15:15:00,1769181300000,0.3543,0.3573,0.3528,0.3561,3559937.0
2026-01-23 15:30:00,1769182200000,0.3561,0.3581,0.3556,0.3573,3277903.0
2026-01-23 15:45:00,1769183100000,0.3573,0.3608,0.3571,0.3601,7708828.0
2026-01-23 16:00:00,1769184000000,0.3601,0.362,0.3598,0.3618,3692928.0
2026-01-23 16:15:00,1769184900000,0.3618,0.3619,0.3598,0.3604,1754341.0
2026-01-23 16:30:00,1769185800000,0.3604,0.3659,0.3596,0.3648,7346836.0
2026-01-23 16:45:00,1769186700000,0.3648,0.3663,0.3628,0.3631,5746692.0
2026-01-23 17:00:00,1769187600000,0.3631,0.3634,0.3613,0.3618,2209040.0
2026-01-23 17:15:00,1769188500000,0.3618,0.3681,0.3618,0.368,4451885.0
2026-01-23 17:30:00,1769189400000,0.368,0.3704,0.3673,0.3677,6193133.0
2026-01-23 17:45:00,1769190300000,0.3677,0.3688,0.3655,0.3657,2269416.0
2026-01-23 18:00:00,1769191200000,0.3657,0.3683,0.3645,0.3664,4626865.0
2026-01-23 18:15:00,1769192100000,0.3664,0.3677,0.3657,0.3669,1535399.0
2026-01-23 18:30:00,1769193000000,0.3669,0.3682,0.3661,0.3667,2332023.0
2026-01-23 18:45:00,1769193900000,0.3667,0.3667,0.3652,0.3657,1231673.0
2026-01-23 19:00:00,1769194800000,0.3657,0.3657,0.3635,0.3637,3504018.0
2026-01-23 19:15:00,1769195700000,0.3637,0.3638,0.3606,0.3617,6003917.0
2026-01-23 19:30:00,1769196600000,0.3617,0.3617,0.3595,0.3611,3345844.0
2026-01-23 19:45:00,1769197500000,0.3611,0.3618,0.36,0.3612,1195736.0
2026-01-23 20:00:00,1769198400000,0.3612,0.3625,0.3604,0.3622,2459589.0
2026-01-23 20:15:00,1769199300000,0.3622,0.3625,0.36,0.3601,1474845.0
2026-01-23 20:30:00,1769200200000,0.3601,0.3601,0.3568,0.3585,5747876.0
2026-01-23 20:45:00,1769201100000,0.3585,0.3595,0.3574,0.3588,1804949.0
2026-01-23 21:00:00,1769202000000,0.3588,0.3607,0.3583,0.3604,1966574.0
2026-01-23 21:15:00,1769202900000,0.3604,0.3608,0.3594,0.3602,838948.0
2026-01-23 21:30:00,1769203800000,0.3602,0.3604,0.3592,0.3596,1016339.0
2026-01-23 21:45:00,1769204700000,0.3596,0.3604,0.3594,0.3596,942464.0
2026-01-23 22:00:00,1769205600000,0.3596,0.362,0.3594,0.3612,1996831.0
2026-01-23 22:15:00,1769206500000,0.3612,0.362,0.3606,0.3616,854434.0
2026-01-23 22:30:00,1769207400000,0.3616,0.3625,0.3612,0.3613,1798094.0
2026-01-23 22:45:00,1769208300000,0.3613,0.3625,0.3613,0.3622,657557.0
2026-01-23 23:00:00,1769209200000,0.3622,0.3622,0.3607,0.3612,663365.0
2026-01-23 23:15:00,1769210100000,0.3612,0.3616,0.3605,0.3608,865216.0
2026-01-23 23:30:00,1769211000000,0.3608,0.3609,0.3603,0.3604,939331.0
2026-01-23 23:45:00,1769211900000,0.3604,0.3605,0.36,0.3601,692706.0
2026-01-24 00:00:00,1769212800000,0.3601,0.3612,0.3594,0.3596,1828168.0
2026-01-24 00:15:00,1769213700000,0.3596,0.3604,0.3593,0.3595,1619118.0
2026-01-24 00:30:00,1769214600000,0.3595,0.3605,0.3593,0.3599,706974.0
2026-01-24 00:45:00,1769215500000,0.3599,0.3599,0.3589,0.3589,1085689.0
2026-01-24 01:00:00,1769216400000,0.3589,0.3591,0.3583,0.3589,939418.0
2026-01-24 01:15:00,1769217300000,0.3589,0.3594,0.3587,0.3593,718599.0
2026-01-24 01:30:00,1769218200000,0.3593,0.3593,0.3581,0.3588,1266370.0
2026-01-24 01:45:00,1769219100000,0.3588,0.3597,0.3587,0.3595,450275.0
2026-01-24 02:00:00,1769220000000,0.3595,0.3602,0.3593,0.3601,531413.0
2026-01-24 02:15:00,1769220900000,0.3601,0.3604,0.3593,0.3596,974115.0
2026-01-24 02:30:00,1769221800000,0.3596,0.3601,0.3594,0.3598,196503.0
2026-01-24 02:45:00,1769222700000,0.3598,0.3599,0.3594,0.3597,377879.0
2026-01-24 03:00:00,1769223600000,0.3597,0.3611,0.3593,0.3608,1524553.0
2026-01-24 03:15:00,1769224500000,0.3608,0.3616,0.36,0.3615,568598.0
2026-01-24 03:30:00,1769225400000,0.3615,0.3622,0.3607,0.3618,1065990.0
2026-01-24 03:45:00,1769226300000,0.3618,0.3619,0.3609,0.3615,658233.0
2026-01-24 04:00:00,1769227200000,0.3615,0.3623,0.3612,0.362,653536.0
2026-01-24 04:15:00,1769228100000,0.362,0.3623,0.3612,0.3614,845477.0
2026-01-24 04:30:00,1769229000000,0.3614,0.3614,0.3608,0.361,615734.0
2026-01-24 04:45:00,1769229900000,0.361,0.3611,0.3606,0.3609,632884.0
2026-01-24 05:00:00,1769230800000,0.3609,0.3611,0.3603,0.3606,1324575.0
2026-01-24 05:15:00,1769231700000,0.3606,0.3613,0.3606,0.3608,472865.0
2026-01-24 05:30:00,1769232600000,0.3608,0.3611,0.3601,0.3605,627907.0
2026-01-24 05:45:00,1769233500000,0.3605,0.3606,0.36,0.3604,370715.0
2026-01-24 06:00:00,1769234400000,0.3604,0.3605,0.3597,0.3602,1384262.0
2026-01-24 06:15:00,1769235300000,0.3602,0.3603,0.3596,0.3598,789033.0
2026-01-24 06:30:00,1769236200000,0.3598,0.3603,0.3597,0.3601,196103.0
2026-01-24 06:45:00,1769237100000,0.3601,0.3602,0.3597,0.3597,319934.0
2026-01-24 07:00:00,1769238000000,0.3597,0.3605,0.3594,0.3603,823208.0
2026-01-24 07:15:00,1769238900000,0.3603,0.3603,0.3594,0.3597,827470.0
2026-01-24 07:30:00,1769239800000,0.3597,0.3599,0.3592,0.3598,444402.0
2026-01-24 07:45:00,1769240700000,0.3598,0.3601,0.3593,0.3594,1162679.0
2026-01-24 08:00:00,1769241600000,0.3594,0.3595,0.3584,0.3587,1787349.0
2026-01-24 08:15:00,1769242500000,0.3587,0.3589,0.3585,0.3588,279590.0
2026-01-24 08:30:00,1769243400000,0.3588,0.3598,0.3588,0.3597,627326.0
2026-01-24 08:45:00,1769244300000,0.3597,0.36,0.3593,0.3596,649193.0
2026-01-24 09:00:00,1769245200000,0.3596,0.3599,0.3589,0.3594,1031013.0
2026-01-24 09:15:00,1769246100000,0.3594,0.3602,0.3593,0.3602,391411.0
2026-01-24 09:30:00,1769247000000,0.3602,0.3605,0.3599,0.3601,457978.0
2026-01-24 09:45:00,1769247900000,0.3601,0.3601,0.3592,0.3594,184652.0
2026-01-24 10:00:00,1769248800000,0.3594,0.3594,0.3589,0.359,334843.0
2026-01-24 10:15:00,1769249700000,0.359,0.3594,0.3587,0.3591,445203.0
2026-01-24 10:30:00,1769250600000,0.3591,0.3594,0.359,0.3591,258864.0
2026-01-24 10:45:00,1769251500000,0.3591,0.3592,0.3589,0.359,149994.0
2026-01-24 11:00:00,1769252400000,0.359,0.3597,0.359,0.3595,327311.0
2026-01-24 11:15:00,1769253300000,0.3595,0.36,0.3593,0.3593,241503.0
2026-01-24 11:30:00,1769254200000,0.3593,0.3599,0.3592,0.3598,172913.0
2026-01-24 11:45:00,1769255100000,0.3598,0.3598,0.3593,0.3598,161998.0
2026-01-24 12:00:00,1769256000000,0.3598,0.3598,0.3594,0.3594,198406.0
2026-01-24 12:15:00,1769256900000,0.3594,0.3599,0.3592,0.3597,407172.0
2026-01-24 12:30:00,1769257800000,0.3597,0.3603,0.3595,0.36,434983.0
2026-01-24 12:45:00,1769258700000,0.36,0.3601,0.3598,0.3599,376433.0
2026-01-24 13:00:00,1769259600000,0.3599,0.3601,0.3597,0.3598,320102.0
2026-01-24 13:15:00,1769260500000,0.3598,0.3598,0.359,0.3592,153956.0
2026-01-24 13:30:00,1769261400000,0.3592,0.3594,0.359,0.3592,133967.0
2026-01-24 13:45:00,1769262300000,0.3592,0.36,0.3579,0.3581,2102422.0
2026-01-24 14:00:00,1769263200000,0.3581,0.3596,0.3573,0.3591,2451622.0
2026-01-24 14:15:00,1769264100000,0.3591,0.3595,0.3586,0.3592,843365.0
2026-01-24 14:30:00,1769265000000,0.3592,0.36,0.3591,0.3599,311292.0
2026-01-24 14:45:00,1769265900000,0.3599,0.3602,0.359,0.3592,208821.0
2026-01-24 15:00:00,1769266800000,0.3592,0.3598,0.3591,0.3598,961641.0
2026-01-24 15:15:00,1769267700000,0.3598,0.3598,0.3589,0.359,604507.0
2026-01-24 15:30:00,1769268600000,0.359,0.3591,0.3579,0.3582,1997216.0
2026-01-24 15:45:00,1769269500000,0.3582,0.3587,0.3573,0.3576,2516952.0
2026-01-24 16:00:00,1769270400000,0.3576,0.3585,0.3573,0.3576,1603179.0
2026-01-24 16:15:00,1769271300000,0.3576,0.3582,0.3559,0.358,3357318.0
2026-01-24 16:30:00,1769272200000,0.358,0.3582,0.3576,0.358,495529.0
2026-01-24 16:45:00,1769273100000,0.358,0.3588,0.358,0.3584,556683.0
2026-01-24 17:00:00,1769274000000,0.3584,0.3586,0.3579,0.3584,965525.0
2026-01-24 17:15:00,1769274900000,0.3584,0.3589,0.3583,0.3588,639443.0
2026-01-24 17:30:00,1769275800000,0.3588,0.3589,0.3584,0.3586,969625.0
2026-01-24 17:45:00,1769276700000,0.3586,0.3586,0.3582,0.3585,177548.0
2026-01-24 18:00:00,1769277600000,0.3585,0.3586,0.3579,0.3582,552942.0
2026-01-24 18:15:00,1769278500000,0.3582,0.3586,0.3582,0.3584,327081.0
2026-01-24 18:30:00,1769279400000,0.3584,0.3596,0.3583,0.359,899930.0
2026-01-24 18:45:00,1769280300000,0.359,0.3592,0.3585,0.3585,424801.0
2026-01-24 19:00:00,1769281200000,0.3585,0.3587,0.358,0.358,1287946.0
2026-01-24 19:15:00,1769282100000,0.358,0.3583,0.3576,0.3583,758114.0
2026-01-24 19:30:00,1769283000000,0.3583,0.3587,0.3581,0.3586,380396.0
2026-01-24 19:45:00,1769283900000,0.3586,0.3587,0.358,0.358,356366.0
2026-01-24 20:00:00,1769284800000,0.358,0.3587,0.358,0.3586,626441.0
2026-01-24 20:15:00,1769285700000,0.3586,0.3593,0.3586,0.3591,426780.0
2026-01-24 20:30:00,1769286600000,0.3591,0.3591,0.3587,0.3588,342953.0
2026-01-24 20:45:00,1769287500000,0.3588,0.3592,0.3588,0.3589,205945.0
2026-01-24 21:00:00,1769288400000,0.3589,0.359,0.358,0.3584,509342.0
2026-01-24 21:15:00,1769289300000,0.3584,0.3588,0.3582,0.3587,262574.0
2026-01-24 21:30:00,1769290200000,0.3587,0.3593,0.3584,0.3591,423355.0
2026-01-24 21:45:00,1769291100000,0.3591,0.3591,0.3587,0.3588,150293.0
2026-01-24 22:00:00,1769292000000,0.3588,0.3599,0.3585,0.3594,1192240.0
2026-01-24 22:15:00,1769292900000,0.3594,0.3596,0.3592,0.3593,538561.0
2026-01-24 22:30:00,1769293800000,0.3593,0.3596,0.3591,0.3591,200386.0
2026-01-24 22:45:00,1769294700000,0.3591,0.3601,0.3591,0.3597,538747.0
2026-01-24 23:00:00,1769295600000,0.3597,0.36,0.3591,0.3598,1023721.0
2026-01-24 23:15:00,1769296500000,0.3598,0.3598,0.3588,0.3592,815597.0
2026-01-24 23:30:00,1769297400000,0.3592,0.3592,0.3578,0.3578,1161581.0
2026-01-24 23:45:00,1769298300000,0.3578,0.3587,0.3576,0.3582,2044536.0
2026-01-25 00:00:00,1769299200000,0.3582,0.3586,0.3579,0.3579,872909.0
2026-01-25 00:15:00,1769300100000,0.3579,0.3585,0.3572,0.3575,1563347.0
2026-01-25 00:30:00,1769301000000,0.3575,0.3582,0.357,0.3581,2041337.0
2026-01-25 00:45:00,1769301900000,0.3581,0.3589,0.3577,0.3589,666774.0
2026-01-25 01:00:00,1769302800000,0.3589,0.3593,0.3585,0.3586,533051.0
2026-01-25 01:15:00,1769303700000,0.3586,0.3586,0.3576,0.3578,741612.0
2026-01-25 01:30:00,1769304600000,0.3578,0.3578,0.3566,0.357,1988392.0
2026-01-25 01:45:00,1769305500000,0.357,0.3576,0.3569,0.3574,1061293.0
2026-01-25 02:00:00,1769306400000,0.3574,0.3583,0.3572,0.3579,724063.0
2026-01-25 02:15:00,1769307300000,0.3579,0.3582,0.3571,0.3571,573770.0
2026-01-25 02:30:00,1769308200000,0.3571,0.3575,0.3561,0.3562,1012955.0
2026-01-25 02:45:00,1769309100000,0.3562,0.3568,0.3559,0.3565,2293788.0
2026-01-25 03:00:00,1769310000000,0.3565,0.3571,0.3562,0.3562,1099579.0
2026-01-25 03:15:00,1769310900000,0.3562,0.3563,0.3553,0.3555,2171417.0
2026-01-25 03:30:00,1769311800000,0.3555,0.3555,0.3542,0.3551,3150212.0
2026-01-25 03:45:00,1769312700000,0.3551,0.3558,0.3548,0.3555,855706.0
2026-01-25 04:00:00,1769313600000,0.3555,0.3562,0.3551,0.3554,3107117.0
2026-01-25 04:15:00,1769314500000,0.3554,0.3563,0.3554,0.3563,798844.0
2026-01-25 04:30:00,1769315400000,0.3563,0.3575,0.3563,0.3573,977975.0
2026-01-25 04:45:00,1769316300000,0.3573,0.3573,0.3568,0.3568,318162.0
2026-01-25 05:00:00,1769317200000,0.3568,0.3569,0.3566,0.3569,327101.0
2026-01-25 05:15:00,1769318100000,0.3569,0.3571,0.3565,0.3571,357888.0
2026-01-25 05:30:00,1769319000000,0.3571,0.3571,0.3553,0.3558,930777.0
2026-01-25 05:45:00,1769319900000,0.3558,0.3569,0.3557,0.3567,344198.0
2026-01-25 06:00:00,1769320800000,0.3567,0.3567,0.3553,0.3554,781668.0
2026-01-25 06:15:00,1769321700000,0.3554,0.3564,0.3554,0.3558,989597.0
2026-01-25 06:30:00,1769322600000,0.3558,0.3567,0.3555,0.3563,1004914.0
2026-01-25 06:45:00,1769323500000,0.3563,0.3564,0.3556,0.3556,271934.0
2026-01-25 07:00:00,1769324400000,0.3556,0.3557,0.3544,0.3545,1598718.0
2026-01-25 07:15:00,1769325300000,0.3545,0.3552,0.3538,0.3551,1244068.0
2026-01-25 07:30:00,1769326200000,0.3551,0.3561,0.3547,0.3559,871007.0
2026-01-25 07:45:00,1769327100000,0.3559,0.3559,0.3553,0.3556,213743.0
2026-01-25 08:00:00,1769328000000,0.3556,0.3563,0.3556,0.356,754747.0
2026-01-25 08:15:00,1769328900000,0.356,0.3567,0.356,0.3562,1380529.0
2026-01-25 08:30:00,1769329800000,0.3562,0.3565,0.3536,0.3549,2308602.0
2026-01-25 08:45:00,1769330700000,0.3549,0.355,0.3535,0.3545,1232325.0
2026-01-25 09:00:00,1769331600000,0.3545,0.3549,0.3536,0.3546,1757186.0
2026-01-25 09:15:00,1769332500000,0.3546,0.3557,0.3546,0.3554,1989892.0
2026-01-25 09:30:00,1769333400000,0.3554,0.3572,0.3554,0.3571,1944627.0
2026-01-25 09:45:00,1769334300000,0.3571,0.3576,0.3563,0.3565,1888821.0
2026-01-25 10:00:00,1769335200000,0.3565,0.3576,0.3563,0.3576,1000369.0
2026-01-25 10:15:00,1769336100000,0.3576,0.3598,0.3575,0.3597,3275639.0
2026-01-25 10:30:00,1769337000000,0.3597,0.3601,0.3589,0.3594,1997009.0
2026-01-25 10:45:00,1769337900000,0.3594,0.3596,0.358,0.3582,581479.0
2026-01-25 11:00:00,1769338800000,0.3582,0.3582,0.357,0.3575,742436.0
2026-01-25 11:15:00,1769339700000,0.3575,0.3585,0.3575,0.3582,644217.0
2026-01-25 11:30:00,1769340600000,0.3582,0.3582,0.3564,0.3565,1259299.0
2026-01-25 11:45:00,1769341500000,0.3565,0.3568,0.3559,0.3562,1008543.0
2026-01-25 12:00:00,1769342400000,0.3562,0.3562,0.3555,0.3558,1336294.0
2026-01-25 12:15:00,1769343300000,0.3558,0.3561,0.3543,0.355,2494414.0
2026-01-25 12:30:00,1769344200000,0.355,0.3554,0.3545,0.3553,1048459.0
2026-01-25 12:45:00,1769345100000,0.3553,0.3559,0.355,0.3558,784123.0
2026-01-25 13:00:00,1769346000000,0.3558,0.3563,0.3555,0.3555,649492.0
2026-01-25 13:15:00,1769346900000,0.3555,0.3564,0.3551,0.3551,2060173.0
2026-01-25 13:30:00,1769347800000,0.3551,0.3558,0.355,0.3556,644988.0
2026-01-25 13:45:00,1769348700000,0.3556,0.3569,0.3556,0.3566,793754.0
2026-01-25 14:00:00,1769349600000,0.3566,0.3569,0.3539,0.354,3143326.0
2026-01-25 14:15:00,1769350500000,0.354,0.3544,0.3502,0.3514,10398748.0
2026-01-25 14:30:00,1769351400000,0.3514,0.3524,0.3505,0.3519,3032809.0
2026-01-25 14:45:00,1769352300000,0.3519,0.3525,0.3511,0.3524,1182600.0
2026-01-25 15:00:00,1769353200000,0.3524,0.3528,0.3517,0.3522,1601670.0
2026-01-25 15:15:00,1769354100000,0.3522,0.3537,0.3517,0.3536,1681970.0
2026-01-25 15:30:00,1769355000000,0.3536,0.3536,0.3526,0.3528,544872.0
2026-01-25 15:45:00,1769355900000,0.3528,0.3529,0.3513,0.3521,1371543.0
2026-01-25 16:00:00,1769356800000,0.3521,0.3521,0.343,0.344,42743001.0
2026-01-25 16:15:00,1769357700000,0.344,0.3456,0.3415,0.3439,16365960.0
2026-01-25 16:30:00,1769358600000,0.3439,0.3441,0.3419,0.3429,5700799.0
2026-01-25 16:45:00,1769359500000,0.3429,0.3447,0.3423,0.3445,2762395.0
2026-01-25 17:00:00,1769360400000,0.3445,0.3455,0.3426,0.3429,3950061.0
2026-01-25 17:15:00,1769361300000,0.3429,0.3431,0.3416,0.3425,3675884.0
2026-01-25 17:30:00,1769362200000,0.3425,0.344,0.342,0.3439,1535135.0
2026-01-25 17:45:00,1769363100000,0.3439,0.3441,0.3411,0.3417,3420450.0
2026-01-25 18:00:00,1769364000000,0.3417,0.3423,0.3384,0.3414,11848546.0
2026-01-25 18:15:00,1769364900000,0.3414,0.3424,0.3388,0.3392,6409321.0
2026-01-25 18:30:00,1769365800000,0.3392,0.3398,0.3379,0.339,9984475.0
2026-01-25 18:45:00,1769366700000,0.339,0.3404,0.3384,0.3399,4484244.0
2026-01-25 19:00:00,1769367600000,0.3399,0.3405,0.3393,0.3393,2782191.0
2026-01-25 19:15:00,1769368500000,0.3393,0.3393,0.335,0.3356,16154324.0
2026-01-25 19:30:00,1769369400000,0.3356,0.3378,0.3347,0.3366,7047321.0
2026-01-25 19:45:00,1769370300000,0.3366,0.3367,0.3324,0.3343,13432650.0
2026-01-25 20:00:00,1769371200000,0.3343,0.3371,0.3341,0.3351,8352420.0
2026-01-25 20:15:00,1769372100000,0.3351,0.3362,0.3344,0.3355,3148259.0
2026-01-25 20:30:00,1769373000000,0.3355,0.3357,0.3328,0.3335,5517654.0
2026-01-25 20:45:00,1769373900000,0.3335,0.3358,0.3331,0.3356,3648684.0
2026-01-25 21:00:00,1769374800000,0.3356,0.3382,0.3355,0.3379,5651492.0
2026-01-25 21:15:00,1769375700000,0.3379,0.3392,0.3376,0.3387,2667522.0
2026-01-25 21:30:00,1769376600000,0.3387,0.339,0.3366,0.3377,2320537.0
2026-01-25 21:45:00,1769377500000,0.3377,0.339,0.3373,0.3388,1533302.0
2026-01-25 22:00:00,1769378400000,0.3388,0.3391,0.3377,0.3384,1370366.0
2026-01-25 22:15:00,1769379300000,0.3384,0.3386,0.3364,0.3369,894243.0
2026-01-25 22:30:00,1769380200000,0.3369,0.3385,0.3362,0.3379,2379639.0
2026-01-25 22:45:00,1769381100000,0.3379,0.3384,0.3367,0.3384,1088187.0
2026-01-25 23:00:00,1769382000000,0.3384,0.3395,0.3366,0.339,2569115.0
2026-01-25 23:15:00,1769382900000,0.339,0.3396,0.338,0.338,1754547.0
2026-01-25 23:30:00,1769383800000,0.338,0.3385,0.3373,0.3382,991458.0
2026-01-25 23:45:00,1769384700000,0.3382,0.3395,0.3382,0.3388,1940764.0
2026-01-26 00:00:00,1769385600000,0.3388,0.3411,0.3385,0.3408,3764074.0
2026-01-26 00:15:00,1769386500000,0.3408,0.3426,0.3406,0.3412,4310256.0
2026-01-26 00:30:00,1769387400000,0.3412,0.3413,0.3397,0.34,1359652.0
2026-01-26 00:45:00,1769388300000,0.34,0.3448,0.3399,0.3436,4562471.0
2026-01-26 01:00:00,1769389200000,0.3436,0.3485,0.3434,0.3471,4791851.0
2026-01-26 01:15:00,1769390100000,0.3471,0.349,0.3461,0.3468,4604342.0
2026-01-26 01:30:00,1769391000000,0.3468,0.3482,0.3468,0.3478,1844319.0
2026-01-26 01:45:00,1769391900000,0.3478,0.3494,0.3474,0.3483,4293320.0
2026-01-26 02:00:00,1769392800000,0.3483,0.3486,0.3455,0.346,3736824.0
2026-01-26 02:15:00,1769393700000,0.346,0.3478,0.3454,0.3477,1683919.0
2026-01-26 02:30:00,1769394600000,0.3477,0.348,0.3459,0.3463,3570822.0
2026-01-26 02:45:00,1769395500000,0.3463,0.3469,0.3456,0.3461,1235805.0
2026-01-26 03:00:00,1769396400000,0.3461,0.3477,0.3461,0.3474,1077395.0
2026-01-26 03:15:00,1769397300000,0.3474,0.3476,0.3451,0.3452,2580375.0
2026-01-26 03:30:00,1769398200000,0.3452,0.3455,0.3443,0.3451,1841353.0
2026-01-26 03:45:00,1769399100000,0.3451,0.3453,0.3438,0.3449,3164387.0
2026-01-26 04:00:00,1769400000000,0.3449,0.3469,0.3449,0.3462,2211391.0
2026-01-26 04:15:00,1769400900000,0.3462,0.3497,0.3459,0.349,2547632.0
2026-01-26 04:30:00,1769401800000,0.349,0.3494,0.3474,0.3475,2784007.0
2026-01-26 04:45:00,1769402700000,0.3475,0.348,0.347,0.3473,2069954.0
2026-01-26 05:00:00,1769403600000,0.3473,0.3477,0.3466,0.3471,599456.0
2026-01-26 05:15:00,1769404500000,0.3471,0.3474,0.3466,0.3474,985217.0
2026-01-26 05:30:00,1769405400000,0.3474,0.3474,0.3464,0.3472,603968.0
2026-01-26 05:45:00,1769406300000,0.3472,0.3479,0.347,0.3475,975066.0
2026-01-26 06:00:00,1769407200000,0.3475,0.3477,0.3461,0.3465,2158824.0
2026-01-26 06:15:00,1769408100000,0.3465,0.3472,0.3463,0.3471,1142142.0
2026-01-26 06:30:00,1769409000000,0.3471,0.3477,0.3466,0.3476,487051.0
2026-01-26 06:45:00,1769409900000,0.3476,0.3488,0.3474,0.348,1622003.0
2026-01-26 07:00:00,1769410800000,0.348,0.3483,0.3472,0.3481,1184496.0
2026-01-26 07:15:00,1769411700000,0.3481,0.3495,0.3474,0.3475,2287911.0
2026-01-26 07:30:00,1769412600000,0.3475,0.3486,0.3469,0.3477,2076081.0
2026-01-26 07:45:00,1769413500000,0.3477,0.3484,0.3472,0.348,957496.0
2026-01-26 08:00:00,1769414400000,0.348,0.349,0.3475,0.3475,2101985.0
2026-01-26 08:15:00,1769415300000,0.3475,0.3516,0.3472,0.3499,8426940.0
2026-01-26 08:30:00,1769416200000,0.3499,0.3502,0.3488,0.3489,1632593.0
2026-01-26 08:45:00,1769417100000,0.3489,0.3491,0.3481,0.3485,1167451.0
2026-01-26 09:00:00,1769418000000,0.3485,0.3487,0.3463,0.3464,4801442.0
2026-01-26 09:15:00,1769418900000,0.3464,0.3465,0.3454,0.3461,3602248.0
2026-01-26 09:30:00,1769419800000,0.3461,0.3463,0.3448,0.3458,2328840.0
2026-01-26 09:45:00,1769420700000,0.3458,0.3458,0.3447,0.3452,2941778.0
2026-01-26 10:00:00,1769421600000,0.3452,0.3472,0.3452,0.3465,1231757.0
2026-01-26 10:15:00,1769422500000,0.3465,0.3477,0.3464,0.3475,2041982.0
2026-01-26 10:30:00,1769423400000,0.3475,0.3477,0.3467,0.3468,1142039.0
2026-01-26 10:45:00,1769424300000,0.3468,0.3471,0.3466,0.3469,765803.0
2026-01-26 11:00:00,1769425200000,0.3469,0.3484,0.3469,0.3481,1768283.0
2026-01-26 11:15:00,1769426100000,0.3481,0.3481,0.3464,0.3464,970157.0
2026-01-26 11:30:00,1769427000000,0.3464,0.347,0.3464,0.3466,505380.0
2026-01-26 11:45:00,1769427900000,0.3466,0.3473,0.3463,0.3469,499675.0
2026-01-26 12:00:00,1769428800000,0.3469,0.3482,0.3468,0.3477,1126471.0
2026-01-26 12:15:00,1769429700000,0.3477,0.3483,0.3468,0.3468,1733963.0
2026-01-26 12:30:00,1769430600000,0.3468,0.347,0.3465,0.3467,972928.0
2026-01-26 12:45:00,1769431500000,0.3467,0.3475,0.3466,0.3475,356234.0
2026-01-26 13:00:00,1769432400000,0.3475,0.3483,0.3473,0.348,1436566.0
2026-01-26 13:15:00,1769433300000,0.348,0.3492,0.3476,0.3485,758241.0
2026-01-26 13:30:00,1769434200000,0.3485,0.3488,0.348,0.3485,1402031.0
2026-01-26 13:45:00,1769435100000,0.3485,0.3495,0.3483,0.3494,1828621.0
2026-01-26 14:00:00,1769436000000,0.3494,0.3503,0.3481,0.3486,7544008.0
2026-01-26 14:15:00,1769436900000,0.3486,0.3495,0.3482,0.3486,4065979.0
2026-01-26 14:30:00,1769437800000,0.3486,0.3547,0.3477,0.3527,19455148.0
2026-01-26 14:45:00,1769438700000,0.3527,0.3545,0.3517,0.3537,7194543.0
2026-01-26 15:00:00,1769439600000,0.3537,0.3582,0.3524,0.3571,11990237.0
2026-01-26 15:15:00,1769440500000,0.3571,0.358,0.3544,0.3548,5998655.0
2026-01-26 15:30:00,1769441400000,0.3548,0.3551,0.3504,0.351,7920789.0
2026-01-26 15:45:00,1769442300000,0.351,0.3529,0.3506,0.352,3791622.0
2026-01-26 16:00:00,1769443200000,0.352,0.3542,0.3517,0.3521,3961633.0
2026-01-26 16:15:00,1769444100000,0.3521,0.3545,0.3503,0.3534,6005335.0
2026-01-26 16:30:00,1769445000000,0.3534,0.3543,0.3515,0.3521,2404638.0
2026-01-26 16:45:00,1769445900000,0.3521,0.3543,0.3516,0.353,4063794.0
2026-01-26 17:00:00,1769446800000,0.353,0.354,0.3519,0.3521,3104292.0
2026-01-26 17:15:00,1769447700000,0.3521,0.3529,0.3509,0.3511,2998176.0
2026-01-26 17:30:00,1769448600000,0.3511,0.3522,0.3493,0.3518,3281809.0
2026-01-26 17:45:00,1769449500000,0.3518,0.3533,0.3515,0.3527,1493324.0
2026-01-26 18:00:00,1769450400000,0.3527,0.3532,0.3519,0.3531,1124729.0
2026-01-26 18:15:00,1769451300000,0.3531,0.3544,0.352,0.3542,2995437.0
2026-01-26 18:30:00,1769452200000,0.3542,0.3558,0.353,0.3534,5651452.0
2026-01-26 18:45:00,1769453100000,0.3534,0.3542,0.3526,0.3538,4246300.0
2026-01-26 19:00:00,1769454000000,0.3538,0.3549,0.353,0.3531,2841177.0
2026-01-26 19:15:00,1769454900000,0.3531,0.3535,0.3523,0.3526,1553570.0
2026-01-26 19:30:00,1769455800000,0.3526,0.3536,0.3523,0.3529,1696823.0
2026-01-26 19:45:00,1769456700000,0.3529,0.3535,0.3515,0.3519,1462870.0
2026-01-26 20:00:00,1769457600000,0.3519,0.3525,0.3514,0.3516,1079548.0
2026-01-26 20:15:00,1769458500000,0.3516,0.352,0.3507,0.3511,1374762.0
2026-01-26 20:30:00,1769459400000,0.3511,0.3511,0.3501,0.3504,1260024.0
2026-01-26 20:45:00,1769460300000,0.3504,0.3506,0.3493,0.3498,1786551.0
2026-01-26 21:00:00,1769461200000,0.3498,0.3502,0.3488,0.3501,2153747.0
2026-01-26 21:15:00,1769462100000,0.3501,0.3513,0.3496,0.3513,969498.0
2026-01-26 21:30:00,1769463000000,0.3513,0.3542,0.3509,0.3533,4852305.0
2026-01-26 21:45:00,1769463900000,0.3533,0.3537,0.3527,0.353,2770994.0
2026-01-26 22:00:00,1769464800000,0.353,0.3538,0.3525,0.3526,2041253.0
2026-01-26 22:15:00,1769465700000,0.3526,0.3528,0.3514,0.3517,1087543.0
2026-01-26 22:30:00,1769466600000,0.3517,0.3531,0.3514,0.3522,848941.0
2026-01-26 22:45:00,1769467500000,0.3522,0.3531,0.352,0.3523,347227.0
2026-01-26 23:00:00,1769468400000,0.3523,0.3523,0.3511,0.3517,731443.0
2026-01-26 23:15:00,1769469300000,0.3517,0.3524,0.3514,0.3524,459133.0
2026-01-26 23:30:00,1769470200000,0.3524,0.3539,0.3524,0.353,889658.0
2026-01-26 23:45:00,1769471100000,0.353,0.353,0.3519,0.3519,380514.0
2026-01-27 00:00:00,1769472000000,0.3519,0.352,0.3507,0.3513,1027855.0
2026-01-27 00:15:00,1769472900000,0.3513,0.3525,0.3512,0.3518,923877.0
2026-01-27 00:30:00,1769473800000,0.3518,0.3518,0.3509,0.3512,406605.0
2026-01-27 00:45:00,1769474700000,0.3512,0.3523,0.351,0.3522,611754.0
2026-01-27 01:00:00,1769475600000,0.3522,0.3522,0.3509,0.3515,552676.0
2026-01-27 01:15:00,1769476500000,0.3515,0.3536,0.3513,0.3535,1242140.0
2026-01-27 01:30:00,1769477400000,0.3535,0.3546,0.3531,0.354,1467765.0
2026-01-27 01:45:00,1769478300000,0.354,0.355,0.3533,0.3536,1239795.0
2026-01-27 02:00:00,1769479200000,0.3536,0.355,0.3534,0.3542,2608852.0
2026-01-27 02:15:00,1769480100000,0.3542,0.3543,0.3533,0.3535,1584255.0
2026-01-27 02:30:00,1769481000000,0.3535,0.3545,0.3534,0.3536,3043788.0
2026-01-27 02:45:00,1769481900000,0.3536,0.3547,0.3534,0.3545,1304199.0
2026-01-27 03:00:00,1769482800000,0.3545,0.3546,0.3525,0.3528,2481084.0
2026-01-27 03:15:00,1769483700000,0.3528,0.3533,0.3527,0.3531,378528.0
2026-01-27 03:30:00,1769484600000,0.3531,0.3537,0.3527,0.3535,574401.0
2026-01-27 03:45:00,1769485500000,0.3535,0.3535,0.3523,0.3525,1392210.0
2026-01-27 04:00:00,1769486400000,0.3525,0.3546,0.3523,0.3539,1279126.0
2026-01-27 04:15:00,1769487300000,0.3539,0.3541,0.3528,0.3533,1278443.0
2026-01-27 04:30:00,1769488200000,0.3533,0.3535,0.3525,0.3526,491424.0
2026-01-27 04:45:00,1769489100000,0.3526,0.353,0.3521,0.353,677144.0
2026-01-27 05:00:00,1769490000000,0.353,0.3531,0.3522,0.3525,496134.0
2026-01-27 05:15:00,1769490900000,0.3525,0.3526,0.3515,0.3519,879223.0
2026-01-27 05:30:00,1769491800000,0.3519,0.3526,0.3519,0.3521,501405.0
2026-01-27 05:45:00,1769492700000,0.3521,0.3525,0.3518,0.3523,270667.0
2026-01-27 06:00:00,1769493600000,0.3523,0.3527,0.3519,0.3523,535470.0
2026-01-27 06:15:00,1769494500000,0.3523,0.3524,0.3518,0.3518,321523.0
2026-01-27 06:30:00,1769495400000,0.3518,0.3518,0.3509,0.3509,681763.0
2026-01-27 06:45:00,1769496300000,0.3509,0.3511,0.3507,0.3509,374840.0
2026-01-27 07:00:00,1769497200000,0.3509,0.3514,0.3507,0.3512,337493.0
2026-01-27 07:15:00,1769498100000,0.3512,0.3514,0.3508,0.3513,1231696.0
2026-01-27 07:30:00,1769499000000,0.3513,0.3523,0.3513,0.3519,1817771.0
2026-01-27 07:45:00,1769499900000,0.3519,0.352,0.3512,0.3519,1899661.0
2026-01-27 08:00:00,1769500800000,0.3519,0.3528,0.3515,0.3518,892426.0
2026-01-27 08:15:00,1769501700000,0.3518,0.3519,0.3513,0.3515,559304.0
2026-01-27 08:30:00,1769502600000,0.3515,0.3516,0.3507,0.3513,662293.0
2026-01-27 08:45:00,1769503500000,0.3513,0.352,0.3509,0.3513,572782.0
2026-01-27 09:00:00,1769504400000,0.3513,0.3513,0.3496,0.3496,2520399.0
2026-01-27 09:15:00,1769505300000,0.3496,0.3501,0.3493,0.3494,1418668.0
2026-01-27 09:30:00,1769506200000,0.3494,0.3501,0.3493,0.3497,1114855.0
2026-01-27 09:45:00,1769507100000,0.3497,0.3497,0.3487,0.349,1391287.0
2026-01-27 10:00:00,1769508000000,0.349,0.3501,0.349,0.3498,1650959.0
2026-01-27 10:15:00,1769508900000,0.3498,0.3499,0.3495,0.3498,909867.0
2026-01-27 10:30:00,1769509800000,0.3498,0.3499,0.3492,0.3495,921683.0
2026-01-27 10:45:00,1769510700000,0.3495,0.3499,0.3491,0.3495,922118.0
2026-01-27 11:00:00,1769511600000,0.3495,0.3499,0.3493,0.3496,835830.0
2026-01-27 11:15:00,1769512500000,0.3496,0.3499,0.349,0.3492,871042.0
2026-01-27 11:30:00,1769513400000,0.3492,0.3508,0.3492,0.3508,1520981.0
2026-01-27 11:45:00,1769514300000,0.3508,0.3512,0.3499,0.3503,1649003.0
2026-01-27 12:00:00,1769515200000,0.3503,0.3506,0.35,0.3506,807614.0
2026-01-27 12:15:00,1769516100000,0.3506,0.3506,0.3501,0.3502,468598.0
2026-01-27 12:30:00,1769517000000,0.3502,0.3505,0.349,0.3491,647383.0
2026-01-27 12:45:00,1769517900000,0.3491,0.3498,0.349,0.3495,595149.0
2026-01-27 13:00:00,1769518800000,0.3495,0.3501,0.3492,0.3494,615038.0
2026-01-27 13:15:00,1769519700000,0.3494,0.3495,0.3483,0.3486,1402947.0
2026-01-27 13:30:00,1769520600000,0.3486,0.3496,0.348,0.349,1349617.0
2026-01-27 13:45:00,1769521500000,0.349,0.349,0.3475,0.3481,1860905.0
2026-01-27 14:00:00,1769522400000,0.3481,0.3509,0.3479,0.3508,3293204.0
2026-01-27 14:15:00,1769523300000,0.3508,0.3525,0.3507,0.3508,4409394.0
2026-01-27 14:30:00,1769524200000,0.3508,0.3513,0.3483,0.3486,2809086.0
2026-01-27 14:45:00,1769525100000,0.3486,0.3499,0.3484,0.3488,2068596.0
2026-01-27 15:00:00,1769526000000,0.3488,0.3517,0.3483,0.3505,2813787.0
2026-01-27 15:15:00,1769526900000,0.3505,0.3505,0.3488,0.3488,1840308.0
2026-01-27 15:30:00,1769527800000,0.3488,0.3502,0.3486,0.3498,954939.0
2026-01-27 15:45:00,1769528700000,0.3498,0.3516,0.3498,0.3515,2391737.0
2026-01-27 16:00:00,1769529600000,0.3515,0.3569,0.3514,0.3558,9986218.0
2026-01-27 16:15:00,1769530500000,0.3558,0.3574,0.3533,0.3539,7480737.0
2026-01-27 16:30:00,1769531400000,0.3539,0.3575,0.3539,0.3572,3877180.0
2026-01-27 16:45:00,1769532300000,0.3572,0.3575,0.3556,0.3571,3133695.0
2026-01-27 17:00:00,1769533200000,0.3571,0.3576,0.3522,0.3525,6742383.0
2026-01-27 17:15:00,1769534100000,0.3525,0.3527,0.349,0.3525,10714486.0
2026-01-27 17:30:00,1769535000000,0.3525,0.3526,0.3491,0.3493,5347735.0
2026-01-27 17:45:00,1769535900000,0.3493,0.3502,0.3489,0.35,3505043.0
2026-01-27 18:00:00,1769536800000,0.35,0.352,0.3495,0.3509,2411129.0
2026-01-27 18:15:00,1769537700000,0.3509,0.3519,0.3509,0.3515,940925.0
2026-01-27 18:30:00,1769538600000,0.3515,0.3526,0.351,0.3519,1846109.0
2026-01-27 18:45:00,1769539500000,0.3519,0.3569,0.3519,0.3555,5062236.0
2026-01-27 19:00:00,1769540400000,0.3555,0.3557,0.3541,0.3552,3395678.0
2026-01-27 19:15:00,1769541300000,0.3552,0.3556,0.3544,0.3546,948636.0
2026-01-27 19:30:00,1769542200000,0.3546,0.3561,0.3538,0.3557,1502984.0
2026-01-27 19:45:00,1769543100000,0.3557,0.356,0.3553,0.3554,1410496.0
2026-01-27 20:00:00,1769544000000,0.3554,0.358,0.3554,0.3575,5568345.0
2026-01-27 20:15:00,1769544900000,0.3575,0.3627,0.3571,0.3614,9717889.0
2026-01-27 20:30:00,1769545800000,0.3614,0.3616,0.3589,0.3591,3178549.0
2026-01-27 20:45:00,1769546700000,0.3591,0.3626,0.359,0.3616,5649865.0
2026-01-27 21:00:00,1769547600000,0.3616,0.3633,0.3608,0.3615,4136228.0
2026-01-27 21:15:00,1769548500000,0.3615,0.3618,0.3603,0.3603,2645962.0
2026-01-27 21:30:00,1769549400000,0.3603,0.3613,0.3597,0.3605,3751291.0
2026-01-27 21:45:00,1769550300000,0.3605,0.3612,0.3593,0.3596,1366539.0
2026-01-27 22:00:00,1769551200000,0.3596,0.3614,0.3596,0.3611,1639582.0
2026-01-27 22:15:00,1769552100000,0.3611,0.3615,0.3601,0.3604,1264091.0
2026-01-27 22:30:00,1769553000000,0.3604,0.3626,0.3604,0.3621,927161.0
2026-01-27 22:45:00,1769553900000,0.3621,0.3621,0.3605,0.3609,1699517.0
2026-01-27 23:00:00,1769554800000,0.3609,0.3614,0.3604,0.3614,599286.0
2026-01-27 23:15:00,1769555700000,0.3614,0.3617,0.3607,0.3616,676292.0
2026-01-27 23:30:00,1769556600000,0.3616,0.3621,0.3609,0.3614,1119035.0
2026-01-27 23:45:00,1769557500000,0.3614,0.3621,0.3602,0.3606,942266.0
2026-01-28 00:00:00,1769558400000,0.3606,0.3613,0.3593,0.3597,3875063.0
2026-01-28 00:15:00,1769559300000,0.3597,0.3598,0.3584,0.359,1743536.0
2026-01-28 00:30:00,1769560200000,0.359,0.359,0.3576,0.358,1174405.0
2026-01-28 00:45:00,1769561100000,0.358,0.3597,0.3579,0.3593,2115326.0
2026-01-28 01:00:00,1769562000000,0.3593,0.3594,0.3572,0.3575,1712190.0
2026-01-28 01:15:00,1769562900000,0.3575,0.358,0.3563,0.3565,1798574.0
2026-01-28 01:30:00,1769563800000,0.3565,0.3572,0.356,0.3571,984340.0
2026-01-28 01:45:00,1769564700000,0.3571,0.3581,0.3566,0.3574,2968398.0
2026-01-28 02:00:00,1769565600000,0.3574,0.3581,0.3561,0.357,4112458.0
2026-01-28 02:15:00,1769566500000,0.357,0.3583,0.3568,0.358,1358215.0
2026-01-28 02:30:00,1769567400000,0.358,0.3584,0.3568,0.3569,1398491.0
2026-01-28 02:45:00,1769568300000,0.3569,0.3579,0.3567,0.3577,778203.0
2026-01-28 03:00:00,1769569200000,0.3577,0.3581,0.3566,0.3566,1265451.0
2026-01-28 03:15:00,1769570100000,0.3566,0.357,0.3563,0.3567,858823.0
2026-01-28 03:30:00,1769571000000,0.3567,0.3578,0.3558,0.3569,3061603.0
2026-01-28 03:45:00,1769571900000,0.3569,0.3572,0.3562,0.3566,374335.0
2026-01-28 04:00:00,1769572800000,0.3566,0.3568,0.3552,0.3559,2839152.0
2026-01-28 04:15:00,1769573700000,0.3559,0.3559,0.3548,0.3554,2025895.0
2026-01-28 04:30:00,1769574600000,0.3554,0.3562,0.355,0.3552,1104471.0
2026-01-28 04:45:00,1769575500000,0.3552,0.3556,0.3549,0.3555,467666.0
2026-01-28 05:00:00,1769576400000,0.3555,0.3565,0.3554,0.3555,781586.0
2026-01-28 05:15:00,1769577300000,0.3555,0.3557,0.3549,0.355,1120752.0
2026-01-28 05:30:00,1769578200000,0.355,0.3573,0.355,0.3566,1518295.0
2026-01-28 05:45:00,1769579100000,0.3566,0.3575,0.3565,0.357,1100342.0
2026-01-28 06:00:00,1769580000000,0.357,0.3582,0.357,0.3579,2029574.0
2026-01-28 06:15:00,1769580900000,0.3579,0.3582,0.3574,0.3575,1199913.0
2026-01-28 06:30:00,1769581800000,0.3575,0.3581,0.3567,0.3573,818589.0
2026-01-28 06:45:00,1769582700000,0.3573,0.3591,0.357,0.3584,1805964.0
2026-01-28 07:00:00,1769583600000,0.3584,0.359,0.3577,0.3577,866964.0
2026-01-28 07:15:00,1769584500000,0.3577,0.358,0.3573,0.3575,627269.0
2026-01-28 07:30:00,1769585400000,0.3575,0.3575,0.3565,0.3574,3843360.0
2026-01-28 07:45:00,1769586300000,0.3574,0.3576,0.3568,0.3574,419755.0
2026-01-28 08:00:00,1769587200000,0.3574,0.3578,0.3571,0.3574,1061351.0
2026-01-28 08:15:00,1769588100000,0.3574,0.3586,0.3574,0.3577,1430324.0
2026-01-28 08:30:00,1769589000000,0.3577,0.3579,0.357,0.3575,470238.0
2026-01-28 08:45:00,1769589900000,0.3575,0.3575,0.3567,0.3569,1291565.0
2026-01-28 09:00:00,1769590800000,0.3569,0.3576,0.3566,0.3569,609109.0
2026-01-28 09:15:00,1769591700000,0.3569,0.3574,0.3562,0.3573,1134523.0
2026-01-28 09:30:00,1769592600000,0.3573,0.3614,0.3573,0.3607,3955489.0
2026-01-28 09:45:00,1769593500000,0.3607,0.361,0.3598,0.361,2521209.0
2026-01-28 10:00:00,1769594400000,0.361,0.3618,0.3602,0.3616,3074649.0
2026-01-28 10:15:00,1769595300000,0.3616,0.3624,0.3601,0.3602,2700203.0
2026-01-28 10:30:00,1769596200000,0.3602,0.3607,0.3602,0.3604,347750.0
2026-01-28 10:45:00,1769597100000,0.3604,0.3605,0.3596,0.3599,903273.0
2026-01-28 11:00:00,1769598000000,0.3599,0.3606,0.3593,0.3604,1996289.0
2026-01-28 11:15:00,1769598900000,0.3604,0.3611,0.36,0.3607,2004879.0
2026-01-28 11:30:00,1769599800000,0.3607,0.362,0.3603,0.362,1711118.0
2026-01-28 11:45:00,1769600700000,0.362,0.3647,0.3616,0.3644,6455186.0
2026-01-28 12:00:00,1769601600000,0.3644,0.3649,0.3622,0.3625,7697845.0
2026-01-28 12:15:00,1769602500000,0.3625,0.3631,0.3617,0.3617,1633994.0
2026-01-28 12:30:00,1769603400000,0.3617,0.3622,0.3606,0.3609,3258695.0
2026-01-28 12:45:00,1769604300000,0.3609,0.3615,0.3595,0.3609,2587848.0
2026-01-28 13:00:00,1769605200000,0.3609,0.363,0.3607,0.362,3594796.0
2026-01-28 13:15:00,1769606100000,0.362,0.3631,0.3614,0.3619,2856795.0
2026-01-28 13:30:00,1769607000000,0.3619,0.3635,0.3617,0.3627,1783835.0
2026-01-28 13:45:00,1769607900000,0.3627,0.3631,0.3613,0.3614,1783410.0
2026-01-28 14:00:00,1769608800000,0.3614,0.3615,0.3597,0.3605,8475100.0
2026-01-28 14:15:00,1769609700000,0.3605,0.3606,0.3582,0.3591,4930744.0
2026-01-28 14:30:00,1769610600000,0.3591,0.361,0.3587,0.3592,6201206.0
2026-01-28 14:45:00,1769611500000,0.3592,0.3599,0.3578,0.3584,5007258.0
2026-01-28 15:00:00,1769612400000,0.3584,0.36,0.3552,0.3555,5789085.0
2026-01-28 15:15:00,1769613300000,0.3555,0.3581,0.3544,0.3573,6346809.0
2026-01-28 15:30:00,1769614200000,0.3573,0.3583,0.3567,0.3579,1547465.0
2026-01-28 15:45:00,1769615100000,0.3579,0.3585,0.3565,0.3569,2559345.0
2026-01-28 16:00:00,1769616000000,0.3569,0.3572,0.3558,0.356,1595012.0
2026-01-28 16:15:00,1769616900000,0.356,0.3588,0.3558,0.3585,1203210.0
2026-01-28 16:30:00,1769617800000,0.3585,0.359,0.3559,0.3566,4051246.0
2026-01-28 16:45:00,1769618700000,0.3566,0.3579,0.3562,0.3566,1341723.0
2026-01-28 17:00:00,1769619600000,0.3566,0.3584,0.3566,0.3578,1501423.0
2026-01-28 17:15:00,1769620500000,0.3578,0.3579,0.3565,0.3568,583020.0
2026-01-28 17:30:00,1769621400000,0.3568,0.3587,0.3549,0.358,3826780.0
2026-01-28 17:45:00,1769622300000,0.358,0.3613,0.358,0.3597,3748904.0
2026-01-28 18:00:00,1769623200000,0.3597,0.3598,0.3566,0.3578,4351169.0
2026-01-28 18:15:00,1769624100000,0.3578,0.3584,0.3565,0.3568,1592656.0
2026-01-28 18:30:00,1769625000000,0.3568,0.3574,0.356,0.356,1491497.0
2026-01-28 18:45:00,1769625900000,0.356,0.3574,0.3551,0.3573,3869834.0
2026-01-28 19:00:00,1769626800000,0.3573,0.3585,0.3554,0.3571,4042133.0
2026-01-28 19:15:00,1769627700000,0.3571,0.3584,0.3567,0.3572,1386259.0
2026-01-28 19:30:00,1769628600000,0.3572,0.3582,0.3557,0.3562,1800300.0
2026-01-28 19:45:00,1769629500000,0.3562,0.3592,0.3562,0.3581,1272631.0
2026-01-28 20:00:00,1769630400000,0.3581,0.3594,0.3578,0.3586,977704.0
2026-01-28 20:15:00,1769631300000,0.3586,0.3613,0.3581,0.3603,3806190.0
2026-01-28 20:30:00,1769632200000,0.3603,0.3604,0.3572,0.3576,1467696.0
2026-01-28 20:45:00,1769633100000,0.3576,0.3581,0.3566,0.3573,1661733.0
2026-01-28 21:00:00,1769634000000,0.3573,0.3587,0.3548,0.3577,7096524.0
2026-01-28 21:15:00,1769634900000,0.3577,0.3586,0.3571,0.3577,658016.0
2026-01-28 21:30:00,1769635800000,0.3577,0.3585,0.3566,0.358,450280.0
2026-01-28 21:45:00,1769636700000,0.358,0.3592,0.3575,0.3582,865269.0
2026-01-28 22:00:00,1769637600000,0.3582,0.3585,0.3572,0.3575,794803.0
2026-01-28 22:15:00,1769638500000,0.3575,0.3587,0.3566,0.3585,834401.0
2026-01-28 22:30:00,1769639400000,0.3585,0.3596,0.3582,0.3595,1102845.0
2026-01-28 22:45:00,1769640300000,0.3595,0.3604,0.3595,0.36,486914.0
2026-01-28 23:00:00,1769641200000,0.36,0.3608,0.3595,0.3597,1558350.0
2026-01-28 23:15:00,1769642100000,0.3597,0.3608,0.3589,0.3593,917109.0
2026-01-28 23:30:00,1769643000000,0.3593,0.3595,0.3578,0.3589,1324305.0
2026-01-28 23:45:00,1769643900000,0.3589,0.359,0.3577,0.3581,624908.0
2026-01-29 00:00:00,1769644800000,0.3581,0.3589,0.3572,0.3572,2519424.0
2026-01-29 00:15:00,1769645700000,0.3572,0.3575,0.3563,0.3565,961794.0
2026-01-29 00:30:00,1769646600000,0.3565,0.3571,0.3553,0.3554,1745554.0
2026-01-29 00:45:00,1769647500000,0.3554,0.3566,0.3548,0.3565,1724151.0
2026-01-29 01:00:00,1769648400000,0.3565,0.3574,0.3561,0.3563,1518990.0
2026-01-29 01:15:00,1769649300000,0.3563,0.3564,0.3523,0.3549,7607393.0
2026-01-29 01:30:00,1769650200000,0.3549,0.3553,0.3542,0.3549,1261744.0
2026-01-29 01:45:00,1769651100000,0.3549,0.3553,0.3535,0.3541,1106620.0
2026-01-29 02:00:00,1769652000000,0.3541,0.3555,0.3539,0.3549,1486598.0
2026-01-29 02:15:00,1769652900000,0.3549,0.3552,0.3538,0.3544,1321215.0
2026-01-29 02:30:00,1769653800000,0.3544,0.3544,0.35,0.3512,11977472.0
2026-01-29 02:45:00,1769654700000,0.3512,0.3512,0.3492,0.3504,9449535.0
2026-01-29 03:00:00,1769655600000,0.3504,0.3529,0.3496,0.3521,3452729.0
2026-01-29 03:15:00,1769656500000,0.3521,0.3523,0.3504,0.3505,1928228.0
2026-01-29 03:30:00,1769657400000,0.3505,0.3513,0.3501,0.3512,813179.0
2026-01-29 03:45:00,1769658300000,0.3512,0.3516,0.3503,0.3509,1116864.0
2026-01-29 04:00:00,1769659200000,0.3509,0.351,0.3473,0.3486,7563458.0
2026-01-29 04:15:00,1769660100000,0.3486,0.3495,0.3476,0.3494,4376976.0
2026-01-29 04:30:00,1769661000000,0.3494,0.3499,0.3489,0.3497,1373843.0
2026-01-29 04:45:00,1769661900000,0.3497,0.3505,0.3496,0.3498,1724512.0
2026-01-29 05:00:00,1769662800000,0.3498,0.3507,0.3495,0.3501,1006844.0
2026-01-29 05:15:00,1769663700000,0.3501,0.3506,0.3499,0.3501,596509.0
2026-01-29 05:30:00,1769664600000,0.3501,0.3509,0.3499,0.3502,880628.0
2026-01-29 05:45:00,1769665500000,0.3502,0.3506,0.3499,0.3502,815214.0
2026-01-29 06:00:00,1769666400000,0.3502,0.3508,0.3499,0.3503,702565.0
2026-01-29 06:15:00,1769667300000,0.3503,0.3514,0.3502,0.3512,573107.0
2026-01-29 06:30:00,1769668200000,0.3512,0.3516,0.3508,0.3514,1047404.0
2026-01-29 06:45:00,1769669100000,0.3514,0.3516,0.3506,0.3516,875787.0
2026-01-29 07:00:00,1769670000000,0.3516,0.3522,0.3512,0.3513,999500.0
2026-01-29 07:15:00,1769670900000,0.3513,0.352,0.3507,0.351,3189934.0
2026-01-29 07:30:00,1769671800000,0.351,0.3519,0.351,0.3516,720733.0
2026-01-29 07:45:00,1769672700000,0.3516,0.3517,0.3509,0.3511,1721366.0
2026-01-29 08:00:00,1769673600000,0.3511,0.3512,0.3495,0.3495,2323703.0
2026-01-29 08:15:00,1769674500000,0.3495,0.3514,0.3488,0.3512,1470815.0
2026-01-29 08:30:00,1769675400000,0.3512,0.3515,0.3492,0.3498,1102610.0
2026-01-29 08:45:00,1769676300000,0.3498,0.3501,0.349,0.3497,668093.0
2026-01-29 09:00:00,1769677200000,0.3497,0.35,0.3493,0.3494,508547.0
2026-01-29 09:15:00,1769678100000,0.3494,0.3495,0.3491,0.3492,464479.0
2026-01-29 09:30:00,1769679000000,0.3492,0.35,0.3491,0.3495,754491.0
2026-01-29 09:45:00,1769679900000,0.3495,0.3496,0.3486,0.3487,776556.0
2026-01-29 10:00:00,1769680800000,0.3487,0.3488,0.3482,0.3482,1724032.0
2026-01-29 10:15:00,1769681700000,0.3482,0.3487,0.348,0.3484,680394.0
2026-01-29 10:30:00,1769682600000,0.3484,0.3484,0.3474,0.3476,2066753.0
2026-01-29 10:45:00,1769683500000,0.3476,0.3485,0.3468,0.348,2305796.0
2026-01-29 11:00:00,1769684400000,0.348,0.3485,0.3467,0.3477,2891293.0
2026-01-29 11:15:00,1769685300000,0.3477,0.3478,0.346,0.3463,3823659.0
2026-01-29 11:30:00,1769686200000,0.3463,0.3467,0.346,0.3463,2062076.0
2026-01-29 11:45:00,1769687100000,0.3463,0.3468,0.3457,0.3463,2279266.0
2026-01-29 12:00:00,1769688000000,0.3463,0.3468,0.3459,0.3461,1866354.0
2026-01-29 12:15:00,1769688900000,0.3461,0.3465,0.3454,0.3454,1260331.0
2026-01-29 12:30:00,1769689800000,0.3454,0.3461,0.3439,0.3453,5669680.0
2026-01-29 12:45:00,1769690700000,0.3453,0.3457,0.3444,0.345,3174920.0
2026-01-29 13:00:00,1769691600000,0.345,0.3461,0.3448,0.346,1232769.0
2026-01-29 13:15:00,1769692500000,0.346,0.3465,0.3456,0.3465,985325.0
2026-01-29 13:30:00,1769693400000,0.3465,0.3465,0.3458,0.346,802456.0
2026-01-29 13:45:00,1769694300000,0.346,0.3464,0.3455,0.3463,622439.0
2026-01-29 14:00:00,1769695200000,0.3463,0.3469,0.3457,0.346,1407385.0
2026-01-29 14:15:00,1769696100000,0.346,0.3466,0.3443,0.3443,2499805.0
2026-01-29 14:30:00,1769697000000,0.3443,0.3456,0.3419,0.3424,15277415.0
2026-01-29 14:45:00,1769697900000,0.3424,0.3432,0.3382,0.3387,13545318.0
2026-01-29 15:00:00,1769698800000,0.3387,0.3389,0.3306,0.3315,41404539.0
2026-01-29 15:15:00,1769699700000,0.3315,0.3348,0.3307,0.3337,17741219.0
2026-01-29 15:30:00,1769700600000,0.3337,0.3348,0.3297,0.3305,14030847.0
2026-01-29 15:45:00,1769701500000,0.3305,0.3344,0.3293,0.333,8869016.0
2026-01-29 16:00:00,1769702400000,0.333,0.333,0.3301,0.3322,7504018.0
2026-01-29 16:15:00,1769703300000,0.3322,0.3336,0.331,0.3314,6036207.0
2026-01-29 16:30:00,1769704200000,0.3314,0.3334,0.331,0.3329,3764319.0
2026-01-29 16:45:00,1769705100000,0.3329,0.3363,0.3329,0.336,3582031.0
2026-01-29 17:00:00,1769706000000,0.336,0.3388,0.3359,0.3381,4870643.0
2026-01-29 17:15:00,1769706900000,0.3381,0.3406,0.3369,0.337,5252466.0
2026-01-29 17:30:00,1769707800000,0.337,0.3373,0.335,0.3357,2834478.0
2026-01-29 17:45:00,1769708700000,0.3357,0.3359,0.3332,0.3339,5413806.0
2026-01-29 18:00:00,1769709600000,0.3339,0.3351,0.3336,0.3341,2315128.0
2026-01-29 18:15:00,1769710500000,0.3341,0.3344,0.3295,0.3309,16677977.0
2026-01-29 18:30:00,1769711400000,0.3309,0.3326,0.3289,0.332,7466575.0
2026-01-29 18:45:00,1769712300000,0.332,0.332,0.3278,0.328,13863482.0
2026-01-29 19:00:00,1769713200000,0.328,0.3291,0.3268,0.3282,5310611.0
2026-01-29 19:15:00,1769714100000,0.3282,0.3291,0.3271,0.3285,4937959.0
2026-01-29 19:30:00,1769715000000,0.3285,0.3318,0.3285,0.3308,6631745.0
2026-01-29 19:45:00,1769715900000,0.3308,0.3319,0.3306,0.3306,1169912.0
2026-01-29 20:00:00,1769716800000,0.3306,0.3313,0.3298,0.3298,2780534.0
2026-01-29 20:15:00,1769717700000,0.3298,0.3323,0.3298,0.3314,2565451.0
2026-01-29 20:30:00,1769718600000,0.3314,0.3328,0.3312,0.3323,1637111.0
2026-01-29 20:45:00,1769719500000,0.3323,0.334,0.3319,0.3334,2737656.0
2026-01-29 21:00:00,1769720400000,0.3334,0.3354,0.3334,0.3347,2329667.0
2026-01-29 21:15:00,1769721300000,0.3347,0.335,0.3336,0.3345,1934128.0
2026-01-29 21:30:00,1769722200000,0.3345,0.3354,0.3336,0.3348,2988988.0
2026-01-29 21:45:00,1769723100000,0.3348,0.3359,0.3346,0.335,1091120.0
2026-01-29 22:00:00,1769724000000,0.335,0.3363,0.3345,0.3348,1973652.0
2026-01-29 22:15:00,1769724900000,0.3348,0.3355,0.3345,0.3355,535334.0
2026-01-29 22:30:00,1769725800000,0.3355,0.3362,0.3346,0.3351,1351141.0
2026-01-29 22:45:00,1769726700000,0.3351,0.3355,0.3345,0.3349,583794.0
2026-01-29 23:00:00,1769727600000,0.3349,0.3349,0.3328,0.3334,1461269.0
2026-01-29 23:15:00,1769728500000,0.3334,0.3344,0.3333,0.3335,1024212.0
2026-01-29 23:30:00,1769729400000,0.3335,0.3344,0.3332,0.3342,2148135.0
2026-01-29 23:45:00,1769730300000,0.3342,0.3348,0.334,0.3343,792304.0
2026-01-30 00:00:00,1769731200000,0.3343,0.3356,0.334,0.3341,3160521.0
2026-01-30 00:15:00,1769732100000,0.3341,0.3342,0.3332,0.3335,2764675.0
2026-01-30 00:30:00,1769733000000,0.3335,0.3343,0.3331,0.3338,894940.0
2026-01-30 00:45:00,1769733900000,0.3338,0.3346,0.3333,0.334,1088978.0
2026-01-30 01:00:00,1769734800000,0.334,0.3343,0.3333,0.3339,1075226.0
2026-01-30 01:15:00,1769735700000,0.3339,0.3347,0.3323,0.3336,3036589.0
2026-01-30 01:30:00,1769736600000,0.3336,0.3341,0.3178,0.323,95947716.0
2026-01-30 01:45:00,1769737500000,0.323,0.3273,0.3224,0.3266,14459870.0
2026-01-30 02:00:00,1769738400000,0.3266,0.3267,0.3243,0.3248,4792635.0
2026-01-30 02:15:00,1769739300000,0.3248,0.3257,0.3204,0.3221,8781498.0
2026-01-30 02:30:00,1769740200000,0.3221,0.3267,0.3212,0.3261,5620784.0
2026-01-30 02:45:00,1769741100000,0.3261,0.3268,0.3241,0.3247,2257102.0
2026-01-30 03:00:00,1769742000000,0.3247,0.3264,0.3242,0.3261,2230968.0
2026-01-30 03:15:00,1769742900000,0.3261,0.3261,0.325,0.3252,1902566.0
2026-01-30 03:30:00,1769743800000,0.3252,0.3256,0.3245,0.3251,3345371.0
2026-01-30 03:45:00,1769744700000,0.3251,0.3253,0.3245,0.3248,1925874.0
2026-01-30 04:00:00,1769745600000,0.3248,0.3267,0.3247,0.3263,2082227.0
2026-01-30 04:15:00,1769746500000,0.3263,0.3297,0.3261,0.3288,3508942.0
2026-01-30 04:30:00,1769747400000,0.3288,0.3293,0.3277,0.3284,1784374.0
2026-01-30 04:45:00,1769748300000,0.3284,0.329,0.3278,0.328,1546524.0
2026-01-30 05:00:00,1769749200000,0.328,0.3284,0.327,0.3274,2120217.0
2026-01-30 05:15:00,1769750100000,0.3274,0.3288,0.327,0.3284,770998.0
2026-01-30 05:30:00,1769751000000,0.3284,0.3287,0.3271,0.3272,1027828.0
2026-01-30 05:45:00,1769751900000,0.3272,0.3275,0.3264,0.3266,832877.0
2026-01-30 06:00:00,1769752800000,0.3266,0.3266,0.3247,0.3247,4679324.0
2026-01-30 06:15:00,1769753700000,0.3247,0.3249,0.322,0.3225,5075266.0
2026-01-30 06:30:00,1769754600000,0.3225,0.3228,0.3207,0.3208,5905571.0
2026-01-30 06:45:00,1769755500000,0.3208,0.3224,0.3195,0.3214,4866221.0
2026-01-30 07:00:00,1769756400000,0.3214,0.3264,0.3214,0.3255,5560695.0
2026-01-30 07:15:00,1769757300000,0.3255,0.3265,0.3248,0.3249,2843926.0
2026-01-30 07:30:00,1769758200000,0.3249,0.325,0.3231,0.3239,3170976.0
2026-01-30 07:45:00,1769759100000,0.3239,0.3261,0.3239,0.3252,1803966.0
2026-01-30 08:00:00,1769760000000,0.3252,0.3254,0.3241,0.325,1237506.0
2026-01-30 08:15:00,1769760900000,0.325,0.3255,0.324,0.3243,1374556.0
2026-01-30 08:30:00,1769761800000,0.3243,0.3243,0.3213,0.3223,3505354.0
2026-01-30 08:45:00,1769762700000,0.3223,0.3231,0.3217,0.3225,1922341.0
2026-01-30 09:00:00,1769763600000,0.3225,0.3235,0.3221,0.3226,2549416.0
2026-01-30 09:15:00,1769764500000,0.3226,0.3227,0.3206,0.3215,2768445.0
2026-01-30 09:30:00,1769765400000,0.3215,0.3236,0.3214,0.323,2214830.0
2026-01-30 09:45:00,1769766300000,0.323,0.323,0.3203,0.3221,2902673.0
2026-01-30 10:00:00,1769767200000,0.3221,0.3225,0.3211,0.3222,1504772.0
2026-01-30 10:15:00,1769768100000,0.3222,0.3237,0.3216,0.323,1246650.0
2026-01-30 10:30:00,1769769000000,0.323,0.3232,0.322,0.3222,1010943.0
2026-01-30 10:45:00,1769769900000,0.3222,0.3236,0.3221,0.3234,1025231.0
2026-01-30 11:00:00,1769770800000,0.3234,0.324,0.323,0.3236,1197670.0
2026-01-30 11:15:00,1769771700000,0.3236,0.3239,0.3231,0.3236,1025732.0
2026-01-30 11:30:00,1769772600000,0.3236,0.3252,0.3234,0.3244,1594568.0
2026-01-30 11:45:00,1769773500000,0.3244,0.329,0.3241,0.3276,3567096.0
2026-01-30 12:00:00,1769774400000,0.3276,0.3282,0.3262,0.3263,2475485.0
2026-01-30 12:15:00,1769775300000,0.3263,0.3266,0.3246,0.3251,1201734.0
2026-01-30 12:30:00,1769776200000,0.3251,0.3256,0.3247,0.3248,1256585.0
2026-01-30 12:45:00,1769777100000,0.3248,0.3255,0.3243,0.3251,996654.0
2026-01-30 13:00:00,1769778000000,0.3251,0.3256,0.3231,0.3244,1718425.0
2026-01-30 13:15:00,1769778900000,0.3244,0.3247,0.3234,0.3242,1241293.0
2026-01-30 13:30:00,1769779800000,0.3242,0.3258,0.3214,0.3243,8861041.0
2026-01-30 13:45:00,1769780700000,0.3243,0.3243,0.3224,0.3234,1705943.0
2026-01-30 14:00:00,1769781600000,0.3234,0.3263,0.3233,0.3251,3259932.0
2026-01-30 14:15:00,1769782500000,0.3251,0.3255,0.3246,0.3249,1385208.0
2026-01-30 14:30:00,1769783400000,0.3249,0.3279,0.3239,0.3274,6752539.0
2026-01-30 14:45:00,1769784300000,0.3274,0.3282,0.3239,0.3253,7892513.0
2026-01-30 15:00:00,1769785200000,0.3253,0.3279,0.3251,0.3261,9595053.0
2026-01-30 15:15:00,1769786100000,0.3261,0.327,0.3218,0.3221,6998968.0
2026-01-30 15:30:00,1769787000000,0.3221,0.327,0.3206,0.3262,7992399.0
2026-01-30 15:45:00,1769787900000,0.3262,0.3263,0.3244,0.3256,2341680.0
2026-01-30 16:00:00,1769788800000,0.3256,0.3267,0.3239,0.3263,7123636.0
2026-01-30 16:15:00,1769789700000,0.3263,0.3277,0.3233,0.3264,6047725.0
2026-01-30 16:30:00,1769790600000,0.3264,0.3283,0.3255,0.3274,4033208.0
2026-01-30 16:45:00,1769791500000,0.3274,0.3274,0.3252,0.3257,2061518.0
2026-01-30 17:00:00,1769792400000,0.3257,0.3259,0.3235,0.324,3023903.0
2026-01-30 17:15:00,1769793300000,0.324,0.3282,0.3237,0.3275,3300726.0
2026-01-30 17:30:00,1769794200000,0.3275,0.3276,0.3252,0.3264,2033451.0
2026-01-30 17:45:00,1769795100000,0.3264,0.3265,0.3249,0.3251,1353579.0
2026-01-30 18:00:00,1769796000000,0.3251,0.326,0.3225,0.3231,3234727.0
2026-01-30 18:15:00,1769796900000,0.3231,0.3231,0.3158,0.3209,18971266.0
2026-01-30 18:30:00,1769797800000,0.3209,0.3255,0.3192,0.3254,6978252.0
2026-01-30 18:45:00,1769798700000,0.3254,0.3307,0.3246,0.3287,11095740.0
2026-01-30 19:00:00,1769799600000,0.3287,0.3312,0.3284,0.3294,7800244.0
2026-01-30 19:15:00,1769800500000,0.3294,0.3317,0.3291,0.3303,3867993.0
2026-01-30 19:30:00,1769801400000,0.3303,0.3309,0.3285,0.3289,2962693.0
2026-01-30 19:45:00,1769802300000,0.3289,0.3309,0.3282,0.3289,2991740.0
2026-01-30 20:00:00,1769803200000,0.3289,0.329,0.3259,0.3273,3919995.0
2026-01-30 20:15:00,1769804100000,0.3273,0.3283,0.3248,0.3258,6288815.0
2026-01-30 20:30:00,1769805000000,0.3258,0.3274,0.3229,0.325,12136557.0
2026-01-30 20:45:00,1769805900000,0.325,0.3259,0.3232,0.3233,6829761.0
2026-01-30 21:00:00,1769806800000,0.3233,0.3248,0.3232,0.3243,5241787.0
2026-01-30 21:15:00,1769807700000,0.3243,0.327,0.3243,0.3245,4232321.0
2026-01-30 21:30:00,1769808600000,0.3245,0.3254,0.323,0.3233,2187865.0
2026-01-30 21:45:00,1769809500000,0.3233,0.3251,0.3231,0.3245,3869119.0
2026-01-30 22:00:00,1769810400000,0.3245,0.3249,0.3229,0.3229,1479997.0
2026-01-30 22:15:00,1769811300000,0.3229,0.3235,0.3217,0.3219,2688627.0
2026-01-30 22:30:00,1769812200000,0.3219,0.3236,0.3219,0.323,1035890.0
2026-01-30 22:45:00,1769813100000,0.323,0.3241,0.3228,0.3232,468776.0
2026-01-30 23:00:00,1769814000000,0.3232,0.3234,0.3208,0.3214,2650176.0
2026-01-30 23:15:00,1769814900000,0.3214,0.3218,0.32,0.3206,2490785.0
2026-01-30 23:30:00,1769815800000,0.3206,0.321,0.3198,0.3209,1375318.0
2026-01-30 23:45:00,1769816700000,0.3209,0.3215,0.3204,0.3207,1910403.0
2026-01-31 00:00:00,1769817600000,0.3207,0.3212,0.3201,0.321,1272767.0
2026-01-31 00:15:00,1769818500000,0.321,0.3211,0.3195,0.3202,2250847.0
2026-01-31 00:30:00,1769819400000,0.3202,0.3205,0.3189,0.3199,5994220.0
2026-01-31 00:45:00,1769820300000,0.3199,0.3204,0.3191,0.3199,1676214.0
2026-01-31 01:00:00,1769821200000,0.3199,0.3219,0.3199,0.3217,2242370.0
2026-01-31 01:15:00,1769822100000,0.3217,0.3221,0.321,0.3215,1193438.0
2026-01-31 01:30:00,1769823000000,0.3215,0.3215,0.3199,0.3213,1296113.0
2026-01-31 01:45:00,1769823900000,0.3213,0.3218,0.3208,0.3209,486808.0
2026-01-31 02:00:00,1769824800000,0.3209,0.3209,0.3191,0.3196,1377511.0
2026-01-31 02:15:00,1769825700000,0.3196,0.3196,0.3178,0.3186,3563418.0
2026-01-31 02:30:00,1769826600000,0.3186,0.3204,0.3182,0.3198,2693926.0
2026-01-31 02:45:00,1769827500000,0.3198,0.3205,0.3194,0.3196,1809622.0
2026-01-31 03:00:00,1769828400000,0.3196,0.3204,0.319,0.3195,1481795.0
2026-01-31 03:15:00,1769829300000,0.3195,0.32,0.3193,0.3194,949681.0
2026-01-31 03:30:00,1769830200000,0.3194,0.3199,0.319,0.3195,738542.0
2026-01-31 03:45:00,1769831100000,0.3195,0.3195,0.3181,0.3183,1016373.0
2026-01-31 04:00:00,1769832000000,0.3183,0.3189,0.3179,0.3181,1295342.0
2026-01-31 04:15:00,1769832900000,0.3181,0.3181,0.317,0.3172,2325776.0
2026-01-31 04:30:00,1769833800000,0.3172,0.3176,0.314,0.3148,10130944.0
2026-01-31 04:45:00,1769834700000,0.3148,0.3169,0.3147,0.3156,5798611.0
2026-01-31 05:00:00,1769835600000,0.3156,0.3159,0.3141,0.3151,3616588.0
2026-01-31 05:15:00,1769836500000,0.3151,0.3153,0.3135,0.3141,6261675.0
2026-01-31 05:30:00,1769837400000,0.3141,0.3146,0.3123,0.314,8744280.0
2026-01-31 05:45:00,1769838300000,0.314,0.3163,0.3139,0.3157,2932993.0
2026-01-31 06:00:00,1769839200000,0.3157,0.3162,0.3147,0.3149,1660192.0
2026-01-31 06:15:00,1769840100000,0.3149,0.3152,0.3119,0.3119,5825866.0
2026-01-31 06:30:00,1769841000000,0.3119,0.3131,0.3112,0.3118,6531624.0
2026-01-31 06:45:00,1769841900000,0.3118,0.3123,0.311,0.3113,2995553.0
2026-01-31 07:00:00,1769842800000,0.3113,0.3123,0.3113,0.3121,1755167.0
2026-01-31 07:15:00,1769843700000,0.3121,0.3129,0.312,0.3125,3031290.0
2026-01-31 07:30:00,1769844600000,0.3125,0.3126,0.3102,0.3113,7087974.0
2026-01-31 07:45:00,1769845500000,0.3113,0.3123,0.3113,0.3122,1410140.0
2026-01-31 08:00:00,1769846400000,0.3122,0.3126,0.3107,0.3114,2778816.0
2026-01-31 08:15:00,1769847300000,0.3114,0.3114,0.3087,0.3102,11843842.0
2026-01-31 08:30:00,1769848200000,0.3102,0.3104,0.3065,0.3082,17891837.0
2026-01-31 08:45:00,1769849100000,0.3082,0.3106,0.3074,0.31,7233507.0
2026-01-31 09:00:00,1769850000000,0.31,0.3117,0.31,0.3115,2315266.0
2026-01-31 09:15:00,1769850900000,0.3115,0.3119,0.3095,0.3102,2994770.0
2026-01-31 09:30:00,1769851800000,0.3102,0.3123,0.3102,0.311,2347395.0
2026-01-31 09:45:00,1769852700000,0.311,0.3113,0.3102,0.3109,696032.0
2026-01-31 10:00:00,1769853600000,0.3109,0.3111,0.31,0.3104,2396224.0
2026-01-31 10:15:00,1769854500000,0.3104,0.3121,0.3102,0.3119,1691667.0
2026-01-31 10:30:00,1769855400000,0.3119,0.3129,0.3117,0.3126,1731517.0
2026-01-31 10:45:00,1769856300000,0.3126,0.3126,0.3109,0.311,1923864.0
2026-01-31 11:00:00,1769857200000,0.311,0.3111,0.309,0.3092,3526368.0
2026-01-31 11:15:00,1769858100000,0.3092,0.3107,0.309,0.3106,2889102.0
2026-01-31 11:30:00,1769859000000,0.3106,0.3111,0.3104,0.3104,1651544.0
2026-01-31 11:45:00,1769859900000,0.3104,0.3105,0.3095,0.3102,1553656.0
2026-01-31 12:00:00,1769860800000,0.3102,0.3106,0.309,0.3094,2659946.0
2026-01-31 12:15:00,1769861700000,0.3094,0.3105,0.3094,0.3102,1534751.0
2026-01-31 12:30:00,1769862600000,0.3102,0.3104,0.3092,0.3101,1312680.0
2026-01-31 12:45:00,1769863500000,0.3101,0.3104,0.309,0.3098,2403482.0
2026-01-31 13:00:00,1769864400000,0.3098,0.3099,0.3086,0.3089,2638056.0
2026-01-31 13:15:00,1769865300000,0.3089,0.3094,0.3075,0.3085,3017132.0
2026-01-31 13:30:00,1769866200000,0.3085,0.3087,0.3068,0.3076,4774463.0
2026-01-31 13:45:00,1769867100000,0.3076,0.3082,0.3073,0.308,2018911.0
2026-01-31 14:00:00,1769868000000,0.308,0.3088,0.3041,0.3055,8544279.0
2026-01-31 14:15:00,1769868900000,0.3055,0.3058,0.2941,0.297,59830902.0
2026-01-31 14:30:00,1769869800000,0.297,0.2984,0.2934,0.2953,28481929.0
2026-01-31 14:45:00,1769870700000,0.2953,0.299,0.294,0.2982,16070367.0
2026-01-31 15:00:00,1769871600000,0.2982,0.3005,0.2975,0.2978,14353120.0
2026-01-31 15:15:00,1769872500000,0.2978,0.2982,0.2963,0.2978,4105085.0
2026-01-31 15:30:00,1769873400000,0.2978,0.2996,0.2971,0.2981,6858465.0
2026-01-31 15:45:00,1769874300000,0.2981,0.2985,0.2957,0.296,5306215.0
2026-01-31 16:00:00,1769875200000,0.296,0.2968,0.2941,0.296,9312781.0
2026-01-31 16:15:00,1769876100000,0.296,0.3003,0.294,0.297,24336253.0
2026-01-31 16:30:00,1769877000000,0.297,0.2978,0.2951,0.2955,6421169.0
2026-01-31 16:45:00,1769877900000,0.2955,0.2956,0.2905,0.2922,18548570.0
2026-01-31 17:00:00,1769878800000,0.2922,0.2932,0.2766,0.2832,131716250.0
2026-01-31 17:15:00,1769879700000,0.2832,0.2871,0.2832,0.285,27715172.0
2026-01-31 17:30:00,1769880600000,0.285,0.2865,0.2818,0.2841,16663603.0
2026-01-31 17:45:00,1769881500000,0.2841,0.2854,0.2818,0.2841,7992533.0
2026-01-31 18:00:00,1769882400000,0.2841,0.2869,0.284,0.2861,10775367.0
2026-01-31 18:15:00,1769883300000,0.2861,0.2861,0.2831,0.2849,11085891.0
2026-01-31 18:30:00,1769884200000,0.2849,0.2855,0.2681,0.2809,90280494.0
2026-01-31 18:45:00,1769885100000,0.2809,0.2864,0.279,0.2839,64689460.0
2026-01-31 19:00:00,1769886000000,0.2839,0.2865,0.2821,0.2849,30970552.0
2026-01-31 19:15:00,1769886900000,0.2849,0.2863,0.2828,0.2861,15115298.0
2026-01-31 19:30:00,1769887800000,0.2861,0.2868,0.283,0.2839,11577132.0
2026-01-31 19:45:00,1769888700000,0.2839,0.2861,0.2833,0.285,5441292.0
2026-01-31 20:00:00,1769889600000,0.285,0.2863,0.2834,0.2835,4981606.0
2026-01-31 20:15:00,1769890500000,0.2835,0.2873,0.2829,0.2832,7275901.0
2026-01-31 20:30:00,1769891400000,0.2832,0.2847,0.2814,0.2844,6837958.0
2026-01-31 20:45:00,1769892300000,0.2844,0.2861,0.2831,0.2853,3277455.0
2026-01-31 21:00:00,1769893200000,0.2853,0.2874,0.2843,0.2849,5591151.0
2026-01-31 21:15:00,1769894100000,0.2849,0.2885,0.2844,0.2881,10271183.0
2026-01-31 21:30:00,1769895000000,0.2881,0.2906,0.2868,0.29,7208251.0
2026-01-31 21:45:00,1769895900000,0.29,0.2914,0.2895,0.2907,4401257.0
2026-01-31 22:00:00,1769896800000,0.2907,0.291,0.2889,0.2889,6296552.0
2026-01-31 22:15:00,1769897700000,0.2889,0.2895,0.2877,0.2886,3231805.0
2026-01-31 22:30:00,1769898600000,0.2886,0.2889,0.2872,0.2874,2251766.0
2026-01-31 22:45:00,1769899500000,0.2874,0.289,0.287,0.2884,1210067.0
2026-01-31 23:00:00,1769900400000,0.2884,0.2897,0.288,0.2888,2563496.0
2026-01-31 23:15:00,1769901300000,0.2888,0.2955,0.2886,0.2942,17435445.0
2026-01-31 23:30:00,1769902200000,0.2942,0.295,0.2928,0.2932,7979343.0
2026-01-31 23:45:00,1769903100000,0.2932,0.294,0.2916,0.2934,4300874.0
2026-02-01 00:00:00,1769904000000,0.2934,0.2954,0.2932,0.2954,4478573.0
2026-02-01 00:15:00,1769904900000,0.2954,0.2965,0.2947,0.2953,4377078.0
2026-02-01 00:30:00,1769905800000,0.2953,0.2961,0.294,0.2944,2876005.0
2026-02-01 00:45:00,1769906700000,0.2944,0.2961,0.2944,0.2954,1972336.0
2026-02-01 01:00:00,1769907600000,0.2954,0.2957,0.2924,0.293,4358655.0
2026-02-01 01:15:00,1769908500000,0.293,0.2944,0.2913,0.2942,4611483.0
2026-02-01 01:30:00,1769909400000,0.2942,0.2944,0.2929,0.2933,2095872.0
2026-02-01 01:45:00,1769910300000,0.2933,0.2954,0.2933,0.2953,1239711.0
2026-02-01 02:00:00,1769911200000,0.2953,0.2964,0.2943,0.2959,2878976.0
2026-02-01 02:15:00,1769912100000,0.2959,0.2965,0.2939,0.2944,2310662.0
2026-02-01 02:30:00,1769913000000,0.2944,0.2956,0.2943,0.2952,1084457.0
2026-02-01 02:45:00,1769913900000,0.2952,0.2976,0.2951,0.2958,5440151.0
2026-02-01 03:00:00,1769914800000,0.2958,0.2965,0.2952,0.2963,1513959.0
2026-02-01 03:15:00,1769915700000,0.2963,0.2965,0.2949,0.2956,1254232.0
2026-02-01 03:30:00,1769916600000,0.2956,0.2958,0.2948,0.2951,1094102.0
2026-02-01 03:45:00,1769917500000,0.2951,0.296,0.2951,0.2956,843767.0
2026-02-01 04:00:00,1769918400000,0.2956,0.2974,0.2954,0.2969,5662634.0
2026-02-01 04:15:00,1769919300000,0.2969,0.2973,0.2956,0.296,2307118.0
2026-02-01 04:30:00,1769920200000,0.296,0.2971,0.2959,0.297,1475971.0
2026-02-01 04:45:00,1769921100000,0.297,0.2972,0.2964,0.2967,2147189.0
2026-02-01 05:00:00,1769922000000,0.2967,0.2971,0.2949,0.2959,3155007.0
2026-02-01 05:15:00,1769922900000,0.2959,0.2971,0.2953,0.2969,1677062.0
2026-02-01 05:30:00,1769923800000,0.2969,0.297,0.2947,0.2948,1759818.0
2026-02-01 05:45:00,1769924700000,0.2948,0.2952,0.294,0.2948,3657017.0
2026-02-01 06:00:00,1769925600000,0.2948,0.2961,0.2947,0.2957,1249705.0
2026-02-01 06:15:00,1769926500000,0.2957,0.2962,0.295,0.295,737106.0
2026-02-01 06:30:00,1769927400000,0.295,0.2955,0.2931,0.2942,3688981.0
2026-02-01 06:45:00,1769928300000,0.2942,0.2947,0.2935,0.2943,2213293.0
2026-02-01 07:00:00,1769929200000,0.2943,0.2946,0.2928,0.2934,3134397.0
2026-02-01 07:15:00,1769930100000,0.2934,0.2939,0.2927,0.2937,1660764.0
2026-02-01 07:30:00,1769931000000,0.2937,0.299,0.2934,0.2983,11244328.0
2026-02-01 07:45:00,1769931900000,0.2983,0.2984,0.2958,0.296,6483026.0
2026-02-01 08:00:00,1769932800000,0.296,0.2964,0.295,0.295,2764851.0
2026-02-01 08:15:00,1769933700000,0.295,0.296,0.2945,0.2953,3014130.0
2026-02-01 08:30:00,1769934600000,0.2953,0.2977,0.2951,0.2974,1714825.0
2026-02-01 08:45:00,1769935500000,0.2974,0.2974,0.2959,0.2964,2701495.0
2026-02-01 09:00:00,1769936400000,0.2964,0.2972,0.2958,0.2959,1189158.0
2026-02-01 09:15:00,1769937300000,0.2959,0.2959,0.2948,0.2951,1242449.0
2026-02-01 09:30:00,1769938200000,0.2951,0.2968,0.2951,0.2966,1484148.0
2026-02-01 09:45:00,1769939100000,0.2966,0.2979,0.296,0.2974,2699976.0
2026-02-01 10:00:00,1769940000000,0.2974,0.2978,0.2965,0.2974,1389672.0
2026-02-01 10:15:00,1769940900000,0.2974,0.2974,0.2959,0.2961,1778995.0
2026-02-01 10:30:00,1769941800000,0.2961,0.2962,0.2925,0.2926,7414355.0
2026-02-01 10:45:00,1769942700000,0.2926,0.2933,0.2916,0.2918,4606946.0
2026-02-01 11:00:00,1769943600000,0.2918,0.2935,0.2918,0.2935,2866200.0
2026-02-01 11:15:00,1769944500000,0.2935,0.2936,0.2929,0.2931,957312.0
2026-02-01 11:30:00,1769945400000,0.2931,0.2963,0.2931,0.2957,4752869.0
2026-02-01 11:45:00,1769946300000,0.2957,0.2961,0.2946,0.2952,2551387.0
2026-02-01 12:00:00,1769947200000,0.2952,0.2954,0.2942,0.2944,1174336.0
2026-02-01 12:15:00,1769948100000,0.2944,0.2944,0.2923,0.2936,6476172.0
2026-02-01 12:30:00,1769949000000,0.2936,0.2953,0.2929,0.2933,6185234.0
2026-02-01 12:45:00,1769949900000,0.2933,0.294,0.293,0.2932,3210094.0
2026-02-01 13:00:00,1769950800000,0.2932,0.2966,0.2932,0.296,6347689.0
2026-02-01 13:15:00,1769951700000,0.296,0.2961,0.295,0.2954,4122000.0
2026-02-01 13:30:00,1769952600000,0.2954,0.2956,0.2928,0.2942,8289026.0
2026-02-01 13:45:00,1769953500000,0.2942,0.2946,0.2923,0.2935,4900178.0
2026-02-01 14:00:00,1769954400000,0.2935,0.2943,0.2926,0.2929,2174848.0
2026-02-01 14:15:00,1769955300000,0.2929,0.2932,0.2907,0.291,5142627.0
2026-02-01 14:30:00,1769956200000,0.291,0.2921,0.2884,0.291,21130774.0
2026-02-01 14:45:00,1769957100000,0.291,0.2951,0.2906,0.2926,8377041.0
2026-02-01 15:00:00,1769958000000,0.2926,0.2927,0.2892,0.2894,8162727.0
2026-02-01 15:15:00,1769958900000,0.2894,0.2897,0.2857,0.2863,11092811.0
2026-02-01 15:30:00,1769959800000,0.2863,0.2882,0.2844,0.2867,16968256.0
2026-02-01 15:45:00,1769960700000,0.2867,0.291,0.2865,0.2892,12832851.0
2026-02-01 16:00:00,1769961600000,0.2892,0.2911,0.2874,0.2899,9391806.0
2026-02-01 16:15:00,1769962500000,0.2899,0.2915,0.2863,0.2898,7424154.0
2026-02-01 16:30:00,1769963400000,0.2898,0.2903,0.2866,0.2868,3513651.0
2026-02-01 16:45:00,1769964300000,0.2868,0.2882,0.2863,0.2875,3829317.0
2026-02-01 17:00:00,1769965200000,0.2875,0.2885,0.2868,0.2876,2624824.0
2026-02-01 17:15:00,1769966100000,0.2876,0.2878,0.2853,0.2864,4033142.0
2026-02-01 17:30:00,1769967000000,0.2864,0.2869,0.2845,0.2855,4945517.0
2026-02-01 17:45:00,1769967900000,0.2855,0.2872,0.2845,0.287,2705927.0
2026-02-01 18:00:00,1769968800000,0.287,0.2919,0.287,0.2917,11158527.0
2026-02-01 18:15:00,1769969700000,0.2917,0.2928,0.2896,0.291,6815741.0
2026-02-01 18:30:00,1769970600000,0.291,0.291,0.2892,0.2894,2558050.0
2026-02-01 18:45:00,1769971500000,0.2894,0.2903,0.2888,0.2901,2233093.0
2026-02-01 19:00:00,1769972400000,0.2901,0.2909,0.2882,0.2888,2398009.0
2026-02-01 19:15:00,1769973300000,0.2888,0.2891,0.2875,0.2885,3066579.0
2026-02-01 19:30:00,1769974200000,0.2885,0.2893,0.2877,0.2881,1407329.0
2026-02-01 19:45:00,1769975100000,0.2881,0.2881,0.2852,0.2867,6712653.0
2026-02-01 20:00:00,1769976000000,0.2867,0.2878,0.2856,0.2861,3005926.0
2026-02-01 20:15:00,1769976900000,0.2861,0.2875,0.2841,0.2843,5300904.0
2026-02-01 20:30:00,1769977800000,0.2843,0.2907,0.2843,0.2888,5259793.0
2026-02-01 20:45:00,1769978700000,0.2888,0.289,0.2871,0.2875,2997429.0
2026-02-01 21:00:00,1769979600000,0.2875,0.2878,0.2848,0.2864,4039363.0
2026-02-01 21:15:00,1769980500000,0.2864,0.2867,0.285,0.2861,2359535.0
2026-02-01 21:30:00,1769981400000,0.2861,0.2878,0.2856,0.2865,2072080.0
2026-02-01 21:45:00,1769982300000,0.2865,0.2872,0.2846,0.2859,5567485.0
2026-02-01 22:00:00,1769983200000,0.2859,0.2909,0.2856,0.2897,6768779.0
2026-02-01 22:15:00,1769984100000,0.2897,0.2898,0.2859,0.2878,5477785.0
2026-02-01 22:30:00,1769985000000,0.2878,0.2901,0.2878,0.2888,1832559.0
2026-02-01 22:45:00,1769985900000,0.2888,0.2893,0.2871,0.2881,1918850.0
2026-02-01 23:00:00,1769986800000,0.2881,0.2885,0.2787,0.2846,28652326.0
2026-02-01 23:15:00,1769987700000,0.2846,0.2875,0.2819,0.2866,15993063.0
2026-02-01 23:30:00,1769988600000,0.2866,0.2904,0.2857,0.2882,6603802.0
2026-02-01 23:45:00,1769989500000,0.2882,0.2882,0.2852,0.2855,6945207.0
2026-02-02 00:00:00,1769990400000,0.2855,0.2885,0.2831,0.2874,7327254.0
2026-02-02 00:15:00,1769991300000,0.2874,0.2914,0.2872,0.2906,9543340.0
2026-02-02 00:30:00,1769992200000,0.2906,0.2919,0.2895,0.2907,3191564.0
2026-02-02 00:45:00,1769993100000,0.2907,0.2914,0.2887,0.289,3887027.0
2026-02-02 01:00:00,1769994000000,0.289,0.2912,0.2856,0.2861,6601993.0
2026-02-02 01:15:00,1769994900000,0.2861,0.2933,0.2852,0.2928,9314383.0
2026-02-02 01:30:00,1769995800000,0.2928,0.2929,0.2907,0.2914,3055659.0
2026-02-02 01:45:00,1769996700000,0.2914,0.292,0.2896,0.2905,1809371.0
2026-02-02 02:00:00,1769997600000,0.2905,0.2909,0.2885,0.2891,2963886.0
2026-02-02 02:15:00,1769998500000,0.2891,0.2916,0.2891,0.2902,2751838.0
2026-02-02 02:30:00,1769999400000,0.2902,0.2908,0.2876,0.2884,4151150.0
2026-02-02 02:45:00,1770000300000,0.2884,0.2888,0.2867,0.2872,2718621.0
2026-02-02 03:00:00,1770001200000,0.2872,0.2879,0.2834,0.2837,6429552.0
2026-02-02 03:15:00,1770002100000,0.2837,0.284,0.2772,0.2781,34633715.0
2026-02-02 03:30:00,1770003000000,0.2781,0.2801,0.276,0.2772,22889374.0
2026-02-02 03:45:00,1770003900000,0.2772,0.2874,0.2771,0.2862,23506493.0
2026-02-02 04:00:00,1770004800000,0.2862,0.2866,0.2815,0.282,6702719.0
2026-02-02 04:15:00,1770005700000,0.282,0.289,0.2818,0.2886,9742693.0
2026-02-02 04:30:00,1770006600000,0.2886,0.2898,0.2871,0.2875,7308575.0
2026-02-02 04:45:00,1770007500000,0.2875,0.2875,0.2844,0.2847,3850141.0
2026-02-02 05:00:00,1770008400000,0.2847,0.2849,0.281,0.2818,7958314.0
2026-02-02 05:15:00,1770009300000,0.2818,0.282,0.2775,0.2787,10524925.0
2026-02-02 05:30:00,1770010200000,0.2787,0.28,0.2765,0.2784,15530738.0
2026-02-02 05:45:00,1770011100000,0.2784,0.2813,0.2775,0.2794,8343581.0
2026-02-02 06:00:00,1770012000000,0.2794,0.2798,0.2759,0.2792,12204894.0
2026-02-02 06:15:00,1770012900000,0.2792,0.2824,0.2785,0.2799,8323676.0
2026-02-02 06:30:00,1770013800000,0.2799,0.2882,0.2756,0.2843,46938984.0
2026-02-02 06:45:00,1770014700000,0.2843,0.2861,0.2818,0.2842,13896486.0
2026-02-02 07:00:00,1770015600000,0.2842,0.287,0.2831,0.2845,10096146.0
2026-02-02 07:15:00,1770016500000,0.2845,0.2858,0.2832,0.2842,4158865.0
2026-02-02 07:30:00,1770017400000,0.2842,0.2865,0.2841,0.2858,5512480.0
2026-02-02 07:45:00,1770018300000,0.2858,0.2874,0.2839,0.284,6040844.0
2026-02-02 08:00:00,1770019200000,0.284,0.286,0.284,0.2851,4078459.0
2026-02-02 08:15:00,1770020100000,0.2851,0.287,0.2848,0.2856,5216027.0
2026-02-02 08:30:00,1770021000000,0.2856,0.2884,0.2855,0.2872,6536663.0
2026-02-02 08:45:00,1770021900000,0.2872,0.2898,0.2867,0.2889,5542599.0
2026-02-02 09:00:00,1770022800000,0.2889,0.2894,0.2872,0.2879,5972688.0
2026-02-02 09:15:00,1770023700000,0.2879,0.2913,0.2873,0.291,7542386.0
2026-02-02 09:30:00,1770024600000,0.291,0.2925,0.2891,0.2904,9772252.0
2026-02-02 09:45:00,1770025500000,0.2904,0.293,0.2903,0.292,11744811.0
2026-02-02 10:00:00,1770026400000,0.292,0.2929,0.2915,0.2924,3338944.0
2026-02-02 10:15:00,1770027300000,0.2924,0.2928,0.2914,0.2923,4519555.0
2026-02-02 10:30:00,1770028200000,0.2923,0.2934,0.2912,0.2916,4774051.0
2026-02-02 10:45:00,1770029100000,0.2916,0.2921,0.2912,0.292,970550.0
2026-02-02 11:00:00,1770030000000,0.292,0.2939,0.2917,0.2937,4745120.0
2026-02-02 11:15:00,1770030900000,0.2937,0.2937,0.2928,0.2936,2087523.0
2026-02-02 11:30:00,1770031800000,0.2936,0.2948,0.293,0.2937,5560650.0
2026-02-02 11:45:00,1770032700000,0.2937,0.2941,0.292,0.2922,8737559.0
2026-02-02 12:00:00,1770033600000,0.2922,0.2938,0.2922,0.2937,3476126.0
2026-02-02 12:15:00,1770034500000,0.2937,0.2963,0.2935,0.2951,7320809.0
2026-02-02 12:30:00,1770035400000,0.2951,0.2959,0.2946,0.2948,3613821.0
2026-02-02 12:45:00,1770036300000,0.2948,0.2963,0.2946,0.2956,2369533.0
2026-02-02 13:00:00,1770037200000,0.2956,0.2956,0.2944,0.2949,4196660.0
2026-02-02 13:15:00,1770038100000,0.2949,0.2968,0.2945,0.2956,3644582.0
2026-02-02 13:30:00,1770039000000,0.2956,0.2966,0.2951,0.296,3081068.0
2026-02-02 13:45:00,1770039900000,0.296,0.2972,0.2957,0.2964,4358727.0
2026-02-02 14:00:00,1770040800000,0.2964,0.2967,0.2946,0.296,6315583.0
2026-02-02 14:15:00,1770041700000,0.296,0.2981,0.2954,0.2977,7253228.0
2026-02-02 14:30:00,1770042600000,0.2977,0.3024,0.2975,0.3005,23059532.0
2026-02-02 14:45:00,1770043500000,0.3005,0.302,0.298,0.2983,10340954.0
2026-02-02 15:00:00,1770044400000,0.2983,0.3008,0.2976,0.3,9275976.0
2026-02-02 15:15:00,1770045300000,0.3,0.3015,0.299,0.2992,9066124.0
2026-02-02 15:30:00,1770046200000,0.2992,0.3022,0.298,0.3009,8744984.0
2026-02-02 15:45:00,1770047100000,0.3009,0.3024,0.2998,0.3012,6551109.0
2026-02-02 16:00:00,1770048000000,0.3012,0.3018,0.2999,0.3008,3519407.0
2026-02-02 16:15:00,1770048900000,0.3008,0.3024,0.3007,0.3024,2548272.0
2026-02-02 16:30:00,1770049800000,0.3024,0.3025,0.3006,0.3015,2181689.0
2026-02-02 16:45:00,1770050700000,0.3015,0.3015,0.2994,0.3002,2719854.0
2026-02-02 17:00:00,1770051600000,0.3002,0.3015,0.2998,0.3011,2023607.0
2026-02-02 17:15:00,1770052500000,0.3011,0.3015,0.3002,0.3005,1677797.0
2026-02-02 17:30:00,1770053400000,0.3005,0.3013,0.2988,0.2994,6570599.0
2026-02-02 17:45:00,1770054300000,0.2994,0.3006,0.299,0.3002,3484276.0
2026-02-02 18:00:00,1770055200000,0.3002,0.3005,0.2992,0.2997,2333052.0
2026-02-02 18:15:00,1770056100000,0.2997,0.3005,0.2993,0.3001,2322155.0
2026-02-02 18:30:00,1770057000000,0.3001,0.3033,0.3001,0.3015,6913684.0
2026-02-02 18:45:00,1770057900000,0.3015,0.3025,0.3015,0.3023,1435476.0
2026-02-02 19:00:00,1770058800000,0.3023,0.303,0.3019,0.3024,1666761.0
2026-02-02 19:15:00,1770059700000,0.3024,0.3026,0.3009,0.3014,1758810.0
2026-02-02 19:30:00,1770060600000,0.3014,0.3014,0.3002,0.3007,1615312.0
2026-02-02 19:45:00,1770061500000,0.3007,0.3011,0.2997,0.2999,2021707.0
2026-02-02 20:00:00,1770062400000,0.2999,0.301,0.2993,0.2999,2008888.0
2026-02-02 20:15:00,1770063300000,0.2999,0.3012,0.2998,0.3003,1239334.0
2026-02-02 20:30:00,1770064200000,0.3003,0.3004,0.2984,0.2985,5153884.0
2026-02-02 20:45:00,1770065100000,0.2985,0.2999,0.2976,0.2991,6606389.0
2026-02-02 21:00:00,1770066000000,0.2991,0.3008,0.2989,0.3003,2122618.0
2026-02-02 21:15:00,1770066900000,0.3003,0.3006,0.2994,0.2997,1750031.0
2026-02-02 21:30:00,1770067800000,0.2997,0.3012,0.2996,0.3005,2406445.0
2026-02-02 21:45:00,1770068700000,0.3005,0.3012,0.3003,0.3005,2282145.0
2026-02-02 22:00:00,1770069600000,0.3005,0.3009,0.2999,0.3003,1756933.0
2026-02-02 22:15:00,1770070500000,0.3003,0.3003,0.2993,0.2997,1077576.0
2026-02-02 22:30:00,1770071400000,0.2997,0.3006,0.2996,0.3003,686942.0
2026-02-02 22:45:00,1770072300000,0.3003,0.3004,0.2996,0.3002,658565.0
2026-02-02 23:00:00,1770073200000,0.3002,0.3004,0.2989,0.2994,1412019.0
2026-02-02 23:15:00,1770074100000,0.2994,0.2997,0.2986,0.2989,1973596.0
2026-02-02 23:30:00,1770075000000,0.2989,0.2996,0.2986,0.2992,1395186.0
2026-02-02 23:45:00,1770075900000,0.2992,0.2993,0.2985,0.2989,1036531.0
2026-02-03 00:00:00,1770076800000,0.2989,0.2994,0.2972,0.298,3223870.0
2026-02-03 00:15:00,1770077700000,0.298,0.2998,0.2979,0.2996,2169030.0
2026-02-03 00:30:00,1770078600000,0.2996,0.3,0.2986,0.2999,3111693.0
2026-02-03 00:45:00,1770079500000,0.2999,0.3002,0.2987,0.2999,1211115.0
2026-02-03 01:00:00,1770080400000,0.2999,0.3002,0.2983,0.299,1766897.0
2026-02-03 01:15:00,1770081300000,0.299,0.2995,0.2976,0.2988,1794315.0
2026-02-03 01:30:00,1770082200000,0.2988,0.299,0.2979,0.2989,832905.0
2026-02-03 01:45:00,1770083100000,0.2989,0.2998,0.2986,0.2997,1560291.0
2026-02-03 02:00:00,1770084000000,0.2997,0.2998,0.2962,0.2967,3829938.0
2026-02-03 02:15:00,1770084900000,0.2967,0.2977,0.2963,0.2968,1205028.0
2026-02-03 02:30:00,1770085800000,0.2968,0.2971,0.2955,0.2958,4189961.0
2026-02-03 02:45:00,1770086700000,0.2958,0.2959,0.2938,0.2943,4631533.0
2026-02-03 03:00:00,1770087600000,0.2943,0.2954,0.2933,0.2949,3333266.0
2026-02-03 03:15:00,1770088500000,0.2949,0.2958,0.2933,0.2957,2107507.0
2026-02-03 03:30:00,1770089400000,0.2957,0.2977,0.2954,0.2976,3594986.0
2026-02-03 03:45:00,1770090300000,0.2976,0.2996,0.2973,0.2991,5778792.0
2026-02-03 04:00:00,1770091200000,0.2991,0.2995,0.2977,0.2994,5929128.0
2026-02-03 04:15:00,1770092100000,0.2994,0.2996,0.2981,0.2982,1612390.0
2026-02-03 04:30:00,1770093000000,0.2982,0.3017,0.2982,0.3016,2542143.0
2026-02-03 04:45:00,1770093900000,0.3016,0.3017,0.3009,0.3011,1815168.0
2026-02-03 05:00:00,1770094800000,0.3011,0.3014,0.2988,0.2989,1621248.0
2026-02-03 05:15:00,1770095700000,0.2989,0.3,0.2984,0.2992,2418103.0
2026-02-03 05:30:00,1770096600000,0.2992,0.2998,0.2985,0.2987,1458203.0
2026-02-03 05:45:00,1770097500000,0.2987,0.2994,0.2975,0.2977,2258274.0
2026-02-03 06:00:00,1770098400000,0.2977,0.2982,0.296,0.2962,5479664.0
2026-02-03 06:15:00,1770099300000,0.2962,0.2985,0.2954,0.2979,6098034.0
2026-02-03 06:30:00,1770100200000,0.2979,0.2985,0.2972,0.2972,1006837.0
2026-02-03 06:45:00,1770101100000,0.2972,0.2982,0.297,0.2978,1181887.0
2026-02-03 07:00:00,1770102000000,0.2978,0.2989,0.2968,0.2978,1850769.0
2026-02-03 07:15:00,1770102900000,0.2978,0.2984,0.2972,0.2981,1944949.0
2026-02-03 07:30:00,1770103800000,0.2981,0.3007,0.298,0.2996,2577649.0
2026-02-03 07:45:00,1770104700000,0.2996,0.2998,0.299,0.2991,1169914.0
2026-02-03 08:00:00,1770105600000,0.2991,0.2996,0.298,0.2982,2988534.0
2026-02-03 08:15:00,1770106500000,0.2982,0.3007,0.2979,0.2999,2313957.0
2026-02-03 08:30:00,1770107400000,0.2999,0.3006,0.299,0.3003,2319282.0
2026-02-03 08:45:00,1770108300000,0.3003,0.3003,0.2975,0.2979,2096307.0
2026-02-03 09:00:00,1770109200000,0.2979,0.299,0.2955,0.2957,7498318.0
2026-02-03 09:15:00,1770110100000,0.2957,0.2962,0.2934,0.2942,13296414.0
2026-02-03 09:30:00,1770111000000,0.2942,0.2964,0.294,0.2959,9090986.0
2026-02-03 09:45:00,1770111900000,0.2959,0.2967,0.2956,0.2961,1257409.0
2026-02-03 10:00:00,1770112800000,0.2961,0.297,0.2957,0.2964,1389600.0
2026-02-03 10:15:00,1770113700000,0.2964,0.2966,0.2955,0.2962,1568620.0
2026-02-03 10:30:00,1770114600000,0.2962,0.2963,0.2946,0.2949,2649590.0
2026-02-03 10:45:00,1770115500000,0.2949,0.2957,0.2946,0.2956,3287567.0
2026-02-03 11:00:00,1770116400000,0.2956,0.2968,0.2956,0.2965,1969947.0
2026-02-03 11:15:00,1770117300000,0.2965,0.2972,0.2961,0.2964,1554343.0
2026-02-03 11:30:00,1770118200000,0.2964,0.2975,0.2961,0.2971,2086795.0
2026-02-03 11:45:00,1770119100000,0.2971,0.2977,0.2969,0.2971,1921513.0
2026-02-03 12:00:00,1770120000000,0.2971,0.2989,0.2961,0.2981,3704637.0
2026-02-03 12:15:00,1770120900000,0.2981,0.2994,0.2975,0.2989,1843241.0
2026-02-03 12:30:00,1770121800000,0.2989,0.2991,0.298,0.2986,2704351.0
2026-02-03 12:45:00,1770122700000,0.2986,0.2997,0.2985,0.2989,3036939.0
2026-02-03 13:00:00,1770123600000,0.2989,0.2999,0.2984,0.299,1344983.0
2026-02-03 13:15:00,1770124500000,0.299,0.2992,0.298,0.2992,1956062.0
2026-02-03 13:30:00,1770125400000,0.2992,0.2994,0.2984,0.2984,1144644.0
2026-02-03 13:45:00,1770126300000,0.2984,0.3002,0.2981,0.2994,2038983.0
2026-02-03 14:00:00,1770127200000,0.2994,0.3,0.299,0.2996,897585.0
2026-02-03 14:15:00,1770128100000,0.2996,0.3001,0.2983,0.2996,2250591.0
2026-02-03 14:30:00,1770129000000,0.2996,0.3,0.2962,0.2974,9359428.0
2026-02-03 14:45:00,1770129900000,0.2974,0.2985,0.2938,0.2938,13843404.0
2026-02-03 15:00:00,1770130800000,0.2938,0.2973,0.293,0.2939,16606703.0
2026-02-03 15:15:00,1770131700000,0.2939,0.3018,0.2935,0.3003,29321411.0
2026-02-03 15:30:00,1770132600000,0.3003,0.3029,0.2987,0.2989,10246982.0
2026-02-03 15:45:00,1770133500000,0.2989,0.3049,0.2986,0.3039,15970366.0
2026-02-03 16:00:00,1770134400000,0.3039,0.3039,0.2995,0.3003,8795014.0
2026-02-03 16:15:00,1770135300000,0.3003,0.3006,0.297,0.2971,15983479.0
2026-02-03 16:30:00,1770136200000,0.2971,0.2976,0.2952,0.2962,10800750.0
2026-02-03 16:45:00,1770137100000,0.2962,0.2962,0.2943,0.2953,8126483.0
2026-02-03 17:00:00,1770138000000,0.2953,0.2959,0.2908,0.2911,20554920.0
2026-02-03 17:15:00,1770138900000,0.2911,0.293,0.2904,0.2917,9795883.0
2026-02-03 17:30:00,1770139800000,0.2917,0.2919,0.2879,0.288,9193219.0
2026-02-03 17:45:00,1770140700000,0.288,0.2904,0.2867,0.2871,9832756.0
2026-02-03 18:00:00,1770141600000,0.2871,0.2891,0.2862,0.2864,10704856.0
2026-02-03 18:15:00,1770142500000,0.2864,0.2871,0.2828,0.2843,27803589.0
2026-02-03 18:30:00,1770143400000,0.2843,0.2859,0.2833,0.2838,8648766.0
2026-02-03 18:45:00,1770144300000,0.2838,0.2844,0.2815,0.2821,13147318.0
2026-02-03 19:00:00,1770145200000,0.2821,0.2912,0.2817,0.2904,23461770.0
2026-02-03 19:15:00,1770146100000,0.2904,0.2936,0.2897,0.2925,16310054.0
2026-02-03 19:30:00,1770147000000,0.2925,0.2962,0.2923,0.294,11220447.0
2026-02-03 19:45:00,1770147900000,0.294,0.2952,0.2921,0.2946,8660694.0
2026-02-03 20:00:00,1770148800000,0.2946,0.2952,0.2908,0.2913,7763237.0
2026-02-03 20:15:00,1770149700000,0.2913,0.2977,0.2906,0.2962,17478451.0
2026-02-03 20:30:00,1770150600000,0.2962,0.3046,0.296,0.3009,33977116.0
2026-02-03 20:45:00,1770151500000,0.3009,0.3027,0.299,0.301,8702589.0
2026-02-03 21:00:00,1770152400000,0.301,0.3037,0.3008,0.3017,10775934.0
2026-02-03 21:15:00,1770153300000,0.3017,0.302,0.299,0.2992,4693338.0
2026-02-03 21:30:00,1770154200000,0.2992,0.2999,0.2972,0.2976,3273107.0
2026-02-03 21:45:00,1770155100000,0.2976,0.2983,0.2958,0.2966,3134875.0
2026-02-03 22:00:00,1770156000000,0.2966,0.2968,0.2936,0.294,4557161.0
2026-02-03 22:15:00,1770156900000,0.294,0.2951,0.2927,0.2945,2672669.0
2026-02-03 22:30:00,1770157800000,0.2945,0.296,0.2939,0.2945,2566645.0
2026-02-03 22:45:00,1770158700000,0.2945,0.2945,0.2916,0.2925,3044093.0
2026-02-03 23:00:00,1770159600000,0.2925,0.293,0.29,0.2925,4560854.0
2026-02-03 23:15:00,1770160500000,0.2925,0.2927,0.2911,0.2914,2110740.0
2026-02-03 23:30:00,1770161400000,0.2914,0.2922,0.2909,0.2915,2459095.0
2026-02-03 23:45:00,1770162300000,0.2915,0.2917,0.2895,0.2916,6121463.0
2026-02-04 00:00:00,1770163200000,0.2916,0.2916,0.2905,0.2906,1485202.0
2026-02-04 00:15:00,1770164100000,0.2906,0.2934,0.2906,0.2934,2299423.0
2026-02-04 00:30:00,1770165000000,0.2934,0.2955,0.2931,0.2947,2085693.0
2026-02-04 00:45:00,1770165900000,0.2947,0.2952,0.2938,0.2941,1571066.0
2026-02-04 01:00:00,1770166800000,0.2941,0.2987,0.2941,0.2986,3413430.0
2026-02-04 01:15:00,1770167700000,0.2986,0.2994,0.2977,0.2979,3668617.0
2026-02-04 01:30:00,1770168600000,0.2979,0.2987,0.2976,0.298,2316578.0
2026-02-04 01:45:00,1770169500000,0.298,0.2981,0.2966,0.2971,2217439.0
2026-02-04 02:00:00,1770170400000,0.2971,0.2975,0.2964,0.2972,2380822.0
2026-02-04 02:15:00,1770171300000,0.2972,0.2977,0.2957,0.2962,1763695.0
2026-02-04 02:30:00,1770172200000,0.2962,0.2965,0.294,0.2951,1847760.0
2026-02-04 02:45:00,1770173100000,0.2951,0.2955,0.2941,0.2949,2101933.0
2026-02-04 03:00:00,1770174000000,0.2949,0.2994,0.2946,0.2986,5056420.0
2026-02-04 03:15:00,1770174900000,0.2986,0.2989,0.2975,0.2979,1928689.0
2026-02-04 03:30:00,1770175800000,0.2979,0.3017,0.2979,0.3004,8079285.0
2026-02-04 03:45:00,1770176700000,0.3004,0.3014,0.3003,0.3009,2681288.0
2026-02-04 04:00:00,1770177600000,0.3009,0.3026,0.3005,0.3018,4551514.0
2026-02-04 04:15:00,1770178500000,0.3018,0.3019,0.2998,0.3002,2114978.0
2026-02-04 04:30:00,1770179400000,0.3002,0.3006,0.2996,0.3002,517275.0
2026-02-04 04:45:00,1770180300000,0.3002,0.3002,0.2992,0.2994,1404037.0
2026-02-04 05:00:00,1770181200000,0.2994,0.2998,0.299,0.2994,1659928.0
2026-02-04 05:15:00,1770182100000,0.2994,0.2995,0.2983,0.2987,948720.0
2026-02-04 05:30:00,1770183000000,0.2987,0.2988,0.2976,0.2979,757746.0
2026-02-04 05:45:00,1770183900000,0.2979,0.2985,0.2961,0.2971,3273846.0
2026-02-04 06:00:00,1770184800000,0.2971,0.2996,0.2971,0.2992,1809987.0
2026-02-04 06:15:00,1770185700000,0.2992,0.2994,0.2979,0.2984,724475.0
2026-02-04 06:30:00,1770186600000,0.2984,0.2999,0.298,0.2996,1292830.0
2026-02-04 06:45:00,1770187500000,0.2996,0.3003,0.2989,0.2991,2271808.0
2026-02-04 07:00:00,1770188400000,0.2991,0.2992,0.2975,0.2991,2609134.0
2026-02-04 07:15:00,1770189300000,0.2991,0.2995,0.2984,0.2995,1719069.0
2026-02-04 07:30:00,1770190200000,0.2995,0.301,0.2991,0.3004,3574132.0
2026-02-04 07:45:00,1770191100000,0.3004,0.3006,0.2995,0.2996,1191081.0
2026-02-04 08:00:00,1770192000000,0.2996,0.3001,0.2988,0.2995,1778861.0
2026-02-04 08:15:00,1770192900000,0.2995,0.3002,0.2985,0.299,1607242.0
2026-02-04 08:30:00,1770193800000,0.299,0.3006,0.2987,0.3005,1279177.0
2026-02-04 08:45:00,1770194700000,0.3005,0.3025,0.3005,0.3021,4303408.0
2026-02-04 09:00:00,1770195600000,0.3021,0.3022,0.3008,0.3009,3682741.0
2026-02-04 09:15:00,1770196500000,0.3009,0.3013,0.2997,0.3001,2345307.0
2026-02-04 09:30:00,1770197400000,0.3001,0.3007,0.2985,0.2988,5466661.0
2026-02-04 09:45:00,1770198300000,0.2988,0.3001,0.2987,0.2999,895256.0
2026-02-04 10:00:00,1770199200000,0.2999,0.3005,0.2994,0.2997,1535826.0
2026-02-04 10:15:00,1770200100000,0.2997,0.3006,0.2997,0.3004,2051938.0
2026-02-04 10:30:00,1770201000000,0.3004,0.3007,0.2993,0.2994,896005.0
2026-02-04 10:45:00,1770201900000,0.2994,0.2998,0.2992,0.2996,455384.0
2026-02-04 11:00:00,1770202800000,0.2996,0.2996,0.2939,0.2954,18657967.0
2026-02-04 11:15:00,1770203700000,0.2954,0.2978,0.2948,0.2965,12527081.0
2026-02-04 11:30:00,1770204600000,0.2965,0.2988,0.2962,0.2972,3368491.0
2026-02-04 11:45:00,1770205500000,0.2972,0.2976,0.2967,0.297,1562577.0
2026-02-04 12:00:00,1770206400000,0.297,0.2973,0.2964,0.2966,1099381.0
2026-02-04 12:15:00,1770207300000,0.2966,0.2976,0.2953,0.2954,3790305.0
2026-02-04 12:30:00,1770208200000,0.2954,0.2966,0.2953,0.2961,864072.0
2026-02-04 12:45:00,1770209100000,0.2961,0.2966,0.2955,0.2963,1259609.0
2026-02-04 13:00:00,1770210000000,0.2963,0.2966,0.2954,0.296,1657526.0
2026-02-04 13:15:00,1770210900000,0.296,0.2961,0.294,0.2943,3419574.0
2026-02-04 13:30:00,1770211800000,0.2943,0.2951,0.2928,0.2932,6013560.0
2026-02-04 13:45:00,1770212700000,0.2932,0.2939,0.2912,0.2914,7055501.0
2026-02-04 14:00:00,1770213600000,0.2914,0.2927,0.2907,0.2921,4155605.0
2026-02-04 14:15:00,1770214500000,0.2921,0.2924,0.2911,0.2916,2609723.0
2026-02-04 14:30:00,1770215400000,0.2916,0.2938,0.2886,0.2907,15372764.0
2026-02-04 14:45:00,1770216300000,0.2907,0.2926,0.2859,0.2868,14887706.0
2026-02-04 15:00:00,1770217200000,0.2868,0.2908,0.2853,0.2897,17958297.0
2026-02-04 15:15:00,1770218100000,0.2897,0.2909,0.2875,0.2888,8548490.0
2026-02-04 15:30:00,1770219000000,0.2888,0.2891,0.2831,0.2861,19657229.0
2026-02-04 15:45:00,1770219900000,0.2861,0.2869,0.2844,0.2863,7643240.0
2026-02-04 16:00:00,1770220800000,0.2863,0.2887,0.2847,0.2868,13075522.0
2026-02-04 16:15:00,1770221700000,0.2868,0.2871,0.2838,0.2861,19570104.0
2026-02-04 16:30:00,1770222600000,0.2861,0.2865,0.2823,0.2831,9982777.0
2026-02-04 16:45:00,1770223500000,0.2831,0.2864,0.2827,0.2856,6308426.0
2026-02-04 17:00:00,1770224400000,0.2856,0.2875,0.2835,0.2864,8421472.0
2026-02-04 17:15:00,1770225300000,0.2864,0.288,0.2828,0.283,7966209.0
2026-02-04 17:30:00,1770226200000,0.283,0.2853,0.2817,0.2848,14983033.0
2026-02-04 17:45:00,1770227100000,0.2848,0.2861,0.2833,0.2855,6406075.0
2026-02-04 18:00:00,1770228000000,0.2855,0.2856,0.2818,0.2827,14290941.0
2026-02-04 18:15:00,1770228900000,0.2827,0.2873,0.2811,0.2855,13455670.0
2026-02-04 18:30:00,1770229800000,0.2855,0.2914,0.2847,0.2906,18697440.0
2026-02-04 18:45:00,1770230700000,0.2906,0.2907,0.2871,0.2874,6415352.0
2026-02-04 19:00:00,1770231600000,0.2874,0.29,0.2871,0.2878,5444773.0
2026-02-04 19:15:00,1770232500000,0.2878,0.2895,0.2862,0.287,4297122.0
2026-02-04 19:30:00,1770233400000,0.287,0.2899,0.2868,0.2897,2341199.0
2026-02-04 19:45:00,1770234300000,0.2897,0.2933,0.2893,0.2922,11797506.0
2026-02-04 20:00:00,1770235200000,0.2922,0.2929,0.29,0.2902,4223070.0
2026-02-04 20:15:00,1770236100000,0.2902,0.2916,0.2901,0.2905,2772227.0
2026-02-04 20:30:00,1770237000000,0.2905,0.2906,0.2891,0.2895,1811831.0
2026-02-04 20:45:00,1770237900000,0.2895,0.2899,0.2887,0.2892,1638004.0
2026-02-04 21:00:00,1770238800000,0.2892,0.2902,0.2873,0.2883,4767831.0
2026-02-04 21:15:00,1770239700000,0.2883,0.2884,0.2859,0.2866,4161143.0
2026-02-04 21:30:00,1770240600000,0.2866,0.2873,0.2842,0.2848,3801834.0
2026-02-04 21:45:00,1770241500000,0.2848,0.2855,0.2825,0.2852,7641216.0
2026-02-04 22:00:00,1770242400000,0.2852,0.2853,0.2794,0.282,10988579.0
2026-02-04 22:15:00,1770243300000,0.282,0.2894,0.2819,0.2889,6624205.0
2026-02-04 22:30:00,1770244200000,0.2889,0.2895,0.2835,0.284,6430681.0
2026-02-04 22:45:00,1770245100000,0.284,0.2855,0.2826,0.2832,2851686.0
2026-02-04 23:00:00,1770246000000,0.2832,0.2844,0.2825,0.2844,4166656.0
2026-02-04 23:15:00,1770246900000,0.2844,0.288,0.2838,0.287,10433856.0
2026-02-04 23:30:00,1770247800000,0.287,0.2883,0.2863,0.2867,5995126.0
2026-02-04 23:45:00,1770248700000,0.2867,0.2878,0.2859,0.2862,3315462.0
2026-02-05 00:00:00,1770249600000,0.2862,0.2865,0.2848,0.2851,2916518.0
2026-02-05 00:15:00,1770250500000,0.2851,0.2875,0.2848,0.2871,3934517.0
2026-02-05 00:30:00,1770251400000,0.2871,0.2871,0.2847,0.2866,2633964.0
2026-02-05 00:45:00,1770252300000,0.2866,0.2876,0.2858,0.2862,3390898.0
2026-02-05 01:00:00,1770253200000,0.2862,0.2889,0.2859,0.2882,2658592.0
2026-02-05 01:15:00,1770254100000,0.2882,0.2894,0.2836,0.2886,7360266.0
2026-02-05 01:30:00,1770255000000,0.2886,0.2898,0.2855,0.2875,14338493.0
2026-02-05 01:45:00,1770255900000,0.2875,0.2878,0.2858,0.2858,2478357.0
2026-02-05 02:00:00,1770256800000,0.2858,0.2868,0.2844,0.2844,4577041.0
2026-02-05 02:15:00,1770257700000,0.2844,0.2869,0.2835,0.2866,5757384.0
2026-02-05 02:30:00,1770258600000,0.2866,0.2892,0.2865,0.2882,8454104.0
2026-02-05 02:45:00,1770259500000,0.2882,0.2882,0.2835,0.284,8972963.0
2026-02-05 03:00:00,1770260400000,0.284,0.2866,0.2831,0.2849,6251861.0
2026-02-05 03:15:00,1770261300000,0.2849,0.2864,0.2827,0.2849,6648867.0
2026-02-05 03:30:00,1770262200000,0.2849,0.2849,0.283,0.2835,4266025.0
2026-02-05 03:45:00,1770263100000,0.2835,0.2837,0.282,0.2826,2923659.0
2026-02-05 04:00:00,1770264000000,0.2826,0.285,0.2814,0.2822,10071627.0
2026-02-05 04:15:00,1770264900000,0.2822,0.2843,0.2812,0.2826,10808906.0
2026-02-05 04:30:00,1770265800000,0.2826,0.2848,0.2814,0.2846,6458182.0
2026-02-05 04:45:00,1770266700000,0.2846,0.285,0.2823,0.2831,4201342.0
2026-02-05 05:00:00,1770267600000,0.2831,0.284,0.2818,0.2831,3252000.0
2026-02-05 05:15:00,1770268500000,0.2831,0.2837,0.2796,0.2811,12465991.0
2026-02-05 05:30:00,1770269400000,0.2811,0.2865,0.2804,0.2855,8825641.0
2026-02-05 05:45:00,1770270300000,0.2855,0.2858,0.2833,0.2836,9204512.0
2026-02-05 06:00:00,1770271200000,0.2836,0.2841,0.2806,0.2813,8592299.0
2026-02-05 06:15:00,1770272100000,0.2813,0.2819,0.2793,0.2797,5435156.0
2026-02-05 06:30:00,1770273000000,0.2797,0.2816,0.2797,0.2806,3087162.0
2026-02-05 06:45:00,1770273900000,0.2806,0.2812,0.2782,0.2795,7435559.0
2026-02-05 07:00:00,1770274800000,0.2795,0.2835,0.2792,0.2803,8644542.0
2026-02-05 07:15:00,1770275700000,0.2803,0.2829,0.2799,0.2823,4913055.0
2026-02-05 07:30:00,1770276600000,0.2823,0.2824,0.2794,0.2803,3411838.0
2026-02-05 07:45:00,1770277500000,0.2803,0.2807,0.2786,0.2792,3134847.0
2026-02-05 08:00:00,1770278400000,0.2792,0.2804,0.2791,0.2797,2391269.0
2026-02-05 08:15:00,1770279300000,0.2797,0.2812,0.2791,0.2806,3109726.0
2026-02-05 08:30:00,1770280200000,0.2806,0.2826,0.2805,0.2816,4370080.0
2026-02-05 08:45:00,1770281100000,0.2816,0.2824,0.2804,0.2805,3022823.0
2026-02-05 09:00:00,1770282000000,0.2805,0.2837,0.2804,0.2827,6865469.0
2026-02-05 09:15:00,1770282900000,0.2827,0.2839,0.281,0.2816,4041692.0
2026-02-05 09:30:00,1770283800000,0.2816,0.2817,0.2793,0.2793,4608241.0
2026-02-05 09:45:00,1770284700000,0.2793,0.2805,0.2792,0.2801,2070064.0
2026-02-05 10:00:00,1770285600000,0.2801,0.2804,0.2776,0.2788,5045842.0
2026-02-05 10:15:00,1770286500000,0.2788,0.2802,0.2787,0.2795,3136321.0
2026-02-05 10:30:00,1770287400000,0.2795,0.2798,0.2762,0.2765,6388765.0
2026-02-05 10:45:00,1770288300000,0.2765,0.2765,0.271,0.2727,28243937.0
2026-02-05 11:00:00,1770289200000,0.2727,0.2738,0.2708,0.2712,10154681.0
2026-02-05 11:15:00,1770290100000,0.2712,0.2728,0.267,0.2677,24680598.0
2026-02-05 11:30:00,1770291000000,0.2677,0.2745,0.2674,0.2734,15339574.0
2026-02-05 11:45:00,1770291900000,0.2734,0.2738,0.2712,0.2719,5406193.0
2026-02-05 12:00:00,1770292800000,0.2719,0.2732,0.2712,0.2718,6591974.0
2026-02-05 12:15:00,1770293700000,0.2718,0.273,0.2689,0.2718,17210020.0
2026-02-05 12:30:00,1770294600000,0.2718,0.2731,0.2707,0.2714,6848253.0
2026-02-05 12:45:00,1770295500000,0.2714,0.2728,0.2703,0.2719,6280850.0
2026-02-05 13:00:00,1770296400000,0.2719,0.2744,0.2717,0.2721,7017140.0
2026-02-05 13:15:00,1770297300000,0.2721,0.2722,0.2698,0.2704,4079863.0
2026-02-05 13:30:00,1770298200000,0.2704,0.2724,0.2701,0.2705,6464367.0
2026-02-05 13:45:00,1770299100000,0.2705,0.2708,0.2692,0.2699,2610813.0
2026-02-05 14:00:00,1770300000000,0.2699,0.2733,0.2698,0.2711,15858598.0
2026-02-05 14:15:00,1770300900000,0.2711,0.2735,0.2702,0.2732,3634286.0
2026-02-05 14:30:00,1770301800000,0.2732,0.2777,0.2726,0.2758,20271091.0
2026-02-05 14:45:00,1770302700000,0.2758,0.2773,0.271,0.2716,15085715.0
2026-02-05 15:00:00,1770303600000,0.2716,0.2725,0.2629,0.2639,46881146.0
2026-02-05 15:15:00,1770304500000,0.2639,0.2672,0.2583,0.2596,69098440.0
2026-02-05 15:30:00,1770305400000,0.2596,0.2639,0.2573,0.2637,52221569.0
2026-02-05 15:45:00,1770306300000,0.2637,0.2674,0.2611,0.2622,25094125.0
2026-02-05 16:00:00,1770307200000,0.2622,0.2632,0.2597,0.2602,21037497.0
2026-02-05 16:15:00,1770308100000,0.2602,0.2668,0.2598,0.2653,29198859.0
2026-02-05 16:30:00,1770309000000,0.2653,0.2675,0.2622,0.2627,11642066.0
2026-02-05 16:45:00,1770309900000,0.2627,0.2673,0.2606,0.2652,18465494.0
2026-02-05 17:00:00,1770310800000,0.2652,0.2662,0.2583,0.2595,15437982.0
2026-02-05 17:15:00,1770311700000,0.2595,0.2635,0.255,0.2628,36655725.0
2026-02-05 17:30:00,1770312600000,0.2628,0.2636,0.2577,0.26,24535992.0
2026-02-05 17:45:00,1770313500000,0.26,0.2611,0.2576,0.2578,10331102.0
2026-02-05 18:00:00,1770314400000,0.2578,0.26,0.2572,0.2589,11279264.0
2026-02-05 18:15:00,1770315300000,0.2589,0.2594,0.2547,0.2561,26880971.0
2026-02-05 18:30:00,1770316200000,0.2561,0.257,0.2536,0.2546,10428096.0
2026-02-05 18:45:00,1770317100000,0.2546,0.2594,0.2534,0.2586,17800436.0
2026-02-05 19:00:00,1770318000000,0.2586,0.259,0.2554,0.2562,8567006.0
2026-02-05 19:15:00,1770318900000,0.2562,0.2578,0.254,0.2554,7068953.0
2026-02-05 19:30:00,1770319800000,0.2554,0.2564,0.254,0.2542,6672253.0
2026-02-05 19:45:00,1770320700000,0.2542,0.255,0.2528,0.2535,10304766.0
2026-02-05 20:00:00,1770321600000,0.2535,0.2559,0.2529,0.2535,12461581.0
2026-02-05 20:15:00,1770322500000,0.2535,0.2537,0.2433,0.2466,89280641.0
2026-02-05 20:30:00,1770323400000,0.2466,0.2533,0.2455,0.2501,54529045.0
2026-02-05 20:45:00,1770324300000,0.2501,0.2506,0.2444,0.2475,31856795.0
2026-02-05 21:00:00,1770325200000,0.2475,0.2545,0.2471,0.2478,43938240.0
2026-02-05 21:15:00,1770326100000,0.2478,0.2515,0.2447,0.2501,19148717.0
2026-02-05 21:30:00,1770327000000,0.2501,0.2516,0.2464,0.2475,10906840.0
2026-02-05 21:45:00,1770327900000,0.2475,0.249,0.2449,0.2469,9215575.0
2026-02-05 22:00:00,1770328800000,0.2469,0.2502,0.2451,0.248,15156896.0
2026-02-05 22:15:00,1770329700000,0.248,0.2513,0.2434,0.2505,17319435.0
2026-02-05 22:30:00,1770330600000,0.2505,0.2521,0.2481,0.2493,7378480.0
2026-02-05 22:45:00,1770331500000,0.2493,0.2518,0.2486,0.2492,3753547.0
2026-02-05 23:00:00,1770332400000,0.2492,0.2543,0.2483,0.2536,12916170.0
2026-02-05 23:15:00,1770333300000,0.2536,0.254,0.2497,0.2511,4793308.0
2026-02-05 23:30:00,1770334200000,0.2511,0.2517,0.2464,0.2468,13367975.0
2026-02-05 23:45:00,1770335100000,0.2468,0.2476,0.2442,0.2451,13039435.0
2026-02-06 00:00:00,1770336000000,0.2451,0.246,0.2255,0.2292,167708132.0
2026-02-06 00:15:00,1770336900000,0.2292,0.2355,0.2203,0.2317,344727093.0
2026-02-06 00:30:00,1770337800000,0.2317,0.2442,0.231,0.242,52607297.0
2026-02-06 00:45:00,1770338700000,0.242,0.2471,0.2406,0.2437,20483715.0
2026-02-06 01:00:00,1770339600000,0.2437,0.2485,0.2426,0.2455,18855647.0
2026-02-06 01:15:00,1770340500000,0.2455,0.2484,0.2452,0.2459,7843282.0
2026-02-06 01:30:00,1770341400000,0.2459,0.2488,0.2453,0.2479,8022052.0
2026-02-06 01:45:00,1770342300000,0.2479,0.2525,0.2475,0.2518,15008923.0
2026-02-06 02:00:00,1770343200000,0.2518,0.2536,0.2475,0.248,10923241.0
2026-02-06 02:15:00,1770344100000,0.248,0.2486,0.2444,0.2456,11090723.0
2026-02-06 02:30:00,1770345000000,0.2456,0.2486,0.2451,0.2472,8617771.0
2026-02-06 02:45:00,1770345900000,0.2472,0.2477,0.2444,0.2459,6863092.0
2026-02-06 03:00:00,1770346800000,0.2459,0.2481,0.2455,0.2458,10515558.0
2026-02-06 03:15:00,1770347700000,0.2458,0.248,0.2455,0.2476,6534160.0
2026-02-06 03:30:00,1770348600000,0.2476,0.2493,0.2474,0.2481,5850654.0
2026-02-06 03:45:00,1770349500000,0.2481,0.2489,0.2462,0.2487,5947281.0
2026-02-06 04:00:00,1770350400000,0.2487,0.2498,0.2477,0.2494,4416815.0
2026-02-06 04:15:00,1770351300000,0.2494,0.2526,0.2493,0.2516,5314874.0
2026-02-06 04:30:00,1770352200000,0.2516,0.2519,0.2493,0.2501,4309100.0
2026-02-06 04:45:00,1770353100000,0.2501,0.2514,0.2501,0.251,3507521.0
2026-02-06 05:00:00,1770354000000,0.251,0.2552,0.2506,0.2548,10386755.0
2026-02-06 05:15:00,1770354900000,0.2548,0.2553,0.2534,0.2549,5084318.0
2026-02-06 05:30:00,1770355800000,0.2549,0.2562,0.2547,0.2555,4901331.0
2026-02-06 05:45:00,1770356700000,0.2555,0.2587,0.2549,0.2577,10572853.0
2026-02-06 06:00:00,1770357600000,0.2577,0.2592,0.2574,0.2582,8277779.0
2026-02-06 06:15:00,1770358500000,0.2582,0.2586,0.2557,0.257,8043736.0
2026-02-06 06:30:00,1770359400000,0.257,0.2575,0.2541,0.2549,7088858.0
2026-02-06 06:45:00,1770360300000,0.2549,0.2559,0.2536,0.2542,6836225.0
2026-02-06 07:00:00,1770361200000,0.2542,0.2543,0.2517,0.253,7042846.0
2026-02-06 07:15:00,1770362100000,0.253,0.2535,0.2515,0.2531,6960750.0
2026-02-06 07:30:00,1770363000000,0.2531,0.2545,0.2526,0.2531,6308997.0
2026-02-06 07:45:00,1770363900000,0.2531,0.2539,0.2508,0.2513,5930741.0
2026-02-06 08:00:00,1770364800000,0.2513,0.2525,0.2502,0.2522,5694878.0
2026-02-06 08:15:00,1770365700000,0.2522,0.2523,0.2493,0.2505,8520804.0
2026-02-06 08:30:00,1770366600000,0.2505,0.2513,0.2486,0.2496,7533513.0
2026-02-06 08:45:00,1770367500000,0.2496,0.2518,0.2492,0.2508,5042211.0
2026-02-06 09:00:00,1770368400000,0.2508,0.2511,0.2498,0.2505,3097230.0
2026-02-06 09:15:00,1770369300000,0.2505,0.2542,0.2498,0.2539,8759339.0
2026-02-06 09:30:00,1770370200000,0.2539,0.2569,0.2537,0.2561,9322299.0
2026-02-06 09:45:00,1770371100000,0.2561,0.2576,0.255,0.2568,3675968.0
2026-02-06 10:00:00,1770372000000,0.2568,0.2579,0.2561,0.2574,4359251.0
2026-02-06 10:15:00,1770372900000,0.2574,0.2605,0.2574,0.26,6847522.0
2026-02-06 10:30:00,1770373800000,0.26,0.2625,0.2598,0.262,8814429.0
2026-02-06 10:45:00,1770374700000,0.262,0.2621,0.2608,0.2618,3315777.0
2026-02-06 11:00:00,1770375600000,0.2618,0.2618,0.2603,0.2614,3886971.0
2026-02-06 11:15:00,1770376500000,0.2614,0.2625,0.2605,0.261,3793279.0
2026-02-06 11:30:00,1770377400000,0.261,0.2635,0.2609,0.2623,4383436.0
2026-02-06 11:45:00,1770378300000,0.2623,0.2626,0.2611,0.2613,2904081.0
2026-02-06 12:00:00,1770379200000,0.2613,0.2613,0.2596,0.2605,4031727.0
2026-02-06 12:15:00,1770380100000,0.2605,0.2617,0.2597,0.2614,2563637.0
2026-02-06 12:30:00,1770381000000,0.2614,0.2621,0.261,0.2614,2011907.0
2026-02-06 12:45:00,1770381900000,0.2614,0.2624,0.2609,0.2623,1902066.0
2026-02-06 13:00:00,1770382800000,0.2623,0.2641,0.2617,0.2636,5518400.0
2026-02-06 13:15:00,1770383700000,0.2636,0.2648,0.2619,0.263,10801415.0
2026-02-06 13:30:00,1770384600000,0.263,0.265,0.2623,0.2644,6222532.0
2026-02-06 13:45:00,1770385500000,0.2644,0.2662,0.2642,0.2644,10376500.0
2026-02-06 14:00:00,1770386400000,0.2644,0.2649,0.2628,0.2645,7508127.0
2026-02-06 14:15:00,1770387300000,0.2645,0.2645,0.2619,0.263,6154996.0
2026-02-06 14:30:00,1770388200000,0.263,0.2684,0.2629,0.2684,20734598.0
2026-02-06 14:45:00,1770389100000,0.2684,0.2721,0.2674,0.2709,14422559.0
2026-02-06 15:00:00,1770390000000,0.2709,0.2715,0.2689,0.269,10739723.0
2026-02-06 15:15:00,1770390900000,0.269,0.2715,0.2685,0.2706,5877360.0
2026-02-06 15:30:00,1770391800000,0.2706,0.2739,0.2703,0.2736,10764088.0
2026-02-06 15:45:00,1770392700000,0.2736,0.2744,0.2719,0.2733,9140423.0
2026-02-06 16:00:00,1770393600000,0.2733,0.2775,0.2723,0.2771,10617716.0
2026-02-06 16:15:00,1770394500000,0.2771,0.2796,0.2756,0.2782,13149589.0
2026-02-06 16:30:00,1770395400000,0.2782,0.2799,0.2775,0.279,10581007.0
2026-02-06 16:45:00,1770396300000,0.279,0.2804,0.2772,0.2781,8864326.0
2026-02-06 17:00:00,1770397200000,0.2781,0.2797,0.2766,0.2783,8695759.0
2026-02-06 17:15:00,1770398100000,0.2783,0.2828,0.278,0.2823,13345139.0
2026-02-06 17:30:00,1770399000000,0.2823,0.2841,0.2801,0.2823,9701628.0
2026-02-06 17:45:00,1770399900000,0.2823,0.2832,0.2794,0.2803,7391540.0
2026-02-06 18:00:00,1770400800000,0.2803,0.2809,0.2755,0.2767,17490880.0
2026-02-06 18:15:00,1770401700000,0.2767,0.2772,0.2747,0.276,9198600.0
2026-02-06 18:30:00,1770402600000,0.276,0.2788,0.2756,0.2781,4894668.0
2026-02-06 18:45:00,1770403500000,0.2781,0.2789,0.2766,0.2774,4128851.0
2026-02-06 19:00:00,1770404400000,0.2774,0.2784,0.2762,0.2767,4861311.0
2026-02-06 19:15:00,1770405300000,0.2767,0.2782,0.2757,0.2771,5013985.0
2026-02-06 19:30:00,1770406200000,0.2771,0.2781,0.2764,0.2774,2334230.0
2026-02-06 19:45:00,1770407100000,0.2774,0.2784,0.277,0.278,4836639.0
2026-02-06 20:00:00,1770408000000,0.278,0.2785,0.2756,0.2759,4403051.0
2026-02-06 20:15:00,1770408900000,0.2759,0.2764,0.2746,0.2762,3104681.0
2026-02-06 20:30:00,1770409800000,0.2762,0.2787,0.2757,0.2763,7527458.0
2026-02-06 20:45:00,1770410700000,0.2763,0.2774,0.2751,0.2755,5141844.0
2026-02-06 21:00:00,1770411600000,0.2755,0.276,0.2737,0.275,5270378.0
2026-02-06 21:15:00,1770412500000,0.275,0.2769,0.2746,0.2765,2949509.0
2026-02-06 21:30:00,1770413400000,0.2765,0.2765,0.2749,0.2759,1959706.0
2026-02-06 21:45:00,1770414300000,0.2759,0.2765,0.2753,0.2762,1784617.0
2026-02-06 22:00:00,1770415200000,0.2762,0.2776,0.2758,0.2766,4026727.0
2026-02-06 22:15:00,1770416100000,0.2766,0.2777,0.2763,0.2773,2167539.0
2026-02-06 22:30:00,1770417000000,0.2773,0.2798,0.2771,0.2777,5748879.0
2026-02-06 22:45:00,1770417900000,0.2777,0.2794,0.2775,0.2789,1588943.0
2026-02-06 23:00:00,1770418800000,0.2789,0.2805,0.2774,0.2774,4896414.0
2026-02-06 23:15:00,1770419700000,0.2774,0.2774,0.2755,0.2762,4656738.0
2026-02-06 23:30:00,1770420600000,0.2762,0.2776,0.2761,0.2763,1931273.0
2026-02-06 23:45:00,1770421500000,0.2763,0.2768,0.2757,0.2758,477288.0
2026-02-07 00:00:00,1770422400000,0.2758,0.276,0.2735,0.275,6781761.0
2026-02-07 00:15:00,1770423300000,0.275,0.2756,0.2734,0.2735,4071309.0
2026-02-07 00:30:00,1770424200000,0.2735,0.2737,0.2718,0.2722,13976512.0
2026-02-07 00:45:00,1770425100000,0.2722,0.2743,0.272,0.2729,4918210.0
2026-02-07 01:00:00,1770426000000,0.2729,0.2729,0.2706,0.2708,3538065.0
2026-02-07 01:15:00,1770426900000,0.2708,0.2731,0.2706,0.2723,4129667.0
2026-02-07 01:30:00,1770427800000,0.2723,0.2735,0.2718,0.2731,2561831.0
2026-02-07 01:45:00,1770428700000,0.2731,0.2748,0.2729,0.2743,3705422.0
2026-02-07 02:00:00,1770429600000,0.2743,0.2744,0.2728,0.273,2369553.0
2026-02-07 02:15:00,1770430500000,0.273,0.274,0.2727,0.2734,1110401.0
2026-02-07 02:30:00,1770431400000,0.2734,0.2738,0.2727,0.2729,1698098.0
2026-02-07 02:45:00,1770432300000,0.2729,0.2729,0.2717,0.2727,2039341.0
2026-02-07 03:00:00,1770433200000,0.2727,0.2763,0.2725,0.2758,8784867.0
2026-02-07 03:15:00,1770434100000,0.2758,0.2761,0.2748,0.2758,2189033.0
2026-02-07 03:30:00,1770435000000,0.2758,0.276,0.2748,0.2757,2806947.0
2026-02-07 03:45:00,1770435900000,0.2757,0.2761,0.275,0.2758,1888860.0
2026-02-07 04:00:00,1770436800000,0.2758,0.2773,0.2754,0.277,5789303.0
2026-02-07 04:15:00,1770437700000,0.277,0.2777,0.2752,0.2754,7919874.0
2026-02-07 04:30:00,1770438600000,0.2754,0.2768,0.2734,0.2735,6515468.0
2026-02-07 04:45:00,1770439500000,0.2735,0.274,0.2732,0.2739,1938509.0
2026-02-07 05:00:00,1770440400000,0.2739,0.2759,0.2738,0.2751,5692937.0
2026-02-07 05:15:00,1770441300000,0.2751,0.2773,0.2734,0.274,11100093.0
2026-02-07 05:30:00,1770442200000,0.274,0.2748,0.2735,0.2739,1929767.0
2026-02-07 05:45:00,1770443100000,0.2739,0.2741,0.2728,0.2738,2381086.0
2026-02-07 06:00:00,1770444000000,0.2738,0.275,0.2736,0.2746,3116250.0
2026-02-07 06:15:00,1770444900000,0.2746,0.2746,0.2731,0.2744,2074756.0
2026-02-07 06:30:00,1770445800000,0.2744,0.275,0.2732,0.2735,1812135.0
2026-02-07 06:45:00,1770446700000,0.2735,0.274,0.2697,0.2697,9661279.0
2026-02-07 07:00:00,1770447600000,0.2697,0.2713,0.2675,0.2676,18104399.0
2026-02-07 07:15:00,1770448500000,0.2676,0.269,0.2653,0.2686,16972455.0
2026-02-07 07:30:00,1770449400000,0.2686,0.2705,0.2661,0.2694,6339260.0
2026-02-07 07:45:00,1770450300000,0.2694,0.2696,0.2677,0.268,3858868.0
2026-02-07 08:00:00,1770451200000,0.268,0.2689,0.2669,0.2683,5609094.0
2026-02-07 08:15:00,1770452100000,0.2683,0.2703,0.2675,0.2691,6736703.0
2026-02-07 08:30:00,1770453000000,0.2691,0.2702,0.2686,0.2691,3977937.0
2026-02-07 08:45:00,1770453900000,0.2691,0.2702,0.2691,0.2694,1448315.0
2026-02-07 09:00:00,1770454800000,0.2694,0.2698,0.2685,0.2697,2436841.0
2026-02-07 09:15:00,1770455700000,0.2697,0.2697,0.2677,0.2679,1679484.0
2026-02-07 09:30:00,1770456600000,0.2679,0.2686,0.2663,0.2672,6245062.0
2026-02-07 09:45:00,1770457500000,0.2672,0.2677,0.2666,0.2675,2281792.0
2026-02-07 10:00:00,1770458400000,0.2675,0.2682,0.267,0.2674,2258406.0
2026-02-07 10:15:00,1770459300000,0.2674,0.2678,0.2671,0.2673,1105700.0
2026-02-07 10:30:00,1770460200000,0.2673,0.2676,0.2659,0.2667,2889253.0
2026-02-07 10:45:00,1770461100000,0.2667,0.2672,0.266,0.2668,2034132.0
2026-02-07 11:00:00,1770462000000,0.2668,0.2674,0.2664,0.2666,1551405.0
2026-02-07 11:15:00,1770462900000,0.2666,0.2673,0.2664,0.2669,1499283.0
2026-02-07 11:30:00,1770463800000,0.2669,0.2675,0.2662,0.2663,1370726.0
2026-02-07 11:45:00,1770464700000,0.2663,0.2673,0.2663,0.267,2011347.0
2026-02-07 12:00:00,1770465600000,0.267,0.2708,0.2667,0.2702,5789585.0
2026-02-07 12:15:00,1770466500000,0.2702,0.2742,0.2698,0.2727,8612602.0
2026-02-07 12:30:00,1770467400000,0.2727,0.2742,0.2714,0.2716,5700389.0
2026-02-07 12:45:00,1770468300000,0.2716,0.2724,0.2711,0.2718,1957138.0
2026-02-07 13:00:00,1770469200000,0.2718,0.273,0.2705,0.2708,3191059.0
2026-02-07 13:15:00,1770470100000,0.2708,0.2715,0.2707,0.2711,1518305.0
2026-02-07 13:30:00,1770471000000,0.2711,0.2714,0.2695,0.2697,3005222.0
2026-02-07 13:45:00,1770471900000,0.2697,0.2709,0.2697,0.2708,1978663.0
2026-02-07 14:00:00,1770472800000,0.2708,0.2717,0.2706,0.2709,1282382.0
2026-02-07 14:15:00,1770473700000,0.2709,0.2718,0.2704,0.2711,598940.0
2026-02-07 14:30:00,1770474600000,0.2711,0.2712,0.269,0.27,7607882.0
2026-02-07 14:45:00,1770475500000,0.27,0.2701,0.2678,0.269,4899266.0
2026-02-07 15:00:00,1770476400000,0.269,0.2713,0.2686,0.2711,4762975.0
2026-02-07 15:15:00,1770477300000,0.2711,0.2727,0.2705,0.2723,3489004.0
2026-02-07 15:30:00,1770478200000,0.2723,0.2738,0.272,0.2724,3978669.0
2026-02-07 15:45:00,1770479100000,0.2724,0.2727,0.2717,0.2726,1435783.0
2026-02-07 16:00:00,1770480000000,0.2726,0.2785,0.2712,0.276,199720682.0
2026-02-07 16:15:00,1770480900000,0.276,0.2799,0.2732,0.2749,104800065.0
2026-02-07 16:30:00,1770481800000,0.2749,0.2752,0.2733,0.274,4518721.0
2026-02-07 16:45:00,1770482700000,0.274,0.2742,0.2726,0.273,1928256.0
2026-02-07 17:00:00,1770483600000,0.273,0.2734,0.2711,0.2714,4528337.0
2026-02-07 17:15:00,1770484500000,0.2714,0.2737,0.2714,0.2734,2943806.0
2026-02-07 17:30:00,1770485400000,0.2734,0.2747,0.2722,0.274,2515022.0
2026-02-07 17:45:00,1770486300000,0.274,0.2744,0.2728,0.2737,1837544.0
2026-02-07 18:00:00,1770487200000,0.2737,0.2748,0.2733,0.2733,1708366.0
2026-02-07 18:15:00,1770488100000,0.2733,0.2767,0.2732,0.2767,4129793.0
2026-02-07 18:30:00,1770489000000,0.2767,0.2783,0.2762,0.2772,5147978.0
2026-02-07 18:45:00,1770489900000,0.2772,0.2784,0.2766,0.2768,2742372.0
2026-02-07 19:00:00,1770490800000,0.2768,0.2768,0.275,0.2753,2319403.0
2026-02-07 19:15:00,1770491700000,0.2753,0.2759,0.2751,0.2754,1553050.0
2026-02-07 19:30:00,1770492600000,0.2754,0.2754,0.2741,0.2749,885707.0
2026-02-07 19:45:00,1770493500000,0.2749,0.2752,0.274,0.2745,1128981.0
2026-02-07 20:00:00,1770494400000,0.2745,0.2751,0.2739,0.2746,1078896.0
2026-02-07 20:15:00,1770495300000,0.2746,0.275,0.2742,0.2747,1064298.0
2026-02-07 20:30:00,1770496200000,0.2747,0.275,0.274,0.2743,1225164.0
2026-02-07 20:45:00,1770497100000,0.2743,0.2759,0.2743,0.2754,2521626.0
2026-02-07 21:00:00,1770498000000,0.2754,0.2759,0.274,0.2742,2412040.0
2026-02-07 21:15:00,1770498900000,0.2742,0.2744,0.2734,0.2738,1921535.0
2026-02-07 21:30:00,1770499800000,0.2738,0.2739,0.2733,0.2733,836012.0
2026-02-07 21:45:00,1770500700000,0.2733,0.2733,0.2725,0.2729,1894294.0
2026-02-07 22:00:00,1770501600000,0.2729,0.274,0.272,0.2727,1848497.0
2026-02-07 22:15:00,1770502500000,0.2727,0.273,0.2716,0.2728,1869620.0
2026-02-07 22:30:00,1770503400000,0.2728,0.2735,0.2726,0.2727,1086100.0
2026-02-07 22:45:00,1770504300000,0.2727,0.2728,0.2718,0.2723,978235.0
2026-02-07 23:00:00,1770505200000,0.2723,0.2727,0.2705,0.2714,3016878.0
2026-02-07 23:15:00,1770506100000,0.2714,0.2719,0.2702,0.2712,1757362.0
2026-02-07 23:30:00,1770507000000,0.2712,0.2719,0.271,0.2715,589226.0
2026-02-07 23:45:00,1770507900000,0.2715,0.2728,0.2715,0.2719,1613474.0
2026-02-08 00:00:00,1770508800000,0.2719,0.2722,0.2715,0.272,2469304.0
2026-02-08 00:15:00,1770509700000,0.272,0.272,0.2711,0.2713,1499146.0
2026-02-08 00:30:00,1770510600000,0.2713,0.272,0.2706,0.2706,1562927.0
2026-02-08 00:45:00,1770511500000,0.2706,0.2715,0.2703,0.2714,1900771.0
2026-02-08 01:00:00,1770512400000,0.2714,0.2733,0.2714,0.2732,2727003.0
2026-02-08 01:15:00,1770513300000,0.2732,0.2732,0.2712,0.2714,695005.0
2026-02-08 01:30:00,1770514200000,0.2714,0.2719,0.2713,0.2717,999086.0
2026-02-08 01:45:00,1770515100000,0.2717,0.2722,0.2713,0.272,696558.0
2026-02-08 02:00:00,1770516000000,0.272,0.2724,0.2716,0.272,1095713.0
2026-02-08 02:15:00,1770516900000,0.272,0.2728,0.271,0.2712,939660.0
2026-02-08 02:30:00,1770517800000,0.2712,0.2715,0.2698,0.2703,1465755.0
2026-02-08 02:45:00,1770518700000,0.2703,0.2707,0.2696,0.2704,1317080.0
2026-02-08 03:00:00,1770519600000,0.2704,0.2711,0.2697,0.2699,1206770.0
2026-02-08 03:15:00,1770520500000,0.2699,0.2711,0.2699,0.2705,2987551.0
2026-02-08 03:30:00,1770521400000,0.2705,0.2709,0.27,0.2704,871597.0
2026-02-08 03:45:00,1770522300000,0.2704,0.2706,0.2691,0.2695,3869609.0
2026-02-08 04:00:00,1770523200000,0.2695,0.2704,0.2688,0.2691,2301410.0
2026-02-08 04:15:00,1770524100000,0.2691,0.2705,0.2684,0.2701,1885314.0
2026-02-08 04:30:00,1770525000000,0.2701,0.2703,0.2693,0.2697,1011882.0
2026-02-08 04:45:00,1770525900000,0.2697,0.2707,0.2695,0.2707,1301233.0
2026-02-08 05:00:00,1770526800000,0.2707,0.2712,0.2699,0.2711,970320.0
2026-02-08 05:15:00,1770527700000,0.2711,0.2712,0.2703,0.2706,855098.0
2026-02-08 05:30:00,1770528600000,0.2706,0.2706,0.2697,0.2698,1021390.0
2026-02-08 05:45:00,1770529500000,0.2698,0.2702,0.2696,0.2701,669650.0
2026-02-08 06:00:00,1770530400000,0.2701,0.2709,0.2695,0.2707,1222802.0
2026-02-08 06:15:00,1770531300000,0.2707,0.2709,0.2703,0.2705,838493.0
2026-02-08 06:30:00,1770532200000,0.2705,0.2706,0.2696,0.2699,579906.0
2026-02-08 06:45:00,1770533100000,0.2699,0.2701,0.2695,0.27,554279.0
2026-02-08 07:00:00,1770534000000,0.27,0.2707,0.2696,0.2704,1966693.0
2026-02-08 07:15:00,1770534900000,0.2704,0.2706,0.2689,0.27,1890460.0
2026-02-08 07:30:00,1770535800000,0.27,0.2708,0.2698,0.2702,1401336.0
2026-02-08 07:45:00,1770536700000,0.2702,0.271,0.2702,0.2709,1784210.0
2026-02-08 08:00:00,1770537600000,0.2709,0.2721,0.2707,0.2711,1352041.0
2026-02-08 08:15:00,1770538500000,0.2711,0.2742,0.2705,0.2738,5232740.0
2026-02-08 08:30:00,1770539400000,0.2738,0.2761,0.2729,0.2744,5260965.0
2026-02-08 08:45:00,1770540300000,0.2744,0.2758,0.2742,0.2754,3363531.0
2026-02-08 09:00:00,1770541200000,0.2754,0.2755,0.2737,0.2739,3329651.0
2026-02-08 09:15:00,1770542100000,0.2739,0.2744,0.2734,0.2739,1071108.0
2026-02-08 09:30:00,1770543000000,0.2739,0.2747,0.2718,0.272,2198805.0
2026-02-08 09:45:00,1770543900000,0.272,0.2728,0.2719,0.272,1629289.0
2026-02-08 10:00:00,1770544800000,0.272,0.2734,0.272,0.2723,1561208.0
2026-02-08 10:15:00,1770545700000,0.2723,0.2728,0.2691,0.2701,7127036.0
2026-02-08 10:30:00,1770546600000,0.2701,0.271,0.2699,0.2707,1438454.0
2026-02-08 10:45:00,1770547500000,0.2707,0.2713,0.2705,0.2708,1931830.0
2026-02-08 11:00:00,1770548400000,0.2708,0.2722,0.2706,0.2722,2945945.0
2026-02-08 11:15:00,1770549300000,0.2722,0.2735,0.2717,0.272,2745720.0
2026-02-08 11:30:00,1770550200000,0.272,0.2746,0.2719,0.2736,4399286.0
2026-02-08 11:45:00,1770551100000,0.2736,0.2748,0.2733,0.2745,4333389.0
2026-02-08 12:00:00,1770552000000,0.2745,0.2748,0.2732,0.2732,2506998.0
2026-02-08 12:15:00,1770552900000,0.2732,0.2743,0.2729,0.2742,2796892.0
2026-02-08 12:30:00,1770553800000,0.2742,0.2744,0.2727,0.2733,3389312.0
2026-02-08 12:45:00,1770554700000,0.2733,0.2751,0.2729,0.2748,3600081.0
2026-02-08 13:00:00,1770555600000,0.2748,0.2752,0.2732,0.2734,6786109.0
2026-02-08 13:15:00,1770556500000,0.2734,0.2754,0.2732,0.2747,2566752.0
2026-02-08 13:30:00,1770557400000,0.2747,0.2749,0.2734,0.2736,4435339.0
2026-02-08 13:45:00,1770558300000,0.2736,0.2742,0.2732,0.2741,2151450.0
2026-02-08 14:00:00,1770559200000,0.2741,0.2749,0.2737,0.2741,2211341.0
2026-02-08 14:15:00,1770560100000,0.2741,0.2744,0.273,0.2738,2169986.0
2026-02-08 14:30:00,1770561000000,0.2738,0.2746,0.2736,0.2739,1341819.0
2026-02-08 14:45:00,1770561900000,0.2739,0.2749,0.2739,0.2744,1818163.0
2026-02-08 15:00:00,1770562800000,0.2744,0.2752,0.2742,0.2746,2382963.0
2026-02-08 15:15:00,1770563700000,0.2746,0.2746,0.2707,0.2709,10856628.0
2026-02-08 15:30:00,1770564600000,0.2709,0.2729,0.2708,0.2724,5042383.0
2026-02-08 15:45:00,1770565500000,0.2724,0.2728,0.2714,0.2725,2134936.0
2026-02-08 16:00:00,1770566400000,0.2725,0.2733,0.2717,0.2723,3703184.0
2026-02-08 16:15:00,1770567300000,0.2723,0.2732,0.2721,0.2724,1745781.0
2026-02-08 16:30:00,1770568200000,0.2724,0.2725,0.2688,0.2693,6330592.0
2026-02-08 16:45:00,1770569100000,0.2693,0.2695,0.2667,0.2681,10188381.0
2026-02-08 17:00:00,1770570000000,0.2681,0.2701,0.2679,0.2696,3883882.0
2026-02-08 17:15:00,1770570900000,0.2696,0.2711,0.269,0.2694,3482495.0
2026-02-08 17:30:00,1770571800000,0.2694,0.2707,0.2694,0.2706,1441916.0
2026-02-08 17:45:00,1770572700000,0.2706,0.271,0.2699,0.2706,5472337.0
2026-02-08 18:00:00,1770573600000,0.2706,0.2716,0.2704,0.2712,2314963.0
2026-02-08 18:15:00,1770574500000,0.2712,0.2722,0.2708,0.2719,4677845.0
2026-02-08 18:30:00,1770575400000,0.2719,0.2747,0.2719,0.2735,5872347.0
2026-02-08 18:45:00,1770576300000,0.2735,0.2741,0.2728,0.2728,1483000.0
2026-02-08 19:00:00,1770577200000,0.2728,0.2733,0.2726,0.2729,2163199.0
2026-02-08 19:15:00,1770578100000,0.2729,0.2738,0.2727,0.2734,1539964.0
2026-02-08 19:30:00,1770579000000,0.2734,0.2741,0.273,0.2736,1188878.0
2026-02-08 19:45:00,1770579900000,0.2736,0.2744,0.2731,0.2744,2801568.0
2026-02-08 20:00:00,1770580800000,0.2744,0.2745,0.2718,0.272,5860206.0
2026-02-08 20:15:00,1770581700000,0.272,0.2726,0.2711,0.2716,1536156.0
2026-02-08 20:30:00,1770582600000,0.2716,0.2722,0.2715,0.2717,702015.0
2026-02-08 20:45:00,1770583500000,0.2717,0.2719,0.2702,0.2708,2514430.0
2026-02-08 21:00:00,1770584400000,0.2708,0.2716,0.2705,0.2713,1887643.0
2026-02-08 21:15:00,1770585300000,0.2713,0.2717,0.271,0.2712,1258267.0
2026-02-08 21:30:00,1770586200000,0.2712,0.2714,0.2689,0.2693,3154939.0
2026-02-08 21:45:00,1770587100000,0.2693,0.2701,0.2686,0.2699,2668297.0
2026-02-08 22:00:00,1770588000000,0.2699,0.2706,0.2696,0.2705,1924995.0
2026-02-08 22:15:00,1770588900000,0.2705,0.2708,0.27,0.2702,1768077.0
2026-02-08 22:30:00,1770589800000,0.2702,0.2707,0.2693,0.2702,775044.0
2026-02-08 22:45:00,1770590700000,0.2702,0.2712,0.2701,0.2708,711844.0
2026-02-08 23:00:00,1770591600000,0.2708,0.2764,0.2707,0.2724,8289603.0
2026-02-08 23:15:00,1770592500000,0.2724,0.2728,0.2688,0.27,11145637.0
2026-02-08 23:30:00,1770593400000,0.27,0.2704,0.2679,0.27,6832896.0
2026-02-08 23:45:00,1770594300000,0.27,0.2715,0.2695,0.2698,3708238.0
2026-02-09 00:00:00,1770595200000,0.2698,0.2706,0.2694,0.2705,2357184.0
2026-02-09 00:15:00,1770596100000,0.2705,0.2708,0.2689,0.2691,2101420.0
2026-02-09 00:30:00,1770597000000,0.2691,0.2696,0.2678,0.2689,3590782.0
2026-02-09 00:45:00,1770597900000,0.2689,0.2702,0.2683,0.27,1200506.0
2026-02-09 01:00:00,1770598800000,0.27,0.2703,0.269,0.2693,1331207.0
2026-02-09 01:15:00,1770599700000,0.2693,0.2724,0.2688,0.2711,4191208.0
2026-02-09 01:30:00,1770600600000,0.2711,0.2713,0.2679,0.2687,4117403.0
2026-02-09 01:45:00,1770601500000,0.2687,0.2701,0.2681,0.2693,5568117.0
2026-02-09 02:00:00,1770602400000,0.2693,0.2698,0.2685,0.269,1148455.0
2026-02-09 02:15:00,1770603300000,0.269,0.2697,0.2689,0.2697,565632.0
2026-02-09 02:30:00,1770604200000,0.2697,0.2732,0.2695,0.2727,4825809.0
2026-02-09 02:45:00,1770605100000,0.2727,0.2729,0.2715,0.2716,1638808.0
2026-02-09 03:00:00,1770606000000,0.2716,0.2726,0.2714,0.2715,1409711.0
2026-02-09 03:15:00,1770606900000,0.2715,0.2726,0.2715,0.2724,759143.0
2026-02-09 03:30:00,1770607800000,0.2724,0.2735,0.2721,0.273,3503562.0
2026-02-09 03:45:00,1770608700000,0.273,0.2738,0.2726,0.2732,2731756.0
2026-02-09 04:00:00,1770609600000,0.2732,0.2733,0.272,0.2721,2569841.0
2026-02-09 04:15:00,1770610500000,0.2721,0.2731,0.272,0.2728,1729440.0
2026-02-09 04:30:00,1770611400000,0.2728,0.2729,0.2712,0.2721,1454381.0
2026-02-09 04:45:00,1770612300000,0.2721,0.2724,0.2717,0.2719,960736.0
2026-02-09 05:00:00,1770613200000,0.2719,0.2723,0.2716,0.2717,783496.0
2026-02-09 05:15:00,1770614100000,0.2717,0.2723,0.2717,0.2722,951114.0
2026-02-09 05:30:00,1770615000000,0.2722,0.2729,0.2719,0.272,781165.0
2026-02-09 05:45:00,1770615900000,0.272,0.2726,0.2716,0.2724,844811.0
2026-02-09 06:00:00,1770616800000,0.2724,0.2724,0.2705,0.271,1511989.0
2026-02-09 06:15:00,1770617700000,0.271,0.271,0.2691,0.2694,2931213.0
2026-02-09 06:30:00,1770618600000,0.2694,0.2706,0.2692,0.2705,1392040.0
2026-02-09 06:45:00,1770619500000,0.2705,0.2713,0.2704,0.2709,1379440.0
2026-02-09 07:00:00,1770620400000,0.2709,0.2714,0.2703,0.2713,685541.0
2026-02-09 07:15:00,1770621300000,0.2713,0.2713,0.2702,0.2707,916623.0
2026-02-09 07:30:00,1770622200000,0.2707,0.2708,0.269,0.2692,2165258.0
2026-02-09 07:45:00,1770623100000,0.2692,0.2695,0.2687,0.2691,992964.0
2026-02-09 08:00:00,1770624000000,0.2691,0.2698,0.2686,0.2691,2617425.0
2026-02-09 08:15:00,1770624900000,0.2691,0.2691,0.2667,0.2669,5951765.0
2026-02-09 08:30:00,1770625800000,0.2669,0.2669,0.2648,0.2662,7166718.0
2026-02-09 08:45:00,1770626700000,0.2662,0.2676,0.2661,0.2662,5417181.0
2026-02-09 09:00:00,1770627600000,0.2662,0.2667,0.2655,0.2656,2160595.0
2026-02-09 09:15:00,1770628500000,0.2656,0.2658,0.2649,0.2653,1199878.0
2026-02-09 09:30:00,1770629400000,0.2653,0.2656,0.2636,0.2639,3140367.0
2026-02-09 09:45:00,1770630300000,0.2639,0.2646,0.2634,0.264,2478569.0
2026-02-09 10:00:00,1770631200000,0.264,0.2647,0.2635,0.2636,2299366.0
2026-02-09 10:15:00,1770632100000,0.2636,0.2638,0.2613,0.2615,6251262.0
2026-02-09 10:30:00,1770633000000,0.2615,0.2616,0.2593,0.2599,6176216.0
2026-02-09 10:45:00,1770633900000,0.2599,0.2607,0.2595,0.2604,3324872.0
2026-02-09 11:00:00,1770634800000,0.2604,0.2624,0.2604,0.2611,3341249.0
2026-02-09 11:15:00,1770635700000,0.2611,0.2618,0.2609,0.2615,1542416.0
2026-02-09 11:30:00,1770636600000,0.2615,0.262,0.2609,0.2612,1778194.0
2026-02-09 11:45:00,1770637500000,0.2612,0.2615,0.2607,0.2615,1486703.0
2026-02-09 12:00:00,1770638400000,0.2615,0.2632,0.2613,0.2631,1337735.0
2026-02-09 12:15:00,1770639300000,0.2631,0.2634,0.2626,0.2634,2044951.0
2026-02-09 12:30:00,1770640200000,0.2634,0.2649,0.2631,0.2643,2043116.0
2026-02-09 12:45:00,1770641100000,0.2643,0.2646,0.2637,0.2645,2881203.0
2026-02-09 13:00:00,1770642000000,0.2645,0.2654,0.264,0.2651,2381437.0
2026-02-09 13:15:00,1770642900000,0.2651,0.2652,0.2644,0.2646,1710086.0
2026-02-09 13:30:00,1770643800000,0.2646,0.2646,0.2635,0.2636,1648546.0
2026-02-09 13:45:00,1770644700000,0.2636,0.2637,0.2623,0.2623,3703376.0
2026-02-09 14:00:00,1770645600000,0.2623,0.2634,0.2616,0.2623,2895275.0
2026-02-09 14:15:00,1770646500000,0.2623,0.2637,0.262,0.2634,5355696.0
2026-02-09 14:30:00,1770647400000,0.2634,0.2676,0.2622,0.2655,7907439.0
2026-02-09 14:45:00,1770648300000,0.2655,0.2669,0.2643,0.2658,9571651.0
2026-02-09 15:00:00,1770649200000,0.2658,0.2681,0.2658,0.2662,4761329.0
2026-02-09 15:15:00,1770650100000,0.2662,0.2669,0.2634,0.2639,4549195.0
2026-02-09 15:30:00,1770651000000,0.2639,0.2676,0.2637,0.2669,4044330.0
2026-02-09 15:45:00,1770651900000,0.2669,0.2678,0.2661,0.2676,1353753.0
2026-02-09 16:00:00,1770652800000,0.2676,0.2677,0.2653,0.2656,2209146.0
2026-02-09 16:15:00,1770653700000,0.2656,0.2678,0.2655,0.2676,1859857.0
2026-02-09 16:30:00,1770654600000,0.2676,0.2699,0.2664,0.2693,4073020.0
2026-02-09 16:45:00,1770655500000,0.2693,0.2722,0.2693,0.2697,7792036.0
2026-02-09 17:00:00,1770656400000,0.2697,0.2708,0.2677,0.268,3066062.0
2026-02-09 17:15:00,1770657300000,0.268,0.2689,0.2679,0.2689,979925.0
2026-02-09 17:30:00,1770658200000,0.2689,0.2735,0.2688,0.2725,7904380.0
2026-02-09 17:45:00,1770659100000,0.2725,0.273,0.2714,0.2717,1893304.0
2026-02-09 18:00:00,1770660000000,0.2717,0.2731,0.2712,0.2714,1903930.0
2026-02-09 18:15:00,1770660900000,0.2714,0.2715,0.2691,0.27,4150605.0
2026-02-09 18:30:00,1770661800000,0.27,0.2709,0.2694,0.2707,1772681.0
2026-02-09 18:45:00,1770662700000,0.2707,0.2714,0.2699,0.2701,945190.0
2026-02-09 19:00:00,1770663600000,0.2701,0.2706,0.2693,0.2699,903112.0
2026-02-09 19:15:00,1770664500000,0.2699,0.2704,0.2695,0.2702,708135.0
2026-02-09 19:30:00,1770665400000,0.2702,0.2714,0.2701,0.2711,1344997.0
2026-02-09 19:45:00,1770666300000,0.2711,0.2715,0.2705,0.271,1346921.0
2026-02-09 20:00:00,1770667200000,0.271,0.272,0.2703,0.2713,1300973.0
2026-02-09 20:15:00,1770668100000,0.2713,0.2713,0.2694,0.2694,1112811.0
2026-02-09 20:30:00,1770669000000,0.2694,0.2709,0.2692,0.2708,1115157.0
2026-02-09 20:45:00,1770669900000,0.2708,0.2713,0.2705,0.271,1065353.0
2026-02-09 21:00:00,1770670800000,0.271,0.2714,0.27,0.2702,879735.0
2026-02-09 21:15:00,1770671700000,0.2702,0.2705,0.2698,0.27,432248.0
2026-02-09 21:30:00,1770672600000,0.27,0.2701,0.2677,0.2684,3625157.0
2026-02-09 21:45:00,1770673500000,0.2684,0.2709,0.2678,0.2703,4099433.0
2026-02-09 22:00:00,1770674400000,0.2703,0.2716,0.27,0.2715,1184411.0
2026-02-09 22:15:00,1770675300000,0.2715,0.2715,0.2701,0.2705,1570087.0
2026-02-09 22:30:00,1770676200000,0.2705,0.2707,0.27,0.2705,1059105.0
2026-02-09 22:45:00,1770677100000,0.2705,0.2708,0.2702,0.2705,595794.0
2026-02-09 23:00:00,1770678000000,0.2705,0.2713,0.27,0.2705,1216140.0
2026-02-09 23:15:00,1770678900000,0.2705,0.2707,0.2698,0.2699,596170.0
2026-02-09 23:30:00,1770679800000,0.2699,0.2707,0.2698,0.2705,412300.0
2026-02-09 23:45:00,1770680700000,0.2705,0.2705,0.2693,0.2697,1723936.0
2026-02-10 00:00:00,1770681600000,0.2697,0.2702,0.2692,0.2698,2146737.0
2026-02-10 00:15:00,1770682500000,0.2698,0.27,0.2689,0.2694,1139146.0
2026-02-10 00:30:00,1770683400000,0.2694,0.2699,0.269,0.2691,1013501.0
2026-02-10 00:45:00,1770684300000,0.2691,0.2692,0.2681,0.2684,3009244.0
2026-02-10 01:00:00,1770685200000,0.2684,0.2698,0.2683,0.269,5920363.0
2026-02-10 01:15:00,1770686100000,0.269,0.2701,0.2688,0.2697,1466028.0
2026-02-10 01:30:00,1770687000000,0.2697,0.2703,0.2691,0.27,362327.0
2026-02-10 01:45:00,1770687900000,0.27,0.2703,0.2696,0.27,944276.0
2026-02-10 02:00:00,1770688800000,0.27,0.2701,0.2692,0.2694,1322803.0
2026-02-10 02:15:00,1770689700000,0.2694,0.2698,0.2689,0.269,695574.0
2026-02-10 02:30:00,1770690600000,0.269,0.2693,0.2686,0.2687,1706060.0
2026-02-10 02:45:00,1770691500000,0.2687,0.2693,0.2685,0.269,682327.0
2026-02-10 03:00:00,1770692400000,0.269,0.2695,0.2674,0.2681,2629376.0
2026-02-10 03:15:00,1770693300000,0.2681,0.2682,0.2657,0.2657,5364956.0
2026-02-10 03:30:00,1770694200000,0.2657,0.2661,0.2643,0.2654,4978272.0
2026-02-10 03:45:00,1770695100000,0.2654,0.2663,0.2652,0.266,953748.0
2026-02-10 04:00:00,1770696000000,0.266,0.2674,0.2658,0.2673,3171375.0
2026-02-10 04:15:00,1770696900000,0.2673,0.2675,0.2665,0.2672,958931.0
2026-02-10 04:30:00,1770697800000,0.2672,0.2674,0.2665,0.2668,911055.0
2026-02-10 04:45:00,1770698700000,0.2668,0.2679,0.2667,0.2676,1278997.0
2026-02-10 05:00:00,1770699600000,0.2676,0.268,0.267,0.2679,2774131.0
2026-02-10 05:15:00,1770700500000,0.2679,0.2679,0.2662,0.2663,1285373.0
2026-02-10 05:30:00,1770701400000,0.2663,0.2673,0.2655,0.2658,1194849.0
2026-02-10 05:45:00,1770702300000,0.2658,0.2659,0.265,0.2657,1314835.0
2026-02-10 06:00:00,1770703200000,0.2657,0.2661,0.2653,0.2656,1641941.0
2026-02-10 06:15:00,1770704100000,0.2656,0.266,0.2644,0.2649,3536522.0
2026-02-10 06:30:00,1770705000000,0.2649,0.2653,0.2637,0.264,3720717.0
2026-02-10 06:45:00,1770705900000,0.264,0.264,0.2614,0.2621,10214388.0
2026-02-10 07:00:00,1770706800000,0.2621,0.2634,0.262,0.2625,5489497.0
2026-02-10 07:15:00,1770707700000,0.2625,0.2625,0.2614,0.2621,4599978.0
2026-02-10 07:30:00,1770708600000,0.2621,0.2626,0.2619,0.2625,1167033.0
2026-02-10 07:45:00,1770709500000,0.2625,0.2631,0.262,0.2628,1802642.0
2026-02-10 08:00:00,1770710400000,0.2628,0.2637,0.2626,0.2632,2279408.0
2026-02-10 08:15:00,1770711300000,0.2632,0.2642,0.2626,0.2638,1611983.0
2026-02-10 08:30:00,1770712200000,0.2638,0.2644,0.263,0.2638,1074148.0
2026-02-10 08:45:00,1770713100000,0.2638,0.2644,0.2638,0.2641,1169984.0
2026-02-10 09:00:00,1770714000000,0.2641,0.2656,0.264,0.2651,2051015.0
2026-02-10 09:15:00,1770714900000,0.2651,0.2655,0.2647,0.2649,1853054.0
2026-02-10 09:30:00,1770715800000,0.2649,0.2656,0.2647,0.2655,1632114.0
2026-02-10 09:45:00,1770716700000,0.2655,0.2657,0.2639,0.2645,1980981.0
2026-02-10 10:00:00,1770717600000,0.2645,0.2649,0.2643,0.2644,1827915.0
2026-02-10 10:15:00,1770718500000,0.2644,0.265,0.2638,0.2644,1379212.0
2026-02-10 10:30:00,1770719400000,0.2644,0.2644,0.2632,0.2634,1823393.0
2026-02-10 10:45:00,1770720300000,0.2634,0.2638,0.2632,0.2636,1296657.0
2026-02-10 11:00:00,1770721200000,0.2636,0.2639,0.2633,0.2637,827243.0
2026-02-10 11:15:00,1770722100000,0.2637,0.2639,0.2635,0.2639,444964.0
2026-02-10 11:30:00,1770723000000,0.2639,0.2646,0.2625,0.2634,3515904.0
2026-02-10 11:45:00,1770723900000,0.2634,0.2637,0.2626,0.2627,1253251.0
2026-02-10 12:00:00,1770724800000,0.2627,0.2637,0.2625,0.2627,2775765.0
2026-02-10 12:15:00,1770725700000,0.2627,0.263,0.2624,0.2627,1897769.0
2026-02-10 12:30:00,1770726600000,0.2627,0.2629,0.2619,0.2621,1538144.0
2026-02-10 12:45:00,1770727500000,0.2621,0.2624,0.2616,0.2623,1369058.0
2026-02-10 13:00:00,1770728400000,0.2623,0.2627,0.2617,0.2625,2316405.0
2026-02-10 13:15:00,1770729300000,0.2625,0.2629,0.2621,0.2627,1757544.0
2026-02-10 13:30:00,1770730200000,0.2627,0.2637,0.2623,0.2631,2929196.0
2026-02-10 13:45:00,1770731100000,0.2631,0.2634,0.2624,0.2632,1660087.0
2026-02-10 14:00:00,1770732000000,0.2632,0.2634,0.2625,0.2631,2626639.0
2026-02-10 14:15:00,1770732900000,0.2631,0.2654,0.263,0.2646,9203105.0
2026-02-10 14:30:00,1770733800000,0.2646,0.2661,0.2613,0.2629,10702110.0
2026-02-10 14:45:00,1770734700000,0.2629,0.2636,0.261,0.2627,4472780.0
2026-02-10 15:00:00,1770735600000,0.2627,0.2647,0.2618,0.2627,3794430.0
2026-02-10 15:15:00,1770736500000,0.2627,0.2649,0.2622,0.2643,2302544.0
2026-02-10 15:30:00,1770737400000,0.2643,0.2651,0.2636,0.264,1972179.0
2026-02-10 15:45:00,1770738300000,0.264,0.2643,0.2628,0.2632,2894336.0
2026-02-10 16:00:00,1770739200000,0.2632,0.2636,0.2605,0.2632,13236672.0
2026-02-10 16:15:00,1770740100000,0.2632,0.2637,0.2613,0.2623,5885599.0
2026-02-10 16:30:00,1770741000000,0.2623,0.2639,0.2616,0.263,3509125.0
2026-02-10 16:45:00,1770741900000,0.263,0.2633,0.2619,0.2628,839179.0
2026-02-10 17:00:00,1770742800000,0.2628,0.2629,0.2619,0.2625,1068135.0
2026-02-10 17:15:00,1770743700000,0.2625,0.2643,0.2624,0.2636,1492806.0
2026-02-10 17:30:00,1770744600000,0.2636,0.265,0.2633,0.2644,1412042.0
2026-02-10 17:45:00,1770745500000,0.2644,0.2646,0.2636,0.2642,1030234.0
2026-02-10 18:00:00,1770746400000,0.2642,0.2645,0.2622,0.2625,1481853.0
2026-02-10 18:15:00,1770747300000,0.2625,0.2632,0.2605,0.261,3849175.0
2026-02-10 18:30:00,1770748200000,0.261,0.2616,0.2598,0.2613,3143033.0
2026-02-10 18:45:00,1770749100000,0.2613,0.2613,0.2595,0.2609,4024958.0
2026-02-10 19:00:00,1770750000000,0.2609,0.2613,0.2602,0.2613,1251156.0
2026-02-10 19:15:00,1770750900000,0.2613,0.2613,0.2604,0.2611,1493298.0
2026-02-10 19:30:00,1770751800000,0.2611,0.2632,0.261,0.263,1870956.0
2026-02-10 19:45:00,1770752700000,0.263,0.2631,0.262,0.2623,999554.0
2026-02-10 20:00:00,1770753600000,0.2623,0.2627,0.2614,0.2614,824235.0
2026-02-10 20:15:00,1770754500000,0.2614,0.2621,0.2614,0.2617,1253091.0
2026-02-10 20:30:00,1770755400000,0.2617,0.2625,0.2612,0.2624,1051733.0
2026-02-10 20:45:00,1770756300000,0.2624,0.2626,0.2617,0.2618,1396659.0
2026-02-10 21:00:00,1770757200000,0.2618,0.2625,0.2616,0.2618,796294.0
2026-02-10 21:15:00,1770758100000,0.2618,0.2624,0.2613,0.2613,733509.0
2026-02-10 21:30:00,1770759000000,0.2613,0.2614,0.2603,0.2609,2129544.0
2026-02-10 21:45:00,1770759900000,0.2609,0.2618,0.2607,0.2612,744099.0
2026-02-10 22:00:00,1770760800000,0.2612,0.2617,0.2611,0.2612,1033989.0
2026-02-10 22:15:00,1770761700000,0.2612,0.2622,0.2612,0.2622,728778.0
2026-02-10 22:30:00,1770762600000,0.2622,0.2629,0.2619,0.2623,1267106.0
2026-02-10 22:45:00,1770763500000,0.2623,0.2625,0.2615,0.2617,1174418.0
2026-02-10 23:00:00,1770764400000,0.2617,0.2621,0.2612,0.2613,1106322.0
2026-02-10 23:15:00,1770765300000,0.2613,0.2615,0.2609,0.261,1241795.0
2026-02-10 23:30:00,1770766200000,0.261,0.2619,0.2609,0.2618,312582.0
2026-02-10 23:45:00,1770767100000,0.2618,0.2618,0.2613,0.2618,268585.0
2026-02-11 00:00:00,1770768000000,0.2618,0.2621,0.2614,0.2614,747713.0
2026-02-11 00:15:00,1770768900000,0.2614,0.2625,0.2613,0.2623,1624234.0
2026-02-11 00:30:00,1770769800000,0.2623,0.2625,0.2616,0.2619,603763.0
2026-02-11 00:45:00,1770770700000,0.2619,0.2627,0.2618,0.2625,885617.0
2026-02-11 01:00:00,1770771600000,0.2625,0.2629,0.2621,0.2624,814024.0
2026-02-11 01:15:00,1770772500000,0.2624,0.2628,0.2618,0.2621,604290.0
2026-02-11 01:30:00,1770773400000,0.2621,0.2632,0.262,0.263,780233.0
2026-02-11 01:45:00,1770774300000,0.263,0.2632,0.2627,0.263,286622.0
2026-02-11 02:00:00,1770775200000,0.263,0.2644,0.263,0.2637,2402941.0
2026-02-11 02:15:00,1770776100000,0.2637,0.2644,0.2637,0.2642,743541.0
2026-02-11 02:30:00,1770777000000,0.2642,0.2647,0.2639,0.2639,1447256.0
2026-02-11 02:45:00,1770777900000,0.2639,0.2639,0.2626,0.2626,1309404.0
2026-02-11 03:00:00,1770778800000,0.2626,0.2628,0.2617,0.2617,935948.0
2026-02-11 03:15:00,1770779700000,0.2617,0.2622,0.26,0.2617,3644205.0
2026-02-11 03:30:00,1770780600000,0.2617,0.2636,0.2614,0.2631,809415.0
2026-02-11 03:45:00,1770781500000,0.2631,0.2631,0.2622,0.2624,653759.0
2026-02-11 04:00:00,1770782400000,0.2624,0.2627,0.2613,0.2613,799427.0
2026-02-11 04:15:00,1770783300000,0.2613,0.2616,0.2594,0.2599,5466749.0
2026-02-11 04:30:00,1770784200000,0.2599,0.2601,0.2583,0.2591,5552962.0
2026-02-11 04:45:00,1770785100000,0.2591,0.2597,0.2581,0.2587,1797207.0
2026-02-11 05:00:00,1770786000000,0.2587,0.2599,0.2586,0.2594,1921130.0
2026-02-11 05:15:00,1770786900000,0.2594,0.2598,0.2587,0.2589,1701040.0
2026-02-11 05:30:00,1770787800000,0.2589,0.2591,0.2576,0.2578,1943843.0
2026-02-11 05:45:00,1770788700000,0.2578,0.2583,0.2573,0.2575,1874592.0
2026-02-11 06:00:00,1770789600000,0.2575,0.2576,0.255,0.2553,8866130.0
2026-02-11 06:15:00,1770790500000,0.2553,0.2574,0.2544,0.2571,6696249.0
2026-02-11 06:30:00,1770791400000,0.2571,0.2574,0.2559,0.2559,2050853.0
2026-02-11 06:45:00,1770792300000,0.2559,0.2559,0.2546,0.2553,3504334.0
2026-02-11 07:00:00,1770793200000,0.2553,0.2564,0.255,0.2558,2895939.0
2026-02-11 07:15:00,1770794100000,0.2558,0.256,0.2549,0.2557,1741447.0
2026-02-11 07:30:00,1770795000000,0.2557,0.2568,0.2555,0.2564,3755867.0
2026-02-11 07:45:00,1770795900000,0.2564,0.2567,0.2553,0.2553,1705015.0
2026-02-11 08:00:00,1770796800000,0.2553,0.2557,0.2547,0.2556,3042113.0
2026-02-11 08:15:00,1770797700000,0.2556,0.2558,0.255,0.2554,1596353.0
2026-02-11 08:30:00,1770798600000,0.2554,0.2558,0.2546,0.2552,1331026.0
2026-02-11 08:45:00,1770799500000,0.2552,0.2553,0.2546,0.255,1103100.0
2026-02-11 09:00:00,1770800400000,0.255,0.2553,0.2539,0.2543,2727041.0
2026-02-11 09:15:00,1770801300000,0.2543,0.2547,0.2537,0.2547,1148458.0
2026-02-11 09:30:00,1770802200000,0.2547,0.255,0.2539,0.2541,1843713.0
2026-02-11 09:45:00,1770803100000,0.2541,0.2542,0.2533,0.2538,1810412.0
2026-02-11 10:00:00,1770804000000,0.2538,0.2539,0.2528,0.253,2956162.0
2026-02-11 10:15:00,1770804900000,0.253,0.2535,0.2529,0.2532,756202.0
2026-02-11 10:30:00,1770805800000,0.2532,0.2533,0.2518,0.2527,2996669.0
2026-02-11 10:45:00,1770806700000,0.2527,0.2532,0.2521,0.2528,2536441.0
2026-02-11 11:00:00,1770807600000,0.2528,0.2541,0.2527,0.2534,2209575.0
2026-02-11 11:15:00,1770808500000,0.2534,0.2549,0.253,0.2547,2432111.0
2026-02-11 11:30:00,1770809400000,0.2547,0.2547,0.2542,0.2544,933553.0
2026-02-11 11:45:00,1770810300000,0.2544,0.2553,0.2543,0.2551,1123069.0
2026-02-11 12:00:00,1770811200000,0.2551,0.2559,0.2545,0.2549,4302609.0
2026-02-11 12:15:00,1770812100000,0.2549,0.2558,0.2549,0.255,2204890.0
2026-02-11 12:30:00,1770813000000,0.255,0.2551,0.2543,0.2545,2250912.0
2026-02-11 12:45:00,1770813900000,0.2545,0.2546,0.2541,0.2543,1321536.0
2026-02-11 13:00:00,1770814800000,0.2543,0.2546,0.2533,0.2537,2663203.0
2026-02-11 13:15:00,1770815700000,0.2537,0.2544,0.2532,0.2539,2512359.0
2026-02-11 13:30:00,1770816600000,0.2539,0.2568,0.2538,0.2551,11057730.0
2026-02-11 13:45:00,1770817500000,0.2551,0.2565,0.2542,0.2563,3385705.0
2026-02-11 14:00:00,1770818400000,0.2563,0.2633,0.2563,0.2627,18527100.0
2026-02-11 14:15:00,1770819300000,0.2627,0.2631,0.2588,0.2591,10560365.0
2026-02-11 14:30:00,1770820200000,0.2591,0.2601,0.2551,0.2561,11816597.0
2026-02-11 14:45:00,1770821100000,0.2561,0.2566,0.2527,0.2536,12245931.0
2026-02-11 15:00:00,1770822000000,0.2536,0.2549,0.2502,0.2517,16957895.0
2026-02-11 15:15:00,1770822900000,0.2517,0.2534,0.2507,0.2511,9380773.0
2026-02-11 15:30:00,1770823800000,0.2511,0.2532,0.2506,0.2529,5091580.0
2026-02-11 15:45:00,1770824700000,0.2529,0.2536,0.2505,0.2529,7557746.0
2026-02-11 16:00:00,1770825600000,0.2529,0.2569,0.2524,0.2565,7269732.0
2026-02-11 16:15:00,1770826500000,0.2565,0.2573,0.2544,0.2548,6073908.0
2026-02-11 16:30:00,1770827400000,0.2548,0.2552,0.2526,0.2536,9160188.0
2026-02-11 16:45:00,1770828300000,0.2536,0.254,0.2514,0.2514,7587580.0
2026-02-11 17:00:00,1770829200000,0.2514,0.2529,0.251,0.2524,3143239.0
2026-02-11 17:15:00,1770830100000,0.2524,0.256,0.2524,0.2559,4641318.0
2026-02-11 17:30:00,1770831000000,0.2559,0.2569,0.2549,0.2551,2988992.0
2026-02-11 17:45:00,1770831900000,0.2551,0.2563,0.2544,0.2551,1389889.0
2026-02-11 18:00:00,1770832800000,0.2551,0.2553,0.2541,0.2552,1294037.0
2026-02-11 18:15:00,1770833700000,0.2552,0.2588,0.2551,0.2582,3069488.0
2026-02-11 18:30:00,1770834600000,0.2582,0.2583,0.2572,0.2576,2186497.0
2026-02-11 18:45:00,1770835500000,0.2576,0.2587,0.2575,0.2579,3341897.0
2026-02-11 19:00:00,1770836400000,0.2579,0.2596,0.2576,0.2585,3047339.0
2026-02-11 19:15:00,1770837300000,0.2585,0.2588,0.2569,0.257,2041584.0
2026-02-11 19:30:00,1770838200000,0.257,0.258,0.2562,0.2579,2504597.0
2026-02-11 19:45:00,1770839100000,0.2579,0.258,0.2568,0.2571,2488252.0
2026-02-11 20:00:00,1770840000000,0.2571,0.2574,0.2558,0.2571,1550002.0
2026-02-11 20:15:00,1770840900000,0.2571,0.2577,0.2554,0.2557,2934494.0
2026-02-11 20:30:00,1770841800000,0.2557,0.2567,0.2556,0.2565,2429452.0
2026-02-11 20:45:00,1770842700000,0.2565,0.2584,0.2563,0.2576,2298724.0
2026-02-11 21:00:00,1770843600000,0.2576,0.2579,0.2569,0.2577,1054400.0
2026-02-11 21:15:00,1770844500000,0.2577,0.2598,0.2573,0.2595,3845768.0
2026-02-11 21:30:00,1770845400000,0.2595,0.2599,0.2583,0.2585,5981527.0
2026-02-11 21:45:00,1770846300000,0.2585,0.2591,0.2584,0.2584,1503052.0
2026-02-11 22:00:00,1770847200000,0.2584,0.2589,0.2578,0.2587,2529169.0
2026-02-11 22:15:00,1770848100000,0.2587,0.2589,0.2571,0.2578,1492090.0
2026-02-11 22:30:00,1770849000000,0.2578,0.2581,0.2568,0.2574,2331646.0
2026-02-11 22:45:00,1770849900000,0.2574,0.2577,0.256,0.2564,2882792.0
2026-02-11 23:00:00,1770850800000,0.2564,0.2572,0.2554,0.256,4779693.0
2026-02-11 23:15:00,1770851700000,0.256,0.2565,0.2543,0.2549,4466598.0
2026-02-11 23:30:00,1770852600000,0.2549,0.2557,0.254,0.2554,1712798.0
2026-02-11 23:45:00,1770853500000,0.2554,0.2558,0.2551,0.2557,825833.0
2026-02-12 00:00:00,1770854400000,0.2557,0.2575,0.2557,0.2573,2883511.0
2026-02-12 00:15:00,1770855300000,0.2573,0.258,0.2567,0.257,1651396.0
2026-02-12 00:30:00,1770856200000,0.257,0.2584,0.2568,0.2581,1508120.0
2026-02-12 00:45:00,1770857100000,0.2581,0.2584,0.2575,0.2575,963635.0
2026-02-12 01:00:00,1770858000000,0.2575,0.2583,0.2575,0.2582,625012.0
2026-02-12 01:15:00,1770858900000,0.2582,0.259,0.2576,0.2585,2041085.0
2026-02-12 01:30:00,1770859800000,0.2585,0.2594,0.2578,0.2578,2473891.0
2026-02-12 01:45:00,1770860700000,0.2578,0.2581,0.2574,0.2575,1007592.0
2026-02-12 02:00:00,1770861600000,0.2575,0.2582,0.2571,0.2571,1476254.0
2026-02-12 02:15:00,1770862500000,0.2571,0.2576,0.2569,0.2576,933539.0
2026-02-12 02:30:00,1770863400000,0.2576,0.2591,0.2575,0.2588,1015764.0
2026-02-12 02:45:00,1770864300000,0.2588,0.2588,0.2579,0.258,600854.0
2026-02-12 03:00:00,1770865200000,0.258,0.259,0.2578,0.2588,844940.0
2026-02-12 03:15:00,1770866100000,0.2588,0.2591,0.2579,0.2582,1823804.0
2026-02-12 03:30:00,1770867000000,0.2582,0.259,0.258,0.2588,591676.0
2026-02-12 03:45:00,1770867900000,0.2588,0.2595,0.2585,0.2591,1000015.0
2026-02-12 04:00:00,1770868800000,0.2591,0.2592,0.2586,0.2589,870639.0
2026-02-12 04:15:00,1770869700000,0.2589,0.259,0.2578,0.2582,4643366.0
2026-02-12 04:30:00,1770870600000,0.2582,0.2592,0.2577,0.2589,749574.0
2026-02-12 04:45:00,1770871500000,0.2589,0.259,0.2578,0.2579,2860693.0
2026-02-12 05:00:00,1770872400000,0.2579,0.2586,0.2572,0.2573,1212400.0
2026-02-12 05:15:00,1770873300000,0.2573,0.2584,0.2569,0.2581,2441817.0
2026-02-12 05:30:00,1770874200000,0.2581,0.2593,0.2579,0.2591,1275278.0
2026-02-12 05:45:00,1770875100000,0.2591,0.2594,0.2589,0.2592,1024478.0
2026-02-12 06:00:00,1770876000000,0.2592,0.2603,0.2591,0.2599,2063505.0
2026-02-12 06:15:00,1770876900000,0.2599,0.262,0.2599,0.2616,3623026.0
2026-02-12 06:30:00,1770877800000,0.2616,0.2623,0.2614,0.2615,3865656.0
2026-02-12 06:45:00,1770878700000,0.2615,0.262,0.2607,0.2613,4272725.0
2026-02-12 07:00:00,1770879600000,0.2613,0.2615,0.2603,0.2608,1039822.0
2026-02-12 07:15:00,1770880500000,0.2608,0.2629,0.2604,0.2625,3247918.0
2026-02-12 07:30:00,1770881400000,0.2625,0.2627,0.262,0.262,1746498.0
2026-02-12 07:45:00,1770882300000,0.262,0.2627,0.2618,0.2626,1366123.0
2026-02-12 08:00:00,1770883200000,0.2626,0.2636,0.2623,0.2632,3634796.0
2026-02-12 08:15:00,1770884100000,0.2632,0.2632,0.2612,0.2615,2281085.0
2026-02-12 08:30:00,1770885000000,0.2615,0.2622,0.2613,0.2615,3936948.0
2026-02-12 08:45:00,1770885900000,0.2615,0.2626,0.2613,0.2623,1060869.0
2026-02-12 09:00:00,1770886800000,0.2623,0.2633,0.2619,0.2629,1394564.0
2026-02-12 09:15:00,1770887700000,0.2629,0.2644,0.2628,0.2644,4880083.0
2026-02-12 09:30:00,1770888600000,0.2644,0.2664,0.2642,0.2653,7458587.0
2026-02-12 09:45:00,1770889500000,0.2653,0.266,0.2649,0.2655,4521213.0
2026-02-12 10:00:00,1770890400000,0.2655,0.2663,0.2655,0.2661,4217959.0
2026-02-12 10:15:00,1770891300000,0.2661,0.2661,0.2646,0.2655,3093959.0
2026-02-12 10:30:00,1770892200000,0.2655,0.2667,0.2653,0.2657,2572363.0
2026-02-12 10:45:00,1770893100000,0.2657,0.2696,0.2656,0.2693,7067901.0
2026-02-12 11:00:00,1770894000000,0.2693,0.2694,0.2669,0.2673,5677125.0
2026-02-12 11:15:00,1770894900000,0.2673,0.2686,0.267,0.2686,2390426.0
2026-02-12 11:30:00,1770895800000,0.2686,0.2689,0.267,0.2673,2529778.0
2026-02-12 11:45:00,1770896700000,0.2673,0.2676,0.267,0.2675,2303997.0
2026-02-12 12:00:00,1770897600000,0.2675,0.2679,0.2655,0.2664,3061763.0
2026-02-12 12:15:00,1770898500000,0.2664,0.2664,0.2654,0.2657,1172805.0
2026-02-12 12:30:00,1770899400000,0.2657,0.2657,0.2649,0.265,1036808.0
2026-02-12 12:45:00,1770900300000,0.265,0.2656,0.2639,0.2649,3499160.0
2026-02-12 13:00:00,1770901200000,0.2649,0.2652,0.264,0.265,2506536.0
2026-02-12 13:15:00,1770902100000,0.265,0.2654,0.2638,0.2644,2345307.0
2026-02-12 13:30:00,1770903000000,0.2644,0.2671,0.2643,0.2665,2929595.0
2026-02-12 13:45:00,1770903900000,0.2665,0.2671,0.2657,0.2671,3145944.0
2026-02-12 14:00:00,1770904800000,0.2671,0.2673,0.265,0.2654,2118169.0
2026-02-12 14:15:00,1770905700000,0.2654,0.2661,0.2648,0.266,3312766.0
2026-02-12 14:30:00,1770906600000,0.266,0.2674,0.2652,0.2652,2738694.0
2026-02-12 14:45:00,1770907500000,0.2652,0.267,0.265,0.2655,3270354.0
2026-02-12 15:00:00,1770908400000,0.2655,0.2664,0.2631,0.2648,6513027.0
2026-02-12 15:15:00,1770909300000,0.2648,0.2672,0.2644,0.2668,2801695.0
2026-02-12 15:30:00,1770910200000,0.2668,0.2673,0.2628,0.2639,6539819.0
2026-02-12 15:45:00,1770911100000,0.2639,0.2644,0.2621,0.2623,3275972.0
2026-02-12 16:00:00,1770912000000,0.2623,0.2633,0.2595,0.2598,10003788.0
2026-02-12 16:15:00,1770912900000,0.2598,0.2612,0.2575,0.258,10237983.0
2026-02-12 16:30:00,1770913800000,0.258,0.2615,0.2574,0.2602,7988440.0
2026-02-12 16:45:00,1770914700000,0.2602,0.2608,0.2575,0.2586,6067514.0
2026-02-12 17:00:00,1770915600000,0.2586,0.2601,0.2578,0.259,4124325.0
2026-02-12 17:15:00,1770916500000,0.259,0.2613,0.2585,0.2602,2333396.0
2026-02-12 17:30:00,1770917400000,0.2602,0.2618,0.2593,0.2605,2593824.0
2026-02-12 17:45:00,1770918300000,0.2605,0.2606,0.2588,0.259,1886161.0
2026-02-12 18:00:00,1770919200000,0.259,0.2607,0.2589,0.2603,1326140.0
2026-02-12 18:15:00,1770920100000,0.2603,0.2604,0.2581,0.2583,1850591.0
2026-02-12 18:30:00,1770921000000,0.2583,0.2597,0.2574,0.2593,1506866.0
2026-02-12 18:45:00,1770921900000,0.2593,0.2606,0.2593,0.2598,2421053.0
2026-02-12 19:00:00,1770922800000,0.2598,0.2603,0.2589,0.2597,1640610.0
2026-02-12 19:15:00,1770923700000,0.2597,0.2633,0.2595,0.2627,3734306.0
2026-02-12 19:30:00,1770924600000,0.2627,0.2644,0.2624,0.2629,2447631.0
2026-02-12 19:45:00,1770925500000,0.2629,0.2635,0.2611,0.2613,2112599.0
2026-02-12 20:00:00,1770926400000,0.2613,0.2619,0.26,0.2607,1797710.0
2026-02-12 20:15:00,1770927300000,0.2607,0.2612,0.2597,0.2601,1240579.0
2026-02-12 20:30:00,1770928200000,0.2601,0.2604,0.2596,0.2599,946428.0
2026-02-12 20:45:00,1770929100000,0.2599,0.26,0.2579,0.2587,1993061.0
2026-02-12 21:00:00,1770930000000,0.2587,0.2594,0.2586,0.2594,990209.0
2026-02-12 21:15:00,1770930900000,0.2594,0.2597,0.2585,0.2587,1252005.0
2026-02-12 21:30:00,1770931800000,0.2587,0.2602,0.2585,0.2596,959472.0
2026-02-12 21:45:00,1770932700000,0.2596,0.26,0.2593,0.2594,706754.0
2026-02-12 22:00:00,1770933600000,0.2594,0.2595,0.2587,0.2592,522155.0
2026-02-12 22:15:00,1770934500000,0.2592,0.2595,0.2583,0.2594,1067432.0
2026-02-12 22:30:00,1770935400000,0.2594,0.2611,0.2594,0.261,1208970.0
2026-02-12 22:45:00,1770936300000,0.261,0.2624,0.2609,0.2621,1333403.0
2026-02-12 23:00:00,1770937200000,0.2621,0.2632,0.262,0.2625,1663736.0
2026-02-12 23:15:00,1770938100000,0.2625,0.2638,0.2622,0.2632,1336084.0
2026-02-12 23:30:00,1770939000000,0.2632,0.2645,0.263,0.2642,7496129.0
2026-02-12 23:45:00,1770939900000,0.2642,0.2646,0.264,0.2642,905806.0
2026-02-13 00:00:00,1770940800000,0.2642,0.2655,0.2631,0.2631,2808449.0
2026-02-13 00:15:00,1770941700000,0.2631,0.2634,0.2624,0.2627,2294935.0
2026-02-13 00:30:00,1770942600000,0.2627,0.2629,0.2614,0.2615,1741909.0
2026-02-13 00:45:00,1770943500000,0.2615,0.2628,0.2615,0.262,1265389.0
2026-02-13 01:00:00,1770944400000,0.262,0.2627,0.2617,0.2626,1624123.0
2026-02-13 01:15:00,1770945300000,0.2626,0.263,0.262,0.2624,1172584.0
2026-02-13 01:30:00,1770946200000,0.2624,0.2634,0.2623,0.263,1356885.0
2026-02-13 01:45:00,1770947100000,0.263,0.2636,0.2622,0.2624,1381245.0
2026-02-13 02:00:00,1770948000000,0.2624,0.2625,0.2617,0.2619,1045384.0
2026-02-13 02:15:00,1770948900000,0.2619,0.2628,0.2614,0.2621,1143933.0
2026-02-13 02:30:00,1770949800000,0.2621,0.2626,0.2614,0.2624,861262.0
2026-02-13 02:45:00,1770950700000,0.2624,0.2639,0.2621,0.2636,736542.0
2026-02-13 03:00:00,1770951600000,0.2636,0.2637,0.2622,0.2622,1121961.0
2026-02-13 03:15:00,1770952500000,0.2622,0.2631,0.2621,0.2628,786640.0
2026-02-13 03:30:00,1770953400000,0.2628,0.2638,0.2628,0.2629,1453579.0
2026-02-13 03:45:00,1770954300000,0.2629,0.2631,0.2626,0.2627,482485.0
2026-02-13 04:00:00,1770955200000,0.2627,0.2629,0.2622,0.2627,996667.0
2026-02-13 04:15:00,1770956100000,0.2627,0.2633,0.2619,0.2623,881323.0
2026-02-13 04:30:00,1770957000000,0.2623,0.2623,0.2617,0.2618,413478.0
2026-02-13 04:45:00,1770957900000,0.2618,0.2619,0.2613,0.2615,1408477.0
2026-02-13 05:00:00,1770958800000,0.2615,0.2617,0.2603,0.2605,3119099.0
2026-02-13 05:15:00,1770959700000,0.2605,0.2614,0.2603,0.2606,1346134.0
2026-02-13 05:30:00,1770960600000,0.2606,0.261,0.2597,0.2607,2947668.0
2026-02-13 05:45:00,1770961500000,0.2607,0.2609,0.2594,0.2594,1509983.0
2026-02-13 06:00:00,1770962400000,0.2594,0.2598,0.2592,0.2593,835682.0
2026-02-13 06:15:00,1770963300000,0.2593,0.2599,0.2583,0.2585,2894701.0
2026-02-13 06:30:00,1770964200000,0.2585,0.2591,0.258,0.259,1823346.0
2026-02-13 06:45:00,1770965100000,0.259,0.2614,0.2589,0.2613,2893712.0
2026-02-13 07:00:00,1770966000000,0.2613,0.2631,0.261,0.2629,4589914.0
2026-02-13 07:15:00,1770966900000,0.2629,0.2633,0.2621,0.2622,1427466.0
2026-02-13 07:30:00,1770967800000,0.2622,0.2622,0.261,0.2611,3067399.0
2026-02-13 07:45:00,1770968700000,0.2611,0.2622,0.261,0.2619,1230465.0
2026-02-13 08:00:00,1770969600000,0.2619,0.2627,0.2616,0.2619,493985.0
2026-02-13 08:15:00,1770970500000,0.2619,0.2632,0.2617,0.2628,1239474.0
2026-02-13 08:30:00,1770971400000,0.2628,0.2633,0.2624,0.2627,1618730.0
2026-02-13 08:45:00,1770972300000,0.2627,0.2643,0.2627,0.2637,3442202.0
2026-02-13 09:00:00,1770973200000,0.2637,0.2638,0.2617,0.262,2004389.0
2026-02-13 09:15:00,1770974100000,0.262,0.263,0.2619,0.263,1666325.0
2026-02-13 09:30:00,1770975000000,0.263,0.2637,0.2628,0.2629,1844638.0
2026-02-13 09:45:00,1770975900000,0.2629,0.2635,0.2629,0.2632,775134.0
2026-02-13 10:00:00,1770976800000,0.2632,0.2635,0.2627,0.2631,951894.0
2026-02-13 10:15:00,1770977700000,0.2631,0.2639,0.2629,0.2633,1321234.0
2026-02-13 10:30:00,1770978600000,0.2633,0.2639,0.2631,0.2636,663145.0
2026-02-13 10:45:00,1770979500000,0.2636,0.264,0.2633,0.2637,1370973.0
2026-02-13 11:00:00,1770980400000,0.2637,0.264,0.2633,0.2636,1244507.0
2026-02-13 11:15:00,1770981300000,0.2636,0.264,0.2634,0.2636,448222.0
2026-02-13 11:30:00,1770982200000,0.2636,0.2638,0.2623,0.2632,1674547.0
2026-02-13 11:45:00,1770983100000,0.2632,0.2639,0.263,0.2638,860984.0
2026-02-13 12:00:00,1770984000000,0.2638,0.2638,0.2622,0.2625,1283196.0
2026-02-13 12:15:00,1770984900000,0.2625,0.2629,0.2623,0.2627,777708.0
2026-02-13 12:30:00,1770985800000,0.2627,0.2632,0.2625,0.2627,387721.0
2026-02-13 12:45:00,1770986700000,0.2627,0.2631,0.2624,0.2627,714384.0
2026-02-13 13:00:00,1770987600000,0.2627,0.2631,0.2619,0.2627,1937611.0
2026-02-13 13:15:00,1770988500000,0.2627,0.2654,0.2626,0.2646,4910884.0
2026-02-13 13:30:00,1770989400000,0.2646,0.2659,0.2638,0.2642,6920025.0
2026-02-13 13:45:00,1770990300000,0.2642,0.2661,0.2641,0.2653,2464071.0
2026-02-13 14:00:00,1770991200000,0.2653,0.2654,0.263,0.2632,2698761.0
2026-02-13 14:15:00,1770992100000,0.2632,0.2645,0.2631,0.264,4993877.0
2026-02-13 14:30:00,1770993000000,0.264,0.2662,0.2631,0.2648,8550452.0
2026-02-13 14:45:00,1770993900000,0.2648,0.2676,0.2648,0.2654,8096783.0
2026-02-13 15:00:00,1770994800000,0.2654,0.2695,0.2648,0.2682,8911122.0
2026-02-13 15:15:00,1770995700000,0.2682,0.2712,0.2672,0.2711,9022960.0
2026-02-13 15:30:00,1770996600000,0.2711,0.2736,0.2696,0.2697,10274566.0
2026-02-13 15:45:00,1770997500000,0.2697,0.27,0.2682,0.269,4449998.0
2026-02-13 16:00:00,1770998400000,0.269,0.2718,0.2681,0.2717,7459083.0
2026-02-13 16:15:00,1770999300000,0.2717,0.2726,0.2706,0.2726,3097954.0
2026-02-13 16:30:00,1771000200000,0.2726,0.2747,0.2719,0.2732,6380548.0
2026-02-13 16:45:00,1771001100000,0.2732,0.2743,0.2725,0.273,2691506.0
2026-02-13 17:00:00,1771002000000,0.273,0.2732,0.2712,0.2726,4397369.0
2026-02-13 17:15:00,1771002900000,0.2726,0.2742,0.2721,0.273,1810968.0
2026-02-13 17:30:00,1771003800000,0.273,0.2735,0.2726,0.2728,1149476.0
2026-02-13 17:45:00,1771004700000,0.2728,0.2731,0.2717,0.2717,1389845.0
2026-02-13 18:00:00,1771005600000,0.2717,0.2719,0.2706,0.271,2401321.0
2026-02-13 18:15:00,1771006500000,0.271,0.2723,0.2709,0.2713,1099491.0
2026-02-13 18:30:00,1771007400000,0.2713,0.2729,0.271,0.2724,2797064.0
2026-02-13 18:45:00,1771008300000,0.2724,0.2731,0.2721,0.2723,2494364.0
2026-02-13 19:00:00,1771009200000,0.2723,0.2738,0.2722,0.2735,1898698.0
2026-02-13 19:15:00,1771010100000,0.2735,0.2741,0.2727,0.2727,2603226.0
2026-02-13 19:30:00,1771011000000,0.2727,0.2731,0.2719,0.2723,1775977.0
2026-02-13 19:45:00,1771011900000,0.2723,0.2732,0.2723,0.2724,508920.0
2026-02-13 20:00:00,1771012800000,0.2724,0.2726,0.2716,0.2717,1695362.0
2026-02-13 20:15:00,1771013700000,0.2717,0.2725,0.2713,0.2723,1326442.0
2026-02-13 20:30:00,1771014600000,0.2723,0.2726,0.2717,0.2723,891151.0
2026-02-13 20:45:00,1771015500000,0.2723,0.2735,0.2722,0.2734,1310972.0
2026-02-13 21:00:00,1771016400000,0.2734,0.2743,0.2731,0.2739,1880618.0
2026-02-13 21:15:00,1771017300000,0.2739,0.2742,0.2732,0.2735,1025426.0
2026-02-13 21:30:00,1771018200000,0.2735,0.2735,0.2728,0.2735,1255789.0
2026-02-13 21:45:00,1771019100000,0.2735,0.2742,0.2733,0.2737,1473492.0
2026-02-13 22:00:00,1771020000000,0.2737,0.2742,0.2728,0.2728,1669455.0
2026-02-13 22:15:00,1771020900000,0.2728,0.2731,0.2725,0.2729,2316010.0
2026-02-13 22:30:00,1771021800000,0.2729,0.2731,0.2719,0.2721,1179102.0
2026-02-13 22:45:00,1771022700000,0.2721,0.2727,0.2719,0.2726,585879.0
2026-02-13 23:00:00,1771023600000,0.2726,0.2727,0.2719,0.2721,1104918.0
2026-02-13 23:15:00,1771024500000,0.2721,0.2727,0.2718,0.272,971140.0
2026-02-13 23:30:00,1771025400000,0.272,0.2725,0.2719,0.2721,1029283.0
2026-02-13 23:45:00,1771026300000,0.2721,0.273,0.2721,0.2727,1157217.0
2026-02-14 00:00:00,1771027200000,0.2727,0.2735,0.2726,0.2735,2272235.0
2026-02-14 00:15:00,1771028100000,0.2735,0.2736,0.2727,0.2733,2215937.0
2026-02-14 00:30:00,1771029000000,0.2733,0.2741,0.2728,0.2741,1746874.0
2026-02-14 00:45:00,1771029900000,0.2741,0.2745,0.2736,0.2743,3502097.0
2026-02-14 01:00:00,1771030800000,0.2743,0.2754,0.2738,0.2753,1702828.0
2026-02-14 01:15:00,1771031700000,0.2753,0.2773,0.2752,0.2763,4710063.0
2026-02-14 01:30:00,1771032600000,0.2763,0.2766,0.2754,0.2762,1596971.0
2026-02-14 01:45:00,1771033500000,0.2762,0.2769,0.2756,0.2758,949086.0
2026-02-14 02:00:00,1771034400000,0.2758,0.2761,0.2752,0.276,1055151.0
2026-02-14 02:15:00,1771035300000,0.276,0.2761,0.2752,0.2754,928429.0
2026-02-14 02:30:00,1771036200000,0.2754,0.276,0.2753,0.2757,633417.0
2026-02-14 02:45:00,1771037100000,0.2757,0.276,0.2753,0.2758,706680.0
2026-02-14 03:00:00,1771038000000,0.2758,0.2769,0.2757,0.2764,1665505.0
2026-02-14 03:15:00,1771038900000,0.2764,0.2764,0.2753,0.276,1287815.0
2026-02-14 03:30:00,1771039800000,0.276,0.2779,0.276,0.277,1408837.0
2026-02-14 03:45:00,1771040700000,0.277,0.2774,0.2765,0.2773,840554.0
2026-02-14 04:00:00,1771041600000,0.2773,0.2775,0.2762,0.2763,912933.0
2026-02-14 04:15:00,1771042500000,0.2763,0.2766,0.2757,0.2763,1241870.0
2026-02-14 04:30:00,1771043400000,0.2763,0.2765,0.2755,0.2765,1856649.0
2026-02-14 04:45:00,1771044300000,0.2765,0.2765,0.2755,0.2756,4101985.0
2026-02-14 05:00:00,1771045200000,0.2756,0.276,0.2749,0.2758,1497782.0
2026-02-14 05:15:00,1771046100000,0.2758,0.2772,0.2758,0.2766,1110567.0
2026-02-14 05:30:00,1771047000000,0.2766,0.2767,0.2757,0.276,631539.0
2026-02-14 05:45:00,1771047900000,0.276,0.2762,0.275,0.275,965756.0
2026-02-14 06:00:00,1771048800000,0.275,0.2754,0.2736,0.2742,3247246.0
2026-02-14 06:15:00,1771049700000,0.2742,0.2746,0.2736,0.2744,1599286.0
2026-02-14 06:30:00,1771050600000,0.2744,0.2746,0.2741,0.2742,590842.0
2026-02-14 06:45:00,1771051500000,0.2742,0.2745,0.2741,0.2743,564943.0
2026-02-14 07:00:00,1771052400000,0.2743,0.2749,0.2743,0.2749,611130.0
2026-02-14 07:15:00,1771053300000,0.2749,0.2753,0.2747,0.2752,818095.0
2026-02-14 07:30:00,1771054200000,0.2752,0.2761,0.275,0.276,2713363.0
2026-02-14 07:45:00,1771055100000,0.276,0.2763,0.275,0.2756,1345392.0
2026-02-14 08:00:00,1771056000000,0.2756,0.2782,0.2756,0.2776,3810515.0
2026-02-14 08:15:00,1771056900000,0.2776,0.278,0.2772,0.2774,1712944.0
2026-02-14 08:30:00,1771057800000,0.2774,0.2796,0.2773,0.2787,2963644.0
2026-02-14 08:45:00,1771058700000,0.2787,0.2796,0.2781,0.2787,3512007.0
2026-02-14 09:00:00,1771059600000,0.2787,0.2788,0.2778,0.2782,2427680.0
2026-02-14 09:15:00,1771060500000,0.2782,0.2789,0.278,0.2785,861734.0
2026-02-14 09:30:00,1771061400000,0.2785,0.2788,0.2781,0.2783,544364.0
2026-02-14 09:45:00,1771062300000,0.2783,0.2784,0.278,0.2782,900702.0
2026-02-14 10:00:00,1771063200000,0.2782,0.2785,0.2772,0.2785,1524728.0
2026-02-14 10:15:00,1771064100000,0.2785,0.2791,0.2777,0.2779,907635.0
2026-02-14 10:30:00,1771065000000,0.2779,0.2784,0.2775,0.2775,1204855.0
2026-02-14 10:45:00,1771065900000,0.2775,0.2786,0.2774,0.2784,1032362.0
2026-02-14 11:00:00,1771066800000,0.2784,0.2807,0.2783,0.2806,2536850.0
2026-02-14 11:15:00,1771067700000,0.2806,0.2842,0.2804,0.2827,8497359.0
2026-02-14 11:30:00,1771068600000,0.2827,0.2829,0.2816,0.2821,1876023.0
2026-02-14 11:45:00,1771069500000,0.2821,0.2833,0.282,0.283,3602891.0
2026-02-14 12:00:00,1771070400000,0.283,0.2837,0.2828,0.2835,2141252.0
2026-02-14 12:15:00,1771071300000,0.2835,0.284,0.2827,0.2833,2393076.0
2026-02-14 12:30:00,1771072200000,0.2833,0.2834,0.2818,0.2823,3528661.0
2026-02-14 12:45:00,1771073100000,0.2823,0.2827,0.2811,0.2817,2820731.0
2026-02-14 13:00:00,1771074000000,0.2817,0.2821,0.2806,0.2817,2554540.0
2026-02-14 13:15:00,1771074900000,0.2817,0.2819,0.2805,0.2806,2280843.0
2026-02-14 13:30:00,1771075800000,0.2806,0.2826,0.2804,0.2819,3478930.0
2026-02-14 13:45:00,1771076700000,0.2819,0.2831,0.2808,0.2811,4130718.0
2026-02-14 14:00:00,1771077600000,0.2811,0.2826,0.2809,0.2825,1418509.0
2026-02-14 14:15:00,1771078500000,0.2825,0.2834,0.282,0.2824,2214685.0
2026-02-14 14:30:00,1771079400000,0.2824,0.2844,0.2824,0.2835,3293671.0
2026-02-14 14:45:00,1771080300000,0.2835,0.2869,0.2833,0.2865,6785179.0
2026-02-14 15:00:00,1771081200000,0.2865,0.2865,0.2844,0.2847,2659295.0
2026-02-14 15:15:00,1771082100000,0.2847,0.2853,0.2844,0.2847,2540112.0
2026-02-14 15:30:00,1771083000000,0.2847,0.2853,0.284,0.2849,1724816.0
2026-02-14 15:45:00,1771083900000,0.2849,0.2864,0.2845,0.2861,2766447.0
2026-02-14 16:00:00,1771084800000,0.2861,0.2864,0.2852,0.2858,2770671.0
2026-02-14 16:15:00,1771085700000,0.2858,0.2861,0.285,0.2858,2096742.0
2026-02-14 16:30:00,1771086600000,0.2858,0.2884,0.2846,0.2882,5299509.0
2026-02-14 16:45:00,1771087500000,0.2882,0.2908,0.287,0.2895,7717374.0
2026-02-14 17:00:00,1771088400000,0.2895,0.2907,0.289,0.2902,4558398.0
2026-02-14 17:15:00,1771089300000,0.2902,0.2921,0.2894,0.2918,6095348.0
2026-02-14 17:30:00,1771090200000,0.2918,0.2923,0.2894,0.2908,4521366.0
2026-02-14 17:45:00,1771091100000,0.2908,0.291,0.2889,0.2893,3338172.0
2026-02-14 18:00:00,1771092000000,0.2893,0.2907,0.289,0.2902,3037966.0
2026-02-14 18:15:00,1771092900000,0.2902,0.2919,0.2899,0.2914,4601602.0
2026-02-14 18:30:00,1771093800000,0.2914,0.2937,0.291,0.2927,4965194.0
2026-02-14 18:45:00,1771094700000,0.2927,0.294,0.2921,0.2934,4321103.0
2026-02-14 19:00:00,1771095600000,0.2934,0.2942,0.2925,0.2935,2794687.0
2026-02-14 19:15:00,1771096500000,0.2935,0.2955,0.2925,0.294,9989607.0
2026-02-14 19:30:00,1771097400000,0.294,0.2955,0.294,0.2953,5517718.0
2026-02-14 19:45:00,1771098300000,0.2953,0.2997,0.2951,0.2984,13640966.0
2026-02-14 20:00:00,1771099200000,0.2984,0.3002,0.2959,0.297,8145042.0
2026-02-14 20:15:00,1771100100000,0.297,0.2982,0.2959,0.2964,4892364.0
2026-02-14 20:30:00,1771101000000,0.2964,0.2979,0.296,0.2971,3165168.0
2026-02-14 20:45:00,1771101900000,0.2971,0.298,0.2968,0.2971,1432027.0
2026-02-14 21:00:00,1771102800000,0.2971,0.3006,0.297,0.2997,7145614.0
2026-02-14 21:15:00,1771103700000,0.2997,0.2999,0.2969,0.2971,4963691.0
2026-02-14 21:30:00,1771104600000,0.2971,0.2971,0.2943,0.2956,7276183.0
2026-02-14 21:45:00,1771105500000,0.2956,0.2962,0.2953,0.2958,1426526.0
2026-02-14 22:00:00,1771106400000,0.2958,0.2988,0.2955,0.2982,3189729.0
2026-02-14 22:15:00,1771107300000,0.2982,0.2983,0.2954,0.2961,2263116.0
2026-02-14 22:30:00,1771108200000,0.2961,0.2982,0.296,0.2973,3240872.0
2026-02-14 22:45:00,1771109100000,0.2973,0.2984,0.2969,0.2969,1336771.0
2026-02-14 23:00:00,1771110000000,0.2969,0.297,0.2955,0.2967,2595586.0
2026-02-14 23:15:00,1771110900000,0.2967,0.2972,0.2949,0.2953,3285684.0
2026-02-14 23:30:00,1771111800000,0.2953,0.2959,0.2941,0.2949,2194490.0
2026-02-14 23:45:00,1771112700000,0.2949,0.2956,0.2947,0.2949,1060902.0
2026-02-15 00:00:00,1771113600000,0.2949,0.2963,0.2948,0.295,4365279.0
2026-02-15 00:15:00,1771114500000,0.295,0.2971,0.295,0.2959,2469099.0
2026-02-15 00:30:00,1771115400000,0.2959,0.297,0.2949,0.2955,3223770.0
2026-02-15 00:45:00,1771116300000,0.2955,0.2978,0.2953,0.2966,3820412.0
2026-02-15 01:00:00,1771117200000,0.2966,0.2983,0.2962,0.2976,2092541.0
2026-02-15 01:15:00,1771118100000,0.2976,0.2976,0.2941,0.2949,4462562.0
2026-02-15 01:30:00,1771119000000,0.2949,0.2966,0.2946,0.2954,3756472.0
2026-02-15 01:45:00,1771119900000,0.2954,0.2967,0.2949,0.2964,1669088.0
2026-02-15 02:00:00,1771120800000,0.2964,0.2983,0.2946,0.2953,4883389.0
2026-02-15 02:15:00,1771121700000,0.2953,0.2963,0.2941,0.2944,2817567.0
2026-02-15 02:30:00,1771122600000,0.2944,0.2955,0.2924,0.2949,7496028.0
2026-02-15 02:45:00,1771123500000,0.2949,0.2957,0.2943,0.2952,1175505.0
2026-02-15 03:00:00,1771124400000,0.2952,0.2976,0.2951,0.2964,4761023.0
2026-02-15 03:15:00,1771125300000,0.2964,0.2972,0.2956,0.2957,2307436.0
2026-02-15 03:30:00,1771126200000,0.2957,0.296,0.2923,0.2938,10546638.0
2026-02-15 03:45:00,1771127100000,0.2938,0.2972,0.2938,0.2972,4824789.0
2026-02-15 04:00:00,1771128000000,0.2972,0.3009,0.2968,0.2998,11359136.0
2026-02-15 04:15:00,1771128900000,0.2998,0.3003,0.296,0.2964,6608767.0
2026-02-15 04:30:00,1771129800000,0.2964,0.2985,0.2962,0.298,2411377.0
2026-02-15 04:45:00,1771130700000,0.298,0.2985,0.2968,0.2974,3044866.0
2026-02-15 05:00:00,1771131600000,0.2974,0.2982,0.2971,0.2976,1793425.0
2026-02-15 05:15:00,1771132500000,0.2976,0.2986,0.2975,0.298,1198498.0
2026-02-15 05:30:00,1771133400000,0.298,0.2988,0.2972,0.2986,5616445.0
2026-02-15 05:45:00,1771134300000,0.2986,0.2995,0.2975,0.2981,2924948.0
2026-02-15 06:00:00,1771135200000,0.2981,0.299,0.2975,0.2977,3175811.0
2026-02-15 06:15:00,1771136100000,0.2977,0.2987,0.2973,0.2976,2072773.0
2026-02-15 06:30:00,1771137000000,0.2976,0.2986,0.2973,0.2975,1853689.0
2026-02-15 06:45:00,1771137900000,0.2975,0.2977,0.2962,0.2968,1988681.0
2026-02-15 07:00:00,1771138800000,0.2968,0.2987,0.2966,0.2985,3356668.0
2026-02-15 07:15:00,1771139700000,0.2985,0.2994,0.2981,0.2985,5317130.0
2026-02-15 07:30:00,1771140600000,0.2985,0.3009,0.2982,0.2996,3830809.0
2026-02-15 07:45:00,1771141500000,0.2996,0.3006,0.2995,0.3005,2026625.0
2026-02-15 08:00:00,1771142400000,0.3005,0.3017,0.2995,0.2997,7108224.0
2026-02-15 08:15:00,1771143300000,0.2997,0.301,0.2978,0.2981,4569447.0
2026-02-15 08:30:00,1771144200000,0.2981,0.2984,0.2947,0.2957,10605117.0
2026-02-15 08:45:00,1771145100000,0.2957,0.2965,0.2951,0.296,2199961.0
2026-02-15 09:00:00,1771146000000,0.296,0.2978,0.2954,0.2967,5488600.0
2026-02-15 09:15:00,1771146900000,0.2967,0.2971,0.2956,0.2961,1708651.0
2026-02-15 09:30:00,1771147800000,0.2961,0.2971,0.295,0.2956,2015996.0
2026-02-15 09:45:00,1771148700000,0.2956,0.296,0.2948,0.2954,1105562.0
2026-02-15 10:00:00,1771149600000,0.2954,0.2957,0.2927,0.2928,5973661.0
2026-02-15 10:15:00,1771150500000,0.2928,0.2933,0.291,0.2919,10615620.0
2026-02-15 10:30:00,1771151400000,0.2919,0.2924,0.2905,0.2919,5055708.0
2026-02-15 10:45:00,1771152300000,0.2919,0.2929,0.2916,0.2925,3958604.0
2026-02-15 11:00:00,1771153200000,0.2925,0.2935,0.2922,0.2924,1911991.0
2026-02-15 11:15:00,1771154100000,0.2924,0.2931,0.2916,0.292,1774835.0
2026-02-15 11:30:00,1771155000000,0.292,0.292,0.2907,0.2911,1318315.0
2026-02-15 11:45:00,1771155900000,0.2911,0.2913,0.2896,0.2904,3882000.0
2026-02-15 12:00:00,1771156800000,0.2904,0.2909,0.2882,0.2888,9450737.0
2026-02-15 12:15:00,1771157700000,0.2888,0.2904,0.2884,0.2899,7116931.0
2026-02-15 12:30:00,1771158600000,0.2899,0.2901,0.2878,0.2888,4027388.0
2026-02-15 12:45:00,1771159500000,0.2888,0.2889,0.2833,0.2834,16314961.0
2026-02-15 13:00:00,1771160400000,0.2834,0.2857,0.2834,0.2855,9442186.0
2026-02-15 13:15:00,1771161300000,0.2855,0.286,0.2836,0.2838,6537464.0
2026-02-15 13:30:00,1771162200000,0.2838,0.2844,0.2817,0.2822,10885422.0
2026-02-15 13:45:00,1771163100000,0.2822,0.2834,0.2806,0.2819,10670441.0
2026-02-15 14:00:00,1771164000000,0.2819,0.2837,0.2817,0.2829,5811220.0
2026-02-15 14:15:00,1771164900000,0.2829,0.284,0.2828,0.2838,2202471.0
2026-02-15 14:30:00,1771165800000,0.2838,0.2852,0.2836,0.285,3345853.0
2026-02-15 14:45:00,1771166700000,0.285,0.2852,0.2843,0.2844,1514846.0
2026-02-15 15:00:00,1771167600000,0.2844,0.2863,0.2841,0.2861,4791383.0
2026-02-15 15:15:00,1771168500000,0.2861,0.2861,0.284,0.2842,2335884.0
2026-02-15 15:30:00,1771169400000,0.2842,0.2849,0.2835,0.2843,2255110.0
2026-02-15 15:45:00,1771170300000,0.2843,0.2846,0.2836,0.284,1272886.0
2026-02-15 16:00:00,1771171200000,0.284,0.2842,0.2816,0.2829,5982678.0
2026-02-15 16:15:00,1771172100000,0.2829,0.2836,0.2825,0.2833,3097104.0
2026-02-15 16:30:00,1771173000000,0.2833,0.2834,0.2821,0.2828,3329346.0
2026-02-15 16:45:00,1771173900000,0.2828,0.2837,0.2827,0.2834,1745460.0
2026-02-15 17:00:00,1771174800000,0.2834,0.2843,0.2833,0.2839,1889666.0
2026-02-15 17:15:00,1771175700000,0.2839,0.2839,0.2824,0.2827,1732427.0
2026-02-15 17:30:00,1771176600000,0.2827,0.2834,0.2818,0.2818,1987839.0
2026-02-15 17:45:00,1771177500000,0.2818,0.2818,0.278,0.2804,24044221.0
2026-02-15 18:00:00,1771178400000,0.2804,0.2808,0.2785,0.2802,5106134.0
2026-02-15 18:15:00,1771179300000,0.2802,0.2812,0.2796,0.2796,2562164.0
2026-02-15 18:30:00,1771180200000,0.2796,0.2798,0.2781,0.2796,2998408.0
2026-02-15 18:45:00,1771181100000,0.2796,0.2797,0.2778,0.2789,2544284.0
2026-02-15 19:00:00,1771182000000,0.2789,0.2793,0.2772,0.2785,5456262.0
2026-02-15 19:15:00,1771182900000,0.2785,0.2805,0.2778,0.2802,7702741.0
2026-02-15 19:30:00,1771183800000,0.2802,0.2803,0.2775,0.2782,3518402.0
2026-02-15 19:45:00,1771184700000,0.2782,0.2793,0.2779,0.279,3408461.0
2026-02-15 20:00:00,1771185600000,0.279,0.28,0.2776,0.2799,3766187.0
2026-02-15 20:15:00,1771186500000,0.2799,0.2799,0.2786,0.2796,2095787.0
2026-02-15 20:30:00,1771187400000,0.2796,0.2804,0.2791,0.2792,1854221.0
2026-02-15 20:45:00,1771188300000,0.2792,0.2794,0.2786,0.279,446924.0
2026-02-15 21:00:00,1771189200000,0.279,0.2807,0.2789,0.2804,1688466.0
2026-02-15 21:15:00,1771190100000,0.2804,0.2807,0.28,0.2803,1118749.0
2026-02-15 21:30:00,1771191000000,0.2803,0.2815,0.2798,0.2799,1701716.0
2026-02-15 21:45:00,1771191900000,0.2799,0.2806,0.2797,0.2802,1135772.0
2026-02-15 22:00:00,1771192800000,0.2802,0.2811,0.2797,0.2805,1510250.0
2026-02-15 22:15:00,1771193700000,0.2805,0.2817,0.2802,0.2812,884592.0
2026-02-15 22:30:00,1771194600000,0.2812,0.2823,0.281,0.2819,2030717.0
2026-02-15 22:45:00,1771195500000,0.2819,0.2826,0.2814,0.2821,1224999.0
2026-02-15 23:00:00,1771196400000,0.2821,0.2822,0.279,0.2796,2894012.0
2026-02-15 23:15:00,1771197300000,0.2796,0.2808,0.2792,0.2805,1027683.0
2026-02-15 23:30:00,1771198200000,0.2805,0.282,0.2805,0.2813,2128363.0
2026-02-15 23:45:00,1771199100000,0.2813,0.2821,0.2813,0.2816,1164624.0
2026-02-16 00:00:00,1771200000000,0.2816,0.2829,0.2812,0.2825,1950230.0
2026-02-16 00:15:00,1771200900000,0.2825,0.2832,0.2814,0.2817,1588761.0
2026-02-16 00:30:00,1771201800000,0.2817,0.2823,0.2806,0.2807,892516.0
2026-02-16 00:45:00,1771202700000,0.2807,0.2823,0.2805,0.2818,850902.0
2026-02-16 01:00:00,1771203600000,0.2818,0.283,0.2815,0.2819,813216.0
2026-02-16 01:15:00,1771204500000,0.2819,0.2822,0.2803,0.2809,1061496.0
2026-02-16 01:30:00,1771205400000,0.2809,0.2815,0.2797,0.2804,1333957.0
2026-02-16 01:45:00,1771206300000,0.2804,0.281,0.2803,0.2809,415496.0
2026-02-16 02:00:00,1771207200000,0.2809,0.2821,0.2805,0.2814,888854.0
2026-02-16 02:15:00,1771208100000,0.2814,0.2815,0.2802,0.2803,764525.0
2026-02-16 02:30:00,1771209000000,0.2803,0.2811,0.28,0.2809,549872.0
2026-02-16 02:45:00,1771209900000,0.2809,0.2812,0.2794,0.2798,1554651.0
2026-02-16 03:00:00,1771210800000,0.2798,0.2802,0.2797,0.2799,379891.0
2026-02-16 03:15:00,1771211700000,0.2799,0.2803,0.2792,0.2795,689259.0
2026-02-16 03:30:00,1771212600000,0.2795,0.2801,0.2794,0.2799,583888.0
2026-02-16 03:45:00,1771213500000,0.2799,0.2803,0.2795,0.28,744607.0
2026-02-16 04:00:00,1771214400000,0.28,0.2811,0.2799,0.2808,1192886.0
2026-02-16 04:15:00,1771215300000,0.2808,0.2814,0.2805,0.2809,1724312.0
2026-02-16 04:30:00,1771216200000,0.2809,0.281,0.2803,0.2803,448055.0
2026-02-16 04:45:00,1771217100000,0.2803,0.282,0.2802,0.282,1344830.0
2026-02-16 05:00:00,1771218000000,0.282,0.2827,0.2795,0.2796,2203311.0
2026-02-16 05:15:00,1771218900000,0.2796,0.2797,0.2779,0.2784,5871851.0
2026-02-16 05:30:00,1771219800000,0.2784,0.2788,0.2771,0.2781,2447256.0
2026-02-16 05:45:00,1771220700000,0.2781,0.2784,0.2778,0.2779,1080534.0
2026-02-16 06:00:00,1771221600000,0.2779,0.2787,0.2778,0.2783,707173.0
2026-02-16 06:15:00,1771222500000,0.2783,0.2787,0.2777,0.2786,823354.0
2026-02-16 06:30:00,1771223400000,0.2786,0.2804,0.2784,0.2802,1161898.0
2026-02-16 06:45:00,1771224300000,0.2802,0.2804,0.2798,0.28,444545.0
2026-02-16 07:00:00,1771225200000,0.28,0.2808,0.2794,0.2806,958867.0
2026-02-16 07:15:00,1771226100000,0.2806,0.2813,0.2798,0.2801,1418311.0
2026-02-16 07:30:00,1771227000000,0.2801,0.2808,0.2792,0.2794,3936051.0
2026-02-16 07:45:00,1771227900000,0.2794,0.2803,0.2794,0.28,535334.0
2026-02-16 08:00:00,1771228800000,0.28,0.2814,0.2798,0.2812,1825295.0
2026-02-16 08:15:00,1771229700000,0.2812,0.2826,0.281,0.2824,1848883.0
2026-02-16 08:30:00,1771230600000,0.2824,0.2826,0.2813,0.2816,660069.0
2026-02-16 08:45:00,1771231500000,0.2816,0.282,0.2814,0.2815,360129.0
2026-02-16 09:00:00,1771232400000,0.2815,0.2836,0.2814,0.2826,1898296.0
2026-02-16 09:15:00,1771233300000,0.2826,0.2839,0.282,0.2834,3510647.0
2026-02-16 09:30:00,1771234200000,0.2834,0.2856,0.2831,0.2853,4079166.0
2026-02-16 09:45:00,1771235100000,0.2853,0.2854,0.2843,0.2848,1236379.0
2026-02-16 10:00:00,1771236000000,0.2848,0.2848,0.2839,0.284,1182495.0
2026-02-16 10:15:00,1771236900000,0.284,0.2842,0.2825,0.2827,1635319.0
2026-02-16 10:30:00,1771237800000,0.2827,0.2833,0.2819,0.2829,2074098.0
2026-02-16 10:45:00,1771238700000,0.2829,0.2832,0.2823,0.2827,904534.0
2026-02-16 11:00:00,1771239600000,0.2827,0.2833,0.2798,0.2803,6278744.0
2026-02-16 11:15:00,1771240500000,0.2803,0.2813,0.2786,0.2811,5163396.0
2026-02-16 11:30:00,1771241400000,0.2811,0.282,0.2806,0.2816,2187796.0
2026-02-16 11:45:00,1771242300000,0.2816,0.2834,0.2816,0.2825,4534602.0
2026-02-16 12:00:00,1771243200000,0.2825,0.2833,0.282,0.2828,1826675.0
2026-02-16 12:15:00,1771244100000,0.2828,0.2863,0.2818,0.2858,6184706.0
2026-02-16 12:30:00,1771245000000,0.2858,0.2868,0.2845,0.2859,4870944.0
2026-02-16 12:45:00,1771245900000,0.2859,0.2875,0.2852,0.287,3930614.0
2026-02-16 13:00:00,1771246800000,0.287,0.289,0.2864,0.2868,6462922.0
2026-02-16 13:15:00,1771247700000,0.2868,0.2878,0.2816,0.2827,8982163.0
2026-02-16 13:30:00,1771248600000,0.2827,0.2846,0.2817,0.2833,9412035.0
2026-02-16 13:45:00,1771249500000,0.2833,0.2834,0.2801,0.2809,4878201.0
2026-02-16 14:00:00,1771250400000,0.2809,0.2824,0.2802,0.2811,2961894.0
2026-02-16 14:15:00,1771251300000,0.2811,0.282,0.2787,0.2796,4280478.0
2026-02-16 14:30:00,1771252200000,0.2796,0.284,0.2794,0.2833,3594030.0
2026-02-16 14:45:00,1771253100000,0.2833,0.2856,0.2827,0.2839,5299168.0
2026-02-16 15:00:00,1771254000000,0.2839,0.2857,0.2828,0.2829,4351379.0
2026-02-16 15:15:00,1771254900000,0.2829,0.2832,0.2815,0.2818,2849714.0
2026-02-16 15:30:00,1771255800000,0.2818,0.2819,0.2764,0.2783,19179756.0
2026-02-16 15:45:00,1771256700000,0.2783,0.2799,0.2779,0.2788,4689367.0
2026-02-16 16:00:00,1771257600000,0.2788,0.2822,0.2783,0.2817,6056233.0
2026-02-16 16:15:00,1771258500000,0.2817,0.2819,0.2799,0.2809,2943738.0
2026-02-16 16:30:00,1771259400000,0.2809,0.2813,0.2788,0.2807,3283014.0
2026-02-16 16:45:00,1771260300000,0.2807,0.2813,0.2802,0.2812,1562503.0
2026-02-16 17:00:00,1771261200000,0.2812,0.2818,0.2799,0.2809,2502894.0
2026-02-16 17:15:00,1771262100000,0.2809,0.2819,0.2795,0.2816,3497024.0
2026-02-16 17:30:00,1771263000000,0.2816,0.2831,0.2813,0.283,4241431.0
2026-02-16 17:45:00,1771263900000,0.283,0.283,0.2816,0.2819,1573923.0
2026-02-16 18:00:00,1771264800000,0.2819,0.2828,0.2818,0.2826,2143212.0
2026-02-16 18:15:00,1771265700000,0.2826,0.2838,0.2822,0.2824,1519259.0
2026-02-16 18:30:00,1771266600000,0.2824,0.2828,0.2816,0.2819,3751960.0
2026-02-16 18:45:00,1771267500000,0.2819,0.2822,0.2811,0.2814,1663133.0
2026-02-16 19:00:00,1771268400000,0.2814,0.2821,0.2811,0.2819,561769.0
2026-02-16 19:15:00,1771269300000,0.2819,0.283,0.2809,0.2824,1544879.0
2026-02-16 19:30:00,1771270200000,0.2824,0.2835,0.2821,0.283,672741.0
2026-02-16 19:45:00,1771271100000,0.283,0.2832,0.2818,0.282,801810.0
2026-02-16 20:00:00,1771272000000,0.282,0.2821,0.2812,0.2814,1524822.0
2026-02-16 20:15:00,1771272900000,0.2814,0.2832,0.2812,0.2832,2873246.0
2026-02-16 20:30:00,1771273800000,0.2832,0.2839,0.283,0.2835,2195777.0
2026-02-16 20:45:00,1771274700000,0.2835,0.2861,0.2833,0.2852,5957982.0
2026-02-16 21:00:00,1771275600000,0.2852,0.2859,0.2842,0.2859,2486335.0
2026-02-16 21:15:00,1771276500000,0.2859,0.2863,0.2851,0.2859,3540735.0
2026-02-16 21:30:00,1771277400000,0.2859,0.2864,0.2851,0.2856,2189749.0
2026-02-16 21:45:00,1771278300000,0.2856,0.2875,0.2853,0.2871,2798490.0
2026-02-16 22:00:00,1771279200000,0.2871,0.2874,0.2857,0.286,3357835.0
2026-02-16 22:15:00,1771280100000,0.286,0.2862,0.2848,0.2851,1167335.0
2026-02-16 22:30:00,1771281000000,0.2851,0.2858,0.2843,0.2856,2622979.0
2026-02-16 22:45:00,1771281900000,0.2856,0.2856,0.2843,0.2848,1313835.0
2026-02-16 23:00:00,1771282800000,0.2848,0.2856,0.2846,0.2852,1102010.0
2026-02-16 23:15:00,1771283700000,0.2852,0.2858,0.2849,0.2851,1150294.0
2026-02-16 23:30:00,1771284600000,0.2851,0.2855,0.2848,0.285,855380.0
2026-02-16 23:45:00,1771285500000,0.285,0.286,0.2849,0.2856,1457839.0
2026-02-17 00:00:00,1771286400000,0.2856,0.2862,0.2842,0.2854,4529692.0
2026-02-17 00:15:00,1771287300000,0.2854,0.2859,0.2848,0.2854,826069.0
2026-02-17 00:30:00,1771288200000,0.2854,0.2862,0.285,0.2853,1933019.0
2026-02-17 00:45:00,1771289100000,0.2853,0.2862,0.2843,0.2847,1041219.0
2026-02-17 01:00:00,1771290000000,0.2847,0.2859,0.2845,0.2851,1232533.0
2026-02-17 01:15:00,1771290900000,0.2851,0.2854,0.2846,0.285,972934.0
2026-02-17 01:30:00,1771291800000,0.285,0.2859,0.2845,0.2852,866091.0
2026-02-17 01:45:00,1771292700000,0.2852,0.2855,0.284,0.2843,850514.0
2026-02-17 02:00:00,1771293600000,0.2843,0.2865,0.2827,0.2858,2735484.0
2026-02-17 02:15:00,1771294500000,0.2858,0.2868,0.2857,0.2867,1602080.0
2026-02-17 02:30:00,1771295400000,0.2867,0.2878,0.2866,0.2878,2698541.0
2026-02-17 02:45:00,1771296300000,0.2878,0.289,0.2878,0.2881,2590393.0
2026-02-17 03:00:00,1771297200000,0.2881,0.2882,0.2869,0.2876,1719603.0
2026-02-17 03:15:00,1771298100000,0.2876,0.2879,0.2867,0.2871,599051.0
2026-02-17 03:30:00,1771299000000,0.2871,0.2871,0.2862,0.2869,544316.0
2026-02-17 03:45:00,1771299900000,0.2869,0.2872,0.2862,0.2863,2412403.0
2026-02-17 04:00:00,1771300800000,0.2863,0.2867,0.2855,0.2862,885262.0
2026-02-17 04:15:00,1771301700000,0.2862,0.2876,0.2858,0.2874,2004746.0
2026-02-17 04:30:00,1771302600000,0.2874,0.2874,0.285,0.2865,1963539.0
2026-02-17 04:45:00,1771303500000,0.2865,0.2867,0.286,0.2864,579324.0
2026-02-17 05:00:00,1771304400000,0.2864,0.2869,0.2857,0.286,647152.0
2026-02-17 05:15:00,1771305300000,0.286,0.2864,0.2843,0.2847,2580346.0
2026-02-17 05:30:00,1771306200000,0.2847,0.2855,0.2834,0.2852,2291697.0
2026-02-17 05:45:00,1771307100000,0.2852,0.2859,0.2848,0.2854,617867.0
2026-02-17 06:00:00,1771308000000,0.2854,0.2865,0.2854,0.2862,685017.0
2026-02-17 06:15:00,1771308900000,0.2862,0.2868,0.2857,0.2865,813438.0
2026-02-17 06:30:00,1771309800000,0.2865,0.2868,0.286,0.2868,1071591.0
2026-02-17 06:45:00,1771310700000,0.2868,0.2874,0.2864,0.2871,1242944.0
2026-02-17 07:00:00,1771311600000,0.2871,0.2872,0.2856,0.286,720757.0
2026-02-17 07:15:00,1771312500000,0.286,0.2864,0.2856,0.2861,683425.0
2026-02-17 07:30:00,1771313400000,0.2861,0.2894,0.2859,0.2893,4564645.0
2026-02-17 07:45:00,1771314300000,0.2893,0.2896,0.2861,0.2863,9216133.0
2026-02-17 08:00:00,1771315200000,0.2863,0.287,0.2856,0.2857,1536510.0
2026-02-17 08:15:00,1771316100000,0.2857,0.2859,0.2847,0.2847,1758919.0
2026-02-17 08:30:00,1771317000000,0.2847,0.285,0.283,0.2834,5000570.0
2026-02-17 08:45:00,1771317900000,0.2834,0.2837,0.2831,0.2833,1095378.0
2026-02-17 09:00:00,1771318800000,0.2833,0.2834,0.2817,0.282,4980707.0
2026-02-17 09:15:00,1771319700000,0.282,0.2823,0.2811,0.2819,1513175.0
2026-02-17 09:30:00,1771320600000,0.2819,0.2819,0.2806,0.2812,2137627.0
2026-02-17 09:45:00,1771321500000,0.2812,0.2824,0.2811,0.282,1424245.0
2026-02-17 10:00:00,1771322400000,0.282,0.2822,0.2813,0.2817,692340.0
2026-02-17 10:15:00,1771323300000,0.2817,0.2817,0.2795,0.2797,2354389.0
2026-02-17 10:30:00,1771324200000,0.2797,0.2801,0.2791,0.2801,2106618.0
2026-02-17 10:45:00,1771325100000,0.2801,0.2802,0.2792,0.2799,674929.0
2026-02-17 11:00:00,1771326000000,0.2799,0.2809,0.2795,0.2805,2211756.0
2026-02-17 11:15:00,1771326900000,0.2805,0.2808,0.2795,0.2801,2478520.0
2026-02-17 11:30:00,1771327800000,0.2801,0.2803,0.2794,0.2799,2339006.0
2026-02-17 11:45:00,1771328700000,0.2799,0.2807,0.2797,0.2802,743223.0
2026-02-17 12:00:00,1771329600000,0.2802,0.2815,0.2795,0.2806,2538667.0
2026-02-17 12:15:00,1771330500000,0.2806,0.2823,0.2803,0.2819,2197519.0
2026-02-17 12:30:00,1771331400000,0.2819,0.2828,0.2816,0.2827,1170121.0
2026-02-17 12:45:00,1771332300000,0.2827,0.283,0.2813,0.2817,1361367.0
2026-02-17 13:00:00,1771333200000,0.2817,0.2834,0.2813,0.2833,1176361.0
2026-02-17 13:15:00,1771334100000,0.2833,0.2841,0.2823,0.2827,1738224.0
2026-02-17 13:30:00,1771335000000,0.2827,0.2828,0.2817,0.282,676719.0
2026-02-17 13:45:00,1771335900000,0.282,0.2841,0.2818,0.2833,2836001.0
2026-02-17 14:00:00,1771336800000,0.2833,0.2841,0.2823,0.2828,1758061.0
2026-02-17 14:15:00,1771337700000,0.2828,0.2832,0.2821,0.2826,1685165.0
2026-02-17 14:30:00,1771338600000,0.2826,0.2845,0.2783,0.2792,9507067.0
2026-02-17 14:45:00,1771339500000,0.2792,0.2794,0.2771,0.278,10043992.0
2026-02-17 15:00:00,1771340400000,0.278,0.2803,0.2778,0.279,3660163.0
2026-02-17 15:15:00,1771341300000,0.279,0.2811,0.2782,0.2788,4714407.0
2026-02-17 15:30:00,1771342200000,0.2788,0.2801,0.2774,0.2797,9122250.0
2026-02-17 15:45:00,1771343100000,0.2797,0.2813,0.2797,0.2812,2018496.0
2026-02-17 16:00:00,1771344000000,0.2812,0.2857,0.2807,0.284,6979294.0
2026-02-17 16:15:00,1771344900000,0.284,0.2856,0.2822,0.2823,5908350.0
2026-02-17 16:30:00,1771345800000,0.2823,0.2866,0.2821,0.2845,5131306.0
2026-02-17 16:45:00,1771346700000,0.2845,0.2848,0.2826,0.2827,2533882.0
2026-02-17 17:00:00,1771347600000,0.2827,0.2833,0.2792,0.2803,5871184.0
2026-02-17 17:15:00,1771348500000,0.2803,0.2821,0.2803,0.282,2897498.0
2026-02-17 17:30:00,1771349400000,0.282,0.2821,0.2787,0.2787,5603108.0
2026-02-17 17:45:00,1771350300000,0.2787,0.281,0.2782,0.2809,4870225.0
2026-02-17 18:00:00,1771351200000,0.2809,0.2821,0.2803,0.2818,1458894.0
2026-02-17 18:15:00,1771352100000,0.2818,0.2853,0.2809,0.2848,4040501.0
2026-02-17 18:30:00,1771353000000,0.2848,0.2864,0.2836,0.2857,6605265.0
2026-02-17 18:45:00,1771353900000,0.2857,0.2858,0.2844,0.2846,2390168.0
2026-02-17 19:00:00,1771354800000,0.2846,0.2855,0.2842,0.2852,889283.0
2026-02-17 19:15:00,1771355700000,0.2852,0.2855,0.2829,0.2833,2028089.0
2026-02-17 19:30:00,1771356600000,0.2833,0.2838,0.2827,0.2834,1060131.0
2026-02-17 19:45:00,1771357500000,0.2834,0.284,0.2825,0.2829,687245.0
2026-02-17 20:00:00,1771358400000,0.2829,0.2834,0.2819,0.2822,2228524.0
2026-02-17 20:15:00,1771359300000,0.2822,0.2827,0.2812,0.2825,2751248.0
2026-02-17 20:30:00,1771360200000,0.2825,0.2833,0.2811,0.2828,2853907.0
2026-02-17 20:45:00,1771361100000,0.2828,0.2832,0.2821,0.2824,1149816.0
2026-02-17 21:00:00,1771362000000,0.2824,0.2837,0.2821,0.2834,1704726.0
2026-02-17 21:15:00,1771362900000,0.2834,0.2834,0.2818,0.2819,1134102.0
2026-02-17 21:30:00,1771363800000,0.2819,0.282,0.2814,0.2818,741242.0
2026-02-17 21:45:00,1771364700000,0.2818,0.2824,0.2814,0.2823,1176445.0
2026-02-17 22:00:00,1771365600000,0.2823,0.2825,0.2816,0.282,867111.0
2026-02-17 22:15:00,1771366500000,0.282,0.2825,0.2817,0.2821,490207.0
2026-02-17 22:30:00,1771367400000,0.2821,0.2827,0.2818,0.282,764013.0
2026-02-17 22:45:00,1771368300000,0.282,0.2823,0.2806,0.281,1428136.0
2026-02-17 23:00:00,1771369200000,0.281,0.2811,0.2801,0.2806,1268212.0
2026-02-17 23:15:00,1771370100000,0.2806,0.2812,0.2804,0.2805,507778.0
2026-02-17 23:30:00,1771371000000,0.2805,0.2811,0.2801,0.2811,523492.0
2026-02-17 23:45:00,1771371900000,0.2811,0.2813,0.2805,0.2808,953341.0
2026-02-18 00:00:00,1771372800000,0.2808,0.2817,0.2808,0.2814,1572548.0
2026-02-18 00:15:00,1771373700000,0.2814,0.2815,0.2803,0.281,598209.0
2026-02-18 00:30:00,1771374600000,0.281,0.2816,0.2807,0.2807,612777.0
2026-02-18 00:45:00,1771375500000,0.2807,0.2807,0.2797,0.2798,2904246.0
2026-02-18 01:00:00,1771376400000,0.2798,0.2802,0.2789,0.2796,1719451.0
2026-02-18 01:15:00,1771377300000,0.2796,0.2802,0.2794,0.2796,1855883.0
2026-02-18 01:30:00,1771378200000,0.2796,0.2799,0.2788,0.2798,1004687.0
2026-02-18 01:45:00,1771379100000,0.2798,0.28,0.2792,0.2798,1081684.0
2026-02-18 02:00:00,1771380000000,0.2798,0.2821,0.2798,0.2816,1078602.0
2026-02-18 02:15:00,1771380900000,0.2816,0.2818,0.2812,0.2812,1124895.0
2026-02-18 02:30:00,1771381800000,0.2812,0.2829,0.281,0.2823,1413878.0
2026-02-18 02:45:00,1771382700000,0.2823,0.2825,0.2817,0.2822,314054.0
2026-02-18 03:00:00,1771383600000,0.2822,0.283,0.2821,0.2828,749544.0
2026-02-18 03:15:00,1771384500000,0.2828,0.2834,0.2828,0.2833,390566.0
2026-02-18 03:30:00,1771385400000,0.2833,0.2838,0.283,0.2831,610448.0
2026-02-18 03:45:00,1771386300000,0.2831,0.2833,0.2826,0.2829,462113.0
2026-02-18 04:00:00,1771387200000,0.2829,0.2833,0.2821,0.2823,1387884.0
2026-02-18 04:15:00,1771388100000,0.2823,0.2829,0.2821,0.2824,747671.0
2026-02-18 04:30:00,1771389000000,0.2824,0.2829,0.2821,0.2822,250607.0
2026-02-18 04:45:00,1771389900000,0.2822,0.2827,0.2816,0.2818,1422114.0
2026-02-18 05:00:00,1771390800000,0.2818,0.2821,0.2815,0.2819,952967.0
2026-02-18 05:15:00,1771391700000,0.2819,0.2827,0.2818,0.2819,758957.0
2026-02-18 05:30:00,1771392600000,0.2819,0.2821,0.2815,0.2819,558105.0
2026-02-18 05:45:00,1771393500000,0.2819,0.2829,0.2818,0.2821,1324075.0
2026-02-18 06:00:00,1771394400000,0.2821,0.283,0.2821,0.2826,3537303.0
2026-02-18 06:15:00,1771395300000,0.2826,0.2829,0.282,0.2827,593493.0
2026-02-18 06:30:00,1771396200000,0.2827,0.2833,0.2826,0.2828,2654690.0
2026-02-18 06:45:00,1771397100000,0.2828,0.2832,0.2819,0.2821,686575.0
2026-02-18 07:00:00,1771398000000,0.2821,0.2827,0.282,0.2821,577827.0
2026-02-18 07:15:00,1771398900000,0.2821,0.2823,0.2818,0.2822,456806.0
2026-02-18 07:30:00,1771399800000,0.2822,0.2841,0.2821,0.2836,2295526.0
2026-02-18 07:45:00,1771400700000,0.2836,0.2849,0.2835,0.2844,2386209.0
2026-02-18 08:00:00,1771401600000,0.2844,0.2848,0.2839,0.2842,1140950.0
2026-02-18 08:15:00,1771402500000,0.2842,0.2865,0.2842,0.2857,2930778.0
2026-02-18 08:30:00,1771403400000,0.2857,0.2859,0.2842,0.2844,2497699.0
2026-02-18 08:45:00,1771404300000,0.2844,0.2859,0.2843,0.2849,3124947.0
2026-02-18 09:00:00,1771405200000,0.2849,0.2859,0.2849,0.2856,2015491.0
2026-02-18 09:15:00,1771406100000,0.2856,0.2856,0.2847,0.2852,1234340.0
2026-02-18 09:30:00,1771407000000,0.2852,0.2862,0.2852,0.2859,838401.0
2026-02-18 09:45:00,1771407900000,0.2859,0.286,0.2846,0.2852,1312564.0
2026-02-18 10:00:00,1771408800000,0.2852,0.2861,0.2852,0.2856,1107166.0
2026-02-18 10:15:00,1771409700000,0.2856,0.2857,0.2843,0.2843,855830.0
2026-02-18 10:30:00,1771410600000,0.2843,0.2843,0.283,0.2832,2748796.0
2026-02-18 10:45:00,1771411500000,0.2832,0.2834,0.2826,0.2834,1127534.0
2026-02-18 11:00:00,1771412400000,0.2834,0.2837,0.2802,0.2818,5734212.0
2026-02-18 11:15:00,1771413300000,0.2818,0.2821,0.2815,0.2816,1307289.0
2026-02-18 11:30:00,1771414200000,0.2816,0.2821,0.2803,0.2818,8276769.0
2026-02-18 11:45:00,1771415100000,0.2818,0.2823,0.2804,0.2805,2961337.0
2026-02-18 12:00:00,1771416000000,0.2805,0.2819,0.2805,0.2813,1120859.0
2026-02-18 12:15:00,1771416900000,0.2813,0.2818,0.2811,0.2818,1290426.0
2026-02-18 12:30:00,1771417800000,0.2818,0.2825,0.2803,0.2823,2185034.0
2026-02-18 12:45:00,1771418700000,0.2823,0.283,0.2819,0.2823,1135383.0
2026-02-18 13:00:00,1771419600000,0.2823,0.2827,0.281,0.2817,1275910.0
2026-02-18 13:15:00,1771420500000,0.2817,0.2823,0.2811,0.2818,937031.0
2026-02-18 13:30:00,1771421400000,0.2818,0.2819,0.2805,0.2806,2044296.0
2026-02-18 13:45:00,1771422300000,0.2806,0.281,0.2794,0.2806,2810355.0
2026-02-18 14:00:00,1771423200000,0.2806,0.2814,0.2802,0.2808,1923456.0
2026-02-18 14:15:00,1771424100000,0.2808,0.281,0.2795,0.2795,1123949.0
2026-02-18 14:30:00,1771425000000,0.2795,0.2817,0.2791,0.2801,3727253.0
2026-02-18 14:45:00,1771425900000,0.2801,0.2818,0.2784,0.2811,4528212.0
2026-02-18 15:00:00,1771426800000,0.2811,0.2827,0.2808,0.2824,3325849.0
2026-02-18 15:15:00,1771427700000,0.2824,0.2834,0.282,0.2823,1920982.0
2026-02-18 15:30:00,1771428600000,0.2823,0.2874,0.2822,0.2855,7418537.0
2026-02-18 15:45:00,1771429500000,0.2855,0.2857,0.2835,0.2839,4545580.0
2026-02-18 16:00:00,1771430400000,0.2839,0.2841,0.2801,0.2804,5309360.0
2026-02-18 16:15:00,1771431300000,0.2804,0.2814,0.2801,0.281,2006794.0
2026-02-18 16:30:00,1771432200000,0.281,0.2813,0.2796,0.2807,1395871.0
2026-02-18 16:45:00,1771433100000,0.2807,0.2807,0.2789,0.2801,2609085.0
2026-02-18 17:00:00,1771434000000,0.2801,0.2826,0.2798,0.2808,2787386.0
2026-02-18 17:15:00,1771434900000,0.2808,0.2811,0.2798,0.2802,702112.0
2026-02-18 17:30:00,1771435800000,0.2802,0.2806,0.2795,0.2797,1149161.0
2026-02-18 17:45:00,1771436700000,0.2797,0.2801,0.2794,0.2796,890333.0
2026-02-18 18:00:00,1771437600000,0.2796,0.2801,0.279,0.2794,1459863.0
2026-02-18 18:15:00,1771438500000,0.2794,0.2796,0.2759,0.2775,10905144.0
2026-02-18 18:30:00,1771439400000,0.2775,0.278,0.2745,0.2747,6424722.0
2026-02-18 18:45:00,1771440300000,0.2747,0.2762,0.2745,0.2754,3883360.0
2026-02-18 19:00:00,1771441200000,0.2754,0.2767,0.2749,0.2754,3147237.0
2026-02-18 19:15:00,1771442100000,0.2754,0.2756,0.2737,0.2745,3085838.0
2026-02-18 19:30:00,1771443000000,0.2745,0.2747,0.2712,0.273,10329139.0
2026-02-18 19:45:00,1771443900000,0.273,0.2742,0.2724,0.2733,3545221.0
2026-02-18 20:00:00,1771444800000,0.2733,0.2739,0.2727,0.2728,2702583.0
2026-02-18 20:15:00,1771445700000,0.2728,0.2739,0.2723,0.2734,1342710.0
2026-02-18 20:30:00,1771446600000,0.2734,0.2752,0.2734,0.2751,3399013.0
2026-02-18 20:45:00,1771447500000,0.2751,0.2756,0.2736,0.2738,2030008.0
2026-02-18 21:00:00,1771448400000,0.2738,0.2744,0.2727,0.2734,2272730.0
2026-02-18 21:15:00,1771449300000,0.2734,0.2746,0.2732,0.2745,2099000.0
2026-02-18 21:30:00,1771450200000,0.2745,0.2747,0.2741,0.2744,800491.0
2026-02-18 21:45:00,1771451100000,0.2744,0.2746,0.2731,0.2736,2829281.0
2026-02-18 22:00:00,1771452000000,0.2736,0.2738,0.2723,0.2729,2501268.0
2026-02-18 22:15:00,1771452900000,0.2729,0.2737,0.2723,0.2729,657874.0
2026-02-18 22:30:00,1771453800000,0.2729,0.2738,0.2727,0.2732,1791053.0
2026-02-18 22:45:00,1771454700000,0.2732,0.274,0.2732,0.2732,873068.0
2026-02-18 23:00:00,1771455600000,0.2732,0.2734,0.272,0.2729,2586311.0
2026-02-18 23:15:00,1771456500000,0.2729,0.2732,0.2724,0.2725,1157778.0
2026-02-18 23:30:00,1771457400000,0.2725,0.2735,0.2725,0.273,1193361.0
2026-02-18 23:45:00,1771458300000,0.273,0.2739,0.273,0.2734,1751555.0
2026-02-19 00:00:00,1771459200000,0.2734,0.2735,0.2726,0.2729,1486453.0
2026-02-19 00:15:00,1771460100000,0.2729,0.2733,0.272,0.2725,3146534.0
2026-02-19 00:30:00,1771461000000,0.2725,0.2731,0.2723,0.2729,723899.0
2026-02-19 00:45:00,1771461900000,0.2729,0.2731,0.2721,0.2724,1629478.0
2026-02-19 01:00:00,1771462800000,0.2724,0.2749,0.2724,0.2743,3448485.0
2026-02-19 01:15:00,1771463700000,0.2743,0.2745,0.2733,0.2741,1258929.0
2026-02-19 01:30:00,1771464600000,0.2741,0.2749,0.2737,0.2747,759540.0
2026-02-19 01:45:00,1771465500000,0.2747,0.275,0.2744,0.275,1511426.0
2026-02-19 02:00:00,1771466400000,0.275,0.2755,0.2747,0.2752,519984.0
2026-02-19 02:15:00,1771467300000,0.2752,0.2757,0.275,0.2756,1429321.0
2026-02-19 02:30:00,1771468200000,0.2756,0.2756,0.2737,0.2739,1854514.0
2026-02-19 02:45:00,1771469100000,0.2739,0.2748,0.2738,0.2747,845419.0
2026-02-19 03:00:00,1771470000000,0.2747,0.275,0.2734,0.2741,1362009.0
2026-02-19 03:15:00,1771470900000,0.2741,0.2751,0.274,0.2751,849929.0
2026-02-19 03:30:00,1771471800000,0.2751,0.2752,0.2743,0.2746,3289264.0
2026-02-19 03:45:00,1771472700000,0.2746,0.2752,0.2743,0.275,846567.0
2026-02-19 04:00:00,1771473600000,0.275,0.2757,0.2747,0.275,1108355.0
2026-02-19 04:15:00,1771474500000,0.275,0.2751,0.2743,0.2745,679792.0
2026-02-19 04:30:00,1771475400000,0.2745,0.2754,0.2745,0.2747,821001.0
2026-02-19 04:45:00,1771476300000,0.2747,0.2751,0.2743,0.2745,496015.0
2026-02-19 05:00:00,1771477200000,0.2745,0.2749,0.2741,0.2747,607837.0
2026-02-19 05:15:00,1771478100000,0.2747,0.2751,0.2731,0.2737,2192885.0
2026-02-19 05:30:00,1771479000000,0.2737,0.2744,0.2734,0.274,660967.0
2026-02-19 05:45:00,1771479900000,0.274,0.2748,0.2737,0.2746,488436.0
2026-02-19 06:00:00,1771480800000,0.2746,0.2757,0.2743,0.2754,1550425.0
2026-02-19 06:15:00,1771481700000,0.2754,0.2763,0.275,0.2762,662812.0
2026-02-19 06:30:00,1771482600000,0.2762,0.2769,0.2757,0.2759,957532.0
2026-02-19 06:45:00,1771483500000,0.2759,0.2764,0.2757,0.2762,634179.0
2026-02-19 07:00:00,1771484400000,0.2762,0.2764,0.2753,0.2759,1791513.0
2026-02-19 07:15:00,1771485300000,0.2759,0.2767,0.2759,0.2765,1124848.0
2026-02-19 07:30:00,1771486200000,0.2765,0.2772,0.2756,0.2761,3470640.0
2026-02-19 07:45:00,1771487100000,0.2761,0.2766,0.2756,0.2761,793089.0
2026-02-19 08:00:00,1771488000000,0.2761,0.2763,0.2755,0.2757,2024040.0
2026-02-19 08:15:00,1771488900000,0.2757,0.2761,0.2747,0.2749,1700480.0
2026-02-19 08:30:00,1771489800000,0.2749,0.2749,0.2727,0.2735,3427264.0
2026-02-19 08:45:00,1771490700000,0.2735,0.274,0.273,0.2738,2202334.0
2026-02-19 09:00:00,1771491600000,0.2738,0.2743,0.2723,0.2733,9569367.0
2026-02-19 09:15:00,1771492500000,0.2733,0.2751,0.273,0.2749,2422405.0
2026-02-19 09:30:00,1771493400000,0.2749,0.275,0.2742,0.2749,941017.0
2026-02-19 09:45:00,1771494300000,0.2749,0.2749,0.2732,0.2732,3547780.0
2026-02-19 10:00:00,1771495200000,0.2732,0.2735,0.272,0.2732,5580319.0
2026-02-19 10:15:00,1771496100000,0.2732,0.274,0.2732,0.2737,2180357.0
2026-02-19 10:30:00,1771497000000,0.2737,0.2741,0.2732,0.2738,856564.0
2026-02-19 10:45:00,1771497900000,0.2738,0.2741,0.2727,0.2734,1430936.0
2026-02-19 11:00:00,1771498800000,0.2734,0.2739,0.2732,0.2739,546238.0
2026-02-19 11:15:00,1771499700000,0.2739,0.2742,0.2736,0.2736,1007613.0
2026-02-19 11:30:00,1771500600000,0.2736,0.2738,0.2724,0.2728,1329188.0
2026-02-19 11:45:00,1771501500000,0.2728,0.2729,0.2719,0.272,3810941.0
2026-02-19 12:00:00,1771502400000,0.272,0.2724,0.2712,0.2716,2860484.0
2026-02-19 12:15:00,1771503300000,0.2716,0.2721,0.2708,0.2721,1928986.0
2026-02-19 12:30:00,1771504200000,0.2721,0.2725,0.2718,0.2722,2467463.0
2026-02-19 12:45:00,1771505100000,0.2722,0.2724,0.2717,0.2719,1050638.0
2026-02-19 13:00:00,1771506000000,0.2719,0.2723,0.2697,0.2712,6726871.0
2026-02-19 13:15:00,1771506900000,0.2712,0.2719,0.2706,0.2707,2609557.0
2026-02-19 13:30:00,1771507800000,0.2707,0.2717,0.2685,0.2688,5211969.0
2026-02-19 13:45:00,1771508700000,0.2688,0.27,0.2683,0.2696,2309446.0
2026-02-19 14:00:00,1771509600000,0.2696,0.271,0.2695,0.2705,4543943.0
2026-02-19 14:15:00,1771510500000,0.2705,0.2709,0.2692,0.2706,1275298.0
2026-02-19 14:30:00,1771511400000,0.2706,0.2727,0.2694,0.2722,7736897.0
2026-02-19 14:45:00,1771512300000,0.2722,0.2734,0.2711,0.2723,4068720.0
2026-02-19 15:00:00,1771513200000,0.2723,0.2736,0.2688,0.2698,8400399.0
2026-02-19 15:15:00,1771514100000,0.2698,0.2714,0.2692,0.2695,7417269.0
2026-02-19 15:30:00,1771515000000,0.2695,0.2713,0.2686,0.2709,2117156.0
2026-02-19 15:45:00,1771515900000,0.2709,0.2717,0.269,0.2701,2316933.0
2026-02-19 16:00:00,1771516800000,0.2701,0.2701,0.2669,0.2682,10116158.0
2026-02-19 16:15:00,1771517700000,0.2682,0.2704,0.2681,0.2686,4084694.0
2026-02-19 16:30:00,1771518600000,0.2686,0.2705,0.2686,0.2696,2098501.0
2026-02-19 16:45:00,1771519500000,0.2696,0.2697,0.2683,0.2693,932558.0
2026-02-19 17:00:00,1771520400000,0.2693,0.2709,0.2687,0.2706,4047999.0
2026-02-19 17:15:00,1771521300000,0.2706,0.2729,0.2703,0.2707,4997720.0
2026-02-19 17:30:00,1771522200000,0.2707,0.2709,0.2697,0.2702,1455060.0
2026-02-19 17:45:00,1771523100000,0.2702,0.2706,0.2679,0.2692,3577232.0
2026-02-19 18:00:00,1771524000000,0.2692,0.2713,0.269,0.2711,4071030.0
2026-02-19 18:15:00,1771524900000,0.2711,0.2726,0.2704,0.2721,2494347.0
2026-02-19 18:30:00,1771525800000,0.2721,0.2731,0.2712,0.273,1938272.0
2026-02-19 18:45:00,1771526700000,0.273,0.2732,0.2722,0.2729,1189465.0
2026-02-19 19:00:00,1771527600000,0.2729,0.2739,0.2724,0.2727,2596794.0
2026-02-19 19:15:00,1771528500000,0.2727,0.2731,0.272,0.2724,1772784.0
2026-02-19 19:30:00,1771529400000,0.2724,0.2726,0.2713,0.2719,1037670.0
2026-02-19 19:45:00,1771530300000,0.2719,0.2731,0.2713,0.2727,2220758.0
2026-02-19 20:00:00,1771531200000,0.2727,0.2732,0.2721,0.2724,1284692.0
2026-02-19 20:15:00,1771532100000,0.2724,0.2725,0.2717,0.2722,616652.0
2026-02-19 20:30:00,1771533000000,0.2722,0.2726,0.2713,0.2719,2645483.0
2026-02-19 20:45:00,1771533900000,0.2719,0.2731,0.2718,0.2727,2117404.0
2026-02-19 21:00:00,1771534800000,0.2727,0.273,0.2723,0.2724,1481253.0
2026-02-19 21:15:00,1771535700000,0.2724,0.2732,0.2723,0.2729,1333984.0
2026-02-19 21:30:00,1771536600000,0.2729,0.2733,0.2725,0.2726,826872.0
2026-02-19 21:45:00,1771537500000,0.2726,0.2727,0.2718,0.2721,399078.0
2026-02-19 22:00:00,1771538400000,0.2721,0.2728,0.2715,0.2725,1279109.0
2026-02-19 22:15:00,1771539300000,0.2725,0.2726,0.2713,0.2713,871003.0
2026-02-19 22:30:00,1771540200000,0.2713,0.2714,0.2706,0.2712,1894377.0
2026-02-19 22:45:00,1771541100000,0.2712,0.2723,0.271,0.2722,317248.0
2026-02-19 23:00:00,1771542000000,0.2722,0.2726,0.2719,0.2724,934557.0
2026-02-19 23:15:00,1771542900000,0.2724,0.2731,0.2723,0.2727,557349.0
2026-02-19 23:30:00,1771543800000,0.2727,0.2728,0.2722,0.2725,502253.0
2026-02-19 23:45:00,1771544700000,0.2725,0.2729,0.2721,0.2728,479067.0
2026-02-20 00:00:00,1771545600000,0.2728,0.273,0.2721,0.273,1449954.0
2026-02-20 00:15:00,1771546500000,0.273,0.2751,0.2727,0.2748,3799268.0
2026-02-20 00:30:00,1771547400000,0.2748,0.2749,0.2741,0.2744,719633.0
2026-02-20 00:45:00,1771548300000,0.2744,0.2746,0.2738,0.2739,834762.0
2026-02-20 01:00:00,1771549200000,0.2739,0.2743,0.2734,0.2742,506629.0
2026-02-20 01:15:00,1771550100000,0.2742,0.2745,0.2733,0.2735,511640.0
2026-02-20 01:30:00,1771551000000,0.2735,0.2744,0.2734,0.2742,637929.0
2026-02-20 01:45:00,1771551900000,0.2742,0.2742,0.2733,0.2738,573181.0
2026-02-20 02:00:00,1771552800000,0.2738,0.2747,0.2736,0.2742,793427.0
2026-02-20 02:15:00,1771553700000,0.2742,0.2744,0.2738,0.2739,664364.0
2026-02-20 02:30:00,1771554600000,0.2739,0.2747,0.2738,0.2745,869204.0
2026-02-20 02:45:00,1771555500000,0.2745,0.2745,0.2735,0.2735,675217.0
2026-02-20 03:00:00,1771556400000,0.2735,0.274,0.2734,0.2735,402449.0
2026-02-20 03:15:00,1771557300000,0.2735,0.2747,0.2733,0.2743,719294.0
2026-02-20 03:30:00,1771558200000,0.2743,0.2747,0.2738,0.274,1172480.0
2026-02-20 03:45:00,1771559100000,0.274,0.2741,0.2735,0.2736,435618.0
2026-02-20 04:00:00,1771560000000,0.2736,0.2737,0.2727,0.2727,2062184.0
2026-02-20 04:15:00,1771560900000,0.2727,0.2729,0.2708,0.2716,3051690.0
2026-02-20 04:30:00,1771561800000,0.2716,0.2727,0.2713,0.2727,1169097.0
2026-02-20 04:45:00,1771562700000,0.2727,0.2727,0.2719,0.2723,706965.0
2026-02-20 05:00:00,1771563600000,0.2723,0.2725,0.2718,0.2722,514433.0
2026-02-20 05:15:00,1771564500000,0.2722,0.273,0.2716,0.2729,1324664.0
2026-02-20 05:30:00,1771565400000,0.2729,0.2758,0.2727,0.2753,4678789.0
2026-02-20 05:45:00,1771566300000,0.2753,0.2759,0.2741,0.2746,5222349.0
2026-02-20 06:00:00,1771567200000,0.2746,0.2749,0.2741,0.2743,1626521.0
2026-02-20 06:15:00,1771568100000,0.2743,0.2747,0.2736,0.2738,1075440.0
2026-02-20 06:30:00,1771569000000,0.2738,0.2744,0.2735,0.274,783891.0
2026-02-20 06:45:00,1771569900000,0.274,0.2746,0.2738,0.2745,507242.0
2026-02-20 07:00:00,1771570800000,0.2745,0.2746,0.2739,0.2742,785121.0
2026-02-20 07:15:00,1771571700000,0.2742,0.2747,0.274,0.2743,491593.0
2026-02-20 07:30:00,1771572600000,0.2743,0.2746,0.274,0.2742,442772.0
2026-02-20 07:45:00,1771573500000,0.2742,0.2744,0.2731,0.2735,1595100.0
2026-02-20 08:00:00,1771574400000,0.2735,0.2741,0.2732,0.2739,696362.0
2026-02-20 08:15:00,1771575300000,0.2739,0.2744,0.2736,0.2738,689843.0
2026-02-20 08:30:00,1771576200000,0.2738,0.2742,0.2733,0.274,422136.0
2026-02-20 08:45:00,1771577100000,0.274,0.2748,0.2739,0.2745,1003060.0
2026-02-20 09:00:00,1771578000000,0.2745,0.2767,0.2744,0.2763,2489333.0
2026-02-20 09:15:00,1771578900000,0.2763,0.2766,0.2759,0.2761,486041.0
2026-02-20 09:30:00,1771579800000,0.2761,0.2766,0.2759,0.276,715988.0
2026-02-20 09:45:00,1771580700000,0.276,0.2776,0.2759,0.2772,2702779.0
2026-02-20 10:00:00,1771581600000,0.2772,0.2795,0.277,0.2791,8223053.0
2026-02-20 10:15:00,1771582500000,0.2791,0.2798,0.2782,0.279,1967765.0
2026-02-20 10:30:00,1771583400000,0.279,0.2794,0.2781,0.2783,1197643.0
2026-02-20 10:45:00,1771584300000,0.2783,0.2785,0.2777,0.2784,2103780.0
2026-02-20 11:00:00,1771585200000,0.2784,0.2786,0.2771,0.2775,1757177.0
2026-02-20 11:15:00,1771586100000,0.2775,0.2779,0.2769,0.2778,712910.0
2026-02-20 11:30:00,1771587000000,0.2778,0.2785,0.2765,0.2766,2085675.0
2026-02-20 11:45:00,1771587900000,0.2766,0.2775,0.2763,0.2766,1418423.0
2026-02-20 12:00:00,1771588800000,0.2766,0.2774,0.2761,0.277,1390524.0
2026-02-20 12:15:00,1771589700000,0.277,0.2774,0.2757,0.2763,1795520.0
2026-02-20 12:30:00,1771590600000,0.2763,0.2768,0.2762,0.2766,896594.0
2026-02-20 12:45:00,1771591500000,0.2766,0.2783,0.2764,0.2767,2723686.0
2026-02-20 13:00:00,1771592400000,0.2767,0.2768,0.2748,0.2761,3470264.0
2026-02-20 13:15:00,1771593300000,0.2761,0.2764,0.2737,0.2746,5467547.0
2026-02-20 13:30:00,1771594200000,0.2746,0.2746,0.2695,0.2708,9047146.0
2026-02-20 13:45:00,1771595100000,0.2708,0.2723,0.2704,0.2717,3080040.0
2026-02-20 14:00:00,1771596000000,0.2717,0.2735,0.2714,0.2734,2107683.0
2026-02-20 14:15:00,1771596900000,0.2734,0.2756,0.2731,0.2752,3743373.0
2026-02-20 14:30:00,1771597800000,0.2752,0.2789,0.2747,0.2776,9403711.0
2026-02-20 14:45:00,1771598700000,0.2776,0.2784,0.2766,0.2771,3642027.0
2026-02-20 15:00:00,1771599600000,0.2771,0.2858,0.2771,0.279,23980834.0
2026-02-20 15:15:00,1771600500000,0.279,0.2843,0.2787,0.2837,6151143.0
2026-02-20 15:30:00,1771601400000,0.2837,0.2847,0.2805,0.2831,11817955.0
2026-02-20 15:45:00,1771602300000,0.2831,0.2887,0.2828,0.2887,9773895.0
2026-02-20 16:00:00,1771603200000,0.2887,0.2937,0.2887,0.2908,19959933.0
2026-02-20 16:15:00,1771604100000,0.2908,0.2931,0.2885,0.2891,11998669.0
2026-02-20 16:30:00,1771605000000,0.2891,0.2892,0.2856,0.2859,4931696.0
2026-02-20 16:45:00,1771605900000,0.2859,0.2889,0.2855,0.288,5171980.0
2026-02-20 17:00:00,1771606800000,0.288,0.2882,0.2818,0.2819,6020203.0
2026-02-20 17:15:00,1771607700000,0.2819,0.2825,0.2804,0.2812,5918039.0
2026-02-20 17:30:00,1771608600000,0.2812,0.2834,0.2798,0.283,5029407.0
2026-02-20 17:45:00,1771609500000,0.283,0.2863,0.2825,0.2856,9625890.0
2026-02-20 18:00:00,1771610400000,0.2856,0.2856,0.2832,0.2838,4479441.0
2026-02-20 18:15:00,1771611300000,0.2838,0.2841,0.2822,0.2834,3346599.0
2026-02-20 18:30:00,1771612200000,0.2834,0.2855,0.281,0.2825,13883025.0
2026-02-20 18:45:00,1771613100000,0.2825,0.284,0.2818,0.283,5701788.0
2026-02-20 19:00:00,1771614000000,0.283,0.2841,0.2819,0.2823,2375730.0
2026-02-20 19:15:00,1771614900000,0.2823,0.2831,0.282,0.2823,2164792.0
2026-02-20 19:30:00,1771615800000,0.2823,0.2838,0.2821,0.2823,1750593.0
2026-02-20 19:45:00,1771616700000,0.2823,0.2828,0.2816,0.2828,1405974.0
2026-02-20 20:00:00,1771617600000,0.2828,0.2845,0.2823,0.2842,2223130.0
2026-02-20 20:15:00,1771618500000,0.2842,0.2844,0.2824,0.283,957331.0
2026-02-20 20:30:00,1771619400000,0.283,0.2845,0.2821,0.2844,2637526.0
2026-02-20 20:45:00,1771620300000,0.2844,0.2845,0.2835,0.284,1493195.0
2026-02-20 21:00:00,1771621200000,0.284,0.2847,0.2831,0.2833,1283247.0
2026-02-20 21:15:00,1771622100000,0.2833,0.2839,0.283,0.2839,478302.0
2026-02-20 21:30:00,1771623000000,0.2839,0.2844,0.2835,0.2839,448844.0
2026-02-20 21:45:00,1771623900000,0.2839,0.2847,0.2835,0.2844,426645.0
2026-02-20 22:00:00,1771624800000,0.2844,0.2846,0.2831,0.2835,842382.0
2026-02-20 22:15:00,1771625700000,0.2835,0.2853,0.2832,0.2849,1694562.0
2026-02-20 22:30:00,1771626600000,0.2849,0.2853,0.284,0.2842,692695.0
2026-02-20 22:45:00,1771627500000,0.2842,0.2855,0.2838,0.2854,517514.0
2026-02-20 23:00:00,1771628400000,0.2854,0.2858,0.2849,0.2851,636278.0
2026-02-20 23:15:00,1771629300000,0.2851,0.2853,0.2846,0.285,760470.0
2026-02-20 23:30:00,1771630200000,0.285,0.2852,0.2841,0.2842,867514.0
2026-02-20 23:45:00,1771631100000,0.2842,0.2849,0.2842,0.2846,453331.0
2026-02-21 00:00:00,1771632000000,0.2846,0.2853,0.2846,0.2848,1368687.0
2026-02-21 00:15:00,1771632900000,0.2848,0.2848,0.2833,0.2836,1371909.0
2026-02-21 00:30:00,1771633800000,0.2836,0.2836,0.2828,0.2829,1599158.0
2026-02-21 00:45:00,1771634700000,0.2829,0.2831,0.2823,0.2828,1260552.0
2026-02-21 01:00:00,1771635600000,0.2828,0.2829,0.2819,0.2823,2172522.0
2026-02-21 01:15:00,1771636500000,0.2823,0.2825,0.282,0.2821,615570.0
2026-02-21 01:30:00,1771637400000,0.2821,0.2836,0.282,0.2835,1037679.0
2026-02-21 01:45:00,1771638300000,0.2835,0.2836,0.2831,0.2833,1116581.0
2026-02-21 02:00:00,1771639200000,0.2833,0.2835,0.2824,0.2828,911420.0
2026-02-21 02:15:00,1771640100000,0.2828,0.2841,0.2827,0.284,598745.0
2026-02-21 02:30:00,1771641000000,0.284,0.2846,0.2836,0.284,819417.0
2026-02-21 02:45:00,1771641900000,0.284,0.284,0.2833,0.2837,1109524.0
2026-02-21 03:00:00,1771642800000,0.2837,0.2839,0.282,0.2827,1149700.0
2026-02-21 03:15:00,1771643700000,0.2827,0.2832,0.2824,0.2831,305706.0
2026-02-21 03:30:00,1771644600000,0.2831,0.2837,0.2822,0.2828,985938.0
2026-02-21 03:45:00,1771645500000,0.2828,0.2829,0.2825,0.2829,553443.0
2026-02-21 04:00:00,1771646400000,0.2829,0.2831,0.2825,0.2825,666619.0
2026-02-21 04:15:00,1771647300000,0.2825,0.2828,0.282,0.2828,339555.0
2026-02-21 04:30:00,1771648200000,0.2828,0.283,0.2824,0.2826,570137.0
2026-02-21 04:45:00,1771649100000,0.2826,0.2833,0.2824,0.2833,493184.0
2026-02-21 05:00:00,1771650000000,0.2833,0.2835,0.2831,0.2834,924343.0
2026-02-21 05:15:00,1771650900000,0.2834,0.2842,0.2833,0.284,937218.0
2026-02-21 05:30:00,1771651800000,0.284,0.2843,0.2835,0.2838,657712.0
2026-02-21 05:45:00,1771652700000,0.2838,0.2839,0.2831,0.2833,589352.0
2026-02-21 06:00:00,1771653600000,0.2833,0.2834,0.2826,0.2832,365853.0
2026-02-21 06:15:00,1771654500000,0.2832,0.2833,0.2813,0.2822,3468226.0
2026-02-21 06:30:00,1771655400000,0.2822,0.2822,0.2808,0.2814,1570808.0
2026-02-21 06:45:00,1771656300000,0.2814,0.2816,0.2811,0.2815,565171.0
2026-02-21 07:00:00,1771657200000,0.2815,0.2815,0.2806,0.2813,747505.0
2026-02-21 07:15:00,1771658100000,0.2813,0.2819,0.2812,0.2818,587981.0
2026-02-21 07:30:00,1771659000000,0.2818,0.2819,0.2809,0.2811,859529.0
2026-02-21 07:45:00,1771659900000,0.2811,0.2815,0.281,0.2812,533718.0
2026-02-21 08:00:00,1771660800000,0.2812,0.2816,0.281,0.2812,1140650.0
2026-02-21 08:15:00,1771661700000,0.2812,0.2818,0.2811,0.2816,1290262.0
2026-02-21 08:30:00,1771662600000,0.2816,0.283,0.2816,0.2827,947813.0
2026-02-21 08:45:00,1771663500000,0.2827,0.2839,0.282,0.2836,2160949.0
2026-02-21 09:00:00,1771664400000,0.2836,0.284,0.2833,0.2838,1118808.0
2026-02-21 09:15:00,1771665300000,0.2838,0.2865,0.2838,0.2858,4589941.0
2026-02-21 09:30:00,1771666200000,0.2858,0.2861,0.285,0.2853,2246060.0
2026-02-21 09:45:00,1771667100000,0.2853,0.2853,0.2839,0.2841,894885.0
2026-02-21 10:00:00,1771668000000,0.2841,0.2849,0.2839,0.2844,3140346.0
2026-02-21 10:15:00,1771668900000,0.2844,0.2846,0.284,0.284,561223.0
2026-02-21 10:30:00,1771669800000,0.284,0.2845,0.2837,0.2838,471342.0
2026-02-21 10:45:00,1771670700000,0.2838,0.2839,0.2832,0.2837,952015.0
2026-02-21 11:00:00,1771671600000,0.2837,0.2848,0.2836,0.2841,2128542.0
2026-02-21 11:15:00,1771672500000,0.2841,0.2846,0.2837,0.2841,1252588.0
2026-02-21 11:30:00,1771673400000,0.2841,0.2842,0.2828,0.2831,2132128.0
2026-02-21 11:45:00,1771674300000,0.2831,0.2835,0.2831,0.2833,971113.0
2026-02-21 12:00:00,1771675200000,0.2833,0.2835,0.2827,0.2831,1496063.0
2026-02-21 12:15:00,1771676100000,0.2831,0.2833,0.2824,0.2825,791449.0
2026-02-21 12:30:00,1771677000000,0.2825,0.2826,0.2815,0.2817,1284474.0
2026-02-21 12:45:00,1771677900000,0.2817,0.2827,0.2817,0.2826,1065305.0
2026-02-21 13:00:00,1771678800000,0.2826,0.2827,0.2822,0.2824,385268.0
2026-02-21 13:15:00,1771679700000,0.2824,0.2828,0.2818,0.2825,526693.0
2026-02-21 13:30:00,1771680600000,0.2825,0.2827,0.2819,0.2822,435508.0
2026-02-21 13:45:00,1771681500000,0.2822,0.2833,0.2822,0.2833,1041601.0
2026-02-21 14:00:00,1771682400000,0.2833,0.2834,0.2827,0.2828,1369480.0
2026-02-21 14:15:00,1771683300000,0.2828,0.285,0.2825,0.2837,6581402.0
2026-02-21 14:30:00,1771684200000,0.2837,0.2842,0.2835,0.2837,1757615.0
2026-02-21 14:45:00,1771685100000,0.2837,0.2838,0.2825,0.2825,1495187.0
2026-02-21 15:00:00,1771686000000,0.2825,0.2831,0.2824,0.2827,2669802.0
2026-02-21 15:15:00,1771686900000,0.2827,0.2835,0.2824,0.2824,1630227.0
2026-02-21 15:30:00,1771687800000,0.2824,0.2834,0.2817,0.2832,1512924.0
2026-02-21 15:45:00,1771688700000,0.2832,0.2833,0.2823,0.2823,1029120.0
2026-02-21 16:00:00,1771689600000,0.2823,0.2826,0.2804,0.2811,4595162.0
2026-02-21 16:15:00,1771690500000,0.2811,0.2815,0.2791,0.2803,4308923.0
2026-02-21 16:30:00,1771691400000,0.2803,0.2809,0.2797,0.2808,2075440.0
2026-02-21 16:45:00,1771692300000,0.2808,0.2809,0.2803,0.2803,462800.0
2026-02-21 17:00:00,1771693200000,0.2803,0.2808,0.2799,0.2804,1176260.0
2026-02-21 17:15:00,1771694100000,0.2804,0.2805,0.2797,0.28,769971.0
2026-02-21 17:30:00,1771695000000,0.28,0.2809,0.2793,0.2806,1374301.0
2026-02-21 17:45:00,1771695900000,0.2806,0.281,0.2804,0.2807,490075.0
2026-02-21 18:00:00,1771696800000,0.2807,0.2818,0.2807,0.2812,943601.0
2026-02-21 18:15:00,1771697700000,0.2812,0.2815,0.2808,0.2809,1148581.0
2026-02-21 18:30:00,1771698600000,0.2809,0.2814,0.2808,0.2809,589380.0
2026-02-21 18:45:00,1771699500000,0.2809,0.282,0.2807,0.2816,3852016.0
2026-02-21 19:00:00,1771700400000,0.2816,0.2818,0.281,0.2811,556255.0
2026-02-21 19:15:00,1771701300000,0.2811,0.2813,0.2809,0.281,213726.0
2026-02-21 19:30:00,1771702200000,0.281,0.2812,0.2806,0.2808,467298.0
2026-02-21 19:45:00,1771703100000,0.2808,0.2809,0.2799,0.2801,1431853.0
2026-02-21 20:00:00,1771704000000,0.2801,0.2806,0.28,0.2803,1130063.0
2026-02-21 20:15:00,1771704900000,0.2803,0.2813,0.2802,0.281,1537111.0
2026-02-21 20:30:00,1771705800000,0.281,0.2811,0.2797,0.2801,748715.0
2026-02-21 20:45:00,1771706700000,0.2801,0.2805,0.2786,0.2791,8451800.0
2026-02-21 21:00:00,1771707600000,0.2791,0.2797,0.2788,0.2795,2420358.0
2026-02-21 21:15:00,1771708500000,0.2795,0.2802,0.2793,0.28,395839.0
2026-02-21 21:30:00,1771709400000,0.28,0.2805,0.2799,0.2803,399133.0
2026-02-21 21:45:00,1771710300000,0.2803,0.2811,0.2802,0.2809,1213128.0
2026-02-21 22:00:00,1771711200000,0.2809,0.2812,0.2798,0.2803,2428713.0
2026-02-21 22:15:00,1771712100000,0.2803,0.2808,0.2801,0.2803,311166.0
2026-02-21 22:30:00,1771713000000,0.2803,0.2804,0.2797,0.2799,623831.0
2026-02-21 22:45:00,1771713900000,0.2799,0.2802,0.2796,0.28,373839.0
2026-02-21 23:00:00,1771714800000,0.28,0.2804,0.2793,0.2794,700582.0
2026-02-21 23:15:00,1771715700000,0.2794,0.2805,0.2793,0.2802,569020.0
2026-02-21 23:30:00,1771716600000,0.2802,0.2803,0.28,0.2801,250942.0
2026-02-21 23:45:00,1771717500000,0.2801,0.2801,0.2796,0.2798,256008.0
2026-02-22 00:00:00,1771718400000,0.2798,0.2799,0.279,0.2794,1687862.0
2026-02-22 00:15:00,1771719300000,0.2794,0.2797,0.2773,0.2784,5414653.0
2026-02-22 00:30:00,1771720200000,0.2784,0.2786,0.2775,0.2776,771238.0
2026-02-22 00:45:00,1771721100000,0.2776,0.2785,0.2769,0.2784,2567392.0
2026-02-22 01:00:00,1771722000000,0.2784,0.2786,0.2781,0.2783,740019.0
2026-02-22 01:15:00,1771722900000,0.2783,0.2788,0.2778,0.2784,502713.0
2026-02-22 01:30:00,1771723800000,0.2784,0.279,0.2784,0.279,754253.0
2026-02-22 01:45:00,1771724700000,0.279,0.2793,0.2786,0.279,880561.0
2026-02-22 02:00:00,1771725600000,0.279,0.2795,0.2786,0.2794,902242.0
2026-02-22 02:15:00,1771726500000,0.2794,0.2796,0.2783,0.2783,1379608.0
2026-02-22 02:30:00,1771727400000,0.2783,0.2788,0.2774,0.2778,1169695.0
2026-02-22 02:45:00,1771728300000,0.2778,0.278,0.2763,0.2769,2977622.0
2026-02-22 03:00:00,1771729200000,0.2769,0.2776,0.2768,0.277,1647265.0
2026-02-22 03:15:00,1771730100000,0.277,0.2773,0.2753,0.2763,2414059.0
2026-02-22 03:30:00,1771731000000,0.2763,0.2771,0.2761,0.2771,608351.0
2026-02-22 03:45:00,1771731900000,0.2771,0.2775,0.2768,0.2771,1197869.0
2026-02-22 04:00:00,1771732800000,0.2771,0.2775,0.2768,0.2774,618374.0
2026-02-22 04:15:00,1771733700000,0.2774,0.2774,0.2767,0.277,448876.0
2026-02-22 04:30:00,1771734600000,0.277,0.2773,0.2762,0.2764,884649.0
2026-02-22 04:45:00,1771735500000,0.2764,0.2764,0.276,0.2762,371728.0
2026-02-22 05:00:00,1771736400000,0.2762,0.2765,0.2752,0.2757,1475554.0
2026-02-22 05:15:00,1771737300000,0.2757,0.2764,0.2756,0.2764,725517.0
2026-02-22 05:30:00,1771738200000,0.2764,0.2765,0.2757,0.2758,387251.0
2026-02-22 05:45:00,1771739100000,0.2758,0.2759,0.275,0.2755,801779.0
2026-02-22 06:00:00,1771740000000,0.2755,0.2758,0.2747,0.2752,1804451.0
2026-02-22 06:15:00,1771740900000,0.2752,0.2762,0.2747,0.2757,1838337.0
2026-02-22 06:30:00,1771741800000,0.2757,0.2767,0.2757,0.2763,1756474.0
2026-02-22 06:45:00,1771742700000,0.2763,0.2766,0.2762,0.2764,622713.0
2026-02-22 07:00:00,1771743600000,0.2764,0.2766,0.276,0.2765,724578.0
2026-02-22 07:15:00,1771744500000,0.2765,0.2766,0.2758,0.2761,1270619.0
2026-02-22 07:30:00,1771745400000,0.2761,0.2764,0.2758,0.2763,515791.0
2026-02-22 07:45:00,1771746300000,0.2763,0.2763,0.2756,0.2756,920728.0
2026-02-22 08:00:00,1771747200000,0.2756,0.2761,0.2756,0.2759,689219.0
2026-02-22 08:15:00,1771748100000,0.2759,0.276,0.275,0.2752,1161829.0
2026-02-22 08:30:00,1771749000000,0.2752,0.2754,0.2748,0.2754,687361.0
2026-02-22 08:45:00,1771749900000,0.2754,0.2756,0.275,0.2751,291371.0
2026-02-22 09:00:00,1771750800000,0.2751,0.2758,0.2748,0.2755,1641545.0
2026-02-22 09:15:00,1771751700000,0.2755,0.2758,0.2753,0.2753,450547.0
2026-02-22 09:30:00,1771752600000,0.2753,0.2759,0.2753,0.2759,834305.0
2026-02-22 09:45:00,1771753500000,0.2759,0.2763,0.2758,0.2762,659589.0
2026-02-22 10:00:00,1771754400000,0.2762,0.2774,0.2759,0.2771,2232571.0
2026-02-22 10:15:00,1771755300000,0.2771,0.2772,0.2763,0.2763,815940.0
2026-02-22 10:30:00,1771756200000,0.2763,0.2767,0.2761,0.2762,651392.0
2026-02-22 10:45:00,1771757100000,0.2762,0.2762,0.2758,0.276,628921.0
2026-02-22 11:00:00,1771758000000,0.276,0.2763,0.2759,0.2762,993346.0
2026-02-22 11:15:00,1771758900000,0.2762,0.2763,0.2758,0.276,553504.0
2026-02-22 11:30:00,1771759800000,0.276,0.2764,0.2757,0.276,817874.0
2026-02-22 11:45:00,1771760700000,0.276,0.2763,0.2755,0.2757,523737.0
2026-02-22 12:00:00,1771761600000,0.2757,0.2759,0.2733,0.2735,4329222.0
2026-02-22 12:15:00,1771762500000,0.2735,0.2739,0.2726,0.2738,1753262.0
2026-02-22 12:30:00,1771763400000,0.2738,0.2738,0.2726,0.2729,1069504.0
2026-02-22 12:45:00,1771764300000,0.2729,0.2733,0.2726,0.2731,1367659.0
2026-02-22 13:00:00,1771765200000,0.2731,0.2734,0.2721,0.2729,1853273.0
2026-02-22 13:15:00,1771766100000,0.2729,0.2737,0.2728,0.2734,929962.0
2026-02-22 13:30:00,1771767000000,0.2734,0.2736,0.2718,0.2723,3554060.0
2026-02-22 13:45:00,1771767900000,0.2723,0.2727,0.2719,0.2726,2568358.0
2026-02-22 14:00:00,1771768800000,0.2726,0.2731,0.272,0.2728,2244114.0
2026-02-22 14:15:00,1771769700000,0.2728,0.2728,0.2716,0.2722,2566661.0
2026-02-22 14:30:00,1771770600000,0.2722,0.2729,0.2713,0.2715,1828190.0
2026-02-22 14:45:00,1771771500000,0.2715,0.2719,0.2709,0.2718,1637457.0
2026-02-22 15:00:00,1771772400000,0.2718,0.2718,0.2706,0.2708,3554717.0
2026-02-22 15:15:00,1771773300000,0.2708,0.2713,0.2701,0.2712,3470646.0
2026-02-22 15:30:00,1771774200000,0.2712,0.272,0.271,0.2719,2535124.0
2026-02-22 15:45:00,1771775100000,0.2719,0.2721,0.2715,0.2717,1550308.0
2026-02-22 16:00:00,1771776000000,0.2717,0.2717,0.2702,0.2703,4516918.0
2026-02-22 16:15:00,1771776900000,0.2703,0.2705,0.2695,0.27,3297486.0
2026-02-22 16:30:00,1771777800000,0.27,0.2707,0.2699,0.2707,905499.0
2026-02-22 16:45:00,1771778700000,0.2707,0.2712,0.2706,0.271,431607.0
2026-02-22 17:00:00,1771779600000,0.271,0.2711,0.27,0.27,1405729.0
2026-02-22 17:15:00,1771780500000,0.27,0.2707,0.2699,0.2705,1197952.0
2026-02-22 17:30:00,1771781400000,0.2705,0.2706,0.2695,0.2702,2322408.0
2026-02-22 17:45:00,1771782300000,0.2702,0.2705,0.2696,0.2702,1775471.0
2026-02-22 18:00:00,1771783200000,0.2702,0.2702,0.2686,0.2695,3840472.0
2026-02-22 18:15:00,1771784100000,0.2695,0.2699,0.2693,0.2698,1683568.0
2026-02-22 18:30:00,1771785000000,0.2698,0.2699,0.2692,0.2695,1597169.0
2026-02-22 18:45:00,1771785900000,0.2695,0.27,0.2695,0.2697,2116542.0
2026-02-22 19:00:00,1771786800000,0.2697,0.2699,0.2689,0.2695,1129858.0
2026-02-22 19:15:00,1771787700000,0.2695,0.2699,0.2693,0.2696,834906.0
2026-02-22 19:30:00,1771788600000,0.2696,0.2703,0.2694,0.2701,1764234.0
2026-02-22 19:45:00,1771789500000,0.2701,0.2702,0.2694,0.2697,3603555.0
2026-02-22 20:00:00,1771790400000,0.2697,0.2699,0.2692,0.2695,2085798.0
2026-02-22 20:15:00,1771791300000,0.2695,0.2697,0.2694,0.2695,736994.0
2026-02-22 20:30:00,1771792200000,0.2695,0.2698,0.2693,0.2696,904768.0
2026-02-22 20:45:00,1771793100000,0.2696,0.2699,0.2685,0.2691,2121178.0
2026-02-22 21:00:00,1771794000000,0.2691,0.2697,0.269,0.2692,558640.0
2026-02-22 21:15:00,1771794900000,0.2692,0.2697,0.2689,0.2689,986321.0
2026-02-22 21:30:00,1771795800000,0.2689,0.2703,0.2689,0.2701,2019937.0
2026-02-22 21:45:00,1771796700000,0.2701,0.2704,0.27,0.2702,849750.0
2026-02-22 22:00:00,1771797600000,0.2702,0.2707,0.2701,0.2704,1996075.0
2026-02-22 22:15:00,1771798500000,0.2704,0.2719,0.2704,0.2712,1829169.0
2026-02-22 22:30:00,1771799400000,0.2712,0.2721,0.2708,0.2715,1640296.0
2026-02-22 22:45:00,1771800300000,0.2715,0.2719,0.2714,0.2715,776039.0
2026-02-22 23:00:00,1771801200000,0.2715,0.2718,0.2708,0.2708,1212163.0
2026-02-22 23:15:00,1771802100000,0.2708,0.2712,0.2702,0.2708,554506.0
2026-02-22 23:30:00,1771803000000,0.2708,0.271,0.2699,0.2701,365452.0
2026-02-22 23:45:00,1771803900000,0.2701,0.272,0.2701,0.2715,812096.0
2026-02-23 00:00:00,1771804800000,0.2715,0.2717,0.2711,0.2714,1456652.0
2026-02-23 00:15:00,1771805700000,0.2714,0.2714,0.27,0.2702,711159.0
2026-02-23 00:30:00,1771806600000,0.2702,0.2702,0.2691,0.2696,2588388.0
2026-02-23 00:45:00,1771807500000,0.2696,0.27,0.2679,0.2681,4393325.0
2026-02-23 01:00:00,1771808400000,0.2681,0.2683,0.26,0.2615,47158592.0
2026-02-23 01:15:00,1771809300000,0.2615,0.2616,0.2577,0.2593,18987986.0
2026-02-23 01:30:00,1771810200000,0.2593,0.261,0.2581,0.2602,7922759.0
2026-02-23 01:45:00,1771811100000,0.2602,0.2604,0.2569,0.2583,14103765.0
2026-02-23 02:00:00,1771812000000,0.2583,0.2603,0.2577,0.26,5542369.0
2026-02-23 02:15:00,1771812900000,0.26,0.2604,0.2588,0.2597,1869150.0
2026-02-23 02:30:00,1771813800000,0.2597,0.2606,0.2594,0.2601,4408756.0
2026-02-23 02:45:00,1771814700000,0.2601,0.2603,0.2597,0.2601,956281.0
2026-02-23 03:00:00,1771815600000,0.2601,0.2618,0.2601,0.2614,2095771.0
2026-02-23 03:15:00,1771816500000,0.2614,0.2615,0.2601,0.2604,2127215.0
2026-02-23 03:30:00,1771817400000,0.2604,0.2617,0.2604,0.2617,726782.0
2026-02-23 03:45:00,1771818300000,0.2617,0.2617,0.2608,0.2609,786686.0
2026-02-23 04:00:00,1771819200000,0.2609,0.2611,0.2599,0.2606,2291632.0
2026-02-23 04:15:00,1771820100000,0.2606,0.2606,0.2597,0.2599,1243756.0
2026-02-23 04:30:00,1771821000000,0.2599,0.2602,0.2593,0.2598,1643505.0
2026-02-23 04:45:00,1771821900000,0.2598,0.2605,0.2596,0.2605,830235.0
2026-02-23 05:00:00,1771822800000,0.2605,0.2619,0.2603,0.2617,2676346.0
2026-02-23 05:15:00,1771823700000,0.2617,0.2627,0.2616,0.2619,2260264.0
2026-02-23 05:30:00,1771824600000,0.2619,0.2625,0.2616,0.2618,1235525.0
2026-02-23 05:45:00,1771825500000,0.2618,0.2621,0.2614,0.2616,1156124.0
2026-02-23 06:00:00,1771826400000,0.2616,0.2657,0.2614,0.2651,6219987.0
2026-02-23 06:15:00,1771827300000,0.2651,0.2655,0.2646,0.2647,3267287.0
2026-02-23 06:30:00,1771828200000,0.2647,0.266,0.2646,0.2655,2366819.0
2026-02-23 06:45:00,1771829100000,0.2655,0.2663,0.2655,0.2659,1135992.0
2026-02-23 07:00:00,1771830000000,0.2659,0.2668,0.2656,0.2665,1636742.0
2026-02-23 07:15:00,1771830900000,0.2665,0.2666,0.2657,0.2662,1634773.0
2026-02-23 07:30:00,1771831800000,0.2662,0.2676,0.2656,0.267,4717139.0
2026-02-23 07:45:00,1771832700000,0.267,0.2671,0.2664,0.2665,448018.0
2026-02-23 08:00:00,1771833600000,0.2665,0.2665,0.2651,0.2657,1977326.0
2026-02-23 08:15:00,1771834500000,0.2657,0.2658,0.2648,0.265,695452.0
2026-02-23 08:30:00,1771835400000,0.265,0.2654,0.2648,0.265,724511.0
2026-02-23 08:45:00,1771836300000,0.265,0.2652,0.2647,0.2649,588364.0
2026-02-23 09:00:00,1771837200000,0.2649,0.2665,0.2649,0.2663,1069044.0
2026-02-23 09:15:00,1771838100000,0.2663,0.2672,0.266,0.2671,663891.0
2026-02-23 09:30:00,1771839000000,0.2671,0.2712,0.2669,0.2704,7369955.0
2026-02-23 09:45:00,1771839900000,0.2704,0.2715,0.2704,0.2711,2830622.0
2026-02-23 10:00:00,1771840800000,0.2711,0.2719,0.2699,0.2701,2446615.0
2026-02-23 10:15:00,1771841700000,0.2701,0.2709,0.2698,0.2705,1681965.0
2026-02-23 10:30:00,1771842600000,0.2705,0.2707,0.2698,0.2703,1902926.0
2026-02-23 10:45:00,1771843500000,0.2703,0.2708,0.27,0.2703,1236222.0
2026-02-23 11:00:00,1771844400000,0.2703,0.2707,0.2698,0.2702,2318742.0
2026-02-23 11:15:00,1771845300000,0.2702,0.2719,0.2702,0.2716,4033979.0
2026-02-23 11:30:00,1771846200000,0.2716,0.2717,0.2711,0.2712,1315516.0
2026-02-23 11:45:00,1771847100000,0.2712,0.2714,0.2704,0.2712,2500175.0
2026-02-23 12:00:00,1771848000000,0.2712,0.2717,0.2707,0.2715,1843542.0
2026-02-23 12:15:00,1771848900000,0.2715,0.2717,0.2707,0.2712,1964881.0
2026-02-23 12:30:00,1771849800000,0.2712,0.2753,0.2704,0.2741,8590421.0
2026-02-23 12:45:00,1771850700000,0.2741,0.2745,0.2731,0.2735,3139022.0
2026-02-23 13:00:00,1771851600000,0.2735,0.2741,0.2731,0.2733,1554644.0
2026-02-23 13:15:00,1771852500000,0.2733,0.2735,0.2729,0.2732,1223092.0
2026-02-23 13:30:00,1771853400000,0.2732,0.274,0.2726,0.2736,2552885.0
2026-02-23 13:45:00,1771854300000,0.2736,0.2738,0.2717,0.2718,2781584.0
2026-02-23 14:00:00,1771855200000,0.2718,0.2727,0.2718,0.2725,1264149.0
2026-02-23 14:15:00,1771856100000,0.2725,0.2725,0.2705,0.2709,2285095.0
2026-02-23 14:30:00,1771857000000,0.2709,0.2714,0.2685,0.2703,5769145.0
2026-02-23 14:45:00,1771857900000,0.2703,0.2717,0.2693,0.2703,4596534.0
2026-02-23 15:00:00,1771858800000,0.2703,0.2711,0.2681,0.2686,4469980.0
2026-02-23 15:15:00,1771859700000,0.2686,0.2702,0.2672,0.2674,4749545.0
2026-02-23 15:30:00,1771860600000,0.2674,0.2685,0.267,0.268,1778496.0
2026-02-23 15:45:00,1771861500000,0.268,0.2683,0.2663,0.2668,2044529.0
2026-02-23 16:00:00,1771862400000,0.2668,0.2673,0.2654,0.2657,4536248.0
2026-02-23 16:15:00,1771863300000,0.2657,0.2684,0.2657,0.2682,3939019.0
2026-02-23 16:30:00,1771864200000,0.2682,0.2683,0.2666,0.267,2490677.0
2026-02-23 16:45:00,1771865100000,0.267,0.267,0.2655,0.2659,2877803.0
2026-02-23 17:00:00,1771866000000,0.2659,0.2668,0.2646,0.2649,2109790.0
2026-02-23 17:15:00,1771866900000,0.2649,0.2656,0.2627,0.2628,5095286.0
2026-02-23 17:30:00,1771867800000,0.2628,0.2633,0.2609,0.2623,6243147.0
2026-02-23 17:45:00,1771868700000,0.2623,0.2633,0.2601,0.2632,5917529.0
2026-02-23 18:00:00,1771869600000,0.2632,0.2647,0.2623,0.2639,4553364.0
2026-02-23 18:15:00,1771870500000,0.2639,0.2645,0.2632,0.2638,4419479.0
2026-02-23 18:30:00,1771871400000,0.2638,0.2657,0.2633,0.2649,2543367.0
2026-02-23 18:45:00,1771872300000,0.2649,0.265,0.2626,0.2632,2140998.0
2026-02-23 19:00:00,1771873200000,0.2632,0.2636,0.2626,0.2631,1538315.0
2026-02-23 19:15:00,1771874100000,0.2631,0.2632,0.2615,0.2617,2705241.0
2026-02-23 19:30:00,1771875000000,0.2617,0.2627,0.2611,0.2618,1609483.0
2026-02-23 19:45:00,1771875900000,0.2618,0.2624,0.2609,0.2618,1972407.0
2026-02-23 20:00:00,1771876800000,0.2618,0.2621,0.2606,0.2608,1603537.0
2026-02-23 20:15:00,1771877700000,0.2608,0.2617,0.2604,0.2612,1851831.0
2026-02-23 20:30:00,1771878600000,0.2612,0.2629,0.2612,0.2623,1108345.0
2026-02-23 20:45:00,1771879500000,0.2623,0.2634,0.2621,0.263,1881257.0
2026-02-23 21:00:00,1771880400000,0.263,0.2636,0.2624,0.2633,2143530.0
2026-02-23 21:15:00,1771881300000,0.2633,0.2638,0.263,0.263,796457.0
2026-02-23 21:30:00,1771882200000,0.263,0.264,0.2625,0.2631,1557588.0
2026-02-23 21:45:00,1771883100000,0.2631,0.2637,0.263,0.2634,929673.0
2026-02-23 22:00:00,1771884000000,0.2634,0.2647,0.263,0.2644,3169605.0
2026-02-23 22:15:00,1771884900000,0.2644,0.2648,0.264,0.2644,2284374.0
2026-02-23 22:30:00,1771885800000,0.2644,0.2649,0.2639,0.2641,945913.0
2026-02-23 22:45:00,1771886700000,0.2641,0.2644,0.2631,0.2631,357464.0
2026-02-23 23:00:00,1771887600000,0.2631,0.2641,0.2631,0.2638,826199.0
2026-02-23 23:15:00,1771888500000,0.2638,0.2638,0.2631,0.2631,340797.0
2026-02-23 23:30:00,1771889400000,0.2631,0.2636,0.2622,0.2623,1258190.0
2026-02-23 23:45:00,1771890300000,0.2623,0.2626,0.2618,0.2621,773065.0
2026-02-24 00:00:00,1771891200000,0.2621,0.2636,0.2621,0.2636,1553311.0
2026-02-24 00:15:00,1771892100000,0.2636,0.2642,0.2635,0.2637,1157207.0
2026-02-24 00:30:00,1771893000000,0.2637,0.2644,0.2635,0.2641,1488654.0
2026-02-24 00:45:00,1771893900000,0.2641,0.2643,0.2637,0.2642,541320.0
2026-02-24 01:00:00,1771894800000,0.2642,0.2642,0.2613,0.2616,2621505.0
2026-02-24 01:15:00,1771895700000,0.2616,0.263,0.2575,0.2624,14046060.0
2026-02-24 01:30:00,1771896600000,0.2624,0.2633,0.2606,0.2614,3359008.0
2026-02-24 01:45:00,1771897500000,0.2614,0.2618,0.2603,0.2608,2510655.0
2026-02-24 02:00:00,1771898400000,0.2608,0.2613,0.26,0.2606,1219398.0
2026-02-24 02:15:00,1771899300000,0.2606,0.261,0.2594,0.261,1602836.0
2026-02-24 02:30:00,1771900200000,0.261,0.2623,0.26,0.2601,1201511.0
2026-02-24 02:45:00,1771901100000,0.2601,0.2604,0.2597,0.2602,2396857.0
2026-02-24 03:00:00,1771902000000,0.2602,0.2602,0.258,0.2588,5485617.0
2026-02-24 03:15:00,1771902900000,0.2588,0.2593,0.2577,0.2583,1949689.0
2026-02-24 03:30:00,1771903800000,0.2583,0.2587,0.258,0.2583,1356822.0
2026-02-24 03:45:00,1771904700000,0.2583,0.2591,0.2576,0.2585,1643169.0
2026-02-24 04:00:00,1771905600000,0.2585,0.2588,0.2566,0.2566,5278961.0
2026-02-24 04:15:00,1771906500000,0.2566,0.2586,0.2561,0.258,4726768.0
2026-02-24 04:30:00,1771907400000,0.258,0.258,0.2565,0.2575,1197394.0
2026-02-24 04:45:00,1771908300000,0.2575,0.2579,0.2571,0.2577,872787.0
2026-02-24 05:00:00,1771909200000,0.2577,0.259,0.2576,0.2586,1604678.0
2026-02-24 05:15:00,1771910100000,0.2586,0.2587,0.2556,0.2566,5806297.0
2026-02-24 05:30:00,1771911000000,0.2566,0.2573,0.256,0.2569,1469365.0
2026-02-24 05:45:00,1771911900000,0.2569,0.2575,0.2567,0.2571,784904.0
2026-02-24 06:00:00,1771912800000,0.2571,0.2573,0.2561,0.2563,1388758.0
2026-02-24 06:15:00,1771913700000,0.2563,0.2573,0.2563,0.257,1164838.0
2026-02-24 06:30:00,1771914600000,0.257,0.2575,0.2567,0.2572,758572.0
2026-02-24 06:45:00,1771915500000,0.2572,0.2572,0.2559,0.2562,842026.0
2026-02-24 07:00:00,1771916400000,0.2562,0.2576,0.2553,0.2574,3092343.0
2026-02-24 07:15:00,1771917300000,0.2574,0.2577,0.2568,0.2575,877170.0
2026-02-24 07:30:00,1771918200000,0.2575,0.2577,0.257,0.2571,500823.0
2026-02-24 07:45:00,1771919100000,0.2571,0.2575,0.2568,0.2574,773650.0
2026-02-24 08:00:00,1771920000000,0.2574,0.2576,0.2565,0.2571,860471.0
2026-02-24 08:15:00,1771920900000,0.2571,0.258,0.2566,0.2578,2083231.0
2026-02-24 08:30:00,1771921800000,0.2578,0.2586,0.2577,0.258,2004431.0
2026-02-24 08:45:00,1771922700000,0.258,0.2584,0.2578,0.2578,472723.0
2026-02-24 09:00:00,1771923600000,0.2578,0.2581,0.2573,0.2575,1329628.0
2026-02-24 09:15:00,1771924500000,0.2575,0.2576,0.2562,0.2565,1598890.0
2026-02-24 09:30:00,1771925400000,0.2565,0.2574,0.2558,0.2572,2656556.0
2026-02-24 09:45:00,1771926300000,0.2572,0.2573,0.2566,0.257,534009.0
2026-02-24 10:00:00,1771927200000,0.257,0.2572,0.2566,0.2569,1042419.0
2026-02-24 10:15:00,1771928100000,0.2569,0.2577,0.2566,0.2571,542946.0
2026-02-24 10:30:00,1771929000000,0.2571,0.2575,0.2566,0.2569,1498421.0
2026-02-24 10:45:00,1771929900000,0.2569,0.2578,0.2568,0.2574,827828.0
2026-02-24 11:00:00,1771930800000,0.2574,0.2575,0.2567,0.257,691225.0
2026-02-24 11:15:00,1771931700000,0.257,0.2574,0.2568,0.2571,398576.0
2026-02-24 11:30:00,1771932600000,0.2571,0.2573,0.2566,0.2569,927097.0
2026-02-24 11:45:00,1771933500000,0.2569,0.2573,0.2568,0.2573,381301.0
2026-02-24 12:00:00,1771934400000,0.2573,0.2577,0.2567,0.2573,945663.0
2026-02-24 12:15:00,1771935300000,0.2573,0.2575,0.2569,0.2574,678697.0
2026-02-24 12:30:00,1771936200000,0.2574,0.2578,0.2561,0.2563,1352379.0
2026-02-24 12:45:00,1771937100000,0.2563,0.2568,0.256,0.2563,1255492.0
2026-02-24 13:00:00,1771938000000,0.2563,0.2567,0.256,0.2564,1508436.0
2026-02-24 13:15:00,1771938900000,0.2564,0.2564,0.2557,0.256,1998966.0
2026-02-24 13:30:00,1771939800000,0.256,0.2566,0.2539,0.256,8592601.0
2026-02-24 13:45:00,1771940700000,0.256,0.2565,0.2557,0.256,1139210.0
2026-02-24 14:00:00,1771941600000,0.256,0.2562,0.2552,0.2553,2444535.0
2026-02-24 14:15:00,1771942500000,0.2553,0.2556,0.2546,0.255,2564001.0
2026-02-24 14:30:00,1771943400000,0.255,0.257,0.2534,0.2566,9647336.0
2026-02-24 14:45:00,1771944300000,0.2566,0.259,0.2565,0.2576,5143276.0
2026-02-24 15:00:00,1771945200000,0.2576,0.2589,0.257,0.2588,2234659.0
2026-02-24 15:15:00,1771946100000,0.2588,0.2607,0.2586,0.2606,3848109.0
2026-02-24 15:30:00,1771947000000,0.2606,0.261,0.2588,0.259,2085543.0
2026-02-24 15:45:00,1771947900000,0.259,0.2598,0.2588,0.2596,1682105.0
2026-02-24 16:00:00,1771948800000,0.2596,0.2622,0.2595,0.2616,3415998.0
2026-02-24 16:15:00,1771949700000,0.2616,0.2618,0.2602,0.2606,2179540.0
2026-02-24 16:30:00,1771950600000,0.2606,0.2615,0.2592,0.261,2096108.0
2026-02-24 16:45:00,1771951500000,0.261,0.2617,0.2594,0.2616,1611878.0
2026-02-24 17:00:00,1771952400000,0.2616,0.2626,0.2613,0.2622,1664985.0
2026-02-24 17:15:00,1771953300000,0.2622,0.2622,0.261,0.2611,1860219.0
2026-02-24 17:30:00,1771954200000,0.2611,0.2616,0.2608,0.261,639681.0
2026-02-24 17:45:00,1771955100000,0.261,0.2617,0.2606,0.2613,952539.0
2026-02-24 18:00:00,1771956000000,0.2613,0.2625,0.2597,0.2599,1871803.0
2026-02-24 18:15:00,1771956900000,0.2599,0.2612,0.2594,0.2609,2086907.0
2026-02-24 18:30:00,1771957800000,0.2609,0.2616,0.2607,0.2611,632053.0
2026-02-24 18:45:00,1771958700000,0.2611,0.2615,0.2609,0.2611,928787.0
2026-02-24 19:00:00,1771959600000,0.2611,0.262,0.26,0.2602,1397140.0
2026-02-24 19:15:00,1771960500000,0.2602,0.2604,0.2594,0.26,1690652.0
2026-02-24 19:30:00,1771961400000,0.26,0.261,0.2598,0.2609,787385.0
2026-02-24 19:45:00,1771962300000,0.2609,0.261,0.2601,0.2603,1232876.0
2026-02-24 20:00:00,1771963200000,0.2603,0.2606,0.2597,0.26,1305655.0
2026-02-24 20:15:00,1771964100000,0.26,0.2607,0.26,0.2604,807043.0
2026-02-24 20:30:00,1771965000000,0.2604,0.2609,0.26,0.2608,472853.0
2026-02-24 20:45:00,1771965900000,0.2608,0.2609,0.2602,0.2606,3521238.0
2026-02-24 21:00:00,1771966800000,0.2606,0.2606,0.259,0.26,4140601.0
2026-02-24 21:15:00,1771967700000,0.26,0.26,0.2588,0.2592,1379511.0
2026-02-24 21:30:00,1771968600000,0.2592,0.2596,0.259,0.2594,554798.0
2026-02-24 21:45:00,1771969500000,0.2594,0.2597,0.2589,0.2592,516446.0
2026-02-24 22:00:00,1771970400000,0.2592,0.2608,0.259,0.2604,2603776.0
2026-02-24 22:15:00,1771971300000,0.2604,0.2606,0.2596,0.2599,444856.0
2026-02-24 22:30:00,1771972200000,0.2599,0.26,0.2592,0.2593,806647.0
2026-02-24 22:45:00,1771973100000,0.2593,0.2597,0.2589,0.2594,783881.0
2026-02-24 23:00:00,1771974000000,0.2594,0.2595,0.2575,0.2585,3308772.0
2026-02-24 23:15:00,1771974900000,0.2585,0.2593,0.2582,0.2592,1485941.0
2026-02-24 23:30:00,1771975800000,0.2592,0.2597,0.259,0.259,727191.0
2026-02-24 23:45:00,1771976700000,0.259,0.2591,0.2583,0.2585,2012224.0
2026-02-25 00:00:00,1771977600000,0.2585,0.2586,0.2578,0.2578,1091474.0
2026-02-25 00:15:00,1771978500000,0.2578,0.2587,0.2577,0.2578,1101939.0
2026-02-25 00:30:00,1771979400000,0.2578,0.2594,0.2578,0.2594,691356.0
2026-02-25 00:45:00,1771980300000,0.2594,0.2594,0.2588,0.2589,754505.0
2026-02-25 01:00:00,1771981200000,0.2589,0.2675,0.2588,0.2663,13959202.0
2026-02-25 01:15:00,1771982100000,0.2663,0.2698,0.2652,0.2671,10305251.0
2026-02-25 01:30:00,1771983000000,0.2671,0.2687,0.2669,0.2672,6074344.0
2026-02-25 01:45:00,1771983900000,0.2672,0.2681,0.2665,0.2672,2454562.0
2026-02-25 02:00:00,1771984800000,0.2672,0.2702,0.2671,0.2697,9277159.0
2026-02-25 02:15:00,1771985700000,0.2697,0.2708,0.2692,0.2706,2985358.0
2026-02-25 02:30:00,1771986600000,0.2706,0.2714,0.2694,0.2696,3013436.0
2026-02-25 02:45:00,1771987500000,0.2696,0.2702,0.2684,0.2686,3406291.0
2026-02-25 03:00:00,1771988400000,0.2686,0.2692,0.2676,0.268,2161062.0
2026-02-25 03:15:00,1771989300000,0.268,0.2682,0.2664,0.267,2652361.0
2026-02-25 03:30:00,1771990200000,0.267,0.2672,0.2661,0.2665,2650666.0
2026-02-25 03:45:00,1771991100000,0.2665,0.2668,0.2656,0.2659,2453521.0
2026-02-25 04:00:00,1771992000000,0.2659,0.266,0.2641,0.2655,4556252.0
2026-02-25 04:15:00,1771992900000,0.2655,0.2662,0.2648,0.266,3269265.0
2026-02-25 04:30:00,1771993800000,0.266,0.2666,0.2657,0.2665,853956.0
2026-02-25 04:45:00,1771994700000,0.2665,0.2666,0.2657,0.2658,1347519.0
2026-02-25 05:00:00,1771995600000,0.2658,0.266,0.2652,0.2655,1299418.0
2026-02-25 05:15:00,1771996500000,0.2655,0.2656,0.2635,0.2639,3963496.0
2026-02-25 05:30:00,1771997400000,0.2639,0.2642,0.2619,0.2629,3246798.0
2026-02-25 05:45:00,1771998300000,0.2629,0.2641,0.2627,0.2637,1557987.0
2026-02-25 06:00:00,1771999200000,0.2637,0.2645,0.2637,0.2645,718145.0
2026-02-25 06:15:00,1772000100000,0.2645,0.265,0.2638,0.2646,781880.0
2026-02-25 06:30:00,1772001000000,0.2646,0.2653,0.2644,0.2651,773845.0
2026-02-25 06:45:00,1772001900000,0.2651,0.2652,0.2639,0.2642,1123237.0
2026-02-25 07:00:00,1772002800000,0.2642,0.2657,0.2641,0.2653,1630592.0
2026-02-25 07:15:00,1772003700000,0.2653,0.2657,0.2649,0.2653,1264635.0
2026-02-25 07:30:00,1772004600000,0.2653,0.2663,0.2648,0.265,1042518.0
2026-02-25 07:45:00,1772005500000,0.265,0.2661,0.2648,0.2659,1260400.0
2026-02-25 08:00:00,1772006400000,0.2659,0.2665,0.2657,0.266,1252876.0
2026-02-25 08:15:00,1772007300000,0.266,0.2671,0.2654,0.2668,2039762.0
2026-02-25 08:30:00,1772008200000,0.2668,0.2682,0.2668,0.2678,2315186.0
2026-02-25 08:45:00,1772009100000,0.2678,0.2687,0.2676,0.2685,1926082.0
2026-02-25 09:00:00,1772010000000,0.2685,0.2703,0.2682,0.2696,3747324.0
2026-02-25 09:15:00,1772010900000,0.2696,0.2699,0.2689,0.2696,1298461.0
2026-02-25 09:30:00,1772011800000,0.2696,0.2698,0.2692,0.2695,1214520.0
2026-02-25 09:45:00,1772012700000,0.2695,0.2702,0.2695,0.2699,1433170.0
2026-02-25 10:00:00,1772013600000,0.2699,0.2711,0.2691,0.2702,3087227.0
2026-02-25 10:15:00,1772014500000,0.2702,0.2706,0.2692,0.2697,1773694.0
2026-02-25 10:30:00,1772015400000,0.2697,0.2699,0.2691,0.2697,1494686.0
2026-02-25 10:45:00,1772016300000,0.2697,0.2703,0.2693,0.2695,1346572.0
2026-02-25 11:00:00,1772017200000,0.2695,0.2698,0.2688,0.2688,2446864.0
2026-02-25 11:15:00,1772018100000,0.2688,0.2707,0.2687,0.2702,2847247.0
2026-02-25 11:30:00,1772019000000,0.2702,0.2707,0.2698,0.2706,1594093.0
2026-02-25 11:45:00,1772019900000,0.2706,0.2712,0.2704,0.271,2187759.0
2026-02-25 12:00:00,1772020800000,0.271,0.2724,0.2709,0.2718,3184627.0
2026-02-25 12:15:00,1772021700000,0.2718,0.2758,0.2713,0.2749,6901795.0
2026-02-25 12:30:00,1772022600000,0.2749,0.2768,0.2744,0.2757,11649420.0
2026-02-25 12:45:00,1772023500000,0.2757,0.2783,0.2756,0.2765,7745553.0
2026-02-25 13:00:00,1772024400000,0.2765,0.2782,0.2765,0.2779,4886896.0
2026-02-25 13:15:00,1772025300000,0.2779,0.2788,0.2767,0.2783,5122777.0
2026-02-25 13:30:00,1772026200000,0.2783,0.2795,0.2778,0.2785,5283818.0
2026-02-25 13:45:00,1772027100000,0.2785,0.2801,0.2779,0.2786,4677658.0
2026-02-25 14:00:00,1772028000000,0.2786,0.2832,0.2786,0.2828,12198414.0
2026-02-25 14:15:00,1772028900000,0.2828,0.2832,0.2819,0.2827,4687109.0
2026-02-25 14:30:00,1772029800000,0.2827,0.2853,0.2825,0.2839,11879308.0
2026-02-25 14:45:00,1772030700000,0.2839,0.2874,0.2839,0.2873,10360947.0
2026-02-25 15:00:00,1772031600000,0.2873,0.2895,0.287,0.2876,20656306.0
2026-02-25 15:15:00,1772032500000,0.2876,0.2912,0.2876,0.2896,16587662.0
2026-02-25 15:30:00,1772033400000,0.2896,0.292,0.2888,0.2916,11459320.0
2026-02-25 15:45:00,1772034300000,0.2916,0.2925,0.2896,0.2904,10852997.0
2026-02-25 16:00:00,1772035200000,0.2904,0.2956,0.2904,0.2942,21463890.0
2026-02-25 16:15:00,1772036100000,0.2942,0.2958,0.293,0.2937,9822658.0
2026-02-25 16:30:00,1772037000000,0.2937,0.2943,0.2923,0.2929,6733519.0
2026-02-25 16:45:00,1772037900000,0.2929,0.2957,0.2929,0.2951,7490305.0
2026-02-25 17:00:00,1772038800000,0.2951,0.2973,0.2946,0.2961,8560449.0
2026-02-25 17:15:00,1772039700000,0.2961,0.2981,0.2955,0.2962,8796096.0
2026-02-25 17:30:00,1772040600000,0.2962,0.2971,0.2954,0.2957,8342246.0
2026-02-25 17:45:00,1772041500000,0.2957,0.2968,0.2954,0.2963,4256311.0
2026-02-25 18:00:00,1772042400000,0.2963,0.2966,0.294,0.2962,8352200.0
2026-02-25 18:15:00,1772043300000,0.2962,0.2982,0.2955,0.2978,5350532.0
2026-02-25 18:30:00,1772044200000,0.2978,0.2996,0.2968,0.2989,9404932.0
2026-02-25 18:45:00,1772045100000,0.2989,0.2996,0.298,0.2989,4848541.0
2026-02-25 19:00:00,1772046000000,0.2989,0.299,0.2954,0.2963,5540704.0
2026-02-25 19:15:00,1772046900000,0.2963,0.2984,0.2962,0.2978,2122232.0
2026-02-25 19:30:00,1772047800000,0.2978,0.2981,0.2967,0.2975,2068070.0
2026-02-25 19:45:00,1772048700000,0.2975,0.3037,0.2973,0.3028,17638720.0
2026-02-25 20:00:00,1772049600000,0.3028,0.3125,0.3028,0.3086,68535360.0
2026-02-25 20:15:00,1772050500000,0.3086,0.3129,0.3063,0.3064,29052823.0
2026-02-25 20:30:00,1772051400000,0.3064,0.3108,0.3064,0.3089,16065520.0
2026-02-25 20:45:00,1772052300000,0.3089,0.3092,0.3068,0.3073,6567315.0
2026-02-25 21:00:00,1772053200000,0.3073,0.3083,0.3063,0.3065,4863098.0
2026-02-25 21:15:00,1772054100000,0.3065,0.3079,0.3061,0.3068,4667036.0
2026-02-25 21:30:00,1772055000000,0.3068,0.3135,0.3066,0.3124,20750306.0
2026-02-25 21:45:00,1772055900000,0.3124,0.3125,0.3084,0.3094,5640016.0
2026-02-25 22:00:00,1772056800000,0.3094,0.3117,0.3081,0.3097,3750251.0
2026-02-25 22:15:00,1772057700000,0.3097,0.3125,0.3068,0.3073,10994152.0
2026-02-25 22:30:00,1772058600000,0.3073,0.3084,0.3025,0.3028,6956667.0
2026-02-25 22:45:00,1772059500000,0.3028,0.3042,0.2993,0.3006,8736298.0
2026-02-25 23:00:00,1772060400000,0.3006,0.3035,0.2988,0.3023,13642925.0
2026-02-25 23:15:00,1772061300000,0.3023,0.3024,0.2994,0.2997,7613494.0
2026-02-25 23:30:00,1772062200000,0.2997,0.3,0.2937,0.2949,21912672.0
2026-02-25 23:45:00,1772063100000,0.2949,0.2971,0.2946,0.2971,7620342.0
2026-02-26 00:00:00,1772064000000,0.2971,0.2997,0.2966,0.299,7975477.0
2026-02-26 00:15:00,1772064900000,0.299,0.3009,0.2985,0.2987,6000013.0
2026-02-26 00:30:00,1772065800000,0.2987,0.2991,0.2937,0.2956,12223677.0
2026-02-26 00:45:00,1772066700000,0.2956,0.2963,0.2944,0.2956,2527518.0
2026-02-26 01:00:00,1772067600000,0.2956,0.298,0.295,0.2975,4210905.0
2026-02-26 01:15:00,1772068500000,0.2975,0.2978,0.2965,0.2975,2621858.0
2026-02-26 01:30:00,1772069400000,0.2975,0.2986,0.2963,0.2964,2839048.0
2026-02-26 01:45:00,1772070300000,0.2964,0.2972,0.2958,0.2962,2453712.0
2026-02-26 02:00:00,1772071200000,0.2962,0.2963,0.2935,0.295,4721315.0
2026-02-26 02:15:00,1772072100000,0.295,0.2969,0.2949,0.2958,3175277.0
2026-02-26 02:30:00,1772073000000,0.2958,0.2973,0.2958,0.2967,2082919.0
2026-02-26 02:45:00,1772073900000,0.2967,0.2971,0.2958,0.2966,1515631.0
2026-02-26 03:00:00,1772074800000,0.2966,0.2972,0.2957,0.2959,1914958.0
2026-02-26 03:15:00,1772075700000,0.2959,0.296,0.2946,0.295,2353035.0
2026-02-26 03:30:00,1772076600000,0.295,0.2958,0.2947,0.2954,1570717.0
2026-02-26 03:45:00,1772077500000,0.2954,0.2958,0.295,0.2951,740719.0
2026-02-26 04:00:00,1772078400000,0.2951,0.2977,0.2947,0.2963,5223968.0
2026-02-26 04:15:00,1772079300000,0.2963,0.2973,0.2959,0.2971,1936539.0
2026-02-26 04:30:00,1772080200000,0.2971,0.2999,0.2969,0.2986,6175137.0
2026-02-26 04:45:00,1772081100000,0.2986,0.2987,0.297,0.2973,1121785.0
2026-02-26 05:00:00,1772082000000,0.2973,0.2973,0.2932,0.2939,6960208.0
2026-02-26 05:15:00,1772082900000,0.2939,0.295,0.2926,0.2944,5484963.0
2026-02-26 05:30:00,1772083800000,0.2944,0.2948,0.2936,0.2946,2054812.0
2026-02-26 05:45:00,1772084700000,0.2946,0.2954,0.2941,0.295,1489276.0
2026-02-26 06:00:00,1772085600000,0.295,0.2968,0.2942,0.2961,3646735.0
2026-02-26 06:15:00,1772086500000,0.2961,0.2963,0.2943,0.2943,1979430.0
2026-02-26 06:30:00,1772087400000,0.2943,0.2945,0.2933,0.2934,2067817.0
2026-02-26 06:45:00,1772088300000,0.2934,0.2942,0.2933,0.294,1567914.0
2026-02-26 07:00:00,1772089200000,0.294,0.2957,0.2938,0.295,2014782.0
2026-02-26 07:15:00,1772090100000,0.295,0.2952,0.2943,0.2947,2053870.0
2026-02-26 07:30:00,1772091000000,0.2947,0.2947,0.2927,0.293,3268298.0
2026-02-26 07:45:00,1772091900000,0.293,0.2938,0.2926,0.293,2839485.0
2026-02-26 08:00:00,1772092800000,0.293,0.2942,0.2922,0.2941,3305522.0
2026-02-26 08:15:00,1772093700000,0.2941,0.2949,0.2933,0.2938,1988700.0
2026-02-26 08:30:00,1772094600000,0.2938,0.2943,0.2928,0.2932,3197208.0
2026-02-26 08:45:00,1772095500000,0.2932,0.2937,0.2914,0.2916,7832854.0
2026-02-26 09:00:00,1772096400000,0.2916,0.2955,0.2902,0.2944,10121739.0
2026-02-26 09:15:00,1772097300000,0.2944,0.295,0.2939,0.2942,1773867.0
2026-02-26 09:30:00,1772098200000,0.2942,0.2956,0.294,0.2945,2135844.0
2026-02-26 09:45:00,1772099100000,0.2945,0.295,0.2936,0.2946,4605168.0
2026-02-26 10:00:00,1772100000000,0.2946,0.2948,0.2928,0.2931,2847765.0
2026-02-26 10:15:00,1772100900000,0.2931,0.2943,0.293,0.2933,2092625.0
2026-02-26 10:30:00,1772101800000,0.2933,0.2949,0.2926,0.293,5469324.0
2026-02-26 10:45:00,1772102700000,0.293,0.2931,0.2909,0.2918,3796216.0
2026-02-26 11:00:00,1772103600000,0.2918,0.2924,0.291,0.2916,1532950.0
2026-02-26 11:15:00,1772104500000,0.2916,0.2921,0.2896,0.2908,4150167.0
2026-02-26 11:30:00,1772105400000,0.2908,0.2913,0.2906,0.2907,1825909.0
2026-02-26 11:45:00,1772106300000,0.2907,0.2908,0.2886,0.2892,8549810.0
2026-02-26 12:00:00,1772107200000,0.2892,0.2901,0.2889,0.2899,2401771.0
2026-02-26 12:15:00,1772108100000,0.2899,0.2904,0.2892,0.2903,3370107.0
2026-02-26 12:30:00,1772109000000,0.2903,0.2924,0.2902,0.2918,3970200.0
2026-02-26 12:45:00,1772109900000,0.2918,0.2929,0.2915,0.2925,1773177.0
2026-02-26 13:00:00,1772110800000,0.2925,0.2925,0.2914,0.2919,1567934.0
2026-02-26 13:15:00,1772111700000,0.2919,0.2932,0.2916,0.293,1887683.0
2026-02-26 13:30:00,1772112600000,0.293,0.293,0.2919,0.2926,1032289.0
2026-02-26 13:45:00,1772113500000,0.2926,0.2936,0.2915,0.292,2604592.0
2026-02-26 14:00:00,1772114400000,0.292,0.2947,0.291,0.2934,4328059.0
2026-02-26 14:15:00,1772115300000,0.2934,0.2937,0.292,0.2927,1546500.0
2026-02-26 14:30:00,1772116200000,0.2927,0.2933,0.2907,0.291,4908459.0
2026-02-26 14:45:00,1772117100000,0.291,0.2928,0.2892,0.2919,11565352.0
2026-02-26 15:00:00,1772118000000,0.2919,0.2925,0.2905,0.2914,4406259.0
2026-02-26 15:15:00,1772118900000,0.2914,0.2941,0.2889,0.2909,17209638.0
2026-02-26 15:30:00,1772119800000,0.2909,0.2934,0.2893,0.2925,6971123.0
2026-02-26 15:45:00,1772120700000,0.2925,0.2936,0.2904,0.2913,3601100.0
2026-02-26 16:00:00,1772121600000,0.2913,0.2913,0.2886,0.289,2597030.0
2026-02-26 16:15:00,1772122500000,0.289,0.2906,0.2886,0.2898,2165599.0
2026-02-26 16:30:00,1772123400000,0.2898,0.29,0.2868,0.2874,5874756.0
2026-02-26 16:45:00,1772124300000,0.2874,0.2875,0.2833,0.2839,26046938.0
2026-02-26 17:00:00,1772125200000,0.2839,0.2858,0.2836,0.2849,4595492.0
2026-02-26 17:15:00,1772126100000,0.2849,0.286,0.284,0.2846,1981504.0
2026-02-26 17:30:00,1772127000000,0.2846,0.2851,0.283,0.2837,1856759.0
2026-02-26 17:45:00,1772127900000,0.2837,0.2842,0.2826,0.2833,3580941.0
2026-02-26 18:00:00,1772128800000,0.2833,0.2842,0.2819,0.2832,5370596.0
2026-02-26 18:15:00,1772129700000,0.2832,0.2843,0.2828,0.2833,2304354.0
2026-02-26 18:30:00,1772130600000,0.2833,0.2866,0.2833,0.2855,5140268.0
2026-02-26 18:45:00,1772131500000,0.2855,0.2862,0.2849,0.2862,1600170.0
2026-02-26 19:00:00,1772132400000,0.2862,0.2904,0.2859,0.2879,15507201.0
2026-02-26 19:15:00,1772133300000,0.2879,0.2888,0.2875,0.2877,1260297.0
2026-02-26 19:30:00,1772134200000,0.2877,0.2882,0.2867,0.287,2933300.0
2026-02-26 19:45:00,1772135100000,0.287,0.2886,0.287,0.2881,3307129.0
2026-02-26 20:00:00,1772136000000,0.2881,0.2896,0.2875,0.2878,3510914.0
2026-02-26 20:15:00,1772136900000,0.2878,0.2884,0.2857,0.286,3986812.0
2026-02-26 20:30:00,1772137800000,0.286,0.2861,0.2843,0.2847,3511027.0
2026-02-26 20:45:00,1772138700000,0.2847,0.2852,0.2841,0.2849,1187181.0
2026-02-26 21:00:00,1772139600000,0.2849,0.2855,0.2839,0.2849,1412616.0
2026-02-26 21:15:00,1772140500000,0.2849,0.286,0.2846,0.2859,1479011.0
2026-02-26 21:30:00,1772141400000,0.2859,0.286,0.285,0.2857,814109.0
2026-02-26 21:45:00,1772142300000,0.2857,0.2859,0.2851,0.2854,825415.0
2026-02-26 22:00:00,1772143200000,0.2854,0.2867,0.2851,0.2864,1548676.0
2026-02-26 22:15:00,1772144100000,0.2864,0.2868,0.286,0.2863,861592.0
2026-02-26 22:30:00,1772145000000,0.2863,0.2872,0.2858,0.2869,1151177.0
2026-02-26 22:45:00,1772145900000,0.2869,0.2873,0.2865,0.2872,663225.0
2026-02-26 23:00:00,1772146800000,0.2872,0.2872,0.286,0.2871,677206.0
2026-02-26 23:15:00,1772147700000,0.2871,0.2874,0.2864,0.2871,644885.0
2026-02-26 23:30:00,1772148600000,0.2871,0.2874,0.2864,0.2867,862619.0
2026-02-26 23:45:00,1772149500000,0.2867,0.2871,0.2865,0.2868,1178469.0
2026-02-27 00:00:00,1772150400000,0.2868,0.2871,0.2859,0.2862,1165532.0
2026-02-27 00:15:00,1772151300000,0.2862,0.2865,0.2853,0.2858,1799376.0
2026-02-27 00:30:00,1772152200000,0.2858,0.286,0.2846,0.2851,1493176.0
2026-02-27 00:45:00,1772153100000,0.2851,0.2863,0.2847,0.286,662450.0
2026-02-27 01:00:00,1772154000000,0.286,0.2866,0.285,0.2856,1169029.0
2026-02-27 01:15:00,1772154900000,0.2856,0.2872,0.2855,0.287,1218010.0
2026-02-27 01:30:00,1772155800000,0.287,0.2879,0.2866,0.2868,2183126.0
2026-02-27 01:45:00,1772156700000,0.2868,0.2877,0.2867,0.2875,383083.0
2026-02-27 02:00:00,1772157600000,0.2875,0.288,0.287,0.287,833771.0
2026-02-27 02:15:00,1772158500000,0.287,0.2878,0.2867,0.2868,1329078.0
2026-02-27 02:30:00,1772159400000,0.2868,0.2885,0.2868,0.2872,1931334.0
2026-02-27 02:45:00,1772160300000,0.2872,0.2879,0.2867,0.2868,1359181.0
2026-02-27 03:00:00,1772161200000,0.2868,0.2872,0.2864,0.2871,1154516.0
2026-02-27 03:15:00,1772162100000,0.2871,0.2877,0.2869,0.2876,495769.0
2026-02-27 03:30:00,1772163000000,0.2876,0.2889,0.2874,0.2885,1574112.0
2026-02-27 03:45:00,1772163900000,0.2885,0.2906,0.2882,0.29,3778544.0
2026-02-27 04:00:00,1772164800000,0.29,0.2936,0.2899,0.2934,5452118.0
2026-02-27 04:15:00,1772165700000,0.2934,0.2945,0.2928,0.2935,3250048.0
2026-02-27 04:30:00,1772166600000,0.2935,0.2936,0.292,0.2922,1826817.0
2026-02-27 04:45:00,1772167500000,0.2922,0.2941,0.2921,0.2932,2108472.0
2026-02-27 05:00:00,1772168400000,0.2932,0.295,0.293,0.2943,2638477.0
2026-02-27 05:15:00,1772169300000,0.2943,0.2948,0.293,0.2944,2095064.0
2026-02-27 05:30:00,1772170200000,0.2944,0.2961,0.2939,0.2954,1946390.0
2026-02-27 05:45:00,1772171100000,0.2954,0.2956,0.2943,0.2948,2220321.0
2026-02-27 06:00:00,1772172000000,0.2948,0.2949,0.2931,0.2933,1720154.0
2026-02-27 06:15:00,1772172900000,0.2933,0.2933,0.291,0.2917,5729817.0
2026-02-27 06:30:00,1772173800000,0.2917,0.2929,0.2917,0.2924,964480.0
2026-02-27 06:45:00,1772174700000,0.2924,0.2931,0.2921,0.2921,1813048.0
2026-02-27 07:00:00,1772175600000,0.2921,0.2924,0.2909,0.2918,1311050.0
2026-02-27 07:15:00,1772176500000,0.2918,0.2919,0.2907,0.291,1271843.0
2026-02-27 07:30:00,1772177400000,0.291,0.2915,0.2892,0.2897,3537660.0
2026-02-27 07:45:00,1772178300000,0.2897,0.2905,0.2894,0.2903,1562871.0
2026-02-27 08:00:00,1772179200000,0.2903,0.292,0.2901,0.2913,1866517.0
2026-02-27 08:15:00,1772180100000,0.2913,0.2915,0.2906,0.2915,1351939.0
2026-02-27 08:30:00,1772181000000,0.2915,0.2921,0.2905,0.2917,1132114.0
2026-02-27 08:45:00,1772181900000,0.2917,0.2922,0.2912,0.2921,1196304.0
2026-02-27 09:00:00,1772182800000,0.2921,0.293,0.2918,0.2929,1608653.0
2026-02-27 09:15:00,1772183700000,0.2929,0.2937,0.2919,0.2924,2149408.0
2026-02-27 09:30:00,1772184600000,0.2924,0.2928,0.2912,0.2912,2476980.0
2026-02-27 09:45:00,1772185500000,0.2912,0.2913,0.2896,0.2904,3730970.0
2026-02-27 10:00:00,1772186400000,0.2904,0.291,0.2869,0.2872,6451340.0
2026-02-27 10:15:00,1772187300000,0.2872,0.2882,0.2866,0.2874,4722153.0
2026-02-27 10:30:00,1772188200000,0.2874,0.2888,0.2872,0.288,4902651.0
2026-02-27 10:45:00,1772189100000,0.288,0.2883,0.2851,0.286,5159946.0
2026-02-27 11:00:00,1772190000000,0.286,0.2867,0.2857,0.2862,2220644.0
2026-02-27 11:15:00,1772190900000,0.2862,0.2863,0.2845,0.2855,3667070.0
2026-02-27 11:30:00,1772191800000,0.2855,0.2855,0.2811,0.2816,7161090.0
2026-02-27 11:45:00,1772192700000,0.2816,0.2826,0.2814,0.2816,2553847.0
2026-02-27 12:00:00,1772193600000,0.2816,0.2834,0.2804,0.2824,6973607.0
2026-02-27 12:15:00,1772194500000,0.2824,0.284,0.2819,0.2827,3729245.0
2026-02-27 12:30:00,1772195400000,0.2827,0.2832,0.2815,0.2823,1975591.0
2026-02-27 12:45:00,1772196300000,0.2823,0.2834,0.2815,0.2833,3573222.0
2026-02-27 13:00:00,1772197200000,0.2833,0.2847,0.2831,0.2839,3815687.0
2026-02-27 13:15:00,1772198100000,0.2839,0.2842,0.2824,0.2827,1924418.0
2026-02-27 13:30:00,1772199000000,0.2827,0.2827,0.2799,0.2824,13592468.0
2026-02-27 13:45:00,1772199900000,0.2824,0.2839,0.2821,0.2836,2199142.0
2026-02-27 14:00:00,1772200800000,0.2836,0.2838,0.2829,0.2834,1625818.0
2026-02-27 14:15:00,1772201700000,0.2834,0.2834,0.2812,0.2819,2125384.0
2026-02-27 14:30:00,1772202600000,0.2819,0.2836,0.2815,0.2821,3335171.0
2026-02-27 14:45:00,1772203500000,0.2821,0.2827,0.2808,0.2814,3502170.0
2026-02-27 15:00:00,1772204400000,0.2814,0.2828,0.2808,0.281,3096763.0
2026-02-27 15:15:00,1772205300000,0.281,0.282,0.2804,0.2816,3184739.0
2026-02-27 15:30:00,1772206200000,0.2816,0.2818,0.2791,0.2799,5833337.0
2026-02-27 15:45:00,1772207100000,0.2799,0.2813,0.2797,0.2804,1740994.0
2026-02-27 16:00:00,1772208000000,0.2804,0.2805,0.2781,0.2785,8622775.0
2026-02-27 16:15:00,1772208900000,0.2785,0.2797,0.278,0.2793,4323815.0
2026-02-27 16:30:00,1772209800000,0.2793,0.28,0.2775,0.2779,4151185.0
2026-02-27 16:45:00,1772210700000,0.2779,0.2784,0.2767,0.2773,7153960.0
2026-02-27 17:00:00,1772211600000,0.2773,0.2777,0.2752,0.2758,6684852.0
2026-02-27 17:15:00,1772212500000,0.2758,0.2761,0.2749,0.2755,6102763.0
2026-02-27 17:30:00,1772213400000,0.2755,0.2766,0.274,0.276,8327267.0
2026-02-27 17:45:00,1772214300000,0.276,0.278,0.2756,0.2778,2184297.0
2026-02-27 18:00:00,1772215200000,0.2778,0.2781,0.2769,0.2771,1248111.0
2026-02-27 18:15:00,1772216100000,0.2771,0.2777,0.2768,0.2776,1074719.0
2026-02-27 18:30:00,1772217000000,0.2776,0.2787,0.2775,0.2784,1596519.0
2026-02-27 18:45:00,1772217900000,0.2784,0.2786,0.2766,0.2767,1951112.0
2026-02-27 19:00:00,1772218800000,0.2767,0.277,0.2752,0.2757,1235618.0
2026-02-27 19:15:00,1772219700000,0.2757,0.277,0.2754,0.2764,1087945.0
2026-02-27 19:30:00,1772220600000,0.2764,0.2764,0.2748,0.2748,2014039.0
2026-02-27 19:45:00,1772221500000,0.2748,0.2759,0.2748,0.2754,1349565.0
2026-02-27 20:00:00,1772222400000,0.2754,0.2765,0.2751,0.2761,2088779.0
2026-02-27 20:15:00,1772223300000,0.2761,0.2765,0.2758,0.2761,1050846.0
2026-02-27 20:30:00,1772224200000,0.2761,0.2768,0.2756,0.2767,896538.0
2026-02-27 20:45:00,1772225100000,0.2767,0.2782,0.2767,0.2773,2494573.0
2026-02-27 21:00:00,1772226000000,0.2773,0.2783,0.2764,0.2774,1673452.0
2026-02-27 21:15:00,1772226900000,0.2774,0.2776,0.2769,0.2769,580051.0
2026-02-27 21:30:00,1772227800000,0.2769,0.2769,0.2756,0.2758,701958.0
2026-02-27 21:45:00,1772228700000,0.2758,0.276,0.275,0.276,1146172.0
2026-02-27 22:00:00,1772229600000,0.276,0.2763,0.2753,0.2756,757564.0
2026-02-27 22:15:00,1772230500000,0.2756,0.2761,0.2749,0.2752,726632.0
2026-02-27 22:30:00,1772231400000,0.2752,0.2763,0.2723,0.2758,8456544.0
2026-02-27 22:45:00,1772232300000,0.2758,0.2765,0.2757,0.2765,1156570.0
2026-02-27 23:00:00,1772233200000,0.2765,0.2773,0.2762,0.2765,1900292.0
2026-02-27 23:15:00,1772234100000,0.2765,0.2776,0.2763,0.2775,1697235.0
2026-02-27 23:30:00,1772235000000,0.2775,0.2777,0.2769,0.2771,723722.0
2026-02-27 23:45:00,1772235900000,0.2771,0.2775,0.277,0.2774,674868.0
2026-02-28 00:00:00,1772236800000,0.2774,0.278,0.2766,0.2779,2639196.0
2026-02-28 00:15:00,1772237700000,0.2779,0.2779,0.2768,0.2769,2813433.0
2026-02-28 00:30:00,1772238600000,0.2769,0.2782,0.2767,0.2779,706561.0
2026-02-28 00:45:00,1772239500000,0.2779,0.2781,0.2772,0.2778,882185.0
2026-02-28 01:00:00,1772240400000,0.2778,0.2784,0.2776,0.2781,1125993.0
2026-02-28 01:15:00,1772241300000,0.2781,0.2781,0.2771,0.2772,1340441.0
2026-02-28 01:30:00,1772242200000,0.2772,0.2774,0.2768,0.2772,1052547.0
2026-02-28 01:45:00,1772243100000,0.2772,0.2779,0.2771,0.2773,555432.0
2026-02-28 02:00:00,1772244000000,0.2773,0.2777,0.2766,0.2774,2678609.0
2026-02-28 02:15:00,1772244900000,0.2774,0.2781,0.2773,0.278,2186266.0
2026-02-28 02:30:00,1772245800000,0.278,0.2794,0.2779,0.2792,2546822.0
2026-02-28 02:45:00,1772246700000,0.2792,0.2794,0.2784,0.2789,657856.0
2026-02-28 03:00:00,1772247600000,0.2789,0.2789,0.2781,0.2782,505640.0
2026-02-28 03:15:00,1772248500000,0.2782,0.2787,0.2779,0.278,549300.0
2026-02-28 03:30:00,1772249400000,0.278,0.2781,0.2763,0.2766,2292436.0
2026-02-28 03:45:00,1772250300000,0.2766,0.2769,0.2763,0.2766,1258691.0
2026-02-28 04:00:00,1772251200000,0.2766,0.2768,0.2763,0.2766,650093.0
2026-02-28 04:15:00,1772252100000,0.2766,0.2774,0.2765,0.2766,781265.0
2026-02-28 04:30:00,1772253000000,0.2766,0.2767,0.2752,0.2764,1776915.0
2026-02-28 04:45:00,1772253900000,0.2764,0.2767,0.2762,0.2764,321658.0
2026-02-28 05:00:00,1772254800000,0.2764,0.2769,0.2763,0.2767,1359382.0
2026-02-28 05:15:00,1772255700000,0.2767,0.2767,0.2756,0.2757,692555.0
2026-02-28 05:30:00,1772256600000,0.2757,0.2757,0.2744,0.2749,2114734.0
2026-02-28 05:45:00,1772257500000,0.2749,0.2755,0.2746,0.2755,1197379.0
2026-02-28 06:00:00,1772258400000,0.2755,0.2755,0.274,0.2743,2180459.0
2026-02-28 06:15:00,1772259300000,0.2743,0.2743,0.2675,0.2693,44422144.0
2026-02-28 06:30:00,1772260200000,0.2693,0.2696,0.2645,0.267,28252020.0
2026-02-28 06:45:00,1772261100000,0.267,0.2671,0.2623,0.2629,15248751.0
2026-02-28 07:00:00,1772262000000,0.2629,0.2658,0.2608,0.2651,14889407.0
2026-02-28 07:15:00,1772262900000,0.2651,0.2658,0.2628,0.2634,4675947.0
2026-02-28 07:30:00,1772263800000,0.2634,0.2701,0.2631,0.2681,20072998.0
2026-02-28 07:45:00,1772264700000,0.2681,0.2681,0.2648,0.2649,10370957.0
2026-02-28 08:00:00,1772265600000,0.2649,0.2649,0.2624,0.2624,5623034.0
2026-02-28 08:15:00,1772266500000,0.2624,0.2636,0.2617,0.2621,5713165.0
2026-02-28 08:30:00,1772267400000,0.2621,0.2632,0.2613,0.2619,1819552.0
2026-02-28 08:45:00,1772268300000,0.2619,0.2622,0.2603,0.2608,4049150.0
2026-02-28 09:00:00,1772269200000,0.2608,0.2623,0.2601,0.2619,3181221.0
2026-02-28 09:15:00,1772270100000,0.2619,0.2625,0.2609,0.2618,2890763.0
2026-02-28 09:30:00,1772271000000,0.2618,0.2618,0.2603,0.2607,1781554.0
2026-02-28 09:45:00,1772271900000,0.2607,0.2613,0.2596,0.2609,4159679.0
2026-02-28 10:00:00,1772272800000,0.2609,0.2609,0.2589,0.2601,4487046.0
2026-02-28 10:15:00,1772273700000,0.2601,0.2617,0.2599,0.2614,3117853.0
2026-02-28 10:30:00,1772274600000,0.2614,0.2655,0.2613,0.2634,15144053.0
2026-02-28 10:45:00,1772275500000,0.2634,0.2637,0.2628,0.2631,1914276.0
2026-02-28 11:00:00,1772276400000,0.2631,0.2639,0.2628,0.2635,2882116.0
2026-02-28 11:15:00,1772277300000,0.2635,0.2647,0.2634,0.2642,2152399.0
2026-02-28 11:30:00,1772278200000,0.2642,0.2649,0.2634,0.2637,1884710.0
2026-02-28 11:45:00,1772279100000,0.2637,0.2639,0.2624,0.2626,2361382.0
2026-02-28 12:00:00,1772280000000,0.2626,0.2634,0.2624,0.2631,2017667.0
2026-02-28 12:15:00,1772280900000,0.2631,0.2637,0.2629,0.2632,1276923.0
2026-02-28 12:30:00,1772281800000,0.2632,0.2637,0.2631,0.2632,1200176.0
2026-02-28 12:45:00,1772282700000,0.2632,0.2634,0.2624,0.2632,1279282.0
2026-02-28 13:00:00,1772283600000,0.2632,0.2644,0.2632,0.2643,2211158.0
2026-02-28 13:15:00,1772284500000,0.2643,0.2651,0.2633,0.2637,2444256.0
2026-02-28 13:30:00,1772285400000,0.2637,0.264,0.2624,0.2634,2753330.0
2026-02-28 13:45:00,1772286300000,0.2634,0.2698,0.2634,0.2696,22625611.0
2026-02-28 14:00:00,1772287200000,0.2696,0.2716,0.2672,0.2676,11451057.0
2026-02-28 14:15:00,1772288100000,0.2676,0.2685,0.2672,0.2684,2037536.0
2026-02-28 14:30:00,1772289000000,0.2684,0.27,0.2673,0.269,3689330.0
2026-02-28 14:45:00,1772289900000,0.269,0.2693,0.2655,0.2661,5309130.0
2026-02-28 15:00:00,1772290800000,0.2661,0.2672,0.2652,0.2653,3469056.0
2026-02-28 15:15:00,1772291700000,0.2653,0.2685,0.2653,0.2679,5275923.0
2026-02-28 15:30:00,1772292600000,0.2679,0.2684,0.2672,0.2674,3735172.0
2026-02-28 15:45:00,1772293500000,0.2674,0.2678,0.267,0.2677,1150893.0
2026-02-28 16:00:00,1772294400000,0.2677,0.2681,0.2669,0.2677,1503976.0
2026-02-28 16:15:00,1772295300000,0.2677,0.2678,0.267,0.2676,920019.0
2026-02-28 16:30:00,1772296200000,0.2676,0.2689,0.267,0.2687,2909662.0
2026-02-28 16:45:00,1772297100000,0.2687,0.2691,0.2679,0.2688,2214919.0
2026-02-28 17:00:00,1772298000000,0.2688,0.269,0.2676,0.2679,1709910.0
2026-02-28 17:15:00,1772298900000,0.2679,0.2681,0.2671,0.2679,956831.0
2026-02-28 17:30:00,1772299800000,0.2679,0.2682,0.266,0.2666,2602814.0
2026-02-28 17:45:00,1772300700000,0.2666,0.2691,0.2661,0.2686,3144628.0
2026-02-28 18:00:00,1772301600000,0.2686,0.2689,0.268,0.2681,1422741.0
2026-02-28 18:15:00,1772302500000,0.2681,0.2685,0.2679,0.268,981085.0
2026-02-28 18:30:00,1772303400000,0.268,0.2722,0.268,0.2715,8294889.0
2026-02-28 18:45:00,1772304300000,0.2715,0.2748,0.2714,0.2737,6142763.0
2026-02-28 19:00:00,1772305200000,0.2737,0.274,0.2716,0.272,4443957.0
2026-02-28 19:15:00,1772306100000,0.272,0.2729,0.2719,0.2725,2012677.0
2026-02-28 19:30:00,1772307000000,0.2725,0.2779,0.2724,0.2756,18644123.0
2026-02-28 19:45:00,1772307900000,0.2756,0.2766,0.2748,0.2753,3924062.0
2026-02-28 20:00:00,1772308800000,0.2753,0.2771,0.2743,0.2768,1985192.0
2026-02-28 20:15:00,1772309700000,0.2768,0.2804,0.2761,0.2797,8105325.0
2026-02-28 20:30:00,1772310600000,0.2797,0.2799,0.2777,0.2789,3741641.0
2026-02-28 20:45:00,1772311500000,0.2789,0.2809,0.2786,0.2805,5042413.0
2026-02-28 21:00:00,1772312400000,0.2805,0.2808,0.2773,0.2782,4434761.0
2026-02-28 21:15:00,1772313300000,0.2782,0.2783,0.2764,0.2767,1661659.0
2026-02-28 21:30:00,1772314200000,0.2767,0.2794,0.2759,0.2783,6095720.0
2026-02-28 21:45:00,1772315100000,0.2783,0.2791,0.2776,0.278,2412216.0
2026-02-28 22:00:00,1772316000000,0.278,0.2799,0.278,0.2789,3526547.0
2026-02-28 22:15:00,1772316900000,0.2789,0.281,0.2787,0.2803,2195731.0
2026-02-28 22:30:00,1772317800000,0.2803,0.2842,0.28,0.2817,5936619.0
2026-02-28 22:45:00,1772318700000,0.2817,0.2827,0.2802,0.2803,1914552.0
2026-02-28 23:00:00,1772319600000,0.2803,0.2815,0.2802,0.2807,2215425.0
2026-02-28 23:15:00,1772320500000,0.2807,0.2813,0.2805,0.2808,1430351.0
2026-02-28 23:30:00,1772321400000,0.2808,0.2815,0.2803,0.281,1087335.0
2026-02-28 23:45:00,1772322300000,0.281,0.2819,0.2807,0.2808,2077130.0
2026-03-01 00:00:00,1772323200000,0.2808,0.2828,0.2805,0.2807,4052914.0
2026-03-01 00:15:00,1772324100000,0.2807,0.2809,0.2793,0.2795,2056813.0
2026-03-01 00:30:00,1772325000000,0.2795,0.2801,0.2788,0.2794,1278710.0
2026-03-01 00:45:00,1772325900000,0.2794,0.28,0.2783,0.2794,2660358.0
2026-03-01 01:00:00,1772326800000,0.2794,0.2796,0.2775,0.2778,2610759.0
2026-03-01 01:15:00,1772327700000,0.2778,0.2794,0.2774,0.2791,916973.0
2026-03-01 01:30:00,1772328600000,0.2791,0.2822,0.2788,0.2815,2045354.0
2026-03-01 01:45:00,1772329500000,0.2815,0.2876,0.2815,0.2861,12439114.0
2026-03-01 02:00:00,1772330400000,0.2861,0.2917,0.2861,0.2909,14303538.0
2026-03-01 02:15:00,1772331300000,0.2909,0.292,0.2884,0.2895,4048590.0
2026-03-01 02:30:00,1772332200000,0.2895,0.2909,0.289,0.2907,2213465.0
2026-03-01 02:45:00,1772333100000,0.2907,0.2914,0.2889,0.2898,3989737.0
2026-03-01 03:00:00,1772334000000,0.2898,0.2906,0.2891,0.2894,1926475.0
2026-03-01 03:15:00,1772334900000,0.2894,0.2899,0.2871,0.2876,2691678.0
2026-03-01 03:30:00,1772335800000,0.2876,0.2884,0.2873,0.2879,1368687.0
2026-03-01 03:45:00,1772336700000,0.2879,0.2882,0.286,0.2868,3343319.0
2026-03-01 04:00:00,1772337600000,0.2868,0.2877,0.2855,0.2855,3614787.0
2026-03-01 04:15:00,1772338500000,0.2855,0.286,0.284,0.2852,3984450.0
2026-03-01 04:30:00,1772339400000,0.2852,0.2864,0.2849,0.2859,1516069.0
2026-03-01 04:45:00,1772340300000,0.2859,0.286,0.2854,0.2857,475293.0
2026-03-01 05:00:00,1772341200000,0.2857,0.2867,0.2853,0.2854,2043179.0
2026-03-01 05:15:00,1772342100000,0.2854,0.2864,0.2852,0.2861,966413.0
2026-03-01 05:30:00,1772343000000,0.2861,0.2863,0.2857,0.2859,667739.0
2026-03-01 05:45:00,1772343900000,0.2859,0.2862,0.2855,0.2858,711357.0
2026-03-01 06:00:00,1772344800000,0.2858,0.286,0.2821,0.2831,5532828.0
2026-03-01 06:15:00,1772345700000,0.2831,0.2841,0.2831,0.2833,1507292.0
2026-03-01 06:30:00,1772346600000,0.2833,0.2838,0.2817,0.2823,3500401.0
2026-03-01 06:45:00,1772347500000,0.2823,0.2829,0.2816,0.2824,1812432.0
2026-03-01 07:00:00,1772348400000,0.2824,0.2833,0.2816,0.2827,4062228.0
2026-03-01 07:15:00,1772349300000,0.2827,0.2832,0.2821,0.2824,651719.0
2026-03-01 07:30:00,1772350200000,0.2824,0.2834,0.2818,0.2829,1060534.0
2026-03-01 07:45:00,1772351100000,0.2829,0.2834,0.2825,0.2827,417885.0
2026-03-01 08:00:00,1772352000000,0.2827,0.2831,0.2813,0.2831,1759081.0
2026-03-01 08:15:00,1772352900000,0.2831,0.2834,0.2822,0.283,1965801.0
2026-03-01 08:30:00,1772353800000,0.283,0.283,0.2817,0.2821,707119.0
2026-03-01 08:45:00,1772354700000,0.2821,0.2823,0.2784,0.2789,8589002.0
2026-03-01 09:00:00,1772355600000,0.2789,0.2801,0.2779,0.2794,2779117.0
2026-03-01 09:15:00,1772356500000,0.2794,0.281,0.2794,0.2804,1457584.0
2026-03-01 09:30:00,1772357400000,0.2804,0.2804,0.2786,0.2791,1175752.0
2026-03-01 09:45:00,1772358300000,0.2791,0.2791,0.2782,0.2785,930007.0
2026-03-01 10:00:00,1772359200000,0.2785,0.2788,0.277,0.2782,3700596.0
2026-03-01 10:15:00,1772360100000,0.2782,0.2786,0.2777,0.2783,968625.0
2026-03-01 10:30:00,1772361000000,0.2783,0.2797,0.2782,0.2783,1273538.0
2026-03-01 10:45:00,1772361900000,0.2783,0.2787,0.2779,0.2784,729313.0
2026-03-01 11:00:00,1772362800000,0.2784,0.2789,0.2781,0.2784,2041428.0
2026-03-01 11:15:00,1772363700000,0.2784,0.2788,0.2781,0.2785,1303607.0
2026-03-01 11:30:00,1772364600000,0.2785,0.2787,0.2776,0.2777,782807.0
2026-03-01 11:45:00,1772365500000,0.2777,0.2781,0.2773,0.2778,2562476.0
2026-03-01 12:00:00,1772366400000,0.2778,0.2785,0.2775,0.278,879421.0
2026-03-01 12:15:00,1772367300000,0.278,0.2791,0.278,0.2781,1037711.0
2026-03-01 12:30:00,1772368200000,0.2781,0.2785,0.2765,0.2776,4176848.0
2026-03-01 12:45:00,1772369100000,0.2776,0.2776,0.2758,0.276,1537289.0
2026-03-01 13:00:00,1772370000000,0.276,0.2767,0.2754,0.2764,1655881.0
2026-03-01 13:15:00,1772370900000,0.2764,0.2767,0.2747,0.2758,2775736.0
2026-03-01 13:30:00,1772371800000,0.2758,0.2759,0.2753,0.2756,946223.0
2026-03-01 13:45:00,1772372700000,0.2756,0.2823,0.2754,0.2804,19706288.0
2026-03-01 14:00:00,1772373600000,0.2804,0.2833,0.2797,0.2823,6531121.0
2026-03-01 14:15:00,1772374500000,0.2823,0.2828,0.28,0.2802,3078415.0
2026-03-01 14:30:00,1772375400000,0.2802,0.2813,0.2782,0.2787,3316809.0
2026-03-01 14:45:00,1772376300000,0.2787,0.2796,0.2783,0.279,1028740.0
2026-03-01 15:00:00,1772377200000,0.279,0.2802,0.2786,0.2802,1677195.0
2026-03-01 15:15:00,1772378100000,0.2802,0.2816,0.2799,0.2808,4039841.0
2026-03-01 15:30:00,1772379000000,0.2808,0.282,0.2806,0.2818,2105871.0
2026-03-01 15:45:00,1772379900000,0.2818,0.2823,0.2799,0.28,2883713.0
2026-03-01 16:00:00,1772380800000,0.28,0.2819,0.2791,0.2811,4242655.0
2026-03-01 16:15:00,1772381700000,0.2811,0.2815,0.2797,0.281,2323759.0
2026-03-01 16:30:00,1772382600000,0.281,0.2815,0.2805,0.2805,969351.0
2026-03-01 16:45:00,1772383500000,0.2805,0.2807,0.275,0.2769,14711015.0
2026-03-01 17:00:00,1772384400000,0.2769,0.2773,0.2759,0.2763,5306767.0
2026-03-01 17:15:00,1772385300000,0.2763,0.2764,0.2735,0.2754,7129192.0
2026-03-01 17:30:00,1772386200000,0.2754,0.2761,0.2747,0.2757,2361539.0
2026-03-01 17:45:00,1772387100000,0.2757,0.2762,0.2747,0.2748,3483943.0
2026-03-01 18:00:00,1772388000000,0.2748,0.279,0.2746,0.2778,5993930.0
2026-03-01 18:15:00,1772388900000,0.2778,0.2786,0.2768,0.2769,1870823.0
2026-03-01 18:30:00,1772389800000,0.2769,0.2771,0.2758,0.2767,1526522.0
2026-03-01 18:45:00,1772390700000,0.2767,0.2771,0.2757,0.276,1450369.0
2026-03-01 19:00:00,1772391600000,0.276,0.276,0.2743,0.2743,2090840.0
2026-03-01 19:15:00,1772392500000,0.2743,0.275,0.2738,0.274,1436749.0
2026-03-01 19:30:00,1772393400000,0.274,0.2751,0.2726,0.273,4498245.0
2026-03-01 19:45:00,1772394300000,0.273,0.2739,0.2728,0.2735,3128940.0
2026-03-01 20:00:00,1772395200000,0.2735,0.2735,0.2701,0.2708,9946449.0
2026-03-01 20:15:00,1772396100000,0.2708,0.2716,0.2705,0.2705,4022594.0
2026-03-01 20:30:00,1772397000000,0.2705,0.271,0.269,0.2695,11169502.0
2026-03-01 20:45:00,1772397900000,0.2695,0.2703,0.2692,0.2696,2680964.0
2026-03-01 21:00:00,1772398800000,0.2696,0.2717,0.2695,0.2714,2787272.0
2026-03-01 21:15:00,1772399700000,0.2714,0.2731,0.2712,0.2726,4901710.0
2026-03-01 21:30:00,1772400600000,0.2726,0.2729,0.2721,0.2728,1418475.0
2026-03-01 21:45:00,1772401500000,0.2728,0.2731,0.2723,0.2728,763632.0
2026-03-01 22:00:00,1772402400000,0.2728,0.2768,0.2718,0.2747,11876164.0
2026-03-01 22:15:00,1772403300000,0.2747,0.2754,0.2728,0.2731,3718912.0
2026-03-01 22:30:00,1772404200000,0.2731,0.2738,0.2708,0.2723,3479723.0
2026-03-01 22:45:00,1772405100000,0.2723,0.2724,0.2712,0.2717,1570113.0
2026-03-01 23:00:00,1772406000000,0.2717,0.2756,0.2712,0.2738,3480317.0
2026-03-01 23:15:00,1772406900000,0.2738,0.2741,0.2728,0.2731,1667918.0
2026-03-01 23:30:00,1772407800000,0.2731,0.2742,0.2729,0.2737,1776664.0
2026-03-01 23:45:00,1772408700000,0.2737,0.2741,0.2731,0.2734,825731.0
2026-03-02 00:00:00,1772409600000,0.2734,0.2737,0.2722,0.2727,4028549.0
2026-03-02 00:15:00,1772410500000,0.2727,0.2739,0.272,0.2734,2246051.0
2026-03-02 00:30:00,1772411400000,0.2734,0.2761,0.2733,0.2761,4421164.0
2026-03-02 00:45:00,1772412300000,0.2761,0.2771,0.2752,0.2764,3318454.0
2026-03-02 01:00:00,1772413200000,0.2764,0.2802,0.276,0.2792,7581651.0
2026-03-02 01:15:00,1772414100000,0.2792,0.2796,0.2763,0.2766,1998672.0
2026-03-02 01:30:00,1772415000000,0.2766,0.278,0.2766,0.2772,1160209.0
2026-03-02 01:45:00,1772415900000,0.2772,0.2776,0.2764,0.2765,1318973.0
2026-03-02 02:00:00,1772416800000,0.2765,0.2777,0.2738,0.275,4871652.0
2026-03-02 02:15:00,1772417700000,0.275,0.2759,0.2744,0.2755,1687374.0
2026-03-02 02:30:00,1772418600000,0.2755,0.2772,0.2753,0.2761,1548520.0
2026-03-02 02:45:00,1772419500000,0.2761,0.2767,0.2752,0.2756,397520.0
2026-03-02 03:00:00,1772420400000,0.2756,0.2763,0.2742,0.2758,3345947.0
2026-03-02 03:15:00,1772421300000,0.2758,0.2777,0.2758,0.2774,1575150.0
2026-03-02 03:30:00,1772422200000,0.2774,0.2777,0.2764,0.2767,2848357.0
2026-03-02 03:45:00,1772423100000,0.2767,0.2779,0.2767,0.277,1543639.0
2026-03-02 04:00:00,1772424000000,0.277,0.2772,0.2765,0.2772,738114.0
2026-03-02 04:15:00,1772424900000,0.2772,0.2778,0.2764,0.2774,1176424.0
2026-03-02 04:30:00,1772425800000,0.2774,0.2779,0.2766,0.2767,1655579.0
2026-03-02 04:45:00,1772426700000,0.2767,0.2768,0.2755,0.2759,1152796.0
2026-03-02 05:00:00,1772427600000,0.2759,0.276,0.2741,0.2746,2766034.0
2026-03-02 05:15:00,1772428500000,0.2746,0.2753,0.2743,0.2749,315386.0
2026-03-02 05:30:00,1772429400000,0.2749,0.2764,0.2749,0.2762,1907090.0
2026-03-02 05:45:00,1772430300000,0.2762,0.2763,0.2746,0.2748,1034136.0
2026-03-02 06:00:00,1772431200000,0.2748,0.2749,0.2735,0.2737,1990682.0
2026-03-02 06:15:00,1772432100000,0.2737,0.2739,0.2705,0.2719,7546981.0
2026-03-02 06:30:00,1772433000000,0.2719,0.2728,0.2716,0.2725,1706389.0
2026-03-02 06:45:00,1772433900000,0.2725,0.2725,0.271,0.2718,1239703.0
2026-03-02 07:00:00,1772434800000,0.2718,0.272,0.2688,0.2697,4284219.0
2026-03-02 07:15:00,1772435700000,0.2697,0.2709,0.269,0.2705,961444.0
2026-03-02 07:30:00,1772436600000,0.2705,0.2717,0.2704,0.2712,771094.0
2026-03-02 07:45:00,1772437500000,0.2712,0.2712,0.2705,0.2706,756128.0
2026-03-02 08:00:00,1772438400000,0.2706,0.2707,0.2682,0.2704,4870573.0
2026-03-02 08:15:00,1772439300000,0.2704,0.2705,0.2686,0.2688,2973300.0
2026-03-02 08:30:00,1772440200000,0.2688,0.2705,0.2688,0.2704,1854998.0
2026-03-02 08:45:00,1772441100000,0.2704,0.2724,0.27,0.272,4151452.0
2026-03-02 09:00:00,1772442000000,0.272,0.2737,0.2717,0.2732,3452252.0
2026-03-02 09:15:00,1772442900000,0.2732,0.2744,0.2726,0.2727,2230959.0
2026-03-02 09:30:00,1772443800000,0.2727,0.2735,0.2723,0.2726,1284129.0
2026-03-02 09:45:00,1772444700000,0.2726,0.2728,0.2716,0.2717,1048012.0
2026-03-02 10:00:00,1772445600000,0.2717,0.2721,0.2707,0.2713,2215992.0
2026-03-02 10:15:00,1772446500000,0.2713,0.2719,0.2711,0.2718,1744571.0
2026-03-02 10:30:00,1772447400000,0.2718,0.2723,0.2712,0.2717,1484295.0
2026-03-02 10:45:00,1772448300000,0.2717,0.2718,0.2709,0.2716,791061.0
2026-03-02 11:00:00,1772449200000,0.2716,0.2716,0.2703,0.2707,2074456.0
2026-03-02 11:15:00,1772450100000,0.2707,0.2718,0.2705,0.2712,1261692.0
2026-03-02 11:30:00,1772451000000,0.2712,0.272,0.271,0.2718,921318.0
2026-03-02 11:45:00,1772451900000,0.2718,0.2727,0.2716,0.2719,1971067.0
2026-03-02 12:00:00,1772452800000,0.2719,0.2721,0.2715,0.272,1231064.0
2026-03-02 12:15:00,1772453700000,0.272,0.272,0.2708,0.2711,604431.0
2026-03-02 12:30:00,1772454600000,0.2711,0.2714,0.2705,0.2709,1552655.0
2026-03-02 12:45:00,1772455500000,0.2709,0.2712,0.2705,0.2707,665214.0
2026-03-02 13:00:00,1772456400000,0.2707,0.2709,0.2698,0.2704,1869268.0
2026-03-02 13:15:00,1772457300000,0.2704,0.2721,0.2702,0.2707,2295437.0
2026-03-02 13:30:00,1772458200000,0.2707,0.2717,0.2701,0.2706,2193654.0
2026-03-02 13:45:00,1772459100000,0.2706,0.2708,0.2696,0.27,1043880.0
2026-03-02 14:00:00,1772460000000,0.27,0.2714,0.2697,0.2709,1494383.0
2026-03-02 14:15:00,1772460900000,0.2709,0.2717,0.2695,0.2704,2294651.0
2026-03-02 14:30:00,1772461800000,0.2704,0.2755,0.2702,0.2752,11898269.0
2026-03-02 14:45:00,1772462700000,0.2752,0.2782,0.2742,0.277,9500724.0
2026-03-02 15:00:00,1772463600000,0.277,0.2841,0.2764,0.2839,16338217.0
2026-03-02 15:15:00,1772464500000,0.2839,0.2859,0.2825,0.2841,13294761.0
2026-03-02 15:30:00,1772465400000,0.2841,0.2863,0.2823,0.2861,10007608.0
2026-03-02 15:45:00,1772466300000,0.2861,0.2866,0.2825,0.2841,7090106.0
2026-03-02 16:00:00,1772467200000,0.2841,0.2884,0.2838,0.288,8422004.0
2026-03-02 16:15:00,1772468100000,0.288,0.2885,0.2853,0.2856,7789215.0
2026-03-02 16:30:00,1772469000000,0.2856,0.2877,0.2827,0.2874,12059052.0
2026-03-02 16:45:00,1772469900000,0.2874,0.2884,0.2844,0.2844,6154182.0
2026-03-02 17:00:00,1772470800000,0.2844,0.2848,0.2826,0.2829,3024641.0
2026-03-02 17:15:00,1772471700000,0.2829,0.2835,0.2811,0.2822,5201890.0
2026-03-02 17:30:00,1772472600000,0.2822,0.2823,0.2781,0.2784,6427781.0
2026-03-02 17:45:00,1772473500000,0.2784,0.282,0.2779,0.2817,4994176.0
2026-03-02 18:00:00,1772474400000,0.2817,0.282,0.2792,0.282,2832356.0
2026-03-02 18:15:00,1772475300000,0.282,0.282,0.2808,0.2811,1498490.0
2026-03-02 18:30:00,1772476200000,0.2811,0.2823,0.2801,0.2814,2624238.0
2026-03-02 18:45:00,1772477100000,0.2814,0.2824,0.2798,0.2804,4080145.0
2026-03-02 19:00:00,1772478000000,0.2804,0.2805,0.2784,0.279,5513991.0
2026-03-02 19:15:00,1772478900000,0.279,0.2808,0.279,0.2798,2734233.0
2026-03-02 19:30:00,1772479800000,0.2798,0.281,0.2793,0.2793,1939613.0
2026-03-02 19:45:00,1772480700000,0.2793,0.2806,0.2792,0.2804,1987415.0
2026-03-02 20:00:00,1772481600000,0.2804,0.2823,0.2783,0.2793,5831369.0
2026-03-02 20:15:00,1772482500000,0.2793,0.2803,0.279,0.2798,1170640.0
2026-03-02 20:30:00,1772483400000,0.2798,0.2801,0.2793,0.28,2175393.0
2026-03-02 20:45:00,1772484300000,0.28,0.2809,0.2791,0.2791,2635015.0
2026-03-02 21:00:00,1772485200000,0.2791,0.2794,0.2776,0.2789,5151175.0
2026-03-02 21:15:00,1772486100000,0.2789,0.279,0.2777,0.2789,2774628.0
2026-03-02 21:30:00,1772487000000,0.2789,0.2794,0.2785,0.2794,899952.0
2026-03-02 21:45:00,1772487900000,0.2794,0.2797,0.279,0.2792,1063012.0
2026-03-02 22:00:00,1772488800000,0.2792,0.2807,0.2792,0.2796,2080369.0
2026-03-02 22:15:00,1772489700000,0.2796,0.2809,0.279,0.2806,2033524.0
2026-03-02 22:30:00,1772490600000,0.2806,0.2813,0.2805,0.2809,1408271.0
2026-03-02 22:45:00,1772491500000,0.2809,0.2811,0.2798,0.2803,701044.0
2026-03-02 23:00:00,1772492400000,0.2803,0.2805,0.2787,0.2788,1464694.0
2026-03-02 23:15:00,1772493300000,0.2788,0.2792,0.2767,0.277,7351047.0
2026-03-02 23:30:00,1772494200000,0.277,0.2771,0.2755,0.2761,4831258.0
