Open_time,Open_time,Open,High,Low,Close,Volume
2026-01-14 00:00:00,1768348800000,0.6072,0.6122,0.6056,0.6068,378271.8
2026-01-14 00:15:00,1768349700000,0.6068,0.6099,0.6045,0.6081,413059.6
2026-01-14 00:30:00,1768350600000,0.6081,0.6102,0.6051,0.6087,193879.2
2026-01-14 00:45:00,1768351500000,0.6087,0.6121,0.6075,0.6109,170808.7
2026-01-14 01:00:00,1768352400000,0.6109,0.6129,0.6096,0.6106,271214.9
2026-01-14 01:15:00,1768353300000,0.6106,0.6114,0.608,0.609,84180.1
2026-01-14 01:30:00,1768354200000,0.609,0.6107,0.6068,0.608,165805.9
2026-01-14 01:45:00,1768355100000,0.608,0.6091,0.6069,0.6083,96266.5
2026-01-14 02:00:00,1768356000000,0.6083,0.6093,0.6052,0.6081,154491.0
2026-01-14 02:15:00,1768356900000,0.6081,0.6097,0.6046,0.6055,128731.4
2026-01-14 02:30:00,1768357800000,0.6055,0.607,0.6042,0.607,118965.7
2026-01-14 02:45:00,1768358700000,0.607,0.6082,0.6042,0.6055,196071.0
2026-01-14 03:00:00,1768359600000,0.6055,0.6062,0.6032,0.6036,142642.8
2026-01-14 03:15:00,1768360500000,0.6036,0.6047,0.6023,0.6035,124746.3
2026-01-14 03:30:00,1768361400000,0.6035,0.6059,0.6028,0.6044,92459.9
2026-01-14 03:45:00,1768362300000,0.6044,0.6062,0.604,0.6055,101019.8
2026-01-14 04:00:00,1768363200000,0.6055,0.6061,0.6012,0.6029,328964.1
2026-01-14 04:15:00,1768364100000,0.6029,0.6057,0.6022,0.6055,128707.8
2026-01-14 04:30:00,1768365000000,0.6055,0.6055,0.6027,0.6027,156111.0
2026-01-14 04:45:00,1768365900000,0.6027,0.6049,0.6026,0.6043,64123.4
2026-01-14 05:00:00,1768366800000,0.6043,0.6043,0.6016,0.6032,102402.7
2026-01-14 05:15:00,1768367700000,0.6032,0.6049,0.6012,0.6025,162051.3
2026-01-14 05:30:00,1768368600000,0.6025,0.6047,0.6013,0.6041,103684.2
2026-01-14 05:45:00,1768369500000,0.6041,0.6075,0.6041,0.6063,156049.5
2026-01-14 06:00:00,1768370400000,0.6063,0.6074,0.6036,0.6074,179914.5
2026-01-14 06:15:00,1768371300000,0.6074,0.6075,0.6039,0.604,64321.8
2026-01-14 06:30:00,1768372200000,0.604,0.606,0.6014,0.6059,129973.4
2026-01-14 06:45:00,1768373100000,0.6059,0.6094,0.6052,0.6094,135217.0
2026-01-14 07:00:00,1768374000000,0.6094,0.6108,0.6084,0.6084,184208.4
2026-01-14 07:15:00,1768374900000,0.6084,0.6084,0.6046,0.6051,146150.6
2026-01-14 07:30:00,1768375800000,0.6051,0.606,0.6045,0.6055,133823.7
2026-01-14 07:45:00,1768376700000,0.6055,0.6071,0.6051,0.6059,70165.4
2026-01-14 08:00:00,1768377600000,0.6059,0.6094,0.6056,0.6092,135011.1
2026-01-14 08:15:00,1768378500000,0.6092,0.6115,0.6088,0.6114,126746.5
2026-01-14 08:30:00,1768379400000,0.6114,0.6128,0.6097,0.6098,131690.7
2026-01-14 08:45:00,1768380300000,0.6098,0.6112,0.6092,0.6097,70652.9
2026-01-14 09:00:00,1768381200000,0.6097,0.6117,0.6093,0.6109,109096.8
2026-01-14 09:15:00,1768382100000,0.6109,0.6121,0.6096,0.6109,83760.0
2026-01-14 09:30:00,1768383000000,0.6109,0.6127,0.6099,0.6102,92963.5
2026-01-14 09:45:00,1768383900000,0.6102,0.6141,0.6102,0.614,105531.4
2026-01-14 10:00:00,1768384800000,0.614,0.6146,0.612,0.6146,78624.6
2026-01-14 10:15:00,1768385700000,0.6146,0.6146,0.6071,0.6097,369577.1
2026-01-14 10:30:00,1768386600000,0.6097,0.6114,0.6077,0.6091,100438.7
2026-01-14 10:45:00,1768387500000,0.6091,0.6109,0.6088,0.6098,76237.7
2026-01-14 11:00:00,1768388400000,0.6098,0.6103,0.6084,0.609,91006.9
2026-01-14 11:15:00,1768389300000,0.609,0.609,0.602,0.6072,434683.5
2026-01-14 11:30:00,1768390200000,0.6072,0.6101,0.6061,0.6071,198314.6
2026-01-14 11:45:00,1768391100000,0.6071,0.6077,0.6052,0.6066,112016.1
2026-01-14 12:00:00,1768392000000,0.6066,0.6106,0.6061,0.6106,171648.4
2026-01-14 12:15:00,1768392900000,0.6106,0.6107,0.6081,0.6081,64994.9
2026-01-14 12:30:00,1768393800000,0.6081,0.6092,0.6056,0.6065,182146.7
2026-01-14 12:45:00,1768394700000,0.6065,0.6079,0.6061,0.6066,102066.5
2026-01-14 13:00:00,1768395600000,0.6066,0.6066,0.6046,0.6055,128969.0
2026-01-14 13:15:00,1768396500000,0.6055,0.6084,0.6055,0.6073,128307.3
2026-01-14 13:30:00,1768397400000,0.6073,0.6075,0.6023,0.6025,134645.4
2026-01-14 13:45:00,1768398300000,0.6025,0.6025,0.5968,0.5969,515625.3
2026-01-14 14:00:00,1768399200000,0.5969,0.6027,0.5946,0.6018,324735.0
2026-01-14 14:15:00,1768400100000,0.6018,0.6057,0.6011,0.6034,341832.9
2026-01-14 14:30:00,1768401000000,0.6034,0.6061,0.6005,0.6024,345251.9
2026-01-14 14:45:00,1768401900000,0.6024,0.6087,0.6021,0.6032,449264.1
2026-01-14 15:00:00,1768402800000,0.6032,0.6079,0.599,0.6075,647307.0
2026-01-14 15:15:00,1768403700000,0.6075,0.6105,0.6061,0.6083,261427.9
2026-01-14 15:30:00,1768404600000,0.6083,0.6115,0.6051,0.6073,766413.0
2026-01-14 15:45:00,1768405500000,0.6073,0.6101,0.6059,0.6086,242515.7
2026-01-14 16:00:00,1768406400000,0.6086,0.6135,0.6076,0.6117,359472.7
2026-01-14 16:15:00,1768407300000,0.6117,0.6124,0.6061,0.608,191136.7
2026-01-14 16:30:00,1768408200000,0.608,0.6111,0.6045,0.6082,262743.5
2026-01-14 16:45:00,1768409100000,0.6082,0.6091,0.6033,0.6044,242598.1
2026-01-14 17:00:00,1768410000000,0.6044,0.6057,0.6027,0.6031,166993.1
2026-01-14 17:15:00,1768410900000,0.6031,0.6031,0.599,0.5996,374133.4
2026-01-14 17:30:00,1768411800000,0.5996,0.5997,0.593,0.5972,508210.0
2026-01-14 17:45:00,1768412700000,0.5972,0.598,0.5904,0.593,422904.9
2026-01-14 18:00:00,1768413600000,0.593,0.5958,0.592,0.5935,205293.0
2026-01-14 18:15:00,1768414500000,0.5935,0.5936,0.5888,0.5927,247080.5
2026-01-14 18:30:00,1768415400000,0.5927,0.5939,0.5825,0.583,590706.5
2026-01-14 18:45:00,1768416300000,0.583,0.589,0.5814,0.5872,334361.5
2026-01-14 19:00:00,1768417200000,0.5872,0.5908,0.5852,0.5899,256871.9
2026-01-14 19:15:00,1768418100000,0.5899,0.5982,0.5895,0.5978,421471.7
2026-01-14 19:30:00,1768419000000,0.5978,0.5993,0.5935,0.5968,189875.4
2026-01-14 19:45:00,1768419900000,0.5968,0.5979,0.5934,0.5948,78023.8
2026-01-14 20:00:00,1768420800000,0.5948,0.6003,0.5932,0.5975,176586.9
2026-01-14 20:15:00,1768421700000,0.5975,0.5978,0.5933,0.5938,108698.9
2026-01-14 20:30:00,1768422600000,0.5938,0.5962,0.5937,0.5948,100228.1
2026-01-14 20:45:00,1768423500000,0.5948,0.5953,0.5925,0.5953,76972.5
2026-01-14 21:00:00,1768424400000,0.5953,0.5968,0.5941,0.5948,81787.3
2026-01-14 21:15:00,1768425300000,0.5948,0.5966,0.5927,0.5953,53851.6
2026-01-14 21:30:00,1768426200000,0.5953,0.5953,0.5916,0.5926,42887.4
2026-01-14 21:45:00,1768427100000,0.5926,0.5936,0.5901,0.592,145725.3
2026-01-14 22:00:00,1768428000000,0.592,0.5937,0.5914,0.593,120909.8
2026-01-14 22:15:00,1768428900000,0.593,0.5941,0.5912,0.5912,33924.7
2026-01-14 22:30:00,1768429800000,0.5912,0.5917,0.586,0.5877,173037.6
2026-01-14 22:45:00,1768430700000,0.5877,0.5896,0.5867,0.5885,58347.8
2026-01-14 23:00:00,1768431600000,0.5885,0.5922,0.5883,0.5922,94671.2
2026-01-14 23:15:00,1768432500000,0.5922,0.5943,0.5894,0.5896,131569.7
2026-01-14 23:30:00,1768433400000,0.5896,0.5903,0.5884,0.5903,97124.3
2026-01-14 23:45:00,1768434300000,0.5903,0.5915,0.5901,0.5906,75576.4
2026-01-15 00:00:00,1768435200000,0.5906,0.5908,0.5884,0.5907,74971.2
2026-01-15 00:15:00,1768436100000,0.5907,0.5907,0.5873,0.5881,43794.5
2026-01-15 00:30:00,1768437000000,0.5881,0.5901,0.5866,0.5892,103036.6
2026-01-15 00:45:00,1768437900000,0.5892,0.5892,0.5858,0.5888,114724.4
2026-01-15 01:00:00,1768438800000,0.5888,0.5922,0.5888,0.5902,78815.4
2026-01-15 01:15:00,1768439700000,0.5902,0.5919,0.5876,0.5901,101504.1
2026-01-15 01:30:00,1768440600000,0.5901,0.5911,0.587,0.5896,111814.1
2026-01-15 01:45:00,1768441500000,0.5896,0.5902,0.5867,0.5881,81295.6
2026-01-15 02:00:00,1768442400000,0.5881,0.5886,0.5833,0.5841,309994.4
2026-01-15 02:15:00,1768443300000,0.5841,0.5879,0.5841,0.5864,117902.2
2026-01-15 02:30:00,1768444200000,0.5864,0.5879,0.5814,0.5852,278376.0
2026-01-15 02:45:00,1768445100000,0.5852,0.5852,0.5813,0.5831,62584.8
2026-01-15 03:00:00,1768446000000,0.5831,0.5843,0.5822,0.5838,71379.3
2026-01-15 03:15:00,1768446900000,0.5838,0.5852,0.5768,0.577,265874.3
2026-01-15 03:30:00,1768447800000,0.577,0.5801,0.5738,0.5753,533712.9
2026-01-15 03:45:00,1768448700000,0.5753,0.5775,0.5747,0.5754,122460.8
2026-01-15 04:00:00,1768449600000,0.5754,0.5787,0.5744,0.5784,69390.2
2026-01-15 04:15:00,1768450500000,0.5784,0.5815,0.5776,0.5806,105335.8
2026-01-15 04:30:00,1768451400000,0.5806,0.5825,0.5801,0.5807,172505.6
2026-01-15 04:45:00,1768452300000,0.5807,0.5818,0.5793,0.5802,156924.9
2026-01-15 05:00:00,1768453200000,0.5802,0.5823,0.5796,0.581,202471.3
2026-01-15 05:15:00,1768454100000,0.581,0.582,0.5803,0.5812,153176.0
2026-01-15 05:30:00,1768455000000,0.5812,0.5826,0.58,0.5826,81597.6
2026-01-15 05:45:00,1768455900000,0.5826,0.5833,0.5806,0.581,61650.8
2026-01-15 06:00:00,1768456800000,0.581,0.5817,0.5785,0.5799,113724.5
2026-01-15 06:15:00,1768457700000,0.5799,0.582,0.5797,0.5815,82892.8
2026-01-15 06:30:00,1768458600000,0.5815,0.5819,0.5792,0.5792,103890.9
2026-01-15 06:45:00,1768459500000,0.5792,0.5807,0.5783,0.5792,58500.9
2026-01-15 07:00:00,1768460400000,0.5792,0.5818,0.579,0.5813,37304.2
2026-01-15 07:15:00,1768461300000,0.5813,0.5852,0.5812,0.5847,93035.0
2026-01-15 07:30:00,1768462200000,0.5847,0.5881,0.5845,0.5868,109857.9
2026-01-15 07:45:00,1768463100000,0.5868,0.59,0.5863,0.587,85329.3
2026-01-15 08:00:00,1768464000000,0.587,0.5871,0.5841,0.5846,152675.3
2026-01-15 08:15:00,1768464900000,0.5846,0.5857,0.5813,0.5813,90966.6
2026-01-15 08:30:00,1768465800000,0.5813,0.583,0.5808,0.5826,73340.0
2026-01-15 08:45:00,1768466700000,0.5826,0.5839,0.5825,0.583,81794.4
2026-01-15 09:00:00,1768467600000,0.583,0.583,0.5799,0.5799,178382.1
2026-01-15 09:15:00,1768468500000,0.5799,0.5826,0.5793,0.5821,61641.7
2026-01-15 09:30:00,1768469400000,0.5821,0.5868,0.5803,0.5867,276449.1
2026-01-15 09:45:00,1768470300000,0.5867,0.5874,0.5849,0.5853,148115.5
2026-01-15 10:00:00,1768471200000,0.5853,0.5863,0.5835,0.5837,101419.8
2026-01-15 10:15:00,1768472100000,0.5837,0.5861,0.5816,0.5822,215168.0
2026-01-15 10:30:00,1768473000000,0.5822,0.5829,0.5808,0.5819,45974.7
2026-01-15 10:45:00,1768473900000,0.5819,0.5831,0.5815,0.5825,68802.1
2026-01-15 11:00:00,1768474800000,0.5825,0.583,0.5812,0.5816,67617.1
2026-01-15 11:15:00,1768475700000,0.5816,0.5823,0.5801,0.5807,35752.2
2026-01-15 11:30:00,1768476600000,0.5807,0.5813,0.5787,0.5795,111446.0
2026-01-15 11:45:00,1768477500000,0.5795,0.5799,0.5758,0.5777,197111.1
2026-01-15 12:00:00,1768478400000,0.5777,0.5804,0.5769,0.5798,109375.4
2026-01-15 12:15:00,1768479300000,0.5798,0.5802,0.5774,0.5783,74272.1
2026-01-15 12:30:00,1768480200000,0.5783,0.5808,0.5778,0.58,92320.5
2026-01-15 12:45:00,1768481100000,0.58,0.5811,0.5785,0.581,166473.0
2026-01-15 13:00:00,1768482000000,0.581,0.5816,0.579,0.5804,65575.4
2026-01-15 13:15:00,1768482900000,0.5804,0.5851,0.5804,0.5845,121344.8
2026-01-15 13:30:00,1768483800000,0.5845,0.5849,0.5811,0.5824,120284.5
2026-01-15 13:45:00,1768484700000,0.5824,0.5847,0.5822,0.5826,82121.7
2026-01-15 14:00:00,1768485600000,0.5826,0.5834,0.5811,0.5819,61812.2
2026-01-15 14:15:00,1768486500000,0.5819,0.5819,0.5781,0.5788,142801.9
2026-01-15 14:30:00,1768487400000,0.5788,0.5804,0.5736,0.5739,482673.3
2026-01-15 14:45:00,1768488300000,0.5739,0.5786,0.5708,0.5755,411639.3
2026-01-15 15:00:00,1768489200000,0.5755,0.5781,0.5738,0.5762,128591.9
2026-01-15 15:15:00,1768490100000,0.5762,0.5777,0.5698,0.5704,210035.5
2026-01-15 15:30:00,1768491000000,0.5704,0.5716,0.5648,0.5661,311664.4
2026-01-15 15:45:00,1768491900000,0.5661,0.567,0.5568,0.5659,1355114.9
2026-01-15 16:00:00,1768492800000,0.5659,0.566,0.5602,0.5639,310795.2
2026-01-15 16:15:00,1768493700000,0.5639,0.5658,0.5624,0.5629,116645.4
2026-01-15 16:30:00,1768494600000,0.5629,0.5692,0.5623,0.5672,97703.3
2026-01-15 16:45:00,1768495500000,0.5672,0.5702,0.5668,0.5676,131989.8
2026-01-15 17:00:00,1768496400000,0.5676,0.5688,0.564,0.5641,114595.4
2026-01-15 17:15:00,1768497300000,0.5641,0.566,0.5626,0.566,65780.2
2026-01-15 17:30:00,1768498200000,0.566,0.5697,0.5655,0.5682,139736.0
2026-01-15 17:45:00,1768499100000,0.5682,0.5687,0.5595,0.5613,260838.2
2026-01-15 18:00:00,1768500000000,0.5613,0.5618,0.5546,0.5565,273861.1
2026-01-15 18:15:00,1768500900000,0.5565,0.5569,0.5532,0.5565,156230.5
2026-01-15 18:30:00,1768501800000,0.5565,0.5572,0.5512,0.5552,179805.8
2026-01-15 18:45:00,1768502700000,0.5552,0.5553,0.552,0.5527,122914.5
2026-01-15 19:00:00,1768503600000,0.5527,0.5528,0.5479,0.5506,402783.0
2026-01-15 19:15:00,1768504500000,0.5506,0.5533,0.5488,0.5494,169889.1
2026-01-15 19:30:00,1768505400000,0.5494,0.5534,0.5488,0.551,285846.1
2026-01-15 19:45:00,1768506300000,0.551,0.5552,0.5509,0.5549,148737.0
2026-01-15 20:00:00,1768507200000,0.5549,0.5573,0.5545,0.5565,133425.1
2026-01-15 20:15:00,1768508100000,0.5565,0.5568,0.5519,0.5523,100500.8
2026-01-15 20:30:00,1768509000000,0.5523,0.5539,0.5508,0.5509,95220.5
2026-01-15 20:45:00,1768509900000,0.5509,0.5511,0.5486,0.5501,106506.9
2026-01-15 21:00:00,1768510800000,0.5501,0.5529,0.5493,0.5524,58645.2
2026-01-15 21:15:00,1768511700000,0.5524,0.554,0.552,0.5531,64572.0
2026-01-15 21:30:00,1768512600000,0.5531,0.5547,0.5524,0.5547,72241.7
2026-01-15 21:45:00,1768513500000,0.5547,0.5588,0.5547,0.5588,176637.0
2026-01-15 22:00:00,1768514400000,0.5588,0.5604,0.5576,0.5587,192156.8
2026-01-15 22:15:00,1768515300000,0.5587,0.5607,0.5579,0.5603,70310.0
2026-01-15 22:30:00,1768516200000,0.5603,0.5611,0.5588,0.5588,135961.3
2026-01-15 22:45:00,1768517100000,0.5588,0.5588,0.5574,0.5579,71809.1
2026-01-15 23:00:00,1768518000000,0.5579,0.5581,0.5559,0.5581,59488.3
2026-01-15 23:15:00,1768518900000,0.5581,0.5594,0.5574,0.5574,43085.8
2026-01-15 23:30:00,1768519800000,0.5574,0.5588,0.5574,0.5588,39548.7
2026-01-15 23:45:00,1768520700000,0.5588,0.5606,0.5587,0.56,70824.9
2026-01-16 00:00:00,1768521600000,0.56,0.5607,0.5588,0.5594,129931.7
2026-01-16 00:15:00,1768522500000,0.5594,0.5609,0.5594,0.5605,109471.8
2026-01-16 00:30:00,1768523400000,0.5605,0.5609,0.5599,0.5603,76249.5
2026-01-16 00:45:00,1768524300000,0.5603,0.5604,0.5583,0.5583,112091.0
2026-01-16 01:00:00,1768525200000,0.5583,0.5595,0.5578,0.5583,60752.7
2026-01-16 01:15:00,1768526100000,0.5583,0.5596,0.5576,0.5586,42996.7
2026-01-16 01:30:00,1768527000000,0.5586,0.5613,0.5586,0.5596,55394.8
2026-01-16 01:45:00,1768527900000,0.5596,0.5604,0.5591,0.5594,38801.3
2026-01-16 02:00:00,1768528800000,0.5594,0.5594,0.5544,0.5556,206447.6
2026-01-16 02:15:00,1768529700000,0.5556,0.5607,0.5536,0.5606,183793.0
2026-01-16 02:30:00,1768530600000,0.5606,0.5616,0.5581,0.5605,84982.8
2026-01-16 02:45:00,1768531500000,0.5605,0.5624,0.5602,0.5615,105783.1
2026-01-16 03:00:00,1768532400000,0.5615,0.5623,0.5609,0.5609,58506.8
2026-01-16 03:15:00,1768533300000,0.5609,0.5609,0.5589,0.5592,81767.8
2026-01-16 03:30:00,1768534200000,0.5592,0.5592,0.5568,0.5573,366509.9
2026-01-16 03:45:00,1768535100000,0.5573,0.5579,0.5566,0.5574,81345.1
2026-01-16 04:00:00,1768536000000,0.5574,0.5577,0.5568,0.5573,92249.9
2026-01-16 04:15:00,1768536900000,0.5573,0.5585,0.5557,0.5558,97416.1
2026-01-16 04:30:00,1768537800000,0.5558,0.5572,0.5531,0.554,243995.4
2026-01-16 04:45:00,1768538700000,0.554,0.554,0.5499,0.5518,242711.7
2026-01-16 05:00:00,1768539600000,0.5518,0.5539,0.5507,0.5528,98005.0
2026-01-16 05:15:00,1768540500000,0.5528,0.5536,0.5522,0.5527,125542.9
2026-01-16 05:30:00,1768541400000,0.5527,0.5565,0.5526,0.5555,217412.5
2026-01-16 05:45:00,1768542300000,0.5555,0.5579,0.5552,0.5553,112859.8
2026-01-16 06:00:00,1768543200000,0.5553,0.5559,0.5538,0.5543,56729.3
2026-01-16 06:15:00,1768544100000,0.5543,0.5565,0.5542,0.5555,68856.4
2026-01-16 06:30:00,1768545000000,0.5555,0.5574,0.5552,0.5572,80378.8
2026-01-16 06:45:00,1768545900000,0.5572,0.5593,0.5572,0.5591,80866.4
2026-01-16 07:00:00,1768546800000,0.5591,0.5603,0.5576,0.5603,62148.8
2026-01-16 07:15:00,1768547700000,0.5603,0.5607,0.5576,0.5576,63250.2
2026-01-16 07:30:00,1768548600000,0.5576,0.5579,0.5556,0.5559,48312.7
2026-01-16 07:45:00,1768549500000,0.5559,0.5573,0.5558,0.5566,41220.0
2026-01-16 08:00:00,1768550400000,0.5566,0.5594,0.5564,0.5588,101474.6
2026-01-16 08:15:00,1768551300000,0.5588,0.5606,0.5584,0.5604,269264.5
2026-01-16 08:30:00,1768552200000,0.5604,0.5618,0.5595,0.5618,262223.3
2026-01-16 08:45:00,1768553100000,0.5618,0.5624,0.5607,0.5609,87469.2
2026-01-16 09:00:00,1768554000000,0.5609,0.5613,0.5602,0.5607,123677.1
2026-01-16 09:15:00,1768554900000,0.5607,0.5607,0.5586,0.5597,250435.0
2026-01-16 09:30:00,1768555800000,0.5597,0.5607,0.5586,0.5604,65083.2
2026-01-16 09:45:00,1768556700000,0.5604,0.5605,0.5589,0.5595,57353.0
2026-01-16 10:00:00,1768557600000,0.5595,0.5596,0.5577,0.5586,96249.4
2026-01-16 10:15:00,1768558500000,0.5586,0.5588,0.5572,0.5582,76289.9
2026-01-16 10:30:00,1768559400000,0.5582,0.559,0.5577,0.5585,51472.2
2026-01-16 10:45:00,1768560300000,0.5585,0.5585,0.5575,0.5581,64895.2
2026-01-16 11:00:00,1768561200000,0.5581,0.5593,0.5569,0.557,38697.1
2026-01-16 11:15:00,1768562100000,0.557,0.5596,0.5559,0.5596,57686.6
2026-01-16 11:30:00,1768563000000,0.5596,0.5603,0.558,0.558,40295.6
2026-01-16 11:45:00,1768563900000,0.558,0.5595,0.5577,0.5595,27541.5
2026-01-16 12:00:00,1768564800000,0.5595,0.5598,0.558,0.5583,32741.7
2026-01-16 12:15:00,1768565700000,0.5583,0.5588,0.5578,0.5585,44558.4
2026-01-16 12:30:00,1768566600000,0.5585,0.5585,0.5563,0.5568,31321.0
2026-01-16 12:45:00,1768567500000,0.5568,0.5579,0.5563,0.5577,38502.0
2026-01-16 13:00:00,1768568400000,0.5577,0.5581,0.5558,0.5565,37628.2
2026-01-16 13:15:00,1768569300000,0.5565,0.5569,0.5548,0.5558,38313.1
2026-01-16 13:30:00,1768570200000,0.5558,0.557,0.5543,0.5566,131649.7
2026-01-16 13:45:00,1768571100000,0.5566,0.5573,0.5554,0.5559,26531.5
2026-01-16 14:00:00,1768572000000,0.5559,0.5572,0.5553,0.5555,36750.1
2026-01-16 14:15:00,1768572900000,0.5555,0.5585,0.5549,0.5585,44204.4
2026-01-16 14:30:00,1768573800000,0.5585,0.5601,0.5567,0.559,136986.0
2026-01-16 14:45:00,1768574700000,0.559,0.5608,0.5574,0.5579,115571.8
2026-01-16 15:00:00,1768575600000,0.5579,0.561,0.5564,0.5586,197323.3
2026-01-16 15:15:00,1768576500000,0.5586,0.5587,0.5486,0.5488,393674.0
2026-01-16 15:30:00,1768577400000,0.5488,0.549,0.5426,0.5451,730153.4
2026-01-16 15:45:00,1768578300000,0.5451,0.5451,0.5389,0.543,427286.9
2026-01-16 16:00:00,1768579200000,0.543,0.5452,0.5413,0.5445,333767.5
2026-01-16 16:15:00,1768580100000,0.5445,0.5481,0.5422,0.5472,330130.0
2026-01-16 16:30:00,1768581000000,0.5472,0.5492,0.5461,0.5485,185360.5
2026-01-16 16:45:00,1768581900000,0.5485,0.5499,0.5457,0.5462,129619.4
2026-01-16 17:00:00,1768582800000,0.5462,0.5468,0.543,0.5444,84416.3
2026-01-16 17:15:00,1768583700000,0.5444,0.5454,0.5416,0.5449,152848.4
2026-01-16 17:30:00,1768584600000,0.5449,0.5499,0.5446,0.5495,112585.9
2026-01-16 17:45:00,1768585500000,0.5495,0.5515,0.5482,0.5511,114572.1
2026-01-16 18:00:00,1768586400000,0.5511,0.5534,0.5509,0.5524,113665.2
2026-01-16 18:15:00,1768587300000,0.5524,0.5551,0.5519,0.5536,96495.7
2026-01-16 18:30:00,1768588200000,0.5536,0.5545,0.552,0.553,44908.5
2026-01-16 18:45:00,1768589100000,0.553,0.5547,0.5508,0.5518,92666.6
2026-01-16 19:00:00,1768590000000,0.5518,0.5518,0.5488,0.5488,90644.8
2026-01-16 19:15:00,1768590900000,0.5488,0.5506,0.5478,0.5496,49790.8
2026-01-16 19:30:00,1768591800000,0.5496,0.5558,0.5496,0.554,126528.4
2026-01-16 19:45:00,1768592700000,0.554,0.5557,0.5538,0.5551,86295.6
2026-01-16 20:00:00,1768593600000,0.5551,0.5552,0.5517,0.5545,89567.2
2026-01-16 20:15:00,1768594500000,0.5545,0.5605,0.5539,0.5603,170664.5
2026-01-16 20:30:00,1768595400000,0.5603,0.5674,0.5596,0.5668,368518.2
2026-01-16 20:45:00,1768596300000,0.5668,0.5694,0.5662,0.5691,161847.8
2026-01-16 21:00:00,1768597200000,0.5691,0.5716,0.5677,0.5695,298625.5
2026-01-16 21:15:00,1768598100000,0.5695,0.5729,0.5685,0.5726,229729.2
2026-01-16 21:30:00,1768599000000,0.5726,0.5747,0.5722,0.5724,107880.7
2026-01-16 21:45:00,1768599900000,0.5724,0.5742,0.5706,0.5712,110986.7
2026-01-16 22:00:00,1768600800000,0.5712,0.573,0.5689,0.5719,243308.4
2026-01-16 22:15:00,1768601700000,0.5719,0.575,0.5718,0.573,65289.4
2026-01-16 22:30:00,1768602600000,0.573,0.5752,0.5721,0.5742,72704.0
2026-01-16 22:45:00,1768603500000,0.5742,0.5744,0.5729,0.5744,76498.3
2026-01-16 23:00:00,1768604400000,0.5744,0.575,0.5707,0.5715,87261.2
2026-01-16 23:15:00,1768605300000,0.5715,0.5737,0.5704,0.5722,160598.5
2026-01-16 23:30:00,1768606200000,0.5722,0.5737,0.5716,0.5721,45117.3
2026-01-16 23:45:00,1768607100000,0.5721,0.5733,0.5717,0.5719,27694.2
2026-01-17 00:00:00,1768608000000,0.5719,0.5737,0.5713,0.5733,152154.6
2026-01-17 00:15:00,1768608900000,0.5733,0.576,0.5729,0.5747,91283.6
2026-01-17 00:30:00,1768609800000,0.5747,0.5792,0.5728,0.5782,120241.2
2026-01-17 00:45:00,1768610700000,0.5782,0.5825,0.5769,0.5817,308623.1
2026-01-17 01:00:00,1768611600000,0.5817,0.5839,0.5807,0.5832,220970.5
2026-01-17 01:15:00,1768612500000,0.5832,0.5854,0.582,0.5845,207772.3
2026-01-17 01:30:00,1768613400000,0.5845,0.589,0.5835,0.5885,175451.7
2026-01-17 01:45:00,1768614300000,0.5885,0.5925,0.5882,0.5909,224580.3
2026-01-17 02:00:00,1768615200000,0.5909,0.5915,0.5825,0.5832,363628.7
2026-01-17 02:15:00,1768616100000,0.5832,0.584,0.5799,0.5799,110413.8
2026-01-17 02:30:00,1768617000000,0.5799,0.5806,0.5783,0.579,160209.6
2026-01-17 02:45:00,1768617900000,0.579,0.5797,0.5781,0.5792,66607.9
2026-01-17 03:00:00,1768618800000,0.5792,0.5803,0.5784,0.5798,84282.0
2026-01-17 03:15:00,1768619700000,0.5798,0.5834,0.5796,0.5805,68978.9
2026-01-17 03:30:00,1768620600000,0.5805,0.5813,0.5785,0.5802,81790.1
2026-01-17 03:45:00,1768621500000,0.5802,0.5811,0.5794,0.5806,75887.9
2026-01-17 04:00:00,1768622400000,0.5806,0.5808,0.5764,0.5776,93461.2
2026-01-17 04:15:00,1768623300000,0.5776,0.5813,0.5764,0.5813,28272.9
2026-01-17 04:30:00,1768624200000,0.5813,0.5846,0.5813,0.5832,94983.0
2026-01-17 04:45:00,1768625100000,0.5832,0.5841,0.5817,0.5823,78898.2
2026-01-17 05:00:00,1768626000000,0.5823,0.5841,0.5823,0.5834,46705.3
2026-01-17 05:15:00,1768626900000,0.5834,0.5867,0.5834,0.5866,269996.6
2026-01-17 05:30:00,1768627800000,0.5866,0.5869,0.5849,0.5861,62958.5
2026-01-17 05:45:00,1768628700000,0.5861,0.5867,0.5828,0.5836,116066.8
2026-01-17 06:00:00,1768629600000,0.5836,0.5882,0.5836,0.5877,119278.2
2026-01-17 06:15:00,1768630500000,0.5877,0.5888,0.5856,0.5879,74233.9
2026-01-17 06:30:00,1768631400000,0.5879,0.5888,0.5852,0.5852,114293.6
2026-01-17 06:45:00,1768632300000,0.5852,0.5871,0.5845,0.5867,55546.2
2026-01-17 07:00:00,1768633200000,0.5867,0.5871,0.5849,0.5861,107373.3
2026-01-17 07:15:00,1768634100000,0.5861,0.5924,0.5858,0.592,112256.9
2026-01-17 07:30:00,1768635000000,0.592,0.5967,0.592,0.5961,267607.2
2026-01-17 07:45:00,1768635900000,0.5961,0.597,0.5931,0.5939,204323.1
2026-01-17 08:00:00,1768636800000,0.5939,0.5976,0.5933,0.5962,179867.0
2026-01-17 08:15:00,1768637700000,0.5962,0.5965,0.5937,0.5937,161253.0
2026-01-17 08:30:00,1768638600000,0.5937,0.598,0.5921,0.5975,209864.0
2026-01-17 08:45:00,1768639500000,0.5975,0.5996,0.5901,0.5919,547167.9
2026-01-17 09:00:00,1768640400000,0.5919,0.5942,0.5904,0.5918,219505.5
2026-01-17 09:15:00,1768641300000,0.5918,0.5919,0.5881,0.5892,152364.1
2026-01-17 09:30:00,1768642200000,0.5892,0.5893,0.5854,0.5859,212623.5
2026-01-17 09:45:00,1768643100000,0.5859,0.5868,0.5832,0.5835,162048.4
2026-01-17 10:00:00,1768644000000,0.5835,0.5843,0.5817,0.583,320576.3
2026-01-17 10:15:00,1768644900000,0.583,0.5884,0.5827,0.5881,365779.9
2026-01-17 10:30:00,1768645800000,0.5881,0.5883,0.5822,0.5825,139264.7
2026-01-17 10:45:00,1768646700000,0.5825,0.5829,0.5806,0.5821,176843.2
2026-01-17 11:00:00,1768647600000,0.5821,0.5823,0.5794,0.5803,163579.5
2026-01-17 11:15:00,1768648500000,0.5803,0.5816,0.58,0.5812,81396.7
2026-01-17 11:30:00,1768649400000,0.5812,0.5812,0.5783,0.5784,146199.1
2026-01-17 11:45:00,1768650300000,0.5784,0.5785,0.5769,0.5775,109646.6
2026-01-17 12:00:00,1768651200000,0.5775,0.5811,0.5769,0.5796,231085.9
2026-01-17 12:15:00,1768652100000,0.5796,0.5877,0.5796,0.5874,621120.7
2026-01-17 12:30:00,1768653000000,0.5874,0.589,0.5856,0.5873,235084.6
2026-01-17 12:45:00,1768653900000,0.5873,0.5877,0.584,0.5861,133768.5
2026-01-17 13:00:00,1768654800000,0.5861,0.587,0.5827,0.5848,331653.0
2026-01-17 13:15:00,1768655700000,0.5848,0.5855,0.5815,0.5818,130773.3
2026-01-17 13:30:00,1768656600000,0.5818,0.584,0.5811,0.5813,83755.8
2026-01-17 13:45:00,1768657500000,0.5813,0.5821,0.5804,0.5814,74604.4
2026-01-17 14:00:00,1768658400000,0.5814,0.5814,0.5789,0.5806,183612.3
2026-01-17 14:15:00,1768659300000,0.5806,0.5815,0.5794,0.5805,68303.4
2026-01-17 14:30:00,1768660200000,0.5805,0.5893,0.5801,0.5872,299360.8
2026-01-17 14:45:00,1768661100000,0.5872,0.591,0.5868,0.5894,139257.7
2026-01-17 15:00:00,1768662000000,0.5894,0.5936,0.5887,0.5897,350765.8
2026-01-17 15:15:00,1768662900000,0.5897,0.5899,0.5831,0.5838,210499.4
2026-01-17 15:30:00,1768663800000,0.5838,0.5889,0.5838,0.5859,203312.8
2026-01-17 15:45:00,1768664700000,0.5859,0.5889,0.5859,0.5884,161659.6
2026-01-17 16:00:00,1768665600000,0.5884,0.5891,0.5865,0.5868,190316.6
2026-01-17 16:15:00,1768666500000,0.5868,0.5869,0.5825,0.5839,187529.7
2026-01-17 16:30:00,1768667400000,0.5839,0.584,0.5792,0.5807,163964.8
2026-01-17 16:45:00,1768668300000,0.5807,0.5831,0.5803,0.583,145561.8
2026-01-17 17:00:00,1768669200000,0.583,0.5858,0.5819,0.5844,85046.6
2026-01-17 17:15:00,1768670100000,0.5844,0.5847,0.5818,0.5826,64934.8
2026-01-17 17:30:00,1768671000000,0.5826,0.5828,0.5801,0.5821,115744.3
2026-01-17 17:45:00,1768671900000,0.5821,0.5828,0.5801,0.5828,126334.7
2026-01-17 18:00:00,1768672800000,0.5828,0.5832,0.5807,0.5827,126385.9
2026-01-17 18:15:00,1768673700000,0.5827,0.5839,0.582,0.5823,58197.7
2026-01-17 18:30:00,1768674600000,0.5823,0.5835,0.5823,0.5828,60896.2
2026-01-17 18:45:00,1768675500000,0.5828,0.5847,0.5827,0.5845,48182.4
2026-01-17 19:00:00,1768676400000,0.5845,0.5864,0.5841,0.5856,35080.4
2026-01-17 19:15:00,1768677300000,0.5856,0.5861,0.5827,0.586,155718.2
2026-01-17 19:30:00,1768678200000,0.586,0.5862,0.5827,0.5829,201765.1
2026-01-17 19:45:00,1768679100000,0.5829,0.5834,0.5815,0.5833,96620.6
2026-01-17 20:00:00,1768680000000,0.5833,0.5849,0.5829,0.5839,25490.0
2026-01-17 20:15:00,1768680900000,0.5839,0.5851,0.5833,0.5833,25527.5
2026-01-17 20:30:00,1768681800000,0.5833,0.5838,0.582,0.5826,51396.8
2026-01-17 20:45:00,1768682700000,0.5826,0.5831,0.5819,0.5823,39380.0
2026-01-17 21:00:00,1768683600000,0.5823,0.5823,0.5795,0.5795,77993.8
2026-01-17 21:15:00,1768684500000,0.5795,0.5809,0.5782,0.5802,97826.5
2026-01-17 21:30:00,1768685400000,0.5802,0.5804,0.5786,0.5801,42622.3
2026-01-17 21:45:00,1768686300000,0.5801,0.5817,0.5794,0.5817,47675.6
2026-01-17 22:00:00,1768687200000,0.5817,0.5817,0.5791,0.5799,76398.3
2026-01-17 22:15:00,1768688100000,0.5799,0.5805,0.5765,0.5778,101384.6
2026-01-17 22:30:00,1768689000000,0.5778,0.5779,0.5748,0.5754,273069.6
2026-01-17 22:45:00,1768689900000,0.5754,0.5772,0.573,0.5762,155648.8
2026-01-17 23:00:00,1768690800000,0.5762,0.5773,0.5747,0.5769,55330.6
2026-01-17 23:15:00,1768691700000,0.5769,0.577,0.5749,0.5758,31262.9
2026-01-17 23:30:00,1768692600000,0.5758,0.5775,0.5751,0.5764,28212.8
2026-01-17 23:45:00,1768693500000,0.5764,0.5771,0.5757,0.577,27279.2
2026-01-18 00:00:00,1768694400000,0.577,0.5815,0.5764,0.5806,150794.2
2026-01-18 00:15:00,1768695300000,0.5806,0.5817,0.5791,0.5805,52522.4
2026-01-18 00:30:00,1768696200000,0.5805,0.5818,0.577,0.5778,108462.8
2026-01-18 00:45:00,1768697100000,0.5778,0.5792,0.5764,0.5771,124838.6
2026-01-18 01:00:00,1768698000000,0.5771,0.5777,0.5722,0.5732,197287.4
2026-01-18 01:15:00,1768698900000,0.5732,0.5752,0.5716,0.5721,264628.1
2026-01-18 01:30:00,1768699800000,0.5721,0.5724,0.5696,0.5698,173312.2
2026-01-18 01:45:00,1768700700000,0.5698,0.5708,0.5686,0.57,104882.6
2026-01-18 02:00:00,1768701600000,0.57,0.573,0.5698,0.5718,60415.7
2026-01-18 02:15:00,1768702500000,0.5718,0.573,0.5687,0.5697,49168.0
2026-01-18 02:30:00,1768703400000,0.5697,0.5698,0.5672,0.5689,144917.1
2026-01-18 02:45:00,1768704300000,0.5689,0.5701,0.5683,0.5695,21011.7
2026-01-18 03:00:00,1768705200000,0.5695,0.5711,0.5687,0.5707,33529.2
2026-01-18 03:15:00,1768706100000,0.5707,0.5707,0.5696,0.5703,47526.9
2026-01-18 03:30:00,1768707000000,0.5703,0.572,0.5698,0.5704,36613.5
2026-01-18 03:45:00,1768707900000,0.5704,0.5704,0.5678,0.5681,52422.7
2026-01-18 04:00:00,1768708800000,0.5681,0.5681,0.5651,0.5662,125281.4
2026-01-18 04:15:00,1768709700000,0.5662,0.5666,0.5652,0.5658,15285.5
2026-01-18 04:30:00,1768710600000,0.5658,0.5661,0.5635,0.5652,249656.1
2026-01-18 04:45:00,1768711500000,0.5652,0.5675,0.5652,0.567,27185.0
2026-01-18 05:00:00,1768712400000,0.567,0.567,0.565,0.5669,44082.3
2026-01-18 05:15:00,1768713300000,0.5669,0.5674,0.5661,0.5666,52334.9
2026-01-18 05:30:00,1768714200000,0.5666,0.5666,0.5655,0.5664,38894.5
2026-01-18 05:45:00,1768715100000,0.5664,0.567,0.5652,0.567,92531.7
2026-01-18 06:00:00,1768716000000,0.567,0.5679,0.5655,0.5666,110891.6
2026-01-18 06:15:00,1768716900000,0.5666,0.5666,0.5646,0.5648,42064.0
2026-01-18 06:30:00,1768717800000,0.5648,0.5654,0.5644,0.5649,59095.3
2026-01-18 06:45:00,1768718700000,0.5649,0.5656,0.5647,0.5654,60374.0
2026-01-18 07:00:00,1768719600000,0.5654,0.5654,0.5615,0.5621,113403.7
2026-01-18 07:15:00,1768720500000,0.5621,0.5646,0.5619,0.5639,40277.0
2026-01-18 07:30:00,1768721400000,0.5639,0.5678,0.5626,0.5675,200001.6
2026-01-18 07:45:00,1768722300000,0.5675,0.5688,0.5667,0.5667,111260.2
2026-01-18 08:00:00,1768723200000,0.5667,0.5677,0.5659,0.5664,66990.4
2026-01-18 08:15:00,1768724100000,0.5664,0.5664,0.5645,0.5654,232712.4
2026-01-18 08:30:00,1768725000000,0.5654,0.5674,0.5651,0.5665,69953.5
2026-01-18 08:45:00,1768725900000,0.5665,0.5667,0.5652,0.5665,29330.1
2026-01-18 09:00:00,1768726800000,0.5665,0.5673,0.5656,0.5666,78910.0
2026-01-18 09:15:00,1768727700000,0.5666,0.5669,0.5645,0.5648,74305.1
2026-01-18 09:30:00,1768728600000,0.5648,0.5664,0.5644,0.5656,73894.7
2026-01-18 09:45:00,1768729500000,0.5656,0.5665,0.5652,0.5662,52027.1
2026-01-18 10:00:00,1768730400000,0.5662,0.5662,0.5639,0.5654,70983.9
2026-01-18 10:15:00,1768731300000,0.5654,0.5678,0.5644,0.5647,97620.6
2026-01-18 10:30:00,1768732200000,0.5647,0.5651,0.5629,0.5643,69980.3
2026-01-18 10:45:00,1768733100000,0.5643,0.5662,0.5633,0.5659,58898.2
2026-01-18 11:00:00,1768734000000,0.5659,0.5662,0.5648,0.5655,37509.3
2026-01-18 11:15:00,1768734900000,0.5655,0.5662,0.5647,0.5647,20250.6
2026-01-18 11:30:00,1768735800000,0.5647,0.5676,0.5646,0.5668,93918.9
2026-01-18 11:45:00,1768736700000,0.5668,0.5672,0.5647,0.5653,42365.3
2026-01-18 12:00:00,1768737600000,0.5653,0.5654,0.5635,0.565,59065.7
2026-01-18 12:15:00,1768738500000,0.565,0.5671,0.5644,0.5668,72897.5
2026-01-18 12:30:00,1768739400000,0.5668,0.5668,0.5645,0.5658,27973.3
2026-01-18 12:45:00,1768740300000,0.5658,0.5665,0.5612,0.5623,103532.2
2026-01-18 13:00:00,1768741200000,0.5623,0.5632,0.5602,0.5615,73881.4
2026-01-18 13:15:00,1768742100000,0.5615,0.5621,0.5602,0.5603,50503.8
2026-01-18 13:30:00,1768743000000,0.5603,0.5646,0.5603,0.5639,86088.0
2026-01-18 13:45:00,1768743900000,0.5639,0.565,0.5621,0.5622,29289.1
2026-01-18 14:00:00,1768744800000,0.5622,0.5635,0.559,0.5631,200372.8
2026-01-18 14:15:00,1768745700000,0.5631,0.5671,0.563,0.5643,147644.5
2026-01-18 14:30:00,1768746600000,0.5643,0.5656,0.5614,0.5614,69923.7
2026-01-18 14:45:00,1768747500000,0.5614,0.5621,0.5582,0.5586,94869.1
2026-01-18 15:00:00,1768748400000,0.5586,0.5604,0.5564,0.5596,430863.0
2026-01-18 15:15:00,1768749300000,0.5596,0.563,0.5591,0.5622,83677.2
2026-01-18 15:30:00,1768750200000,0.5622,0.5635,0.5616,0.5633,66225.1
2026-01-18 15:45:00,1768751100000,0.5633,0.5635,0.5615,0.5635,38718.3
2026-01-18 16:00:00,1768752000000,0.5635,0.5674,0.5615,0.5673,133739.4
2026-01-18 16:15:00,1768752900000,0.5673,0.5696,0.5654,0.5661,118339.5
2026-01-18 16:30:00,1768753800000,0.5661,0.567,0.5654,0.5662,44662.0
2026-01-18 16:45:00,1768754700000,0.5662,0.5665,0.5638,0.5642,48807.1
2026-01-18 17:00:00,1768755600000,0.5642,0.5659,0.5639,0.5651,82384.8
2026-01-18 17:15:00,1768756500000,0.5651,0.5681,0.5631,0.5634,158167.1
2026-01-18 17:30:00,1768757400000,0.5634,0.5647,0.5613,0.5623,82638.1
2026-01-18 17:45:00,1768758300000,0.5623,0.5656,0.5622,0.5648,42890.6
2026-01-18 18:00:00,1768759200000,0.5648,0.5679,0.5646,0.5668,125979.4
2026-01-18 18:15:00,1768760100000,0.5668,0.5721,0.5659,0.5719,184541.6
2026-01-18 18:30:00,1768761000000,0.5719,0.5749,0.5713,0.5715,313795.4
2026-01-18 18:45:00,1768761900000,0.5715,0.5741,0.5715,0.5716,178342.6
2026-01-18 19:00:00,1768762800000,0.5716,0.5739,0.5696,0.5702,171370.1
2026-01-18 19:15:00,1768763700000,0.5702,0.5709,0.5675,0.5678,85352.9
2026-01-18 19:30:00,1768764600000,0.5678,0.5696,0.5673,0.5685,56395.0
2026-01-18 19:45:00,1768765500000,0.5685,0.5685,0.5649,0.5659,101694.6
2026-01-18 20:00:00,1768766400000,0.5659,0.5662,0.5647,0.5659,58222.8
2026-01-18 20:15:00,1768767300000,0.5659,0.5719,0.5659,0.5719,38308.9
2026-01-18 20:30:00,1768768200000,0.5719,0.5727,0.569,0.5701,94852.5
2026-01-18 20:45:00,1768769100000,0.5701,0.5705,0.5684,0.5693,22253.7
2026-01-18 21:00:00,1768770000000,0.5693,0.5709,0.569,0.5704,78041.6
2026-01-18 21:15:00,1768770900000,0.5704,0.5706,0.5687,0.5693,15260.9
2026-01-18 21:30:00,1768771800000,0.5693,0.5697,0.5677,0.5692,59563.9
2026-01-18 21:45:00,1768772700000,0.5692,0.5709,0.5685,0.5694,73935.0
2026-01-18 22:00:00,1768773600000,0.5694,0.5709,0.5681,0.5705,199133.2
2026-01-18 22:15:00,1768774500000,0.5705,0.5705,0.5673,0.5673,60044.7
2026-01-18 22:30:00,1768775400000,0.5673,0.569,0.5673,0.5684,12878.6
2026-01-18 22:45:00,1768776300000,0.5684,0.5703,0.5684,0.5699,36123.5
2026-01-18 23:00:00,1768777200000,0.5699,0.5699,0.5596,0.5606,364829.0
2026-01-18 23:15:00,1768778100000,0.5606,0.5616,0.5495,0.5503,645565.2
2026-01-18 23:30:00,1768779000000,0.5503,0.5529,0.5441,0.5456,562457.7
2026-01-18 23:45:00,1768779900000,0.5456,0.5456,0.5294,0.5302,1503455.3
2026-01-19 00:00:00,1768780800000,0.5302,0.5304,0.4704,0.4956,10979669.5
2026-01-19 00:15:00,1768781700000,0.4956,0.502,0.4903,0.4936,1884242.5
2026-01-19 00:30:00,1768782600000,0.4936,0.5013,0.4902,0.5001,1069788.2
2026-01-19 00:45:00,1768783500000,0.5001,0.5017,0.4983,0.5001,374051.7
2026-01-19 01:00:00,1768784400000,0.5001,0.5044,0.4974,0.5036,675529.4
2026-01-19 01:15:00,1768785300000,0.5036,0.5049,0.5008,0.5034,359995.5
2026-01-19 01:30:00,1768786200000,0.5034,0.507,0.5019,0.5025,347010.4
2026-01-19 01:45:00,1768787100000,0.5025,0.5028,0.4992,0.501,414057.5
2026-01-19 02:00:00,1768788000000,0.501,0.5023,0.499,0.5011,228213.7
2026-01-19 02:15:00,1768788900000,0.5011,0.5025,0.5,0.5003,131093.5
2026-01-19 02:30:00,1768789800000,0.5003,0.5013,0.4992,0.4998,161955.1
2026-01-19 02:45:00,1768790700000,0.4998,0.4999,0.4979,0.4994,98017.0
2026-01-19 03:00:00,1768791600000,0.4994,0.5016,0.4982,0.5012,274708.4
2026-01-19 03:15:00,1768792500000,0.5012,0.5052,0.5012,0.5041,273258.8
2026-01-19 03:30:00,1768793400000,0.5041,0.5042,0.5021,0.5021,146469.2
2026-01-19 03:45:00,1768794300000,0.5021,0.5036,0.5017,0.5017,101820.8
2026-01-19 04:00:00,1768795200000,0.5017,0.5017,0.4978,0.4978,250950.7
2026-01-19 04:15:00,1768796100000,0.4978,0.4987,0.4961,0.4981,312284.8
2026-01-19 04:30:00,1768797000000,0.4981,0.4989,0.4973,0.4976,162874.8
2026-01-19 04:45:00,1768797900000,0.4976,0.4976,0.4938,0.4939,240102.7
2026-01-19 05:00:00,1768798800000,0.4939,0.4956,0.4919,0.4922,218554.5
2026-01-19 05:15:00,1768799700000,0.4922,0.4925,0.4891,0.4897,405682.9
2026-01-19 05:30:00,1768800600000,0.4897,0.4948,0.4878,0.4937,2428773.9
2026-01-19 05:45:00,1768801500000,0.4937,0.4954,0.4919,0.4952,218424.2
2026-01-19 06:00:00,1768802400000,0.4952,0.4952,0.4932,0.4947,234913.5
2026-01-19 06:15:00,1768803300000,0.4947,0.497,0.4935,0.4961,460989.5
2026-01-19 06:30:00,1768804200000,0.4961,0.4982,0.4938,0.4939,363872.9
2026-01-19 06:45:00,1768805100000,0.4939,0.4956,0.4932,0.4946,198837.9
2026-01-19 07:00:00,1768806000000,0.4946,0.4955,0.4932,0.4941,166124.6
2026-01-19 07:15:00,1768806900000,0.4941,0.4982,0.4941,0.4967,165253.0
2026-01-19 07:30:00,1768807800000,0.4967,0.4985,0.496,0.4961,92440.2
2026-01-19 07:45:00,1768808700000,0.4961,0.4962,0.4935,0.4941,136145.2
2026-01-19 08:00:00,1768809600000,0.4941,0.4941,0.4921,0.4926,195746.5
2026-01-19 08:15:00,1768810500000,0.4926,0.496,0.4923,0.4941,219396.6
2026-01-19 08:30:00,1768811400000,0.4941,0.4963,0.4934,0.4941,185639.5
2026-01-19 08:45:00,1768812300000,0.4941,0.497,0.4941,0.4955,88273.7
2026-01-19 09:00:00,1768813200000,0.4955,0.4955,0.493,0.4931,130196.9
2026-01-19 09:15:00,1768814100000,0.4931,0.4938,0.4927,0.4935,106819.5
2026-01-19 09:30:00,1768815000000,0.4935,0.4947,0.4931,0.4937,75680.2
2026-01-19 09:45:00,1768815900000,0.4937,0.4945,0.4922,0.4932,69684.3
2026-01-19 10:00:00,1768816800000,0.4932,0.4934,0.4897,0.4921,402799.1
2026-01-19 10:15:00,1768817700000,0.4921,0.4924,0.49,0.4908,120644.5
2026-01-19 10:30:00,1768818600000,0.4908,0.491,0.4888,0.4907,104683.8
2026-01-19 10:45:00,1768819500000,0.4907,0.4912,0.4882,0.4889,134589.5
2026-01-19 11:00:00,1768820400000,0.4889,0.4915,0.4889,0.4905,187756.0
2026-01-19 11:15:00,1768821300000,0.4905,0.4907,0.4887,0.4891,150772.6
2026-01-19 11:30:00,1768822200000,0.4891,0.4902,0.488,0.489,79191.1
2026-01-19 11:45:00,1768823100000,0.489,0.4894,0.4863,0.4873,250775.8
2026-01-19 12:00:00,1768824000000,0.4873,0.4884,0.4841,0.4877,408727.2
2026-01-19 12:15:00,1768824900000,0.4877,0.4888,0.4862,0.4871,105290.3
2026-01-19 12:30:00,1768825800000,0.4871,0.4889,0.4864,0.4864,118492.1
2026-01-19 12:45:00,1768826700000,0.4864,0.4869,0.4851,0.4858,159228.7
2026-01-19 13:00:00,1768827600000,0.4858,0.4877,0.4843,0.4869,178861.5
2026-01-19 13:15:00,1768828500000,0.4869,0.4874,0.4859,0.4862,72803.3
2026-01-19 13:30:00,1768829400000,0.4862,0.4877,0.4855,0.4868,86395.5
2026-01-19 13:45:00,1768830300000,0.4868,0.4876,0.4856,0.4864,73709.5
2026-01-19 14:00:00,1768831200000,0.4864,0.4879,0.486,0.4871,138908.4
2026-01-19 14:15:00,1768832100000,0.4871,0.4913,0.4869,0.491,312546.4
2026-01-19 14:30:00,1768833000000,0.491,0.4927,0.4904,0.4914,98091.6
2026-01-19 14:45:00,1768833900000,0.4914,0.4914,0.4892,0.4892,52364.5
2026-01-19 15:00:00,1768834800000,0.4892,0.4904,0.4867,0.4881,164502.7
2026-01-19 15:15:00,1768835700000,0.4881,0.4887,0.4852,0.4856,135166.5
2026-01-19 15:30:00,1768836600000,0.4856,0.4876,0.485,0.4861,188510.3
2026-01-19 15:45:00,1768837500000,0.4861,0.4874,0.4859,0.4866,78859.7
2026-01-19 16:00:00,1768838400000,0.4866,0.4881,0.4857,0.4866,106775.6
2026-01-19 16:15:00,1768839300000,0.4866,0.4893,0.4861,0.4891,106638.6
2026-01-19 16:30:00,1768840200000,0.4891,0.4896,0.4877,0.4882,237075.3
2026-01-19 16:45:00,1768841100000,0.4882,0.4911,0.4873,0.4906,413277.1
2026-01-19 17:00:00,1768842000000,0.4906,0.492,0.4899,0.491,184625.2
2026-01-19 17:15:00,1768842900000,0.491,0.4942,0.4909,0.4939,267702.9
2026-01-19 17:30:00,1768843800000,0.4939,0.4953,0.4924,0.4934,326757.3
2026-01-19 17:45:00,1768844700000,0.4934,0.4953,0.4925,0.4935,119442.7
2026-01-19 18:00:00,1768845600000,0.4935,0.4946,0.4915,0.4922,125138.0
2026-01-19 18:15:00,1768846500000,0.4922,0.4935,0.4917,0.4935,67421.1
2026-01-19 18:30:00,1768847400000,0.4935,0.4972,0.4924,0.497,213755.9
2026-01-19 18:45:00,1768848300000,0.497,0.5036,0.4967,0.5014,951218.4
2026-01-19 19:00:00,1768849200000,0.5014,0.5038,0.5008,0.5033,256538.2
2026-01-19 19:15:00,1768850100000,0.5033,0.514,0.5033,0.5108,744510.4
2026-01-19 19:30:00,1768851000000,0.5108,0.5122,0.5084,0.5106,344054.6
2026-01-19 19:45:00,1768851900000,0.5106,0.5113,0.5033,0.5039,239305.9
2026-01-19 20:00:00,1768852800000,0.5039,0.5058,0.5014,0.5021,183087.3
2026-01-19 20:15:00,1768853700000,0.5021,0.5036,0.5007,0.5027,153267.9
2026-01-19 20:30:00,1768854600000,0.5027,0.5027,0.4977,0.499,708021.8
2026-01-19 20:45:00,1768855500000,0.499,0.5003,0.4978,0.4992,167625.2
2026-01-19 21:00:00,1768856400000,0.4992,0.5012,0.4939,0.4946,523810.8
2026-01-19 21:15:00,1768857300000,0.4946,0.4953,0.4903,0.4927,1163214.9
2026-01-19 21:30:00,1768858200000,0.4927,0.4941,0.4926,0.4934,163128.3
2026-01-19 21:45:00,1768859100000,0.4934,0.4966,0.4921,0.4955,437431.8
2026-01-19 22:00:00,1768860000000,0.4955,0.4994,0.4938,0.4953,517241.5
2026-01-19 22:15:00,1768860900000,0.4953,0.4958,0.4935,0.4939,80030.1
2026-01-19 22:30:00,1768861800000,0.4939,0.4939,0.4891,0.4903,607538.1
2026-01-19 22:45:00,1768862700000,0.4903,0.4914,0.4884,0.4885,209065.5
2026-01-19 23:00:00,1768863600000,0.4885,0.4915,0.4878,0.4897,390545.2
2026-01-19 23:15:00,1768864500000,0.4897,0.4926,0.4881,0.4926,115052.1
2026-01-19 23:30:00,1768865400000,0.4926,0.4983,0.4925,0.498,308146.3
2026-01-19 23:45:00,1768866300000,0.498,0.498,0.4957,0.4963,106941.6
2026-01-20 00:00:00,1768867200000,0.4963,0.4972,0.493,0.4943,283600.5
2026-01-20 00:15:00,1768868100000,0.4943,0.4951,0.4918,0.4941,311201.5
2026-01-20 00:30:00,1768869000000,0.4941,0.4948,0.4924,0.4931,158543.8
2026-01-20 00:45:00,1768869900000,0.4931,0.4939,0.4921,0.4932,105209.6
2026-01-20 01:00:00,1768870800000,0.4932,0.4949,0.4907,0.494,117653.4
2026-01-20 01:15:00,1768871700000,0.494,0.4962,0.4935,0.4946,504735.1
2026-01-20 01:30:00,1768872600000,0.4946,0.4948,0.4909,0.4913,174590.1
2026-01-20 01:45:00,1768873500000,0.4913,0.494,0.4913,0.4919,65523.2
2026-01-20 02:00:00,1768874400000,0.4919,0.4923,0.4881,0.4893,602223.9
2026-01-20 02:15:00,1768875300000,0.4893,0.4903,0.488,0.4886,80106.4
2026-01-20 02:30:00,1768876200000,0.4886,0.4941,0.4883,0.4932,123054.3
2026-01-20 02:45:00,1768877100000,0.4932,0.4967,0.4927,0.493,379202.0
2026-01-20 03:00:00,1768878000000,0.493,0.4939,0.4911,0.4915,119085.9
2026-01-20 03:15:00,1768878900000,0.4915,0.4922,0.4894,0.4894,107256.2
2026-01-20 03:30:00,1768879800000,0.4894,0.4923,0.4868,0.4923,770620.5
2026-01-20 03:45:00,1768880700000,0.4923,0.4937,0.4908,0.4911,90363.7
2026-01-20 04:00:00,1768881600000,0.4911,0.4912,0.489,0.489,108031.0
2026-01-20 04:15:00,1768882500000,0.489,0.4902,0.4886,0.4902,70498.7
2026-01-20 04:30:00,1768883400000,0.4902,0.4923,0.4891,0.4917,56153.2
2026-01-20 04:45:00,1768884300000,0.4917,0.493,0.49,0.4904,173011.1
2026-01-20 05:00:00,1768885200000,0.4904,0.495,0.4879,0.4905,472338.8
2026-01-20 05:15:00,1768886100000,0.4905,0.4935,0.4896,0.492,291510.1
2026-01-20 05:30:00,1768887000000,0.492,0.4925,0.4906,0.492,82885.1
2026-01-20 05:45:00,1768887900000,0.492,0.4948,0.4916,0.492,170142.1
2026-01-20 06:00:00,1768888800000,0.492,0.492,0.4887,0.4889,106161.0
2026-01-20 06:15:00,1768889700000,0.4889,0.4891,0.4818,0.4888,759553.8
2026-01-20 06:30:00,1768890600000,0.4888,0.4893,0.4853,0.4885,304540.9
2026-01-20 06:45:00,1768891500000,0.4885,0.4886,0.4857,0.4869,261218.1
2026-01-20 07:00:00,1768892400000,0.4869,0.4908,0.4859,0.4907,135090.5
2026-01-20 07:15:00,1768893300000,0.4907,0.4916,0.4882,0.4889,159009.6
2026-01-20 07:30:00,1768894200000,0.4889,0.4889,0.4872,0.4876,50610.1
2026-01-20 07:45:00,1768895100000,0.4876,0.4876,0.4844,0.4844,179530.8
2026-01-20 08:00:00,1768896000000,0.4844,0.4853,0.4785,0.4817,449680.5
2026-01-20 08:15:00,1768896900000,0.4817,0.4839,0.4806,0.4822,180768.9
2026-01-20 08:30:00,1768897800000,0.4822,0.4822,0.4762,0.4798,471978.3
2026-01-20 08:45:00,1768898700000,0.4798,0.482,0.4786,0.4813,321209.2
2026-01-20 09:00:00,1768899600000,0.4813,0.4821,0.4803,0.4815,127744.3
2026-01-20 09:15:00,1768900500000,0.4815,0.4815,0.4792,0.4795,72947.4
2026-01-20 09:30:00,1768901400000,0.4795,0.4802,0.4782,0.4788,57864.6
2026-01-20 09:45:00,1768902300000,0.4788,0.4817,0.4785,0.4817,49394.7
2026-01-20 10:00:00,1768903200000,0.4817,0.4868,0.4809,0.4867,176359.8
2026-01-20 10:15:00,1768904100000,0.4867,0.4877,0.483,0.4849,278309.0
2026-01-20 10:30:00,1768905000000,0.4849,0.4854,0.4828,0.483,95970.2
2026-01-20 10:45:00,1768905900000,0.483,0.4834,0.4819,0.4823,44827.7
2026-01-20 11:00:00,1768906800000,0.4823,0.4833,0.4811,0.4811,94642.4
2026-01-20 11:15:00,1768907700000,0.4811,0.4812,0.4786,0.4789,96384.9
2026-01-20 11:30:00,1768908600000,0.4789,0.4789,0.4759,0.4777,181133.3
2026-01-20 11:45:00,1768909500000,0.4777,0.4782,0.4753,0.4757,47203.2
2026-01-20 12:00:00,1768910400000,0.4757,0.4777,0.4743,0.4772,300376.9
2026-01-20 12:15:00,1768911300000,0.4772,0.4804,0.4767,0.4792,183365.2
2026-01-20 12:30:00,1768912200000,0.4792,0.4793,0.477,0.4791,125589.7
2026-01-20 12:45:00,1768913100000,0.4791,0.4798,0.478,0.4788,141206.0
2026-01-20 13:00:00,1768914000000,0.4788,0.4788,0.4752,0.4755,200161.1
2026-01-20 13:15:00,1768914900000,0.4755,0.4759,0.4726,0.475,379266.7
2026-01-20 13:30:00,1768915800000,0.475,0.4762,0.4736,0.474,208367.7
2026-01-20 13:45:00,1768916700000,0.474,0.474,0.4699,0.4714,390150.6
2026-01-20 14:00:00,1768917600000,0.4714,0.4739,0.4713,0.4734,125187.3
2026-01-20 14:15:00,1768918500000,0.4734,0.475,0.4717,0.4732,310859.6
2026-01-20 14:30:00,1768919400000,0.4732,0.4824,0.4721,0.4803,462190.9
2026-01-20 14:45:00,1768920300000,0.4803,0.4841,0.4774,0.4786,479300.1
2026-01-20 15:00:00,1768921200000,0.4786,0.479,0.4717,0.4752,589527.5
2026-01-20 15:15:00,1768922100000,0.4752,0.4764,0.4717,0.4721,242768.1
2026-01-20 15:30:00,1768923000000,0.4721,0.4743,0.4697,0.4704,219100.3
2026-01-20 15:45:00,1768923900000,0.4704,0.4716,0.4681,0.4716,275841.2
2026-01-20 16:00:00,1768924800000,0.4716,0.4744,0.471,0.4743,130434.3
2026-01-20 16:15:00,1768925700000,0.4743,0.4751,0.4676,0.4683,205863.3
2026-01-20 16:30:00,1768926600000,0.4683,0.4696,0.4652,0.4658,421666.2
2026-01-20 16:45:00,1768927500000,0.4658,0.4676,0.4632,0.465,480936.9
2026-01-20 17:00:00,1768928400000,0.465,0.4705,0.4637,0.469,236724.7
2026-01-20 17:15:00,1768929300000,0.469,0.4713,0.467,0.4678,466295.9
2026-01-20 17:30:00,1768930200000,0.4678,0.4686,0.4655,0.4661,319473.9
2026-01-20 17:45:00,1768931100000,0.4661,0.4679,0.4636,0.4663,321381.1
2026-01-20 18:00:00,1768932000000,0.4663,0.4687,0.4658,0.4682,449016.6
2026-01-20 18:15:00,1768932900000,0.4682,0.4685,0.4645,0.4649,256039.9
2026-01-20 18:30:00,1768933800000,0.4649,0.4657,0.4615,0.4632,305911.4
2026-01-20 18:45:00,1768934700000,0.4632,0.4642,0.4619,0.4639,159520.4
2026-01-20 19:00:00,1768935600000,0.4639,0.4688,0.4639,0.467,171580.8
2026-01-20 19:15:00,1768936500000,0.467,0.4681,0.4659,0.466,126712.7
2026-01-20 19:30:00,1768937400000,0.466,0.4679,0.4648,0.4669,104379.3
2026-01-20 19:45:00,1768938300000,0.4669,0.4689,0.4662,0.4681,110715.3
2026-01-20 20:00:00,1768939200000,0.4681,0.4687,0.4657,0.4682,277546.9
2026-01-20 20:15:00,1768940100000,0.4682,0.4753,0.4682,0.4741,337243.4
2026-01-20 20:30:00,1768941000000,0.4741,0.4749,0.4714,0.4722,101466.8
2026-01-20 20:45:00,1768941900000,0.4722,0.4739,0.4721,0.4735,135477.3
2026-01-20 21:00:00,1768942800000,0.4735,0.474,0.4712,0.4712,134093.0
2026-01-20 21:15:00,1768943700000,0.4712,0.4712,0.4693,0.47,71629.7
2026-01-20 21:30:00,1768944600000,0.47,0.47,0.4679,0.4693,169411.1
2026-01-20 21:45:00,1768945500000,0.4693,0.4695,0.4677,0.4683,46068.1
2026-01-20 22:00:00,1768946400000,0.4683,0.4684,0.4668,0.4674,223411.5
2026-01-20 22:15:00,1768947300000,0.4674,0.4678,0.4655,0.4672,63672.9
2026-01-20 22:30:00,1768948200000,0.4672,0.4682,0.4584,0.4676,901630.1
2026-01-20 22:45:00,1768949100000,0.4676,0.4686,0.4657,0.4659,205812.0
2026-01-20 23:00:00,1768950000000,0.4659,0.4661,0.4628,0.4644,129165.9
2026-01-20 23:15:00,1768950900000,0.4644,0.4646,0.4605,0.4619,106409.2
2026-01-20 23:30:00,1768951800000,0.4619,0.4637,0.4618,0.4624,76061.2
2026-01-20 23:45:00,1768952700000,0.4624,0.4631,0.4612,0.4617,71720.0
2026-01-21 00:00:00,1768953600000,0.4617,0.4647,0.4612,0.4634,116764.7
2026-01-21 00:15:00,1768954500000,0.4634,0.4664,0.4628,0.4638,83137.2
2026-01-21 00:30:00,1768955400000,0.4638,0.4661,0.4633,0.4655,150898.0
2026-01-21 00:45:00,1768956300000,0.4655,0.47,0.4651,0.4698,153462.7
2026-01-21 01:00:00,1768957200000,0.4698,0.473,0.4696,0.4729,186082.5
2026-01-21 01:15:00,1768958100000,0.4729,0.4743,0.4712,0.4718,141615.9
2026-01-21 01:30:00,1768959000000,0.4718,0.4731,0.4702,0.4707,268010.7
2026-01-21 01:45:00,1768959900000,0.4707,0.4714,0.4692,0.4712,133099.5
2026-01-21 02:00:00,1768960800000,0.4712,0.4749,0.4708,0.4748,146748.5
2026-01-21 02:15:00,1768961700000,0.4748,0.4758,0.4737,0.4755,124651.5
2026-01-21 02:30:00,1768962600000,0.4755,0.4759,0.4741,0.4757,120238.1
2026-01-21 02:45:00,1768963500000,0.4757,0.4765,0.4747,0.4757,121151.6
2026-01-21 03:00:00,1768964400000,0.4757,0.4765,0.474,0.4765,56718.4
2026-01-21 03:15:00,1768965300000,0.4765,0.4779,0.4759,0.4778,78832.3
2026-01-21 03:30:00,1768966200000,0.4778,0.4781,0.4756,0.4771,111193.4
2026-01-21 03:45:00,1768967100000,0.4771,0.4771,0.4747,0.4754,115509.4
2026-01-21 04:00:00,1768968000000,0.4754,0.4764,0.4739,0.4743,87210.1
2026-01-21 04:15:00,1768968900000,0.4743,0.4754,0.4742,0.4754,65280.4
2026-01-21 04:30:00,1768969800000,0.4754,0.4775,0.4753,0.4775,55479.1
2026-01-21 04:45:00,1768970700000,0.4775,0.4775,0.4761,0.4766,33950.4
2026-01-21 05:00:00,1768971600000,0.4766,0.4768,0.4759,0.4762,69353.5
2026-01-21 05:15:00,1768972500000,0.4762,0.4764,0.4744,0.4748,60819.9
2026-01-21 05:30:00,1768973400000,0.4748,0.4749,0.4728,0.4735,106567.4
2026-01-21 05:45:00,1768974300000,0.4735,0.4752,0.473,0.4745,73275.7
2026-01-21 06:00:00,1768975200000,0.4745,0.4745,0.4734,0.4738,41855.2
2026-01-21 06:15:00,1768976100000,0.4738,0.4747,0.4733,0.4742,52742.1
2026-01-21 06:30:00,1768977000000,0.4742,0.4753,0.4739,0.4749,136449.9
2026-01-21 06:45:00,1768977900000,0.4749,0.4751,0.4739,0.4744,56547.0
2026-01-21 07:00:00,1768978800000,0.4744,0.476,0.4729,0.4757,61262.8
2026-01-21 07:15:00,1768979700000,0.4757,0.4782,0.4757,0.4782,93411.8
2026-01-21 07:30:00,1768980600000,0.4782,0.4784,0.4753,0.4761,117171.7
2026-01-21 07:45:00,1768981500000,0.4761,0.4766,0.4749,0.4766,70723.2
2026-01-21 08:00:00,1768982400000,0.4766,0.4779,0.4754,0.4754,178646.4
2026-01-21 08:15:00,1768983300000,0.4754,0.4759,0.4739,0.4741,119262.3
2026-01-21 08:30:00,1768984200000,0.4741,0.4747,0.47,0.47,202723.3
2026-01-21 08:45:00,1768985100000,0.47,0.4745,0.47,0.4743,174144.1
2026-01-21 09:00:00,1768986000000,0.4743,0.4746,0.4723,0.4731,91623.5
2026-01-21 09:15:00,1768986900000,0.4731,0.4741,0.4729,0.4731,125521.9
2026-01-21 09:30:00,1768987800000,0.4731,0.474,0.4727,0.474,41287.8
2026-01-21 09:45:00,1768988700000,0.474,0.4752,0.4737,0.4749,180020.2
2026-01-21 10:00:00,1768989600000,0.4749,0.4775,0.4742,0.4749,242255.4
2026-01-21 10:15:00,1768990500000,0.4749,0.4759,0.4733,0.4735,58344.0
2026-01-21 10:30:00,1768991400000,0.4735,0.4738,0.4725,0.473,49726.6
2026-01-21 10:45:00,1768992300000,0.473,0.473,0.4709,0.4713,45657.6
2026-01-21 11:00:00,1768993200000,0.4713,0.4739,0.4702,0.4734,115596.1
2026-01-21 11:15:00,1768994100000,0.4734,0.4739,0.4727,0.4738,63588.7
2026-01-21 11:30:00,1768995000000,0.4738,0.4739,0.4719,0.4726,36987.3
2026-01-21 11:45:00,1768995900000,0.4726,0.4734,0.4661,0.4676,452257.9
2026-01-21 12:00:00,1768996800000,0.4676,0.468,0.4616,0.4632,547447.0
2026-01-21 12:15:00,1768997700000,0.4632,0.4639,0.4606,0.4624,379281.1
2026-01-21 12:30:00,1768998600000,0.4624,0.4677,0.4607,0.4673,540891.3
2026-01-21 12:45:00,1768999500000,0.4673,0.4679,0.4667,0.4673,188100.1
2026-01-21 13:00:00,1769000400000,0.4673,0.4685,0.4667,0.4674,124037.5
2026-01-21 13:15:00,1769001300000,0.4674,0.4675,0.4647,0.4652,119930.6
2026-01-21 13:30:00,1769002200000,0.4652,0.466,0.4619,0.4621,137311.3
2026-01-21 13:45:00,1769003100000,0.4621,0.4636,0.4609,0.4622,141103.4
2026-01-21 14:00:00,1769004000000,0.4622,0.4746,0.4615,0.4738,641536.3
2026-01-21 14:15:00,1769004900000,0.4738,0.4758,0.4726,0.4749,494819.1
2026-01-21 14:30:00,1769005800000,0.4749,0.4799,0.4743,0.4777,742769.0
2026-01-21 14:45:00,1769006700000,0.4777,0.4809,0.4769,0.4805,263307.1
2026-01-21 15:00:00,1769007600000,0.4805,0.482,0.4788,0.4803,372886.6
2026-01-21 15:15:00,1769008500000,0.4803,0.4827,0.4773,0.4776,309193.3
2026-01-21 15:30:00,1769009400000,0.4776,0.4777,0.4726,0.4745,273420.5
2026-01-21 15:45:00,1769010300000,0.4745,0.4793,0.4741,0.4792,118553.1
2026-01-21 16:00:00,1769011200000,0.4792,0.4802,0.4779,0.4784,237809.7
2026-01-21 16:15:00,1769012100000,0.4784,0.4784,0.4711,0.4742,358258.2
2026-01-21 16:30:00,1769013000000,0.4742,0.4742,0.4596,0.4604,1233543.2
2026-01-21 16:45:00,1769013900000,0.4604,0.4674,0.4579,0.4589,675840.8
2026-01-21 17:00:00,1769014800000,0.4589,0.465,0.456,0.4568,411367.2
2026-01-21 17:15:00,1769015700000,0.4568,0.4593,0.4547,0.4564,468878.0
2026-01-21 17:30:00,1769016600000,0.4564,0.4598,0.4522,0.4578,481838.7
2026-01-21 17:45:00,1769017500000,0.4578,0.4604,0.4568,0.4597,289240.3
2026-01-21 18:00:00,1769018400000,0.4597,0.462,0.4568,0.4605,175183.5
2026-01-21 18:15:00,1769019300000,0.4605,0.4617,0.4587,0.4596,204241.6
2026-01-21 18:30:00,1769020200000,0.4596,0.4624,0.4595,0.4605,326038.1
2026-01-21 18:45:00,1769021100000,0.4605,0.4672,0.4602,0.4648,587752.7
2026-01-21 19:00:00,1769022000000,0.4648,0.4666,0.4616,0.4627,214191.5
2026-01-21 19:15:00,1769022900000,0.4627,0.4755,0.4619,0.4753,625855.2
2026-01-21 19:30:00,1769023800000,0.4753,0.4819,0.4737,0.4815,1024443.4
2026-01-21 19:45:00,1769024700000,0.4815,0.4869,0.4811,0.4869,926693.6
2026-01-21 20:00:00,1769025600000,0.4869,0.4883,0.4826,0.4829,327457.6
2026-01-21 20:15:00,1769026500000,0.4829,0.4838,0.4777,0.4788,469821.0
2026-01-21 20:30:00,1769027400000,0.4788,0.4804,0.4766,0.479,135783.1
2026-01-21 20:45:00,1769028300000,0.479,0.4863,0.4789,0.486,285060.1
2026-01-21 21:00:00,1769029200000,0.486,0.4877,0.4839,0.4861,118199.2
2026-01-21 21:15:00,1769030100000,0.4861,0.4897,0.4851,0.4854,292039.1
2026-01-21 21:30:00,1769031000000,0.4854,0.4896,0.4853,0.4888,54781.7
2026-01-21 21:45:00,1769031900000,0.4888,0.4897,0.4871,0.4884,88155.7
2026-01-21 22:00:00,1769032800000,0.4884,0.4905,0.4874,0.4874,96408.7
2026-01-21 22:15:00,1769033700000,0.4874,0.4874,0.4827,0.4829,181360.0
2026-01-21 22:30:00,1769034600000,0.4829,0.4831,0.4791,0.4797,110476.7
2026-01-21 22:45:00,1769035500000,0.4797,0.4811,0.4795,0.4798,202980.8
2026-01-21 23:00:00,1769036400000,0.4798,0.4798,0.477,0.4788,147417.4
2026-01-21 23:15:00,1769037300000,0.4788,0.4788,0.4743,0.4764,155344.4
2026-01-21 23:30:00,1769038200000,0.4764,0.4764,0.4715,0.4718,95942.3
2026-01-21 23:45:00,1769039100000,0.4718,0.4722,0.4682,0.4717,615754.0
2026-01-22 00:00:00,1769040000000,0.4717,0.475,0.4717,0.4736,262573.3
2026-01-22 00:15:00,1769040900000,0.4736,0.4741,0.4715,0.4718,100482.0
2026-01-22 00:30:00,1769041800000,0.4718,0.4767,0.4715,0.4758,163108.1
2026-01-22 00:45:00,1769042700000,0.4758,0.4767,0.4733,0.4738,106947.2
2026-01-22 01:00:00,1769043600000,0.4738,0.4754,0.4728,0.4748,107635.3
2026-01-22 01:15:00,1769044500000,0.4748,0.4776,0.4747,0.4773,107369.3
2026-01-22 01:30:00,1769045400000,0.4773,0.4784,0.4762,0.4782,81954.8
2026-01-22 01:45:00,1769046300000,0.4782,0.4804,0.4773,0.4803,92848.0
2026-01-22 02:00:00,1769047200000,0.4803,0.4807,0.4783,0.48,119660.8
2026-01-22 02:15:00,1769048100000,0.48,0.4801,0.4781,0.4785,65229.9
2026-01-22 02:30:00,1769049000000,0.4785,0.4803,0.4779,0.4803,105898.6
2026-01-22 02:45:00,1769049900000,0.4803,0.4803,0.4782,0.4797,55906.8
2026-01-22 03:00:00,1769050800000,0.4797,0.4811,0.4794,0.4807,75141.4
2026-01-22 03:15:00,1769051700000,0.4807,0.481,0.4781,0.4781,61449.6
2026-01-22 03:30:00,1769052600000,0.4781,0.4782,0.4741,0.4751,100212.6
2026-01-22 03:45:00,1769053500000,0.4751,0.476,0.4748,0.4756,33137.9
2026-01-22 04:00:00,1769054400000,0.4756,0.4774,0.475,0.4761,57026.7
2026-01-22 04:15:00,1769055300000,0.4761,0.4772,0.4752,0.4769,33296.9
2026-01-22 04:30:00,1769056200000,0.4769,0.4791,0.4763,0.4791,53334.5
2026-01-22 04:45:00,1769057100000,0.4791,0.4791,0.4769,0.4771,55056.4
2026-01-22 05:00:00,1769058000000,0.4771,0.4791,0.4763,0.4783,73511.6
2026-01-22 05:15:00,1769058900000,0.4783,0.4786,0.4754,0.4755,52384.9
2026-01-22 05:30:00,1769059800000,0.4755,0.4767,0.4749,0.4764,157553.3
2026-01-22 05:45:00,1769060700000,0.4764,0.4764,0.472,0.4736,188832.9
2026-01-22 06:00:00,1769061600000,0.4736,0.4744,0.471,0.4722,75405.7
2026-01-22 06:15:00,1769062500000,0.4722,0.473,0.4694,0.4698,77812.0
2026-01-22 06:30:00,1769063400000,0.4698,0.4733,0.4695,0.4726,50098.7
2026-01-22 06:45:00,1769064300000,0.4726,0.4754,0.4726,0.4733,320664.2
2026-01-22 07:00:00,1769065200000,0.4733,0.4735,0.4716,0.4717,51900.7
2026-01-22 07:15:00,1769066100000,0.4717,0.4724,0.4689,0.4703,440804.2
2026-01-22 07:30:00,1769067000000,0.4703,0.4725,0.4696,0.4719,117019.4
2026-01-22 07:45:00,1769067900000,0.4719,0.4726,0.4707,0.4714,89175.9
2026-01-22 08:00:00,1769068800000,0.4714,0.4733,0.4706,0.4719,89304.0
2026-01-22 08:15:00,1769069700000,0.4719,0.473,0.4702,0.4713,222637.9
2026-01-22 08:30:00,1769070600000,0.4713,0.4719,0.4703,0.4716,37869.1
2026-01-22 08:45:00,1769071500000,0.4716,0.4745,0.4706,0.4738,591136.4
2026-01-22 09:00:00,1769072400000,0.4738,0.4763,0.4732,0.4763,199322.7
2026-01-22 09:15:00,1769073300000,0.4763,0.4774,0.4739,0.474,164855.8
2026-01-22 09:30:00,1769074200000,0.474,0.4759,0.474,0.4756,29832.1
2026-01-22 09:45:00,1769075100000,0.4756,0.4771,0.4739,0.4742,81825.1
2026-01-22 10:00:00,1769076000000,0.4742,0.4744,0.4727,0.4731,35260.9
2026-01-22 10:15:00,1769076900000,0.4731,0.4734,0.4717,0.4721,108918.7
2026-01-22 10:30:00,1769077800000,0.4721,0.4738,0.4718,0.4729,95939.1
2026-01-22 10:45:00,1769078700000,0.4729,0.4735,0.4724,0.4733,59288.8
2026-01-22 11:00:00,1769079600000,0.4733,0.4733,0.4694,0.4701,284783.2
2026-01-22 11:15:00,1769080500000,0.4701,0.4708,0.4684,0.4689,195159.0
2026-01-22 11:30:00,1769081400000,0.4689,0.47,0.468,0.4696,83866.6
2026-01-22 11:45:00,1769082300000,0.4696,0.4698,0.4685,0.4686,51335.7
2026-01-22 12:00:00,1769083200000,0.4686,0.469,0.4672,0.4682,106875.3
2026-01-22 12:15:00,1769084100000,0.4682,0.4689,0.467,0.4678,79686.2
2026-01-22 12:30:00,1769085000000,0.4678,0.4681,0.4661,0.4668,87004.4
2026-01-22 12:45:00,1769085900000,0.4668,0.4674,0.4659,0.4672,62712.7
2026-01-22 13:00:00,1769086800000,0.4672,0.4687,0.4668,0.4674,77369.2
2026-01-22 13:15:00,1769087700000,0.4674,0.4691,0.4671,0.4691,128011.7
2026-01-22 13:30:00,1769088600000,0.4691,0.4711,0.4654,0.4657,290703.5
2026-01-22 13:45:00,1769089500000,0.4657,0.467,0.4629,0.4647,342318.0
2026-01-22 14:00:00,1769090400000,0.4647,0.465,0.4626,0.4644,116774.3
2026-01-22 14:15:00,1769091300000,0.4644,0.4644,0.4602,0.4618,228419.1
2026-01-22 14:30:00,1769092200000,0.4618,0.4646,0.4598,0.4617,383360.7
2026-01-22 14:45:00,1769093100000,0.4617,0.4617,0.4568,0.4581,434899.7
2026-01-22 15:00:00,1769094000000,0.4581,0.4595,0.4559,0.4587,377727.1
2026-01-22 15:15:00,1769094900000,0.4587,0.4602,0.4539,0.4547,489925.3
2026-01-22 15:30:00,1769095800000,0.4547,0.4611,0.454,0.4609,447603.6
2026-01-22 15:45:00,1769096700000,0.4609,0.4634,0.459,0.4592,316111.6
2026-01-22 16:00:00,1769097600000,0.4592,0.4625,0.458,0.4583,314825.2
2026-01-22 16:15:00,1769098500000,0.4583,0.4617,0.458,0.4595,239725.0
2026-01-22 16:30:00,1769099400000,0.4595,0.461,0.4584,0.4607,235491.1
2026-01-22 16:45:00,1769100300000,0.4607,0.4653,0.4607,0.4649,228655.3
2026-01-22 17:00:00,1769101200000,0.4649,0.4666,0.4643,0.4652,147118.9
2026-01-22 17:15:00,1769102100000,0.4652,0.4657,0.4606,0.4615,125101.9
2026-01-22 17:30:00,1769103000000,0.4615,0.4626,0.4608,0.4619,106275.3
2026-01-22 17:45:00,1769103900000,0.4619,0.4657,0.4619,0.4652,167656.4
2026-01-22 18:00:00,1769104800000,0.4652,0.4652,0.462,0.462,137592.2
2026-01-22 18:15:00,1769105700000,0.462,0.4644,0.4617,0.463,79917.9
2026-01-22 18:30:00,1769106600000,0.463,0.4655,0.4628,0.4636,83795.5
2026-01-22 18:45:00,1769107500000,0.4636,0.4636,0.4599,0.4601,106568.9
2026-01-22 19:00:00,1769108400000,0.4601,0.4612,0.4586,0.4602,80501.2
2026-01-22 19:15:00,1769109300000,0.4602,0.4607,0.458,0.4596,125093.6
2026-01-22 19:30:00,1769110200000,0.4596,0.4629,0.4596,0.4621,116455.5
2026-01-22 19:45:00,1769111100000,0.4621,0.4626,0.4595,0.4613,188215.3
2026-01-22 20:00:00,1769112000000,0.4613,0.4617,0.46,0.4617,106852.3
2026-01-22 20:15:00,1769112900000,0.4617,0.4623,0.4566,0.4573,176853.8
2026-01-22 20:30:00,1769113800000,0.4573,0.4583,0.4555,0.456,97093.2
2026-01-22 20:45:00,1769114700000,0.456,0.4579,0.456,0.4571,91374.4
2026-01-22 21:00:00,1769115600000,0.4571,0.459,0.4565,0.4577,67181.6
2026-01-22 21:15:00,1769116500000,0.4577,0.4594,0.4573,0.458,68202.1
2026-01-22 21:30:00,1769117400000,0.458,0.4584,0.4561,0.4564,49776.9
2026-01-22 21:45:00,1769118300000,0.4564,0.4582,0.4556,0.4576,50723.5
2026-01-22 22:00:00,1769119200000,0.4576,0.4604,0.4566,0.4586,148766.0
2026-01-22 22:15:00,1769120100000,0.4586,0.4589,0.4559,0.4562,157516.3
2026-01-22 22:30:00,1769121000000,0.4562,0.4562,0.4544,0.4561,105651.2
2026-01-22 22:45:00,1769121900000,0.4561,0.4572,0.4555,0.4555,45532.8
2026-01-22 23:00:00,1769122800000,0.4555,0.456,0.4526,0.4555,262583.5
2026-01-22 23:15:00,1769123700000,0.4555,0.4569,0.4548,0.4561,67445.3
2026-01-22 23:30:00,1769124600000,0.4561,0.4572,0.4548,0.455,135335.9
2026-01-22 23:45:00,1769125500000,0.455,0.4574,0.455,0.457,71255.8
2026-01-23 00:00:00,1769126400000,0.457,0.4587,0.456,0.4583,233319.3
2026-01-23 00:15:00,1769127300000,0.4583,0.4588,0.4575,0.4583,88743.8
2026-01-23 00:30:00,1769128200000,0.4583,0.4585,0.4564,0.4578,95062.5
2026-01-23 00:45:00,1769129100000,0.4578,0.4587,0.4573,0.4574,63149.5
2026-01-23 01:00:00,1769130000000,0.4574,0.4597,0.4574,0.4584,81231.7
2026-01-23 01:15:00,1769130900000,0.4584,0.4595,0.4577,0.4587,91497.4
2026-01-23 01:30:00,1769131800000,0.4587,0.4612,0.4587,0.4607,142202.6
2026-01-23 01:45:00,1769132700000,0.4607,0.4623,0.4605,0.462,88867.2
2026-01-23 02:00:00,1769133600000,0.462,0.4625,0.4609,0.4621,161513.7
2026-01-23 02:15:00,1769134500000,0.4621,0.4621,0.461,0.4614,44579.3
2026-01-23 02:30:00,1769135400000,0.4614,0.4624,0.4612,0.4615,41872.2
2026-01-23 02:45:00,1769136300000,0.4615,0.462,0.4606,0.4606,32013.1
2026-01-23 03:00:00,1769137200000,0.4606,0.4632,0.4601,0.4632,161163.7
2026-01-23 03:15:00,1769138100000,0.4632,0.4676,0.4632,0.4668,234831.2
2026-01-23 03:30:00,1769139000000,0.4668,0.4679,0.4654,0.4668,137510.0
2026-01-23 03:45:00,1769139900000,0.4668,0.4679,0.4651,0.4679,447351.3
2026-01-23 04:00:00,1769140800000,0.4679,0.4682,0.4661,0.468,128856.7
2026-01-23 04:15:00,1769141700000,0.468,0.4705,0.4666,0.4705,238548.7
2026-01-23 04:30:00,1769142600000,0.4705,0.4705,0.4692,0.47,143178.7
2026-01-23 04:45:00,1769143500000,0.47,0.4729,0.4699,0.4715,233560.7
2026-01-23 05:00:00,1769144400000,0.4715,0.4715,0.4693,0.4701,574085.0
2026-01-23 05:15:00,1769145300000,0.4701,0.4715,0.4698,0.4709,116942.6
2026-01-23 05:30:00,1769146200000,0.4709,0.4715,0.4684,0.4687,54693.9
2026-01-23 05:45:00,1769147100000,0.4687,0.4701,0.4669,0.47,249571.0
2026-01-23 06:00:00,1769148000000,0.47,0.4709,0.4694,0.4696,120190.8
2026-01-23 06:15:00,1769148900000,0.4696,0.4699,0.4642,0.4648,125261.3
2026-01-23 06:30:00,1769149800000,0.4648,0.4678,0.4648,0.4667,114364.1
2026-01-23 06:45:00,1769150700000,0.4667,0.4668,0.4625,0.4626,66888.3
2026-01-23 07:00:00,1769151600000,0.4626,0.4642,0.4623,0.4631,102585.2
2026-01-23 07:15:00,1769152500000,0.4631,0.4655,0.4629,0.4638,203221.6
2026-01-23 07:30:00,1769153400000,0.4638,0.4642,0.4627,0.4632,154373.8
2026-01-23 07:45:00,1769154300000,0.4632,0.4637,0.4614,0.4631,190290.7
2026-01-23 08:00:00,1769155200000,0.4631,0.4642,0.4628,0.4637,66260.0
2026-01-23 08:15:00,1769156100000,0.4637,0.4644,0.4621,0.4628,68194.0
2026-01-23 08:30:00,1769157000000,0.4628,0.4637,0.4584,0.459,430447.4
2026-01-23 08:45:00,1769157900000,0.459,0.4597,0.4549,0.4574,510394.9
2026-01-23 09:00:00,1769158800000,0.4574,0.4595,0.4569,0.4583,202867.1
2026-01-23 09:15:00,1769159700000,0.4583,0.4591,0.4569,0.4581,69139.1
2026-01-23 09:30:00,1769160600000,0.4581,0.4602,0.4566,0.4593,337747.4
2026-01-23 09:45:00,1769161500000,0.4593,0.4599,0.4584,0.4594,144828.9
2026-01-23 10:00:00,1769162400000,0.4594,0.4621,0.4585,0.462,440314.4
2026-01-23 10:15:00,1769163300000,0.462,0.4626,0.4593,0.4596,219909.6
2026-01-23 10:30:00,1769164200000,0.4596,0.4599,0.4577,0.4585,129468.7
2026-01-23 10:45:00,1769165100000,0.4585,0.4594,0.458,0.4591,212494.9
2026-01-23 11:00:00,1769166000000,0.4591,0.4611,0.4589,0.4607,351638.7
2026-01-23 11:15:00,1769166900000,0.4607,0.461,0.4593,0.4606,258609.3
2026-01-23 11:30:00,1769167800000,0.4606,0.4619,0.4596,0.4596,185948.3
2026-01-23 11:45:00,1769168700000,0.4596,0.4607,0.4589,0.4601,137752.6
2026-01-23 12:00:00,1769169600000,0.4601,0.4607,0.4593,0.4593,137355.8
2026-01-23 12:15:00,1769170500000,0.4593,0.4596,0.4579,0.4592,158090.9
2026-01-23 12:30:00,1769171400000,0.4592,0.4596,0.4569,0.4591,319873.8
2026-01-23 12:45:00,1769172300000,0.4591,0.4593,0.458,0.458,60089.9
2026-01-23 13:00:00,1769173200000,0.458,0.4597,0.4576,0.4595,64172.7
2026-01-23 13:15:00,1769174100000,0.4595,0.4613,0.459,0.4608,196891.3
2026-01-23 13:30:00,1769175000000,0.4608,0.4614,0.4578,0.4598,207955.9
2026-01-23 13:45:00,1769175900000,0.4598,0.4607,0.4591,0.4593,78996.0
2026-01-23 14:00:00,1769176800000,0.4593,0.4604,0.4586,0.4591,66759.3
2026-01-23 14:15:00,1769177700000,0.4591,0.4607,0.458,0.4591,203646.5
2026-01-23 14:30:00,1769178600000,0.4591,0.46,0.4483,0.4486,1793416.4
2026-01-23 14:45:00,1769179500000,0.4486,0.4511,0.4443,0.4495,1280591.3
2026-01-23 15:00:00,1769180400000,0.4495,0.4528,0.4487,0.4498,563072.9
2026-01-23 15:15:00,1769181300000,0.4498,0.4552,0.4467,0.4534,1219288.0
2026-01-23 15:30:00,1769182200000,0.4534,0.4574,0.4529,0.4556,471184.3
2026-01-23 15:45:00,1769183100000,0.4556,0.4609,0.4553,0.4606,552988.4
2026-01-23 16:00:00,1769184000000,0.4606,0.462,0.4595,0.4615,412066.8
2026-01-23 16:15:00,1769184900000,0.4615,0.4624,0.4572,0.4575,300094.8
2026-01-23 16:30:00,1769185800000,0.4575,0.4662,0.4558,0.4658,720846.5
2026-01-23 16:45:00,1769186700000,0.4658,0.4677,0.4634,0.4637,305286.3
2026-01-23 17:00:00,1769187600000,0.4637,0.4637,0.4591,0.4621,259551.6
2026-01-23 17:15:00,1769188500000,0.4621,0.471,0.4621,0.471,441546.9
2026-01-23 17:30:00,1769189400000,0.471,0.4749,0.4689,0.4709,897280.1
2026-01-23 17:45:00,1769190300000,0.4709,0.4727,0.4673,0.4679,371963.0
2026-01-23 18:00:00,1769191200000,0.4679,0.4718,0.4661,0.4688,353748.6
2026-01-23 18:15:00,1769192100000,0.4688,0.4711,0.4677,0.4701,109501.9
2026-01-23 18:30:00,1769193000000,0.4701,0.4719,0.4689,0.4696,187700.0
2026-01-23 18:45:00,1769193900000,0.4696,0.4696,0.4665,0.4672,103088.5
2026-01-23 19:00:00,1769194800000,0.4672,0.4673,0.4623,0.4628,424544.2
2026-01-23 19:15:00,1769195700000,0.4628,0.4629,0.4574,0.4581,748531.8
2026-01-23 19:30:00,1769196600000,0.4581,0.4585,0.4548,0.457,634041.2
2026-01-23 19:45:00,1769197500000,0.457,0.4578,0.4553,0.457,218846.4
2026-01-23 20:00:00,1769198400000,0.457,0.4572,0.455,0.4564,149625.5
2026-01-23 20:15:00,1769199300000,0.4564,0.4567,0.4526,0.453,307659.1
2026-01-23 20:30:00,1769200200000,0.453,0.453,0.4477,0.4503,826634.9
2026-01-23 20:45:00,1769201100000,0.4503,0.4523,0.4475,0.4507,299080.8
2026-01-23 21:00:00,1769202000000,0.4507,0.4551,0.45,0.4548,133893.1
2026-01-23 21:15:00,1769202900000,0.4548,0.4558,0.4534,0.4555,220913.9
2026-01-23 21:30:00,1769203800000,0.4555,0.4556,0.4529,0.4532,277847.2
2026-01-23 21:45:00,1769204700000,0.4532,0.4553,0.4532,0.4536,126047.5
2026-01-23 22:00:00,1769205600000,0.4536,0.4571,0.4532,0.4554,272973.8
2026-01-23 22:15:00,1769206500000,0.4554,0.4563,0.4538,0.4553,60955.3
2026-01-23 22:30:00,1769207400000,0.4553,0.4569,0.4546,0.4546,65945.4
2026-01-23 22:45:00,1769208300000,0.4546,0.4564,0.4546,0.4558,85599.1
2026-01-23 23:00:00,1769209200000,0.4558,0.4558,0.4529,0.4548,177550.7
2026-01-23 23:15:00,1769210100000,0.4548,0.4551,0.4536,0.4538,73452.9
2026-01-23 23:30:00,1769211000000,0.4538,0.4543,0.4523,0.4525,149322.8
2026-01-23 23:45:00,1769211900000,0.4525,0.4536,0.4521,0.4532,109511.3
2026-01-24 00:00:00,1769212800000,0.4532,0.4563,0.4532,0.4553,227143.4
2026-01-24 00:15:00,1769213700000,0.4553,0.4559,0.4532,0.4533,112351.4
2026-01-24 00:30:00,1769214600000,0.4533,0.4549,0.4529,0.453,128716.6
2026-01-24 00:45:00,1769215500000,0.453,0.4538,0.4525,0.4526,73173.8
2026-01-24 01:00:00,1769216400000,0.4526,0.4535,0.4518,0.4521,259672.8
2026-01-24 01:15:00,1769217300000,0.4521,0.4528,0.4514,0.4518,71570.2
2026-01-24 01:30:00,1769218200000,0.4518,0.4527,0.4495,0.452,297974.7
2026-01-24 01:45:00,1769219100000,0.452,0.4529,0.4515,0.4527,51782.6
2026-01-24 02:00:00,1769220000000,0.4527,0.4553,0.4527,0.4539,106398.5
2026-01-24 02:15:00,1769220900000,0.4539,0.4545,0.4533,0.4539,99041.4
2026-01-24 02:30:00,1769221800000,0.4539,0.4547,0.4531,0.4535,72150.5
2026-01-24 02:45:00,1769222700000,0.4535,0.4538,0.4527,0.4535,73432.0
2026-01-24 03:00:00,1769223600000,0.4535,0.4569,0.4531,0.4561,131472.2
2026-01-24 03:15:00,1769224500000,0.4561,0.4598,0.4557,0.4598,94349.0
2026-01-24 03:30:00,1769225400000,0.4598,0.4609,0.4583,0.4592,102469.6
2026-01-24 03:45:00,1769226300000,0.4592,0.4599,0.4578,0.4583,90040.4
2026-01-24 04:00:00,1769227200000,0.4583,0.4588,0.4568,0.4571,138110.0
2026-01-24 04:15:00,1769228100000,0.4571,0.4572,0.4555,0.4559,76652.6
2026-01-24 04:30:00,1769229000000,0.4559,0.4562,0.4552,0.4562,43817.7
2026-01-24 04:45:00,1769229900000,0.4562,0.4565,0.4556,0.456,86626.9
2026-01-24 05:00:00,1769230800000,0.456,0.4562,0.4551,0.4552,46974.3
2026-01-24 05:15:00,1769231700000,0.4552,0.4556,0.4545,0.4547,68596.1
2026-01-24 05:30:00,1769232600000,0.4547,0.4551,0.4533,0.4551,59925.3
2026-01-24 05:45:00,1769233500000,0.4551,0.4562,0.455,0.4562,49001.4
2026-01-24 06:00:00,1769234400000,0.4562,0.4592,0.4562,0.4592,105081.6
2026-01-24 06:15:00,1769235300000,0.4592,0.4601,0.4583,0.4587,206487.3
2026-01-24 06:30:00,1769236200000,0.4587,0.4591,0.4581,0.4589,102653.0
2026-01-24 06:45:00,1769237100000,0.4589,0.4601,0.4578,0.4578,71716.2
2026-01-24 07:00:00,1769238000000,0.4578,0.4596,0.4577,0.4586,77897.9
2026-01-24 07:15:00,1769238900000,0.4586,0.459,0.4576,0.4584,45814.6
2026-01-24 07:30:00,1769239800000,0.4584,0.4595,0.4574,0.4576,80087.0
2026-01-24 07:45:00,1769240700000,0.4576,0.4579,0.4562,0.457,259506.0
2026-01-24 08:00:00,1769241600000,0.457,0.4579,0.4568,0.4575,104363.9
2026-01-24 08:15:00,1769242500000,0.4575,0.4579,0.4559,0.4577,72848.5
2026-01-24 08:30:00,1769243400000,0.4577,0.4621,0.4577,0.4615,235036.8
2026-01-24 08:45:00,1769244300000,0.4615,0.4615,0.4599,0.4612,92935.2
2026-01-24 09:00:00,1769245200000,0.4612,0.4612,0.4585,0.4589,138941.7
2026-01-24 09:15:00,1769246100000,0.4589,0.459,0.4583,0.4584,23694.7
2026-01-24 09:30:00,1769247000000,0.4584,0.4588,0.4574,0.4582,165435.7
2026-01-24 09:45:00,1769247900000,0.4582,0.4587,0.4576,0.4578,46151.8
2026-01-24 10:00:00,1769248800000,0.4578,0.4584,0.4576,0.4579,29434.1
2026-01-24 10:15:00,1769249700000,0.4579,0.4595,0.4577,0.4592,115013.4
2026-01-24 10:30:00,1769250600000,0.4592,0.4601,0.4589,0.4597,38908.8
2026-01-24 10:45:00,1769251500000,0.4597,0.4599,0.4584,0.4592,48492.5
2026-01-24 11:00:00,1769252400000,0.4592,0.4612,0.4591,0.4608,129580.3
2026-01-24 11:15:00,1769253300000,0.4608,0.4618,0.4598,0.4616,94930.8
2026-01-24 11:30:00,1769254200000,0.4616,0.4632,0.4611,0.4632,160019.7
2026-01-24 11:45:00,1769255100000,0.4632,0.4642,0.4622,0.4642,174758.2
2026-01-24 12:00:00,1769256000000,0.4642,0.4649,0.4632,0.4647,106820.2
2026-01-24 12:15:00,1769256900000,0.4647,0.4655,0.4641,0.4653,121317.8
2026-01-24 12:30:00,1769257800000,0.4653,0.4657,0.4645,0.465,60355.2
2026-01-24 12:45:00,1769258700000,0.465,0.4654,0.4635,0.4643,58313.4
2026-01-24 13:00:00,1769259600000,0.4643,0.4648,0.4624,0.4626,120046.8
2026-01-24 13:15:00,1769260500000,0.4626,0.4629,0.4621,0.4628,43777.4
2026-01-24 13:30:00,1769261400000,0.4628,0.4642,0.4628,0.4632,53253.8
2026-01-24 13:45:00,1769262300000,0.4632,0.4643,0.4602,0.4602,91141.1
2026-01-24 14:00:00,1769263200000,0.4602,0.4617,0.4584,0.4613,344244.1
2026-01-24 14:15:00,1769264100000,0.4613,0.4623,0.4598,0.4607,136644.8
2026-01-24 14:30:00,1769265000000,0.4607,0.4638,0.4607,0.4625,76318.3
2026-01-24 14:45:00,1769265900000,0.4625,0.464,0.4619,0.462,101085.2
2026-01-24 15:00:00,1769266800000,0.462,0.4636,0.462,0.4628,58687.8
2026-01-24 15:15:00,1769267700000,0.4628,0.4628,0.4596,0.4597,187436.2
2026-01-24 15:30:00,1769268600000,0.4597,0.4599,0.4549,0.4551,727735.1
2026-01-24 15:45:00,1769269500000,0.4551,0.456,0.4538,0.4548,175188.8
2026-01-24 16:00:00,1769270400000,0.4548,0.456,0.4543,0.4547,185671.8
2026-01-24 16:15:00,1769271300000,0.4547,0.4547,0.4515,0.4531,351152.3
2026-01-24 16:30:00,1769272200000,0.4531,0.4541,0.4526,0.4529,82019.5
2026-01-24 16:45:00,1769273100000,0.4529,0.4564,0.4529,0.455,109441.7
2026-01-24 17:00:00,1769274000000,0.455,0.4559,0.4534,0.4553,157855.0
2026-01-24 17:15:00,1769274900000,0.4553,0.4561,0.4548,0.4555,93583.7
2026-01-24 17:30:00,1769275800000,0.4555,0.4558,0.4542,0.4555,85745.2
2026-01-24 17:45:00,1769276700000,0.4555,0.4555,0.4544,0.4547,85901.8
2026-01-24 18:00:00,1769277600000,0.4547,0.4556,0.4538,0.4551,61583.0
2026-01-24 18:15:00,1769278500000,0.4551,0.4553,0.4539,0.4549,35273.2
2026-01-24 18:30:00,1769279400000,0.4549,0.4562,0.4544,0.4544,90882.5
2026-01-24 18:45:00,1769280300000,0.4544,0.4548,0.4539,0.4543,46980.4
2026-01-24 19:00:00,1769281200000,0.4543,0.4546,0.4536,0.4537,49546.0
2026-01-24 19:15:00,1769282100000,0.4537,0.4541,0.4533,0.454,34526.9
2026-01-24 19:30:00,1769283000000,0.454,0.4541,0.4534,0.4535,21755.7
2026-01-24 19:45:00,1769283900000,0.4535,0.4551,0.4534,0.4541,219162.6
2026-01-24 20:00:00,1769284800000,0.4541,0.4562,0.4541,0.4559,101169.3
2026-01-24 20:15:00,1769285700000,0.4559,0.4578,0.4559,0.4572,84254.9
2026-01-24 20:30:00,1769286600000,0.4572,0.4578,0.4565,0.4571,111866.8
2026-01-24 20:45:00,1769287500000,0.4571,0.4582,0.4568,0.4578,47665.9
2026-01-24 21:00:00,1769288400000,0.4578,0.4583,0.4559,0.4567,44471.4
2026-01-24 21:15:00,1769289300000,0.4567,0.4573,0.4562,0.4562,20452.2
2026-01-24 21:30:00,1769290200000,0.4562,0.457,0.4549,0.4569,244367.7
2026-01-24 21:45:00,1769291100000,0.4569,0.4569,0.4555,0.4558,24059.3
2026-01-24 22:00:00,1769292000000,0.4558,0.4573,0.4551,0.4565,108235.2
2026-01-24 22:15:00,1769292900000,0.4565,0.4571,0.456,0.4565,85485.9
2026-01-24 22:30:00,1769293800000,0.4565,0.4568,0.4555,0.4555,41528.5
2026-01-24 22:45:00,1769294700000,0.4555,0.4576,0.4553,0.4567,18600.6
2026-01-24 23:00:00,1769295600000,0.4567,0.4597,0.4567,0.4585,300660.7
2026-01-24 23:15:00,1769296500000,0.4585,0.4589,0.4577,0.4589,254437.4
2026-01-24 23:30:00,1769297400000,0.4589,0.459,0.4578,0.458,101895.8
2026-01-24 23:45:00,1769298300000,0.458,0.4592,0.458,0.4586,45072.5
2026-01-25 00:00:00,1769299200000,0.4586,0.4599,0.4581,0.4594,212572.5
2026-01-25 00:15:00,1769300100000,0.4594,0.4605,0.4579,0.4583,389446.4
2026-01-25 00:30:00,1769301000000,0.4583,0.4586,0.4567,0.457,160192.0
2026-01-25 00:45:00,1769301900000,0.457,0.4587,0.4556,0.4587,135323.6
2026-01-25 01:00:00,1769302800000,0.4587,0.4605,0.4579,0.4579,66647.0
2026-01-25 01:15:00,1769303700000,0.4579,0.4587,0.4562,0.4563,100811.1
2026-01-25 01:30:00,1769304600000,0.4563,0.4563,0.4535,0.4535,242848.5
2026-01-25 01:45:00,1769305500000,0.4535,0.4546,0.4535,0.4546,87798.7
2026-01-25 02:00:00,1769306400000,0.4546,0.4575,0.4544,0.4575,112340.3
2026-01-25 02:15:00,1769307300000,0.4575,0.4576,0.4556,0.4558,44277.9
2026-01-25 02:30:00,1769308200000,0.4558,0.4562,0.454,0.4541,69035.9
2026-01-25 02:45:00,1769309100000,0.4541,0.4558,0.4539,0.4549,76016.1
2026-01-25 03:00:00,1769310000000,0.4549,0.4564,0.4544,0.4544,33490.6
2026-01-25 03:15:00,1769310900000,0.4544,0.4545,0.4519,0.4527,128567.4
2026-01-25 03:30:00,1769311800000,0.4527,0.4527,0.4501,0.4518,193343.5
2026-01-25 03:45:00,1769312700000,0.4518,0.4524,0.4505,0.4512,105631.6
2026-01-25 04:00:00,1769313600000,0.4512,0.4531,0.4495,0.4497,81631.9
2026-01-25 04:15:00,1769314500000,0.4497,0.4516,0.4497,0.4515,45619.7
2026-01-25 04:30:00,1769315400000,0.4515,0.4538,0.4515,0.4522,81458.2
2026-01-25 04:45:00,1769316300000,0.4522,0.4525,0.4508,0.4508,34723.8
2026-01-25 05:00:00,1769317200000,0.4508,0.4521,0.4502,0.4521,98190.1
2026-01-25 05:15:00,1769318100000,0.4521,0.4522,0.4508,0.4516,82837.4
2026-01-25 05:30:00,1769319000000,0.4516,0.4516,0.4501,0.4506,88356.0
2026-01-25 05:45:00,1769319900000,0.4506,0.4525,0.4506,0.4523,27711.7
2026-01-25 06:00:00,1769320800000,0.4523,0.4527,0.4509,0.4512,68862.2
2026-01-25 06:15:00,1769321700000,0.4512,0.4533,0.4512,0.4521,63833.8
2026-01-25 06:30:00,1769322600000,0.4521,0.4541,0.4521,0.453,72218.9
2026-01-25 06:45:00,1769323500000,0.453,0.4531,0.4508,0.4513,36393.2
2026-01-25 07:00:00,1769324400000,0.4513,0.4513,0.4466,0.4474,328110.8
2026-01-25 07:15:00,1769325300000,0.4474,0.4501,0.4474,0.4494,178597.3
2026-01-25 07:30:00,1769326200000,0.4494,0.4508,0.4483,0.4506,44944.4
2026-01-25 07:45:00,1769327100000,0.4506,0.4516,0.4503,0.4507,68467.6
2026-01-25 08:00:00,1769328000000,0.4507,0.4519,0.4502,0.4514,78652.3
2026-01-25 08:15:00,1769328900000,0.4514,0.4523,0.4508,0.4512,80129.9
2026-01-25 08:30:00,1769329800000,0.4512,0.4513,0.4475,0.4497,344973.5
2026-01-25 08:45:00,1769330700000,0.4497,0.4498,0.4472,0.4491,255469.1
2026-01-25 09:00:00,1769331600000,0.4491,0.4515,0.4489,0.4506,216310.3
2026-01-25 09:15:00,1769332500000,0.4506,0.4526,0.4506,0.4521,197155.2
2026-01-25 09:30:00,1769333400000,0.4521,0.4576,0.4521,0.4573,236315.2
2026-01-25 09:45:00,1769334300000,0.4573,0.458,0.4537,0.4539,194385.8
2026-01-25 10:00:00,1769335200000,0.4539,0.4558,0.4539,0.4552,158752.3
2026-01-25 10:15:00,1769336100000,0.4552,0.458,0.4552,0.4577,133364.4
2026-01-25 10:30:00,1769337000000,0.4577,0.4586,0.4571,0.4579,97478.0
2026-01-25 10:45:00,1769337900000,0.4579,0.4579,0.4556,0.4556,72097.3
2026-01-25 11:00:00,1769338800000,0.4556,0.4557,0.4539,0.4539,117214.7
2026-01-25 11:15:00,1769339700000,0.4539,0.4568,0.4539,0.4564,85079.0
2026-01-25 11:30:00,1769340600000,0.4564,0.4581,0.456,0.456,92921.5
2026-01-25 11:45:00,1769341500000,0.456,0.4561,0.4538,0.4546,51063.6
2026-01-25 12:00:00,1769342400000,0.4546,0.4546,0.4512,0.4515,190312.6
2026-01-25 12:15:00,1769343300000,0.4515,0.4518,0.4485,0.4489,234763.7
2026-01-25 12:30:00,1769344200000,0.4489,0.4509,0.448,0.4505,122842.7
2026-01-25 12:45:00,1769345100000,0.4505,0.4519,0.4502,0.4514,107185.4
2026-01-25 13:00:00,1769346000000,0.4514,0.4522,0.4502,0.4503,72661.3
2026-01-25 13:15:00,1769346900000,0.4503,0.4514,0.4488,0.4488,85359.4
2026-01-25 13:30:00,1769347800000,0.4488,0.4506,0.4479,0.4503,78422.1
2026-01-25 13:45:00,1769348700000,0.4503,0.4517,0.4499,0.4504,120334.2
2026-01-25 14:00:00,1769349600000,0.4504,0.4509,0.4475,0.4479,51000.0
2026-01-25 14:15:00,1769350500000,0.4479,0.4487,0.4433,0.4458,547466.2
2026-01-25 14:30:00,1769351400000,0.4458,0.4469,0.4445,0.446,163968.1
2026-01-25 14:45:00,1769352300000,0.446,0.4484,0.4447,0.4483,124306.5
2026-01-25 15:00:00,1769353200000,0.4483,0.4507,0.4478,0.4498,89515.0
2026-01-25 15:15:00,1769354100000,0.4498,0.4511,0.4474,0.45,73879.9
2026-01-25 15:30:00,1769355000000,0.45,0.45,0.4473,0.4475,100895.1
2026-01-25 15:45:00,1769355900000,0.4475,0.448,0.4466,0.4474,153616.8
2026-01-25 16:00:00,1769356800000,0.4474,0.4474,0.4345,0.4368,2627553.1
2026-01-25 16:15:00,1769357700000,0.4368,0.4376,0.4321,0.4358,1469147.4
2026-01-25 16:30:00,1769358600000,0.4358,0.437,0.434,0.4344,483941.8
2026-01-25 16:45:00,1769359500000,0.4344,0.4369,0.4334,0.4364,269471.1
2026-01-25 17:00:00,1769360400000,0.4364,0.4378,0.4318,0.4322,525098.8
2026-01-25 17:15:00,1769361300000,0.4322,0.4346,0.4309,0.434,1240115.8
2026-01-25 17:30:00,1769362200000,0.434,0.4357,0.4332,0.4357,244666.1
2026-01-25 17:45:00,1769363100000,0.4357,0.4362,0.4339,0.4342,125797.8
2026-01-25 18:00:00,1769364000000,0.4342,0.435,0.4275,0.432,1146789.7
2026-01-25 18:15:00,1769364900000,0.432,0.434,0.4294,0.4299,756097.3
2026-01-25 18:30:00,1769365800000,0.4299,0.43,0.4254,0.4273,881605.5
2026-01-25 18:45:00,1769366700000,0.4273,0.4289,0.4263,0.4282,328720.6
2026-01-25 19:00:00,1769367600000,0.4282,0.4295,0.4273,0.4273,353285.6
2026-01-25 19:15:00,1769368500000,0.4273,0.4273,0.4183,0.4196,1611947.9
2026-01-25 19:30:00,1769369400000,0.4196,0.4237,0.4186,0.4226,398053.0
2026-01-25 19:45:00,1769370300000,0.4226,0.4226,0.4148,0.4176,994842.6
2026-01-25 20:00:00,1769371200000,0.4176,0.4225,0.4174,0.4199,687665.9
2026-01-25 20:15:00,1769372100000,0.4199,0.4208,0.4187,0.4199,287999.7
2026-01-25 20:30:00,1769373000000,0.4199,0.4199,0.4167,0.4187,372053.3
2026-01-25 20:45:00,1769373900000,0.4187,0.4219,0.4182,0.4217,267276.8
2026-01-25 21:00:00,1769374800000,0.4217,0.4251,0.4215,0.4246,282723.6
2026-01-25 21:15:00,1769375700000,0.4246,0.4258,0.4237,0.4258,157304.2
2026-01-25 21:30:00,1769376600000,0.4258,0.4258,0.4226,0.4238,114930.7
2026-01-25 21:45:00,1769377500000,0.4238,0.4262,0.4235,0.4249,118438.7
2026-01-25 22:00:00,1769378400000,0.4249,0.4254,0.4224,0.4238,335901.4
2026-01-25 22:15:00,1769379300000,0.4238,0.4241,0.4203,0.4212,185047.4
2026-01-25 22:30:00,1769380200000,0.4212,0.4236,0.4197,0.4225,170774.3
2026-01-25 22:45:00,1769381100000,0.4225,0.4229,0.4203,0.4227,172872.5
2026-01-25 23:00:00,1769382000000,0.4227,0.426,0.4207,0.425,238020.2
2026-01-25 23:15:00,1769382900000,0.425,0.4281,0.4239,0.4265,188391.8
2026-01-25 23:30:00,1769383800000,0.4265,0.4276,0.4249,0.4262,109345.2
2026-01-25 23:45:00,1769384700000,0.4262,0.4282,0.4262,0.4278,153349.6
2026-01-26 00:00:00,1769385600000,0.4278,0.4291,0.4265,0.4291,610223.8
2026-01-26 00:15:00,1769386500000,0.4291,0.4311,0.4284,0.429,312975.5
2026-01-26 00:30:00,1769387400000,0.429,0.429,0.426,0.4262,216157.7
2026-01-26 00:45:00,1769388300000,0.4262,0.4322,0.426,0.4316,169578.2
2026-01-26 01:00:00,1769389200000,0.4316,0.4393,0.4316,0.4379,402976.1
2026-01-26 01:15:00,1769390100000,0.4379,0.4388,0.4366,0.4377,164143.9
2026-01-26 01:30:00,1769391000000,0.4377,0.4394,0.4376,0.4394,161978.0
2026-01-26 01:45:00,1769391900000,0.4394,0.4411,0.4389,0.4396,316314.4
2026-01-26 02:00:00,1769392800000,0.4396,0.4405,0.4359,0.4364,241739.9
2026-01-26 02:15:00,1769393700000,0.4364,0.4406,0.4364,0.4404,174439.5
2026-01-26 02:30:00,1769394600000,0.4404,0.4412,0.4398,0.4404,65396.6
2026-01-26 02:45:00,1769395500000,0.4404,0.4419,0.4403,0.4413,91375.7
2026-01-26 03:00:00,1769396400000,0.4413,0.4438,0.441,0.4416,136837.9
2026-01-26 03:15:00,1769397300000,0.4416,0.4431,0.4399,0.4399,149466.3
2026-01-26 03:30:00,1769398200000,0.4399,0.4403,0.4379,0.4388,115815.4
2026-01-26 03:45:00,1769399100000,0.4388,0.4393,0.4369,0.4386,136445.0
2026-01-26 04:00:00,1769400000000,0.4386,0.441,0.4386,0.4401,107331.4
2026-01-26 04:15:00,1769400900000,0.4401,0.4452,0.4398,0.4451,112640.1
2026-01-26 04:30:00,1769401800000,0.4451,0.4465,0.4438,0.4438,197627.3
2026-01-26 04:45:00,1769402700000,0.4438,0.4442,0.4429,0.4432,92278.7
2026-01-26 05:00:00,1769403600000,0.4432,0.4439,0.4419,0.4422,72288.5
2026-01-26 05:15:00,1769404500000,0.4422,0.4425,0.4404,0.4415,31239.1
2026-01-26 05:30:00,1769405400000,0.4415,0.4424,0.4406,0.4421,41458.4
2026-01-26 05:45:00,1769406300000,0.4421,0.4433,0.4421,0.4423,46968.9
2026-01-26 06:00:00,1769407200000,0.4423,0.4424,0.4393,0.4394,151605.7
2026-01-26 06:15:00,1769408100000,0.4394,0.4412,0.4394,0.4409,65291.1
2026-01-26 06:30:00,1769409000000,0.4409,0.4421,0.4399,0.442,77505.8
2026-01-26 06:45:00,1769409900000,0.442,0.4453,0.4419,0.4453,166138.8
2026-01-26 07:00:00,1769410800000,0.4453,0.4461,0.4445,0.4459,180359.1
2026-01-26 07:15:00,1769411700000,0.4459,0.4479,0.4438,0.4438,189567.9
2026-01-26 07:30:00,1769412600000,0.4438,0.4444,0.4428,0.4433,74947.4
2026-01-26 07:45:00,1769413500000,0.4433,0.4452,0.4431,0.4446,41986.4
2026-01-26 08:00:00,1769414400000,0.4446,0.445,0.4431,0.4431,175902.6
2026-01-26 08:15:00,1769415300000,0.4431,0.4486,0.4431,0.4472,333973.9
2026-01-26 08:30:00,1769416200000,0.4472,0.448,0.4454,0.4458,76055.4
2026-01-26 08:45:00,1769417100000,0.4458,0.4462,0.445,0.4455,47906.8
2026-01-26 09:00:00,1769418000000,0.4455,0.4456,0.4421,0.4423,228080.9
2026-01-26 09:15:00,1769418900000,0.4423,0.4428,0.4409,0.441,98560.9
2026-01-26 09:30:00,1769419800000,0.441,0.4421,0.4401,0.4417,67524.7
2026-01-26 09:45:00,1769420700000,0.4417,0.4419,0.44,0.441,82649.9
2026-01-26 10:00:00,1769421600000,0.441,0.4441,0.441,0.4427,129212.8
2026-01-26 10:15:00,1769422500000,0.4427,0.4431,0.4418,0.4424,67620.3
2026-01-26 10:30:00,1769423400000,0.4424,0.4425,0.4416,0.442,91523.4
2026-01-26 10:45:00,1769424300000,0.442,0.4425,0.4418,0.4425,10602.0
2026-01-26 11:00:00,1769425200000,0.4425,0.4435,0.4423,0.4435,46769.2
2026-01-26 11:15:00,1769426100000,0.4435,0.4435,0.4416,0.4416,42629.5
2026-01-26 11:30:00,1769427000000,0.4416,0.4421,0.4413,0.4417,38684.5
2026-01-26 11:45:00,1769427900000,0.4417,0.4424,0.4411,0.4424,30083.3
2026-01-26 12:00:00,1769428800000,0.4424,0.4448,0.4424,0.4442,70746.6
2026-01-26 12:15:00,1769429700000,0.4442,0.4464,0.4442,0.4451,136957.5
2026-01-26 12:30:00,1769430600000,0.4451,0.4451,0.4424,0.4428,139064.2
2026-01-26 12:45:00,1769431500000,0.4428,0.4442,0.4427,0.4441,34733.7
2026-01-26 13:00:00,1769432400000,0.4441,0.4461,0.4441,0.4452,48758.3
2026-01-26 13:15:00,1769433300000,0.4452,0.4474,0.445,0.4458,64135.8
2026-01-26 13:30:00,1769434200000,0.4458,0.4465,0.4443,0.4451,63591.3
2026-01-26 13:45:00,1769435100000,0.4451,0.4456,0.4442,0.4452,87753.1
2026-01-26 14:00:00,1769436000000,0.4452,0.4456,0.4422,0.4425,368004.9
2026-01-26 14:15:00,1769436900000,0.4425,0.4437,0.4418,0.4419,151229.6
2026-01-26 14:30:00,1769437800000,0.4419,0.449,0.4403,0.4458,948291.2
2026-01-26 14:45:00,1769438700000,0.4458,0.4474,0.4442,0.4471,155543.5
2026-01-26 15:00:00,1769439600000,0.4471,0.4529,0.4456,0.4527,555597.4
2026-01-26 15:15:00,1769440500000,0.4527,0.4541,0.4487,0.4492,432172.2
2026-01-26 15:30:00,1769441400000,0.4492,0.4494,0.4417,0.4425,686294.1
2026-01-26 15:45:00,1769442300000,0.4425,0.4452,0.4416,0.4442,195051.1
2026-01-26 16:00:00,1769443200000,0.4442,0.4464,0.4434,0.4445,214773.4
2026-01-26 16:15:00,1769444100000,0.4445,0.448,0.443,0.4458,414051.1
2026-01-26 16:30:00,1769445000000,0.4458,0.4468,0.4445,0.4447,80874.6
2026-01-26 16:45:00,1769445900000,0.4447,0.4509,0.4444,0.4475,327896.4
2026-01-26 17:00:00,1769446800000,0.4475,0.4499,0.4459,0.4467,284789.4
2026-01-26 17:15:00,1769447700000,0.4467,0.4475,0.4443,0.4444,226904.6
2026-01-26 17:30:00,1769448600000,0.4444,0.4458,0.4414,0.4446,206555.9
2026-01-26 17:45:00,1769449500000,0.4446,0.4488,0.4446,0.4468,463149.6
2026-01-26 18:00:00,1769450400000,0.4468,0.4473,0.4442,0.4445,431443.2
2026-01-26 18:15:00,1769451300000,0.4445,0.4468,0.4433,0.4466,228012.1
2026-01-26 18:30:00,1769452200000,0.4466,0.4491,0.4457,0.4462,370005.3
2026-01-26 18:45:00,1769453100000,0.4462,0.4479,0.4449,0.4476,212077.2
2026-01-26 19:00:00,1769454000000,0.4476,0.4488,0.4462,0.4467,130148.9
2026-01-26 19:15:00,1769454900000,0.4467,0.4473,0.4451,0.4452,68513.5
2026-01-26 19:30:00,1769455800000,0.4452,0.4466,0.4444,0.4452,49101.1
2026-01-26 19:45:00,1769456700000,0.4452,0.4459,0.4431,0.444,85860.7
2026-01-26 20:00:00,1769457600000,0.444,0.4449,0.4429,0.4433,112841.5
2026-01-26 20:15:00,1769458500000,0.4433,0.4435,0.4406,0.4414,322405.6
2026-01-26 20:30:00,1769459400000,0.4414,0.4424,0.4404,0.4421,274243.8
2026-01-26 20:45:00,1769460300000,0.4421,0.445,0.4418,0.4438,482678.6
2026-01-26 21:00:00,1769461200000,0.4438,0.444,0.442,0.4438,186745.4
2026-01-26 21:15:00,1769462100000,0.4438,0.4446,0.4427,0.4445,61035.5
2026-01-26 21:30:00,1769463000000,0.4445,0.4504,0.4445,0.4486,543213.2
2026-01-26 21:45:00,1769463900000,0.4486,0.4498,0.4479,0.4484,93852.5
2026-01-26 22:00:00,1769464800000,0.4484,0.4502,0.4481,0.4487,282258.8
2026-01-26 22:15:00,1769465700000,0.4487,0.449,0.4464,0.4465,33307.2
2026-01-26 22:30:00,1769466600000,0.4465,0.4484,0.4458,0.4463,122690.4
2026-01-26 22:45:00,1769467500000,0.4463,0.4471,0.446,0.4461,47244.9
2026-01-26 23:00:00,1769468400000,0.4461,0.4462,0.444,0.4448,83168.0
2026-01-26 23:15:00,1769469300000,0.4448,0.4455,0.444,0.4454,49189.0
2026-01-26 23:30:00,1769470200000,0.4454,0.4468,0.4446,0.4446,94871.0
2026-01-26 23:45:00,1769471100000,0.4446,0.4448,0.4436,0.4438,102405.2
2026-01-27 00:00:00,1769472000000,0.4438,0.444,0.442,0.4422,97266.8
2026-01-27 00:15:00,1769472900000,0.4422,0.4449,0.4422,0.4439,106536.8
2026-01-27 00:30:00,1769473800000,0.4439,0.4448,0.4435,0.4443,38533.7
2026-01-27 00:45:00,1769474700000,0.4443,0.4448,0.444,0.4442,25763.2
2026-01-27 01:00:00,1769475600000,0.4442,0.4442,0.4421,0.4425,67673.1
2026-01-27 01:15:00,1769476500000,0.4425,0.4456,0.4423,0.4453,143856.0
2026-01-27 01:30:00,1769477400000,0.4453,0.4472,0.4448,0.4463,151789.1
2026-01-27 01:45:00,1769478300000,0.4463,0.4484,0.4457,0.4459,133985.8
2026-01-27 02:00:00,1769479200000,0.4459,0.4479,0.4444,0.4447,198414.7
2026-01-27 02:15:00,1769480100000,0.4447,0.4449,0.4426,0.4426,49673.0
2026-01-27 02:30:00,1769481000000,0.4426,0.4447,0.4426,0.4433,169980.6
2026-01-27 02:45:00,1769481900000,0.4433,0.4438,0.4428,0.4433,108735.7
2026-01-27 03:00:00,1769482800000,0.4433,0.4441,0.4415,0.4419,124015.9
2026-01-27 03:15:00,1769483700000,0.4419,0.4423,0.4413,0.442,110619.6
2026-01-27 03:30:00,1769484600000,0.442,0.4424,0.4409,0.4418,42859.7
2026-01-27 03:45:00,1769485500000,0.4418,0.442,0.4412,0.4419,58493.9
2026-01-27 04:00:00,1769486400000,0.4419,0.4447,0.4416,0.4433,192299.6
2026-01-27 04:15:00,1769487300000,0.4433,0.4437,0.4415,0.4419,46453.4
2026-01-27 04:30:00,1769488200000,0.4419,0.4421,0.4407,0.4407,43585.4
2026-01-27 04:45:00,1769489100000,0.4407,0.4426,0.4402,0.4423,86625.5
2026-01-27 05:00:00,1769490000000,0.4423,0.4426,0.4417,0.4418,48556.0
2026-01-27 05:15:00,1769490900000,0.4418,0.4424,0.4408,0.4421,59048.9
2026-01-27 05:30:00,1769491800000,0.4421,0.4425,0.4415,0.4418,43956.8
2026-01-27 05:45:00,1769492700000,0.4418,0.4425,0.4417,0.4423,31028.2
2026-01-27 06:00:00,1769493600000,0.4423,0.443,0.4406,0.4411,168257.7
2026-01-27 06:15:00,1769494500000,0.4411,0.442,0.4408,0.4409,26520.5
2026-01-27 06:30:00,1769495400000,0.4409,0.4411,0.4387,0.4387,258032.3
2026-01-27 06:45:00,1769496300000,0.4387,0.4398,0.4386,0.4395,45262.5
2026-01-27 07:00:00,1769497200000,0.4395,0.4413,0.4392,0.4413,59720.4
2026-01-27 07:15:00,1769498100000,0.4413,0.4425,0.4409,0.4424,60268.9
2026-01-27 07:30:00,1769499000000,0.4424,0.4443,0.442,0.4438,88973.6
2026-01-27 07:45:00,1769499900000,0.4438,0.4439,0.4412,0.4418,93317.3
2026-01-27 08:00:00,1769500800000,0.4418,0.4427,0.4408,0.4412,76811.8
2026-01-27 08:15:00,1769501700000,0.4412,0.4416,0.4406,0.4411,28448.9
2026-01-27 08:30:00,1769502600000,0.4411,0.442,0.4404,0.441,66259.3
2026-01-27 08:45:00,1769503500000,0.441,0.4421,0.4404,0.441,27034.0
2026-01-27 09:00:00,1769504400000,0.441,0.4411,0.4396,0.4401,39785.0
2026-01-27 09:15:00,1769505300000,0.4401,0.4405,0.439,0.4395,42389.3
2026-01-27 09:30:00,1769506200000,0.4395,0.4414,0.4395,0.4411,66677.5
2026-01-27 09:45:00,1769507100000,0.4411,0.4411,0.4394,0.4394,24277.3
2026-01-27 10:00:00,1769508000000,0.4394,0.4408,0.4391,0.4407,83572.8
2026-01-27 10:15:00,1769508900000,0.4407,0.4413,0.44,0.4404,41707.2
2026-01-27 10:30:00,1769509800000,0.4404,0.4404,0.4388,0.44,56777.9
2026-01-27 10:45:00,1769510700000,0.44,0.4408,0.4396,0.4403,45150.5
2026-01-27 11:00:00,1769511600000,0.4403,0.4405,0.4394,0.4404,34837.2
2026-01-27 11:15:00,1769512500000,0.4404,0.4409,0.4399,0.4401,34582.0
2026-01-27 11:30:00,1769513400000,0.4401,0.4425,0.44,0.4414,143126.0
2026-01-27 11:45:00,1769514300000,0.4414,0.4418,0.4407,0.4412,91334.3
2026-01-27 12:00:00,1769515200000,0.4412,0.4419,0.4408,0.4411,71309.5
2026-01-27 12:15:00,1769516100000,0.4411,0.4421,0.441,0.4414,66350.1
2026-01-27 12:30:00,1769517000000,0.4414,0.4415,0.4381,0.4383,109376.7
2026-01-27 12:45:00,1769517900000,0.4383,0.4404,0.4383,0.4401,70660.6
2026-01-27 13:00:00,1769518800000,0.4401,0.4414,0.4401,0.4408,66299.4
2026-01-27 13:15:00,1769519700000,0.4408,0.4409,0.4387,0.4392,107986.3
2026-01-27 13:30:00,1769520600000,0.4392,0.4412,0.4384,0.4406,76345.4
2026-01-27 13:45:00,1769521500000,0.4406,0.4406,0.4375,0.4379,90775.1
2026-01-27 14:00:00,1769522400000,0.4379,0.4409,0.4373,0.4409,113146.8
2026-01-27 14:15:00,1769523300000,0.4409,0.4435,0.4401,0.4401,331355.9
2026-01-27 14:30:00,1769524200000,0.4401,0.441,0.4368,0.4372,251746.0
2026-01-27 14:45:00,1769525100000,0.4372,0.4383,0.4361,0.4373,254765.8
2026-01-27 15:00:00,1769526000000,0.4373,0.441,0.4365,0.4394,149411.2
2026-01-27 15:15:00,1769526900000,0.4394,0.4399,0.4369,0.4369,85142.9
2026-01-27 15:30:00,1769527800000,0.4369,0.439,0.4366,0.4386,81430.8
2026-01-27 15:45:00,1769528700000,0.4386,0.4446,0.4386,0.4441,189484.4
2026-01-27 16:00:00,1769529600000,0.4441,0.4496,0.4428,0.449,436257.9
2026-01-27 16:15:00,1769530500000,0.449,0.4505,0.4465,0.4468,272145.4
2026-01-27 16:30:00,1769531400000,0.4468,0.4543,0.4467,0.4536,361973.9
2026-01-27 16:45:00,1769532300000,0.4536,0.4537,0.4498,0.4507,190338.3
2026-01-27 17:00:00,1769533200000,0.4507,0.4517,0.4423,0.4427,431184.7
2026-01-27 17:15:00,1769534100000,0.4427,0.4428,0.4375,0.4417,641452.0
2026-01-27 17:30:00,1769535000000,0.4417,0.4433,0.4379,0.4384,298248.5
2026-01-27 17:45:00,1769535900000,0.4384,0.4395,0.4373,0.4394,189854.8
2026-01-27 18:00:00,1769536800000,0.4394,0.4431,0.4386,0.4413,112631.8
2026-01-27 18:15:00,1769537700000,0.4413,0.4429,0.4412,0.4418,96009.6
2026-01-27 18:30:00,1769538600000,0.4418,0.443,0.4403,0.4422,125451.1
2026-01-27 18:45:00,1769539500000,0.4422,0.4498,0.4422,0.4478,197326.1
2026-01-27 19:00:00,1769540400000,0.4478,0.4482,0.4455,0.4482,99490.6
2026-01-27 19:15:00,1769541300000,0.4482,0.4489,0.447,0.4479,81546.2
2026-01-27 19:30:00,1769542200000,0.4479,0.4494,0.4459,0.4491,226880.3
2026-01-27 19:45:00,1769543100000,0.4491,0.4502,0.4487,0.4491,83084.7
2026-01-27 20:00:00,1769544000000,0.4491,0.4518,0.4486,0.4518,151171.9
2026-01-27 20:15:00,1769544900000,0.4518,0.4574,0.4509,0.4569,705273.9
2026-01-27 20:30:00,1769545800000,0.4569,0.4575,0.4532,0.4534,337851.4
2026-01-27 20:45:00,1769546700000,0.4534,0.4577,0.4533,0.4569,312824.6
2026-01-27 21:00:00,1769547600000,0.4569,0.4578,0.4551,0.4557,187853.7
2026-01-27 21:15:00,1769548500000,0.4557,0.4564,0.4538,0.4538,158642.5
2026-01-27 21:30:00,1769549400000,0.4538,0.4538,0.4513,0.4518,430174.8
2026-01-27 21:45:00,1769550300000,0.4518,0.4526,0.4506,0.4509,83221.4
2026-01-27 22:00:00,1769551200000,0.4509,0.4531,0.4509,0.4528,119234.4
2026-01-27 22:15:00,1769552100000,0.4528,0.4535,0.4511,0.4512,69928.9
2026-01-27 22:30:00,1769553000000,0.4512,0.4551,0.4509,0.4547,119181.8
2026-01-27 22:45:00,1769553900000,0.4547,0.4547,0.4529,0.4533,113036.7
2026-01-27 23:00:00,1769554800000,0.4533,0.4534,0.4519,0.4528,79715.6
2026-01-27 23:15:00,1769555700000,0.4528,0.453,0.4515,0.453,64671.0
2026-01-27 23:30:00,1769556600000,0.453,0.4538,0.4522,0.4527,89826.0
2026-01-27 23:45:00,1769557500000,0.4527,0.4543,0.4526,0.4537,142183.9
2026-01-28 00:00:00,1769558400000,0.4537,0.4542,0.4525,0.4531,267220.1
2026-01-28 00:15:00,1769559300000,0.4531,0.4533,0.4511,0.4512,228829.5
2026-01-28 00:30:00,1769560200000,0.4512,0.4512,0.4482,0.4495,763472.1
2026-01-28 00:45:00,1769561100000,0.4495,0.4541,0.4494,0.4539,184488.5
2026-01-28 01:00:00,1769562000000,0.4539,0.4543,0.4521,0.4525,153241.5
2026-01-28 01:15:00,1769562900000,0.4525,0.4531,0.4508,0.4513,82812.0
2026-01-28 01:30:00,1769563800000,0.4513,0.4521,0.4501,0.4509,40421.4
2026-01-28 01:45:00,1769564700000,0.4509,0.4529,0.4505,0.4527,67039.3
2026-01-28 02:00:00,1769565600000,0.4527,0.4538,0.4516,0.4526,84051.8
2026-01-28 02:15:00,1769566500000,0.4526,0.4551,0.4524,0.4547,47783.9
2026-01-28 02:30:00,1769567400000,0.4547,0.4553,0.4524,0.4524,68900.1
2026-01-28 02:45:00,1769568300000,0.4524,0.4539,0.4519,0.4536,30895.6
2026-01-28 03:00:00,1769569200000,0.4536,0.4546,0.4519,0.4522,137795.0
2026-01-28 03:15:00,1769570100000,0.4522,0.453,0.4516,0.4527,48290.8
2026-01-28 03:30:00,1769571000000,0.4527,0.4534,0.4516,0.4521,46318.9
2026-01-28 03:45:00,1769571900000,0.4521,0.4526,0.4511,0.4513,74997.2
2026-01-28 04:00:00,1769572800000,0.4513,0.4516,0.449,0.4492,186112.2
2026-01-28 04:15:00,1769573700000,0.4492,0.4492,0.448,0.4487,68134.9
2026-01-28 04:30:00,1769574600000,0.4487,0.4508,0.4485,0.4497,25893.0
2026-01-28 04:45:00,1769575500000,0.4497,0.4501,0.4492,0.4499,37189.5
2026-01-28 05:00:00,1769576400000,0.4499,0.4519,0.449,0.4492,158986.6
2026-01-28 05:15:00,1769577300000,0.4492,0.4501,0.4487,0.4491,28532.0
2026-01-28 05:30:00,1769578200000,0.4491,0.4528,0.4491,0.4514,86750.0
2026-01-28 05:45:00,1769579100000,0.4514,0.4527,0.4514,0.4525,40349.8
2026-01-28 06:00:00,1769580000000,0.4525,0.4549,0.4524,0.4545,115234.1
2026-01-28 06:15:00,1769580900000,0.4545,0.4555,0.4529,0.453,54692.5
2026-01-28 06:30:00,1769581800000,0.453,0.4538,0.4517,0.4521,61081.4
2026-01-28 06:45:00,1769582700000,0.4521,0.4546,0.4519,0.4539,34655.4
2026-01-28 07:00:00,1769583600000,0.4539,0.4545,0.4529,0.4529,64313.2
2026-01-28 07:15:00,1769584500000,0.4529,0.4542,0.4526,0.4536,113388.9
2026-01-28 07:30:00,1769585400000,0.4536,0.4539,0.4522,0.4537,134447.7
2026-01-28 07:45:00,1769586300000,0.4537,0.4552,0.4529,0.4537,70049.8
2026-01-28 08:00:00,1769587200000,0.4537,0.4538,0.4526,0.4538,64099.8
2026-01-28 08:15:00,1769588100000,0.4538,0.4544,0.4526,0.4526,64686.3
2026-01-28 08:30:00,1769589000000,0.4526,0.4531,0.4519,0.452,97568.0
2026-01-28 08:45:00,1769589900000,0.452,0.4528,0.4499,0.4512,189073.4
2026-01-28 09:00:00,1769590800000,0.4512,0.4528,0.4511,0.4518,136115.1
2026-01-28 09:15:00,1769591700000,0.4518,0.4523,0.4499,0.4512,138830.9
2026-01-28 09:30:00,1769592600000,0.4512,0.4575,0.4512,0.4573,183539.0
2026-01-28 09:45:00,1769593500000,0.4573,0.4578,0.4563,0.4574,118840.3
2026-01-28 10:00:00,1769594400000,0.4574,0.458,0.4561,0.4578,150119.9
2026-01-28 10:15:00,1769595300000,0.4578,0.4597,0.4555,0.4558,696025.8
2026-01-28 10:30:00,1769596200000,0.4558,0.4572,0.4558,0.4566,120057.2
2026-01-28 10:45:00,1769597100000,0.4566,0.4568,0.4554,0.4557,28602.0
2026-01-28 11:00:00,1769598000000,0.4557,0.458,0.4557,0.4563,57500.6
2026-01-28 11:15:00,1769598900000,0.4563,0.4605,0.4563,0.4591,131081.7
2026-01-28 11:30:00,1769599800000,0.4591,0.4624,0.4578,0.4618,301274.6
2026-01-28 11:45:00,1769600700000,0.4618,0.4647,0.4605,0.4628,335172.2
2026-01-28 12:00:00,1769601600000,0.4628,0.4631,0.4581,0.4586,405995.9
2026-01-28 12:15:00,1769602500000,0.4586,0.4591,0.4577,0.4579,69226.4
2026-01-28 12:30:00,1769603400000,0.4579,0.4579,0.4558,0.4564,141531.7
2026-01-28 12:45:00,1769604300000,0.4564,0.4568,0.4551,0.4559,224886.1
2026-01-28 13:00:00,1769605200000,0.4559,0.4579,0.4559,0.4567,143797.8
2026-01-28 13:15:00,1769606100000,0.4567,0.4578,0.4561,0.4566,48832.9
2026-01-28 13:30:00,1769607000000,0.4566,0.459,0.4566,0.4577,120051.2
2026-01-28 13:45:00,1769607900000,0.4577,0.4583,0.4552,0.4563,122162.9
2026-01-28 14:00:00,1769608800000,0.4563,0.4563,0.454,0.4541,180392.6
2026-01-28 14:15:00,1769609700000,0.4541,0.4546,0.4513,0.4531,213136.5
2026-01-28 14:30:00,1769610600000,0.4531,0.4562,0.4525,0.4546,282681.3
2026-01-28 14:45:00,1769611500000,0.4546,0.4551,0.4523,0.4533,156292.7
2026-01-28 15:00:00,1769612400000,0.4533,0.4558,0.4498,0.45,364071.8
2026-01-28 15:15:00,1769613300000,0.45,0.4529,0.4485,0.4519,304863.5
2026-01-28 15:30:00,1769614200000,0.4519,0.4526,0.4506,0.4518,121872.5
2026-01-28 15:45:00,1769615100000,0.4518,0.4527,0.4492,0.4501,139811.3
2026-01-28 16:00:00,1769616000000,0.4501,0.4505,0.4473,0.4475,230007.8
2026-01-28 16:15:00,1769616900000,0.4475,0.4522,0.4473,0.4519,161722.5
2026-01-28 16:30:00,1769617800000,0.4519,0.4529,0.4488,0.4496,140092.3
2026-01-28 16:45:00,1769618700000,0.4496,0.4516,0.4496,0.45,95166.6
2026-01-28 17:00:00,1769619600000,0.45,0.4527,0.45,0.4518,315008.8
2026-01-28 17:15:00,1769620500000,0.4518,0.4524,0.4499,0.4504,128407.7
2026-01-28 17:30:00,1769621400000,0.4504,0.4522,0.4474,0.4511,233926.3
2026-01-28 17:45:00,1769622300000,0.4511,0.4572,0.4511,0.4545,291986.0
2026-01-28 18:00:00,1769623200000,0.4545,0.4546,0.4493,0.4517,358733.5
2026-01-28 18:15:00,1769624100000,0.4517,0.4537,0.4508,0.4513,114172.9
2026-01-28 18:30:00,1769625000000,0.4513,0.4522,0.4505,0.4507,57659.6
2026-01-28 18:45:00,1769625900000,0.4507,0.4521,0.4495,0.452,157320.7
2026-01-28 19:00:00,1769626800000,0.452,0.4546,0.4502,0.4516,399535.4
2026-01-28 19:15:00,1769627700000,0.4516,0.4535,0.4511,0.452,114489.4
2026-01-28 19:30:00,1769628600000,0.452,0.4532,0.4497,0.4504,164820.1
2026-01-28 19:45:00,1769629500000,0.4504,0.4554,0.4504,0.454,108959.8
2026-01-28 20:00:00,1769630400000,0.454,0.4557,0.4533,0.4554,105845.7
2026-01-28 20:15:00,1769631300000,0.4554,0.4604,0.4552,0.4591,596025.3
2026-01-28 20:30:00,1769632200000,0.4591,0.4595,0.4542,0.4544,204083.6
2026-01-28 20:45:00,1769633100000,0.4544,0.455,0.4521,0.4542,363443.5
2026-01-28 21:00:00,1769634000000,0.4542,0.4572,0.4489,0.4557,1225439.1
2026-01-28 21:15:00,1769634900000,0.4557,0.457,0.4541,0.4554,212629.9
2026-01-28 21:30:00,1769635800000,0.4554,0.4581,0.4538,0.4574,279011.5
2026-01-28 21:45:00,1769636700000,0.4574,0.4604,0.4566,0.4581,412834.1
2026-01-28 22:00:00,1769637600000,0.4581,0.4603,0.4576,0.4593,229044.7
2026-01-28 22:15:00,1769638500000,0.4593,0.4631,0.4578,0.4627,330829.4
2026-01-28 22:30:00,1769639400000,0.4627,0.4673,0.4627,0.4669,328614.9
2026-01-28 22:45:00,1769640300000,0.4669,0.4706,0.4657,0.4689,378136.5
2026-01-28 23:00:00,1769641200000,0.4689,0.4703,0.4656,0.4685,344992.1
2026-01-28 23:15:00,1769642100000,0.4685,0.4715,0.4646,0.465,283644.3
2026-01-28 23:30:00,1769643000000,0.465,0.465,0.4619,0.4638,379566.3
2026-01-28 23:45:00,1769643900000,0.4638,0.4642,0.4612,0.4619,227580.8
2026-01-29 00:00:00,1769644800000,0.4619,0.4636,0.4588,0.4589,372739.2
2026-01-29 00:15:00,1769645700000,0.4589,0.4594,0.4565,0.457,295818.2
2026-01-29 00:30:00,1769646600000,0.457,0.4576,0.454,0.4548,172492.8
2026-01-29 00:45:00,1769647500000,0.4548,0.4575,0.4539,0.457,203533.9
2026-01-29 01:00:00,1769648400000,0.457,0.4592,0.4562,0.4567,146372.3
2026-01-29 01:15:00,1769649300000,0.4567,0.4569,0.4509,0.4543,253662.1
2026-01-29 01:30:00,1769650200000,0.4543,0.4552,0.4528,0.454,151644.5
2026-01-29 01:45:00,1769651100000,0.454,0.4546,0.4516,0.4521,100801.0
2026-01-29 02:00:00,1769652000000,0.4521,0.4527,0.451,0.4515,161599.6
2026-01-29 02:15:00,1769652900000,0.4515,0.453,0.4506,0.4519,86764.3
2026-01-29 02:30:00,1769653800000,0.4519,0.4519,0.4437,0.4448,1011055.2
2026-01-29 02:45:00,1769654700000,0.4448,0.445,0.4412,0.4431,407541.1
2026-01-29 03:00:00,1769655600000,0.4431,0.4467,0.4416,0.4459,286601.7
2026-01-29 03:15:00,1769656500000,0.4459,0.4463,0.4432,0.4433,194396.4
2026-01-29 03:30:00,1769657400000,0.4433,0.4449,0.4424,0.4449,135680.1
2026-01-29 03:45:00,1769658300000,0.4449,0.4451,0.4429,0.443,87425.7
2026-01-29 04:00:00,1769659200000,0.443,0.443,0.44,0.4403,188617.7
2026-01-29 04:15:00,1769660100000,0.4403,0.4419,0.4387,0.4419,185616.1
2026-01-29 04:30:00,1769661000000,0.4419,0.4425,0.4405,0.4406,126364.7
2026-01-29 04:45:00,1769661900000,0.4406,0.4417,0.4406,0.4411,79924.5
2026-01-29 05:00:00,1769662800000,0.4411,0.4419,0.4405,0.4406,113259.8
2026-01-29 05:15:00,1769663700000,0.4406,0.4421,0.4403,0.4409,66871.4
2026-01-29 05:30:00,1769664600000,0.4409,0.4415,0.4396,0.4404,158454.2
2026-01-29 05:45:00,1769665500000,0.4404,0.4413,0.4398,0.4402,89488.4
2026-01-29 06:00:00,1769666400000,0.4402,0.4417,0.4399,0.4412,68319.4
2026-01-29 06:15:00,1769667300000,0.4412,0.4424,0.441,0.4418,57258.5
2026-01-29 06:30:00,1769668200000,0.4418,0.4433,0.4416,0.4416,161951.8
2026-01-29 06:45:00,1769669100000,0.4416,0.442,0.4398,0.4417,112399.3
2026-01-29 07:00:00,1769670000000,0.4417,0.4433,0.4415,0.4419,40980.1
2026-01-29 07:15:00,1769670900000,0.4419,0.4428,0.4406,0.441,98817.6
2026-01-29 07:30:00,1769671800000,0.441,0.4416,0.4395,0.4399,114658.0
2026-01-29 07:45:00,1769672700000,0.4399,0.4399,0.4378,0.4381,206492.4
2026-01-29 08:00:00,1769673600000,0.4381,0.4388,0.4364,0.4378,205130.9
2026-01-29 08:15:00,1769674500000,0.4378,0.4423,0.4369,0.442,216404.1
2026-01-29 08:30:00,1769675400000,0.442,0.4422,0.439,0.4401,155706.3
2026-01-29 08:45:00,1769676300000,0.4401,0.4403,0.4386,0.4403,56913.1
2026-01-29 09:00:00,1769677200000,0.4403,0.4408,0.439,0.4397,59044.5
2026-01-29 09:15:00,1769678100000,0.4397,0.4402,0.4388,0.4391,66269.2
2026-01-29 09:30:00,1769679000000,0.4391,0.4412,0.439,0.4399,138516.3
2026-01-29 09:45:00,1769679900000,0.4399,0.4404,0.4382,0.4389,159345.6
2026-01-29 10:00:00,1769680800000,0.4389,0.4404,0.4382,0.4394,130354.1
2026-01-29 10:15:00,1769681700000,0.4394,0.4397,0.4388,0.4392,110067.0
2026-01-29 10:30:00,1769682600000,0.4392,0.4392,0.4382,0.4382,89743.4
2026-01-29 10:45:00,1769683500000,0.4382,0.4389,0.4372,0.4385,95258.6
2026-01-29 11:00:00,1769684400000,0.4385,0.4385,0.4365,0.4375,184912.1
2026-01-29 11:15:00,1769685300000,0.4375,0.4377,0.4349,0.4354,258874.1
2026-01-29 11:30:00,1769686200000,0.4354,0.4361,0.4349,0.4355,118578.1
2026-01-29 11:45:00,1769687100000,0.4355,0.4355,0.4334,0.4344,266050.0
2026-01-29 12:00:00,1769688000000,0.4344,0.4356,0.434,0.4349,98737.0
2026-01-29 12:15:00,1769688900000,0.4349,0.4353,0.4337,0.4337,53648.9
2026-01-29 12:30:00,1769689800000,0.4337,0.4344,0.4304,0.4311,339675.6
2026-01-29 12:45:00,1769690700000,0.4311,0.4318,0.4299,0.4316,170250.9
2026-01-29 13:00:00,1769691600000,0.4316,0.4333,0.4313,0.433,146055.9
2026-01-29 13:15:00,1769692500000,0.433,0.4347,0.4322,0.4346,130424.8
2026-01-29 13:30:00,1769693400000,0.4346,0.4358,0.4338,0.4346,260460.8
2026-01-29 13:45:00,1769694300000,0.4346,0.4358,0.4342,0.4358,45437.1
2026-01-29 14:00:00,1769695200000,0.4358,0.4381,0.4357,0.4367,70487.8
2026-01-29 14:15:00,1769696100000,0.4367,0.4373,0.4337,0.4338,106143.5
2026-01-29 14:30:00,1769697000000,0.4338,0.436,0.4297,0.4306,562781.4
2026-01-29 14:45:00,1769697900000,0.4306,0.4312,0.4229,0.424,1002773.7
2026-01-29 15:00:00,1769698800000,0.424,0.4241,0.4043,0.4072,5186128.4
2026-01-29 15:15:00,1769699700000,0.4072,0.4141,0.4046,0.4137,1960824.9
2026-01-29 15:30:00,1769700600000,0.4137,0.415,0.4065,0.4072,1112479.1
2026-01-29 15:45:00,1769701500000,0.4072,0.4138,0.4061,0.412,683911.0
2026-01-29 16:00:00,1769702400000,0.412,0.4131,0.4077,0.4122,868347.5
2026-01-29 16:15:00,1769703300000,0.4122,0.415,0.4103,0.4111,504946.7
2026-01-29 16:30:00,1769704200000,0.4111,0.4142,0.4106,0.4128,289033.5
2026-01-29 16:45:00,1769705100000,0.4128,0.418,0.4128,0.4177,261603.9
2026-01-29 17:00:00,1769706000000,0.4177,0.4225,0.4176,0.4203,424030.0
2026-01-29 17:15:00,1769706900000,0.4203,0.4233,0.4169,0.4175,716607.9
2026-01-29 17:30:00,1769707800000,0.4175,0.4177,0.4139,0.4147,309557.3
2026-01-29 17:45:00,1769708700000,0.4147,0.4149,0.4114,0.4122,458511.0
2026-01-29 18:00:00,1769709600000,0.4122,0.4139,0.4107,0.4108,258200.2
2026-01-29 18:15:00,1769710500000,0.4108,0.4113,0.4043,0.4061,1288318.4
2026-01-29 18:30:00,1769711400000,0.4061,0.4093,0.4033,0.408,629699.4
2026-01-29 18:45:00,1769712300000,0.408,0.408,0.4025,0.4028,705869.4
2026-01-29 19:00:00,1769713200000,0.4028,0.4044,0.4011,0.4035,379963.9
2026-01-29 19:15:00,1769714100000,0.4035,0.4048,0.402,0.4044,205013.2
2026-01-29 19:30:00,1769715000000,0.4044,0.4105,0.4042,0.4097,677401.2
2026-01-29 19:45:00,1769715900000,0.4097,0.4116,0.4094,0.4095,219486.3
2026-01-29 20:00:00,1769716800000,0.4095,0.4095,0.4077,0.4082,232102.3
2026-01-29 20:15:00,1769717700000,0.4082,0.41,0.408,0.4094,78728.9
2026-01-29 20:30:00,1769718600000,0.4094,0.4116,0.4093,0.4107,126640.6
2026-01-29 20:45:00,1769719500000,0.4107,0.4125,0.41,0.4121,215104.3
2026-01-29 21:00:00,1769720400000,0.4121,0.415,0.4121,0.4142,243050.1
2026-01-29 21:15:00,1769721300000,0.4142,0.4144,0.4119,0.4128,100924.3
2026-01-29 21:30:00,1769722200000,0.4128,0.4139,0.4114,0.4128,217238.0
2026-01-29 21:45:00,1769723100000,0.4128,0.4141,0.4123,0.4134,100438.5
2026-01-29 22:00:00,1769724000000,0.4134,0.4149,0.4117,0.412,127802.9
2026-01-29 22:15:00,1769724900000,0.412,0.4122,0.4106,0.4118,40944.5
2026-01-29 22:30:00,1769725800000,0.4118,0.4131,0.4109,0.4115,38376.8
2026-01-29 22:45:00,1769726700000,0.4115,0.4124,0.4112,0.4114,45782.9
2026-01-29 23:00:00,1769727600000,0.4114,0.4116,0.4086,0.4097,287091.0
2026-01-29 23:15:00,1769728500000,0.4097,0.4102,0.4087,0.4088,155749.1
2026-01-29 23:30:00,1769729400000,0.4088,0.4098,0.4085,0.4091,64701.0
2026-01-29 23:45:00,1769730300000,0.4091,0.4105,0.4091,0.4104,37804.2
2026-01-30 00:00:00,1769731200000,0.4104,0.412,0.4104,0.4107,219866.9
2026-01-30 00:15:00,1769732100000,0.4107,0.4115,0.4102,0.411,144832.8
2026-01-30 00:30:00,1769733000000,0.411,0.413,0.4105,0.4125,90513.3
2026-01-30 00:45:00,1769733900000,0.4125,0.4141,0.412,0.4138,114140.6
2026-01-30 01:00:00,1769734800000,0.4138,0.4147,0.4126,0.4146,148186.1
2026-01-30 01:15:00,1769735700000,0.4146,0.4157,0.4124,0.4145,269298.3
2026-01-30 01:30:00,1769736600000,0.4145,0.4147,0.399,0.4052,5878225.5
2026-01-30 01:45:00,1769737500000,0.4052,0.4108,0.4045,0.4094,1116285.0
2026-01-30 02:00:00,1769738400000,0.4094,0.4094,0.4027,0.403,367141.8
2026-01-30 02:15:00,1769739300000,0.403,0.4041,0.3967,0.3985,663842.4
2026-01-30 02:30:00,1769740200000,0.3985,0.4061,0.3972,0.4046,549944.3
2026-01-30 02:45:00,1769741100000,0.4046,0.4064,0.4013,0.4024,167769.5
2026-01-30 03:00:00,1769742000000,0.4024,0.4056,0.4019,0.4049,197573.5
2026-01-30 03:15:00,1769742900000,0.4049,0.4054,0.4034,0.4037,103252.9
2026-01-30 03:30:00,1769743800000,0.4037,0.4038,0.4014,0.402,102507.4
2026-01-30 03:45:00,1769744700000,0.402,0.4029,0.401,0.4016,151173.4
2026-01-30 04:00:00,1769745600000,0.4016,0.4038,0.4014,0.4032,160920.9
2026-01-30 04:15:00,1769746500000,0.4032,0.4082,0.4026,0.4076,446676.0
2026-01-30 04:30:00,1769747400000,0.4076,0.41,0.4059,0.4076,422760.5
2026-01-30 04:45:00,1769748300000,0.4076,0.4098,0.4068,0.407,121447.1
2026-01-30 05:00:00,1769749200000,0.407,0.4074,0.4044,0.4048,102321.0
2026-01-30 05:15:00,1769750100000,0.4048,0.4066,0.4042,0.4059,94804.3
2026-01-30 05:30:00,1769751000000,0.4059,0.4067,0.4046,0.4051,57758.8
2026-01-30 05:45:00,1769751900000,0.4051,0.4059,0.4043,0.4052,47792.6
2026-01-30 06:00:00,1769752800000,0.4052,0.4055,0.4019,0.4023,107877.5
2026-01-30 06:15:00,1769753700000,0.4023,0.4024,0.3984,0.399,266136.1
2026-01-30 06:30:00,1769754600000,0.399,0.3994,0.3965,0.3968,320754.4
2026-01-30 06:45:00,1769755500000,0.3968,0.3997,0.3959,0.3984,234411.1
2026-01-30 07:00:00,1769756400000,0.3984,0.4084,0.3983,0.4073,408822.6
2026-01-30 07:15:00,1769757300000,0.4073,0.4085,0.406,0.4067,223215.2
2026-01-30 07:30:00,1769758200000,0.4067,0.407,0.4047,0.4053,254084.5
2026-01-30 07:45:00,1769759100000,0.4053,0.4075,0.4049,0.4064,100450.4
2026-01-30 08:00:00,1769760000000,0.4064,0.4084,0.4056,0.4082,134026.1
2026-01-30 08:15:00,1769760900000,0.4082,0.4089,0.407,0.407,168721.2
2026-01-30 08:30:00,1769761800000,0.407,0.407,0.4024,0.404,416804.6
2026-01-30 08:45:00,1769762700000,0.404,0.4048,0.4028,0.4041,64888.2
2026-01-30 09:00:00,1769763600000,0.4041,0.4058,0.404,0.4048,127096.6
2026-01-30 09:15:00,1769764500000,0.4048,0.405,0.4016,0.4029,248625.9
2026-01-30 09:30:00,1769765400000,0.4029,0.4064,0.4028,0.4062,102872.4
2026-01-30 09:45:00,1769766300000,0.4062,0.4062,0.4032,0.4046,241795.8
2026-01-30 10:00:00,1769767200000,0.4046,0.4056,0.4035,0.4047,104626.8
2026-01-30 10:15:00,1769768100000,0.4047,0.4062,0.4033,0.405,101795.5
2026-01-30 10:30:00,1769769000000,0.405,0.4055,0.4037,0.4044,45597.0
2026-01-30 10:45:00,1769769900000,0.4044,0.4065,0.4043,0.4064,143747.4
2026-01-30 11:00:00,1769770800000,0.4064,0.4077,0.4057,0.4069,148297.4
2026-01-30 11:15:00,1769771700000,0.4069,0.4074,0.406,0.4068,80722.0
2026-01-30 11:30:00,1769772600000,0.4068,0.4089,0.4067,0.4077,93614.2
2026-01-30 11:45:00,1769773500000,0.4077,0.4156,0.4076,0.4143,363620.5
2026-01-30 12:00:00,1769774400000,0.4143,0.4148,0.4121,0.4128,192747.1
2026-01-30 12:15:00,1769775300000,0.4128,0.4141,0.4111,0.4118,218954.6
2026-01-30 12:30:00,1769776200000,0.4118,0.4127,0.4105,0.4105,138508.0
2026-01-30 12:45:00,1769777100000,0.4105,0.4126,0.4105,0.4125,73791.1
2026-01-30 13:00:00,1769778000000,0.4125,0.4127,0.4099,0.4113,395485.8
2026-01-30 13:15:00,1769778900000,0.4113,0.413,0.4107,0.4128,216545.4
2026-01-30 13:30:00,1769779800000,0.4128,0.4133,0.408,0.4095,602643.6
2026-01-30 13:45:00,1769780700000,0.4095,0.4095,0.4064,0.4078,161853.3
2026-01-30 14:00:00,1769781600000,0.4078,0.4113,0.4078,0.41,213968.0
2026-01-30 14:15:00,1769782500000,0.41,0.4102,0.4077,0.408,146140.6
2026-01-30 14:30:00,1769783400000,0.408,0.4141,0.408,0.4129,573015.3
2026-01-30 14:45:00,1769784300000,0.4129,0.4135,0.4068,0.4093,272200.2
2026-01-30 15:00:00,1769785200000,0.4093,0.4136,0.4086,0.4117,323002.9
2026-01-30 15:15:00,1769786100000,0.4117,0.4129,0.4054,0.4057,401905.4
2026-01-30 15:30:00,1769787000000,0.4057,0.4137,0.4039,0.4133,715343.8
2026-01-30 15:45:00,1769787900000,0.4133,0.4136,0.4109,0.411,162971.3
2026-01-30 16:00:00,1769788800000,0.411,0.4125,0.4091,0.4119,613075.4
2026-01-30 16:15:00,1769789700000,0.4119,0.4128,0.4067,0.4115,544539.5
2026-01-30 16:30:00,1769790600000,0.4115,0.415,0.4104,0.4141,375520.7
2026-01-30 16:45:00,1769791500000,0.4141,0.4141,0.4096,0.4105,285249.1
2026-01-30 17:00:00,1769792400000,0.4105,0.4109,0.4073,0.4076,215094.2
2026-01-30 17:15:00,1769793300000,0.4076,0.4129,0.4071,0.4118,274169.2
2026-01-30 17:30:00,1769794200000,0.4118,0.4121,0.4088,0.411,118366.0
2026-01-30 17:45:00,1769795100000,0.411,0.4115,0.4087,0.409,129908.4
2026-01-30 18:00:00,1769796000000,0.409,0.4106,0.4058,0.4066,375898.8
2026-01-30 18:15:00,1769796900000,0.4066,0.4066,0.3973,0.4045,1287502.0
2026-01-30 18:30:00,1769797800000,0.4045,0.4117,0.4025,0.4116,600604.9
2026-01-30 18:45:00,1769798700000,0.4116,0.4174,0.4104,0.4152,992057.9
2026-01-30 19:00:00,1769799600000,0.4152,0.4172,0.4134,0.4142,634646.8
2026-01-30 19:15:00,1769800500000,0.4142,0.4171,0.4136,0.4159,269655.1
2026-01-30 19:30:00,1769801400000,0.4159,0.4168,0.4129,0.4134,166625.7
2026-01-30 19:45:00,1769802300000,0.4134,0.4161,0.4126,0.4138,91156.9
2026-01-30 20:00:00,1769803200000,0.4138,0.4138,0.4095,0.4108,161130.3
2026-01-30 20:15:00,1769804100000,0.4108,0.4124,0.4073,0.409,412054.0
2026-01-30 20:30:00,1769805000000,0.409,0.4116,0.4053,0.4083,492890.4
2026-01-30 20:45:00,1769805900000,0.4083,0.4096,0.4061,0.4075,267663.7
2026-01-30 21:00:00,1769806800000,0.4075,0.4088,0.4062,0.4074,159929.9
2026-01-30 21:15:00,1769807700000,0.4074,0.4118,0.4074,0.4078,301284.5
2026-01-30 21:30:00,1769808600000,0.4078,0.4093,0.4061,0.4071,73030.1
2026-01-30 21:45:00,1769809500000,0.4071,0.4095,0.4071,0.4087,275947.4
2026-01-30 22:00:00,1769810400000,0.4087,0.4098,0.4069,0.4069,134597.3
2026-01-30 22:15:00,1769811300000,0.4069,0.4075,0.4049,0.405,91013.1
2026-01-30 22:30:00,1769812200000,0.405,0.4083,0.405,0.4075,69595.2
2026-01-30 22:45:00,1769813100000,0.4075,0.4085,0.4071,0.4078,69385.5
2026-01-30 23:00:00,1769814000000,0.4078,0.408,0.4046,0.4054,154525.2
2026-01-30 23:15:00,1769814900000,0.4054,0.4063,0.4037,0.4044,87344.9
2026-01-30 23:30:00,1769815800000,0.4044,0.4059,0.4033,0.4055,156954.3
2026-01-30 23:45:00,1769816700000,0.4055,0.4066,0.4055,0.4065,36227.0
2026-01-31 00:00:00,1769817600000,0.4065,0.4068,0.405,0.4053,116151.2
2026-01-31 00:15:00,1769818500000,0.4053,0.4061,0.4046,0.4048,171941.2
2026-01-31 00:30:00,1769819400000,0.4048,0.4063,0.4042,0.4053,78279.7
2026-01-31 00:45:00,1769820300000,0.4053,0.4054,0.4038,0.4043,35905.2
2026-01-31 01:00:00,1769821200000,0.4043,0.4055,0.4033,0.405,49423.8
2026-01-31 01:15:00,1769822100000,0.405,0.4054,0.4035,0.4037,24495.9
2026-01-31 01:30:00,1769823000000,0.4037,0.4042,0.402,0.4042,108738.4
2026-01-31 01:45:00,1769823900000,0.4042,0.4048,0.4032,0.4044,44981.0
2026-01-31 02:00:00,1769824800000,0.4044,0.4044,0.4022,0.4036,64582.0
2026-01-31 02:15:00,1769825700000,0.4036,0.4036,0.401,0.4028,134724.0
2026-01-31 02:30:00,1769826600000,0.4028,0.4057,0.4026,0.4051,119620.8
2026-01-31 02:45:00,1769827500000,0.4051,0.4055,0.404,0.404,24700.7
2026-01-31 03:00:00,1769828400000,0.404,0.4044,0.4029,0.4035,60275.2
2026-01-31 03:15:00,1769829300000,0.4035,0.4038,0.4028,0.4032,38320.0
2026-01-31 03:30:00,1769830200000,0.4032,0.4033,0.4021,0.4031,43235.4
2026-01-31 03:45:00,1769831100000,0.4031,0.4033,0.4014,0.402,71775.1
2026-01-31 04:00:00,1769832000000,0.402,0.4037,0.4016,0.4028,143357.3
2026-01-31 04:15:00,1769832900000,0.4028,0.4029,0.4018,0.4024,16714.3
2026-01-31 04:30:00,1769833800000,0.4024,0.4024,0.4007,0.4007,38930.4
2026-01-31 04:45:00,1769834700000,0.4007,0.4007,0.3992,0.4004,66161.8
2026-01-31 05:00:00,1769835600000,0.4004,0.4012,0.3993,0.4012,52163.2
2026-01-31 05:15:00,1769836500000,0.4012,0.4019,0.4006,0.4014,88873.8
2026-01-31 05:30:00,1769837400000,0.4014,0.402,0.4007,0.4015,38858.6
2026-01-31 05:45:00,1769838300000,0.4015,0.4021,0.4013,0.4015,30742.7
2026-01-31 06:00:00,1769839200000,0.4015,0.4019,0.4005,0.4009,52259.8
2026-01-31 06:15:00,1769840100000,0.4009,0.401,0.3957,0.3968,556882.1
2026-01-31 06:30:00,1769841000000,0.3968,0.3977,0.3944,0.3957,620535.1
2026-01-31 06:45:00,1769841900000,0.3957,0.3974,0.3957,0.3969,107029.5
2026-01-31 07:00:00,1769842800000,0.3969,0.397,0.3956,0.3963,69582.7
2026-01-31 07:15:00,1769843700000,0.3963,0.3968,0.3955,0.3965,180572.1
2026-01-31 07:30:00,1769844600000,0.3965,0.3973,0.3943,0.3969,1167884.1
2026-01-31 07:45:00,1769845500000,0.3969,0.4007,0.3967,0.4005,866675.7
2026-01-31 08:00:00,1769846400000,0.4005,0.4011,0.3936,0.3954,3989843.1
2026-01-31 08:15:00,1769847300000,0.3954,0.3954,0.3883,0.3904,2558388.5
2026-01-31 08:30:00,1769848200000,0.3904,0.391,0.3853,0.3877,1933536.6
2026-01-31 08:45:00,1769849100000,0.3877,0.3909,0.3861,0.3904,743670.0
2026-01-31 09:00:00,1769850000000,0.3904,0.3922,0.3898,0.3915,207896.8
2026-01-31 09:15:00,1769850900000,0.3915,0.392,0.3893,0.3901,164277.0
2026-01-31 09:30:00,1769851800000,0.3901,0.3931,0.39,0.3912,331094.3
2026-01-31 09:45:00,1769852700000,0.3912,0.3912,0.3893,0.3894,111656.7
2026-01-31 10:00:00,1769853600000,0.3894,0.3902,0.3873,0.3876,181142.0
2026-01-31 10:15:00,1769854500000,0.3876,0.3891,0.3876,0.3891,69762.3
2026-01-31 10:30:00,1769855400000,0.3891,0.3915,0.3888,0.3907,167158.9
2026-01-31 10:45:00,1769856300000,0.3907,0.3911,0.3892,0.3895,98527.8
2026-01-31 11:00:00,1769857200000,0.3895,0.3898,0.3871,0.3875,131290.4
2026-01-31 11:15:00,1769858100000,0.3875,0.3906,0.3875,0.3902,145726.9
2026-01-31 11:30:00,1769859000000,0.3902,0.3911,0.3893,0.3893,112518.5
2026-01-31 11:45:00,1769859900000,0.3893,0.3895,0.3872,0.388,201462.9
2026-01-31 12:00:00,1769860800000,0.388,0.388,0.3851,0.3858,345793.0
2026-01-31 12:15:00,1769861700000,0.3858,0.3875,0.3857,0.3872,160370.8
2026-01-31 12:30:00,1769862600000,0.3872,0.3872,0.3854,0.3866,217375.6
2026-01-31 12:45:00,1769863500000,0.3866,0.3874,0.3852,0.3867,234527.4
2026-01-31 13:00:00,1769864400000,0.3867,0.3871,0.3856,0.3859,251383.8
2026-01-31 13:15:00,1769865300000,0.3859,0.3866,0.3838,0.3846,232236.5
2026-01-31 13:30:00,1769866200000,0.3846,0.3855,0.3818,0.383,601183.3
2026-01-31 13:45:00,1769867100000,0.383,0.3836,0.3825,0.3835,109107.0
2026-01-31 14:00:00,1769868000000,0.3835,0.3844,0.3779,0.3794,962944.0
2026-01-31 14:15:00,1769868900000,0.3794,0.3804,0.3661,0.3687,4318825.9
2026-01-31 14:30:00,1769869800000,0.3687,0.3707,0.3616,0.3634,2509458.4
2026-01-31 14:45:00,1769870700000,0.3634,0.3693,0.3614,0.3684,954094.0
2026-01-31 15:00:00,1769871600000,0.3684,0.3784,0.3678,0.3718,2002123.5
2026-01-31 15:15:00,1769872500000,0.3718,0.3747,0.3704,0.3743,480202.4
2026-01-31 15:30:00,1769873400000,0.3743,0.3767,0.3719,0.3727,386046.5
2026-01-31 15:45:00,1769874300000,0.3727,0.3735,0.3698,0.3708,276898.1
2026-01-31 16:00:00,1769875200000,0.3708,0.3727,0.3685,0.3717,444144.2
2026-01-31 16:15:00,1769876100000,0.3717,0.3784,0.3692,0.3726,1247090.0
2026-01-31 16:30:00,1769877000000,0.3726,0.3732,0.3708,0.3713,312705.5
2026-01-31 16:45:00,1769877900000,0.3713,0.3739,0.3684,0.3702,1339120.3
2026-01-31 17:00:00,1769878800000,0.3702,0.3735,0.3472,0.3578,7446260.9
2026-01-31 17:15:00,1769879700000,0.3578,0.3621,0.3548,0.3574,1238806.1
2026-01-31 17:30:00,1769880600000,0.3574,0.3596,0.3524,0.3546,837310.1
2026-01-31 17:45:00,1769881500000,0.3546,0.3563,0.3508,0.3545,593283.0
2026-01-31 18:00:00,1769882400000,0.3545,0.357,0.3541,0.3557,400725.5
2026-01-31 18:15:00,1769883300000,0.3557,0.356,0.3515,0.3551,646940.1
2026-01-31 18:30:00,1769884200000,0.3551,0.3561,0.3304,0.3465,6650294.0
2026-01-31 18:45:00,1769885100000,0.3465,0.3547,0.3449,0.3492,3561554.0
2026-01-31 19:00:00,1769886000000,0.3492,0.3556,0.3484,0.3537,966537.1
2026-01-31 19:15:00,1769886900000,0.3537,0.3561,0.3527,0.3551,485729.4
2026-01-31 19:30:00,1769887800000,0.3551,0.3558,0.3508,0.3521,713767.9
2026-01-31 19:45:00,1769888700000,0.3521,0.3571,0.3517,0.3564,404546.2
2026-01-31 20:00:00,1769889600000,0.3564,0.3599,0.3552,0.3553,515049.6
2026-01-31 20:15:00,1769890500000,0.3553,0.3606,0.3543,0.3547,421711.2
2026-01-31 20:30:00,1769891400000,0.3547,0.3583,0.3525,0.358,408671.4
2026-01-31 20:45:00,1769892300000,0.358,0.3601,0.3566,0.3595,285631.1
2026-01-31 21:00:00,1769893200000,0.3595,0.3624,0.358,0.3594,463046.2
2026-01-31 21:15:00,1769894100000,0.3594,0.3647,0.3584,0.3639,508013.7
2026-01-31 21:30:00,1769895000000,0.3639,0.3676,0.3623,0.3666,383731.3
2026-01-31 21:45:00,1769895900000,0.3666,0.3681,0.3646,0.3652,211735.8
2026-01-31 22:00:00,1769896800000,0.3652,0.367,0.363,0.3637,526274.6
2026-01-31 22:15:00,1769897700000,0.3637,0.3651,0.3629,0.3642,87564.8
2026-01-31 22:30:00,1769898600000,0.3642,0.3647,0.3618,0.3622,109766.0
2026-01-31 22:45:00,1769899500000,0.3622,0.3649,0.3617,0.3648,89983.8
2026-01-31 23:00:00,1769900400000,0.3648,0.3658,0.364,0.3646,213522.7
2026-01-31 23:15:00,1769901300000,0.3646,0.3731,0.3643,0.3716,942406.7
2026-01-31 23:30:00,1769902200000,0.3716,0.3729,0.3701,0.3713,299288.1
2026-01-31 23:45:00,1769903100000,0.3713,0.3724,0.3695,0.3716,217135.0
2026-02-01 00:00:00,1769904000000,0.3716,0.3741,0.3707,0.3737,748123.0
2026-02-01 00:15:00,1769904900000,0.3737,0.3752,0.3726,0.3738,478235.4
2026-02-01 00:30:00,1769905800000,0.3738,0.3743,0.3721,0.3727,292771.6
2026-02-01 00:45:00,1769906700000,0.3727,0.3745,0.3727,0.3737,201906.1
2026-02-01 01:00:00,1769907600000,0.3737,0.3737,0.3706,0.3721,288461.4
2026-02-01 01:15:00,1769908500000,0.3721,0.3736,0.3702,0.3734,209769.1
2026-02-01 01:30:00,1769909400000,0.3734,0.3737,0.3721,0.3737,193335.7
2026-02-01 01:45:00,1769910300000,0.3737,0.3751,0.3734,0.3746,125825.1
2026-02-01 02:00:00,1769911200000,0.3746,0.3771,0.3741,0.3765,209337.9
2026-02-01 02:15:00,1769912100000,0.3765,0.3769,0.3748,0.3759,136846.1
2026-02-01 02:30:00,1769913000000,0.3759,0.377,0.3752,0.3761,97162.5
2026-02-01 02:45:00,1769913900000,0.3761,0.3783,0.3761,0.3768,136986.8
2026-02-01 03:00:00,1769914800000,0.3768,0.3788,0.3757,0.3782,145906.7
2026-02-01 03:15:00,1769915700000,0.3782,0.3801,0.3779,0.3791,158988.7
2026-02-01 03:30:00,1769916600000,0.3791,0.3798,0.3779,0.3791,227967.7
2026-02-01 03:45:00,1769917500000,0.3791,0.38,0.3789,0.38,77109.8
2026-02-01 04:00:00,1769918400000,0.38,0.3815,0.3795,0.3803,247914.9
2026-02-01 04:15:00,1769919300000,0.3803,0.3814,0.3793,0.3796,168116.9
2026-02-01 04:30:00,1769920200000,0.3796,0.3802,0.3783,0.3791,195087.3
2026-02-01 04:45:00,1769921100000,0.3791,0.3793,0.3781,0.3785,100628.7
2026-02-01 05:00:00,1769922000000,0.3785,0.3808,0.3777,0.3797,460941.1
2026-02-01 05:15:00,1769922900000,0.3797,0.3818,0.3794,0.3814,222137.9
2026-02-01 05:30:00,1769923800000,0.3814,0.3816,0.3778,0.3778,295938.1
2026-02-01 05:45:00,1769924700000,0.3778,0.3799,0.3777,0.3797,137882.7
2026-02-01 06:00:00,1769925600000,0.3797,0.3802,0.3789,0.38,102762.5
2026-02-01 06:15:00,1769926500000,0.38,0.3815,0.3797,0.3808,83178.4
2026-02-01 06:30:00,1769927400000,0.3808,0.3816,0.3784,0.3796,183427.3
2026-02-01 06:45:00,1769928300000,0.3796,0.3801,0.3789,0.3794,185738.1
2026-02-01 07:00:00,1769929200000,0.3794,0.3799,0.3779,0.3783,226895.9
2026-02-01 07:15:00,1769930100000,0.3783,0.3787,0.3772,0.3783,159499.5
2026-02-01 07:30:00,1769931000000,0.3783,0.3825,0.3777,0.3811,336593.9
2026-02-01 07:45:00,1769931900000,0.3811,0.3811,0.3795,0.3798,154770.0
2026-02-01 08:00:00,1769932800000,0.3798,0.381,0.3786,0.3792,173054.4
2026-02-01 08:15:00,1769933700000,0.3792,0.3814,0.3789,0.38,271535.4
2026-02-01 08:30:00,1769934600000,0.38,0.3817,0.3784,0.381,155515.2
2026-02-01 08:45:00,1769935500000,0.381,0.381,0.3785,0.3787,204464.3
2026-02-01 09:00:00,1769936400000,0.3787,0.3793,0.377,0.3771,160588.2
2026-02-01 09:15:00,1769937300000,0.3771,0.3773,0.373,0.3731,382077.7
2026-02-01 09:30:00,1769938200000,0.3731,0.3755,0.3729,0.3753,320372.5
2026-02-01 09:45:00,1769939100000,0.3753,0.378,0.3752,0.3771,231470.8
2026-02-01 10:00:00,1769940000000,0.3771,0.3792,0.3762,0.3787,175636.0
2026-02-01 10:15:00,1769940900000,0.3787,0.3787,0.377,0.3777,129930.7
2026-02-01 10:30:00,1769941800000,0.3777,0.378,0.3715,0.3715,633894.5
2026-02-01 10:45:00,1769942700000,0.3715,0.3728,0.3707,0.3713,268778.6
2026-02-01 11:00:00,1769943600000,0.3713,0.3733,0.3713,0.3732,151030.0
2026-02-01 11:15:00,1769944500000,0.3732,0.3732,0.3714,0.3719,198606.6
2026-02-01 11:30:00,1769945400000,0.3719,0.3757,0.3716,0.3755,570540.4
2026-02-01 11:45:00,1769946300000,0.3755,0.3762,0.3737,0.3741,122870.4
2026-02-01 12:00:00,1769947200000,0.3741,0.3744,0.3732,0.374,145457.7
2026-02-01 12:15:00,1769948100000,0.374,0.3747,0.3717,0.3728,382904.1
2026-02-01 12:30:00,1769949000000,0.3728,0.3745,0.372,0.3721,181137.6
2026-02-01 12:45:00,1769949900000,0.3721,0.3728,0.372,0.3725,92151.9
2026-02-01 13:00:00,1769950800000,0.3725,0.3759,0.3725,0.3758,371060.3
2026-02-01 13:15:00,1769951700000,0.3758,0.3758,0.3724,0.3732,223846.0
2026-02-01 13:30:00,1769952600000,0.3732,0.3738,0.3716,0.3722,204589.0
2026-02-01 13:45:00,1769953500000,0.3722,0.3724,0.3683,0.3697,619313.1
2026-02-01 14:00:00,1769954400000,0.3697,0.371,0.3685,0.3694,211869.2
2026-02-01 14:15:00,1769955300000,0.3694,0.3699,0.3671,0.3675,297243.2
2026-02-01 14:30:00,1769956200000,0.3675,0.3701,0.3638,0.3685,966575.5
2026-02-01 14:45:00,1769957100000,0.3685,0.3747,0.3681,0.3705,1249417.3
2026-02-01 15:00:00,1769958000000,0.3705,0.3705,0.3648,0.3654,798498.0
2026-02-01 15:15:00,1769958900000,0.3654,0.3655,0.36,0.3602,541585.5
2026-02-01 15:30:00,1769959800000,0.3602,0.3623,0.3571,0.3595,803859.4
2026-02-01 15:45:00,1769960700000,0.3595,0.365,0.3594,0.3619,361877.2
2026-02-01 16:00:00,1769961600000,0.3619,0.366,0.3605,0.3636,361351.8
2026-02-01 16:15:00,1769962500000,0.3636,0.3667,0.3594,0.3637,334244.5
2026-02-01 16:30:00,1769963400000,0.3637,0.3641,0.36,0.3608,422454.1
2026-02-01 16:45:00,1769964300000,0.3608,0.3632,0.3601,0.3619,256577.2
2026-02-01 17:00:00,1769965200000,0.3619,0.3633,0.3612,0.3621,180190.7
2026-02-01 17:15:00,1769966100000,0.3621,0.3621,0.3583,0.3602,249605.8
2026-02-01 17:30:00,1769967000000,0.3602,0.3608,0.3574,0.3594,427551.9
2026-02-01 17:45:00,1769967900000,0.3594,0.3608,0.3582,0.3606,168560.3
2026-02-01 18:00:00,1769968800000,0.3606,0.3681,0.3606,0.3677,1058257.5
2026-02-01 18:15:00,1769969700000,0.3677,0.3694,0.3647,0.3662,435649.0
2026-02-01 18:30:00,1769970600000,0.3662,0.3664,0.3636,0.3637,197175.4
2026-02-01 18:45:00,1769971500000,0.3637,0.3641,0.3623,0.3637,176329.3
2026-02-01 19:00:00,1769972400000,0.3637,0.3651,0.3618,0.3622,213071.9
2026-02-01 19:15:00,1769973300000,0.3622,0.3629,0.3602,0.3628,218502.1
2026-02-01 19:30:00,1769974200000,0.3628,0.3637,0.3612,0.3612,177451.0
2026-02-01 19:45:00,1769975100000,0.3612,0.3613,0.3573,0.3595,540604.5
2026-02-01 20:00:00,1769976000000,0.3595,0.3601,0.3576,0.3583,381385.9
2026-02-01 20:15:00,1769976900000,0.3583,0.36,0.3559,0.3564,372055.8
2026-02-01 20:30:00,1769977800000,0.3564,0.3646,0.3564,0.3624,348878.9
2026-02-01 20:45:00,1769978700000,0.3624,0.3627,0.3595,0.3602,103397.2
2026-02-01 21:00:00,1769979600000,0.3602,0.3602,0.3563,0.3586,191867.2
2026-02-01 21:15:00,1769980500000,0.3586,0.3586,0.3569,0.3582,138380.4
2026-02-01 21:30:00,1769981400000,0.3582,0.3602,0.3567,0.3579,158694.9
2026-02-01 21:45:00,1769982300000,0.3579,0.3589,0.3555,0.3573,401530.2
2026-02-01 22:00:00,1769983200000,0.3573,0.3638,0.3568,0.3622,261811.4
2026-02-01 22:15:00,1769984100000,0.3622,0.3622,0.357,0.36,145498.3
2026-02-01 22:30:00,1769985000000,0.36,0.3635,0.3599,0.3616,63260.1
2026-02-01 22:45:00,1769985900000,0.3616,0.3623,0.3591,0.3599,206375.4
2026-02-01 23:00:00,1769986800000,0.3599,0.3604,0.3484,0.356,2425974.4
2026-02-01 23:15:00,1769987700000,0.356,0.3595,0.3529,0.3582,1343646.7
2026-02-01 23:30:00,1769988600000,0.3582,0.3639,0.3569,0.3612,601217.5
2026-02-01 23:45:00,1769989500000,0.3612,0.3612,0.3571,0.3582,421669.4
2026-02-02 00:00:00,1769990400000,0.3582,0.3629,0.3543,0.3611,537531.4
2026-02-02 00:15:00,1769991300000,0.3611,0.367,0.3609,0.3662,439089.2
2026-02-02 00:30:00,1769992200000,0.3662,0.3683,0.3651,0.3663,237332.5
2026-02-02 00:45:00,1769993100000,0.3663,0.3669,0.3638,0.3646,182752.4
2026-02-02 01:00:00,1769994000000,0.3646,0.3666,0.359,0.3595,315163.9
2026-02-02 01:15:00,1769994900000,0.3595,0.3706,0.3586,0.37,689305.3
2026-02-02 01:30:00,1769995800000,0.37,0.37,0.3673,0.3695,164294.1
2026-02-02 01:45:00,1769996700000,0.3695,0.3697,0.3665,0.3672,123522.8
2026-02-02 02:00:00,1769997600000,0.3672,0.3678,0.3644,0.3656,533786.4
2026-02-02 02:15:00,1769998500000,0.3656,0.3696,0.3656,0.3681,196464.9
2026-02-02 02:30:00,1769999400000,0.3681,0.3683,0.3643,0.3658,128141.9
2026-02-02 02:45:00,1770000300000,0.3658,0.3663,0.3638,0.364,143837.9
2026-02-02 03:00:00,1770001200000,0.364,0.3647,0.3588,0.3591,407465.6
2026-02-02 03:15:00,1770002100000,0.3591,0.3594,0.3507,0.3528,1415077.4
2026-02-02 03:30:00,1770003000000,0.3528,0.3562,0.3494,0.3516,874018.5
2026-02-02 03:45:00,1770003900000,0.3516,0.366,0.3514,0.3644,947761.3
2026-02-02 04:00:00,1770004800000,0.3644,0.3652,0.359,0.3595,1689941.3
2026-02-02 04:15:00,1770005700000,0.3595,0.3699,0.3587,0.3695,580597.5
2026-02-02 04:30:00,1770006600000,0.3695,0.3715,0.3671,0.3674,328030.2
2026-02-02 04:45:00,1770007500000,0.3674,0.3674,0.3631,0.3631,174662.9
2026-02-02 05:00:00,1770008400000,0.3631,0.3632,0.3583,0.3592,193181.6
2026-02-02 05:15:00,1770009300000,0.3592,0.3597,0.3537,0.3553,539078.3
2026-02-02 05:30:00,1770010200000,0.3553,0.3578,0.3536,0.3561,350266.9
2026-02-02 05:45:00,1770011100000,0.3561,0.3607,0.3554,0.3575,375856.0
2026-02-02 06:00:00,1770012000000,0.3575,0.3584,0.3528,0.3568,650405.1
2026-02-02 06:15:00,1770012900000,0.3568,0.3608,0.3551,0.3572,350533.6
2026-02-02 06:30:00,1770013800000,0.3572,0.369,0.351,0.3629,2670736.1
2026-02-02 06:45:00,1770014700000,0.3629,0.3662,0.3602,0.3622,720324.2
2026-02-02 07:00:00,1770015600000,0.3622,0.3646,0.3599,0.3615,405751.7
2026-02-02 07:15:00,1770016500000,0.3615,0.363,0.3595,0.3601,113231.1
2026-02-02 07:30:00,1770017400000,0.3601,0.3618,0.3591,0.3607,215688.3
2026-02-02 07:45:00,1770018300000,0.3607,0.3626,0.3588,0.3589,207029.5
2026-02-02 08:00:00,1770019200000,0.3589,0.3614,0.3588,0.3606,136802.6
2026-02-02 08:15:00,1770020100000,0.3606,0.3621,0.3585,0.3593,157393.3
2026-02-02 08:30:00,1770021000000,0.3593,0.3617,0.3593,0.3603,157037.4
2026-02-02 08:45:00,1770021900000,0.3603,0.3619,0.3598,0.3606,91765.3
2026-02-02 09:00:00,1770022800000,0.3606,0.3611,0.3578,0.3586,208118.8
2026-02-02 09:15:00,1770023700000,0.3586,0.3628,0.358,0.3625,326588.3
2026-02-02 09:30:00,1770024600000,0.3625,0.3641,0.3596,0.3619,391263.6
2026-02-02 09:45:00,1770025500000,0.3619,0.3655,0.3617,0.3634,528184.8
2026-02-02 10:00:00,1770026400000,0.3634,0.3648,0.3632,0.3641,78942.7
2026-02-02 10:15:00,1770027300000,0.3641,0.3646,0.362,0.3629,234204.0
2026-02-02 10:30:00,1770028200000,0.3629,0.364,0.3622,0.3633,126777.5
2026-02-02 10:45:00,1770029100000,0.3633,0.3639,0.3629,0.3636,94614.5
2026-02-02 11:00:00,1770030000000,0.3636,0.3646,0.3624,0.3643,190350.7
2026-02-02 11:15:00,1770030900000,0.3643,0.3643,0.3629,0.3641,67537.2
2026-02-02 11:30:00,1770031800000,0.3641,0.3656,0.3638,0.3645,157284.6
2026-02-02 11:45:00,1770032700000,0.3645,0.3654,0.3629,0.3634,223669.0
2026-02-02 12:00:00,1770033600000,0.3634,0.3648,0.3634,0.3646,86685.6
2026-02-02 12:15:00,1770034500000,0.3646,0.3674,0.3642,0.3657,334387.4
2026-02-02 12:30:00,1770035400000,0.3657,0.3675,0.3654,0.3669,149279.4
2026-02-02 12:45:00,1770036300000,0.3669,0.369,0.3664,0.3677,97881.9
2026-02-02 13:00:00,1770037200000,0.3677,0.3682,0.3667,0.3679,95480.5
2026-02-02 13:15:00,1770038100000,0.3679,0.3704,0.367,0.3696,141509.0
2026-02-02 13:30:00,1770039000000,0.3696,0.3711,0.3694,0.3704,217409.6
2026-02-02 13:45:00,1770039900000,0.3704,0.3724,0.3693,0.3715,289788.7
2026-02-02 14:00:00,1770040800000,0.3715,0.3715,0.3676,0.3692,475915.6
2026-02-02 14:15:00,1770041700000,0.3692,0.3723,0.3684,0.3715,304530.9
2026-02-02 14:30:00,1770042600000,0.3715,0.3775,0.3715,0.3753,715116.6
2026-02-02 14:45:00,1770043500000,0.3753,0.3775,0.3728,0.3733,292823.0
2026-02-02 15:00:00,1770044400000,0.3733,0.3767,0.3724,0.3759,358750.1
2026-02-02 15:15:00,1770045300000,0.3759,0.3791,0.3742,0.3778,401488.0
2026-02-02 15:30:00,1770046200000,0.3778,0.3812,0.3763,0.379,400011.4
2026-02-02 15:45:00,1770047100000,0.379,0.3793,0.3762,0.3779,260222.7
2026-02-02 16:00:00,1770048000000,0.3779,0.3788,0.3763,0.378,163975.4
2026-02-02 16:15:00,1770048900000,0.378,0.3797,0.3771,0.3797,195103.8
2026-02-02 16:30:00,1770049800000,0.3797,0.3797,0.3776,0.3784,79163.9
2026-02-02 16:45:00,1770050700000,0.3784,0.3784,0.376,0.3766,84114.1
2026-02-02 17:00:00,1770051600000,0.3766,0.3789,0.3761,0.3785,118635.8
2026-02-02 17:15:00,1770052500000,0.3785,0.3795,0.3778,0.3784,80105.3
2026-02-02 17:30:00,1770053400000,0.3784,0.3795,0.3753,0.376,201349.6
2026-02-02 17:45:00,1770054300000,0.376,0.3768,0.374,0.3761,271767.4
2026-02-02 18:00:00,1770055200000,0.3761,0.3766,0.3751,0.3756,119188.6
2026-02-02 18:15:00,1770056100000,0.3756,0.3761,0.3747,0.3753,59097.5
2026-02-02 18:30:00,1770057000000,0.3753,0.3795,0.3753,0.3779,149437.5
2026-02-02 18:45:00,1770057900000,0.3779,0.3786,0.3773,0.3778,50211.2
2026-02-02 19:00:00,1770058800000,0.3778,0.378,0.3765,0.3776,69677.3
2026-02-02 19:15:00,1770059700000,0.3776,0.3776,0.3755,0.3761,25896.6
2026-02-02 19:30:00,1770060600000,0.3761,0.3764,0.3754,0.3763,45345.3
2026-02-02 19:45:00,1770061500000,0.3763,0.3763,0.3742,0.3742,93704.4
2026-02-02 20:00:00,1770062400000,0.3742,0.376,0.3732,0.3744,176066.9
2026-02-02 20:15:00,1770063300000,0.3744,0.3753,0.374,0.3745,46524.1
2026-02-02 20:30:00,1770064200000,0.3745,0.3746,0.3722,0.3726,190392.6
2026-02-02 20:45:00,1770065100000,0.3726,0.374,0.372,0.3735,82325.3
2026-02-02 21:00:00,1770066000000,0.3735,0.376,0.3732,0.3751,106860.4
2026-02-02 21:15:00,1770066900000,0.3751,0.3752,0.3741,0.3744,48900.2
2026-02-02 21:30:00,1770067800000,0.3744,0.376,0.3744,0.3751,87687.1
2026-02-02 21:45:00,1770068700000,0.3751,0.3769,0.3751,0.376,106459.4
2026-02-02 22:00:00,1770069600000,0.376,0.3766,0.3756,0.3762,91878.5
2026-02-02 22:15:00,1770070500000,0.3762,0.3762,0.3752,0.3759,34309.4
2026-02-02 22:30:00,1770071400000,0.3759,0.3781,0.3759,0.378,126972.6
2026-02-02 22:45:00,1770072300000,0.378,0.3782,0.3768,0.3777,65764.7
2026-02-02 23:00:00,1770073200000,0.3777,0.378,0.3766,0.3771,64115.3
2026-02-02 23:15:00,1770074100000,0.3771,0.3773,0.3758,0.376,57068.2
2026-02-02 23:30:00,1770075000000,0.376,0.3775,0.3759,0.3765,103875.7
2026-02-02 23:45:00,1770075900000,0.3765,0.3769,0.3762,0.3768,65750.1
2026-02-03 00:00:00,1770076800000,0.3768,0.3773,0.3741,0.3752,136344.1
2026-02-03 00:15:00,1770077700000,0.3752,0.3762,0.3748,0.3759,215065.0
2026-02-03 00:30:00,1770078600000,0.3759,0.3759,0.3737,0.3748,229983.7
2026-02-03 00:45:00,1770079500000,0.3748,0.3758,0.374,0.3757,53055.9
2026-02-03 01:00:00,1770080400000,0.3757,0.3757,0.374,0.3743,110415.8
2026-02-03 01:15:00,1770081300000,0.3743,0.3748,0.3726,0.3746,125383.3
2026-02-03 01:30:00,1770082200000,0.3746,0.3746,0.3733,0.3745,61607.5
2026-02-03 01:45:00,1770083100000,0.3745,0.3752,0.3739,0.3743,219470.0
2026-02-03 02:00:00,1770084000000,0.3743,0.3743,0.3702,0.3711,266845.2
2026-02-03 02:15:00,1770084900000,0.3711,0.3717,0.3698,0.3702,100778.6
2026-02-03 02:30:00,1770085800000,0.3702,0.3704,0.3684,0.3693,240440.1
2026-02-03 02:45:00,1770086700000,0.3693,0.3694,0.3664,0.3669,395538.9
2026-02-03 03:00:00,1770087600000,0.3669,0.3688,0.3654,0.3678,186498.2
2026-02-03 03:15:00,1770088500000,0.3678,0.3697,0.3662,0.3695,183462.8
2026-02-03 03:30:00,1770089400000,0.3695,0.373,0.3692,0.3726,160721.9
2026-02-03 03:45:00,1770090300000,0.3726,0.375,0.372,0.3745,184736.9
2026-02-03 04:00:00,1770091200000,0.3745,0.3751,0.3729,0.3751,103295.1
2026-02-03 04:15:00,1770092100000,0.3751,0.3751,0.3739,0.3739,60708.5
2026-02-03 04:30:00,1770093000000,0.3739,0.3778,0.3736,0.3778,94254.3
2026-02-03 04:45:00,1770093900000,0.3778,0.378,0.3766,0.3766,88887.9
2026-02-03 05:00:00,1770094800000,0.3766,0.377,0.3741,0.3742,93775.1
2026-02-03 05:15:00,1770095700000,0.3742,0.3758,0.3739,0.374,77927.8
2026-02-03 05:30:00,1770096600000,0.374,0.375,0.374,0.375,31426.4
2026-02-03 05:45:00,1770097500000,0.375,0.3752,0.3729,0.3731,78322.0
2026-02-03 06:00:00,1770098400000,0.3731,0.3737,0.3705,0.3706,262475.6
2026-02-03 06:15:00,1770099300000,0.3706,0.3744,0.3699,0.3738,160302.2
2026-02-03 06:30:00,1770100200000,0.3738,0.3744,0.373,0.3733,64886.0
2026-02-03 06:45:00,1770101100000,0.3733,0.3751,0.373,0.3747,55105.5
2026-02-03 07:00:00,1770102000000,0.3747,0.3761,0.3736,0.3749,99070.0
2026-02-03 07:15:00,1770102900000,0.3749,0.3758,0.3738,0.3748,186406.6
2026-02-03 07:30:00,1770103800000,0.3748,0.3774,0.3748,0.3762,101165.6
2026-02-03 07:45:00,1770104700000,0.3762,0.3762,0.3753,0.3755,45519.2
2026-02-03 08:00:00,1770105600000,0.3755,0.3759,0.3737,0.3742,188477.9
2026-02-03 08:15:00,1770106500000,0.3742,0.3775,0.3741,0.3767,163236.0
2026-02-03 08:30:00,1770107400000,0.3767,0.3771,0.3759,0.3766,111510.2
2026-02-03 08:45:00,1770108300000,0.3766,0.3767,0.3733,0.3734,93412.9
2026-02-03 09:00:00,1770109200000,0.3734,0.3747,0.37,0.3702,866591.9
2026-02-03 09:15:00,1770110100000,0.3702,0.3709,0.3675,0.3677,823573.1
2026-02-03 09:30:00,1770111000000,0.3677,0.3716,0.3675,0.3708,418660.3
2026-02-03 09:45:00,1770111900000,0.3708,0.3719,0.3705,0.3716,69704.1
2026-02-03 10:00:00,1770112800000,0.3716,0.3731,0.3708,0.3724,44458.3
2026-02-03 10:15:00,1770113700000,0.3724,0.3728,0.3717,0.3726,57222.8
2026-02-03 10:30:00,1770114600000,0.3726,0.3726,0.3694,0.37,263635.7
2026-02-03 10:45:00,1770115500000,0.37,0.3705,0.3689,0.3701,168921.6
2026-02-03 11:00:00,1770116400000,0.3701,0.3713,0.3698,0.3702,117372.5
2026-02-03 11:15:00,1770117300000,0.3702,0.3709,0.3697,0.3705,69879.2
2026-02-03 11:30:00,1770118200000,0.3705,0.3727,0.3702,0.3718,269430.2
2026-02-03 11:45:00,1770119100000,0.3718,0.3727,0.3713,0.3715,163640.8
2026-02-03 12:00:00,1770120000000,0.3715,0.3741,0.3701,0.373,290936.3
2026-02-03 12:15:00,1770120900000,0.373,0.3744,0.372,0.374,76084.7
2026-02-03 12:30:00,1770121800000,0.374,0.3746,0.3733,0.3741,140328.2
2026-02-03 12:45:00,1770122700000,0.3741,0.3747,0.3735,0.3735,92723.4
2026-02-03 13:00:00,1770123600000,0.3735,0.3745,0.3729,0.3729,68795.7
2026-02-03 13:15:00,1770124500000,0.3729,0.3733,0.3714,0.3732,164236.0
2026-02-03 13:30:00,1770125400000,0.3732,0.3737,0.3724,0.3727,55755.6
2026-02-03 13:45:00,1770126300000,0.3727,0.3749,0.3724,0.3738,70492.5
2026-02-03 14:00:00,1770127200000,0.3738,0.3748,0.3737,0.3744,51558.0
2026-02-03 14:15:00,1770128100000,0.3744,0.375,0.3724,0.3735,275610.3
2026-02-03 14:30:00,1770129000000,0.3735,0.3736,0.3683,0.3697,523642.5
2026-02-03 14:45:00,1770129900000,0.3697,0.3715,0.3658,0.3659,518179.0
2026-02-03 15:00:00,1770130800000,0.3659,0.3708,0.3654,0.366,546579.8
2026-02-03 15:15:00,1770131700000,0.366,0.3752,0.3653,0.3724,1342762.9
2026-02-03 15:30:00,1770132600000,0.3724,0.3757,0.3704,0.3706,474921.4
2026-02-03 15:45:00,1770133500000,0.3706,0.3774,0.3697,0.3765,481460.7
2026-02-03 16:00:00,1770134400000,0.3765,0.377,0.371,0.3712,406024.0
2026-02-03 16:15:00,1770135300000,0.3712,0.3713,0.3669,0.3675,915633.5
2026-02-03 16:30:00,1770136200000,0.3675,0.3686,0.3655,0.3669,565456.3
2026-02-03 16:45:00,1770137100000,0.3669,0.3678,0.3655,0.3665,476903.0
2026-02-03 17:00:00,1770138000000,0.3665,0.3673,0.3635,0.3642,369839.0
2026-02-03 17:15:00,1770138900000,0.3642,0.3661,0.3635,0.3648,229472.0
2026-02-03 17:30:00,1770139800000,0.3648,0.3648,0.3602,0.3602,476837.9
2026-02-03 17:45:00,1770140700000,0.3602,0.3632,0.3586,0.3588,534703.1
2026-02-03 18:00:00,1770141600000,0.3588,0.3613,0.3582,0.3583,682494.5
2026-02-03 18:15:00,1770142500000,0.3583,0.3595,0.3537,0.355,1486188.4
2026-02-03 18:30:00,1770143400000,0.355,0.3571,0.3538,0.3548,454706.0
2026-02-03 18:45:00,1770144300000,0.3548,0.3555,0.3514,0.3521,842909.3
2026-02-03 19:00:00,1770145200000,0.3521,0.366,0.3517,0.3657,1183148.9
2026-02-03 19:15:00,1770146100000,0.3657,0.3693,0.3645,0.3679,736631.7
2026-02-03 19:30:00,1770147000000,0.3679,0.3731,0.3675,0.3697,528120.5
2026-02-03 19:45:00,1770147900000,0.3697,0.3704,0.368,0.3698,432240.5
2026-02-03 20:00:00,1770148800000,0.3698,0.3699,0.3652,0.366,192550.3
2026-02-03 20:15:00,1770149700000,0.366,0.3747,0.3654,0.3735,707046.9
2026-02-03 20:30:00,1770150600000,0.3735,0.3866,0.3734,0.3816,2081010.8
2026-02-03 20:45:00,1770151500000,0.3816,0.3852,0.3804,0.3822,783006.5
2026-02-03 21:00:00,1770152400000,0.3822,0.3854,0.3811,0.3832,724098.9
2026-02-03 21:15:00,1770153300000,0.3832,0.3835,0.3772,0.3774,232965.6
2026-02-03 21:30:00,1770154200000,0.3774,0.3783,0.3754,0.3768,235060.6
2026-02-03 21:45:00,1770155100000,0.3768,0.3772,0.3748,0.375,129341.5
2026-02-03 22:00:00,1770156000000,0.375,0.3755,0.3713,0.3715,266531.0
2026-02-03 22:15:00,1770156900000,0.3715,0.3735,0.3697,0.3733,163740.5
2026-02-03 22:30:00,1770157800000,0.3733,0.3749,0.3721,0.3726,192194.1
2026-02-03 22:45:00,1770158700000,0.3726,0.3726,0.3682,0.3694,323476.9
2026-02-03 23:00:00,1770159600000,0.3694,0.3695,0.3654,0.3689,507290.5
2026-02-03 23:15:00,1770160500000,0.3689,0.369,0.3666,0.3666,152306.9
2026-02-03 23:30:00,1770161400000,0.3666,0.3677,0.3661,0.3665,170794.8
2026-02-03 23:45:00,1770162300000,0.3665,0.3678,0.3638,0.3676,517766.5
2026-02-04 00:00:00,1770163200000,0.3676,0.3681,0.3656,0.366,221322.0
2026-02-04 00:15:00,1770164100000,0.366,0.3693,0.3659,0.3691,355992.7
2026-02-04 00:30:00,1770165000000,0.3691,0.3723,0.3688,0.3709,241742.1
2026-02-04 00:45:00,1770165900000,0.3709,0.3713,0.3695,0.37,77685.0
2026-02-04 01:00:00,1770166800000,0.37,0.376,0.37,0.376,179409.0
2026-02-04 01:15:00,1770167700000,0.376,0.3761,0.3736,0.3737,129294.6
2026-02-04 01:30:00,1770168600000,0.3737,0.3743,0.3732,0.3737,142955.9
2026-02-04 01:45:00,1770169500000,0.3737,0.3737,0.3714,0.3724,102325.6
2026-02-04 02:00:00,1770170400000,0.3724,0.3729,0.3715,0.3725,92278.1
2026-02-04 02:15:00,1770171300000,0.3725,0.3728,0.3708,0.3713,91154.8
2026-02-04 02:30:00,1770172200000,0.3713,0.3718,0.3693,0.3706,114059.2
2026-02-04 02:45:00,1770173100000,0.3706,0.3712,0.3696,0.3708,42892.4
2026-02-04 03:00:00,1770174000000,0.3708,0.3748,0.3702,0.3738,220975.3
2026-02-04 03:15:00,1770174900000,0.3738,0.374,0.3721,0.3724,77406.6
2026-02-04 03:30:00,1770175800000,0.3724,0.3764,0.3723,0.3749,261175.5
2026-02-04 03:45:00,1770176700000,0.3749,0.3754,0.3746,0.3747,54580.7
2026-02-04 04:00:00,1770177600000,0.3747,0.3751,0.3737,0.375,129112.9
2026-02-04 04:15:00,1770178500000,0.375,0.3751,0.3738,0.3743,58274.5
2026-02-04 04:30:00,1770179400000,0.3743,0.3746,0.3739,0.374,53805.1
2026-02-04 04:45:00,1770180300000,0.374,0.3742,0.3732,0.3735,38174.5
2026-02-04 05:00:00,1770181200000,0.3735,0.3746,0.3733,0.3744,27123.0
2026-02-04 05:15:00,1770182100000,0.3744,0.3753,0.3737,0.375,31446.4
2026-02-04 05:30:00,1770183000000,0.375,0.3751,0.3731,0.3734,35874.1
2026-02-04 05:45:00,1770183900000,0.3734,0.3739,0.3706,0.3721,180671.8
2026-02-04 06:00:00,1770184800000,0.3721,0.374,0.3715,0.3739,116073.5
2026-02-04 06:15:00,1770185700000,0.3739,0.374,0.3717,0.3724,101006.6
2026-02-04 06:30:00,1770186600000,0.3724,0.3746,0.3716,0.3743,117817.1
2026-02-04 06:45:00,1770187500000,0.3743,0.3754,0.3739,0.3743,205091.3
2026-02-04 07:00:00,1770188400000,0.3743,0.3755,0.3726,0.3753,217081.7
2026-02-04 07:15:00,1770189300000,0.3753,0.3755,0.3741,0.3755,103734.7
2026-02-04 07:30:00,1770190200000,0.3755,0.3775,0.3751,0.377,198844.6
2026-02-04 07:45:00,1770191100000,0.377,0.3774,0.3761,0.3765,227926.4
2026-02-04 08:00:00,1770192000000,0.3765,0.3766,0.375,0.3752,112853.7
2026-02-04 08:15:00,1770192900000,0.3752,0.3762,0.3736,0.3739,119526.7
2026-02-04 08:30:00,1770193800000,0.3739,0.3755,0.3734,0.3754,53386.8
2026-02-04 08:45:00,1770194700000,0.3754,0.3773,0.3754,0.3765,47758.8
2026-02-04 09:00:00,1770195600000,0.3765,0.3765,0.375,0.3753,130216.9
2026-02-04 09:15:00,1770196500000,0.3753,0.3754,0.3739,0.3749,57655.9
2026-02-04 09:30:00,1770197400000,0.3749,0.3756,0.3735,0.3744,77727.9
2026-02-04 09:45:00,1770198300000,0.3744,0.3747,0.3738,0.374,125832.0
2026-02-04 10:00:00,1770199200000,0.374,0.3747,0.3735,0.3738,117385.1
2026-02-04 10:15:00,1770200100000,0.3738,0.3747,0.3738,0.3742,32252.9
2026-02-04 10:30:00,1770201000000,0.3742,0.3749,0.3733,0.3737,38104.6
2026-02-04 10:45:00,1770201900000,0.3737,0.3739,0.3732,0.3735,106547.2
2026-02-04 11:00:00,1770202800000,0.3735,0.3736,0.369,0.3696,765044.2
2026-02-04 11:15:00,1770203700000,0.3696,0.3732,0.3692,0.3721,241737.9
2026-02-04 11:30:00,1770204600000,0.3721,0.3756,0.372,0.373,272370.7
2026-02-04 11:45:00,1770205500000,0.373,0.3742,0.3729,0.3738,156533.4
2026-02-04 12:00:00,1770206400000,0.3738,0.3743,0.3737,0.3739,60803.3
2026-02-04 12:15:00,1770207300000,0.3739,0.3747,0.3714,0.3715,268544.4
2026-02-04 12:30:00,1770208200000,0.3715,0.3725,0.371,0.3717,86618.7
2026-02-04 12:45:00,1770209100000,0.3717,0.3728,0.3713,0.3726,109055.1
2026-02-04 13:00:00,1770210000000,0.3726,0.3728,0.3711,0.3725,49811.6
2026-02-04 13:15:00,1770210900000,0.3725,0.3725,0.3707,0.3708,114549.5
2026-02-04 13:30:00,1770211800000,0.3708,0.3714,0.3686,0.3691,242321.0
2026-02-04 13:45:00,1770212700000,0.3691,0.3695,0.3652,0.3653,403680.1
2026-02-04 14:00:00,1770213600000,0.3653,0.3679,0.3651,0.3676,222148.3
2026-02-04 14:15:00,1770214500000,0.3676,0.3683,0.3658,0.3664,88288.2
2026-02-04 14:30:00,1770215400000,0.3664,0.3699,0.3619,0.3666,948316.6
2026-02-04 14:45:00,1770216300000,0.3666,0.3696,0.3622,0.3627,497683.5
2026-02-04 15:00:00,1770217200000,0.3627,0.3679,0.3598,0.3664,1244924.2
2026-02-04 15:15:00,1770218100000,0.3664,0.3682,0.3637,0.3648,360839.3
2026-02-04 15:30:00,1770219000000,0.3648,0.3651,0.357,0.3618,620308.7
2026-02-04 15:45:00,1770219900000,0.3618,0.3632,0.3599,0.3622,197417.5
2026-02-04 16:00:00,1770220800000,0.3622,0.3649,0.3602,0.3628,527615.0
2026-02-04 16:15:00,1770221700000,0.3628,0.363,0.3576,0.3607,1187318.0
2026-02-04 16:30:00,1770222600000,0.3607,0.361,0.3556,0.3565,755791.8
2026-02-04 16:45:00,1770223500000,0.3565,0.3622,0.3558,0.3608,424209.8
2026-02-04 17:00:00,1770224400000,0.3608,0.3622,0.3575,0.3603,656101.7
2026-02-04 17:15:00,1770225300000,0.3603,0.3621,0.3556,0.3557,648239.5
2026-02-04 17:30:00,1770226200000,0.3557,0.3606,0.3553,0.3597,759554.3
2026-02-04 17:45:00,1770227100000,0.3597,0.3616,0.3578,0.3605,274132.9
2026-02-04 18:00:00,1770228000000,0.3605,0.3606,0.3545,0.3555,708903.8
2026-02-04 18:15:00,1770228900000,0.3555,0.3627,0.3538,0.3599,631858.0
2026-02-04 18:30:00,1770229800000,0.3599,0.3677,0.3584,0.3669,925837.0
2026-02-04 18:45:00,1770230700000,0.3669,0.3669,0.3623,0.3627,358730.3
2026-02-04 19:00:00,1770231600000,0.3627,0.3659,0.3627,0.3632,197157.6
2026-02-04 19:15:00,1770232500000,0.3632,0.3649,0.3611,0.3624,356136.0
2026-02-04 19:30:00,1770233400000,0.3624,0.3666,0.3623,0.3664,104791.4
2026-02-04 19:45:00,1770234300000,0.3664,0.3723,0.3662,0.3713,579260.6
2026-02-04 20:00:00,1770235200000,0.3713,0.3719,0.3681,0.3683,221346.5
2026-02-04 20:15:00,1770236100000,0.3683,0.3706,0.3683,0.3694,113864.6
2026-02-04 20:30:00,1770237000000,0.3694,0.3694,0.367,0.367,64753.9
2026-02-04 20:45:00,1770237900000,0.367,0.3682,0.3665,0.3678,88377.5
2026-02-04 21:00:00,1770238800000,0.3678,0.37,0.3663,0.3672,134898.1
2026-02-04 21:15:00,1770239700000,0.3672,0.3672,0.3645,0.3657,76298.0
2026-02-04 21:30:00,1770240600000,0.3657,0.3672,0.3632,0.3643,162349.1
2026-02-04 21:45:00,1770241500000,0.3643,0.3656,0.3621,0.3656,146305.0
2026-02-04 22:00:00,1770242400000,0.3656,0.3657,0.3574,0.3605,419933.3
2026-02-04 22:15:00,1770243300000,0.3605,0.3704,0.3601,0.3704,246740.6
2026-02-04 22:30:00,1770244200000,0.3704,0.3704,0.3625,0.3627,133996.9
2026-02-04 22:45:00,1770245100000,0.3627,0.3645,0.3612,0.3618,111128.1
2026-02-04 23:00:00,1770246000000,0.3618,0.3632,0.3608,0.3632,216663.2
2026-02-04 23:15:00,1770246900000,0.3632,0.3683,0.3623,0.3667,673555.6
2026-02-04 23:30:00,1770247800000,0.3667,0.3685,0.3657,0.3665,214585.6
2026-02-04 23:45:00,1770248700000,0.3665,0.3678,0.3657,0.366,124003.8
2026-02-05 00:00:00,1770249600000,0.366,0.3669,0.3636,0.3638,349619.6
2026-02-05 00:15:00,1770250500000,0.3638,0.3675,0.3638,0.3673,140672.6
2026-02-05 00:30:00,1770251400000,0.3673,0.3673,0.3637,0.3656,50063.9
2026-02-05 00:45:00,1770252300000,0.3656,0.3666,0.3647,0.3654,76955.1
2026-02-05 01:00:00,1770253200000,0.3654,0.3683,0.3647,0.3672,118864.5
2026-02-05 01:15:00,1770254100000,0.3672,0.3701,0.3622,0.3695,365660.3
2026-02-05 01:30:00,1770255000000,0.3695,0.3712,0.3655,0.3677,561901.4
2026-02-05 01:45:00,1770255900000,0.3677,0.3679,0.3649,0.365,144180.9
2026-02-05 02:00:00,1770256800000,0.365,0.3656,0.3623,0.3624,168400.5
2026-02-05 02:15:00,1770257700000,0.3624,0.3665,0.3617,0.3658,264799.7
2026-02-05 02:30:00,1770258600000,0.3658,0.3694,0.3658,0.3678,320037.2
2026-02-05 02:45:00,1770259500000,0.3678,0.3678,0.3622,0.3629,394664.2
2026-02-05 03:00:00,1770260400000,0.3629,0.3654,0.3616,0.3633,234998.3
2026-02-05 03:15:00,1770261300000,0.3633,0.3653,0.3607,0.3632,230846.9
2026-02-05 03:30:00,1770262200000,0.3632,0.3632,0.3606,0.3612,133925.9
2026-02-05 03:45:00,1770263100000,0.3612,0.3617,0.3602,0.3607,117107.8
2026-02-05 04:00:00,1770264000000,0.3607,0.3645,0.3595,0.3609,489530.0
2026-02-05 04:15:00,1770264900000,0.3609,0.363,0.3596,0.3609,267147.2
2026-02-05 04:30:00,1770265800000,0.3609,0.3631,0.3588,0.3627,474501.0
2026-02-05 04:45:00,1770266700000,0.3627,0.3628,0.3601,0.361,230181.1
2026-02-05 05:00:00,1770267600000,0.361,0.3621,0.359,0.3609,127827.5
2026-02-05 05:15:00,1770268500000,0.3609,0.362,0.3568,0.3595,427041.3
2026-02-05 05:30:00,1770269400000,0.3595,0.3661,0.3584,0.3649,334401.3
2026-02-05 05:45:00,1770270300000,0.3649,0.3652,0.3604,0.3611,489346.2
2026-02-05 06:00:00,1770271200000,0.3611,0.3614,0.3575,0.3589,344447.2
2026-02-05 06:15:00,1770272100000,0.3589,0.3594,0.3566,0.3569,398046.9
2026-02-05 06:30:00,1770273000000,0.3569,0.359,0.3569,0.3577,147931.7
2026-02-05 06:45:00,1770273900000,0.3577,0.3589,0.3552,0.3561,312524.4
2026-02-05 07:00:00,1770274800000,0.3561,0.3612,0.3556,0.3566,333200.1
2026-02-05 07:15:00,1770275700000,0.3566,0.3601,0.3562,0.3591,220978.3
2026-02-05 07:30:00,1770276600000,0.3591,0.3593,0.3553,0.3563,263604.4
2026-02-05 07:45:00,1770277500000,0.3563,0.3567,0.3546,0.3557,229802.6
2026-02-05 08:00:00,1770278400000,0.3557,0.3576,0.3557,0.3565,202650.1
2026-02-05 08:15:00,1770279300000,0.3565,0.3589,0.3561,0.3586,167157.8
2026-02-05 08:30:00,1770280200000,0.3586,0.361,0.3584,0.3601,142434.2
2026-02-05 08:45:00,1770281100000,0.3601,0.3609,0.3589,0.3589,78211.0
2026-02-05 09:00:00,1770282000000,0.3589,0.3626,0.3587,0.3612,350073.4
2026-02-05 09:15:00,1770282900000,0.3612,0.3629,0.359,0.3594,341548.8
2026-02-05 09:30:00,1770283800000,0.3594,0.3597,0.3574,0.3579,179487.2
2026-02-05 09:45:00,1770284700000,0.3579,0.3587,0.3577,0.3582,23147.0
2026-02-05 10:00:00,1770285600000,0.3582,0.3585,0.3556,0.357,190701.2
2026-02-05 10:15:00,1770286500000,0.357,0.3586,0.3568,0.3573,53729.8
2026-02-05 10:30:00,1770287400000,0.3573,0.3575,0.3541,0.3542,559962.9
2026-02-05 10:45:00,1770288300000,0.3542,0.3544,0.3489,0.3504,1292487.7
2026-02-05 11:00:00,1770289200000,0.3504,0.3518,0.3471,0.3476,260446.9
2026-02-05 11:15:00,1770290100000,0.3476,0.3498,0.342,0.3429,1424555.4
2026-02-05 11:30:00,1770291000000,0.3429,0.351,0.3426,0.3496,690980.6
2026-02-05 11:45:00,1770291900000,0.3496,0.3498,0.3465,0.3476,216032.4
2026-02-05 12:00:00,1770292800000,0.3476,0.349,0.3461,0.347,292140.8
2026-02-05 12:15:00,1770293700000,0.347,0.3489,0.3438,0.3472,762399.2
2026-02-05 12:30:00,1770294600000,0.3472,0.3489,0.3459,0.347,349255.9
2026-02-05 12:45:00,1770295500000,0.347,0.3486,0.3453,0.3474,313019.8
2026-02-05 13:00:00,1770296400000,0.3474,0.3505,0.3469,0.3482,201388.2
2026-02-05 13:15:00,1770297300000,0.3482,0.3484,0.3453,0.3455,188692.3
2026-02-05 13:30:00,1770298200000,0.3455,0.3483,0.3455,0.3465,213112.2
2026-02-05 13:45:00,1770299100000,0.3465,0.3465,0.3438,0.3444,163735.5
2026-02-05 14:00:00,1770300000000,0.3444,0.3495,0.3443,0.3449,470274.6
2026-02-05 14:15:00,1770300900000,0.3449,0.3466,0.3437,0.3466,370415.6
2026-02-05 14:30:00,1770301800000,0.3466,0.3521,0.3455,0.3491,681809.7
2026-02-05 14:45:00,1770302700000,0.3491,0.3511,0.3425,0.3437,564592.1
2026-02-05 15:00:00,1770303600000,0.3437,0.3451,0.3312,0.3318,1979025.9
2026-02-05 15:15:00,1770304500000,0.3318,0.337,0.3235,0.324,4138879.0
2026-02-05 15:30:00,1770305400000,0.324,0.3329,0.3198,0.3325,3346716.7
2026-02-05 15:45:00,1770306300000,0.3325,0.3372,0.3283,0.3285,1414605.6
2026-02-05 16:00:00,1770307200000,0.3285,0.3302,0.3245,0.3251,1237835.9
2026-02-05 16:15:00,1770308100000,0.3251,0.3349,0.3241,0.3322,1649745.4
2026-02-05 16:30:00,1770309000000,0.3322,0.335,0.3282,0.3287,579587.1
2026-02-05 16:45:00,1770309900000,0.3287,0.3346,0.3258,0.3297,1006333.8
2026-02-05 17:00:00,1770310800000,0.3297,0.3326,0.3223,0.3238,1140688.1
2026-02-05 17:15:00,1770311700000,0.3238,0.3293,0.3169,0.3283,2417745.8
2026-02-05 17:30:00,1770312600000,0.3283,0.3291,0.3215,0.3243,1036346.3
2026-02-05 17:45:00,1770313500000,0.3243,0.3258,0.3202,0.3205,450794.4
2026-02-05 18:00:00,1770314400000,0.3205,0.3233,0.3196,0.3203,462146.0
2026-02-05 18:15:00,1770315300000,0.3203,0.3209,0.3152,0.3186,1517497.3
2026-02-05 18:30:00,1770316200000,0.3186,0.3197,0.3154,0.3173,1179381.4
2026-02-05 18:45:00,1770317100000,0.3173,0.3244,0.3169,0.3231,838422.9
2026-02-05 19:00:00,1770318000000,0.3231,0.3239,0.319,0.32,495194.0
2026-02-05 19:15:00,1770318900000,0.32,0.3221,0.3174,0.3194,447606.5
2026-02-05 19:30:00,1770319800000,0.3194,0.3229,0.3184,0.3205,293973.3
2026-02-05 19:45:00,1770320700000,0.3205,0.321,0.3174,0.3188,315368.7
2026-02-05 20:00:00,1770321600000,0.3188,0.322,0.3176,0.3176,493165.6
2026-02-05 20:15:00,1770322500000,0.3176,0.3179,0.3018,0.3073,4158331.8
2026-02-05 20:30:00,1770323400000,0.3073,0.3177,0.3054,0.3148,2803118.1
2026-02-05 20:45:00,1770324300000,0.3148,0.3153,0.3056,0.3097,1636176.7
2026-02-05 21:00:00,1770325200000,0.3097,0.3194,0.3091,0.3103,2396180.2
2026-02-05 21:15:00,1770326100000,0.3103,0.3168,0.3057,0.3162,1169089.4
2026-02-05 21:30:00,1770327000000,0.3162,0.3174,0.3099,0.3116,612340.8
2026-02-05 21:45:00,1770327900000,0.3116,0.3131,0.3085,0.3107,499825.5
2026-02-05 22:00:00,1770328800000,0.3107,0.3148,0.3075,0.3113,741030.5
2026-02-05 22:15:00,1770329700000,0.3113,0.3162,0.3064,0.3149,435678.4
2026-02-05 22:30:00,1770330600000,0.3149,0.3174,0.3109,0.313,336801.5
2026-02-05 22:45:00,1770331500000,0.313,0.3154,0.3117,0.3119,298901.8
2026-02-05 23:00:00,1770332400000,0.3119,0.3198,0.3111,0.3185,802211.8
2026-02-05 23:15:00,1770333300000,0.3185,0.3187,0.3133,0.3151,405245.5
2026-02-05 23:30:00,1770334200000,0.3151,0.3165,0.3096,0.3106,1019855.0
2026-02-05 23:45:00,1770335100000,0.3106,0.3122,0.3079,0.3088,900916.2
2026-02-06 00:00:00,1770336000000,0.3088,0.3108,0.2786,0.2823,13315025.5
2026-02-06 00:15:00,1770336900000,0.2823,0.2912,0.2692,0.2817,22226332.1
2026-02-06 00:30:00,1770337800000,0.2817,0.303,0.2808,0.2985,3238411.4
2026-02-06 00:45:00,1770338700000,0.2985,0.3041,0.2964,0.2986,1454206.8
2026-02-06 01:00:00,1770339600000,0.2986,0.3061,0.2979,0.3038,1443409.2
2026-02-06 01:15:00,1770340500000,0.3038,0.3115,0.3038,0.309,1786004.4
2026-02-06 01:30:00,1770341400000,0.309,0.3109,0.3068,0.3095,855764.7
2026-02-06 01:45:00,1770342300000,0.3095,0.3159,0.3091,0.3159,689060.8
2026-02-06 02:00:00,1770343200000,0.3159,0.3192,0.3123,0.313,1051923.8
2026-02-06 02:15:00,1770344100000,0.313,0.3132,0.3066,0.3093,911562.9
2026-02-06 02:30:00,1770345000000,0.3093,0.3147,0.3092,0.3126,885751.1
2026-02-06 02:45:00,1770345900000,0.3126,0.3139,0.3078,0.3097,581509.7
2026-02-06 03:00:00,1770346800000,0.3097,0.3121,0.3066,0.3072,608944.3
2026-02-06 03:15:00,1770347700000,0.3072,0.3096,0.3063,0.3094,493788.0
2026-02-06 03:30:00,1770348600000,0.3094,0.3117,0.3091,0.3102,302902.2
2026-02-06 03:45:00,1770349500000,0.3102,0.3127,0.3089,0.312,447776.3
2026-02-06 04:00:00,1770350400000,0.312,0.3128,0.3097,0.3118,371540.1
2026-02-06 04:15:00,1770351300000,0.3118,0.3164,0.3114,0.3143,424485.3
2026-02-06 04:30:00,1770352200000,0.3143,0.3146,0.3117,0.3131,284079.0
2026-02-06 04:45:00,1770353100000,0.3131,0.3156,0.3131,0.3147,299153.6
2026-02-06 05:00:00,1770354000000,0.3147,0.3178,0.3131,0.3172,401682.9
2026-02-06 05:15:00,1770354900000,0.3172,0.3182,0.314,0.3151,279550.9
2026-02-06 05:30:00,1770355800000,0.3151,0.3187,0.3149,0.3178,419199.4
2026-02-06 05:45:00,1770356700000,0.3178,0.3214,0.317,0.3213,660298.2
2026-02-06 06:00:00,1770357600000,0.3213,0.3234,0.3204,0.3207,524495.8
2026-02-06 06:15:00,1770358500000,0.3207,0.321,0.3175,0.3192,283549.0
2026-02-06 06:30:00,1770359400000,0.3192,0.3195,0.3149,0.3159,565972.9
2026-02-06 06:45:00,1770360300000,0.3159,0.317,0.3143,0.3146,298811.2
2026-02-06 07:00:00,1770361200000,0.3146,0.3152,0.3108,0.3119,386570.6
2026-02-06 07:15:00,1770362100000,0.3119,0.3129,0.3105,0.3129,409955.4
2026-02-06 07:30:00,1770363000000,0.3129,0.3161,0.3122,0.3146,374058.3
2026-02-06 07:45:00,1770363900000,0.3146,0.3159,0.313,0.3136,235702.6
2026-02-06 08:00:00,1770364800000,0.3136,0.3164,0.3127,0.3142,318039.2
2026-02-06 08:15:00,1770365700000,0.3142,0.3146,0.3108,0.3114,636719.9
2026-02-06 08:30:00,1770366600000,0.3114,0.3122,0.309,0.3104,479528.3
2026-02-06 08:45:00,1770367500000,0.3104,0.3129,0.31,0.3116,235506.9
2026-02-06 09:00:00,1770368400000,0.3116,0.312,0.3105,0.3111,220430.7
2026-02-06 09:15:00,1770369300000,0.3111,0.314,0.3098,0.313,464689.8
2026-02-06 09:30:00,1770370200000,0.313,0.3184,0.3127,0.3184,357846.3
2026-02-06 09:45:00,1770371100000,0.3184,0.3213,0.3168,0.3209,373771.1
2026-02-06 10:00:00,1770372000000,0.3209,0.3216,0.3193,0.3207,452001.7
2026-02-06 10:15:00,1770372900000,0.3207,0.3249,0.3207,0.3226,577508.5
2026-02-06 10:30:00,1770373800000,0.3226,0.3235,0.322,0.3232,176315.8
2026-02-06 10:45:00,1770374700000,0.3232,0.3251,0.3219,0.3245,203419.2
2026-02-06 11:00:00,1770375600000,0.3245,0.3259,0.3236,0.3248,217277.0
2026-02-06 11:15:00,1770376500000,0.3248,0.3259,0.3224,0.3238,274967.0
2026-02-06 11:30:00,1770377400000,0.3238,0.3264,0.3236,0.325,268997.5
2026-02-06 11:45:00,1770378300000,0.325,0.3271,0.3239,0.3257,218842.2
2026-02-06 12:00:00,1770379200000,0.3257,0.3257,0.3225,0.3235,221480.1
2026-02-06 12:15:00,1770380100000,0.3235,0.324,0.3224,0.323,187486.3
2026-02-06 12:30:00,1770381000000,0.323,0.3239,0.3222,0.3237,87347.2
2026-02-06 12:45:00,1770381900000,0.3237,0.3239,0.322,0.3235,153825.1
2026-02-06 13:00:00,1770382800000,0.3235,0.3265,0.3229,0.3263,251612.2
2026-02-06 13:15:00,1770383700000,0.3263,0.3297,0.3249,0.3263,481801.4
2026-02-06 13:30:00,1770384600000,0.3263,0.3279,0.326,0.327,303398.6
2026-02-06 13:45:00,1770385500000,0.327,0.3282,0.326,0.3264,197592.2
2026-02-06 14:00:00,1770386400000,0.3264,0.3274,0.3254,0.3268,155427.6
2026-02-06 14:15:00,1770387300000,0.3268,0.3277,0.325,0.3276,168528.7
2026-02-06 14:30:00,1770388200000,0.3276,0.3346,0.3274,0.3343,950349.3
2026-02-06 14:45:00,1770389100000,0.3343,0.3375,0.3327,0.3353,473904.8
2026-02-06 15:00:00,1770390000000,0.3353,0.3354,0.3302,0.3303,441473.8
2026-02-06 15:15:00,1770390900000,0.3303,0.3333,0.3302,0.3316,177434.1
2026-02-06 15:30:00,1770391800000,0.3316,0.3343,0.3312,0.3338,131588.1
2026-02-06 15:45:00,1770392700000,0.3338,0.3349,0.3332,0.334,367273.4
2026-02-06 16:00:00,1770393600000,0.334,0.3389,0.3326,0.3388,971947.4
2026-02-06 16:15:00,1770394500000,0.3388,0.3415,0.3369,0.3402,422316.1
2026-02-06 16:30:00,1770395400000,0.3402,0.3423,0.3396,0.3421,406563.5
2026-02-06 16:45:00,1770396300000,0.3421,0.3452,0.3415,0.343,528469.3
2026-02-06 17:00:00,1770397200000,0.343,0.3449,0.3407,0.3439,384247.3
2026-02-06 17:15:00,1770398100000,0.3439,0.3489,0.3434,0.3487,595581.0
2026-02-06 17:30:00,1770399000000,0.3487,0.3532,0.3481,0.3509,701564.1
2026-02-06 17:45:00,1770399900000,0.3509,0.3522,0.3466,0.3474,559640.3
2026-02-06 18:00:00,1770400800000,0.3474,0.3476,0.3393,0.3418,615985.6
2026-02-06 18:15:00,1770401700000,0.3418,0.3419,0.3383,0.3396,252839.3
2026-02-06 18:30:00,1770402600000,0.3396,0.343,0.3392,0.342,207556.2
2026-02-06 18:45:00,1770403500000,0.342,0.3433,0.3405,0.3408,188580.9
2026-02-06 19:00:00,1770404400000,0.3408,0.3411,0.3382,0.3386,142988.2
2026-02-06 19:15:00,1770405300000,0.3386,0.341,0.3372,0.3394,257145.8
2026-02-06 19:30:00,1770406200000,0.3394,0.3405,0.3386,0.3397,113918.8
2026-02-06 19:45:00,1770407100000,0.3397,0.3416,0.3394,0.341,291837.7
2026-02-06 20:00:00,1770408000000,0.341,0.3417,0.3378,0.3381,100531.0
2026-02-06 20:15:00,1770408900000,0.3381,0.3385,0.3368,0.3384,80351.7
2026-02-06 20:30:00,1770409800000,0.3384,0.343,0.3379,0.3401,507013.1
2026-02-06 20:45:00,1770410700000,0.3401,0.3409,0.3382,0.3391,155236.1
2026-02-06 21:00:00,1770411600000,0.3391,0.3395,0.3371,0.3388,133778.7
2026-02-06 21:15:00,1770412500000,0.3388,0.3411,0.3384,0.3407,101775.1
2026-02-06 21:30:00,1770413400000,0.3407,0.3407,0.3386,0.3394,67859.2
2026-02-06 21:45:00,1770414300000,0.3394,0.3401,0.3393,0.3399,45508.0
2026-02-06 22:00:00,1770415200000,0.3399,0.3434,0.3398,0.3416,220398.0
2026-02-06 22:15:00,1770416100000,0.3416,0.3425,0.3406,0.3415,95205.7
2026-02-06 22:30:00,1770417000000,0.3415,0.3454,0.3415,0.3427,206845.5
2026-02-06 22:45:00,1770417900000,0.3427,0.345,0.3425,0.3438,189740.1
2026-02-06 23:00:00,1770418800000,0.3438,0.3458,0.3424,0.3424,209862.7
2026-02-06 23:15:00,1770419700000,0.3424,0.3429,0.3399,0.3428,272970.0
2026-02-06 23:30:00,1770420600000,0.3428,0.3439,0.3419,0.343,87203.9
2026-02-06 23:45:00,1770421500000,0.343,0.3435,0.3422,0.3429,65765.9
2026-02-07 00:00:00,1770422400000,0.3429,0.343,0.3408,0.3424,279377.7
2026-02-07 00:15:00,1770423300000,0.3424,0.3424,0.3378,0.3379,211321.8
2026-02-07 00:30:00,1770424200000,0.3379,0.3381,0.3361,0.3364,170151.7
2026-02-07 00:45:00,1770425100000,0.3364,0.3395,0.3364,0.3382,304769.7
2026-02-07 01:00:00,1770426000000,0.3382,0.3382,0.3358,0.3362,97792.1
2026-02-07 01:15:00,1770426900000,0.3362,0.338,0.3353,0.337,133431.2
2026-02-07 01:30:00,1770427800000,0.337,0.3385,0.3363,0.3377,57164.6
2026-02-07 01:45:00,1770428700000,0.3377,0.3406,0.3377,0.3398,125027.0
2026-02-07 02:00:00,1770429600000,0.3398,0.3413,0.339,0.3411,61921.3
2026-02-07 02:15:00,1770430500000,0.3411,0.342,0.3409,0.3411,36925.7
2026-02-07 02:30:00,1770431400000,0.3411,0.3412,0.3394,0.34,39274.5
2026-02-07 02:45:00,1770432300000,0.34,0.3405,0.3384,0.34,93784.6
2026-02-07 03:00:00,1770433200000,0.34,0.3441,0.3398,0.3433,198690.1
2026-02-07 03:15:00,1770434100000,0.3433,0.3436,0.3418,0.3433,43349.1
2026-02-07 03:30:00,1770435000000,0.3433,0.3439,0.3423,0.3436,85786.3
2026-02-07 03:45:00,1770435900000,0.3436,0.3436,0.3414,0.3418,87751.2
2026-02-07 04:00:00,1770436800000,0.3418,0.3448,0.3414,0.3444,162676.3
2026-02-07 04:15:00,1770437700000,0.3444,0.3458,0.3421,0.3423,198116.7
2026-02-07 04:30:00,1770438600000,0.3423,0.3439,0.3398,0.34,186893.5
2026-02-07 04:45:00,1770439500000,0.34,0.3405,0.3396,0.3405,11991.5
2026-02-07 05:00:00,1770440400000,0.3405,0.3416,0.3405,0.3414,42067.2
2026-02-07 05:15:00,1770441300000,0.3414,0.3426,0.3402,0.3403,220018.5
2026-02-07 05:30:00,1770442200000,0.3403,0.3411,0.3395,0.3402,110183.9
2026-02-07 05:45:00,1770443100000,0.3402,0.3403,0.3384,0.3393,145982.5
2026-02-07 06:00:00,1770444000000,0.3393,0.3409,0.339,0.3403,200235.9
2026-02-07 06:15:00,1770444900000,0.3403,0.3405,0.3381,0.3399,108754.2
2026-02-07 06:30:00,1770445800000,0.3399,0.3403,0.3385,0.3387,46197.6
2026-02-07 06:45:00,1770446700000,0.3387,0.3389,0.3341,0.3342,199461.8
2026-02-07 07:00:00,1770447600000,0.3342,0.3356,0.3265,0.3269,1468459.5
2026-02-07 07:15:00,1770448500000,0.3269,0.3301,0.3244,0.3293,762504.6
2026-02-07 07:30:00,1770449400000,0.3293,0.3326,0.3267,0.3311,193235.3
2026-02-07 07:45:00,1770450300000,0.3311,0.3312,0.3284,0.3286,147932.7
2026-02-07 08:00:00,1770451200000,0.3286,0.3295,0.3267,0.3285,203534.0
2026-02-07 08:15:00,1770452100000,0.3285,0.3301,0.3276,0.3292,180185.1
2026-02-07 08:30:00,1770453000000,0.3292,0.3307,0.329,0.3297,137481.6
2026-02-07 08:45:00,1770453900000,0.3297,0.3312,0.3297,0.3302,70945.2
2026-02-07 09:00:00,1770454800000,0.3302,0.332,0.3299,0.3319,71917.4
2026-02-07 09:15:00,1770455700000,0.3319,0.3319,0.3296,0.3296,34530.2
2026-02-07 09:30:00,1770456600000,0.3296,0.3302,0.3278,0.3284,87320.7
2026-02-07 09:45:00,1770457500000,0.3284,0.3289,0.3276,0.3282,49286.3
2026-02-07 10:00:00,1770458400000,0.3282,0.3295,0.328,0.3287,40418.9
2026-02-07 10:15:00,1770459300000,0.3287,0.3289,0.3281,0.3281,101589.1
2026-02-07 10:30:00,1770460200000,0.3281,0.3286,0.3266,0.3275,87908.8
2026-02-07 10:45:00,1770461100000,0.3275,0.329,0.327,0.3287,55388.1
2026-02-07 11:00:00,1770462000000,0.3287,0.3293,0.3283,0.3288,85515.4
2026-02-07 11:15:00,1770462900000,0.3288,0.3296,0.3282,0.3288,72379.9
2026-02-07 11:30:00,1770463800000,0.3288,0.3302,0.3288,0.3293,54306.0
2026-02-07 11:45:00,1770464700000,0.3293,0.3307,0.3293,0.3304,48658.0
2026-02-07 12:00:00,1770465600000,0.3304,0.3397,0.3298,0.3392,754412.7
2026-02-07 12:15:00,1770466500000,0.3392,0.3463,0.3386,0.3426,881995.9
2026-02-07 12:30:00,1770467400000,0.3426,0.3471,0.3415,0.3426,416232.5
2026-02-07 12:45:00,1770468300000,0.3426,0.3433,0.3409,0.3426,162501.1
2026-02-07 13:00:00,1770469200000,0.3426,0.3444,0.3404,0.3408,132907.3
2026-02-07 13:15:00,1770470100000,0.3408,0.342,0.3401,0.3412,79153.8
2026-02-07 13:30:00,1770471000000,0.3412,0.3412,0.3387,0.3391,155161.6
2026-02-07 13:45:00,1770471900000,0.3391,0.341,0.3388,0.3405,87902.2
2026-02-07 14:00:00,1770472800000,0.3405,0.3418,0.3397,0.3402,219601.5
2026-02-07 14:15:00,1770473700000,0.3402,0.3403,0.3391,0.3391,39618.0
2026-02-07 14:30:00,1770474600000,0.3391,0.34,0.3358,0.3371,1030287.1
2026-02-07 14:45:00,1770475500000,0.3371,0.3373,0.3345,0.3353,152227.2
2026-02-07 15:00:00,1770476400000,0.3353,0.3395,0.3348,0.3393,141222.0
2026-02-07 15:15:00,1770477300000,0.3393,0.3421,0.3381,0.3401,521333.5
2026-02-07 15:30:00,1770478200000,0.3401,0.3432,0.3397,0.3403,212878.2
2026-02-07 15:45:00,1770479100000,0.3403,0.3406,0.3391,0.3406,132507.9
2026-02-07 16:00:00,1770480000000,0.3406,0.3526,0.3396,0.3479,8173420.8
2026-02-07 16:15:00,1770480900000,0.3479,0.3537,0.3432,0.3454,3827654.4
2026-02-07 16:30:00,1770481800000,0.3454,0.3457,0.3431,0.3438,141736.5
2026-02-07 16:45:00,1770482700000,0.3438,0.3441,0.3424,0.3429,50225.4
2026-02-07 17:00:00,1770483600000,0.3429,0.3437,0.3415,0.3425,89962.4
2026-02-07 17:15:00,1770484500000,0.3425,0.3439,0.342,0.3426,57782.8
2026-02-07 17:30:00,1770485400000,0.3426,0.3441,0.3409,0.3429,52778.4
2026-02-07 17:45:00,1770486300000,0.3429,0.3432,0.3415,0.3429,74632.0
2026-02-07 18:00:00,1770487200000,0.3429,0.3439,0.3422,0.3422,69282.2
2026-02-07 18:15:00,1770488100000,0.3422,0.3461,0.3422,0.3457,167547.7
2026-02-07 18:30:00,1770489000000,0.3457,0.3483,0.3452,0.3467,135793.5
2026-02-07 18:45:00,1770489900000,0.3467,0.3473,0.3452,0.3453,39587.9
2026-02-07 19:00:00,1770490800000,0.3453,0.3455,0.3439,0.3449,93193.5
2026-02-07 19:15:00,1770491700000,0.3449,0.3458,0.3442,0.345,53336.1
2026-02-07 19:30:00,1770492600000,0.345,0.345,0.3433,0.3444,33199.3
2026-02-07 19:45:00,1770493500000,0.3444,0.3446,0.3432,0.3437,39578.3
2026-02-07 20:00:00,1770494400000,0.3437,0.3447,0.3431,0.3436,46216.7
2026-02-07 20:15:00,1770495300000,0.3436,0.3441,0.3429,0.3437,24242.1
2026-02-07 20:30:00,1770496200000,0.3437,0.3447,0.3433,0.344,24544.5
2026-02-07 20:45:00,1770497100000,0.344,0.3462,0.3439,0.3449,115960.9
2026-02-07 21:00:00,1770498000000,0.3449,0.3456,0.3438,0.3443,50995.9
2026-02-07 21:15:00,1770498900000,0.3443,0.3449,0.3438,0.3446,64113.2
2026-02-07 21:30:00,1770499800000,0.3446,0.3457,0.3442,0.3447,179875.2
2026-02-07 21:45:00,1770500700000,0.3447,0.3456,0.3437,0.3444,279737.7
2026-02-07 22:00:00,1770501600000,0.3444,0.3447,0.343,0.344,161726.9
2026-02-07 22:15:00,1770502500000,0.344,0.3454,0.3434,0.3444,78902.7
2026-02-07 22:30:00,1770503400000,0.3444,0.3445,0.3432,0.3437,37638.0
2026-02-07 22:45:00,1770504300000,0.3437,0.3442,0.3432,0.3439,30560.3
2026-02-07 23:00:00,1770505200000,0.3439,0.3442,0.3418,0.3434,391137.9
2026-02-07 23:15:00,1770506100000,0.3434,0.3435,0.3419,0.343,78883.7
2026-02-07 23:30:00,1770507000000,0.343,0.3435,0.3427,0.3431,31505.9
2026-02-07 23:45:00,1770507900000,0.3431,0.3434,0.3426,0.3426,46319.3
2026-02-08 00:00:00,1770508800000,0.3426,0.343,0.3418,0.3421,55637.1
2026-02-08 00:15:00,1770509700000,0.3421,0.3421,0.3404,0.3408,73302.3
2026-02-08 00:30:00,1770510600000,0.3408,0.3417,0.34,0.34,141236.4
2026-02-08 00:45:00,1770511500000,0.34,0.3408,0.3396,0.3406,88919.8
2026-02-08 01:00:00,1770512400000,0.3406,0.3425,0.3406,0.3425,48821.5
2026-02-08 01:15:00,1770513300000,0.3425,0.3425,0.3401,0.3401,14148.8
2026-02-08 01:30:00,1770514200000,0.3401,0.3415,0.3397,0.3398,75259.5
2026-02-08 01:45:00,1770515100000,0.3398,0.3402,0.3391,0.34,29897.6
2026-02-08 02:00:00,1770516000000,0.34,0.3402,0.3393,0.3397,28528.8
2026-02-08 02:15:00,1770516900000,0.3397,0.341,0.3386,0.3388,46139.0
2026-02-08 02:30:00,1770517800000,0.3388,0.3391,0.3377,0.3382,95291.8
2026-02-08 02:45:00,1770518700000,0.3382,0.3385,0.3373,0.3384,32204.8
2026-02-08 03:00:00,1770519600000,0.3384,0.3394,0.3381,0.3387,19496.7
2026-02-08 03:15:00,1770520500000,0.3387,0.3387,0.3377,0.3382,18782.2
2026-02-08 03:30:00,1770521400000,0.3382,0.3387,0.3376,0.3378,15990.4
2026-02-08 03:45:00,1770522300000,0.3378,0.3381,0.3362,0.3368,100947.7
2026-02-08 04:00:00,1770523200000,0.3368,0.3378,0.3363,0.3364,23127.0
2026-02-08 04:15:00,1770524100000,0.3364,0.3383,0.3355,0.3382,35320.8
2026-02-08 04:30:00,1770525000000,0.3382,0.3384,0.3364,0.3372,15684.8
2026-02-08 04:45:00,1770525900000,0.3372,0.3383,0.3367,0.3383,19682.5
2026-02-08 05:00:00,1770526800000,0.3383,0.3392,0.3376,0.3392,42518.5
2026-02-08 05:15:00,1770527700000,0.3392,0.3393,0.338,0.3386,29574.2
2026-02-08 05:30:00,1770528600000,0.3386,0.3386,0.3374,0.3376,12067.2
2026-02-08 05:45:00,1770529500000,0.3376,0.3378,0.3369,0.3376,8528.2
2026-02-08 06:00:00,1770530400000,0.3376,0.3384,0.3365,0.3382,42450.6
2026-02-08 06:15:00,1770531300000,0.3382,0.3382,0.3374,0.3381,43647.6
2026-02-08 06:30:00,1770532200000,0.3381,0.3381,0.3366,0.3373,25552.5
2026-02-08 06:45:00,1770533100000,0.3373,0.3376,0.3365,0.3367,7380.9
2026-02-08 07:00:00,1770534000000,0.3367,0.3371,0.335,0.3362,59930.3
2026-02-08 07:15:00,1770534900000,0.3362,0.3362,0.3342,0.3356,36906.1
2026-02-08 07:30:00,1770535800000,0.3356,0.3365,0.3352,0.3358,30497.5
2026-02-08 07:45:00,1770536700000,0.3358,0.3366,0.3356,0.3363,41443.3
2026-02-08 08:00:00,1770537600000,0.3363,0.3374,0.3355,0.3358,49471.0
2026-02-08 08:15:00,1770538500000,0.3358,0.3392,0.3347,0.3389,209501.1
2026-02-08 08:30:00,1770539400000,0.3389,0.3411,0.3375,0.338,118598.3
2026-02-08 08:45:00,1770540300000,0.338,0.3402,0.338,0.34,79034.0
2026-02-08 09:00:00,1770541200000,0.34,0.3409,0.3389,0.339,79977.9
2026-02-08 09:15:00,1770542100000,0.339,0.3393,0.338,0.3383,34482.1
2026-02-08 09:30:00,1770543000000,0.3383,0.339,0.3359,0.3359,117120.1
2026-02-08 09:45:00,1770543900000,0.3359,0.337,0.3357,0.3362,45906.4
2026-02-08 10:00:00,1770544800000,0.3362,0.3383,0.3362,0.3375,79180.3
2026-02-08 10:15:00,1770545700000,0.3375,0.338,0.334,0.3347,143671.9
2026-02-08 10:30:00,1770546600000,0.3347,0.3356,0.3342,0.3354,98268.6
2026-02-08 10:45:00,1770547500000,0.3354,0.3364,0.335,0.3357,19003.6
2026-02-08 11:00:00,1770548400000,0.3357,0.3376,0.3355,0.3376,37872.9
2026-02-08 11:15:00,1770549300000,0.3376,0.3398,0.3376,0.3389,57107.2
2026-02-08 11:30:00,1770550200000,0.3389,0.3417,0.3384,0.3402,218797.0
2026-02-08 11:45:00,1770551100000,0.3402,0.3413,0.34,0.3408,175169.1
2026-02-08 12:00:00,1770552000000,0.3408,0.341,0.3395,0.3396,46237.9
2026-02-08 12:15:00,1770552900000,0.3396,0.3399,0.3386,0.3397,125669.0
2026-02-08 12:30:00,1770553800000,0.3397,0.3397,0.3373,0.3378,195381.2
2026-02-08 12:45:00,1770554700000,0.3378,0.3395,0.3375,0.3394,107091.2
2026-02-08 13:00:00,1770555600000,0.3394,0.3399,0.3372,0.3375,134173.0
2026-02-08 13:15:00,1770556500000,0.3375,0.3397,0.3373,0.3387,107880.4
2026-02-08 13:30:00,1770557400000,0.3387,0.3387,0.3367,0.3372,195999.4
2026-02-08 13:45:00,1770558300000,0.3372,0.3393,0.3372,0.3393,53968.3
2026-02-08 14:00:00,1770559200000,0.3393,0.3408,0.3389,0.3391,99713.9
2026-02-08 14:15:00,1770560100000,0.3391,0.3392,0.3379,0.3391,17335.5
2026-02-08 14:30:00,1770561000000,0.3391,0.3409,0.3391,0.3399,30623.2
2026-02-08 14:45:00,1770561900000,0.3399,0.3406,0.3388,0.3394,17039.4
2026-02-08 15:00:00,1770562800000,0.3394,0.3401,0.3385,0.3389,97075.5
2026-02-08 15:15:00,1770563700000,0.3389,0.3389,0.3339,0.3345,217702.2
2026-02-08 15:30:00,1770564600000,0.3345,0.3359,0.3342,0.3352,76271.5
2026-02-08 15:45:00,1770565500000,0.3352,0.3353,0.3334,0.3347,137485.9
2026-02-08 16:00:00,1770566400000,0.3347,0.3353,0.3337,0.3341,76351.6
2026-02-08 16:15:00,1770567300000,0.3341,0.3357,0.3341,0.3346,82077.3
2026-02-08 16:30:00,1770568200000,0.3346,0.3346,0.3306,0.3309,173469.5
2026-02-08 16:45:00,1770569100000,0.3309,0.331,0.3267,0.3279,334852.2
2026-02-08 17:00:00,1770570000000,0.3279,0.33,0.3276,0.3293,105893.3
2026-02-08 17:15:00,1770570900000,0.3293,0.3311,0.329,0.3297,83449.8
2026-02-08 17:30:00,1770571800000,0.3297,0.3313,0.3297,0.3313,68891.4
2026-02-08 17:45:00,1770572700000,0.3313,0.3324,0.3308,0.3317,111653.9
2026-02-08 18:00:00,1770573600000,0.3317,0.3327,0.3317,0.3323,38350.6
2026-02-08 18:15:00,1770574500000,0.3323,0.3325,0.3313,0.3319,50661.8
2026-02-08 18:30:00,1770575400000,0.3319,0.3357,0.3319,0.3345,120252.1
2026-02-08 18:45:00,1770576300000,0.3345,0.3354,0.3335,0.3339,28510.8
2026-02-08 19:00:00,1770577200000,0.3339,0.3343,0.3327,0.3334,18667.5
2026-02-08 19:15:00,1770578100000,0.3334,0.334,0.3333,0.3333,12883.8
2026-02-08 19:30:00,1770579000000,0.3333,0.3342,0.3328,0.3342,26727.7
2026-02-08 19:45:00,1770579900000,0.3342,0.3351,0.3334,0.3345,85102.0
2026-02-08 20:00:00,1770580800000,0.3345,0.3346,0.332,0.3324,46753.5
2026-02-08 20:15:00,1770581700000,0.3324,0.3331,0.3313,0.3316,50402.2
2026-02-08 20:30:00,1770582600000,0.3316,0.3321,0.3314,0.3318,12234.9
2026-02-08 20:45:00,1770583500000,0.3318,0.3323,0.3301,0.3305,82073.9
2026-02-08 21:00:00,1770584400000,0.3305,0.3314,0.33,0.3312,30220.4
2026-02-08 21:15:00,1770585300000,0.3312,0.3314,0.3302,0.3305,32034.8
2026-02-08 21:30:00,1770586200000,0.3305,0.3305,0.3275,0.3278,291326.9
2026-02-08 21:45:00,1770587100000,0.3278,0.3292,0.3273,0.3285,93437.5
2026-02-08 22:00:00,1770588000000,0.3285,0.3292,0.3278,0.329,152828.9
2026-02-08 22:15:00,1770588900000,0.329,0.3301,0.3288,0.3293,30849.4
2026-02-08 22:30:00,1770589800000,0.3293,0.3301,0.3283,0.3296,29429.9
2026-02-08 22:45:00,1770590700000,0.3296,0.3313,0.3296,0.331,26609.2
2026-02-08 23:00:00,1770591600000,0.331,0.3382,0.331,0.3331,285427.4
2026-02-08 23:15:00,1770592500000,0.3331,0.3336,0.3289,0.3301,180982.6
2026-02-08 23:30:00,1770593400000,0.3301,0.3308,0.3273,0.3304,217474.3
2026-02-08 23:45:00,1770594300000,0.3304,0.3328,0.3304,0.3313,123837.4
2026-02-09 00:00:00,1770595200000,0.3313,0.3323,0.3303,0.3306,171137.8
2026-02-09 00:15:00,1770596100000,0.3306,0.3318,0.3292,0.3295,129330.5
2026-02-09 00:30:00,1770597000000,0.3295,0.3306,0.3284,0.3295,126359.4
2026-02-09 00:45:00,1770597900000,0.3295,0.3319,0.3289,0.3316,62887.4
2026-02-09 01:00:00,1770598800000,0.3316,0.3325,0.3307,0.3307,88656.0
2026-02-09 01:15:00,1770599700000,0.3307,0.3341,0.3303,0.3328,113330.5
2026-02-09 01:30:00,1770600600000,0.3328,0.3328,0.3284,0.3297,190737.4
2026-02-09 01:45:00,1770601500000,0.3297,0.3318,0.3292,0.3308,360992.7
2026-02-09 02:00:00,1770602400000,0.3308,0.3308,0.3294,0.3295,31257.7
2026-02-09 02:15:00,1770603300000,0.3295,0.3299,0.3291,0.3297,37155.2
2026-02-09 02:30:00,1770604200000,0.3297,0.3336,0.3296,0.3332,113251.0
2026-02-09 02:45:00,1770605100000,0.3332,0.3336,0.332,0.3322,41387.0
2026-02-09 03:00:00,1770606000000,0.3322,0.3334,0.3319,0.3324,23806.2
2026-02-09 03:15:00,1770606900000,0.3324,0.3335,0.3316,0.3328,34181.2
2026-02-09 03:30:00,1770607800000,0.3328,0.3363,0.3328,0.3357,74786.1
2026-02-09 03:45:00,1770608700000,0.3357,0.3359,0.3346,0.3352,73550.0
2026-02-09 04:00:00,1770609600000,0.3352,0.3352,0.3335,0.3336,47377.6
2026-02-09 04:15:00,1770610500000,0.3336,0.3358,0.3333,0.3354,112134.7
2026-02-09 04:30:00,1770611400000,0.3354,0.336,0.3344,0.3354,136681.8
2026-02-09 04:45:00,1770612300000,0.3354,0.3363,0.335,0.3351,92456.3
2026-02-09 05:00:00,1770613200000,0.3351,0.336,0.3344,0.3352,76280.4
2026-02-09 05:15:00,1770614100000,0.3352,0.3357,0.3346,0.3357,45041.4
2026-02-09 05:30:00,1770615000000,0.3357,0.3361,0.3352,0.3352,49657.2
2026-02-09 05:45:00,1770615900000,0.3352,0.3361,0.3349,0.3352,66774.5
2026-02-09 06:00:00,1770616800000,0.3352,0.3352,0.3332,0.3345,120307.9
2026-02-09 06:15:00,1770617700000,0.3345,0.3347,0.331,0.3313,328149.7
2026-02-09 06:30:00,1770618600000,0.3313,0.3315,0.3285,0.3307,486473.9
2026-02-09 06:45:00,1770619500000,0.3307,0.3313,0.3305,0.3309,18812.8
2026-02-09 07:00:00,1770620400000,0.3309,0.3314,0.33,0.3309,47669.7
2026-02-09 07:15:00,1770621300000,0.3309,0.3309,0.3298,0.3303,54101.8
2026-02-09 07:30:00,1770622200000,0.3303,0.3303,0.3286,0.3289,138480.5
2026-02-09 07:45:00,1770623100000,0.3289,0.3293,0.328,0.329,21307.3
2026-02-09 08:00:00,1770624000000,0.329,0.3297,0.3284,0.3287,123589.3
2026-02-09 08:15:00,1770624900000,0.3287,0.3288,0.3259,0.3259,402495.3
2026-02-09 08:30:00,1770625800000,0.3259,0.3262,0.3228,0.3258,237059.5
2026-02-09 08:45:00,1770626700000,0.3258,0.3265,0.3247,0.3251,61399.8
2026-02-09 09:00:00,1770627600000,0.3251,0.3254,0.3239,0.3239,75954.3
2026-02-09 09:15:00,1770628500000,0.3239,0.3246,0.3232,0.3243,59432.2
2026-02-09 09:30:00,1770629400000,0.3243,0.3243,0.3226,0.3232,148221.5
2026-02-09 09:45:00,1770630300000,0.3232,0.324,0.3229,0.3234,84747.0
2026-02-09 10:00:00,1770631200000,0.3234,0.3239,0.3221,0.3226,184077.5
2026-02-09 10:15:00,1770632100000,0.3226,0.3226,0.3194,0.3198,356556.8
2026-02-09 10:30:00,1770633000000,0.3198,0.32,0.3172,0.3177,281652.0
2026-02-09 10:45:00,1770633900000,0.3177,0.3192,0.3176,0.319,116876.5
2026-02-09 11:00:00,1770634800000,0.319,0.322,0.319,0.3203,161696.1
2026-02-09 11:15:00,1770635700000,0.3203,0.3211,0.3197,0.3207,36872.0
2026-02-09 11:30:00,1770636600000,0.3207,0.3213,0.3199,0.3201,78370.1
2026-02-09 11:45:00,1770637500000,0.3201,0.3209,0.3196,0.3207,22878.8
2026-02-09 12:00:00,1770638400000,0.3207,0.3227,0.3201,0.3226,101835.4
2026-02-09 12:15:00,1770639300000,0.3226,0.3226,0.3216,0.322,26701.2
2026-02-09 12:30:00,1770640200000,0.322,0.3236,0.3218,0.3229,97080.7
2026-02-09 12:45:00,1770641100000,0.3229,0.3231,0.3221,0.3227,45412.3
2026-02-09 13:00:00,1770642000000,0.3227,0.324,0.3221,0.3237,56214.7
2026-02-09 13:15:00,1770642900000,0.3237,0.3237,0.3222,0.3225,89136.8
2026-02-09 13:30:00,1770643800000,0.3225,0.3228,0.3211,0.3217,84904.1
2026-02-09 13:45:00,1770644700000,0.3217,0.3219,0.3197,0.3199,52015.2
2026-02-09 14:00:00,1770645600000,0.3199,0.3208,0.3186,0.3196,130319.5
2026-02-09 14:15:00,1770646500000,0.3196,0.3211,0.3191,0.3204,74634.3
2026-02-09 14:30:00,1770647400000,0.3204,0.327,0.3196,0.3244,367374.6
2026-02-09 14:45:00,1770648300000,0.3244,0.3264,0.3241,0.3252,317049.1
2026-02-09 15:00:00,1770649200000,0.3252,0.3287,0.3252,0.3261,223514.1
2026-02-09 15:15:00,1770650100000,0.3261,0.3266,0.3221,0.3223,202236.0
2026-02-09 15:30:00,1770651000000,0.3223,0.3273,0.3218,0.3267,162449.1
2026-02-09 15:45:00,1770651900000,0.3267,0.3276,0.325,0.3266,82228.1
2026-02-09 16:00:00,1770652800000,0.3266,0.3268,0.3236,0.3242,111456.9
2026-02-09 16:15:00,1770653700000,0.3242,0.3265,0.3239,0.3262,64378.7
2026-02-09 16:30:00,1770654600000,0.3262,0.3298,0.3251,0.3291,123808.4
2026-02-09 16:45:00,1770655500000,0.3291,0.3324,0.3288,0.3289,280962.9
2026-02-09 17:00:00,1770656400000,0.3289,0.3301,0.327,0.3273,242964.2
2026-02-09 17:15:00,1770657300000,0.3273,0.3283,0.3271,0.3281,32981.5
2026-02-09 17:30:00,1770658200000,0.3281,0.3352,0.3281,0.3339,431489.8
2026-02-09 17:45:00,1770659100000,0.3339,0.3345,0.3325,0.3333,147813.0
2026-02-09 18:00:00,1770660000000,0.3333,0.3353,0.3326,0.3327,177597.4
2026-02-09 18:15:00,1770660900000,0.3327,0.333,0.3293,0.3303,165917.3
2026-02-09 18:30:00,1770661800000,0.3303,0.3322,0.3298,0.3318,73683.5
2026-02-09 18:45:00,1770662700000,0.3318,0.3328,0.3305,0.3313,30099.7
2026-02-09 19:00:00,1770663600000,0.3313,0.3315,0.3302,0.3307,38045.5
2026-02-09 19:15:00,1770664500000,0.3307,0.3313,0.3301,0.3309,20128.9
2026-02-09 19:30:00,1770665400000,0.3309,0.3327,0.3308,0.332,42566.7
2026-02-09 19:45:00,1770666300000,0.332,0.3328,0.3311,0.3324,109655.8
2026-02-09 20:00:00,1770667200000,0.3324,0.3328,0.3302,0.3318,353849.3
2026-02-09 20:15:00,1770668100000,0.3318,0.3318,0.3288,0.3291,144389.0
2026-02-09 20:30:00,1770669000000,0.3291,0.3312,0.3288,0.331,53916.9
2026-02-09 20:45:00,1770669900000,0.331,0.3313,0.3301,0.3304,60548.1
2026-02-09 21:00:00,1770670800000,0.3304,0.3309,0.3298,0.33,35830.6
2026-02-09 21:15:00,1770671700000,0.33,0.3307,0.3297,0.3304,41913.6
2026-02-09 21:30:00,1770672600000,0.3304,0.3304,0.3267,0.3278,261977.8
2026-02-09 21:45:00,1770673500000,0.3278,0.3318,0.327,0.3308,199555.7
2026-02-09 22:00:00,1770674400000,0.3308,0.3321,0.3303,0.3321,136274.8
2026-02-09 22:15:00,1770675300000,0.3321,0.3321,0.3302,0.3309,58562.0
2026-02-09 22:30:00,1770676200000,0.3309,0.3313,0.3306,0.3311,16625.1
2026-02-09 22:45:00,1770677100000,0.3311,0.3312,0.3303,0.3307,33360.5
2026-02-09 23:00:00,1770678000000,0.3307,0.3315,0.3302,0.3308,80552.8
2026-02-09 23:15:00,1770678900000,0.3308,0.3309,0.3301,0.3304,37338.7
2026-02-09 23:30:00,1770679800000,0.3304,0.3311,0.3303,0.3308,8677.3
2026-02-09 23:45:00,1770680700000,0.3308,0.3308,0.3291,0.3297,35143.2
2026-02-10 00:00:00,1770681600000,0.3297,0.3305,0.3285,0.3299,58428.1
2026-02-10 00:15:00,1770682500000,0.3299,0.3303,0.3287,0.3294,19856.8
2026-02-10 00:30:00,1770683400000,0.3294,0.3304,0.3291,0.3292,62136.0
2026-02-10 00:45:00,1770684300000,0.3292,0.3293,0.3285,0.3289,78505.1
2026-02-10 01:00:00,1770685200000,0.3289,0.3304,0.3288,0.3298,61432.4
2026-02-10 01:15:00,1770686100000,0.3298,0.3314,0.3294,0.3312,32133.1
2026-02-10 01:30:00,1770687000000,0.3312,0.3318,0.3303,0.3316,17484.9
2026-02-10 01:45:00,1770687900000,0.3316,0.3318,0.3309,0.3311,23290.4
2026-02-10 02:00:00,1770688800000,0.3311,0.3312,0.3296,0.3296,126278.6
2026-02-10 02:15:00,1770689700000,0.3296,0.3303,0.3286,0.3286,158624.7
2026-02-10 02:30:00,1770690600000,0.3286,0.329,0.3275,0.3277,50770.5
2026-02-10 02:45:00,1770691500000,0.3277,0.3285,0.3273,0.3279,22894.0
2026-02-10 03:00:00,1770692400000,0.3279,0.3281,0.3253,0.3261,98721.0
2026-02-10 03:15:00,1770693300000,0.3261,0.3263,0.3231,0.3233,208994.4
2026-02-10 03:30:00,1770694200000,0.3233,0.3236,0.321,0.3225,217759.8
2026-02-10 03:45:00,1770695100000,0.3225,0.3241,0.3222,0.3237,106007.9
2026-02-10 04:00:00,1770696000000,0.3237,0.3255,0.3234,0.3255,46022.0
2026-02-10 04:15:00,1770696900000,0.3255,0.3256,0.3248,0.3254,35357.0
2026-02-10 04:30:00,1770697800000,0.3254,0.3259,0.3248,0.3253,22341.7
2026-02-10 04:45:00,1770698700000,0.3253,0.3261,0.3252,0.3259,20588.4
2026-02-10 05:00:00,1770699600000,0.3259,0.3259,0.3249,0.3256,75200.7
2026-02-10 05:15:00,1770700500000,0.3256,0.3256,0.3235,0.3235,29748.8
2026-02-10 05:30:00,1770701400000,0.3235,0.3245,0.3227,0.3229,77492.3
2026-02-10 05:45:00,1770702300000,0.3229,0.3229,0.3214,0.322,50161.9
2026-02-10 06:00:00,1770703200000,0.322,0.323,0.3215,0.3219,104445.3
2026-02-10 06:15:00,1770704100000,0.3219,0.3226,0.3205,0.3214,104594.2
2026-02-10 06:30:00,1770705000000,0.3214,0.322,0.3195,0.3198,122999.0
2026-02-10 06:45:00,1770705900000,0.3198,0.3198,0.3165,0.3178,558915.8
2026-02-10 07:00:00,1770706800000,0.3178,0.3204,0.3176,0.3193,124181.9
2026-02-10 07:15:00,1770707700000,0.3193,0.3194,0.3182,0.3191,79117.4
2026-02-10 07:30:00,1770708600000,0.3191,0.3196,0.3186,0.3189,27536.2
2026-02-10 07:45:00,1770709500000,0.3189,0.3196,0.3182,0.3192,68088.2
2026-02-10 08:00:00,1770710400000,0.3192,0.3204,0.3192,0.3196,123111.3
2026-02-10 08:15:00,1770711300000,0.3196,0.3211,0.3191,0.3207,60829.4
2026-02-10 08:30:00,1770712200000,0.3207,0.321,0.3195,0.3204,46181.4
2026-02-10 08:45:00,1770713100000,0.3204,0.3209,0.3204,0.3206,25643.5
2026-02-10 09:00:00,1770714000000,0.3206,0.3222,0.3201,0.3216,161614.6
2026-02-10 09:15:00,1770714900000,0.3216,0.3218,0.3207,0.321,87953.3
2026-02-10 09:30:00,1770715800000,0.321,0.3212,0.3207,0.3212,39433.0
2026-02-10 09:45:00,1770716700000,0.3212,0.3217,0.3195,0.3206,278105.6
2026-02-10 10:00:00,1770717600000,0.3206,0.321,0.3198,0.3202,65937.2
2026-02-10 10:15:00,1770718500000,0.3202,0.3214,0.3195,0.3207,97619.8
2026-02-10 10:30:00,1770719400000,0.3207,0.3207,0.3185,0.3185,83308.3
2026-02-10 10:45:00,1770720300000,0.3185,0.3191,0.3185,0.3188,12107.6
2026-02-10 11:00:00,1770721200000,0.3188,0.3198,0.3186,0.3191,120390.6
2026-02-10 11:15:00,1770722100000,0.3191,0.3194,0.3187,0.3193,20253.2
2026-02-10 11:30:00,1770723000000,0.3193,0.3199,0.3182,0.3189,236819.8
2026-02-10 11:45:00,1770723900000,0.3189,0.3192,0.3176,0.318,91904.0
2026-02-10 12:00:00,1770724800000,0.318,0.319,0.3177,0.3178,128788.3
2026-02-10 12:15:00,1770725700000,0.3178,0.3179,0.3161,0.3161,273064.1
2026-02-10 12:30:00,1770726600000,0.3161,0.3169,0.3157,0.3159,93170.2
2026-02-10 12:45:00,1770727500000,0.3159,0.3171,0.3156,0.317,101161.2
2026-02-10 13:00:00,1770728400000,0.317,0.319,0.3167,0.3183,300142.7
2026-02-10 13:15:00,1770729300000,0.3183,0.3188,0.3177,0.3184,82494.8
2026-02-10 13:30:00,1770730200000,0.3184,0.3201,0.3181,0.3192,188824.9
2026-02-10 13:45:00,1770731100000,0.3192,0.3197,0.3184,0.3189,72969.3
2026-02-10 14:00:00,1770732000000,0.3189,0.3189,0.3177,0.3181,67810.8
2026-02-10 14:15:00,1770732900000,0.3181,0.3209,0.3181,0.3189,224170.2
2026-02-10 14:30:00,1770733800000,0.3189,0.3208,0.3159,0.3179,352760.7
2026-02-10 14:45:00,1770734700000,0.3179,0.3184,0.3156,0.3173,126375.0
2026-02-10 15:00:00,1770735600000,0.3173,0.32,0.3159,0.3174,197396.9
2026-02-10 15:15:00,1770736500000,0.3174,0.3206,0.3168,0.3198,72804.1
2026-02-10 15:30:00,1770737400000,0.3198,0.3213,0.3193,0.3195,195209.1
2026-02-10 15:45:00,1770738300000,0.3195,0.3199,0.318,0.3187,109018.1
2026-02-10 16:00:00,1770739200000,0.3187,0.3212,0.3176,0.3208,234249.1
2026-02-10 16:15:00,1770740100000,0.3208,0.3214,0.3185,0.3191,120745.7
2026-02-10 16:30:00,1770741000000,0.3191,0.3204,0.3183,0.3194,65862.3
2026-02-10 16:45:00,1770741900000,0.3194,0.3196,0.3179,0.3188,24540.9
2026-02-10 17:00:00,1770742800000,0.3188,0.3192,0.3174,0.3177,104726.2
2026-02-10 17:15:00,1770743700000,0.3177,0.32,0.3176,0.3191,52117.9
2026-02-10 17:30:00,1770744600000,0.3191,0.3211,0.3188,0.3202,83982.4
2026-02-10 17:45:00,1770745500000,0.3202,0.3205,0.3192,0.3197,26085.2
2026-02-10 18:00:00,1770746400000,0.3197,0.3203,0.3177,0.3182,56512.1
2026-02-10 18:15:00,1770747300000,0.3182,0.3189,0.3149,0.3155,189999.9
2026-02-10 18:30:00,1770748200000,0.3155,0.3162,0.3138,0.3149,217684.4
2026-02-10 18:45:00,1770749100000,0.3149,0.3155,0.3123,0.3149,361425.9
2026-02-10 19:00:00,1770750000000,0.3149,0.3152,0.3139,0.3145,35371.3
2026-02-10 19:15:00,1770750900000,0.3145,0.3146,0.313,0.3138,75068.6
2026-02-10 19:30:00,1770751800000,0.3138,0.3172,0.3138,0.3161,151099.0
2026-02-10 19:45:00,1770752700000,0.3161,0.3164,0.3153,0.3155,20160.2
2026-02-10 20:00:00,1770753600000,0.3155,0.3155,0.3135,0.3137,42392.6
2026-02-10 20:15:00,1770754500000,0.3137,0.3146,0.3137,0.3143,72702.9
2026-02-10 20:30:00,1770755400000,0.3143,0.3159,0.3139,0.3157,42143.0
2026-02-10 20:45:00,1770756300000,0.3157,0.3163,0.3151,0.3153,55495.9
2026-02-10 21:00:00,1770757200000,0.3153,0.3155,0.3142,0.3146,218851.0
2026-02-10 21:15:00,1770758100000,0.3146,0.3155,0.3139,0.3139,36939.7
2026-02-10 21:30:00,1770759000000,0.3139,0.3141,0.3129,0.3136,65828.8
2026-02-10 21:45:00,1770759900000,0.3136,0.3153,0.3135,0.3143,54665.0
2026-02-10 22:00:00,1770760800000,0.3143,0.3151,0.3137,0.3145,67640.7
2026-02-10 22:15:00,1770761700000,0.3145,0.3157,0.3145,0.3157,31576.0
2026-02-10 22:30:00,1770762600000,0.3157,0.3173,0.3156,0.3163,71650.8
2026-02-10 22:45:00,1770763500000,0.3163,0.3167,0.3153,0.3158,172702.0
2026-02-10 23:00:00,1770764400000,0.3158,0.3162,0.3152,0.3158,54765.7
2026-02-10 23:15:00,1770765300000,0.3158,0.3164,0.3156,0.316,24295.7
2026-02-10 23:30:00,1770766200000,0.316,0.3175,0.316,0.317,34402.9
2026-02-10 23:45:00,1770767100000,0.317,0.317,0.3163,0.3165,38330.2
2026-02-11 00:00:00,1770768000000,0.3165,0.3173,0.3164,0.3165,45236.0
2026-02-11 00:15:00,1770768900000,0.3165,0.3178,0.3165,0.3176,41981.6
2026-02-11 00:30:00,1770769800000,0.3176,0.3178,0.3165,0.3171,37783.8
2026-02-11 00:45:00,1770770700000,0.3171,0.3181,0.3167,0.3174,66527.2
2026-02-11 01:00:00,1770771600000,0.3174,0.3177,0.3168,0.3172,51198.8
2026-02-11 01:15:00,1770772500000,0.3172,0.3179,0.3163,0.3165,11804.1
2026-02-11 01:30:00,1770773400000,0.3165,0.3178,0.3163,0.3176,22094.1
2026-02-11 01:45:00,1770774300000,0.3176,0.3179,0.3167,0.3171,56931.7
2026-02-11 02:00:00,1770775200000,0.3171,0.3182,0.3159,0.3159,97047.7
2026-02-11 02:15:00,1770776100000,0.3159,0.3169,0.3159,0.3167,53247.6
2026-02-11 02:30:00,1770777000000,0.3167,0.3172,0.3166,0.3166,31045.7
2026-02-11 02:45:00,1770777900000,0.3166,0.3166,0.3146,0.3146,153137.3
2026-02-11 03:00:00,1770778800000,0.3146,0.3149,0.3133,0.3134,67880.8
2026-02-11 03:15:00,1770779700000,0.3134,0.3144,0.3113,0.3136,445579.7
2026-02-11 03:30:00,1770780600000,0.3136,0.3172,0.3134,0.3162,142121.6
2026-02-11 03:45:00,1770781500000,0.3162,0.3162,0.3146,0.3146,27386.9
2026-02-11 04:00:00,1770782400000,0.3146,0.3153,0.313,0.3131,96722.1
2026-02-11 04:15:00,1770783300000,0.3131,0.3137,0.3115,0.3126,211735.7
2026-02-11 04:30:00,1770784200000,0.3126,0.3129,0.3106,0.3115,376765.1
2026-02-11 04:45:00,1770785100000,0.3115,0.3126,0.3103,0.311,96964.1
2026-02-11 05:00:00,1770786000000,0.311,0.3125,0.3109,0.3115,110233.1
2026-02-11 05:15:00,1770786900000,0.3115,0.3119,0.3097,0.3103,100753.4
2026-02-11 05:30:00,1770787800000,0.3103,0.3108,0.3089,0.3094,138859.3
2026-02-11 05:45:00,1770788700000,0.3094,0.31,0.3088,0.3092,21683.0
2026-02-11 06:00:00,1770789600000,0.3092,0.3098,0.3058,0.3066,455512.9
2026-02-11 06:15:00,1770790500000,0.3066,0.3083,0.3044,0.3082,871125.1
2026-02-11 06:30:00,1770791400000,0.3082,0.3084,0.3066,0.3066,139054.8
2026-02-11 06:45:00,1770792300000,0.3066,0.3066,0.3046,0.3056,195588.8
2026-02-11 07:00:00,1770793200000,0.3056,0.3064,0.3041,0.3052,345775.1
2026-02-11 07:15:00,1770794100000,0.3052,0.3056,0.3034,0.3042,312611.1
2026-02-11 07:30:00,1770795000000,0.3042,0.3055,0.3035,0.3048,173833.3
2026-02-11 07:45:00,1770795900000,0.3048,0.3051,0.3039,0.3041,34367.0
2026-02-11 08:00:00,1770796800000,0.3041,0.3041,0.3022,0.3033,408398.0
2026-02-11 08:15:00,1770797700000,0.3033,0.3033,0.302,0.3024,149447.8
2026-02-11 08:30:00,1770798600000,0.3024,0.3029,0.3013,0.3029,145310.2
2026-02-11 08:45:00,1770799500000,0.3029,0.3039,0.3024,0.3037,54431.8
2026-02-11 09:00:00,1770800400000,0.3037,0.3044,0.3028,0.3032,116299.3
2026-02-11 09:15:00,1770801300000,0.3032,0.304,0.3029,0.304,159655.6
2026-02-11 09:30:00,1770802200000,0.304,0.3047,0.3031,0.3034,36981.3
2026-02-11 09:45:00,1770803100000,0.3034,0.3035,0.3027,0.3031,63676.4
2026-02-11 10:00:00,1770804000000,0.3031,0.3035,0.3019,0.3019,63528.0
2026-02-11 10:15:00,1770804900000,0.3019,0.3025,0.3015,0.3022,40656.3
2026-02-11 10:30:00,1770805800000,0.3022,0.3024,0.2998,0.3007,377619.8
2026-02-11 10:45:00,1770806700000,0.3007,0.3009,0.2996,0.3003,167620.5
2026-02-11 11:00:00,1770807600000,0.3003,0.3017,0.3002,0.3004,43770.5
2026-02-11 11:15:00,1770808500000,0.3004,0.302,0.3,0.3016,81237.9
2026-02-11 11:30:00,1770809400000,0.3016,0.3019,0.301,0.3012,80760.3
2026-02-11 11:45:00,1770810300000,0.3012,0.3028,0.3008,0.3026,141095.3
2026-02-11 12:00:00,1770811200000,0.3026,0.3046,0.3019,0.3035,183827.7
2026-02-11 12:15:00,1770812100000,0.3035,0.306,0.3035,0.3049,142307.1
2026-02-11 12:30:00,1770813000000,0.3049,0.3053,0.3041,0.3048,52469.0
2026-02-11 12:45:00,1770813900000,0.3048,0.3049,0.3041,0.3048,34310.4
2026-02-11 13:00:00,1770814800000,0.3048,0.3056,0.3042,0.3047,89821.6
2026-02-11 13:15:00,1770815700000,0.3047,0.3052,0.3036,0.3045,95931.5
2026-02-11 13:30:00,1770816600000,0.3045,0.3086,0.3043,0.3074,598467.7
2026-02-11 13:45:00,1770817500000,0.3074,0.3096,0.3059,0.3095,145937.3
2026-02-11 14:00:00,1770818400000,0.3095,0.3189,0.3094,0.3181,712548.2
2026-02-11 14:15:00,1770819300000,0.3181,0.3184,0.3114,0.3114,467879.4
2026-02-11 14:30:00,1770820200000,0.3114,0.3123,0.3044,0.3058,679832.8
2026-02-11 14:45:00,1770821100000,0.3058,0.3062,0.3014,0.3018,334518.7
2026-02-11 15:00:00,1770822000000,0.3018,0.3036,0.2965,0.2987,1229954.6
2026-02-11 15:15:00,1770822900000,0.2987,0.3025,0.2983,0.2998,690543.9
2026-02-11 15:30:00,1770823800000,0.2998,0.3019,0.2994,0.3012,237789.0
2026-02-11 15:45:00,1770824700000,0.3012,0.3015,0.2976,0.2999,229741.4
2026-02-11 16:00:00,1770825600000,0.2999,0.307,0.2997,0.3065,549582.5
2026-02-11 16:15:00,1770826500000,0.3065,0.3071,0.3041,0.3042,189059.5
2026-02-11 16:30:00,1770827400000,0.3042,0.3051,0.3007,0.3015,421463.3
2026-02-11 16:45:00,1770828300000,0.3015,0.3021,0.2998,0.301,133877.8
2026-02-11 17:00:00,1770829200000,0.301,0.3023,0.2999,0.3018,200813.2
2026-02-11 17:15:00,1770830100000,0.3018,0.3071,0.3017,0.3071,189405.7
2026-02-11 17:30:00,1770831000000,0.3071,0.3088,0.3065,0.3072,165052.6
2026-02-11 17:45:00,1770831900000,0.3072,0.3077,0.3058,0.3058,94111.6
2026-02-11 18:00:00,1770832800000,0.3058,0.3065,0.304,0.3056,129068.7
2026-02-11 18:15:00,1770833700000,0.3056,0.3096,0.3054,0.309,186475.7
2026-02-11 18:30:00,1770834600000,0.309,0.3099,0.308,0.3093,85643.5
2026-02-11 18:45:00,1770835500000,0.3093,0.3114,0.3087,0.309,184089.2
2026-02-11 19:00:00,1770836400000,0.309,0.3098,0.3078,0.3089,245738.8
2026-02-11 19:15:00,1770837300000,0.3089,0.3097,0.307,0.3073,207663.5
2026-02-11 19:30:00,1770838200000,0.3073,0.308,0.3059,0.3077,137127.9
2026-02-11 19:45:00,1770839100000,0.3077,0.3083,0.306,0.3066,132850.0
2026-02-11 20:00:00,1770840000000,0.3066,0.3074,0.3052,0.3074,175942.6
2026-02-11 20:15:00,1770840900000,0.3074,0.3079,0.3045,0.3047,167885.7
2026-02-11 20:30:00,1770841800000,0.3047,0.3064,0.3044,0.3064,58147.1
2026-02-11 20:45:00,1770842700000,0.3064,0.3099,0.306,0.3093,146261.1
2026-02-11 21:00:00,1770843600000,0.3093,0.31,0.3086,0.31,128269.6
2026-02-11 21:15:00,1770844500000,0.31,0.3118,0.3087,0.3117,259862.5
2026-02-11 21:30:00,1770845400000,0.3117,0.3126,0.31,0.3103,277264.6
2026-02-11 21:45:00,1770846300000,0.3103,0.3114,0.3101,0.3101,72422.6
2026-02-11 22:00:00,1770847200000,0.3101,0.3115,0.3097,0.3114,149652.6
2026-02-11 22:15:00,1770848100000,0.3114,0.3129,0.3113,0.3119,45024.3
2026-02-11 22:30:00,1770849000000,0.3119,0.3137,0.3109,0.311,120950.8
2026-02-11 22:45:00,1770849900000,0.311,0.311,0.308,0.309,129692.3
2026-02-11 23:00:00,1770850800000,0.309,0.309,0.306,0.3066,140419.4
2026-02-11 23:15:00,1770851700000,0.3066,0.3072,0.3044,0.3049,253889.5
2026-02-11 23:30:00,1770852600000,0.3049,0.3073,0.3038,0.3067,106876.6
2026-02-11 23:45:00,1770853500000,0.3067,0.3075,0.3062,0.3069,86788.8
2026-02-12 00:00:00,1770854400000,0.3069,0.3111,0.3069,0.3111,268938.4
2026-02-12 00:15:00,1770855300000,0.3111,0.3116,0.3096,0.3101,104236.8
2026-02-12 00:30:00,1770856200000,0.3101,0.3129,0.3101,0.3125,99139.5
2026-02-12 00:45:00,1770857100000,0.3125,0.3128,0.3111,0.3111,142991.1
2026-02-12 01:00:00,1770858000000,0.3111,0.3123,0.3111,0.3123,70292.4
2026-02-12 01:15:00,1770858900000,0.3123,0.3145,0.3122,0.3139,77508.3
2026-02-12 01:30:00,1770859800000,0.3139,0.3148,0.3132,0.3132,138772.5
2026-02-12 01:45:00,1770860700000,0.3132,0.3133,0.312,0.3124,82994.1
2026-02-12 02:00:00,1770861600000,0.3124,0.3136,0.3119,0.3127,53492.1
2026-02-12 02:15:00,1770862500000,0.3127,0.3136,0.3121,0.3129,62805.4
2026-02-12 02:30:00,1770863400000,0.3129,0.3163,0.3129,0.3162,100430.8
2026-02-12 02:45:00,1770864300000,0.3162,0.3164,0.3147,0.3148,65075.9
2026-02-12 03:00:00,1770865200000,0.3148,0.3164,0.3142,0.3162,53499.7
2026-02-12 03:15:00,1770866100000,0.3162,0.3163,0.3152,0.3158,54009.3
2026-02-12 03:30:00,1770867000000,0.3158,0.3173,0.3157,0.3167,130395.6
2026-02-12 03:45:00,1770867900000,0.3167,0.3175,0.3165,0.3172,57669.8
2026-02-12 04:00:00,1770868800000,0.3172,0.3184,0.3165,0.3178,106318.4
2026-02-12 04:15:00,1770869700000,0.3178,0.3185,0.3172,0.3183,45984.9
2026-02-12 04:30:00,1770870600000,0.3183,0.3214,0.3179,0.3211,223830.6
2026-02-12 04:45:00,1770871500000,0.3211,0.3212,0.3194,0.3197,28532.9
2026-02-12 05:00:00,1770872400000,0.3197,0.3209,0.3188,0.3193,97743.7
2026-02-12 05:15:00,1770873300000,0.3193,0.3197,0.3176,0.3184,321356.5
2026-02-12 05:30:00,1770874200000,0.3184,0.3205,0.3182,0.3187,136889.0
2026-02-12 05:45:00,1770875100000,0.3187,0.3198,0.3185,0.3192,21854.4
2026-02-12 06:00:00,1770876000000,0.3192,0.3219,0.3192,0.3216,302963.3
2026-02-12 06:15:00,1770876900000,0.3216,0.3242,0.3214,0.3238,277263.0
2026-02-12 06:30:00,1770877800000,0.3238,0.3247,0.3233,0.3238,314911.2
2026-02-12 06:45:00,1770878700000,0.3238,0.324,0.3222,0.3225,51109.9
2026-02-12 07:00:00,1770879600000,0.3225,0.323,0.3214,0.3221,98215.5
2026-02-12 07:15:00,1770880500000,0.3221,0.3244,0.3216,0.3234,52690.5
2026-02-12 07:30:00,1770881400000,0.3234,0.3246,0.323,0.3237,106021.0
2026-02-12 07:45:00,1770882300000,0.3237,0.3258,0.3235,0.3257,231285.2
2026-02-12 08:00:00,1770883200000,0.3257,0.3275,0.3244,0.3268,209239.5
2026-02-12 08:15:00,1770884100000,0.3268,0.327,0.3244,0.3244,168478.5
2026-02-12 08:30:00,1770885000000,0.3244,0.3244,0.3222,0.3224,320368.7
2026-02-12 08:45:00,1770885900000,0.3224,0.325,0.3217,0.3242,179952.9
2026-02-12 09:00:00,1770886800000,0.3242,0.3248,0.3229,0.3236,186329.0
2026-02-12 09:15:00,1770887700000,0.3236,0.3249,0.3234,0.3247,129745.3
2026-02-12 09:30:00,1770888600000,0.3247,0.3266,0.3243,0.3261,56027.4
2026-02-12 09:45:00,1770889500000,0.3261,0.3279,0.3258,0.3263,335156.4
2026-02-12 10:00:00,1770890400000,0.3263,0.327,0.3261,0.3265,60432.5
2026-02-12 10:15:00,1770891300000,0.3265,0.3268,0.3249,0.3256,73975.0
2026-02-12 10:30:00,1770892200000,0.3256,0.3268,0.3254,0.3261,137209.1
2026-02-12 10:45:00,1770893100000,0.3261,0.3293,0.3258,0.3292,179636.0
2026-02-12 11:00:00,1770894000000,0.3292,0.3302,0.3277,0.3284,193886.9
2026-02-12 11:15:00,1770894900000,0.3284,0.3301,0.3279,0.3298,110506.1
2026-02-12 11:30:00,1770895800000,0.3298,0.33,0.3274,0.3278,127757.5
2026-02-12 11:45:00,1770896700000,0.3278,0.3283,0.3267,0.3268,26883.9
2026-02-12 12:00:00,1770897600000,0.3268,0.3275,0.324,0.3248,350596.7
2026-02-12 12:15:00,1770898500000,0.3248,0.3248,0.3234,0.3235,49342.6
2026-02-12 12:30:00,1770899400000,0.3235,0.3236,0.3221,0.3226,131497.4
2026-02-12 12:45:00,1770900300000,0.3226,0.3228,0.3209,0.322,267851.4
2026-02-12 13:00:00,1770901200000,0.322,0.3221,0.3197,0.3206,448707.5
2026-02-12 13:15:00,1770902100000,0.3206,0.3223,0.3189,0.3197,396085.3
2026-02-12 13:30:00,1770903000000,0.3197,0.3228,0.3197,0.3226,270182.3
2026-02-12 13:45:00,1770903900000,0.3226,0.3232,0.3216,0.3226,165850.8
2026-02-12 14:00:00,1770904800000,0.3226,0.3228,0.3199,0.3204,125129.9
2026-02-12 14:15:00,1770905700000,0.3204,0.3212,0.3198,0.3206,73366.8
2026-02-12 14:30:00,1770906600000,0.3206,0.323,0.3202,0.3204,138221.7
2026-02-12 14:45:00,1770907500000,0.3204,0.3241,0.3201,0.322,384964.1
2026-02-12 15:00:00,1770908400000,0.322,0.3226,0.319,0.3214,399858.2
2026-02-12 15:15:00,1770909300000,0.3214,0.3244,0.3206,0.3244,321469.6
2026-02-12 15:30:00,1770910200000,0.3244,0.3251,0.319,0.3205,235617.2
2026-02-12 15:45:00,1770911100000,0.3205,0.321,0.3177,0.318,222479.2
2026-02-12 16:00:00,1770912000000,0.318,0.319,0.3124,0.3128,1060675.0
2026-02-12 16:15:00,1770912900000,0.3128,0.3147,0.3105,0.3117,622843.1
2026-02-12 16:30:00,1770913800000,0.3117,0.3167,0.3105,0.3161,432452.9
2026-02-12 16:45:00,1770914700000,0.3161,0.3165,0.3123,0.3138,577013.6
2026-02-12 17:00:00,1770915600000,0.3138,0.3159,0.3128,0.3137,339754.8
2026-02-12 17:15:00,1770916500000,0.3137,0.3168,0.3127,0.3156,224184.1
2026-02-12 17:30:00,1770917400000,0.3156,0.3168,0.3143,0.3153,150976.8
2026-02-12 17:45:00,1770918300000,0.3153,0.3153,0.313,0.3133,181880.4
2026-02-12 18:00:00,1770919200000,0.3133,0.3159,0.3128,0.3149,115527.8
2026-02-12 18:15:00,1770920100000,0.3149,0.3151,0.3123,0.3129,173988.6
2026-02-12 18:30:00,1770921000000,0.3129,0.3147,0.3114,0.3138,119317.9
2026-02-12 18:45:00,1770921900000,0.3138,0.3154,0.3134,0.3147,107027.4
2026-02-12 19:00:00,1770922800000,0.3147,0.3152,0.3128,0.3146,295144.5
2026-02-12 19:15:00,1770923700000,0.3146,0.3197,0.3144,0.3196,428601.1
2026-02-12 19:30:00,1770924600000,0.3196,0.3223,0.3188,0.3193,375764.0
2026-02-12 19:45:00,1770925500000,0.3193,0.3203,0.3172,0.3174,271109.9
2026-02-12 20:00:00,1770926400000,0.3174,0.3184,0.3149,0.3159,162163.1
2026-02-12 20:15:00,1770927300000,0.3159,0.317,0.3152,0.3156,51073.2
2026-02-12 20:30:00,1770928200000,0.3156,0.3162,0.3149,0.3157,54911.0
2026-02-12 20:45:00,1770929100000,0.3157,0.3157,0.3131,0.3143,116144.9
2026-02-12 21:00:00,1770930000000,0.3143,0.3164,0.3143,0.3161,57365.9
2026-02-12 21:15:00,1770930900000,0.3161,0.3171,0.3151,0.3155,64786.9
2026-02-12 21:30:00,1770931800000,0.3155,0.317,0.315,0.3162,104517.7
2026-02-12 21:45:00,1770932700000,0.3162,0.3169,0.3159,0.3161,45257.1
2026-02-12 22:00:00,1770933600000,0.3161,0.3167,0.3156,0.3165,90804.7
2026-02-12 22:15:00,1770934500000,0.3165,0.3172,0.315,0.3168,24956.5
2026-02-12 22:30:00,1770935400000,0.3168,0.3189,0.3166,0.3188,63911.2
2026-02-12 22:45:00,1770936300000,0.3188,0.3209,0.3188,0.3209,47849.9
2026-02-12 23:00:00,1770937200000,0.3209,0.3218,0.3203,0.3207,59901.3
2026-02-12 23:15:00,1770938100000,0.3207,0.3224,0.3199,0.3222,58127.4
2026-02-12 23:30:00,1770939000000,0.3222,0.3224,0.3211,0.3221,77413.8
2026-02-12 23:45:00,1770939900000,0.3221,0.3222,0.3213,0.3216,25122.8
2026-02-13 00:00:00,1770940800000,0.3216,0.3241,0.3211,0.3218,388339.0
2026-02-13 00:15:00,1770941700000,0.3218,0.322,0.3198,0.3198,185068.5
2026-02-13 00:30:00,1770942600000,0.3198,0.32,0.3172,0.3172,237617.6
2026-02-13 00:45:00,1770943500000,0.3172,0.3191,0.3171,0.3188,41094.2
2026-02-13 01:00:00,1770944400000,0.3188,0.3202,0.3183,0.3195,105431.0
2026-02-13 01:15:00,1770945300000,0.3195,0.3196,0.3176,0.3188,50830.7
2026-02-13 01:30:00,1770946200000,0.3188,0.3202,0.3188,0.3195,33417.9
2026-02-13 01:45:00,1770947100000,0.3195,0.32,0.3183,0.3189,174090.3
2026-02-13 02:00:00,1770948000000,0.3189,0.3196,0.3185,0.3191,63766.7
2026-02-13 02:15:00,1770948900000,0.3191,0.3195,0.3182,0.3184,55469.3
2026-02-13 02:30:00,1770949800000,0.3184,0.3184,0.3167,0.3179,140645.7
2026-02-13 02:45:00,1770950700000,0.3179,0.3188,0.3175,0.3182,86434.4
2026-02-13 03:00:00,1770951600000,0.3182,0.3186,0.3167,0.3168,105171.5
2026-02-13 03:15:00,1770952500000,0.3168,0.3183,0.3167,0.318,51734.9
2026-02-13 03:30:00,1770953400000,0.318,0.3194,0.318,0.3183,65257.6
2026-02-13 03:45:00,1770954300000,0.3183,0.3183,0.3174,0.3179,104455.2
2026-02-13 04:00:00,1770955200000,0.3179,0.3179,0.3159,0.3162,106223.4
2026-02-13 04:15:00,1770956100000,0.3162,0.317,0.3155,0.3164,49354.5
2026-02-13 04:30:00,1770957000000,0.3164,0.3169,0.316,0.316,33256.9
2026-02-13 04:45:00,1770957900000,0.316,0.3163,0.3154,0.3156,128111.1
2026-02-13 05:00:00,1770958800000,0.3156,0.3158,0.314,0.3143,56569.8
2026-02-13 05:15:00,1770959700000,0.3143,0.3158,0.3141,0.3154,57720.7
2026-02-13 05:30:00,1770960600000,0.3154,0.3162,0.315,0.3157,34059.3
2026-02-13 05:45:00,1770961500000,0.3157,0.3158,0.314,0.3142,50637.8
2026-02-13 06:00:00,1770962400000,0.3142,0.3148,0.314,0.3145,58864.2
2026-02-13 06:15:00,1770963300000,0.3145,0.3147,0.3128,0.3131,140099.5
2026-02-13 06:30:00,1770964200000,0.3131,0.3147,0.3126,0.3147,104760.2
2026-02-13 06:45:00,1770965100000,0.3147,0.3171,0.3144,0.3167,83081.2
2026-02-13 07:00:00,1770966000000,0.3167,0.3182,0.3166,0.318,112277.8
2026-02-13 07:15:00,1770966900000,0.318,0.3205,0.318,0.3201,715571.5
2026-02-13 07:30:00,1770967800000,0.3201,0.3201,0.3175,0.3178,143317.2
2026-02-13 07:45:00,1770968700000,0.3178,0.3186,0.3176,0.3184,58779.5
2026-02-13 08:00:00,1770969600000,0.3184,0.3193,0.3181,0.3187,71158.1
2026-02-13 08:15:00,1770970500000,0.3187,0.3208,0.3187,0.3204,85964.1
2026-02-13 08:30:00,1770971400000,0.3204,0.3215,0.3201,0.3208,29967.9
2026-02-13 08:45:00,1770972300000,0.3208,0.3222,0.3201,0.3207,178412.0
2026-02-13 09:00:00,1770973200000,0.3207,0.3211,0.3198,0.3203,112107.3
2026-02-13 09:15:00,1770974100000,0.3203,0.3211,0.3202,0.3205,73211.8
2026-02-13 09:30:00,1770975000000,0.3205,0.321,0.3201,0.3201,91826.7
2026-02-13 09:45:00,1770975900000,0.3201,0.3207,0.3199,0.3203,75578.5
2026-02-13 10:00:00,1770976800000,0.3203,0.322,0.3203,0.322,81152.8
2026-02-13 10:15:00,1770977700000,0.322,0.3222,0.3208,0.3215,159218.5
2026-02-13 10:30:00,1770978600000,0.3215,0.3226,0.3209,0.3226,95466.9
2026-02-13 10:45:00,1770979500000,0.3226,0.3232,0.3215,0.3221,162953.3
2026-02-13 11:00:00,1770980400000,0.3221,0.3221,0.3208,0.321,119762.9
2026-02-13 11:15:00,1770981300000,0.321,0.3215,0.3209,0.3213,33226.6
2026-02-13 11:30:00,1770982200000,0.3213,0.3213,0.3198,0.3208,193737.9
2026-02-13 11:45:00,1770983100000,0.3208,0.3214,0.32,0.321,52394.3
2026-02-13 12:00:00,1770984000000,0.321,0.3211,0.3189,0.3191,144528.4
2026-02-13 12:15:00,1770984900000,0.3191,0.3205,0.3191,0.3203,56843.8
2026-02-13 12:30:00,1770985800000,0.3203,0.3211,0.3199,0.3202,58702.1
2026-02-13 12:45:00,1770986700000,0.3202,0.3209,0.3196,0.3203,43827.5
2026-02-13 13:00:00,1770987600000,0.3203,0.3206,0.3193,0.3203,51801.1
2026-02-13 13:15:00,1770988500000,0.3203,0.3234,0.3203,0.323,154168.1
2026-02-13 13:30:00,1770989400000,0.323,0.3246,0.3214,0.3224,425405.9
2026-02-13 13:45:00,1770990300000,0.3224,0.3236,0.3215,0.3229,156758.6
2026-02-13 14:00:00,1770991200000,0.3229,0.3233,0.3208,0.3208,125551.4
2026-02-13 14:15:00,1770992100000,0.3208,0.3227,0.3208,0.3227,112833.0
2026-02-13 14:30:00,1770993000000,0.3227,0.3259,0.3223,0.3247,660696.8
2026-02-13 14:45:00,1770993900000,0.3247,0.3278,0.3246,0.3255,516152.0
2026-02-13 15:00:00,1770994800000,0.3255,0.3306,0.3248,0.3297,660785.7
2026-02-13 15:15:00,1770995700000,0.3297,0.3333,0.3281,0.3331,458585.4
2026-02-13 15:30:00,1770996600000,0.3331,0.3352,0.3288,0.3289,388117.8
2026-02-13 15:45:00,1770997500000,0.3289,0.3295,0.3274,0.3289,194032.9
2026-02-13 16:00:00,1770998400000,0.3289,0.332,0.3279,0.3317,647528.5
2026-02-13 16:15:00,1770999300000,0.3317,0.335,0.3316,0.335,334970.3
2026-02-13 16:30:00,1771000200000,0.335,0.337,0.3343,0.3359,280475.8
2026-02-13 16:45:00,1771001100000,0.3359,0.3368,0.3346,0.3349,328829.7
2026-02-13 17:00:00,1771002000000,0.3349,0.3351,0.3326,0.3343,152068.9
2026-02-13 17:15:00,1771002900000,0.3343,0.3358,0.3341,0.3353,65854.0
2026-02-13 17:30:00,1771003800000,0.3353,0.3358,0.3346,0.3346,56046.4
2026-02-13 17:45:00,1771004700000,0.3346,0.335,0.3339,0.3342,46225.9
2026-02-13 18:00:00,1771005600000,0.3342,0.3348,0.3332,0.3332,198095.4
2026-02-13 18:15:00,1771006500000,0.3332,0.3351,0.333,0.3335,65606.1
2026-02-13 18:30:00,1771007400000,0.3335,0.335,0.3335,0.3341,77185.7
2026-02-13 18:45:00,1771008300000,0.3341,0.3346,0.3335,0.3338,120612.7
2026-02-13 19:00:00,1771009200000,0.3338,0.3349,0.3333,0.3344,88067.7
2026-02-13 19:15:00,1771010100000,0.3344,0.3345,0.333,0.333,130795.0
2026-02-13 19:30:00,1771011000000,0.333,0.3334,0.3321,0.3323,56167.5
2026-02-13 19:45:00,1771011900000,0.3323,0.3344,0.3323,0.3333,40651.0
2026-02-13 20:00:00,1771012800000,0.3333,0.3348,0.3333,0.3334,143471.5
2026-02-13 20:15:00,1771013700000,0.3334,0.3348,0.3333,0.3343,65768.5
2026-02-13 20:30:00,1771014600000,0.3343,0.3352,0.3339,0.3345,80829.7
2026-02-13 20:45:00,1771015500000,0.3345,0.3352,0.3341,0.3345,29589.7
2026-02-13 21:00:00,1771016400000,0.3345,0.3369,0.3344,0.3366,153868.6
2026-02-13 21:15:00,1771017300000,0.3366,0.3366,0.3349,0.3349,97849.4
2026-02-13 21:30:00,1771018200000,0.3349,0.3358,0.3347,0.3358,34329.2
2026-02-13 21:45:00,1771019100000,0.3358,0.3358,0.3349,0.3358,79942.9
2026-02-13 22:00:00,1771020000000,0.3358,0.338,0.3353,0.3354,143484.0
2026-02-13 22:15:00,1771020900000,0.3354,0.3364,0.3353,0.3362,46837.3
2026-02-13 22:30:00,1771021800000,0.3362,0.3363,0.3352,0.336,17706.1
2026-02-13 22:45:00,1771022700000,0.336,0.3361,0.3348,0.3354,42469.2
2026-02-13 23:00:00,1771023600000,0.3354,0.336,0.3351,0.3353,40804.0
2026-02-13 23:15:00,1771024500000,0.3353,0.3361,0.3347,0.336,41876.9
2026-02-13 23:30:00,1771025400000,0.336,0.3367,0.3354,0.3354,38159.5
2026-02-13 23:45:00,1771026300000,0.3354,0.3366,0.3354,0.3361,109651.9
2026-02-14 00:00:00,1771027200000,0.3361,0.3588,0.3361,0.3426,16012159.4
2026-02-14 00:15:00,1771028100000,0.3426,0.3452,0.3402,0.3436,2283521.8
2026-02-14 00:30:00,1771029000000,0.3436,0.3467,0.3415,0.3464,2777766.1
2026-02-14 00:45:00,1771029900000,0.3464,0.3465,0.3436,0.3441,756449.5
2026-02-14 01:00:00,1771030800000,0.3441,0.3441,0.3399,0.3419,1099326.7
2026-02-14 01:15:00,1771031700000,0.3419,0.343,0.3411,0.3427,680919.5
2026-02-14 01:30:00,1771032600000,0.3427,0.3445,0.3411,0.3442,791028.8
2026-02-14 01:45:00,1771033500000,0.3442,0.3445,0.3426,0.343,257417.4
2026-02-14 02:00:00,1771034400000,0.343,0.3457,0.3426,0.3452,202483.8
2026-02-14 02:15:00,1771035300000,0.3452,0.3455,0.3417,0.3429,476479.4
2026-02-14 02:30:00,1771036200000,0.3429,0.3433,0.3421,0.3424,228044.5
2026-02-14 02:45:00,1771037100000,0.3424,0.3427,0.3418,0.3425,173602.7
2026-02-14 03:00:00,1771038000000,0.3425,0.344,0.3417,0.343,352452.6
2026-02-14 03:15:00,1771038900000,0.343,0.3432,0.3403,0.3404,167454.0
2026-02-14 03:30:00,1771039800000,0.3404,0.3422,0.3404,0.3418,202937.2
2026-02-14 03:45:00,1771040700000,0.3418,0.3425,0.3416,0.3422,130038.1
2026-02-14 04:00:00,1771041600000,0.3422,0.3427,0.3411,0.3417,139294.3
2026-02-14 04:15:00,1771042500000,0.3417,0.3424,0.3407,0.3416,148704.4
2026-02-14 04:30:00,1771043400000,0.3416,0.3419,0.3403,0.3414,215833.4
2026-02-14 04:45:00,1771044300000,0.3414,0.3415,0.3401,0.341,240081.0
2026-02-14 05:00:00,1771045200000,0.341,0.3421,0.3405,0.3418,150696.2
2026-02-14 05:15:00,1771046100000,0.3418,0.3425,0.3417,0.3419,145345.9
2026-02-14 05:30:00,1771047000000,0.3419,0.3424,0.3411,0.3424,96251.2
2026-02-14 05:45:00,1771047900000,0.3424,0.343,0.3408,0.3411,435900.9
2026-02-14 06:00:00,1771048800000,0.3411,0.3425,0.3389,0.3393,335843.4
2026-02-14 06:15:00,1771049700000,0.3393,0.3406,0.3392,0.3397,160954.2
2026-02-14 06:30:00,1771050600000,0.3397,0.34,0.3391,0.3396,68437.7
2026-02-14 06:45:00,1771051500000,0.3396,0.3411,0.3388,0.3409,647416.7
2026-02-14 07:00:00,1771052400000,0.3409,0.3416,0.3393,0.3398,114479.6
2026-02-14 07:15:00,1771053300000,0.3398,0.3402,0.3388,0.3402,294582.6
2026-02-14 07:30:00,1771054200000,0.3402,0.3414,0.3399,0.341,104517.6
2026-02-14 07:45:00,1771055100000,0.341,0.3411,0.3399,0.3404,82541.5
2026-02-14 08:00:00,1771056000000,0.3404,0.3431,0.3402,0.3419,280103.7
2026-02-14 08:15:00,1771056900000,0.3419,0.3427,0.3416,0.3416,105242.5
2026-02-14 08:30:00,1771057800000,0.3416,0.3431,0.3414,0.3431,87295.1
2026-02-14 08:45:00,1771058700000,0.3431,0.3434,0.342,0.3431,180832.6
2026-02-14 09:00:00,1771059600000,0.3431,0.3449,0.3426,0.3442,524094.2
2026-02-14 09:15:00,1771060500000,0.3442,0.3444,0.3425,0.3431,359656.5
2026-02-14 09:30:00,1771061400000,0.3431,0.3431,0.3418,0.342,93969.6
2026-02-14 09:45:00,1771062300000,0.342,0.3433,0.3416,0.343,66224.0
2026-02-14 10:00:00,1771063200000,0.343,0.343,0.3416,0.3426,53729.7
2026-02-14 10:15:00,1771064100000,0.3426,0.3429,0.3411,0.3412,98553.4
2026-02-14 10:30:00,1771065000000,0.3412,0.3417,0.3406,0.3409,327479.6
2026-02-14 10:45:00,1771065900000,0.3409,0.3416,0.3407,0.3412,21009.7
2026-02-14 11:00:00,1771066800000,0.3412,0.3431,0.3411,0.3429,190899.3
2026-02-14 11:15:00,1771067700000,0.3429,0.3463,0.3426,0.345,312241.5
2026-02-14 11:30:00,1771068600000,0.345,0.3457,0.3446,0.345,189720.8
2026-02-14 11:45:00,1771069500000,0.345,0.3459,0.3447,0.3452,195136.2
2026-02-14 12:00:00,1771070400000,0.3452,0.3461,0.3445,0.346,236035.1
2026-02-14 12:15:00,1771071300000,0.346,0.3481,0.3454,0.3469,460363.8
2026-02-14 12:30:00,1771072200000,0.3469,0.3472,0.3458,0.3463,203356.6
2026-02-14 12:45:00,1771073100000,0.3463,0.3464,0.3441,0.3449,621420.0
2026-02-14 13:00:00,1771074000000,0.3449,0.3453,0.3434,0.3453,301302.7
2026-02-14 13:15:00,1771074900000,0.3453,0.3457,0.3434,0.3436,310890.0
2026-02-14 13:30:00,1771075800000,0.3436,0.3453,0.343,0.3442,319488.5
2026-02-14 13:45:00,1771076700000,0.3442,0.3456,0.3441,0.345,84523.0
2026-02-14 14:00:00,1771077600000,0.345,0.3463,0.3448,0.3457,54993.8
2026-02-14 14:15:00,1771078500000,0.3457,0.346,0.3445,0.3457,68244.6
2026-02-14 14:30:00,1771079400000,0.3457,0.3472,0.3451,0.3465,86339.0
2026-02-14 14:45:00,1771080300000,0.3465,0.3504,0.3463,0.3497,164096.5
2026-02-14 15:00:00,1771081200000,0.3497,0.3499,0.3484,0.3491,201438.2
2026-02-14 15:15:00,1771082100000,0.3491,0.35,0.3486,0.3487,59519.4
2026-02-14 15:30:00,1771083000000,0.3487,0.351,0.3487,0.3505,152570.8
2026-02-14 15:45:00,1771083900000,0.3505,0.3523,0.3499,0.3521,172311.6
2026-02-14 16:00:00,1771084800000,0.3521,0.3527,0.3508,0.3518,141745.4
2026-02-14 16:15:00,1771085700000,0.3518,0.3522,0.3505,0.3519,295648.4
2026-02-14 16:30:00,1771086600000,0.3519,0.355,0.3505,0.3549,245744.2
2026-02-14 16:45:00,1771087500000,0.3549,0.3575,0.3542,0.3575,215139.7
2026-02-14 17:00:00,1771088400000,0.3575,0.3584,0.3568,0.3577,255077.5
2026-02-14 17:15:00,1771089300000,0.3577,0.3621,0.3576,0.3617,301133.5
2026-02-14 17:30:00,1771090200000,0.3617,0.3623,0.3583,0.3592,520482.4
2026-02-14 17:45:00,1771091100000,0.3592,0.3592,0.357,0.3571,261510.7
2026-02-14 18:00:00,1771092000000,0.3571,0.3591,0.3565,0.3589,138578.0
2026-02-14 18:15:00,1771092900000,0.3589,0.3606,0.3585,0.3598,171532.3
2026-02-14 18:30:00,1771093800000,0.3598,0.3609,0.3595,0.3602,132966.5
2026-02-14 18:45:00,1771094700000,0.3602,0.3617,0.36,0.3608,165949.0
2026-02-14 19:00:00,1771095600000,0.3608,0.3608,0.3596,0.36,245580.3
2026-02-14 19:15:00,1771096500000,0.36,0.362,0.3583,0.3615,214518.9
2026-02-14 19:30:00,1771097400000,0.3615,0.364,0.3612,0.3619,335459.9
2026-02-14 19:45:00,1771098300000,0.3619,0.3636,0.3616,0.363,372456.4
2026-02-14 20:00:00,1771099200000,0.363,0.364,0.3607,0.361,419154.1
2026-02-14 20:15:00,1771100100000,0.361,0.3615,0.3585,0.36,300960.9
2026-02-14 20:30:00,1771101000000,0.36,0.36,0.3581,0.3589,80842.2
2026-02-14 20:45:00,1771101900000,0.3589,0.3599,0.3584,0.3598,76112.8
2026-02-14 21:00:00,1771102800000,0.3598,0.3626,0.3598,0.3618,293949.5
2026-02-14 21:15:00,1771103700000,0.3618,0.3624,0.3597,0.3597,135643.7
2026-02-14 21:30:00,1771104600000,0.3597,0.3599,0.3568,0.3582,181611.3
2026-02-14 21:45:00,1771105500000,0.3582,0.3591,0.3574,0.3585,57750.1
2026-02-14 22:00:00,1771106400000,0.3585,0.3616,0.3584,0.3615,126355.1
2026-02-14 22:15:00,1771107300000,0.3615,0.3617,0.359,0.3605,252405.1
2026-02-14 22:30:00,1771108200000,0.3605,0.3677,0.3604,0.3647,628224.0
2026-02-14 22:45:00,1771109100000,0.3647,0.3657,0.3635,0.3636,125497.3
2026-02-14 23:00:00,1771110000000,0.3636,0.3641,0.3614,0.3625,202158.4
2026-02-14 23:15:00,1771110900000,0.3625,0.3628,0.3592,0.3602,153153.4
2026-02-14 23:30:00,1771111800000,0.3602,0.3607,0.3587,0.3605,137212.7
2026-02-14 23:45:00,1771112700000,0.3605,0.3608,0.3589,0.3596,145256.9
2026-02-15 00:00:00,1771113600000,0.3596,0.3599,0.3543,0.3548,630353.6
2026-02-15 00:15:00,1771114500000,0.3548,0.357,0.3546,0.3551,277723.1
2026-02-15 00:30:00,1771115400000,0.3551,0.3559,0.3536,0.3539,182002.5
2026-02-15 00:45:00,1771116300000,0.3539,0.355,0.353,0.355,123272.2
2026-02-15 01:00:00,1771117200000,0.355,0.3584,0.3547,0.3574,124336.0
2026-02-15 01:15:00,1771118100000,0.3574,0.3576,0.3537,0.3545,258781.6
2026-02-15 01:30:00,1771119000000,0.3545,0.3564,0.3537,0.355,241545.5
2026-02-15 01:45:00,1771119900000,0.355,0.358,0.3543,0.3573,288349.8
2026-02-15 02:00:00,1771120800000,0.3573,0.3584,0.3551,0.3556,383640.8
2026-02-15 02:15:00,1771121700000,0.3556,0.356,0.354,0.3542,83134.4
2026-02-15 02:30:00,1771122600000,0.3542,0.3561,0.3521,0.356,308673.9
2026-02-15 02:45:00,1771123500000,0.356,0.3564,0.3542,0.3555,164410.0
2026-02-15 03:00:00,1771124400000,0.3555,0.3564,0.3549,0.3553,134697.7
2026-02-15 03:15:00,1771125300000,0.3553,0.356,0.3538,0.354,319011.6
2026-02-15 03:30:00,1771126200000,0.354,0.354,0.3507,0.3524,909033.0
2026-02-15 03:45:00,1771127100000,0.3524,0.3578,0.3523,0.3575,328916.1
2026-02-15 04:00:00,1771128000000,0.3575,0.3616,0.357,0.3611,744036.8
2026-02-15 04:15:00,1771128900000,0.3611,0.3617,0.3557,0.3557,390741.1
2026-02-15 04:30:00,1771129800000,0.3557,0.3579,0.3556,0.3571,140244.0
2026-02-15 04:45:00,1771130700000,0.3571,0.358,0.3562,0.3569,70988.2
2026-02-15 05:00:00,1771131600000,0.3569,0.3589,0.3564,0.3587,90577.8
2026-02-15 05:15:00,1771132500000,0.3587,0.359,0.3576,0.3584,136354.6
2026-02-15 05:30:00,1771133400000,0.3584,0.36,0.3581,0.3594,80885.2
2026-02-15 05:45:00,1771134300000,0.3594,0.36,0.3579,0.3588,122081.9
2026-02-15 06:00:00,1771135200000,0.3588,0.3593,0.3582,0.3592,111576.0
2026-02-15 06:15:00,1771136100000,0.3592,0.3598,0.3585,0.3585,139411.8
2026-02-15 06:30:00,1771137000000,0.3585,0.3592,0.358,0.3581,78426.9
2026-02-15 06:45:00,1771137900000,0.3581,0.3581,0.3565,0.3576,81316.8
2026-02-15 07:00:00,1771138800000,0.3576,0.3591,0.357,0.3587,188192.3
2026-02-15 07:15:00,1771139700000,0.3587,0.3601,0.3584,0.3584,142107.9
2026-02-15 07:30:00,1771140600000,0.3584,0.361,0.3583,0.3589,180862.3
2026-02-15 07:45:00,1771141500000,0.3589,0.3606,0.3587,0.3605,104851.0
2026-02-15 08:00:00,1771142400000,0.3605,0.3605,0.3581,0.3582,129425.8
2026-02-15 08:15:00,1771143300000,0.3582,0.3602,0.3561,0.3562,455377.1
2026-02-15 08:30:00,1771144200000,0.3562,0.3564,0.3522,0.3529,343916.8
2026-02-15 08:45:00,1771145100000,0.3529,0.3543,0.3524,0.354,177953.2
2026-02-15 09:00:00,1771146000000,0.354,0.3563,0.3532,0.3553,277575.1
2026-02-15 09:15:00,1771146900000,0.3553,0.3558,0.354,0.3545,101661.5
2026-02-15 09:30:00,1771147800000,0.3545,0.3559,0.3538,0.3551,87461.4
2026-02-15 09:45:00,1771148700000,0.3551,0.3554,0.3542,0.3551,45301.8
2026-02-15 10:00:00,1771149600000,0.3551,0.3551,0.3513,0.3521,167323.5
2026-02-15 10:15:00,1771150500000,0.3521,0.353,0.3506,0.3515,190745.2
2026-02-15 10:30:00,1771151400000,0.3515,0.3523,0.35,0.3522,142682.8
2026-02-15 10:45:00,1771152300000,0.3522,0.3531,0.3518,0.3527,164440.6
2026-02-15 11:00:00,1771153200000,0.3527,0.3536,0.352,0.3524,238306.4
2026-02-15 11:15:00,1771154100000,0.3524,0.3535,0.3517,0.352,418357.7
2026-02-15 11:30:00,1771155000000,0.352,0.3527,0.3515,0.352,188327.1
2026-02-15 11:45:00,1771155900000,0.352,0.3523,0.3514,0.3519,36117.9
2026-02-15 12:00:00,1771156800000,0.3519,0.3521,0.3498,0.3504,278075.4
2026-02-15 12:15:00,1771157700000,0.3504,0.3522,0.3502,0.3518,321105.9
2026-02-15 12:30:00,1771158600000,0.3518,0.3524,0.35,0.3503,108127.3
2026-02-15 12:45:00,1771159500000,0.3503,0.3503,0.3418,0.342,1517469.5
2026-02-15 13:00:00,1771160400000,0.342,0.3453,0.342,0.3446,1001922.7
2026-02-15 13:15:00,1771161300000,0.3446,0.3456,0.3427,0.3428,298755.6
2026-02-15 13:30:00,1771162200000,0.3428,0.3434,0.3393,0.341,821462.9
2026-02-15 13:45:00,1771163100000,0.341,0.3416,0.3363,0.338,1497931.5
2026-02-15 14:00:00,1771164000000,0.338,0.34,0.3376,0.3391,328002.5
2026-02-15 14:15:00,1771164900000,0.3391,0.3402,0.339,0.3396,137990.9
2026-02-15 14:30:00,1771165800000,0.3396,0.3427,0.3396,0.342,226242.7
2026-02-15 14:45:00,1771166700000,0.342,0.3427,0.3417,0.3421,83275.5
2026-02-15 15:00:00,1771167600000,0.3421,0.3432,0.3417,0.3431,91215.2
2026-02-15 15:15:00,1771168500000,0.3431,0.3431,0.3414,0.3416,144031.8
2026-02-15 15:30:00,1771169400000,0.3416,0.3419,0.3405,0.3416,113593.1
2026-02-15 15:45:00,1771170300000,0.3416,0.3419,0.3408,0.3418,82725.0
2026-02-15 16:00:00,1771171200000,0.3418,0.3427,0.3393,0.3418,409572.6
2026-02-15 16:15:00,1771172100000,0.3418,0.3436,0.3411,0.343,300503.4
2026-02-15 16:30:00,1771173000000,0.343,0.343,0.3411,0.3419,94955.2
2026-02-15 16:45:00,1771173900000,0.3419,0.3421,0.3414,0.3417,78622.5
2026-02-15 17:00:00,1771174800000,0.3417,0.3422,0.3414,0.3418,65535.0
2026-02-15 17:15:00,1771175700000,0.3418,0.3418,0.3404,0.3408,112653.5
2026-02-15 17:30:00,1771176600000,0.3408,0.3423,0.3399,0.3399,195062.1
2026-02-15 17:45:00,1771177500000,0.3399,0.3399,0.3349,0.3378,1427338.1
2026-02-15 18:00:00,1771178400000,0.3378,0.3379,0.3354,0.3372,203722.0
2026-02-15 18:15:00,1771179300000,0.3372,0.3384,0.3362,0.3364,203636.8
2026-02-15 18:30:00,1771180200000,0.3364,0.3365,0.3342,0.3363,371409.1
2026-02-15 18:45:00,1771181100000,0.3363,0.3365,0.3341,0.3352,147361.6
2026-02-15 19:00:00,1771182000000,0.3352,0.3356,0.3331,0.3348,530941.9
2026-02-15 19:15:00,1771182900000,0.3348,0.3377,0.3345,0.3377,253953.1
2026-02-15 19:30:00,1771183800000,0.3377,0.3377,0.3345,0.3351,223981.1
2026-02-15 19:45:00,1771184700000,0.3351,0.3364,0.335,0.3361,195234.0
2026-02-15 20:00:00,1771185600000,0.3361,0.3371,0.3345,0.3368,277456.4
2026-02-15 20:15:00,1771186500000,0.3368,0.3375,0.3354,0.337,137432.2
2026-02-15 20:30:00,1771187400000,0.337,0.3384,0.3366,0.3377,156868.2
2026-02-15 20:45:00,1771188300000,0.3377,0.338,0.337,0.3375,27666.9
2026-02-15 21:00:00,1771189200000,0.3375,0.3387,0.3373,0.3387,118240.1
2026-02-15 21:15:00,1771190100000,0.3387,0.3389,0.3374,0.3375,103663.0
2026-02-15 21:30:00,1771191000000,0.3375,0.339,0.337,0.3372,124667.6
2026-02-15 21:45:00,1771191900000,0.3372,0.3382,0.337,0.3377,41375.6
2026-02-15 22:00:00,1771192800000,0.3377,0.3379,0.3365,0.3373,73783.7
2026-02-15 22:15:00,1771193700000,0.3373,0.3385,0.337,0.3378,60938.2
2026-02-15 22:30:00,1771194600000,0.3378,0.3382,0.3372,0.3374,69626.7
2026-02-15 22:45:00,1771195500000,0.3374,0.3386,0.3372,0.3384,206161.8
2026-02-15 23:00:00,1771196400000,0.3384,0.3384,0.3345,0.3359,340134.3
2026-02-15 23:15:00,1771197300000,0.3359,0.3375,0.3354,0.3373,189168.8
2026-02-15 23:30:00,1771198200000,0.3373,0.3392,0.3371,0.3392,638556.0
2026-02-15 23:45:00,1771199100000,0.3392,0.3403,0.3392,0.3394,77391.3
2026-02-16 00:00:00,1771200000000,0.3394,0.3426,0.3391,0.3417,166946.2
2026-02-16 00:15:00,1771200900000,0.3417,0.3426,0.3396,0.3399,188399.5
2026-02-16 00:30:00,1771201800000,0.3399,0.3414,0.3395,0.3402,79610.2
2026-02-16 00:45:00,1771202700000,0.3402,0.341,0.3398,0.3403,80575.6
2026-02-16 01:00:00,1771203600000,0.3403,0.3418,0.3399,0.3405,67521.1
2026-02-16 01:15:00,1771204500000,0.3405,0.341,0.3387,0.3392,65820.5
2026-02-16 01:30:00,1771205400000,0.3392,0.3398,0.3379,0.3389,73411.9
2026-02-16 01:45:00,1771206300000,0.3389,0.3396,0.3389,0.3396,26180.8
2026-02-16 02:00:00,1771207200000,0.3396,0.341,0.3392,0.3408,89069.8
2026-02-16 02:15:00,1771208100000,0.3408,0.3411,0.3393,0.3393,47440.4
2026-02-16 02:30:00,1771209000000,0.3393,0.3399,0.3386,0.3389,114088.3
2026-02-16 02:45:00,1771209900000,0.3389,0.3394,0.3381,0.3389,104079.9
2026-02-16 03:00:00,1771210800000,0.3389,0.3397,0.3389,0.3391,45331.9
2026-02-16 03:15:00,1771211700000,0.3391,0.3396,0.3387,0.3391,64527.6
2026-02-16 03:30:00,1771212600000,0.3391,0.3406,0.3391,0.3404,81547.6
2026-02-16 03:45:00,1771213500000,0.3404,0.341,0.3402,0.3406,24777.9
2026-02-16 04:00:00,1771214400000,0.3406,0.3422,0.3403,0.3418,47329.6
2026-02-16 04:15:00,1771215300000,0.3418,0.3437,0.3418,0.3436,116305.4
2026-02-16 04:30:00,1771216200000,0.3436,0.3437,0.3417,0.342,73342.3
2026-02-16 04:45:00,1771217100000,0.342,0.343,0.3417,0.343,58122.8
2026-02-16 05:00:00,1771218000000,0.343,0.3439,0.34,0.34,134987.7
2026-02-16 05:15:00,1771218900000,0.34,0.3401,0.3382,0.3387,83932.3
2026-02-16 05:30:00,1771219800000,0.3387,0.3393,0.3375,0.3381,60895.9
2026-02-16 05:45:00,1771220700000,0.3381,0.3389,0.3381,0.3386,45118.2
2026-02-16 06:00:00,1771221600000,0.3386,0.34,0.3384,0.3395,36914.0
2026-02-16 06:15:00,1771222500000,0.3395,0.3402,0.3389,0.34,32667.8
2026-02-16 06:30:00,1771223400000,0.34,0.3425,0.34,0.3418,51009.4
2026-02-16 06:45:00,1771224300000,0.3418,0.3419,0.3408,0.3411,36588.5
2026-02-16 07:00:00,1771225200000,0.3411,0.3412,0.3398,0.3412,76552.3
2026-02-16 07:15:00,1771226100000,0.3412,0.3417,0.3399,0.3404,32106.2
2026-02-16 07:30:00,1771227000000,0.3404,0.3413,0.3393,0.3396,49603.7
2026-02-16 07:45:00,1771227900000,0.3396,0.3404,0.3396,0.3401,14103.8
2026-02-16 08:00:00,1771228800000,0.3401,0.3413,0.3398,0.3405,40263.0
2026-02-16 08:15:00,1771229700000,0.3405,0.3423,0.3405,0.3411,37788.5
2026-02-16 08:30:00,1771230600000,0.3411,0.3411,0.3399,0.3402,38175.4
2026-02-16 08:45:00,1771231500000,0.3402,0.3409,0.3401,0.3405,23308.7
2026-02-16 09:00:00,1771232400000,0.3405,0.3427,0.3403,0.3413,113878.7
2026-02-16 09:15:00,1771233300000,0.3413,0.3414,0.3403,0.3412,31758.4
2026-02-16 09:30:00,1771234200000,0.3412,0.3429,0.3407,0.3426,78120.2
2026-02-16 09:45:00,1771235100000,0.3426,0.343,0.3419,0.3421,29266.9
2026-02-16 10:00:00,1771236000000,0.3421,0.343,0.3415,0.3421,85688.0
2026-02-16 10:15:00,1771236900000,0.3421,0.3421,0.3404,0.3417,50844.3
2026-02-16 10:30:00,1771237800000,0.3417,0.3424,0.3409,0.3415,46915.1
2026-02-16 10:45:00,1771238700000,0.3415,0.3416,0.3406,0.341,25981.6
2026-02-16 11:00:00,1771239600000,0.341,0.3412,0.3369,0.3375,172721.5
2026-02-16 11:15:00,1771240500000,0.3375,0.3386,0.3354,0.3384,187551.6
2026-02-16 11:30:00,1771241400000,0.3384,0.3384,0.3377,0.3379,48133.8
2026-02-16 11:45:00,1771242300000,0.3379,0.3397,0.3379,0.3389,85139.9
2026-02-16 12:00:00,1771243200000,0.3389,0.3397,0.3386,0.339,43843.7
2026-02-16 12:15:00,1771244100000,0.339,0.344,0.3383,0.3434,848800.1
2026-02-16 12:30:00,1771245000000,0.3434,0.3453,0.3417,0.3447,291902.9
2026-02-16 12:45:00,1771245900000,0.3447,0.3465,0.3437,0.3449,636546.7
2026-02-16 13:00:00,1771246800000,0.3449,0.3472,0.3446,0.3451,231621.0
2026-02-16 13:15:00,1771247700000,0.3451,0.3459,0.3391,0.3407,423703.3
2026-02-16 13:30:00,1771248600000,0.3407,0.3424,0.3389,0.3403,337872.1
2026-02-16 13:45:00,1771249500000,0.3403,0.3408,0.3375,0.3386,169316.9
2026-02-16 14:00:00,1771250400000,0.3386,0.3405,0.3382,0.3388,172440.1
2026-02-16 14:15:00,1771251300000,0.3388,0.3399,0.3364,0.3368,168929.5
2026-02-16 14:30:00,1771252200000,0.3368,0.3408,0.3367,0.3397,159886.3
2026-02-16 14:45:00,1771253100000,0.3397,0.342,0.3391,0.3401,132644.2
2026-02-16 15:00:00,1771254000000,0.3401,0.3423,0.3397,0.3398,138472.5
2026-02-16 15:15:00,1771254900000,0.3398,0.34,0.3378,0.3384,127169.1
2026-02-16 15:30:00,1771255800000,0.3384,0.3384,0.3325,0.3343,1151824.0
2026-02-16 15:45:00,1771256700000,0.3343,0.3354,0.3336,0.3347,90619.0
2026-02-16 16:00:00,1771257600000,0.3347,0.3374,0.3334,0.3367,414076.5
2026-02-16 16:15:00,1771258500000,0.3367,0.3375,0.3351,0.336,194063.2
2026-02-16 16:30:00,1771259400000,0.336,0.3364,0.3337,0.3358,362245.8
2026-02-16 16:45:00,1771260300000,0.3358,0.3362,0.3349,0.336,88398.8
2026-02-16 17:00:00,1771261200000,0.336,0.3367,0.335,0.3357,139236.4
2026-02-16 17:15:00,1771262100000,0.3357,0.3372,0.3345,0.3369,97535.7
2026-02-16 17:30:00,1771263000000,0.3369,0.3388,0.3365,0.3381,187865.6
2026-02-16 17:45:00,1771263900000,0.3381,0.3381,0.3367,0.3373,85154.8
2026-02-16 18:00:00,1771264800000,0.3373,0.3392,0.3373,0.3392,82546.9
2026-02-16 18:15:00,1771265700000,0.3392,0.3405,0.3386,0.3389,109629.3
2026-02-16 18:30:00,1771266600000,0.3389,0.3397,0.3387,0.3391,107876.8
2026-02-16 18:45:00,1771267500000,0.3391,0.3395,0.3376,0.3379,99947.3
2026-02-16 19:00:00,1771268400000,0.3379,0.3385,0.3373,0.338,25385.4
2026-02-16 19:15:00,1771269300000,0.338,0.3388,0.3366,0.3387,75207.6
2026-02-16 19:30:00,1771270200000,0.3387,0.3406,0.3385,0.3404,38776.0
2026-02-16 19:45:00,1771271100000,0.3404,0.3405,0.3392,0.3395,38131.2
2026-02-16 20:00:00,1771272000000,0.3395,0.3397,0.3388,0.3394,66802.4
2026-02-16 20:15:00,1771272900000,0.3394,0.3414,0.3391,0.3414,95159.9
2026-02-16 20:30:00,1771273800000,0.3414,0.3418,0.3403,0.3407,76841.2
2026-02-16 20:45:00,1771274700000,0.3407,0.3434,0.3406,0.3431,207859.1
2026-02-16 21:00:00,1771275600000,0.3431,0.3436,0.3417,0.3436,29119.4
2026-02-16 21:15:00,1771276500000,0.3436,0.3446,0.3432,0.3435,68228.6
2026-02-16 21:30:00,1771277400000,0.3435,0.3443,0.3426,0.3436,73336.1
2026-02-16 21:45:00,1771278300000,0.3436,0.3463,0.3434,0.346,112858.9
2026-02-16 22:00:00,1771279200000,0.346,0.347,0.3454,0.346,365979.2
2026-02-16 22:15:00,1771280100000,0.346,0.3467,0.345,0.3451,74084.9
2026-02-16 22:30:00,1771281000000,0.3451,0.3466,0.3446,0.3463,74132.7
2026-02-16 22:45:00,1771281900000,0.3463,0.3463,0.3447,0.3456,61924.0
2026-02-16 23:00:00,1771282800000,0.3456,0.3461,0.345,0.3458,26775.5
2026-02-16 23:15:00,1771283700000,0.3458,0.3466,0.3456,0.3458,71736.7
2026-02-16 23:30:00,1771284600000,0.3458,0.3461,0.3441,0.3441,37970.1
2026-02-16 23:45:00,1771285500000,0.3441,0.3454,0.3441,0.3454,27127.9
2026-02-17 00:00:00,1771286400000,0.3454,0.3463,0.3443,0.3449,160621.5
2026-02-17 00:15:00,1771287300000,0.3449,0.3456,0.3438,0.3453,52894.9
2026-02-17 00:30:00,1771288200000,0.3453,0.3453,0.3443,0.3444,13785.5
2026-02-17 00:45:00,1771289100000,0.3444,0.3456,0.3438,0.344,26148.7
2026-02-17 01:00:00,1771290000000,0.344,0.3448,0.3433,0.3436,60139.2
2026-02-17 01:15:00,1771290900000,0.3436,0.3448,0.3426,0.3446,69925.3
2026-02-17 01:30:00,1771291800000,0.3446,0.3456,0.3443,0.3445,44294.9
2026-02-17 01:45:00,1771292700000,0.3445,0.3446,0.3434,0.3437,49417.6
2026-02-17 02:00:00,1771293600000,0.3437,0.3461,0.3413,0.3454,200703.1
2026-02-17 02:15:00,1771294500000,0.3454,0.3459,0.3448,0.3452,49407.4
2026-02-17 02:30:00,1771295400000,0.3452,0.3462,0.3452,0.3462,49677.5
2026-02-17 02:45:00,1771296300000,0.3462,0.347,0.3459,0.3459,27983.9
2026-02-17 03:00:00,1771297200000,0.3459,0.3459,0.3443,0.3447,47956.2
2026-02-17 03:15:00,1771298100000,0.3447,0.3456,0.3445,0.3456,29731.8
2026-02-17 03:30:00,1771299000000,0.3456,0.3456,0.3444,0.345,33725.7
2026-02-17 03:45:00,1771299900000,0.345,0.3452,0.3441,0.3443,38850.2
2026-02-17 04:00:00,1771300800000,0.3443,0.3448,0.3434,0.3444,60548.5
2026-02-17 04:15:00,1771301700000,0.3444,0.3463,0.3443,0.3462,59336.2
2026-02-17 04:30:00,1771302600000,0.3462,0.3462,0.3441,0.3459,110990.6
2026-02-17 04:45:00,1771303500000,0.3459,0.3462,0.345,0.3453,26426.1
2026-02-17 05:00:00,1771304400000,0.3453,0.3456,0.3442,0.3443,40859.9
2026-02-17 05:15:00,1771305300000,0.3443,0.3445,0.3416,0.3419,55323.2
2026-02-17 05:30:00,1771306200000,0.3419,0.343,0.3403,0.3427,172387.5
2026-02-17 05:45:00,1771307100000,0.3427,0.3433,0.3424,0.3427,57109.9
2026-02-17 06:00:00,1771308000000,0.3427,0.344,0.3427,0.3435,34879.6
2026-02-17 06:15:00,1771308900000,0.3435,0.3442,0.3431,0.344,23378.0
2026-02-17 06:30:00,1771309800000,0.344,0.3445,0.3435,0.3439,40860.5
2026-02-17 06:45:00,1771310700000,0.3439,0.3447,0.3436,0.3442,17513.9
2026-02-17 07:00:00,1771311600000,0.3442,0.3443,0.3432,0.3433,51232.6
2026-02-17 07:15:00,1771312500000,0.3433,0.3435,0.3427,0.3427,11672.0
2026-02-17 07:30:00,1771313400000,0.3427,0.3435,0.3421,0.3432,20024.4
2026-02-17 07:45:00,1771314300000,0.3432,0.3436,0.3426,0.343,21371.8
2026-02-17 08:00:00,1771315200000,0.343,0.3441,0.3427,0.3438,76092.8
2026-02-17 08:15:00,1771316100000,0.3438,0.3441,0.3429,0.3429,37484.2
2026-02-17 08:30:00,1771317000000,0.3429,0.3432,0.3399,0.3406,293328.4
2026-02-17 08:45:00,1771317900000,0.3406,0.3407,0.3391,0.3395,79201.6
2026-02-17 09:00:00,1771318800000,0.3395,0.3395,0.3377,0.3386,138353.7
2026-02-17 09:15:00,1771319700000,0.3386,0.3394,0.3382,0.3392,74775.1
2026-02-17 09:30:00,1771320600000,0.3392,0.3392,0.338,0.3385,55153.6
2026-02-17 09:45:00,1771321500000,0.3385,0.3397,0.3383,0.3393,34321.5
2026-02-17 10:00:00,1771322400000,0.3393,0.3402,0.3389,0.3395,36352.3
2026-02-17 10:15:00,1771323300000,0.3395,0.3395,0.3373,0.3373,50176.3
2026-02-17 10:30:00,1771324200000,0.3373,0.3375,0.3365,0.3374,41015.9
2026-02-17 10:45:00,1771325100000,0.3374,0.3386,0.3369,0.3384,43735.8
2026-02-17 11:00:00,1771326000000,0.3384,0.3401,0.3379,0.3399,64517.7
2026-02-17 11:15:00,1771326900000,0.3399,0.3408,0.3393,0.3405,56526.8
2026-02-17 11:30:00,1771327800000,0.3405,0.3408,0.339,0.3398,51603.6
2026-02-17 11:45:00,1771328700000,0.3398,0.3404,0.3396,0.3402,18884.7
2026-02-17 12:00:00,1771329600000,0.3402,0.3416,0.3398,0.3404,74808.9
2026-02-17 12:15:00,1771330500000,0.3404,0.3411,0.3396,0.3409,28577.5
2026-02-17 12:30:00,1771331400000,0.3409,0.3422,0.3407,0.3413,79547.5
2026-02-17 12:45:00,1771332300000,0.3413,0.3413,0.339,0.3395,57102.8
2026-02-17 13:00:00,1771333200000,0.3395,0.3418,0.3387,0.3416,184997.4
2026-02-17 13:15:00,1771334100000,0.3416,0.3434,0.3412,0.3414,189342.0
2026-02-17 13:30:00,1771335000000,0.3414,0.3414,0.3402,0.3402,95027.3
2026-02-17 13:45:00,1771335900000,0.3402,0.3438,0.3402,0.3411,180999.8
2026-02-17 14:00:00,1771336800000,0.3411,0.3428,0.3408,0.3417,117041.6
2026-02-17 14:15:00,1771337700000,0.3417,0.342,0.3413,0.3416,47713.5
2026-02-17 14:30:00,1771338600000,0.3416,0.344,0.3366,0.338,632704.3
2026-02-17 14:45:00,1771339500000,0.338,0.3383,0.3352,0.3364,777501.2
2026-02-17 15:00:00,1771340400000,0.3364,0.3402,0.3361,0.3388,250185.3
2026-02-17 15:15:00,1771341300000,0.3388,0.3411,0.3369,0.3375,139306.5
2026-02-17 15:30:00,1771342200000,0.3375,0.3393,0.336,0.3387,244418.1
2026-02-17 15:45:00,1771343100000,0.3387,0.3405,0.3387,0.3402,77091.0
2026-02-17 16:00:00,1771344000000,0.3402,0.3454,0.3399,0.3438,529570.8
2026-02-17 16:15:00,1771344900000,0.3438,0.346,0.3427,0.3438,554836.6
2026-02-17 16:30:00,1771345800000,0.3438,0.3515,0.3434,0.3472,754659.9
2026-02-17 16:45:00,1771346700000,0.3472,0.3474,0.3431,0.3433,461851.9
2026-02-17 17:00:00,1771347600000,0.3433,0.3436,0.3379,0.3393,708973.2
2026-02-17 17:15:00,1771348500000,0.3393,0.3411,0.3392,0.341,124130.9
2026-02-17 17:30:00,1771349400000,0.341,0.3413,0.3361,0.3363,448074.1
2026-02-17 17:45:00,1771350300000,0.3363,0.3386,0.3356,0.3385,201245.2
2026-02-17 18:00:00,1771351200000,0.3385,0.3398,0.3376,0.3393,165492.5
2026-02-17 18:15:00,1771352100000,0.3393,0.3442,0.3386,0.3437,181994.5
2026-02-17 18:30:00,1771353000000,0.3437,0.3461,0.3424,0.3449,250247.2
2026-02-17 18:45:00,1771353900000,0.3449,0.3454,0.3431,0.3442,201362.5
2026-02-17 19:00:00,1771354800000,0.3442,0.3447,0.343,0.3443,154572.9
2026-02-17 19:15:00,1771355700000,0.3443,0.3446,0.3415,0.3419,119669.7
2026-02-17 19:30:00,1771356600000,0.3419,0.344,0.3413,0.344,329125.9
2026-02-17 19:45:00,1771357500000,0.344,0.3442,0.3423,0.3429,115014.0
2026-02-17 20:00:00,1771358400000,0.3429,0.3442,0.3417,0.3422,153170.7
2026-02-17 20:15:00,1771359300000,0.3422,0.3424,0.3403,0.3416,113629.9
2026-02-17 20:30:00,1771360200000,0.3416,0.3417,0.3397,0.3414,103124.0
2026-02-17 20:45:00,1771361100000,0.3414,0.3416,0.3405,0.3407,65745.1
2026-02-17 21:00:00,1771362000000,0.3407,0.3424,0.3401,0.3422,141623.8
2026-02-17 21:15:00,1771362900000,0.3422,0.3423,0.3403,0.3404,40168.3
2026-02-17 21:30:00,1771363800000,0.3404,0.3408,0.3401,0.3408,24474.3
2026-02-17 21:45:00,1771364700000,0.3408,0.3417,0.3403,0.3415,17387.5
2026-02-17 22:00:00,1771365600000,0.3415,0.3427,0.3415,0.3425,113272.7
2026-02-17 22:15:00,1771366500000,0.3425,0.3426,0.3419,0.3425,21252.0
2026-02-17 22:30:00,1771367400000,0.3425,0.344,0.3425,0.343,46354.4
2026-02-17 22:45:00,1771368300000,0.343,0.343,0.3412,0.3412,92150.1
2026-02-17 23:00:00,1771369200000,0.3412,0.3417,0.3403,0.3408,99088.9
2026-02-17 23:15:00,1771370100000,0.3408,0.3416,0.3405,0.3405,28442.0
2026-02-17 23:30:00,1771371000000,0.3405,0.3408,0.3396,0.3407,51303.6
2026-02-17 23:45:00,1771371900000,0.3407,0.3412,0.3401,0.3406,85624.2
2026-02-18 00:00:00,1771372800000,0.3406,0.3418,0.3405,0.341,133634.4
2026-02-18 00:15:00,1771373700000,0.341,0.3412,0.3399,0.341,99643.5
2026-02-18 00:30:00,1771374600000,0.341,0.3416,0.3406,0.3406,15950.6
2026-02-18 00:45:00,1771375500000,0.3406,0.3406,0.3394,0.3397,122565.9
2026-02-18 01:00:00,1771376400000,0.3397,0.3405,0.3388,0.3399,218899.6
2026-02-18 01:15:00,1771377300000,0.3399,0.3406,0.3397,0.3402,61566.1
2026-02-18 01:30:00,1771378200000,0.3402,0.3402,0.339,0.3401,39236.7
2026-02-18 01:45:00,1771379100000,0.3401,0.3404,0.3394,0.34,26137.6
2026-02-18 02:00:00,1771380000000,0.34,0.3421,0.3399,0.3414,48427.5
2026-02-18 02:15:00,1771380900000,0.3414,0.3418,0.3407,0.341,51589.2
2026-02-18 02:30:00,1771381800000,0.341,0.343,0.3405,0.3425,68747.4
2026-02-18 02:45:00,1771382700000,0.3425,0.3425,0.3418,0.3422,20002.4
2026-02-18 03:00:00,1771383600000,0.3422,0.3429,0.3417,0.3429,55205.6
2026-02-18 03:15:00,1771384500000,0.3429,0.3439,0.3429,0.3435,35560.1
2026-02-18 03:30:00,1771385400000,0.3435,0.3437,0.3426,0.3432,77295.8
2026-02-18 03:45:00,1771386300000,0.3432,0.3433,0.3424,0.3429,36624.7
2026-02-18 04:00:00,1771387200000,0.3429,0.3433,0.3421,0.3423,45532.6
2026-02-18 04:15:00,1771388100000,0.3423,0.3432,0.3422,0.3425,54576.6
2026-02-18 04:30:00,1771389000000,0.3425,0.3429,0.342,0.3426,12275.3
2026-02-18 04:45:00,1771389900000,0.3426,0.3429,0.3417,0.3423,78364.0
2026-02-18 05:00:00,1771390800000,0.3423,0.3428,0.3421,0.3427,29115.5
2026-02-18 05:15:00,1771391700000,0.3427,0.3439,0.3427,0.3428,32069.3
2026-02-18 05:30:00,1771392600000,0.3428,0.3433,0.3424,0.3432,17888.9
2026-02-18 05:45:00,1771393500000,0.3432,0.3441,0.3432,0.3433,19739.2
2026-02-18 06:00:00,1771394400000,0.3433,0.344,0.3433,0.3438,56606.2
2026-02-18 06:15:00,1771395300000,0.3438,0.3439,0.3431,0.3439,41433.7
2026-02-18 06:30:00,1771396200000,0.3439,0.3447,0.3437,0.3439,18775.6
2026-02-18 06:45:00,1771397100000,0.3439,0.3445,0.3427,0.3428,42703.7
2026-02-18 07:00:00,1771398000000,0.3428,0.3437,0.3428,0.3433,36446.3
2026-02-18 07:15:00,1771398900000,0.3433,0.344,0.3433,0.344,30650.5
2026-02-18 07:30:00,1771399800000,0.344,0.3457,0.3437,0.3454,132754.0
2026-02-18 07:45:00,1771400700000,0.3454,0.3461,0.3446,0.345,63696.3
2026-02-18 08:00:00,1771401600000,0.345,0.3457,0.345,0.3452,98455.8
2026-02-18 08:15:00,1771402500000,0.3452,0.3474,0.3449,0.3462,263052.9
2026-02-18 08:30:00,1771403400000,0.3462,0.3469,0.3448,0.345,72066.2
2026-02-18 08:45:00,1771404300000,0.345,0.3452,0.3441,0.3446,61056.1
2026-02-18 09:00:00,1771405200000,0.3446,0.3448,0.3438,0.3443,70296.3
2026-02-18 09:15:00,1771406100000,0.3443,0.3443,0.3439,0.344,12645.0
2026-02-18 09:30:00,1771407000000,0.344,0.3452,0.3439,0.345,62688.9
2026-02-18 09:45:00,1771407900000,0.345,0.3455,0.3446,0.3452,29793.2
2026-02-18 10:00:00,1771408800000,0.3452,0.3454,0.3443,0.3446,58253.7
2026-02-18 10:15:00,1771409700000,0.3446,0.3449,0.3441,0.3443,53801.5
2026-02-18 10:30:00,1771410600000,0.3443,0.3443,0.3428,0.3429,192717.6
2026-02-18 10:45:00,1771411500000,0.3429,0.3434,0.3425,0.3432,177181.5
2026-02-18 11:00:00,1771412400000,0.3432,0.3433,0.3382,0.3401,529437.8
2026-02-18 11:15:00,1771413300000,0.3401,0.3416,0.34,0.3414,104608.6
2026-02-18 11:30:00,1771414200000,0.3414,0.3421,0.3408,0.342,127345.4
2026-02-18 11:45:00,1771415100000,0.342,0.3427,0.3404,0.3406,64215.1
2026-02-18 12:00:00,1771416000000,0.3406,0.342,0.3406,0.3412,66089.9
2026-02-18 12:15:00,1771416900000,0.3412,0.3419,0.3411,0.3419,45334.1
2026-02-18 12:30:00,1771417800000,0.3419,0.3419,0.3392,0.3408,70120.1
2026-02-18 12:45:00,1771418700000,0.3408,0.3416,0.3402,0.3404,33308.3
2026-02-18 13:00:00,1771419600000,0.3404,0.3409,0.3389,0.3398,92445.9
2026-02-18 13:15:00,1771420500000,0.3398,0.34,0.3385,0.3396,222943.3
2026-02-18 13:30:00,1771421400000,0.3396,0.3396,0.3374,0.3378,86930.9
2026-02-18 13:45:00,1771422300000,0.3378,0.3381,0.3349,0.3365,298957.7
2026-02-18 14:00:00,1771423200000,0.3365,0.3377,0.3358,0.3371,212476.7
2026-02-18 14:15:00,1771424100000,0.3371,0.3374,0.3357,0.3357,144685.9
2026-02-18 14:30:00,1771425000000,0.3357,0.3385,0.3353,0.3368,284813.4
2026-02-18 14:45:00,1771425900000,0.3368,0.3391,0.3344,0.3381,391154.8
2026-02-18 15:00:00,1771426800000,0.3381,0.3405,0.3379,0.3399,164993.6
2026-02-18 15:15:00,1771427700000,0.3399,0.3406,0.3392,0.3392,42109.3
2026-02-18 15:30:00,1771428600000,0.3392,0.3457,0.3392,0.3446,520817.9
2026-02-18 15:45:00,1771429500000,0.3446,0.3449,0.3408,0.3411,161880.1
2026-02-18 16:00:00,1771430400000,0.3411,0.3419,0.3377,0.338,359572.6
2026-02-18 16:15:00,1771431300000,0.338,0.3395,0.3374,0.339,215318.7
2026-02-18 16:30:00,1771432200000,0.339,0.3394,0.3375,0.3382,85041.6
2026-02-18 16:45:00,1771433100000,0.3382,0.3382,0.3358,0.3366,144641.9
2026-02-18 17:00:00,1771434000000,0.3366,0.3405,0.3365,0.3376,319133.2
2026-02-18 17:15:00,1771434900000,0.3376,0.3382,0.336,0.3364,121987.1
2026-02-18 17:30:00,1771435800000,0.3364,0.3369,0.3357,0.3358,135791.8
2026-02-18 17:45:00,1771436700000,0.3358,0.3365,0.3357,0.3359,37081.4
2026-02-18 18:00:00,1771437600000,0.3359,0.3362,0.3347,0.3353,65142.2
2026-02-18 18:15:00,1771438500000,0.3353,0.3355,0.3307,0.3334,943756.0
2026-02-18 18:30:00,1771439400000,0.3334,0.3334,0.3293,0.3295,387958.0
2026-02-18 18:45:00,1771440300000,0.3295,0.3313,0.3291,0.3295,189540.1
2026-02-18 19:00:00,1771441200000,0.3295,0.3323,0.3288,0.3306,137331.6
2026-02-18 19:15:00,1771442100000,0.3306,0.3309,0.3289,0.3297,183480.7
2026-02-18 19:30:00,1771443000000,0.3297,0.3299,0.3257,0.3274,539220.9
2026-02-18 19:45:00,1771443900000,0.3274,0.3285,0.3264,0.3278,162712.1
2026-02-18 20:00:00,1771444800000,0.3278,0.3286,0.3269,0.3274,198406.3
2026-02-18 20:15:00,1771445700000,0.3274,0.3278,0.3264,0.3269,99154.1
2026-02-18 20:30:00,1771446600000,0.3269,0.3292,0.3268,0.329,219079.2
2026-02-18 20:45:00,1771447500000,0.329,0.3298,0.3272,0.3274,209231.5
2026-02-18 21:00:00,1771448400000,0.3274,0.3277,0.3262,0.3271,59146.0
2026-02-18 21:15:00,1771449300000,0.3271,0.3284,0.3271,0.3284,160529.6
2026-02-18 21:30:00,1771450200000,0.3284,0.3291,0.3281,0.3287,59973.1
2026-02-18 21:45:00,1771451100000,0.3287,0.3287,0.3266,0.327,78450.6
2026-02-18 22:00:00,1771452000000,0.327,0.3275,0.3243,0.3254,134479.6
2026-02-18 22:15:00,1771452900000,0.3254,0.326,0.3245,0.325,35256.5
2026-02-18 22:30:00,1771453800000,0.325,0.327,0.325,0.3266,42837.4
2026-02-18 22:45:00,1771454700000,0.3266,0.3275,0.3263,0.3267,59177.1
2026-02-18 23:00:00,1771455600000,0.3267,0.3267,0.3256,0.326,21781.1
2026-02-18 23:15:00,1771456500000,0.326,0.3262,0.3247,0.325,70877.3
2026-02-18 23:30:00,1771457400000,0.325,0.326,0.325,0.3258,27286.8
2026-02-18 23:45:00,1771458300000,0.3258,0.3264,0.3256,0.3261,32343.5
2026-02-19 00:00:00,1771459200000,0.3261,0.3264,0.3253,0.3255,199120.0
2026-02-19 00:15:00,1771460100000,0.3255,0.3266,0.3251,0.3258,34215.4
2026-02-19 00:30:00,1771461000000,0.3258,0.326,0.325,0.3258,70132.2
2026-02-19 00:45:00,1771461900000,0.3258,0.3261,0.3236,0.3241,157699.3
2026-02-19 01:00:00,1771462800000,0.3241,0.3279,0.324,0.3271,183046.2
2026-02-19 01:15:00,1771463700000,0.3271,0.3273,0.3259,0.3266,35270.4
2026-02-19 01:30:00,1771464600000,0.3266,0.3285,0.326,0.3283,253543.6
2026-02-19 01:45:00,1771465500000,0.3283,0.3288,0.3275,0.3286,243003.6
2026-02-19 02:00:00,1771466400000,0.3286,0.3297,0.3286,0.3295,72453.4
2026-02-19 02:15:00,1771467300000,0.3295,0.3297,0.3291,0.3295,26650.4
2026-02-19 02:30:00,1771468200000,0.3295,0.3295,0.3274,0.3274,54828.4
2026-02-19 02:45:00,1771469100000,0.3274,0.3286,0.3274,0.3285,71452.2
2026-02-19 03:00:00,1771470000000,0.3285,0.329,0.3276,0.3283,52514.8
2026-02-19 03:15:00,1771470900000,0.3283,0.3295,0.3282,0.3294,19367.2
2026-02-19 03:30:00,1771471800000,0.3294,0.3294,0.3279,0.3281,48624.7
2026-02-19 03:45:00,1771472700000,0.3281,0.3293,0.3278,0.3292,58547.0
2026-02-19 04:00:00,1771473600000,0.3292,0.3305,0.3291,0.3293,93780.0
2026-02-19 04:15:00,1771474500000,0.3293,0.3293,0.3283,0.3287,36451.4
2026-02-19 04:30:00,1771475400000,0.3287,0.3291,0.3285,0.3285,80970.8
2026-02-19 04:45:00,1771476300000,0.3285,0.3287,0.3277,0.3278,64311.5
2026-02-19 05:00:00,1771477200000,0.3278,0.3283,0.3268,0.3279,63156.0
2026-02-19 05:15:00,1771478100000,0.3279,0.3282,0.3254,0.326,247763.0
2026-02-19 05:30:00,1771479000000,0.326,0.3262,0.325,0.3255,131420.7
2026-02-19 05:45:00,1771479900000,0.3255,0.3262,0.3251,0.3259,46140.5
2026-02-19 06:00:00,1771480800000,0.3259,0.3271,0.3258,0.3268,69881.4
2026-02-19 06:15:00,1771481700000,0.3268,0.3278,0.3266,0.3277,60691.7
2026-02-19 06:30:00,1771482600000,0.3277,0.3283,0.3268,0.3269,98039.8
2026-02-19 06:45:00,1771483500000,0.3269,0.3274,0.3269,0.3271,45529.3
2026-02-19 07:00:00,1771484400000,0.3271,0.3273,0.3254,0.326,66552.5
2026-02-19 07:15:00,1771485300000,0.326,0.3264,0.3254,0.3263,28370.9
2026-02-19 07:30:00,1771486200000,0.3263,0.3269,0.3255,0.3259,258862.7
2026-02-19 07:45:00,1771487100000,0.3259,0.3263,0.3255,0.326,43130.1
2026-02-19 08:00:00,1771488000000,0.326,0.326,0.3237,0.3238,370869.4
2026-02-19 08:15:00,1771488900000,0.3238,0.3244,0.3222,0.3226,179834.3
2026-02-19 08:30:00,1771489800000,0.3226,0.3226,0.3197,0.321,393345.8
2026-02-19 08:45:00,1771490700000,0.321,0.3217,0.3206,0.3215,72950.8
2026-02-19 09:00:00,1771491600000,0.3215,0.3219,0.3212,0.3215,83686.6
2026-02-19 09:15:00,1771492500000,0.3215,0.3238,0.3214,0.3236,139761.0
2026-02-19 09:30:00,1771493400000,0.3236,0.3241,0.3226,0.3241,84090.0
2026-02-19 09:45:00,1771494300000,0.3241,0.3243,0.3225,0.3227,93087.4
2026-02-19 10:00:00,1771495200000,0.3227,0.3229,0.3213,0.3226,106924.1
2026-02-19 10:15:00,1771496100000,0.3226,0.3242,0.3226,0.3237,42123.1
2026-02-19 10:30:00,1771497000000,0.3237,0.3238,0.3228,0.3236,53536.4
2026-02-19 10:45:00,1771497900000,0.3236,0.3236,0.3217,0.3224,66101.7
2026-02-19 11:00:00,1771498800000,0.3224,0.3229,0.3221,0.3227,49492.8
2026-02-19 11:15:00,1771499700000,0.3227,0.3236,0.3227,0.3232,40868.2
2026-02-19 11:30:00,1771500600000,0.3232,0.3239,0.3224,0.3238,107140.8
2026-02-19 11:45:00,1771501500000,0.3238,0.3238,0.3225,0.3229,131012.1
2026-02-19 12:00:00,1771502400000,0.3229,0.3236,0.3223,0.3228,137719.2
2026-02-19 12:15:00,1771503300000,0.3228,0.324,0.3221,0.3238,243713.5
2026-02-19 12:30:00,1771504200000,0.3238,0.3238,0.3223,0.3229,61115.6
2026-02-19 12:45:00,1771505100000,0.3229,0.3229,0.3214,0.3215,94965.9
2026-02-19 13:00:00,1771506000000,0.3215,0.3217,0.3179,0.3196,301173.4
2026-02-19 13:15:00,1771506900000,0.3196,0.3199,0.3183,0.3183,169599.0
2026-02-19 13:30:00,1771507800000,0.3183,0.319,0.3146,0.3151,346659.2
2026-02-19 13:45:00,1771508700000,0.3151,0.3166,0.3138,0.316,200963.3
2026-02-19 14:00:00,1771509600000,0.316,0.3176,0.3158,0.3163,120560.9
2026-02-19 14:15:00,1771510500000,0.3163,0.3165,0.3145,0.3159,126151.7
2026-02-19 14:30:00,1771511400000,0.3159,0.3188,0.3147,0.318,405799.0
2026-02-19 14:45:00,1771512300000,0.318,0.3204,0.317,0.3185,145307.6
2026-02-19 15:00:00,1771513200000,0.3185,0.3201,0.3151,0.3153,235304.9
2026-02-19 15:15:00,1771514100000,0.3153,0.3169,0.3147,0.3149,198685.5
2026-02-19 15:30:00,1771515000000,0.3149,0.3172,0.3142,0.3169,119679.2
2026-02-19 15:45:00,1771515900000,0.3169,0.3173,0.3139,0.3148,341842.5
2026-02-19 16:00:00,1771516800000,0.3148,0.3148,0.3107,0.3128,655270.9
2026-02-19 16:15:00,1771517700000,0.3128,0.3157,0.3126,0.3135,356886.0
2026-02-19 16:30:00,1771518600000,0.3135,0.3163,0.3135,0.3153,155684.3
2026-02-19 16:45:00,1771519500000,0.3153,0.3153,0.3128,0.3135,91665.5
2026-02-19 17:00:00,1771520400000,0.3135,0.3155,0.3123,0.3149,234185.7
2026-02-19 17:15:00,1771521300000,0.3149,0.3181,0.3143,0.3157,413857.2
2026-02-19 17:30:00,1771522200000,0.3157,0.3159,0.3142,0.3152,72638.3
2026-02-19 17:45:00,1771523100000,0.3152,0.3155,0.313,0.3152,103779.5
2026-02-19 18:00:00,1771524000000,0.3152,0.3172,0.3145,0.3171,121237.2
2026-02-19 18:15:00,1771524900000,0.3171,0.3188,0.3161,0.3186,197921.4
2026-02-19 18:30:00,1771525800000,0.3186,0.3192,0.3171,0.319,132188.1
2026-02-19 18:45:00,1771526700000,0.319,0.3191,0.3174,0.3179,178804.7
2026-02-19 19:00:00,1771527600000,0.3179,0.318,0.3167,0.317,115298.4
2026-02-19 19:15:00,1771528500000,0.317,0.3175,0.316,0.3162,57923.5
2026-02-19 19:30:00,1771529400000,0.3162,0.3164,0.315,0.3159,32609.1
2026-02-19 19:45:00,1771530300000,0.3159,0.3176,0.315,0.3172,102658.3
2026-02-19 20:00:00,1771531200000,0.3172,0.3186,0.3169,0.3171,154063.6
2026-02-19 20:15:00,1771532100000,0.3171,0.3171,0.3162,0.3166,30211.0
2026-02-19 20:30:00,1771533000000,0.3166,0.3173,0.3163,0.3171,144945.7
2026-02-19 20:45:00,1771533900000,0.3171,0.3189,0.3171,0.3182,179698.6
2026-02-19 21:00:00,1771534800000,0.3182,0.3187,0.3179,0.318,75130.8
2026-02-19 21:15:00,1771535700000,0.318,0.3188,0.318,0.3184,38083.3
2026-02-19 21:30:00,1771536600000,0.3184,0.3185,0.3178,0.3181,27867.1
2026-02-19 21:45:00,1771537500000,0.3181,0.3181,0.3171,0.3172,36325.0
2026-02-19 22:00:00,1771538400000,0.3172,0.3177,0.3163,0.3176,80682.6
2026-02-19 22:15:00,1771539300000,0.3176,0.3176,0.316,0.3164,17906.8
2026-02-19 22:30:00,1771540200000,0.3164,0.3164,0.3153,0.3157,33292.5
2026-02-19 22:45:00,1771541100000,0.3157,0.3171,0.3157,0.317,25469.5
2026-02-19 23:00:00,1771542000000,0.317,0.3175,0.3166,0.3172,34743.7
2026-02-19 23:15:00,1771542900000,0.3172,0.3182,0.3171,0.3182,47704.8
2026-02-19 23:30:00,1771543800000,0.3182,0.3193,0.318,0.3192,30337.1
2026-02-19 23:45:00,1771544700000,0.3192,0.3199,0.3188,0.3199,27676.0
2026-02-20 00:00:00,1771545600000,0.3199,0.32,0.3188,0.32,141016.3
2026-02-20 00:15:00,1771546500000,0.32,0.322,0.3196,0.3219,92529.7
2026-02-20 00:30:00,1771547400000,0.3219,0.3222,0.3212,0.3215,41304.1
2026-02-20 00:45:00,1771548300000,0.3215,0.3222,0.3211,0.3214,114719.5
2026-02-20 01:00:00,1771549200000,0.3214,0.3221,0.3208,0.3221,64239.9
2026-02-20 01:15:00,1771550100000,0.3221,0.3221,0.32,0.3209,107548.0
2026-02-20 01:30:00,1771551000000,0.3209,0.3218,0.3208,0.3215,39624.0
2026-02-20 01:45:00,1771551900000,0.3215,0.3215,0.3209,0.3214,69679.6
2026-02-20 02:00:00,1771552800000,0.3214,0.3227,0.3213,0.3223,84309.4
2026-02-20 02:15:00,1771553700000,0.3223,0.3223,0.3209,0.3212,30053.6
2026-02-20 02:30:00,1771554600000,0.3212,0.3216,0.3209,0.3214,37218.5
2026-02-20 02:45:00,1771555500000,0.3214,0.3214,0.3193,0.3193,251269.7
2026-02-20 03:00:00,1771556400000,0.3193,0.3196,0.3185,0.3185,61912.6
2026-02-20 03:15:00,1771557300000,0.3185,0.3199,0.318,0.3196,110103.2
2026-02-20 03:30:00,1771558200000,0.3196,0.3211,0.3195,0.3205,91466.1
2026-02-20 03:45:00,1771559100000,0.3205,0.3207,0.32,0.32,13993.7
2026-02-20 04:00:00,1771560000000,0.32,0.3201,0.3187,0.3194,72905.7
2026-02-20 04:15:00,1771560900000,0.3194,0.3198,0.317,0.3178,239964.8
2026-02-20 04:30:00,1771561800000,0.3178,0.3196,0.3177,0.3194,25625.5
2026-02-20 04:45:00,1771562700000,0.3194,0.3194,0.3183,0.3187,74961.3
2026-02-20 05:00:00,1771563600000,0.3187,0.319,0.3181,0.3187,31076.7
2026-02-20 05:15:00,1771564500000,0.3187,0.3187,0.3177,0.3186,45869.3
2026-02-20 05:30:00,1771565400000,0.3186,0.3229,0.3186,0.3227,196383.1
2026-02-20 05:45:00,1771566300000,0.3227,0.3236,0.3215,0.3218,109405.5
2026-02-20 06:00:00,1771567200000,0.3218,0.3222,0.321,0.3212,68891.6
2026-02-20 06:15:00,1771568100000,0.3212,0.3216,0.3203,0.3207,54696.0
2026-02-20 06:30:00,1771569000000,0.3207,0.3222,0.3203,0.322,164185.4
2026-02-20 06:45:00,1771569900000,0.322,0.3227,0.3216,0.3225,54076.6
2026-02-20 07:00:00,1771570800000,0.3225,0.3227,0.3219,0.3226,42907.2
2026-02-20 07:15:00,1771571700000,0.3226,0.323,0.322,0.322,52729.9
2026-02-20 07:30:00,1771572600000,0.322,0.3221,0.3206,0.3212,131226.6
2026-02-20 07:45:00,1771573500000,0.3212,0.3222,0.3208,0.322,42734.3
2026-02-20 08:00:00,1771574400000,0.322,0.3222,0.3208,0.3208,102490.7
2026-02-20 08:15:00,1771575300000,0.3208,0.3216,0.3208,0.3213,32563.9
2026-02-20 08:30:00,1771576200000,0.3213,0.323,0.3213,0.3224,47003.9
2026-02-20 08:45:00,1771577100000,0.3224,0.3229,0.322,0.322,48418.0
2026-02-20 09:00:00,1771578000000,0.322,0.324,0.3217,0.3237,86580.4
2026-02-20 09:15:00,1771578900000,0.3237,0.3249,0.3237,0.3242,83038.5
2026-02-20 09:30:00,1771579800000,0.3242,0.3242,0.3233,0.3235,46813.9
2026-02-20 09:45:00,1771580700000,0.3235,0.324,0.3234,0.3237,21438.5
2026-02-20 10:00:00,1771581600000,0.3237,0.3254,0.3235,0.3246,85562.5
2026-02-20 10:15:00,1771582500000,0.3246,0.3259,0.3246,0.3253,67189.4
2026-02-20 10:30:00,1771583400000,0.3253,0.3265,0.3251,0.3257,132237.6
2026-02-20 10:45:00,1771584300000,0.3257,0.3257,0.3242,0.3244,190201.9
2026-02-20 11:00:00,1771585200000,0.3244,0.3245,0.3233,0.3238,122103.2
2026-02-20 11:15:00,1771586100000,0.3238,0.3239,0.3223,0.3227,74248.9
2026-02-20 11:30:00,1771587000000,0.3227,0.3232,0.3213,0.3213,67471.7
2026-02-20 11:45:00,1771587900000,0.3213,0.3224,0.321,0.3218,107095.0
2026-02-20 12:00:00,1771588800000,0.3218,0.3219,0.3208,0.3215,89371.4
2026-02-20 12:15:00,1771589700000,0.3215,0.3218,0.3206,0.3209,150738.0
2026-02-20 12:30:00,1771590600000,0.3209,0.3216,0.3208,0.3212,68741.2
2026-02-20 12:45:00,1771591500000,0.3212,0.3233,0.3212,0.322,217030.9
2026-02-20 13:00:00,1771592400000,0.322,0.322,0.3194,0.3207,315029.3
2026-02-20 13:15:00,1771593300000,0.3207,0.3212,0.3181,0.319,208684.3
2026-02-20 13:30:00,1771594200000,0.319,0.319,0.3135,0.3152,583732.9
2026-02-20 13:45:00,1771595100000,0.3152,0.3173,0.3149,0.3164,188372.9
2026-02-20 14:00:00,1771596000000,0.3164,0.3185,0.316,0.3178,187632.6
2026-02-20 14:15:00,1771596900000,0.3178,0.3196,0.3171,0.3189,207908.0
2026-02-20 14:30:00,1771597800000,0.3189,0.3235,0.3179,0.3225,346692.2
2026-02-20 14:45:00,1771598700000,0.3225,0.3232,0.3211,0.3218,272350.9
2026-02-20 15:00:00,1771599600000,0.3218,0.3311,0.3218,0.3259,1244675.5
2026-02-20 15:15:00,1771600500000,0.3259,0.3316,0.3243,0.3315,468178.6
2026-02-20 15:30:00,1771601400000,0.3315,0.3318,0.3269,0.3281,313807.2
2026-02-20 15:45:00,1771602300000,0.3281,0.3337,0.3278,0.3336,582433.3
2026-02-20 16:00:00,1771603200000,0.3336,0.3384,0.3319,0.3344,777188.2
2026-02-20 16:15:00,1771604100000,0.3344,0.3353,0.3316,0.3317,566310.1
2026-02-20 16:30:00,1771605000000,0.3317,0.3325,0.3304,0.3308,191857.2
2026-02-20 16:45:00,1771605900000,0.3308,0.3338,0.3304,0.333,149598.0
2026-02-20 17:00:00,1771606800000,0.333,0.3332,0.3254,0.3254,326808.2
2026-02-20 17:15:00,1771607700000,0.3254,0.3259,0.3233,0.3255,380724.3
2026-02-20 17:30:00,1771608600000,0.3255,0.3285,0.3247,0.3278,208183.7
2026-02-20 17:45:00,1771609500000,0.3278,0.333,0.3274,0.3328,758735.9
2026-02-20 18:00:00,1771610400000,0.3328,0.333,0.3301,0.3301,333789.8
2026-02-20 18:15:00,1771611300000,0.3301,0.3307,0.3287,0.3306,164671.2
2026-02-20 18:30:00,1771612200000,0.3306,0.3334,0.3282,0.3302,597740.2
2026-02-20 18:45:00,1771613100000,0.3302,0.3321,0.3292,0.3311,277455.8
2026-02-20 19:00:00,1771614000000,0.3311,0.3321,0.3288,0.329,83756.5
2026-02-20 19:15:00,1771614900000,0.329,0.3301,0.3287,0.3295,102731.1
2026-02-20 19:30:00,1771615800000,0.3295,0.3321,0.3295,0.3307,213905.1
2026-02-20 19:45:00,1771616700000,0.3307,0.3322,0.3304,0.3315,190993.6
2026-02-20 20:00:00,1771617600000,0.3315,0.3323,0.3304,0.3318,79350.6
2026-02-20 20:15:00,1771618500000,0.3318,0.3318,0.3298,0.3298,40447.6
2026-02-20 20:30:00,1771619400000,0.3298,0.3314,0.3295,0.3314,43454.1
2026-02-20 20:45:00,1771620300000,0.3314,0.3317,0.3303,0.3314,31786.2
2026-02-20 21:00:00,1771621200000,0.3314,0.332,0.3306,0.3308,54485.6
2026-02-20 21:15:00,1771622100000,0.3308,0.331,0.3305,0.3306,13528.7
2026-02-20 21:30:00,1771623000000,0.3306,0.3309,0.33,0.3306,21485.5
2026-02-20 21:45:00,1771623900000,0.3306,0.331,0.3302,0.3308,14952.1
2026-02-20 22:00:00,1771624800000,0.3308,0.3309,0.3301,0.3303,60686.0
2026-02-20 22:15:00,1771625700000,0.3303,0.3322,0.3298,0.332,47754.4
2026-02-20 22:30:00,1771626600000,0.332,0.3329,0.3313,0.3313,26350.4
2026-02-20 22:45:00,1771627500000,0.3313,0.3325,0.3312,0.3322,24830.9
2026-02-20 23:00:00,1771628400000,0.3322,0.3328,0.3313,0.3313,32117.0
2026-02-20 23:15:00,1771629300000,0.3313,0.3313,0.3304,0.3306,39053.1
2026-02-20 23:30:00,1771630200000,0.3306,0.3308,0.3298,0.3299,95814.4
2026-02-20 23:45:00,1771631100000,0.3299,0.3316,0.3299,0.3311,34982.6
2026-02-21 00:00:00,1771632000000,0.3311,0.3314,0.3305,0.3311,43151.9
2026-02-21 00:15:00,1771632900000,0.3311,0.3313,0.3297,0.3297,108919.2
2026-02-21 00:30:00,1771633800000,0.3297,0.3305,0.3291,0.3298,49006.0
2026-02-21 00:45:00,1771634700000,0.3298,0.3301,0.3289,0.3292,44896.9
2026-02-21 01:00:00,1771635600000,0.3292,0.3299,0.3291,0.3299,29933.9
2026-02-21 01:15:00,1771636500000,0.3299,0.33,0.3296,0.3298,29637.7
2026-02-21 01:30:00,1771637400000,0.3298,0.3311,0.3298,0.331,49657.8
2026-02-21 01:45:00,1771638300000,0.331,0.3313,0.3303,0.3312,47817.6
2026-02-21 02:00:00,1771639200000,0.3312,0.3314,0.3303,0.3311,24748.5
2026-02-21 02:15:00,1771640100000,0.3311,0.3327,0.3308,0.3322,37080.2
2026-02-21 02:30:00,1771641000000,0.3322,0.3343,0.3322,0.3334,86842.9
2026-02-21 02:45:00,1771641900000,0.3334,0.3335,0.3329,0.3329,31795.9
2026-02-21 03:00:00,1771642800000,0.3329,0.3331,0.3308,0.3317,119992.6
2026-02-21 03:15:00,1771643700000,0.3317,0.3325,0.3314,0.3324,15373.2
2026-02-21 03:30:00,1771644600000,0.3324,0.3329,0.3313,0.3316,163819.2
2026-02-21 03:45:00,1771645500000,0.3316,0.3326,0.3315,0.3326,61135.0
2026-02-21 04:00:00,1771646400000,0.3326,0.3328,0.3319,0.3325,102770.7
2026-02-21 04:15:00,1771647300000,0.3325,0.3334,0.3325,0.3333,106101.0
2026-02-21 04:30:00,1771648200000,0.3333,0.334,0.3333,0.3336,31590.5
2026-02-21 04:45:00,1771649100000,0.3336,0.3343,0.3332,0.3343,17308.5
2026-02-21 05:00:00,1771650000000,0.3343,0.3363,0.3341,0.3363,148906.9
2026-02-21 05:15:00,1771650900000,0.3363,0.3375,0.3363,0.3375,151177.9
2026-02-21 05:30:00,1771651800000,0.3375,0.3384,0.3372,0.3378,224368.0
2026-02-21 05:45:00,1771652700000,0.3378,0.3378,0.3358,0.3363,39705.5
2026-02-21 06:00:00,1771653600000,0.3363,0.3388,0.3363,0.337,225810.4
2026-02-21 06:15:00,1771654500000,0.337,0.3373,0.3358,0.3363,32934.1
2026-02-21 06:30:00,1771655400000,0.3363,0.3363,0.3347,0.335,184431.3
2026-02-21 06:45:00,1771656300000,0.335,0.3358,0.3344,0.3356,51908.1
2026-02-21 07:00:00,1771657200000,0.3356,0.3357,0.3344,0.3356,15743.3
2026-02-21 07:15:00,1771658100000,0.3356,0.3363,0.3352,0.3355,34663.3
2026-02-21 07:30:00,1771659000000,0.3355,0.3377,0.335,0.337,62273.2
2026-02-21 07:45:00,1771659900000,0.337,0.338,0.3367,0.3374,74289.7
2026-02-21 08:00:00,1771660800000,0.3374,0.3381,0.3365,0.3368,57567.2
2026-02-21 08:15:00,1771661700000,0.3368,0.339,0.3368,0.3387,46758.8
2026-02-21 08:30:00,1771662600000,0.3387,0.3399,0.3383,0.3396,89548.0
2026-02-21 08:45:00,1771663500000,0.3396,0.3426,0.3394,0.3423,732293.3
2026-02-21 09:00:00,1771664400000,0.3423,0.3428,0.3411,0.3419,238904.5
2026-02-21 09:15:00,1771665300000,0.3419,0.3479,0.3419,0.3468,937826.9
2026-02-21 09:30:00,1771666200000,0.3468,0.3477,0.3465,0.3473,169584.0
2026-02-21 09:45:00,1771667100000,0.3473,0.3483,0.3429,0.3438,251020.3
2026-02-21 10:00:00,1771668000000,0.3438,0.3461,0.3438,0.3456,149268.5
2026-02-21 10:15:00,1771668900000,0.3456,0.347,0.3453,0.3455,110683.1
2026-02-21 10:30:00,1771669800000,0.3455,0.3487,0.3451,0.347,319908.0
2026-02-21 10:45:00,1771670700000,0.347,0.3472,0.3443,0.3453,160429.9
2026-02-21 11:00:00,1771671600000,0.3453,0.3483,0.3448,0.3456,194564.6
2026-02-21 11:15:00,1771672500000,0.3456,0.3468,0.345,0.3453,114510.5
2026-02-21 11:30:00,1771673400000,0.3453,0.3454,0.3434,0.3436,169806.0
2026-02-21 11:45:00,1771674300000,0.3436,0.3444,0.3433,0.3443,70804.1
2026-02-21 12:00:00,1771675200000,0.3443,0.3458,0.3443,0.3456,162784.4
2026-02-21 12:15:00,1771676100000,0.3456,0.3458,0.343,0.3433,109246.5
2026-02-21 12:30:00,1771677000000,0.3433,0.3436,0.3401,0.3402,196877.1
2026-02-21 12:45:00,1771677900000,0.3402,0.3412,0.3402,0.341,101429.2
2026-02-21 13:00:00,1771678800000,0.341,0.3413,0.34,0.3404,124819.2
2026-02-21 13:15:00,1771679700000,0.3404,0.3405,0.3392,0.34,120951.0
2026-02-21 13:30:00,1771680600000,0.34,0.3407,0.3396,0.3397,29971.9
2026-02-21 13:45:00,1771681500000,0.3397,0.3415,0.3397,0.3415,48817.0
2026-02-21 14:00:00,1771682400000,0.3415,0.3417,0.3406,0.3414,127331.2
2026-02-21 14:15:00,1771683300000,0.3414,0.3432,0.3406,0.3406,189887.7
2026-02-21 14:30:00,1771684200000,0.3406,0.341,0.3397,0.3404,132862.9
2026-02-21 14:45:00,1771685100000,0.3404,0.3404,0.3383,0.3387,251881.6
2026-02-21 15:00:00,1771686000000,0.3387,0.3397,0.3387,0.3387,91350.4
2026-02-21 15:15:00,1771686900000,0.3387,0.3395,0.3379,0.338,98769.9
2026-02-21 15:30:00,1771687800000,0.338,0.3384,0.3364,0.3381,246995.7
2026-02-21 15:45:00,1771688700000,0.3381,0.3384,0.3377,0.338,46150.6
2026-02-21 16:00:00,1771689600000,0.338,0.3388,0.3355,0.3361,201258.1
2026-02-21 16:15:00,1771690500000,0.3361,0.3368,0.3348,0.3362,169858.9
2026-02-21 16:30:00,1771691400000,0.3362,0.3366,0.3354,0.3366,60490.0
2026-02-21 16:45:00,1771692300000,0.3366,0.3366,0.3356,0.3356,47476.2
2026-02-21 17:00:00,1771693200000,0.3356,0.3365,0.3353,0.3356,62108.5
2026-02-21 17:15:00,1771694100000,0.3356,0.3357,0.3343,0.335,97946.6
2026-02-21 17:30:00,1771695000000,0.335,0.3363,0.3345,0.3361,107685.2
2026-02-21 17:45:00,1771695900000,0.3361,0.3361,0.3353,0.3357,78923.9
2026-02-21 18:00:00,1771696800000,0.3357,0.3365,0.3357,0.336,48532.2
2026-02-21 18:15:00,1771697700000,0.336,0.3367,0.3357,0.3357,54537.6
2026-02-21 18:30:00,1771698600000,0.3357,0.3362,0.3355,0.3358,44935.4
2026-02-21 18:45:00,1771699500000,0.3358,0.3367,0.3356,0.3366,159162.7
2026-02-21 19:00:00,1771700400000,0.3366,0.337,0.336,0.3365,81189.1
2026-02-21 19:15:00,1771701300000,0.3365,0.3365,0.3355,0.3358,66492.4
2026-02-21 19:30:00,1771702200000,0.3358,0.3359,0.3351,0.3351,20192.2
2026-02-21 19:45:00,1771703100000,0.3351,0.3352,0.3335,0.3343,79136.8
2026-02-21 20:00:00,1771704000000,0.3343,0.3346,0.3335,0.3336,44756.3
2026-02-21 20:15:00,1771704900000,0.3336,0.3348,0.3336,0.3344,37918.4
2026-02-21 20:30:00,1771705800000,0.3344,0.3344,0.3325,0.333,203518.9
2026-02-21 20:45:00,1771706700000,0.333,0.3338,0.3325,0.3327,140574.2
2026-02-21 21:00:00,1771707600000,0.3327,0.3335,0.3321,0.3323,54189.8
2026-02-21 21:15:00,1771708500000,0.3323,0.3334,0.3322,0.3333,48635.5
2026-02-21 21:30:00,1771709400000,0.3333,0.3338,0.3331,0.3335,15731.8
2026-02-21 21:45:00,1771710300000,0.3335,0.3342,0.3335,0.3341,20076.5
2026-02-21 22:00:00,1771711200000,0.3341,0.3343,0.3326,0.3331,147355.5
2026-02-21 22:15:00,1771712100000,0.3331,0.3341,0.3331,0.3337,13238.1
2026-02-21 22:30:00,1771713000000,0.3337,0.3338,0.3324,0.3324,34126.7
2026-02-21 22:45:00,1771713900000,0.3324,0.333,0.3323,0.3325,25568.0
2026-02-21 23:00:00,1771714800000,0.3325,0.3327,0.3314,0.3315,67808.3
2026-02-21 23:15:00,1771715700000,0.3315,0.3328,0.3315,0.3326,88847.7
2026-02-21 23:30:00,1771716600000,0.3326,0.3332,0.3326,0.3329,21376.3
2026-02-21 23:45:00,1771717500000,0.3329,0.3334,0.3324,0.3325,80690.8
2026-02-22 00:00:00,1771718400000,0.3325,0.3325,0.3302,0.3308,177174.2
2026-02-22 00:15:00,1771719300000,0.3308,0.3316,0.3285,0.3285,320800.1
2026-02-22 00:30:00,1771720200000,0.3285,0.3285,0.3262,0.3264,187596.0
2026-02-22 00:45:00,1771721100000,0.3264,0.3283,0.3264,0.3283,117662.6
2026-02-22 01:00:00,1771722000000,0.3283,0.3292,0.3283,0.3291,161119.7
2026-02-22 01:15:00,1771722900000,0.3291,0.3292,0.3284,0.329,22678.9
2026-02-22 01:30:00,1771723800000,0.329,0.3291,0.3284,0.3286,17846.7
2026-02-22 01:45:00,1771724700000,0.3286,0.3292,0.3284,0.3284,40831.7
2026-02-22 02:00:00,1771725600000,0.3284,0.3292,0.3282,0.3287,30143.9
2026-02-22 02:15:00,1771726500000,0.3287,0.3289,0.3265,0.3267,86768.1
2026-02-22 02:30:00,1771727400000,0.3267,0.3268,0.3252,0.326,119061.6
2026-02-22 02:45:00,1771728300000,0.326,0.3262,0.3239,0.3242,266222.9
2026-02-22 03:00:00,1771729200000,0.3242,0.3252,0.3242,0.3247,121374.3
2026-02-22 03:15:00,1771730100000,0.3247,0.3249,0.3223,0.3238,517583.9
2026-02-22 03:30:00,1771731000000,0.3238,0.3248,0.3235,0.3244,89457.6
2026-02-22 03:45:00,1771731900000,0.3244,0.325,0.324,0.3245,35504.4
2026-02-22 04:00:00,1771732800000,0.3245,0.3247,0.323,0.324,127412.9
2026-02-22 04:15:00,1771733700000,0.324,0.3241,0.3235,0.3236,17151.5
2026-02-22 04:30:00,1771734600000,0.3236,0.3239,0.3232,0.3234,53195.5
2026-02-22 04:45:00,1771735500000,0.3234,0.3241,0.3234,0.3237,16847.6
2026-02-22 05:00:00,1771736400000,0.3237,0.3241,0.3234,0.3237,63501.3
2026-02-22 05:15:00,1771737300000,0.3237,0.3242,0.3234,0.324,21435.9
2026-02-22 05:30:00,1771738200000,0.324,0.324,0.3231,0.3233,15776.0
2026-02-22 05:45:00,1771739100000,0.3233,0.3235,0.3224,0.3235,100646.2
2026-02-22 06:00:00,1771740000000,0.3235,0.3236,0.3228,0.3231,48692.6
2026-02-22 06:15:00,1771740900000,0.3231,0.324,0.3229,0.3234,115333.8
2026-02-22 06:30:00,1771741800000,0.3234,0.324,0.3231,0.3237,26116.4
2026-02-22 06:45:00,1771742700000,0.3237,0.3239,0.3235,0.3239,48243.8
2026-02-22 07:00:00,1771743600000,0.3239,0.3248,0.3237,0.3245,47474.7
2026-02-22 07:15:00,1771744500000,0.3245,0.3256,0.3244,0.3252,20732.9
2026-02-22 07:30:00,1771745400000,0.3252,0.3258,0.3246,0.3248,23319.9
2026-02-22 07:45:00,1771746300000,0.3248,0.3248,0.3237,0.324,96002.7
2026-02-22 08:00:00,1771747200000,0.324,0.3241,0.3234,0.3238,60106.4
2026-02-22 08:15:00,1771748100000,0.3238,0.3238,0.3223,0.3225,48802.7
2026-02-22 08:30:00,1771749000000,0.3225,0.3226,0.3216,0.3216,48129.2
2026-02-22 08:45:00,1771749900000,0.3216,0.3217,0.3209,0.321,74820.4
2026-02-22 09:00:00,1771750800000,0.321,0.3222,0.3207,0.3216,124799.6
2026-02-22 09:15:00,1771751700000,0.3216,0.3222,0.3216,0.3218,35568.1
2026-02-22 09:30:00,1771752600000,0.3218,0.3219,0.3213,0.3218,25906.7
2026-02-22 09:45:00,1771753500000,0.3218,0.3232,0.3217,0.3232,30216.0
2026-02-22 10:00:00,1771754400000,0.3232,0.3243,0.3227,0.3243,56971.8
2026-02-22 10:15:00,1771755300000,0.3243,0.3247,0.3238,0.324,69461.8
2026-02-22 10:30:00,1771756200000,0.324,0.3246,0.3235,0.3235,113324.6
2026-02-22 10:45:00,1771757100000,0.3235,0.3235,0.323,0.3233,69163.0
2026-02-22 11:00:00,1771758000000,0.3233,0.3241,0.3232,0.3233,52744.6
2026-02-22 11:15:00,1771758900000,0.3233,0.3237,0.3221,0.3223,41619.8
2026-02-22 11:30:00,1771759800000,0.3223,0.3223,0.321,0.3213,69366.5
2026-02-22 11:45:00,1771760700000,0.3213,0.3213,0.3205,0.3206,70553.2
2026-02-22 12:00:00,1771761600000,0.3206,0.3208,0.3175,0.3177,213603.7
2026-02-22 12:15:00,1771762500000,0.3177,0.3186,0.3174,0.3183,107824.1
2026-02-22 12:30:00,1771763400000,0.3183,0.3186,0.3166,0.317,193152.1
2026-02-22 12:45:00,1771764300000,0.317,0.3178,0.3168,0.3172,105490.8
2026-02-22 13:00:00,1771765200000,0.3172,0.3173,0.3151,0.3162,229862.8
2026-02-22 13:15:00,1771766100000,0.3162,0.3174,0.316,0.3172,161960.7
2026-02-22 13:30:00,1771767000000,0.3172,0.3176,0.3159,0.3161,171539.8
2026-02-22 13:45:00,1771767900000,0.3161,0.3166,0.3156,0.3158,257074.0
2026-02-22 14:00:00,1771768800000,0.3158,0.3163,0.3153,0.3157,68490.8
2026-02-22 14:15:00,1771769700000,0.3157,0.3159,0.3141,0.315,202986.7
2026-02-22 14:30:00,1771770600000,0.315,0.3156,0.3141,0.3144,66572.3
2026-02-22 14:45:00,1771771500000,0.3144,0.3144,0.3128,0.3136,347819.9
2026-02-22 15:00:00,1771772400000,0.3136,0.314,0.3121,0.3125,166909.6
2026-02-22 15:15:00,1771773300000,0.3125,0.3144,0.3121,0.3143,368075.4
2026-02-22 15:30:00,1771774200000,0.3143,0.3161,0.3142,0.3161,175748.5
2026-02-22 15:45:00,1771775100000,0.3161,0.3162,0.3149,0.315,84383.7
2026-02-22 16:00:00,1771776000000,0.315,0.315,0.3133,0.3133,116911.1
2026-02-22 16:15:00,1771776900000,0.3133,0.3142,0.3133,0.3134,52300.1
2026-02-22 16:30:00,1771777800000,0.3134,0.3137,0.313,0.3137,109307.5
2026-02-22 16:45:00,1771778700000,0.3137,0.3145,0.3137,0.3144,60525.4
2026-02-22 17:00:00,1771779600000,0.3144,0.315,0.3141,0.3144,70651.5
2026-02-22 17:15:00,1771780500000,0.3144,0.3146,0.314,0.3141,98405.8
2026-02-22 17:30:00,1771781400000,0.3141,0.3141,0.3118,0.3128,223111.2
2026-02-22 17:45:00,1771782300000,0.3128,0.3136,0.3127,0.313,70565.4
2026-02-22 18:00:00,1771783200000,0.313,0.313,0.3116,0.3123,26896.6
2026-02-22 18:15:00,1771784100000,0.3123,0.3129,0.3122,0.3126,27305.1
2026-02-22 18:30:00,1771785000000,0.3126,0.3132,0.3123,0.3128,18821.6
2026-02-22 18:45:00,1771785900000,0.3128,0.3135,0.3126,0.3127,40053.9
2026-02-22 19:00:00,1771786800000,0.3127,0.3128,0.3112,0.3116,59092.2
2026-02-22 19:15:00,1771787700000,0.3116,0.3119,0.3106,0.3108,125165.7
2026-02-22 19:30:00,1771788600000,0.3108,0.3116,0.3101,0.3116,278753.3
2026-02-22 19:45:00,1771789500000,0.3116,0.3116,0.3109,0.3111,48913.6
2026-02-22 20:00:00,1771790400000,0.3111,0.3113,0.3098,0.31,145415.6
2026-02-22 20:15:00,1771791300000,0.31,0.3114,0.31,0.3107,126880.4
2026-02-22 20:30:00,1771792200000,0.3107,0.3107,0.3101,0.3101,40569.9
2026-02-22 20:45:00,1771793100000,0.3101,0.3104,0.3083,0.3089,117672.6
2026-02-22 21:00:00,1771794000000,0.3089,0.3096,0.3089,0.3093,51986.5
2026-02-22 21:15:00,1771794900000,0.3093,0.31,0.3084,0.3087,193123.5
2026-02-22 21:30:00,1771795800000,0.3087,0.3114,0.3085,0.3114,120614.0
2026-02-22 21:45:00,1771796700000,0.3114,0.3119,0.3112,0.3117,122808.2
2026-02-22 22:00:00,1771797600000,0.3117,0.3118,0.31,0.3104,64577.6
2026-02-22 22:15:00,1771798500000,0.3104,0.3124,0.3102,0.3115,111969.9
2026-02-22 22:30:00,1771799400000,0.3115,0.3135,0.3113,0.3129,62608.3
2026-02-22 22:45:00,1771800300000,0.3129,0.313,0.3124,0.3125,14194.8
2026-02-22 23:00:00,1771801200000,0.3125,0.313,0.3119,0.3119,52439.5
2026-02-22 23:15:00,1771802100000,0.3119,0.3121,0.3111,0.3121,68070.5
2026-02-22 23:30:00,1771803000000,0.3121,0.3123,0.3105,0.3106,39334.0
2026-02-22 23:45:00,1771803900000,0.3106,0.3125,0.3106,0.312,48362.6
2026-02-23 00:00:00,1771804800000,0.312,0.3122,0.3113,0.3116,39845.3
2026-02-23 00:15:00,1771805700000,0.3116,0.3126,0.3107,0.3112,46499.8
2026-02-23 00:30:00,1771806600000,0.3112,0.3112,0.3087,0.3096,130085.5
2026-02-23 00:45:00,1771807500000,0.3096,0.3112,0.3083,0.3087,231656.1
2026-02-23 01:00:00,1771808400000,0.3087,0.3088,0.298,0.2993,3842179.6
2026-02-23 01:15:00,1771809300000,0.2993,0.2993,0.2928,0.2948,831776.5
2026-02-23 01:30:00,1771810200000,0.2948,0.2983,0.2938,0.2972,345911.3
2026-02-23 01:45:00,1771811100000,0.2972,0.2977,0.2941,0.2949,1108699.2
2026-02-23 02:00:00,1771812000000,0.2949,0.2974,0.2943,0.2969,369200.3
2026-02-23 02:15:00,1771812900000,0.2969,0.2981,0.2965,0.2979,189082.5
2026-02-23 02:30:00,1771813800000,0.2979,0.2988,0.2969,0.2971,303463.7
2026-02-23 02:45:00,1771814700000,0.2971,0.2973,0.2963,0.2971,269951.4
2026-02-23 03:00:00,1771815600000,0.2971,0.2992,0.2971,0.2982,161210.0
2026-02-23 03:15:00,1771816500000,0.2982,0.2982,0.2957,0.2957,199226.3
2026-02-23 03:30:00,1771817400000,0.2957,0.2958,0.2943,0.2957,345761.6
2026-02-23 03:45:00,1771818300000,0.2957,0.2957,0.2944,0.2946,49094.0
2026-02-23 04:00:00,1771819200000,0.2946,0.2953,0.2937,0.2949,295104.4
2026-02-23 04:15:00,1771820100000,0.2949,0.2949,0.2925,0.2928,203927.6
2026-02-23 04:30:00,1771821000000,0.2928,0.2928,0.2909,0.2912,273230.5
2026-02-23 04:45:00,1771821900000,0.2912,0.2924,0.2912,0.292,106337.3
2026-02-23 05:00:00,1771822800000,0.292,0.2938,0.2918,0.2935,292383.5
2026-02-23 05:15:00,1771823700000,0.2935,0.2952,0.2934,0.2951,160610.8
2026-02-23 05:30:00,1771824600000,0.2951,0.2961,0.295,0.2957,170548.9
2026-02-23 05:45:00,1771825500000,0.2957,0.2957,0.2948,0.2952,49626.0
2026-02-23 06:00:00,1771826400000,0.2952,0.3007,0.2951,0.3003,257503.5
2026-02-23 06:15:00,1771827300000,0.3003,0.3005,0.2993,0.2995,89470.2
2026-02-23 06:30:00,1771828200000,0.2995,0.2999,0.2989,0.2989,161770.0
2026-02-23 06:45:00,1771829100000,0.2989,0.3001,0.2989,0.2997,89987.3
2026-02-23 07:00:00,1771830000000,0.2997,0.3001,0.2986,0.2994,121639.9
2026-02-23 07:15:00,1771830900000,0.2994,0.2998,0.2986,0.299,142030.6
2026-02-23 07:30:00,1771831800000,0.299,0.3006,0.2986,0.3,100378.4
2026-02-23 07:45:00,1771832700000,0.3,0.3008,0.2996,0.2999,91677.2
2026-02-23 08:00:00,1771833600000,0.2999,0.3003,0.299,0.3001,134336.5
2026-02-23 08:15:00,1771834500000,0.3001,0.3007,0.2998,0.3002,40390.2
2026-02-23 08:30:00,1771835400000,0.3002,0.3002,0.2995,0.3001,78985.2
2026-02-23 08:45:00,1771836300000,0.3001,0.3007,0.2997,0.3003,60048.3
2026-02-23 09:00:00,1771837200000,0.3003,0.3013,0.3003,0.301,76620.3
2026-02-23 09:15:00,1771838100000,0.301,0.3013,0.3001,0.301,38536.1
2026-02-23 09:30:00,1771839000000,0.301,0.3068,0.3009,0.3052,725893.4
2026-02-23 09:45:00,1771839900000,0.3052,0.3069,0.3052,0.3064,135181.8
2026-02-23 10:00:00,1771840800000,0.3064,0.3066,0.3043,0.3047,331745.7
2026-02-23 10:15:00,1771841700000,0.3047,0.3056,0.3047,0.3054,185000.7
2026-02-23 10:30:00,1771842600000,0.3054,0.3058,0.3047,0.3055,114137.7
2026-02-23 10:45:00,1771843500000,0.3055,0.3055,0.3045,0.3051,55460.1
2026-02-23 11:00:00,1771844400000,0.3051,0.3055,0.3045,0.3052,53199.5
2026-02-23 11:15:00,1771845300000,0.3052,0.3073,0.3052,0.3066,197329.6
2026-02-23 11:30:00,1771846200000,0.3066,0.3069,0.3059,0.3063,119169.1
2026-02-23 11:45:00,1771847100000,0.3063,0.3065,0.3054,0.3059,87919.0
2026-02-23 12:00:00,1771848000000,0.3059,0.3089,0.3059,0.3087,285188.2
2026-02-23 12:15:00,1771848900000,0.3087,0.3087,0.3069,0.3079,184068.1
2026-02-23 12:30:00,1771849800000,0.3079,0.3133,0.3065,0.3124,551776.2
2026-02-23 12:45:00,1771850700000,0.3124,0.3127,0.3107,0.3109,252186.4
2026-02-23 13:00:00,1771851600000,0.3109,0.3115,0.3102,0.3103,211347.7
2026-02-23 13:15:00,1771852500000,0.3103,0.3107,0.3091,0.3096,100601.2
2026-02-23 13:30:00,1771853400000,0.3096,0.3097,0.3069,0.307,366069.9
2026-02-23 13:45:00,1771854300000,0.307,0.3074,0.3057,0.3061,230908.2
2026-02-23 14:00:00,1771855200000,0.3061,0.3065,0.3048,0.3051,137082.0
2026-02-23 14:15:00,1771856100000,0.3051,0.3051,0.3026,0.3029,478308.6
2026-02-23 14:30:00,1771857000000,0.3029,0.305,0.302,0.3048,337418.6
2026-02-23 14:45:00,1771857900000,0.3048,0.3059,0.3033,0.3047,357522.6
2026-02-23 15:00:00,1771858800000,0.3047,0.3054,0.3014,0.302,340232.9
2026-02-23 15:15:00,1771859700000,0.302,0.304,0.3006,0.3014,252189.8
2026-02-23 15:30:00,1771860600000,0.3014,0.3026,0.301,0.302,163354.1
2026-02-23 15:45:00,1771861500000,0.302,0.3021,0.2999,0.3006,291900.5
2026-02-23 16:00:00,1771862400000,0.3006,0.3009,0.2982,0.2987,628039.4
2026-02-23 16:15:00,1771863300000,0.2987,0.3017,0.2987,0.3012,442560.3
2026-02-23 16:30:00,1771864200000,0.3012,0.3014,0.2994,0.2997,250105.9
2026-02-23 16:45:00,1771865100000,0.2997,0.2998,0.2978,0.2984,222787.4
2026-02-23 17:00:00,1771866000000,0.2984,0.2998,0.2976,0.2978,192569.6
2026-02-23 17:15:00,1771866900000,0.2978,0.299,0.2956,0.2956,461685.5
2026-02-23 17:30:00,1771867800000,0.2956,0.2967,0.2939,0.2958,401932.9
2026-02-23 17:45:00,1771868700000,0.2958,0.2974,0.2933,0.2974,393981.5
2026-02-23 18:00:00,1771869600000,0.2974,0.2993,0.2966,0.2979,336425.8
2026-02-23 18:15:00,1771870500000,0.2979,0.2988,0.297,0.298,131487.1
2026-02-23 18:30:00,1771871400000,0.298,0.3008,0.2974,0.3001,84640.2
2026-02-23 18:45:00,1771872300000,0.3001,0.3001,0.2975,0.2976,152893.1
2026-02-23 19:00:00,1771873200000,0.2976,0.2983,0.2972,0.2976,98332.2
2026-02-23 19:15:00,1771874100000,0.2976,0.2979,0.2959,0.297,161506.9
2026-02-23 19:30:00,1771875000000,0.297,0.2981,0.2961,0.2967,299838.5
2026-02-23 19:45:00,1771875900000,0.2967,0.2972,0.2952,0.296,230695.1
2026-02-23 20:00:00,1771876800000,0.296,0.297,0.2956,0.2959,109062.6
2026-02-23 20:15:00,1771877700000,0.2959,0.2964,0.295,0.2957,76231.1
2026-02-23 20:30:00,1771878600000,0.2957,0.2974,0.2957,0.2962,114776.1
2026-02-23 20:45:00,1771879500000,0.2962,0.2981,0.2961,0.298,67504.2
2026-02-23 21:00:00,1771880400000,0.298,0.2993,0.298,0.2989,261508.6
2026-02-23 21:15:00,1771881300000,0.2989,0.2993,0.298,0.2981,108718.6
2026-02-23 21:30:00,1771882200000,0.2981,0.2996,0.2975,0.2987,187848.0
2026-02-23 21:45:00,1771883100000,0.2987,0.2991,0.298,0.2988,50931.8
2026-02-23 22:00:00,1771884000000,0.2988,0.3015,0.2987,0.3008,174191.6
2026-02-23 22:15:00,1771884900000,0.3008,0.3013,0.3005,0.3012,90781.1
2026-02-23 22:30:00,1771885800000,0.3012,0.3018,0.3007,0.3011,64898.1
2026-02-23 22:45:00,1771886700000,0.3011,0.3011,0.2995,0.2997,83098.9
2026-02-23 23:00:00,1771887600000,0.2997,0.3016,0.2997,0.3013,68910.9
2026-02-23 23:15:00,1771888500000,0.3013,0.3014,0.3002,0.3003,100456.8
2026-02-23 23:30:00,1771889400000,0.3003,0.3006,0.299,0.2991,92087.8
2026-02-23 23:45:00,1771890300000,0.2991,0.2998,0.2987,0.2993,65677.7
2026-02-24 00:00:00,1771891200000,0.2993,0.3009,0.2993,0.2998,253291.8
2026-02-24 00:15:00,1771892100000,0.2998,0.3004,0.2993,0.3001,66237.8
2026-02-24 00:30:00,1771893000000,0.3001,0.3023,0.3001,0.3017,101734.5
2026-02-24 00:45:00,1771893900000,0.3017,0.3026,0.3007,0.3011,51766.3
2026-02-24 01:00:00,1771894800000,0.3011,0.3011,0.2981,0.2986,396081.2
2026-02-24 01:15:00,1771895700000,0.2986,0.3009,0.2938,0.3001,1463916.9
2026-02-24 01:30:00,1771896600000,0.3001,0.3017,0.2991,0.2994,259238.4
2026-02-24 01:45:00,1771897500000,0.2994,0.2998,0.2982,0.2987,64909.8
2026-02-24 02:00:00,1771898400000,0.2987,0.2993,0.2974,0.2985,172275.3
2026-02-24 02:15:00,1771899300000,0.2985,0.2993,0.2979,0.2993,41341.0
2026-02-24 02:30:00,1771900200000,0.2993,0.3007,0.2991,0.3,170210.3
2026-02-24 02:45:00,1771901100000,0.3,0.3004,0.2991,0.3,340835.4
2026-02-24 03:00:00,1771902000000,0.3,0.3,0.2978,0.2993,463584.3
2026-02-24 03:15:00,1771902900000,0.2993,0.3005,0.2986,0.299,139175.4
2026-02-24 03:30:00,1771903800000,0.299,0.3,0.2986,0.2994,190785.2
2026-02-24 03:45:00,1771904700000,0.2994,0.3002,0.2943,0.2953,775451.6
2026-02-24 04:00:00,1771905600000,0.2953,0.2955,0.2926,0.2928,446501.1
2026-02-24 04:15:00,1771906500000,0.2928,0.2956,0.2914,0.2955,510934.7
2026-02-24 04:30:00,1771907400000,0.2955,0.2955,0.2937,0.2944,132932.4
2026-02-24 04:45:00,1771908300000,0.2944,0.2949,0.2941,0.2947,30158.5
2026-02-24 05:00:00,1771909200000,0.2947,0.2957,0.2939,0.2945,148000.6
2026-02-24 05:15:00,1771910100000,0.2945,0.2945,0.2915,0.2922,314950.8
2026-02-24 05:30:00,1771911000000,0.2922,0.2927,0.2916,0.292,87305.3
2026-02-24 05:45:00,1771911900000,0.292,0.293,0.2918,0.2926,72734.3
2026-02-24 06:00:00,1771912800000,0.2926,0.2939,0.2921,0.2928,76198.5
2026-02-24 06:15:00,1771913700000,0.2928,0.2941,0.2928,0.2934,35625.4
2026-02-24 06:30:00,1771914600000,0.2934,0.2939,0.2928,0.2937,106717.9
2026-02-24 06:45:00,1771915500000,0.2937,0.2937,0.2918,0.2926,70001.7
2026-02-24 07:00:00,1771916400000,0.2926,0.2949,0.2922,0.2947,108192.1
2026-02-24 07:15:00,1771917300000,0.2947,0.2949,0.2936,0.2942,98488.1
2026-02-24 07:30:00,1771918200000,0.2942,0.2942,0.2925,0.293,39660.5
2026-02-24 07:45:00,1771919100000,0.293,0.2935,0.2923,0.2934,28380.0
2026-02-24 08:00:00,1771920000000,0.2934,0.2934,0.2916,0.2932,143920.7
2026-02-24 08:15:00,1771920900000,0.2932,0.2948,0.293,0.2947,232850.0
2026-02-24 08:30:00,1771921800000,0.2947,0.2955,0.2941,0.295,178805.4
2026-02-24 08:45:00,1771922700000,0.295,0.2954,0.2947,0.2947,25140.9
2026-02-24 09:00:00,1771923600000,0.2947,0.2955,0.2945,0.2947,105245.5
2026-02-24 09:15:00,1771924500000,0.2947,0.2948,0.2931,0.2933,53342.8
2026-02-24 09:30:00,1771925400000,0.2933,0.2946,0.2925,0.2945,131851.7
2026-02-24 09:45:00,1771926300000,0.2945,0.2945,0.2935,0.2943,42727.0
2026-02-24 10:00:00,1771927200000,0.2943,0.2947,0.2937,0.2941,44443.1
2026-02-24 10:15:00,1771928100000,0.2941,0.2949,0.2937,0.2943,53376.5
2026-02-24 10:30:00,1771929000000,0.2943,0.2946,0.2938,0.2944,155508.8
2026-02-24 10:45:00,1771929900000,0.2944,0.2949,0.2937,0.2943,73777.5
2026-02-24 11:00:00,1771930800000,0.2943,0.2944,0.2937,0.2937,31817.6
2026-02-24 11:15:00,1771931700000,0.2937,0.2944,0.2937,0.2939,76305.0
2026-02-24 11:30:00,1771932600000,0.2939,0.2942,0.2932,0.2939,71133.4
2026-02-24 11:45:00,1771933500000,0.2939,0.2948,0.2937,0.2948,64134.4
2026-02-24 12:00:00,1771934400000,0.2948,0.2954,0.294,0.2953,39658.6
2026-02-24 12:15:00,1771935300000,0.2953,0.2963,0.295,0.2961,49648.2
2026-02-24 12:30:00,1771936200000,0.2961,0.2968,0.2949,0.2951,120908.4
2026-02-24 12:45:00,1771937100000,0.2951,0.2955,0.2947,0.2949,52573.5
2026-02-24 13:00:00,1771938000000,0.2949,0.2953,0.2943,0.2947,62192.6
2026-02-24 13:15:00,1771938900000,0.2947,0.2947,0.2931,0.2932,131825.1
2026-02-24 13:30:00,1771939800000,0.2932,0.2952,0.2911,0.295,564171.9
2026-02-24 13:45:00,1771940700000,0.295,0.2955,0.2944,0.2944,64345.0
2026-02-24 14:00:00,1771941600000,0.2944,0.2947,0.2935,0.2937,104732.0
2026-02-24 14:15:00,1771942500000,0.2937,0.2941,0.2927,0.2936,75905.8
2026-02-24 14:30:00,1771943400000,0.2936,0.2964,0.2915,0.2961,456995.9
2026-02-24 14:45:00,1771944300000,0.2961,0.2993,0.296,0.2981,324068.7
2026-02-24 15:00:00,1771945200000,0.2981,0.299,0.297,0.2986,197397.1
2026-02-24 15:15:00,1771946100000,0.2986,0.3018,0.2984,0.3013,211346.0
2026-02-24 15:30:00,1771947000000,0.3013,0.3017,0.2991,0.2992,56803.4
2026-02-24 15:45:00,1771947900000,0.2992,0.3,0.299,0.2996,115367.7
2026-02-24 16:00:00,1771948800000,0.2996,0.3034,0.2993,0.3024,276465.6
2026-02-24 16:15:00,1771949700000,0.3024,0.3029,0.3005,0.301,131497.4
2026-02-24 16:30:00,1771950600000,0.301,0.3019,0.2992,0.3012,151511.8
2026-02-24 16:45:00,1771951500000,0.3012,0.303,0.2997,0.3028,231361.7
2026-02-24 17:00:00,1771952400000,0.3028,0.3031,0.3018,0.3028,399744.3
2026-02-24 17:15:00,1771953300000,0.3028,0.3028,0.3019,0.3019,311157.7
2026-02-24 17:30:00,1771954200000,0.3019,0.3022,0.3013,0.3017,66721.9
2026-02-24 17:45:00,1771955100000,0.3017,0.3019,0.3005,0.3011,98663.5
2026-02-24 18:00:00,1771956000000,0.3011,0.3028,0.2997,0.2998,112019.6
2026-02-24 18:15:00,1771956900000,0.2998,0.3011,0.2995,0.3011,109680.9
2026-02-24 18:30:00,1771957800000,0.3011,0.3024,0.3009,0.3016,125516.3
2026-02-24 18:45:00,1771958700000,0.3016,0.3025,0.3013,0.3016,62804.7
2026-02-24 19:00:00,1771959600000,0.3016,0.3032,0.3014,0.3018,205374.2
2026-02-24 19:15:00,1771960500000,0.3018,0.3018,0.3007,0.301,66916.5
2026-02-24 19:30:00,1771961400000,0.301,0.3024,0.301,0.3024,62813.0
2026-02-24 19:45:00,1771962300000,0.3024,0.3025,0.301,0.3011,75099.7
2026-02-24 20:00:00,1771963200000,0.3011,0.3022,0.3004,0.3008,53261.3
2026-02-24 20:15:00,1771964100000,0.3008,0.3013,0.3005,0.3009,13466.8
2026-02-24 20:30:00,1771965000000,0.3009,0.3014,0.3005,0.301,20944.8
2026-02-24 20:45:00,1771965900000,0.301,0.301,0.3,0.3001,50941.1
2026-02-24 21:00:00,1771966800000,0.3001,0.3004,0.2982,0.2987,168917.7
2026-02-24 21:15:00,1771967700000,0.2987,0.2987,0.2964,0.2966,795194.1
2026-02-24 21:30:00,1771968600000,0.2966,0.298,0.2963,0.2974,346529.7
2026-02-24 21:45:00,1771969500000,0.2974,0.298,0.2971,0.2978,109948.3
2026-02-24 22:00:00,1771970400000,0.2978,0.3013,0.2972,0.301,618223.5
2026-02-24 22:15:00,1771971300000,0.301,0.301,0.2998,0.3007,55107.3
2026-02-24 22:30:00,1771972200000,0.3007,0.3007,0.2993,0.2994,108883.3
2026-02-24 22:45:00,1771973100000,0.2994,0.2998,0.2988,0.2998,51046.0
2026-02-24 23:00:00,1771974000000,0.2998,0.3001,0.2978,0.2991,46502.3
2026-02-24 23:15:00,1771974900000,0.2991,0.3002,0.2985,0.3002,143105.9
2026-02-24 23:30:00,1771975800000,0.3002,0.3003,0.2992,0.2994,20958.4
2026-02-24 23:45:00,1771976700000,0.2994,0.2996,0.2989,0.2994,126522.5
2026-02-25 00:00:00,1771977600000,0.2994,0.3004,0.2991,0.3001,84734.9
2026-02-25 00:15:00,1771978500000,0.3001,0.3002,0.299,0.2991,75328.7
2026-02-25 00:30:00,1771979400000,0.2991,0.301,0.2991,0.301,42854.1
2026-02-25 00:45:00,1771980300000,0.301,0.3011,0.3004,0.3005,38956.8
2026-02-25 01:00:00,1771981200000,0.3005,0.3109,0.3003,0.3108,1443798.5
2026-02-25 01:15:00,1771982100000,0.3108,0.3176,0.3087,0.3125,2129135.2
2026-02-25 01:30:00,1771983000000,0.3125,0.3133,0.311,0.3119,212141.5
2026-02-25 01:45:00,1771983900000,0.3119,0.3122,0.3108,0.3118,127493.9
2026-02-25 02:00:00,1771984800000,0.3118,0.315,0.3117,0.3148,550223.2
2026-02-25 02:15:00,1771985700000,0.3148,0.3148,0.3126,0.3138,149583.0
2026-02-25 02:30:00,1771986600000,0.3138,0.3138,0.3114,0.3116,82980.0
2026-02-25 02:45:00,1771987500000,0.3116,0.3123,0.3112,0.3121,234490.5
2026-02-25 03:00:00,1771988400000,0.3121,0.3128,0.3105,0.3106,252257.7
2026-02-25 03:15:00,1771989300000,0.3106,0.3106,0.308,0.3089,196906.6
2026-02-25 03:30:00,1771990200000,0.3089,0.3092,0.3075,0.3083,93710.2
2026-02-25 03:45:00,1771991100000,0.3083,0.3085,0.3068,0.307,129967.9
2026-02-25 04:00:00,1771992000000,0.307,0.3074,0.3044,0.3067,402173.4
2026-02-25 04:15:00,1771992900000,0.3067,0.307,0.3058,0.307,297086.2
2026-02-25 04:30:00,1771993800000,0.307,0.3092,0.3068,0.309,127947.8
2026-02-25 04:45:00,1771994700000,0.309,0.309,0.3078,0.3081,112037.3
2026-02-25 05:00:00,1771995600000,0.3081,0.3084,0.3072,0.3073,79575.3
2026-02-25 05:15:00,1771996500000,0.3073,0.3073,0.3052,0.3053,89852.1
2026-02-25 05:30:00,1771997400000,0.3053,0.3056,0.3028,0.3044,380087.4
2026-02-25 05:45:00,1771998300000,0.3044,0.3057,0.3043,0.3056,187067.6
2026-02-25 06:00:00,1771999200000,0.3056,0.3066,0.3052,0.3063,77387.6
2026-02-25 06:15:00,1772000100000,0.3063,0.3079,0.3059,0.3075,323758.6
2026-02-25 06:30:00,1772001000000,0.3075,0.3094,0.3068,0.3084,266480.3
2026-02-25 06:45:00,1772001900000,0.3084,0.3084,0.3071,0.3075,20849.3
2026-02-25 07:00:00,1772002800000,0.3075,0.3085,0.3068,0.3074,234419.9
2026-02-25 07:15:00,1772003700000,0.3074,0.3083,0.307,0.3083,65457.8
2026-02-25 07:30:00,1772004600000,0.3083,0.3096,0.3081,0.3087,88514.9
2026-02-25 07:45:00,1772005500000,0.3087,0.3097,0.3087,0.3097,34431.1
2026-02-25 08:00:00,1772006400000,0.3097,0.3109,0.3085,0.3089,243901.8
2026-02-25 08:15:00,1772007300000,0.3089,0.3103,0.3081,0.3101,176579.3
2026-02-25 08:30:00,1772008200000,0.3101,0.3113,0.3093,0.3107,119758.1
2026-02-25 08:45:00,1772009100000,0.3107,0.313,0.3105,0.3129,94212.5
2026-02-25 09:00:00,1772010000000,0.3129,0.3155,0.3121,0.3148,187193.3
2026-02-25 09:15:00,1772010900000,0.3148,0.3155,0.3142,0.3152,129740.0
2026-02-25 09:30:00,1772011800000,0.3152,0.3157,0.3144,0.3149,200208.9
2026-02-25 09:45:00,1772012700000,0.3149,0.3164,0.3149,0.3155,67610.1
2026-02-25 10:00:00,1772013600000,0.3155,0.317,0.3151,0.3169,105941.3
2026-02-25 10:15:00,1772014500000,0.3169,0.3176,0.3151,0.3162,412945.9
2026-02-25 10:30:00,1772015400000,0.3162,0.3171,0.3162,0.3167,114922.7
2026-02-25 10:45:00,1772016300000,0.3167,0.3173,0.3162,0.3169,208600.4
2026-02-25 11:00:00,1772017200000,0.3169,0.317,0.3151,0.3152,203470.5
2026-02-25 11:15:00,1772018100000,0.3152,0.3188,0.3147,0.3176,276685.5
2026-02-25 11:30:00,1772019000000,0.3176,0.3201,0.3172,0.3201,165068.6
2026-02-25 11:45:00,1772019900000,0.3201,0.3203,0.3192,0.3197,396272.8
2026-02-25 12:00:00,1772020800000,0.3197,0.3212,0.3193,0.3201,489508.1
2026-02-25 12:15:00,1772021700000,0.3201,0.3229,0.3178,0.3227,352529.7
2026-02-25 12:30:00,1772022600000,0.3227,0.3238,0.3213,0.3222,373956.2
2026-02-25 12:45:00,1772023500000,0.3222,0.3269,0.3219,0.326,699344.3
2026-02-25 13:00:00,1772024400000,0.326,0.3269,0.3252,0.3257,419207.3
2026-02-25 13:15:00,1772025300000,0.3257,0.3271,0.3234,0.3263,459255.3
2026-02-25 13:30:00,1772026200000,0.3263,0.3315,0.3263,0.3299,930700.6
2026-02-25 13:45:00,1772027100000,0.3299,0.3324,0.3289,0.3295,484266.2
2026-02-25 14:00:00,1772028000000,0.3295,0.3351,0.3289,0.3329,1145884.9
2026-02-25 14:15:00,1772028900000,0.3329,0.3358,0.3325,0.3349,421609.1
2026-02-25 14:30:00,1772029800000,0.3349,0.3398,0.3328,0.3378,1995116.0
2026-02-25 14:45:00,1772030700000,0.3378,0.3452,0.3371,0.3441,2118902.7
2026-02-25 15:00:00,1772031600000,0.3441,0.346,0.3414,0.3438,1398805.8
2026-02-25 15:15:00,1772032500000,0.3438,0.3486,0.3436,0.3478,776206.5
2026-02-25 15:30:00,1772033400000,0.3478,0.3568,0.3467,0.3565,2305354.6
2026-02-25 15:45:00,1772034300000,0.3565,0.3595,0.353,0.3553,2624628.3
2026-02-25 16:00:00,1772035200000,0.3553,0.3648,0.3553,0.363,3237392.9
2026-02-25 16:15:00,1772036100000,0.363,0.3691,0.3589,0.3668,2478725.2
2026-02-25 16:30:00,1772037000000,0.3668,0.3723,0.3627,0.37,3301271.7
2026-02-25 16:45:00,1772037900000,0.37,0.3721,0.3673,0.3696,1527056.8
2026-02-25 17:00:00,1772038800000,0.3696,0.3787,0.3695,0.3758,3931149.5
2026-02-25 17:15:00,1772039700000,0.3758,0.3816,0.3739,0.3783,2350037.8
2026-02-25 17:30:00,1772040600000,0.3783,0.3783,0.3662,0.3674,3463888.8
2026-02-25 17:45:00,1772041500000,0.3674,0.37,0.3636,0.3648,1835729.8
2026-02-25 18:00:00,1772042400000,0.3648,0.3668,0.3625,0.363,1359803.8
2026-02-25 18:15:00,1772043300000,0.363,0.3636,0.3577,0.3594,1877442.2
2026-02-25 18:30:00,1772044200000,0.3594,0.3647,0.3582,0.3623,1112727.0
2026-02-25 18:45:00,1772045100000,0.3623,0.3651,0.3609,0.3649,536413.4
2026-02-25 19:00:00,1772046000000,0.3649,0.3655,0.3615,0.3634,881067.7
2026-02-25 19:15:00,1772046900000,0.3634,0.3659,0.3621,0.3624,566728.0
2026-02-25 19:30:00,1772047800000,0.3624,0.3639,0.3613,0.3632,295860.1
2026-02-25 19:45:00,1772048700000,0.3632,0.369,0.3626,0.3681,700531.4
2026-02-25 20:00:00,1772049600000,0.3681,0.3686,0.3615,0.3621,884158.2
2026-02-25 20:15:00,1772050500000,0.3621,0.3649,0.3597,0.3635,894098.2
2026-02-25 20:30:00,1772051400000,0.3635,0.3692,0.3634,0.3671,793605.1
2026-02-25 20:45:00,1772052300000,0.3671,0.3678,0.3637,0.3651,622246.1
2026-02-25 21:00:00,1772053200000,0.3651,0.3657,0.3617,0.3625,479089.8
2026-02-25 21:15:00,1772054100000,0.3625,0.3644,0.3607,0.3607,382525.3
2026-02-25 21:30:00,1772055000000,0.3607,0.368,0.3604,0.3636,1607377.5
2026-02-25 21:45:00,1772055900000,0.3636,0.3638,0.3599,0.3615,636496.4
2026-02-25 22:00:00,1772056800000,0.3615,0.3676,0.3614,0.3637,1008593.7
2026-02-25 22:15:00,1772057700000,0.3637,0.364,0.3606,0.3607,277709.4
2026-02-25 22:30:00,1772058600000,0.3607,0.361,0.3565,0.3576,531804.1
2026-02-25 22:45:00,1772059500000,0.3576,0.3591,0.3549,0.3569,558862.4
2026-02-25 23:00:00,1772060400000,0.3569,0.3585,0.3558,0.358,421141.6
2026-02-25 23:15:00,1772061300000,0.358,0.358,0.3528,0.3529,381402.9
2026-02-25 23:30:00,1772062200000,0.3529,0.3536,0.3483,0.3487,1241916.4
2026-02-25 23:45:00,1772063100000,0.3487,0.3523,0.348,0.3513,692366.0
2026-02-26 00:00:00,1772064000000,0.3513,0.3525,0.3468,0.3472,596733.6
2026-02-26 00:15:00,1772064900000,0.3472,0.3482,0.3463,0.3463,455911.6
2026-02-26 00:30:00,1772065800000,0.3463,0.3476,0.3434,0.3459,1014649.5
2026-02-26 00:45:00,1772066700000,0.3459,0.3463,0.344,0.3455,303140.6
2026-02-26 01:00:00,1772067600000,0.3455,0.3492,0.3448,0.3475,370652.1
2026-02-26 01:15:00,1772068500000,0.3475,0.3476,0.346,0.3465,268613.4
2026-02-26 01:30:00,1772069400000,0.3465,0.3476,0.3451,0.3457,174425.9
2026-02-26 01:45:00,1772070300000,0.3457,0.347,0.3448,0.3454,227865.8
2026-02-26 02:00:00,1772071200000,0.3454,0.3456,0.3427,0.3433,319981.3
2026-02-26 02:15:00,1772072100000,0.3433,0.347,0.3433,0.3451,181684.0
2026-02-26 02:30:00,1772073000000,0.3451,0.3478,0.3449,0.3467,208459.0
2026-02-26 02:45:00,1772073900000,0.3467,0.3481,0.346,0.3477,164624.2
2026-02-26 03:00:00,1772074800000,0.3477,0.3487,0.3465,0.3468,206445.8
2026-02-26 03:15:00,1772075700000,0.3468,0.3468,0.3455,0.3459,158470.3
2026-02-26 03:30:00,1772076600000,0.3459,0.3469,0.3454,0.3462,111213.2
2026-02-26 03:45:00,1772077500000,0.3462,0.3475,0.346,0.347,135816.3
2026-02-26 04:00:00,1772078400000,0.347,0.3485,0.3452,0.3454,248615.6
2026-02-26 04:15:00,1772079300000,0.3454,0.3464,0.344,0.3458,139505.5
2026-02-26 04:30:00,1772080200000,0.3458,0.3472,0.3452,0.3463,236550.8
2026-02-26 04:45:00,1772081100000,0.3463,0.3464,0.3452,0.3455,81498.6
2026-02-26 05:00:00,1772082000000,0.3455,0.3457,0.3424,0.3434,591832.8
2026-02-26 05:15:00,1772082900000,0.3434,0.3434,0.3413,0.3431,363761.4
2026-02-26 05:30:00,1772083800000,0.3431,0.3446,0.3426,0.3433,206611.5
2026-02-26 05:45:00,1772084700000,0.3433,0.3437,0.3425,0.3433,138477.2
2026-02-26 06:00:00,1772085600000,0.3433,0.3455,0.3422,0.3438,300337.3
2026-02-26 06:15:00,1772086500000,0.3438,0.3443,0.3421,0.3424,65145.8
2026-02-26 06:30:00,1772087400000,0.3424,0.3427,0.3411,0.3421,50675.6
2026-02-26 06:45:00,1772088300000,0.3421,0.3427,0.3413,0.3422,355401.1
2026-02-26 07:00:00,1772089200000,0.3422,0.3432,0.3418,0.3426,287549.9
2026-02-26 07:15:00,1772090100000,0.3426,0.3428,0.3414,0.3425,157754.0
2026-02-26 07:30:00,1772091000000,0.3425,0.3428,0.3404,0.3408,216810.6
2026-02-26 07:45:00,1772091900000,0.3408,0.3421,0.3392,0.3415,661426.6
2026-02-26 08:00:00,1772092800000,0.3415,0.3429,0.3413,0.3425,219467.0
2026-02-26 08:15:00,1772093700000,0.3425,0.3438,0.3417,0.3431,394281.2
2026-02-26 08:30:00,1772094600000,0.3431,0.3432,0.3415,0.3419,259677.4
2026-02-26 08:45:00,1772095500000,0.3419,0.3428,0.3403,0.3404,135585.6
2026-02-26 09:00:00,1772096400000,0.3404,0.3439,0.3401,0.3429,462434.4
2026-02-26 09:15:00,1772097300000,0.3429,0.3435,0.342,0.3423,221951.8
2026-02-26 09:30:00,1772098200000,0.3423,0.3447,0.3423,0.343,416662.0
2026-02-26 09:45:00,1772099100000,0.343,0.3433,0.3421,0.3431,271632.6
2026-02-26 10:00:00,1772100000000,0.3431,0.3446,0.3407,0.3418,559518.9
2026-02-26 10:15:00,1772100900000,0.3418,0.3423,0.3414,0.3414,97523.9
2026-02-26 10:30:00,1772101800000,0.3414,0.3414,0.3397,0.3402,198041.7
2026-02-26 10:45:00,1772102700000,0.3402,0.3405,0.3385,0.3389,427050.7
2026-02-26 11:00:00,1772103600000,0.3389,0.34,0.3386,0.3389,58848.2
2026-02-26 11:15:00,1772104500000,0.3389,0.339,0.3367,0.3371,275417.6
2026-02-26 11:30:00,1772105400000,0.3371,0.3381,0.3369,0.3375,64727.0
2026-02-26 11:45:00,1772106300000,0.3375,0.338,0.3369,0.3379,112243.9
2026-02-26 12:00:00,1772107200000,0.3379,0.3392,0.3374,0.3389,112218.8
2026-02-26 12:15:00,1772108100000,0.3389,0.3402,0.3384,0.3401,98906.6
2026-02-26 12:30:00,1772109000000,0.3401,0.3412,0.3397,0.3401,105589.1
2026-02-26 12:45:00,1772109900000,0.3401,0.3428,0.3399,0.3424,500219.3
2026-02-26 13:00:00,1772110800000,0.3424,0.3426,0.3409,0.341,314556.4
2026-02-26 13:15:00,1772111700000,0.341,0.3414,0.3399,0.3411,119484.1
2026-02-26 13:30:00,1772112600000,0.3411,0.3416,0.3406,0.341,177314.2
2026-02-26 13:45:00,1772113500000,0.341,0.3415,0.3383,0.3389,202760.3
2026-02-26 14:00:00,1772114400000,0.3389,0.3402,0.3377,0.3393,272589.9
2026-02-26 14:15:00,1772115300000,0.3393,0.3399,0.3385,0.3392,116946.2
2026-02-26 14:30:00,1772116200000,0.3392,0.3409,0.3365,0.3375,511168.9
2026-02-26 14:45:00,1772117100000,0.3375,0.3392,0.3353,0.3384,593722.3
2026-02-26 15:00:00,1772118000000,0.3384,0.3387,0.337,0.3378,153549.4
2026-02-26 15:15:00,1772118900000,0.3378,0.3416,0.3366,0.3396,1216304.8
2026-02-26 15:30:00,1772119800000,0.3396,0.3449,0.3392,0.3441,855892.4
2026-02-26 15:45:00,1772120700000,0.3441,0.3446,0.3419,0.3422,563475.0
2026-02-26 16:00:00,1772121600000,0.3422,0.3437,0.3371,0.3373,548086.3
2026-02-26 16:15:00,1772122500000,0.3373,0.3383,0.3362,0.3371,270060.9
2026-02-26 16:30:00,1772123400000,0.3371,0.3378,0.3332,0.3337,902212.0
2026-02-26 16:45:00,1772124300000,0.3337,0.3338,0.3275,0.3285,2065090.0
2026-02-26 17:00:00,1772125200000,0.3285,0.3317,0.3281,0.3303,709132.6
2026-02-26 17:15:00,1772126100000,0.3303,0.3318,0.3287,0.3294,492502.8
2026-02-26 17:30:00,1772127000000,0.3294,0.3295,0.3266,0.3282,522441.0
2026-02-26 17:45:00,1772127900000,0.3282,0.3285,0.3262,0.3279,225268.3
2026-02-26 18:00:00,1772128800000,0.3279,0.329,0.327,0.3283,264793.7
2026-02-26 18:15:00,1772129700000,0.3283,0.3306,0.3281,0.3291,278891.6
2026-02-26 18:30:00,1772130600000,0.3291,0.334,0.3291,0.3323,502560.0
2026-02-26 18:45:00,1772131500000,0.3323,0.3335,0.3321,0.3333,137423.7
2026-02-26 19:00:00,1772132400000,0.3333,0.3384,0.333,0.3363,1154594.9
2026-02-26 19:15:00,1772133300000,0.3363,0.3378,0.3358,0.3366,221061.2
2026-02-26 19:30:00,1772134200000,0.3366,0.3376,0.3356,0.3365,508166.1
2026-02-26 19:45:00,1772135100000,0.3365,0.3385,0.3365,0.3374,345677.5
2026-02-26 20:00:00,1772136000000,0.3374,0.3395,0.3368,0.3376,396226.3
2026-02-26 20:15:00,1772136900000,0.3376,0.3385,0.3364,0.3366,220093.9
2026-02-26 20:30:00,1772137800000,0.3366,0.3368,0.3343,0.3351,272190.5
2026-02-26 20:45:00,1772138700000,0.3351,0.3357,0.3343,0.335,65427.7
2026-02-26 21:00:00,1772139600000,0.335,0.3358,0.3338,0.3356,232849.4
2026-02-26 21:15:00,1772140500000,0.3356,0.3372,0.3354,0.3372,114471.9
2026-02-26 21:30:00,1772141400000,0.3372,0.3381,0.3365,0.3376,92789.5
2026-02-26 21:45:00,1772142300000,0.3376,0.338,0.3369,0.3371,148014.9
2026-02-26 22:00:00,1772143200000,0.3371,0.3383,0.3367,0.3376,322198.1
2026-02-26 22:15:00,1772144100000,0.3376,0.3377,0.3367,0.3375,35882.7
2026-02-26 22:30:00,1772145000000,0.3375,0.3385,0.3373,0.3382,78940.4
2026-02-26 22:45:00,1772145900000,0.3382,0.3385,0.3365,0.3377,116094.6
2026-02-26 23:00:00,1772146800000,0.3377,0.338,0.3363,0.3376,38379.8
2026-02-26 23:15:00,1772147700000,0.3376,0.3383,0.3371,0.338,25952.8
2026-02-26 23:30:00,1772148600000,0.338,0.3382,0.3375,0.3377,28604.3
2026-02-26 23:45:00,1772149500000,0.3377,0.3382,0.3373,0.3376,39402.2
2026-02-27 00:00:00,1772150400000,0.3376,0.3385,0.3366,0.3373,186822.5
2026-02-27 00:15:00,1772151300000,0.3373,0.3377,0.3368,0.3377,34052.5
2026-02-27 00:30:00,1772152200000,0.3377,0.3377,0.3352,0.3363,166311.5
2026-02-27 00:45:00,1772153100000,0.3363,0.3373,0.3357,0.3368,141162.8
2026-02-27 01:00:00,1772154000000,0.3368,0.3369,0.3353,0.3361,109048.0
2026-02-27 01:15:00,1772154900000,0.3361,0.3371,0.3357,0.3359,89920.7
2026-02-27 01:30:00,1772155800000,0.3359,0.3375,0.3355,0.3365,102162.8
2026-02-27 01:45:00,1772156700000,0.3365,0.3374,0.3362,0.3374,50421.3
2026-02-27 02:00:00,1772157600000,0.3374,0.3388,0.3369,0.3369,203521.9
2026-02-27 02:15:00,1772158500000,0.3369,0.3382,0.3366,0.3377,85178.2
2026-02-27 02:30:00,1772159400000,0.3377,0.3387,0.3369,0.3371,31777.2
2026-02-27 02:45:00,1772160300000,0.3371,0.3384,0.337,0.337,113912.6
2026-02-27 03:00:00,1772161200000,0.337,0.337,0.3346,0.3351,146379.3
2026-02-27 03:15:00,1772162100000,0.3351,0.3362,0.3351,0.3356,71497.8
2026-02-27 03:30:00,1772163000000,0.3356,0.3373,0.3351,0.3369,83058.1
2026-02-27 03:45:00,1772163900000,0.3369,0.3389,0.3364,0.338,265191.3
2026-02-27 04:00:00,1772164800000,0.338,0.342,0.338,0.3413,896502.1
2026-02-27 04:15:00,1772165700000,0.3413,0.3428,0.3399,0.3402,196108.2
2026-02-27 04:30:00,1772166600000,0.3402,0.3406,0.3374,0.338,296983.9
2026-02-27 04:45:00,1772167500000,0.338,0.3396,0.3378,0.3387,106977.7
2026-02-27 05:00:00,1772168400000,0.3387,0.3394,0.3381,0.3382,80337.7
2026-02-27 05:15:00,1772169300000,0.3382,0.3387,0.3369,0.3377,112734.5
2026-02-27 05:30:00,1772170200000,0.3377,0.3387,0.3377,0.338,135714.6
2026-02-27 05:45:00,1772171100000,0.338,0.338,0.3369,0.3374,57137.7
2026-02-27 06:00:00,1772172000000,0.3374,0.3384,0.3373,0.3377,42978.6
2026-02-27 06:15:00,1772172900000,0.3377,0.3386,0.3368,0.3383,123455.3
2026-02-27 06:30:00,1772173800000,0.3383,0.341,0.3383,0.3406,177325.9
2026-02-27 06:45:00,1772174700000,0.3406,0.3414,0.3403,0.3405,165852.8
2026-02-27 07:00:00,1772175600000,0.3405,0.3405,0.3387,0.3395,71908.5
2026-02-27 07:15:00,1772176500000,0.3395,0.3396,0.3382,0.3382,134843.1
2026-02-27 07:30:00,1772177400000,0.3382,0.3392,0.3376,0.3385,156698.6
2026-02-27 07:45:00,1772178300000,0.3385,0.3406,0.3384,0.3398,102439.4
2026-02-27 08:00:00,1772179200000,0.3398,0.3413,0.3397,0.3405,149331.5
2026-02-27 08:15:00,1772180100000,0.3405,0.3411,0.3396,0.3403,58617.6
2026-02-27 08:30:00,1772181000000,0.3403,0.3412,0.3391,0.3409,117036.0
2026-02-27 08:45:00,1772181900000,0.3409,0.3413,0.3402,0.3411,108815.4
2026-02-27 09:00:00,1772182800000,0.3411,0.3418,0.3404,0.3416,363941.8
2026-02-27 09:15:00,1772183700000,0.3416,0.3441,0.3415,0.3429,407316.9
2026-02-27 09:30:00,1772184600000,0.3429,0.3449,0.3427,0.3441,328624.1
2026-02-27 09:45:00,1772185500000,0.3441,0.3442,0.3411,0.3425,771545.2
2026-02-27 10:00:00,1772186400000,0.3425,0.3436,0.338,0.3385,539704.7
2026-02-27 10:15:00,1772187300000,0.3385,0.3405,0.3381,0.3384,368953.9
2026-02-27 10:30:00,1772188200000,0.3384,0.3408,0.3381,0.3392,214378.9
2026-02-27 10:45:00,1772189100000,0.3392,0.34,0.3359,0.3365,329869.9
2026-02-27 11:00:00,1772190000000,0.3365,0.3387,0.3362,0.3374,318952.5
2026-02-27 11:15:00,1772190900000,0.3374,0.3374,0.3331,0.3341,1221994.6
2026-02-27 11:30:00,1772191800000,0.3341,0.3341,0.3289,0.3298,1034820.2
2026-02-27 11:45:00,1772192700000,0.3298,0.3319,0.3298,0.3308,306680.4
2026-02-27 12:00:00,1772193600000,0.3308,0.3314,0.3295,0.3307,272930.3
2026-02-27 12:15:00,1772194500000,0.3307,0.331,0.3288,0.3289,161191.4
2026-02-27 12:30:00,1772195400000,0.3289,0.3302,0.3281,0.3289,153710.2
2026-02-27 12:45:00,1772196300000,0.3289,0.3303,0.3275,0.3301,562477.0
2026-02-27 13:00:00,1772197200000,0.3301,0.3323,0.3301,0.3318,278818.5
2026-02-27 13:15:00,1772198100000,0.3318,0.3323,0.33,0.3303,311538.6
2026-02-27 13:30:00,1772199000000,0.3303,0.3303,0.3272,0.3299,816123.6
2026-02-27 13:45:00,1772199900000,0.3299,0.3317,0.3295,0.3312,331037.3
2026-02-27 14:00:00,1772200800000,0.3312,0.3321,0.3304,0.3309,61840.2
2026-02-27 14:15:00,1772201700000,0.3309,0.3309,0.3282,0.329,153748.2
2026-02-27 14:30:00,1772202600000,0.329,0.3317,0.3288,0.3306,252190.2
2026-02-27 14:45:00,1772203500000,0.3306,0.331,0.3278,0.3284,801025.2
2026-02-27 15:00:00,1772204400000,0.3284,0.3309,0.3276,0.3278,378899.0
2026-02-27 15:15:00,1772205300000,0.3278,0.329,0.3254,0.3281,745272.1
2026-02-27 15:30:00,1772206200000,0.3281,0.3281,0.3255,0.3268,278642.5
2026-02-27 15:45:00,1772207100000,0.3268,0.3283,0.3261,0.3276,226881.3
2026-02-27 16:00:00,1772208000000,0.3276,0.3276,0.3242,0.3257,610322.0
2026-02-27 16:15:00,1772208900000,0.3257,0.3271,0.3252,0.3261,212528.9
2026-02-27 16:30:00,1772209800000,0.3261,0.3269,0.3239,0.3245,258479.7
2026-02-27 16:45:00,1772210700000,0.3245,0.3249,0.3197,0.3205,1342396.4
2026-02-27 17:00:00,1772211600000,0.3205,0.3221,0.3202,0.3203,714317.1
2026-02-27 17:15:00,1772212500000,0.3203,0.3215,0.3197,0.3208,234388.7
2026-02-27 17:30:00,1772213400000,0.3208,0.3244,0.3202,0.3235,556530.0
2026-02-27 17:45:00,1772214300000,0.3235,0.3249,0.3223,0.3245,349741.8
2026-02-27 18:00:00,1772215200000,0.3245,0.3246,0.3231,0.3232,250731.6
2026-02-27 18:15:00,1772216100000,0.3232,0.3241,0.3227,0.3238,71251.7
2026-02-27 18:30:00,1772217000000,0.3238,0.3248,0.3227,0.3236,121740.3
2026-02-27 18:45:00,1772217900000,0.3236,0.3239,0.3221,0.3222,158299.4
2026-02-27 19:00:00,1772218800000,0.3222,0.3223,0.3193,0.3199,138254.5
2026-02-27 19:15:00,1772219700000,0.3199,0.3207,0.3187,0.3189,187460.8
2026-02-27 19:30:00,1772220600000,0.3189,0.3194,0.3164,0.3174,722389.4
2026-02-27 19:45:00,1772221500000,0.3174,0.3189,0.3174,0.3182,152242.9
2026-02-27 20:00:00,1772222400000,0.3182,0.3197,0.3179,0.3196,209531.1
2026-02-27 20:15:00,1772223300000,0.3196,0.3201,0.3188,0.3189,215249.6
2026-02-27 20:30:00,1772224200000,0.3189,0.3192,0.3182,0.3186,69652.9
2026-02-27 20:45:00,1772225100000,0.3186,0.3196,0.3184,0.3191,73763.8
2026-02-27 21:00:00,1772226000000,0.3191,0.3205,0.3185,0.3192,79073.2
2026-02-27 21:15:00,1772226900000,0.3192,0.32,0.3185,0.3185,97027.6
2026-02-27 21:30:00,1772227800000,0.3185,0.3185,0.3173,0.3179,204525.4
2026-02-27 21:45:00,1772228700000,0.3179,0.3182,0.3168,0.3181,112540.1
2026-02-27 22:00:00,1772229600000,0.3181,0.3189,0.3176,0.3181,198082.4
2026-02-27 22:15:00,1772230500000,0.3181,0.3187,0.3162,0.3163,42851.6
2026-02-27 22:30:00,1772231400000,0.3163,0.317,0.3126,0.317,340099.7
2026-02-27 22:45:00,1772232300000,0.317,0.3181,0.3166,0.3178,129630.6
2026-02-27 23:00:00,1772233200000,0.3178,0.3193,0.3178,0.318,93178.4
2026-02-27 23:15:00,1772234100000,0.318,0.3192,0.3179,0.3192,189980.5
2026-02-27 23:30:00,1772235000000,0.3192,0.3196,0.3189,0.319,73785.5
2026-02-27 23:45:00,1772235900000,0.319,0.3195,0.3186,0.3194,109162.6
2026-02-28 00:00:00,1772236800000,0.3194,0.3204,0.3192,0.3198,95255.5
2026-02-28 00:15:00,1772237700000,0.3198,0.3218,0.3195,0.3199,517889.2
2026-02-28 00:30:00,1772238600000,0.3199,0.3225,0.3199,0.3223,149897.8
2026-02-28 00:45:00,1772239500000,0.3223,0.3233,0.3218,0.3226,118319.0
2026-02-28 01:00:00,1772240400000,0.3226,0.3231,0.3216,0.3218,112899.5
2026-02-28 01:15:00,1772241300000,0.3218,0.3225,0.321,0.321,95288.2
2026-02-28 01:30:00,1772242200000,0.321,0.3213,0.3199,0.3203,80072.6
2026-02-28 01:45:00,1772243100000,0.3203,0.3211,0.3201,0.3201,28508.5
2026-02-28 02:00:00,1772244000000,0.3201,0.3206,0.3194,0.3202,53834.5
2026-02-28 02:15:00,1772244900000,0.3202,0.3213,0.3199,0.3212,26971.3
2026-02-28 02:30:00,1772245800000,0.3212,0.3221,0.3211,0.3217,79662.6
2026-02-28 02:45:00,1772246700000,0.3217,0.3224,0.3215,0.3218,70404.4
2026-02-28 03:00:00,1772247600000,0.3218,0.3218,0.3213,0.3213,28939.6
2026-02-28 03:15:00,1772248500000,0.3213,0.3216,0.3201,0.3203,31349.2
2026-02-28 03:30:00,1772249400000,0.3203,0.3203,0.3189,0.3192,132059.0
2026-02-28 03:45:00,1772250300000,0.3192,0.3196,0.3184,0.3184,70054.6
2026-02-28 04:00:00,1772251200000,0.3184,0.3186,0.3178,0.3181,28700.9
2026-02-28 04:15:00,1772252100000,0.3181,0.3191,0.3178,0.3182,233152.7
2026-02-28 04:30:00,1772253000000,0.3182,0.3194,0.3168,0.3189,398351.3
2026-02-28 04:45:00,1772253900000,0.3189,0.3195,0.3187,0.3189,87385.1
2026-02-28 05:00:00,1772254800000,0.3189,0.3195,0.3187,0.3195,33384.8
2026-02-28 05:15:00,1772255700000,0.3195,0.3197,0.3183,0.3184,132865.0
2026-02-28 05:30:00,1772256600000,0.3184,0.3191,0.3179,0.3187,142753.2
2026-02-28 05:45:00,1772257500000,0.3187,0.3192,0.3185,0.3191,45886.5
2026-02-28 06:00:00,1772258400000,0.3191,0.3191,0.3169,0.3172,264759.5
2026-02-28 06:15:00,1772259300000,0.3172,0.3173,0.3091,0.3106,3510158.0
2026-02-28 06:30:00,1772260200000,0.3106,0.3111,0.3036,0.307,2804567.3
2026-02-28 06:45:00,1772261100000,0.307,0.3074,0.2996,0.3009,1378669.0
2026-02-28 07:00:00,1772262000000,0.3009,0.3053,0.2988,0.3044,1760357.6
2026-02-28 07:15:00,1772262900000,0.3044,0.3055,0.3013,0.3022,365460.7
2026-02-28 07:30:00,1772263800000,0.3022,0.3098,0.3021,0.3087,1077426.3
2026-02-28 07:45:00,1772264700000,0.3087,0.3087,0.3052,0.3052,364365.6
2026-02-28 08:00:00,1772265600000,0.3052,0.3052,0.3032,0.3033,243133.8
2026-02-28 08:15:00,1772266500000,0.3033,0.3047,0.3023,0.3034,279389.8
2026-02-28 08:30:00,1772267400000,0.3034,0.3043,0.3026,0.3026,176463.0
2026-02-28 08:45:00,1772268300000,0.3026,0.3032,0.3012,0.3012,166507.1
2026-02-28 09:00:00,1772269200000,0.3012,0.303,0.3001,0.3024,517073.2
2026-02-28 09:15:00,1772270100000,0.3024,0.3035,0.3017,0.303,159594.3
2026-02-28 09:30:00,1772271000000,0.303,0.303,0.3005,0.3006,202695.1
2026-02-28 09:45:00,1772271900000,0.3006,0.3012,0.2998,0.3005,168016.5
2026-02-28 10:00:00,1772272800000,0.3005,0.3008,0.298,0.2988,1322075.0
2026-02-28 10:15:00,1772273700000,0.2988,0.3012,0.2986,0.3005,453251.3
2026-02-28 10:30:00,1772274600000,0.3005,0.3041,0.3005,0.3023,375349.0
2026-02-28 10:45:00,1772275500000,0.3023,0.3023,0.3009,0.3011,190330.1
2026-02-28 11:00:00,1772276400000,0.3011,0.3028,0.301,0.3019,349432.2
2026-02-28 11:15:00,1772277300000,0.3019,0.3024,0.3013,0.3017,123081.6
2026-02-28 11:30:00,1772278200000,0.3017,0.3024,0.3002,0.3004,196037.7
2026-02-28 11:45:00,1772279100000,0.3004,0.3008,0.2985,0.2988,183617.5
2026-02-28 12:00:00,1772280000000,0.2988,0.2998,0.2986,0.2992,202973.6
2026-02-28 12:15:00,1772280900000,0.2992,0.3003,0.299,0.3,133982.8
2026-02-28 12:30:00,1772281800000,0.3,0.301,0.2999,0.3,221730.4
2026-02-28 12:45:00,1772282700000,0.3,0.3005,0.2989,0.3001,80873.1
2026-02-28 13:00:00,1772283600000,0.3001,0.3014,0.2999,0.3011,122143.4
2026-02-28 13:15:00,1772284500000,0.3011,0.3018,0.2984,0.2991,197647.2
2026-02-28 13:30:00,1772285400000,0.2991,0.2996,0.2976,0.2995,268170.9
2026-02-28 13:45:00,1772286300000,0.2995,0.3082,0.2995,0.3078,2333355.0
2026-02-28 14:00:00,1772287200000,0.3078,0.3097,0.3049,0.3061,863686.0
2026-02-28 14:15:00,1772288100000,0.3061,0.3071,0.3052,0.3068,187339.0
2026-02-28 14:30:00,1772289000000,0.3068,0.3085,0.3052,0.3077,261058.1
2026-02-28 14:45:00,1772289900000,0.3077,0.3079,0.3034,0.3041,697387.8
2026-02-28 15:00:00,1772290800000,0.3041,0.3048,0.3015,0.3016,412770.0
2026-02-28 15:15:00,1772291700000,0.3016,0.3062,0.3016,0.3054,527211.5
2026-02-28 15:30:00,1772292600000,0.3054,0.3061,0.3044,0.3049,396735.4
2026-02-28 15:45:00,1772293500000,0.3049,0.306,0.3047,0.305,89947.9
2026-02-28 16:00:00,1772294400000,0.305,0.305,0.3032,0.304,237741.1
2026-02-28 16:15:00,1772295300000,0.304,0.3041,0.3029,0.3035,141133.7
2026-02-28 16:30:00,1772296200000,0.3035,0.3042,0.3021,0.3037,261533.0
2026-02-28 16:45:00,1772297100000,0.3037,0.304,0.3027,0.3039,160646.9
2026-02-28 17:00:00,1772298000000,0.3039,0.3039,0.3022,0.3027,78926.8
2026-02-28 17:15:00,1772298900000,0.3027,0.3058,0.3015,0.3037,746501.2
2026-02-28 17:30:00,1772299800000,0.3037,0.3049,0.3015,0.3026,742974.1
2026-02-28 17:45:00,1772300700000,0.3026,0.3067,0.3021,0.306,429016.6
2026-02-28 18:00:00,1772301600000,0.306,0.3064,0.3049,0.3052,335856.1
2026-02-28 18:15:00,1772302500000,0.3052,0.3054,0.3043,0.3048,81246.9
2026-02-28 18:30:00,1772303400000,0.3048,0.3109,0.3048,0.3107,717953.7
2026-02-28 18:45:00,1772304300000,0.3107,0.3142,0.3103,0.3117,824525.2
2026-02-28 19:00:00,1772305200000,0.3117,0.3118,0.3091,0.3101,293982.9
2026-02-28 19:15:00,1772306100000,0.3101,0.3115,0.31,0.311,254331.2
2026-02-28 19:30:00,1772307000000,0.311,0.3198,0.311,0.3174,1825681.6
2026-02-28 19:45:00,1772307900000,0.3174,0.319,0.3162,0.3173,396418.6
2026-02-28 20:00:00,1772308800000,0.3173,0.3201,0.3162,0.3196,459013.2
2026-02-28 20:15:00,1772309700000,0.3196,0.3227,0.3184,0.3213,901566.6
2026-02-28 20:30:00,1772310600000,0.3213,0.3219,0.3189,0.321,226196.3
2026-02-28 20:45:00,1772311500000,0.321,0.3252,0.3206,0.3239,610073.9
2026-02-28 21:00:00,1772312400000,0.3239,0.3242,0.3192,0.3201,481284.6
2026-02-28 21:15:00,1772313300000,0.3201,0.3202,0.3185,0.3187,144336.4
2026-02-28 21:30:00,1772314200000,0.3187,0.322,0.3183,0.3207,449567.0
2026-02-28 21:45:00,1772315100000,0.3207,0.3219,0.3197,0.3206,201588.9
2026-02-28 22:00:00,1772316000000,0.3206,0.3257,0.3206,0.3242,495711.5
2026-02-28 22:15:00,1772316900000,0.3242,0.3264,0.3238,0.3247,131232.5
2026-02-28 22:30:00,1772317800000,0.3247,0.3293,0.3243,0.3264,506771.7
2026-02-28 22:45:00,1772318700000,0.3264,0.3278,0.3253,0.326,133593.1
2026-02-28 23:00:00,1772319600000,0.326,0.3263,0.325,0.3251,80661.8
2026-02-28 23:15:00,1772320500000,0.3251,0.326,0.3251,0.3259,56066.0
2026-02-28 23:30:00,1772321400000,0.3259,0.3261,0.3241,0.325,95342.0
2026-02-28 23:45:00,1772322300000,0.325,0.3264,0.325,0.3263,120058.0
2026-03-01 00:00:00,1772323200000,0.3263,0.328,0.3246,0.3247,380735.4
2026-03-01 00:15:00,1772324100000,0.3247,0.3256,0.3235,0.3237,90525.2
2026-03-01 00:30:00,1772325000000,0.3237,0.3243,0.3222,0.3238,138257.8
2026-03-01 00:45:00,1772325900000,0.3238,0.3247,0.323,0.3231,126849.4
2026-03-01 01:00:00,1772326800000,0.3231,0.3232,0.321,0.3215,329659.2
2026-03-01 01:15:00,1772327700000,0.3215,0.3233,0.3208,0.3232,152605.7
2026-03-01 01:30:00,1772328600000,0.3232,0.3282,0.3227,0.3274,311849.4
2026-03-01 01:45:00,1772329500000,0.3274,0.336,0.3273,0.3327,1244453.0
2026-03-01 02:00:00,1772330400000,0.3327,0.3408,0.3327,0.3384,1212124.9
2026-03-01 02:15:00,1772331300000,0.3384,0.3401,0.3355,0.3365,337642.9
2026-03-01 02:30:00,1772332200000,0.3365,0.3385,0.3355,0.338,210695.0
2026-03-01 02:45:00,1772333100000,0.338,0.3392,0.3361,0.3362,350081.8
2026-03-01 03:00:00,1772334000000,0.3362,0.3363,0.3353,0.3356,177596.4
2026-03-01 03:15:00,1772334900000,0.3356,0.3359,0.3324,0.333,324918.4
2026-03-01 03:30:00,1772335800000,0.333,0.3331,0.3317,0.3329,109192.0
2026-03-01 03:45:00,1772336700000,0.3329,0.333,0.3298,0.3311,446592.3
2026-03-01 04:00:00,1772337600000,0.3311,0.3321,0.33,0.3303,305731.9
2026-03-01 04:15:00,1772338500000,0.3303,0.3308,0.3273,0.3294,420676.2
2026-03-01 04:30:00,1772339400000,0.3294,0.332,0.3291,0.3307,207134.9
2026-03-01 04:45:00,1772340300000,0.3307,0.3316,0.3305,0.3312,119092.5
2026-03-01 05:00:00,1772341200000,0.3312,0.3331,0.3311,0.3311,202193.7
2026-03-01 05:15:00,1772342100000,0.3311,0.3334,0.3311,0.3326,66734.9
2026-03-01 05:30:00,1772343000000,0.3326,0.3332,0.3325,0.3327,44561.3
2026-03-01 05:45:00,1772343900000,0.3327,0.3331,0.3322,0.3328,73658.1
2026-03-01 06:00:00,1772344800000,0.3328,0.3328,0.328,0.3289,482243.4
2026-03-01 06:15:00,1772345700000,0.3289,0.3313,0.3289,0.3303,225800.7
2026-03-01 06:30:00,1772346600000,0.3303,0.3313,0.3289,0.3298,178138.8
2026-03-01 06:45:00,1772347500000,0.3298,0.3308,0.3287,0.3303,221341.5
2026-03-01 07:00:00,1772348400000,0.3303,0.3309,0.329,0.3299,145133.5
2026-03-01 07:15:00,1772349300000,0.3299,0.3312,0.3289,0.3302,52902.6
2026-03-01 07:30:00,1772350200000,0.3302,0.3321,0.3293,0.3313,143450.5
2026-03-01 07:45:00,1772351100000,0.3313,0.3321,0.3311,0.3321,25198.8
2026-03-01 08:00:00,1772352000000,0.3321,0.3326,0.3292,0.3321,266062.8
2026-03-01 08:15:00,1772352900000,0.3321,0.333,0.3315,0.3322,85481.1
2026-03-01 08:30:00,1772353800000,0.3322,0.3322,0.3298,0.3299,138693.9
2026-03-01 08:45:00,1772354700000,0.3299,0.3302,0.3247,0.3254,382332.3
2026-03-01 09:00:00,1772355600000,0.3254,0.3278,0.324,0.3266,412612.1
2026-03-01 09:15:00,1772356500000,0.3266,0.3285,0.3257,0.3265,110907.7
2026-03-01 09:30:00,1772357400000,0.3265,0.3267,0.3241,0.3245,146967.6
2026-03-01 09:45:00,1772358300000,0.3245,0.3248,0.321,0.3225,1083711.0
2026-03-01 10:00:00,1772359200000,0.3225,0.324,0.3219,0.3235,500252.4
2026-03-01 10:15:00,1772360100000,0.3235,0.3235,0.3224,0.3228,85022.6
2026-03-01 10:30:00,1772361000000,0.3228,0.3251,0.3226,0.3236,167853.5
2026-03-01 10:45:00,1772361900000,0.3236,0.324,0.323,0.3236,122014.6
2026-03-01 11:00:00,1772362800000,0.3236,0.3238,0.3225,0.3227,172418.8
2026-03-01 11:15:00,1772363700000,0.3227,0.3235,0.3224,0.323,94128.7
2026-03-01 11:30:00,1772364600000,0.323,0.3234,0.3218,0.3222,105242.4
2026-03-01 11:45:00,1772365500000,0.3222,0.3228,0.3218,0.3223,68573.5
2026-03-01 12:00:00,1772366400000,0.3223,0.3229,0.3214,0.322,141184.4
2026-03-01 12:15:00,1772367300000,0.322,0.3231,0.3219,0.3221,112974.2
2026-03-01 12:30:00,1772368200000,0.3221,0.3225,0.3205,0.321,148637.3
2026-03-01 12:45:00,1772369100000,0.321,0.321,0.319,0.3191,146207.2
2026-03-01 13:00:00,1772370000000,0.3191,0.3196,0.3179,0.3187,209849.1
2026-03-01 13:15:00,1772370900000,0.3187,0.3192,0.3165,0.3177,343413.2
2026-03-01 13:30:00,1772371800000,0.3177,0.3179,0.3171,0.3175,98923.3
2026-03-01 13:45:00,1772372700000,0.3175,0.3266,0.3175,0.3248,2237150.0
2026-03-01 14:00:00,1772373600000,0.3248,0.3271,0.3234,0.3254,551353.4
2026-03-01 14:15:00,1772374500000,0.3254,0.3257,0.3221,0.3224,353872.3
2026-03-01 14:30:00,1772375400000,0.3224,0.3239,0.3204,0.3208,239249.8
2026-03-01 14:45:00,1772376300000,0.3208,0.3215,0.3197,0.3208,154160.8
2026-03-01 15:00:00,1772377200000,0.3208,0.3218,0.3201,0.3218,136502.3
2026-03-01 15:15:00,1772378100000,0.3218,0.323,0.3205,0.3219,386634.4
2026-03-01 15:30:00,1772379000000,0.3219,0.3235,0.3219,0.3227,93717.6
2026-03-01 15:45:00,1772379900000,0.3227,0.3231,0.3206,0.321,221107.6
2026-03-01 16:00:00,1772380800000,0.321,0.3245,0.3199,0.3239,793949.9
2026-03-01 16:15:00,1772381700000,0.3239,0.3241,0.3214,0.3233,244500.5
2026-03-01 16:30:00,1772382600000,0.3233,0.3239,0.3224,0.3224,91709.8
2026-03-01 16:45:00,1772383500000,0.3224,0.3224,0.3159,0.3185,1006639.3
2026-03-01 17:00:00,1772384400000,0.3185,0.3191,0.3172,0.3179,432732.7
2026-03-01 17:15:00,1772385300000,0.3179,0.3179,0.3142,0.3166,300749.9
2026-03-01 17:30:00,1772386200000,0.3166,0.3176,0.3156,0.3169,96215.0
2026-03-01 17:45:00,1772387100000,0.3169,0.3174,0.3153,0.3156,337936.6
2026-03-01 18:00:00,1772388000000,0.3156,0.3213,0.3155,0.3196,761823.3
2026-03-01 18:15:00,1772388900000,0.3196,0.3207,0.3187,0.3191,296243.8
2026-03-01 18:30:00,1772389800000,0.3191,0.3194,0.3177,0.3189,374545.7
2026-03-01 18:45:00,1772390700000,0.3189,0.3192,0.3178,0.318,131825.5
2026-03-01 19:00:00,1772391600000,0.318,0.3181,0.3153,0.3157,629975.9
2026-03-01 19:15:00,1772392500000,0.3157,0.3159,0.3142,0.3144,311071.9
2026-03-01 19:30:00,1772393400000,0.3144,0.316,0.3124,0.3129,727231.2
2026-03-01 19:45:00,1772394300000,0.3129,0.3136,0.312,0.3128,464248.1
2026-03-01 20:00:00,1772395200000,0.3128,0.3131,0.3099,0.3101,822067.7
2026-03-01 20:15:00,1772396100000,0.3101,0.3108,0.3089,0.3094,609242.4
2026-03-01 20:30:00,1772397000000,0.3094,0.3096,0.3073,0.3083,800717.9
2026-03-01 20:45:00,1772397900000,0.3083,0.3098,0.308,0.3089,362425.8
2026-03-01 21:00:00,1772398800000,0.3089,0.3116,0.3089,0.3114,208184.4
2026-03-01 21:15:00,1772399700000,0.3114,0.3151,0.3109,0.3149,1119762.7
2026-03-01 21:30:00,1772400600000,0.3149,0.315,0.3134,0.314,469772.1
2026-03-01 21:45:00,1772401500000,0.314,0.3146,0.3138,0.3143,98182.4
2026-03-01 22:00:00,1772402400000,0.3143,0.3212,0.3135,0.3181,1166006.3
2026-03-01 22:15:00,1772403300000,0.3181,0.3196,0.3171,0.3176,255525.3
2026-03-01 22:30:00,1772404200000,0.3176,0.3182,0.315,0.3174,172317.7
2026-03-01 22:45:00,1772405100000,0.3174,0.3175,0.3155,0.3155,109861.0
2026-03-01 23:00:00,1772406000000,0.3155,0.322,0.3148,0.3198,333169.0
2026-03-01 23:15:00,1772406900000,0.3198,0.3199,0.3173,0.318,232669.4
2026-03-01 23:30:00,1772407800000,0.318,0.3195,0.3176,0.3186,97343.1
2026-03-01 23:45:00,1772408700000,0.3186,0.32,0.3182,0.3186,43403.7
2026-03-02 00:00:00,1772409600000,0.3186,0.3213,0.3186,0.3202,160724.3
2026-03-02 00:15:00,1772410500000,0.3202,0.321,0.3196,0.3203,210526.1
2026-03-02 00:30:00,1772411400000,0.3203,0.3257,0.3202,0.3257,255740.0
2026-03-02 00:45:00,1772412300000,0.3257,0.3262,0.3229,0.3234,460519.5
2026-03-02 01:00:00,1772413200000,0.3234,0.3278,0.3225,0.3266,280599.5
2026-03-02 01:15:00,1772414100000,0.3266,0.3274,0.3237,0.3241,209292.0
2026-03-02 01:30:00,1772415000000,0.3241,0.3261,0.3241,0.325,46381.5
2026-03-02 01:45:00,1772415900000,0.325,0.3261,0.3243,0.3247,194417.7
2026-03-02 02:00:00,1772416800000,0.3247,0.3256,0.3211,0.3222,253604.8
2026-03-02 02:15:00,1772417700000,0.3222,0.3232,0.3213,0.3232,140900.9
2026-03-02 02:30:00,1772418600000,0.3232,0.3256,0.3229,0.3247,36453.7
2026-03-02 02:45:00,1772419500000,0.3247,0.3258,0.3236,0.3241,241880.4
2026-03-02 03:00:00,1772420400000,0.3241,0.3247,0.3226,0.3243,188151.4
2026-03-02 03:15:00,1772421300000,0.3243,0.3269,0.324,0.3264,89209.1
2026-03-02 03:30:00,1772422200000,0.3264,0.3278,0.3255,0.327,175945.3
2026-03-02 03:45:00,1772423100000,0.327,0.3285,0.327,0.3278,256469.8
2026-03-02 04:00:00,1772424000000,0.3278,0.3281,0.3267,0.3276,110517.6
2026-03-02 04:15:00,1772424900000,0.3276,0.3294,0.3271,0.3291,287175.8
2026-03-02 04:30:00,1772425800000,0.3291,0.3298,0.3283,0.3292,158271.5
2026-03-02 04:45:00,1772426700000,0.3292,0.3292,0.326,0.3268,255475.3
2026-03-02 05:00:00,1772427600000,0.3268,0.3269,0.3237,0.3245,225398.4
2026-03-02 05:15:00,1772428500000,0.3245,0.3255,0.3241,0.325,66417.0
2026-03-02 05:30:00,1772429400000,0.325,0.3271,0.3249,0.3266,241819.1
2026-03-02 05:45:00,1772430300000,0.3266,0.3267,0.3242,0.3242,80016.1
2026-03-02 06:00:00,1772431200000,0.3242,0.3244,0.3231,0.3238,272872.7
2026-03-02 06:15:00,1772432100000,0.3238,0.3241,0.3179,0.3203,802051.7
2026-03-02 06:30:00,1772433000000,0.3203,0.3222,0.3199,0.3217,133072.1
2026-03-02 06:45:00,1772433900000,0.3217,0.3217,0.3198,0.3209,67858.5
2026-03-02 07:00:00,1772434800000,0.3209,0.321,0.3159,0.3166,453786.7
2026-03-02 07:15:00,1772435700000,0.3166,0.3178,0.3158,0.3175,247129.2
2026-03-02 07:30:00,1772436600000,0.3175,0.3191,0.3173,0.3189,208790.9
2026-03-02 07:45:00,1772437500000,0.3189,0.3189,0.3178,0.3183,169162.4
2026-03-02 08:00:00,1772438400000,0.3183,0.3184,0.3151,0.3181,485604.8
2026-03-02 08:15:00,1772439300000,0.3181,0.3182,0.3153,0.3161,140705.4
2026-03-02 08:30:00,1772440200000,0.3161,0.3189,0.316,0.3186,207968.7
2026-03-02 08:45:00,1772441100000,0.3186,0.3215,0.3182,0.3205,271982.8
2026-03-02 09:00:00,1772442000000,0.3205,0.3231,0.32,0.3226,236573.1
2026-03-02 09:15:00,1772442900000,0.3226,0.3237,0.3217,0.3218,256925.1
2026-03-02 09:30:00,1772443800000,0.3218,0.3235,0.3218,0.3234,124961.2
2026-03-02 09:45:00,1772444700000,0.3234,0.3236,0.3215,0.3215,239285.3
2026-03-02 10:00:00,1772445600000,0.3215,0.3228,0.3208,0.3216,265693.9
2026-03-02 10:15:00,1772446500000,0.3216,0.3222,0.3213,0.3222,88586.2
2026-03-02 10:30:00,1772447400000,0.3222,0.3233,0.3216,0.3229,174092.2
2026-03-02 10:45:00,1772448300000,0.3229,0.3234,0.3222,0.3234,105985.7
2026-03-02 11:00:00,1772449200000,0.3234,0.3246,0.3228,0.3239,243658.9
2026-03-02 11:15:00,1772450100000,0.3239,0.3248,0.3231,0.3241,237807.4
2026-03-02 11:30:00,1772451000000,0.3241,0.3254,0.3237,0.3242,135304.3
2026-03-02 11:45:00,1772451900000,0.3242,0.3255,0.3239,0.3245,202550.1
2026-03-02 12:00:00,1772452800000,0.3245,0.3246,0.3232,0.3234,168277.1
2026-03-02 12:15:00,1772453700000,0.3234,0.3235,0.3216,0.3223,130984.8
2026-03-02 12:30:00,1772454600000,0.3223,0.3223,0.3209,0.3215,210162.1
2026-03-02 12:45:00,1772455500000,0.3215,0.3225,0.3212,0.3216,43068.7
2026-03-02 13:00:00,1772456400000,0.3216,0.3221,0.3202,0.3211,153161.8
2026-03-02 13:15:00,1772457300000,0.3211,0.3232,0.3204,0.3208,201609.1
2026-03-02 13:30:00,1772458200000,0.3208,0.3226,0.3199,0.3212,255281.5
2026-03-02 13:45:00,1772459100000,0.3212,0.3213,0.3192,0.3204,122609.3
2026-03-02 14:00:00,1772460000000,0.3204,0.3226,0.3197,0.3221,120947.7
2026-03-02 14:15:00,1772460900000,0.3221,0.3233,0.32,0.3214,271615.4
2026-03-02 14:30:00,1772461800000,0.3214,0.3298,0.321,0.3297,904370.2
2026-03-02 14:45:00,1772462700000,0.3297,0.3341,0.3282,0.3328,1409666.6
2026-03-02 15:00:00,1772463600000,0.3328,0.3408,0.3311,0.3405,934891.4
2026-03-02 15:15:00,1772464500000,0.3405,0.3419,0.3369,0.3395,1293411.5
2026-03-02 15:30:00,1772465400000,0.3395,0.3411,0.3372,0.3382,658179.6
2026-03-02 15:45:00,1772466300000,0.3382,0.3399,0.3352,0.3383,648902.9
2026-03-02 16:00:00,1772467200000,0.3383,0.344,0.3377,0.3435,699995.2
2026-03-02 16:15:00,1772468100000,0.3435,0.3449,0.341,0.3417,409318.4
2026-03-02 16:30:00,1772469000000,0.3417,0.3424,0.3362,0.3421,793145.1
2026-03-02 16:45:00,1772469900000,0.3421,0.3436,0.3391,0.3395,514529.6
2026-03-02 17:00:00,1772470800000,0.3395,0.3396,0.336,0.3369,311852.1
2026-03-02 17:15:00,1772471700000,0.3369,0.3376,0.3342,0.3365,512682.8
2026-03-02 17:30:00,1772472600000,0.3365,0.3383,0.3318,0.3323,780101.7
2026-03-02 17:45:00,1772473500000,0.3323,0.3365,0.3317,0.3363,716349.3
2026-03-02 18:00:00,1772474400000,0.3363,0.3363,0.3322,0.3363,356588.6
2026-03-02 18:15:00,1772475300000,0.3363,0.3363,0.3345,0.3346,105705.7
2026-03-02 18:30:00,1772476200000,0.3346,0.3352,0.3334,0.3349,186370.9
2026-03-02 18:45:00,1772477100000,0.3349,0.3365,0.3338,0.3348,324408.9
2026-03-02 19:00:00,1772478000000,0.3348,0.335,0.3318,0.333,388102.4
2026-03-02 19:15:00,1772478900000,0.333,0.3346,0.3325,0.3336,137785.4
2026-03-02 19:30:00,1772479800000,0.3336,0.3358,0.3329,0.3336,189844.7
2026-03-02 19:45:00,1772480700000,0.3336,0.3352,0.3334,0.3342,234806.9
2026-03-02 20:00:00,1772481600000,0.3342,0.3367,0.3315,0.3327,419932.9
2026-03-02 20:15:00,1772482500000,0.3327,0.3333,0.3316,0.3321,124143.5
2026-03-02 20:30:00,1772483400000,0.3321,0.3328,0.3315,0.3327,67273.6
2026-03-02 20:45:00,1772484300000,0.3327,0.3337,0.3312,0.3315,216289.9
2026-03-02 21:00:00,1772485200000,0.3315,0.3318,0.3293,0.3313,197045.6
2026-03-02 21:15:00,1772486100000,0.3313,0.3314,0.3296,0.3313,106595.2
2026-03-02 21:30:00,1772487000000,0.3313,0.3319,0.3309,0.3317,95000.5
2026-03-02 21:45:00,1772487900000,0.3317,0.3319,0.3304,0.331,91972.6
2026-03-02 22:00:00,1772488800000,0.331,0.3323,0.3299,0.3302,134923.4
2026-03-02 22:15:00,1772489700000,0.3302,0.3312,0.3295,0.331,55662.3
2026-03-02 22:30:00,1772490600000,0.331,0.3314,0.3299,0.3302,60421.6
2026-03-02 22:45:00,1772491500000,0.3302,0.3304,0.3288,0.3298,130141.6
2026-03-02 23:00:00,1772492400000,0.3298,0.3299,0.327,0.327,228907.9
2026-03-02 23:15:00,1772493300000,0.327,0.3276,0.3244,0.3245,485481.1
2026-03-02 23:30:00,1772494200000,0.3245,0.3247,0.3233,0.3238,259183.2
