Open_time,Open_time,Open,High,Low,Close,Volume
2026-03-14 00:00:00,1773446400000,4.6888,4.6931,4.6174,4.6257,9226.4
2026-03-14 00:15:00,1773447300000,4.6257,4.6501,4.6099,4.639,2588.6
2026-03-14 00:30:00,1773448200000,4.639,4.651,4.622,4.6259,4314.9
2026-03-14 00:45:00,1773449100000,4.6259,4.6979,4.6132,4.6639,12008.8
2026-03-14 01:00:00,1773450000000,4.6639,4.6851,4.6215,4.6609,9013.7
2026-03-14 01:15:00,1773450900000,4.6609,4.694,4.6554,4.6886,2032.0
2026-03-14 01:30:00,1773451800000,4.6886,4.7156,4.6759,4.7122,8512.9
2026-03-14 01:45:00,1773452700000,4.7122,4.741,4.6914,4.7065,6185.1
2026-03-14 02:00:00,1773453600000,4.7065,4.7159,4.6729,4.6955,2888.5
2026-03-14 02:15:00,1773454500000,4.6955,4.715,4.6827,4.6984,1493.5
2026-03-14 02:30:00,1773455400000,4.6984,4.7291,4.6783,4.7231,2791.4
2026-03-14 02:45:00,1773456300000,4.7231,4.7231,4.6826,4.7,3144.4
2026-03-14 03:00:00,1773457200000,4.7,4.7118,4.6857,4.6901,3038.2
2026-03-14 03:15:00,1773458100000,4.6901,4.6903,4.6476,4.6534,5659.2
2026-03-14 03:30:00,1773459000000,4.6534,4.6599,4.6146,4.6146,2764.5
2026-03-14 03:45:00,1773459900000,4.6146,4.6221,4.5894,4.6036,5421.5
2026-03-14 04:00:00,1773460800000,4.6036,4.6069,4.5564,4.5843,6414.3
2026-03-14 04:15:00,1773461700000,4.5843,4.6149,4.577,4.6036,1887.5
2026-03-14 04:30:00,1773462600000,4.6036,4.6036,4.5605,4.5892,3886.0
2026-03-14 04:45:00,1773463500000,4.5892,4.5998,4.564,4.5651,2442.8
2026-03-14 05:00:00,1773464400000,4.5651,4.5975,4.5584,4.5886,5660.8
2026-03-14 05:15:00,1773465300000,4.5886,4.6037,4.5701,4.574,4883.3
2026-03-14 05:30:00,1773466200000,4.574,4.5959,4.5704,4.5771,4352.0
2026-03-14 05:45:00,1773467100000,4.5771,4.6099,4.565,4.6099,1736.8
2026-03-14 06:00:00,1773468000000,4.6099,4.6099,4.5692,4.5695,2743.5
2026-03-14 06:15:00,1773468900000,4.5695,4.5725,4.5401,4.5501,6253.5
2026-03-14 06:30:00,1773469800000,4.5501,4.5746,4.5436,4.5691,5581.1
2026-03-14 06:45:00,1773470700000,4.5691,4.7243,4.5666,4.6791,18959.0
2026-03-14 07:00:00,1773471600000,4.6791,4.7192,4.6762,4.708,3720.9
2026-03-14 07:15:00,1773472500000,4.708,4.7537,4.6994,4.7269,10428.7
2026-03-14 07:30:00,1773473400000,4.7269,4.7291,4.6859,4.7184,3211.2
2026-03-14 07:45:00,1773474300000,4.7184,4.7355,4.7021,4.7254,2003.3
2026-03-14 08:00:00,1773475200000,4.7254,4.7775,4.6927,4.768,7367.1
2026-03-14 08:15:00,1773476100000,4.768,4.7723,4.7407,4.7462,2020.8
2026-03-14 08:30:00,1773477000000,4.7462,4.7509,4.6892,4.706,8300.2
2026-03-14 08:45:00,1773477900000,4.706,4.7619,4.706,4.7579,4719.7
2026-03-14 09:00:00,1773478800000,4.7579,4.7763,4.7324,4.7729,10166.8
2026-03-14 09:15:00,1773479700000,4.7729,4.7729,4.7454,4.76,1678.3
2026-03-14 09:30:00,1773480600000,4.76,4.7904,4.7494,4.7781,4079.8
2026-03-14 09:45:00,1773481500000,4.7781,4.8047,4.768,4.7699,2685.1
2026-03-14 10:00:00,1773482400000,4.7699,4.8149,4.7615,4.8014,4178.2
2026-03-14 10:15:00,1773483300000,4.8014,5.0199,4.7813,4.9766,39393.7
2026-03-14 10:30:00,1773484200000,4.9766,5.0654,4.9007,5.0618,47720.5
2026-03-14 10:45:00,1773485100000,5.0618,5.2167,4.768,4.916,170416.2
2026-03-14 11:00:00,1773486000000,4.916,5.021,4.8984,4.9627,93458.9
2026-03-14 11:15:00,1773486900000,4.9627,4.9972,4.9352,4.9714,27611.0
2026-03-14 11:30:00,1773487800000,4.9714,4.9959,4.9371,4.9845,27960.7
2026-03-14 11:45:00,1773488700000,4.9845,5.0659,4.9594,5.0496,47818.2
2026-03-14 12:00:00,1773489600000,5.0496,5.1835,5.0332,5.1519,89243.7
2026-03-14 12:15:00,1773490500000,5.1519,5.2836,5.1373,5.2255,72811.9
2026-03-14 12:30:00,1773491400000,5.2255,5.2637,5.1245,5.1705,87999.0
2026-03-14 12:45:00,1773492300000,5.1705,5.2443,5.1572,5.2166,41254.8
2026-03-14 13:00:00,1773493200000,5.2166,5.2433,5.1406,5.185,55247.5
2026-03-14 13:15:00,1773494100000,5.185,5.2918,5.1843,5.2521,28443.9
2026-03-14 13:30:00,1773495000000,5.2521,5.2827,5.1927,5.2342,25199.5
2026-03-14 13:45:00,1773495900000,5.2342,5.3109,5.2324,5.2733,20025.7
2026-03-14 14:00:00,1773496800000,5.2733,5.3427,5.261,5.3347,37292.6
2026-03-14 14:15:00,1773497700000,5.3347,5.3355,5.2608,5.3229,47442.9
2026-03-14 14:30:00,1773498600000,5.3229,5.3699,5.282,5.282,69360.7
2026-03-14 14:45:00,1773499500000,5.282,5.3445,5.282,5.3047,35003.6
2026-03-14 15:00:00,1773500400000,5.3047,5.3159,5.232,5.247,35131.4
2026-03-14 15:15:00,1773501300000,5.247,5.3499,5.2201,5.3122,46167.4
2026-03-14 15:30:00,1773502200000,5.3122,5.3392,5.214,5.2723,43910.0
2026-03-14 15:45:00,1773503100000,5.2723,5.3314,5.2722,5.312,28606.5
2026-03-14 16:00:00,1773504000000,5.312,5.3387,5.2643,5.2851,22549.9
2026-03-14 16:15:00,1773504900000,5.2851,5.3099,5.2471,5.2526,13088.2
2026-03-14 16:30:00,1773505800000,5.2526,5.2924,5.228,5.2545,26136.8
2026-03-14 16:45:00,1773506700000,5.2545,5.2682,5.2086,5.2182,29290.3
2026-03-14 17:00:00,1773507600000,5.2182,5.26,5.185,5.2388,34483.1
2026-03-14 17:15:00,1773508500000,5.2388,5.2699,5.2313,5.2488,20121.6
2026-03-14 17:30:00,1773509400000,5.2488,5.3699,5.2437,5.3037,32266.2
2026-03-14 17:45:00,1773510300000,5.3037,5.3134,5.2416,5.261,31614.0
2026-03-14 18:00:00,1773511200000,5.261,5.2801,5.2308,5.2515,9349.2
2026-03-14 18:15:00,1773512100000,5.2515,5.2743,5.2397,5.2498,12834.3
2026-03-14 18:30:00,1773513000000,5.2498,5.267,5.229,5.252,8724.6
2026-03-14 18:45:00,1773513900000,5.252,5.2821,5.1786,5.196,28665.1
2026-03-14 19:00:00,1773514800000,5.196,5.2297,5.1784,5.2297,15422.8
2026-03-14 19:15:00,1773515700000,5.2297,5.2297,5.1961,5.1961,6211.5
2026-03-14 19:30:00,1773516600000,5.1961,5.2207,5.1646,5.2018,15401.3
2026-03-14 19:45:00,1773517500000,5.2018,5.2072,5.1714,5.1855,5546.0
2026-03-14 20:00:00,1773518400000,5.1855,5.2286,5.1783,5.2005,18648.4
2026-03-14 20:15:00,1773519300000,5.2005,5.2287,5.1976,5.2219,9612.6
2026-03-14 20:30:00,1773520200000,5.2219,5.3895,5.2106,5.2173,45122.6
2026-03-14 20:45:00,1773521100000,5.2173,5.2208,5.1932,5.1996,5333.1
2026-03-14 21:00:00,1773522000000,5.1996,5.2189,5.1936,5.2061,11754.1
2026-03-14 21:15:00,1773522900000,5.2061,5.2131,5.1828,5.2034,4079.9
2026-03-14 21:30:00,1773523800000,5.2034,5.3061,5.2013,5.2573,17398.9
2026-03-14 21:45:00,1773524700000,5.2573,5.2839,5.2291,5.2684,7408.2
2026-03-14 22:00:00,1773525600000,5.2684,5.297,5.2404,5.2624,6077.6
2026-03-14 22:15:00,1773526500000,5.2624,5.2652,5.2058,5.2205,6653.6
2026-03-14 22:30:00,1773527400000,5.2205,5.26,5.2147,5.2436,10115.2
2026-03-14 22:45:00,1773528300000,5.2436,5.2547,5.2209,5.2536,4807.3
2026-03-14 23:00:00,1773529200000,5.2536,5.2809,5.2393,5.2676,5858.9
2026-03-14 23:15:00,1773530100000,5.2676,5.347,5.2382,5.3034,8716.2
2026-03-14 23:30:00,1773531000000,5.3034,5.3339,5.281,5.3071,6821.6
2026-03-14 23:45:00,1773531900000,5.3071,5.3153,5.257,5.2639,7512.8
2026-03-15 00:00:00,1773532800000,5.2639,5.2899,5.2383,5.2464,5680.8
2026-03-15 00:15:00,1773533700000,5.2464,5.2651,5.2176,5.2283,6774.1
2026-03-15 00:30:00,1773534600000,5.2283,5.229,5.1673,5.1794,12298.4
2026-03-15 00:45:00,1773535500000,5.1794,5.2692,5.1453,5.2105,19198.0
2026-03-15 01:00:00,1773536400000,5.2105,5.2411,5.1893,5.2376,5542.4
2026-03-15 01:15:00,1773537300000,5.2376,5.2957,5.2131,5.288,6811.3
2026-03-15 01:30:00,1773538200000,5.288,5.3638,5.2716,5.3568,14637.4
2026-03-15 01:45:00,1773539100000,5.3568,5.5934,5.3334,5.4755,101143.7
2026-03-15 02:00:00,1773540000000,5.4755,5.4755,5.351,5.398,24405.0
2026-03-15 02:15:00,1773540900000,5.398,5.433,5.3773,5.4183,8313.4
2026-03-15 02:30:00,1773541800000,5.4183,5.4332,5.3735,5.3737,9156.9
2026-03-15 02:45:00,1773542700000,5.3737,5.4387,5.3558,5.3994,8060.2
2026-03-15 03:00:00,1773543600000,5.3994,5.436,5.3683,5.415,10061.3
2026-03-15 03:15:00,1773544500000,5.415,5.4419,5.3899,5.4152,5195.9
2026-03-15 03:30:00,1773545400000,5.4152,5.4285,5.3881,5.4263,5879.1
2026-03-15 03:45:00,1773546300000,5.4263,5.4657,5.4225,5.45,10434.3
2026-03-15 04:00:00,1773547200000,5.45,5.463,5.3958,5.416,22974.9
2026-03-15 04:15:00,1773548100000,5.416,5.447,5.3697,5.411,17874.2
2026-03-15 04:30:00,1773549000000,5.411,5.4469,5.4031,5.43,12909.6
2026-03-15 04:45:00,1773549900000,5.43,5.4357,5.4054,5.4234,7617.6
2026-03-15 05:00:00,1773550800000,5.4234,5.4528,5.4087,5.4255,10698.4
2026-03-15 05:15:00,1773551700000,5.4255,5.4328,5.4047,5.415,8810.8
2026-03-15 05:30:00,1773552600000,5.415,5.4503,5.4052,5.447,8398.6
2026-03-15 05:45:00,1773553500000,5.447,5.4668,5.4151,5.4237,10079.8
2026-03-15 06:00:00,1773554400000,5.4237,5.4609,5.4237,5.436,12889.5
2026-03-15 06:15:00,1773555300000,5.436,5.4713,5.4238,5.4515,20439.0
2026-03-15 06:30:00,1773556200000,5.4515,5.4717,5.4427,5.4621,26438.3
2026-03-15 06:45:00,1773557100000,5.4621,5.4738,5.4487,5.4597,19753.8
2026-03-15 07:00:00,1773558000000,5.4597,5.5031,5.4332,5.4374,23893.4
2026-03-15 07:15:00,1773558900000,5.4374,5.4457,5.3915,5.4072,12982.7
2026-03-15 07:30:00,1773559800000,5.4072,5.4558,5.4072,5.4357,6323.3
2026-03-15 07:45:00,1773560700000,5.4357,5.4388,5.3982,5.4225,9702.2
2026-03-15 08:00:00,1773561600000,5.4225,5.4473,5.3829,5.422,11292.9
2026-03-15 08:15:00,1773562500000,5.422,5.4512,5.4055,5.4369,5470.9
2026-03-15 08:30:00,1773563400000,5.4369,5.449,5.38,5.3917,9074.0
2026-03-15 08:45:00,1773564300000,5.3917,5.4022,5.334,5.3605,18959.4
2026-03-15 09:00:00,1773565200000,5.3605,5.41,5.3469,5.3821,16330.2
2026-03-15 09:15:00,1773566100000,5.3821,5.3829,5.3022,5.3183,10849.2
2026-03-15 09:30:00,1773567000000,5.3183,5.3742,5.3143,5.3648,7950.8
2026-03-15 09:45:00,1773567900000,5.3648,5.449,5.3559,5.4305,19928.7
2026-03-15 10:00:00,1773568800000,5.4305,5.4706,5.4242,5.4567,13398.2
2026-03-15 10:15:00,1773569700000,5.4567,5.4567,5.3863,5.3952,9518.6
2026-03-15 10:30:00,1773570600000,5.3952,5.3995,5.3562,5.3683,8201.2
2026-03-15 10:45:00,1773571500000,5.3683,5.4054,5.3681,5.4019,2845.0
2026-03-15 11:00:00,1773572400000,5.4019,5.4027,5.3709,5.3834,3554.6
2026-03-15 11:15:00,1773573300000,5.3834,5.3934,5.3767,5.3889,3355.9
2026-03-15 11:30:00,1773574200000,5.3889,5.4038,5.3783,5.3895,1314.1
2026-03-15 11:45:00,1773575100000,5.3895,5.3914,5.3684,5.3767,1440.4
2026-03-15 12:00:00,1773576000000,5.3767,5.3784,5.33,5.3549,6624.6
2026-03-15 12:15:00,1773576900000,5.3549,5.3563,5.3232,5.3312,3811.5
2026-03-15 12:30:00,1773577800000,5.3312,5.335,5.192,5.2459,29566.0
2026-03-15 12:45:00,1773578700000,5.2459,5.2827,5.2346,5.2672,14954.4
2026-03-15 13:00:00,1773579600000,5.2672,5.2746,5.2207,5.2295,8219.2
2026-03-15 13:15:00,1773580500000,5.2295,5.2374,5.1726,5.2308,15339.9
2026-03-15 13:30:00,1773581400000,5.2308,5.2349,5.1915,5.2006,3473.4
2026-03-15 13:45:00,1773582300000,5.2006,5.2389,5.1796,5.238,9134.6
2026-03-15 14:00:00,1773583200000,5.238,5.2444,5.1574,5.1574,9276.3
2026-03-15 14:15:00,1773584100000,5.1574,5.1857,5.1362,5.1507,7694.2
2026-03-15 14:30:00,1773585000000,5.1507,5.1947,5.126,5.1752,12439.3
2026-03-15 14:45:00,1773585900000,5.1752,5.1879,5.151,5.1632,4982.1
2026-03-15 15:00:00,1773586800000,5.1632,5.2222,5.1552,5.1957,7627.9
2026-03-15 15:15:00,1773587700000,5.1957,5.2093,5.17,5.17,2296.9
2026-03-15 15:30:00,1773588600000,5.17,5.2031,5.1512,5.1775,6710.4
2026-03-15 15:45:00,1773589500000,5.1775,5.22,5.1775,5.2031,5019.6
2026-03-15 16:00:00,1773590400000,5.2031,5.2268,5.1809,5.1957,5438.3
2026-03-15 16:15:00,1773591300000,5.1957,5.1957,5.1303,5.1605,8604.2
2026-03-15 16:30:00,1773592200000,5.1605,5.2028,5.1513,5.189,2619.6
2026-03-15 16:45:00,1773593100000,5.189,5.189,5.1619,5.177,3189.5
2026-03-15 17:00:00,1773594000000,5.177,5.1971,5.1414,5.1971,6722.4
2026-03-15 17:15:00,1773594900000,5.1971,5.1971,5.1581,5.1731,2342.5
2026-03-15 17:30:00,1773595800000,5.1731,5.2118,5.161,5.1949,3901.1
2026-03-15 17:45:00,1773596700000,5.1949,5.2459,5.1845,5.2255,8110.6
2026-03-15 18:00:00,1773597600000,5.2255,5.2262,5.1855,5.1904,4019.3
2026-03-15 18:15:00,1773598500000,5.1904,5.195,5.1744,5.1766,1242.6
2026-03-15 18:30:00,1773599400000,5.1766,5.2123,5.1766,5.1842,1958.8
2026-03-15 18:45:00,1773600300000,5.1842,5.1956,5.1824,5.1875,3242.2
2026-03-15 19:00:00,1773601200000,5.1875,5.2199,5.1832,5.2031,1619.7
2026-03-15 19:15:00,1773602100000,5.2031,5.2196,5.2,5.2196,803.5
2026-03-15 19:30:00,1773603000000,5.2196,5.2318,5.2119,5.2144,2088.8
2026-03-15 19:45:00,1773603900000,5.2144,5.2535,5.2113,5.2265,9576.3
2026-03-15 20:00:00,1773604800000,5.2265,5.2442,5.2222,5.2311,2725.3
2026-03-15 20:15:00,1773605700000,5.2311,5.2315,5.2059,5.2122,2578.2
2026-03-15 20:30:00,1773606600000,5.2122,5.2405,5.2122,5.2349,1512.1
2026-03-15 20:45:00,1773607500000,5.2349,5.2365,5.2032,5.218,2948.3
2026-03-15 21:00:00,1773608400000,5.218,5.2377,5.198,5.2134,8333.2
2026-03-15 21:15:00,1773609300000,5.2134,5.2134,5.1934,5.2036,1109.5
2026-03-15 21:30:00,1773610200000,5.2036,5.2334,5.2036,5.2302,2500.3
2026-03-15 21:45:00,1773611100000,5.2302,5.2308,5.2207,5.2226,1281.4
2026-03-15 22:00:00,1773612000000,5.2226,5.2262,5.1972,5.1997,3515.4
2026-03-15 22:15:00,1773612900000,5.1997,5.2042,5.1852,5.1883,1884.1
2026-03-15 22:30:00,1773613800000,5.1883,5.2199,5.1745,5.198,13877.3
2026-03-15 22:45:00,1773614700000,5.198,5.2188,5.1952,5.2053,4664.9
2026-03-15 23:00:00,1773615600000,5.2053,5.2068,5.1863,5.2026,3078.4
2026-03-15 23:15:00,1773616500000,5.2026,5.2089,5.1729,5.1839,1138.3
2026-03-15 23:30:00,1773617400000,5.1839,5.2166,5.1811,5.2103,1027.1
2026-03-15 23:45:00,1773618300000,5.2103,5.23,5.2046,5.2144,2596.2
2026-03-16 00:00:00,1773619200000,5.2144,5.2445,5.1956,5.2445,4742.6
2026-03-16 00:15:00,1773620100000,5.2445,5.3248,5.2381,5.3112,18437.3
2026-03-16 00:30:00,1773621000000,5.3112,5.3466,5.2952,5.3229,9755.9
2026-03-16 00:45:00,1773621900000,5.3229,5.3249,5.2765,5.2846,3133.0
2026-03-16 01:00:00,1773622800000,5.2846,5.2951,5.2521,5.2623,2456.1
2026-03-16 01:15:00,1773623700000,5.2623,5.2845,5.2556,5.2713,3523.6
2026-03-16 01:30:00,1773624600000,5.2713,5.2787,5.2496,5.2687,2373.0
2026-03-16 01:45:00,1773625500000,5.2687,5.3333,5.2685,5.32,3374.8
2026-03-16 02:00:00,1773626400000,5.32,5.32,5.2601,5.2622,5136.6
2026-03-16 02:15:00,1773627300000,5.2622,5.2634,5.1558,5.1718,8778.7
2026-03-16 02:30:00,1773628200000,5.1718,5.1869,5.1522,5.1662,4510.1
2026-03-16 02:45:00,1773629100000,5.1662,5.1895,5.1377,5.1895,6180.1
2026-03-16 03:00:00,1773630000000,5.1895,5.1895,5.1047,5.1238,8517.8
2026-03-16 03:15:00,1773630900000,5.1238,5.1492,5.0477,5.0652,16737.3
2026-03-16 03:30:00,1773631800000,5.0652,5.1025,5.0472,5.0667,15728.5
2026-03-16 03:45:00,1773632700000,5.0667,5.074,5.0385,5.0655,8045.7
2026-03-16 04:00:00,1773633600000,5.0655,5.0969,5.0628,5.0826,4262.2
2026-03-16 04:15:00,1773634500000,5.0826,5.0864,5.0458,5.048,10911.8
2026-03-16 04:30:00,1773635400000,5.048,5.0641,5.0253,5.0324,3718.9
2026-03-16 04:45:00,1773636300000,5.0324,5.0717,5.0151,5.0506,18657.8
2026-03-16 05:00:00,1773637200000,5.0506,5.1311,5.0471,5.1311,27316.4
2026-03-16 05:15:00,1773638100000,5.1311,5.1394,5.0881,5.0949,9967.4
2026-03-16 05:30:00,1773639000000,5.0949,5.126,5.0926,5.1145,7326.7
2026-03-16 05:45:00,1773639900000,5.1145,5.1191,5.0833,5.0991,6651.1
2026-03-16 06:00:00,1773640800000,5.0991,5.1026,5.0668,5.0984,6246.8
2026-03-16 06:15:00,1773641700000,5.0984,5.1209,5.0938,5.1126,2245.8
2026-03-16 06:30:00,1773642600000,5.1126,5.1249,5.0761,5.0802,4942.5
2026-03-16 06:45:00,1773643500000,5.0802,5.0884,5.0573,5.0661,4349.5
2026-03-16 07:00:00,1773644400000,5.0661,5.0893,5.055,5.0705,9424.1
2026-03-16 07:15:00,1773645300000,5.0705,5.1083,5.0651,5.093,3160.0
2026-03-16 07:30:00,1773646200000,5.093,5.0944,5.0733,5.0782,3202.0
2026-03-16 07:45:00,1773647100000,5.0782,5.0952,5.0742,5.0781,1875.7
2026-03-16 08:00:00,1773648000000,5.0781,5.0991,5.072,5.0934,2558.6
2026-03-16 08:15:00,1773648900000,5.0934,5.099,5.0839,5.0887,2713.3
2026-03-16 08:30:00,1773649800000,5.0887,5.1078,5.078,5.0782,4887.9
2026-03-16 08:45:00,1773650700000,5.0782,5.1186,5.0779,5.1003,2966.9
2026-03-16 09:00:00,1773651600000,5.1003,5.1439,5.0881,5.1224,10397.5
2026-03-16 09:15:00,1773652500000,5.1224,5.1314,5.1029,5.1051,2879.7
2026-03-16 09:30:00,1773653400000,5.1051,5.1067,5.0701,5.0764,2599.2
2026-03-16 09:45:00,1773654300000,5.0764,5.0873,5.0722,5.0817,1786.2
2026-03-16 10:00:00,1773655200000,5.0817,5.0875,5.0629,5.0736,6969.9
2026-03-16 10:15:00,1773656100000,5.0736,5.0737,5.058,5.0593,2205.0
2026-03-16 10:30:00,1773657000000,5.0593,5.0736,5.0522,5.0617,3818.0
2026-03-16 10:45:00,1773657900000,5.0617,5.0912,5.061,5.09,3610.8
2026-03-16 11:00:00,1773658800000,5.09,5.1083,5.0862,5.1039,4064.3
2026-03-16 11:15:00,1773659700000,5.1039,5.1126,5.0855,5.0863,2528.5
2026-03-16 11:30:00,1773660600000,5.0863,5.1046,5.0671,5.1039,4354.2
2026-03-16 11:45:00,1773661500000,5.1039,5.1039,5.0922,5.0976,1510.8
2026-03-16 12:00:00,1773662400000,5.0976,5.1,5.056,5.06,3048.4
2026-03-16 12:15:00,1773663300000,5.06,5.06,5.0275,5.0481,4945.6
2026-03-16 12:30:00,1773664200000,5.0481,5.066,5.0426,5.066,2740.4
2026-03-16 12:45:00,1773665100000,5.066,5.0697,5.0548,5.0631,1077.8
2026-03-16 13:00:00,1773666000000,5.0631,5.0715,5.027,5.0567,5964.8
2026-03-16 13:15:00,1773666900000,5.0567,5.0656,5.0349,5.038,3110.7
2026-03-16 13:30:00,1773667800000,5.038,5.0841,5.0317,5.0609,6006.2
2026-03-16 13:45:00,1773668700000,5.0609,5.071,5.0423,5.0471,1765.9
2026-03-16 14:00:00,1773669600000,5.0471,5.0471,5.0089,5.0277,9846.4
2026-03-16 14:15:00,1773670500000,5.0277,5.0277,4.9969,4.9996,3973.8
2026-03-16 14:30:00,1773671400000,4.9996,5.0541,4.9929,5.0429,9532.7
2026-03-16 14:45:00,1773672300000,5.0429,5.24,5.0341,5.172,30641.6
2026-03-16 15:00:00,1773673200000,5.172,5.1909,5.1341,5.1807,12452.9
2026-03-16 15:15:00,1773674100000,5.1807,5.203,5.1541,5.1638,3930.5
2026-03-16 15:30:00,1773675000000,5.1638,5.175,5.1546,5.1546,1898.9
2026-03-16 15:45:00,1773675900000,5.1546,5.2,5.1475,5.1874,6153.0
2026-03-16 16:00:00,1773676800000,5.1874,5.2584,5.1874,5.2332,7300.0
2026-03-16 16:15:00,1773677700000,5.2332,5.2827,5.2291,5.2638,5988.4
2026-03-16 16:30:00,1773678600000,5.2638,5.3029,5.2305,5.2635,4677.3
2026-03-16 16:45:00,1773679500000,5.2635,5.2788,5.2225,5.241,5977.9
2026-03-16 17:00:00,1773680400000,5.241,5.2724,5.2343,5.2457,1970.7
2026-03-16 17:15:00,1773681300000,5.2457,5.2462,5.1936,5.2221,2561.2
2026-03-16 17:30:00,1773682200000,5.2221,5.2416,5.1938,5.2093,2376.5
2026-03-16 17:45:00,1773683100000,5.2093,5.2239,5.1945,5.1963,626.4
2026-03-16 18:00:00,1773684000000,5.1963,5.2005,5.1732,5.1971,1295.5
2026-03-16 18:15:00,1773684900000,5.1971,5.2019,5.1764,5.1798,932.6
2026-03-16 18:30:00,1773685800000,5.1798,5.2,5.1573,5.1995,1547.2
2026-03-16 18:45:00,1773686700000,5.1995,5.2029,5.1776,5.1776,965.9
2026-03-16 19:00:00,1773687600000,5.1776,5.1855,5.1681,5.1804,1291.5
2026-03-16 19:15:00,1773688500000,5.1804,5.189,5.1618,5.1751,1595.8
2026-03-16 19:30:00,1773689400000,5.1751,5.2398,5.1728,5.2281,2188.5
2026-03-16 19:45:00,1773690300000,5.2281,5.2511,5.2241,5.2405,1537.8
2026-03-16 20:00:00,1773691200000,5.2405,5.2696,5.2311,5.2412,1932.8
2026-03-16 20:15:00,1773692100000,5.2412,5.2431,5.22,5.22,1095.9
2026-03-16 20:30:00,1773693000000,5.22,5.2763,5.211,5.2745,9575.2
2026-03-16 20:45:00,1773693900000,5.2745,5.2916,5.2573,5.2785,3392.1
2026-03-16 21:00:00,1773694800000,5.2785,5.2819,5.25,5.2792,12936.8
2026-03-16 21:15:00,1773695700000,5.2792,5.2813,5.2104,5.2288,1392.9
2026-03-16 21:30:00,1773696600000,5.2288,5.266,5.1918,5.2242,11429.6
2026-03-16 21:45:00,1773697500000,5.2242,5.2272,5.198,5.2021,2665.4
2026-03-16 22:00:00,1773698400000,5.2021,5.2182,5.1983,5.2182,2539.4
2026-03-16 22:15:00,1773699300000,5.2182,5.2311,5.2091,5.2198,2287.3
2026-03-16 22:30:00,1773700200000,5.2198,5.2202,5.1879,5.1903,1957.1
2026-03-16 22:45:00,1773701100000,5.1903,5.1968,5.1835,5.1926,711.8
2026-03-16 23:00:00,1773702000000,5.1926,5.2016,5.1781,5.1872,2580.1
2026-03-16 23:15:00,1773702900000,5.1872,5.196,5.1763,5.1916,1286.0
2026-03-16 23:30:00,1773703800000,5.1916,5.2077,5.1872,5.2077,1245.1
2026-03-16 23:45:00,1773704700000,5.2077,5.228,5.1961,5.2006,1948.7
2026-03-17 00:00:00,1773705600000,5.2006,5.25,5.1786,5.2351,3803.7
2026-03-17 00:15:00,1773706500000,5.2351,5.2615,5.2101,5.2433,4109.6
2026-03-17 00:30:00,1773707400000,5.2433,5.2705,5.2273,5.2642,3417.5
2026-03-17 00:45:00,1773708300000,5.2642,5.2715,5.2192,5.2517,3463.9
2026-03-17 01:00:00,1773709200000,5.2517,5.368,5.2026,5.2128,13265.5
2026-03-17 01:15:00,1773710100000,5.2128,5.2157,5.1722,5.189,4769.1
2026-03-17 01:30:00,1773711000000,5.189,5.2029,5.1483,5.1584,7358.1
2026-03-17 01:45:00,1773711900000,5.1584,5.2178,5.1584,5.2066,2052.8
2026-03-17 02:00:00,1773712800000,5.2066,5.2428,5.1637,5.1776,6301.4
2026-03-17 02:15:00,1773713700000,5.1776,5.1818,5.1035,5.1042,2301.4
2026-03-17 02:30:00,1773714600000,5.1042,5.1237,5.0864,5.0876,4202.7
2026-03-17 02:45:00,1773715500000,5.0876,5.1014,5.064,5.0918,4464.2
2026-03-17 03:00:00,1773716400000,5.0918,5.0918,5.054,5.0564,1729.1
2026-03-17 03:15:00,1773717300000,5.0564,5.0889,5.0533,5.076,1351.8
2026-03-17 03:30:00,1773718200000,5.076,5.116,5.075,5.09,3388.7
2026-03-17 03:45:00,1773719100000,5.09,5.1254,5.0837,5.1254,1773.0
2026-03-17 04:00:00,1773720000000,5.1254,5.1346,5.1041,5.1138,2134.2
2026-03-17 04:15:00,1773720900000,5.1138,5.1249,5.1091,5.1139,3179.9
2026-03-17 04:30:00,1773721800000,5.1139,5.1181,5.0984,5.1073,1431.7
2026-03-17 04:45:00,1773722700000,5.1073,5.1166,5.1015,5.1075,1107.0
2026-03-17 05:00:00,1773723600000,5.1075,5.1261,5.1056,5.1174,827.5
2026-03-17 05:15:00,1773724500000,5.1174,5.1371,5.1144,5.1356,2733.7
2026-03-17 05:30:00,1773725400000,5.1356,5.1369,5.0667,5.0667,2485.0
2026-03-17 05:45:00,1773726300000,5.0667,5.0667,4.9869,5.0468,16761.0
2026-03-17 06:00:00,1773727200000,5.0468,5.116,5.0468,5.1092,2635.7
2026-03-17 06:15:00,1773728100000,5.1092,5.1172,5.0637,5.0761,5005.7
2026-03-17 06:30:00,1773729000000,5.0761,5.0872,5.0431,5.048,4091.1
2026-03-17 06:45:00,1773729900000,5.048,5.0889,5.0456,5.0889,3077.1
2026-03-17 07:00:00,1773730800000,5.0889,5.113,5.0803,5.1119,3901.4
2026-03-17 07:15:00,1773731700000,5.1119,5.1692,5.1118,5.169,2282.4
2026-03-17 07:30:00,1773732600000,5.169,5.2099,5.1638,5.2072,2421.0
2026-03-17 07:45:00,1773733500000,5.2072,5.2545,5.2058,5.2364,6409.3
2026-03-17 08:00:00,1773734400000,5.2364,5.2954,5.2208,5.2629,9502.5
2026-03-17 08:15:00,1773735300000,5.2629,5.2909,5.2437,5.2702,1727.5
2026-03-17 08:30:00,1773736200000,5.2702,5.3115,5.268,5.2994,7217.2
2026-03-17 08:45:00,1773737100000,5.2994,5.534,5.2994,5.5044,51570.3
2026-03-17 09:00:00,1773738000000,5.5044,5.6145,5.4587,5.5108,38406.1
2026-03-17 09:15:00,1773738900000,5.5108,5.6119,5.5003,5.6027,16871.4
2026-03-17 09:30:00,1773739800000,5.6027,5.637,5.5533,5.5788,15012.2
2026-03-17 09:45:00,1773740700000,5.5788,5.6012,5.3819,5.4102,21780.5
2026-03-17 10:00:00,1773741600000,5.4102,5.4483,5.3897,5.3921,10979.6
2026-03-17 10:15:00,1773742500000,5.3921,5.4566,5.3198,5.4106,10049.0
2026-03-17 10:30:00,1773743400000,5.4106,5.4392,5.3345,5.3955,14765.9
2026-03-17 10:45:00,1773744300000,5.3955,5.4907,5.3588,5.4296,11074.5
2026-03-17 11:00:00,1773745200000,5.4296,5.4403,5.3941,5.408,3568.8
2026-03-17 11:15:00,1773746100000,5.408,5.4424,5.404,5.4302,1667.7
2026-03-17 11:30:00,1773747000000,5.4302,5.479,5.4174,5.4205,5374.3
2026-03-17 11:45:00,1773747900000,5.4205,5.5122,5.4205,5.4849,5854.1
2026-03-17 12:00:00,1773748800000,5.4849,5.4936,5.4562,5.4936,2187.5
2026-03-17 12:15:00,1773749700000,5.4936,5.4989,5.4092,5.4178,2628.4
2026-03-17 12:30:00,1773750600000,5.4178,5.4302,5.4025,5.4194,2922.1
2026-03-17 12:45:00,1773751500000,5.4194,5.4389,5.3916,5.3976,5336.9
2026-03-17 13:00:00,1773752400000,5.3976,5.4637,5.3966,5.435,3187.5
2026-03-17 13:15:00,1773753300000,5.435,5.4749,5.4322,5.4455,2471.0
2026-03-17 13:30:00,1773754200000,5.4455,5.4636,5.436,5.445,1591.6
2026-03-17 13:45:00,1773755100000,5.445,5.464,5.3908,5.4015,5449.7
2026-03-17 14:00:00,1773756000000,5.4015,5.4234,5.3861,5.3906,2829.2
2026-03-17 14:15:00,1773756900000,5.3906,5.4025,5.3729,5.4025,2810.1
2026-03-17 14:30:00,1773757800000,5.4025,5.4186,5.3756,5.3805,2499.0
2026-03-17 14:45:00,1773758700000,5.3805,5.44,5.3805,5.4162,4223.7
2026-03-17 15:00:00,1773759600000,5.4162,5.445,5.4116,5.415,2370.8
2026-03-17 15:15:00,1773760500000,5.415,5.4341,5.4037,5.4091,2113.0
2026-03-17 15:30:00,1773761400000,5.4091,5.4123,5.3917,5.4045,1778.0
2026-03-17 15:45:00,1773762300000,5.4045,5.5299,5.4036,5.4897,10142.3
2026-03-17 16:00:00,1773763200000,5.4897,5.5079,5.4571,5.4665,10913.9
2026-03-17 16:15:00,1773764100000,5.4665,5.5059,5.4651,5.4906,2297.5
2026-03-17 16:30:00,1773765000000,5.4906,5.5279,5.4906,5.5228,6092.5
2026-03-17 16:45:00,1773765900000,5.5228,5.5599,5.5183,5.523,7532.4
2026-03-17 17:00:00,1773766800000,5.523,5.6443,5.5224,5.5897,11413.9
2026-03-17 17:15:00,1773767700000,5.5897,5.6088,5.5704,5.5839,4331.6
2026-03-17 17:30:00,1773768600000,5.5839,5.65,5.582,5.6335,6744.9
2026-03-17 17:45:00,1773769500000,5.6335,5.6397,5.6076,5.6161,3040.0
2026-03-17 18:00:00,1773770400000,5.6161,5.6779,5.6094,5.6378,4265.5
2026-03-17 18:15:00,1773771300000,5.6378,5.6435,5.6129,5.6321,2934.3
2026-03-17 18:30:00,1773772200000,5.6321,5.7232,5.6287,5.6893,6762.7
2026-03-17 18:45:00,1773773100000,5.6893,5.7541,5.688,5.7403,8250.7
2026-03-17 19:00:00,1773774000000,5.7403,5.7529,5.6974,5.7224,7017.4
2026-03-17 19:15:00,1773774900000,5.7224,5.7828,5.7032,5.7223,7417.3
2026-03-17 19:30:00,1773775800000,5.7223,5.753,5.6948,5.7074,4583.6
2026-03-17 19:45:00,1773776700000,5.7074,5.7074,5.6465,5.6522,6849.0
2026-03-17 20:00:00,1773777600000,5.6522,5.6767,5.6419,5.6462,3435.1
2026-03-17 20:15:00,1773778500000,5.6462,5.6557,5.6268,5.6543,1802.5
2026-03-17 20:30:00,1773779400000,5.6543,5.6748,5.6266,5.6461,1718.0
2026-03-17 20:45:00,1773780300000,5.6461,5.6862,5.6437,5.6739,4712.8
2026-03-17 21:00:00,1773781200000,5.6739,5.6829,5.6087,5.6231,3839.0
2026-03-17 21:15:00,1773782100000,5.6231,5.653,5.6152,5.645,1144.4
2026-03-17 21:30:00,1773783000000,5.645,5.6523,5.6143,5.6445,712.1
2026-03-17 21:45:00,1773783900000,5.6445,5.6545,5.6228,5.6255,317.6
2026-03-17 22:00:00,1773784800000,5.6255,5.65,5.6098,5.6186,2176.5
2026-03-17 22:15:00,1773785700000,5.6186,5.6189,5.5728,5.5931,2205.7
2026-03-17 22:30:00,1773786600000,5.5931,5.618,5.5763,5.6118,1204.4
2026-03-17 22:45:00,1773787500000,5.6118,5.6466,5.6069,5.6364,1096.0
2026-03-17 23:00:00,1773788400000,5.6364,5.6404,5.6122,5.6215,1712.0
2026-03-17 23:15:00,1773789300000,5.6215,5.6399,5.6107,5.6267,1526.3
2026-03-17 23:30:00,1773790200000,5.6267,5.6319,5.5939,5.597,615.7
2026-03-17 23:45:00,1773791100000,5.597,5.6049,5.5801,5.5906,852.1
2026-03-18 00:00:00,1773792000000,5.5906,5.6356,5.577,5.6001,2803.1
2026-03-18 00:15:00,1773792900000,5.6001,5.606,5.5872,5.6024,1941.0
2026-03-18 00:30:00,1773793800000,5.6024,5.6364,5.5999,5.6364,1742.5
2026-03-18 00:45:00,1773794700000,5.6364,5.6892,5.6277,5.6861,3513.5
2026-03-18 01:00:00,1773795600000,5.6861,5.7168,5.6501,5.6599,5651.9
2026-03-18 01:15:00,1773796500000,5.6599,5.6636,5.6277,5.631,1329.3
2026-03-18 01:30:00,1773797400000,5.631,5.6399,5.587,5.6142,2760.7
2026-03-18 01:45:00,1773798300000,5.6142,5.6274,5.6042,5.6109,1900.9
2026-03-18 02:00:00,1773799200000,5.6109,5.6326,5.6033,5.6199,2988.6
2026-03-18 02:15:00,1773800100000,5.6199,5.627,5.6009,5.6076,1303.1
2026-03-18 02:30:00,1773801000000,5.6076,5.617,5.5893,5.5897,2309.8
2026-03-18 02:45:00,1773801900000,5.5897,5.6121,5.5067,5.6068,15462.1
2026-03-18 03:00:00,1773802800000,5.6068,5.6415,5.5862,5.6399,2768.7
2026-03-18 03:15:00,1773803700000,5.6399,5.664,5.6262,5.6267,1549.4
2026-03-18 03:30:00,1773804600000,5.6267,5.6528,5.6094,5.637,1169.3
2026-03-18 03:45:00,1773805500000,5.637,5.6759,5.6331,5.655,3416.6
2026-03-18 04:00:00,1773806400000,5.655,5.6749,5.6261,5.6737,2672.9
2026-03-18 04:15:00,1773807300000,5.6737,5.6906,5.6568,5.6652,1653.3
2026-03-18 04:30:00,1773808200000,5.6652,5.7222,5.6645,5.7201,3781.6
2026-03-18 04:45:00,1773809100000,5.7201,5.7266,5.6802,5.6953,2195.7
2026-03-18 05:00:00,1773810000000,5.6953,5.7317,5.6792,5.6989,4155.8
2026-03-18 05:15:00,1773810900000,5.6989,5.7118,5.6239,5.6302,4740.3
2026-03-18 05:30:00,1773811800000,5.6302,5.6366,5.5726,5.5834,4455.2
2026-03-18 05:45:00,1773812700000,5.5834,5.6172,5.5592,5.6157,4584.8
2026-03-18 06:00:00,1773813600000,5.6157,5.6189,5.5811,5.5979,3565.5
2026-03-18 06:15:00,1773814500000,5.5979,5.6217,5.5895,5.5951,2645.9
2026-03-18 06:30:00,1773815400000,5.5951,5.5963,5.5771,5.5854,1521.5
2026-03-18 06:45:00,1773816300000,5.5854,5.6119,5.5621,5.6098,3048.4
2026-03-18 07:00:00,1773817200000,5.6098,5.6357,5.5911,5.6129,3770.7
2026-03-18 07:15:00,1773818100000,5.6129,5.6147,5.5421,5.5725,3093.6
2026-03-18 07:30:00,1773819000000,5.5725,5.5959,5.5725,5.5949,1037.0
2026-03-18 07:45:00,1773819900000,5.5949,5.6293,5.5925,5.6168,1781.1
2026-03-18 08:00:00,1773820800000,5.6168,5.6261,5.5159,5.5214,6285.8
2026-03-18 08:15:00,1773821700000,5.5214,5.5347,5.4625,5.4763,7313.9
2026-03-18 08:30:00,1773822600000,5.4763,5.4803,5.438,5.4428,1715.6
2026-03-18 08:45:00,1773823500000,5.4428,5.4619,5.4247,5.4432,11970.4
2026-03-18 09:00:00,1773824400000,5.4432,5.4548,5.425,5.443,2612.8
2026-03-18 09:15:00,1773825300000,5.443,5.443,5.3925,5.3951,2949.1
2026-03-18 09:30:00,1773826200000,5.3951,5.4216,5.3858,5.4027,3147.1
2026-03-18 09:45:00,1773827100000,5.4027,5.4079,5.3771,5.3925,2034.0
2026-03-18 10:00:00,1773828000000,5.3925,5.4035,5.3768,5.3835,6455.9
2026-03-18 10:15:00,1773828900000,5.3835,5.3914,5.3729,5.3907,1827.1
2026-03-18 10:30:00,1773829800000,5.3907,5.4697,5.38,5.4283,8543.4
2026-03-18 10:45:00,1773830700000,5.4283,5.4636,5.4112,5.4456,2008.2
2026-03-18 11:00:00,1773831600000,5.4456,5.4456,5.3941,5.4273,1557.2
2026-03-18 11:15:00,1773832500000,5.4273,5.458,5.4273,5.452,2900.7
2026-03-18 11:30:00,1773833400000,5.452,5.5028,5.4395,5.4977,3712.0
2026-03-18 11:45:00,1773834300000,5.4977,5.5175,5.4816,5.4941,1724.4
2026-03-18 12:00:00,1773835200000,5.4941,5.5329,5.4876,5.5287,3342.2
2026-03-18 12:15:00,1773836100000,5.5287,5.5673,5.5287,5.5464,2752.8
2026-03-18 12:30:00,1773837000000,5.5464,5.5515,5.4851,5.5408,6236.9
2026-03-18 12:45:00,1773837900000,5.5408,5.5747,5.5302,5.5747,2205.2
2026-03-18 13:00:00,1773838800000,5.5747,5.5874,5.5509,5.5776,2634.0
2026-03-18 13:15:00,1773839700000,5.5776,5.6318,5.5561,5.6249,3209.4
2026-03-18 13:30:00,1773840600000,5.6249,5.6249,5.5596,5.5774,2629.4
2026-03-18 13:45:00,1773841500000,5.5774,5.5838,5.5152,5.5204,2985.7
2026-03-18 14:00:00,1773842400000,5.5204,5.5349,5.4751,5.5139,3726.8
2026-03-18 14:15:00,1773843300000,5.5139,5.5184,5.4801,5.4844,1140.7
2026-03-18 14:30:00,1773844200000,5.4844,5.4943,5.4333,5.4529,3342.7
2026-03-18 14:45:00,1773845100000,5.4529,5.4727,5.4301,5.4383,2819.5
2026-03-18 15:00:00,1773846000000,5.4383,5.4897,5.4383,5.4793,3862.4
2026-03-18 15:15:00,1773846900000,5.4793,5.4858,5.4368,5.4427,1730.8
2026-03-18 15:30:00,1773847800000,5.4427,5.4818,5.4426,5.4727,3622.6
2026-03-18 15:45:00,1773848700000,5.4727,5.4989,5.4695,5.4817,3120.2
2026-03-18 16:00:00,1773849600000,5.4817,5.5245,5.4555,5.4742,2803.3
2026-03-18 16:15:00,1773850500000,5.4742,5.4959,5.4652,5.4663,2363.3
2026-03-18 16:30:00,1773851400000,5.4663,5.4744,5.4343,5.462,2336.7
2026-03-18 16:45:00,1773852300000,5.462,5.4999,5.4501,5.4976,2902.1
2026-03-18 17:00:00,1773853200000,5.4976,5.5052,5.4674,5.4707,1972.2
2026-03-18 17:15:00,1773854100000,5.4707,5.5023,5.4637,5.5023,1644.1
2026-03-18 17:30:00,1773855000000,5.5023,5.5119,5.4714,5.5015,1805.1
2026-03-18 17:45:00,1773855900000,5.5015,5.5177,5.4611,5.471,1960.4
2026-03-18 18:00:00,1773856800000,5.471,5.4976,5.4594,5.4971,1822.2
2026-03-18 18:15:00,1773857700000,5.4971,5.5072,5.4851,5.5057,1219.1
2026-03-18 18:30:00,1773858600000,5.5057,5.53,5.4944,5.5296,1676.5
2026-03-18 18:45:00,1773859500000,5.5296,5.5297,5.4914,5.4979,1149.1
2026-03-18 19:00:00,1773860400000,5.4979,5.546,5.491,5.5189,1967.1
2026-03-18 19:15:00,1773861300000,5.5189,5.5349,5.5189,5.5198,1158.7
2026-03-18 19:30:00,1773862200000,5.5198,5.5375,5.4587,5.4587,1844.9
2026-03-18 19:45:00,1773863100000,5.4587,5.5059,5.4484,5.495,4022.4
2026-03-18 20:00:00,1773864000000,5.495,5.5322,5.4632,5.5184,4891.3
2026-03-18 20:15:00,1773864900000,5.5184,5.5469,5.5081,5.5352,1954.9
2026-03-18 20:30:00,1773865800000,5.5352,5.5655,5.5256,5.5474,2604.1
2026-03-18 20:45:00,1773866700000,5.5474,5.588,5.5421,5.567,4508.0
2026-03-18 21:00:00,1773867600000,5.567,5.6344,5.5561,5.6022,4941.4
2026-03-18 21:15:00,1773868500000,5.6022,5.6774,5.6017,5.6442,2086.8
2026-03-18 21:30:00,1773869400000,5.6442,5.6643,5.5987,5.6254,1345.9
2026-03-18 21:45:00,1773870300000,5.6254,5.6287,5.6043,5.6043,1010.4
2026-03-18 22:00:00,1773871200000,5.6043,5.6395,5.5701,5.5722,3373.1
2026-03-18 22:15:00,1773872100000,5.5722,5.5825,5.5604,5.5753,1149.7
2026-03-18 22:30:00,1773873000000,5.5753,5.6048,5.57,5.583,893.7
2026-03-18 22:45:00,1773873900000,5.583,5.6117,5.5563,5.5777,1642.8
2026-03-18 23:00:00,1773874800000,5.5777,5.6013,5.552,5.5969,2164.4
2026-03-18 23:15:00,1773875700000,5.5969,5.6183,5.5617,5.5943,1823.0
2026-03-18 23:30:00,1773876600000,5.5943,5.5973,5.5675,5.5765,1341.4
2026-03-18 23:45:00,1773877500000,5.5765,5.674,5.5173,5.6439,7912.5
2026-03-19 00:00:00,1773878400000,5.6439,5.6439,5.584,5.6037,1850.8
2026-03-19 00:15:00,1773879300000,5.6037,5.6793,5.5988,5.6711,2475.3
2026-03-19 00:30:00,1773880200000,5.6711,5.6856,5.6425,5.68,1986.1
2026-03-19 00:45:00,1773881100000,5.68,5.6852,5.6586,5.675,1413.9
2026-03-19 01:00:00,1773882000000,5.675,5.7216,5.6334,5.6423,4152.5
2026-03-19 01:15:00,1773882900000,5.6423,5.6688,5.6229,5.6587,2556.7
2026-03-19 01:30:00,1773883800000,5.6587,5.7035,5.6587,5.6797,3280.7
2026-03-19 01:45:00,1773884700000,5.6797,5.7118,5.6712,5.7041,2522.1
2026-03-19 02:00:00,1773885600000,5.7041,5.7436,5.6934,5.7331,2203.7
2026-03-19 02:15:00,1773886500000,5.7331,5.768,5.7315,5.7565,2445.8
2026-03-19 02:30:00,1773887400000,5.7565,5.7937,5.7373,5.7679,7232.5
2026-03-19 02:45:00,1773888300000,5.7679,5.7984,5.746,5.785,2896.0
2026-03-19 03:00:00,1773889200000,5.785,5.9906,5.785,5.949,36273.7
2026-03-19 03:15:00,1773890100000,5.949,6.0,5.8855,5.9806,15046.4
2026-03-19 03:30:00,1773891000000,5.9806,6.0713,5.977,6.0314,13144.3
2026-03-19 03:45:00,1773891900000,6.0314,6.1343,6.0314,6.1201,15510.2
2026-03-19 04:00:00,1773892800000,6.1201,6.1828,6.0763,6.1315,19917.3
2026-03-19 04:15:00,1773893700000,6.1315,6.1979,6.0652,6.18,15131.5
2026-03-19 04:30:00,1773894600000,6.18,6.2104,6.11,6.1714,20060.2
2026-03-19 04:45:00,1773895500000,6.1714,6.181,6.1065,6.1432,17456.9
2026-03-19 05:00:00,1773896400000,6.1432,6.2937,6.1398,6.2732,22321.8
2026-03-19 05:15:00,1773897300000,6.2732,6.3279,6.265,6.2739,12507.5
2026-03-19 05:30:00,1773898200000,6.2739,6.338,6.2334,6.2802,10599.7
2026-03-19 05:45:00,1773899100000,6.2802,6.3183,6.22,6.2748,13732.7
2026-03-19 06:00:00,1773900000000,6.2748,6.2756,6.1051,6.2203,21695.9
2026-03-19 06:15:00,1773900900000,6.2203,6.2733,6.1763,6.2088,13106.4
2026-03-19 06:30:00,1773901800000,6.2088,6.2265,6.1533,6.2265,8261.6
2026-03-19 06:45:00,1773902700000,6.2265,6.2456,6.1718,6.1859,9326.2
2026-03-19 07:00:00,1773903600000,6.1859,6.2341,6.1618,6.213,8910.2
2026-03-19 07:15:00,1773904500000,6.213,6.2425,6.1473,6.2263,7384.7
2026-03-19 07:30:00,1773905400000,6.2263,6.2775,6.2081,6.2293,7228.3
2026-03-19 07:45:00,1773906300000,6.2293,6.2602,6.2025,6.2051,3575.4
2026-03-19 08:00:00,1773907200000,6.2051,6.2519,6.1471,6.1686,8585.7
2026-03-19 08:15:00,1773908100000,6.1686,6.2034,6.1383,6.1852,10278.0
2026-03-19 08:30:00,1773909000000,6.1852,6.1981,6.1264,6.163,6449.2
2026-03-19 08:45:00,1773909900000,6.163,6.1962,6.1449,6.18,3278.5
2026-03-19 09:00:00,1773910800000,6.18,6.1844,6.1211,6.1407,9947.7
2026-03-19 09:15:00,1773911700000,6.1407,6.1539,6.1059,6.1292,5557.0
2026-03-19 09:30:00,1773912600000,6.1292,6.137,6.0173,6.0299,17090.4
2026-03-19 09:45:00,1773913500000,6.0299,6.0856,6.0044,6.0305,11421.8
2026-03-19 10:00:00,1773914400000,6.0305,6.0599,5.9974,6.0418,10091.2
2026-03-19 10:15:00,1773915300000,6.0418,6.1153,6.0418,6.1153,11204.6
2026-03-19 10:30:00,1773916200000,6.1153,6.1153,6.0492,6.0794,5618.9
2026-03-19 10:45:00,1773917100000,6.0794,6.0816,6.03,6.0632,4257.4
2026-03-19 11:00:00,1773918000000,6.0632,6.0936,6.0302,6.0725,7467.2
2026-03-19 11:15:00,1773918900000,6.0725,6.176,6.0725,6.1455,13792.2
2026-03-19 11:30:00,1773919800000,6.1455,6.1786,6.135,6.1527,8304.5
2026-03-19 11:45:00,1773920700000,6.1527,6.1641,6.1306,6.1324,6117.9
2026-03-19 12:00:00,1773921600000,6.1324,6.207,6.1205,6.1586,8867.9
2026-03-19 12:15:00,1773922500000,6.1586,6.2156,6.1547,6.1976,6878.7
2026-03-19 12:30:00,1773923400000,6.1976,6.2372,6.1752,6.2169,4145.1
2026-03-19 12:45:00,1773924300000,6.2169,6.2184,6.152,6.192,5197.4
2026-03-19 13:00:00,1773925200000,6.192,6.2539,6.1317,6.157,11702.6
2026-03-19 13:15:00,1773926100000,6.157,6.1697,6.1164,6.1427,7339.5
2026-03-19 13:30:00,1773927000000,6.1427,6.2291,6.1363,6.2172,5178.7
2026-03-19 13:45:00,1773927900000,6.2172,6.2742,6.1927,6.2572,7884.9
2026-03-19 14:00:00,1773928800000,6.2572,6.2911,6.2167,6.2384,9188.6
2026-03-19 14:15:00,1773929700000,6.2384,6.2634,6.1955,6.2257,8383.9
2026-03-19 14:30:00,1773930600000,6.2257,6.2754,6.1732,6.1992,12866.0
2026-03-19 14:45:00,1773931500000,6.1992,6.2586,6.1895,6.2527,7819.9
2026-03-19 15:00:00,1773932400000,6.2527,6.2533,6.1818,6.2032,7676.6
2026-03-19 15:15:00,1773933300000,6.2032,6.2032,6.127,6.1357,7468.1
2026-03-19 15:30:00,1773934200000,6.1357,6.165,6.093,6.112,7243.6
2026-03-19 15:45:00,1773935100000,6.112,6.117,6.037,6.062,6031.8
2026-03-19 16:00:00,1773936000000,6.062,6.1363,6.0537,6.126,7286.1
2026-03-19 16:15:00,1773936900000,6.126,6.1294,6.0874,6.0971,1331.4
2026-03-19 16:30:00,1773937800000,6.0971,6.1083,6.0693,6.1083,2878.7
2026-03-19 16:45:00,1773938700000,6.1083,6.1561,6.098,6.1475,2238.5
2026-03-19 17:00:00,1773939600000,6.1475,6.1592,6.1061,6.1406,4378.2
2026-03-19 17:15:00,1773940500000,6.1406,6.1992,6.1406,6.1746,4154.2
2026-03-19 17:30:00,1773941400000,6.1746,6.2342,6.1591,6.1965,4172.8
2026-03-19 17:45:00,1773942300000,6.1965,6.2063,6.182,6.2033,3162.3
2026-03-19 18:00:00,1773943200000,6.2033,6.2148,6.1655,6.1973,3599.9
2026-03-19 18:15:00,1773944100000,6.1973,6.2203,6.1813,6.1813,2402.8
2026-03-19 18:30:00,1773945000000,6.1813,6.1929,6.1545,6.1834,4487.3
2026-03-19 18:45:00,1773945900000,6.1834,6.1923,6.1571,6.172,2231.2
2026-03-19 19:00:00,1773946800000,6.172,6.1815,6.0692,6.1055,37267.7
2026-03-19 19:15:00,1773947700000,6.1055,6.1055,5.9575,6.0211,27476.8
2026-03-19 19:30:00,1773948600000,6.0211,6.0396,5.9798,5.9961,5801.3
2026-03-19 19:45:00,1773949500000,5.9961,6.0437,5.9801,6.0329,4928.4
2026-03-19 20:00:00,1773950400000,6.0329,6.0507,5.968,5.9799,5989.4
2026-03-19 20:15:00,1773951300000,5.9799,5.998,5.9585,5.9717,4251.4
2026-03-19 20:30:00,1773952200000,5.9717,5.9878,5.9398,5.9583,5867.2
2026-03-19 20:45:00,1773953100000,5.9583,6.0197,5.9543,6.0175,4673.4
2026-03-19 21:00:00,1773954000000,6.0175,6.0903,6.0061,6.071,6997.9
2026-03-19 21:15:00,1773954900000,6.071,6.0828,6.0527,6.0658,866.5
2026-03-19 21:30:00,1773955800000,6.0658,6.1151,6.0658,6.0941,2113.3
2026-03-19 21:45:00,1773956700000,6.0941,6.0947,6.0705,6.0801,1129.1
2026-03-19 22:00:00,1773957600000,6.0801,6.1121,6.0735,6.1027,2074.5
2026-03-19 22:15:00,1773958500000,6.1027,6.1428,6.0946,6.1315,2086.3
2026-03-19 22:30:00,1773959400000,6.1315,6.1565,6.1023,6.1426,3911.4
2026-03-19 22:45:00,1773960300000,6.1426,6.158,6.1091,6.1385,5077.0
2026-03-19 23:00:00,1773961200000,6.1385,6.1976,6.1199,6.1607,7427.6
2026-03-19 23:15:00,1773962100000,6.1607,6.1965,6.1535,6.1733,3069.8
2026-03-19 23:30:00,1773963000000,6.1733,6.1733,6.1221,6.1468,4487.9
2026-03-19 23:45:00,1773963900000,6.1468,6.1677,6.1081,6.1278,4110.6
2026-03-20 00:00:00,1773964800000,6.1278,6.2492,6.1253,6.19,7976.2
2026-03-20 00:15:00,1773965700000,6.19,6.2374,6.1866,6.1935,2816.0
2026-03-20 00:30:00,1773966600000,6.1935,6.215,6.1701,6.2029,3434.5
2026-03-20 00:45:00,1773967500000,6.2029,6.2094,6.1655,6.167,1060.3
2026-03-20 01:00:00,1773968400000,6.167,6.2275,6.167,6.2026,4085.7
2026-03-20 01:15:00,1773969300000,6.2026,6.2219,6.1736,6.2084,3455.9
2026-03-20 01:30:00,1773970200000,6.2084,6.2629,6.1883,6.1954,6274.0
2026-03-20 01:45:00,1773971100000,6.1954,6.2169,6.1857,6.2027,3586.3
2026-03-20 02:00:00,1773972000000,6.2027,6.208,6.1573,6.1609,6136.7
2026-03-20 02:15:00,1773972900000,6.1609,6.1678,6.1343,6.1665,1941.0
2026-03-20 02:30:00,1773973800000,6.1665,6.1991,6.1639,6.1813,963.3
2026-03-20 02:45:00,1773974700000,6.1813,6.2203,6.1717,6.186,2163.4
2026-03-20 03:00:00,1773975600000,6.186,6.23,6.186,6.2101,2652.3
2026-03-20 03:15:00,1773976500000,6.2101,6.2174,6.1872,6.1903,4394.1
2026-03-20 03:30:00,1773977400000,6.1903,6.2151,6.161,6.1659,4560.7
2026-03-20 03:45:00,1773978300000,6.1659,6.1764,6.1345,6.1531,8131.4
2026-03-20 04:00:00,1773979200000,6.1531,6.1682,6.1142,6.1241,6639.5
2026-03-20 04:15:00,1773980100000,6.1241,6.1418,6.0921,6.1279,8134.8
2026-03-20 04:30:00,1773981000000,6.1279,6.1348,6.0675,6.0747,8617.4
2026-03-20 04:45:00,1773981900000,6.0747,6.1378,6.0626,6.1366,8233.3
2026-03-20 05:00:00,1773982800000,6.1366,6.1574,6.0966,6.1164,6544.0
2026-03-20 05:15:00,1773983700000,6.1164,6.143,6.093,6.143,4045.4
2026-03-20 05:30:00,1773984600000,6.143,6.1761,6.1314,6.1553,2913.2
2026-03-20 05:45:00,1773985500000,6.1553,6.1553,6.1269,6.1412,3206.2
2026-03-20 06:00:00,1773986400000,6.1412,6.1432,6.1117,6.1235,1998.0
2026-03-20 06:15:00,1773987300000,6.1235,6.1239,6.0807,6.0824,2603.8
2026-03-20 06:30:00,1773988200000,6.0824,6.0849,6.0319,6.0799,8920.9
2026-03-20 06:45:00,1773989100000,6.0799,6.0799,6.0066,6.0632,8115.8
2026-03-20 07:00:00,1773990000000,6.0632,6.0855,5.9854,6.0163,8723.0
2026-03-20 07:15:00,1773990900000,6.0163,6.0351,5.9964,6.0213,5819.7
2026-03-20 07:30:00,1773991800000,6.0213,6.0493,6.0088,6.0314,6979.6
2026-03-20 07:45:00,1773992700000,6.0314,6.0342,5.9787,6.007,4027.5
2026-03-20 08:00:00,1773993600000,6.007,6.0205,5.9719,6.0095,9233.1
2026-03-20 08:15:00,1773994500000,6.0095,6.0485,5.9782,6.023,6605.1
2026-03-20 08:30:00,1773995400000,6.023,6.144,6.0199,6.1201,12822.1
2026-03-20 08:45:00,1773996300000,6.1201,6.1987,6.1046,6.1987,9958.0
2026-03-20 09:00:00,1773997200000,6.1987,6.2349,6.1718,6.1788,16030.4
2026-03-20 09:15:00,1773998100000,6.1788,6.2009,6.1606,6.1775,6585.0
2026-03-20 09:30:00,1773999000000,6.1775,6.2079,6.1692,6.1768,5650.3
2026-03-20 09:45:00,1773999900000,6.1768,6.2284,6.1763,6.206,4678.7
2026-03-20 10:00:00,1774000800000,6.206,6.2151,6.1567,6.18,4434.2
2026-03-20 10:15:00,1774001700000,6.18,6.22,6.1356,6.2084,4048.5
2026-03-20 10:30:00,1774002600000,6.2084,6.253,6.1644,6.1793,4992.8
2026-03-20 10:45:00,1774003500000,6.1793,6.2048,6.1706,6.1878,2109.6
2026-03-20 11:00:00,1774004400000,6.1878,6.2008,6.1739,6.177,1147.5
2026-03-20 11:15:00,1774005300000,6.177,6.1858,6.1489,6.1687,3419.9
2026-03-20 11:30:00,1774006200000,6.1687,6.1687,6.1352,6.1352,2855.2
2026-03-20 11:45:00,1774007100000,6.1352,6.1522,6.1255,6.1456,2473.8
2026-03-20 12:00:00,1774008000000,6.1456,6.1712,6.1183,6.1186,2809.1
2026-03-20 12:15:00,1774008900000,6.1186,6.181,6.1119,6.1707,3010.6
2026-03-20 12:30:00,1774009800000,6.1707,6.1814,6.1393,6.1552,1652.4
2026-03-20 12:45:00,1774010700000,6.1552,6.1585,6.1316,6.1585,2325.9
2026-03-20 13:00:00,1774011600000,6.1585,6.1631,6.0741,6.0797,10350.7
2026-03-20 13:15:00,1774012500000,6.0797,6.1583,6.0587,6.1509,6553.3
2026-03-20 13:30:00,1774013400000,6.1509,6.206,6.1327,6.1777,10609.7
2026-03-20 13:45:00,1774014300000,6.1777,6.2012,6.1417,6.1486,4449.7
2026-03-20 14:00:00,1774015200000,6.1486,6.1608,6.1168,6.135,5220.9
2026-03-20 14:15:00,1774016100000,6.135,6.1438,6.1118,6.1419,4161.8
2026-03-20 14:30:00,1774017000000,6.1419,6.1583,6.0741,6.0894,8416.8
2026-03-20 14:45:00,1774017900000,6.0894,6.1162,6.065,6.1094,5564.6
2026-03-20 15:00:00,1774018800000,6.1094,6.1229,6.0888,6.1229,2576.7
2026-03-20 15:15:00,1774019700000,6.1229,6.1564,6.1153,6.1336,1934.2
2026-03-20 15:30:00,1774020600000,6.1336,6.184,6.132,6.1574,1873.6
2026-03-20 15:45:00,1774021500000,6.1574,6.227,6.1449,6.2101,10081.4
2026-03-20 16:00:00,1774022400000,6.2101,6.2372,6.2007,6.2097,7015.6
2026-03-20 16:15:00,1774023300000,6.2097,6.2255,6.1871,6.2015,1643.9
2026-03-20 16:30:00,1774024200000,6.2015,6.2223,6.1813,6.2098,1808.0
2026-03-20 16:45:00,1774025100000,6.2098,6.226,6.1898,6.1934,1445.4
2026-03-20 17:00:00,1774026000000,6.1934,6.2065,6.1686,6.1686,1231.7
2026-03-20 17:15:00,1774026900000,6.1686,6.1686,6.0741,6.1013,5543.2
2026-03-20 17:30:00,1774027800000,6.1013,6.1178,5.9942,6.0336,13672.1
2026-03-20 17:45:00,1774028700000,6.0336,6.0538,5.9987,6.0002,8813.6
2026-03-20 18:00:00,1774029600000,6.0002,6.0314,5.9605,5.9975,11205.5
2026-03-20 18:15:00,1774030500000,5.9975,6.0152,5.9652,5.9942,5713.0
2026-03-20 18:30:00,1774031400000,5.9942,6.0518,5.9758,6.0488,6896.9
2026-03-20 18:45:00,1774032300000,6.0488,6.0647,6.0256,6.0342,4925.5
2026-03-20 19:00:00,1774033200000,6.0342,6.0583,5.9918,6.0176,2974.6
2026-03-20 19:15:00,1774034100000,6.0176,6.0463,6.0,6.0403,1191.6
2026-03-20 19:30:00,1774035000000,6.0403,6.0436,5.9975,6.0225,2142.5
2026-03-20 19:45:00,1774035900000,6.0225,6.0727,6.0178,6.0725,1572.0
2026-03-20 20:00:00,1774036800000,6.0725,6.1059,6.0538,6.0817,3626.2
2026-03-20 20:15:00,1774037700000,6.0817,6.1361,6.0817,6.1234,3151.1
2026-03-20 20:30:00,1774038600000,6.1234,6.1364,6.0978,6.0982,2208.7
2026-03-20 20:45:00,1774039500000,6.0982,6.1324,6.0848,6.0848,2674.6
2026-03-20 21:00:00,1774040400000,6.0848,6.0854,5.9875,6.0064,4275.1
2026-03-20 21:15:00,1774041300000,6.0064,6.041,6.0064,6.0209,1461.2
2026-03-20 21:30:00,1774042200000,6.0209,6.0417,5.9953,6.0021,2451.2
2026-03-20 21:45:00,1774043100000,6.0021,6.0126,5.9885,6.0048,1913.5
2026-03-20 22:00:00,1774044000000,6.0048,6.0557,6.0048,6.0442,2761.5
2026-03-20 22:15:00,1774044900000,6.0442,6.0474,6.0157,6.0241,3317.0
2026-03-20 22:30:00,1774045800000,6.0241,6.0312,5.9883,5.9908,1776.1
2026-03-20 22:45:00,1774046700000,5.9908,6.0082,5.988,6.0022,1836.3
2026-03-20 23:00:00,1774047600000,6.0022,6.0341,5.9941,6.0178,3379.8
2026-03-20 23:15:00,1774048500000,6.0178,6.0468,6.0029,6.0463,2194.6
2026-03-20 23:30:00,1774049400000,6.0463,6.0714,6.0346,6.0594,3495.5
2026-03-20 23:45:00,1774050300000,6.0594,6.0899,6.0538,6.0573,4051.4
2026-03-21 00:00:00,1774051200000,6.0573,6.0909,6.0337,6.0753,3222.6
2026-03-21 00:15:00,1774052100000,6.0753,6.0796,6.0418,6.0473,1959.6
2026-03-21 00:30:00,1774053000000,6.0473,6.0705,6.0077,6.0341,3005.1
2026-03-21 00:45:00,1774053900000,6.0341,6.0406,6.0163,6.0213,2079.0
2026-03-21 01:00:00,1774054800000,6.0213,6.0712,6.0145,6.0525,2729.9
2026-03-21 01:15:00,1774055700000,6.0525,6.0999,6.0471,6.0911,1849.5
2026-03-21 01:30:00,1774056600000,6.0911,6.1233,6.0751,6.1081,5036.0
2026-03-21 01:45:00,1774057500000,6.1081,6.1116,6.045,6.045,1861.0
2026-03-21 02:00:00,1774058400000,6.045,6.0516,6.0099,6.0413,3073.4
2026-03-21 02:15:00,1774059300000,6.0413,6.045,6.015,6.0164,1397.2
2026-03-21 02:30:00,1774060200000,6.0164,6.0174,5.9766,6.0001,3261.8
2026-03-21 02:45:00,1774061100000,6.0001,6.0365,5.9889,6.0365,1413.8
2026-03-21 03:00:00,1774062000000,6.0365,6.0547,6.0181,6.0383,1759.1
2026-03-21 03:15:00,1774062900000,6.0383,6.0717,6.0335,6.0717,2734.9
2026-03-21 03:30:00,1774063800000,6.0717,6.1579,6.0698,6.1181,5683.8
2026-03-21 03:45:00,1774064700000,6.1181,6.1304,6.0781,6.1013,3854.8
2026-03-21 04:00:00,1774065600000,6.1013,6.1769,6.0761,6.1663,5027.9
2026-03-21 04:15:00,1774066500000,6.1663,6.1899,6.1551,6.16,2778.5
2026-03-21 04:30:00,1774067400000,6.16,6.2148,6.1484,6.169,6134.7
2026-03-21 04:45:00,1774068300000,6.169,6.1763,6.1417,6.1477,1794.3
2026-03-21 05:00:00,1774069200000,6.1477,6.1596,6.1089,6.1257,3152.7
2026-03-21 05:15:00,1774070100000,6.1257,6.1651,6.1252,6.1576,2927.1
2026-03-21 05:30:00,1774071000000,6.1576,6.2217,6.1565,6.205,3991.6
2026-03-21 05:45:00,1774071900000,6.205,6.2208,6.1675,6.21,2189.2
2026-03-21 06:00:00,1774072800000,6.21,6.2454,6.1933,6.2134,5671.6
2026-03-21 06:15:00,1774073700000,6.2134,6.3727,6.201,6.3304,23262.7
2026-03-21 06:30:00,1774074600000,6.3304,6.4432,6.3124,6.3999,28312.5
2026-03-21 06:45:00,1774075500000,6.3999,6.4108,6.3459,6.3651,9587.5
2026-03-21 07:00:00,1774076400000,6.3651,6.4607,6.3651,6.4277,10730.9
2026-03-21 07:15:00,1774077300000,6.4277,6.4931,6.4177,6.4508,14457.9
2026-03-21 07:30:00,1774078200000,6.4508,6.4608,6.3067,6.3295,14910.6
2026-03-21 07:45:00,1774079100000,6.3295,6.3399,6.2516,6.2713,10472.5
2026-03-21 08:00:00,1774080000000,6.2713,6.3051,6.2465,6.2605,4970.4
2026-03-21 08:15:00,1774080900000,6.2605,6.3382,6.2549,6.2984,6443.6
2026-03-21 08:30:00,1774081800000,6.2984,6.3928,6.2984,6.3254,7396.9
2026-03-21 08:45:00,1774082700000,6.3254,6.3669,6.3014,6.3231,4879.6
2026-03-21 09:00:00,1774083600000,6.3231,6.3409,6.27,6.2701,9324.2
2026-03-21 09:15:00,1774084500000,6.2701,6.2833,6.2306,6.2731,5895.5
2026-03-21 09:30:00,1774085400000,6.2731,6.2899,6.2444,6.2467,5273.5
2026-03-21 09:45:00,1774086300000,6.2467,6.2591,6.2071,6.2411,3912.2
2026-03-21 10:00:00,1774087200000,6.2411,6.2413,6.1646,6.1726,9147.7
2026-03-21 10:15:00,1774088100000,6.1726,6.1872,6.1513,6.1761,5467.1
2026-03-21 10:30:00,1774089000000,6.1761,6.1916,6.1388,6.1412,7139.0
2026-03-21 10:45:00,1774089900000,6.1412,6.1487,6.04,6.1304,10507.0
2026-03-21 11:00:00,1774090800000,6.1304,6.1467,6.0872,6.1076,7352.2
2026-03-21 11:15:00,1774091700000,6.1076,6.1291,6.0401,6.0552,7165.3
2026-03-21 11:30:00,1774092600000,6.0552,6.0814,6.0258,6.0368,11793.2
2026-03-21 11:45:00,1774093500000,6.0368,6.1101,6.0089,6.0986,11602.0
2026-03-21 12:00:00,1774094400000,6.0986,6.1156,6.0562,6.08,6747.6
2026-03-21 12:15:00,1774095300000,6.08,6.0957,6.04,6.0913,3768.5
2026-03-21 12:30:00,1774096200000,6.0913,6.1429,6.0711,6.0767,4168.1
2026-03-21 12:45:00,1774097100000,6.0767,6.0767,6.0369,6.048,2376.4
2026-03-21 13:00:00,1774098000000,6.048,6.0589,6.0127,6.0333,8365.7
2026-03-21 13:15:00,1774098900000,6.0333,6.0524,6.0102,6.045,7230.7
2026-03-21 13:30:00,1774099800000,6.045,6.0733,6.0218,6.0557,10011.8
2026-03-21 13:45:00,1774100700000,6.0557,6.0655,6.0401,6.0443,1903.8
2026-03-21 14:00:00,1774101600000,6.0443,6.0596,6.027,6.0459,7613.3
2026-03-21 14:15:00,1774102500000,6.0459,6.0698,6.0177,6.0686,4819.5
2026-03-21 14:30:00,1774103400000,6.0686,6.0876,6.0299,6.0876,4003.6
2026-03-21 14:45:00,1774104300000,6.0876,6.0876,6.0234,6.0245,2522.9
2026-03-21 15:00:00,1774105200000,6.0245,6.0359,6.0082,6.0266,2817.1
2026-03-21 15:15:00,1774106100000,6.0266,6.0321,5.9901,5.9964,2509.0
2026-03-21 15:30:00,1774107000000,5.9964,6.0157,5.9808,6.0097,6038.1
2026-03-21 15:45:00,1774107900000,6.0097,6.0598,5.9987,6.0586,5146.7
2026-03-21 16:00:00,1774108800000,6.0586,6.1417,6.0436,6.1211,13411.2
2026-03-21 16:15:00,1774109700000,6.1211,6.1737,6.1085,6.1489,7548.0
2026-03-21 16:30:00,1774110600000,6.1489,6.1493,6.0786,6.0886,6697.4
2026-03-21 16:45:00,1774111500000,6.0886,6.1918,6.0886,6.169,4138.2
2026-03-21 17:00:00,1774112400000,6.169,6.2099,6.1268,6.2057,5241.0
2026-03-21 17:15:00,1774113300000,6.2057,6.2523,6.1719,6.2322,7303.8
2026-03-21 17:30:00,1774114200000,6.2322,6.2644,6.1899,6.231,4084.4
2026-03-21 17:45:00,1774115100000,6.231,6.2484,6.2039,6.2135,3414.4
2026-03-21 18:00:00,1774116000000,6.2135,6.3293,6.2049,6.31,5785.3
2026-03-21 18:15:00,1774116900000,6.31,6.3476,6.294,6.3104,11095.3
2026-03-21 18:30:00,1774117800000,6.3104,6.3784,6.2775,6.3623,6961.0
2026-03-21 18:45:00,1774118700000,6.3623,6.4144,6.3546,6.3778,6390.9
2026-03-21 19:00:00,1774119600000,6.3778,6.4311,6.3681,6.3922,8945.8
2026-03-21 19:15:00,1774120500000,6.3922,6.4719,6.3896,6.4447,9682.9
2026-03-21 19:30:00,1774121400000,6.4447,6.484,6.4416,6.461,7740.2
2026-03-21 19:45:00,1774122300000,6.461,6.4992,6.3971,6.4257,15726.5
2026-03-21 20:00:00,1774123200000,6.4257,6.5982,6.4238,6.5777,36619.8
2026-03-21 20:15:00,1774124100000,6.5777,6.6925,6.5761,6.6864,22386.4
2026-03-21 20:30:00,1774125000000,6.6864,6.7704,6.6745,6.6862,23474.6
2026-03-21 20:45:00,1774125900000,6.6862,6.7438,6.6775,6.7082,10547.8
2026-03-21 21:00:00,1774126800000,6.7082,6.8,6.6909,6.7897,14253.5
2026-03-21 21:15:00,1774127700000,6.7897,6.8915,6.7825,6.8584,17567.1
2026-03-21 21:30:00,1774128600000,6.8584,6.963,6.8473,6.9573,20693.0
2026-03-21 21:45:00,1774129500000,6.9573,6.976,6.9022,6.9521,14856.6
2026-03-21 22:00:00,1774130400000,6.9521,7.0,6.9154,6.9325,23460.7
2026-03-21 22:15:00,1774131300000,6.9325,6.9765,6.7962,6.8872,27078.7
2026-03-21 22:30:00,1774132200000,6.8872,6.9253,6.743,6.8307,26803.9
2026-03-21 22:45:00,1774133100000,6.8307,6.8315,6.6008,6.6466,27623.2
2026-03-21 23:00:00,1774134000000,6.6466,6.7989,6.6209,6.7285,18267.1
2026-03-21 23:15:00,1774134900000,6.7285,6.7757,6.7147,6.7517,6284.5
2026-03-21 23:30:00,1774135800000,6.7517,6.7924,6.5143,6.5463,17821.9
2026-03-21 23:45:00,1774136700000,6.5463,6.6322,6.5087,6.5399,20177.2
2026-03-22 00:00:00,1774137600000,6.5399,6.5995,6.4821,6.5941,14286.3
2026-03-22 00:15:00,1774138500000,6.5941,6.6472,6.5511,6.6226,7220.0
2026-03-22 00:30:00,1774139400000,6.6226,6.6264,6.4343,6.5228,21764.6
2026-03-22 00:45:00,1774140300000,6.5228,6.5409,6.437,6.4788,5381.0
2026-03-22 01:00:00,1774141200000,6.4788,6.5124,6.4535,6.4815,5807.2
2026-03-22 01:15:00,1774142100000,6.4815,6.5145,6.44,6.4742,4562.7
2026-03-22 01:30:00,1774143000000,6.4742,6.4993,6.4404,6.4628,3788.6
2026-03-22 01:45:00,1774143900000,6.4628,6.5196,6.455,6.4953,6029.9
2026-03-22 02:00:00,1774144800000,6.4953,6.5536,6.4715,6.5177,4645.2
2026-03-22 02:15:00,1774145700000,6.5177,6.5396,6.5021,6.5156,1800.8
2026-03-22 02:30:00,1774146600000,6.5156,6.5156,6.3393,6.4181,7983.6
2026-03-22 02:45:00,1774147500000,6.4181,6.4181,6.3635,6.395,4263.1
2026-03-22 03:00:00,1774148400000,6.395,6.4023,6.34,6.3742,4558.3
2026-03-22 03:15:00,1774149300000,6.3742,6.3949,6.3388,6.387,5290.3
2026-03-22 03:30:00,1774150200000,6.387,6.4332,6.3564,6.4109,6067.2
2026-03-22 03:45:00,1774151100000,6.4109,6.4225,6.3855,6.4044,2774.1
2026-03-22 04:00:00,1774152000000,6.4044,6.4207,6.3679,6.3809,3458.9
2026-03-22 04:15:00,1774152900000,6.3809,6.3809,6.3136,6.3633,5408.0
2026-03-22 04:30:00,1774153800000,6.3633,6.4869,6.3536,6.4319,6959.4
2026-03-22 04:45:00,1774154700000,6.4319,6.4343,6.3937,6.4112,2079.2
2026-03-22 05:00:00,1774155600000,6.4112,6.435,6.3847,6.4202,3329.1
2026-03-22 05:15:00,1774156500000,6.4202,6.429,6.4021,6.4184,1239.4
2026-03-22 05:30:00,1774157400000,6.4184,6.465,6.4184,6.4522,5864.2
2026-03-22 05:45:00,1774158300000,6.4522,6.4541,6.4032,6.4394,2245.5
2026-03-22 06:00:00,1774159200000,6.4394,6.4635,6.4108,6.4143,1406.0
2026-03-22 06:15:00,1774160100000,6.4143,6.4599,6.4125,6.4345,869.0
2026-03-22 06:30:00,1774161000000,6.4345,6.4715,6.4273,6.4453,6202.8
2026-03-22 06:45:00,1774161900000,6.4453,6.5726,6.4103,6.5634,8418.0
2026-03-22 07:00:00,1774162800000,6.5634,6.5954,6.5001,6.502,7679.0
2026-03-22 07:15:00,1774163700000,6.502,6.5334,6.4834,6.5297,3241.3
2026-03-22 07:30:00,1774164600000,6.5297,6.54,6.4975,6.5001,1620.6
2026-03-22 07:45:00,1774165500000,6.5001,6.502,6.3535,6.3798,6079.5
2026-03-22 08:00:00,1774166400000,6.3798,6.4059,6.3563,6.3721,4385.2
2026-03-22 08:15:00,1774167300000,6.3721,6.3918,6.3575,6.3811,1614.1
2026-03-22 08:30:00,1774168200000,6.3811,6.3817,6.351,6.3733,1563.5
2026-03-22 08:45:00,1774169100000,6.3733,6.3846,6.3401,6.3501,2578.0
2026-03-22 09:00:00,1774170000000,6.3501,6.3926,6.3253,6.3626,3534.1
2026-03-22 09:15:00,1774170900000,6.3626,6.3914,6.3249,6.3377,2578.3
2026-03-22 09:30:00,1774171800000,6.3377,6.3377,6.2704,6.2946,6694.9
2026-03-22 09:45:00,1774172700000,6.2946,6.309,6.265,6.3058,2112.5
2026-03-22 10:00:00,1774173600000,6.3058,6.3172,6.2637,6.2883,3547.2
2026-03-22 10:15:00,1774174500000,6.2883,6.3329,6.2864,6.3136,1373.1
2026-03-22 10:30:00,1774175400000,6.3136,6.342,6.2997,6.335,2472.6
2026-03-22 10:45:00,1774176300000,6.335,6.3423,6.311,6.3218,1884.7
2026-03-22 11:00:00,1774177200000,6.3218,6.3266,6.2387,6.3005,6699.9
2026-03-22 11:15:00,1774178100000,6.3005,6.3565,6.2928,6.3502,2361.2
2026-03-22 11:30:00,1774179000000,6.3502,6.397,6.346,6.382,5904.8
2026-03-22 11:45:00,1774179900000,6.382,6.4086,6.3705,6.3921,1845.8
2026-03-22 12:00:00,1774180800000,6.3921,6.4329,6.3755,6.3917,3058.6
2026-03-22 12:15:00,1774181700000,6.3917,6.4178,6.3796,6.4084,1053.4
2026-03-22 12:30:00,1774182600000,6.4084,6.52,6.4031,6.5169,7839.2
2026-03-22 12:45:00,1774183500000,6.5169,6.5959,6.487,6.581,14173.9
2026-03-22 13:00:00,1774184400000,6.581,6.7878,6.5599,6.7816,17982.4
2026-03-22 13:15:00,1774185300000,6.7816,6.9366,6.7382,6.8771,45620.0
2026-03-22 13:30:00,1774186200000,6.8771,6.8771,6.644,6.8563,29404.2
2026-03-22 13:45:00,1774187100000,6.8563,6.9287,6.8259,6.839,14380.6
2026-03-22 14:00:00,1774188000000,6.839,6.8762,6.7668,6.8032,13473.4
2026-03-22 14:15:00,1774188900000,6.8032,6.933,6.7853,6.9,8564.3
2026-03-22 14:30:00,1774189800000,6.9,6.9777,6.8919,6.903,20801.7
2026-03-22 14:45:00,1774190700000,6.903,6.9219,6.8434,6.8887,9738.9
2026-03-22 15:00:00,1774191600000,6.8887,6.9385,6.8488,6.9192,7452.5
2026-03-22 15:15:00,1774192500000,6.9192,6.9713,6.8617,6.908,10493.4
2026-03-22 15:30:00,1774193400000,6.908,6.9338,6.8709,6.891,5314.9
2026-03-22 15:45:00,1774194300000,6.891,6.925,6.8539,6.8675,7297.9
2026-03-22 16:00:00,1774195200000,6.8675,6.9542,6.8543,6.9112,17371.4
2026-03-22 16:15:00,1774196100000,6.9112,6.93,6.7807,6.8589,16036.0
2026-03-22 16:30:00,1774197000000,6.8589,6.9091,6.7809,6.8801,16804.5
2026-03-22 16:45:00,1774197900000,6.8801,6.8866,6.8352,6.8576,6941.6
2026-03-22 17:00:00,1774198800000,6.8576,6.95,6.8499,6.8499,20605.5
2026-03-22 17:15:00,1774199700000,6.8499,6.9757,6.8499,6.9278,38673.5
2026-03-22 17:30:00,1774200600000,6.9278,6.9356,6.8584,6.8786,16860.8
2026-03-22 17:45:00,1774201500000,6.8786,6.9361,6.8768,6.9084,11738.7
2026-03-22 18:00:00,1774202400000,6.9084,6.9417,6.8812,6.9251,11760.5
2026-03-22 18:15:00,1774203300000,6.9251,6.9665,6.9107,6.9169,16249.3
2026-03-22 18:30:00,1774204200000,6.9169,6.9342,6.8389,6.9175,13700.9
2026-03-22 18:45:00,1774205100000,6.9175,6.9997,6.8867,6.9955,19438.4
2026-03-22 19:00:00,1774206000000,6.9955,7.1444,6.9509,7.0826,55247.9
2026-03-22 19:15:00,1774206900000,7.0826,7.1331,7.0593,7.1006,19550.1
2026-03-22 19:30:00,1774207800000,7.1006,7.1124,6.9916,7.0303,15552.3
2026-03-22 19:45:00,1774208700000,7.0303,7.0665,6.9599,6.9668,5894.0
2026-03-22 20:00:00,1774209600000,6.9668,7.1092,6.9641,7.1031,5625.2
2026-03-22 20:15:00,1774210500000,7.1031,7.1484,7.0843,7.123,5190.7
2026-03-22 20:30:00,1774211400000,7.123,7.1812,7.0782,7.1561,7920.6
2026-03-22 20:45:00,1774212300000,7.1561,7.3161,7.1309,7.2891,39570.9
2026-03-22 21:00:00,1774213200000,7.2891,7.3736,7.2669,7.3599,21916.6
2026-03-22 21:15:00,1774214100000,7.3599,7.3735,7.1373,7.2792,15769.6
2026-03-22 21:30:00,1774215000000,7.2792,7.3215,7.0633,7.079,11415.3
2026-03-22 21:45:00,1774215900000,7.079,7.2047,7.0634,7.1837,5742.0
2026-03-22 22:00:00,1774216800000,7.1837,7.3,7.1405,7.2488,6807.5
2026-03-22 22:15:00,1774217700000,7.2488,7.354,7.2488,7.2881,6662.1
2026-03-22 22:30:00,1774218600000,7.2881,7.3054,7.2148,7.2238,8381.7
2026-03-22 22:45:00,1774219500000,7.2238,7.2559,7.1855,7.2041,3588.7
2026-03-22 23:00:00,1774220400000,7.2041,7.2041,7.1201,7.1516,3329.4
2026-03-22 23:15:00,1774221300000,7.1516,7.197,7.1444,7.1678,2889.8
2026-03-22 23:30:00,1774222200000,7.1678,7.2041,7.1248,7.1413,2618.4
2026-03-22 23:45:00,1774223100000,7.1413,7.1514,7.11,7.1383,3420.4
2026-03-23 00:00:00,1774224000000,7.1383,7.2295,7.1383,7.2012,4932.7
2026-03-23 00:15:00,1774224900000,7.2012,7.2793,7.2012,7.2754,5331.0
2026-03-23 00:30:00,1774225800000,7.2754,7.2783,7.2332,7.24,3546.6
2026-03-23 00:45:00,1774226700000,7.24,7.243,7.178,7.1897,3125.7
2026-03-23 01:00:00,1774227600000,7.1897,7.2649,7.1659,7.1882,3813.3
2026-03-23 01:15:00,1774228500000,7.1882,7.2737,7.1865,7.2294,3713.3
2026-03-23 01:30:00,1774229400000,7.2294,7.248,7.177,7.1925,5545.0
2026-03-23 01:45:00,1774230300000,7.1925,7.2193,7.1361,7.153,3051.6
2026-03-23 02:00:00,1774231200000,7.153,7.228,7.1273,7.1663,4650.7
2026-03-23 02:15:00,1774232100000,7.1663,7.2082,7.1387,7.2062,1653.9
2026-03-23 02:30:00,1774233000000,7.2062,7.2295,7.1277,7.131,3506.4
2026-03-23 02:45:00,1774233900000,7.131,7.1776,7.1206,7.1586,1531.8
2026-03-23 03:00:00,1774234800000,7.1586,7.1906,7.116,7.1334,3720.0
2026-03-23 03:15:00,1774235700000,7.1334,7.1949,7.1289,7.1908,2770.5
2026-03-23 03:30:00,1774236600000,7.1908,7.222,7.1587,7.1734,2046.3
2026-03-23 03:45:00,1774237500000,7.1734,7.2326,7.1733,7.2219,1414.4
2026-03-23 04:00:00,1774238400000,7.2219,7.2757,7.2135,7.2243,5261.3
2026-03-23 04:15:00,1774239300000,7.2243,7.2307,7.1704,7.1995,2133.1
2026-03-23 04:30:00,1774240200000,7.1995,7.2543,7.1975,7.2525,1550.1
2026-03-23 04:45:00,1774241100000,7.2525,7.3461,7.2401,7.3182,9531.4
2026-03-23 05:00:00,1774242000000,7.3182,7.494,7.3156,7.4508,36027.4
2026-03-23 05:15:00,1774242900000,7.4508,7.5111,7.4217,7.4939,26987.9
2026-03-23 05:30:00,1774243800000,7.4939,7.4939,7.42,7.4494,9301.7
2026-03-23 05:45:00,1774244700000,7.4494,7.4658,7.3715,7.4521,11582.5
2026-03-23 06:00:00,1774245600000,7.4521,7.5898,7.4308,7.5691,29336.3
2026-03-23 06:15:00,1774246500000,7.5691,7.726,7.5391,7.6553,51822.2
2026-03-23 06:30:00,1774247400000,7.6553,7.726,7.6282,7.6775,26167.2
2026-03-23 06:45:00,1774248300000,7.6775,7.7242,7.6381,7.6794,15271.0
2026-03-23 07:00:00,1774249200000,7.6794,7.6949,7.5539,7.5936,20432.4
2026-03-23 07:15:00,1774250100000,7.5936,7.62,7.4701,7.5513,13423.8
2026-03-23 07:30:00,1774251000000,7.5513,7.6385,7.5331,7.621,10819.0
2026-03-23 07:45:00,1774251900000,7.621,7.6486,7.5112,7.5541,14255.3
2026-03-23 08:00:00,1774252800000,7.5541,7.5894,7.418,7.4563,16131.8
2026-03-23 08:15:00,1774253700000,7.4563,7.4921,7.3202,7.4347,19228.7
2026-03-23 08:30:00,1774254600000,7.4347,7.5307,7.3714,7.49,13386.1
2026-03-23 08:45:00,1774255500000,7.49,7.5328,7.4225,7.479,13006.3
2026-03-23 09:00:00,1774256400000,7.479,7.518,7.289,7.4569,29144.6
2026-03-23 09:15:00,1774257300000,7.4569,7.4945,7.387,7.4106,14807.4
2026-03-23 09:30:00,1774258200000,7.4106,7.57,7.4106,7.5078,12681.2
2026-03-23 09:45:00,1774259100000,7.5078,7.6224,7.4679,7.4716,16258.9
2026-03-23 10:00:00,1774260000000,7.4716,7.5196,7.4057,7.4205,12450.3
2026-03-23 10:15:00,1774260900000,7.4205,7.4734,7.4112,7.4377,10565.8
2026-03-23 10:30:00,1774261800000,7.4377,7.4695,7.3859,7.4676,12079.3
2026-03-23 10:45:00,1774262700000,7.4676,7.5232,7.446,7.4983,9814.1
2026-03-23 11:00:00,1774263600000,7.4983,7.6899,7.3929,7.5909,49789.0
2026-03-23 11:15:00,1774264500000,7.5909,7.6318,7.4623,7.5188,15776.4
2026-03-23 11:30:00,1774265400000,7.5188,7.5582,7.4143,7.4475,10865.2
2026-03-23 11:45:00,1774266300000,7.4475,7.5258,7.3646,7.3919,24639.9
2026-03-23 12:00:00,1774267200000,7.3919,7.4481,7.3504,7.4152,11870.3
2026-03-23 12:15:00,1774268100000,7.4152,7.5158,7.4048,7.5065,8501.8
2026-03-23 12:30:00,1774269000000,7.5065,7.5282,7.4668,7.4732,5785.9
2026-03-23 12:45:00,1774269900000,7.4732,7.5064,7.3601,7.3755,10508.0
2026-03-23 13:00:00,1774270800000,7.3755,7.4313,7.3754,7.3999,5377.9
2026-03-23 13:15:00,1774271700000,7.3999,7.4249,7.3318,7.37,7855.6
2026-03-23 13:30:00,1774272600000,7.37,7.4737,7.3631,7.4426,8951.0
2026-03-23 13:45:00,1774273500000,7.4426,7.5503,7.4138,7.4773,10801.7
2026-03-23 14:00:00,1774274400000,7.4773,7.4939,7.4099,7.4266,10382.4
2026-03-23 14:15:00,1774275300000,7.4266,7.4399,7.3933,7.4031,2859.9
2026-03-23 14:30:00,1774276200000,7.4031,7.4099,7.3008,7.3432,8918.8
2026-03-23 14:45:00,1774277100000,7.3432,7.3799,7.2545,7.3218,14353.3
2026-03-23 15:00:00,1774278000000,7.3218,7.3912,7.2941,7.3682,13405.4
2026-03-23 15:15:00,1774278900000,7.3682,7.4062,7.3398,7.3574,4974.3
2026-03-23 15:30:00,1774279800000,7.3574,7.3755,7.3299,7.3637,5316.2
2026-03-23 15:45:00,1774280700000,7.3637,7.4054,7.3427,7.3716,3853.5
2026-03-23 16:00:00,1774281600000,7.3716,7.4669,7.3708,7.4583,12229.4
2026-03-23 16:15:00,1774282500000,7.4583,7.542,7.4486,7.4884,9762.3
2026-03-23 16:30:00,1774283400000,7.4884,7.5332,7.4493,7.4613,5974.9
2026-03-23 16:45:00,1774284300000,7.4613,7.5094,7.4196,7.5064,3719.4
2026-03-23 17:00:00,1774285200000,7.5064,7.5064,7.3844,7.4344,5243.5
2026-03-23 17:15:00,1774286100000,7.4344,7.4444,7.3694,7.3729,2400.2
2026-03-23 17:30:00,1774287000000,7.3729,7.4188,7.3629,7.4169,7009.2
2026-03-23 17:45:00,1774287900000,7.4169,7.4712,7.4113,7.4295,3973.0
2026-03-23 18:00:00,1774288800000,7.4295,7.502,7.3855,7.4902,5847.5
2026-03-23 18:15:00,1774289700000,7.4902,7.528,7.4656,7.4904,6114.2
2026-03-23 18:30:00,1774290600000,7.4904,7.4993,7.4311,7.4602,5159.6
2026-03-23 18:45:00,1774291500000,7.4602,7.49,7.4303,7.4709,3750.2
2026-03-23 19:00:00,1774292400000,7.4709,7.4993,7.4448,7.4971,4611.2
2026-03-23 19:15:00,1774293300000,7.4971,7.5656,7.4689,7.54,11449.4
2026-03-23 19:30:00,1774294200000,7.54,7.5858,7.5008,7.5264,6576.9
2026-03-23 19:45:00,1774295100000,7.5264,7.5529,7.508,7.5327,3884.1
2026-03-23 20:00:00,1774296000000,7.5327,7.5395,7.4861,7.5136,3347.4
2026-03-23 20:15:00,1774296900000,7.5136,7.5357,7.4813,7.5277,3568.5
2026-03-23 20:30:00,1774297800000,7.5277,7.552,7.5151,7.5371,2418.9
2026-03-23 20:45:00,1774298700000,7.5371,7.5467,7.5084,7.5158,1927.0
2026-03-23 21:00:00,1774299600000,7.5158,7.552,7.4846,7.5207,4753.9
2026-03-23 21:15:00,1774300500000,7.5207,7.5275,7.473,7.4844,2524.3
2026-03-23 21:30:00,1774301400000,7.4844,7.5524,7.4821,7.5207,4117.7
2026-03-23 21:45:00,1774302300000,7.5207,7.5749,7.5187,7.5701,6881.6
2026-03-23 22:00:00,1774303200000,7.5701,7.6537,7.5674,7.6456,9318.6
2026-03-23 22:15:00,1774304100000,7.6456,7.6773,7.6132,7.6256,4575.3
2026-03-23 22:30:00,1774305000000,7.6256,7.6608,7.5805,7.6564,4590.1
2026-03-23 22:45:00,1774305900000,7.6564,7.681,7.6234,7.6486,2548.1
2026-03-23 23:00:00,1774306800000,7.6486,7.6486,7.5998,7.6196,4111.9
2026-03-23 23:15:00,1774307700000,7.6196,7.6259,7.5522,7.5592,3453.2
2026-03-23 23:30:00,1774308600000,7.5592,7.6274,7.5452,7.5985,4041.0
2026-03-23 23:45:00,1774309500000,7.5985,7.62,7.5918,7.6126,1748.8
2026-03-24 00:00:00,1774310400000,7.6126,7.6627,7.5656,7.6409,8569.9
2026-03-24 00:15:00,1774311300000,7.6409,7.6801,7.6258,7.6349,3711.8
2026-03-24 00:30:00,1774312200000,7.6349,7.6652,7.6111,7.6194,5330.3
2026-03-24 00:45:00,1774313100000,7.6194,7.6326,7.5794,7.5927,2462.0
2026-03-24 01:00:00,1774314000000,7.5927,7.5943,7.4969,7.5152,5828.3
2026-03-24 01:15:00,1774314900000,7.5152,7.5406,7.4599,7.4993,8262.8
2026-03-24 01:30:00,1774315800000,7.4993,7.5212,7.4593,7.5185,8799.2
2026-03-24 01:45:00,1774316700000,7.5185,7.5185,7.4385,7.4984,7110.6
2026-03-24 02:00:00,1774317600000,7.4984,7.5377,7.4702,7.5115,10212.3
2026-03-24 02:15:00,1774318500000,7.5115,7.5389,7.4732,7.4994,5773.7
2026-03-24 02:30:00,1774319400000,7.4994,7.5055,7.4285,7.4541,4506.5
2026-03-24 02:45:00,1774320300000,7.4541,7.5221,7.4479,7.5144,4200.4
2026-03-24 03:00:00,1774321200000,7.5144,7.523,7.3312,7.3443,10087.1
2026-03-24 03:15:00,1774322100000,7.3443,7.3498,7.3,7.3213,4997.7
2026-03-24 03:30:00,1774323000000,7.3213,7.3831,7.3213,7.33,2240.3
2026-03-24 03:45:00,1774323900000,7.33,7.33,7.2322,7.2571,5444.4
2026-03-24 04:00:00,1774324800000,7.2571,7.3123,7.2455,7.2897,2682.9
2026-03-24 04:15:00,1774325700000,7.2897,7.3004,7.2664,7.2808,2067.1
2026-03-24 04:30:00,1774326600000,7.2808,7.4399,7.2808,7.432,8453.7
2026-03-24 04:45:00,1774327500000,7.432,7.4598,7.3788,7.4308,2526.4
2026-03-24 05:00:00,1774328400000,7.4308,7.4671,7.4138,7.4547,4244.8
2026-03-24 05:15:00,1774329300000,7.4547,7.478,7.4154,7.4553,2771.3
2026-03-24 05:30:00,1774330200000,7.4553,7.4628,7.4233,7.4613,2509.5
2026-03-24 05:45:00,1774331100000,7.4613,7.4754,7.4188,7.4279,3737.1
2026-03-24 06:00:00,1774332000000,7.4279,7.437,7.3816,7.4055,3304.3
2026-03-24 06:15:00,1774332900000,7.4055,7.4055,7.3549,7.3632,3845.5
2026-03-24 06:30:00,1774333800000,7.3632,7.374,7.3073,7.3337,3461.8
2026-03-24 06:45:00,1774334700000,7.3337,7.3461,7.3111,7.3332,3282.4
2026-03-24 07:00:00,1774335600000,7.3332,7.4173,7.322,7.3868,6026.0
2026-03-24 07:15:00,1774336500000,7.3868,7.3957,7.2649,7.2704,17004.9
2026-03-24 07:30:00,1774337400000,7.2704,7.2943,7.222,7.26,13921.9
2026-03-24 07:45:00,1774338300000,7.26,7.2872,7.2214,7.2812,5790.2
2026-03-24 08:00:00,1774339200000,7.2812,7.3057,7.2428,7.2752,6836.4
2026-03-24 08:15:00,1774340100000,7.2752,7.2799,7.1686,7.2006,7960.9
2026-03-24 08:30:00,1774341000000,7.2006,7.216,7.1477,7.1539,4536.0
2026-03-24 08:45:00,1774341900000,7.1539,7.1615,6.9289,7.0636,38929.4
2026-03-24 09:00:00,1774342800000,7.0636,7.0755,6.88,6.9191,16952.3
2026-03-24 09:15:00,1774343700000,6.9191,6.9895,6.8876,6.9398,15213.9
2026-03-24 09:30:00,1774344600000,6.9398,6.9444,6.8895,6.8975,7301.1
2026-03-24 09:45:00,1774345500000,6.8975,7.0379,6.8877,7.0119,17439.7
2026-03-24 10:00:00,1774346400000,7.0119,7.066,6.9832,7.0165,14317.2
2026-03-24 10:15:00,1774347300000,7.0165,7.1288,7.0119,7.1133,13744.3
2026-03-24 10:30:00,1774348200000,7.1133,7.2511,7.1055,7.1423,17090.1
2026-03-24 10:45:00,1774349100000,7.1423,7.2108,7.1352,7.1626,8466.5
2026-03-24 11:00:00,1774350000000,7.1626,7.1829,7.1227,7.1514,4762.0
2026-03-24 11:15:00,1774350900000,7.1514,7.1582,7.0924,7.122,8197.8
2026-03-24 11:30:00,1774351800000,7.122,7.122,7.0421,7.0589,6847.2
2026-03-24 11:45:00,1774352700000,7.0589,7.1301,6.9934,7.1188,10855.4
2026-03-24 12:00:00,1774353600000,7.1188,7.1217,6.98,6.9808,6457.6
2026-03-24 12:15:00,1774354500000,6.9808,6.9808,6.9151,6.9344,15979.5
2026-03-24 12:30:00,1774355400000,6.9344,7.0522,6.9245,7.0514,10530.0
2026-03-24 12:45:00,1774356300000,7.0514,7.0625,7.0067,7.0146,2621.0
2026-03-24 13:00:00,1774357200000,7.0146,7.0249,6.9444,7.0217,4949.8
2026-03-24 13:15:00,1774358100000,7.0217,7.0392,7.0014,7.0267,1930.5
2026-03-24 13:30:00,1774359000000,7.0267,7.0632,6.9803,7.0409,3207.2
2026-03-24 13:45:00,1774359900000,7.0409,7.0519,7.0053,7.0112,2516.6
2026-03-24 14:00:00,1774360800000,7.0112,7.0591,7.0112,7.0491,2214.1
2026-03-24 14:15:00,1774361700000,7.0491,7.0639,7.0003,7.0141,2564.3
2026-03-24 14:30:00,1774362600000,7.0141,7.1717,7.0135,7.1193,11277.0
2026-03-24 14:45:00,1774363500000,7.1193,7.1348,7.0685,7.0829,4612.5
2026-03-24 15:00:00,1774364400000,7.0829,7.127,7.0464,7.0628,3671.6
2026-03-24 15:15:00,1774365300000,7.0628,7.1472,7.0606,7.1263,2859.5
2026-03-24 15:30:00,1774366200000,7.1263,7.171,7.0891,7.0994,1744.4
2026-03-24 15:45:00,1774367100000,7.0994,7.1131,7.0668,7.1089,2100.1
2026-03-24 16:00:00,1774368000000,7.1089,7.1648,7.0823,7.1155,3020.0
2026-03-24 16:15:00,1774368900000,7.1155,7.118,7.0856,7.1122,2603.4
2026-03-24 16:30:00,1774369800000,7.1122,7.1317,7.0604,7.116,2570.7
2026-03-24 16:45:00,1774370700000,7.116,7.187,7.088,7.187,1819.2
2026-03-24 17:00:00,1774371600000,7.187,7.1992,7.1114,7.1361,4197.6
2026-03-24 17:15:00,1774372500000,7.1361,7.1614,7.1057,7.1444,5572.5
2026-03-24 17:30:00,1774373400000,7.1444,7.1849,7.139,7.1699,2548.8
2026-03-24 17:45:00,1774374300000,7.1699,7.2285,7.1493,7.1702,3698.4
2026-03-24 18:00:00,1774375200000,7.1702,7.2919,7.1565,7.2651,5360.0
2026-03-24 18:15:00,1774376100000,7.2651,7.2919,7.2232,7.2367,3952.8
2026-03-24 18:30:00,1774377000000,7.2367,7.2476,7.1808,7.1891,2825.7
2026-03-24 18:45:00,1774377900000,7.1891,7.2175,7.1795,7.1935,3194.2
2026-03-24 19:00:00,1774378800000,7.1935,7.2581,7.1535,7.2175,3930.8
2026-03-24 19:15:00,1774379700000,7.2175,7.2294,7.1801,7.2072,2501.0
2026-03-24 19:30:00,1774380600000,7.2072,7.2585,7.198,7.2381,1746.6
2026-03-24 19:45:00,1774381500000,7.2381,7.3481,7.2368,7.3002,8499.9
2026-03-24 20:00:00,1774382400000,7.3002,7.439,7.2961,7.329,12260.7
2026-03-24 20:15:00,1774383300000,7.329,7.3453,7.2776,7.3271,4253.0
2026-03-24 20:30:00,1774384200000,7.3271,7.3387,7.259,7.3012,3514.2
2026-03-24 20:45:00,1774385100000,7.3012,7.3313,7.2922,7.329,1957.5
2026-03-24 21:00:00,1774386000000,7.329,7.3448,7.295,7.3126,4650.5
2026-03-24 21:15:00,1774386900000,7.3126,7.3432,7.224,7.2308,3077.8
2026-03-24 21:30:00,1774387800000,7.2308,7.234,7.2008,7.2092,3878.9
2026-03-24 21:45:00,1774388700000,7.2092,7.2092,7.1251,7.1449,5520.3
2026-03-24 22:00:00,1774389600000,7.1449,7.1782,7.1242,7.1765,1466.6
2026-03-24 22:15:00,1774390500000,7.1765,7.2026,7.1464,7.1632,1718.2
2026-03-24 22:30:00,1774391400000,7.1632,7.1905,7.1493,7.1493,1147.8
2026-03-24 22:45:00,1774392300000,7.1493,7.1639,7.1252,7.1269,1715.7
2026-03-24 23:00:00,1774393200000,7.1269,7.1329,7.0418,7.0974,8473.0
2026-03-24 23:15:00,1774394100000,7.0974,7.1309,7.0679,7.109,2148.0
2026-03-24 23:30:00,1774395000000,7.109,7.1221,7.0603,7.0802,5529.4
2026-03-24 23:45:00,1774395900000,7.0802,7.0815,7.03,7.0362,4952.7
2026-03-25 00:00:00,1774396800000,7.0362,7.0865,7.0175,7.068,3721.0
2026-03-25 00:15:00,1774397700000,7.068,7.0909,7.0398,7.0894,2649.1
2026-03-25 00:30:00,1774398600000,7.0894,7.1034,7.0461,7.0919,1881.6
2026-03-25 00:45:00,1774399500000,7.0919,7.1228,7.0847,7.1089,1362.7
2026-03-25 01:00:00,1774400400000,7.1089,7.155,7.1013,7.1084,2866.2
2026-03-25 01:15:00,1774401300000,7.1084,7.1409,7.0876,7.1018,1674.1
2026-03-25 01:30:00,1774402200000,7.1018,7.1524,7.0743,7.1322,3106.6
2026-03-25 01:45:00,1774403100000,7.1322,7.1685,7.1192,7.1618,1731.8
2026-03-25 02:00:00,1774404000000,7.1618,7.2062,7.135,7.1435,3204.1
2026-03-25 02:15:00,1774404900000,7.1435,7.1435,7.084,7.1042,1806.7
2026-03-25 02:30:00,1774405800000,7.1042,7.1789,7.089,7.1466,2494.2
2026-03-25 02:45:00,1774406700000,7.1466,7.161,7.1014,7.1021,2471.6
2026-03-25 03:00:00,1774407600000,7.1021,7.1393,7.0735,7.1154,1746.0
2026-03-25 03:15:00,1774408500000,7.1154,7.135,7.0947,7.1267,1281.4
2026-03-25 03:30:00,1774409400000,7.1267,7.2225,7.11,7.216,3715.5
2026-03-25 03:45:00,1774410300000,7.216,7.2848,7.2013,7.2547,3909.8
2026-03-25 04:00:00,1774411200000,7.2547,7.2899,7.1863,7.1897,4857.4
2026-03-25 04:15:00,1774412100000,7.1897,7.1971,7.1256,7.1374,2164.5
2026-03-25 04:30:00,1774413000000,7.1374,7.1933,7.1203,7.1739,1668.2
2026-03-25 04:45:00,1774413900000,7.1739,7.2012,7.1473,7.2012,2217.1
2026-03-25 05:00:00,1774414800000,7.2012,7.223,7.1374,7.1456,1545.1
2026-03-25 05:15:00,1774415700000,7.1456,7.1761,7.1251,7.1293,758.4
2026-03-25 05:30:00,1774416600000,7.1293,7.18,7.1201,7.18,924.1
2026-03-25 05:45:00,1774417500000,7.18,7.1924,7.1524,7.163,1015.2
2026-03-25 06:00:00,1774418400000,7.163,7.2153,7.1366,7.2116,2520.2
2026-03-25 06:15:00,1774419300000,7.2116,7.2293,7.1694,7.1941,2611.0
2026-03-25 06:30:00,1774420200000,7.1941,7.1948,7.1459,7.1586,4898.0
2026-03-25 06:45:00,1774421100000,7.1586,7.2182,7.1567,7.2147,2376.1
2026-03-25 07:00:00,1774422000000,7.2147,7.2241,7.1647,7.1853,2455.8
2026-03-25 07:15:00,1774422900000,7.1853,7.192,7.1252,7.1298,4145.4
2026-03-25 07:30:00,1774423800000,7.1298,7.1443,7.0911,7.0965,4977.6
2026-03-25 07:45:00,1774424700000,7.0965,7.1443,7.0864,7.1125,3255.4
2026-03-25 08:00:00,1774425600000,7.1125,7.1524,7.0951,7.1377,2891.4
2026-03-25 08:15:00,1774426500000,7.1377,7.1634,7.1241,7.1632,1929.9
2026-03-25 08:30:00,1774427400000,7.1632,7.1845,7.1453,7.1502,1723.3
2026-03-25 08:45:00,1774428300000,7.1502,7.2061,7.1444,7.1994,1613.1
2026-03-25 09:00:00,1774429200000,7.1994,7.2151,7.1318,7.1441,2482.6
2026-03-25 09:15:00,1774430100000,7.1441,7.1444,7.0962,7.1312,2942.6
2026-03-25 09:30:00,1774431000000,7.1312,7.1709,7.1082,7.1654,1829.2
2026-03-25 09:45:00,1774431900000,7.1654,7.2175,7.163,7.1981,2576.4
2026-03-25 10:00:00,1774432800000,7.1981,7.2107,7.1121,7.1305,3954.9
2026-03-25 10:15:00,1774433700000,7.1305,7.1574,7.1203,7.128,1323.4
2026-03-25 10:30:00,1774434600000,7.128,7.1656,7.1277,7.1477,886.4
2026-03-25 10:45:00,1774435500000,7.1477,7.1656,7.1322,7.1427,1898.6
2026-03-25 11:00:00,1774436400000,7.1427,7.1427,7.0822,7.0857,4694.7
2026-03-25 11:15:00,1774437300000,7.0857,7.1187,7.0638,7.1117,7553.4
2026-03-25 11:30:00,1774438200000,7.1117,7.1304,7.0893,7.1178,2845.0
2026-03-25 11:45:00,1774439100000,7.1178,7.1269,7.0535,7.063,3310.2
2026-03-25 12:00:00,1774440000000,7.063,7.0918,7.0221,7.029,3954.6
2026-03-25 12:15:00,1774440900000,7.029,7.0998,7.0059,7.0931,10272.9
2026-03-25 12:30:00,1774441800000,7.0931,7.1,7.0335,7.052,2182.5
2026-03-25 12:45:00,1774442700000,7.052,7.0626,7.0156,7.0156,2984.9
2026-03-25 13:00:00,1774443600000,7.0156,7.0521,6.9933,7.0008,7045.1
2026-03-25 13:15:00,1774444500000,7.0008,7.0377,6.9605,6.9656,4296.2
2026-03-25 13:30:00,1774445400000,6.9656,7.0204,6.9616,6.9942,2188.4
2026-03-25 13:45:00,1774446300000,6.9942,7.0197,6.969,6.9729,2847.0
2026-03-25 14:00:00,1774447200000,6.9729,7.0079,6.9673,6.9765,3478.6
2026-03-25 14:15:00,1774448100000,6.9765,7.0465,6.9741,6.9973,3546.2
2026-03-25 14:30:00,1774449000000,6.9973,7.0948,6.9949,7.0442,5665.4
2026-03-25 14:45:00,1774449900000,7.0442,7.0502,7.0005,7.024,3067.8
2026-03-25 15:00:00,1774450800000,7.024,7.0264,6.963,7.0158,2830.5
2026-03-25 15:15:00,1774451700000,7.0158,7.0768,7.0131,7.0503,2733.7
2026-03-25 15:30:00,1774452600000,7.0503,7.0704,6.9954,7.0163,1633.2
2026-03-25 15:45:00,1774453500000,7.0163,7.0207,6.9783,6.9819,1564.2
2026-03-25 16:00:00,1774454400000,6.9819,6.9837,6.863,6.9078,9641.4
2026-03-25 16:15:00,1774455300000,6.9078,6.9606,6.9067,6.92,3329.8
2026-03-25 16:30:00,1774456200000,6.92,6.9242,6.8742,6.8742,4616.0
2026-03-25 16:45:00,1774457100000,6.8742,6.8986,6.8357,6.888,5740.1
2026-03-25 17:00:00,1774458000000,6.888,6.9,6.825,6.8445,7027.1
2026-03-25 17:15:00,1774458900000,6.8445,6.8888,6.8262,6.8676,3969.6
2026-03-25 17:30:00,1774459800000,6.8676,6.8797,6.8063,6.8095,3769.1
2026-03-25 17:45:00,1774460700000,6.8095,6.8234,6.7824,6.7923,10049.1
2026-03-25 18:00:00,1774461600000,6.7923,6.882,6.7694,6.8784,18526.8
2026-03-25 18:15:00,1774462500000,6.8784,6.9203,6.8758,6.9168,6794.1
2026-03-25 18:30:00,1774463400000,6.9168,6.9215,6.8455,6.8612,4063.8
2026-03-25 18:45:00,1774464300000,6.8612,6.8695,6.8378,6.8422,2356.1
2026-03-25 19:00:00,1774465200000,6.8422,6.9122,6.8219,6.9122,3659.2
2026-03-25 19:15:00,1774466100000,6.9122,7.0876,6.8859,7.0349,11328.6
2026-03-25 19:30:00,1774467000000,7.0349,7.0654,6.9859,7.0025,7207.9
2026-03-25 19:45:00,1774467900000,7.0025,7.0449,7.0025,7.0256,3381.2
2026-03-25 20:00:00,1774468800000,7.0256,7.3621,7.0225,7.1872,28902.1
2026-03-25 20:15:00,1774469700000,7.1872,7.3723,7.1796,7.2978,19770.3
2026-03-25 20:30:00,1774470600000,7.2978,7.3047,7.2226,7.2551,4987.4
2026-03-25 20:45:00,1774471500000,7.2551,7.3161,7.2449,7.2722,4248.9
2026-03-25 21:00:00,1774472400000,7.2722,7.3199,7.2544,7.2793,10034.0
2026-03-25 21:15:00,1774473300000,7.2793,7.3036,7.2417,7.2854,2918.3
2026-03-25 21:30:00,1774474200000,7.2854,7.2896,7.2452,7.2884,2017.1
2026-03-25 21:45:00,1774475100000,7.2884,7.394,7.273,7.3478,5229.4
2026-03-25 22:00:00,1774476000000,7.3478,7.6664,7.3421,7.5705,35500.0
2026-03-25 22:15:00,1774476900000,7.5705,7.7306,7.5324,7.6782,25631.7
2026-03-25 22:30:00,1774477800000,7.6782,7.7264,7.4625,7.4625,24065.8
2026-03-25 22:45:00,1774478700000,7.4625,7.5272,7.4026,7.4444,10938.2
2026-03-25 23:00:00,1774479600000,7.4444,7.5026,7.4161,7.4714,8737.2
2026-03-25 23:15:00,1774480500000,7.4714,7.5,7.3859,7.3897,4919.3
2026-03-25 23:30:00,1774481400000,7.3897,7.4111,7.3551,7.3871,5091.1
2026-03-25 23:45:00,1774482300000,7.3871,7.4224,7.3516,7.4224,5574.3
2026-03-26 00:00:00,1774483200000,7.4224,7.4425,7.34,7.3801,17786.3
2026-03-26 00:15:00,1774484100000,7.3801,7.401,7.2656,7.2667,7186.0
2026-03-26 00:30:00,1774485000000,7.2667,7.2749,7.2154,7.2363,5706.5
2026-03-26 00:45:00,1774485900000,7.2363,7.2673,7.2145,7.2145,2797.1
2026-03-26 01:00:00,1774486800000,7.2145,7.2722,7.2085,7.2399,3457.9
2026-03-26 01:15:00,1774487700000,7.2399,7.2756,7.206,7.2256,2632.6
2026-03-26 01:30:00,1774488600000,7.2256,7.2361,7.1819,7.2,1869.8
2026-03-26 01:45:00,1774489500000,7.2,7.2482,7.197,7.2302,2260.8
2026-03-26 02:00:00,1774490400000,7.2302,7.2508,7.186,7.2073,1549.0
2026-03-26 02:15:00,1774491300000,7.2073,7.2184,7.1824,7.2121,1504.9
2026-03-26 02:30:00,1774492200000,7.2121,7.2249,7.1793,7.1935,2120.7
2026-03-26 02:45:00,1774493100000,7.1935,7.2083,7.1738,7.1782,1507.1
2026-03-26 03:00:00,1774494000000,7.1782,7.1991,7.1629,7.182,2680.3
2026-03-26 03:15:00,1774494900000,7.182,7.2212,7.1699,7.1834,3667.9
2026-03-26 03:30:00,1774495800000,7.1834,7.2124,7.1597,7.1697,2391.9
2026-03-26 03:45:00,1774496700000,7.1697,7.1983,7.1658,7.1886,2011.0
2026-03-26 04:00:00,1774497600000,7.1886,7.2872,7.1878,7.2701,4282.1
2026-03-26 04:15:00,1774498500000,7.2701,7.3181,7.251,7.2865,4164.9
2026-03-26 04:30:00,1774499400000,7.2865,7.3076,7.2502,7.2812,2793.8
2026-03-26 04:45:00,1774500300000,7.2812,7.3161,7.251,7.2862,2349.0
2026-03-26 05:00:00,1774501200000,7.2862,7.2901,7.2568,7.2631,1266.2
2026-03-26 05:15:00,1774502100000,7.2631,7.3003,7.2509,7.2509,1793.2
2026-03-26 05:30:00,1774503000000,7.2509,7.2696,7.2409,7.2614,1376.6
2026-03-26 05:45:00,1774503900000,7.2614,7.2673,7.2093,7.2418,2389.4
2026-03-26 06:00:00,1774504800000,7.2418,7.254,7.2108,7.2477,2834.6
2026-03-26 06:15:00,1774505700000,7.2477,7.2543,7.181,7.2022,2626.8
2026-03-26 06:30:00,1774506600000,7.2022,7.2203,7.1865,7.2198,1494.3
2026-03-26 06:45:00,1774507500000,7.2198,7.2654,7.2133,7.2634,1946.3
2026-03-26 07:00:00,1774508400000,7.2634,7.2884,7.2279,7.2401,3141.2
2026-03-26 07:15:00,1774509300000,7.2401,7.2422,7.1639,7.1784,2310.8
2026-03-26 07:30:00,1774510200000,7.1784,7.2522,7.1686,7.2176,2362.4
2026-03-26 07:45:00,1774511100000,7.2176,7.2207,7.1883,7.2083,1288.7
2026-03-26 08:00:00,1774512000000,7.2083,7.233,7.1871,7.233,2635.6
2026-03-26 08:15:00,1774512900000,7.233,7.2863,7.2288,7.2775,994.5
2026-03-26 08:30:00,1774513800000,7.2775,7.3256,7.2526,7.299,7250.5
2026-03-26 08:45:00,1774514700000,7.299,7.3503,7.2792,7.3039,4130.8
2026-03-26 09:00:00,1774515600000,7.3039,7.3668,7.28,7.3585,3988.5
2026-03-26 09:15:00,1774516500000,7.3585,7.3989,7.3312,7.3423,3197.4
2026-03-26 09:30:00,1774517400000,7.3423,7.3747,7.3222,7.3494,3649.8
2026-03-26 09:45:00,1774518300000,7.3494,7.3964,7.3458,7.3925,3681.4
2026-03-26 10:00:00,1774519200000,7.3925,7.4289,7.368,7.4114,4591.5
2026-03-26 10:15:00,1774520100000,7.4114,7.4647,7.4054,7.4286,6018.0
2026-03-26 10:30:00,1774521000000,7.4286,7.4591,7.4102,7.4354,2581.2
2026-03-26 10:45:00,1774521900000,7.4354,7.478,7.3193,7.4072,9879.5
2026-03-26 11:00:00,1774522800000,7.4072,7.4548,7.3787,7.4125,3608.3
2026-03-26 11:15:00,1774523700000,7.4125,7.4818,7.4074,7.464,5085.0
2026-03-26 11:30:00,1774524600000,7.464,7.4844,7.4084,7.425,6541.9
2026-03-26 11:45:00,1774525500000,7.425,7.4283,7.3547,7.3645,4945.4
2026-03-26 12:00:00,1774526400000,7.3645,7.414,7.3503,7.4,3983.8
2026-03-26 12:15:00,1774527300000,7.4,7.431,7.3438,7.3594,2571.3
2026-03-26 12:30:00,1774528200000,7.3594,7.3726,7.2856,7.3404,2434.5
2026-03-26 12:45:00,1774529100000,7.3404,7.3645,7.2798,7.3542,3750.5
2026-03-26 13:00:00,1774530000000,7.3542,7.3802,7.3007,7.3573,2615.2
2026-03-26 13:15:00,1774530900000,7.3573,7.4155,7.3362,7.3971,3083.5
2026-03-26 13:30:00,1774531800000,7.3971,7.4504,7.375,7.418,5628.5
2026-03-26 13:45:00,1774532700000,7.418,7.4521,7.3821,7.4167,5217.3
2026-03-26 14:00:00,1774533600000,7.4167,7.4408,7.3843,7.4084,5621.4
2026-03-26 14:15:00,1774534500000,7.4084,7.4336,7.3834,7.4084,1744.0
2026-03-26 14:30:00,1774535400000,7.4084,7.4486,7.4001,7.4361,1806.3
2026-03-26 14:45:00,1774536300000,7.4361,7.4552,7.3775,7.3929,2989.2
2026-03-26 15:00:00,1774537200000,7.3929,7.4222,7.3621,7.3859,3246.6
2026-03-26 15:15:00,1774538100000,7.3859,7.4212,7.3771,7.4035,3117.9
2026-03-26 15:30:00,1774539000000,7.4035,7.4037,7.3462,7.3737,2657.8
2026-03-26 15:45:00,1774539900000,7.3737,7.4178,7.3665,7.3908,6241.0
2026-03-26 16:00:00,1774540800000,7.3908,7.4256,7.3833,7.4073,2917.4
2026-03-26 16:15:00,1774541700000,7.4073,7.4151,7.3459,7.3743,1990.5
2026-03-26 16:30:00,1774542600000,7.3743,7.4111,7.3672,7.3901,690.2
2026-03-26 16:45:00,1774543500000,7.3901,7.4091,7.3744,7.3832,847.5
2026-03-26 17:00:00,1774544400000,7.3832,7.3943,7.3572,7.3865,3220.8
2026-03-26 17:15:00,1774545300000,7.3865,7.4192,7.3764,7.403,1508.3
2026-03-26 17:30:00,1774546200000,7.403,7.4113,7.36,7.3706,5607.4
2026-03-26 17:45:00,1774547100000,7.3706,7.4039,7.3653,7.3977,1905.4
2026-03-26 18:00:00,1774548000000,7.3977,7.4479,7.3977,7.4403,4793.8
2026-03-26 18:15:00,1774548900000,7.4403,7.4821,7.3516,7.3594,6663.1
2026-03-26 18:30:00,1774549800000,7.3594,7.3711,7.3039,7.3366,5422.2
2026-03-26 18:45:00,1774550700000,7.3366,7.3554,7.2851,7.3423,5053.4
2026-03-26 19:00:00,1774551600000,7.3423,7.3716,7.3025,7.3503,4424.0
2026-03-26 19:15:00,1774552500000,7.3503,7.3714,7.3356,7.346,1062.6
2026-03-26 19:30:00,1774553400000,7.346,7.3632,7.3162,7.324,2930.2
2026-03-26 19:45:00,1774554300000,7.324,7.3299,7.3031,7.3252,1149.0
2026-03-26 20:00:00,1774555200000,7.3252,7.3857,7.3252,7.364,4945.6
2026-03-26 20:15:00,1774556100000,7.364,7.4174,7.3634,7.4102,1627.1
2026-03-26 20:30:00,1774557000000,7.4102,7.4233,7.3362,7.3456,1818.6
2026-03-26 20:45:00,1774557900000,7.3456,7.3691,7.3456,7.3545,777.7
2026-03-26 21:00:00,1774558800000,7.3545,7.3786,7.3172,7.3377,2308.7
2026-03-26 21:15:00,1774559700000,7.3377,7.3432,7.3006,7.3006,2162.6
2026-03-26 21:30:00,1774560600000,7.3006,7.3228,7.2877,7.2925,2032.8
2026-03-26 21:45:00,1774561500000,7.2925,7.3148,7.2867,7.3144,772.9
2026-03-26 22:00:00,1774562400000,7.3144,7.3144,7.185,7.1975,6631.3
2026-03-26 22:15:00,1774563300000,7.1975,7.2447,7.1888,7.2017,3602.9
2026-03-26 22:30:00,1774564200000,7.2017,7.2295,7.1953,7.2266,703.5
2026-03-26 22:45:00,1774565100000,7.2266,7.2266,7.1819,7.1953,2821.4
2026-03-26 23:00:00,1774566000000,7.1953,7.2149,7.1633,7.1969,5201.0
2026-03-26 23:15:00,1774566900000,7.1969,7.1985,7.1528,7.1644,1624.1
2026-03-26 23:30:00,1774567800000,7.1644,7.2103,7.1344,7.1885,10478.6
2026-03-26 23:45:00,1774568700000,7.1885,7.2276,7.1869,7.2135,2511.6
2026-03-27 00:00:00,1774569600000,7.2135,7.237,7.1797,7.1797,3678.5
2026-03-27 00:15:00,1774570500000,7.1797,7.2259,7.1754,7.2114,2175.8
2026-03-27 00:30:00,1774571400000,7.2114,7.2126,7.1285,7.1303,1265.5
2026-03-27 00:45:00,1774572300000,7.1303,7.16,7.1182,7.16,8538.7
2026-03-27 01:00:00,1774573200000,7.16,7.233,7.1579,7.2137,8861.4
2026-03-27 01:15:00,1774574100000,7.2137,7.2137,7.1631,7.1799,934.5
2026-03-27 01:30:00,1774575000000,7.1799,7.2692,7.1753,7.1949,7096.5
2026-03-27 01:45:00,1774575900000,7.1949,7.2135,7.1742,7.1959,1713.5
2026-03-27 02:00:00,1774576800000,7.1959,7.24,7.1576,7.1722,3634.1
2026-03-27 02:15:00,1774577700000,7.1722,7.1908,7.1445,7.1566,806.8
2026-03-27 02:30:00,1774578600000,7.1566,7.168,7.1374,7.1385,499.3
2026-03-27 02:45:00,1774579500000,7.1385,7.1693,7.1385,7.1487,1604.0
2026-03-27 03:00:00,1774580400000,7.1487,7.1514,7.0814,7.0924,2749.9
2026-03-27 03:15:00,1774581300000,7.0924,7.1082,7.0695,7.1082,1347.6
2026-03-27 03:30:00,1774582200000,7.1082,7.1436,7.0806,7.1252,3390.5
2026-03-27 03:45:00,1774583100000,7.1252,7.1262,7.0992,7.1042,321.5
2026-03-27 04:00:00,1774584000000,7.1042,7.1333,7.0883,7.1041,1009.1
2026-03-27 04:15:00,1774584900000,7.1041,7.1182,7.0877,7.1153,784.4
2026-03-27 04:30:00,1774585800000,7.1153,7.1821,7.1131,7.1674,3122.4
2026-03-27 04:45:00,1774586700000,7.1674,7.1798,7.1309,7.145,953.7
2026-03-27 05:00:00,1774587600000,7.145,7.1849,7.1161,7.1317,1666.4
2026-03-27 05:15:00,1774588500000,7.1317,7.1541,7.1233,7.1415,1117.9
2026-03-27 05:30:00,1774589400000,7.1415,7.1729,7.1332,7.153,1109.5
2026-03-27 05:45:00,1774590300000,7.153,7.1604,7.1393,7.142,681.3
2026-03-27 06:00:00,1774591200000,7.142,7.1737,7.1389,7.1659,991.4
2026-03-27 06:15:00,1774592100000,7.1659,7.1659,7.0946,7.0992,2363.7
2026-03-27 06:30:00,1774593000000,7.0992,7.16,7.0974,7.1373,1362.5
2026-03-27 06:45:00,1774593900000,7.1373,7.1565,7.1231,7.1301,1526.2
2026-03-27 07:00:00,1774594800000,7.1301,7.1301,7.0813,7.1182,1212.0
2026-03-27 07:15:00,1774595700000,7.1182,7.1372,7.1133,7.1155,712.3
2026-03-27 07:30:00,1774596600000,7.1155,7.1176,7.0864,7.106,2337.0
2026-03-27 07:45:00,1774597500000,7.106,7.1118,7.0849,7.0974,1154.8
2026-03-27 08:00:00,1774598400000,7.0974,7.1798,7.0974,7.1745,2258.6
2026-03-27 08:15:00,1774599300000,7.1745,7.252,7.169,7.252,4786.3
2026-03-27 08:30:00,1774600200000,7.252,7.2529,7.1488,7.1755,4622.9
2026-03-27 08:45:00,1774601100000,7.1755,7.1832,7.1452,7.1612,991.8
2026-03-27 09:00:00,1774602000000,7.1612,7.1978,7.1587,7.1805,2581.4
2026-03-27 09:15:00,1774602900000,7.1805,7.2245,7.1805,7.2086,1550.6
2026-03-27 09:30:00,1774603800000,7.2086,7.2086,7.1697,7.1728,855.7
2026-03-27 09:45:00,1774604700000,7.1728,7.2157,7.1547,7.2077,2288.2
2026-03-27 10:00:00,1774605600000,7.2077,7.2208,7.1775,7.1814,3374.2
2026-03-27 10:15:00,1774606500000,7.1814,7.2035,7.1549,7.2035,1363.1
2026-03-27 10:30:00,1774607400000,7.2035,7.2155,7.18,7.1876,2010.1
2026-03-27 10:45:00,1774608300000,7.1876,7.2225,7.1406,7.1606,1947.9
2026-03-27 11:00:00,1774609200000,7.1606,7.2091,7.1275,7.1519,3607.7
2026-03-27 11:15:00,1774610100000,7.1519,7.1722,7.1373,7.153,1127.2
2026-03-27 11:30:00,1774611000000,7.153,7.1625,7.1233,7.1373,1106.3
2026-03-27 11:45:00,1774611900000,7.1373,7.1422,7.0903,7.1319,2230.4
2026-03-27 12:00:00,1774612800000,7.1319,7.1319,7.0453,7.0582,4483.0
2026-03-27 12:15:00,1774613700000,7.0582,7.0609,7.0099,7.0213,4456.1
2026-03-27 12:30:00,1774614600000,7.0213,7.0711,7.0171,7.0411,12223.0
2026-03-27 12:45:00,1774615500000,7.0411,7.092,7.0226,7.0624,6162.7
2026-03-27 13:00:00,1774616400000,7.0624,7.0733,7.0095,7.0394,2799.3
2026-03-27 13:15:00,1774617300000,7.0394,7.0394,6.9842,6.9847,2144.2
2026-03-27 13:30:00,1774618200000,6.9847,7.0214,6.9701,6.9733,4188.9
2026-03-27 13:45:00,1774619100000,6.9733,6.9797,6.9315,6.957,2512.6
2026-03-27 14:00:00,1774620000000,6.957,6.9961,6.91,6.9821,5728.8
2026-03-27 14:15:00,1774620900000,6.9821,7.0105,6.9442,7.0002,4215.5
2026-03-27 14:30:00,1774621800000,7.0002,7.0499,7.0002,7.0298,3818.8
2026-03-27 14:45:00,1774622700000,7.0298,7.0443,7.0008,7.0143,3115.3
2026-03-27 15:00:00,1774623600000,7.0143,7.1132,6.9502,7.0614,7163.0
2026-03-27 15:15:00,1774624500000,7.0614,7.2598,7.0332,7.154,14962.8
2026-03-27 15:30:00,1774625400000,7.154,7.4443,7.1161,7.3035,41001.2
2026-03-27 15:45:00,1774626300000,7.3035,7.3851,7.2346,7.3567,8699.6
2026-03-27 16:00:00,1774627200000,7.3567,7.4264,7.2567,7.2658,8271.7
2026-03-27 16:15:00,1774628100000,7.2658,7.3479,7.2078,7.2469,6489.0
2026-03-27 16:30:00,1774629000000,7.2469,7.3493,7.2421,7.323,4355.5
2026-03-27 16:45:00,1774629900000,7.323,7.36,7.2593,7.3138,4997.4
2026-03-27 17:00:00,1774630800000,7.3138,7.4136,7.3138,7.3998,4062.0
2026-03-27 17:15:00,1774631700000,7.3998,7.4141,7.3207,7.3312,2201.4
2026-03-27 17:30:00,1774632600000,7.3312,7.3453,7.3009,7.3133,2112.4
2026-03-27 17:45:00,1774633500000,7.3133,7.3279,7.3007,7.3112,1899.0
2026-03-27 18:00:00,1774634400000,7.3112,7.3605,7.285,7.3388,2218.9
2026-03-27 18:15:00,1774635300000,7.3388,7.3437,7.3048,7.3163,2826.7
2026-03-27 18:30:00,1774636200000,7.3163,7.3601,7.3163,7.3374,1087.0
2026-03-27 18:45:00,1774637100000,7.3374,7.3883,7.3328,7.3602,1566.4
2026-03-27 19:00:00,1774638000000,7.3602,7.3857,7.3306,7.333,1240.9
2026-03-27 19:15:00,1774638900000,7.333,7.3481,7.2925,7.3034,975.7
2026-03-27 19:30:00,1774639800000,7.3034,7.4394,7.2916,7.395,3681.6
2026-03-27 19:45:00,1774640700000,7.395,7.4329,7.3713,7.3966,2604.9
2026-03-27 20:00:00,1774641600000,7.3966,7.4041,7.35,7.3678,3787.2
2026-03-27 20:15:00,1774642500000,7.3678,7.379,7.3227,7.3275,2293.6
2026-03-27 20:30:00,1774643400000,7.3275,7.3675,7.3128,7.3535,2875.2
2026-03-27 20:45:00,1774644300000,7.3535,7.4011,7.3382,7.3853,3247.7
2026-03-27 21:00:00,1774645200000,7.3853,7.3929,7.359,7.3922,1139.4
2026-03-27 21:15:00,1774646100000,7.3922,7.406,7.3604,7.3896,1245.6
2026-03-27 21:30:00,1774647000000,7.3896,7.4399,7.3882,7.4,887.4
2026-03-27 21:45:00,1774647900000,7.4,7.4186,7.3933,7.4035,582.3
2026-03-27 22:00:00,1774648800000,7.4035,7.4035,7.3725,7.4021,976.1
2026-03-27 22:15:00,1774649700000,7.4021,7.4021,7.3579,7.3885,1888.3
2026-03-27 22:30:00,1774650600000,7.3885,7.4097,7.3701,7.4035,1480.3
2026-03-27 22:45:00,1774651500000,7.4035,7.4035,7.3626,7.3858,842.7
2026-03-27 23:00:00,1774652400000,7.3858,7.42,7.3774,7.3996,1018.3
2026-03-27 23:15:00,1774653300000,7.3996,7.4097,7.3699,7.3926,456.0
2026-03-27 23:30:00,1774654200000,7.3926,7.4212,7.3731,7.4159,732.9
2026-03-27 23:45:00,1774655100000,7.4159,7.4478,7.4083,7.4338,805.6
2026-03-28 00:00:00,1774656000000,7.4338,7.4699,7.3983,7.4453,3098.5
2026-03-28 00:15:00,1774656900000,7.4453,7.4453,7.3682,7.3766,2079.9
2026-03-28 00:30:00,1774657800000,7.3766,7.4296,7.3735,7.424,877.2
2026-03-28 00:45:00,1774658700000,7.424,7.4407,7.3977,7.4111,468.1
2026-03-28 01:00:00,1774659600000,7.4111,7.4438,7.4013,7.435,984.7
2026-03-28 01:15:00,1774660500000,7.435,7.435,7.3929,7.419,1001.9
2026-03-28 01:30:00,1774661400000,7.419,7.4733,7.419,7.453,1411.3
2026-03-28 01:45:00,1774662300000,7.453,7.4861,7.427,7.4313,2132.5
2026-03-28 02:00:00,1774663200000,7.4313,7.4783,7.4165,7.4185,1514.1
2026-03-28 02:15:00,1774664100000,7.4185,7.4255,7.3828,7.4118,2378.4
2026-03-28 02:30:00,1774665000000,7.4118,7.4179,7.3703,7.391,2369.2
2026-03-28 02:45:00,1774665900000,7.391,7.391,7.334,7.3546,2432.1
2026-03-28 03:00:00,1774666800000,7.3546,7.3653,7.2714,7.2839,3151.7
2026-03-28 03:15:00,1774667700000,7.2839,7.307,7.2459,7.303,2381.0
2026-03-28 03:30:00,1774668600000,7.303,7.3182,7.2746,7.294,1135.6
2026-03-28 03:45:00,1774669500000,7.294,7.3198,7.288,7.3178,1454.2
2026-03-28 04:00:00,1774670400000,7.3178,7.3195,7.2677,7.272,1509.0
2026-03-28 04:15:00,1774671300000,7.272,7.2769,7.2513,7.254,664.1
2026-03-28 04:30:00,1774672200000,7.254,7.2912,7.2531,7.2906,542.0
2026-03-28 04:45:00,1774673100000,7.2906,7.2968,7.2546,7.2707,347.7
2026-03-28 05:00:00,1774674000000,7.2707,7.2793,7.2363,7.265,1478.4
2026-03-28 05:15:00,1774674900000,7.265,7.2718,7.2378,7.2444,966.6
2026-03-28 05:30:00,1774675800000,7.2444,7.2685,7.1846,7.2373,1387.5
2026-03-28 05:45:00,1774676700000,7.2373,7.2467,7.2112,7.2154,1299.3
2026-03-28 06:00:00,1774677600000,7.2154,7.2296,7.1749,7.1749,1842.2
2026-03-28 06:15:00,1774678500000,7.1749,7.2624,7.1658,7.2587,2043.8
2026-03-28 06:30:00,1774679400000,7.2587,7.2718,7.2203,7.2238,1632.6
2026-03-28 06:45:00,1774680300000,7.2238,7.2313,7.189,7.1895,719.7
2026-03-28 07:00:00,1774681200000,7.1895,7.2331,7.1839,7.2065,1030.0
2026-03-28 07:15:00,1774682100000,7.2065,7.2637,7.1934,7.2253,6361.6
2026-03-28 07:30:00,1774683000000,7.2253,7.2323,7.1786,7.2042,1876.3
2026-03-28 07:45:00,1774683900000,7.2042,7.2095,7.176,7.1949,1900.9
2026-03-28 08:00:00,1774684800000,7.1949,7.2409,7.1949,7.2122,1682.1
2026-03-28 08:15:00,1774685700000,7.2122,7.2175,7.1325,7.1452,1563.4
2026-03-28 08:30:00,1774686600000,7.1452,7.1743,7.1095,7.1134,1954.4
2026-03-28 08:45:00,1774687500000,7.1134,7.142,7.1012,7.1208,1825.9
2026-03-28 09:00:00,1774688400000,7.1208,7.1971,7.1208,7.179,4415.3
2026-03-28 09:15:00,1774689300000,7.179,7.1806,7.096,7.1413,1951.7
2026-03-28 09:30:00,1774690200000,7.1413,7.1724,7.1397,7.1482,385.0
2026-03-28 09:45:00,1774691100000,7.1482,7.159,7.1081,7.1549,1390.4
2026-03-28 10:00:00,1774692000000,7.1549,7.1849,7.1345,7.1798,1525.2
2026-03-28 10:15:00,1774692900000,7.1798,7.2004,7.1635,7.1959,1389.4
2026-03-28 10:30:00,1774693800000,7.1959,7.1959,7.1459,7.1463,1015.3
2026-03-28 10:45:00,1774694700000,7.1463,7.1648,7.1412,7.1469,311.8
2026-03-28 11:00:00,1774695600000,7.1469,7.2019,7.1469,7.181,2662.0
2026-03-28 11:15:00,1774696500000,7.181,7.2363,7.1729,7.22,2075.3
2026-03-28 11:30:00,1774697400000,7.22,7.2221,7.152,7.1599,930.6
2026-03-28 11:45:00,1774698300000,7.1599,7.1637,7.1174,7.1174,1668.2
2026-03-28 12:00:00,1774699200000,7.1174,7.1425,7.0818,7.114,3786.2
2026-03-28 12:15:00,1774700100000,7.114,7.1285,7.0908,7.1228,2610.7
2026-03-28 12:30:00,1774701000000,7.1228,7.1539,7.1142,7.1465,1127.1
2026-03-28 12:45:00,1774701900000,7.1465,7.1658,7.1441,7.1472,662.8
2026-03-28 13:00:00,1774702800000,7.1472,7.1794,7.1111,7.1322,2276.8
2026-03-28 13:15:00,1774703700000,7.1322,7.1718,7.1248,7.1444,1001.5
2026-03-28 13:30:00,1774704600000,7.1444,7.2108,7.1444,7.166,3043.2
2026-03-28 13:45:00,1774705500000,7.166,7.166,7.1027,7.109,1214.6
2026-03-28 14:00:00,1774706400000,7.109,7.1236,7.0934,7.1158,1499.5
2026-03-28 14:15:00,1774707300000,7.1158,7.1297,7.0906,7.1161,4409.6
2026-03-28 14:30:00,1774708200000,7.1161,7.1373,7.0616,7.0918,6134.0
2026-03-28 14:45:00,1774709100000,7.0918,7.1328,7.0877,7.1212,1528.8
2026-03-28 15:00:00,1774710000000,7.1212,7.1266,7.0805,7.0995,2067.9
2026-03-28 15:15:00,1774710900000,7.0995,7.1268,7.0735,7.0883,2127.6
2026-03-28 15:30:00,1774711800000,7.0883,7.1159,7.0517,7.0625,1536.2
2026-03-28 15:45:00,1774712700000,7.0625,7.1329,7.0588,7.1269,3898.4
2026-03-28 16:00:00,1774713600000,7.1269,7.1919,7.1269,7.1572,3275.7
2026-03-28 16:15:00,1774714500000,7.1572,7.2185,7.1384,7.1855,2151.2
2026-03-28 16:30:00,1774715400000,7.1855,7.2442,7.1689,7.196,1792.1
2026-03-28 16:45:00,1774716300000,7.196,7.2272,7.1882,7.2038,892.0
2026-03-28 17:00:00,1774717200000,7.2038,7.2155,7.1283,7.1567,1973.7
2026-03-28 17:15:00,1774718100000,7.1567,7.1588,7.1173,7.146,1287.7
2026-03-28 17:30:00,1774719000000,7.146,7.1622,7.1182,7.1309,720.1
2026-03-28 17:45:00,1774719900000,7.1309,7.1373,7.1177,7.1373,321.9
2026-03-28 18:00:00,1774720800000,7.1373,7.1798,7.1311,7.1679,609.8
2026-03-28 18:15:00,1774721700000,7.1679,7.1911,7.1648,7.1911,709.6
2026-03-28 18:30:00,1774722600000,7.1911,7.1966,7.1352,7.1352,841.5
2026-03-28 18:45:00,1774723500000,7.1352,7.1366,7.116,7.1238,277.1
2026-03-28 19:00:00,1774724400000,7.1238,7.1259,7.0915,7.1019,709.9
2026-03-28 19:15:00,1774725300000,7.1019,7.1113,7.0814,7.092,1085.2
2026-03-28 19:30:00,1774726200000,7.092,7.111,7.0829,7.0854,1263.7
2026-03-28 19:45:00,1774727100000,7.0854,7.1158,7.0854,7.1078,371.5
2026-03-28 20:00:00,1774728000000,7.1078,7.1264,7.0977,7.1148,708.7
2026-03-28 20:15:00,1774728900000,7.1148,7.1373,7.1091,7.1373,282.5
2026-03-28 20:30:00,1774729800000,7.1373,7.2016,7.1282,7.1539,2207.2
2026-03-28 20:45:00,1774730700000,7.1539,7.1881,7.153,7.1735,1096.6
2026-03-28 21:00:00,1774731600000,7.1735,7.1905,7.1299,7.1381,912.0
2026-03-28 21:15:00,1774732500000,7.1381,7.1496,7.1192,7.1255,446.4
2026-03-28 21:30:00,1774733400000,7.1255,7.135,7.1059,7.1231,563.0
2026-03-28 21:45:00,1774734300000,7.1231,7.1534,7.1011,7.1444,758.5
2026-03-28 22:00:00,1774735200000,7.1444,7.1664,7.14,7.1499,578.0
2026-03-28 22:15:00,1774736100000,7.1499,7.1537,7.1293,7.1471,840.1
2026-03-28 22:30:00,1774737000000,7.1471,7.1667,7.1372,7.1474,1193.0
2026-03-28 22:45:00,1774737900000,7.1474,7.1722,7.1474,7.1678,110.1
2026-03-28 23:00:00,1774738800000,7.1678,7.2149,7.1515,7.2058,699.9
2026-03-28 23:15:00,1774739700000,7.2058,7.2233,7.1935,7.1945,480.8
2026-03-28 23:30:00,1774740600000,7.1945,7.2031,7.1375,7.1588,935.2
2026-03-28 23:45:00,1774741500000,7.1588,7.1648,7.1384,7.1576,290.7
2026-03-29 00:00:00,1774742400000,7.1576,7.1641,7.1302,7.1373,987.0
2026-03-29 00:15:00,1774743300000,7.1373,7.1471,7.1203,7.1454,692.9
2026-03-29 00:30:00,1774744200000,7.1454,7.1656,7.1031,7.1174,1801.1
2026-03-29 00:45:00,1774745100000,7.1174,7.1627,7.105,7.1364,1275.5
2026-03-29 01:00:00,1774746000000,7.1364,7.1615,7.133,7.1615,472.5
2026-03-29 01:15:00,1774746900000,7.1615,7.2061,7.1579,7.1699,371.6
2026-03-29 01:30:00,1774747800000,7.1699,7.2175,7.1563,7.2154,541.5
2026-03-29 01:45:00,1774748700000,7.2154,7.2272,7.187,7.187,228.1
2026-03-29 02:00:00,1774749600000,7.187,7.2193,7.1771,7.1978,527.1
2026-03-29 02:15:00,1774750500000,7.1978,7.2191,7.1907,7.1937,448.4
2026-03-29 02:30:00,1774751400000,7.1937,7.1941,7.1631,7.1659,1241.0
2026-03-29 02:45:00,1774752300000,7.1659,7.171,7.1312,7.1342,437.0
2026-03-29 03:00:00,1774753200000,7.1342,7.144,7.1077,7.1207,1100.5
2026-03-29 03:15:00,1774754100000,7.1207,7.1675,7.1003,7.1564,1158.5
2026-03-29 03:30:00,1774755000000,7.1564,7.1952,7.1562,7.1586,459.6
2026-03-29 03:45:00,1774755900000,7.1586,7.165,7.1403,7.1444,1168.6
2026-03-29 04:00:00,1774756800000,7.1444,7.1579,7.1202,7.1223,1168.9
2026-03-29 04:15:00,1774757700000,7.1223,7.1369,7.0887,7.1018,1834.3
2026-03-29 04:30:00,1774758600000,7.1018,7.119,7.092,7.1139,411.5
2026-03-29 04:45:00,1774759500000,7.1139,7.13,7.1093,7.11,218.6
2026-03-29 05:00:00,1774760400000,7.11,7.144,7.1083,7.1224,381.4
2026-03-29 05:15:00,1774761300000,7.1224,7.1401,7.1173,7.1282,297.0
2026-03-29 05:30:00,1774762200000,7.1282,7.1575,7.1117,7.153,497.2
2026-03-29 05:45:00,1774763100000,7.153,7.1608,7.1338,7.1352,183.2
2026-03-29 06:00:00,1774764000000,7.1352,7.1738,7.1321,7.166,789.2
2026-03-29 06:15:00,1774764900000,7.166,7.1893,7.1636,7.1886,287.1
2026-03-29 06:30:00,1774765800000,7.1886,7.2234,7.1695,7.173,1396.3
2026-03-29 06:45:00,1774766700000,7.173,7.173,7.1201,7.1226,1170.5
2026-03-29 07:00:00,1774767600000,7.1226,7.1804,7.1226,7.1661,692.4
2026-03-29 07:15:00,1774768500000,7.1661,7.345,7.1519,7.3138,18324.4
2026-03-29 07:30:00,1774769400000,7.3138,7.3408,7.2723,7.3339,4427.7
2026-03-29 07:45:00,1774770300000,7.3339,7.3639,7.302,7.3209,4503.6
2026-03-29 08:00:00,1774771200000,7.3209,7.3815,7.3155,7.3679,3694.9
2026-03-29 08:15:00,1774772100000,7.3679,7.4137,7.3605,7.3989,6626.9
2026-03-29 08:30:00,1774773000000,7.3989,7.4292,7.386,7.4247,5739.2
2026-03-29 08:45:00,1774773900000,7.4247,7.4352,7.3604,7.3773,4025.4
2026-03-29 09:00:00,1774774800000,7.3773,7.4209,7.3773,7.3929,4061.4
2026-03-29 09:15:00,1774775700000,7.3929,7.4312,7.373,7.4045,2437.1
2026-03-29 09:30:00,1774776600000,7.4045,7.4214,7.3794,7.4075,2806.9
2026-03-29 09:45:00,1774777500000,7.4075,7.4408,7.4075,7.425,2954.3
2026-03-29 10:00:00,1774778400000,7.425,7.4426,7.3927,7.4261,3328.2
2026-03-29 10:15:00,1774779300000,7.4261,7.4326,7.387,7.387,1705.3
2026-03-29 10:30:00,1774780200000,7.387,7.4283,7.387,7.4222,1710.4
2026-03-29 10:45:00,1774781100000,7.4222,7.4493,7.4158,7.4425,1771.5
2026-03-29 11:00:00,1774782000000,7.4425,7.4781,7.4396,7.4661,2204.6
2026-03-29 11:15:00,1774782900000,7.4661,7.4709,7.4509,7.4701,1698.1
2026-03-29 11:30:00,1774783800000,7.4701,7.4854,7.45,7.4636,2158.8
2026-03-29 11:45:00,1774784700000,7.4636,7.4839,7.4636,7.471,894.4
2026-03-29 12:00:00,1774785600000,7.471,7.4752,7.3752,7.3881,4021.4
2026-03-29 12:15:00,1774786500000,7.3881,7.3881,7.3232,7.3645,4921.8
2026-03-29 12:30:00,1774787400000,7.3645,7.4472,7.3552,7.3944,3540.3
2026-03-29 12:45:00,1774788300000,7.3944,7.4243,7.3879,7.4062,1165.3
2026-03-29 13:00:00,1774789200000,7.4062,7.4166,7.349,7.3668,1156.5
2026-03-29 13:15:00,1774790100000,7.3668,7.3732,7.3322,7.3503,2586.6
2026-03-29 13:30:00,1774791000000,7.3503,7.4103,7.3343,7.405,1451.2
2026-03-29 13:45:00,1774791900000,7.405,7.405,7.3828,7.3901,282.9
2026-03-29 14:00:00,1774792800000,7.3901,7.4397,7.3819,7.4186,1314.9
2026-03-29 14:15:00,1774793700000,7.4186,7.4387,7.3873,7.4254,994.0
2026-03-29 14:30:00,1774794600000,7.4254,7.4455,7.4001,7.4089,648.1
2026-03-29 14:45:00,1774795500000,7.4089,7.4089,7.3927,7.3994,553.7
2026-03-29 15:00:00,1774796400000,7.3994,7.4369,7.3517,7.3929,5931.8
2026-03-29 15:15:00,1774797300000,7.3929,7.4204,7.383,7.3913,513.3
2026-03-29 15:30:00,1774798200000,7.3913,7.4192,7.3827,7.417,714.8
2026-03-29 15:45:00,1774799100000,7.417,7.417,7.3889,7.3945,293.2
2026-03-29 16:00:00,1774800000000,7.3945,7.4157,7.3875,7.3951,1473.9
2026-03-29 16:15:00,1774800900000,7.3951,7.4071,7.3744,7.3998,1119.3
2026-03-29 16:30:00,1774801800000,7.3998,7.402,7.347,7.3527,1188.0
2026-03-29 16:45:00,1774802700000,7.3527,7.3664,7.3205,7.3365,1384.4
2026-03-29 17:00:00,1774803600000,7.3365,7.3465,7.3265,7.3459,662.5
2026-03-29 17:15:00,1774804500000,7.3459,7.355,7.3265,7.348,229.8
2026-03-29 17:30:00,1774805400000,7.348,7.356,7.3081,7.315,963.7
2026-03-29 17:45:00,1774806300000,7.315,7.315,7.2763,7.2841,2447.8
2026-03-29 18:00:00,1774807200000,7.2841,7.348,7.2841,7.347,939.3
2026-03-29 18:15:00,1774808100000,7.347,7.347,7.3172,7.3209,404.1
2026-03-29 18:30:00,1774809000000,7.3209,7.326,7.283,7.2991,2560.7
2026-03-29 18:45:00,1774809900000,7.2991,7.3254,7.2924,7.3037,672.0
2026-03-29 19:00:00,1774810800000,7.3037,7.3218,7.2877,7.316,575.5
2026-03-29 19:15:00,1774811700000,7.316,7.3208,7.2952,7.3022,520.7
2026-03-29 19:30:00,1774812600000,7.3022,7.3228,7.2875,7.2978,1359.6
2026-03-29 19:45:00,1774813500000,7.2978,7.3424,7.296,7.339,576.3
2026-03-29 20:00:00,1774814400000,7.339,7.3558,7.3107,7.3211,934.7
2026-03-29 20:15:00,1774815300000,7.3211,7.3416,7.3122,7.3157,1107.6
2026-03-29 20:30:00,1774816200000,7.3157,7.3157,7.2936,7.2994,470.6
2026-03-29 20:45:00,1774817100000,7.2994,7.3063,7.2812,7.2837,813.3
2026-03-29 21:00:00,1774818000000,7.2837,7.2934,7.23,7.253,6968.3
2026-03-29 21:15:00,1774818900000,7.253,7.2571,7.2371,7.2509,2572.8
2026-03-29 21:30:00,1774819800000,7.2509,7.2793,7.227,7.2344,1179.9
2026-03-29 21:45:00,1774820700000,7.2344,7.2451,7.22,7.2257,131.1
2026-03-29 22:00:00,1774821600000,7.2257,7.2568,7.2201,7.2542,652.2
2026-03-29 22:15:00,1774822500000,7.2542,7.2542,7.2292,7.2367,964.4
2026-03-29 22:30:00,1774823400000,7.2367,7.2479,7.17,7.1829,2831.2
2026-03-29 22:45:00,1774824300000,7.1829,7.2365,7.1628,7.2154,3332.7
2026-03-29 23:00:00,1774825200000,7.2154,7.2402,7.1351,7.1611,4151.1
2026-03-29 23:15:00,1774826100000,7.1611,7.1632,7.1331,7.1351,1530.4
2026-03-29 23:30:00,1774827000000,7.1351,7.1736,7.1178,7.1478,7339.9
2026-03-29 23:45:00,1774827900000,7.1478,7.1799,7.1478,7.1575,1295.1
2026-03-30 00:00:00,1774828800000,7.1575,7.1995,7.1307,7.1885,4041.7
2026-03-30 00:15:00,1774829700000,7.1885,7.4265,7.182,7.387,10405.5
2026-03-30 00:30:00,1774830600000,7.387,7.3943,7.3308,7.3491,2558.8
2026-03-30 00:45:00,1774831500000,7.3491,7.3491,7.2906,7.2921,1286.9
2026-03-30 01:00:00,1774832400000,7.2921,7.2921,7.243,7.2685,2378.5
2026-03-30 01:15:00,1774833300000,7.2685,7.313,7.256,7.3009,506.9
2026-03-30 01:30:00,1774834200000,7.3009,7.3247,7.264,7.2643,694.9
2026-03-30 01:45:00,1774835100000,7.2643,7.343,7.2638,7.3335,1750.8
2026-03-30 02:00:00,1774836000000,7.3335,7.6,7.3335,7.5393,9695.0
2026-03-30 02:15:00,1774836900000,7.5393,7.6893,7.4842,7.6429,11874.1
2026-03-30 02:30:00,1774837800000,7.6429,7.8263,7.624,7.7577,19835.0
2026-03-30 02:45:00,1774838700000,7.7577,7.8549,7.7453,7.7648,11832.5
2026-03-30 03:00:00,1774839600000,7.7648,7.8433,7.75,7.7945,10221.2
2026-03-30 03:15:00,1774840500000,7.7945,8.086,7.7548,7.9653,38238.4
2026-03-30 03:30:00,1774841400000,7.9653,8.4257,7.9049,8.1502,114629.4
2026-03-30 03:45:00,1774842300000,8.1502,8.1981,8.0774,8.1245,23984.6
2026-03-30 04:00:00,1774843200000,8.1245,8.1304,8.0287,8.0889,21767.1
2026-03-30 04:15:00,1774844100000,8.0889,8.1711,8.0841,8.1368,13693.7
2026-03-30 04:30:00,1774845000000,8.1368,8.1498,8.0114,8.0228,17250.1
2026-03-30 04:45:00,1774845900000,8.0228,8.1509,8.0181,8.1287,13355.4
2026-03-30 05:00:00,1774846800000,8.1287,8.135,8.0723,8.0894,10555.6
2026-03-30 05:15:00,1774847700000,8.0894,8.1869,8.0894,8.1562,8948.0
2026-03-30 05:30:00,1774848600000,8.1562,8.2079,8.1316,8.1689,8250.9
2026-03-30 05:45:00,1774849500000,8.1689,8.2298,8.1236,8.1376,14368.1
2026-03-30 06:00:00,1774850400000,8.1376,8.1925,8.125,8.1572,13686.7
2026-03-30 06:15:00,1774851300000,8.1572,8.2195,8.1466,8.166,8601.0
2026-03-30 06:30:00,1774852200000,8.166,8.2022,8.1351,8.1674,6959.1
2026-03-30 06:45:00,1774853100000,8.1674,8.1786,8.0449,8.1039,9748.0
2026-03-30 07:00:00,1774854000000,8.1039,8.1581,8.0672,8.0874,6818.0
2026-03-30 07:15:00,1774854900000,8.0874,8.1565,8.0745,8.1426,3718.6
2026-03-30 07:30:00,1774855800000,8.1426,8.1467,8.082,8.11,8479.0
2026-03-30 07:45:00,1774856700000,8.11,8.1451,8.0844,8.1277,6848.2
2026-03-30 08:00:00,1774857600000,8.1277,8.1525,8.0674,8.0711,4554.6
2026-03-30 08:15:00,1774858500000,8.0711,8.0781,7.81,7.8551,20705.1
2026-03-30 08:30:00,1774859400000,7.8551,7.94,7.7731,7.9125,13997.9
2026-03-30 08:45:00,1774860300000,7.9125,7.915,7.6815,7.7264,17187.2
2026-03-30 09:00:00,1774861200000,7.7264,7.7288,7.3788,7.6622,56891.5
2026-03-30 09:15:00,1774862100000,7.6622,7.6732,7.5517,7.5602,8388.0
2026-03-30 09:30:00,1774863000000,7.5602,7.5942,7.5146,7.5236,13527.5
2026-03-30 09:45:00,1774863900000,7.5236,7.5625,7.4151,7.4594,14798.9
2026-03-30 10:00:00,1774864800000,7.4594,7.516,7.3144,7.4184,18043.5
2026-03-30 10:15:00,1774865700000,7.4184,7.5465,7.378,7.49,22197.1
2026-03-30 10:30:00,1774866600000,7.49,7.5727,7.4738,7.5628,9628.1
2026-03-30 10:45:00,1774867500000,7.5628,7.6273,7.5334,7.5884,5522.1
2026-03-30 11:00:00,1774868400000,7.5884,7.7569,7.5884,7.7217,16813.2
2026-03-30 11:15:00,1774869300000,7.7217,7.9227,7.7003,7.9044,20221.7
2026-03-30 11:30:00,1774870200000,7.9044,7.9215,7.7121,7.7839,12664.5
2026-03-30 11:45:00,1774871100000,7.7839,7.7839,7.6731,7.7306,5926.0
2026-03-30 12:00:00,1774872000000,7.7306,7.8463,7.7128,7.827,8161.2
2026-03-30 12:15:00,1774872900000,7.827,7.8486,7.7934,7.8112,4819.5
2026-03-30 12:30:00,1774873800000,7.8112,7.9618,7.8047,7.8845,10181.9
2026-03-30 12:45:00,1774874700000,7.8845,7.8948,7.732,7.7621,8696.9
2026-03-30 13:00:00,1774875600000,7.7621,7.7959,7.7049,7.7198,5617.5
2026-03-30 13:15:00,1774876500000,7.7198,7.7669,7.7109,7.7598,2578.3
2026-03-30 13:30:00,1774877400000,7.7598,7.86,7.7266,7.8265,2351.4
2026-03-30 13:45:00,1774878300000,7.8265,7.9964,7.8241,7.8798,11968.6
2026-03-30 14:00:00,1774879200000,7.8798,8.011,7.8798,7.9702,4962.3
2026-03-30 14:15:00,1774880100000,7.9702,7.9971,7.898,7.9363,4401.8
2026-03-30 14:30:00,1774881000000,7.9363,7.9432,7.792,7.8285,10024.2
2026-03-30 14:45:00,1774881900000,7.8285,7.8451,7.8006,7.8229,1476.1
2026-03-30 15:00:00,1774882800000,7.8229,7.8595,7.807,7.809,4508.0
2026-03-30 15:15:00,1774883700000,7.809,7.8749,7.7456,7.8189,6807.9
2026-03-30 15:30:00,1774884600000,7.8189,7.8348,7.7547,7.7734,3802.1
2026-03-30 15:45:00,1774885500000,7.7734,7.7734,7.6682,7.7337,5498.8
2026-03-30 16:00:00,1774886400000,7.7337,7.7576,7.665,7.7408,5689.2
2026-03-30 16:15:00,1774887300000,7.7408,7.7408,7.6524,7.6899,1957.7
2026-03-30 16:30:00,1774888200000,7.6899,7.7902,7.6622,7.767,3808.5
2026-03-30 16:45:00,1774889100000,7.767,7.7852,7.7342,7.7621,2684.5
2026-03-30 17:00:00,1774890000000,7.7621,7.8298,7.7621,7.8152,4440.3
2026-03-30 17:15:00,1774890900000,7.8152,7.8767,7.8135,7.8601,3750.5
2026-03-30 17:30:00,1774891800000,7.8601,7.8703,7.8094,7.8258,2360.7
2026-03-30 17:45:00,1774892700000,7.8258,7.8363,7.7456,7.7673,2556.2
2026-03-30 18:00:00,1774893600000,7.7673,7.8143,7.7556,7.8117,2520.7
2026-03-30 18:15:00,1774894500000,7.8117,7.8539,7.8004,7.8517,1768.0
2026-03-30 18:30:00,1774895400000,7.8517,7.8589,7.8198,7.8299,5210.8
2026-03-30 18:45:00,1774896300000,7.8299,7.888,7.8127,7.888,2821.6
2026-03-30 19:00:00,1774897200000,7.888,7.8997,7.8289,7.8519,3419.9
2026-03-30 19:15:00,1774898100000,7.8519,7.8741,7.8227,7.8596,2108.8
2026-03-30 19:30:00,1774899000000,7.8596,7.9302,7.8586,7.881,5391.3
2026-03-30 19:45:00,1774899900000,7.881,7.917,7.8321,7.8862,4524.7
2026-03-30 20:00:00,1774900800000,7.8862,7.9422,7.8862,7.9112,12648.1
2026-03-30 20:15:00,1774901700000,7.9112,7.9859,7.8994,7.9774,6874.3
2026-03-30 20:30:00,1774902600000,7.9774,7.9829,7.8954,7.9058,2343.8
2026-03-30 20:45:00,1774903500000,7.9058,7.9511,7.8903,7.9327,1459.4
2026-03-30 21:00:00,1774904400000,7.9327,7.9595,7.8814,7.8956,4434.4
2026-03-30 21:15:00,1774905300000,7.8956,7.9342,7.8899,7.9183,1083.8
2026-03-30 21:30:00,1774906200000,7.9183,7.9562,7.9183,7.9433,1072.8
2026-03-30 21:45:00,1774907100000,7.9433,7.9836,7.92,7.9557,1522.1
2026-03-30 22:00:00,1774908000000,7.9557,7.9687,7.8934,7.9102,2227.1
2026-03-30 22:15:00,1774908900000,7.9102,7.9102,7.8642,7.8801,2597.9
2026-03-30 22:30:00,1774909800000,7.8801,7.8933,7.8459,7.8598,1944.0
2026-03-30 22:45:00,1774910700000,7.8598,7.9381,7.8521,7.919,939.8
2026-03-30 23:00:00,1774911600000,7.919,7.9253,7.8678,7.9061,2195.0
2026-03-30 23:15:00,1774912500000,7.9061,7.9409,7.8883,7.8948,2374.6
2026-03-30 23:30:00,1774913400000,7.8948,7.9358,7.8948,7.9189,1414.6
2026-03-30 23:45:00,1774914300000,7.9189,7.9762,7.8951,7.9267,1665.7
2026-03-31 00:00:00,1774915200000,7.9267,7.9565,7.8957,7.9,4297.2
2026-03-31 00:15:00,1774916100000,7.9,7.9571,7.8971,7.9493,1864.0
2026-03-31 00:30:00,1774917000000,7.9493,7.9764,7.9207,7.9265,3645.1
2026-03-31 00:45:00,1774917900000,7.9265,7.9858,7.9203,7.9508,2394.9
2026-03-31 01:00:00,1774918800000,7.9508,8.0705,7.941,8.0169,8739.8
2026-03-31 01:15:00,1774919700000,8.0169,8.0418,7.9741,7.9803,4417.3
2026-03-31 01:30:00,1774920600000,7.9803,7.9945,7.9348,7.9476,2962.8
2026-03-31 01:45:00,1774921500000,7.9476,7.9592,7.8401,7.863,4512.7
2026-03-31 02:00:00,1774922400000,7.863,7.8959,7.8462,7.8654,2908.7
2026-03-31 02:15:00,1774923300000,7.8654,7.8673,7.8226,7.8361,2482.7
2026-03-31 02:30:00,1774924200000,7.8361,7.8838,7.8291,7.8765,1984.1
2026-03-31 02:45:00,1774925100000,7.8765,7.913,7.8616,7.9117,3002.7
2026-03-31 03:00:00,1774926000000,7.9117,7.9497,7.9001,7.9001,2283.7
2026-03-31 03:15:00,1774926900000,7.9001,8.0139,7.8949,7.9834,2789.7
2026-03-31 03:30:00,1774927800000,7.9834,8.0035,7.9511,7.9957,3724.4
2026-03-31 03:45:00,1774928700000,7.9957,8.0271,7.9751,8.0109,2941.6
2026-03-31 04:00:00,1774929600000,8.0109,8.1023,8.0093,8.0495,5676.1
2026-03-31 04:15:00,1774930500000,8.0495,8.0743,8.0378,8.0481,3387.4
2026-03-31 04:30:00,1774931400000,8.0481,8.1152,8.0478,8.0709,1800.3
2026-03-31 04:45:00,1774932300000,8.0709,8.0732,8.0442,8.0517,870.3
2026-03-31 05:00:00,1774933200000,8.0517,8.0766,8.0275,8.0379,1795.2
2026-03-31 05:15:00,1774934100000,8.0379,8.0649,8.0334,8.0488,505.7
2026-03-31 05:30:00,1774935000000,8.0488,8.0762,7.9538,7.9753,2504.2
2026-03-31 05:45:00,1774935900000,7.9753,7.9919,7.8943,7.9216,3261.8
2026-03-31 06:00:00,1774936800000,7.9216,7.9613,7.9006,7.9517,2690.4
2026-03-31 06:15:00,1774937700000,7.9517,8.0169,7.9487,8.0061,2418.5
2026-03-31 06:30:00,1774938600000,8.0061,8.0061,7.9433,7.9491,1849.4
2026-03-31 06:45:00,1774939500000,7.9491,7.9674,7.91,7.9603,1709.7
2026-03-31 07:00:00,1774940400000,7.9603,8.0025,7.9532,7.9954,2189.4
2026-03-31 07:15:00,1774941300000,7.9954,8.0626,7.9924,8.005,2169.6
2026-03-31 07:30:00,1774942200000,8.005,8.0639,8.0028,8.0349,5304.7
2026-03-31 07:45:00,1774943100000,8.0349,8.0424,7.9799,8.0084,1336.7
2026-03-31 08:00:00,1774944000000,8.0084,8.037,7.9738,7.9937,1681.5
2026-03-31 08:15:00,1774944900000,7.9937,7.9937,7.9276,7.9329,1839.8
2026-03-31 08:30:00,1774945800000,7.9329,7.9683,7.9119,7.9566,1251.6
2026-03-31 08:45:00,1774946700000,7.9566,8.023,7.9566,7.9964,2230.0
2026-03-31 09:00:00,1774947600000,7.9964,8.0215,7.976,8.0014,2091.0
2026-03-31 09:15:00,1774948500000,8.0014,8.0022,7.9317,7.9481,1747.6
2026-03-31 09:30:00,1774949400000,7.9481,7.9704,7.9168,7.9168,802.1
2026-03-31 09:45:00,1774950300000,7.9168,7.9324,7.88,7.8982,3434.2
2026-03-31 10:00:00,1774951200000,7.8982,7.9013,7.7768,7.8047,7334.2
2026-03-31 10:15:00,1774952100000,7.8047,7.822,7.785,7.7937,2012.1
2026-03-31 10:30:00,1774953000000,7.7937,7.8143,7.7648,7.8066,2887.6
2026-03-31 10:45:00,1774953900000,7.8066,7.9419,7.8066,7.8452,6201.6
2026-03-31 11:00:00,1774954800000,7.8452,7.8813,7.7869,7.8813,4500.0
2026-03-31 11:15:00,1774955700000,7.8813,8.0512,7.8678,7.8767,18319.2
2026-03-31 11:30:00,1774956600000,7.8767,7.9183,7.8219,7.9101,8123.3
2026-03-31 11:45:00,1774957500000,7.9101,7.9177,7.8416,7.854,3223.7
2026-03-31 12:00:00,1774958400000,7.854,7.91,7.831,7.8805,2327.9
2026-03-31 12:15:00,1774959300000,7.8805,7.9544,7.8757,7.948,7198.2
2026-03-31 12:30:00,1774960200000,7.948,7.9983,7.948,7.958,2675.9
2026-03-31 12:45:00,1774961100000,7.958,7.9614,7.904,7.9196,2123.5
2026-03-31 13:00:00,1774962000000,7.9196,7.9408,7.871,7.871,2364.7
2026-03-31 13:15:00,1774962900000,7.871,7.8766,7.8051,7.8408,2650.0
2026-03-31 13:30:00,1774963800000,7.8408,7.8737,7.8158,7.8256,3515.5
2026-03-31 13:45:00,1774964700000,7.8256,7.8784,7.7778,7.8355,5072.7
2026-03-31 14:00:00,1774965600000,7.8355,7.8883,7.815,7.8584,4227.5
2026-03-31 14:15:00,1774966500000,7.8584,7.9451,7.857,7.9396,4120.5
2026-03-31 14:30:00,1774967400000,7.9396,7.9399,7.8846,7.9253,1271.2
2026-03-31 14:45:00,1774968300000,7.9253,7.9543,7.8832,7.9396,2184.4
2026-03-31 15:00:00,1774969200000,7.9396,7.9822,7.8908,7.9588,2808.4
2026-03-31 15:15:00,1774970100000,7.9588,7.9792,7.9164,7.9557,1698.5
2026-03-31 15:30:00,1774971000000,7.9557,8.0283,7.9384,7.9745,6479.7
2026-03-31 15:45:00,1774971900000,7.9745,7.9958,7.9577,7.9865,1545.9
2026-03-31 16:00:00,1774972800000,7.9865,8.047,7.9669,7.9751,7932.9
2026-03-31 16:15:00,1774973700000,7.9751,7.9934,7.9305,7.9934,3038.5
2026-03-31 16:30:00,1774974600000,7.9934,8.0376,7.9685,8.0301,3598.9
2026-03-31 16:45:00,1774975500000,8.0301,8.0993,7.9742,7.982,6534.8
2026-03-31 17:00:00,1774976400000,7.982,8.0045,7.8985,7.9806,6998.4
2026-03-31 17:15:00,1774977300000,7.9806,8.0496,7.9802,7.988,3579.1
2026-03-31 17:30:00,1774978200000,7.988,8.01,7.9406,7.9448,6204.0
2026-03-31 17:45:00,1774979100000,7.9448,7.9751,7.9326,7.9742,1656.6
2026-03-31 18:00:00,1774980000000,7.9742,7.9778,7.8545,7.8892,3824.5
2026-03-31 18:15:00,1774980900000,7.8892,7.9026,7.8388,7.8521,4058.5
2026-03-31 18:30:00,1774981800000,7.8521,7.8923,7.7689,7.7777,5568.0
2026-03-31 18:45:00,1774982700000,7.7777,7.7978,7.6941,7.7408,4956.6
2026-03-31 19:00:00,1774983600000,7.7408,7.7849,7.6879,7.6967,4685.7
2026-03-31 19:15:00,1774984500000,7.6967,7.7052,7.6428,7.6722,5464.6
2026-03-31 19:30:00,1774985400000,7.6722,7.7276,7.6438,7.705,5445.5
2026-03-31 19:45:00,1774986300000,7.705,7.7447,7.5923,7.7408,7778.6
2026-03-31 20:00:00,1774987200000,7.7408,7.7602,7.6982,7.7138,2931.4
2026-03-31 20:15:00,1774988100000,7.7138,7.7274,7.6928,7.7267,2072.5
2026-03-31 20:30:00,1774989000000,7.7267,7.7604,7.6878,7.6983,3833.4
2026-03-31 20:45:00,1774989900000,7.6983,7.7205,7.6913,7.704,1904.4
2026-03-31 21:00:00,1774990800000,7.704,7.7696,7.6721,7.7518,2435.6
2026-03-31 21:15:00,1774991700000,7.7518,7.7962,7.7192,7.7479,1912.4
2026-03-31 21:30:00,1774992600000,7.7479,7.7629,7.685,7.7095,3141.7
2026-03-31 21:45:00,1774993500000,7.7095,7.934,7.6877,7.9166,9898.4
2026-03-31 22:00:00,1774994400000,7.9166,7.9548,7.9005,7.933,5840.6
2026-03-31 22:15:00,1774995300000,7.933,7.9488,7.8578,7.9408,1380.3
2026-03-31 22:30:00,1774996200000,7.9408,7.9408,7.8813,7.9197,1283.2
2026-03-31 22:45:00,1774997100000,7.9197,7.9458,7.9079,7.935,712.0
2026-03-31 23:00:00,1774998000000,7.935,8.0342,7.935,8.0177,2939.1
2026-03-31 23:15:00,1774998900000,8.0177,8.0378,7.9913,8.0192,2932.6
2026-03-31 23:30:00,1774999800000,8.0192,8.0211,7.9727,7.9913,639.6
2026-03-31 23:45:00,1775000700000,7.9913,7.9913,7.9101,7.9106,1405.6
2026-04-01 00:00:00,1775001600000,7.9106,7.9155,7.8389,7.9041,3604.1
2026-04-01 00:15:00,1775002500000,7.9041,7.9087,7.8581,7.8765,604.3
2026-04-01 00:30:00,1775003400000,7.8765,7.9089,7.8627,7.8734,1115.6
2026-04-01 00:45:00,1775004300000,7.8734,7.9344,7.8583,7.8623,3827.6
2026-04-01 01:00:00,1775005200000,7.8623,7.9187,7.86,7.8768,1833.6
2026-04-01 01:15:00,1775006100000,7.8768,7.8788,7.805,7.842,3812.6
2026-04-01 01:30:00,1775007000000,7.842,7.8799,7.8295,7.8653,2165.5
2026-04-01 01:45:00,1775007900000,7.8653,7.8827,7.8507,7.8572,2459.8
2026-04-01 02:00:00,1775008800000,7.8572,7.8995,7.8473,7.8929,1478.0
2026-04-01 02:15:00,1775009700000,7.8929,7.9367,7.8787,7.9255,1285.8
2026-04-01 02:30:00,1775010600000,7.9255,7.9518,7.8471,7.852,1179.9
2026-04-01 02:45:00,1775011500000,7.852,7.8815,7.8364,7.8544,1966.2
2026-04-01 03:00:00,1775012400000,7.8544,7.9241,7.8544,7.9241,4676.9
2026-04-01 03:15:00,1775013300000,7.9241,7.9288,7.8702,7.8744,3091.3
2026-04-01 03:30:00,1775014200000,7.8744,7.8969,7.8506,7.8588,1408.2
2026-04-01 03:45:00,1775015100000,7.8588,7.872,7.789,7.802,1408.9
2026-04-01 04:00:00,1775016000000,7.802,7.8099,7.737,7.7561,2376.1
2026-04-01 04:15:00,1775016900000,7.7561,7.8233,7.7561,7.8183,775.6
2026-04-01 04:30:00,1775017800000,7.8183,7.8402,7.7865,7.8192,1368.1
2026-04-01 04:45:00,1775018700000,7.8192,7.8751,7.8169,7.8446,2162.0
2026-04-01 05:00:00,1775019600000,7.8446,7.8563,7.7696,7.7898,1403.0
2026-04-01 05:15:00,1775020500000,7.7898,7.8524,7.7567,7.8236,1448.3
2026-04-01 05:30:00,1775021400000,7.8236,7.8388,7.7601,7.7708,2523.9
2026-04-01 05:45:00,1775022300000,7.7708,7.7746,7.7402,7.7689,1224.3
2026-04-01 06:00:00,1775023200000,7.7689,7.777,7.738,7.7578,1076.6
2026-04-01 06:15:00,1775024100000,7.7578,7.7792,7.744,7.7672,1254.2
2026-04-01 06:30:00,1775025000000,7.7672,7.842,7.7322,7.8269,2721.4
2026-04-01 06:45:00,1775025900000,7.8269,8.0264,7.8269,7.9467,6815.9
2026-04-01 07:00:00,1775026800000,7.9467,8.0499,7.9433,7.9884,4778.8
2026-04-01 07:15:00,1775027700000,7.9884,8.0855,7.9832,8.0563,3270.5
2026-04-01 07:30:00,1775028600000,8.0563,8.3601,8.0291,8.212,23749.2
2026-04-01 07:45:00,1775029500000,8.212,8.2373,8.1197,8.2072,12175.8
2026-04-01 08:00:00,1775030400000,8.2072,8.2863,8.1953,8.2521,6598.2
2026-04-01 08:15:00,1775031300000,8.2521,8.3149,8.2196,8.2662,6277.9
2026-04-01 08:30:00,1775032200000,8.2662,8.2732,8.14,8.1701,12101.7
2026-04-01 08:45:00,1775033100000,8.1701,8.2118,8.1313,8.1668,5236.5
2026-04-01 09:00:00,1775034000000,8.1668,8.1775,8.0728,8.1329,7698.6
2026-04-01 09:15:00,1775034900000,8.1329,8.1805,8.1271,8.1303,2974.7
2026-04-01 09:30:00,1775035800000,8.1303,8.1525,8.0765,8.0897,2536.7
2026-04-01 09:45:00,1775036700000,8.0897,8.1023,8.0534,8.1004,3889.8
2026-04-01 10:00:00,1775037600000,8.1004,8.106,7.9967,7.9967,7089.4
2026-04-01 10:15:00,1775038500000,7.9967,8.0528,7.9917,8.0291,2208.4
2026-04-01 10:30:00,1775039400000,8.0291,8.0928,8.0123,8.0234,3356.5
2026-04-01 10:45:00,1775040300000,8.0234,8.0704,8.0097,8.0418,2288.3
2026-04-01 11:00:00,1775041200000,8.0418,8.0865,8.0369,8.0767,2869.9
2026-04-01 11:15:00,1775042100000,8.0767,8.0881,8.0301,8.0391,1473.9
2026-04-01 11:30:00,1775043000000,8.0391,8.0704,8.0249,8.049,785.3
2026-04-01 11:45:00,1775043900000,8.049,8.0997,8.0419,8.0884,1596.4
2026-04-01 12:00:00,1775044800000,8.0884,8.1217,7.9738,7.9772,4890.0
2026-04-01 12:15:00,1775045700000,7.9772,8.0063,7.9496,7.9798,5652.3
2026-04-01 12:30:00,1775046600000,7.9798,8.0268,7.9636,8.0176,6313.0
2026-04-01 12:45:00,1775047500000,8.0176,8.0176,7.9266,7.9374,5722.5
2026-04-01 13:00:00,1775048400000,7.9374,7.9374,7.8507,7.9311,3964.5
2026-04-01 13:15:00,1775049300000,7.9311,7.9407,7.8983,7.9328,2784.7
2026-04-01 13:30:00,1775050200000,7.9328,8.1523,7.9221,8.0831,18717.3
2026-04-01 13:45:00,1775051100000,8.0831,8.1066,8.0674,8.079,5253.3
2026-04-01 14:00:00,1775052000000,8.079,8.0859,7.967,8.0179,5461.3
2026-04-01 14:15:00,1775052900000,8.0179,8.0231,7.9757,7.9788,1016.7
2026-04-01 14:30:00,1775053800000,7.9788,7.9863,7.9361,7.9845,1535.3
2026-04-01 14:45:00,1775054700000,7.9845,8.0005,7.9445,7.9711,6431.5
2026-04-01 15:00:00,1775055600000,7.9711,7.9743,7.9212,7.9607,6822.6
2026-04-01 15:15:00,1775056500000,7.9607,7.9607,7.8187,7.8651,5245.1
2026-04-01 15:30:00,1775057400000,7.8651,7.8651,7.8002,7.8003,2569.3
2026-04-01 15:45:00,1775058300000,7.8003,7.832,7.751,7.815,8345.0
2026-04-01 16:00:00,1775059200000,7.815,7.8259,7.6625,7.8117,8733.8
2026-04-01 16:15:00,1775060100000,7.8117,7.8117,7.7239,7.7361,5453.0
2026-04-01 16:30:00,1775061000000,7.7361,7.762,7.695,7.7288,5547.5
2026-04-01 16:45:00,1775061900000,7.7288,7.8259,7.7266,7.7979,3019.9
2026-04-01 17:00:00,1775062800000,7.7979,7.8296,7.7622,7.8173,3590.2
2026-04-01 17:15:00,1775063700000,7.8173,7.8566,7.7912,7.8361,2219.4
2026-04-01 17:30:00,1775064600000,7.8361,7.8617,7.771,7.7767,1808.8
2026-04-01 17:45:00,1775065500000,7.7767,7.7921,7.76,7.7636,2205.6
2026-04-01 18:00:00,1775066400000,7.7636,7.7865,7.7108,7.7865,3421.2
2026-04-01 18:15:00,1775067300000,7.7865,7.7884,7.7619,7.7758,2514.1
2026-04-01 18:30:00,1775068200000,7.7758,7.826,7.7693,7.8074,3475.4
2026-04-01 18:45:00,1775069100000,7.8074,7.8217,7.7817,7.7869,1608.5
2026-04-01 19:00:00,1775070000000,7.7869,7.7869,7.7191,7.7638,2068.3
2026-04-01 19:15:00,1775070900000,7.7638,7.7664,7.7087,7.7266,1425.8
2026-04-01 19:30:00,1775071800000,7.7266,7.7936,7.7158,7.7738,3564.8
2026-04-01 19:45:00,1775072700000,7.7738,7.7844,7.747,7.7698,1438.6
2026-04-01 20:00:00,1775073600000,7.7698,7.8117,7.7436,7.7977,2267.8
2026-04-01 20:15:00,1775074500000,7.7977,7.8279,7.7925,7.8068,2030.2
2026-04-01 20:30:00,1775075400000,7.8068,7.826,7.7852,7.826,1748.8
2026-04-01 20:45:00,1775076300000,7.826,7.8676,7.8027,7.8248,2696.7
2026-04-01 21:00:00,1775077200000,7.8248,7.8861,7.8073,7.8789,1549.9
2026-04-01 21:15:00,1775078100000,7.8789,7.8899,7.8459,7.8678,448.4
2026-04-01 21:30:00,1775079000000,7.8678,7.9168,7.823,7.8745,1401.2
2026-04-01 21:45:00,1775079900000,7.8745,7.9288,7.8745,7.9071,1280.2
2026-04-01 22:00:00,1775080800000,7.9071,7.9849,7.899,7.9564,2637.8
2026-04-01 22:15:00,1775081700000,7.9564,8.0096,7.9268,7.9696,1398.0
2026-04-01 22:30:00,1775082600000,7.9696,7.9749,7.9272,7.9491,856.9
2026-04-01 22:45:00,1775083500000,7.9491,7.9803,7.922,7.922,1193.3
2026-04-01 23:00:00,1775084400000,7.922,7.9356,7.871,7.8854,1636.4
2026-04-01 23:15:00,1775085300000,7.8854,7.9119,7.8557,7.8969,1326.2
2026-04-01 23:30:00,1775086200000,7.8969,7.8993,7.8625,7.876,1016.0
2026-04-01 23:45:00,1775087100000,7.876,7.8996,7.8648,7.8648,744.3
2026-04-02 00:00:00,1775088000000,7.8648,7.9577,7.8609,7.9336,1854.0
2026-04-02 00:15:00,1775088900000,7.9336,8.1211,7.9336,8.1054,4433.6
2026-04-02 00:30:00,1775089800000,8.1054,8.1169,7.9752,8.11,4160.1
2026-04-02 00:45:00,1775090700000,8.11,8.2752,8.1077,8.1719,8488.7
2026-04-02 01:00:00,1775091600000,8.1719,8.2687,8.1312,8.1556,10943.3
2026-04-02 01:15:00,1775092500000,8.1556,8.1663,8.0767,8.0943,3557.8
2026-04-02 01:30:00,1775093400000,8.0943,8.1219,8.0533,8.0883,4543.9
2026-04-02 01:45:00,1775094300000,8.0883,8.1094,8.0033,8.0674,1886.4
2026-04-02 02:00:00,1775095200000,8.0674,8.077,7.9858,8.0086,2908.4
2026-04-02 02:15:00,1775096100000,8.0086,8.0445,7.9873,8.0402,4004.9
2026-04-02 02:30:00,1775097000000,8.0402,8.0409,7.9822,8.0033,3114.5
2026-04-02 02:45:00,1775097900000,8.0033,8.0284,7.9826,8.0077,1011.6
2026-04-02 03:00:00,1775098800000,8.0077,8.0299,7.9539,7.9857,4934.1
2026-04-02 03:15:00,1775099700000,7.9857,8.0046,7.9784,7.9943,900.8
2026-04-02 03:30:00,1775100600000,7.9943,7.9943,7.9387,7.9599,1564.4
2026-04-02 03:45:00,1775101500000,7.9599,7.9831,7.9373,7.9373,837.2
2026-04-02 04:00:00,1775102400000,7.9373,7.9963,7.9267,7.9697,1736.3
2026-04-02 04:15:00,1775103300000,7.9697,7.9732,7.9122,7.9266,2557.1
2026-04-02 04:30:00,1775104200000,7.9266,7.9608,7.9266,7.9581,756.4
2026-04-02 04:45:00,1775105100000,7.9581,7.9893,7.9525,7.955,609.5
2026-04-02 05:00:00,1775106000000,7.955,7.9667,7.9259,7.9552,839.7
2026-04-02 05:15:00,1775106900000,7.9552,8.0748,7.952,8.0621,3481.4
2026-04-02 05:30:00,1775107800000,8.0621,8.1,8.0559,8.0966,3288.5
2026-04-02 05:45:00,1775108700000,8.0966,8.2378,8.0893,8.2095,10082.9
2026-04-02 06:00:00,1775109600000,8.2095,8.2961,8.1894,8.2712,5640.3
2026-04-02 06:15:00,1775110500000,8.2712,8.2759,8.2099,8.2306,12654.2
2026-04-02 06:30:00,1775111400000,8.2306,8.2497,8.1488,8.1705,3961.9
2026-04-02 06:45:00,1775112300000,8.1705,8.1799,8.1164,8.1183,3336.6
2026-04-02 07:00:00,1775113200000,8.1183,8.1183,8.0584,8.0775,3002.3
2026-04-02 07:15:00,1775114100000,8.0775,8.1642,8.0715,8.1314,1595.9
2026-04-02 07:30:00,1775115000000,8.1314,8.1348,8.0845,8.0959,507.5
2026-04-02 07:45:00,1775115900000,8.0959,8.1182,8.0746,8.0913,1299.7
2026-04-02 08:00:00,1775116800000,8.0913,8.1087,8.0451,8.0694,2073.3
2026-04-02 08:15:00,1775117700000,8.0694,8.0694,7.9965,8.0035,1693.5
2026-04-02 08:30:00,1775118600000,8.0035,8.0341,7.9459,8.0164,4588.4
2026-04-02 08:45:00,1775119500000,8.0164,8.0879,8.0107,8.0373,2550.6
2026-04-02 09:00:00,1775120400000,8.0373,8.0908,8.0248,8.08,2897.5
2026-04-02 09:15:00,1775121300000,8.08,8.2825,8.0675,8.0684,9855.5
2026-04-02 09:30:00,1775122200000,8.0684,8.0731,8.0119,8.0229,2117.7
2026-04-02 09:45:00,1775123100000,8.0229,8.0634,7.9897,8.0222,2189.1
2026-04-02 10:00:00,1775124000000,8.0222,8.047,7.9506,8.029,6671.5
2026-04-02 10:15:00,1775124900000,8.029,8.0659,7.8799,7.8854,3554.0
2026-04-02 10:30:00,1775125800000,7.8854,7.96,7.7677,7.7905,6927.7
2026-04-02 10:45:00,1775126700000,7.7905,7.8259,7.6675,7.7056,9558.6
2026-04-02 11:00:00,1775127600000,7.7056,7.7182,7.5301,7.6068,19537.0
2026-04-02 11:15:00,1775128500000,7.6068,7.7553,7.5971,7.74,7484.3
2026-04-02 11:30:00,1775129400000,7.74,7.786,7.7118,7.7191,7591.7
2026-04-02 11:45:00,1775130300000,7.7191,7.7661,7.7125,7.7338,2688.1
2026-04-02 12:00:00,1775131200000,7.7338,7.743,7.6505,7.7414,3302.8
2026-04-02 12:15:00,1775132100000,7.7414,7.7605,7.6783,7.6956,5804.7
2026-04-02 12:30:00,1775133000000,7.6956,7.747,7.6495,7.7384,7822.5
2026-04-02 12:45:00,1775133900000,7.7384,7.7384,7.6557,7.6746,2928.4
2026-04-02 13:00:00,1775134800000,7.6746,7.768,7.6722,7.7376,3198.9
2026-04-02 13:15:00,1775135700000,7.7376,7.8296,7.7338,7.7926,7059.2
2026-04-02 13:30:00,1775136600000,7.7926,7.8456,7.7748,7.826,7840.6
2026-04-02 13:45:00,1775137500000,7.826,7.8386,7.7524,7.7822,1680.8
2026-04-02 14:00:00,1775138400000,7.7822,7.9155,7.7772,7.8865,4612.7
2026-04-02 14:15:00,1775139300000,7.8865,7.8956,7.7898,7.8128,3940.9
2026-04-02 14:30:00,1775140200000,7.8128,7.8647,7.8027,7.8525,4696.8
2026-04-02 14:45:00,1775141100000,7.8525,7.8614,7.8065,7.8468,1288.4
2026-04-02 15:00:00,1775142000000,7.8468,7.9126,7.8375,7.855,2702.4
2026-04-02 15:15:00,1775142900000,7.855,7.8899,7.8343,7.8506,1854.4
2026-04-02 15:30:00,1775143800000,7.8506,7.8543,7.7575,7.7744,2868.8
2026-04-02 15:45:00,1775144700000,7.7744,7.7758,7.7409,7.7465,2336.5
2026-04-02 16:00:00,1775145600000,7.7465,7.7483,7.6699,7.6738,2054.7
2026-04-02 16:15:00,1775146500000,7.6738,7.6743,7.6203,7.6414,1622.7
2026-04-02 16:30:00,1775147400000,7.6414,7.8118,7.6268,7.7195,6049.1
2026-04-02 16:45:00,1775148300000,7.7195,7.7905,7.6969,7.7566,1814.5
2026-04-02 17:00:00,1775149200000,7.7566,7.8212,7.736,7.8136,1615.9
2026-04-02 17:15:00,1775150100000,7.8136,7.8142,7.7555,7.7624,1250.5
2026-04-02 17:30:00,1775151000000,7.7624,7.7969,7.7283,7.7969,1334.2
2026-04-02 17:45:00,1775151900000,7.7969,7.8399,7.7886,7.8383,1235.9
2026-04-02 18:00:00,1775152800000,7.8383,7.8491,7.8232,7.8463,1532.3
2026-04-02 18:15:00,1775153700000,7.8463,7.8924,7.8397,7.8924,1419.7
2026-04-02 18:30:00,1775154600000,7.8924,7.9038,7.8312,7.8679,1646.1
2026-04-02 18:45:00,1775155500000,7.8679,7.899,7.858,7.8785,1027.8
2026-04-02 19:00:00,1775156400000,7.8785,7.928,7.8693,7.9041,1321.6
2026-04-02 19:15:00,1775157300000,7.9041,7.9183,7.8998,7.9102,370.5
2026-04-02 19:30:00,1775158200000,7.9102,8.0209,7.9102,7.977,2387.4
2026-04-02 19:45:00,1775159100000,7.977,8.0087,7.9167,7.9531,2683.7
2026-04-02 20:00:00,1775160000000,7.9531,7.9711,7.9326,7.964,1753.9
2026-04-02 20:15:00,1775160900000,7.964,7.9663,7.9042,7.9074,1174.0
2026-04-02 20:30:00,1775161800000,7.9074,7.9933,7.9042,7.9563,4456.3
2026-04-02 20:45:00,1775162700000,7.9563,7.9758,7.9468,7.9622,546.0
2026-04-02 21:00:00,1775163600000,7.9622,8.0142,7.9563,7.99,1459.5
2026-04-02 21:15:00,1775164500000,7.99,8.0419,7.9764,7.9997,1931.9
2026-04-02 21:30:00,1775165400000,7.9997,8.0075,7.9538,7.9563,606.0
2026-04-02 21:45:00,1775166300000,7.9563,7.9577,7.9014,7.9134,2169.1
2026-04-02 22:00:00,1775167200000,7.9134,7.9974,7.8975,7.9974,1156.7
2026-04-02 22:15:00,1775168100000,7.9974,8.0387,7.9802,8.022,1976.7
2026-04-02 22:30:00,1775169000000,8.022,8.0674,8.0106,8.047,1061.6
2026-04-02 22:45:00,1775169900000,8.047,8.0485,8.0178,8.0189,1344.9
2026-04-02 23:00:00,1775170800000,8.0189,8.0198,7.9771,7.9933,1504.9
2026-04-02 23:15:00,1775171700000,7.9933,8.005,7.9635,7.9726,503.0
2026-04-02 23:30:00,1775172600000,7.9726,7.975,7.9458,7.9643,805.4
2026-04-02 23:45:00,1775173500000,7.9643,7.9954,7.9591,7.97,621.2
2026-04-03 00:00:00,1775174400000,7.97,8.0485,7.9538,7.9582,2687.1
2026-04-03 00:15:00,1775175300000,7.9582,7.9582,7.8843,7.8843,1907.6
2026-04-03 00:30:00,1775176200000,7.8843,7.8898,7.84,7.8588,1385.7
2026-04-03 00:45:00,1775177100000,7.8588,7.8614,7.8418,7.8583,1179.6
2026-04-03 01:00:00,1775178000000,7.8583,7.9064,7.8553,7.9064,2390.4
2026-04-03 01:15:00,1775178900000,7.9064,7.9144,7.8611,7.8828,686.4
2026-04-03 01:30:00,1775179800000,7.8828,8.0461,7.8828,8.0329,13222.0
2026-04-03 01:45:00,1775180700000,8.0329,8.0329,7.9538,7.9933,1057.0
2026-04-03 02:00:00,1775181600000,7.9933,8.0171,7.9752,7.9848,2104.6
2026-04-03 02:15:00,1775182500000,7.9848,8.0171,7.9777,8.0084,1154.8
2026-04-03 02:30:00,1775183400000,8.0084,8.0146,7.9532,7.9677,877.6
2026-04-03 02:45:00,1775184300000,7.9677,7.9766,7.9325,7.9706,1016.2
2026-04-03 03:00:00,1775185200000,7.9706,8.0045,7.929,7.9738,1930.5
2026-04-03 03:15:00,1775186100000,7.9738,7.9862,7.9453,7.9862,892.1
2026-04-03 03:30:00,1775187000000,7.9862,8.0067,7.9752,7.9989,1016.0
2026-04-03 03:45:00,1775187900000,7.9989,8.0396,7.9824,8.0344,454.0
2026-04-03 04:00:00,1775188800000,8.0344,8.0814,8.0344,8.0508,1965.5
2026-04-03 04:15:00,1775189700000,8.0508,8.1151,8.0462,8.0528,1885.5
2026-04-03 04:30:00,1775190600000,8.0528,8.1592,8.0462,8.1497,3001.5
2026-04-03 04:45:00,1775191500000,8.1497,8.1999,8.1294,8.1711,5157.0
2026-04-03 05:00:00,1775192400000,8.1711,8.2255,8.1577,8.181,5867.5
2026-04-03 05:15:00,1775193300000,8.181,8.1914,8.1167,8.1361,3738.4
2026-04-03 05:30:00,1775194200000,8.1361,8.2022,8.1182,8.1827,1932.6
2026-04-03 05:45:00,1775195100000,8.1827,8.2317,8.156,8.1636,3844.8
2026-04-03 06:00:00,1775196000000,8.1636,8.2341,8.1604,8.1904,3165.5
2026-04-03 06:15:00,1775196900000,8.1904,8.2157,8.164,8.1827,1802.2
2026-04-03 06:30:00,1775197800000,8.1827,8.2121,8.1339,8.1791,5468.9
2026-04-03 06:45:00,1775198700000,8.1791,8.2093,8.1402,8.1622,3363.3
2026-04-03 07:00:00,1775199600000,8.1622,8.201,8.1622,8.1739,1458.3
2026-04-03 07:15:00,1775200500000,8.1739,8.1764,8.145,8.1674,1186.9
2026-04-03 07:30:00,1775201400000,8.1674,8.2093,8.1608,8.1654,6069.1
2026-04-03 07:45:00,1775202300000,8.1654,8.2092,8.1615,8.1881,1334.5
2026-04-03 08:00:00,1775203200000,8.1881,8.1918,8.1108,8.1202,2018.5
2026-04-03 08:15:00,1775204100000,8.1202,8.1331,8.0756,8.1331,4425.8
2026-04-03 08:30:00,1775205000000,8.1331,8.165,8.1162,8.1479,2445.5
2026-04-03 08:45:00,1775205900000,8.1479,8.1594,8.0999,8.1204,1830.5
2026-04-03 09:00:00,1775206800000,8.1204,8.1465,8.0962,8.1353,1316.0
2026-04-03 09:15:00,1775207700000,8.1353,8.1801,8.1353,8.1682,1101.7
2026-04-03 09:30:00,1775208600000,8.1682,8.1935,8.1456,8.1559,2146.1
2026-04-03 09:45:00,1775209500000,8.1559,8.1609,8.1375,8.1463,1392.7
2026-04-03 10:00:00,1775210400000,8.1463,8.1842,8.113,8.143,4360.9
2026-04-03 10:15:00,1775211300000,8.143,8.1845,8.1363,8.1764,1045.9
2026-04-03 10:30:00,1775212200000,8.1764,8.2037,8.1653,8.1837,2104.3
2026-04-03 10:45:00,1775213100000,8.1837,8.262,8.1792,8.23,4862.2
2026-04-03 11:00:00,1775214000000,8.23,8.2523,8.1791,8.1791,2735.5
2026-04-03 11:15:00,1775214900000,8.1791,8.2156,8.1531,8.2156,2675.0
2026-04-03 11:30:00,1775215800000,8.2156,8.2644,8.1515,8.1646,4825.6
2026-04-03 11:45:00,1775216700000,8.1646,8.1869,8.1631,8.1788,1007.5
2026-04-03 12:00:00,1775217600000,8.1788,8.2165,8.0542,8.0846,4644.4
2026-04-03 12:15:00,1775218500000,8.0846,8.0876,8.0419,8.0607,1562.6
2026-04-03 12:30:00,1775219400000,8.0607,8.0959,8.0435,8.0738,3129.2
2026-04-03 12:45:00,1775220300000,8.0738,8.112,8.0555,8.1029,1229.3
2026-04-03 13:00:00,1775221200000,8.1029,8.1029,8.0699,8.0918,1019.1
2026-04-03 13:15:00,1775222100000,8.0918,8.0968,8.0397,8.0503,1867.0
2026-04-03 13:30:00,1775223000000,8.0503,8.1227,8.0492,8.1053,1103.4
2026-04-03 13:45:00,1775223900000,8.1053,8.1219,8.0891,8.1206,458.0
2026-04-03 14:00:00,1775224800000,8.1206,8.1999,8.106,8.1521,2855.7
2026-04-03 14:15:00,1775225700000,8.1521,8.1697,8.1201,8.1396,854.6
2026-04-03 14:30:00,1775226600000,8.1396,8.1784,8.0905,8.1124,2189.5
2026-04-03 14:45:00,1775227500000,8.1124,8.1299,8.0801,8.0862,282.4
2026-04-03 15:00:00,1775228400000,8.0862,8.1285,8.0768,8.0983,1532.0
2026-04-03 15:15:00,1775229300000,8.0983,8.1869,8.0922,8.1869,1287.9
2026-04-03 15:30:00,1775230200000,8.1869,8.2151,8.1628,8.1681,5264.0
2026-04-03 15:45:00,1775231100000,8.1681,8.1729,8.1385,8.1562,1006.5
2026-04-03 16:00:00,1775232000000,8.1562,8.1789,8.1206,8.1688,2073.6
2026-04-03 16:15:00,1775232900000,8.1688,8.1691,8.1344,8.1414,248.8
2026-04-03 16:30:00,1775233800000,8.1414,8.1843,8.1352,8.1843,1174.0
2026-04-03 16:45:00,1775234700000,8.1843,8.2004,8.1639,8.1951,1199.2
2026-04-03 17:00:00,1775235600000,8.1951,8.2189,8.1631,8.1631,1682.9
2026-04-03 17:15:00,1775236500000,8.1631,8.1631,8.1395,8.154,623.1
2026-04-03 17:30:00,1775237400000,8.154,8.1737,8.1016,8.1053,1567.3
2026-04-03 17:45:00,1775238300000,8.1053,8.1384,8.0936,8.1169,1321.2
2026-04-03 18:00:00,1775239200000,8.1169,8.122,8.079,8.0918,1474.1
2026-04-03 18:15:00,1775240100000,8.0918,8.0986,8.0736,8.0761,414.9
2026-04-03 18:30:00,1775241000000,8.0761,8.1128,8.0753,8.0806,1776.2
2026-04-03 18:45:00,1775241900000,8.0806,8.0947,8.0787,8.0932,540.4
2026-04-03 19:00:00,1775242800000,8.0932,8.1148,8.0702,8.0922,2104.2
2026-04-03 19:15:00,1775243700000,8.0922,8.0922,8.0435,8.0532,1805.1
2026-04-03 19:30:00,1775244600000,8.0532,8.0814,8.0405,8.0536,1236.7
