Open_time,Open_time,Open,High,Low,Close,Volume
2026-01-14 00:00:00,1768348800000,0.16163,0.16307,0.16158,0.16191,3190402.0
2026-01-14 00:15:00,1768349700000,0.16191,0.1628,0.16087,0.16201,2417175.0
2026-01-14 00:30:00,1768350600000,0.16201,0.16367,0.16128,0.1628,2220930.0
2026-01-14 00:45:00,1768351500000,0.1628,0.16398,0.16262,0.16349,2135227.0
2026-01-14 01:00:00,1768352400000,0.16349,0.1646,0.16278,0.1642,3040063.0
2026-01-14 01:15:00,1768353300000,0.1642,0.1645,0.16325,0.16379,1453862.0
2026-01-14 01:30:00,1768354200000,0.16379,0.16482,0.16362,0.16429,2198618.0
2026-01-14 01:45:00,1768355100000,0.16429,0.16433,0.16276,0.16317,2029425.0
2026-01-14 02:00:00,1768356000000,0.16317,0.1643,0.16254,0.16409,1583984.0
2026-01-14 02:15:00,1768356900000,0.16409,0.16456,0.16298,0.16351,1316966.0
2026-01-14 02:30:00,1768357800000,0.16351,0.16352,0.16258,0.16328,1268411.0
2026-01-14 02:45:00,1768358700000,0.16328,0.16334,0.16073,0.16106,2281557.0
2026-01-14 03:00:00,1768359600000,0.16106,0.16221,0.1609,0.16195,2749932.0
2026-01-14 03:15:00,1768360500000,0.16195,0.1641,0.16189,0.16343,4810798.0
2026-01-14 03:30:00,1768361400000,0.16343,0.16488,0.1633,0.16406,2335397.0
2026-01-14 03:45:00,1768362300000,0.16406,0.16635,0.1638,0.16565,4945628.0
2026-01-14 04:00:00,1768363200000,0.16565,0.1663,0.16366,0.16386,6034119.0
2026-01-14 04:15:00,1768364100000,0.16386,0.16493,0.16357,0.16457,2077531.0
2026-01-14 04:30:00,1768365000000,0.16457,0.16465,0.16328,0.16348,2368921.0
2026-01-14 04:45:00,1768365900000,0.16348,0.16392,0.16273,0.16283,1731823.0
2026-01-14 05:00:00,1768366800000,0.16283,0.16283,0.16134,0.16247,3403417.0
2026-01-14 05:15:00,1768367700000,0.16247,0.16321,0.16121,0.1619,2621367.0
2026-01-14 05:30:00,1768368600000,0.1619,0.16263,0.16161,0.16165,1326747.0
2026-01-14 05:45:00,1768369500000,0.16165,0.16234,0.16163,0.16195,1098229.0
2026-01-14 06:00:00,1768370400000,0.16195,0.16259,0.16102,0.16247,2534315.0
2026-01-14 06:15:00,1768371300000,0.16247,0.16247,0.16164,0.1618,1223779.0
2026-01-14 06:30:00,1768372200000,0.1618,0.16218,0.16074,0.16212,1826460.0
2026-01-14 06:45:00,1768373100000,0.16212,0.16311,0.1619,0.1629,1155070.0
2026-01-14 07:00:00,1768374000000,0.1629,0.16415,0.16261,0.1633,1368722.0
2026-01-14 07:15:00,1768374900000,0.1633,0.1635,0.16233,0.16274,962215.0
2026-01-14 07:30:00,1768375800000,0.16274,0.16308,0.16219,0.16298,1189405.0
2026-01-14 07:45:00,1768376700000,0.16298,0.16436,0.16298,0.16341,3609425.0
2026-01-14 08:00:00,1768377600000,0.16341,0.16445,0.16322,0.16421,960696.0
2026-01-14 08:15:00,1768378500000,0.16421,0.16441,0.16326,0.16331,879999.0
2026-01-14 08:30:00,1768379400000,0.16331,0.16365,0.16241,0.16269,927576.0
2026-01-14 08:45:00,1768380300000,0.16269,0.16299,0.16191,0.16239,1819393.0
2026-01-14 09:00:00,1768381200000,0.16239,0.16474,0.16239,0.16461,1615512.0
2026-01-14 09:15:00,1768382100000,0.16461,0.16482,0.16351,0.16367,1724710.0
2026-01-14 09:30:00,1768383000000,0.16367,0.16434,0.16365,0.16389,1003167.0
2026-01-14 09:45:00,1768383900000,0.16389,0.16421,0.16328,0.16355,1224689.0
2026-01-14 10:00:00,1768384800000,0.16355,0.16447,0.16313,0.16431,1729774.0
2026-01-14 10:15:00,1768385700000,0.16431,0.16454,0.16109,0.16187,7287084.0
2026-01-14 10:30:00,1768386600000,0.16187,0.16224,0.16051,0.16111,2304797.0
2026-01-14 10:45:00,1768387500000,0.16111,0.16144,0.16098,0.16104,1131496.0
2026-01-14 11:00:00,1768388400000,0.16104,0.16115,0.16019,0.16093,2600166.0
2026-01-14 11:15:00,1768389300000,0.16093,0.16194,0.15903,0.16158,7546098.0
2026-01-14 11:30:00,1768390200000,0.16158,0.16342,0.16153,0.16278,3337430.0
2026-01-14 11:45:00,1768391100000,0.16278,0.16322,0.16154,0.16186,1651697.0
2026-01-14 12:00:00,1768392000000,0.16186,0.1635,0.16174,0.16344,1977544.0
2026-01-14 12:15:00,1768392900000,0.16344,0.16395,0.16303,0.1632,1820490.0
2026-01-14 12:30:00,1768393800000,0.1632,0.16491,0.16306,0.16426,3664338.0
2026-01-14 12:45:00,1768394700000,0.16426,0.16506,0.16355,0.16419,2916472.0
2026-01-14 13:00:00,1768395600000,0.16419,0.16421,0.16303,0.16353,1567750.0
2026-01-14 13:15:00,1768396500000,0.16353,0.16448,0.16343,0.16423,1576785.0
2026-01-14 13:30:00,1768397400000,0.16423,0.16468,0.16376,0.16403,2378126.0
2026-01-14 13:45:00,1768398300000,0.16403,0.16446,0.16336,0.16417,1866998.0
2026-01-14 14:00:00,1768399200000,0.16417,0.16746,0.1639,0.16734,6579335.0
2026-01-14 14:15:00,1768400100000,0.16734,0.17004,0.1664,0.16912,11135423.0
2026-01-14 14:30:00,1768401000000,0.16912,0.17249,0.16898,0.1691,13929115.0
2026-01-14 14:45:00,1768401900000,0.1691,0.16997,0.16751,0.16784,8307813.0
2026-01-14 15:00:00,1768402800000,0.16784,0.16816,0.16572,0.16694,8176959.0
2026-01-14 15:15:00,1768403700000,0.16694,0.16833,0.16611,0.1669,4864149.0
2026-01-14 15:30:00,1768404600000,0.1669,0.16771,0.1654,0.16734,4668502.0
2026-01-14 15:45:00,1768405500000,0.16734,0.169,0.16685,0.16898,3530505.0
2026-01-14 16:00:00,1768406400000,0.16898,0.17031,0.16853,0.16997,3811252.0
2026-01-14 16:15:00,1768407300000,0.16997,0.1705,0.16912,0.16978,3472036.0
2026-01-14 16:30:00,1768408200000,0.16978,0.17016,0.16749,0.16777,5018929.0
2026-01-14 16:45:00,1768409100000,0.16777,0.16847,0.16591,0.1668,5012934.0
2026-01-14 17:00:00,1768410000000,0.1668,0.16727,0.16604,0.16722,2693743.0
2026-01-14 17:15:00,1768410900000,0.16722,0.169,0.16664,0.16828,5531012.0
2026-01-14 17:30:00,1768411800000,0.16828,0.16974,0.16662,0.16956,5642259.0
2026-01-14 17:45:00,1768412700000,0.16956,0.16982,0.16755,0.16852,3704460.0
2026-01-14 18:00:00,1768413600000,0.16852,0.17016,0.16817,0.16976,3128855.0
2026-01-14 18:15:00,1768414500000,0.16976,0.17147,0.16883,0.17025,5156167.0
2026-01-14 18:30:00,1768415400000,0.17025,0.17075,0.16556,0.16611,4748989.0
2026-01-14 18:45:00,1768416300000,0.16611,0.16766,0.16518,0.16712,4666195.0
2026-01-14 19:00:00,1768417200000,0.16712,0.16733,0.16608,0.16671,2155397.0
2026-01-14 19:15:00,1768418100000,0.16671,0.16828,0.16639,0.16819,2433163.0
2026-01-14 19:30:00,1768419000000,0.16819,0.17026,0.16642,0.16931,7234540.0
2026-01-14 19:45:00,1768419900000,0.16931,0.1711,0.16667,0.16799,10926820.0
2026-01-14 20:00:00,1768420800000,0.16799,0.16879,0.16755,0.16764,1823113.0
2026-01-14 20:15:00,1768421700000,0.16764,0.16782,0.1664,0.16656,1269859.0
2026-01-14 20:30:00,1768422600000,0.16656,0.16719,0.16614,0.16643,1594867.0
2026-01-14 20:45:00,1768423500000,0.16643,0.16686,0.16572,0.16684,1411273.0
2026-01-14 21:00:00,1768424400000,0.16684,0.16856,0.16654,0.1674,1771702.0
2026-01-14 21:15:00,1768425300000,0.1674,0.16816,0.16666,0.16687,3212379.0
2026-01-14 21:30:00,1768426200000,0.16687,0.16716,0.16593,0.16608,1802488.0
2026-01-14 21:45:00,1768427100000,0.16608,0.16665,0.1637,0.16451,7380866.0
2026-01-14 22:00:00,1768428000000,0.16451,0.16484,0.16335,0.16459,3442987.0
2026-01-14 22:15:00,1768428900000,0.16459,0.1653,0.16415,0.16427,1816052.0
2026-01-14 22:30:00,1768429800000,0.16427,0.16443,0.16066,0.16098,5005390.0
2026-01-14 22:45:00,1768430700000,0.16098,0.16298,0.16098,0.16156,2040888.0
2026-01-14 23:00:00,1768431600000,0.16156,0.16338,0.16155,0.16321,1686422.0
2026-01-14 23:15:00,1768432500000,0.16321,0.16344,0.16133,0.16142,1352408.0
2026-01-14 23:30:00,1768433400000,0.16142,0.16159,0.1605,0.16144,1818961.0
2026-01-14 23:45:00,1768434300000,0.16144,0.1619,0.16144,0.16166,752506.0
2026-01-15 00:00:00,1768435200000,0.16166,0.16174,0.16074,0.16173,2298795.0
2026-01-15 00:15:00,1768436100000,0.16173,0.16173,0.16054,0.16077,1728521.0
2026-01-15 00:30:00,1768437000000,0.16077,0.16094,0.15963,0.1607,3386768.0
2026-01-15 00:45:00,1768437900000,0.1607,0.16074,0.1593,0.16068,2555034.0
2026-01-15 01:00:00,1768438800000,0.16068,0.16201,0.16068,0.16084,2564756.0
2026-01-15 01:15:00,1768439700000,0.16084,0.1614,0.16026,0.16083,2703552.0
2026-01-15 01:30:00,1768440600000,0.16083,0.16112,0.1594,0.16003,3046197.0
2026-01-15 01:45:00,1768441500000,0.16003,0.16027,0.15599,0.15824,9820521.0
2026-01-15 02:00:00,1768442400000,0.15824,0.15843,0.15724,0.15741,3713001.0
2026-01-15 02:15:00,1768443300000,0.15741,0.15835,0.15713,0.15729,2762693.0
2026-01-15 02:30:00,1768444200000,0.15729,0.15815,0.15541,0.15756,7553523.0
2026-01-15 02:45:00,1768445100000,0.15756,0.1576,0.15635,0.15692,1797177.0
2026-01-15 03:00:00,1768446000000,0.15692,0.15726,0.15638,0.15699,2782870.0
2026-01-15 03:15:00,1768446900000,0.15699,0.15759,0.15483,0.15493,5169407.0
2026-01-15 03:30:00,1768447800000,0.15493,0.15529,0.15378,0.15479,7147499.0
2026-01-15 03:45:00,1768448700000,0.15479,0.15511,0.1538,0.1541,4242280.0
2026-01-15 04:00:00,1768449600000,0.1541,0.15515,0.154,0.15509,4908504.0
2026-01-15 04:15:00,1768450500000,0.15509,0.15544,0.15401,0.15511,5811171.0
2026-01-15 04:30:00,1768451400000,0.15511,0.15559,0.1548,0.15504,1785144.0
2026-01-15 04:45:00,1768452300000,0.15504,0.1553,0.15351,0.15434,4201460.0
2026-01-15 05:00:00,1768453200000,0.15434,0.15571,0.15429,0.15516,3367148.0
2026-01-15 05:15:00,1768454100000,0.15516,0.15562,0.15488,0.15509,1543802.0
2026-01-15 05:30:00,1768455000000,0.15509,0.15574,0.15496,0.15564,1735165.0
2026-01-15 05:45:00,1768455900000,0.15564,0.15608,0.15514,0.15535,1336137.0
2026-01-15 06:00:00,1768456800000,0.15535,0.1555,0.15481,0.15505,971931.0
2026-01-15 06:15:00,1768457700000,0.15505,0.15548,0.15476,0.15496,1081201.0
2026-01-15 06:30:00,1768458600000,0.15496,0.15502,0.1536,0.15396,3359463.0
2026-01-15 06:45:00,1768459500000,0.15396,0.15467,0.15378,0.15424,1567663.0
2026-01-15 07:00:00,1768460400000,0.15424,0.15517,0.15422,0.15495,1104352.0
2026-01-15 07:15:00,1768461300000,0.15495,0.15624,0.15493,0.15594,3285180.0
2026-01-15 07:30:00,1768462200000,0.15594,0.15666,0.15564,0.15586,3567114.0
2026-01-15 07:45:00,1768463100000,0.15586,0.15613,0.15551,0.1558,983061.0
2026-01-15 08:00:00,1768464000000,0.1558,0.15683,0.15539,0.15573,3334424.0
2026-01-15 08:15:00,1768464900000,0.15573,0.15638,0.15544,0.15548,4079109.0
2026-01-15 08:30:00,1768465800000,0.15548,0.15606,0.1554,0.15598,1359900.0
2026-01-15 08:45:00,1768466700000,0.15598,0.1563,0.15569,0.15621,1580874.0
2026-01-15 09:00:00,1768467600000,0.15621,0.15622,0.15527,0.15527,1116951.0
2026-01-15 09:15:00,1768468500000,0.15527,0.15729,0.15509,0.15678,3705004.0
2026-01-15 09:30:00,1768469400000,0.15678,0.15815,0.15643,0.1578,2969935.0
2026-01-15 09:45:00,1768470300000,0.1578,0.15848,0.15728,0.15752,3513512.0
2026-01-15 10:00:00,1768471200000,0.15752,0.15977,0.15737,0.1588,6257848.0
2026-01-15 10:15:00,1768472100000,0.1588,0.16039,0.15879,0.15932,3266769.0
2026-01-15 10:30:00,1768473000000,0.15932,0.15957,0.15907,0.15926,1236465.0
2026-01-15 10:45:00,1768473900000,0.15926,0.16012,0.15921,0.1598,1379861.0
2026-01-15 11:00:00,1768474800000,0.1598,0.16019,0.15904,0.15939,1073398.0
2026-01-15 11:15:00,1768475700000,0.15939,0.15965,0.15866,0.15869,1935419.0
2026-01-15 11:30:00,1768476600000,0.15869,0.15929,0.15813,0.15828,2486814.0
2026-01-15 11:45:00,1768477500000,0.15828,0.15855,0.15808,0.15838,1068123.0
2026-01-15 12:00:00,1768478400000,0.15838,0.15969,0.15816,0.15967,3544605.0
2026-01-15 12:15:00,1768479300000,0.15967,0.1603,0.15936,0.1598,1722418.0
2026-01-15 12:30:00,1768480200000,0.1598,0.16099,0.15966,0.16082,1720963.0
2026-01-15 12:45:00,1768481100000,0.16082,0.16155,0.16056,0.16087,3247833.0
2026-01-15 13:00:00,1768482000000,0.16087,0.16112,0.16037,0.16101,1385870.0
2026-01-15 13:15:00,1768482900000,0.16101,0.16296,0.16101,0.16198,4894701.0
2026-01-15 13:30:00,1768483800000,0.16198,0.16203,0.16055,0.16106,6083611.0
2026-01-15 13:45:00,1768484700000,0.16106,0.162,0.16106,0.16117,1008778.0
2026-01-15 14:00:00,1768485600000,0.16117,0.16181,0.16097,0.16124,619385.0
2026-01-15 14:15:00,1768486500000,0.16124,0.1613,0.15953,0.15969,3167491.0
2026-01-15 14:30:00,1768487400000,0.15969,0.16036,0.15752,0.15806,8687252.0
2026-01-15 14:45:00,1768488300000,0.15806,0.16026,0.15717,0.15879,8540336.0
2026-01-15 15:00:00,1768489200000,0.15879,0.15932,0.15798,0.15868,2252355.0
2026-01-15 15:15:00,1768490100000,0.15868,0.15906,0.15325,0.15401,11483546.0
2026-01-15 15:30:00,1768491000000,0.15401,0.15463,0.15,0.15123,13204652.0
2026-01-15 15:45:00,1768491900000,0.15123,0.1528,0.14919,0.15275,11338186.0
2026-01-15 16:00:00,1768492800000,0.15275,0.15312,0.15001,0.15067,6357969.0
2026-01-15 16:15:00,1768493700000,0.15067,0.15073,0.14822,0.14881,5540947.0
2026-01-15 16:30:00,1768494600000,0.14881,0.1508,0.1488,0.15062,3156486.0
2026-01-15 16:45:00,1768495500000,0.15062,0.15099,0.14991,0.15024,2838719.0
2026-01-15 17:00:00,1768496400000,0.15024,0.15108,0.14944,0.14966,4826227.0
2026-01-15 17:15:00,1768497300000,0.14966,0.15006,0.1492,0.15002,2281433.0
2026-01-15 17:30:00,1768498200000,0.15002,0.15041,0.14987,0.15013,1888822.0
2026-01-15 17:45:00,1768499100000,0.15013,0.15029,0.1472,0.14781,7103558.0
2026-01-15 18:00:00,1768500000000,0.14781,0.14793,0.14325,0.14501,26088004.0
2026-01-15 18:15:00,1768500900000,0.14501,0.14513,0.14391,0.14472,5093588.0
2026-01-15 18:30:00,1768501800000,0.14472,0.145,0.1424,0.14362,7972792.0
2026-01-15 18:45:00,1768502700000,0.14362,0.14371,0.14204,0.14246,4800935.0
2026-01-15 19:00:00,1768503600000,0.14246,0.14368,0.14141,0.14334,5741289.0
2026-01-15 19:15:00,1768504500000,0.14334,0.14384,0.14266,0.14306,2366260.0
2026-01-15 19:30:00,1768505400000,0.14306,0.14426,0.14267,0.14315,3878649.0
2026-01-15 19:45:00,1768506300000,0.14315,0.14417,0.1431,0.14404,1583659.0
2026-01-15 20:00:00,1768507200000,0.14404,0.14464,0.14363,0.1444,2173481.0
2026-01-15 20:15:00,1768508100000,0.1444,0.14448,0.14341,0.14353,1583086.0
2026-01-15 20:30:00,1768509000000,0.14353,0.14378,0.14224,0.14245,3893332.0
2026-01-15 20:45:00,1768509900000,0.14245,0.14271,0.14182,0.14254,2280011.0
2026-01-15 21:00:00,1768510800000,0.14254,0.14393,0.14242,0.14385,2703144.0
2026-01-15 21:15:00,1768511700000,0.14385,0.14459,0.14381,0.14458,1836627.0
2026-01-15 21:30:00,1768512600000,0.14458,0.14458,0.1438,0.14398,1294319.0
2026-01-15 21:45:00,1768513500000,0.14398,0.14441,0.14378,0.14424,900676.0
2026-01-15 22:00:00,1768514400000,0.14424,0.14498,0.14411,0.14463,1776592.0
2026-01-15 22:15:00,1768515300000,0.14463,0.14519,0.14431,0.14466,3445574.0
2026-01-15 22:30:00,1768516200000,0.14466,0.14497,0.14388,0.14388,2568671.0
2026-01-15 22:45:00,1768517100000,0.14388,0.14447,0.14244,0.14265,5759864.0
2026-01-15 23:00:00,1768518000000,0.14265,0.14319,0.1421,0.14291,2475402.0
2026-01-15 23:15:00,1768518900000,0.14291,0.14311,0.1422,0.14304,1883397.0
2026-01-15 23:30:00,1768519800000,0.14304,0.14312,0.14223,0.14258,3187687.0
2026-01-15 23:45:00,1768520700000,0.14258,0.14301,0.14232,0.14265,1750446.0
2026-01-16 00:00:00,1768521600000,0.14265,0.14372,0.14243,0.14359,2635983.0
2026-01-16 00:15:00,1768522500000,0.14359,0.14442,0.1435,0.14397,2640095.0
2026-01-16 00:30:00,1768523400000,0.14397,0.14443,0.14385,0.14435,2054546.0
2026-01-16 00:45:00,1768524300000,0.14435,0.14442,0.14361,0.14373,1565577.0
2026-01-16 01:00:00,1768525200000,0.14373,0.14417,0.1432,0.1435,1133998.0
2026-01-16 01:15:00,1768526100000,0.1435,0.14369,0.14284,0.1432,1603085.0
2026-01-16 01:30:00,1768527000000,0.1432,0.14371,0.14305,0.14316,1474903.0
2026-01-16 01:45:00,1768527900000,0.14316,0.14355,0.14303,0.14338,1079881.0
2026-01-16 02:00:00,1768528800000,0.14338,0.14353,0.14269,0.14282,2116311.0
2026-01-16 02:15:00,1768529700000,0.14282,0.14312,0.14221,0.14308,2574649.0
2026-01-16 02:30:00,1768530600000,0.14308,0.14343,0.14262,0.14288,1289969.0
2026-01-16 02:45:00,1768531500000,0.14288,0.14367,0.14287,0.14324,1607995.0
2026-01-16 03:00:00,1768532400000,0.14324,0.1437,0.14309,0.14329,2106199.0
2026-01-16 03:15:00,1768533300000,0.14329,0.14359,0.14304,0.14344,1531607.0
2026-01-16 03:30:00,1768534200000,0.14344,0.14347,0.14281,0.14286,1492927.0
2026-01-16 03:45:00,1768535100000,0.14286,0.14291,0.14226,0.14246,1767952.0
2026-01-16 04:00:00,1768536000000,0.14246,0.14294,0.14214,0.14278,1893932.0
2026-01-16 04:15:00,1768536900000,0.14278,0.14307,0.14233,0.14233,1795673.0
2026-01-16 04:30:00,1768537800000,0.14233,0.14268,0.14002,0.14113,11683785.0
2026-01-16 04:45:00,1768538700000,0.14113,0.14131,0.13965,0.14042,8490896.0
2026-01-16 05:00:00,1768539600000,0.14042,0.14102,0.13987,0.14032,8529692.0
2026-01-16 05:15:00,1768540500000,0.14032,0.14059,0.14015,0.14042,4094764.0
2026-01-16 05:30:00,1768541400000,0.14042,0.14148,0.14036,0.14128,4645308.0
2026-01-16 05:45:00,1768542300000,0.14128,0.14186,0.14124,0.14177,2528921.0
2026-01-16 06:00:00,1768543200000,0.14177,0.14185,0.14116,0.14147,2033825.0
2026-01-16 06:15:00,1768544100000,0.14147,0.14202,0.14147,0.14181,1449776.0
2026-01-16 06:30:00,1768545000000,0.14181,0.14253,0.14174,0.14241,1814341.0
2026-01-16 06:45:00,1768545900000,0.14241,0.1425,0.14164,0.14193,2414976.0
2026-01-16 07:00:00,1768546800000,0.14193,0.1421,0.14169,0.14199,1975262.0
2026-01-16 07:15:00,1768547700000,0.14199,0.1422,0.14186,0.14219,3530122.0
2026-01-16 07:30:00,1768548600000,0.14219,0.14226,0.14152,0.14167,2166254.0
2026-01-16 07:45:00,1768549500000,0.14167,0.14214,0.14166,0.14188,1015888.0
2026-01-16 08:00:00,1768550400000,0.14188,0.14286,0.14181,0.14248,1671582.0
2026-01-16 08:15:00,1768551300000,0.14248,0.1429,0.14222,0.14289,1827446.0
2026-01-16 08:30:00,1768552200000,0.14289,0.14334,0.14216,0.14324,3188255.0
2026-01-16 08:45:00,1768553100000,0.14324,0.14564,0.14304,0.14496,9612107.0
2026-01-16 09:00:00,1768554000000,0.14496,0.1453,0.14449,0.14514,2962251.0
2026-01-16 09:15:00,1768554900000,0.14514,0.14556,0.14458,0.14556,2045769.0
2026-01-16 09:30:00,1768555800000,0.14556,0.14731,0.14556,0.14718,6050888.0
2026-01-16 09:45:00,1768556700000,0.14718,0.14725,0.14583,0.14598,3321057.0
2026-01-16 10:00:00,1768557600000,0.14598,0.14643,0.14581,0.14619,2246431.0
2026-01-16 10:15:00,1768558500000,0.14619,0.14667,0.14591,0.14638,2615231.0
2026-01-16 10:30:00,1768559400000,0.14638,0.14687,0.14579,0.14597,1413847.0
2026-01-16 10:45:00,1768560300000,0.14597,0.14641,0.1455,0.14625,1753430.0
2026-01-16 11:00:00,1768561200000,0.14625,0.14636,0.14579,0.14582,978972.0
2026-01-16 11:15:00,1768562100000,0.14582,0.14656,0.14576,0.14634,1821292.0
2026-01-16 11:30:00,1768563000000,0.14634,0.14713,0.14627,0.14655,1402461.0
2026-01-16 11:45:00,1768563900000,0.14655,0.1472,0.1465,0.14715,1871937.0
2026-01-16 12:00:00,1768564800000,0.14715,0.14719,0.14622,0.14623,1645692.0
2026-01-16 12:15:00,1768565700000,0.14623,0.14646,0.14594,0.14604,1388316.0
2026-01-16 12:30:00,1768566600000,0.14604,0.14623,0.14468,0.14607,8549307.0
2026-01-16 12:45:00,1768567500000,0.14607,0.14686,0.14562,0.14621,3949460.0
2026-01-16 13:00:00,1768568400000,0.14621,0.14625,0.14498,0.14586,2780059.0
2026-01-16 13:15:00,1768569300000,0.14586,0.14595,0.14522,0.14535,880652.0
2026-01-16 13:30:00,1768570200000,0.14535,0.14575,0.14443,0.14559,2603592.0
2026-01-16 13:45:00,1768571100000,0.14559,0.1458,0.1451,0.14513,810313.0
2026-01-16 14:00:00,1768572000000,0.14513,0.14522,0.14404,0.14437,2621790.0
2026-01-16 14:15:00,1768572900000,0.14437,0.14568,0.1441,0.14565,1955635.0
2026-01-16 14:30:00,1768573800000,0.14565,0.14846,0.14552,0.14735,7654800.0
2026-01-16 14:45:00,1768574700000,0.14735,0.14786,0.14622,0.14648,3965655.0
2026-01-16 15:00:00,1768575600000,0.14648,0.14681,0.14421,0.14446,6098723.0
2026-01-16 15:15:00,1768576500000,0.14446,0.14467,0.14012,0.14044,16845038.0
2026-01-16 15:30:00,1768577400000,0.14044,0.14087,0.1372,0.13964,21178262.0
2026-01-16 15:45:00,1768578300000,0.13964,0.13976,0.13781,0.13935,8104976.0
2026-01-16 16:00:00,1768579200000,0.13935,0.1401,0.1389,0.13994,4226577.0
2026-01-16 16:15:00,1768580100000,0.13994,0.14181,0.13906,0.141,5356749.0
2026-01-16 16:30:00,1768581000000,0.141,0.14209,0.14018,0.14183,3439207.0
2026-01-16 16:45:00,1768581900000,0.14183,0.14222,0.14044,0.14085,1709380.0
2026-01-16 17:00:00,1768582800000,0.14085,0.14103,0.13983,0.14027,1817647.0
2026-01-16 17:15:00,1768583700000,0.14027,0.14093,0.13986,0.14062,2361830.0
2026-01-16 17:30:00,1768584600000,0.14062,0.14209,0.14062,0.14202,1352778.0
2026-01-16 17:45:00,1768585500000,0.14202,0.14216,0.14129,0.14201,1805335.0
2026-01-16 18:00:00,1768586400000,0.14201,0.14273,0.14201,0.1424,1653437.0
2026-01-16 18:15:00,1768587300000,0.1424,0.14281,0.14213,0.14259,1006746.0
2026-01-16 18:30:00,1768588200000,0.14259,0.14297,0.14251,0.14286,693698.0
2026-01-16 18:45:00,1768589100000,0.14286,0.14323,0.14239,0.14246,1430568.0
2026-01-16 19:00:00,1768590000000,0.14246,0.14249,0.14127,0.14139,1816718.0
2026-01-16 19:15:00,1768590900000,0.14139,0.142,0.14124,0.14142,2384537.0
2026-01-16 19:30:00,1768591800000,0.14142,0.14287,0.14142,0.14219,1519403.0
2026-01-16 19:45:00,1768592700000,0.14219,0.14268,0.14214,0.14237,439294.0
2026-01-16 20:00:00,1768593600000,0.14237,0.14239,0.14116,0.14225,2125476.0
2026-01-16 20:15:00,1768594500000,0.14225,0.14277,0.14188,0.14274,1136775.0
2026-01-16 20:30:00,1768595400000,0.14274,0.14389,0.14274,0.14381,1632178.0
2026-01-16 20:45:00,1768596300000,0.14381,0.14425,0.1438,0.14408,1071319.0
2026-01-16 21:00:00,1768597200000,0.14408,0.14476,0.14362,0.14367,1533995.0
2026-01-16 21:15:00,1768598100000,0.14367,0.14388,0.14327,0.14385,1430613.0
2026-01-16 21:30:00,1768599000000,0.14385,0.14408,0.14323,0.14371,673308.0
2026-01-16 21:45:00,1768599900000,0.14371,0.14387,0.14311,0.14313,726644.0
2026-01-16 22:00:00,1768600800000,0.14313,0.14335,0.14249,0.14296,1762267.0
2026-01-16 22:15:00,1768601700000,0.14296,0.14331,0.14272,0.14275,756464.0
2026-01-16 22:30:00,1768602600000,0.14275,0.14327,0.14203,0.14271,1403162.0
2026-01-16 22:45:00,1768603500000,0.14271,0.14299,0.14244,0.14295,654080.0
2026-01-16 23:00:00,1768604400000,0.14295,0.1436,0.14286,0.1435,1235013.0
2026-01-16 23:15:00,1768605300000,0.1435,0.1449,0.14333,0.14485,1970001.0
2026-01-16 23:30:00,1768606200000,0.14485,0.14498,0.14408,0.14417,1742092.0
2026-01-16 23:45:00,1768607100000,0.14417,0.14496,0.14417,0.14477,1016729.0
2026-01-17 00:00:00,1768608000000,0.14477,0.14481,0.14351,0.1437,2895300.0
2026-01-17 00:15:00,1768608900000,0.1437,0.14414,0.14353,0.14382,1262616.0
2026-01-17 00:30:00,1768609800000,0.14382,0.14392,0.14332,0.14353,2353443.0
2026-01-17 00:45:00,1768610700000,0.14353,0.14387,0.14328,0.14376,1039822.0
2026-01-17 01:00:00,1768611600000,0.14376,0.14422,0.14335,0.14351,1370847.0
2026-01-17 01:15:00,1768612500000,0.14351,0.14386,0.14341,0.14365,595593.0
2026-01-17 01:30:00,1768613400000,0.14365,0.14402,0.14346,0.14357,1480281.0
2026-01-17 01:45:00,1768614300000,0.14357,0.14417,0.14357,0.14368,826228.0
2026-01-17 02:00:00,1768615200000,0.14368,0.14386,0.143,0.14312,1294465.0
2026-01-17 02:15:00,1768616100000,0.14312,0.14343,0.14277,0.14316,969958.0
2026-01-17 02:30:00,1768617000000,0.14316,0.14328,0.14281,0.14307,781441.0
2026-01-17 02:45:00,1768617900000,0.14307,0.14342,0.14292,0.14325,934329.0
2026-01-17 03:00:00,1768618800000,0.14325,0.14344,0.143,0.1432,692054.0
2026-01-17 03:15:00,1768619700000,0.1432,0.14338,0.14287,0.14294,829530.0
2026-01-17 03:30:00,1768620600000,0.14294,0.14294,0.14209,0.14268,2011461.0
2026-01-17 03:45:00,1768621500000,0.14268,0.14281,0.14225,0.1425,1272651.0
2026-01-17 04:00:00,1768622400000,0.1425,0.14281,0.14183,0.14203,2566645.0
2026-01-17 04:15:00,1768623300000,0.14203,0.14241,0.14178,0.14239,1201375.0
2026-01-17 04:30:00,1768624200000,0.14239,0.1427,0.14212,0.14234,1299427.0
2026-01-17 04:45:00,1768625100000,0.14234,0.1427,0.14224,0.14235,1177197.0
2026-01-17 05:00:00,1768626000000,0.14235,0.14255,0.14226,0.14229,1413817.0
2026-01-17 05:15:00,1768626900000,0.14229,0.14254,0.14193,0.14237,1368269.0
2026-01-17 05:30:00,1768627800000,0.14237,0.14269,0.14193,0.14257,2595719.0
2026-01-17 05:45:00,1768628700000,0.14257,0.14288,0.1425,0.14256,1167754.0
2026-01-17 06:00:00,1768629600000,0.14256,0.14272,0.14208,0.14214,1564614.0
2026-01-17 06:15:00,1768630500000,0.14214,0.14239,0.14206,0.14218,1339097.0
2026-01-17 06:30:00,1768631400000,0.14218,0.14272,0.14218,0.14236,1024830.0
2026-01-17 06:45:00,1768632300000,0.14236,0.14297,0.14205,0.14279,1388588.0
2026-01-17 07:00:00,1768633200000,0.14279,0.14279,0.1422,0.14247,1223794.0
2026-01-17 07:15:00,1768634100000,0.14247,0.14368,0.14241,0.14351,1955853.0
2026-01-17 07:30:00,1768635000000,0.14351,0.1441,0.14316,0.14397,3233838.0
2026-01-17 07:45:00,1768635900000,0.14397,0.14417,0.14362,0.14371,1392382.0
2026-01-17 08:00:00,1768636800000,0.14371,0.14422,0.14356,0.14393,1464181.0
2026-01-17 08:15:00,1768637700000,0.14393,0.14455,0.14393,0.14429,1088456.0
2026-01-17 08:30:00,1768638600000,0.14429,0.14465,0.14399,0.14401,1066894.0
2026-01-17 08:45:00,1768639500000,0.14401,0.14458,0.14401,0.14455,1410653.0
2026-01-17 09:00:00,1768640400000,0.14455,0.14468,0.14373,0.14394,1365043.0
2026-01-17 09:15:00,1768641300000,0.14394,0.14419,0.14355,0.14399,707132.0
2026-01-17 09:30:00,1768642200000,0.14399,0.14463,0.14396,0.14446,739508.0
2026-01-17 09:45:00,1768643100000,0.14446,0.14446,0.14377,0.14377,594393.0
2026-01-17 10:00:00,1768644000000,0.14377,0.1439,0.14346,0.14365,437030.0
2026-01-17 10:15:00,1768644900000,0.14365,0.14403,0.14359,0.144,1137926.0
2026-01-17 10:30:00,1768645800000,0.144,0.14415,0.14349,0.14365,935618.0
2026-01-17 10:45:00,1768646700000,0.14365,0.14378,0.14315,0.1437,814817.0
2026-01-17 11:00:00,1768647600000,0.1437,0.1437,0.14238,0.14282,2322382.0
2026-01-17 11:15:00,1768648500000,0.14282,0.1431,0.14276,0.14308,537999.0
2026-01-17 11:30:00,1768649400000,0.14308,0.14311,0.14269,0.1427,426286.0
2026-01-17 11:45:00,1768650300000,0.1427,0.1429,0.14239,0.14274,842082.0
2026-01-17 12:00:00,1768651200000,0.14274,0.14339,0.14258,0.14332,1418302.0
2026-01-17 12:15:00,1768652100000,0.14332,0.14381,0.14292,0.14353,1790425.0
2026-01-17 12:30:00,1768653000000,0.14353,0.14354,0.14274,0.14282,916861.0
2026-01-17 12:45:00,1768653900000,0.14282,0.14306,0.14226,0.14306,1573712.0
2026-01-17 13:00:00,1768654800000,0.14306,0.14344,0.14283,0.14304,540935.0
2026-01-17 13:15:00,1768655700000,0.14304,0.14307,0.14257,0.14274,545198.0
2026-01-17 13:30:00,1768656600000,0.14274,0.14321,0.14272,0.14307,553397.0
2026-01-17 13:45:00,1768657500000,0.14307,0.14313,0.14256,0.14274,1007264.0
2026-01-17 14:00:00,1768658400000,0.14274,0.14274,0.14138,0.14232,3785173.0
2026-01-17 14:15:00,1768659300000,0.14232,0.14234,0.14197,0.14221,1142664.0
2026-01-17 14:30:00,1768660200000,0.14221,0.14402,0.14217,0.14268,3648955.0
2026-01-17 14:45:00,1768661100000,0.14268,0.14342,0.14254,0.14318,807071.0
2026-01-17 15:00:00,1768662000000,0.14318,0.14342,0.143,0.14315,1473378.0
2026-01-17 15:15:00,1768662900000,0.14315,0.14326,0.14246,0.14258,1484316.0
2026-01-17 15:30:00,1768663800000,0.14258,0.14358,0.14254,0.14325,894817.0
2026-01-17 15:45:00,1768664700000,0.14325,0.1436,0.14302,0.1435,1227517.0
2026-01-17 16:00:00,1768665600000,0.1435,0.14374,0.14303,0.14304,1150633.0
2026-01-17 16:15:00,1768666500000,0.14304,0.14305,0.14162,0.1423,2413865.0
2026-01-17 16:30:00,1768667400000,0.1423,0.14231,0.14029,0.14098,6463157.0
2026-01-17 16:45:00,1768668300000,0.14098,0.14149,0.14054,0.14132,1880195.0
2026-01-17 17:00:00,1768669200000,0.14132,0.14195,0.14101,0.14176,1083691.0
2026-01-17 17:15:00,1768670100000,0.14176,0.14231,0.14165,0.14222,1165205.0
2026-01-17 17:30:00,1768671000000,0.14222,0.14223,0.14089,0.14121,2493612.0
2026-01-17 17:45:00,1768671900000,0.14121,0.14129,0.14018,0.14087,2338197.0
2026-01-17 18:00:00,1768672800000,0.14087,0.14116,0.14055,0.14099,675205.0
2026-01-17 18:15:00,1768673700000,0.14099,0.14168,0.14099,0.14155,818658.0
2026-01-17 18:30:00,1768674600000,0.14155,0.14192,0.14155,0.14172,393030.0
2026-01-17 18:45:00,1768675500000,0.14172,0.14201,0.14164,0.14185,584888.0
2026-01-17 19:00:00,1768676400000,0.14185,0.14208,0.14167,0.14199,579764.0
2026-01-17 19:15:00,1768677300000,0.14199,0.14199,0.14154,0.1417,527448.0
2026-01-17 19:30:00,1768678200000,0.1417,0.1422,0.14135,0.14167,2302919.0
2026-01-17 19:45:00,1768679100000,0.14167,0.14186,0.14132,0.14184,522074.0
2026-01-17 20:00:00,1768680000000,0.14184,0.14229,0.14184,0.14187,458924.0
2026-01-17 20:15:00,1768680900000,0.14187,0.14212,0.14177,0.14177,888112.0
2026-01-17 20:30:00,1768681800000,0.14177,0.14187,0.14141,0.1416,424973.0
2026-01-17 20:45:00,1768682700000,0.1416,0.14204,0.1416,0.14188,395269.0
2026-01-17 21:00:00,1768683600000,0.14188,0.14191,0.14143,0.14147,483654.0
2026-01-17 21:15:00,1768684500000,0.14147,0.14215,0.14141,0.14194,477141.0
2026-01-17 21:30:00,1768685400000,0.14194,0.14194,0.14127,0.14135,558967.0
2026-01-17 21:45:00,1768686300000,0.14135,0.14152,0.14116,0.14151,536668.0
2026-01-17 22:00:00,1768687200000,0.14151,0.14151,0.14071,0.14087,936274.0
2026-01-17 22:15:00,1768688100000,0.14087,0.14106,0.14038,0.14074,1230348.0
2026-01-17 22:30:00,1768689000000,0.14074,0.14079,0.13972,0.14021,2803155.0
2026-01-17 22:45:00,1768689900000,0.14021,0.14022,0.13904,0.14011,2301382.0
2026-01-17 23:00:00,1768690800000,0.14011,0.14073,0.13975,0.1406,1471252.0
2026-01-17 23:15:00,1768691700000,0.1406,0.14075,0.1399,0.14008,889409.0
2026-01-17 23:30:00,1768692600000,0.14008,0.14069,0.14004,0.14046,874789.0
2026-01-17 23:45:00,1768693500000,0.14046,0.14062,0.14014,0.14039,1070805.0
2026-01-18 00:00:00,1768694400000,0.14039,0.14102,0.13962,0.14072,2943772.0
2026-01-18 00:15:00,1768695300000,0.14072,0.14134,0.14062,0.14106,1695425.0
2026-01-18 00:30:00,1768696200000,0.14106,0.14142,0.13969,0.14006,2939759.0
2026-01-18 00:45:00,1768697100000,0.14006,0.14033,0.1394,0.13974,3363306.0
2026-01-18 01:00:00,1768698000000,0.13974,0.14002,0.13816,0.13891,5153056.0
2026-01-18 01:15:00,1768698900000,0.13891,0.13948,0.13866,0.13887,1596345.0
2026-01-18 01:30:00,1768699800000,0.13887,0.13903,0.13843,0.13852,1482265.0
2026-01-18 01:45:00,1768700700000,0.13852,0.13897,0.13836,0.13897,1737541.0
2026-01-18 02:00:00,1768701600000,0.13897,0.13977,0.13896,0.13938,2327613.0
2026-01-18 02:15:00,1768702500000,0.13938,0.13953,0.13901,0.13916,1128425.0
2026-01-18 02:30:00,1768703400000,0.13916,0.13917,0.13807,0.13834,2195315.0
2026-01-18 02:45:00,1768704300000,0.13834,0.13869,0.13832,0.13843,1172267.0
2026-01-18 03:00:00,1768705200000,0.13843,0.13877,0.13833,0.13877,998280.0
2026-01-18 03:15:00,1768706100000,0.13877,0.13899,0.13838,0.1388,2090847.0
2026-01-18 03:30:00,1768707000000,0.1388,0.13916,0.1387,0.13895,1218784.0
2026-01-18 03:45:00,1768707900000,0.13895,0.1392,0.13854,0.13859,973658.0
2026-01-18 04:00:00,1768708800000,0.13859,0.13883,0.13821,0.1384,1707546.0
2026-01-18 04:15:00,1768709700000,0.1384,0.13872,0.1382,0.13856,1217226.0
2026-01-18 04:30:00,1768710600000,0.13856,0.13865,0.13816,0.1386,900533.0
2026-01-18 04:45:00,1768711500000,0.1386,0.13918,0.13848,0.13903,1025778.0
2026-01-18 05:00:00,1768712400000,0.13903,0.13913,0.13856,0.13911,1039413.0
2026-01-18 05:15:00,1768713300000,0.13911,0.13945,0.13901,0.13926,1668950.0
2026-01-18 05:30:00,1768714200000,0.13926,0.1395,0.13902,0.13934,1382194.0
2026-01-18 05:45:00,1768715100000,0.13934,0.13964,0.13908,0.13924,1220010.0
2026-01-18 06:00:00,1768716000000,0.13924,0.13976,0.13909,0.13965,1324071.0
2026-01-18 06:15:00,1768716900000,0.13965,0.13966,0.13923,0.13939,1403028.0
2026-01-18 06:30:00,1768717800000,0.13939,0.13981,0.13914,0.13938,859114.0
2026-01-18 06:45:00,1768718700000,0.13938,0.13968,0.13925,0.13935,1278728.0
2026-01-18 07:00:00,1768719600000,0.13935,0.13942,0.13832,0.13849,2208699.0
2026-01-18 07:15:00,1768720500000,0.13849,0.13918,0.13846,0.13911,1392762.0
2026-01-18 07:30:00,1768721400000,0.13911,0.13916,0.13834,0.13892,2536537.0
2026-01-18 07:45:00,1768722300000,0.13892,0.13897,0.13856,0.1387,1044598.0
2026-01-18 08:00:00,1768723200000,0.1387,0.13897,0.13837,0.13881,2223798.0
2026-01-18 08:15:00,1768724100000,0.13881,0.13926,0.13865,0.13911,1970082.0
2026-01-18 08:30:00,1768725000000,0.13911,0.13974,0.13899,0.13938,2105666.0
2026-01-18 08:45:00,1768725900000,0.13938,0.13993,0.1393,0.13959,1093466.0
2026-01-18 09:00:00,1768726800000,0.13959,0.14,0.13944,0.13971,1820240.0
2026-01-18 09:15:00,1768727700000,0.13971,0.14069,0.13963,0.14062,2979718.0
2026-01-18 09:30:00,1768728600000,0.14062,0.14134,0.14057,0.1407,3634622.0
2026-01-18 09:45:00,1768729500000,0.1407,0.1419,0.13984,0.14,4938403.0
2026-01-18 10:00:00,1768730400000,0.14,0.14033,0.13932,0.13975,1665148.0
2026-01-18 10:15:00,1768731300000,0.13975,0.13998,0.13964,0.13993,746517.0
2026-01-18 10:30:00,1768732200000,0.13993,0.14016,0.13971,0.14006,883995.0
2026-01-18 10:45:00,1768733100000,0.14006,0.14078,0.14002,0.1406,855135.0
2026-01-18 11:00:00,1768734000000,0.1406,0.14112,0.14031,0.14109,922903.0
2026-01-18 11:15:00,1768734900000,0.14109,0.14138,0.14097,0.14097,786261.0
2026-01-18 11:30:00,1768735800000,0.14097,0.14159,0.14077,0.14132,1076413.0
2026-01-18 11:45:00,1768736700000,0.14132,0.14135,0.14031,0.1405,1121875.0
2026-01-18 12:00:00,1768737600000,0.1405,0.14058,0.14011,0.14054,794323.0
2026-01-18 12:15:00,1768738500000,0.14054,0.14071,0.14028,0.14068,523258.0
2026-01-18 12:30:00,1768739400000,0.14068,0.1415,0.14053,0.14118,1687398.0
2026-01-18 12:45:00,1768740300000,0.14118,0.14129,0.14002,0.14018,1772292.0
2026-01-18 13:00:00,1768741200000,0.14018,0.14085,0.13988,0.14018,2316394.0
2026-01-18 13:15:00,1768742100000,0.14018,0.14037,0.13928,0.13974,2187682.0
2026-01-18 13:30:00,1768743000000,0.13974,0.14098,0.13917,0.14066,2469955.0
2026-01-18 13:45:00,1768743900000,0.14066,0.14108,0.14009,0.14009,1235371.0
2026-01-18 14:00:00,1768744800000,0.14009,0.14069,0.13967,0.14066,1297341.0
2026-01-18 14:15:00,1768745700000,0.14066,0.14159,0.14046,0.14054,2092124.0
2026-01-18 14:30:00,1768746600000,0.14054,0.14088,0.13974,0.13975,1226429.0
2026-01-18 14:45:00,1768747500000,0.13975,0.13992,0.13828,0.1385,4033422.0
2026-01-18 15:00:00,1768748400000,0.1385,0.13911,0.1381,0.13898,2372714.0
2026-01-18 15:15:00,1768749300000,0.13898,0.13986,0.1389,0.1397,727610.0
2026-01-18 15:30:00,1768750200000,0.1397,0.1397,0.139,0.13931,877465.0
2026-01-18 15:45:00,1768751100000,0.13931,0.13944,0.13871,0.13922,1244574.0
2026-01-18 16:00:00,1768752000000,0.13922,0.13973,0.13869,0.13939,700151.0
2026-01-18 16:15:00,1768752900000,0.13939,0.13976,0.13907,0.13917,533542.0
2026-01-18 16:30:00,1768753800000,0.13917,0.13974,0.13914,0.13969,597517.0
2026-01-18 16:45:00,1768754700000,0.13969,0.1397,0.1388,0.13892,546044.0
2026-01-18 17:00:00,1768755600000,0.13892,0.13943,0.13868,0.13873,705696.0
2026-01-18 17:15:00,1768756500000,0.13873,0.13962,0.13872,0.13944,371790.0
2026-01-18 17:30:00,1768757400000,0.13944,0.13966,0.13893,0.13913,703861.0
2026-01-18 17:45:00,1768758300000,0.13913,0.13998,0.13913,0.13983,767709.0
2026-01-18 18:00:00,1768759200000,0.13983,0.14029,0.13981,0.14028,1003368.0
2026-01-18 18:15:00,1768760100000,0.14028,0.14107,0.14005,0.141,916882.0
2026-01-18 18:30:00,1768761000000,0.141,0.14186,0.14095,0.14117,1639108.0
2026-01-18 18:45:00,1768761900000,0.14117,0.14168,0.14114,0.14128,1075363.0
2026-01-18 19:00:00,1768762800000,0.14128,0.1421,0.14089,0.14097,1500535.0
2026-01-18 19:15:00,1768763700000,0.14097,0.14148,0.14057,0.14103,1274251.0
2026-01-18 19:30:00,1768764600000,0.14103,0.14106,0.14036,0.14049,1314065.0
2026-01-18 19:45:00,1768765500000,0.14049,0.14049,0.13936,0.13981,1106817.0
2026-01-18 20:00:00,1768766400000,0.13981,0.13984,0.13898,0.13928,995638.0
2026-01-18 20:15:00,1768767300000,0.13928,0.14066,0.13928,0.14063,738068.0
2026-01-18 20:30:00,1768768200000,0.14063,0.14076,0.13959,0.13982,897790.0
2026-01-18 20:45:00,1768769100000,0.13982,0.14002,0.13976,0.14,384928.0
2026-01-18 21:00:00,1768770000000,0.14,0.14037,0.1391,0.13949,2090943.0
2026-01-18 21:15:00,1768770900000,0.13949,0.13975,0.13917,0.13932,1793325.0
2026-01-18 21:30:00,1768771800000,0.13932,0.13952,0.13918,0.13927,1008074.0
2026-01-18 21:45:00,1768772700000,0.13927,0.13959,0.13887,0.13932,999563.0
2026-01-18 22:00:00,1768773600000,0.13932,0.1408,0.13928,0.14047,1326854.0
2026-01-18 22:15:00,1768774500000,0.14047,0.14059,0.14004,0.1402,629766.0
2026-01-18 22:30:00,1768775400000,0.1402,0.1406,0.14005,0.14026,426768.0
2026-01-18 22:45:00,1768776300000,0.14026,0.14067,0.14011,0.14045,858672.0
2026-01-18 23:00:00,1768777200000,0.14045,0.14045,0.13721,0.13806,8158625.0
2026-01-18 23:15:00,1768778100000,0.13806,0.13852,0.13447,0.1349,13442103.0
2026-01-18 23:30:00,1768779000000,0.1349,0.13627,0.13444,0.13538,4761034.0
2026-01-18 23:45:00,1768779900000,0.13538,0.13538,0.13013,0.13146,25641353.0
2026-01-19 00:00:00,1768780800000,0.13146,0.13167,0.11178,0.12361,110070587.0
2026-01-19 00:15:00,1768781700000,0.12361,0.1252,0.12268,0.12324,17633473.0
2026-01-19 00:30:00,1768782600000,0.12324,0.12422,0.1221,0.12413,10476174.0
2026-01-19 00:45:00,1768783500000,0.12413,0.12488,0.12368,0.12416,6301825.0
2026-01-19 01:00:00,1768784400000,0.12416,0.12545,0.12368,0.1253,6090612.0
2026-01-19 01:15:00,1768785300000,0.1253,0.12577,0.12482,0.12532,5330512.0
2026-01-19 01:30:00,1768786200000,0.12532,0.12659,0.12525,0.12622,3460596.0
2026-01-19 01:45:00,1768787100000,0.12622,0.12673,0.12595,0.12653,3925171.0
2026-01-19 02:00:00,1768788000000,0.12653,0.12718,0.12617,0.12649,2914093.0
2026-01-19 02:15:00,1768788900000,0.12649,0.12756,0.12643,0.12717,4340638.0
2026-01-19 02:30:00,1768789800000,0.12717,0.12783,0.12689,0.12751,3236056.0
2026-01-19 02:45:00,1768790700000,0.12751,0.12781,0.12695,0.12727,1980043.0
2026-01-19 03:00:00,1768791600000,0.12727,0.12736,0.12682,0.12718,2056779.0
2026-01-19 03:15:00,1768792500000,0.12718,0.1276,0.12673,0.12744,2626112.0
2026-01-19 03:30:00,1768793400000,0.12744,0.12764,0.12702,0.12719,2081228.0
2026-01-19 03:45:00,1768794300000,0.12719,0.12772,0.12716,0.12746,1578527.0
2026-01-19 04:00:00,1768795200000,0.12746,0.12822,0.12715,0.12794,2182016.0
2026-01-19 04:15:00,1768796100000,0.12794,0.128,0.12718,0.12755,1487306.0
2026-01-19 04:30:00,1768797000000,0.12755,0.12768,0.12699,0.12704,1375792.0
2026-01-19 04:45:00,1768797900000,0.12704,0.12704,0.12618,0.12624,2548522.0
2026-01-19 05:00:00,1768798800000,0.12624,0.12668,0.12593,0.12609,1914603.0
2026-01-19 05:15:00,1768799700000,0.12609,0.12628,0.12582,0.1261,2542363.0
2026-01-19 05:30:00,1768800600000,0.1261,0.12706,0.12606,0.12676,4485640.0
2026-01-19 05:45:00,1768801500000,0.12676,0.12726,0.1265,0.12688,1503307.0
2026-01-19 06:00:00,1768802400000,0.12688,0.12698,0.12653,0.12673,1957158.0
2026-01-19 06:15:00,1768803300000,0.12673,0.12673,0.12616,0.12641,1606615.0
2026-01-19 06:30:00,1768804200000,0.12641,0.12674,0.12602,0.12635,2149316.0
2026-01-19 06:45:00,1768805100000,0.12635,0.12675,0.12634,0.12657,1438698.0
2026-01-19 07:00:00,1768806000000,0.12657,0.12702,0.12657,0.12701,1136938.0
2026-01-19 07:15:00,1768806900000,0.12701,0.12771,0.12701,0.12753,1804947.0
2026-01-19 07:30:00,1768807800000,0.12753,0.12836,0.12736,0.128,2084646.0
2026-01-19 07:45:00,1768808700000,0.128,0.12987,0.12797,0.12942,6324878.0
2026-01-19 08:00:00,1768809600000,0.12942,0.12989,0.12894,0.12974,3229415.0
2026-01-19 08:15:00,1768810500000,0.12974,0.13178,0.12966,0.13078,5507274.0
2026-01-19 08:30:00,1768811400000,0.13078,0.13141,0.13031,0.13107,3107476.0
2026-01-19 08:45:00,1768812300000,0.13107,0.13149,0.13048,0.13063,2048513.0
2026-01-19 09:00:00,1768813200000,0.13063,0.1307,0.12861,0.12864,7347572.0
2026-01-19 09:15:00,1768814100000,0.12864,0.12917,0.12864,0.12891,2462439.0
2026-01-19 09:30:00,1768815000000,0.12891,0.12908,0.12868,0.12904,1835772.0
2026-01-19 09:45:00,1768815900000,0.12904,0.12912,0.12852,0.12905,1187849.0
2026-01-19 10:00:00,1768816800000,0.12905,0.12933,0.12868,0.12929,2344944.0
2026-01-19 10:15:00,1768817700000,0.12929,0.12938,0.12868,0.12869,1567969.0
2026-01-19 10:30:00,1768818600000,0.12869,0.12915,0.12848,0.12906,1297122.0
2026-01-19 10:45:00,1768819500000,0.12906,0.1291,0.12839,0.12873,1692788.0
2026-01-19 11:00:00,1768820400000,0.12873,0.12891,0.12865,0.12888,796363.0
2026-01-19 11:15:00,1768821300000,0.12888,0.12892,0.1285,0.12863,1166955.0
2026-01-19 11:30:00,1768822200000,0.12863,0.12933,0.12824,0.12906,1992935.0
2026-01-19 11:45:00,1768823100000,0.12906,0.12916,0.12869,0.12889,1290298.0
2026-01-19 12:00:00,1768824000000,0.12889,0.12889,0.12821,0.12855,1341514.0
2026-01-19 12:15:00,1768824900000,0.12855,0.12883,0.12832,0.12844,828033.0
2026-01-19 12:30:00,1768825800000,0.12844,0.12915,0.12844,0.12896,1112145.0
2026-01-19 12:45:00,1768826700000,0.12896,0.12905,0.12851,0.12869,1058525.0
2026-01-19 13:00:00,1768827600000,0.12869,0.12901,0.12834,0.12893,1001530.0
2026-01-19 13:15:00,1768828500000,0.12893,0.12898,0.12837,0.12853,797029.0
2026-01-19 13:30:00,1768829400000,0.12853,0.12883,0.1281,0.1288,1114704.0
2026-01-19 13:45:00,1768830300000,0.1288,0.12902,0.12838,0.12853,960707.0
2026-01-19 14:00:00,1768831200000,0.12853,0.12978,0.12853,0.12961,1679924.0
2026-01-19 14:15:00,1768832100000,0.12961,0.13069,0.12958,0.13013,2196045.0
2026-01-19 14:30:00,1768833000000,0.13013,0.13054,0.12967,0.13021,1398207.0
2026-01-19 14:45:00,1768833900000,0.13021,0.13042,0.1299,0.13008,941027.0
2026-01-19 15:00:00,1768834800000,0.13008,0.13064,0.12981,0.13063,1265483.0
2026-01-19 15:15:00,1768835700000,0.13063,0.13064,0.13001,0.13064,989194.0
2026-01-19 15:30:00,1768836600000,0.13064,0.13076,0.13017,0.13056,1669913.0
2026-01-19 15:45:00,1768837500000,0.13056,0.13152,0.13053,0.13148,1702877.0
2026-01-19 16:00:00,1768838400000,0.13148,0.13277,0.13103,0.13269,2967193.0
2026-01-19 16:15:00,1768839300000,0.13269,0.13427,0.13233,0.13412,5273567.0
2026-01-19 16:30:00,1768840200000,0.13412,0.13414,0.13295,0.13344,3237193.0
2026-01-19 16:45:00,1768841100000,0.13344,0.13465,0.13305,0.13444,2532695.0
2026-01-19 17:00:00,1768842000000,0.13444,0.13529,0.13399,0.13526,3304740.0
2026-01-19 17:15:00,1768842900000,0.13526,0.13598,0.13491,0.1354,3773436.0
2026-01-19 17:30:00,1768843800000,0.1354,0.13591,0.13495,0.1359,2575000.0
2026-01-19 17:45:00,1768844700000,0.1359,0.13632,0.13521,0.13581,3671161.0
2026-01-19 18:00:00,1768845600000,0.13581,0.1361,0.13494,0.13569,3031714.0
2026-01-19 18:15:00,1768846500000,0.13569,0.13597,0.13467,0.13487,1721938.0
2026-01-19 18:30:00,1768847400000,0.13487,0.13567,0.13479,0.13537,1395709.0
2026-01-19 18:45:00,1768848300000,0.13537,0.13593,0.13501,0.13545,1302853.0
2026-01-19 19:00:00,1768849200000,0.13545,0.13572,0.13461,0.13505,1791297.0
2026-01-19 19:15:00,1768850100000,0.13505,0.13573,0.13488,0.13502,1556701.0
2026-01-19 19:30:00,1768851000000,0.13502,0.13554,0.13478,0.13512,879612.0
2026-01-19 19:45:00,1768851900000,0.13512,0.13531,0.13488,0.1353,937779.0
2026-01-19 20:00:00,1768852800000,0.1353,0.13634,0.13527,0.13571,2481612.0
2026-01-19 20:15:00,1768853700000,0.13571,0.13599,0.13551,0.1358,765943.0
2026-01-19 20:30:00,1768854600000,0.1358,0.13586,0.13532,0.13535,810196.0
2026-01-19 20:45:00,1768855500000,0.13535,0.13535,0.1347,0.13497,2220354.0
2026-01-19 21:00:00,1768856400000,0.13497,0.13525,0.13419,0.13425,1496316.0
2026-01-19 21:15:00,1768857300000,0.13425,0.13435,0.13348,0.13369,1944166.0
2026-01-19 21:30:00,1768858200000,0.13369,0.13397,0.13354,0.13384,1827696.0
2026-01-19 21:45:00,1768859100000,0.13384,0.13397,0.13343,0.13359,822672.0
2026-01-19 22:00:00,1768860000000,0.13359,0.13398,0.13234,0.13278,3284698.0
2026-01-19 22:15:00,1768860900000,0.13278,0.13305,0.13251,0.13298,1160692.0
2026-01-19 22:30:00,1768861800000,0.13298,0.13311,0.13148,0.13172,3383013.0
2026-01-19 22:45:00,1768862700000,0.13172,0.13262,0.13163,0.13214,1123541.0
2026-01-19 23:00:00,1768863600000,0.13214,0.13366,0.13214,0.1332,3369684.0
2026-01-19 23:15:00,1768864500000,0.1332,0.1339,0.1321,0.13386,4211914.0
2026-01-19 23:30:00,1768865400000,0.13386,0.13492,0.13363,0.13427,3993680.0
2026-01-19 23:45:00,1768866300000,0.13427,0.13427,0.1336,0.13374,1038491.0
2026-01-20 00:00:00,1768867200000,0.13374,0.13381,0.13301,0.13334,1916123.0
2026-01-20 00:15:00,1768868100000,0.13334,0.13338,0.13285,0.13318,1762304.0
2026-01-20 00:30:00,1768869000000,0.13318,0.13368,0.13311,0.13312,1456729.0
2026-01-20 00:45:00,1768869900000,0.13312,0.13316,0.13261,0.13274,975232.0
2026-01-20 01:00:00,1768870800000,0.13274,0.13299,0.13214,0.13277,1644986.0
2026-01-20 01:15:00,1768871700000,0.13277,0.13331,0.13268,0.13319,1287831.0
2026-01-20 01:30:00,1768872600000,0.13319,0.1332,0.1324,0.13245,879570.0
2026-01-20 01:45:00,1768873500000,0.13245,0.13351,0.13244,0.13321,1414419.0
2026-01-20 02:00:00,1768874400000,0.13321,0.13326,0.13213,0.13214,1280264.0
2026-01-20 02:15:00,1768875300000,0.13214,0.13214,0.131,0.13119,3843739.0
2026-01-20 02:30:00,1768876200000,0.13119,0.13172,0.13081,0.13141,3678616.0
2026-01-20 02:45:00,1768877100000,0.13141,0.13189,0.13126,0.13162,2263544.0
2026-01-20 03:00:00,1768878000000,0.13162,0.13195,0.13142,0.1316,1313552.0
2026-01-20 03:15:00,1768878900000,0.1316,0.13187,0.13109,0.13118,1169134.0
2026-01-20 03:30:00,1768879800000,0.13118,0.13122,0.1303,0.131,2935398.0
2026-01-20 03:45:00,1768880700000,0.131,0.1312,0.13052,0.13087,1132473.0
2026-01-20 04:00:00,1768881600000,0.13087,0.13114,0.13053,0.13069,966195.0
2026-01-20 04:15:00,1768882500000,0.13069,0.13095,0.13038,0.13095,1063182.0
2026-01-20 04:30:00,1768883400000,0.13095,0.13138,0.12665,0.12669,10990405.0
2026-01-20 04:45:00,1768884300000,0.12669,0.12828,0.12636,0.12807,4789571.0
2026-01-20 05:00:00,1768885200000,0.12807,0.12951,0.12755,0.1287,4983284.0
2026-01-20 05:15:00,1768886100000,0.1287,0.12884,0.12803,0.12831,2407816.0
2026-01-20 05:30:00,1768887000000,0.12831,0.12861,0.12796,0.12809,1022545.0
2026-01-20 05:45:00,1768887900000,0.12809,0.12903,0.12777,0.12861,2879844.0
2026-01-20 06:00:00,1768888800000,0.12861,0.12872,0.12807,0.12823,1240957.0
2026-01-20 06:15:00,1768889700000,0.12823,0.12879,0.12721,0.12876,3979576.0
2026-01-20 06:30:00,1768890600000,0.12876,0.12876,0.12772,0.12821,1920626.0
2026-01-20 06:45:00,1768891500000,0.12821,0.12821,0.12753,0.12793,1300164.0
2026-01-20 07:00:00,1768892400000,0.12793,0.12798,0.12741,0.12785,1865687.0
2026-01-20 07:15:00,1768893300000,0.12785,0.12788,0.12712,0.12739,1909210.0
2026-01-20 07:30:00,1768894200000,0.12739,0.12746,0.12683,0.12721,2191287.0
2026-01-20 07:45:00,1768895100000,0.12721,0.12721,0.12634,0.12645,2217119.0
2026-01-20 08:00:00,1768896000000,0.12645,0.12666,0.12491,0.12572,5527668.0
2026-01-20 08:15:00,1768896900000,0.12572,0.12643,0.12559,0.12612,1630617.0
2026-01-20 08:30:00,1768897800000,0.12612,0.12612,0.12444,0.12507,4598938.0
2026-01-20 08:45:00,1768898700000,0.12507,0.12592,0.12493,0.12584,2625980.0
2026-01-20 09:00:00,1768899600000,0.12584,0.12587,0.12551,0.12585,1416221.0
2026-01-20 09:15:00,1768900500000,0.12585,0.1265,0.12562,0.12602,1940832.0
2026-01-20 09:30:00,1768901400000,0.12602,0.12608,0.12551,0.12586,953208.0
2026-01-20 09:45:00,1768902300000,0.12586,0.12652,0.12577,0.1265,1428897.0
2026-01-20 10:00:00,1768903200000,0.1265,0.12686,0.12635,0.12686,1023992.0
2026-01-20 10:15:00,1768904100000,0.12686,0.12686,0.12647,0.1268,1216741.0
2026-01-20 10:30:00,1768905000000,0.1268,0.12685,0.1264,0.12649,822490.0
2026-01-20 10:45:00,1768905900000,0.12649,0.12674,0.12584,0.12629,2655077.0
2026-01-20 11:00:00,1768906800000,0.12629,0.12746,0.12624,0.12702,3235816.0
2026-01-20 11:15:00,1768907700000,0.12702,0.12726,0.12611,0.12645,2554960.0
2026-01-20 11:30:00,1768908600000,0.12645,0.12645,0.12518,0.12562,2990295.0
2026-01-20 11:45:00,1768909500000,0.12562,0.1257,0.12492,0.12506,3519132.0
2026-01-20 12:00:00,1768910400000,0.12506,0.1258,0.1248,0.12568,2488334.0
2026-01-20 12:15:00,1768911300000,0.12568,0.12622,0.12524,0.1262,1851147.0
2026-01-20 12:30:00,1768912200000,0.1262,0.12628,0.12578,0.12589,2038408.0
2026-01-20 12:45:00,1768913100000,0.12589,0.12607,0.12487,0.12512,3487652.0
2026-01-20 13:00:00,1768914000000,0.12512,0.12555,0.12327,0.12347,6632591.0
2026-01-20 13:15:00,1768914900000,0.12347,0.12411,0.12338,0.12372,3277683.0
2026-01-20 13:30:00,1768915800000,0.12372,0.12449,0.12347,0.12428,2262280.0
2026-01-20 13:45:00,1768916700000,0.12428,0.12428,0.12313,0.12318,2236501.0
2026-01-20 14:00:00,1768917600000,0.12318,0.1238,0.12318,0.12345,1976760.0
2026-01-20 14:15:00,1768918500000,0.12345,0.1237,0.12258,0.12347,3999248.0
2026-01-20 14:30:00,1768919400000,0.12347,0.12595,0.12318,0.12577,6737475.0
2026-01-20 14:45:00,1768920300000,0.12577,0.12643,0.1247,0.12558,4300539.0
2026-01-20 15:00:00,1768921200000,0.12558,0.12571,0.12369,0.12511,5693050.0
2026-01-20 15:15:00,1768922100000,0.12511,0.12569,0.12454,0.12477,2647269.0
2026-01-20 15:30:00,1768923000000,0.12477,0.1252,0.12417,0.12431,2504301.0
2026-01-20 15:45:00,1768923900000,0.12431,0.12473,0.12357,0.12467,2939352.0
2026-01-20 16:00:00,1768924800000,0.12467,0.12531,0.12452,0.12529,2627522.0
2026-01-20 16:15:00,1768925700000,0.12529,0.12552,0.1241,0.12425,1576025.0
2026-01-20 16:30:00,1768926600000,0.12425,0.12436,0.12304,0.12311,2380911.0
2026-01-20 16:45:00,1768927500000,0.12311,0.12347,0.12245,0.1233,3010228.0
2026-01-20 17:00:00,1768928400000,0.1233,0.12441,0.12265,0.12385,2134161.0
2026-01-20 17:15:00,1768929300000,0.12385,0.12402,0.1229,0.12308,1045862.0
2026-01-20 17:30:00,1768930200000,0.12308,0.12328,0.12209,0.12226,2416198.0
2026-01-20 17:45:00,1768931100000,0.12226,0.12317,0.12118,0.12273,5408561.0
2026-01-20 18:00:00,1768932000000,0.12273,0.12319,0.12256,0.12279,1315034.0
2026-01-20 18:15:00,1768932900000,0.12279,0.12293,0.12202,0.12229,1512695.0
2026-01-20 18:30:00,1768933800000,0.12229,0.12264,0.12179,0.122,1555015.0
2026-01-20 18:45:00,1768934700000,0.122,0.12239,0.12135,0.12226,2356075.0
2026-01-20 19:00:00,1768935600000,0.12226,0.12328,0.12209,0.12261,2864536.0
2026-01-20 19:15:00,1768936500000,0.12261,0.12293,0.1221,0.12223,1508113.0
2026-01-20 19:30:00,1768937400000,0.12223,0.12251,0.12182,0.1223,2051676.0
2026-01-20 19:45:00,1768938300000,0.1223,0.12292,0.12219,0.1227,1521841.0
2026-01-20 20:00:00,1768939200000,0.1227,0.12304,0.12231,0.12278,1369124.0
2026-01-20 20:15:00,1768940100000,0.12278,0.12404,0.12277,0.12384,2031465.0
2026-01-20 20:30:00,1768941000000,0.12384,0.124,0.12325,0.12333,1323698.0
2026-01-20 20:45:00,1768941900000,0.12333,0.12371,0.12317,0.12344,1724368.0
2026-01-20 21:00:00,1768942800000,0.12344,0.12355,0.12307,0.12311,1412568.0
2026-01-20 21:15:00,1768943700000,0.12311,0.12311,0.12241,0.12253,1176657.0
2026-01-20 21:30:00,1768944600000,0.12253,0.12253,0.12182,0.1222,1746554.0
2026-01-20 21:45:00,1768945500000,0.1222,0.12223,0.12177,0.12196,988818.0
2026-01-20 22:00:00,1768946400000,0.12196,0.12242,0.12187,0.12233,1561605.0
2026-01-20 22:15:00,1768947300000,0.12233,0.12237,0.12155,0.12185,967370.0
2026-01-20 22:30:00,1768948200000,0.12185,0.12203,0.1182,0.12167,17138226.0
2026-01-20 22:45:00,1768949100000,0.12167,0.12202,0.12139,0.12139,1790054.0
2026-01-20 23:00:00,1768950000000,0.12139,0.1214,0.12058,0.12113,3085508.0
2026-01-20 23:15:00,1768950900000,0.12113,0.1212,0.12004,0.12029,4056060.0
2026-01-20 23:30:00,1768951800000,0.12029,0.12099,0.12026,0.12057,2303268.0
2026-01-20 23:45:00,1768952700000,0.12057,0.12072,0.12042,0.12053,966534.0
2026-01-21 00:00:00,1768953600000,0.12053,0.1213,0.12047,0.12106,3106692.0
2026-01-21 00:15:00,1768954500000,0.12106,0.12165,0.12073,0.12164,1733123.0
2026-01-21 00:30:00,1768955400000,0.12164,0.12271,0.12142,0.12261,2736480.0
2026-01-21 00:45:00,1768956300000,0.12261,0.12351,0.12247,0.12306,2963987.0
2026-01-21 01:00:00,1768957200000,0.12306,0.12422,0.12295,0.12422,2276847.0
2026-01-21 01:15:00,1768958100000,0.12422,0.12434,0.12354,0.12379,1179258.0
2026-01-21 01:30:00,1768959000000,0.12379,0.12413,0.12357,0.12367,2937974.0
2026-01-21 01:45:00,1768959900000,0.12367,0.12377,0.12319,0.12338,1394718.0
2026-01-21 02:00:00,1768960800000,0.12338,0.12417,0.12338,0.12386,1088239.0
2026-01-21 02:15:00,1768961700000,0.12386,0.12399,0.12345,0.12358,867544.0
2026-01-21 02:30:00,1768962600000,0.12358,0.1236,0.12304,0.1233,1106636.0
2026-01-21 02:45:00,1768963500000,0.1233,0.1233,0.12269,0.12316,1342803.0
2026-01-21 03:00:00,1768964400000,0.12316,0.12358,0.12312,0.12348,964659.0
2026-01-21 03:15:00,1768965300000,0.12348,0.12455,0.12321,0.12425,3237285.0
2026-01-21 03:30:00,1768966200000,0.12425,0.12498,0.12401,0.12482,1792078.0
2026-01-21 03:45:00,1768967100000,0.12482,0.12482,0.1243,0.12454,1294498.0
2026-01-21 04:00:00,1768968000000,0.12454,0.12487,0.12424,0.12472,1638353.0
2026-01-21 04:15:00,1768968900000,0.12472,0.12525,0.12468,0.12517,715450.0
2026-01-21 04:30:00,1768969800000,0.12517,0.12543,0.125,0.12542,1254189.0
2026-01-21 04:45:00,1768970700000,0.12542,0.12543,0.12502,0.12538,699202.0
2026-01-21 05:00:00,1768971600000,0.12538,0.1254,0.12501,0.12516,901798.0
2026-01-21 05:15:00,1768972500000,0.12516,0.12516,0.12483,0.12506,628509.0
2026-01-21 05:30:00,1768973400000,0.12506,0.12534,0.12478,0.125,887714.0
2026-01-21 05:45:00,1768974300000,0.125,0.12544,0.12481,0.12526,1005808.0
2026-01-21 06:00:00,1768975200000,0.12526,0.12562,0.12511,0.12538,1356687.0
2026-01-21 06:15:00,1768976100000,0.12538,0.12575,0.12518,0.1257,1212561.0
2026-01-21 06:30:00,1768977000000,0.1257,0.12577,0.12523,0.1254,812635.0
2026-01-21 06:45:00,1768977900000,0.1254,0.1254,0.12482,0.12526,809973.0
2026-01-21 07:00:00,1768978800000,0.12526,0.12603,0.12496,0.12549,1559012.0
2026-01-21 07:15:00,1768979700000,0.12549,0.12588,0.12549,0.12588,648833.0
2026-01-21 07:30:00,1768980600000,0.12588,0.12588,0.12494,0.12517,1252543.0
2026-01-21 07:45:00,1768981500000,0.12517,0.12522,0.12466,0.12514,1067532.0
2026-01-21 08:00:00,1768982400000,0.12514,0.12545,0.12491,0.12491,1076479.0
2026-01-21 08:15:00,1768983300000,0.12491,0.12536,0.12487,0.12492,475749.0
2026-01-21 08:30:00,1768984200000,0.12492,0.12506,0.12334,0.12371,3332056.0
2026-01-21 08:45:00,1768985100000,0.12371,0.12395,0.12345,0.12387,1441202.0
2026-01-21 09:00:00,1768986000000,0.12387,0.1241,0.12339,0.12407,1253319.0
2026-01-21 09:15:00,1768986900000,0.12407,0.12484,0.12392,0.12481,2813407.0
2026-01-21 09:30:00,1768987800000,0.12481,0.12487,0.12448,0.12455,1030511.0
2026-01-21 09:45:00,1768988700000,0.12455,0.12465,0.1243,0.12448,1141349.0
2026-01-21 10:00:00,1768989600000,0.12448,0.12532,0.12435,0.1248,1516925.0
2026-01-21 10:15:00,1768990500000,0.1248,0.12501,0.12424,0.12428,914434.0
2026-01-21 10:30:00,1768991400000,0.12428,0.12477,0.12415,0.12447,554994.0
2026-01-21 10:45:00,1768992300000,0.12447,0.12447,0.12309,0.12337,2257727.0
2026-01-21 11:00:00,1768993200000,0.12337,0.12363,0.12297,0.12348,2097687.0
2026-01-21 11:15:00,1768994100000,0.12348,0.1238,0.12323,0.12361,1125173.0
2026-01-21 11:30:00,1768995000000,0.12361,0.12376,0.12303,0.12352,3380432.0
2026-01-21 11:45:00,1768995900000,0.12352,0.12352,0.12192,0.12215,3562142.0
2026-01-21 12:00:00,1768996800000,0.12215,0.12234,0.12094,0.1215,4599824.0
2026-01-21 12:15:00,1768997700000,0.1215,0.12163,0.12055,0.12101,3119781.0
2026-01-21 12:30:00,1768998600000,0.12101,0.12258,0.12072,0.12254,2331561.0
2026-01-21 12:45:00,1768999500000,0.12254,0.12293,0.12242,0.12245,1571722.0
2026-01-21 13:00:00,1769000400000,0.12245,0.12298,0.12236,0.12287,1297975.0
2026-01-21 13:15:00,1769001300000,0.12287,0.12291,0.1222,0.12233,1079797.0
2026-01-21 13:30:00,1769002200000,0.12233,0.12233,0.12123,0.12138,7039369.0
2026-01-21 13:45:00,1769003100000,0.12138,0.12204,0.12112,0.12154,1724120.0
2026-01-21 14:00:00,1769004000000,0.12154,0.12529,0.12135,0.12492,5304418.0
2026-01-21 14:15:00,1769004900000,0.12492,0.12588,0.12445,0.12566,4226473.0
2026-01-21 14:30:00,1769005800000,0.12566,0.12779,0.12538,0.12763,7230165.0
2026-01-21 14:45:00,1769006700000,0.12763,0.12893,0.12686,0.12834,4964289.0
2026-01-21 15:00:00,1769007600000,0.12834,0.12834,0.12696,0.12746,3767619.0
2026-01-21 15:15:00,1769008500000,0.12746,0.12997,0.12722,0.12887,8754253.0
2026-01-21 15:30:00,1769009400000,0.12887,0.12947,0.12697,0.12744,5356812.0
2026-01-21 15:45:00,1769010300000,0.12744,0.1294,0.12733,0.1291,3248804.0
2026-01-21 16:00:00,1769011200000,0.1291,0.12966,0.12824,0.12832,4154830.0
2026-01-21 16:15:00,1769012100000,0.12832,0.12849,0.12736,0.1281,3140945.0
2026-01-21 16:30:00,1769013000000,0.1281,0.12828,0.12496,0.12506,7397263.0
2026-01-21 16:45:00,1769013900000,0.12506,0.12655,0.1241,0.12434,5915261.0
2026-01-21 17:00:00,1769014800000,0.12434,0.12563,0.12256,0.12289,6548225.0
2026-01-21 17:15:00,1769015700000,0.12289,0.12404,0.12266,0.12298,3466157.0
2026-01-21 17:30:00,1769016600000,0.12298,0.12321,0.12169,0.12278,3560586.0
2026-01-21 17:45:00,1769017500000,0.12278,0.12359,0.12254,0.12337,2107356.0
2026-01-21 18:00:00,1769018400000,0.12337,0.12403,0.1226,0.12364,2222963.0
2026-01-21 18:15:00,1769019300000,0.12364,0.1238,0.12245,0.12263,1368999.0
2026-01-21 18:30:00,1769020200000,0.12263,0.12328,0.12253,0.12276,1156853.0
2026-01-21 18:45:00,1769021100000,0.12276,0.12442,0.12264,0.12386,1692168.0
2026-01-21 19:00:00,1769022000000,0.12386,0.12466,0.1237,0.12375,1461906.0
2026-01-21 19:15:00,1769022900000,0.12375,0.1269,0.12347,0.12676,4796059.0
2026-01-21 19:30:00,1769023800000,0.12676,0.12922,0.12625,0.12921,6783615.0
2026-01-21 19:45:00,1769024700000,0.12921,0.12985,0.12807,0.12946,5932119.0
2026-01-21 20:00:00,1769025600000,0.12946,0.12969,0.12834,0.12875,5801191.0
2026-01-21 20:15:00,1769026500000,0.12875,0.1291,0.12733,0.12737,4105783.0
2026-01-21 20:30:00,1769027400000,0.12737,0.12778,0.12666,0.12725,1906203.0
2026-01-21 20:45:00,1769028300000,0.12725,0.12934,0.1272,0.12927,2986748.0
2026-01-21 21:00:00,1769029200000,0.12927,0.12963,0.12857,0.12963,3337276.0
2026-01-21 21:15:00,1769030100000,0.12963,0.13108,0.12938,0.1301,3920976.0
2026-01-21 21:30:00,1769031000000,0.1301,0.13041,0.12981,0.12994,1274425.0
2026-01-21 21:45:00,1769031900000,0.12994,0.13008,0.12938,0.12957,950599.0
2026-01-21 22:00:00,1769032800000,0.12957,0.12998,0.12895,0.12899,1416826.0
2026-01-21 22:15:00,1769033700000,0.12899,0.12906,0.12785,0.12803,1764524.0
2026-01-21 22:30:00,1769034600000,0.12803,0.12826,0.12746,0.12765,773119.0
2026-01-21 22:45:00,1769035500000,0.12765,0.12806,0.12757,0.12757,604949.0
2026-01-21 23:00:00,1769036400000,0.12757,0.1278,0.12687,0.12755,1632564.0
2026-01-21 23:15:00,1769037300000,0.12755,0.12758,0.12639,0.12722,3064321.0
2026-01-21 23:30:00,1769038200000,0.12722,0.12722,0.12606,0.12616,1607437.0
2026-01-21 23:45:00,1769039100000,0.12616,0.12664,0.12538,0.12594,3324598.0
2026-01-22 00:00:00,1769040000000,0.12594,0.12731,0.12594,0.12731,2167261.0
2026-01-22 00:15:00,1769040900000,0.12731,0.12734,0.12686,0.12702,1208589.0
2026-01-22 00:30:00,1769041800000,0.12702,0.12807,0.12689,0.12783,2129175.0
2026-01-22 00:45:00,1769042700000,0.12783,0.12928,0.1276,0.12843,3601962.0
2026-01-22 01:00:00,1769043600000,0.12843,0.12886,0.12775,0.12801,2264172.0
2026-01-22 01:15:00,1769044500000,0.12801,0.12862,0.12794,0.12816,1461581.0
2026-01-22 01:30:00,1769045400000,0.12816,0.12833,0.12777,0.1283,1353755.0
2026-01-22 01:45:00,1769046300000,0.1283,0.12886,0.12807,0.12877,1620635.0
2026-01-22 02:00:00,1769047200000,0.12877,0.12905,0.1285,0.12884,1458304.0
2026-01-22 02:15:00,1769048100000,0.12884,0.12898,0.12831,0.12848,887882.0
2026-01-22 02:30:00,1769049000000,0.12848,0.12878,0.12771,0.12859,2956209.0
2026-01-22 02:45:00,1769049900000,0.12859,0.12871,0.12775,0.12788,1069136.0
2026-01-22 03:00:00,1769050800000,0.12788,0.1288,0.12788,0.12866,626755.0
2026-01-22 03:15:00,1769051700000,0.12866,0.12866,0.12785,0.12793,942016.0
2026-01-22 03:30:00,1769052600000,0.12793,0.12793,0.12615,0.12656,3206470.0
2026-01-22 03:45:00,1769053500000,0.12656,0.12683,0.12639,0.1268,608026.0
2026-01-22 04:00:00,1769054400000,0.1268,0.12781,0.12638,0.12741,2743492.0
2026-01-22 04:15:00,1769055300000,0.12741,0.12765,0.12697,0.12748,1175594.0
2026-01-22 04:30:00,1769056200000,0.12748,0.12801,0.12728,0.12779,764905.0
2026-01-22 04:45:00,1769057100000,0.12779,0.12786,0.1276,0.12762,524633.0
2026-01-22 05:00:00,1769058000000,0.12762,0.12771,0.12727,0.1275,896938.0
2026-01-22 05:15:00,1769058900000,0.1275,0.1275,0.12691,0.12709,1573373.0
2026-01-22 05:30:00,1769059800000,0.12709,0.12761,0.12684,0.12759,1078153.0
2026-01-22 05:45:00,1769060700000,0.12759,0.12769,0.12704,0.12762,583056.0
2026-01-22 06:00:00,1769061600000,0.12762,0.12801,0.12756,0.12783,1283971.0
2026-01-22 06:15:00,1769062500000,0.12783,0.12802,0.12676,0.12677,1549744.0
2026-01-22 06:30:00,1769063400000,0.12677,0.12869,0.12674,0.128,2210420.0
2026-01-22 06:45:00,1769064300000,0.128,0.12829,0.12765,0.12772,954409.0
2026-01-22 07:00:00,1769065200000,0.12772,0.12789,0.12724,0.12733,821751.0
2026-01-22 07:15:00,1769066100000,0.12733,0.12744,0.12658,0.12711,1413141.0
2026-01-22 07:30:00,1769067000000,0.12711,0.12761,0.12703,0.12753,937744.0
2026-01-22 07:45:00,1769067900000,0.12753,0.12765,0.12704,0.12704,1067951.0
2026-01-22 08:00:00,1769068800000,0.12704,0.12766,0.12643,0.1266,1664847.0
2026-01-22 08:15:00,1769069700000,0.1266,0.12699,0.12631,0.1269,1786945.0
2026-01-22 08:30:00,1769070600000,0.1269,0.1272,0.12661,0.12694,911836.0
2026-01-22 08:45:00,1769071500000,0.12694,0.12807,0.12667,0.12807,1330003.0
2026-01-22 09:00:00,1769072400000,0.12807,0.12863,0.12772,0.12863,769916.0
2026-01-22 09:15:00,1769073300000,0.12863,0.12876,0.12804,0.12811,940821.0
2026-01-22 09:30:00,1769074200000,0.12811,0.12881,0.12806,0.12876,886592.0
2026-01-22 09:45:00,1769075100000,0.12876,0.12891,0.12843,0.12852,860259.0
2026-01-22 10:00:00,1769076000000,0.12852,0.12859,0.12813,0.12819,876760.0
2026-01-22 10:15:00,1769076900000,0.12819,0.12835,0.12744,0.12775,1681335.0
2026-01-22 10:30:00,1769077800000,0.12775,0.12796,0.12737,0.12776,1393928.0
2026-01-22 10:45:00,1769078700000,0.12776,0.12801,0.12758,0.12795,1256240.0
2026-01-22 11:00:00,1769079600000,0.12795,0.12795,0.12714,0.1273,1375665.0
2026-01-22 11:15:00,1769080500000,0.1273,0.12756,0.12668,0.12687,1076933.0
2026-01-22 11:30:00,1769081400000,0.12687,0.12732,0.12618,0.1269,2380339.0
2026-01-22 11:45:00,1769082300000,0.1269,0.12696,0.1265,0.12659,1631395.0
2026-01-22 12:00:00,1769083200000,0.12659,0.12696,0.12633,0.12688,756292.0
2026-01-22 12:15:00,1769084100000,0.12688,0.12707,0.12661,0.12677,479586.0
2026-01-22 12:30:00,1769085000000,0.12677,0.12721,0.12638,0.12673,887897.0
2026-01-22 12:45:00,1769085900000,0.12673,0.127,0.12661,0.12677,515913.0
2026-01-22 13:00:00,1769086800000,0.12677,0.12696,0.12645,0.12664,599248.0
2026-01-22 13:15:00,1769087700000,0.12664,0.12752,0.12654,0.1275,654738.0
2026-01-22 13:30:00,1769088600000,0.1275,0.12796,0.12601,0.12621,2876191.0
2026-01-22 13:45:00,1769089500000,0.12621,0.12669,0.12561,0.12569,2687886.0
2026-01-22 14:00:00,1769090400000,0.12569,0.12618,0.12525,0.1261,2446913.0
2026-01-22 14:15:00,1769091300000,0.1261,0.1261,0.12483,0.12518,2015580.0
2026-01-22 14:30:00,1769092200000,0.12518,0.12599,0.12448,0.12514,3875598.0
2026-01-22 14:45:00,1769093100000,0.12514,0.12517,0.12375,0.12428,3736553.0
2026-01-22 15:00:00,1769094000000,0.12428,0.12476,0.12386,0.12444,1987130.0
2026-01-22 15:15:00,1769094900000,0.12444,0.12484,0.12279,0.123,4645333.0
2026-01-22 15:30:00,1769095800000,0.123,0.12469,0.12278,0.12464,1928100.0
2026-01-22 15:45:00,1769096700000,0.12464,0.12523,0.12368,0.12403,2687525.0
2026-01-22 16:00:00,1769097600000,0.12403,0.12472,0.12386,0.12401,1196061.0
2026-01-22 16:15:00,1769098500000,0.12401,0.12502,0.12365,0.12471,1686002.0
2026-01-22 16:30:00,1769099400000,0.12471,0.12511,0.12437,0.12504,1192431.0
2026-01-22 16:45:00,1769100300000,0.12504,0.12613,0.12501,0.126,1444076.0
2026-01-22 17:00:00,1769101200000,0.126,0.12619,0.12561,0.12566,1854542.0
2026-01-22 17:15:00,1769102100000,0.12566,0.12571,0.12457,0.12475,1586971.0
2026-01-22 17:30:00,1769103000000,0.12475,0.12494,0.12438,0.1246,793532.0
2026-01-22 17:45:00,1769103900000,0.1246,0.12606,0.1246,0.12589,1614007.0
2026-01-22 18:00:00,1769104800000,0.12589,0.12589,0.12514,0.12515,1404483.0
2026-01-22 18:15:00,1769105700000,0.12515,0.12554,0.12475,0.12493,1076307.0
2026-01-22 18:30:00,1769106600000,0.12493,0.12533,0.12464,0.12472,1000848.0
2026-01-22 18:45:00,1769107500000,0.12472,0.12474,0.12379,0.12386,2421924.0
2026-01-22 19:00:00,1769108400000,0.12386,0.12388,0.12297,0.1234,3564662.0
2026-01-22 19:15:00,1769109300000,0.1234,0.12341,0.1221,0.12279,4660231.0
2026-01-22 19:30:00,1769110200000,0.12279,0.12368,0.12278,0.12311,1838325.0
2026-01-22 19:45:00,1769111100000,0.12311,0.12331,0.12183,0.12236,4196390.0
2026-01-22 20:00:00,1769112000000,0.12236,0.12267,0.1219,0.12238,1450274.0
2026-01-22 20:15:00,1769112900000,0.12238,0.12253,0.12016,0.12058,5261943.0
2026-01-22 20:30:00,1769113800000,0.12058,0.12127,0.11975,0.12011,3303014.0
2026-01-22 20:45:00,1769114700000,0.12011,0.1208,0.11987,0.12077,1291049.0
2026-01-22 21:00:00,1769115600000,0.12077,0.12182,0.12077,0.12161,1606520.0
2026-01-22 21:15:00,1769116500000,0.12161,0.1225,0.12149,0.12243,2096213.0
2026-01-22 21:30:00,1769117400000,0.12243,0.12243,0.1217,0.12186,1263931.0
2026-01-22 21:45:00,1769118300000,0.12186,0.12236,0.12163,0.12223,740490.0
2026-01-22 22:00:00,1769119200000,0.12223,0.12288,0.12176,0.12269,1345512.0
2026-01-22 22:15:00,1769120100000,0.12269,0.12274,0.1222,0.12225,710998.0
2026-01-22 22:30:00,1769121000000,0.12225,0.12227,0.12151,0.12185,664934.0
2026-01-22 22:45:00,1769121900000,0.12185,0.12232,0.12184,0.12212,387049.0
2026-01-22 23:00:00,1769122800000,0.12212,0.12221,0.12104,0.1221,2616855.0
2026-01-22 23:15:00,1769123700000,0.1221,0.12265,0.12191,0.12214,1144371.0
2026-01-22 23:30:00,1769124600000,0.12214,0.12268,0.12212,0.12236,757588.0
2026-01-22 23:45:00,1769125500000,0.12236,0.1229,0.12231,0.12283,580048.0
2026-01-23 00:00:00,1769126400000,0.12283,0.12326,0.12258,0.12287,1790046.0
2026-01-23 00:15:00,1769127300000,0.12287,0.12313,0.12256,0.12293,1066654.0
2026-01-23 00:30:00,1769128200000,0.12293,0.12298,0.12248,0.12298,674590.0
2026-01-23 00:45:00,1769129100000,0.12298,0.12367,0.1228,0.12344,923565.0
2026-01-23 01:00:00,1769130000000,0.12344,0.12417,0.12343,0.12416,1309892.0
2026-01-23 01:15:00,1769130900000,0.12416,0.12448,0.12329,0.12364,1510882.0
2026-01-23 01:30:00,1769131800000,0.12364,0.12403,0.12355,0.12375,693151.0
2026-01-23 01:45:00,1769132700000,0.12375,0.12415,0.12369,0.12397,728891.0
2026-01-23 02:00:00,1769133600000,0.12397,0.12437,0.12364,0.12433,989074.0
2026-01-23 02:15:00,1769134500000,0.12433,0.12447,0.12391,0.12413,1543683.0
2026-01-23 02:30:00,1769135400000,0.12413,0.12431,0.12397,0.1243,727965.0
2026-01-23 02:45:00,1769136300000,0.1243,0.12464,0.12399,0.12406,1042519.0
2026-01-23 03:00:00,1769137200000,0.12406,0.12464,0.124,0.12464,1114596.0
2026-01-23 03:15:00,1769138100000,0.12464,0.12513,0.12464,0.12507,828156.0
2026-01-23 03:30:00,1769139000000,0.12507,0.12516,0.12461,0.12503,642832.0
2026-01-23 03:45:00,1769139900000,0.12503,0.12509,0.12479,0.12508,965754.0
2026-01-23 04:00:00,1769140800000,0.12508,0.12559,0.12503,0.12558,885282.0
2026-01-23 04:15:00,1769141700000,0.12558,0.1256,0.12505,0.12529,1366210.0
2026-01-23 04:30:00,1769142600000,0.12529,0.12566,0.12519,0.1255,790161.0
2026-01-23 04:45:00,1769143500000,0.1255,0.12573,0.12538,0.12558,840754.0
2026-01-23 05:00:00,1769144400000,0.12558,0.12565,0.12537,0.12543,354568.0
2026-01-23 05:15:00,1769145300000,0.12543,0.12608,0.12506,0.12605,1306131.0
2026-01-23 05:30:00,1769146200000,0.12605,0.12624,0.12562,0.12612,766923.0
2026-01-23 05:45:00,1769147100000,0.12612,0.12713,0.12601,0.12705,1893755.0
2026-01-23 06:00:00,1769148000000,0.12705,0.12761,0.12691,0.12717,1926481.0
2026-01-23 06:15:00,1769148900000,0.12717,0.12729,0.12581,0.12626,2304209.0
2026-01-23 06:30:00,1769149800000,0.12626,0.12665,0.12601,0.12637,1114784.0
2026-01-23 06:45:00,1769150700000,0.12637,0.12669,0.12558,0.12573,1604508.0
2026-01-23 07:00:00,1769151600000,0.12573,0.12642,0.12559,0.12595,958120.0
2026-01-23 07:15:00,1769152500000,0.12595,0.12684,0.12584,0.12659,804320.0
2026-01-23 07:30:00,1769153400000,0.12659,0.12684,0.12637,0.1267,1133269.0
2026-01-23 07:45:00,1769154300000,0.1267,0.1269,0.12633,0.12662,736300.0
2026-01-23 08:00:00,1769155200000,0.12662,0.12662,0.12586,0.12635,1235305.0
2026-01-23 08:15:00,1769156100000,0.12635,0.12641,0.12583,0.12615,1176650.0
2026-01-23 08:30:00,1769157000000,0.12615,0.12623,0.12478,0.12529,2791083.0
2026-01-23 08:45:00,1769157900000,0.12529,0.12553,0.12465,0.12502,2818730.0
2026-01-23 09:00:00,1769158800000,0.12502,0.12547,0.12496,0.12504,1150220.0
2026-01-23 09:15:00,1769159700000,0.12504,0.12524,0.1245,0.12489,2230162.0
2026-01-23 09:30:00,1769160600000,0.12489,0.12529,0.12427,0.12502,1019558.0
2026-01-23 09:45:00,1769161500000,0.12502,0.12506,0.1243,0.12447,1814595.0
2026-01-23 10:00:00,1769162400000,0.12447,0.12491,0.12419,0.12477,945502.0
2026-01-23 10:15:00,1769163300000,0.12477,0.12494,0.12428,0.12435,509627.0
2026-01-23 10:30:00,1769164200000,0.12435,0.12443,0.12382,0.12403,1731830.0
2026-01-23 10:45:00,1769165100000,0.12403,0.12415,0.12375,0.12379,771047.0
2026-01-23 11:00:00,1769166000000,0.12379,0.12436,0.12368,0.12415,1216640.0
2026-01-23 11:15:00,1769166900000,0.12415,0.12415,0.12364,0.12385,912077.0
2026-01-23 11:30:00,1769167800000,0.12385,0.12439,0.1238,0.12404,469945.0
2026-01-23 11:45:00,1769168700000,0.12404,0.12438,0.12359,0.12364,927550.0
2026-01-23 12:00:00,1769169600000,0.12364,0.12382,0.12337,0.12337,931379.0
2026-01-23 12:15:00,1769170500000,0.12337,0.12359,0.12296,0.1234,1264567.0
2026-01-23 12:30:00,1769171400000,0.1234,0.12343,0.12263,0.12319,2595423.0
2026-01-23 12:45:00,1769172300000,0.12319,0.12336,0.12285,0.12287,694632.0
2026-01-23 13:00:00,1769173200000,0.12287,0.12326,0.12287,0.12324,558824.0
2026-01-23 13:15:00,1769174100000,0.12324,0.12325,0.12269,0.12273,717044.0
2026-01-23 13:30:00,1769175000000,0.12273,0.12273,0.12195,0.12226,2045629.0
2026-01-23 13:45:00,1769175900000,0.12226,0.12251,0.12182,0.12251,1204061.0
2026-01-23 14:00:00,1769176800000,0.12251,0.12316,0.12238,0.12291,1430588.0
2026-01-23 14:15:00,1769177700000,0.12291,0.12321,0.12277,0.12321,992124.0
2026-01-23 14:30:00,1769178600000,0.12321,0.12329,0.12028,0.12085,7121206.0
2026-01-23 14:45:00,1769179500000,0.12085,0.12137,0.11978,0.12071,4622245.0
2026-01-23 15:00:00,1769180400000,0.12071,0.12185,0.1206,0.12094,4115486.0
2026-01-23 15:15:00,1769181300000,0.12094,0.1223,0.12015,0.12152,4271869.0
2026-01-23 15:30:00,1769182200000,0.12152,0.12223,0.1213,0.1219,2011738.0
2026-01-23 15:45:00,1769183100000,0.1219,0.12371,0.1219,0.12365,3582901.0
2026-01-23 16:00:00,1769184000000,0.12365,0.12437,0.12317,0.12432,2976693.0
2026-01-23 16:15:00,1769184900000,0.12432,0.12434,0.12272,0.12294,1512302.0
2026-01-23 16:30:00,1769185800000,0.12294,0.1254,0.12227,0.12503,4188303.0
2026-01-23 16:45:00,1769186700000,0.12503,0.12734,0.12485,0.126,8582118.0
2026-01-23 17:00:00,1769187600000,0.126,0.126,0.12422,0.12521,2803971.0
2026-01-23 17:15:00,1769188500000,0.12521,0.12842,0.12521,0.1284,4540428.0
2026-01-23 17:30:00,1769189400000,0.1284,0.12898,0.12719,0.12762,5167794.0
2026-01-23 17:45:00,1769190300000,0.12762,0.12812,0.12673,0.12681,2660512.0
2026-01-23 18:00:00,1769191200000,0.12681,0.12765,0.12621,0.12675,2788520.0
2026-01-23 18:15:00,1769192100000,0.12675,0.12747,0.12637,0.12743,1073468.0
2026-01-23 18:30:00,1769193000000,0.12743,0.12802,0.12724,0.12764,1616551.0
2026-01-23 18:45:00,1769193900000,0.12764,0.12764,0.12683,0.12704,1208479.0
2026-01-23 19:00:00,1769194800000,0.12704,0.12704,0.12561,0.12592,2440094.0
2026-01-23 19:15:00,1769195700000,0.12592,0.12621,0.12458,0.12523,5506760.0
2026-01-23 19:30:00,1769196600000,0.12523,0.12572,0.12435,0.12554,5353543.0
2026-01-23 19:45:00,1769197500000,0.12554,0.12576,0.12493,0.12516,2269609.0
2026-01-23 20:00:00,1769198400000,0.12516,0.12523,0.12454,0.12491,1794692.0
2026-01-23 20:15:00,1769199300000,0.12491,0.12512,0.12348,0.1235,2016550.0
2026-01-23 20:30:00,1769200200000,0.1235,0.12354,0.12121,0.12218,8220314.0
2026-01-23 20:45:00,1769201100000,0.12218,0.12298,0.12176,0.12267,2002307.0
2026-01-23 21:00:00,1769202000000,0.12267,0.1238,0.12244,0.12374,1202826.0
2026-01-23 21:15:00,1769202900000,0.12374,0.12417,0.12327,0.12402,1074784.0
2026-01-23 21:30:00,1769203800000,0.12402,0.12436,0.12354,0.12428,912560.0
2026-01-23 21:45:00,1769204700000,0.12428,0.1245,0.12413,0.12418,663226.0
2026-01-23 22:00:00,1769205600000,0.12418,0.12518,0.12409,0.12432,1448242.0
2026-01-23 22:15:00,1769206500000,0.12432,0.12465,0.12333,0.12438,1438461.0
2026-01-23 22:30:00,1769207400000,0.12438,0.12472,0.12417,0.12418,541400.0
2026-01-23 22:45:00,1769208300000,0.12418,0.12471,0.12416,0.12459,401236.0
2026-01-23 23:00:00,1769209200000,0.12459,0.12463,0.12415,0.12461,673548.0
2026-01-23 23:15:00,1769210100000,0.12461,0.12468,0.12424,0.12435,584976.0
2026-01-23 23:30:00,1769211000000,0.12435,0.12455,0.12419,0.12419,543209.0
2026-01-23 23:45:00,1769211900000,0.12419,0.12463,0.12392,0.12432,893403.0
2026-01-24 00:00:00,1769212800000,0.12432,0.12488,0.1241,0.12419,1310225.0
2026-01-24 00:15:00,1769213700000,0.12419,0.12488,0.12399,0.12437,696509.0
2026-01-24 00:30:00,1769214600000,0.12437,0.12466,0.12413,0.12426,599345.0
2026-01-24 00:45:00,1769215500000,0.12426,0.12438,0.1238,0.1238,541939.0
2026-01-24 01:00:00,1769216400000,0.1238,0.12422,0.12344,0.12361,964460.0
2026-01-24 01:15:00,1769217300000,0.12361,0.12405,0.12353,0.12405,511780.0
2026-01-24 01:30:00,1769218200000,0.12405,0.12524,0.12385,0.12524,1459640.0
2026-01-24 01:45:00,1769219100000,0.12524,0.1255,0.12477,0.1252,1386566.0
2026-01-24 02:00:00,1769220000000,0.1252,0.12614,0.1252,0.12564,2427306.0
2026-01-24 02:15:00,1769220900000,0.12564,0.12635,0.12559,0.12625,866657.0
2026-01-24 02:30:00,1769221800000,0.12625,0.12625,0.12566,0.12603,746160.0
2026-01-24 02:45:00,1769222700000,0.12603,0.12607,0.12575,0.12594,573172.0
2026-01-24 03:00:00,1769223600000,0.12594,0.12746,0.12574,0.12724,1570902.0
2026-01-24 03:15:00,1769224500000,0.12724,0.12777,0.12704,0.12777,2022207.0
2026-01-24 03:30:00,1769225400000,0.12777,0.12777,0.12675,0.1272,1407591.0
2026-01-24 03:45:00,1769226300000,0.1272,0.12752,0.12673,0.12695,997438.0
2026-01-24 04:00:00,1769227200000,0.12695,0.12699,0.12619,0.12635,1135065.0
2026-01-24 04:15:00,1769228100000,0.12635,0.12644,0.12539,0.12565,1064325.0
2026-01-24 04:30:00,1769229000000,0.12565,0.12594,0.12561,0.1258,710250.0
2026-01-24 04:45:00,1769229900000,0.1258,0.12595,0.12552,0.12571,737375.0
2026-01-24 05:00:00,1769230800000,0.12571,0.12572,0.12488,0.12499,1649951.0
2026-01-24 05:15:00,1769231700000,0.12499,0.12523,0.12497,0.12508,614284.0
2026-01-24 05:30:00,1769232600000,0.12508,0.12526,0.12492,0.12509,248448.0
2026-01-24 05:45:00,1769233500000,0.12509,0.12536,0.1249,0.12534,676264.0
2026-01-24 06:00:00,1769234400000,0.12534,0.12575,0.12512,0.12573,1040858.0
2026-01-24 06:15:00,1769235300000,0.12573,0.12604,0.1257,0.12597,1653233.0
2026-01-24 06:30:00,1769236200000,0.12597,0.12667,0.12591,0.12637,2985031.0
2026-01-24 06:45:00,1769237100000,0.12637,0.12692,0.12631,0.12692,1077445.0
2026-01-24 07:00:00,1769238000000,0.12692,0.12701,0.12634,0.12698,2111067.0
2026-01-24 07:15:00,1769238900000,0.12698,0.12706,0.12583,0.12603,1538138.0
2026-01-24 07:30:00,1769239800000,0.12603,0.12616,0.12587,0.12596,916981.0
2026-01-24 07:45:00,1769240700000,0.12596,0.12639,0.12587,0.1261,722591.0
2026-01-24 08:00:00,1769241600000,0.1261,0.12672,0.126,0.12632,1254355.0
2026-01-24 08:15:00,1769242500000,0.12632,0.12689,0.12616,0.12677,635178.0
2026-01-24 08:30:00,1769243400000,0.12677,0.12815,0.12668,0.12801,3354518.0
2026-01-24 08:45:00,1769244300000,0.12801,0.12802,0.12747,0.12763,1131503.0
2026-01-24 09:00:00,1769245200000,0.12763,0.12776,0.12695,0.12736,1190283.0
2026-01-24 09:15:00,1769246100000,0.12736,0.12738,0.12717,0.12728,470467.0
2026-01-24 09:30:00,1769247000000,0.12728,0.12728,0.1269,0.12707,536253.0
2026-01-24 09:45:00,1769247900000,0.12707,0.12713,0.12668,0.12686,783980.0
2026-01-24 10:00:00,1769248800000,0.12686,0.12698,0.12635,0.12645,1208309.0
2026-01-24 10:15:00,1769249700000,0.12645,0.12671,0.12637,0.12655,431303.0
2026-01-24 10:30:00,1769250600000,0.12655,0.12686,0.12654,0.12681,574029.0
2026-01-24 10:45:00,1769251500000,0.12681,0.12691,0.12669,0.12675,863786.0
2026-01-24 11:00:00,1769252400000,0.12675,0.12752,0.12675,0.12745,1339023.0
2026-01-24 11:15:00,1769253300000,0.12745,0.12802,0.12737,0.12795,1385200.0
2026-01-24 11:30:00,1769254200000,0.12795,0.12845,0.12776,0.12788,1279723.0
2026-01-24 11:45:00,1769255100000,0.12788,0.12814,0.12783,0.12812,675838.0
2026-01-24 12:00:00,1769256000000,0.12812,0.12836,0.12795,0.12834,1014937.0
2026-01-24 12:15:00,1769256900000,0.12834,0.12881,0.12824,0.12881,1664354.0
2026-01-24 12:30:00,1769257800000,0.12881,0.12946,0.1283,0.12844,2088960.0
2026-01-24 12:45:00,1769258700000,0.12844,0.12846,0.12778,0.12811,1325187.0
2026-01-24 13:00:00,1769259600000,0.12811,0.12835,0.12761,0.12762,494149.0
2026-01-24 13:15:00,1769260500000,0.12762,0.12769,0.12718,0.12736,1010326.0
2026-01-24 13:30:00,1769261400000,0.12736,0.12791,0.12735,0.1278,971728.0
2026-01-24 13:45:00,1769262300000,0.1278,0.12819,0.12761,0.12761,799685.0
2026-01-24 14:00:00,1769263200000,0.12761,0.12821,0.12738,0.12795,1586108.0
2026-01-24 14:15:00,1769264100000,0.12795,0.12871,0.12791,0.12839,1776449.0
2026-01-24 14:30:00,1769265000000,0.12839,0.13026,0.12837,0.13001,3518981.0
2026-01-24 14:45:00,1769265900000,0.13001,0.13013,0.12875,0.12898,2955569.0
2026-01-24 15:00:00,1769266800000,0.12898,0.12926,0.12833,0.12861,2237289.0
2026-01-24 15:15:00,1769267700000,0.12861,0.12886,0.12794,0.12813,1561631.0
2026-01-24 15:30:00,1769268600000,0.12813,0.12851,0.12704,0.12713,3296020.0
2026-01-24 15:45:00,1769269500000,0.12713,0.12754,0.12682,0.12702,3566899.0
2026-01-24 16:00:00,1769270400000,0.12702,0.12759,0.12649,0.12727,3044365.0
2026-01-24 16:15:00,1769271300000,0.12727,0.12727,0.12596,0.12665,3196135.0
2026-01-24 16:30:00,1769272200000,0.12665,0.12699,0.12647,0.12698,964507.0
2026-01-24 16:45:00,1769273100000,0.12698,0.12887,0.12686,0.12833,3266682.0
2026-01-24 17:00:00,1769274000000,0.12833,0.12867,0.12758,0.12808,2289897.0
2026-01-24 17:15:00,1769274900000,0.12808,0.1288,0.12802,0.12849,1363030.0
2026-01-24 17:30:00,1769275800000,0.12849,0.12849,0.12789,0.12793,546345.0
2026-01-24 17:45:00,1769276700000,0.12793,0.12811,0.12773,0.12794,937018.0
2026-01-24 18:00:00,1769277600000,0.12794,0.12816,0.12767,0.12796,991372.0
2026-01-24 18:15:00,1769278500000,0.12796,0.12825,0.12796,0.12811,383936.0
2026-01-24 18:30:00,1769279400000,0.12811,0.12902,0.12801,0.1286,508543.0
2026-01-24 18:45:00,1769280300000,0.1286,0.1286,0.12818,0.12819,535347.0
2026-01-24 19:00:00,1769281200000,0.12819,0.12847,0.12817,0.12822,580145.0
2026-01-24 19:15:00,1769282100000,0.12822,0.12856,0.1282,0.12846,777974.0
2026-01-24 19:30:00,1769283000000,0.12846,0.12878,0.1282,0.12825,1216660.0
2026-01-24 19:45:00,1769283900000,0.12825,0.12832,0.12774,0.12793,1436227.0
2026-01-24 20:00:00,1769284800000,0.12793,0.12819,0.12785,0.12791,505019.0
2026-01-24 20:15:00,1769285700000,0.12791,0.12846,0.12791,0.12844,959555.0
2026-01-24 20:30:00,1769286600000,0.12844,0.12858,0.1282,0.12824,277751.0
2026-01-24 20:45:00,1769287500000,0.12824,0.12844,0.12818,0.12839,436951.0
2026-01-24 21:00:00,1769288400000,0.12839,0.129,0.12796,0.1282,1490390.0
2026-01-24 21:15:00,1769289300000,0.1282,0.12843,0.1282,0.12834,482661.0
2026-01-24 21:30:00,1769290200000,0.12834,0.12837,0.12797,0.12825,525641.0
2026-01-24 21:45:00,1769291100000,0.12825,0.12825,0.12801,0.12807,402670.0
2026-01-24 22:00:00,1769292000000,0.12807,0.12851,0.1279,0.12835,548492.0
2026-01-24 22:15:00,1769292900000,0.12835,0.12869,0.12831,0.12835,429394.0
2026-01-24 22:30:00,1769293800000,0.12835,0.12875,0.12821,0.12838,497501.0
2026-01-24 22:45:00,1769294700000,0.12838,0.12904,0.12838,0.12881,771426.0
2026-01-24 23:00:00,1769295600000,0.12881,0.12962,0.12878,0.12943,1917934.0
2026-01-24 23:15:00,1769296500000,0.12943,0.1297,0.1289,0.12968,1312249.0
2026-01-24 23:30:00,1769297400000,0.12968,0.12974,0.12885,0.12886,945005.0
2026-01-24 23:45:00,1769298300000,0.12886,0.1294,0.1288,0.12912,863559.0
2026-01-25 00:00:00,1769299200000,0.12912,0.12949,0.12867,0.12886,1950761.0
2026-01-25 00:15:00,1769300100000,0.12886,0.13008,0.12874,0.12976,2003828.0
2026-01-25 00:30:00,1769301000000,0.12976,0.13007,0.12912,0.12978,2903226.0
2026-01-25 00:45:00,1769301900000,0.12978,0.13056,0.12958,0.13035,2428452.0
2026-01-25 01:00:00,1769302800000,0.13035,0.13077,0.13021,0.1305,2654736.0
2026-01-25 01:15:00,1769303700000,0.1305,0.1305,0.1288,0.1291,2520701.0
2026-01-25 01:30:00,1769304600000,0.1291,0.1291,0.12611,0.12659,5376563.0
2026-01-25 01:45:00,1769305500000,0.12659,0.12743,0.12645,0.12725,2275666.0
2026-01-25 02:00:00,1769306400000,0.12725,0.128,0.12722,0.12788,1706601.0
2026-01-25 02:15:00,1769307300000,0.12788,0.12788,0.12744,0.12761,1089584.0
2026-01-25 02:30:00,1769308200000,0.12761,0.12771,0.12665,0.12667,1089910.0
2026-01-25 02:45:00,1769309100000,0.12667,0.12731,0.12662,0.12717,1132403.0
2026-01-25 03:00:00,1769310000000,0.12717,0.12736,0.12674,0.12706,1504870.0
2026-01-25 03:15:00,1769310900000,0.12706,0.12706,0.12603,0.12614,2123236.0
2026-01-25 03:30:00,1769311800000,0.12614,0.12614,0.12326,0.12491,9019025.0
2026-01-25 03:45:00,1769312700000,0.12491,0.12542,0.12475,0.1251,1533026.0
2026-01-25 04:00:00,1769313600000,0.1251,0.12537,0.1244,0.12452,1901648.0
2026-01-25 04:15:00,1769314500000,0.12452,0.12474,0.12403,0.12465,2570316.0
2026-01-25 04:30:00,1769315400000,0.12465,0.12531,0.12464,0.12513,1349819.0
2026-01-25 04:45:00,1769316300000,0.12513,0.12526,0.12475,0.12476,448256.0
2026-01-25 05:00:00,1769317200000,0.12476,0.12522,0.12422,0.12519,1789612.0
2026-01-25 05:15:00,1769318100000,0.12519,0.12523,0.12468,0.12507,653164.0
2026-01-25 05:30:00,1769319000000,0.12507,0.12513,0.1246,0.12494,731182.0
2026-01-25 05:45:00,1769319900000,0.12494,0.12543,0.12493,0.12531,1105056.0
2026-01-25 06:00:00,1769320800000,0.12531,0.12539,0.12473,0.12496,2082366.0
2026-01-25 06:15:00,1769321700000,0.12496,0.12543,0.12489,0.12511,1561534.0
2026-01-25 06:30:00,1769322600000,0.12511,0.12579,0.1251,0.12541,2259397.0
2026-01-25 06:45:00,1769323500000,0.12541,0.12553,0.12507,0.12515,1300426.0
2026-01-25 07:00:00,1769324400000,0.12515,0.12527,0.12421,0.12441,1674242.0
2026-01-25 07:15:00,1769325300000,0.12441,0.12463,0.12354,0.12446,3120179.0
2026-01-25 07:30:00,1769326200000,0.12446,0.12484,0.12402,0.12447,1583412.0
2026-01-25 07:45:00,1769327100000,0.12447,0.12458,0.12372,0.12398,1192523.0
2026-01-25 08:00:00,1769328000000,0.12398,0.12462,0.12365,0.12447,1319486.0
2026-01-25 08:15:00,1769328900000,0.12447,0.12491,0.1242,0.12435,1019059.0
2026-01-25 08:30:00,1769329800000,0.12435,0.12442,0.12323,0.1241,3902612.0
2026-01-25 08:45:00,1769330700000,0.1241,0.1249,0.12352,0.1247,2852538.0
2026-01-25 09:00:00,1769331600000,0.1247,0.12531,0.12447,0.12493,1570978.0
2026-01-25 09:15:00,1769332500000,0.12493,0.12556,0.12487,0.12554,1211587.0
2026-01-25 09:30:00,1769333400000,0.12554,0.1266,0.12527,0.12645,3182972.0
2026-01-25 09:45:00,1769334300000,0.12645,0.12673,0.12602,0.12604,1532605.0
2026-01-25 10:00:00,1769335200000,0.12604,0.12694,0.12596,0.12624,3377744.0
2026-01-25 10:15:00,1769336100000,0.12624,0.12773,0.12624,0.12763,1449747.0
2026-01-25 10:30:00,1769337000000,0.12763,0.12791,0.12738,0.12749,1095667.0
2026-01-25 10:45:00,1769337900000,0.12749,0.12755,0.12652,0.12666,1426102.0
2026-01-25 11:00:00,1769338800000,0.12666,0.12666,0.12564,0.12574,2229246.0
2026-01-25 11:15:00,1769339700000,0.12574,0.1263,0.12554,0.12613,1602374.0
2026-01-25 11:30:00,1769340600000,0.12613,0.12627,0.12548,0.12556,793307.0
2026-01-25 11:45:00,1769341500000,0.12556,0.12584,0.12462,0.12501,2282374.0
2026-01-25 12:00:00,1769342400000,0.12501,0.12501,0.12436,0.12465,1116220.0
2026-01-25 12:15:00,1769343300000,0.12465,0.12486,0.12393,0.12422,1762784.0
2026-01-25 12:30:00,1769344200000,0.12422,0.12466,0.12388,0.1245,1498673.0
2026-01-25 12:45:00,1769345100000,0.1245,0.12486,0.12427,0.12483,820559.0
2026-01-25 13:00:00,1769346000000,0.12483,0.12523,0.12472,0.12496,1695091.0
2026-01-25 13:15:00,1769346900000,0.12496,0.12506,0.12388,0.12394,1960209.0
2026-01-25 13:30:00,1769347800000,0.12394,0.12465,0.12375,0.1245,1957162.0
2026-01-25 13:45:00,1769348700000,0.1245,0.12521,0.1238,0.12427,4098381.0
2026-01-25 14:00:00,1769349600000,0.12427,0.1245,0.12278,0.12332,8401266.0
2026-01-25 14:15:00,1769350500000,0.12332,0.12358,0.12211,0.12264,3274672.0
2026-01-25 14:30:00,1769351400000,0.12264,0.12406,0.12169,0.12349,8060523.0
2026-01-25 14:45:00,1769352300000,0.12349,0.12408,0.12284,0.12384,2777343.0
2026-01-25 15:00:00,1769353200000,0.12384,0.12415,0.1235,0.12404,1377409.0
2026-01-25 15:15:00,1769354100000,0.12404,0.12455,0.12336,0.12452,1310932.0
2026-01-25 15:30:00,1769355000000,0.12452,0.12455,0.12341,0.12351,1258596.0
2026-01-25 15:45:00,1769355900000,0.12351,0.1238,0.12325,0.12372,1125582.0
2026-01-25 16:00:00,1769356800000,0.12372,0.12372,0.12106,0.12155,11516679.0
2026-01-25 16:15:00,1769357700000,0.12155,0.12183,0.11929,0.12044,11382354.0
2026-01-25 16:30:00,1769358600000,0.12044,0.12081,0.11933,0.11961,3877491.0
2026-01-25 16:45:00,1769359500000,0.11961,0.12045,0.11916,0.12024,2639675.0
2026-01-25 17:00:00,1769360400000,0.12024,0.12061,0.11935,0.11939,3473647.0
2026-01-25 17:15:00,1769361300000,0.11939,0.1198,0.11891,0.11954,3083657.0
2026-01-25 17:30:00,1769362200000,0.11954,0.11985,0.1188,0.11982,1685952.0
2026-01-25 17:45:00,1769363100000,0.11982,0.11988,0.11848,0.11886,1673284.0
2026-01-25 18:00:00,1769364000000,0.11886,0.11958,0.11751,0.11908,10918123.0
2026-01-25 18:15:00,1769364900000,0.11908,0.11998,0.11875,0.11886,3611463.0
2026-01-25 18:30:00,1769365800000,0.11886,0.1191,0.11773,0.11841,3192488.0
2026-01-25 18:45:00,1769366700000,0.11841,0.11888,0.11777,0.1184,3093271.0
2026-01-25 19:00:00,1769367600000,0.1184,0.11875,0.11793,0.11795,2252484.0
2026-01-25 19:15:00,1769368500000,0.11795,0.11795,0.11576,0.11614,13451214.0
2026-01-25 19:30:00,1769369400000,0.11614,0.11668,0.11557,0.11632,4553580.0
2026-01-25 19:45:00,1769370300000,0.11632,0.11638,0.11389,0.11477,10650366.0
2026-01-25 20:00:00,1769371200000,0.11477,0.11578,0.11477,0.11521,2852971.0
2026-01-25 20:15:00,1769372100000,0.11521,0.11572,0.11498,0.11542,2023156.0
2026-01-25 20:30:00,1769373000000,0.11542,0.11548,0.11455,0.11496,2207992.0
2026-01-25 20:45:00,1769373900000,0.11496,0.11597,0.11474,0.11591,3391765.0
2026-01-25 21:00:00,1769374800000,0.11591,0.11705,0.11591,0.11669,3432735.0
2026-01-25 21:15:00,1769375700000,0.11669,0.11718,0.11657,0.11706,1732273.0
2026-01-25 21:30:00,1769376600000,0.11706,0.11726,0.11639,0.11689,2143415.0
2026-01-25 21:45:00,1769377500000,0.11689,0.11736,0.11675,0.11708,2121902.0
2026-01-25 22:00:00,1769378400000,0.11708,0.11739,0.11675,0.11714,2383973.0
2026-01-25 22:15:00,1769379300000,0.11714,0.11723,0.11612,0.11637,1083149.0
2026-01-25 22:30:00,1769380200000,0.11637,0.11687,0.11587,0.11677,1549493.0
2026-01-25 22:45:00,1769381100000,0.11677,0.1169,0.11603,0.11688,593962.0
2026-01-25 23:00:00,1769382000000,0.11688,0.11776,0.1162,0.1176,1803960.0
2026-01-25 23:15:00,1769382900000,0.1176,0.11874,0.11735,0.11805,1912056.0
2026-01-25 23:30:00,1769383800000,0.11805,0.11864,0.11804,0.11844,1259259.0
2026-01-25 23:45:00,1769384700000,0.11844,0.119,0.11842,0.11863,1272846.0
2026-01-26 00:00:00,1769385600000,0.11863,0.11863,0.1178,0.11845,2662093.0
2026-01-26 00:15:00,1769386500000,0.11845,0.11919,0.11829,0.11878,1719456.0
2026-01-26 00:30:00,1769387400000,0.11878,0.11892,0.11805,0.11807,2257151.0
2026-01-26 00:45:00,1769388300000,0.11807,0.11942,0.118,0.11941,2878727.0
2026-01-26 01:00:00,1769389200000,0.11941,0.12219,0.1192,0.12173,4082533.0
2026-01-26 01:15:00,1769390100000,0.12173,0.12195,0.12064,0.12073,4130836.0
2026-01-26 01:30:00,1769391000000,0.12073,0.12143,0.12072,0.12119,2814100.0
2026-01-26 01:45:00,1769391900000,0.12119,0.12154,0.1208,0.12124,2392042.0
2026-01-26 02:00:00,1769392800000,0.12124,0.12132,0.12021,0.12039,2264735.0
2026-01-26 02:15:00,1769393700000,0.12039,0.12097,0.12,0.12088,1486751.0
2026-01-26 02:30:00,1769394600000,0.12088,0.12088,0.12028,0.12034,778664.0
2026-01-26 02:45:00,1769395500000,0.12034,0.12059,0.12004,0.12031,589126.0
2026-01-26 03:00:00,1769396400000,0.12031,0.12092,0.12028,0.12031,1187656.0
2026-01-26 03:15:00,1769397300000,0.12031,0.12038,0.11915,0.11926,2419894.0
2026-01-26 03:30:00,1769398200000,0.11926,0.11937,0.11851,0.11867,1346940.0
2026-01-26 03:45:00,1769399100000,0.11867,0.11879,0.11828,0.11869,1563153.0
2026-01-26 04:00:00,1769400000000,0.11869,0.11918,0.11869,0.1191,1567986.0
2026-01-26 04:15:00,1769400900000,0.1191,0.12038,0.11882,0.12004,1883640.0
2026-01-26 04:30:00,1769401800000,0.12004,0.12016,0.11945,0.11947,1119790.0
2026-01-26 04:45:00,1769402700000,0.11947,0.11977,0.11941,0.11954,624817.0
2026-01-26 05:00:00,1769403600000,0.11954,0.11974,0.11928,0.11934,1120266.0
2026-01-26 05:15:00,1769404500000,0.11934,0.11951,0.11907,0.11921,732827.0
2026-01-26 05:30:00,1769405400000,0.11921,0.11931,0.11879,0.11908,810098.0
2026-01-26 05:45:00,1769406300000,0.11908,0.11936,0.11899,0.11917,559346.0
2026-01-26 06:00:00,1769407200000,0.11917,0.11921,0.11853,0.11857,1134357.0
2026-01-26 06:15:00,1769408100000,0.11857,0.11911,0.11841,0.11908,1449321.0
2026-01-26 06:30:00,1769409000000,0.11908,0.11917,0.11872,0.11907,1353077.0
2026-01-26 06:45:00,1769409900000,0.11907,0.11944,0.11891,0.11912,1361415.0
2026-01-26 07:00:00,1769410800000,0.11912,0.11946,0.11885,0.11939,716782.0
2026-01-26 07:15:00,1769411700000,0.11939,0.11978,0.11896,0.11899,1731020.0
2026-01-26 07:30:00,1769412600000,0.11899,0.11912,0.1186,0.1188,1175980.0
2026-01-26 07:45:00,1769413500000,0.1188,0.11947,0.1187,0.11935,1088998.0
2026-01-26 08:00:00,1769414400000,0.11935,0.11991,0.11888,0.11892,2496440.0
2026-01-26 08:15:00,1769415300000,0.11892,0.12057,0.11862,0.11991,3655227.0
2026-01-26 08:30:00,1769416200000,0.11991,0.12021,0.11927,0.11946,1891709.0
2026-01-26 08:45:00,1769417100000,0.11946,0.11991,0.11944,0.11977,1256027.0
2026-01-26 09:00:00,1769418000000,0.11977,0.11999,0.11881,0.11885,2031671.0
2026-01-26 09:15:00,1769418900000,0.11885,0.11889,0.11855,0.11858,1115219.0
2026-01-26 09:30:00,1769419800000,0.11858,0.1187,0.11803,0.11851,1603296.0
2026-01-26 09:45:00,1769420700000,0.11851,0.11862,0.11809,0.11833,840168.0
2026-01-26 10:00:00,1769421600000,0.11833,0.1207,0.11833,0.12018,3604053.0
2026-01-26 10:15:00,1769422500000,0.12018,0.12065,0.12008,0.12059,1722169.0
2026-01-26 10:30:00,1769423400000,0.12059,0.12077,0.12004,0.12021,1235869.0
2026-01-26 10:45:00,1769424300000,0.12021,0.12046,0.1202,0.12029,810693.0
2026-01-26 11:00:00,1769425200000,0.12029,0.12082,0.12023,0.12058,932344.0
2026-01-26 11:15:00,1769426100000,0.12058,0.12061,0.12021,0.12029,827683.0
2026-01-26 11:30:00,1769427000000,0.12029,0.12037,0.11989,0.12009,1581931.0
2026-01-26 11:45:00,1769427900000,0.12009,0.12013,0.1198,0.11986,600871.0
2026-01-26 12:00:00,1769428800000,0.11986,0.12105,0.11986,0.12052,1705736.0
2026-01-26 12:15:00,1769429700000,0.12052,0.12097,0.12032,0.12059,1593603.0
2026-01-26 12:30:00,1769430600000,0.12059,0.12059,0.1201,0.12011,881799.0
2026-01-26 12:45:00,1769431500000,0.12011,0.1206,0.12011,0.12059,574826.0
2026-01-26 13:00:00,1769432400000,0.12059,0.12121,0.12058,0.12111,1005104.0
2026-01-26 13:15:00,1769433300000,0.12111,0.1219,0.1208,0.12156,1382830.0
2026-01-26 13:30:00,1769434200000,0.12156,0.12238,0.12131,0.12152,2393838.0
2026-01-26 13:45:00,1769435100000,0.12152,0.12165,0.12107,0.12146,1266210.0
2026-01-26 14:00:00,1769436000000,0.12146,0.12171,0.12017,0.12029,2319989.0
2026-01-26 14:15:00,1769436900000,0.12029,0.12067,0.12017,0.12052,1452468.0
2026-01-26 14:30:00,1769437800000,0.12052,0.12319,0.12005,0.12208,5950784.0
2026-01-26 14:45:00,1769438700000,0.12208,0.1226,0.12156,0.12239,3841143.0
2026-01-26 15:00:00,1769439600000,0.12239,0.12402,0.12164,0.12398,6565267.0
2026-01-26 15:15:00,1769440500000,0.12398,0.12451,0.12296,0.1232,7314983.0
2026-01-26 15:30:00,1769441400000,0.1232,0.12327,0.12109,0.12143,5269552.0
2026-01-26 15:45:00,1769442300000,0.12143,0.1224,0.12116,0.12221,1554002.0
2026-01-26 16:00:00,1769443200000,0.12221,0.12283,0.12177,0.12222,1589675.0
2026-01-26 16:15:00,1769444100000,0.12222,0.12368,0.12142,0.12316,2516341.0
2026-01-26 16:30:00,1769445000000,0.12316,0.12423,0.12298,0.12298,2916436.0
2026-01-26 16:45:00,1769445900000,0.12298,0.1247,0.12281,0.12384,4104762.0
2026-01-26 17:00:00,1769446800000,0.12384,0.12444,0.12313,0.12328,3047507.0
2026-01-26 17:15:00,1769447700000,0.12328,0.12388,0.1224,0.12242,3008201.0
2026-01-26 17:30:00,1769448600000,0.12242,0.12349,0.12179,0.12303,2093250.0
2026-01-26 17:45:00,1769449500000,0.12303,0.12403,0.12303,0.12403,1988355.0
2026-01-26 18:00:00,1769450400000,0.12403,0.12437,0.1238,0.12381,2216440.0
2026-01-26 18:15:00,1769451300000,0.12381,0.12453,0.12331,0.12438,2321824.0
2026-01-26 18:30:00,1769452200000,0.12438,0.12644,0.12436,0.12476,5130605.0
2026-01-26 18:45:00,1769453100000,0.12476,0.12527,0.1245,0.12514,1517652.0
2026-01-26 19:00:00,1769454000000,0.12514,0.12597,0.1251,0.12519,2256818.0
2026-01-26 19:15:00,1769454900000,0.12519,0.12529,0.12463,0.12472,1030883.0
2026-01-26 19:30:00,1769455800000,0.12472,0.12525,0.12461,0.12481,1036376.0
2026-01-26 19:45:00,1769456700000,0.12481,0.12498,0.12425,0.12454,1151975.0
2026-01-26 20:00:00,1769457600000,0.12454,0.1249,0.12363,0.12394,1946175.0
2026-01-26 20:15:00,1769458500000,0.12394,0.12423,0.12348,0.12369,2104496.0
2026-01-26 20:30:00,1769459400000,0.12369,0.1239,0.1234,0.12348,1794215.0
2026-01-26 20:45:00,1769460300000,0.12348,0.12365,0.12305,0.12345,1309013.0
2026-01-26 21:00:00,1769461200000,0.12345,0.1239,0.12305,0.12377,1596688.0
2026-01-26 21:15:00,1769462100000,0.12377,0.12398,0.1234,0.12395,630960.0
2026-01-26 21:30:00,1769463000000,0.12395,0.12564,0.12395,0.12523,2566336.0
2026-01-26 21:45:00,1769463900000,0.12523,0.12554,0.12514,0.12527,870780.0
2026-01-26 22:00:00,1769464800000,0.12527,0.12596,0.12497,0.12553,1409421.0
2026-01-26 22:15:00,1769465700000,0.12553,0.12564,0.12483,0.1249,503210.0
2026-01-26 22:30:00,1769466600000,0.1249,0.12573,0.12467,0.12512,1075868.0
2026-01-26 22:45:00,1769467500000,0.12512,0.12535,0.12506,0.1251,308240.0
2026-01-26 23:00:00,1769468400000,0.1251,0.12539,0.12442,0.12514,1276819.0
2026-01-26 23:15:00,1769469300000,0.12514,0.12514,0.12472,0.12499,721915.0
2026-01-26 23:30:00,1769470200000,0.12499,0.12543,0.12486,0.12486,655592.0
2026-01-26 23:45:00,1769471100000,0.12486,0.12509,0.12479,0.12487,613925.0
2026-01-27 00:00:00,1769472000000,0.12487,0.12489,0.12399,0.12445,1450152.0
2026-01-27 00:15:00,1769472900000,0.12445,0.1248,0.12433,0.12445,825119.0
2026-01-27 00:30:00,1769473800000,0.12445,0.12464,0.12422,0.1245,383071.0
2026-01-27 00:45:00,1769474700000,0.1245,0.12514,0.12428,0.12512,789292.0
2026-01-27 01:00:00,1769475600000,0.12512,0.12512,0.12392,0.12407,684442.0
2026-01-27 01:15:00,1769476500000,0.12407,0.12485,0.124,0.12467,886854.0
2026-01-27 01:30:00,1769477400000,0.12467,0.12547,0.12455,0.12528,2251244.0
2026-01-27 01:45:00,1769478300000,0.12528,0.12583,0.12515,0.12549,1290424.0
2026-01-27 02:00:00,1769479200000,0.12549,0.12639,0.12549,0.12585,1442794.0
2026-01-27 02:15:00,1769480100000,0.12585,0.12669,0.12585,0.12621,1493332.0
2026-01-27 02:30:00,1769481000000,0.12621,0.12645,0.12591,0.12603,1060920.0
2026-01-27 02:45:00,1769481900000,0.12603,0.12669,0.12595,0.12638,1526311.0
2026-01-27 03:00:00,1769482800000,0.12638,0.12699,0.12621,0.12659,2031597.0
2026-01-27 03:15:00,1769483700000,0.12659,0.12781,0.12657,0.12753,2040547.0
2026-01-27 03:30:00,1769484600000,0.12753,0.12825,0.12715,0.12794,1387706.0
2026-01-27 03:45:00,1769485500000,0.12794,0.12917,0.12755,0.12814,3138410.0
2026-01-27 04:00:00,1769486400000,0.12814,0.12888,0.12793,0.12875,3501685.0
2026-01-27 04:15:00,1769487300000,0.12875,0.12891,0.12751,0.12831,2290204.0
2026-01-27 04:30:00,1769488200000,0.12831,0.12832,0.12731,0.1274,1241830.0
2026-01-27 04:45:00,1769489100000,0.1274,0.12765,0.12698,0.12751,1129764.0
2026-01-27 05:00:00,1769490000000,0.12751,0.12761,0.12667,0.12689,2494308.0
2026-01-27 05:15:00,1769490900000,0.12689,0.12704,0.12651,0.12702,1093809.0
2026-01-27 05:30:00,1769491800000,0.12702,0.12857,0.12702,0.12792,2405984.0
2026-01-27 05:45:00,1769492700000,0.12792,0.12836,0.12778,0.12813,1045244.0
2026-01-27 06:00:00,1769493600000,0.12813,0.12835,0.12637,0.12669,2435867.0
2026-01-27 06:15:00,1769494500000,0.12669,0.12718,0.12644,0.12665,1133172.0
2026-01-27 06:30:00,1769495400000,0.12665,0.12677,0.12609,0.12616,2415828.0
2026-01-27 06:45:00,1769496300000,0.12616,0.12648,0.126,0.12625,1207999.0
2026-01-27 07:00:00,1769497200000,0.12625,0.1273,0.12622,0.1273,1269948.0
2026-01-27 07:15:00,1769498100000,0.1273,0.1274,0.12638,0.12649,1326035.0
2026-01-27 07:30:00,1769499000000,0.12649,0.12778,0.12556,0.12738,4492747.0
2026-01-27 07:45:00,1769499900000,0.12738,0.12739,0.1268,0.12719,2549507.0
2026-01-27 08:00:00,1769500800000,0.12719,0.12865,0.12718,0.12782,3830602.0
2026-01-27 08:15:00,1769501700000,0.12782,0.12789,0.12696,0.1271,2565380.0
2026-01-27 08:30:00,1769502600000,0.1271,0.12724,0.12669,0.12683,921919.0
2026-01-27 08:45:00,1769503500000,0.12683,0.12807,0.12683,0.12774,2449963.0
2026-01-27 09:00:00,1769504400000,0.12774,0.12798,0.12666,0.12709,2305662.0
2026-01-27 09:15:00,1769505300000,0.12709,0.12723,0.12568,0.12639,3433436.0
2026-01-27 09:30:00,1769506200000,0.12639,0.12745,0.12635,0.127,1476434.0
2026-01-27 09:45:00,1769507100000,0.127,0.127,0.12632,0.12662,950543.0
2026-01-27 10:00:00,1769508000000,0.12662,0.12738,0.12655,0.12732,1233393.0
2026-01-27 10:15:00,1769508900000,0.12732,0.1275,0.127,0.1273,594640.0
2026-01-27 10:30:00,1769509800000,0.1273,0.1273,0.12673,0.12711,1122924.0
2026-01-27 10:45:00,1769510700000,0.12711,0.12769,0.12688,0.12697,1691137.0
2026-01-27 11:00:00,1769511600000,0.12697,0.12703,0.1264,0.12666,1491701.0
2026-01-27 11:15:00,1769512500000,0.12666,0.12695,0.1263,0.12659,1523704.0
2026-01-27 11:30:00,1769513400000,0.12659,0.1281,0.12652,0.1277,1966014.0
2026-01-27 11:45:00,1769514300000,0.1277,0.12784,0.12701,0.12711,1269613.0
2026-01-27 12:00:00,1769515200000,0.12711,0.12711,0.12645,0.12658,1314104.0
2026-01-27 12:15:00,1769516100000,0.12658,0.12802,0.1264,0.12796,3718955.0
2026-01-27 12:30:00,1769517000000,0.12796,0.12862,0.12674,0.12746,5131749.0
2026-01-27 12:45:00,1769517900000,0.12746,0.12986,0.1271,0.12963,6248733.0
2026-01-27 13:00:00,1769518800000,0.12963,0.13259,0.12938,0.13174,24868409.0
2026-01-27 13:15:00,1769519700000,0.13174,0.13189,0.12856,0.1289,10595137.0
2026-01-27 13:30:00,1769520600000,0.1289,0.12915,0.125,0.12602,20500020.0
2026-01-27 13:45:00,1769521500000,0.12602,0.12624,0.12473,0.1252,9174850.0
2026-01-27 14:00:00,1769522400000,0.1252,0.1269,0.12519,0.12685,4468109.0
2026-01-27 14:15:00,1769523300000,0.12685,0.12735,0.12589,0.12589,3546544.0
2026-01-27 14:30:00,1769524200000,0.12589,0.12633,0.12458,0.1248,4794091.0
2026-01-27 14:45:00,1769525100000,0.1248,0.12644,0.12437,0.12569,6177393.0
2026-01-27 15:00:00,1769526000000,0.12569,0.12648,0.12531,0.1257,4909051.0
2026-01-27 15:15:00,1769526900000,0.1257,0.12591,0.12466,0.1247,3425434.0
2026-01-27 15:30:00,1769527800000,0.1247,0.12524,0.12438,0.12469,2271705.0
2026-01-27 15:45:00,1769528700000,0.12469,0.12682,0.12468,0.12674,2755514.0
2026-01-27 16:00:00,1769529600000,0.12674,0.1286,0.12637,0.12807,6014251.0
2026-01-27 16:15:00,1769530500000,0.12807,0.12867,0.12778,0.12798,6998519.0
2026-01-27 16:30:00,1769531400000,0.12798,0.13052,0.12796,0.13045,8167172.0
2026-01-27 16:45:00,1769532300000,0.13045,0.13078,0.12963,0.13004,6970747.0
2026-01-27 17:00:00,1769533200000,0.13004,0.13031,0.1282,0.12837,3689607.0
2026-01-27 17:15:00,1769534100000,0.12837,0.12851,0.12674,0.12814,5298049.0
2026-01-27 17:30:00,1769535000000,0.12814,0.12888,0.12663,0.12678,5410014.0
2026-01-27 17:45:00,1769535900000,0.12678,0.12754,0.12651,0.12754,3581027.0
2026-01-27 18:00:00,1769536800000,0.12754,0.12871,0.12711,0.12804,2257973.0
2026-01-27 18:15:00,1769537700000,0.12804,0.12858,0.12756,0.12823,1457498.0
2026-01-27 18:30:00,1769538600000,0.12823,0.12864,0.1274,0.12816,2139542.0
2026-01-27 18:45:00,1769539500000,0.12816,0.13104,0.12816,0.1305,5214040.0
2026-01-27 19:00:00,1769540400000,0.1305,0.13341,0.13,0.13276,8013604.0
2026-01-27 19:15:00,1769541300000,0.13276,0.13389,0.13193,0.13389,6367127.0
2026-01-27 19:30:00,1769542200000,0.13389,0.1362,0.13285,0.13593,9673376.0
2026-01-27 19:45:00,1769543100000,0.13593,0.13734,0.13517,0.13576,11718935.0
2026-01-27 20:00:00,1769544000000,0.13576,0.13913,0.13568,0.13846,12622024.0
2026-01-27 20:15:00,1769544900000,0.13846,0.14028,0.13772,0.13813,9844359.0
2026-01-27 20:30:00,1769545800000,0.13813,0.13874,0.13628,0.137,8105912.0
2026-01-27 20:45:00,1769546700000,0.137,0.13797,0.13671,0.13778,6862917.0
2026-01-27 21:00:00,1769547600000,0.13778,0.13783,0.13613,0.13622,5188554.0
2026-01-27 21:15:00,1769548500000,0.13622,0.139,0.13617,0.13844,4926911.0
2026-01-27 21:30:00,1769549400000,0.13844,0.13861,0.13632,0.1375,4431901.0
2026-01-27 21:45:00,1769550300000,0.1375,0.13797,0.13637,0.1364,4808746.0
2026-01-27 22:00:00,1769551200000,0.1364,0.13698,0.13565,0.13646,5211906.0
2026-01-27 22:15:00,1769552100000,0.13646,0.13714,0.13576,0.13608,2658982.0
2026-01-27 22:30:00,1769553000000,0.13608,0.13909,0.13608,0.13887,2628804.0
2026-01-27 22:45:00,1769553900000,0.13887,0.13904,0.13801,0.13841,1819571.0
2026-01-27 23:00:00,1769554800000,0.13841,0.14036,0.13812,0.13945,3408529.0
2026-01-27 23:15:00,1769555700000,0.13945,0.13963,0.13831,0.13963,2797457.0
2026-01-27 23:30:00,1769556600000,0.13963,0.14064,0.1389,0.13925,3920581.0
2026-01-27 23:45:00,1769557500000,0.13925,0.141,0.13841,0.13857,4429970.0
2026-01-28 00:00:00,1769558400000,0.13857,0.13857,0.13626,0.13711,4720418.0
2026-01-28 00:15:00,1769559300000,0.13711,0.13943,0.13657,0.13866,3845155.0
2026-01-28 00:30:00,1769560200000,0.13866,0.13872,0.1377,0.13798,2027821.0
2026-01-28 00:45:00,1769561100000,0.13798,0.14,0.13791,0.13998,1965627.0
2026-01-28 01:00:00,1769562000000,0.13998,0.14098,0.13803,0.1382,6246006.0
2026-01-28 01:15:00,1769562900000,0.1382,0.13836,0.13595,0.13606,5341219.0
2026-01-28 01:30:00,1769563800000,0.13606,0.13695,0.13606,0.13684,1717102.0
2026-01-28 01:45:00,1769564700000,0.13684,0.13882,0.13675,0.13865,2845085.0
2026-01-28 02:00:00,1769565600000,0.13865,0.14033,0.13846,0.13879,3978309.0
2026-01-28 02:15:00,1769566500000,0.13879,0.142,0.13851,0.14098,5598162.0
2026-01-28 02:30:00,1769567400000,0.14098,0.14117,0.13914,0.1393,3391804.0
2026-01-28 02:45:00,1769568300000,0.1393,0.13964,0.13854,0.13911,2480768.0
2026-01-28 03:00:00,1769569200000,0.13911,0.13986,0.138,0.13887,2926465.0
2026-01-28 03:15:00,1769570100000,0.13887,0.14081,0.13861,0.13998,4885269.0
2026-01-28 03:30:00,1769571000000,0.13998,0.1409,0.13945,0.14048,1746652.0
2026-01-28 03:45:00,1769571900000,0.14048,0.14117,0.14004,0.14015,1895509.0
2026-01-28 04:00:00,1769572800000,0.14015,0.14116,0.14006,0.14032,3082562.0
2026-01-28 04:15:00,1769573700000,0.14032,0.14032,0.13916,0.13964,2106521.0
2026-01-28 04:30:00,1769574600000,0.13964,0.14066,0.13923,0.13938,4271018.0
2026-01-28 04:45:00,1769575500000,0.13938,0.14007,0.139,0.13984,1411814.0
2026-01-28 05:00:00,1769576400000,0.13984,0.14419,0.13984,0.1414,8342417.0
2026-01-28 05:15:00,1769577300000,0.1414,0.1426,0.14048,0.14055,6074041.0
2026-01-28 05:30:00,1769578200000,0.14055,0.14325,0.14054,0.14284,3550658.0
2026-01-28 05:45:00,1769579100000,0.14284,0.14435,0.14283,0.14432,4809730.0
2026-01-28 06:00:00,1769580000000,0.14432,0.14678,0.14432,0.14612,6707036.0
2026-01-28 06:15:00,1769580900000,0.14612,0.14649,0.1427,0.14408,8368760.0
2026-01-28 06:30:00,1769581800000,0.14408,0.14476,0.14248,0.14307,3857035.0
2026-01-28 06:45:00,1769582700000,0.14307,0.14423,0.14269,0.14333,2497279.0
2026-01-28 07:00:00,1769583600000,0.14333,0.14459,0.14333,0.14384,2364964.0
2026-01-28 07:15:00,1769584500000,0.14384,0.14413,0.14133,0.14193,6530669.0
2026-01-28 07:30:00,1769585400000,0.14193,0.14295,0.14149,0.14279,3928760.0
2026-01-28 07:45:00,1769586300000,0.14279,0.143,0.14193,0.14251,1387619.0
2026-01-28 08:00:00,1769587200000,0.14251,0.14515,0.14251,0.14464,3977737.0
2026-01-28 08:15:00,1769588100000,0.14464,0.14557,0.14377,0.14402,3539832.0
2026-01-28 08:30:00,1769589000000,0.14402,0.14469,0.14218,0.14232,6017339.0
2026-01-28 08:45:00,1769589900000,0.14232,0.14328,0.14225,0.14241,2304937.0
2026-01-28 09:00:00,1769590800000,0.14241,0.14338,0.14232,0.14239,2051879.0
2026-01-28 09:15:00,1769591700000,0.14239,0.14291,0.14165,0.14272,1958032.0
2026-01-28 09:30:00,1769592600000,0.14272,0.14523,0.14266,0.1449,3413604.0
2026-01-28 09:45:00,1769593500000,0.1449,0.14498,0.14328,0.14492,4488471.0
2026-01-28 10:00:00,1769594400000,0.14492,0.14596,0.1442,0.14596,3750427.0
2026-01-28 10:15:00,1769595300000,0.14596,0.14603,0.14473,0.1452,6812764.0
2026-01-28 10:30:00,1769596200000,0.1452,0.14649,0.14513,0.14531,4424214.0
2026-01-28 10:45:00,1769597100000,0.14531,0.14574,0.14426,0.14501,5242244.0
2026-01-28 11:00:00,1769598000000,0.14501,0.14719,0.14495,0.14553,3310837.0
2026-01-28 11:15:00,1769598900000,0.14553,0.14568,0.1449,0.1454,2093929.0
2026-01-28 11:30:00,1769599800000,0.1454,0.14557,0.14266,0.14361,10785609.0
2026-01-28 11:45:00,1769600700000,0.14361,0.14392,0.1431,0.14343,3671070.0
2026-01-28 12:00:00,1769601600000,0.14343,0.14425,0.1423,0.1425,3810772.0
2026-01-28 12:15:00,1769602500000,0.1425,0.14312,0.14235,0.14244,1242635.0
2026-01-28 12:30:00,1769603400000,0.14244,0.14275,0.1419,0.14197,1513225.0
2026-01-28 12:45:00,1769604300000,0.14197,0.14224,0.13984,0.14058,8637712.0
2026-01-28 13:00:00,1769605200000,0.14058,0.1413,0.14037,0.14061,3376324.0
2026-01-28 13:15:00,1769606100000,0.14061,0.14116,0.14019,0.14092,2306442.0
2026-01-28 13:30:00,1769607000000,0.14092,0.14161,0.14054,0.14095,5136402.0
2026-01-28 13:45:00,1769607900000,0.14095,0.14095,0.13913,0.14046,6498557.0
2026-01-28 14:00:00,1769608800000,0.14046,0.14466,0.1404,0.14372,13219269.0
2026-01-28 14:15:00,1769609700000,0.14372,0.14425,0.14208,0.14377,6092607.0
2026-01-28 14:30:00,1769610600000,0.14377,0.1457,0.14286,0.14498,14898680.0
2026-01-28 14:45:00,1769611500000,0.14498,0.14645,0.14481,0.14577,9846295.0
2026-01-28 15:00:00,1769612400000,0.14577,0.14627,0.14353,0.14415,7618406.0
2026-01-28 15:15:00,1769613300000,0.14415,0.14452,0.14211,0.1436,9722744.0
2026-01-28 15:30:00,1769614200000,0.1436,0.14368,0.14271,0.14353,1940532.0
2026-01-28 15:45:00,1769615100000,0.14353,0.14387,0.14242,0.14276,3012196.0
2026-01-28 16:00:00,1769616000000,0.14276,0.14304,0.14154,0.14173,3563623.0
2026-01-28 16:15:00,1769616900000,0.14173,0.1439,0.14172,0.14384,2680559.0
2026-01-28 16:30:00,1769617800000,0.14384,0.14496,0.14315,0.14351,3481793.0
2026-01-28 16:45:00,1769618700000,0.14351,0.14415,0.14289,0.14293,2164793.0
2026-01-28 17:00:00,1769619600000,0.14293,0.14388,0.14273,0.14328,1935866.0
2026-01-28 17:15:00,1769620500000,0.14328,0.14341,0.14249,0.14324,2023413.0
2026-01-28 17:30:00,1769621400000,0.14324,0.14369,0.1425,0.14329,2509155.0
2026-01-28 17:45:00,1769622300000,0.14329,0.14436,0.14307,0.14384,3225535.0
2026-01-28 18:00:00,1769623200000,0.14384,0.14385,0.14268,0.14336,2551775.0
2026-01-28 18:15:00,1769624100000,0.14336,0.14358,0.14248,0.14288,1728665.0
2026-01-28 18:30:00,1769625000000,0.14288,0.14336,0.1427,0.14298,2023679.0
2026-01-28 18:45:00,1769625900000,0.14298,0.14357,0.14277,0.14353,1550279.0
2026-01-28 19:00:00,1769626800000,0.14353,0.1445,0.14327,0.1435,3323715.0
2026-01-28 19:15:00,1769627700000,0.1435,0.14515,0.14337,0.14468,4056799.0
2026-01-28 19:30:00,1769628600000,0.14468,0.14496,0.14325,0.1435,3394937.0
2026-01-28 19:45:00,1769629500000,0.1435,0.14541,0.1435,0.14462,2706616.0
2026-01-28 20:00:00,1769630400000,0.14462,0.1457,0.1444,0.1453,2259324.0
2026-01-28 20:15:00,1769631300000,0.1453,0.14633,0.14522,0.14592,2741503.0
2026-01-28 20:30:00,1769632200000,0.14592,0.14594,0.14423,0.14457,1988226.0
2026-01-28 20:45:00,1769633100000,0.14457,0.14542,0.14409,0.14517,2757157.0
2026-01-28 21:00:00,1769634000000,0.14517,0.14664,0.14422,0.14543,5810840.0
2026-01-28 21:15:00,1769634900000,0.14543,0.14676,0.14486,0.14506,2863165.0
2026-01-28 21:30:00,1769635800000,0.14506,0.14526,0.14383,0.14472,3274981.0
2026-01-28 21:45:00,1769636700000,0.14472,0.14616,0.14439,0.14611,3403257.0
2026-01-28 22:00:00,1769637600000,0.14611,0.14674,0.14482,0.14538,3771554.0
2026-01-28 22:15:00,1769638500000,0.14538,0.1455,0.14471,0.14536,824236.0
2026-01-28 22:30:00,1769639400000,0.14536,0.14688,0.14536,0.14624,1275004.0
2026-01-28 22:45:00,1769640300000,0.14624,0.14735,0.14616,0.14702,1843099.0
2026-01-28 23:00:00,1769641200000,0.14702,0.14702,0.1452,0.14572,5134713.0
2026-01-28 23:15:00,1769642100000,0.14572,0.14642,0.14531,0.14545,2132572.0
2026-01-28 23:30:00,1769643000000,0.14545,0.14573,0.14473,0.14526,3740512.0
2026-01-28 23:45:00,1769643900000,0.14526,0.14573,0.14461,0.14502,1410018.0
2026-01-29 00:00:00,1769644800000,0.14502,0.14536,0.14309,0.14393,3652077.0
2026-01-29 00:15:00,1769645700000,0.14393,0.144,0.14065,0.14162,7872311.0
2026-01-29 00:30:00,1769646600000,0.14162,0.14194,0.14047,0.14109,5065807.0
2026-01-29 00:45:00,1769647500000,0.14109,0.14185,0.14026,0.14178,2169130.0
2026-01-29 01:00:00,1769648400000,0.14178,0.14212,0.14075,0.14147,1900691.0
2026-01-29 01:15:00,1769649300000,0.14147,0.14152,0.1399,0.14106,2821408.0
2026-01-29 01:30:00,1769650200000,0.14106,0.14114,0.13967,0.13989,3429565.0
2026-01-29 01:45:00,1769651100000,0.13989,0.14025,0.13829,0.13873,5389969.0
2026-01-29 02:00:00,1769652000000,0.13873,0.13968,0.13873,0.13963,1255567.0
2026-01-29 02:15:00,1769652900000,0.13963,0.14135,0.13918,0.14103,3845750.0
2026-01-29 02:30:00,1769653800000,0.14103,0.14233,0.13916,0.14088,7829565.0
2026-01-29 02:45:00,1769654700000,0.14088,0.14156,0.13871,0.14137,9001607.0
2026-01-29 03:00:00,1769655600000,0.14137,0.14404,0.14033,0.14324,8505019.0
2026-01-29 03:15:00,1769656500000,0.14324,0.14345,0.14089,0.1411,2707856.0
2026-01-29 03:30:00,1769657400000,0.1411,0.1412,0.13757,0.1386,6394119.0
2026-01-29 03:45:00,1769658300000,0.1386,0.13878,0.13688,0.13811,6551010.0
2026-01-29 04:00:00,1769659200000,0.13811,0.13832,0.13751,0.13772,1160016.0
2026-01-29 04:15:00,1769660100000,0.13772,0.13809,0.13715,0.13754,2215515.0
2026-01-29 04:30:00,1769661000000,0.13754,0.13845,0.13745,0.13771,2434159.0
2026-01-29 04:45:00,1769661900000,0.13771,0.13834,0.13771,0.13812,1271064.0
2026-01-29 05:00:00,1769662800000,0.13812,0.13852,0.1376,0.13803,1207050.0
2026-01-29 05:15:00,1769663700000,0.13803,0.13805,0.13677,0.1369,2427205.0
2026-01-29 05:30:00,1769664600000,0.1369,0.1374,0.13676,0.13709,1156900.0
2026-01-29 05:45:00,1769665500000,0.13709,0.1372,0.13644,0.13665,2863925.0
2026-01-29 06:00:00,1769666400000,0.13665,0.13709,0.13651,0.13691,1548150.0
2026-01-29 06:15:00,1769667300000,0.13691,0.13959,0.13691,0.1389,5861756.0
2026-01-29 06:30:00,1769668200000,0.1389,0.13996,0.13841,0.13951,3008476.0
2026-01-29 06:45:00,1769669100000,0.13951,0.14062,0.13838,0.14062,4071511.0
2026-01-29 07:00:00,1769670000000,0.14062,0.14091,0.13984,0.13989,3279758.0
2026-01-29 07:15:00,1769670900000,0.13989,0.13989,0.13884,0.13892,2932054.0
2026-01-29 07:30:00,1769671800000,0.13892,0.13965,0.13881,0.13919,864445.0
2026-01-29 07:45:00,1769672700000,0.13919,0.13925,0.13863,0.13913,752084.0
2026-01-29 08:00:00,1769673600000,0.13913,0.13913,0.13848,0.13878,1929981.0
2026-01-29 08:15:00,1769674500000,0.13878,0.13913,0.13741,0.13894,5604368.0
2026-01-29 08:30:00,1769675400000,0.13894,0.13898,0.13789,0.13873,1358292.0
2026-01-29 08:45:00,1769676300000,0.13873,0.13944,0.13853,0.13866,1983993.0
2026-01-29 09:00:00,1769677200000,0.13866,0.13886,0.13798,0.1386,1858906.0
2026-01-29 09:15:00,1769678100000,0.1386,0.13881,0.13775,0.13791,1906623.0
2026-01-29 09:30:00,1769679000000,0.13791,0.1388,0.13759,0.13835,1507674.0
2026-01-29 09:45:00,1769679900000,0.13835,0.13837,0.1375,0.13778,1190309.0
2026-01-29 10:00:00,1769680800000,0.13778,0.13811,0.13645,0.13692,7097371.0
2026-01-29 10:15:00,1769681700000,0.13692,0.13725,0.13652,0.1367,3201812.0
2026-01-29 10:30:00,1769682600000,0.1367,0.1367,0.13611,0.13632,4239304.0
2026-01-29 10:45:00,1769683500000,0.13632,0.13665,0.1361,0.13662,2793419.0
2026-01-29 11:00:00,1769684400000,0.13662,0.1367,0.13598,0.13625,2519457.0
2026-01-29 11:15:00,1769685300000,0.13625,0.13625,0.13453,0.13487,4987103.0
2026-01-29 11:30:00,1769686200000,0.13487,0.1351,0.13454,0.13464,3263026.0
2026-01-29 11:45:00,1769687100000,0.13464,0.13573,0.13426,0.13489,3188471.0
2026-01-29 12:00:00,1769688000000,0.13489,0.138,0.13486,0.13762,10521175.0
2026-01-29 12:15:00,1769688900000,0.13762,0.1378,0.13684,0.13707,2351226.0
2026-01-29 12:30:00,1769689800000,0.13707,0.13715,0.1359,0.13682,2473139.0
2026-01-29 12:45:00,1769690700000,0.13682,0.13698,0.1361,0.13644,967914.0
2026-01-29 13:00:00,1769691600000,0.13644,0.13685,0.13623,0.13675,1290146.0
2026-01-29 13:15:00,1769692500000,0.13675,0.13713,0.13611,0.13709,881527.0
2026-01-29 13:30:00,1769693400000,0.13709,0.13732,0.13663,0.1369,737313.0
2026-01-29 13:45:00,1769694300000,0.1369,0.13785,0.13688,0.1375,1593820.0
2026-01-29 14:00:00,1769695200000,0.1375,0.13893,0.1375,0.13771,3368105.0
2026-01-29 14:15:00,1769696100000,0.13771,0.13783,0.1368,0.1368,2776677.0
2026-01-29 14:30:00,1769697000000,0.1368,0.13792,0.13618,0.13668,6626043.0
2026-01-29 14:45:00,1769697900000,0.13668,0.13697,0.13417,0.1348,7716328.0
2026-01-29 15:00:00,1769698800000,0.1348,0.13563,0.13055,0.13105,31750515.0
2026-01-29 15:15:00,1769699700000,0.13105,0.13278,0.12924,0.13191,20467871.0
2026-01-29 15:30:00,1769700600000,0.13191,0.13236,0.12951,0.12969,8875587.0
2026-01-29 15:45:00,1769701500000,0.12969,0.13164,0.12936,0.13151,5366468.0
2026-01-29 16:00:00,1769702400000,0.13151,0.13155,0.12972,0.13118,4769993.0
2026-01-29 16:15:00,1769703300000,0.13118,0.13213,0.13041,0.13074,3546187.0
2026-01-29 16:30:00,1769704200000,0.13074,0.13117,0.13057,0.13074,1961647.0
2026-01-29 16:45:00,1769705100000,0.13074,0.13308,0.13074,0.13293,6305086.0
2026-01-29 17:00:00,1769706000000,0.13293,0.13378,0.13219,0.13262,3954525.0
2026-01-29 17:15:00,1769706900000,0.13262,0.13421,0.13201,0.13221,3486981.0
2026-01-29 17:30:00,1769707800000,0.13221,0.13237,0.13126,0.13207,2567210.0
2026-01-29 17:45:00,1769708700000,0.13207,0.13227,0.13165,0.13201,2163219.0
2026-01-29 18:00:00,1769709600000,0.13201,0.13309,0.13189,0.13231,1787455.0
2026-01-29 18:15:00,1769710500000,0.13231,0.13231,0.13024,0.13039,4082523.0
2026-01-29 18:30:00,1769711400000,0.13039,0.13122,0.12941,0.13063,4502929.0
2026-01-29 18:45:00,1769712300000,0.13063,0.13081,0.127,0.12741,8857339.0
2026-01-29 19:00:00,1769713200000,0.12741,0.12836,0.12538,0.12595,12879538.0
2026-01-29 19:15:00,1769714100000,0.12595,0.1262,0.12363,0.12544,12549023.0
2026-01-29 19:30:00,1769715000000,0.12544,0.12755,0.12544,0.1272,5174271.0
2026-01-29 19:45:00,1769715900000,0.1272,0.12748,0.1263,0.12636,1507272.0
2026-01-29 20:00:00,1769716800000,0.12636,0.12645,0.12528,0.12552,3486850.0
2026-01-29 20:15:00,1769717700000,0.12552,0.12688,0.12543,0.12661,1488470.0
2026-01-29 20:30:00,1769718600000,0.12661,0.12691,0.12602,0.1266,1564706.0
2026-01-29 20:45:00,1769719500000,0.1266,0.12823,0.12632,0.12777,3466637.0
2026-01-29 21:00:00,1769720400000,0.12777,0.12875,0.12768,0.12833,2474600.0
2026-01-29 21:15:00,1769721300000,0.12833,0.12842,0.12685,0.12706,2732395.0
2026-01-29 21:30:00,1769722200000,0.12706,0.12782,0.12685,0.12767,2113740.0
2026-01-29 21:45:00,1769723100000,0.12767,0.12855,0.12758,0.12801,1505282.0
2026-01-29 22:00:00,1769724000000,0.12801,0.1284,0.12743,0.1277,1398582.0
2026-01-29 22:15:00,1769724900000,0.1277,0.12788,0.12722,0.1275,1839514.0
2026-01-29 22:30:00,1769725800000,0.1275,0.12766,0.12553,0.12647,2426131.0
2026-01-29 22:45:00,1769726700000,0.12647,0.12675,0.12627,0.12641,890904.0
2026-01-29 23:00:00,1769727600000,0.12641,0.12671,0.12551,0.12599,1730643.0
2026-01-29 23:15:00,1769728500000,0.12599,0.12694,0.12579,0.12649,3323989.0
2026-01-29 23:30:00,1769729400000,0.12649,0.12677,0.126,0.12662,2463340.0
2026-01-29 23:45:00,1769730300000,0.12662,0.12686,0.12561,0.12584,1761471.0
2026-01-30 00:00:00,1769731200000,0.12584,0.12631,0.12512,0.12537,3591458.0
2026-01-30 00:15:00,1769732100000,0.12537,0.12579,0.1249,0.12531,2362659.0
2026-01-30 00:30:00,1769733000000,0.12531,0.12555,0.12503,0.12523,1243018.0
2026-01-30 00:45:00,1769733900000,0.12523,0.12565,0.12478,0.12489,1670892.0
2026-01-30 01:00:00,1769734800000,0.12489,0.12494,0.12354,0.1247,4635283.0
2026-01-30 01:15:00,1769735700000,0.1247,0.12505,0.12396,0.12481,2158371.0
2026-01-30 01:30:00,1769736600000,0.12481,0.12481,0.11888,0.12154,23018699.0
2026-01-30 01:45:00,1769737500000,0.12154,0.1229,0.1211,0.12228,6967905.0
2026-01-30 02:00:00,1769738400000,0.12228,0.12228,0.12047,0.12077,3776643.0
2026-01-30 02:15:00,1769739300000,0.12077,0.12127,0.11942,0.12012,4144146.0
2026-01-30 02:30:00,1769740200000,0.12012,0.12159,0.11982,0.12139,3424544.0
2026-01-30 02:45:00,1769741100000,0.12139,0.12155,0.12059,0.12146,2571318.0
2026-01-30 03:00:00,1769742000000,0.12146,0.1219,0.12105,0.1216,1811214.0
2026-01-30 03:15:00,1769742900000,0.1216,0.12215,0.12111,0.12154,2532970.0
2026-01-30 03:30:00,1769743800000,0.12154,0.12162,0.12121,0.12142,851618.0
2026-01-30 03:45:00,1769744700000,0.12142,0.12151,0.12068,0.1209,1422563.0
2026-01-30 04:00:00,1769745600000,0.1209,0.12221,0.12089,0.1222,1203557.0
2026-01-30 04:15:00,1769746500000,0.1222,0.12382,0.12193,0.12367,2373091.0
2026-01-30 04:30:00,1769747400000,0.12367,0.12407,0.12307,0.12314,1356400.0
2026-01-30 04:45:00,1769748300000,0.12314,0.12334,0.12245,0.1226,1188708.0
2026-01-30 05:00:00,1769749200000,0.1226,0.12272,0.12201,0.12213,1926610.0
2026-01-30 05:15:00,1769750100000,0.12213,0.12236,0.1217,0.12213,1429916.0
2026-01-30 05:30:00,1769751000000,0.12213,0.12254,0.12157,0.12179,1492139.0
2026-01-30 05:45:00,1769751900000,0.12179,0.12206,0.12125,0.12179,1584775.0
2026-01-30 06:00:00,1769752800000,0.12179,0.12192,0.12033,0.12078,2511716.0
2026-01-30 06:15:00,1769753700000,0.12078,0.1208,0.11929,0.11988,3118122.0
2026-01-30 06:30:00,1769754600000,0.11988,0.12009,0.11876,0.11909,2665462.0
2026-01-30 06:45:00,1769755500000,0.11909,0.12015,0.11878,0.11975,2663815.0
2026-01-30 07:00:00,1769756400000,0.11975,0.12119,0.11949,0.1208,3711727.0
2026-01-30 07:15:00,1769757300000,0.1208,0.12119,0.12042,0.12053,1899240.0
2026-01-30 07:30:00,1769758200000,0.12053,0.12055,0.11981,0.12011,1257202.0
2026-01-30 07:45:00,1769759100000,0.12011,0.12088,0.11997,0.12063,819971.0
2026-01-30 08:00:00,1769760000000,0.12063,0.12119,0.12029,0.12087,2616409.0
2026-01-30 08:15:00,1769760900000,0.12087,0.12136,0.12077,0.12105,963856.0
2026-01-30 08:30:00,1769761800000,0.12105,0.12105,0.11907,0.12033,4397825.0
2026-01-30 08:45:00,1769762700000,0.12033,0.12038,0.11975,0.11996,1658007.0
2026-01-30 09:00:00,1769763600000,0.11996,0.12028,0.11981,0.11993,1154502.0
2026-01-30 09:15:00,1769764500000,0.11993,0.12011,0.11913,0.11961,1870023.0
2026-01-30 09:30:00,1769765400000,0.11961,0.12051,0.11954,0.1201,1291862.0
2026-01-30 09:45:00,1769766300000,0.1201,0.1201,0.11903,0.11958,1765498.0
2026-01-30 10:00:00,1769767200000,0.11958,0.1202,0.11942,0.12014,1178020.0
2026-01-30 10:15:00,1769768100000,0.12014,0.12082,0.12004,0.12041,1371971.0
2026-01-30 10:30:00,1769769000000,0.12041,0.1207,0.12023,0.12044,829228.0
2026-01-30 10:45:00,1769769900000,0.12044,0.12108,0.12034,0.12086,1784528.0
2026-01-30 11:00:00,1769770800000,0.12086,0.12159,0.12072,0.12154,1455503.0
2026-01-30 11:15:00,1769771700000,0.12154,0.12243,0.12151,0.12189,1564874.0
2026-01-30 11:30:00,1769772600000,0.12189,0.12246,0.12188,0.12239,1003963.0
2026-01-30 11:45:00,1769773500000,0.12239,0.12486,0.12219,0.1243,2434745.0
2026-01-30 12:00:00,1769774400000,0.1243,0.12509,0.12401,0.12406,5890022.0
2026-01-30 12:15:00,1769775300000,0.12406,0.12694,0.12389,0.12591,9038157.0
2026-01-30 12:30:00,1769776200000,0.12591,0.12653,0.12456,0.12462,3752257.0
2026-01-30 12:45:00,1769777100000,0.12462,0.12502,0.12424,0.12478,1600462.0
2026-01-30 13:00:00,1769778000000,0.12478,0.12518,0.12407,0.12434,1543338.0
2026-01-30 13:15:00,1769778900000,0.12434,0.12506,0.12422,0.12463,1400470.0
2026-01-30 13:30:00,1769779800000,0.12463,0.12484,0.12283,0.12404,6013434.0
2026-01-30 13:45:00,1769780700000,0.12404,0.12419,0.12324,0.1239,1938787.0
2026-01-30 14:00:00,1769781600000,0.1239,0.12481,0.12376,0.1239,2875162.0
2026-01-30 14:15:00,1769782500000,0.1239,0.1239,0.12284,0.12296,3141539.0
2026-01-30 14:30:00,1769783400000,0.12296,0.12485,0.12268,0.12452,3682481.0
2026-01-30 14:45:00,1769784300000,0.12452,0.1248,0.12292,0.12388,2743143.0
2026-01-30 15:00:00,1769785200000,0.12388,0.1252,0.12378,0.12453,2008384.0
2026-01-30 15:15:00,1769786100000,0.12453,0.12497,0.12304,0.12332,3378404.0
2026-01-30 15:30:00,1769787000000,0.12332,0.12718,0.12327,0.12589,9611434.0
2026-01-30 15:45:00,1769787900000,0.12589,0.12589,0.12439,0.12457,2217617.0
2026-01-30 16:00:00,1769788800000,0.12457,0.12481,0.12363,0.12406,2723650.0
2026-01-30 16:15:00,1769789700000,0.12406,0.12502,0.12268,0.12444,7958815.0
2026-01-30 16:30:00,1769790600000,0.12444,0.12665,0.12428,0.12649,3080400.0
2026-01-30 16:45:00,1769791500000,0.12649,0.12658,0.12548,0.12582,2928048.0
2026-01-30 17:00:00,1769792400000,0.12582,0.126,0.12425,0.12432,2079755.0
2026-01-30 17:15:00,1769793300000,0.12432,0.12587,0.12417,0.12547,2262575.0
2026-01-30 17:30:00,1769794200000,0.12547,0.1255,0.12385,0.12465,2670313.0
2026-01-30 17:45:00,1769795100000,0.12465,0.12508,0.12404,0.12414,1093503.0
2026-01-30 18:00:00,1769796000000,0.12414,0.12452,0.12342,0.12362,2036578.0
2026-01-30 18:15:00,1769796900000,0.12362,0.12362,0.11991,0.12183,9696602.0
2026-01-30 18:30:00,1769797800000,0.12183,0.12454,0.12103,0.12451,4491013.0
2026-01-30 18:45:00,1769798700000,0.12451,0.12687,0.12438,0.12631,7911308.0
2026-01-30 19:00:00,1769799600000,0.12631,0.1275,0.12572,0.12608,4962344.0
2026-01-30 19:15:00,1769800500000,0.12608,0.12743,0.12585,0.1268,2662021.0
2026-01-30 19:30:00,1769801400000,0.1268,0.12714,0.12538,0.12547,2358178.0
2026-01-30 19:45:00,1769802300000,0.12547,0.12634,0.12502,0.12512,1722267.0
2026-01-30 20:00:00,1769803200000,0.12512,0.12527,0.12389,0.12419,2451063.0
2026-01-30 20:15:00,1769804100000,0.12419,0.12475,0.12257,0.12309,5438784.0
2026-01-30 20:30:00,1769805000000,0.12309,0.12389,0.12202,0.12292,3606176.0
2026-01-30 20:45:00,1769805900000,0.12292,0.12368,0.12246,0.12279,3028850.0
2026-01-30 21:00:00,1769806800000,0.12279,0.12337,0.1225,0.12277,1108358.0
2026-01-30 21:15:00,1769807700000,0.12277,0.12385,0.12264,0.12268,1649400.0
2026-01-30 21:30:00,1769808600000,0.12268,0.1233,0.1222,0.1224,951136.0
2026-01-30 21:45:00,1769809500000,0.1224,0.1232,0.12229,0.12284,1974775.0
2026-01-30 22:00:00,1769810400000,0.12284,0.12321,0.12216,0.12232,1261230.0
2026-01-30 22:15:00,1769811300000,0.12232,0.12252,0.12138,0.12162,1483057.0
2026-01-30 22:30:00,1769812200000,0.12162,0.1225,0.12162,0.12229,839261.0
2026-01-30 22:45:00,1769813100000,0.12229,0.12266,0.12206,0.12231,387747.0
2026-01-30 23:00:00,1769814000000,0.12231,0.12249,0.12155,0.12211,790581.0
2026-01-30 23:15:00,1769814900000,0.12211,0.12264,0.12195,0.12218,764054.0
2026-01-30 23:30:00,1769815800000,0.12218,0.12274,0.12205,0.1226,849372.0
2026-01-30 23:45:00,1769816700000,0.1226,0.12303,0.12255,0.12295,898898.0
2026-01-31 00:00:00,1769817600000,0.12295,0.12365,0.12277,0.1233,1252941.0
2026-01-31 00:15:00,1769818500000,0.1233,0.12339,0.12274,0.1231,884022.0
2026-01-31 00:30:00,1769819400000,0.1231,0.12345,0.1223,0.12309,1024179.0
2026-01-31 00:45:00,1769820300000,0.12309,0.12314,0.12248,0.12252,938408.0
2026-01-31 01:00:00,1769821200000,0.12252,0.12291,0.12234,0.12285,1091869.0
2026-01-31 01:15:00,1769822100000,0.12285,0.12303,0.12244,0.12258,520253.0
2026-01-31 01:30:00,1769823000000,0.12258,0.12297,0.12199,0.12294,1280136.0
2026-01-31 01:45:00,1769823900000,0.12294,0.12295,0.12237,0.12273,480068.0
2026-01-31 02:00:00,1769824800000,0.12273,0.12275,0.12171,0.12228,1099769.0
2026-01-31 02:15:00,1769825700000,0.12228,0.12236,0.12145,0.12176,1070799.0
2026-01-31 02:30:00,1769826600000,0.12176,0.12275,0.12168,0.1224,978367.0
2026-01-31 02:45:00,1769827500000,0.1224,0.12252,0.12171,0.12179,480075.0
2026-01-31 03:00:00,1769828400000,0.12179,0.12206,0.12113,0.12164,1071693.0
2026-01-31 03:15:00,1769829300000,0.12164,0.12189,0.12157,0.12173,676648.0
2026-01-31 03:30:00,1769830200000,0.12173,0.12203,0.12104,0.1212,683262.0
2026-01-31 03:45:00,1769831100000,0.1212,0.1213,0.12085,0.12106,674989.0
2026-01-31 04:00:00,1769832000000,0.12106,0.12147,0.12094,0.12143,1302434.0
2026-01-31 04:15:00,1769832900000,0.12143,0.12169,0.12102,0.12139,812189.0
2026-01-31 04:30:00,1769833800000,0.12139,0.12139,0.12067,0.12071,856145.0
2026-01-31 04:45:00,1769834700000,0.12071,0.12095,0.12013,0.12074,2685566.0
2026-01-31 05:00:00,1769835600000,0.12074,0.12074,0.11995,0.12061,2073520.0
2026-01-31 05:15:00,1769836500000,0.12061,0.12115,0.12042,0.12099,941509.0
2026-01-31 05:30:00,1769837400000,0.12099,0.12128,0.1208,0.12091,952450.0
2026-01-31 05:45:00,1769838300000,0.12091,0.12109,0.12064,0.12074,567481.0
2026-01-31 06:00:00,1769839200000,0.12074,0.1208,0.12018,0.12052,856473.0
2026-01-31 06:15:00,1769840100000,0.12052,0.12063,0.11925,0.11934,2939070.0
2026-01-31 06:30:00,1769841000000,0.11934,0.11984,0.11917,0.11955,1659288.0
2026-01-31 06:45:00,1769841900000,0.11955,0.12017,0.11949,0.1199,1184999.0
2026-01-31 07:00:00,1769842800000,0.1199,0.12009,0.11955,0.11988,1130169.0
2026-01-31 07:15:00,1769843700000,0.11988,0.12011,0.11953,0.11959,767441.0
2026-01-31 07:30:00,1769844600000,0.11959,0.11973,0.11759,0.1182,4801796.0
2026-01-31 07:45:00,1769845500000,0.1182,0.11891,0.11815,0.11877,1427194.0
2026-01-31 08:00:00,1769846400000,0.11877,0.11898,0.11813,0.11866,1398872.0
2026-01-31 08:15:00,1769847300000,0.11866,0.11866,0.11701,0.11773,4983941.0
2026-01-31 08:30:00,1769848200000,0.11773,0.11779,0.11638,0.11713,7610447.0
2026-01-31 08:45:00,1769849100000,0.11713,0.11806,0.11674,0.11783,4721670.0
2026-01-31 09:00:00,1769850000000,0.11783,0.11805,0.11754,0.11767,1057832.0
2026-01-31 09:15:00,1769850900000,0.11767,0.11775,0.11651,0.11693,1280261.0
2026-01-31 09:30:00,1769851800000,0.11693,0.11819,0.11693,0.11767,1216127.0
2026-01-31 09:45:00,1769852700000,0.11767,0.11767,0.11698,0.11703,682602.0
2026-01-31 10:00:00,1769853600000,0.11703,0.11711,0.11623,0.11665,1609448.0
2026-01-31 10:15:00,1769854500000,0.11665,0.11738,0.11657,0.11736,860555.0
2026-01-31 10:30:00,1769855400000,0.11736,0.11764,0.11684,0.11712,1126769.0
2026-01-31 10:45:00,1769856300000,0.11712,0.11717,0.1166,0.11666,734798.0
2026-01-31 11:00:00,1769857200000,0.11666,0.11667,0.11606,0.11622,1745337.0
2026-01-31 11:15:00,1769858100000,0.11622,0.11682,0.11617,0.11658,790000.0
2026-01-31 11:30:00,1769859000000,0.11658,0.11671,0.1159,0.11607,1397304.0
2026-01-31 11:45:00,1769859900000,0.11607,0.11613,0.11514,0.11577,2407243.0
2026-01-31 12:00:00,1769860800000,0.11577,0.1158,0.11493,0.11508,3681854.0
2026-01-31 12:15:00,1769861700000,0.11508,0.11587,0.11507,0.11575,3467796.0
2026-01-31 12:30:00,1769862600000,0.11575,0.11576,0.1151,0.1156,3031608.0
2026-01-31 12:45:00,1769863500000,0.1156,0.11588,0.11516,0.11558,2490877.0
2026-01-31 13:00:00,1769864400000,0.11558,0.11586,0.11536,0.11552,1215255.0
2026-01-31 13:15:00,1769865300000,0.11552,0.1163,0.11546,0.11575,1755181.0
2026-01-31 13:30:00,1769866200000,0.11575,0.11591,0.11503,0.11566,3108321.0
2026-01-31 13:45:00,1769867100000,0.11566,0.11711,0.11557,0.1169,2897034.0
2026-01-31 14:00:00,1769868000000,0.1169,0.11727,0.11517,0.11575,3983421.0
2026-01-31 14:15:00,1769868900000,0.11575,0.11595,0.111,0.11222,20214006.0
2026-01-31 14:30:00,1769869800000,0.11222,0.11261,0.10779,0.10824,18964853.0
2026-01-31 14:45:00,1769870700000,0.10824,0.10997,0.10696,0.10913,8339862.0
2026-01-31 15:00:00,1769871600000,0.10913,0.11083,0.10874,0.10991,6892724.0
2026-01-31 15:15:00,1769872500000,0.10991,0.11004,0.10883,0.10932,3197360.0
2026-01-31 15:30:00,1769873400000,0.10932,0.10954,0.10811,0.10835,6294460.0
2026-01-31 15:45:00,1769874300000,0.10835,0.10931,0.10731,0.10743,4364809.0
2026-01-31 16:00:00,1769875200000,0.10743,0.10855,0.10717,0.10836,5888404.0
2026-01-31 16:15:00,1769876100000,0.10836,0.11016,0.10708,0.10808,8102116.0
2026-01-31 16:30:00,1769877000000,0.10808,0.1083,0.1075,0.10769,3228633.0
2026-01-31 16:45:00,1769877900000,0.10769,0.10814,0.10631,0.10744,6809174.0
2026-01-31 17:00:00,1769878800000,0.10744,0.10761,0.09865,0.10255,35248639.0
2026-01-31 17:15:00,1769879700000,0.10255,0.10368,0.10105,0.10235,9745276.0
2026-01-31 17:30:00,1769880600000,0.10235,0.1032,0.10096,0.10214,5517637.0
2026-01-31 17:45:00,1769881500000,0.10214,0.10263,0.1009,0.10155,4005187.0
2026-01-31 18:00:00,1769882400000,0.10155,0.10231,0.10088,0.10112,3937137.0
2026-01-31 18:15:00,1769883300000,0.10112,0.102,0.10019,0.10142,5563738.0
2026-01-31 18:30:00,1769884200000,0.10142,0.10153,0.09365,0.0992,26991941.0
2026-01-31 18:45:00,1769885100000,0.0992,0.1017,0.09822,0.10054,16555840.0
2026-01-31 19:00:00,1769886000000,0.10054,0.10303,0.10043,0.1029,7823402.0
2026-01-31 19:15:00,1769886900000,0.1029,0.10364,0.10241,0.10338,7791524.0
2026-01-31 19:30:00,1769887800000,0.10338,0.10342,0.10134,0.10173,4445399.0
2026-01-31 19:45:00,1769888700000,0.10173,0.10287,0.10155,0.10234,2939602.0
2026-01-31 20:00:00,1769889600000,0.10234,0.1027,0.10151,0.10154,2648984.0
2026-01-31 20:15:00,1769890500000,0.10154,0.10305,0.10129,0.10145,2324276.0
2026-01-31 20:30:00,1769891400000,0.10145,0.10208,0.10077,0.10208,3046530.0
2026-01-31 20:45:00,1769892300000,0.10208,0.10263,0.1016,0.1024,2054421.0
2026-01-31 21:00:00,1769893200000,0.1024,0.10332,0.10232,0.10274,2631924.0
2026-01-31 21:15:00,1769894100000,0.10274,0.10405,0.10249,0.10385,4530640.0
2026-01-31 21:30:00,1769895000000,0.10385,0.1047,0.10335,0.10424,3726634.0
2026-01-31 21:45:00,1769895900000,0.10424,0.10441,0.1038,0.10412,2279619.0
2026-01-31 22:00:00,1769896800000,0.10412,0.1043,0.10329,0.10341,2393676.0
2026-01-31 22:15:00,1769897700000,0.10341,0.10386,0.10335,0.10386,798405.0
2026-01-31 22:30:00,1769898600000,0.10386,0.10402,0.10345,0.10361,1062441.0
2026-01-31 22:45:00,1769899500000,0.10361,0.10381,0.10341,0.10354,778134.0
2026-01-31 23:00:00,1769900400000,0.10354,0.10371,0.10316,0.10342,1052560.0
2026-01-31 23:15:00,1769901300000,0.10342,0.10519,0.10319,0.10494,3726071.0
2026-01-31 23:30:00,1769902200000,0.10494,0.10658,0.10463,0.10587,6897119.0
2026-01-31 23:45:00,1769903100000,0.10587,0.10638,0.10545,0.10629,2245602.0
2026-02-01 00:00:00,1769904000000,0.10629,0.10693,0.10558,0.10685,4645320.0
2026-02-01 00:15:00,1769904900000,0.10685,0.10738,0.10631,0.10722,3307879.0
2026-02-01 00:30:00,1769905800000,0.10722,0.10849,0.10718,0.10803,2757843.0
2026-02-01 00:45:00,1769906700000,0.10803,0.10838,0.10755,0.10824,2059528.0
2026-02-01 01:00:00,1769907600000,0.10824,0.10869,0.10806,0.10808,2087621.0
2026-02-01 01:15:00,1769908500000,0.10808,0.1089,0.10706,0.10878,2351998.0
2026-02-01 01:30:00,1769909400000,0.10878,0.10913,0.1084,0.10876,1739757.0
2026-02-01 01:45:00,1769910300000,0.10876,0.10953,0.10863,0.10912,1872763.0
2026-02-01 02:00:00,1769911200000,0.10912,0.10939,0.10846,0.10875,1353897.0
2026-02-01 02:15:00,1769912100000,0.10875,0.10891,0.10746,0.10765,1562763.0
2026-02-01 02:30:00,1769913000000,0.10765,0.10843,0.10765,0.10827,1377690.0
2026-02-01 02:45:00,1769913900000,0.10827,0.10859,0.10793,0.10807,1005155.0
2026-02-01 03:00:00,1769914800000,0.10807,0.1082,0.10757,0.10817,775682.0
2026-02-01 03:15:00,1769915700000,0.10817,0.1082,0.10754,0.10778,1151487.0
2026-02-01 03:30:00,1769916600000,0.10778,0.10787,0.10708,0.10734,695101.0
2026-02-01 03:45:00,1769917500000,0.10734,0.10799,0.10732,0.10795,1196200.0
2026-02-01 04:00:00,1769918400000,0.10795,0.10841,0.10781,0.10815,1215109.0
2026-02-01 04:15:00,1769919300000,0.10815,0.10848,0.10805,0.10823,692502.0
2026-02-01 04:30:00,1769920200000,0.10823,0.10867,0.10812,0.10858,702507.0
2026-02-01 04:45:00,1769921100000,0.10858,0.10876,0.1083,0.1083,532801.0
2026-02-01 05:00:00,1769922000000,0.1083,0.10848,0.10782,0.10848,1573477.0
2026-02-01 05:15:00,1769922900000,0.10848,0.10881,0.10811,0.10879,974586.0
2026-02-01 05:30:00,1769923800000,0.10879,0.1088,0.10734,0.10744,1495735.0
2026-02-01 05:45:00,1769924700000,0.10744,0.1077,0.10727,0.1075,758889.0
2026-02-01 06:00:00,1769925600000,0.1075,0.10784,0.10744,0.10776,491476.0
2026-02-01 06:15:00,1769926500000,0.10776,0.10787,0.10742,0.10751,417370.0
2026-02-01 06:30:00,1769927400000,0.10751,0.1078,0.10676,0.10736,1255753.0
2026-02-01 06:45:00,1769928300000,0.10736,0.10769,0.10712,0.10749,535669.0
2026-02-01 07:00:00,1769929200000,0.10749,0.10766,0.10699,0.10721,1997423.0
2026-02-01 07:15:00,1769930100000,0.10721,0.10767,0.10721,0.10763,652099.0
2026-02-01 07:30:00,1769931000000,0.10763,0.10847,0.10715,0.10823,1995254.0
2026-02-01 07:45:00,1769931900000,0.10823,0.10823,0.10723,0.10728,826246.0
2026-02-01 08:00:00,1769932800000,0.10728,0.10759,0.1072,0.10731,570931.0
2026-02-01 08:15:00,1769933700000,0.10731,0.10764,0.10709,0.10753,991311.0
2026-02-01 08:30:00,1769934600000,0.10753,0.10958,0.10741,0.10943,2485114.0
2026-02-01 08:45:00,1769935500000,0.10943,0.10943,0.10836,0.10836,2173285.0
2026-02-01 09:00:00,1769936400000,0.10836,0.10851,0.10786,0.10789,1501634.0
2026-02-01 09:15:00,1769937300000,0.10789,0.10789,0.10661,0.10674,2131719.0
2026-02-01 09:30:00,1769938200000,0.10674,0.10728,0.10611,0.10722,3068132.0
2026-02-01 09:45:00,1769939100000,0.10722,0.10764,0.10696,0.10744,2192800.0
2026-02-01 10:00:00,1769940000000,0.10744,0.10757,0.10703,0.10744,775410.0
2026-02-01 10:15:00,1769940900000,0.10744,0.10744,0.10661,0.10679,1042380.0
2026-02-01 10:30:00,1769941800000,0.10679,0.10708,0.10514,0.10526,3650508.0
2026-02-01 10:45:00,1769942700000,0.10526,0.10546,0.1046,0.10478,2590227.0
2026-02-01 11:00:00,1769943600000,0.10478,0.10575,0.10477,0.10556,1654004.0
2026-02-01 11:15:00,1769944500000,0.10556,0.10556,0.10508,0.10513,474562.0
2026-02-01 11:30:00,1769945400000,0.10513,0.10654,0.10513,0.1063,1769652.0
2026-02-01 11:45:00,1769946300000,0.1063,0.10645,0.10584,0.10623,789654.0
2026-02-01 12:00:00,1769947200000,0.10623,0.10623,0.10577,0.10601,1026367.0
2026-02-01 12:15:00,1769948100000,0.10601,0.10606,0.10517,0.10533,1516749.0
2026-02-01 12:30:00,1769949000000,0.10533,0.10604,0.10532,0.10543,972094.0
2026-02-01 12:45:00,1769949900000,0.10543,0.10567,0.10524,0.10531,731596.0
2026-02-01 13:00:00,1769950800000,0.10531,0.10631,0.10528,0.10616,1553479.0
2026-02-01 13:15:00,1769951700000,0.10616,0.10616,0.10515,0.10528,761648.0
2026-02-01 13:30:00,1769952600000,0.10528,0.10535,0.10451,0.10489,1555600.0
2026-02-01 13:45:00,1769953500000,0.10489,0.10519,0.10329,0.10377,3981995.0
2026-02-01 14:00:00,1769954400000,0.10377,0.10418,0.10347,0.10386,1660011.0
2026-02-01 14:15:00,1769955300000,0.10386,0.10391,0.1029,0.10301,2134803.0
2026-02-01 14:30:00,1769956200000,0.10301,0.10382,0.10234,0.10342,4745697.0
2026-02-01 14:45:00,1769957100000,0.10342,0.10525,0.10326,0.10454,2962722.0
2026-02-01 15:00:00,1769958000000,0.10454,0.10454,0.10295,0.10315,1431213.0
2026-02-01 15:15:00,1769958900000,0.10315,0.1033,0.10175,0.10199,3941061.0
2026-02-01 15:30:00,1769959800000,0.10199,0.10258,0.10108,0.10152,4687737.0
2026-02-01 15:45:00,1769960700000,0.10152,0.10318,0.1015,0.10246,2304038.0
2026-02-01 16:00:00,1769961600000,0.10246,0.10366,0.10208,0.10315,2541041.0
2026-02-01 16:15:00,1769962500000,0.10315,0.10411,0.10188,0.10335,2483055.0
2026-02-01 16:30:00,1769963400000,0.10335,0.10344,0.10175,0.10206,3415581.0
2026-02-01 16:45:00,1769964300000,0.10206,0.10297,0.10202,0.10246,1448610.0
2026-02-01 17:00:00,1769965200000,0.10246,0.10313,0.10219,0.10269,1556226.0
2026-02-01 17:15:00,1769966100000,0.10269,0.1027,0.10155,0.10204,928019.0
2026-02-01 17:30:00,1769967000000,0.10204,0.10218,0.10118,0.10149,1919271.0
2026-02-01 17:45:00,1769967900000,0.10149,0.10194,0.1011,0.10187,1511574.0
2026-02-01 18:00:00,1769968800000,0.10187,0.10404,0.10187,0.1039,4195606.0
2026-02-01 18:15:00,1769969700000,0.1039,0.10451,0.10324,0.1037,2662237.0
2026-02-01 18:30:00,1769970600000,0.1037,0.10385,0.10325,0.10326,992880.0
2026-02-01 18:45:00,1769971500000,0.10326,0.10326,0.10274,0.10323,1303872.0
2026-02-01 19:00:00,1769972400000,0.10323,0.10358,0.10252,0.10274,1264906.0
2026-02-01 19:15:00,1769973300000,0.10274,0.10292,0.10217,0.10275,1183254.0
2026-02-01 19:30:00,1769974200000,0.10275,0.10309,0.10247,0.10253,767093.0
2026-02-01 19:45:00,1769975100000,0.10253,0.10253,0.10173,0.10237,2111856.0
2026-02-01 20:00:00,1769976000000,0.10237,0.10237,0.10149,0.10158,1340610.0
2026-02-01 20:15:00,1769976900000,0.10158,0.10205,0.10082,0.10106,2228008.0
2026-02-01 20:30:00,1769977800000,0.10106,0.10347,0.10106,0.10292,2501742.0
2026-02-01 20:45:00,1769978700000,0.10292,0.10295,0.10191,0.10208,839554.0
2026-02-01 21:00:00,1769979600000,0.10208,0.10208,0.10097,0.10136,2151388.0
2026-02-01 21:15:00,1769980500000,0.10136,0.10149,0.10071,0.10145,1460618.0
2026-02-01 21:30:00,1769981400000,0.10145,0.10217,0.1012,0.10156,1141523.0
2026-02-01 21:45:00,1769982300000,0.10156,0.10197,0.10091,0.10147,1620524.0
2026-02-01 22:00:00,1769983200000,0.10147,0.10343,0.10137,0.10284,2184442.0
2026-02-01 22:15:00,1769984100000,0.10284,0.10285,0.10115,0.10211,800180.0
2026-02-01 22:30:00,1769985000000,0.10211,0.10317,0.10204,0.10269,880438.0
2026-02-01 22:45:00,1769985900000,0.10269,0.10286,0.10201,0.10235,622886.0
2026-02-01 23:00:00,1769986800000,0.10235,0.10235,0.09843,0.10097,8727308.0
2026-02-01 23:15:00,1769987700000,0.10097,0.10198,0.09984,0.10151,5844223.0
2026-02-01 23:30:00,1769988600000,0.10151,0.10328,0.1011,0.10248,3027212.0
2026-02-01 23:45:00,1769989500000,0.10248,0.10248,0.10108,0.1013,1895761.0
2026-02-02 00:00:00,1769990400000,0.1013,0.10264,0.10042,0.10221,3750277.0
2026-02-02 00:15:00,1769991300000,0.10221,0.10423,0.10214,0.10394,6053925.0
2026-02-02 00:30:00,1769992200000,0.10394,0.10479,0.10367,0.10457,3290377.0
2026-02-02 00:45:00,1769993100000,0.10457,0.10478,0.10367,0.10396,1689745.0
2026-02-02 01:00:00,1769994000000,0.10396,0.10428,0.10229,0.10231,2250595.0
2026-02-02 01:15:00,1769994900000,0.10231,0.10511,0.10192,0.10497,4354246.0
2026-02-02 01:30:00,1769995800000,0.10497,0.10521,0.10404,0.10505,3527103.0
2026-02-02 01:45:00,1769996700000,0.10505,0.10508,0.10409,0.10426,1559566.0
2026-02-02 02:00:00,1769997600000,0.10426,0.10429,0.10303,0.10341,1607304.0
2026-02-02 02:15:00,1769998500000,0.10341,0.10446,0.10332,0.10376,948490.0
2026-02-02 02:30:00,1769999400000,0.10376,0.10402,0.10284,0.10315,1417917.0
2026-02-02 02:45:00,1770000300000,0.10315,0.10346,0.10278,0.10312,1225854.0
2026-02-02 03:00:00,1770001200000,0.10312,0.10331,0.10175,0.10186,1583878.0
2026-02-02 03:15:00,1770002100000,0.10186,0.10212,0.09945,0.09985,8608867.0
2026-02-02 03:30:00,1770003000000,0.09985,0.10095,0.09956,0.10034,4881601.0
2026-02-02 03:45:00,1770003900000,0.10034,0.10451,0.10025,0.10414,6883552.0
2026-02-02 04:00:00,1770004800000,0.10414,0.10422,0.10148,0.10184,2789359.0
2026-02-02 04:15:00,1770005700000,0.10184,0.10323,0.10173,0.10314,4909982.0
2026-02-02 04:30:00,1770006600000,0.10314,0.10355,0.10236,0.10284,2803832.0
2026-02-02 04:45:00,1770007500000,0.10284,0.10285,0.10187,0.10199,1356741.0
2026-02-02 05:00:00,1770008400000,0.10199,0.10215,0.10059,0.10078,2127937.0
2026-02-02 05:15:00,1770009300000,0.10078,0.10085,0.09903,0.09936,3522687.0
2026-02-02 05:30:00,1770010200000,0.09936,0.10008,0.09847,0.09961,4638532.0
2026-02-02 05:45:00,1770011100000,0.09961,0.10108,0.0995,0.0999,3815735.0
2026-02-02 06:00:00,1770012000000,0.0999,0.10007,0.09877,0.09988,4006354.0
2026-02-02 06:15:00,1770012900000,0.09988,0.10121,0.09962,0.10023,2420982.0
2026-02-02 06:30:00,1770013800000,0.10023,0.10343,0.09843,0.10226,9751553.0
2026-02-02 06:45:00,1770014700000,0.10226,0.10301,0.10154,0.10265,3893213.0
2026-02-02 07:00:00,1770015600000,0.10265,0.10343,0.1023,0.10266,4539675.0
2026-02-02 07:15:00,1770016500000,0.10266,0.10316,0.10218,0.10244,1304118.0
2026-02-02 07:30:00,1770017400000,0.10244,0.10318,0.10239,0.10298,2256741.0
2026-02-02 07:45:00,1770018300000,0.10298,0.10391,0.10277,0.10277,2299711.0
2026-02-02 08:00:00,1770019200000,0.10277,0.10316,0.10255,0.10278,829541.0
2026-02-02 08:15:00,1770020100000,0.10278,0.10317,0.10234,0.10276,1472603.0
2026-02-02 08:30:00,1770021000000,0.10276,0.10397,0.10276,0.10347,1129316.0
2026-02-02 08:45:00,1770021900000,0.10347,0.10376,0.10327,0.10332,1085898.0
2026-02-02 09:00:00,1770022800000,0.10332,0.1034,0.10271,0.10293,1312901.0
2026-02-02 09:15:00,1770023700000,0.10293,0.10379,0.1027,0.10378,1462272.0
2026-02-02 09:30:00,1770024600000,0.10378,0.10408,0.10279,0.10316,2456316.0
2026-02-02 09:45:00,1770025500000,0.10316,0.10607,0.1031,0.10507,6711540.0
2026-02-02 10:00:00,1770026400000,0.10507,0.10599,0.1047,0.10564,3085727.0
2026-02-02 10:15:00,1770027300000,0.10564,0.10581,0.10489,0.10539,2152383.0
2026-02-02 10:30:00,1770028200000,0.10539,0.10562,0.10446,0.10519,2386235.0
2026-02-02 10:45:00,1770029100000,0.10519,0.10523,0.10448,0.10462,1614151.0
2026-02-02 11:00:00,1770030000000,0.10462,0.10464,0.1036,0.10429,2481628.0
2026-02-02 11:15:00,1770030900000,0.10429,0.10451,0.10409,0.10446,893892.0
2026-02-02 11:30:00,1770031800000,0.10446,0.10476,0.10391,0.10407,884735.0
2026-02-02 11:45:00,1770032700000,0.10407,0.10436,0.10346,0.10355,1745388.0
2026-02-02 12:00:00,1770033600000,0.10355,0.1038,0.1031,0.10318,1740492.0
2026-02-02 12:15:00,1770034500000,0.10318,0.10383,0.10292,0.10328,2596544.0
2026-02-02 12:30:00,1770035400000,0.10328,0.10366,0.10307,0.10343,862785.0
2026-02-02 12:45:00,1770036300000,0.10343,0.10405,0.10335,0.10368,1167939.0
2026-02-02 13:00:00,1770037200000,0.10368,0.10369,0.1031,0.10357,1591928.0
2026-02-02 13:15:00,1770038100000,0.10357,0.10421,0.10324,0.10382,1047400.0
2026-02-02 13:30:00,1770039000000,0.10382,0.10417,0.10367,0.10402,970354.0
2026-02-02 13:45:00,1770039900000,0.10402,0.10445,0.10373,0.10412,1472504.0
2026-02-02 14:00:00,1770040800000,0.10412,0.10419,0.10328,0.10365,2435635.0
2026-02-02 14:15:00,1770041700000,0.10365,0.1051,0.10339,0.10491,1993098.0
2026-02-02 14:30:00,1770042600000,0.10491,0.10722,0.10491,0.10604,5459037.0
2026-02-02 14:45:00,1770043500000,0.10604,0.10632,0.10481,0.1049,2975209.0
2026-02-02 15:00:00,1770044400000,0.1049,0.1054,0.10444,0.10506,2505040.0
2026-02-02 15:15:00,1770045300000,0.10506,0.10608,0.10444,0.10602,5063367.0
2026-02-02 15:30:00,1770046200000,0.10602,0.10642,0.10524,0.1059,2827656.0
2026-02-02 15:45:00,1770047100000,0.1059,0.10597,0.10497,0.10588,2118923.0
2026-02-02 16:00:00,1770048000000,0.10588,0.10608,0.10537,0.10584,1126223.0
2026-02-02 16:15:00,1770048900000,0.10584,0.10623,0.1055,0.10619,1386895.0
2026-02-02 16:30:00,1770049800000,0.10619,0.10622,0.10529,0.10559,1018909.0
2026-02-02 16:45:00,1770050700000,0.10559,0.10559,0.10367,0.1042,4793042.0
2026-02-02 17:00:00,1770051600000,0.1042,0.10493,0.10406,0.10459,2597054.0
2026-02-02 17:15:00,1770052500000,0.10459,0.10541,0.10451,0.10482,1538423.0
2026-02-02 17:30:00,1770053400000,0.10482,0.10538,0.10438,0.10456,1215605.0
2026-02-02 17:45:00,1770054300000,0.10456,0.10476,0.10406,0.10456,879526.0
2026-02-02 18:00:00,1770055200000,0.10456,0.10456,0.10391,0.10409,1002207.0
2026-02-02 18:15:00,1770056100000,0.10409,0.10453,0.10375,0.10408,1532865.0
2026-02-02 18:30:00,1770057000000,0.10408,0.10518,0.10408,0.10488,1244545.0
2026-02-02 18:45:00,1770057900000,0.10488,0.10502,0.10467,0.10468,528215.0
2026-02-02 19:00:00,1770058800000,0.10468,0.10485,0.10443,0.10472,776926.0
2026-02-02 19:15:00,1770059700000,0.10472,0.10477,0.10415,0.10429,447568.0
2026-02-02 19:30:00,1770060600000,0.10429,0.10429,0.10376,0.10419,924826.0
2026-02-02 19:45:00,1770061500000,0.10419,0.1043,0.10387,0.10395,590675.0
2026-02-02 20:00:00,1770062400000,0.10395,0.10454,0.10369,0.10404,1252194.0
2026-02-02 20:15:00,1770063300000,0.10404,0.10437,0.10393,0.10399,399945.0
2026-02-02 20:30:00,1770064200000,0.10399,0.10399,0.10338,0.10347,1118227.0
2026-02-02 20:45:00,1770065100000,0.10347,0.10378,0.10321,0.1036,1735546.0
2026-02-02 21:00:00,1770066000000,0.1036,0.10432,0.10359,0.10419,899090.0
2026-02-02 21:15:00,1770066900000,0.10419,0.10433,0.10388,0.1039,658515.0
2026-02-02 21:30:00,1770067800000,0.1039,0.10459,0.10389,0.10409,1305490.0
2026-02-02 21:45:00,1770068700000,0.10409,0.1044,0.10407,0.10414,404071.0
2026-02-02 22:00:00,1770069600000,0.10414,0.10456,0.10413,0.10438,571604.0
2026-02-02 22:15:00,1770070500000,0.10438,0.10438,0.104,0.10418,324092.0
2026-02-02 22:30:00,1770071400000,0.10418,0.10449,0.10411,0.10439,354682.0
2026-02-02 22:45:00,1770072300000,0.10439,0.10466,0.10426,0.10442,409219.0
2026-02-02 23:00:00,1770073200000,0.10442,0.10452,0.10409,0.10417,610426.0
2026-02-02 23:15:00,1770074100000,0.10417,0.10425,0.10384,0.10406,873089.0
2026-02-02 23:30:00,1770075000000,0.10406,0.10448,0.10397,0.10417,1026715.0
2026-02-02 23:45:00,1770075900000,0.10417,0.1042,0.10381,0.10394,437337.0
2026-02-03 00:00:00,1770076800000,0.10394,0.10414,0.10259,0.10298,3425569.0
2026-02-03 00:15:00,1770077700000,0.10298,0.10396,0.1026,0.10396,2046901.0
2026-02-03 00:30:00,1770078600000,0.10396,0.10406,0.10342,0.10397,3725260.0
2026-02-03 00:45:00,1770079500000,0.10397,0.10412,0.10333,0.10375,2352305.0
2026-02-03 01:00:00,1770080400000,0.10375,0.10379,0.1031,0.10318,826232.0
2026-02-03 01:15:00,1770081300000,0.10318,0.10335,0.10255,0.10306,1154062.0
2026-02-03 01:30:00,1770082200000,0.10306,0.10306,0.10233,0.10273,1445018.0
2026-02-03 01:45:00,1770083100000,0.10273,0.10325,0.10265,0.10299,727073.0
2026-02-03 02:00:00,1770084000000,0.10299,0.10299,0.10196,0.1021,1259615.0
2026-02-03 02:15:00,1770084900000,0.1021,0.10245,0.10171,0.10194,1144631.0
2026-02-03 02:30:00,1770085800000,0.10194,0.10207,0.1015,0.10179,838684.0
2026-02-03 02:45:00,1770086700000,0.10179,0.10185,0.10128,0.10135,1280160.0
2026-02-03 03:00:00,1770087600000,0.10135,0.10203,0.10103,0.10171,1640146.0
2026-02-03 03:15:00,1770088500000,0.10171,0.10213,0.10112,0.10208,1527452.0
2026-02-03 03:30:00,1770089400000,0.10208,0.10317,0.10192,0.10302,1515706.0
2026-02-03 03:45:00,1770090300000,0.10302,0.10374,0.10291,0.10366,1180264.0
2026-02-03 04:00:00,1770091200000,0.10366,0.10374,0.1031,0.10374,672732.0
2026-02-03 04:15:00,1770092100000,0.10374,0.10376,0.10288,0.10294,625236.0
2026-02-03 04:30:00,1770093000000,0.10294,0.1041,0.10279,0.10409,756699.0
2026-02-03 04:45:00,1770093900000,0.10409,0.1042,0.10387,0.10389,1511827.0
2026-02-03 05:00:00,1770094800000,0.10389,0.10407,0.10316,0.10322,880842.0
2026-02-03 05:15:00,1770095700000,0.10322,0.1035,0.10295,0.10319,550871.0
2026-02-03 05:30:00,1770096600000,0.10319,0.1033,0.10296,0.10315,438065.0
2026-02-03 05:45:00,1770097500000,0.10315,0.10331,0.10244,0.1025,759394.0
2026-02-03 06:00:00,1770098400000,0.1025,0.10264,0.10155,0.10155,1817042.0
2026-02-03 06:15:00,1770099300000,0.10155,0.10251,0.10133,0.10234,1243924.0
2026-02-03 06:30:00,1770100200000,0.10234,0.10261,0.10204,0.10204,578478.0
2026-02-03 06:45:00,1770101100000,0.10204,0.10248,0.10196,0.10203,500921.0
2026-02-03 07:00:00,1770102000000,0.10203,0.10203,0.10126,0.10159,2230507.0
2026-02-03 07:15:00,1770102900000,0.10159,0.10187,0.10137,0.10164,812822.0
2026-02-03 07:30:00,1770103800000,0.10164,0.10227,0.10155,0.10212,937522.0
2026-02-03 07:45:00,1770104700000,0.10212,0.10213,0.10186,0.10191,691275.0
2026-02-03 08:00:00,1770105600000,0.10191,0.10199,0.1013,0.1014,1819874.0
2026-02-03 08:15:00,1770106500000,0.1014,0.10253,0.10128,0.10196,5780192.0
2026-02-03 08:30:00,1770107400000,0.10196,0.10246,0.10185,0.10238,1077136.0
2026-02-03 08:45:00,1770108300000,0.10238,0.10239,0.10111,0.10126,1229335.0
2026-02-03 09:00:00,1770109200000,0.10126,0.10147,0.0996,0.09982,5636012.0
2026-02-03 09:15:00,1770110100000,0.09982,0.10019,0.09908,0.09922,5322255.0
2026-02-03 09:30:00,1770111000000,0.09922,0.10039,0.0992,0.10021,2223547.0
2026-02-03 09:45:00,1770111900000,0.10021,0.10087,0.10015,0.10073,1946499.0
2026-02-03 10:00:00,1770112800000,0.10073,0.10124,0.10043,0.10123,1618710.0
2026-02-03 10:15:00,1770113700000,0.10123,0.10127,0.10089,0.10106,761602.0
2026-02-03 10:30:00,1770114600000,0.10106,0.10106,0.10021,0.10041,1620197.0
2026-02-03 10:45:00,1770115500000,0.10041,0.10054,0.10011,0.10049,1143304.0
2026-02-03 11:00:00,1770116400000,0.10049,0.10088,0.10048,0.10072,815162.0
2026-02-03 11:15:00,1770117300000,0.10072,0.10109,0.10062,0.1009,1047661.0
2026-02-03 11:30:00,1770118200000,0.1009,0.10119,0.1007,0.10102,1130389.0
2026-02-03 11:45:00,1770119100000,0.10102,0.10125,0.10076,0.10084,805127.0
2026-02-03 12:00:00,1770120000000,0.10084,0.10162,0.10047,0.10136,1600254.0
2026-02-03 12:15:00,1770120900000,0.10136,0.10163,0.1009,0.10156,912718.0
2026-02-03 12:30:00,1770121800000,0.10156,0.10156,0.10098,0.10129,882288.0
2026-02-03 12:45:00,1770122700000,0.10129,0.10155,0.10124,0.10138,671898.0
2026-02-03 13:00:00,1770123600000,0.10138,0.10159,0.10098,0.10127,1368719.0
2026-02-03 13:15:00,1770124500000,0.10127,0.10133,0.1007,0.10107,1409324.0
2026-02-03 13:30:00,1770125400000,0.10107,0.10108,0.10049,0.10075,787450.0
2026-02-03 13:45:00,1770126300000,0.10075,0.10099,0.10028,0.10071,938515.0
2026-02-03 14:00:00,1770127200000,0.10071,0.10094,0.10053,0.10072,489896.0
2026-02-03 14:15:00,1770128100000,0.10072,0.10084,0.10013,0.10055,1407231.0
2026-02-03 14:30:00,1770129000000,0.10055,0.10055,0.09824,0.09886,7460644.0
2026-02-03 14:45:00,1770129900000,0.09886,0.09937,0.09782,0.09783,4693820.0
2026-02-03 15:00:00,1770130800000,0.09783,0.09936,0.09766,0.09868,4815760.0
2026-02-03 15:15:00,1770131700000,0.09868,0.10126,0.09853,0.10033,7865566.0
2026-02-03 15:30:00,1770132600000,0.10033,0.10111,0.09966,0.09976,3526427.0
2026-02-03 15:45:00,1770133500000,0.09976,0.10202,0.09947,0.10165,4702136.0
2026-02-03 16:00:00,1770134400000,0.10165,0.10168,0.10021,0.1003,3433584.0
2026-02-03 16:15:00,1770135300000,0.1003,0.10037,0.0993,0.09931,4605224.0
2026-02-03 16:30:00,1770136200000,0.09931,0.09951,0.09864,0.0991,4186113.0
2026-02-03 16:45:00,1770137100000,0.0991,0.09918,0.09854,0.09868,3281054.0
2026-02-03 17:00:00,1770138000000,0.09868,0.09897,0.09791,0.09802,4908011.0
2026-02-03 17:15:00,1770138900000,0.09802,0.09856,0.09778,0.09826,3493811.0
2026-02-03 17:30:00,1770139800000,0.09826,0.09826,0.09432,0.09513,18449519.0
2026-02-03 17:45:00,1770140700000,0.09513,0.09588,0.09423,0.09431,7001090.0
2026-02-03 18:00:00,1770141600000,0.09431,0.09566,0.09428,0.09464,9637385.0
2026-02-03 18:15:00,1770142500000,0.09464,0.095,0.09324,0.09372,9596012.0
2026-02-03 18:30:00,1770143400000,0.09372,0.09415,0.09303,0.09339,6261178.0
2026-02-03 18:45:00,1770144300000,0.09339,0.09362,0.09211,0.09247,7399670.0
2026-02-03 19:00:00,1770145200000,0.09247,0.09573,0.09238,0.09556,7273375.0
2026-02-03 19:15:00,1770146100000,0.09556,0.09641,0.09493,0.09578,6149354.0
2026-02-03 19:30:00,1770147000000,0.09578,0.09716,0.09574,0.09646,5411640.0
2026-02-03 19:45:00,1770147900000,0.09646,0.09649,0.09552,0.09584,4218444.0
2026-02-03 20:00:00,1770148800000,0.09584,0.09584,0.09451,0.0946,3618597.0
2026-02-03 20:15:00,1770149700000,0.0946,0.09709,0.09439,0.09676,5421097.0
2026-02-03 20:30:00,1770150600000,0.09676,0.09978,0.09666,0.09977,14181769.0
2026-02-03 20:45:00,1770151500000,0.09977,0.10041,0.09921,0.09957,7048038.0
2026-02-03 21:00:00,1770152400000,0.09957,0.1013,0.09941,0.10044,5964103.0
2026-02-03 21:15:00,1770153300000,0.10044,0.10057,0.09876,0.09904,5000004.0
2026-02-03 21:30:00,1770154200000,0.09904,0.09907,0.09821,0.09856,1784646.0
2026-02-03 21:45:00,1770155100000,0.09856,0.09872,0.09757,0.09783,5764182.0
2026-02-03 22:00:00,1770156000000,0.09783,0.09792,0.09659,0.0967,4109021.0
2026-02-03 22:15:00,1770156900000,0.0967,0.09711,0.09625,0.097,2571479.0
2026-02-03 22:30:00,1770157800000,0.097,0.09731,0.09668,0.09697,1775681.0
2026-02-03 22:45:00,1770158700000,0.09697,0.09697,0.0956,0.09586,4739010.0
2026-02-03 23:00:00,1770159600000,0.09586,0.09586,0.09462,0.09532,3903420.0
2026-02-03 23:15:00,1770160500000,0.09532,0.09571,0.09521,0.09525,2834499.0
2026-02-03 23:30:00,1770161400000,0.09525,0.09547,0.09493,0.09504,1550369.0
2026-02-03 23:45:00,1770162300000,0.09504,0.09515,0.09438,0.09509,3238679.0
2026-02-04 00:00:00,1770163200000,0.09509,0.09521,0.09475,0.09478,2099670.0
2026-02-04 00:15:00,1770164100000,0.09478,0.09576,0.09477,0.09573,2113528.0
2026-02-04 00:30:00,1770165000000,0.09573,0.09702,0.09568,0.09649,2802487.0
2026-02-04 00:45:00,1770165900000,0.09649,0.09653,0.09605,0.09618,837609.0
2026-02-04 01:00:00,1770166800000,0.09618,0.09847,0.09618,0.09846,2976516.0
2026-02-04 01:15:00,1770167700000,0.09846,0.09846,0.09739,0.09747,2095341.0
2026-02-04 01:30:00,1770168600000,0.09747,0.09761,0.09714,0.09718,1494328.0
2026-02-04 01:45:00,1770169500000,0.09718,0.09718,0.09641,0.09646,2129937.0
2026-02-04 02:00:00,1770170400000,0.09646,0.09646,0.09572,0.09607,2149583.0
2026-02-04 02:15:00,1770171300000,0.09607,0.09633,0.09561,0.09576,1504522.0
2026-02-04 02:30:00,1770172200000,0.09576,0.09576,0.09479,0.09526,2559766.0
2026-02-04 02:45:00,1770173100000,0.09526,0.09556,0.09493,0.09539,966771.0
2026-02-04 03:00:00,1770174000000,0.09539,0.09668,0.0953,0.09646,2209354.0
2026-02-04 03:15:00,1770174900000,0.09646,0.09646,0.09599,0.09606,689385.0
2026-02-04 03:30:00,1770175800000,0.09606,0.09744,0.09606,0.09681,2371040.0
2026-02-04 03:45:00,1770176700000,0.09681,0.09709,0.09681,0.09696,713280.0
2026-02-04 04:00:00,1770177600000,0.09696,0.09734,0.0966,0.09728,1213957.0
2026-02-04 04:15:00,1770178500000,0.09728,0.09728,0.09665,0.09683,1352319.0
2026-02-04 04:30:00,1770179400000,0.09683,0.09687,0.09655,0.0966,847735.0
2026-02-04 04:45:00,1770180300000,0.0966,0.09709,0.09652,0.09682,1931806.0
2026-02-04 05:00:00,1770181200000,0.09682,0.09696,0.09663,0.09672,1003028.0
2026-02-04 05:15:00,1770182100000,0.09672,0.09673,0.09608,0.09612,2072128.0
2026-02-04 05:30:00,1770183000000,0.09612,0.09612,0.09524,0.09535,1662695.0
2026-02-04 05:45:00,1770183900000,0.09535,0.09547,0.09461,0.09507,2588457.0
2026-02-04 06:00:00,1770184800000,0.09507,0.09579,0.09475,0.09557,5482369.0
2026-02-04 06:15:00,1770185700000,0.09557,0.09561,0.09494,0.09504,1800574.0
2026-02-04 06:30:00,1770186600000,0.09504,0.0961,0.0941,0.09609,7249606.0
2026-02-04 06:45:00,1770187500000,0.09609,0.09641,0.09588,0.09611,2526385.0
2026-02-04 07:00:00,1770188400000,0.09611,0.0965,0.09565,0.09643,2425904.0
2026-02-04 07:15:00,1770189300000,0.09643,0.09653,0.09588,0.0962,2678130.0
2026-02-04 07:30:00,1770190200000,0.0962,0.0967,0.09602,0.09627,1718381.0
2026-02-04 07:45:00,1770191100000,0.09627,0.0964,0.09598,0.09604,1184951.0
2026-02-04 08:00:00,1770192000000,0.09604,0.09607,0.09527,0.0955,2245641.0
2026-02-04 08:15:00,1770192900000,0.0955,0.09618,0.09542,0.09571,1231913.0
2026-02-04 08:30:00,1770193800000,0.09571,0.09625,0.09562,0.0961,910988.0
2026-02-04 08:45:00,1770194700000,0.0961,0.09673,0.0961,0.09671,1400503.0
2026-02-04 09:00:00,1770195600000,0.09671,0.09677,0.09624,0.09626,1716193.0
2026-02-04 09:15:00,1770196500000,0.09626,0.09649,0.09565,0.09572,1604009.0
2026-02-04 09:30:00,1770197400000,0.09572,0.09601,0.09533,0.09565,1875631.0
2026-02-04 09:45:00,1770198300000,0.09565,0.09589,0.09543,0.09543,1263427.0
2026-02-04 10:00:00,1770199200000,0.09543,0.09608,0.0954,0.09595,1828188.0
2026-02-04 10:15:00,1770200100000,0.09595,0.0961,0.09577,0.09586,1101030.0
2026-02-04 10:30:00,1770201000000,0.09586,0.09606,0.09559,0.09571,835370.0
2026-02-04 10:45:00,1770201900000,0.09571,0.09582,0.09534,0.09547,1973238.0
2026-02-04 11:00:00,1770202800000,0.09547,0.09547,0.09389,0.09419,7064498.0
2026-02-04 11:15:00,1770203700000,0.09419,0.09517,0.09369,0.09483,3755982.0
2026-02-04 11:30:00,1770204600000,0.09483,0.0959,0.09477,0.09521,2297449.0
2026-02-04 11:45:00,1770205500000,0.09521,0.09533,0.09449,0.09462,2773808.0
2026-02-04 12:00:00,1770206400000,0.09462,0.09471,0.0942,0.09432,4572243.0
2026-02-04 12:15:00,1770207300000,0.09432,0.09493,0.09422,0.09431,2655525.0
2026-02-04 12:30:00,1770208200000,0.09431,0.09506,0.09427,0.09506,1491013.0
2026-02-04 12:45:00,1770209100000,0.09506,0.09523,0.09477,0.09509,1391202.0
2026-02-04 13:00:00,1770210000000,0.09509,0.09509,0.09458,0.09477,818380.0
2026-02-04 13:15:00,1770210900000,0.09477,0.09495,0.09413,0.09418,1585730.0
2026-02-04 13:30:00,1770211800000,0.09418,0.09446,0.09345,0.09387,4156033.0
2026-02-04 13:45:00,1770212700000,0.09387,0.09429,0.09291,0.09312,4902965.0
2026-02-04 14:00:00,1770213600000,0.09312,0.09373,0.0926,0.09326,4510975.0
2026-02-04 14:15:00,1770214500000,0.09326,0.09352,0.09278,0.09289,2079694.0
2026-02-04 14:30:00,1770215400000,0.09289,0.09385,0.0912,0.09317,17155311.0
2026-02-04 14:45:00,1770216300000,0.09317,0.09373,0.09165,0.09189,6402793.0
2026-02-04 15:00:00,1770217200000,0.09189,0.09346,0.09149,0.09276,7320770.0
2026-02-04 15:15:00,1770218100000,0.09276,0.09284,0.09153,0.0918,4395492.0
2026-02-04 15:30:00,1770219000000,0.0918,0.09192,0.08973,0.09133,12282316.0
2026-02-04 15:45:00,1770219900000,0.09133,0.09157,0.09077,0.09132,3066231.0
2026-02-04 16:00:00,1770220800000,0.09132,0.09218,0.09089,0.09175,5518041.0
2026-02-04 16:15:00,1770221700000,0.09175,0.09199,0.09077,0.09185,8468165.0
2026-02-04 16:30:00,1770222600000,0.09185,0.09189,0.09055,0.0909,3768206.0
2026-02-04 16:45:00,1770223500000,0.0909,0.09169,0.09042,0.09106,4649081.0
2026-02-04 17:00:00,1770224400000,0.09106,0.09162,0.09033,0.09129,3815101.0
2026-02-04 17:15:00,1770225300000,0.09129,0.09166,0.08948,0.08981,4142356.0
2026-02-04 17:30:00,1770226200000,0.08981,0.09116,0.08977,0.09096,4049075.0
2026-02-04 17:45:00,1770227100000,0.09096,0.0915,0.09049,0.09127,2320052.0
2026-02-04 18:00:00,1770228000000,0.09127,0.09135,0.09025,0.09049,4345210.0
2026-02-04 18:15:00,1770228900000,0.09049,0.09215,0.09004,0.0916,5014275.0
2026-02-04 18:30:00,1770229800000,0.0916,0.09396,0.09139,0.09387,5871449.0
2026-02-04 18:45:00,1770230700000,0.09387,0.09387,0.09257,0.09264,3051983.0
2026-02-04 19:00:00,1770231600000,0.09264,0.09351,0.09264,0.09289,2410312.0
2026-02-04 19:15:00,1770232500000,0.09289,0.09347,0.09249,0.0929,3892510.0
2026-02-04 19:30:00,1770233400000,0.0929,0.0944,0.09286,0.09428,2889861.0
2026-02-04 19:45:00,1770234300000,0.09428,0.09584,0.09417,0.09571,7038257.0
2026-02-04 20:00:00,1770235200000,0.09571,0.09594,0.09506,0.09532,3357793.0
2026-02-04 20:15:00,1770236100000,0.09532,0.09634,0.09529,0.09569,3101766.0
2026-02-04 20:30:00,1770237000000,0.09569,0.09583,0.09478,0.0951,2596577.0
2026-02-04 20:45:00,1770237900000,0.0951,0.09562,0.09499,0.09534,1273119.0
2026-02-04 21:00:00,1770238800000,0.09534,0.09566,0.09461,0.09486,1558342.0
2026-02-04 21:15:00,1770239700000,0.09486,0.09502,0.09443,0.09477,1181480.0
2026-02-04 21:30:00,1770240600000,0.09477,0.09525,0.09443,0.09469,1394995.0
2026-02-04 21:45:00,1770241500000,0.09469,0.09472,0.09416,0.09464,2308524.0
2026-02-04 22:00:00,1770242400000,0.09464,0.09464,0.09273,0.09302,4512892.0
2026-02-04 22:15:00,1770243300000,0.09302,0.09585,0.09287,0.09554,7947948.0
2026-02-04 22:30:00,1770244200000,0.09554,0.09554,0.09367,0.09375,2402896.0
2026-02-04 22:45:00,1770245100000,0.09375,0.09451,0.09359,0.09366,1844921.0
2026-02-04 23:00:00,1770246000000,0.09366,0.09386,0.09305,0.09353,2872362.0
2026-02-04 23:15:00,1770246900000,0.09353,0.09494,0.09335,0.09464,4426628.0
2026-02-04 23:30:00,1770247800000,0.09464,0.09534,0.09452,0.09474,2197337.0
2026-02-04 23:45:00,1770248700000,0.09474,0.09538,0.09474,0.09488,1484900.0
2026-02-05 00:00:00,1770249600000,0.09488,0.09504,0.09379,0.09399,4954840.0
2026-02-05 00:15:00,1770250500000,0.09399,0.09452,0.09387,0.09426,3263275.0
2026-02-05 00:30:00,1770251400000,0.09426,0.09463,0.09375,0.09456,1786059.0
2026-02-05 00:45:00,1770252300000,0.09456,0.09487,0.09423,0.09448,1074462.0
2026-02-05 01:00:00,1770253200000,0.09448,0.09595,0.09441,0.0958,8002579.0
2026-02-05 01:15:00,1770254100000,0.0958,0.09616,0.09426,0.09599,5912845.0
2026-02-05 01:30:00,1770255000000,0.09599,0.09628,0.09489,0.09543,5596711.0
2026-02-05 01:45:00,1770255900000,0.09543,0.09547,0.09462,0.09471,1263017.0
2026-02-05 02:00:00,1770256800000,0.09471,0.09481,0.09375,0.09389,3030398.0
2026-02-05 02:15:00,1770257700000,0.09389,0.09525,0.09372,0.09487,3775266.0
2026-02-05 02:30:00,1770258600000,0.09487,0.09565,0.09485,0.09525,3397985.0
2026-02-05 02:45:00,1770259500000,0.09525,0.09525,0.09379,0.09398,2564170.0
2026-02-05 03:00:00,1770260400000,0.09398,0.0944,0.09355,0.09382,2838756.0
2026-02-05 03:15:00,1770261300000,0.09382,0.09465,0.09331,0.09429,2029930.0
2026-02-05 03:30:00,1770262200000,0.09429,0.09448,0.09392,0.09425,2175243.0
2026-02-05 03:45:00,1770263100000,0.09425,0.09433,0.09393,0.09404,981454.0
2026-02-05 04:00:00,1770264000000,0.09404,0.09461,0.09346,0.09385,3106184.0
2026-02-05 04:15:00,1770264900000,0.09385,0.09446,0.09338,0.09394,2945080.0
2026-02-05 04:30:00,1770265800000,0.09394,0.09514,0.09377,0.09509,3810408.0
2026-02-05 04:45:00,1770266700000,0.09509,0.09534,0.09437,0.09443,1757601.0
2026-02-05 05:00:00,1770267600000,0.09443,0.09469,0.09382,0.09416,1003876.0
2026-02-05 05:15:00,1770268500000,0.09416,0.09429,0.09281,0.09328,4504393.0
2026-02-05 05:30:00,1770269400000,0.09328,0.09499,0.0931,0.09462,3495732.0
2026-02-05 05:45:00,1770270300000,0.09462,0.09466,0.09338,0.0936,3131947.0
2026-02-05 06:00:00,1770271200000,0.0936,0.09372,0.0926,0.0928,3089973.0
2026-02-05 06:15:00,1770272100000,0.0928,0.09322,0.09233,0.09244,3977419.0
2026-02-05 06:30:00,1770273000000,0.09244,0.09317,0.09244,0.09274,1654356.0
2026-02-05 06:45:00,1770273900000,0.09274,0.09306,0.09212,0.09255,3319567.0
2026-02-05 07:00:00,1770274800000,0.09255,0.09416,0.09249,0.09324,3706728.0
2026-02-05 07:15:00,1770275700000,0.09324,0.09412,0.09316,0.09356,1927822.0
2026-02-05 07:30:00,1770276600000,0.09356,0.09372,0.09237,0.09259,3390811.0
2026-02-05 07:45:00,1770277500000,0.09259,0.09277,0.09201,0.09223,2278941.0
2026-02-05 08:00:00,1770278400000,0.09223,0.09296,0.09223,0.09274,1257929.0
2026-02-05 08:15:00,1770279300000,0.09274,0.09337,0.09246,0.09328,2009986.0
2026-02-05 08:30:00,1770280200000,0.09328,0.09382,0.0928,0.0929,3186637.0
2026-02-05 08:45:00,1770281100000,0.0929,0.09327,0.0927,0.09272,5576411.0
2026-02-05 09:00:00,1770282000000,0.09272,0.09483,0.09272,0.09455,6038800.0
2026-02-05 09:15:00,1770282900000,0.09455,0.09486,0.09414,0.09432,2435179.0
2026-02-05 09:30:00,1770283800000,0.09432,0.0945,0.09395,0.09398,6578653.0
2026-02-05 09:45:00,1770284700000,0.09398,0.09419,0.09384,0.09403,1078380.0
2026-02-05 10:00:00,1770285600000,0.09403,0.09403,0.09293,0.09319,1899672.0
2026-02-05 10:15:00,1770286500000,0.09319,0.09344,0.09292,0.09304,1040552.0
2026-02-05 10:30:00,1770287400000,0.09304,0.09329,0.09247,0.09248,6731281.0
2026-02-05 10:45:00,1770288300000,0.09248,0.09263,0.09038,0.09089,12311911.0
2026-02-05 11:00:00,1770289200000,0.09089,0.09159,0.0901,0.09024,5177301.0
2026-02-05 11:15:00,1770290100000,0.09024,0.09076,0.08925,0.08958,8533269.0
2026-02-05 11:30:00,1770291000000,0.08958,0.09203,0.08947,0.09184,7099444.0
2026-02-05 11:45:00,1770291900000,0.09184,0.09197,0.09044,0.09065,5377764.0
2026-02-05 12:00:00,1770292800000,0.09065,0.09141,0.09056,0.09085,3710554.0
2026-02-05 12:15:00,1770293700000,0.09085,0.09172,0.08974,0.09093,10290613.0
2026-02-05 12:30:00,1770294600000,0.09093,0.09128,0.09008,0.09018,5758452.0
2026-02-05 12:45:00,1770295500000,0.09018,0.09044,0.08967,0.0901,3859809.0
2026-02-05 13:00:00,1770296400000,0.0901,0.0905,0.08982,0.08985,11050354.0
2026-02-05 13:15:00,1770297300000,0.08985,0.09003,0.08895,0.08922,4289363.0
2026-02-05 13:30:00,1770298200000,0.08922,0.09029,0.08922,0.09016,5547045.0
2026-02-05 13:45:00,1770299100000,0.09016,0.09017,0.08931,0.0896,4913933.0
2026-02-05 14:00:00,1770300000000,0.0896,0.09142,0.08957,0.09129,6776329.0
2026-02-05 14:15:00,1770300900000,0.09129,0.09152,0.09062,0.09124,2407639.0
2026-02-05 14:30:00,1770301800000,0.09124,0.09302,0.09116,0.09215,6997677.0
2026-02-05 14:45:00,1770302700000,0.09215,0.09262,0.09072,0.09094,4621767.0
2026-02-05 15:00:00,1770303600000,0.09094,0.09133,0.08698,0.08724,15371993.0
2026-02-05 15:15:00,1770304500000,0.08724,0.08911,0.08512,0.08556,18524714.0
2026-02-05 15:30:00,1770305400000,0.08556,0.08802,0.08423,0.08781,16392645.0
2026-02-05 15:45:00,1770306300000,0.08781,0.08916,0.087,0.08706,7449946.0
2026-02-05 16:00:00,1770307200000,0.08706,0.08791,0.08613,0.08681,6865304.0
2026-02-05 16:15:00,1770308100000,0.08681,0.08923,0.08658,0.08875,10812873.0
2026-02-05 16:30:00,1770309000000,0.08875,0.08925,0.08723,0.08737,4764197.0
2026-02-05 16:45:00,1770309900000,0.08737,0.08865,0.08668,0.08736,5904091.0
2026-02-05 17:00:00,1770310800000,0.08736,0.08786,0.08535,0.08568,6289589.0
2026-02-05 17:15:00,1770311700000,0.08568,0.08708,0.08371,0.0866,12225715.0
2026-02-05 17:30:00,1770312600000,0.0866,0.08674,0.08483,0.08582,7939957.0
2026-02-05 17:45:00,1770313500000,0.08582,0.08623,0.08442,0.08464,5098483.0
2026-02-05 18:00:00,1770314400000,0.08464,0.08549,0.08415,0.08443,6887370.0
2026-02-05 18:15:00,1770315300000,0.08443,0.08457,0.08279,0.08386,9774245.0
2026-02-05 18:30:00,1770316200000,0.08386,0.08399,0.08264,0.08299,6083174.0
2026-02-05 18:45:00,1770317100000,0.08299,0.08458,0.08277,0.08424,5055566.0
2026-02-05 19:00:00,1770318000000,0.08424,0.08435,0.083,0.08311,3944280.0
2026-02-05 19:15:00,1770318900000,0.08311,0.08363,0.08226,0.08276,6596515.0
2026-02-05 19:30:00,1770319800000,0.08276,0.08344,0.08251,0.08265,2923741.0
2026-02-05 19:45:00,1770320700000,0.08265,0.08289,0.08178,0.08235,5531885.0
2026-02-05 20:00:00,1770321600000,0.08235,0.083,0.08187,0.08188,5544099.0
2026-02-05 20:15:00,1770322500000,0.08188,0.08195,0.07841,0.07972,27730447.0
2026-02-05 20:30:00,1770323400000,0.07972,0.08197,0.07926,0.08126,12099669.0
2026-02-05 20:45:00,1770324300000,0.08126,0.08132,0.079,0.08022,10554587.0
2026-02-05 21:00:00,1770325200000,0.08022,0.08242,0.08007,0.08038,9567944.0
2026-02-05 21:15:00,1770326100000,0.08038,0.08201,0.07946,0.08147,8090453.0
2026-02-05 21:30:00,1770327000000,0.08147,0.08184,0.08017,0.08052,4935536.0
2026-02-05 21:45:00,1770327900000,0.08052,0.08111,0.07988,0.08043,3904372.0
2026-02-05 22:00:00,1770328800000,0.08043,0.08161,0.07978,0.08067,4314756.0
2026-02-05 22:15:00,1770329700000,0.08067,0.0815,0.07904,0.08134,4460029.0
2026-02-05 22:30:00,1770330600000,0.08134,0.08212,0.08061,0.08092,2042849.0
2026-02-05 22:45:00,1770331500000,0.08092,0.08144,0.08043,0.08047,2024392.0
2026-02-05 23:00:00,1770332400000,0.08047,0.08223,0.08028,0.08171,4541956.0
2026-02-05 23:15:00,1770333300000,0.08171,0.08179,0.08065,0.08101,3428710.0
2026-02-05 23:30:00,1770334200000,0.08101,0.08124,0.07931,0.07939,4183868.0
2026-02-05 23:45:00,1770335100000,0.07939,0.07986,0.07872,0.07894,3896087.0
2026-02-06 00:00:00,1770336000000,0.07894,0.07959,0.07178,0.07319,41340821.0
2026-02-06 00:15:00,1770336900000,0.07319,0.07517,0.06998,0.07421,62793609.0
2026-02-06 00:30:00,1770337800000,0.07421,0.07891,0.07413,0.07786,15776476.0
2026-02-06 00:45:00,1770338700000,0.07786,0.07963,0.07757,0.07801,9039551.0
2026-02-06 01:00:00,1770339600000,0.07801,0.08007,0.07742,0.07972,8545688.0
2026-02-06 01:15:00,1770340500000,0.07972,0.08056,0.07897,0.07916,6701842.0
2026-02-06 01:30:00,1770341400000,0.07916,0.08036,0.07903,0.08025,5403622.0
2026-02-06 01:45:00,1770342300000,0.08025,0.08147,0.08009,0.08112,7383984.0
2026-02-06 02:00:00,1770343200000,0.08112,0.08189,0.07878,0.07906,13607828.0
2026-02-06 02:15:00,1770344100000,0.07906,0.07908,0.07736,0.07792,9211412.0
2026-02-06 02:30:00,1770345000000,0.07792,0.07861,0.07774,0.07784,5119695.0
2026-02-06 02:45:00,1770345900000,0.07784,0.07801,0.07709,0.07729,2930935.0
2026-02-06 03:00:00,1770346800000,0.07729,0.07803,0.07696,0.07708,4549046.0
2026-02-06 03:15:00,1770347700000,0.07708,0.07736,0.0766,0.07717,2956642.0
2026-02-06 03:30:00,1770348600000,0.07717,0.07769,0.0768,0.07699,2878740.0
2026-02-06 03:45:00,1770349500000,0.07699,0.07717,0.0764,0.07701,3409118.0
2026-02-06 04:00:00,1770350400000,0.07701,0.07737,0.07656,0.07726,2507516.0
2026-02-06 04:15:00,1770351300000,0.07726,0.07842,0.07722,0.07814,3241229.0
2026-02-06 04:30:00,1770352200000,0.07814,0.07827,0.07762,0.07795,4802482.0
2026-02-06 04:45:00,1770353100000,0.07795,0.07866,0.07795,0.07845,1976844.0
2026-02-06 05:00:00,1770354000000,0.07845,0.08035,0.07835,0.08008,4704887.0
2026-02-06 05:15:00,1770354900000,0.08008,0.08026,0.07945,0.07963,2891466.0
2026-02-06 05:30:00,1770355800000,0.07963,0.0804,0.0795,0.08036,2062195.0
2026-02-06 05:45:00,1770356700000,0.08036,0.08116,0.07999,0.08075,3544964.0
2026-02-06 06:00:00,1770357600000,0.08075,0.08133,0.08064,0.08094,2526342.0
2026-02-06 06:15:00,1770358500000,0.08094,0.08106,0.07996,0.08042,3318780.0
2026-02-06 06:30:00,1770359400000,0.08042,0.08042,0.07888,0.07911,4351889.0
2026-02-06 06:45:00,1770360300000,0.07911,0.07938,0.07854,0.0787,4050656.0
2026-02-06 07:00:00,1770361200000,0.0787,0.07879,0.07776,0.07814,3210256.0
2026-02-06 07:15:00,1770362100000,0.07814,0.07845,0.07772,0.07843,3116468.0
2026-02-06 07:30:00,1770363000000,0.07843,0.07902,0.07836,0.07856,2230560.0
2026-02-06 07:45:00,1770363900000,0.07856,0.07886,0.07792,0.07812,1900475.0
2026-02-06 08:00:00,1770364800000,0.07812,0.07862,0.07778,0.0784,2963000.0
2026-02-06 08:15:00,1770365700000,0.0784,0.0784,0.07759,0.07774,3627867.0
2026-02-06 08:30:00,1770366600000,0.07774,0.07782,0.07707,0.07743,2556781.0
2026-02-06 08:45:00,1770367500000,0.07743,0.07776,0.0773,0.07746,1969780.0
2026-02-06 09:00:00,1770368400000,0.07746,0.07759,0.07708,0.07743,2295521.0
2026-02-06 09:15:00,1770369300000,0.07743,0.07806,0.0771,0.07794,5134862.0
2026-02-06 09:30:00,1770370200000,0.07794,0.0789,0.07783,0.0789,3295725.0
2026-02-06 09:45:00,1770371100000,0.0789,0.07982,0.07849,0.07956,3713346.0
2026-02-06 10:00:00,1770372000000,0.07956,0.07975,0.07913,0.07945,2191622.0
2026-02-06 10:15:00,1770372900000,0.07945,0.08029,0.07937,0.07987,4178638.0
2026-02-06 10:30:00,1770373800000,0.07987,0.08081,0.07972,0.08041,5575476.0
2026-02-06 10:45:00,1770374700000,0.08041,0.08053,0.08003,0.08039,1705501.0
2026-02-06 11:00:00,1770375600000,0.08039,0.0809,0.08002,0.08085,2006665.0
2026-02-06 11:15:00,1770376500000,0.08085,0.08093,0.08007,0.08038,2241016.0
2026-02-06 11:30:00,1770377400000,0.08038,0.08082,0.08024,0.08025,2929699.0
2026-02-06 11:45:00,1770378300000,0.08025,0.08041,0.07957,0.07997,9145159.0
2026-02-06 12:00:00,1770379200000,0.07997,0.07997,0.07939,0.07995,3064994.0
2026-02-06 12:15:00,1770380100000,0.07995,0.08055,0.07957,0.0804,1926145.0
2026-02-06 12:30:00,1770381000000,0.0804,0.08103,0.08021,0.08087,2628990.0
2026-02-06 12:45:00,1770381900000,0.08087,0.08115,0.08079,0.08094,2294039.0
2026-02-06 13:00:00,1770382800000,0.08094,0.08183,0.0808,0.08174,3070765.0
2026-02-06 13:15:00,1770383700000,0.08174,0.08294,0.08141,0.08216,4220286.0
2026-02-06 13:30:00,1770384600000,0.08216,0.08235,0.08181,0.08203,2575850.0
2026-02-06 13:45:00,1770385500000,0.08203,0.08261,0.08171,0.08176,2983802.0
2026-02-06 14:00:00,1770386400000,0.08176,0.0824,0.08159,0.08229,3454080.0
2026-02-06 14:15:00,1770387300000,0.08229,0.0824,0.08125,0.08174,4739533.0
2026-02-06 14:30:00,1770388200000,0.08174,0.0833,0.08164,0.08297,14625184.0
2026-02-06 14:45:00,1770389100000,0.08297,0.08419,0.08262,0.08336,13425289.0
2026-02-06 15:00:00,1770390000000,0.08336,0.08343,0.08244,0.08255,7704766.0
2026-02-06 15:15:00,1770390900000,0.08255,0.08323,0.08241,0.0826,7783930.0
2026-02-06 15:30:00,1770391800000,0.0826,0.08296,0.0824,0.08279,2835647.0
2026-02-06 15:45:00,1770392700000,0.08279,0.08315,0.08258,0.08307,4927976.0
2026-02-06 16:00:00,1770393600000,0.08307,0.08383,0.08255,0.08366,4473661.0
2026-02-06 16:15:00,1770394500000,0.08366,0.0844,0.08342,0.08417,6125425.0
2026-02-06 16:30:00,1770395400000,0.08417,0.08433,0.08378,0.08428,4077572.0
2026-02-06 16:45:00,1770396300000,0.08428,0.08491,0.08404,0.0843,3380424.0
2026-02-06 17:00:00,1770397200000,0.0843,0.08469,0.0838,0.08431,3372397.0
2026-02-06 17:15:00,1770398100000,0.08431,0.08533,0.08418,0.08526,4832037.0
2026-02-06 17:30:00,1770399000000,0.08526,0.0861,0.0849,0.08561,4456326.0
2026-02-06 17:45:00,1770399900000,0.08561,0.08587,0.08508,0.08521,4462582.0
2026-02-06 18:00:00,1770400800000,0.08521,0.08531,0.08327,0.08381,7217547.0
2026-02-06 18:15:00,1770401700000,0.08381,0.08387,0.08283,0.08298,3961646.0
2026-02-06 18:30:00,1770402600000,0.08298,0.08389,0.08279,0.08376,4392523.0
2026-02-06 18:45:00,1770403500000,0.08376,0.0841,0.08341,0.08345,1888522.0
2026-02-06 19:00:00,1770404400000,0.08345,0.08376,0.08317,0.08327,2185869.0
2026-02-06 19:15:00,1770405300000,0.08327,0.08397,0.08302,0.08363,1854607.0
2026-02-06 19:30:00,1770406200000,0.08363,0.08407,0.08345,0.08401,1181529.0
2026-02-06 19:45:00,1770407100000,0.08401,0.08452,0.08396,0.08434,2065691.0
2026-02-06 20:00:00,1770408000000,0.08434,0.08434,0.08289,0.08295,1522799.0
2026-02-06 20:15:00,1770408900000,0.08295,0.08308,0.08239,0.08304,1744196.0
2026-02-06 20:30:00,1770409800000,0.08304,0.08414,0.08292,0.08326,3867153.0
2026-02-06 20:45:00,1770410700000,0.08326,0.0838,0.08301,0.08317,2865457.0
2026-02-06 21:00:00,1770411600000,0.08317,0.08345,0.08255,0.08328,2988841.0
2026-02-06 21:15:00,1770412500000,0.08328,0.08412,0.08318,0.08389,1511311.0
2026-02-06 21:30:00,1770413400000,0.08389,0.08391,0.08348,0.08369,922848.0
2026-02-06 21:45:00,1770414300000,0.08369,0.08389,0.08368,0.08384,666964.0
2026-02-06 22:00:00,1770415200000,0.08384,0.08466,0.08377,0.08417,3240086.0
2026-02-06 22:15:00,1770416100000,0.08417,0.08453,0.08393,0.08436,2026491.0
2026-02-06 22:30:00,1770417000000,0.08436,0.08507,0.08427,0.08448,1792195.0
2026-02-06 22:45:00,1770417900000,0.08448,0.08496,0.08431,0.08458,1638843.0
2026-02-06 23:00:00,1770418800000,0.08458,0.08519,0.08437,0.08437,1766749.0
2026-02-06 23:15:00,1770419700000,0.08437,0.08437,0.08366,0.08394,2054608.0
2026-02-06 23:30:00,1770420600000,0.08394,0.08434,0.08394,0.08411,1414201.0
2026-02-06 23:45:00,1770421500000,0.08411,0.08431,0.08362,0.08373,2578514.0
2026-02-07 00:00:00,1770422400000,0.08373,0.08373,0.08238,0.08285,3652498.0
2026-02-07 00:15:00,1770423300000,0.08285,0.08291,0.08207,0.0821,2530462.0
2026-02-07 00:30:00,1770424200000,0.0821,0.08212,0.08097,0.08127,7869038.0
2026-02-07 00:45:00,1770425100000,0.08127,0.08216,0.08127,0.0817,1757938.0
2026-02-07 01:00:00,1770426000000,0.0817,0.08186,0.08076,0.08084,2519191.0
2026-02-07 01:15:00,1770426900000,0.08084,0.08148,0.08079,0.08115,2183990.0
2026-02-07 01:30:00,1770427800000,0.08115,0.08161,0.08101,0.08152,1287655.0
2026-02-07 01:45:00,1770428700000,0.08152,0.0823,0.08148,0.08217,1592390.0
2026-02-07 02:00:00,1770429600000,0.08217,0.08257,0.08201,0.08248,1271392.0
2026-02-07 02:15:00,1770430500000,0.08248,0.08301,0.08245,0.08283,1750901.0
2026-02-07 02:30:00,1770431400000,0.08283,0.0829,0.08254,0.08285,1081310.0
2026-02-07 02:45:00,1770432300000,0.08285,0.08316,0.08256,0.08306,1462772.0
2026-02-07 03:00:00,1770433200000,0.08306,0.08385,0.08287,0.08369,1925597.0
2026-02-07 03:15:00,1770434100000,0.08369,0.0837,0.0831,0.08316,820011.0
2026-02-07 03:30:00,1770435000000,0.08316,0.08318,0.08281,0.08306,1409877.0
2026-02-07 03:45:00,1770435900000,0.08306,0.08306,0.08265,0.08281,1094930.0
2026-02-07 04:00:00,1770436800000,0.08281,0.08326,0.08269,0.08318,1759858.0
2026-02-07 04:15:00,1770437700000,0.08318,0.08355,0.08283,0.08296,2208335.0
2026-02-07 04:30:00,1770438600000,0.08296,0.08358,0.08227,0.08232,3655946.0
2026-02-07 04:45:00,1770439500000,0.08232,0.08258,0.08231,0.08256,944805.0
2026-02-07 05:00:00,1770440400000,0.08256,0.08306,0.08254,0.08297,2143363.0
2026-02-07 05:15:00,1770441300000,0.08297,0.08309,0.08236,0.08238,1926297.0
2026-02-07 05:30:00,1770442200000,0.08238,0.08259,0.08211,0.08242,1203267.0
2026-02-07 05:45:00,1770443100000,0.08242,0.08245,0.08191,0.08216,712096.0
2026-02-07 06:00:00,1770444000000,0.08216,0.08245,0.08203,0.08227,1604217.0
2026-02-07 06:15:00,1770444900000,0.08227,0.08234,0.08183,0.08224,1320290.0
2026-02-07 06:30:00,1770445800000,0.08224,0.08275,0.08208,0.08239,2097178.0
2026-02-07 06:45:00,1770446700000,0.08239,0.08259,0.08132,0.08133,4613277.0
2026-02-07 07:00:00,1770447600000,0.08133,0.08158,0.07996,0.07998,7315891.0
2026-02-07 07:15:00,1770448500000,0.07998,0.08035,0.07889,0.08023,7591085.0
2026-02-07 07:30:00,1770449400000,0.08023,0.08102,0.0794,0.08076,3605666.0
2026-02-07 07:45:00,1770450300000,0.08076,0.08076,0.07985,0.0799,2749624.0
2026-02-07 08:00:00,1770451200000,0.0799,0.08023,0.07957,0.07997,2202872.0
2026-02-07 08:15:00,1770452100000,0.07997,0.08049,0.07976,0.08029,2187578.0
2026-02-07 08:30:00,1770453000000,0.08029,0.08073,0.08005,0.08028,1516638.0
2026-02-07 08:45:00,1770453900000,0.08028,0.08066,0.08028,0.08054,813240.0
2026-02-07 09:00:00,1770454800000,0.08054,0.08109,0.08054,0.08097,1123150.0
2026-02-07 09:15:00,1770455700000,0.08097,0.08097,0.08044,0.08045,837765.0
2026-02-07 09:30:00,1770456600000,0.08045,0.08064,0.08017,0.08033,1245568.0
2026-02-07 09:45:00,1770457500000,0.08033,0.08052,0.08018,0.08045,930823.0
2026-02-07 10:00:00,1770458400000,0.08045,0.08045,0.08003,0.08009,1018301.0
2026-02-07 10:15:00,1770459300000,0.08009,0.08016,0.07997,0.07997,792010.0
2026-02-07 10:30:00,1770460200000,0.07997,0.08002,0.07948,0.07986,1520376.0
2026-02-07 10:45:00,1770461100000,0.07986,0.07999,0.07966,0.07994,1098650.0
2026-02-07 11:00:00,1770462000000,0.07994,0.07995,0.07956,0.0796,1134649.0
2026-02-07 11:15:00,1770462900000,0.0796,0.07977,0.07952,0.07965,586460.0
2026-02-07 11:30:00,1770463800000,0.07965,0.0798,0.07958,0.07967,912192.0
2026-02-07 11:45:00,1770464700000,0.07967,0.07996,0.0796,0.07981,941550.0
2026-02-07 12:00:00,1770465600000,0.07981,0.0813,0.0797,0.0812,5189508.0
2026-02-07 12:15:00,1770466500000,0.0812,0.08277,0.08107,0.08229,4311412.0
2026-02-07 12:30:00,1770467400000,0.08229,0.08329,0.08228,0.08245,4752212.0
2026-02-07 12:45:00,1770468300000,0.08245,0.08266,0.08204,0.0824,2748556.0
2026-02-07 13:00:00,1770469200000,0.0824,0.0827,0.08169,0.0818,2710957.0
2026-02-07 13:15:00,1770470100000,0.0818,0.08204,0.08169,0.0817,1062987.0
2026-02-07 13:30:00,1770471000000,0.0817,0.08177,0.08109,0.08123,2439063.0
2026-02-07 13:45:00,1770471900000,0.08123,0.0816,0.08121,0.08149,963807.0
2026-02-07 14:00:00,1770472800000,0.08149,0.08159,0.08131,0.08138,848717.0
2026-02-07 14:15:00,1770473700000,0.08138,0.08171,0.08123,0.08143,348002.0
2026-02-07 14:30:00,1770474600000,0.08143,0.08144,0.08038,0.08082,3397476.0
2026-02-07 14:45:00,1770475500000,0.08082,0.08091,0.08024,0.08058,2250179.0
2026-02-07 15:00:00,1770476400000,0.08058,0.08135,0.08046,0.08129,2256208.0
2026-02-07 15:15:00,1770477300000,0.08129,0.08213,0.08107,0.08213,2731206.0
2026-02-07 15:30:00,1770478200000,0.08213,0.08256,0.082,0.08232,1660251.0
2026-02-07 15:45:00,1770479100000,0.08232,0.08264,0.08205,0.08264,1320667.0
2026-02-07 16:00:00,1770480000000,0.08264,0.08581,0.08233,0.08469,68958867.0
2026-02-07 16:15:00,1770480900000,0.08469,0.08579,0.08335,0.08443,26514623.0
2026-02-07 16:30:00,1770481800000,0.08443,0.08462,0.08384,0.08445,2308862.0
2026-02-07 16:45:00,1770482700000,0.08445,0.08457,0.08417,0.08427,2090512.0
2026-02-07 17:00:00,1770483600000,0.08427,0.08427,0.08322,0.0835,2061499.0
2026-02-07 17:15:00,1770484500000,0.0835,0.08411,0.08349,0.08411,2505524.0
2026-02-07 17:30:00,1770485400000,0.08411,0.08483,0.08389,0.08436,2305138.0
2026-02-07 17:45:00,1770486300000,0.08436,0.08445,0.08392,0.08427,1387308.0
2026-02-07 18:00:00,1770487200000,0.08427,0.08427,0.08375,0.08388,1379620.0
2026-02-07 18:15:00,1770488100000,0.08388,0.08503,0.08383,0.08477,1834627.0
2026-02-07 18:30:00,1770489000000,0.08477,0.08568,0.08467,0.08557,2602519.0
2026-02-07 18:45:00,1770489900000,0.08557,0.08591,0.08509,0.08511,1130397.0
2026-02-07 19:00:00,1770490800000,0.08511,0.08511,0.08429,0.08439,1536757.0
2026-02-07 19:15:00,1770491700000,0.08439,0.08473,0.08434,0.08455,931860.0
2026-02-07 19:30:00,1770492600000,0.08455,0.08462,0.08416,0.08455,971311.0
2026-02-07 19:45:00,1770493500000,0.08455,0.08455,0.0842,0.08438,425968.0
2026-02-07 20:00:00,1770494400000,0.08438,0.08457,0.08402,0.08416,1131431.0
2026-02-07 20:15:00,1770495300000,0.08416,0.08437,0.08408,0.08429,634298.0
2026-02-07 20:30:00,1770496200000,0.08429,0.08458,0.08408,0.08422,1523739.0
2026-02-07 20:45:00,1770497100000,0.08422,0.08473,0.08422,0.08451,1928033.0
2026-02-07 21:00:00,1770498000000,0.08451,0.08482,0.08436,0.08445,1401433.0
2026-02-07 21:15:00,1770498900000,0.08445,0.08462,0.08423,0.08436,1063736.0
2026-02-07 21:30:00,1770499800000,0.08436,0.08437,0.08415,0.08415,1070840.0
2026-02-07 21:45:00,1770500700000,0.08415,0.08417,0.08386,0.08412,1313972.0
2026-02-07 22:00:00,1770501600000,0.08412,0.08452,0.08406,0.0842,774166.0
2026-02-07 22:15:00,1770502500000,0.0842,0.08424,0.08392,0.08419,425860.0
2026-02-07 22:30:00,1770503400000,0.08419,0.08434,0.08396,0.08407,643687.0
2026-02-07 22:45:00,1770504300000,0.08407,0.08407,0.08389,0.084,689367.0
2026-02-07 23:00:00,1770505200000,0.084,0.08407,0.08346,0.08378,1972057.0
2026-02-07 23:15:00,1770506100000,0.08378,0.08383,0.08341,0.08369,879521.0
2026-02-07 23:30:00,1770507000000,0.08369,0.08391,0.08361,0.08372,430538.0
2026-02-07 23:45:00,1770507900000,0.08372,0.08406,0.08371,0.08378,813193.0
2026-02-08 00:00:00,1770508800000,0.08378,0.08381,0.0832,0.08332,1151908.0
2026-02-08 00:15:00,1770509700000,0.08332,0.08332,0.08285,0.08301,1882480.0
2026-02-08 00:30:00,1770510600000,0.08301,0.08311,0.08265,0.08277,1195677.0
2026-02-08 00:45:00,1770511500000,0.08277,0.08302,0.08268,0.08287,850339.0
2026-02-08 01:00:00,1770512400000,0.08287,0.08357,0.08287,0.08356,830189.0
2026-02-08 01:15:00,1770513300000,0.08356,0.08356,0.08311,0.08318,814788.0
2026-02-08 01:30:00,1770514200000,0.08318,0.08354,0.08316,0.0835,823965.0
2026-02-08 01:45:00,1770515100000,0.0835,0.08378,0.08338,0.08374,979667.0
2026-02-08 02:00:00,1770516000000,0.08374,0.08398,0.0836,0.0836,1978724.0
2026-02-08 02:15:00,1770516900000,0.0836,0.08382,0.08341,0.08342,951494.0
2026-02-08 02:30:00,1770517800000,0.08342,0.08353,0.08322,0.08331,1112294.0
2026-02-08 02:45:00,1770518700000,0.08331,0.08352,0.08317,0.08349,935361.0
2026-02-08 03:00:00,1770519600000,0.08349,0.08373,0.0832,0.08333,768770.0
2026-02-08 03:15:00,1770520500000,0.08333,0.08334,0.08296,0.08307,1180828.0
2026-02-08 03:30:00,1770521400000,0.08307,0.08324,0.08295,0.08305,461909.0
2026-02-08 03:45:00,1770522300000,0.08305,0.08314,0.08253,0.08267,596795.0
2026-02-08 04:00:00,1770523200000,0.08267,0.08296,0.08245,0.0825,1246812.0
2026-02-08 04:15:00,1770524100000,0.0825,0.08303,0.08219,0.08299,1848082.0
2026-02-08 04:30:00,1770525000000,0.08299,0.08304,0.08265,0.08266,568435.0
2026-02-08 04:45:00,1770525900000,0.08266,0.08302,0.08263,0.08302,437623.0
2026-02-08 05:00:00,1770526800000,0.08302,0.08307,0.08275,0.08307,496953.0
2026-02-08 05:15:00,1770527700000,0.08307,0.08319,0.08268,0.08277,629250.0
2026-02-08 05:30:00,1770528600000,0.08277,0.08277,0.08252,0.08253,623754.0
2026-02-08 05:45:00,1770529500000,0.08253,0.08263,0.08204,0.08221,1350848.0
2026-02-08 06:00:00,1770530400000,0.08221,0.0823,0.08193,0.08223,797694.0
2026-02-08 06:15:00,1770531300000,0.08223,0.0823,0.08194,0.08206,1390238.0
2026-02-08 06:30:00,1770532200000,0.08206,0.0822,0.08184,0.08194,1210144.0
2026-02-08 06:45:00,1770533100000,0.08194,0.08208,0.08164,0.08174,839184.0
2026-02-08 07:00:00,1770534000000,0.08174,0.08195,0.08141,0.08167,1494100.0
2026-02-08 07:15:00,1770534900000,0.08167,0.08176,0.08109,0.08157,1981651.0
2026-02-08 07:30:00,1770535800000,0.08157,0.082,0.08147,0.08166,1974543.0
2026-02-08 07:45:00,1770536700000,0.08166,0.08207,0.08166,0.08206,674621.0
2026-02-08 08:00:00,1770537600000,0.08206,0.08242,0.08192,0.08199,1499043.0
2026-02-08 08:15:00,1770538500000,0.08199,0.08332,0.08193,0.08322,3159881.0
2026-02-08 08:30:00,1770539400000,0.08322,0.08392,0.08285,0.08323,2987382.0
2026-02-08 08:45:00,1770540300000,0.08323,0.08442,0.08315,0.08425,4183992.0
2026-02-08 09:00:00,1770541200000,0.08425,0.08487,0.08402,0.08422,2513590.0
2026-02-08 09:15:00,1770542100000,0.08422,0.08424,0.08388,0.08396,1269780.0
2026-02-08 09:30:00,1770543000000,0.08396,0.08427,0.08327,0.08335,2361958.0
2026-02-08 09:45:00,1770543900000,0.08335,0.08389,0.08332,0.08375,1921108.0
2026-02-08 10:00:00,1770544800000,0.08375,0.08436,0.08373,0.08406,1264753.0
2026-02-08 10:15:00,1770545700000,0.08406,0.08426,0.08285,0.08299,3585445.0
2026-02-08 10:30:00,1770546600000,0.08299,0.08334,0.08291,0.08323,997502.0
2026-02-08 10:45:00,1770547500000,0.08323,0.08349,0.08312,0.08318,600312.0
2026-02-08 11:00:00,1770548400000,0.08318,0.08388,0.0831,0.08388,1373750.0
2026-02-08 11:15:00,1770549300000,0.08388,0.08429,0.08378,0.08394,1066388.0
2026-02-08 11:30:00,1770550200000,0.08394,0.08481,0.08383,0.08414,2400684.0
2026-02-08 11:45:00,1770551100000,0.08414,0.08438,0.08404,0.08432,1301090.0
2026-02-08 12:00:00,1770552000000,0.08432,0.08441,0.08394,0.08394,690488.0
2026-02-08 12:15:00,1770552900000,0.08394,0.08421,0.08382,0.08415,860131.0
2026-02-08 12:30:00,1770553800000,0.08415,0.08415,0.08346,0.08357,1095317.0
2026-02-08 12:45:00,1770554700000,0.08357,0.08398,0.08355,0.08392,1479092.0
2026-02-08 13:00:00,1770555600000,0.08392,0.08399,0.08321,0.08339,1797471.0
2026-02-08 13:15:00,1770556500000,0.08339,0.0844,0.08336,0.08439,1615897.0
2026-02-08 13:30:00,1770557400000,0.08439,0.08484,0.08429,0.0844,2453461.0
2026-02-08 13:45:00,1770558300000,0.0844,0.08488,0.0844,0.08484,1404387.0
2026-02-08 14:00:00,1770559200000,0.08484,0.08496,0.08451,0.08459,994641.0
2026-02-08 14:15:00,1770560100000,0.08459,0.08465,0.08416,0.08465,994315.0
2026-02-08 14:30:00,1770561000000,0.08465,0.08534,0.08465,0.08504,1484240.0
2026-02-08 14:45:00,1770561900000,0.08504,0.08525,0.08477,0.0849,1002155.0
2026-02-08 15:00:00,1770562800000,0.0849,0.08508,0.08474,0.08488,956808.0
2026-02-08 15:15:00,1770563700000,0.08488,0.08488,0.08344,0.0836,3849837.0
2026-02-08 15:30:00,1770564600000,0.0836,0.0839,0.08334,0.08375,1757830.0
2026-02-08 15:45:00,1770565500000,0.08375,0.08379,0.08321,0.08361,1378187.0
2026-02-08 16:00:00,1770566400000,0.08361,0.08381,0.08291,0.08344,3888838.0
2026-02-08 16:15:00,1770567300000,0.08344,0.08375,0.08344,0.08352,1356994.0
2026-02-08 16:30:00,1770568200000,0.08352,0.08353,0.08226,0.0823,2474854.0
2026-02-08 16:45:00,1770569100000,0.0823,0.08239,0.08115,0.08163,9396821.0
2026-02-08 17:00:00,1770570000000,0.08163,0.08222,0.08156,0.08193,1942748.0
2026-02-08 17:15:00,1770570900000,0.08193,0.08257,0.08193,0.08218,2071965.0
2026-02-08 17:30:00,1770571800000,0.08218,0.08269,0.08218,0.08258,2132971.0
2026-02-08 17:45:00,1770572700000,0.08258,0.08268,0.08236,0.08264,1060649.0
2026-02-08 18:00:00,1770573600000,0.08264,0.08375,0.08258,0.08345,5826028.0
2026-02-08 18:15:00,1770574500000,0.08345,0.08353,0.08291,0.08295,1705981.0
2026-02-08 18:30:00,1770575400000,0.08295,0.08403,0.08293,0.08387,3420139.0
2026-02-08 18:45:00,1770576300000,0.08387,0.08404,0.08362,0.08376,840961.0
2026-02-08 19:00:00,1770577200000,0.08376,0.08393,0.08324,0.08333,2428253.0
2026-02-08 19:15:00,1770578100000,0.08333,0.08355,0.08315,0.08325,1127030.0
2026-02-08 19:30:00,1770579000000,0.08325,0.08359,0.08314,0.08358,820850.0
2026-02-08 19:45:00,1770579900000,0.08358,0.0839,0.08341,0.08381,1163618.0
2026-02-08 20:00:00,1770580800000,0.08381,0.08381,0.08288,0.08331,1300140.0
2026-02-08 20:15:00,1770581700000,0.08331,0.08344,0.083,0.08312,576041.0
2026-02-08 20:30:00,1770582600000,0.08312,0.08331,0.08309,0.08316,484771.0
2026-02-08 20:45:00,1770583500000,0.08316,0.08321,0.08262,0.08271,1986624.0
2026-02-08 21:00:00,1770584400000,0.08271,0.08297,0.08253,0.08283,775607.0
2026-02-08 21:15:00,1770585300000,0.08283,0.0829,0.08263,0.08278,535577.0
2026-02-08 21:30:00,1770586200000,0.08278,0.08279,0.08182,0.08192,2987056.0
2026-02-08 21:45:00,1770587100000,0.08192,0.08224,0.08185,0.08212,1141108.0
2026-02-08 22:00:00,1770588000000,0.08212,0.08258,0.0821,0.08235,1509127.0
2026-02-08 22:15:00,1770588900000,0.08235,0.08271,0.08232,0.08262,3121741.0
2026-02-08 22:30:00,1770589800000,0.08262,0.0829,0.08247,0.08278,1934900.0
2026-02-08 22:45:00,1770590700000,0.08278,0.0829,0.0826,0.08281,311054.0
2026-02-08 23:00:00,1770591600000,0.08281,0.08495,0.08279,0.08343,4686453.0
2026-02-08 23:15:00,1770592500000,0.08343,0.08354,0.08223,0.0826,2467483.0
2026-02-08 23:30:00,1770593400000,0.0826,0.08274,0.08184,0.08256,3035514.0
2026-02-08 23:45:00,1770594300000,0.08256,0.0831,0.08246,0.08256,1748585.0
2026-02-09 00:00:00,1770595200000,0.08256,0.08289,0.08241,0.08269,1013813.0
2026-02-09 00:15:00,1770596100000,0.08269,0.08277,0.08228,0.08229,1132019.0
2026-02-09 00:30:00,1770597000000,0.08229,0.08259,0.08199,0.08216,1284309.0
2026-02-09 00:45:00,1770597900000,0.08216,0.08281,0.08205,0.08273,1003696.0
2026-02-09 01:00:00,1770598800000,0.08273,0.08288,0.08254,0.08258,805639.0
2026-02-09 01:15:00,1770599700000,0.08258,0.0835,0.08251,0.08316,1862076.0
2026-02-09 01:30:00,1770600600000,0.08316,0.08316,0.08214,0.08243,2619738.0
2026-02-09 01:45:00,1770601500000,0.08243,0.08299,0.0823,0.0827,2488935.0
2026-02-09 02:00:00,1770602400000,0.0827,0.0827,0.08226,0.08226,668907.0
2026-02-09 02:15:00,1770603300000,0.08226,0.0824,0.0822,0.08234,489797.0
2026-02-09 02:30:00,1770604200000,0.08234,0.08322,0.0823,0.08303,1978297.0
2026-02-09 02:45:00,1770605100000,0.08303,0.08311,0.08268,0.0827,799506.0
2026-02-09 03:00:00,1770606000000,0.0827,0.08307,0.08269,0.08276,805219.0
2026-02-09 03:15:00,1770606900000,0.08276,0.08305,0.08263,0.08305,1006889.0
2026-02-09 03:30:00,1770607800000,0.08305,0.08383,0.08305,0.08364,2860526.0
2026-02-09 03:45:00,1770608700000,0.08364,0.08373,0.08334,0.08352,1345240.0
2026-02-09 04:00:00,1770609600000,0.08352,0.08353,0.08284,0.08298,1682956.0
2026-02-09 04:15:00,1770610500000,0.08298,0.08334,0.08296,0.08332,733690.0
2026-02-09 04:30:00,1770611400000,0.08332,0.08332,0.08276,0.08285,1039108.0
2026-02-09 04:45:00,1770612300000,0.08285,0.08292,0.0827,0.08287,546384.0
2026-02-09 05:00:00,1770613200000,0.08287,0.08292,0.08262,0.08281,723895.0
2026-02-09 05:15:00,1770614100000,0.08281,0.08332,0.08281,0.08332,500513.0
2026-02-09 05:30:00,1770615000000,0.08332,0.08342,0.08317,0.08331,547722.0
2026-02-09 05:45:00,1770615900000,0.08331,0.08383,0.08323,0.08373,861671.0
2026-02-09 06:00:00,1770616800000,0.08373,0.08373,0.083,0.08301,4045834.0
2026-02-09 06:15:00,1770617700000,0.08301,0.08301,0.08222,0.08232,2023385.0
2026-02-09 06:30:00,1770618600000,0.08232,0.08255,0.08227,0.08246,781855.0
2026-02-09 06:45:00,1770619500000,0.08246,0.08262,0.08241,0.08251,952264.0
2026-02-09 07:00:00,1770620400000,0.08251,0.08293,0.08241,0.0829,622959.0
2026-02-09 07:15:00,1770621300000,0.0829,0.08291,0.08266,0.08279,544580.0
2026-02-09 07:30:00,1770622200000,0.08279,0.08279,0.08208,0.08223,2104198.0
2026-02-09 07:45:00,1770623100000,0.08223,0.08231,0.08197,0.08208,882133.0
2026-02-09 08:00:00,1770624000000,0.08208,0.08225,0.0819,0.08202,1350810.0
2026-02-09 08:15:00,1770624900000,0.08202,0.08202,0.08113,0.0812,2528438.0
2026-02-09 08:30:00,1770625800000,0.0812,0.0812,0.08034,0.08078,3922401.0
2026-02-09 08:45:00,1770626700000,0.08078,0.08105,0.0805,0.08082,2686649.0
2026-02-09 09:00:00,1770627600000,0.08082,0.08084,0.08038,0.08038,1315380.0
2026-02-09 09:15:00,1770628500000,0.08038,0.08055,0.08003,0.0803,3138228.0
2026-02-09 09:30:00,1770629400000,0.0803,0.08036,0.07988,0.07996,1784524.0
2026-02-09 09:45:00,1770630300000,0.07996,0.08011,0.07957,0.07999,7203656.0
2026-02-09 10:00:00,1770631200000,0.07999,0.08006,0.07954,0.07955,3102668.0
2026-02-09 10:15:00,1770632100000,0.07955,0.07955,0.0787,0.07877,4861015.0
2026-02-09 10:30:00,1770633000000,0.07877,0.07877,0.07804,0.07825,6443555.0
2026-02-09 10:45:00,1770633900000,0.07825,0.0785,0.07817,0.07843,2826682.0
2026-02-09 11:00:00,1770634800000,0.07843,0.07924,0.07843,0.07898,4551201.0
2026-02-09 11:15:00,1770635700000,0.07898,0.07907,0.07869,0.0789,1966405.0
2026-02-09 11:30:00,1770636600000,0.0789,0.07912,0.07868,0.07872,2280617.0
2026-02-09 11:45:00,1770637500000,0.07872,0.07888,0.07865,0.07887,1675547.0
2026-02-09 12:00:00,1770638400000,0.07887,0.07915,0.07877,0.07902,2033188.0
2026-02-09 12:15:00,1770639300000,0.07902,0.07927,0.07886,0.07898,1246090.0
2026-02-09 12:30:00,1770640200000,0.07898,0.07969,0.07895,0.07953,1718754.0
2026-02-09 12:45:00,1770641100000,0.07953,0.07956,0.07937,0.07943,897635.0
2026-02-09 13:00:00,1770642000000,0.07943,0.07977,0.07922,0.07961,2045218.0
2026-02-09 13:15:00,1770642900000,0.07961,0.07973,0.07942,0.07963,1038598.0
2026-02-09 13:30:00,1770643800000,0.07963,0.07963,0.07912,0.07931,1408391.0
2026-02-09 13:45:00,1770644700000,0.07931,0.07936,0.07885,0.0789,1540122.0
2026-02-09 14:00:00,1770645600000,0.0789,0.07921,0.07867,0.07885,1990119.0
2026-02-09 14:15:00,1770646500000,0.07885,0.07907,0.07847,0.07877,2709307.0
2026-02-09 14:30:00,1770647400000,0.07877,0.08032,0.0785,0.07973,3811163.0
2026-02-09 14:45:00,1770648300000,0.07973,0.08034,0.0796,0.08011,2523106.0
2026-02-09 15:00:00,1770649200000,0.08011,0.08095,0.08011,0.08054,2316533.0
2026-02-09 15:15:00,1770650100000,0.08054,0.08076,0.07974,0.0798,1492588.0
2026-02-09 15:30:00,1770651000000,0.0798,0.08126,0.07978,0.08107,2266625.0
2026-02-09 15:45:00,1770651900000,0.08107,0.08126,0.08067,0.08099,2020568.0
2026-02-09 16:00:00,1770652800000,0.08099,0.08103,0.0802,0.08033,1774006.0
2026-02-09 16:15:00,1770653700000,0.08033,0.08077,0.08031,0.08069,1339581.0
2026-02-09 16:30:00,1770654600000,0.08069,0.08146,0.08019,0.08128,3305901.0
2026-02-09 16:45:00,1770655500000,0.08128,0.08256,0.08128,0.08203,15403868.0
2026-02-09 17:00:00,1770656400000,0.08203,0.08255,0.08164,0.08172,3388432.0
2026-02-09 17:15:00,1770657300000,0.08172,0.08206,0.08163,0.08193,2385115.0
2026-02-09 17:30:00,1770658200000,0.08193,0.08431,0.08192,0.08395,6616395.0
2026-02-09 17:45:00,1770659100000,0.08395,0.08413,0.08362,0.08395,2360480.0
2026-02-09 18:00:00,1770660000000,0.08395,0.08452,0.08377,0.08383,2867148.0
2026-02-09 18:15:00,1770660900000,0.08383,0.08386,0.08338,0.08371,4004471.0
2026-02-09 18:30:00,1770661800000,0.08371,0.08453,0.08355,0.08445,2432474.0
2026-02-09 18:45:00,1770662700000,0.08445,0.08465,0.08418,0.08427,1681943.0
2026-02-09 19:00:00,1770663600000,0.08427,0.08427,0.08349,0.08358,1623021.0
2026-02-09 19:15:00,1770664500000,0.08358,0.08382,0.08351,0.08379,1278464.0
2026-02-09 19:30:00,1770665400000,0.08379,0.0844,0.08378,0.08419,1609740.0
2026-02-09 19:45:00,1770666300000,0.08419,0.08448,0.08397,0.08435,1083618.0
2026-02-09 20:00:00,1770667200000,0.08435,0.08477,0.08386,0.08429,2201493.0
2026-02-09 20:15:00,1770668100000,0.08429,0.08429,0.08342,0.08364,1699410.0
2026-02-09 20:30:00,1770669000000,0.08364,0.08408,0.08359,0.08393,756821.0
2026-02-09 20:45:00,1770669900000,0.08393,0.08393,0.08347,0.08368,1972702.0
2026-02-09 21:00:00,1770670800000,0.08368,0.08385,0.0833,0.08331,4979612.0
2026-02-09 21:15:00,1770671700000,0.08331,0.0835,0.08331,0.08343,1298612.0
2026-02-09 21:30:00,1770672600000,0.08343,0.08348,0.0825,0.08265,9994152.0
2026-02-09 21:45:00,1770673500000,0.08265,0.0838,0.08242,0.08344,2858605.0
2026-02-09 22:00:00,1770674400000,0.08344,0.08407,0.08316,0.08407,2807390.0
2026-02-09 22:15:00,1770675300000,0.08407,0.08407,0.08357,0.08377,4559864.0
2026-02-09 22:30:00,1770676200000,0.08377,0.08385,0.08359,0.08367,837020.0
2026-02-09 22:45:00,1770677100000,0.08367,0.08379,0.0835,0.08373,878960.0
2026-02-09 23:00:00,1770678000000,0.08373,0.08394,0.08352,0.08364,1138974.0
2026-02-09 23:15:00,1770678900000,0.08364,0.08382,0.08351,0.08352,1134600.0
2026-02-09 23:30:00,1770679800000,0.08352,0.08382,0.08338,0.08368,756639.0
2026-02-09 23:45:00,1770680700000,0.08368,0.0837,0.0833,0.08364,864627.0
2026-02-10 00:00:00,1770681600000,0.08364,0.08378,0.08321,0.08337,1107982.0
2026-02-10 00:15:00,1770682500000,0.08337,0.08424,0.08335,0.08378,3619690.0
2026-02-10 00:30:00,1770683400000,0.08378,0.08465,0.08377,0.08439,2192585.0
2026-02-10 00:45:00,1770684300000,0.08439,0.08508,0.08422,0.08459,5457726.0
2026-02-10 01:00:00,1770685200000,0.08459,0.08527,0.08449,0.085,1990104.0
2026-02-10 01:15:00,1770686100000,0.085,0.08549,0.08483,0.0852,2655216.0
2026-02-10 01:30:00,1770687000000,0.0852,0.08561,0.08496,0.08554,2047908.0
2026-02-10 01:45:00,1770687900000,0.08554,0.08568,0.08524,0.08547,2624618.0
2026-02-10 02:00:00,1770688800000,0.08547,0.08592,0.08531,0.08531,2011157.0
2026-02-10 02:15:00,1770689700000,0.08531,0.08551,0.08497,0.08537,2787548.0
2026-02-10 02:30:00,1770690600000,0.08537,0.08563,0.08506,0.08512,1167090.0
2026-02-10 02:45:00,1770691500000,0.08512,0.08571,0.08509,0.08551,1854721.0
2026-02-10 03:00:00,1770692400000,0.08551,0.08554,0.08433,0.08438,2934395.0
2026-02-10 03:15:00,1770693300000,0.08438,0.08446,0.08337,0.08348,5874583.0
2026-02-10 03:30:00,1770694200000,0.08348,0.08348,0.08264,0.08307,8373687.0
2026-02-10 03:45:00,1770695100000,0.08307,0.08338,0.08296,0.08322,1881114.0
2026-02-10 04:00:00,1770696000000,0.08322,0.08396,0.08294,0.08396,3036239.0
2026-02-10 04:15:00,1770696900000,0.08396,0.08396,0.08327,0.08368,2160647.0
2026-02-10 04:30:00,1770697800000,0.08368,0.08368,0.08304,0.08323,1537428.0
2026-02-10 04:45:00,1770698700000,0.08323,0.08367,0.08316,0.08356,791683.0
2026-02-10 05:00:00,1770699600000,0.08356,0.08363,0.08322,0.08345,1943391.0
2026-02-10 05:15:00,1770700500000,0.08345,0.08345,0.08287,0.08291,1315221.0
2026-02-10 05:30:00,1770701400000,0.08291,0.08327,0.0827,0.08291,3632410.0
2026-02-10 05:45:00,1770702300000,0.08291,0.08292,0.08237,0.08257,7821864.0
2026-02-10 06:00:00,1770703200000,0.08257,0.08257,0.08197,0.08211,3407081.0
2026-02-10 06:15:00,1770704100000,0.08211,0.08218,0.08132,0.08175,2799441.0
2026-02-10 06:30:00,1770705000000,0.08175,0.0821,0.08137,0.08157,5243704.0
2026-02-10 06:45:00,1770705900000,0.08157,0.08158,0.08054,0.08082,8475918.0
2026-02-10 07:00:00,1770706800000,0.08082,0.08163,0.0808,0.08131,1701258.0
2026-02-10 07:15:00,1770707700000,0.08131,0.08131,0.08109,0.08127,1023085.0
2026-02-10 07:30:00,1770708600000,0.08127,0.08205,0.08123,0.08178,2699930.0
2026-02-10 07:45:00,1770709500000,0.08178,0.08211,0.08166,0.08201,2233730.0
2026-02-10 08:00:00,1770710400000,0.08201,0.08218,0.08176,0.08178,4183440.0
2026-02-10 08:15:00,1770711300000,0.08178,0.0821,0.08145,0.08187,4485558.0
2026-02-10 08:30:00,1770712200000,0.08187,0.08198,0.08129,0.0814,1964841.0
2026-02-10 08:45:00,1770713100000,0.0814,0.08168,0.08126,0.0816,1842648.0
2026-02-10 09:00:00,1770714000000,0.0816,0.08262,0.08148,0.0823,1935026.0
2026-02-10 09:15:00,1770714900000,0.0823,0.08235,0.0818,0.08189,1303022.0
2026-02-10 09:30:00,1770715800000,0.08189,0.08208,0.08177,0.08207,1201655.0
2026-02-10 09:45:00,1770716700000,0.08207,0.08219,0.08146,0.08171,1852056.0
2026-02-10 10:00:00,1770717600000,0.08171,0.08192,0.08134,0.08137,965611.0
2026-02-10 10:15:00,1770718500000,0.08137,0.08177,0.08128,0.08149,1328459.0
2026-02-10 10:30:00,1770719400000,0.08149,0.08149,0.08097,0.08114,1383365.0
2026-02-10 10:45:00,1770720300000,0.08114,0.08127,0.08097,0.081,546448.0
2026-02-10 11:00:00,1770721200000,0.081,0.0812,0.0808,0.08109,1753533.0
2026-02-10 11:15:00,1770722100000,0.08109,0.08128,0.08103,0.08111,1072083.0
2026-02-10 11:30:00,1770723000000,0.08111,0.08182,0.08081,0.08175,3959302.0
2026-02-10 11:45:00,1770723900000,0.08175,0.08183,0.08121,0.08131,2164060.0
2026-02-10 12:00:00,1770724800000,0.08131,0.08167,0.0807,0.08074,3039792.0
2026-02-10 12:15:00,1770725700000,0.08074,0.08111,0.08073,0.08078,877852.0
2026-02-10 12:30:00,1770726600000,0.08078,0.08085,0.08023,0.08035,2105985.0
2026-02-10 12:45:00,1770727500000,0.08035,0.08046,0.07995,0.08012,6773952.0
2026-02-10 13:00:00,1770728400000,0.08012,0.0805,0.08004,0.08042,1594415.0
2026-02-10 13:15:00,1770729300000,0.08042,0.08091,0.08028,0.08089,2892680.0
2026-02-10 13:30:00,1770730200000,0.08089,0.08131,0.08077,0.08118,3112080.0
2026-02-10 13:45:00,1770731100000,0.08118,0.08123,0.08087,0.08108,1245871.0
2026-02-10 14:00:00,1770732000000,0.08108,0.08114,0.08089,0.08109,1997795.0
2026-02-10 14:15:00,1770732900000,0.08109,0.08179,0.08104,0.08113,1955523.0
2026-02-10 14:30:00,1770733800000,0.08113,0.08173,0.08011,0.08072,5780243.0
2026-02-10 14:45:00,1770734700000,0.08072,0.08088,0.07997,0.08054,3254889.0
2026-02-10 15:00:00,1770735600000,0.08054,0.08127,0.08027,0.08074,2304309.0
2026-02-10 15:15:00,1770736500000,0.08074,0.08173,0.08055,0.08157,1897948.0
2026-02-10 15:30:00,1770737400000,0.08157,0.08214,0.08154,0.08175,2177040.0
2026-02-10 15:45:00,1770738300000,0.08175,0.0819,0.08134,0.08178,2171188.0
2026-02-10 16:00:00,1770739200000,0.08178,0.08245,0.08122,0.08242,2278393.0
2026-02-10 16:15:00,1770740100000,0.08242,0.08281,0.08183,0.0824,2471135.0
2026-02-10 16:30:00,1770741000000,0.0824,0.08276,0.08203,0.08214,1824070.0
2026-02-10 16:45:00,1770741900000,0.08214,0.08219,0.08149,0.08181,1092236.0
2026-02-10 17:00:00,1770742800000,0.08181,0.08185,0.08123,0.08146,1302814.0
2026-02-10 17:15:00,1770743700000,0.08146,0.08195,0.08125,0.08171,1699750.0
2026-02-10 17:30:00,1770744600000,0.08171,0.08209,0.08149,0.08166,1724517.0
2026-02-10 17:45:00,1770745500000,0.08166,0.0818,0.0814,0.08173,851563.0
2026-02-10 18:00:00,1770746400000,0.08173,0.08194,0.08143,0.08169,1165113.0
2026-02-10 18:15:00,1770747300000,0.08169,0.08171,0.08038,0.08056,2942440.0
2026-02-10 18:30:00,1770748200000,0.08056,0.08064,0.07991,0.08001,2942673.0
2026-02-10 18:45:00,1770749100000,0.08001,0.08042,0.07918,0.08024,4996498.0
2026-02-10 19:00:00,1770750000000,0.08024,0.08039,0.07993,0.08023,1225444.0
2026-02-10 19:15:00,1770750900000,0.08023,0.08025,0.07985,0.08025,1848967.0
2026-02-10 19:30:00,1770751800000,0.08025,0.08097,0.08025,0.08085,2224784.0
2026-02-10 19:45:00,1770752700000,0.08085,0.08099,0.08052,0.08065,1139362.0
2026-02-10 20:00:00,1770753600000,0.08065,0.08085,0.08059,0.08075,1915516.0
2026-02-10 20:15:00,1770754500000,0.08075,0.08109,0.0806,0.08101,975255.0
2026-02-10 20:30:00,1770755400000,0.08101,0.08116,0.08052,0.08107,726823.0
2026-02-10 20:45:00,1770756300000,0.08107,0.0812,0.08087,0.08103,1003309.0
2026-02-10 21:00:00,1770757200000,0.08103,0.08125,0.08088,0.08091,594413.0
2026-02-10 21:15:00,1770758100000,0.08091,0.08118,0.08068,0.08068,1259625.0
2026-02-10 21:30:00,1770759000000,0.08068,0.08068,0.08029,0.08044,1566683.0
2026-02-10 21:45:00,1770759900000,0.08044,0.08097,0.08043,0.0808,516609.0
2026-02-10 22:00:00,1770760800000,0.0808,0.08129,0.08069,0.08116,1298926.0
2026-02-10 22:15:00,1770761700000,0.08116,0.08131,0.08095,0.08115,423865.0
2026-02-10 22:30:00,1770762600000,0.08115,0.08176,0.0811,0.08156,1068145.0
2026-02-10 22:45:00,1770763500000,0.08156,0.08165,0.08111,0.08115,566442.0
2026-02-10 23:00:00,1770764400000,0.08115,0.08133,0.08085,0.08106,1246601.0
2026-02-10 23:15:00,1770765300000,0.08106,0.08124,0.08087,0.08088,1153671.0
2026-02-10 23:30:00,1770766200000,0.08088,0.08107,0.08085,0.08099,671497.0
2026-02-10 23:45:00,1770767100000,0.08099,0.08115,0.08089,0.08105,801345.0
2026-02-11 00:00:00,1770768000000,0.08105,0.08131,0.08096,0.08124,1379044.0
2026-02-11 00:15:00,1770768900000,0.08124,0.08177,0.08124,0.08172,998839.0
2026-02-11 00:30:00,1770769800000,0.08172,0.08306,0.08168,0.08291,4923249.0
2026-02-11 00:45:00,1770770700000,0.08291,0.08356,0.08271,0.08285,5502351.0
2026-02-11 01:00:00,1770771600000,0.08285,0.08298,0.08233,0.08246,1539247.0
2026-02-11 01:15:00,1770772500000,0.08246,0.08249,0.08068,0.08108,7867360.0
2026-02-11 01:30:00,1770773400000,0.08108,0.08154,0.08107,0.08151,3228481.0
2026-02-11 01:45:00,1770774300000,0.08151,0.08157,0.0812,0.0815,1264905.0
2026-02-11 02:00:00,1770775200000,0.0815,0.08181,0.0815,0.08153,1673683.0
2026-02-11 02:15:00,1770776100000,0.08153,0.08196,0.08153,0.08188,1086311.0
2026-02-11 02:30:00,1770777000000,0.08188,0.0819,0.08135,0.08135,1553816.0
2026-02-11 02:45:00,1770777900000,0.08135,0.08135,0.08079,0.08079,1488494.0
2026-02-11 03:00:00,1770778800000,0.08079,0.08098,0.08042,0.08057,2556690.0
2026-02-11 03:15:00,1770779700000,0.08057,0.08084,0.0798,0.0806,3250441.0
2026-02-11 03:30:00,1770780600000,0.0806,0.08135,0.08054,0.08119,1625059.0
2026-02-11 03:45:00,1770781500000,0.08119,0.08119,0.08084,0.08084,1401920.0
2026-02-11 04:00:00,1770782400000,0.08084,0.08113,0.08056,0.08056,888823.0
2026-02-11 04:15:00,1770783300000,0.08056,0.08118,0.08024,0.08084,3511829.0
2026-02-11 04:30:00,1770784200000,0.08084,0.08127,0.0803,0.08057,4253371.0
2026-02-11 04:45:00,1770785100000,0.08057,0.08089,0.07977,0.08004,2769482.0
2026-02-11 05:00:00,1770786000000,0.08004,0.08051,0.08004,0.08041,2108343.0
2026-02-11 05:15:00,1770786900000,0.08041,0.08062,0.08006,0.08014,1455006.0
2026-02-11 05:30:00,1770787800000,0.08014,0.08017,0.07975,0.0799,911836.0
2026-02-11 05:45:00,1770788700000,0.0799,0.0801,0.07961,0.0798,1476603.0
2026-02-11 06:00:00,1770789600000,0.0798,0.08002,0.07946,0.07963,3060721.0
2026-02-11 06:15:00,1770790500000,0.07963,0.08109,0.07917,0.08103,4906452.0
2026-02-11 06:30:00,1770791400000,0.08103,0.0814,0.0807,0.08083,2997827.0
2026-02-11 06:45:00,1770792300000,0.08083,0.08092,0.08017,0.08028,2374574.0
2026-02-11 07:00:00,1770793200000,0.08028,0.08028,0.07887,0.07941,5429770.0
2026-02-11 07:15:00,1770794100000,0.07941,0.07945,0.07856,0.07887,3028356.0
2026-02-11 07:30:00,1770795000000,0.07887,0.07966,0.07879,0.07955,3237484.0
2026-02-11 07:45:00,1770795900000,0.07955,0.07955,0.07898,0.07902,1104136.0
2026-02-11 08:00:00,1770796800000,0.07902,0.07936,0.07888,0.07929,2411501.0
2026-02-11 08:15:00,1770797700000,0.07929,0.07954,0.07909,0.07923,881596.0
2026-02-11 08:30:00,1770798600000,0.07923,0.07956,0.07911,0.07949,925501.0
2026-02-11 08:45:00,1770799500000,0.07949,0.0802,0.07949,0.08017,1763566.0
2026-02-11 09:00:00,1770800400000,0.08017,0.08021,0.07975,0.07985,1054732.0
2026-02-11 09:15:00,1770801300000,0.07985,0.07995,0.07959,0.07977,1511161.0
2026-02-11 09:30:00,1770802200000,0.07977,0.08,0.07944,0.0795,1213682.0
2026-02-11 09:45:00,1770803100000,0.0795,0.07953,0.0793,0.07948,748551.0
2026-02-11 10:00:00,1770804000000,0.07948,0.07959,0.07863,0.07899,3949400.0
2026-02-11 10:15:00,1770804900000,0.07899,0.07991,0.0788,0.07955,3256191.0
2026-02-11 10:30:00,1770805800000,0.07955,0.07959,0.079,0.07901,1131142.0
2026-02-11 10:45:00,1770806700000,0.07901,0.07923,0.0788,0.07906,1420714.0
2026-02-11 11:00:00,1770807600000,0.07906,0.07933,0.079,0.07903,1114048.0
2026-02-11 11:15:00,1770808500000,0.07903,0.07937,0.07895,0.07921,832841.0
2026-02-11 11:30:00,1770809400000,0.07921,0.07928,0.07907,0.07918,817534.0
2026-02-11 11:45:00,1770810300000,0.07918,0.0797,0.07908,0.07961,1258378.0
2026-02-11 12:00:00,1770811200000,0.07961,0.07968,0.07912,0.07937,1985098.0
2026-02-11 12:15:00,1770812100000,0.07937,0.07996,0.07936,0.07978,1561693.0
2026-02-11 12:30:00,1770813000000,0.07978,0.0806,0.07978,0.08057,1771825.0
2026-02-11 12:45:00,1770813900000,0.08057,0.08078,0.08029,0.08054,1212639.0
2026-02-11 13:00:00,1770814800000,0.08054,0.08072,0.08036,0.08043,1065218.0
2026-02-11 13:15:00,1770815700000,0.08043,0.0805,0.07989,0.08007,1271802.0
2026-02-11 13:30:00,1770816600000,0.08007,0.08111,0.08006,0.08068,6237642.0
2026-02-11 13:45:00,1770817500000,0.08068,0.08148,0.08049,0.08148,1653733.0
2026-02-11 14:00:00,1770818400000,0.08148,0.08385,0.08133,0.08346,8421026.0
2026-02-11 14:15:00,1770819300000,0.08346,0.08355,0.08186,0.08195,6337194.0
2026-02-11 14:30:00,1770820200000,0.08195,0.08224,0.08057,0.08085,5532338.0
2026-02-11 14:45:00,1770821100000,0.08085,0.08147,0.08026,0.08069,4589521.0
2026-02-11 15:00:00,1770822000000,0.08069,0.08126,0.07816,0.07907,10495593.0
2026-02-11 15:15:00,1770822900000,0.07907,0.07977,0.07889,0.0792,12919726.0
2026-02-11 15:30:00,1770823800000,0.0792,0.07965,0.07918,0.07938,6931044.0
2026-02-11 15:45:00,1770824700000,0.07938,0.07965,0.07881,0.07951,8521485.0
2026-02-11 16:00:00,1770825600000,0.07951,0.08062,0.07939,0.08062,39346988.0
2026-02-11 16:15:00,1770826500000,0.08062,0.08071,0.07974,0.07979,4735008.0
2026-02-11 16:30:00,1770827400000,0.07979,0.08017,0.07882,0.07909,6777830.0
2026-02-11 16:45:00,1770828300000,0.07909,0.07921,0.07849,0.0787,5136722.0
2026-02-11 17:00:00,1770829200000,0.0787,0.07896,0.07822,0.07889,4764173.0
2026-02-11 17:15:00,1770830100000,0.07889,0.0803,0.07886,0.08027,3176528.0
2026-02-11 17:30:00,1770831000000,0.08027,0.08062,0.08001,0.08003,2720938.0
2026-02-11 17:45:00,1770831900000,0.08003,0.08061,0.07985,0.08003,1089384.0
2026-02-11 18:00:00,1770832800000,0.08003,0.08009,0.07911,0.07942,2416065.0
2026-02-11 18:15:00,1770833700000,0.07942,0.08081,0.07941,0.08066,1964633.0
2026-02-11 18:30:00,1770834600000,0.08066,0.08103,0.08019,0.08086,1674722.0
2026-02-11 18:45:00,1770835500000,0.08086,0.08148,0.08086,0.08119,2160107.0
2026-02-11 19:00:00,1770836400000,0.08119,0.08174,0.08094,0.08147,2687235.0
2026-02-11 19:15:00,1770837300000,0.08147,0.0816,0.08096,0.08096,2227012.0
2026-02-11 19:30:00,1770838200000,0.08096,0.08154,0.08063,0.08144,1849402.0
2026-02-11 19:45:00,1770839100000,0.08144,0.08149,0.08084,0.0809,2062367.0
2026-02-11 20:00:00,1770840000000,0.0809,0.08096,0.08022,0.08062,1611220.0
2026-02-11 20:15:00,1770840900000,0.08062,0.0807,0.07992,0.08004,2154965.0
2026-02-11 20:30:00,1770841800000,0.08004,0.0805,0.07995,0.08042,1453525.0
2026-02-11 20:45:00,1770842700000,0.08042,0.08162,0.08036,0.08137,2672027.0
2026-02-11 21:00:00,1770843600000,0.08137,0.08167,0.0811,0.08154,2414649.0
2026-02-11 21:15:00,1770844500000,0.08154,0.08337,0.08145,0.08335,4302930.0
2026-02-11 21:30:00,1770845400000,0.08335,0.08499,0.08316,0.08416,9467864.0
2026-02-11 21:45:00,1770846300000,0.08416,0.08419,0.08354,0.08356,3373673.0
2026-02-11 22:00:00,1770847200000,0.08356,0.08362,0.08275,0.08307,4108153.0
2026-02-11 22:15:00,1770848100000,0.08307,0.08372,0.08296,0.08343,2787382.0
2026-02-11 22:30:00,1770849000000,0.08343,0.08369,0.08307,0.08314,1116596.0
2026-02-11 22:45:00,1770849900000,0.08314,0.08373,0.08239,0.0825,3969442.0
2026-02-11 23:00:00,1770850800000,0.0825,0.08315,0.08238,0.08279,2488388.0
2026-02-11 23:15:00,1770851700000,0.08279,0.08326,0.08256,0.08285,2256513.0
2026-02-11 23:30:00,1770852600000,0.08285,0.08409,0.08284,0.08409,2577376.0
2026-02-11 23:45:00,1770853500000,0.08409,0.08421,0.08135,0.08167,8196241.0
2026-02-12 00:00:00,1770854400000,0.08167,0.08302,0.08167,0.08288,5378434.0
2026-02-12 00:15:00,1770855300000,0.08288,0.08355,0.08277,0.08313,3920915.0
2026-02-12 00:30:00,1770856200000,0.08313,0.08409,0.08306,0.08401,2161065.0
2026-02-12 00:45:00,1770857100000,0.08401,0.08419,0.08353,0.08366,2134417.0
2026-02-12 01:00:00,1770858000000,0.08366,0.08416,0.08341,0.08409,2505215.0
2026-02-12 01:15:00,1770858900000,0.08409,0.08538,0.08407,0.08488,2608226.0
2026-02-12 01:30:00,1770859800000,0.08488,0.0855,0.08462,0.08495,3083459.0
2026-02-12 01:45:00,1770860700000,0.08495,0.0853,0.08436,0.0845,2481134.0
2026-02-12 02:00:00,1770861600000,0.0845,0.08479,0.08419,0.08423,1222659.0
2026-02-12 02:15:00,1770862500000,0.08423,0.08541,0.08413,0.08524,2160621.0
2026-02-12 02:30:00,1770863400000,0.08524,0.08769,0.08519,0.08766,7626600.0
2026-02-12 02:45:00,1770864300000,0.08766,0.08795,0.08619,0.08663,5224084.0
2026-02-12 03:00:00,1770865200000,0.08663,0.08744,0.08624,0.08744,3281141.0
2026-02-12 03:15:00,1770866100000,0.08744,0.08799,0.08705,0.08798,9193722.0
2026-02-12 03:30:00,1770867000000,0.08798,0.08883,0.08732,0.08777,11206128.0
2026-02-12 03:45:00,1770867900000,0.08777,0.08812,0.08741,0.08798,8511674.0
2026-02-12 04:00:00,1770868800000,0.08798,0.08879,0.08748,0.08875,8679471.0
2026-02-12 04:15:00,1770869700000,0.08875,0.08911,0.08796,0.08847,6215494.0
2026-02-12 04:30:00,1770870600000,0.08847,0.09015,0.08847,0.08995,7702317.0
2026-02-12 04:45:00,1770871500000,0.08995,0.091,0.0899,0.09017,6579542.0
2026-02-12 05:00:00,1770872400000,0.09017,0.09388,0.09009,0.09211,36940549.0
2026-02-12 05:15:00,1770873300000,0.09211,0.09433,0.09137,0.09202,12458541.0
2026-02-12 05:30:00,1770874200000,0.09202,0.09424,0.092,0.09295,9192206.0
2026-02-12 05:45:00,1770875100000,0.09295,0.09444,0.09173,0.09202,8596699.0
2026-02-12 06:00:00,1770876000000,0.09202,0.09381,0.09189,0.09326,6134508.0
2026-02-12 06:15:00,1770876900000,0.09326,0.09506,0.09228,0.09396,10607556.0
2026-02-12 06:30:00,1770877800000,0.09396,0.09538,0.09373,0.09402,7014821.0
2026-02-12 06:45:00,1770878700000,0.09402,0.09419,0.09309,0.09389,4196572.0
2026-02-12 07:00:00,1770879600000,0.09389,0.09437,0.09275,0.09282,2666984.0
2026-02-12 07:15:00,1770880500000,0.09282,0.09416,0.09282,0.09341,2634847.0
2026-02-12 07:30:00,1770881400000,0.09341,0.095,0.09317,0.09423,4487313.0
2026-02-12 07:45:00,1770882300000,0.09423,0.09609,0.09416,0.09594,9530252.0
2026-02-12 08:00:00,1770883200000,0.09594,0.09682,0.09434,0.0963,18095887.0
2026-02-12 08:15:00,1770884100000,0.0963,0.09675,0.09367,0.0942,8344832.0
2026-02-12 08:30:00,1770885000000,0.0942,0.09519,0.09368,0.09457,6023961.0
2026-02-12 08:45:00,1770885900000,0.09457,0.09535,0.09391,0.09418,3688309.0
2026-02-12 09:00:00,1770886800000,0.09418,0.09419,0.09238,0.0925,6812797.0
2026-02-12 09:15:00,1770887700000,0.0925,0.0939,0.09222,0.09316,4637894.0
2026-02-12 09:30:00,1770888600000,0.09316,0.09424,0.0928,0.09407,3394645.0
2026-02-12 09:45:00,1770889500000,0.09407,0.09549,0.09393,0.09534,3526555.0
2026-02-12 10:00:00,1770890400000,0.09534,0.09591,0.09415,0.09506,6388957.0
2026-02-12 10:15:00,1770891300000,0.09506,0.09513,0.09331,0.09349,2863587.0
2026-02-12 10:30:00,1770892200000,0.09349,0.09362,0.0928,0.09299,3872067.0
2026-02-12 10:45:00,1770893100000,0.09299,0.09367,0.09256,0.09266,3436375.0
2026-02-12 11:00:00,1770894000000,0.09266,0.09292,0.09092,0.0914,9416755.0
2026-02-12 11:15:00,1770894900000,0.0914,0.09179,0.09054,0.09169,5586927.0
2026-02-12 11:30:00,1770895800000,0.09169,0.09265,0.09147,0.09207,8479763.0
2026-02-12 11:45:00,1770896700000,0.09207,0.09271,0.0917,0.0917,4529409.0
2026-02-12 12:00:00,1770897600000,0.0917,0.09201,0.0908,0.092,4140258.0
2026-02-12 12:15:00,1770898500000,0.092,0.09295,0.09112,0.0913,4196306.0
2026-02-12 12:30:00,1770899400000,0.0913,0.09137,0.09051,0.0907,3426141.0
2026-02-12 12:45:00,1770900300000,0.0907,0.09074,0.08869,0.08981,9869335.0
2026-02-12 13:00:00,1770901200000,0.08981,0.08998,0.08917,0.08949,3464575.0
2026-02-12 13:15:00,1770902100000,0.08949,0.08975,0.0889,0.08967,4446767.0
2026-02-12 13:30:00,1770903000000,0.08967,0.0929,0.08967,0.09091,14724333.0
2026-02-12 13:45:00,1770903900000,0.09091,0.09141,0.09017,0.09076,4229339.0
2026-02-12 14:00:00,1770904800000,0.09076,0.09077,0.09002,0.09008,3963414.0
2026-02-12 14:15:00,1770905700000,0.09008,0.09052,0.08997,0.09014,2406275.0
2026-02-12 14:30:00,1770906600000,0.09014,0.09079,0.08963,0.08987,4355973.0
2026-02-12 14:45:00,1770907500000,0.08987,0.09089,0.08973,0.08999,4807038.0
2026-02-12 15:00:00,1770908400000,0.08999,0.09004,0.08908,0.0894,6167480.0
2026-02-12 15:15:00,1770909300000,0.0894,0.09031,0.08917,0.09022,3566074.0
2026-02-12 15:30:00,1770910200000,0.09022,0.09036,0.08841,0.08885,4546186.0
2026-02-12 15:45:00,1770911100000,0.08885,0.0893,0.08865,0.089,2736703.0
2026-02-12 16:00:00,1770912000000,0.089,0.08967,0.08865,0.08869,5218890.0
2026-02-12 16:15:00,1770912900000,0.08869,0.08936,0.0884,0.08874,6077459.0
2026-02-12 16:30:00,1770913800000,0.08874,0.09116,0.0887,0.0909,9761335.0
2026-02-12 16:45:00,1770914700000,0.0909,0.09115,0.0891,0.08976,8256936.0
2026-02-12 17:00:00,1770915600000,0.08976,0.08988,0.08821,0.08893,7088756.0
2026-02-12 17:15:00,1770916500000,0.08893,0.08894,0.08807,0.0887,3213745.0
2026-02-12 17:30:00,1770917400000,0.0887,0.08889,0.08813,0.08822,2986461.0
2026-02-12 17:45:00,1770918300000,0.08822,0.08862,0.0876,0.08784,3486788.0
2026-02-12 18:00:00,1770919200000,0.08784,0.08853,0.08778,0.08812,2099063.0
2026-02-12 18:15:00,1770920100000,0.08812,0.08832,0.08689,0.08713,4410202.0
2026-02-12 18:30:00,1770921000000,0.08713,0.08777,0.08679,0.08739,2586764.0
2026-02-12 18:45:00,1770921900000,0.08739,0.08781,0.08694,0.08698,3531112.0
2026-02-12 19:00:00,1770922800000,0.08698,0.08797,0.08687,0.08789,3267988.0
2026-02-12 19:15:00,1770923700000,0.08789,0.08915,0.08789,0.08888,2849329.0
2026-02-12 19:30:00,1770924600000,0.08888,0.09087,0.08864,0.09042,6409633.0
2026-02-12 19:45:00,1770925500000,0.09042,0.09063,0.08911,0.08928,5955296.0
2026-02-12 20:00:00,1770926400000,0.08928,0.08969,0.08858,0.08871,3486189.0
2026-02-12 20:15:00,1770927300000,0.08871,0.08902,0.08822,0.08846,1166662.0
2026-02-12 20:30:00,1770928200000,0.08846,0.08878,0.08821,0.08865,1800686.0
2026-02-12 20:45:00,1770929100000,0.08865,0.08868,0.08779,0.08792,1575013.0
2026-02-12 21:00:00,1770930000000,0.08792,0.08834,0.08787,0.08829,1196176.0
2026-02-12 21:15:00,1770930900000,0.08829,0.08874,0.08782,0.08788,1467775.0
2026-02-12 21:30:00,1770931800000,0.08788,0.08853,0.08772,0.08829,2461658.0
2026-02-12 21:45:00,1770932700000,0.08829,0.0887,0.08802,0.08831,1912474.0
2026-02-12 22:00:00,1770933600000,0.08831,0.08845,0.08747,0.08781,2167399.0
2026-02-12 22:15:00,1770934500000,0.08781,0.08819,0.08758,0.08819,579751.0
2026-02-12 22:30:00,1770935400000,0.08819,0.08924,0.08812,0.08919,1383089.0
2026-02-12 22:45:00,1770936300000,0.08919,0.09134,0.08919,0.09089,5109631.0
2026-02-12 23:00:00,1770937200000,0.09089,0.0916,0.09041,0.0908,2196196.0
2026-02-12 23:15:00,1770938100000,0.0908,0.0913,0.09027,0.09118,3553725.0
2026-02-12 23:30:00,1770939000000,0.09118,0.0913,0.09054,0.09121,3756951.0
2026-02-12 23:45:00,1770939900000,0.09121,0.09213,0.09083,0.09184,3816137.0
2026-02-13 00:00:00,1770940800000,0.09184,0.09187,0.09058,0.09075,3320443.0
2026-02-13 00:15:00,1770941700000,0.09075,0.09078,0.08968,0.09016,4939804.0
2026-02-13 00:30:00,1770942600000,0.09016,0.09018,0.08885,0.08885,4247224.0
2026-02-13 00:45:00,1770943500000,0.08885,0.08942,0.08879,0.08894,2562230.0
2026-02-13 01:00:00,1770944400000,0.08894,0.08936,0.08886,0.08919,1930005.0
2026-02-13 01:15:00,1770945300000,0.08919,0.08948,0.08913,0.08939,1252011.0
2026-02-13 01:30:00,1770946200000,0.08939,0.08995,0.08927,0.08973,1437966.0
2026-02-13 01:45:00,1770947100000,0.08973,0.08982,0.08896,0.08909,1013165.0
2026-02-13 02:00:00,1770948000000,0.08909,0.08926,0.08836,0.08856,2734109.0
2026-02-13 02:15:00,1770948900000,0.08856,0.08928,0.08849,0.089,2303112.0
2026-02-13 02:30:00,1770949800000,0.089,0.08948,0.08871,0.08941,1617439.0
2026-02-13 02:45:00,1770950700000,0.08941,0.08954,0.08897,0.08951,794667.0
2026-02-13 03:00:00,1770951600000,0.08951,0.08974,0.08855,0.08891,2488270.0
2026-02-13 03:15:00,1770952500000,0.08891,0.08891,0.08766,0.08838,5307052.0
2026-02-13 03:30:00,1770953400000,0.08838,0.08914,0.08829,0.0883,5231765.0
2026-02-13 03:45:00,1770954300000,0.0883,0.08856,0.08795,0.08798,2314331.0
2026-02-13 04:00:00,1770955200000,0.08798,0.08841,0.08775,0.08796,8266028.0
2026-02-13 04:15:00,1770956100000,0.08796,0.08844,0.08793,0.08825,1318670.0
2026-02-13 04:30:00,1770957000000,0.08825,0.08825,0.08758,0.08772,1350569.0
2026-02-13 04:45:00,1770957900000,0.08772,0.08808,0.08768,0.08787,888876.0
2026-02-13 05:00:00,1770958800000,0.08787,0.08814,0.08724,0.08786,1768499.0
2026-02-13 05:15:00,1770959700000,0.08786,0.08799,0.08743,0.08771,1572780.0
2026-02-13 05:30:00,1770960600000,0.08771,0.08782,0.08656,0.08721,2631676.0
2026-02-13 05:45:00,1770961500000,0.08721,0.08738,0.08654,0.08678,3129722.0
2026-02-13 06:00:00,1770962400000,0.08678,0.08713,0.08678,0.0869,1528812.0
2026-02-13 06:15:00,1770963300000,0.0869,0.08709,0.08645,0.0865,1987519.0
2026-02-13 06:30:00,1770964200000,0.0865,0.08659,0.08586,0.08655,4468810.0
2026-02-13 06:45:00,1770965100000,0.08655,0.08745,0.0863,0.08722,3320660.0
2026-02-13 07:00:00,1770966000000,0.08722,0.08862,0.08714,0.08846,2225361.0
2026-02-13 07:15:00,1770966900000,0.08846,0.08856,0.08818,0.08828,1405752.0
2026-02-13 07:30:00,1770967800000,0.08828,0.08865,0.08822,0.08847,2178980.0
2026-02-13 07:45:00,1770968700000,0.08847,0.08899,0.08822,0.08858,1880441.0
2026-02-13 08:00:00,1770969600000,0.08858,0.08892,0.08844,0.08874,1289559.0
2026-02-13 08:15:00,1770970500000,0.08874,0.08955,0.0887,0.08936,2007920.0
2026-02-13 08:30:00,1770971400000,0.08936,0.08976,0.08902,0.08948,1654002.0
2026-02-13 08:45:00,1770972300000,0.08948,0.0897,0.08915,0.08916,2181734.0
2026-02-13 09:00:00,1770973200000,0.08916,0.08916,0.08855,0.08862,3364276.0
2026-02-13 09:15:00,1770974100000,0.08862,0.08962,0.08859,0.08945,3248497.0
2026-02-13 09:30:00,1770975000000,0.08945,0.09002,0.08933,0.08936,2598901.0
2026-02-13 09:45:00,1770975900000,0.08936,0.08984,0.08936,0.08967,1343665.0
2026-02-13 10:00:00,1770976800000,0.08967,0.08987,0.08959,0.08976,699395.0
2026-02-13 10:15:00,1770977700000,0.08976,0.09109,0.08959,0.091,3588842.0
2026-02-13 10:30:00,1770978600000,0.091,0.09101,0.09054,0.0907,1379864.0
2026-02-13 10:45:00,1770979500000,0.0907,0.09085,0.09023,0.09061,1521833.0
2026-02-13 11:00:00,1770980400000,0.09061,0.09095,0.09037,0.09071,1582031.0
2026-02-13 11:15:00,1770981300000,0.09071,0.09092,0.09039,0.09061,1346555.0
2026-02-13 11:30:00,1770982200000,0.09061,0.09061,0.08977,0.09018,2816933.0
2026-02-13 11:45:00,1770983100000,0.09018,0.09039,0.08989,0.0902,1104019.0
2026-02-13 12:00:00,1770984000000,0.0902,0.0902,0.08892,0.08933,3733624.0
2026-02-13 12:15:00,1770984900000,0.08933,0.08999,0.08931,0.08996,986710.0
2026-02-13 12:30:00,1770985800000,0.08996,0.09078,0.08992,0.09054,2035624.0
2026-02-13 12:45:00,1770986700000,0.09054,0.09063,0.09008,0.09043,1280136.0
2026-02-13 13:00:00,1770987600000,0.09043,0.09068,0.09025,0.09025,977092.0
2026-02-13 13:15:00,1770988500000,0.09025,0.09053,0.08995,0.09039,1479452.0
2026-02-13 13:30:00,1770989400000,0.09039,0.0909,0.09034,0.0907,2256197.0
2026-02-13 13:45:00,1770990300000,0.0907,0.09223,0.09037,0.09147,6165082.0
2026-02-13 14:00:00,1770991200000,0.09147,0.09183,0.0911,0.09117,3447630.0
2026-02-13 14:15:00,1770992100000,0.09117,0.0919,0.09103,0.09188,1443343.0
2026-02-13 14:30:00,1770993000000,0.09188,0.09282,0.09172,0.09222,6124884.0
2026-02-13 14:45:00,1770993900000,0.09222,0.0939,0.09191,0.09212,10155781.0
2026-02-13 15:00:00,1770994800000,0.09212,0.09343,0.09211,0.09328,5234819.0
2026-02-13 15:15:00,1770995700000,0.09328,0.09474,0.09326,0.09458,6211035.0
2026-02-13 15:30:00,1770996600000,0.09458,0.09649,0.09458,0.09565,7259614.0
2026-02-13 15:45:00,1770997500000,0.09565,0.09684,0.0951,0.09641,9877585.0
2026-02-13 16:00:00,1770998400000,0.09641,0.09955,0.09634,0.09893,13290114.0
2026-02-13 16:15:00,1770999300000,0.09893,0.10166,0.0989,0.10108,12919495.0
2026-02-13 16:30:00,1771000200000,0.10108,0.10129,0.09932,0.10057,10790152.0
2026-02-13 16:45:00,1771001100000,0.10057,0.1006,0.09931,0.09982,4378294.0
2026-02-13 17:00:00,1771002000000,0.09982,0.10022,0.09868,0.09992,5699526.0
2026-02-13 17:15:00,1771002900000,0.09992,0.1001,0.09901,0.09943,2923553.0
2026-02-13 17:30:00,1771003800000,0.09943,0.09983,0.09926,0.09972,1565159.0
2026-02-13 17:45:00,1771004700000,0.09972,0.10082,0.09929,0.10009,4055819.0
2026-02-13 18:00:00,1771005600000,0.10009,0.10021,0.09874,0.09938,3247383.0
2026-02-13 18:15:00,1771006500000,0.09938,0.10023,0.09925,0.09972,2679574.0
2026-02-13 18:30:00,1771007400000,0.09972,0.10021,0.09936,0.09962,2632544.0
2026-02-13 18:45:00,1771008300000,0.09962,0.10045,0.0996,0.10005,2539531.0
2026-02-13 19:00:00,1771009200000,0.10005,0.10011,0.09954,0.09962,1770140.0
2026-02-13 19:15:00,1771010100000,0.09962,0.10003,0.09928,0.09931,2433540.0
2026-02-13 19:30:00,1771011000000,0.09931,0.09975,0.0989,0.09935,4069381.0
2026-02-13 19:45:00,1771011900000,0.09935,0.09958,0.09777,0.09792,5794425.0
2026-02-13 20:00:00,1771012800000,0.09792,0.09809,0.09723,0.09738,2792929.0
2026-02-13 20:15:00,1771013700000,0.09738,0.09833,0.09738,0.09779,1945031.0
2026-02-13 20:30:00,1771014600000,0.09779,0.09814,0.09745,0.09776,1290788.0
2026-02-13 20:45:00,1771015500000,0.09776,0.0982,0.09738,0.09768,1931080.0
2026-02-13 21:00:00,1771016400000,0.09768,0.09824,0.09737,0.09824,1836484.0
2026-02-13 21:15:00,1771017300000,0.09824,0.09855,0.09779,0.09794,1701369.0
2026-02-13 21:30:00,1771018200000,0.09794,0.09856,0.09786,0.09831,1942355.0
2026-02-13 21:45:00,1771019100000,0.09831,0.09845,0.09805,0.09835,523083.0
2026-02-13 22:00:00,1771020000000,0.09835,0.09879,0.09809,0.09809,1688697.0
2026-02-13 22:15:00,1771020900000,0.09809,0.09846,0.09796,0.09837,442865.0
2026-02-13 22:30:00,1771021800000,0.09837,0.09849,0.0977,0.09796,504884.0
2026-02-13 22:45:00,1771022700000,0.09796,0.09823,0.09768,0.0979,401851.0
2026-02-13 23:00:00,1771023600000,0.0979,0.09815,0.09773,0.09788,514640.0
2026-02-13 23:15:00,1771024500000,0.09788,0.09817,0.09758,0.09779,703686.0
2026-02-13 23:30:00,1771025400000,0.09779,0.09802,0.09768,0.09782,673119.0
2026-02-13 23:45:00,1771026300000,0.09782,0.09805,0.09711,0.09715,1430600.0
2026-02-14 00:00:00,1771027200000,0.09715,0.09792,0.09715,0.09775,2115328.0
2026-02-14 00:15:00,1771028100000,0.09775,0.09823,0.0976,0.09812,1800273.0
2026-02-14 00:30:00,1771029000000,0.09812,0.09964,0.0981,0.09953,4396001.0
2026-02-14 00:45:00,1771029900000,0.09953,0.10036,0.099,0.09919,2750704.0
2026-02-14 01:00:00,1771030800000,0.09919,0.10013,0.09864,0.10007,3076791.0
2026-02-14 01:15:00,1771031700000,0.10007,0.10018,0.09945,0.09974,1487514.0
2026-02-14 01:30:00,1771032600000,0.09974,0.10048,0.09959,0.10008,1017422.0
2026-02-14 01:45:00,1771033500000,0.10008,0.10142,0.10001,0.10133,1841268.0
2026-02-14 02:00:00,1771034400000,0.10133,0.10399,0.10109,0.10354,10146716.0
2026-02-14 02:15:00,1771035300000,0.10354,0.10482,0.10152,0.10182,17171237.0
2026-02-14 02:30:00,1771036200000,0.10182,0.10273,0.101,0.10244,7033586.0
2026-02-14 02:45:00,1771037100000,0.10244,0.10313,0.1019,0.10261,5432397.0
2026-02-14 03:00:00,1771038000000,0.10261,0.10372,0.10236,0.10269,2505574.0
2026-02-14 03:15:00,1771038900000,0.10269,0.10269,0.10138,0.10149,1740773.0
2026-02-14 03:30:00,1771039800000,0.10149,0.10207,0.10107,0.10141,1813476.0
2026-02-14 03:45:00,1771040700000,0.10141,0.10157,0.10078,0.10092,1608000.0
2026-02-14 04:00:00,1771041600000,0.10092,0.10118,0.10052,0.1008,1640799.0
2026-02-14 04:15:00,1771042500000,0.1008,0.10092,0.10026,0.10071,1548900.0
2026-02-14 04:30:00,1771043400000,0.10071,0.10109,0.10043,0.10064,1604768.0
2026-02-14 04:45:00,1771044300000,0.10064,0.10064,0.09958,0.09998,2325833.0
2026-02-14 05:00:00,1771045200000,0.09998,0.10021,0.09948,0.10011,1823008.0
2026-02-14 05:15:00,1771046100000,0.10011,0.10045,0.09902,0.09948,3628671.0
2026-02-14 05:30:00,1771047000000,0.09948,0.09963,0.09908,0.0995,2107186.0
2026-02-14 05:45:00,1771047900000,0.0995,0.09982,0.09908,0.09916,1811234.0
2026-02-14 06:00:00,1771048800000,0.09916,0.09931,0.09862,0.09931,2427574.0
2026-02-14 06:15:00,1771049700000,0.09931,0.09962,0.09904,0.0991,1733650.0
2026-02-14 06:30:00,1771050600000,0.0991,0.09943,0.09884,0.09891,969897.0
2026-02-14 06:45:00,1771051500000,0.09891,0.09932,0.09891,0.09915,752155.0
2026-02-14 07:00:00,1771052400000,0.09915,0.0994,0.099,0.09914,786243.0
2026-02-14 07:15:00,1771053300000,0.09914,0.09933,0.0987,0.09933,651357.0
2026-02-14 07:30:00,1771054200000,0.09933,0.09956,0.099,0.09948,1642117.0
2026-02-14 07:45:00,1771055100000,0.09948,0.0995,0.09908,0.09924,1007149.0
2026-02-14 08:00:00,1771056000000,0.09924,0.09968,0.09847,0.09851,8173959.0
2026-02-14 08:15:00,1771056900000,0.09851,0.09866,0.09559,0.09744,20109049.0
2026-02-14 08:30:00,1771057800000,0.09744,0.09809,0.09744,0.09769,3598081.0
2026-02-14 08:45:00,1771058700000,0.09769,0.09801,0.09755,0.09786,3288067.0
2026-02-14 09:00:00,1771059600000,0.09786,0.09819,0.09786,0.09794,2115944.0
2026-02-14 09:15:00,1771060500000,0.09794,0.09806,0.09773,0.098,1707233.0
2026-02-14 09:30:00,1771061400000,0.098,0.098,0.09749,0.09766,1072768.0
2026-02-14 09:45:00,1771062300000,0.09766,0.09778,0.09733,0.09759,2521162.0
2026-02-14 10:00:00,1771063200000,0.09759,0.09778,0.09711,0.09759,3112391.0
2026-02-14 10:15:00,1771064100000,0.09759,0.09779,0.09751,0.09764,673747.0
2026-02-14 10:30:00,1771065000000,0.09764,0.09803,0.09764,0.09803,1447738.0
2026-02-14 10:45:00,1771065900000,0.09803,0.09818,0.09784,0.09786,520861.0
2026-02-14 11:00:00,1771066800000,0.09786,0.09826,0.09745,0.09825,1359746.0
2026-02-14 11:15:00,1771067700000,0.09825,0.09856,0.09807,0.09825,2767836.0
2026-02-14 11:30:00,1771068600000,0.09825,0.09853,0.09788,0.09822,2088378.0
2026-02-14 11:45:00,1771069500000,0.09822,0.09905,0.09822,0.09888,2041993.0
2026-02-14 12:00:00,1771070400000,0.09888,0.09901,0.09869,0.09894,1519224.0
2026-02-14 12:15:00,1771071300000,0.09894,0.09897,0.0985,0.09865,1283098.0
2026-02-14 12:30:00,1771072200000,0.09865,0.09872,0.09818,0.09839,1619603.0
2026-02-14 12:45:00,1771073100000,0.09839,0.09851,0.09781,0.09784,1759855.0
2026-02-14 13:00:00,1771074000000,0.09784,0.09796,0.09707,0.09762,4266188.0
2026-02-14 13:15:00,1771074900000,0.09762,0.09774,0.09708,0.09723,1450280.0
2026-02-14 13:30:00,1771075800000,0.09723,0.09781,0.09714,0.09751,1249052.0
2026-02-14 13:45:00,1771076700000,0.09751,0.09784,0.09743,0.09772,809108.0
2026-02-14 14:00:00,1771077600000,0.09772,0.09777,0.09737,0.09743,1545718.0
2026-02-14 14:15:00,1771078500000,0.09743,0.09774,0.09721,0.09736,540247.0
2026-02-14 14:30:00,1771079400000,0.09736,0.09787,0.09736,0.0978,859934.0
2026-02-14 14:45:00,1771080300000,0.0978,0.09847,0.09766,0.09813,1314182.0
2026-02-14 15:00:00,1771081200000,0.09813,0.09892,0.098,0.09841,2420020.0
2026-02-14 15:15:00,1771082100000,0.09841,0.09967,0.09818,0.09945,2843158.0
2026-02-14 15:30:00,1771083000000,0.09945,0.09981,0.09921,0.0996,1764651.0
2026-02-14 15:45:00,1771083900000,0.0996,0.09979,0.09905,0.09909,1406091.0
2026-02-14 16:00:00,1771084800000,0.09909,0.09939,0.09867,0.09895,2193331.0
2026-02-14 16:15:00,1771085700000,0.09895,0.09937,0.09848,0.09901,1706311.0
2026-02-14 16:30:00,1771086600000,0.09901,0.09987,0.09859,0.09984,1348715.0
2026-02-14 16:45:00,1771087500000,0.09984,0.1002,0.09916,0.10008,2237348.0
2026-02-14 17:00:00,1771088400000,0.10008,0.10092,0.10001,0.10081,2018152.0
2026-02-14 17:15:00,1771089300000,0.10081,0.1015,0.10059,0.10068,3621479.0
2026-02-14 17:30:00,1771090200000,0.10068,0.1009,0.09946,0.1,3223654.0
2026-02-14 17:45:00,1771091100000,0.1,0.10004,0.09953,0.09964,732385.0
2026-02-14 18:00:00,1771092000000,0.09964,0.10053,0.0996,0.1004,1672974.0
2026-02-14 18:15:00,1771092900000,0.1004,0.10123,0.10025,0.10119,1713886.0
2026-02-14 18:30:00,1771093800000,0.10119,0.10197,0.10115,0.10138,2154130.0
2026-02-14 18:45:00,1771094700000,0.10138,0.10151,0.10089,0.1011,1237821.0
2026-02-14 19:00:00,1771095600000,0.1011,0.10118,0.1007,0.1007,625841.0
2026-02-14 19:15:00,1771096500000,0.1007,0.10186,0.10036,0.10164,2876149.0
2026-02-14 19:30:00,1771097400000,0.10164,0.10212,0.10153,0.10197,1299045.0
2026-02-14 19:45:00,1771098300000,0.10197,0.10265,0.10183,0.10206,1324084.0
2026-02-14 20:00:00,1771099200000,0.10206,0.10278,0.10205,0.1025,1220576.0
2026-02-14 20:15:00,1771100100000,0.1025,0.1027,0.10207,0.10223,1316029.0
2026-02-14 20:30:00,1771101000000,0.10223,0.10381,0.10176,0.10317,10559218.0
2026-02-14 20:45:00,1771101900000,0.10317,0.10357,0.10284,0.10325,3994954.0
2026-02-14 21:00:00,1771102800000,0.10325,0.10349,0.10299,0.10313,1973163.0
2026-02-14 21:15:00,1771103700000,0.10313,0.10349,0.1026,0.10264,997530.0
2026-02-14 21:30:00,1771104600000,0.10264,0.10274,0.1014,0.10237,4199668.0
2026-02-14 21:45:00,1771105500000,0.10237,0.10267,0.10228,0.1024,949367.0
2026-02-14 22:00:00,1771106400000,0.1024,0.10365,0.10211,0.10304,5343864.0
2026-02-14 22:15:00,1771107300000,0.10304,0.10311,0.10178,0.10287,3089247.0
2026-02-14 22:30:00,1771108200000,0.10287,0.10335,0.10257,0.10314,2402820.0
2026-02-14 22:45:00,1771109100000,0.10314,0.10343,0.10201,0.10241,3312207.0
2026-02-14 23:00:00,1771110000000,0.10241,0.1028,0.10216,0.10256,1247087.0
2026-02-14 23:15:00,1771110900000,0.10256,0.10264,0.10196,0.10217,1041149.0
2026-02-14 23:30:00,1771111800000,0.10217,0.10236,0.10171,0.10225,699206.0
2026-02-14 23:45:00,1771112700000,0.10225,0.10232,0.10194,0.10216,889395.0
2026-02-15 00:00:00,1771113600000,0.10216,0.10248,0.10194,0.10205,1528633.0
2026-02-15 00:15:00,1771114500000,0.10205,0.10231,0.10181,0.10187,1865211.0
2026-02-15 00:30:00,1771115400000,0.10187,0.10285,0.10173,0.10244,1714903.0
2026-02-15 00:45:00,1771116300000,0.10244,0.10303,0.10206,0.10287,1162257.0
2026-02-15 01:00:00,1771117200000,0.10287,0.10365,0.10268,0.10363,1346680.0
2026-02-15 01:15:00,1771118100000,0.10363,0.10363,0.10205,0.10265,3738700.0
2026-02-15 01:30:00,1771119000000,0.10265,0.10287,0.10171,0.10209,3188631.0
2026-02-15 01:45:00,1771119900000,0.10209,0.10292,0.10194,0.10255,922798.0
2026-02-15 02:00:00,1771120800000,0.10255,0.10393,0.10251,0.10305,2021806.0
2026-02-15 02:15:00,1771121700000,0.10305,0.10324,0.10247,0.10267,823683.0
2026-02-15 02:30:00,1771122600000,0.10267,0.10332,0.10206,0.10329,2054396.0
2026-02-15 02:45:00,1771123500000,0.10329,0.10426,0.10307,0.10378,2531257.0
2026-02-15 03:00:00,1771124400000,0.10378,0.10388,0.10318,0.10322,2061503.0
2026-02-15 03:15:00,1771125300000,0.10322,0.10356,0.10226,0.10238,1632109.0
2026-02-15 03:30:00,1771126200000,0.10238,0.10247,0.10097,0.10122,5413355.0
2026-02-15 03:45:00,1771127100000,0.10122,0.10291,0.10122,0.10273,3211916.0
2026-02-15 04:00:00,1771128000000,0.10273,0.10499,0.10256,0.10437,4973739.0
2026-02-15 04:15:00,1771128900000,0.10437,0.10437,0.10292,0.10298,2457993.0
2026-02-15 04:30:00,1771129800000,0.10298,0.10383,0.10285,0.10358,973070.0
2026-02-15 04:45:00,1771130700000,0.10358,0.10424,0.10317,0.10333,845370.0
2026-02-15 05:00:00,1771131600000,0.10333,0.10404,0.1033,0.10387,667217.0
2026-02-15 05:15:00,1771132500000,0.10387,0.10554,0.10387,0.10484,2152512.0
2026-02-15 05:30:00,1771133400000,0.10484,0.10536,0.10402,0.10476,5721192.0
2026-02-15 05:45:00,1771134300000,0.10476,0.10508,0.10384,0.1042,1327506.0
2026-02-15 06:00:00,1771135200000,0.1042,0.10423,0.10342,0.10361,1056097.0
2026-02-15 06:15:00,1771136100000,0.10361,0.10384,0.10337,0.10341,742055.0
2026-02-15 06:30:00,1771137000000,0.10341,0.10364,0.1025,0.10251,1901564.0
2026-02-15 06:45:00,1771137900000,0.10251,0.10263,0.1016,0.1026,3074678.0
2026-02-15 07:00:00,1771138800000,0.1026,0.10331,0.10228,0.10317,1993469.0
2026-02-15 07:15:00,1771139700000,0.10317,0.10358,0.10273,0.10276,2059285.0
2026-02-15 07:30:00,1771140600000,0.10276,0.1044,0.10269,0.10386,2241905.0
2026-02-15 07:45:00,1771141500000,0.10386,0.10415,0.10279,0.10325,3974753.0
2026-02-15 08:00:00,1771142400000,0.10325,0.10404,0.10309,0.10348,2024693.0
2026-02-15 08:15:00,1771143300000,0.10348,0.1036,0.10194,0.10194,2734548.0
2026-02-15 08:30:00,1771144200000,0.10194,0.10207,0.1004,0.10139,5879378.0
2026-02-15 08:45:00,1771145100000,0.10139,0.10188,0.10116,0.10151,2003926.0
2026-02-15 09:00:00,1771146000000,0.10151,0.10189,0.10103,0.10139,1881375.0
2026-02-15 09:15:00,1771146900000,0.10139,0.10142,0.10079,0.10088,1215532.0
2026-02-15 09:30:00,1771147800000,0.10088,0.10128,0.10074,0.10101,718273.0
2026-02-15 09:45:00,1771148700000,0.10101,0.10126,0.10067,0.10116,716831.0
2026-02-15 10:00:00,1771149600000,0.10116,0.10133,0.10018,0.10104,1305998.0
2026-02-15 10:15:00,1771150500000,0.10104,0.10144,0.10064,0.10082,977807.0
2026-02-15 10:30:00,1771151400000,0.10082,0.10109,0.10055,0.10099,1807093.0
2026-02-15 10:45:00,1771152300000,0.10099,0.10148,0.1009,0.10121,656290.0
2026-02-15 11:00:00,1771153200000,0.10121,0.10157,0.10115,0.10134,932008.0
2026-02-15 11:15:00,1771154100000,0.10134,0.10144,0.10116,0.10137,428710.0
2026-02-15 11:30:00,1771155000000,0.10137,0.10161,0.10105,0.10132,753794.0
2026-02-15 11:45:00,1771155900000,0.10132,0.10139,0.10097,0.10137,612485.0
2026-02-15 12:00:00,1771156800000,0.10137,0.10206,0.10103,0.10122,1636659.0
2026-02-15 12:15:00,1771157700000,0.10122,0.10151,0.10086,0.10088,1143681.0
2026-02-15 12:30:00,1771158600000,0.10088,0.101,0.09975,0.10018,3571046.0
2026-02-15 12:45:00,1771159500000,0.10018,0.10041,0.09728,0.09779,19350493.0
2026-02-15 13:00:00,1771160400000,0.09779,0.09908,0.09779,0.09874,3333268.0
2026-02-15 13:15:00,1771161300000,0.09874,0.099,0.09803,0.09826,2131491.0
2026-02-15 13:30:00,1771162200000,0.09826,0.09865,0.09771,0.0978,3417232.0
2026-02-15 13:45:00,1771163100000,0.0978,0.09812,0.0973,0.0977,3823284.0
2026-02-15 14:00:00,1771164000000,0.0977,0.09826,0.0976,0.09814,2496434.0
2026-02-15 14:15:00,1771164900000,0.09814,0.09852,0.09789,0.09799,1631409.0
2026-02-15 14:30:00,1771165800000,0.09799,0.09862,0.09796,0.09837,1402433.0
2026-02-15 14:45:00,1771166700000,0.09837,0.09877,0.09825,0.09861,2264896.0
2026-02-15 15:00:00,1771167600000,0.09861,0.09904,0.09847,0.09882,1904219.0
2026-02-15 15:15:00,1771168500000,0.09882,0.09888,0.09847,0.09853,712313.0
2026-02-15 15:30:00,1771169400000,0.09853,0.09859,0.09813,0.09832,1036552.0
2026-02-15 15:45:00,1771170300000,0.09832,0.09844,0.09801,0.09841,695240.0
2026-02-15 16:00:00,1771171200000,0.09841,0.09841,0.09739,0.09794,1935625.0
2026-02-15 16:15:00,1771172100000,0.09794,0.09837,0.09777,0.09823,880675.0
2026-02-15 16:30:00,1771173000000,0.09823,0.09823,0.09762,0.0979,431200.0
2026-02-15 16:45:00,1771173900000,0.0979,0.09805,0.09761,0.09773,347032.0
2026-02-15 17:00:00,1771174800000,0.09773,0.09798,0.09763,0.09791,543141.0
2026-02-15 17:15:00,1771175700000,0.09791,0.09791,0.09713,0.09728,1479403.0
2026-02-15 17:30:00,1771176600000,0.09728,0.09769,0.09714,0.09725,1058701.0
2026-02-15 17:45:00,1771177500000,0.09725,0.09725,0.09571,0.09659,6962976.0
2026-02-15 18:00:00,1771178400000,0.09659,0.09667,0.0957,0.09637,2133416.0
2026-02-15 18:15:00,1771179300000,0.09637,0.09685,0.09579,0.09581,1021073.0
2026-02-15 18:30:00,1771180200000,0.09581,0.09581,0.09463,0.09546,3062651.0
2026-02-15 18:45:00,1771181100000,0.09546,0.09558,0.09489,0.09518,1319196.0
2026-02-15 19:00:00,1771182000000,0.09518,0.09555,0.09489,0.09524,2140204.0
2026-02-15 19:15:00,1771182900000,0.09524,0.09604,0.09514,0.09577,1328649.0
2026-02-15 19:30:00,1771183800000,0.09577,0.09578,0.09514,0.09525,979391.0
2026-02-15 19:45:00,1771184700000,0.09525,0.09578,0.09518,0.09565,992223.0
2026-02-15 20:00:00,1771185600000,0.09565,0.09641,0.09527,0.09629,1671893.0
2026-02-15 20:15:00,1771186500000,0.09629,0.09656,0.09592,0.09654,2340691.0
2026-02-15 20:30:00,1771187400000,0.09654,0.09715,0.09643,0.09662,1056814.0
2026-02-15 20:45:00,1771188300000,0.09662,0.09689,0.09658,0.09661,532731.0
2026-02-15 21:00:00,1771189200000,0.09661,0.09718,0.09661,0.09685,874214.0
2026-02-15 21:15:00,1771190100000,0.09685,0.0969,0.09651,0.0967,451667.0
2026-02-15 21:30:00,1771191000000,0.0967,0.09704,0.09636,0.09644,1168252.0
2026-02-15 21:45:00,1771191900000,0.09644,0.09665,0.0962,0.0964,1597785.0
2026-02-15 22:00:00,1771192800000,0.0964,0.09649,0.09606,0.09627,1046772.0
2026-02-15 22:15:00,1771193700000,0.09627,0.09673,0.09615,0.09642,770675.0
2026-02-15 22:30:00,1771194600000,0.09642,0.0967,0.09627,0.0966,747672.0
2026-02-15 22:45:00,1771195500000,0.0966,0.09665,0.09623,0.09632,824970.0
2026-02-15 23:00:00,1771196400000,0.09632,0.09632,0.09509,0.09562,2571358.0
2026-02-15 23:15:00,1771197300000,0.09562,0.09615,0.09518,0.09599,2692842.0
2026-02-15 23:30:00,1771198200000,0.09599,0.09639,0.09589,0.09613,766275.0
2026-02-15 23:45:00,1771199100000,0.09613,0.09631,0.09612,0.09619,503107.0
2026-02-16 00:00:00,1771200000000,0.09619,0.09709,0.09604,0.09683,3788292.0
2026-02-16 00:15:00,1771200900000,0.09683,0.0981,0.09674,0.09705,2656534.0
2026-02-16 00:30:00,1771201800000,0.09705,0.09761,0.09683,0.09729,2115080.0
2026-02-16 00:45:00,1771202700000,0.09729,0.09736,0.09686,0.097,1045333.0
2026-02-16 01:00:00,1771203600000,0.097,0.0972,0.09673,0.09687,1036603.0
2026-02-16 01:15:00,1771204500000,0.09687,0.09696,0.09607,0.09619,1058422.0
2026-02-16 01:30:00,1771205400000,0.09619,0.09655,0.09583,0.0964,2065942.0
2026-02-16 01:45:00,1771206300000,0.0964,0.09653,0.09613,0.09649,566270.0
2026-02-16 02:00:00,1771207200000,0.09649,0.0972,0.09645,0.09694,778237.0
2026-02-16 02:15:00,1771208100000,0.09694,0.097,0.09627,0.09649,523239.0
2026-02-16 02:30:00,1771209000000,0.09649,0.09762,0.09636,0.09667,3962202.0
2026-02-16 02:45:00,1771209900000,0.09667,0.09701,0.09614,0.09644,5447421.0
2026-02-16 03:00:00,1771210800000,0.09644,0.09662,0.09582,0.09585,1653810.0
2026-02-16 03:15:00,1771211700000,0.09585,0.09613,0.09574,0.09586,1782492.0
2026-02-16 03:30:00,1771212600000,0.09586,0.09623,0.09586,0.09622,916367.0
2026-02-16 03:45:00,1771213500000,0.09622,0.09675,0.09611,0.09653,1052803.0
2026-02-16 04:00:00,1771214400000,0.09653,0.097,0.09626,0.09655,4744150.0
2026-02-16 04:15:00,1771215300000,0.09655,0.0969,0.09655,0.09671,477346.0
2026-02-16 04:30:00,1771216200000,0.09671,0.0968,0.09627,0.09638,512348.0
2026-02-16 04:45:00,1771217100000,0.09638,0.09699,0.09628,0.09688,545284.0
2026-02-16 05:00:00,1771218000000,0.09688,0.09715,0.09598,0.09607,4885765.0
2026-02-16 05:15:00,1771218900000,0.09607,0.0962,0.0958,0.09591,726458.0
2026-02-16 05:30:00,1771219800000,0.09591,0.09642,0.0958,0.09611,421465.0
2026-02-16 05:45:00,1771220700000,0.09611,0.09622,0.09597,0.09605,362125.0
2026-02-16 06:00:00,1771221600000,0.09605,0.09646,0.09605,0.09623,797752.0
2026-02-16 06:15:00,1771222500000,0.09623,0.09928,0.09614,0.09846,21950827.0
2026-02-16 06:30:00,1771223400000,0.09846,0.10161,0.09845,0.10123,19374582.0
2026-02-16 06:45:00,1771224300000,0.10123,0.10202,0.09968,0.09974,8579099.0
2026-02-16 07:00:00,1771225200000,0.09974,0.10095,0.09892,0.10073,15497214.0
2026-02-16 07:15:00,1771226100000,0.10073,0.10153,0.10029,0.10071,7997120.0
2026-02-16 07:30:00,1771227000000,0.10071,0.1031,0.10027,0.10286,6428780.0
2026-02-16 07:45:00,1771227900000,0.10286,0.10311,0.09951,0.09984,7421261.0
2026-02-16 08:00:00,1771228800000,0.09984,0.09996,0.09909,0.09925,4545820.0
2026-02-16 08:15:00,1771229700000,0.09925,0.10015,0.09925,0.09978,1748048.0
2026-02-16 08:30:00,1771230600000,0.09978,0.10006,0.09943,0.09951,1187018.0
2026-02-16 08:45:00,1771231500000,0.09951,0.0999,0.09874,0.09929,2964820.0
2026-02-16 09:00:00,1771232400000,0.09929,0.10025,0.09928,0.09985,1919264.0
2026-02-16 09:15:00,1771233300000,0.09985,0.09985,0.09934,0.09969,1183285.0
2026-02-16 09:30:00,1771234200000,0.09969,0.10105,0.09957,0.10081,1875461.0
2026-02-16 09:45:00,1771235100000,0.10081,0.10106,0.09989,0.10001,2017565.0
2026-02-16 10:00:00,1771236000000,0.10001,0.10074,0.09982,0.10074,1583080.0
2026-02-16 10:15:00,1771236900000,0.10074,0.10094,0.10012,0.1006,910504.0
2026-02-16 10:30:00,1771237800000,0.1006,0.10131,0.1006,0.10091,1537089.0
2026-02-16 10:45:00,1771238700000,0.10091,0.10128,0.10081,0.10084,565408.0
2026-02-16 11:00:00,1771239600000,0.10084,0.10112,0.09931,0.09941,3185995.0
2026-02-16 11:15:00,1771240500000,0.09941,0.09966,0.09807,0.09936,3741489.0
2026-02-16 11:30:00,1771241400000,0.09936,0.09979,0.09907,0.09943,967445.0
2026-02-16 11:45:00,1771242300000,0.09943,0.10029,0.09941,0.09968,915631.0
2026-02-16 12:00:00,1771243200000,0.09968,0.10029,0.09961,0.09979,905153.0
2026-02-16 12:15:00,1771244100000,0.09979,0.10129,0.09963,0.1012,2982134.0
2026-02-16 12:30:00,1771245000000,0.1012,0.10283,0.10075,0.10246,5379414.0
2026-02-16 12:45:00,1771245900000,0.10246,0.10362,0.1022,0.10348,4868597.0
2026-02-16 13:00:00,1771246800000,0.10348,0.10533,0.10341,0.10391,6429438.0
2026-02-16 13:15:00,1771247700000,0.10391,0.105,0.10244,0.10301,5610861.0
2026-02-16 13:30:00,1771248600000,0.10301,0.10413,0.10251,0.10373,4553896.0
2026-02-16 13:45:00,1771249500000,0.10373,0.10427,0.10014,0.10053,29291771.0
2026-02-16 14:00:00,1771250400000,0.10053,0.10158,0.10041,0.10109,3958272.0
2026-02-16 14:15:00,1771251300000,0.10109,0.10141,0.09956,0.09997,4088625.0
2026-02-16 14:30:00,1771252200000,0.09997,0.10122,0.09995,0.10078,2492800.0
2026-02-16 14:45:00,1771253100000,0.10078,0.1013,0.10026,0.10041,1574718.0
2026-02-16 15:00:00,1771254000000,0.10041,0.10109,0.10005,0.10013,1349820.0
2026-02-16 15:15:00,1771254900000,0.10013,0.10048,0.09972,0.09992,1862371.0
2026-02-16 15:30:00,1771255800000,0.09992,0.09992,0.09821,0.0989,6345013.0
2026-02-16 15:45:00,1771256700000,0.0989,0.0991,0.09854,0.09857,1131804.0
2026-02-16 16:00:00,1771257600000,0.09857,0.10298,0.09839,0.10275,19042970.0
2026-02-16 16:15:00,1771258500000,0.10275,0.10314,0.10156,0.10174,3277474.0
2026-02-16 16:30:00,1771259400000,0.10174,0.10174,0.10052,0.1015,2478714.0
2026-02-16 16:45:00,1771260300000,0.1015,0.10168,0.10081,0.10145,1599803.0
2026-02-16 17:00:00,1771261200000,0.10145,0.10251,0.10112,0.1015,1889181.0
2026-02-16 17:15:00,1771262100000,0.1015,0.1034,0.10007,0.10312,34678917.0
2026-02-16 17:30:00,1771263000000,0.10312,0.10411,0.10249,0.10323,8742555.0
2026-02-16 17:45:00,1771263900000,0.10323,0.10363,0.10275,0.1032,2901770.0
2026-02-16 18:00:00,1771264800000,0.1032,0.10387,0.1031,0.10347,2385086.0
2026-02-16 18:15:00,1771265700000,0.10347,0.10375,0.10271,0.10281,925344.0
2026-02-16 18:30:00,1771266600000,0.10281,0.10291,0.10185,0.10187,1710714.0
2026-02-16 18:45:00,1771267500000,0.10187,0.10206,0.10108,0.10118,1444574.0
2026-02-16 19:00:00,1771268400000,0.10118,0.10143,0.10107,0.10132,854440.0
2026-02-16 19:15:00,1771269300000,0.10132,0.10165,0.10083,0.10119,781439.0
2026-02-16 19:30:00,1771270200000,0.10119,0.10201,0.10119,0.10177,1017560.0
2026-02-16 19:45:00,1771271100000,0.10177,0.10199,0.10147,0.10157,775618.0
2026-02-16 20:00:00,1771272000000,0.10157,0.10178,0.10137,0.10158,629605.0
2026-02-16 20:15:00,1771272900000,0.10158,0.10309,0.10158,0.10307,1157055.0
2026-02-16 20:30:00,1771273800000,0.10307,0.10348,0.10282,0.10305,1307368.0
2026-02-16 20:45:00,1771274700000,0.10305,0.10434,0.1029,0.10407,2428555.0
2026-02-16 21:00:00,1771275600000,0.10407,0.10417,0.10309,0.10335,813773.0
2026-02-16 21:15:00,1771276500000,0.10335,0.10365,0.10306,0.10314,609831.0
2026-02-16 21:30:00,1771277400000,0.10314,0.10341,0.10276,0.10303,796203.0
2026-02-16 21:45:00,1771278300000,0.10303,0.10352,0.10249,0.1033,2674746.0
2026-02-16 22:00:00,1771279200000,0.1033,0.10381,0.10307,0.10322,1082353.0
2026-02-16 22:15:00,1771280100000,0.10322,0.10337,0.10287,0.10298,1811727.0
2026-02-16 22:30:00,1771281000000,0.10298,0.10331,0.10268,0.10327,430301.0
2026-02-16 22:45:00,1771281900000,0.10327,0.10327,0.10211,0.10232,1489613.0
2026-02-16 23:00:00,1771282800000,0.10232,0.10278,0.10205,0.10243,1019135.0
2026-02-16 23:15:00,1771283700000,0.10243,0.10247,0.102,0.10224,1565310.0
2026-02-16 23:30:00,1771284600000,0.10224,0.10235,0.10187,0.10192,614520.0
2026-02-16 23:45:00,1771285500000,0.10192,0.10247,0.1019,0.10218,1268693.0
2026-02-17 00:00:00,1771286400000,0.10218,0.10226,0.10145,0.10162,1060985.0
2026-02-17 00:15:00,1771287300000,0.10162,0.10164,0.1013,0.10145,795412.0
2026-02-17 00:30:00,1771288200000,0.10145,0.10145,0.1006,0.10082,952307.0
2026-02-17 00:45:00,1771289100000,0.10082,0.10135,0.10073,0.1008,685734.0
2026-02-17 01:00:00,1771290000000,0.1008,0.10132,0.10063,0.10092,773148.0
2026-02-17 01:15:00,1771290900000,0.10092,0.10131,0.10092,0.10117,884862.0
2026-02-17 01:30:00,1771291800000,0.10117,0.10126,0.10079,0.1009,1042946.0
2026-02-17 01:45:00,1771292700000,0.1009,0.10117,0.10078,0.10115,947315.0
2026-02-17 02:00:00,1771293600000,0.10115,0.10124,0.09972,0.1008,3880404.0
2026-02-17 02:15:00,1771294500000,0.1008,0.10109,0.10063,0.10096,1068354.0
2026-02-17 02:30:00,1771295400000,0.10096,0.1016,0.1009,0.10109,1034641.0
2026-02-17 02:45:00,1771296300000,0.10109,0.1011,0.10084,0.10096,1524828.0
2026-02-17 03:00:00,1771297200000,0.10096,0.10096,0.10028,0.10052,1207269.0
2026-02-17 03:15:00,1771298100000,0.10052,0.10117,0.10003,0.10108,901553.0
2026-02-17 03:30:00,1771299000000,0.10108,0.10134,0.10057,0.10062,535503.0
2026-02-17 03:45:00,1771299900000,0.10062,0.10065,0.10038,0.10042,659777.0
2026-02-17 04:00:00,1771300800000,0.10042,0.10076,0.10017,0.10054,931257.0
2026-02-17 04:15:00,1771301700000,0.10054,0.10136,0.10035,0.10093,2966574.0
2026-02-17 04:30:00,1771302600000,0.10093,0.10157,0.10021,0.10122,1530832.0
2026-02-17 04:45:00,1771303500000,0.10122,0.10185,0.10104,0.10124,1318955.0
2026-02-17 05:00:00,1771304400000,0.10124,0.10128,0.10029,0.10032,1268916.0
2026-02-17 05:15:00,1771305300000,0.10032,0.10032,0.09955,0.09989,2638924.0
2026-02-17 05:30:00,1771306200000,0.09989,0.10061,0.09938,0.10049,1569700.0
2026-02-17 05:45:00,1771307100000,0.10049,0.10067,0.1003,0.10052,531754.0
2026-02-17 06:00:00,1771308000000,0.10052,0.1008,0.10047,0.10048,770067.0
2026-02-17 06:15:00,1771308900000,0.10048,0.10065,0.10012,0.10056,452768.0
2026-02-17 06:30:00,1771309800000,0.10056,0.10073,0.10044,0.10068,354260.0
2026-02-17 06:45:00,1771310700000,0.10068,0.10076,0.10044,0.10068,474377.0
2026-02-17 07:00:00,1771311600000,0.10068,0.10068,0.10022,0.10032,567546.0
2026-02-17 07:15:00,1771312500000,0.10032,0.10049,0.10025,0.10032,616282.0
2026-02-17 07:30:00,1771313400000,0.10032,0.10056,0.10008,0.10037,655272.0
2026-02-17 07:45:00,1771314300000,0.10037,0.1005,0.10029,0.10036,571267.0
2026-02-17 08:00:00,1771315200000,0.10036,0.10082,0.10033,0.10033,692795.0
2026-02-17 08:15:00,1771316100000,0.10033,0.10062,0.10032,0.10054,551038.0
2026-02-17 08:30:00,1771317000000,0.10054,0.10066,0.09994,0.10022,1016718.0
2026-02-17 08:45:00,1771317900000,0.10022,0.10036,0.10006,0.10007,528915.0
2026-02-17 09:00:00,1771318800000,0.10007,0.10024,0.09937,0.09964,1223049.0
2026-02-17 09:15:00,1771319700000,0.09964,0.09976,0.0991,0.09916,1571630.0
2026-02-17 09:30:00,1771320600000,0.09916,0.09934,0.09893,0.0992,1309741.0
2026-02-17 09:45:00,1771321500000,0.0992,0.09945,0.09914,0.09928,424213.0
2026-02-17 10:00:00,1771322400000,0.09928,0.09963,0.09922,0.09954,679706.0
2026-02-17 10:15:00,1771323300000,0.09954,0.09954,0.0964,0.09663,32123042.0
2026-02-17 10:30:00,1771324200000,0.09663,0.09705,0.09638,0.09658,6393614.0
2026-02-17 10:45:00,1771325100000,0.09658,0.09768,0.09646,0.09763,2932542.0
2026-02-17 11:00:00,1771326000000,0.09763,0.0983,0.09743,0.09815,2524253.0
2026-02-17 11:15:00,1771326900000,0.09815,0.09853,0.098,0.09839,1873616.0
2026-02-17 11:30:00,1771327800000,0.09839,0.09853,0.09784,0.09806,1410352.0
2026-02-17 11:45:00,1771328700000,0.09806,0.09825,0.09802,0.09817,1069186.0
2026-02-17 12:00:00,1771329600000,0.09817,0.0984,0.0979,0.09813,1474634.0
2026-02-17 12:15:00,1771330500000,0.09813,0.09867,0.09789,0.09859,1344073.0
2026-02-17 12:30:00,1771331400000,0.09859,0.09876,0.09845,0.0986,1679299.0
2026-02-17 12:45:00,1771332300000,0.0986,0.09873,0.09817,0.09841,1246803.0
2026-02-17 13:00:00,1771333200000,0.09841,0.09875,0.09806,0.09858,1465735.0
2026-02-17 13:15:00,1771334100000,0.09858,0.09873,0.09816,0.09816,1424422.0
2026-02-17 13:30:00,1771335000000,0.09816,0.09817,0.09766,0.09774,1002010.0
2026-02-17 13:45:00,1771335900000,0.09774,0.0985,0.09744,0.09798,2213507.0
2026-02-17 14:00:00,1771336800000,0.09798,0.09833,0.09763,0.09789,2019507.0
2026-02-17 14:15:00,1771337700000,0.09789,0.09813,0.09779,0.09795,639565.0
2026-02-17 14:30:00,1771338600000,0.09795,0.09848,0.0966,0.09685,3509190.0
2026-02-17 14:45:00,1771339500000,0.09685,0.0969,0.0961,0.09647,3885953.0
2026-02-17 15:00:00,1771340400000,0.09647,0.09749,0.09631,0.09684,2259432.0
2026-02-17 15:15:00,1771341300000,0.09684,0.09738,0.09638,0.09666,1497731.0
2026-02-17 15:30:00,1771342200000,0.09666,0.09675,0.09544,0.09597,5740872.0
2026-02-17 15:45:00,1771343100000,0.09597,0.09689,0.09573,0.09668,2177252.0
2026-02-17 16:00:00,1771344000000,0.09668,0.09787,0.09633,0.09728,4331620.0
2026-02-17 16:15:00,1771344900000,0.09728,0.09771,0.09645,0.09649,3086882.0
2026-02-17 16:30:00,1771345800000,0.09649,0.09815,0.09649,0.09753,2381142.0
2026-02-17 16:45:00,1771346700000,0.09753,0.0976,0.09669,0.09678,1595990.0
2026-02-17 17:00:00,1771347600000,0.09678,0.09695,0.09562,0.09589,2087953.0
2026-02-17 17:15:00,1771348500000,0.09589,0.09635,0.09589,0.09628,1109933.0
2026-02-17 17:30:00,1771349400000,0.09628,0.09639,0.09507,0.09538,3702757.0
2026-02-17 17:45:00,1771350300000,0.09538,0.09588,0.09518,0.09573,2447631.0
2026-02-17 18:00:00,1771351200000,0.09573,0.09591,0.09546,0.09577,1841895.0
2026-02-17 18:15:00,1771352100000,0.09577,0.09701,0.09552,0.09687,2020933.0
2026-02-17 18:30:00,1771353000000,0.09687,0.09785,0.09665,0.0975,1994921.0
2026-02-17 18:45:00,1771353900000,0.0975,0.09777,0.09718,0.09751,1201741.0
2026-02-17 19:00:00,1771354800000,0.09751,0.0979,0.09728,0.09783,1143735.0
2026-02-17 19:15:00,1771355700000,0.09783,0.09795,0.09724,0.09734,1765188.0
2026-02-17 19:30:00,1771356600000,0.09734,0.09762,0.09716,0.09756,751609.0
2026-02-17 19:45:00,1771357500000,0.09756,0.0978,0.0973,0.09735,709516.0
2026-02-17 20:00:00,1771358400000,0.09735,0.09756,0.09668,0.09672,1607153.0
2026-02-17 20:15:00,1771359300000,0.09672,0.09689,0.09631,0.09672,1219764.0
2026-02-17 20:30:00,1771360200000,0.09672,0.09699,0.09627,0.09674,1358439.0
2026-02-17 20:45:00,1771361100000,0.09674,0.09676,0.09634,0.09669,1441292.0
2026-02-17 21:00:00,1771362000000,0.09669,0.0972,0.09662,0.09719,1251561.0
2026-02-17 21:15:00,1771362900000,0.09719,0.09726,0.09644,0.0965,1151913.0
2026-02-17 21:30:00,1771363800000,0.0965,0.09684,0.09647,0.09675,1134117.0
2026-02-17 21:45:00,1771364700000,0.09675,0.09683,0.09663,0.09678,505919.0
2026-02-17 22:00:00,1771365600000,0.09678,0.09678,0.0965,0.09672,771515.0
2026-02-17 22:15:00,1771366500000,0.09672,0.09672,0.09624,0.09653,1051743.0
2026-02-17 22:30:00,1771367400000,0.09653,0.09678,0.09644,0.0965,893384.0
2026-02-17 22:45:00,1771368300000,0.0965,0.0967,0.0963,0.09661,468241.0
2026-02-17 23:00:00,1771369200000,0.09661,0.09661,0.09608,0.09623,935316.0
2026-02-17 23:15:00,1771370100000,0.09623,0.09663,0.09623,0.09643,599297.0
2026-02-17 23:30:00,1771371000000,0.09643,0.09689,0.09642,0.09675,1316049.0
2026-02-17 23:45:00,1771371900000,0.09675,0.0968,0.09645,0.09648,1052478.0
2026-02-18 00:00:00,1771372800000,0.09648,0.0967,0.09635,0.09646,547178.0
2026-02-18 00:15:00,1771373700000,0.09646,0.09666,0.09628,0.09654,611817.0
2026-02-18 00:30:00,1771374600000,0.09654,0.09679,0.09652,0.09658,650248.0
2026-02-18 00:45:00,1771375500000,0.09658,0.09658,0.09578,0.09586,1967500.0
2026-02-18 01:00:00,1771376400000,0.09586,0.09608,0.09526,0.0957,1885830.0
2026-02-18 01:15:00,1771377300000,0.0957,0.09589,0.09556,0.0957,792313.0
2026-02-18 01:30:00,1771378200000,0.0957,0.09576,0.09535,0.09547,773087.0
2026-02-18 01:45:00,1771379100000,0.09547,0.09555,0.09517,0.09528,751525.0
2026-02-18 02:00:00,1771380000000,0.09528,0.09587,0.09528,0.09573,1041343.0
2026-02-18 02:15:00,1771380900000,0.09573,0.09588,0.09526,0.0953,960297.0
2026-02-18 02:30:00,1771381800000,0.0953,0.09565,0.0952,0.09553,1347475.0
2026-02-18 02:45:00,1771382700000,0.09553,0.09553,0.09463,0.09496,2655873.0
2026-02-18 03:00:00,1771383600000,0.09496,0.09557,0.09494,0.09557,756720.0
2026-02-18 03:15:00,1771384500000,0.09557,0.0959,0.09557,0.09578,934723.0
2026-02-18 03:30:00,1771385400000,0.09578,0.09665,0.09578,0.09621,1467112.0
2026-02-18 03:45:00,1771386300000,0.09621,0.0963,0.09598,0.09598,444250.0
2026-02-18 04:00:00,1771387200000,0.09598,0.09637,0.09578,0.09605,797047.0
2026-02-18 04:15:00,1771388100000,0.09605,0.0961,0.09553,0.09561,1046078.0
2026-02-18 04:30:00,1771389000000,0.09561,0.09595,0.09553,0.09579,772963.0
2026-02-18 04:45:00,1771389900000,0.09579,0.09631,0.09566,0.09618,687843.0
2026-02-18 05:00:00,1771390800000,0.09618,0.09662,0.09614,0.09661,480519.0
2026-02-18 05:15:00,1771391700000,0.09661,0.09676,0.09647,0.09656,449317.0
2026-02-18 05:30:00,1771392600000,0.09656,0.09672,0.09642,0.09653,623687.0
2026-02-18 05:45:00,1771393500000,0.09653,0.09711,0.09641,0.09643,1281700.0
2026-02-18 06:00:00,1771394400000,0.09643,0.09672,0.09639,0.09663,498916.0
2026-02-18 06:15:00,1771395300000,0.09663,0.09687,0.09645,0.09679,575888.0
2026-02-18 06:30:00,1771396200000,0.09679,0.09714,0.09677,0.09693,498018.0
2026-02-18 06:45:00,1771397100000,0.09693,0.09712,0.09679,0.09686,412797.0
2026-02-18 07:00:00,1771398000000,0.09686,0.09723,0.0966,0.09694,756860.0
2026-02-18 07:15:00,1771398900000,0.09694,0.09694,0.0967,0.09693,376812.0
2026-02-18 07:30:00,1771399800000,0.09693,0.09741,0.0967,0.0973,703062.0
2026-02-18 07:45:00,1771400700000,0.0973,0.09766,0.0972,0.09745,698693.0
2026-02-18 08:00:00,1771401600000,0.09745,0.09775,0.09744,0.09766,868350.0
2026-02-18 08:15:00,1771402500000,0.09766,0.09863,0.09766,0.09845,3013147.0
2026-02-18 08:30:00,1771403400000,0.09845,0.09867,0.09807,0.0981,1258217.0
2026-02-18 08:45:00,1771404300000,0.0981,0.09834,0.09804,0.09825,732959.0
2026-02-18 09:00:00,1771405200000,0.09825,0.09863,0.09818,0.09845,795831.0
2026-02-18 09:15:00,1771406100000,0.09845,0.09863,0.09831,0.09833,606176.0
2026-02-18 09:30:00,1771407000000,0.09833,0.09882,0.09818,0.0988,876726.0
2026-02-18 09:45:00,1771407900000,0.0988,0.09917,0.09864,0.09889,980596.0
2026-02-18 10:00:00,1771408800000,0.09889,0.09929,0.09872,0.09915,465059.0
2026-02-18 10:15:00,1771409700000,0.09915,0.09936,0.09872,0.0988,1062860.0
2026-02-18 10:30:00,1771410600000,0.0988,0.09893,0.09819,0.09827,2221499.0
2026-02-18 10:45:00,1771411500000,0.09827,0.09839,0.09792,0.09809,1008777.0
2026-02-18 11:00:00,1771412400000,0.09809,0.0982,0.09662,0.09724,2762512.0
2026-02-18 11:15:00,1771413300000,0.09724,0.09785,0.0971,0.09771,1108265.0
2026-02-18 11:30:00,1771414200000,0.09771,0.09803,0.09757,0.09773,689138.0
2026-02-18 11:45:00,1771415100000,0.09773,0.09799,0.09733,0.09737,869988.0
2026-02-18 12:00:00,1771416000000,0.09737,0.09797,0.09737,0.09773,956010.0
2026-02-18 12:15:00,1771416900000,0.09773,0.0979,0.09711,0.09743,1033415.0
2026-02-18 12:30:00,1771417800000,0.09743,0.09746,0.0968,0.09728,1353955.0
2026-02-18 12:45:00,1771418700000,0.09728,0.09814,0.09717,0.09726,1463188.0
2026-02-18 13:00:00,1771419600000,0.09726,0.09736,0.09626,0.09653,1719173.0
2026-02-18 13:15:00,1771420500000,0.09653,0.0967,0.09595,0.09649,1251062.0
2026-02-18 13:30:00,1771421400000,0.09649,0.09649,0.09516,0.09547,3520610.0
2026-02-18 13:45:00,1771422300000,0.09547,0.09555,0.09474,0.09524,2067719.0
2026-02-18 14:00:00,1771423200000,0.09524,0.09552,0.09512,0.0953,1243015.0
2026-02-18 14:15:00,1771424100000,0.0953,0.09542,0.09486,0.09486,1036026.0
2026-02-18 14:30:00,1771425000000,0.09486,0.09563,0.09481,0.095,1839840.0
2026-02-18 14:45:00,1771425900000,0.095,0.09582,0.09375,0.09573,6102748.0
2026-02-18 15:00:00,1771426800000,0.09573,0.09693,0.09566,0.09657,2113135.0
2026-02-18 15:15:00,1771427700000,0.09657,0.09666,0.09629,0.09647,708565.0
2026-02-18 15:30:00,1771428600000,0.09647,0.0985,0.09639,0.09817,2619723.0
2026-02-18 15:45:00,1771429500000,0.09817,0.0982,0.09703,0.09718,1930131.0
2026-02-18 16:00:00,1771430400000,0.09718,0.09718,0.09544,0.09549,3120023.0
2026-02-18 16:15:00,1771431300000,0.09549,0.09601,0.09524,0.09553,2188329.0
2026-02-18 16:30:00,1771432200000,0.09553,0.09562,0.09479,0.0952,2099272.0
2026-02-18 16:45:00,1771433100000,0.0952,0.0952,0.09456,0.0948,1457258.0
2026-02-18 17:00:00,1771434000000,0.0948,0.09603,0.09479,0.09528,1635691.0
2026-02-18 17:15:00,1771434900000,0.09528,0.09537,0.0949,0.09508,820525.0
2026-02-18 17:30:00,1771435800000,0.09508,0.09521,0.09469,0.09475,1272209.0
2026-02-18 17:45:00,1771436700000,0.09475,0.09491,0.0946,0.0947,772015.0
2026-02-18 18:00:00,1771437600000,0.0947,0.09497,0.09457,0.09472,525135.0
2026-02-18 18:15:00,1771438500000,0.09472,0.09482,0.09362,0.0944,1924684.0
2026-02-18 18:30:00,1771439400000,0.0944,0.09474,0.09361,0.09385,1288227.0
2026-02-18 18:45:00,1771440300000,0.09385,0.09423,0.09355,0.0938,1210840.0
2026-02-18 19:00:00,1771441200000,0.0938,0.09425,0.09364,0.09381,1097413.0
2026-02-18 19:15:00,1771442100000,0.09381,0.09381,0.09292,0.0932,2837842.0
2026-02-18 19:30:00,1771443000000,0.0932,0.09337,0.09224,0.09279,4854638.0
2026-02-18 19:45:00,1771443900000,0.09279,0.09325,0.09272,0.093,1538938.0
2026-02-18 20:00:00,1771444800000,0.093,0.09346,0.09291,0.09295,1037840.0
2026-02-18 20:15:00,1771445700000,0.09295,0.09316,0.09269,0.09295,985798.0
2026-02-18 20:30:00,1771446600000,0.09295,0.09337,0.09289,0.0932,604909.0
2026-02-18 20:45:00,1771447500000,0.0932,0.09345,0.09272,0.09287,1684345.0
2026-02-18 21:00:00,1771448400000,0.09287,0.09313,0.09264,0.09306,1668847.0
2026-02-18 21:15:00,1771449300000,0.09306,0.09325,0.09285,0.09318,875548.0
2026-02-18 21:30:00,1771450200000,0.09318,0.09336,0.09306,0.09317,361539.0
2026-02-18 21:45:00,1771451100000,0.09317,0.09323,0.09268,0.09272,509120.0
2026-02-18 22:00:00,1771452000000,0.09272,0.09289,0.092,0.0923,1449634.0
2026-02-18 22:15:00,1771452900000,0.0923,0.09239,0.09143,0.09174,2095662.0
2026-02-18 22:30:00,1771453800000,0.09174,0.09215,0.0916,0.09188,854633.0
2026-02-18 22:45:00,1771454700000,0.09188,0.09235,0.09165,0.0921,2460110.0
2026-02-18 23:00:00,1771455600000,0.0921,0.09216,0.09186,0.09203,866336.0
2026-02-18 23:15:00,1771456500000,0.09203,0.09207,0.09154,0.09163,945822.0
2026-02-18 23:30:00,1771457400000,0.09163,0.09235,0.09163,0.09215,1029016.0
2026-02-18 23:45:00,1771458300000,0.09215,0.09231,0.09215,0.09231,495850.0
2026-02-19 00:00:00,1771459200000,0.09231,0.09244,0.09199,0.09233,738868.0
2026-02-19 00:15:00,1771460100000,0.09233,0.09247,0.0918,0.09191,845514.0
2026-02-19 00:30:00,1771461000000,0.09191,0.09231,0.0918,0.09224,897769.0
2026-02-19 00:45:00,1771461900000,0.09224,0.09226,0.09176,0.09176,464924.0
2026-02-19 01:00:00,1771462800000,0.09176,0.09272,0.09176,0.09247,1185488.0
2026-02-19 01:15:00,1771463700000,0.09247,0.09249,0.09209,0.09237,656269.0
2026-02-19 01:30:00,1771464600000,0.09237,0.09304,0.09237,0.09294,629802.0
2026-02-19 01:45:00,1771465500000,0.09294,0.09325,0.09281,0.0932,772214.0
2026-02-19 02:00:00,1771466400000,0.0932,0.0934,0.09313,0.09329,582744.0
2026-02-19 02:15:00,1771467300000,0.09329,0.09329,0.09294,0.09301,800543.0
2026-02-19 02:30:00,1771468200000,0.09301,0.09308,0.09245,0.09252,791413.0
2026-02-19 02:45:00,1771469100000,0.09252,0.09318,0.09251,0.09314,503980.0
2026-02-19 03:00:00,1771470000000,0.09314,0.0933,0.09298,0.09317,586914.0
2026-02-19 03:15:00,1771470900000,0.09317,0.09347,0.09316,0.09347,428327.0
2026-02-19 03:30:00,1771471800000,0.09347,0.09347,0.09148,0.09234,4773808.0
2026-02-19 03:45:00,1771472700000,0.09234,0.09275,0.09224,0.09273,1029943.0
2026-02-19 04:00:00,1771473600000,0.09273,0.09315,0.09265,0.09282,893497.0
2026-02-19 04:15:00,1771474500000,0.09282,0.09282,0.09232,0.09253,791754.0
2026-02-19 04:30:00,1771475400000,0.09253,0.0927,0.09219,0.09222,726899.0
2026-02-19 04:45:00,1771476300000,0.09222,0.09227,0.09196,0.09215,1077698.0
2026-02-19 05:00:00,1771477200000,0.09215,0.09226,0.09179,0.09209,671338.0
2026-02-19 05:15:00,1771478100000,0.09209,0.09221,0.09154,0.09162,988626.0
2026-02-19 05:30:00,1771479000000,0.09162,0.09175,0.09136,0.09147,928277.0
2026-02-19 05:45:00,1771479900000,0.09147,0.09151,0.09048,0.09092,4128016.0
2026-02-19 06:00:00,1771480800000,0.09092,0.09114,0.09044,0.09109,1733472.0
2026-02-19 06:15:00,1771481700000,0.09109,0.09145,0.09086,0.09136,1027656.0
2026-02-19 06:30:00,1771482600000,0.09136,0.09151,0.09112,0.09127,546612.0
2026-02-19 06:45:00,1771483500000,0.09127,0.09166,0.09124,0.09142,514594.0
2026-02-19 07:00:00,1771484400000,0.09142,0.0915,0.09089,0.09119,1222405.0
2026-02-19 07:15:00,1771485300000,0.09119,0.09146,0.09112,0.09133,654969.0
2026-02-19 07:30:00,1771486200000,0.09133,0.09158,0.09123,0.09149,1681882.0
2026-02-19 07:45:00,1771487100000,0.09149,0.09169,0.09135,0.09155,834413.0
2026-02-19 08:00:00,1771488000000,0.09155,0.09165,0.09116,0.09116,942831.0
2026-02-19 08:15:00,1771488900000,0.09116,0.09127,0.09067,0.09083,1272656.0
2026-02-19 08:30:00,1771489800000,0.09083,0.09084,0.09028,0.09042,2205856.0
2026-02-19 08:45:00,1771490700000,0.09042,0.09074,0.09035,0.09067,1163960.0
2026-02-19 09:00:00,1771491600000,0.09067,0.09087,0.09054,0.09084,711560.0
2026-02-19 09:15:00,1771492500000,0.09084,0.09137,0.09075,0.09135,1503033.0
2026-02-19 09:30:00,1771493400000,0.09135,0.09137,0.09102,0.09137,521593.0
2026-02-19 09:45:00,1771494300000,0.09137,0.0916,0.09105,0.09134,1425581.0
2026-02-19 10:00:00,1771495200000,0.09134,0.09161,0.09097,0.09128,1418094.0
2026-02-19 10:15:00,1771496100000,0.09128,0.09171,0.09123,0.09149,769171.0
2026-02-19 10:30:00,1771497000000,0.09149,0.09183,0.09132,0.09176,963514.0
2026-02-19 10:45:00,1771497900000,0.09176,0.09176,0.09127,0.09149,826558.0
2026-02-19 11:00:00,1771498800000,0.09149,0.09152,0.09138,0.09146,242730.0
2026-02-19 11:15:00,1771499700000,0.09146,0.09162,0.09126,0.09126,432366.0
2026-02-19 11:30:00,1771500600000,0.09126,0.09131,0.09095,0.09127,434484.0
2026-02-19 11:45:00,1771501500000,0.09127,0.09143,0.0911,0.09137,815634.0
2026-02-19 12:00:00,1771502400000,0.09137,0.09156,0.09112,0.09125,1143395.0
2026-02-19 12:15:00,1771503300000,0.09125,0.09146,0.09113,0.09144,803740.0
2026-02-19 12:30:00,1771504200000,0.09144,0.0917,0.09135,0.09157,707286.0
2026-02-19 12:45:00,1771505100000,0.09157,0.09161,0.09138,0.09146,879250.0
2026-02-19 13:00:00,1771506000000,0.09146,0.09147,0.09022,0.09065,2757566.0
2026-02-19 13:15:00,1771506900000,0.09065,0.09077,0.0892,0.08927,4450693.0
2026-02-19 13:30:00,1771507800000,0.08927,0.08953,0.08886,0.08907,2413687.0
2026-02-19 13:45:00,1771508700000,0.08907,0.08936,0.08868,0.08918,2228311.0
2026-02-19 14:00:00,1771509600000,0.08918,0.08948,0.08901,0.08917,1085453.0
2026-02-19 14:15:00,1771510500000,0.08917,0.0895,0.08883,0.08931,811412.0
2026-02-19 14:30:00,1771511400000,0.08931,0.09036,0.08903,0.09028,3893593.0
2026-02-19 14:45:00,1771512300000,0.09028,0.0907,0.08997,0.09023,1907051.0
2026-02-19 15:00:00,1771513200000,0.09023,0.09083,0.08971,0.08987,1985053.0
2026-02-19 15:15:00,1771514100000,0.08987,0.09033,0.08975,0.08999,978221.0
2026-02-19 15:30:00,1771515000000,0.08999,0.09067,0.08981,0.09064,1110917.0
2026-02-19 15:45:00,1771515900000,0.09064,0.09072,0.08997,0.09021,979441.0
2026-02-19 16:00:00,1771516800000,0.09021,0.09027,0.08909,0.08957,3184693.0
2026-02-19 16:15:00,1771517700000,0.08957,0.09048,0.08957,0.08986,2073584.0
2026-02-19 16:30:00,1771518600000,0.08986,0.09056,0.08986,0.09035,838561.0
2026-02-19 16:45:00,1771519500000,0.09035,0.09037,0.08968,0.08983,518575.0
2026-02-19 17:00:00,1771520400000,0.08983,0.09044,0.08962,0.09036,621222.0
2026-02-19 17:15:00,1771521300000,0.09036,0.09137,0.0902,0.09071,2079535.0
2026-02-19 17:30:00,1771522200000,0.09071,0.09079,0.08988,0.09037,2751920.0
2026-02-19 17:45:00,1771523100000,0.09037,0.09042,0.08939,0.08992,2570733.0
2026-02-19 18:00:00,1771524000000,0.08992,0.09025,0.08961,0.09024,923756.0
2026-02-19 18:15:00,1771524900000,0.09024,0.09096,0.08999,0.0909,1058534.0
2026-02-19 18:30:00,1771525800000,0.0909,0.09155,0.09061,0.09154,1680685.0
2026-02-19 18:45:00,1771526700000,0.09154,0.09195,0.09138,0.0916,1692837.0
2026-02-19 19:00:00,1771527600000,0.0916,0.09187,0.09138,0.0915,932759.0
2026-02-19 19:15:00,1771528500000,0.0915,0.09177,0.09116,0.09131,1034694.0
2026-02-19 19:30:00,1771529400000,0.09131,0.09167,0.09104,0.09166,659288.0
2026-02-19 19:45:00,1771530300000,0.09166,0.09243,0.09146,0.09216,1258808.0
2026-02-19 20:00:00,1771531200000,0.09216,0.09277,0.09207,0.09262,1148195.0
2026-02-19 20:15:00,1771532100000,0.09262,0.0935,0.09229,0.09311,2977518.0
2026-02-19 20:30:00,1771533000000,0.09311,0.09338,0.09275,0.0929,2068561.0
2026-02-19 20:45:00,1771533900000,0.0929,0.0934,0.09276,0.09288,1138057.0
2026-02-19 21:00:00,1771534800000,0.09288,0.09337,0.09277,0.09332,1327734.0
2026-02-19 21:15:00,1771535700000,0.09332,0.09343,0.0932,0.09342,517284.0
2026-02-19 21:30:00,1771536600000,0.09342,0.09425,0.09336,0.09358,1342116.0
2026-02-19 21:45:00,1771537500000,0.09358,0.09371,0.09343,0.09358,679384.0
2026-02-19 22:00:00,1771538400000,0.09358,0.09458,0.09347,0.09403,1465563.0
2026-02-19 22:15:00,1771539300000,0.09403,0.09412,0.09351,0.09363,724399.0
2026-02-19 22:30:00,1771540200000,0.09363,0.09373,0.09269,0.09303,1391128.0
2026-02-19 22:45:00,1771541100000,0.09303,0.09368,0.09289,0.09365,422069.0
2026-02-19 23:00:00,1771542000000,0.09365,0.0937,0.09306,0.09325,519614.0
2026-02-19 23:15:00,1771542900000,0.09325,0.09374,0.09321,0.09361,411433.0
2026-02-19 23:30:00,1771543800000,0.09361,0.09397,0.09312,0.09331,581071.0
2026-02-19 23:45:00,1771544700000,0.09331,0.09363,0.09312,0.0936,432922.0
2026-02-20 00:00:00,1771545600000,0.0936,0.09366,0.09307,0.09357,777384.0
2026-02-20 00:15:00,1771546500000,0.09357,0.0939,0.09335,0.09388,948935.0
2026-02-20 00:30:00,1771547400000,0.09388,0.09423,0.09354,0.09418,2527069.0
2026-02-20 00:45:00,1771548300000,0.09418,0.09423,0.09397,0.09416,539590.0
2026-02-20 01:00:00,1771549200000,0.09416,0.09437,0.09401,0.09436,1249811.0
2026-02-20 01:15:00,1771550100000,0.09436,0.09454,0.09369,0.09395,1016086.0
2026-02-20 01:30:00,1771551000000,0.09395,0.09427,0.09394,0.09422,566565.0
2026-02-20 01:45:00,1771551900000,0.09422,0.09497,0.09406,0.09464,1368781.0
2026-02-20 02:00:00,1771552800000,0.09464,0.09493,0.09441,0.09441,1270068.0
2026-02-20 02:15:00,1771553700000,0.09441,0.09441,0.09383,0.09406,944195.0
2026-02-20 02:30:00,1771554600000,0.09406,0.09451,0.09406,0.0943,703267.0
2026-02-20 02:45:00,1771555500000,0.0943,0.09441,0.09348,0.09365,883990.0
2026-02-20 03:00:00,1771556400000,0.09365,0.0939,0.09355,0.09375,415297.0
2026-02-20 03:15:00,1771557300000,0.09375,0.09437,0.09357,0.09425,686239.0
2026-02-20 03:30:00,1771558200000,0.09425,0.09447,0.09413,0.09431,534581.0
2026-02-20 03:45:00,1771559100000,0.09431,0.09432,0.09366,0.09384,1125046.0
2026-02-20 04:00:00,1771560000000,0.09384,0.09384,0.09307,0.09319,1792784.0
2026-02-20 04:15:00,1771560900000,0.09319,0.09324,0.09238,0.09306,1834581.0
2026-02-20 04:30:00,1771561800000,0.09306,0.09378,0.093,0.09361,829237.0
2026-02-20 04:45:00,1771562700000,0.09361,0.09362,0.09324,0.09336,617200.0
2026-02-20 05:00:00,1771563600000,0.09336,0.09346,0.09311,0.09332,638077.0
2026-02-20 05:15:00,1771564500000,0.09332,0.09364,0.0931,0.09353,673986.0
2026-02-20 05:30:00,1771565400000,0.09353,0.09458,0.09353,0.09451,1176900.0
2026-02-20 05:45:00,1771566300000,0.09451,0.09456,0.09394,0.09402,410690.0
2026-02-20 06:00:00,1771567200000,0.09402,0.09409,0.09384,0.09394,640320.0
2026-02-20 06:15:00,1771568100000,0.09394,0.09404,0.0933,0.09365,805446.0
2026-02-20 06:30:00,1771569000000,0.09365,0.09378,0.09345,0.09346,331543.0
2026-02-20 06:45:00,1771569900000,0.09346,0.09384,0.09334,0.0937,594123.0
2026-02-20 07:00:00,1771570800000,0.0937,0.09372,0.09348,0.09364,307361.0
2026-02-20 07:15:00,1771571700000,0.09364,0.09372,0.09335,0.09338,450577.0
2026-02-20 07:30:00,1771572600000,0.09338,0.09338,0.09237,0.09247,1426395.0
2026-02-20 07:45:00,1771573500000,0.09247,0.09264,0.09229,0.09248,819396.0
2026-02-20 08:00:00,1771574400000,0.09248,0.09268,0.09231,0.09262,874531.0
2026-02-20 08:15:00,1771575300000,0.09262,0.09296,0.09258,0.09295,614260.0
2026-02-20 08:30:00,1771576200000,0.09295,0.09312,0.09279,0.09288,479986.0
2026-02-20 08:45:00,1771577100000,0.09288,0.093,0.09266,0.09286,859136.0
2026-02-20 09:00:00,1771578000000,0.09286,0.09359,0.09282,0.09333,977786.0
2026-02-20 09:15:00,1771578900000,0.09333,0.09377,0.09327,0.09357,735537.0
2026-02-20 09:30:00,1771579800000,0.09357,0.09372,0.09309,0.09327,1106978.0
2026-02-20 09:45:00,1771580700000,0.09327,0.09346,0.09315,0.09343,808455.0
2026-02-20 10:00:00,1771581600000,0.09343,0.09409,0.09338,0.09373,804832.0
2026-02-20 10:15:00,1771582500000,0.09373,0.0943,0.09373,0.09427,800800.0
2026-02-20 10:30:00,1771583400000,0.09427,0.09438,0.09381,0.09398,766322.0
2026-02-20 10:45:00,1771584300000,0.09398,0.09398,0.09355,0.09368,533723.0
2026-02-20 11:00:00,1771585200000,0.09368,0.09385,0.0933,0.0936,861046.0
2026-02-20 11:15:00,1771586100000,0.0936,0.09361,0.0931,0.09344,511956.0
2026-02-20 11:30:00,1771587000000,0.09344,0.09354,0.09293,0.09295,805724.0
2026-02-20 11:45:00,1771587900000,0.09295,0.09332,0.09283,0.09312,548430.0
2026-02-20 12:00:00,1771588800000,0.09312,0.0936,0.09298,0.0936,849212.0
2026-02-20 12:15:00,1771589700000,0.0936,0.09413,0.09343,0.09368,1804627.0
2026-02-20 12:30:00,1771590600000,0.09368,0.09391,0.09367,0.0939,670765.0
2026-02-20 12:45:00,1771591500000,0.0939,0.09431,0.09373,0.09397,595425.0
2026-02-20 13:00:00,1771592400000,0.09397,0.09397,0.09317,0.09326,942629.0
2026-02-20 13:15:00,1771593300000,0.09326,0.09381,0.09304,0.09329,858561.0
2026-02-20 13:30:00,1771594200000,0.09329,0.09329,0.09173,0.0922,2908134.0
2026-02-20 13:45:00,1771595100000,0.0922,0.09273,0.09214,0.09233,1432838.0
2026-02-20 14:00:00,1771596000000,0.09233,0.09278,0.0922,0.09256,2094249.0
2026-02-20 14:15:00,1771596900000,0.09256,0.09283,0.09206,0.09206,1609701.0
2026-02-20 14:30:00,1771597800000,0.09206,0.09349,0.09179,0.09336,3058312.0
2026-02-20 14:45:00,1771598700000,0.09336,0.09336,0.09271,0.09279,1291865.0
2026-02-20 15:00:00,1771599600000,0.09279,0.09569,0.09279,0.09369,6588649.0
2026-02-20 15:15:00,1771600500000,0.09369,0.09533,0.09339,0.09526,2385560.0
2026-02-20 15:30:00,1771601400000,0.09526,0.09529,0.09338,0.09368,2423902.0
2026-02-20 15:45:00,1771602300000,0.09368,0.09537,0.09359,0.09537,1858070.0
2026-02-20 16:00:00,1771603200000,0.09537,0.09596,0.09493,0.0958,4436710.0
2026-02-20 16:15:00,1771604100000,0.0958,0.09586,0.09472,0.09472,2748094.0
2026-02-20 16:30:00,1771605000000,0.09472,0.09498,0.09455,0.09472,1128394.0
2026-02-20 16:45:00,1771605900000,0.09472,0.09566,0.09456,0.09543,1239784.0
2026-02-20 17:00:00,1771606800000,0.09543,0.09543,0.09338,0.09338,1328208.0
2026-02-20 17:15:00,1771607700000,0.09338,0.09353,0.09291,0.09328,1819710.0
2026-02-20 17:30:00,1771608600000,0.09328,0.09429,0.09323,0.09414,1189419.0
2026-02-20 17:45:00,1771609500000,0.09414,0.09552,0.09404,0.09546,2630845.0
2026-02-20 18:00:00,1771610400000,0.09546,0.09567,0.09503,0.09534,1640575.0
2026-02-20 18:15:00,1771611300000,0.09534,0.09552,0.09481,0.09513,1484367.0
2026-02-20 18:30:00,1771612200000,0.09513,0.09599,0.09491,0.09541,2451924.0
2026-02-20 18:45:00,1771613100000,0.09541,0.09637,0.09517,0.09586,2113666.0
2026-02-20 19:00:00,1771614000000,0.09586,0.09629,0.09536,0.09554,1029169.0
2026-02-20 19:15:00,1771614900000,0.09554,0.09585,0.09509,0.09523,575005.0
2026-02-20 19:30:00,1771615800000,0.09523,0.09579,0.09495,0.09502,537108.0
2026-02-20 19:45:00,1771616700000,0.09502,0.09519,0.09477,0.0951,490419.0
2026-02-20 20:00:00,1771617600000,0.0951,0.09574,0.09504,0.0957,583754.0
2026-02-20 20:15:00,1771618500000,0.0957,0.09572,0.09455,0.09463,1259758.0
2026-02-20 20:30:00,1771619400000,0.09463,0.09499,0.09433,0.09491,1016803.0
2026-02-20 20:45:00,1771620300000,0.09491,0.09492,0.09447,0.09491,539684.0
2026-02-20 21:00:00,1771621200000,0.09491,0.09507,0.09451,0.09484,754876.0
2026-02-20 21:15:00,1771622100000,0.09484,0.09493,0.09466,0.09482,305819.0
2026-02-20 21:30:00,1771623000000,0.09482,0.09483,0.09447,0.09447,434279.0
2026-02-20 21:45:00,1771623900000,0.09447,0.09458,0.09415,0.09455,1385744.0
2026-02-20 22:00:00,1771624800000,0.09455,0.09463,0.09409,0.09418,887095.0
2026-02-20 22:15:00,1771625700000,0.09418,0.09497,0.09414,0.09492,606200.0
2026-02-20 22:30:00,1771626600000,0.09492,0.09544,0.09477,0.09494,745133.0
2026-02-20 22:45:00,1771627500000,0.09494,0.09564,0.0949,0.09552,339499.0
2026-02-20 23:00:00,1771628400000,0.09552,0.09568,0.09493,0.09515,800094.0
2026-02-20 23:15:00,1771629300000,0.09515,0.09517,0.09482,0.095,483449.0
2026-02-20 23:30:00,1771630200000,0.095,0.09515,0.0949,0.09511,502955.0
2026-02-20 23:45:00,1771631100000,0.09511,0.0953,0.09508,0.0951,375641.0
2026-02-21 00:00:00,1771632000000,0.0951,0.09526,0.09493,0.09526,597104.0
2026-02-21 00:15:00,1771632900000,0.09526,0.09548,0.09502,0.09504,386197.0
2026-02-21 00:30:00,1771633800000,0.09504,0.09506,0.09384,0.09418,878611.0
2026-02-21 00:45:00,1771634700000,0.09418,0.0943,0.09389,0.09403,557177.0
2026-02-21 01:00:00,1771635600000,0.09403,0.09431,0.09403,0.09419,526988.0
2026-02-21 01:15:00,1771636500000,0.09419,0.09435,0.09419,0.0943,274424.0
2026-02-21 01:30:00,1771637400000,0.0943,0.0945,0.0942,0.09444,281650.0
2026-02-21 01:45:00,1771638300000,0.09444,0.09468,0.09436,0.09449,365002.0
2026-02-21 02:00:00,1771639200000,0.09449,0.09453,0.0943,0.09434,358319.0
2026-02-21 02:15:00,1771640100000,0.09434,0.09502,0.09433,0.09502,346405.0
2026-02-21 02:30:00,1771641000000,0.09502,0.0952,0.09474,0.09488,548211.0
2026-02-21 02:45:00,1771641900000,0.09488,0.09489,0.09453,0.09471,838239.0
2026-02-21 03:00:00,1771642800000,0.09471,0.09474,0.09398,0.09417,705559.0
2026-02-21 03:15:00,1771643700000,0.09417,0.09483,0.09409,0.09475,747713.0
2026-02-21 03:30:00,1771644600000,0.09475,0.09498,0.09442,0.0947,842603.0
2026-02-21 03:45:00,1771645500000,0.0947,0.0949,0.09459,0.09477,362352.0
2026-02-21 04:00:00,1771646400000,0.09477,0.09486,0.09451,0.09471,367159.0
2026-02-21 04:15:00,1771647300000,0.09471,0.0949,0.09463,0.0949,223122.0
2026-02-21 04:30:00,1771648200000,0.0949,0.09538,0.09483,0.09522,300310.0
2026-02-21 04:45:00,1771649100000,0.09522,0.09537,0.09509,0.09523,526757.0
2026-02-21 05:00:00,1771650000000,0.09523,0.09728,0.09521,0.09707,3992437.0
2026-02-21 05:15:00,1771650900000,0.09707,0.09768,0.09673,0.09694,2398592.0
2026-02-21 05:30:00,1771651800000,0.09694,0.09705,0.09624,0.09659,1619233.0
2026-02-21 05:45:00,1771652700000,0.09659,0.09659,0.09606,0.09617,626900.0
2026-02-21 06:00:00,1771653600000,0.09617,0.09617,0.09585,0.09609,701249.0
2026-02-21 06:15:00,1771654500000,0.09609,0.09609,0.09575,0.09589,454090.0
2026-02-21 06:30:00,1771655400000,0.09589,0.09605,0.09543,0.09595,726749.0
2026-02-21 06:45:00,1771656300000,0.09595,0.09625,0.09584,0.09588,560396.0
2026-02-21 07:00:00,1771657200000,0.09588,0.09613,0.09582,0.09599,541670.0
2026-02-21 07:15:00,1771658100000,0.09599,0.09624,0.09586,0.09591,187519.0
2026-02-21 07:30:00,1771659000000,0.09591,0.09764,0.09578,0.09687,2624608.0
2026-02-21 07:45:00,1771659900000,0.09687,0.09713,0.09661,0.09678,668479.0
2026-02-21 08:00:00,1771660800000,0.09678,0.09718,0.09668,0.09678,1204119.0
2026-02-21 08:15:00,1771661700000,0.09678,0.09744,0.09678,0.09724,1298566.0
2026-02-21 08:30:00,1771662600000,0.09724,0.09865,0.09716,0.09865,1718198.0
2026-02-21 08:45:00,1771663500000,0.09865,0.10035,0.09798,0.09971,4452419.0
2026-02-21 09:00:00,1771664400000,0.09971,0.10029,0.09953,0.09997,3118686.0
2026-02-21 09:15:00,1771665300000,0.09997,0.10089,0.09978,0.1002,3675730.0
2026-02-21 09:30:00,1771666200000,0.1002,0.10068,0.09965,0.0997,2888760.0
2026-02-21 09:45:00,1771667100000,0.0997,0.09971,0.09901,0.09909,1857519.0
2026-02-21 10:00:00,1771668000000,0.09909,0.09965,0.09896,0.09946,2431243.0
2026-02-21 10:15:00,1771668900000,0.09946,0.10011,0.09929,0.09981,1230373.0
2026-02-21 10:30:00,1771669800000,0.09981,0.10024,0.09955,0.09972,1163488.0
2026-02-21 10:45:00,1771670700000,0.09972,0.10009,0.0994,0.09974,772838.0
2026-02-21 11:00:00,1771671600000,0.09974,0.10008,0.09955,0.0997,1114396.0
2026-02-21 11:15:00,1771672500000,0.0997,0.09972,0.09913,0.09931,881174.0
2026-02-21 11:30:00,1771673400000,0.09931,0.09931,0.09848,0.09856,1581015.0
2026-02-21 11:45:00,1771674300000,0.09856,0.09936,0.09855,0.09885,646018.0
2026-02-21 12:00:00,1771675200000,0.09885,0.099,0.09827,0.09849,1155903.0
2026-02-21 12:15:00,1771676100000,0.09849,0.09859,0.09828,0.0984,571087.0
2026-02-21 12:30:00,1771677000000,0.0984,0.09847,0.0979,0.09836,1498212.0
2026-02-21 12:45:00,1771677900000,0.09836,0.09846,0.09806,0.09827,334949.0
2026-02-21 13:00:00,1771678800000,0.09827,0.09848,0.0981,0.0983,382930.0
2026-02-21 13:15:00,1771679700000,0.0983,0.09883,0.09801,0.09846,1102570.0
2026-02-21 13:30:00,1771680600000,0.09846,0.09852,0.09816,0.09834,774085.0
2026-02-21 13:45:00,1771681500000,0.09834,0.09925,0.09833,0.09922,564795.0
2026-02-21 14:00:00,1771682400000,0.09922,0.09942,0.0991,0.09918,751705.0
2026-02-21 14:15:00,1771683300000,0.09918,0.09967,0.09894,0.09896,2026843.0
2026-02-21 14:30:00,1771684200000,0.09896,0.09949,0.09883,0.09917,3221270.0
2026-02-21 14:45:00,1771685100000,0.09917,0.09942,0.09889,0.09919,844732.0
2026-02-21 15:00:00,1771686000000,0.09919,0.09934,0.09892,0.09909,932759.0
2026-02-21 15:15:00,1771686900000,0.09909,0.10042,0.09891,0.09949,3444326.0
2026-02-21 15:30:00,1771687800000,0.09949,0.10045,0.09919,0.10017,1648087.0
2026-02-21 15:45:00,1771688700000,0.10017,0.10028,0.09968,0.09976,1210358.0
2026-02-21 16:00:00,1771689600000,0.09976,0.09983,0.09819,0.09829,2733761.0
2026-02-21 16:15:00,1771690500000,0.09829,0.09856,0.09795,0.09851,1402720.0
2026-02-21 16:30:00,1771691400000,0.09851,0.09876,0.09816,0.09853,1222439.0
2026-02-21 16:45:00,1771692300000,0.09853,0.09872,0.09831,0.09855,293018.0
2026-02-21 17:00:00,1771693200000,0.09855,0.09868,0.09811,0.09835,776670.0
2026-02-21 17:15:00,1771694100000,0.09835,0.09835,0.09711,0.09758,1957719.0
2026-02-21 17:30:00,1771695000000,0.09758,0.09758,0.09702,0.09727,1386852.0
2026-02-21 17:45:00,1771695900000,0.09727,0.09748,0.09718,0.09731,1126260.0
2026-02-21 18:00:00,1771696800000,0.09731,0.09759,0.09727,0.09727,386686.0
2026-02-21 18:15:00,1771697700000,0.09727,0.09758,0.09726,0.09737,560653.0
2026-02-21 18:30:00,1771698600000,0.09737,0.09753,0.09723,0.09732,769621.0
2026-02-21 18:45:00,1771699500000,0.09732,0.0977,0.09724,0.09744,671228.0
2026-02-21 19:00:00,1771700400000,0.09744,0.09763,0.0974,0.09744,447365.0
2026-02-21 19:15:00,1771701300000,0.09744,0.0975,0.0972,0.0973,412325.0
2026-02-21 19:30:00,1771702200000,0.0973,0.09732,0.09685,0.09697,861325.0
2026-02-21 19:45:00,1771703100000,0.09697,0.09701,0.09666,0.09697,626009.0
2026-02-21 20:00:00,1771704000000,0.09697,0.09705,0.09662,0.09671,723716.0
2026-02-21 20:15:00,1771704900000,0.09671,0.09713,0.09671,0.09707,255592.0
2026-02-21 20:30:00,1771705800000,0.09707,0.09707,0.09648,0.09674,671569.0
2026-02-21 20:45:00,1771706700000,0.09674,0.09684,0.09621,0.09629,937004.0
2026-02-21 21:00:00,1771707600000,0.09629,0.0965,0.09611,0.09641,1228488.0
2026-02-21 21:15:00,1771708500000,0.09641,0.09689,0.09634,0.09674,388187.0
2026-02-21 21:30:00,1771709400000,0.09674,0.09707,0.09667,0.09667,290363.0
2026-02-21 21:45:00,1771710300000,0.09667,0.09692,0.09665,0.09687,277207.0
2026-02-21 22:00:00,1771711200000,0.09687,0.09687,0.09658,0.09678,413273.0
2026-02-21 22:15:00,1771712100000,0.09678,0.09686,0.09661,0.09668,153143.0
2026-02-21 22:30:00,1771713000000,0.09668,0.09675,0.09635,0.09641,297036.0
2026-02-21 22:45:00,1771713900000,0.09641,0.09659,0.09632,0.09641,164959.0
2026-02-21 23:00:00,1771714800000,0.09641,0.09671,0.09623,0.09623,638819.0
2026-02-21 23:15:00,1771715700000,0.09623,0.09692,0.09623,0.09667,724826.0
2026-02-21 23:30:00,1771716600000,0.09667,0.09693,0.09662,0.09677,256396.0
2026-02-21 23:45:00,1771717500000,0.09677,0.09687,0.09657,0.09657,515770.0
2026-02-22 00:00:00,1771718400000,0.09657,0.09657,0.09529,0.0956,2838214.0
2026-02-22 00:15:00,1771719300000,0.0956,0.09581,0.09516,0.09526,959244.0
2026-02-22 00:30:00,1771720200000,0.09526,0.09536,0.0947,0.09481,1431462.0
2026-02-22 00:45:00,1771721100000,0.09481,0.09524,0.09472,0.0952,398369.0
2026-02-22 01:00:00,1771722000000,0.0952,0.09549,0.09514,0.09523,780942.0
2026-02-22 01:15:00,1771722900000,0.09523,0.09542,0.09487,0.09497,406790.0
2026-02-22 01:30:00,1771723800000,0.09497,0.0951,0.09487,0.09497,389218.0
2026-02-22 01:45:00,1771724700000,0.09497,0.09524,0.09497,0.09515,148749.0
2026-02-22 02:00:00,1771725600000,0.09515,0.09562,0.09511,0.09524,1033139.0
2026-02-22 02:15:00,1771726500000,0.09524,0.09586,0.09477,0.09506,1950203.0
2026-02-22 02:30:00,1771727400000,0.09506,0.09523,0.09484,0.09493,405056.0
2026-02-22 02:45:00,1771728300000,0.09493,0.09501,0.0943,0.09441,1012030.0
2026-02-22 03:00:00,1771729200000,0.09441,0.09474,0.09437,0.09471,357498.0
2026-02-22 03:15:00,1771730100000,0.09471,0.09473,0.09336,0.09433,2242327.0
2026-02-22 03:30:00,1771731000000,0.09433,0.09473,0.09423,0.09469,720459.0
2026-02-22 03:45:00,1771731900000,0.09469,0.09469,0.09443,0.09453,284198.0
2026-02-22 04:00:00,1771732800000,0.09453,0.09467,0.09419,0.09443,475468.0
2026-02-22 04:15:00,1771733700000,0.09443,0.09447,0.09358,0.09377,1250462.0
2026-02-22 04:30:00,1771734600000,0.09377,0.09415,0.09376,0.09397,1553407.0
2026-02-22 04:45:00,1771735500000,0.09397,0.09426,0.09396,0.09418,307114.0
2026-02-22 05:00:00,1771736400000,0.09418,0.09441,0.09375,0.09393,1330724.0
2026-02-22 05:15:00,1771737300000,0.09393,0.09428,0.09378,0.09398,924994.0
2026-02-22 05:30:00,1771738200000,0.09398,0.09398,0.0935,0.09356,851557.0
2026-02-22 05:45:00,1771739100000,0.09356,0.09376,0.09338,0.09358,475827.0
2026-02-22 06:00:00,1771740000000,0.09358,0.09373,0.09321,0.09338,821550.0
2026-02-22 06:15:00,1771740900000,0.09338,0.09366,0.09332,0.09347,1836738.0
2026-02-22 06:30:00,1771741800000,0.09347,0.09377,0.09346,0.09374,301254.0
2026-02-22 06:45:00,1771742700000,0.09374,0.09388,0.09366,0.09385,625008.0
2026-02-22 07:00:00,1771743600000,0.09385,0.09418,0.09368,0.09418,677571.0
2026-02-22 07:15:00,1771744500000,0.09418,0.0943,0.09403,0.09419,355790.0
2026-02-22 07:30:00,1771745400000,0.09419,0.09451,0.09419,0.09437,524266.0
2026-02-22 07:45:00,1771746300000,0.09437,0.0945,0.09421,0.09426,441719.0
2026-02-22 08:00:00,1771747200000,0.09426,0.09446,0.0942,0.09442,359231.0
2026-02-22 08:15:00,1771748100000,0.09442,0.09448,0.09401,0.09405,562659.0
2026-02-22 08:30:00,1771749000000,0.09405,0.09411,0.09368,0.09374,608914.0
2026-02-22 08:45:00,1771749900000,0.09374,0.0938,0.09332,0.09333,591422.0
2026-02-22 09:00:00,1771750800000,0.09333,0.09367,0.09322,0.09363,376374.0
2026-02-22 09:15:00,1771751700000,0.09363,0.09388,0.09362,0.09379,313597.0
2026-02-22 09:30:00,1771752600000,0.09379,0.09387,0.09351,0.09372,272825.0
2026-02-22 09:45:00,1771753500000,0.09372,0.09407,0.09364,0.09391,899598.0
2026-02-22 10:00:00,1771754400000,0.09391,0.09397,0.09358,0.09383,922211.0
2026-02-22 10:15:00,1771755300000,0.09383,0.09424,0.09383,0.09407,904119.0
2026-02-22 10:30:00,1771756200000,0.09407,0.09412,0.09376,0.09391,606505.0
2026-02-22 10:45:00,1771757100000,0.09391,0.09391,0.09354,0.09378,595161.0
2026-02-22 11:00:00,1771758000000,0.09378,0.09415,0.0936,0.09395,944764.0
2026-02-22 11:15:00,1771758900000,0.09395,0.09406,0.09355,0.09365,323314.0
2026-02-22 11:30:00,1771759800000,0.09365,0.09368,0.09224,0.09297,2592372.0
2026-02-22 11:45:00,1771760700000,0.09297,0.09302,0.09271,0.09293,1120386.0
2026-02-22 12:00:00,1771761600000,0.09293,0.093,0.09195,0.09209,2155071.0
2026-02-22 12:15:00,1771762500000,0.09209,0.09226,0.09161,0.09208,1944725.0
2026-02-22 12:30:00,1771763400000,0.09208,0.09212,0.09114,0.09136,2029382.0
2026-02-22 12:45:00,1771764300000,0.09136,0.09171,0.09132,0.09152,681985.0
2026-02-22 13:00:00,1771765200000,0.09152,0.09164,0.09101,0.09147,1118828.0
2026-02-22 13:15:00,1771766100000,0.09147,0.09167,0.09139,0.0916,233958.0
2026-02-22 13:30:00,1771767000000,0.0916,0.09179,0.09113,0.09124,1203289.0
2026-02-22 13:45:00,1771767900000,0.09124,0.09149,0.09095,0.09147,2497200.0
2026-02-22 14:00:00,1771768800000,0.09147,0.09156,0.09056,0.09094,2183260.0
2026-02-22 14:15:00,1771769700000,0.09094,0.09107,0.09055,0.09096,637650.0
2026-02-22 14:30:00,1771770600000,0.09096,0.09121,0.09084,0.09089,448285.0
2026-02-22 14:45:00,1771771500000,0.09089,0.09097,0.09067,0.09075,411388.0
2026-02-22 15:00:00,1771772400000,0.09075,0.09085,0.09014,0.09036,916982.0
2026-02-22 15:15:00,1771773300000,0.09036,0.09068,0.08989,0.09063,1294098.0
2026-02-22 15:30:00,1771774200000,0.09063,0.091,0.09061,0.091,730486.0
2026-02-22 15:45:00,1771775100000,0.091,0.09105,0.09068,0.0907,698819.0
2026-02-22 16:00:00,1771776000000,0.0907,0.09084,0.09032,0.09036,535111.0
2026-02-22 16:15:00,1771776900000,0.09036,0.09063,0.09029,0.09029,503047.0
2026-02-22 16:30:00,1771777800000,0.09029,0.09039,0.09008,0.09035,819649.0
2026-02-22 16:45:00,1771778700000,0.09035,0.09053,0.09027,0.09036,295632.0
2026-02-22 17:00:00,1771779600000,0.09036,0.09048,0.09017,0.09025,430144.0
2026-02-22 17:15:00,1771780500000,0.09025,0.0905,0.09009,0.09036,376880.0
2026-02-22 17:30:00,1771781400000,0.09036,0.09037,0.08962,0.08986,1636809.0
2026-02-22 17:45:00,1771782300000,0.08986,0.08996,0.08974,0.08987,1055000.0
2026-02-22 18:00:00,1771783200000,0.08987,0.08997,0.08966,0.08994,478624.0
2026-02-22 18:15:00,1771784100000,0.08994,0.09002,0.08976,0.08983,742410.0
2026-02-22 18:30:00,1771785000000,0.08983,0.08995,0.08978,0.08994,233532.0
2026-02-22 18:45:00,1771785900000,0.08994,0.09,0.08983,0.08987,615769.0
2026-02-22 19:00:00,1771786800000,0.08987,0.08993,0.08966,0.0898,187158.0
2026-02-22 19:15:00,1771787700000,0.0898,0.09001,0.08977,0.08977,302949.0
2026-02-22 19:30:00,1771788600000,0.08977,0.08998,0.08973,0.08997,640226.0
2026-02-22 19:45:00,1771789500000,0.08997,0.09,0.08992,0.08996,462122.0
2026-02-22 20:00:00,1771790400000,0.08996,0.09,0.08973,0.08974,563536.0
2026-02-22 20:15:00,1771791300000,0.08974,0.08999,0.08974,0.08992,427136.0
2026-02-22 20:30:00,1771792200000,0.08992,0.08998,0.08976,0.08986,400209.0
2026-02-22 20:45:00,1771793100000,0.08986,0.08993,0.08914,0.08925,1985682.0
2026-02-22 21:00:00,1771794000000,0.08925,0.08955,0.08925,0.08936,635714.0
2026-02-22 21:15:00,1771794900000,0.08936,0.08955,0.08825,0.08878,2038017.0
2026-02-22 21:30:00,1771795800000,0.08878,0.08927,0.08859,0.08926,1167270.0
2026-02-22 21:45:00,1771796700000,0.08926,0.08952,0.08896,0.08938,1170869.0
2026-02-22 22:00:00,1771797600000,0.08938,0.08952,0.08927,0.08934,830845.0
2026-02-22 22:15:00,1771798500000,0.08934,0.08989,0.08933,0.08971,586214.0
2026-02-22 22:30:00,1771799400000,0.08971,0.08998,0.08962,0.08995,505448.0
2026-02-22 22:45:00,1771800300000,0.08995,0.09015,0.08991,0.08995,941842.0
2026-02-22 23:00:00,1771801200000,0.08995,0.09,0.08943,0.08943,849192.0
2026-02-22 23:15:00,1771802100000,0.08943,0.08949,0.08913,0.08931,997163.0
2026-02-22 23:30:00,1771803000000,0.08931,0.08948,0.08911,0.08911,843817.0
2026-02-22 23:45:00,1771803900000,0.08911,0.08971,0.08903,0.08946,929697.0
2026-02-23 00:00:00,1771804800000,0.08946,0.08959,0.0894,0.08955,1028541.0
2026-02-23 00:15:00,1771805700000,0.08955,0.08962,0.08904,0.08912,825448.0
2026-02-23 00:30:00,1771806600000,0.08912,0.08913,0.08851,0.08869,1875202.0
2026-02-23 00:45:00,1771807500000,0.08869,0.08923,0.08837,0.08848,1489594.0
2026-02-23 01:00:00,1771808400000,0.08848,0.08848,0.0817,0.08428,60944281.0
2026-02-23 01:15:00,1771809300000,0.08428,0.0843,0.08254,0.08286,9544711.0
2026-02-23 01:30:00,1771810200000,0.08286,0.08367,0.08268,0.08306,3382075.0
2026-02-23 01:45:00,1771811100000,0.08306,0.08324,0.08214,0.08237,7407386.0
2026-02-23 02:00:00,1771812000000,0.08237,0.08294,0.08195,0.08267,3153159.0
2026-02-23 02:15:00,1771812900000,0.08267,0.08365,0.08267,0.08304,3704208.0
2026-02-23 02:30:00,1771813800000,0.08304,0.08317,0.08292,0.08315,14764667.0
2026-02-23 02:45:00,1771814700000,0.08315,0.08362,0.08314,0.08342,10632065.0
2026-02-23 03:00:00,1771815600000,0.08342,0.08383,0.08304,0.08311,2481348.0
2026-02-23 03:15:00,1771816500000,0.08311,0.08315,0.08253,0.08253,2374344.0
2026-02-23 03:30:00,1771817400000,0.08253,0.08291,0.08228,0.08278,2947032.0
2026-02-23 03:45:00,1771818300000,0.08278,0.08303,0.08276,0.08283,6844699.0
2026-02-23 04:00:00,1771819200000,0.08283,0.08303,0.08272,0.08295,4699121.0
2026-02-23 04:15:00,1771820100000,0.08295,0.08297,0.08263,0.08268,2422551.0
2026-02-23 04:30:00,1771821000000,0.08268,0.08282,0.08247,0.08257,1031752.0
2026-02-23 04:45:00,1771821900000,0.08257,0.08266,0.08248,0.0825,632758.0
2026-02-23 05:00:00,1771822800000,0.0825,0.08303,0.0825,0.08294,7456228.0
2026-02-23 05:15:00,1771823700000,0.08294,0.08388,0.08294,0.08375,13742191.0
2026-02-23 05:30:00,1771824600000,0.08375,0.08384,0.08344,0.08361,2977651.0
2026-02-23 05:45:00,1771825500000,0.08361,0.08375,0.08345,0.08352,995439.0
2026-02-23 06:00:00,1771826400000,0.08352,0.08398,0.08348,0.0839,4862152.0
2026-02-23 06:15:00,1771827300000,0.0839,0.08437,0.08379,0.08394,4932195.0
2026-02-23 06:30:00,1771828200000,0.08394,0.08401,0.0837,0.08382,1925029.0
2026-02-23 06:45:00,1771829100000,0.08382,0.08455,0.08375,0.08444,3431842.0
2026-02-23 07:00:00,1771830000000,0.08444,0.08449,0.08404,0.08436,1847582.0
2026-02-23 07:15:00,1771830900000,0.08436,0.08449,0.08415,0.0843,1282482.0
2026-02-23 07:30:00,1771831800000,0.0843,0.08475,0.08416,0.08458,1294149.0
2026-02-23 07:45:00,1771832700000,0.08458,0.08465,0.08443,0.08454,743611.0
2026-02-23 08:00:00,1771833600000,0.08454,0.08457,0.0842,0.08455,1695681.0
2026-02-23 08:15:00,1771834500000,0.08455,0.08475,0.08452,0.08459,1159472.0
2026-02-23 08:30:00,1771835400000,0.08459,0.08464,0.08413,0.08426,1157581.0
2026-02-23 08:45:00,1771836300000,0.08426,0.08444,0.08415,0.08429,883608.0
2026-02-23 09:00:00,1771837200000,0.08429,0.0846,0.08429,0.08441,884413.0
2026-02-23 09:15:00,1771838100000,0.08441,0.08583,0.08439,0.08522,6297599.0
2026-02-23 09:30:00,1771839000000,0.08522,0.08731,0.08522,0.08709,3699942.0
2026-02-23 09:45:00,1771839900000,0.08709,0.08821,0.08709,0.08821,2439194.0
2026-02-23 10:00:00,1771840800000,0.08821,0.0885,0.08789,0.08791,2157342.0
2026-02-23 10:15:00,1771841700000,0.08791,0.08814,0.08746,0.08761,2091694.0
2026-02-23 10:30:00,1771842600000,0.08761,0.08771,0.08711,0.08718,3314561.0
2026-02-23 10:45:00,1771843500000,0.08718,0.08738,0.08687,0.08695,1629065.0
2026-02-23 11:00:00,1771844400000,0.08695,0.08713,0.08688,0.08713,763680.0
2026-02-23 11:15:00,1771845300000,0.08713,0.08743,0.08703,0.08725,812883.0
2026-02-23 11:30:00,1771846200000,0.08725,0.08785,0.08719,0.08765,1019619.0
2026-02-23 11:45:00,1771847100000,0.08765,0.08795,0.08752,0.08787,907121.0
2026-02-23 12:00:00,1771848000000,0.08787,0.08787,0.08752,0.08762,610729.0
2026-02-23 12:15:00,1771848900000,0.08762,0.08762,0.08708,0.08711,998913.0
2026-02-23 12:30:00,1771849800000,0.08711,0.08812,0.08677,0.08797,2046242.0
2026-02-23 12:45:00,1771850700000,0.08797,0.08805,0.08749,0.08772,901862.0
2026-02-23 13:00:00,1771851600000,0.08772,0.08772,0.08724,0.08733,1625156.0
2026-02-23 13:15:00,1771852500000,0.08733,0.08759,0.087,0.08755,1230190.0
2026-02-23 13:30:00,1771853400000,0.08755,0.08805,0.08728,0.08801,1093154.0
2026-02-23 13:45:00,1771854300000,0.08801,0.08817,0.08717,0.08727,1102795.0
2026-02-23 14:00:00,1771855200000,0.08727,0.08783,0.08679,0.08715,2428175.0
2026-02-23 14:15:00,1771856100000,0.08715,0.08715,0.08611,0.08631,1936893.0
2026-02-23 14:30:00,1771857000000,0.08631,0.08708,0.08628,0.087,2623048.0
2026-02-23 14:45:00,1771857900000,0.087,0.08757,0.08676,0.08716,2387541.0
2026-02-23 15:00:00,1771858800000,0.08716,0.08786,0.08671,0.08693,3234478.0
2026-02-23 15:15:00,1771859700000,0.08693,0.08736,0.08661,0.08698,1349053.0
2026-02-23 15:30:00,1771860600000,0.08698,0.08747,0.08682,0.08723,1236174.0
2026-02-23 15:45:00,1771861500000,0.08723,0.08743,0.08657,0.08665,850559.0
2026-02-23 16:00:00,1771862400000,0.08665,0.08749,0.08609,0.08642,2598377.0
2026-02-23 16:15:00,1771863300000,0.08642,0.08847,0.08636,0.08803,2652884.0
2026-02-23 16:30:00,1771864200000,0.08803,0.08824,0.08767,0.08807,2148113.0
2026-02-23 16:45:00,1771865100000,0.08807,0.0882,0.08742,0.08765,1039236.0
2026-02-23 17:00:00,1771866000000,0.08765,0.08777,0.08677,0.08681,970867.0
2026-02-23 17:15:00,1771866900000,0.08681,0.08712,0.08555,0.08587,3012998.0
2026-02-23 17:30:00,1771867800000,0.08587,0.08634,0.08531,0.08603,3889757.0
2026-02-23 17:45:00,1771868700000,0.08603,0.08667,0.08548,0.08667,1787795.0
2026-02-23 18:00:00,1771869600000,0.08667,0.08704,0.08627,0.08672,1790947.0
2026-02-23 18:15:00,1771870500000,0.08672,0.08734,0.08646,0.08704,1245688.0
2026-02-23 18:30:00,1771871400000,0.08704,0.08828,0.08697,0.08765,1781143.0
2026-02-23 18:45:00,1771872300000,0.08765,0.08819,0.08701,0.08712,2604240.0
2026-02-23 19:00:00,1771873200000,0.08712,0.08738,0.08695,0.08697,829662.0
2026-02-23 19:15:00,1771874100000,0.08697,0.08706,0.08646,0.08673,838974.0
2026-02-23 19:30:00,1771875000000,0.08673,0.08707,0.08664,0.08696,720636.0
2026-02-23 19:45:00,1771875900000,0.08696,0.08715,0.08631,0.08641,1396017.0
2026-02-23 20:00:00,1771876800000,0.08641,0.0867,0.08635,0.08652,919608.0
2026-02-23 20:15:00,1771877700000,0.08652,0.08671,0.08617,0.08634,1063640.0
2026-02-23 20:30:00,1771878600000,0.08634,0.08715,0.08628,0.08691,1568389.0
2026-02-23 20:45:00,1771879500000,0.08691,0.08735,0.08673,0.08727,1166841.0
2026-02-23 21:00:00,1771880400000,0.08727,0.08771,0.08714,0.0876,978731.0
2026-02-23 21:15:00,1771881300000,0.0876,0.08765,0.08723,0.08741,501605.0
2026-02-23 21:30:00,1771882200000,0.08741,0.08787,0.08704,0.08755,927947.0
2026-02-23 21:45:00,1771883100000,0.08755,0.08814,0.08751,0.08814,403186.0
2026-02-23 22:00:00,1771884000000,0.08814,0.0901,0.08797,0.08946,6217955.0
2026-02-23 22:15:00,1771884900000,0.08946,0.08954,0.08866,0.08887,964631.0
2026-02-23 22:30:00,1771885800000,0.08887,0.0889,0.08867,0.0888,389864.0
2026-02-23 22:45:00,1771886700000,0.0888,0.08892,0.0882,0.08832,564285.0
2026-02-23 23:00:00,1771887600000,0.08832,0.08833,0.0879,0.08794,1068153.0
2026-02-23 23:15:00,1771888500000,0.08794,0.08803,0.08777,0.08785,748152.0
2026-02-23 23:30:00,1771889400000,0.08785,0.08793,0.08718,0.0872,1017406.0
2026-02-23 23:45:00,1771890300000,0.0872,0.08731,0.08679,0.08691,2356157.0
2026-02-24 00:00:00,1771891200000,0.08691,0.0874,0.08674,0.08685,4652557.0
2026-02-24 00:15:00,1771892100000,0.08685,0.08762,0.08684,0.08745,3811873.0
2026-02-24 00:30:00,1771893000000,0.08745,0.08802,0.08735,0.08792,1004460.0
2026-02-24 00:45:00,1771893900000,0.08792,0.0881,0.08762,0.08767,739832.0
2026-02-24 01:00:00,1771894800000,0.08767,0.08772,0.08679,0.08688,2576980.0
2026-02-24 01:15:00,1771895700000,0.08688,0.08792,0.08542,0.08765,11882174.0
2026-02-24 01:30:00,1771896600000,0.08765,0.08802,0.08714,0.08728,2102651.0
2026-02-24 01:45:00,1771897500000,0.08728,0.08758,0.08709,0.08713,1248710.0
2026-02-24 02:00:00,1771898400000,0.08713,0.0879,0.08685,0.08723,2440511.0
2026-02-24 02:15:00,1771899300000,0.08723,0.08745,0.08685,0.08697,1109363.0
2026-02-24 02:30:00,1771900200000,0.08697,0.08729,0.08644,0.08645,876045.0
2026-02-24 02:45:00,1771901100000,0.08645,0.08657,0.08616,0.08635,1073430.0
2026-02-24 03:00:00,1771902000000,0.08635,0.08635,0.08555,0.08587,1865136.0
2026-02-24 03:15:00,1771902900000,0.08587,0.08616,0.08564,0.08588,1185772.0
2026-02-24 03:30:00,1771903800000,0.08588,0.08612,0.08579,0.08594,624553.0
2026-02-24 03:45:00,1771904700000,0.08594,0.0862,0.08549,0.08601,1089311.0
2026-02-24 04:00:00,1771905600000,0.08601,0.08625,0.08534,0.08534,1847808.0
2026-02-24 04:15:00,1771906500000,0.08534,0.08612,0.08511,0.08584,4175859.0
2026-02-24 04:30:00,1771907400000,0.08584,0.08587,0.08535,0.08554,1673136.0
2026-02-24 04:45:00,1771908300000,0.08554,0.08566,0.08531,0.08552,1006527.0
2026-02-24 05:00:00,1771909200000,0.08552,0.08626,0.08549,0.08588,1327750.0
2026-02-24 05:15:00,1771910100000,0.08588,0.08589,0.08482,0.08489,2446545.0
2026-02-24 05:30:00,1771911000000,0.08489,0.08515,0.08433,0.08473,2142450.0
2026-02-24 05:45:00,1771911900000,0.08473,0.08534,0.08469,0.08526,2473503.0
2026-02-24 06:00:00,1771912800000,0.08526,0.08549,0.08503,0.08526,906098.0
2026-02-24 06:15:00,1771913700000,0.08526,0.08554,0.08522,0.08533,425972.0
2026-02-24 06:30:00,1771914600000,0.08533,0.08533,0.085,0.0851,713732.0
2026-02-24 06:45:00,1771915500000,0.0851,0.08513,0.08455,0.08474,1250188.0
2026-02-24 07:00:00,1771916400000,0.08474,0.08528,0.08456,0.08517,1806526.0
2026-02-24 07:15:00,1771917300000,0.08517,0.08517,0.08467,0.08498,1290813.0
2026-02-24 07:30:00,1771918200000,0.08498,0.08514,0.08486,0.08494,427641.0
2026-02-24 07:45:00,1771919100000,0.08494,0.08538,0.08485,0.08538,712292.0
2026-02-24 08:00:00,1771920000000,0.08538,0.08564,0.08508,0.08547,1105369.0
2026-02-24 08:15:00,1771920900000,0.08547,0.08632,0.08535,0.08628,975443.0
2026-02-24 08:30:00,1771921800000,0.08628,0.08634,0.08595,0.08613,927557.0
2026-02-24 08:45:00,1771922700000,0.08613,0.08644,0.08604,0.08623,587869.0
2026-02-24 09:00:00,1771923600000,0.08623,0.0863,0.08576,0.08587,1010469.0
2026-02-24 09:15:00,1771924500000,0.08587,0.0859,0.0849,0.08506,1684662.0
2026-02-24 09:30:00,1771925400000,0.08506,0.08534,0.08475,0.08511,2149424.0
2026-02-24 09:45:00,1771926300000,0.08511,0.08543,0.08476,0.08543,1058024.0
2026-02-24 10:00:00,1771927200000,0.08543,0.08546,0.08507,0.08513,581282.0
2026-02-24 10:15:00,1771928100000,0.08513,0.08542,0.08497,0.08526,606165.0
2026-02-24 10:30:00,1771929000000,0.08526,0.08547,0.08512,0.08519,830554.0
2026-02-24 10:45:00,1771929900000,0.08519,0.08545,0.08492,0.08531,856190.0
2026-02-24 11:00:00,1771930800000,0.08531,0.08544,0.08515,0.08523,622511.0
2026-02-24 11:15:00,1771931700000,0.08523,0.08541,0.08519,0.08531,552938.0
2026-02-24 11:30:00,1771932600000,0.08531,0.08542,0.08505,0.0853,715342.0
2026-02-24 11:45:00,1771933500000,0.0853,0.08532,0.08511,0.08531,459873.0
2026-02-24 12:00:00,1771934400000,0.08531,0.08541,0.08514,0.08534,612991.0
2026-02-24 12:15:00,1771935300000,0.08534,0.08569,0.08521,0.08558,688539.0
2026-02-24 12:30:00,1771936200000,0.08558,0.08588,0.08536,0.0855,1008700.0
2026-02-24 12:45:00,1771937100000,0.0855,0.0855,0.08501,0.08508,731905.0
2026-02-24 13:00:00,1771938000000,0.08508,0.08525,0.08484,0.08505,1190098.0
2026-02-24 13:15:00,1771938900000,0.08505,0.08505,0.08461,0.08463,1173326.0
2026-02-24 13:30:00,1771939800000,0.08463,0.08539,0.08405,0.08529,2938068.0
2026-02-24 13:45:00,1771940700000,0.08529,0.08556,0.08506,0.08516,1179842.0
2026-02-24 14:00:00,1771941600000,0.08516,0.08551,0.08489,0.08531,1551796.0
2026-02-24 14:15:00,1771942500000,0.08531,0.08574,0.08507,0.08556,5412760.0
2026-02-24 14:30:00,1771943400000,0.08556,0.08641,0.08515,0.0861,7463336.0
2026-02-24 14:45:00,1771944300000,0.0861,0.08704,0.08581,0.08658,4329608.0
2026-02-24 15:00:00,1771945200000,0.08658,0.08722,0.08604,0.08719,3040739.0
2026-02-24 15:15:00,1771946100000,0.08719,0.08865,0.08715,0.08791,11142163.0
2026-02-24 15:30:00,1771947000000,0.08791,0.08791,0.08688,0.08705,2849676.0
2026-02-24 15:45:00,1771947900000,0.08705,0.0873,0.08675,0.08706,1715369.0
2026-02-24 16:00:00,1771948800000,0.08706,0.08772,0.08693,0.08746,1930075.0
2026-02-24 16:15:00,1771949700000,0.08746,0.08754,0.08695,0.08707,1409196.0
2026-02-24 16:30:00,1771950600000,0.08707,0.0875,0.08655,0.08726,1997273.0
2026-02-24 16:45:00,1771951500000,0.08726,0.08787,0.08695,0.0878,1335084.0
2026-02-24 17:00:00,1771952400000,0.0878,0.08806,0.08754,0.08798,872875.0
2026-02-24 17:15:00,1771953300000,0.08798,0.08798,0.0877,0.08779,730727.0
2026-02-24 17:30:00,1771954200000,0.08779,0.0878,0.08731,0.08735,592403.0
2026-02-24 17:45:00,1771955100000,0.08735,0.08757,0.08718,0.08736,539076.0
2026-02-24 18:00:00,1771956000000,0.08736,0.08764,0.08697,0.08707,776150.0
2026-02-24 18:15:00,1771956900000,0.08707,0.08757,0.08699,0.08731,801758.0
2026-02-24 18:30:00,1771957800000,0.08731,0.08773,0.08726,0.0875,650830.0
2026-02-24 18:45:00,1771958700000,0.0875,0.08762,0.08723,0.08737,401978.0
2026-02-24 19:00:00,1771959600000,0.08737,0.08783,0.08706,0.0871,605785.0
2026-02-24 19:15:00,1771960500000,0.0871,0.08719,0.08689,0.08704,518999.0
2026-02-24 19:30:00,1771961400000,0.08704,0.08759,0.08702,0.08755,463171.0
2026-02-24 19:45:00,1771962300000,0.08755,0.08755,0.08729,0.08736,368230.0
2026-02-24 20:00:00,1771963200000,0.08736,0.08764,0.08734,0.08749,316984.0
2026-02-24 20:15:00,1771964100000,0.08749,0.08779,0.08749,0.08777,358775.0
2026-02-24 20:30:00,1771965000000,0.08777,0.08866,0.08776,0.08845,1949186.0
2026-02-24 20:45:00,1771965900000,0.08845,0.08865,0.08801,0.08816,1279185.0
2026-02-24 21:00:00,1771966800000,0.08816,0.08816,0.08738,0.08742,1067796.0
2026-02-24 21:15:00,1771967700000,0.08742,0.08757,0.08712,0.08725,1682566.0
2026-02-24 21:30:00,1771968600000,0.08725,0.08749,0.08722,0.08726,626409.0
2026-02-24 21:45:00,1771969500000,0.08726,0.08747,0.08712,0.08745,671549.0
2026-02-24 22:00:00,1771970400000,0.08745,0.088,0.08713,0.08788,1323516.0
2026-02-24 22:15:00,1771971300000,0.08788,0.0879,0.08746,0.08768,304449.0
2026-02-24 22:30:00,1771972200000,0.08768,0.08769,0.0873,0.08734,300137.0
2026-02-24 22:45:00,1771973100000,0.08734,0.08761,0.08719,0.08759,447263.0
2026-02-24 23:00:00,1771974000000,0.08759,0.08759,0.08663,0.08729,1608122.0
2026-02-24 23:15:00,1771974900000,0.08729,0.08753,0.08719,0.08748,223501.0
2026-02-24 23:30:00,1771975800000,0.08748,0.08759,0.08712,0.08722,336577.0
2026-02-24 23:45:00,1771976700000,0.08722,0.08724,0.08693,0.08695,435817.0
2026-02-25 00:00:00,1771977600000,0.08695,0.08706,0.08685,0.08689,529031.0
2026-02-25 00:15:00,1771978500000,0.08689,0.08708,0.08656,0.08656,1061740.0
2026-02-25 00:30:00,1771979400000,0.08656,0.08718,0.08654,0.08718,653620.0
2026-02-25 00:45:00,1771980300000,0.08718,0.08719,0.08693,0.08694,539575.0
2026-02-25 01:00:00,1771981200000,0.08694,0.08968,0.08694,0.08956,6095502.0
2026-02-25 01:15:00,1771982100000,0.08956,0.09054,0.08907,0.08998,3752407.0
2026-02-25 01:30:00,1771983000000,0.08998,0.09014,0.08936,0.08941,2052781.0
2026-02-25 01:45:00,1771983900000,0.08941,0.08975,0.08933,0.08965,1756421.0
2026-02-25 02:00:00,1771984800000,0.08965,0.09022,0.08947,0.08992,2239550.0
2026-02-25 02:15:00,1771985700000,0.08992,0.08998,0.08952,0.0899,893592.0
2026-02-25 02:30:00,1771986600000,0.0899,0.08994,0.08927,0.08957,734805.0
2026-02-25 02:45:00,1771987500000,0.08957,0.08965,0.08916,0.08923,570319.0
2026-02-25 03:00:00,1771988400000,0.08923,0.08934,0.08868,0.08872,984152.0
2026-02-25 03:15:00,1771989300000,0.08872,0.08874,0.08808,0.08809,1228101.0
2026-02-25 03:30:00,1771990200000,0.08809,0.0882,0.08765,0.08769,920449.0
2026-02-25 03:45:00,1771991100000,0.08769,0.08782,0.08737,0.08743,522343.0
2026-02-25 04:00:00,1771992000000,0.08743,0.08743,0.08682,0.08704,1728187.0
2026-02-25 04:15:00,1771992900000,0.08704,0.08752,0.08675,0.08739,1461478.0
2026-02-25 04:30:00,1771993800000,0.08739,0.08805,0.08736,0.08795,847939.0
2026-02-25 04:45:00,1771994700000,0.08795,0.08813,0.08759,0.0878,924383.0
2026-02-25 05:00:00,1771995600000,0.0878,0.08794,0.08763,0.08763,628407.0
2026-02-25 05:15:00,1771996500000,0.08763,0.08767,0.08715,0.08731,856118.0
2026-02-25 05:30:00,1771997400000,0.08731,0.0875,0.0864,0.08678,1607594.0
2026-02-25 05:45:00,1771998300000,0.08678,0.08704,0.08669,0.08692,476204.0
2026-02-25 06:00:00,1771999200000,0.08692,0.08723,0.08691,0.08717,478910.0
2026-02-25 06:15:00,1772000100000,0.08717,0.08739,0.08705,0.08723,254398.0
2026-02-25 06:30:00,1772001000000,0.08723,0.08752,0.08717,0.08736,644181.0
2026-02-25 06:45:00,1772001900000,0.08736,0.08736,0.08685,0.08691,526088.0
2026-02-25 07:00:00,1772002800000,0.08691,0.08713,0.08673,0.08688,443211.0
2026-02-25 07:15:00,1772003700000,0.08688,0.08713,0.08679,0.08711,447146.0
2026-02-25 07:30:00,1772004600000,0.08711,0.0874,0.08706,0.08719,438395.0
2026-02-25 07:45:00,1772005500000,0.08719,0.08762,0.08719,0.08761,446423.0
2026-02-25 08:00:00,1772006400000,0.08761,0.08761,0.08712,0.08743,909416.0
2026-02-25 08:15:00,1772007300000,0.08743,0.08768,0.08728,0.0874,588623.0
2026-02-25 08:30:00,1772008200000,0.0874,0.08768,0.08738,0.08752,712449.0
2026-02-25 08:45:00,1772009100000,0.08752,0.08808,0.08744,0.08805,838037.0
2026-02-25 09:00:00,1772010000000,0.08805,0.0886,0.08791,0.08847,1004001.0
2026-02-25 09:15:00,1772010900000,0.08847,0.08881,0.08831,0.0885,1561867.0
2026-02-25 09:30:00,1772011800000,0.0885,0.08855,0.08821,0.08821,386398.0
2026-02-25 09:45:00,1772012700000,0.08821,0.08854,0.08821,0.08842,1353735.0
2026-02-25 10:00:00,1772013600000,0.08842,0.08888,0.08836,0.08883,1176045.0
2026-02-25 10:15:00,1772014500000,0.08883,0.08908,0.08865,0.0889,818822.0
2026-02-25 10:30:00,1772015400000,0.0889,0.0891,0.08871,0.08899,614637.0
2026-02-25 10:45:00,1772016300000,0.08899,0.08939,0.08872,0.08883,843222.0
2026-02-25 11:00:00,1772017200000,0.08883,0.08885,0.08851,0.08852,827001.0
2026-02-25 11:15:00,1772018100000,0.08852,0.08919,0.08845,0.08865,611158.0
2026-02-25 11:30:00,1772019000000,0.08865,0.089,0.08852,0.08898,649917.0
2026-02-25 11:45:00,1772019900000,0.08898,0.0892,0.08888,0.08898,703282.0
2026-02-25 12:00:00,1772020800000,0.08898,0.08917,0.08884,0.08908,893507.0
2026-02-25 12:15:00,1772021700000,0.08908,0.08992,0.0889,0.0898,1843934.0
2026-02-25 12:30:00,1772022600000,0.0898,0.0905,0.08955,0.08986,5413216.0
2026-02-25 12:45:00,1772023500000,0.08986,0.09059,0.08984,0.09033,2701457.0
2026-02-25 13:00:00,1772024400000,0.09033,0.09059,0.08977,0.08984,2463014.0
2026-02-25 13:15:00,1772025300000,0.08984,0.09,0.08951,0.08996,1127658.0
2026-02-25 13:30:00,1772026200000,0.08996,0.09068,0.08992,0.09046,985435.0
2026-02-25 13:45:00,1772027100000,0.09046,0.09136,0.09046,0.09083,2403170.0
2026-02-25 14:00:00,1772028000000,0.09083,0.09166,0.09077,0.09148,2540948.0
2026-02-25 14:15:00,1772028900000,0.09148,0.09155,0.09107,0.09121,1190387.0
2026-02-25 14:30:00,1772029800000,0.09121,0.09151,0.09078,0.09125,2549564.0
2026-02-25 14:45:00,1772030700000,0.09125,0.093,0.09125,0.09294,4965126.0
2026-02-25 15:00:00,1772031600000,0.09294,0.09386,0.09281,0.09338,11673119.0
2026-02-25 15:15:00,1772032500000,0.09338,0.09444,0.09338,0.09414,4536583.0
2026-02-25 15:30:00,1772033400000,0.09414,0.09482,0.09395,0.0945,3135598.0
2026-02-25 15:45:00,1772034300000,0.0945,0.09465,0.09375,0.09405,2022615.0
2026-02-25 16:00:00,1772035200000,0.09405,0.0948,0.09392,0.09449,2525483.0
2026-02-25 16:15:00,1772036100000,0.09449,0.09538,0.09435,0.09509,2749794.0
2026-02-25 16:30:00,1772037000000,0.09509,0.0952,0.09456,0.09496,1637399.0
2026-02-25 16:45:00,1772037900000,0.09496,0.09563,0.09483,0.09548,1879374.0
2026-02-25 17:00:00,1772038800000,0.09548,0.09933,0.09538,0.0991,9407800.0
2026-02-25 17:15:00,1772039700000,0.0991,0.09988,0.09824,0.09854,6241526.0
2026-02-25 17:30:00,1772040600000,0.09854,0.09859,0.09738,0.0982,4584042.0
2026-02-25 17:45:00,1772041500000,0.0982,0.09945,0.09795,0.0993,3397502.0
2026-02-25 18:00:00,1772042400000,0.0993,0.1009,0.0988,0.10081,4187558.0
2026-02-25 18:15:00,1772043300000,0.10081,0.10222,0.10039,0.10169,5304263.0
2026-02-25 18:30:00,1772044200000,0.10169,0.10318,0.10145,0.10281,5237312.0
2026-02-25 18:45:00,1772045100000,0.10281,0.10307,0.10193,0.10282,4010306.0
2026-02-25 19:00:00,1772046000000,0.10282,0.1045,0.10281,0.10436,7642131.0
2026-02-25 19:15:00,1772046900000,0.10436,0.10545,0.10395,0.1048,5454673.0
2026-02-25 19:30:00,1772047800000,0.1048,0.1083,0.1048,0.10823,10196611.0
2026-02-25 19:45:00,1772048700000,0.10823,0.1092,0.10732,0.10873,9706444.0
2026-02-25 20:00:00,1772049600000,0.10873,0.10928,0.10527,0.10813,12217710.0
2026-02-25 20:15:00,1772050500000,0.10813,0.1089,0.10527,0.10608,9864232.0
2026-02-25 20:30:00,1772051400000,0.10608,0.10873,0.10604,0.10763,7912486.0
2026-02-25 20:45:00,1772052300000,0.10763,0.10948,0.107,0.10862,6091175.0
2026-02-25 21:00:00,1772053200000,0.10862,0.111,0.10726,0.1101,12655059.0
2026-02-25 21:15:00,1772054100000,0.1101,0.1128,0.11003,0.11137,12752466.0
2026-02-25 21:30:00,1772055000000,0.11137,0.11552,0.11111,0.11325,22579101.0
2026-02-25 21:45:00,1772055900000,0.11325,0.11326,0.10928,0.11044,14315763.0
2026-02-25 22:00:00,1772056800000,0.11044,0.11172,0.10844,0.1094,6753195.0
2026-02-25 22:15:00,1772057700000,0.1094,0.10959,0.1077,0.10782,3598974.0
2026-02-25 22:30:00,1772058600000,0.10782,0.108,0.10502,0.1065,8717783.0
2026-02-25 22:45:00,1772059500000,0.1065,0.10755,0.10586,0.10622,5298970.0
2026-02-25 23:00:00,1772060400000,0.10622,0.1073,0.10605,0.10615,3397695.0
2026-02-25 23:15:00,1772061300000,0.10615,0.10615,0.10386,0.10395,5318358.0
2026-02-25 23:30:00,1772062200000,0.10395,0.10435,0.10166,0.10187,11000657.0
2026-02-25 23:45:00,1772063100000,0.10187,0.10364,0.10184,0.10341,5869436.0
2026-02-26 00:00:00,1772064000000,0.10341,0.10421,0.10223,0.10259,6039257.0
2026-02-26 00:15:00,1772064900000,0.10259,0.10308,0.10205,0.10264,2973003.0
2026-02-26 00:30:00,1772065800000,0.10264,0.10306,0.10101,0.10172,4047386.0
2026-02-26 00:45:00,1772066700000,0.10172,0.10216,0.10107,0.10147,1639436.0
2026-02-26 01:00:00,1772067600000,0.10147,0.10247,0.10095,0.10216,2648101.0
2026-02-26 01:15:00,1772068500000,0.10216,0.1026,0.1017,0.10199,1476936.0
2026-02-26 01:30:00,1772069400000,0.10199,0.10213,0.10114,0.10141,1420687.0
2026-02-26 01:45:00,1772070300000,0.10141,0.10191,0.10119,0.10136,1403554.0
2026-02-26 02:00:00,1772071200000,0.10136,0.1015,0.10067,0.10108,1431100.0
2026-02-26 02:15:00,1772072100000,0.10108,0.10262,0.10108,0.10162,2389414.0
2026-02-26 02:30:00,1772073000000,0.10162,0.10221,0.10153,0.10195,1586391.0
2026-02-26 02:45:00,1772073900000,0.10195,0.10331,0.10181,0.10283,1879960.0
2026-02-26 03:00:00,1772074800000,0.10283,0.10295,0.10189,0.10195,3192639.0
2026-02-26 03:15:00,1772075700000,0.10195,0.1032,0.10179,0.10282,2317819.0
2026-02-26 03:30:00,1772076600000,0.10282,0.10404,0.10262,0.10365,3752530.0
2026-02-26 03:45:00,1772077500000,0.10365,0.10448,0.10325,0.1035,3887362.0
2026-02-26 04:00:00,1772078400000,0.1035,0.10416,0.10208,0.10217,5116169.0
2026-02-26 04:15:00,1772079300000,0.10217,0.10246,0.10068,0.10139,15243003.0
2026-02-26 04:30:00,1772080200000,0.10139,0.10235,0.10133,0.10191,4226513.0
2026-02-26 04:45:00,1772081100000,0.10191,0.10192,0.10101,0.10141,1695999.0
2026-02-26 05:00:00,1772082000000,0.10141,0.10219,0.10045,0.10058,3337940.0
2026-02-26 05:15:00,1772082900000,0.10058,0.10069,0.09903,0.1003,7695528.0
2026-02-26 05:30:00,1772083800000,0.1003,0.10043,0.09864,0.09996,4256652.0
2026-02-26 05:45:00,1772084700000,0.09996,0.10036,0.09985,0.10021,1814492.0
2026-02-26 06:00:00,1772085600000,0.10021,0.1008,0.09985,0.10009,2013936.0
2026-02-26 06:15:00,1772086500000,0.10009,0.1001,0.09919,0.09939,1734890.0
2026-02-26 06:30:00,1772087400000,0.09939,0.09949,0.09826,0.09884,2866090.0
2026-02-26 06:45:00,1772088300000,0.09884,0.09903,0.09771,0.09834,2901974.0
2026-02-26 07:00:00,1772089200000,0.09834,0.0989,0.09829,0.0988,1893426.0
2026-02-26 07:15:00,1772090100000,0.0988,0.09892,0.0978,0.09798,3318304.0
2026-02-26 07:30:00,1772091000000,0.09798,0.09829,0.09776,0.09786,2920329.0
2026-02-26 07:45:00,1772091900000,0.09786,0.09812,0.09777,0.09807,1173794.0
2026-02-26 08:00:00,1772092800000,0.09807,0.09891,0.09807,0.09874,2235299.0
2026-02-26 08:15:00,1772093700000,0.09874,0.09938,0.09845,0.09925,2747993.0
2026-02-26 08:30:00,1772094600000,0.09925,0.09931,0.0975,0.09795,3246818.0
2026-02-26 08:45:00,1772095500000,0.09795,0.09832,0.09781,0.09789,1447325.0
2026-02-26 09:00:00,1772096400000,0.09789,0.09897,0.09765,0.09867,2063956.0
2026-02-26 09:15:00,1772097300000,0.09867,0.09895,0.09848,0.09861,1208542.0
2026-02-26 09:30:00,1772098200000,0.09861,0.09927,0.09851,0.09913,1610992.0
2026-02-26 09:45:00,1772099100000,0.09913,0.09926,0.09871,0.09886,1128742.0
2026-02-26 10:00:00,1772100000000,0.09886,0.09895,0.09789,0.09815,2318046.0
2026-02-26 10:15:00,1772100900000,0.09815,0.09822,0.09771,0.09771,1114438.0
2026-02-26 10:30:00,1772101800000,0.09771,0.0979,0.09738,0.0975,2079459.0
2026-02-26 10:45:00,1772102700000,0.0975,0.09784,0.09642,0.09695,3406932.0
2026-02-26 11:00:00,1772103600000,0.09695,0.09741,0.09686,0.09707,1135918.0
2026-02-26 11:15:00,1772104500000,0.09707,0.09736,0.09675,0.09731,1049463.0
2026-02-26 11:30:00,1772105400000,0.09731,0.09736,0.09692,0.09707,862280.0
2026-02-26 11:45:00,1772106300000,0.09707,0.09707,0.09637,0.09667,1326220.0
2026-02-26 12:00:00,1772107200000,0.09667,0.09726,0.09665,0.09715,1529317.0
2026-02-26 12:15:00,1772108100000,0.09715,0.09767,0.09692,0.09762,1528906.0
2026-02-26 12:30:00,1772109000000,0.09762,0.0979,0.09744,0.0976,840703.0
2026-02-26 12:45:00,1772109900000,0.0976,0.09809,0.09743,0.09805,1270993.0
2026-02-26 13:00:00,1772110800000,0.09805,0.09808,0.09755,0.09755,1475858.0
2026-02-26 13:15:00,1772111700000,0.09755,0.09839,0.09755,0.09833,1157629.0
2026-02-26 13:30:00,1772112600000,0.09833,0.09875,0.09792,0.09861,1198384.0
2026-02-26 13:45:00,1772113500000,0.09861,0.09879,0.0981,0.09838,2009850.0
2026-02-26 14:00:00,1772114400000,0.09838,0.09905,0.09796,0.09885,2241481.0
2026-02-26 14:15:00,1772115300000,0.09885,0.09925,0.09853,0.099,2280245.0
2026-02-26 14:30:00,1772116200000,0.099,0.099,0.09762,0.09776,4356148.0
2026-02-26 14:45:00,1772117100000,0.09776,0.09811,0.09652,0.09784,9624505.0
2026-02-26 15:00:00,1772118000000,0.09784,0.09806,0.09697,0.0975,4241060.0
2026-02-26 15:15:00,1772118900000,0.0975,0.09781,0.0965,0.09702,3586276.0
2026-02-26 15:30:00,1772119800000,0.09702,0.09737,0.09606,0.09697,5833405.0
2026-02-26 15:45:00,1772120700000,0.09697,0.09741,0.09655,0.09698,1299514.0
2026-02-26 16:00:00,1772121600000,0.09698,0.09715,0.09531,0.09555,4752586.0
2026-02-26 16:15:00,1772122500000,0.09555,0.09603,0.09525,0.09576,1844469.0
2026-02-26 16:30:00,1772123400000,0.09576,0.09584,0.09445,0.09473,3543916.0
2026-02-26 16:45:00,1772124300000,0.09473,0.09478,0.0929,0.09336,9752919.0
2026-02-26 17:00:00,1772125200000,0.09336,0.0943,0.09318,0.0932,3853368.0
2026-02-26 17:15:00,1772126100000,0.0932,0.09365,0.09294,0.09326,1231529.0
2026-02-26 17:30:00,1772127000000,0.09326,0.09363,0.09308,0.09321,878310.0
2026-02-26 17:45:00,1772127900000,0.09321,0.09341,0.09294,0.09333,641148.0
2026-02-26 18:00:00,1772128800000,0.09333,0.09369,0.09255,0.09337,3819823.0
2026-02-26 18:15:00,1772129700000,0.09337,0.09373,0.0933,0.09349,1250885.0
2026-02-26 18:30:00,1772130600000,0.09349,0.09489,0.09342,0.09468,3723579.0
2026-02-26 18:45:00,1772131500000,0.09468,0.09526,0.09461,0.09522,2256861.0
2026-02-26 19:00:00,1772132400000,0.09522,0.09662,0.09511,0.09595,5113017.0
2026-02-26 19:15:00,1772133300000,0.09595,0.09654,0.09595,0.09641,1056730.0
2026-02-26 19:30:00,1772134200000,0.09641,0.09666,0.09631,0.09655,1191595.0
2026-02-26 19:45:00,1772135100000,0.09655,0.09677,0.09622,0.09627,1785949.0
2026-02-26 20:00:00,1772136000000,0.09627,0.09666,0.09622,0.09638,988121.0
2026-02-26 20:15:00,1772136900000,0.09638,0.09654,0.096,0.09602,913341.0
2026-02-26 20:30:00,1772137800000,0.09602,0.09607,0.09493,0.09514,2783595.0
2026-02-26 20:45:00,1772138700000,0.09514,0.09515,0.09476,0.09495,749835.0
2026-02-26 21:00:00,1772139600000,0.09495,0.09498,0.09444,0.09494,925520.0
2026-02-26 21:15:00,1772140500000,0.09494,0.09504,0.0947,0.095,1180917.0
2026-02-26 21:30:00,1772141400000,0.095,0.0952,0.09453,0.09476,1731366.0
2026-02-26 21:45:00,1772142300000,0.09476,0.0949,0.09457,0.09467,654097.0
2026-02-26 22:00:00,1772143200000,0.09467,0.09472,0.09443,0.09452,646320.0
2026-02-26 22:15:00,1772144100000,0.09452,0.09459,0.09371,0.09419,2584018.0
2026-02-26 22:30:00,1772145000000,0.09419,0.09426,0.09391,0.09414,705220.0
2026-02-26 22:45:00,1772145900000,0.09414,0.09452,0.09397,0.09413,1249574.0
2026-02-26 23:00:00,1772146800000,0.09413,0.09476,0.09402,0.09452,1853656.0
2026-02-26 23:15:00,1772147700000,0.09452,0.0948,0.09435,0.09477,551718.0
2026-02-26 23:30:00,1772148600000,0.09477,0.09479,0.09422,0.09428,957516.0
2026-02-26 23:45:00,1772149500000,0.09428,0.09457,0.09407,0.09457,773506.0
2026-02-27 00:00:00,1772150400000,0.09457,0.09497,0.09446,0.09479,1241789.0
2026-02-27 00:15:00,1772151300000,0.09479,0.09502,0.0947,0.09484,1035206.0
2026-02-27 00:30:00,1772152200000,0.09484,0.09501,0.09431,0.09492,1619809.0
2026-02-27 00:45:00,1772153100000,0.09492,0.09533,0.09473,0.09501,1064263.0
2026-02-27 01:00:00,1772154000000,0.09501,0.09501,0.09444,0.09466,1839703.0
2026-02-27 01:15:00,1772154900000,0.09466,0.0951,0.09451,0.09487,762452.0
2026-02-27 01:30:00,1772155800000,0.09487,0.09514,0.09459,0.09487,1070824.0
2026-02-27 01:45:00,1772156700000,0.09487,0.09529,0.09486,0.09529,387957.0
2026-02-27 02:00:00,1772157600000,0.09529,0.09554,0.09502,0.09527,569075.0
2026-02-27 02:15:00,1772158500000,0.09527,0.09637,0.09513,0.09621,1289202.0
2026-02-27 02:30:00,1772159400000,0.09621,0.09684,0.09604,0.0961,1197928.0
2026-02-27 02:45:00,1772160300000,0.0961,0.09642,0.09597,0.09601,987916.0
2026-02-27 03:00:00,1772161200000,0.09601,0.09602,0.09559,0.09586,663498.0
2026-02-27 03:15:00,1772162100000,0.09586,0.09623,0.0958,0.09587,479545.0
2026-02-27 03:30:00,1772163000000,0.09587,0.09671,0.09576,0.09663,1049759.0
2026-02-27 03:45:00,1772163900000,0.09663,0.09762,0.09642,0.09711,3847326.0
2026-02-27 04:00:00,1772164800000,0.09711,0.09871,0.09701,0.09858,3586505.0
2026-02-27 04:15:00,1772165700000,0.09858,0.09898,0.09825,0.09837,2823850.0
2026-02-27 04:30:00,1772166600000,0.09837,0.09852,0.09773,0.09786,834106.0
2026-02-27 04:45:00,1772167500000,0.09786,0.09836,0.09786,0.09815,633624.0
2026-02-27 05:00:00,1772168400000,0.09815,0.09836,0.09797,0.09829,446124.0
2026-02-27 05:15:00,1772169300000,0.09829,0.09885,0.09821,0.09869,1449760.0
2026-02-27 05:30:00,1772170200000,0.09869,0.09926,0.09867,0.09914,1229716.0
2026-02-27 05:45:00,1772171100000,0.09914,0.09932,0.09885,0.09894,833562.0
2026-02-27 06:00:00,1772172000000,0.09894,0.09923,0.09846,0.09855,1715134.0
2026-02-27 06:15:00,1772172900000,0.09855,0.09865,0.09823,0.09849,856918.0
2026-02-27 06:30:00,1772173800000,0.09849,0.09872,0.09814,0.09844,695883.0
2026-02-27 06:45:00,1772174700000,0.09844,0.09883,0.09844,0.09864,517686.0
2026-02-27 07:00:00,1772175600000,0.09864,0.09883,0.09804,0.09854,684286.0
2026-02-27 07:15:00,1772176500000,0.09854,0.09868,0.0981,0.0982,541134.0
2026-02-27 07:30:00,1772177400000,0.0982,0.09881,0.0982,0.09858,799815.0
2026-02-27 07:45:00,1772178300000,0.09858,0.09914,0.09857,0.09909,1213187.0
2026-02-27 08:00:00,1772179200000,0.09909,0.1001,0.09903,0.09988,2731188.0
2026-02-27 08:15:00,1772180100000,0.09988,0.10036,0.09922,0.09943,3428247.0
2026-02-27 08:30:00,1772181000000,0.09943,0.09979,0.09889,0.09901,1173886.0
2026-02-27 08:45:00,1772181900000,0.09901,0.09934,0.09873,0.09924,935131.0
2026-02-27 09:00:00,1772182800000,0.09924,0.09946,0.09883,0.09943,1486363.0
2026-02-27 09:15:00,1772183700000,0.09943,0.09982,0.09925,0.09941,896612.0
2026-02-27 09:30:00,1772184600000,0.09941,0.10178,0.0994,0.10137,5238127.0
2026-02-27 09:45:00,1772185500000,0.10137,0.10137,0.10017,0.10017,2375537.0
2026-02-27 10:00:00,1772186400000,0.10017,0.10047,0.09923,0.09951,3363327.0
2026-02-27 10:15:00,1772187300000,0.09951,0.10014,0.09932,0.09962,2405327.0
2026-02-27 10:30:00,1772188200000,0.09962,0.10029,0.09958,0.10007,1259532.0
2026-02-27 10:45:00,1772189100000,0.10007,0.10018,0.09801,0.09815,3835466.0
2026-02-27 11:00:00,1772190000000,0.09815,0.09865,0.09789,0.09855,3431467.0
2026-02-27 11:15:00,1772190900000,0.09855,0.09855,0.09648,0.09702,7923596.0
2026-02-27 11:30:00,1772191800000,0.09702,0.09713,0.09587,0.09608,3792642.0
2026-02-27 11:45:00,1772192700000,0.09608,0.09674,0.09599,0.09647,1556447.0
2026-02-27 12:00:00,1772193600000,0.09647,0.09662,0.09611,0.09629,806433.0
2026-02-27 12:15:00,1772194500000,0.09629,0.09662,0.09578,0.09582,909883.0
2026-02-27 12:30:00,1772195400000,0.09582,0.09596,0.09552,0.09571,1297347.0
2026-02-27 12:45:00,1772196300000,0.09571,0.09595,0.09559,0.09588,1526755.0
2026-02-27 13:00:00,1772197200000,0.09588,0.09676,0.09588,0.09602,2660798.0
2026-02-27 13:15:00,1772198100000,0.09602,0.09625,0.09551,0.09563,1468680.0
2026-02-27 13:30:00,1772199000000,0.09563,0.09563,0.09385,0.09518,10048401.0
2026-02-27 13:45:00,1772199900000,0.09518,0.09576,0.09509,0.0956,1431318.0
2026-02-27 14:00:00,1772200800000,0.0956,0.09582,0.09532,0.09555,1278637.0
2026-02-27 14:15:00,1772201700000,0.09555,0.09562,0.09513,0.09531,1092962.0
2026-02-27 14:30:00,1772202600000,0.09531,0.0963,0.09529,0.09592,2327448.0
2026-02-27 14:45:00,1772203500000,0.09592,0.09592,0.0952,0.09534,1738462.0
2026-02-27 15:00:00,1772204400000,0.09534,0.09621,0.09524,0.09578,1828703.0
2026-02-27 15:15:00,1772205300000,0.09578,0.09615,0.09544,0.09591,872453.0
2026-02-27 15:30:00,1772206200000,0.09591,0.09591,0.09537,0.09572,810519.0
2026-02-27 15:45:00,1772207100000,0.09572,0.09617,0.09555,0.09576,570121.0
2026-02-27 16:00:00,1772208000000,0.09576,0.09581,0.09467,0.09484,1969806.0
2026-02-27 16:15:00,1772208900000,0.09484,0.09525,0.09469,0.09513,772014.0
2026-02-27 16:30:00,1772209800000,0.09513,0.09546,0.09462,0.09488,656642.0
2026-02-27 16:45:00,1772210700000,0.09488,0.09498,0.094,0.09412,2259276.0
2026-02-27 17:00:00,1772211600000,0.09412,0.09426,0.09331,0.09346,1883051.0
2026-02-27 17:15:00,1772212500000,0.09346,0.09358,0.09295,0.09307,2379004.0
2026-02-27 17:30:00,1772213400000,0.09307,0.09378,0.09234,0.09342,4165297.0
2026-02-27 17:45:00,1772214300000,0.09342,0.0942,0.09334,0.09405,1829675.0
2026-02-27 18:00:00,1772215200000,0.09405,0.09412,0.09361,0.09361,1613868.0
2026-02-27 18:15:00,1772216100000,0.09361,0.09376,0.0933,0.0935,1153094.0
2026-02-27 18:30:00,1772217000000,0.0935,0.09397,0.09345,0.09355,1588512.0
2026-02-27 18:45:00,1772217900000,0.09355,0.09355,0.09277,0.09283,1532836.0
2026-02-27 19:00:00,1772218800000,0.09283,0.09284,0.09176,0.09182,5003909.0
2026-02-27 19:15:00,1772219700000,0.09182,0.09209,0.09162,0.09184,2423533.0
2026-02-27 19:30:00,1772220600000,0.09184,0.09206,0.09133,0.09137,1942789.0
2026-02-27 19:45:00,1772221500000,0.09137,0.09187,0.09137,0.09172,1998927.0
2026-02-27 20:00:00,1772222400000,0.09172,0.09204,0.09159,0.09183,1699592.0
2026-02-27 20:15:00,1772223300000,0.09183,0.09207,0.0917,0.09183,1454037.0
2026-02-27 20:30:00,1772224200000,0.09183,0.09206,0.09178,0.09196,1631509.0
2026-02-27 20:45:00,1772225100000,0.09196,0.09215,0.09172,0.09181,1323926.0
2026-02-27 21:00:00,1772226000000,0.09181,0.09206,0.09166,0.09173,1227042.0
2026-02-27 21:15:00,1772226900000,0.09173,0.09184,0.09144,0.0915,1236467.0
2026-02-27 21:30:00,1772227800000,0.0915,0.09162,0.09113,0.09153,1932430.0
2026-02-27 21:45:00,1772228700000,0.09153,0.09159,0.09113,0.09141,1181406.0
2026-02-27 22:00:00,1772229600000,0.09141,0.09187,0.09141,0.09171,1454241.0
2026-02-27 22:15:00,1772230500000,0.09171,0.09213,0.09141,0.0915,1556143.0
2026-02-27 22:30:00,1772231400000,0.0915,0.0915,0.09002,0.09134,5015310.0
2026-02-27 22:45:00,1772232300000,0.09134,0.09163,0.09125,0.09163,1387305.0
2026-02-27 23:00:00,1772233200000,0.09163,0.09218,0.09156,0.09174,1591608.0
2026-02-27 23:15:00,1772234100000,0.09174,0.09213,0.09167,0.09201,1425063.0
2026-02-27 23:30:00,1772235000000,0.09201,0.09209,0.0914,0.0914,1138594.0
2026-02-27 23:45:00,1772235900000,0.0914,0.09165,0.09124,0.09165,1463145.0
2026-02-28 00:00:00,1772236800000,0.09165,0.09167,0.09107,0.09133,1495556.0
2026-02-28 00:15:00,1772237700000,0.09133,0.0914,0.0911,0.09129,1218756.0
2026-02-28 00:30:00,1772238600000,0.09129,0.09182,0.09123,0.09179,1404234.0
2026-02-28 00:45:00,1772239500000,0.09179,0.09202,0.09172,0.09192,1105867.0
2026-02-28 01:00:00,1772240400000,0.09192,0.09222,0.09182,0.09189,1328197.0
2026-02-28 01:15:00,1772241300000,0.09189,0.0923,0.0914,0.09192,2387760.0
2026-02-28 01:30:00,1772242200000,0.09192,0.09194,0.09143,0.0916,704899.0
2026-02-28 01:45:00,1772243100000,0.0916,0.09185,0.09144,0.09161,652478.0
2026-02-28 02:00:00,1772244000000,0.09161,0.09161,0.09127,0.09139,591891.0
2026-02-28 02:15:00,1772244900000,0.09139,0.0917,0.09123,0.09161,795351.0
2026-02-28 02:30:00,1772245800000,0.09161,0.09193,0.09153,0.09174,571831.0
2026-02-28 02:45:00,1772246700000,0.09174,0.09231,0.09173,0.09226,625740.0
2026-02-28 03:00:00,1772247600000,0.09226,0.09269,0.09224,0.09235,1050844.0
2026-02-28 03:15:00,1772248500000,0.09235,0.0928,0.09234,0.09244,1386621.0
2026-02-28 03:30:00,1772249400000,0.09244,0.09244,0.09169,0.09169,758969.0
2026-02-28 03:45:00,1772250300000,0.09169,0.09206,0.09161,0.09187,477634.0
2026-02-28 04:00:00,1772251200000,0.09187,0.09189,0.09154,0.09167,643239.0
2026-02-28 04:15:00,1772252100000,0.09167,0.09192,0.09146,0.09156,998364.0
2026-02-28 04:30:00,1772253000000,0.09156,0.09175,0.09104,0.09175,1300496.0
2026-02-28 04:45:00,1772253900000,0.09175,0.09214,0.09174,0.09194,855683.0
2026-02-28 05:00:00,1772254800000,0.09194,0.09245,0.09194,0.09231,706623.0
2026-02-28 05:15:00,1772255700000,0.09231,0.09231,0.09188,0.09195,314669.0
2026-02-28 05:30:00,1772256600000,0.09195,0.09195,0.0916,0.09167,636643.0
2026-02-28 05:45:00,1772257500000,0.09167,0.09178,0.09141,0.09162,341158.0
2026-02-28 06:00:00,1772258400000,0.09162,0.09163,0.09077,0.09093,1714037.0
2026-02-28 06:15:00,1772259300000,0.09093,0.09099,0.08785,0.08873,28210214.0
2026-02-28 06:30:00,1772260200000,0.08873,0.08896,0.087,0.0881,9818221.0
2026-02-28 06:45:00,1772261100000,0.0881,0.08813,0.08586,0.08626,11130409.0
2026-02-28 07:00:00,1772262000000,0.08626,0.0873,0.08516,0.08715,10857156.0
2026-02-28 07:15:00,1772262900000,0.08715,0.08738,0.08634,0.08658,3095151.0
2026-02-28 07:30:00,1772263800000,0.08658,0.08879,0.08653,0.0886,5407414.0
2026-02-28 07:45:00,1772264700000,0.0886,0.0886,0.08775,0.08779,1480690.0
2026-02-28 08:00:00,1772265600000,0.08779,0.08792,0.08746,0.08772,2851466.0
2026-02-28 08:15:00,1772266500000,0.08772,0.08811,0.0874,0.08774,1548492.0
2026-02-28 08:30:00,1772267400000,0.08774,0.08823,0.08765,0.08768,1513890.0
2026-02-28 08:45:00,1772268300000,0.08768,0.08772,0.08718,0.08736,1425338.0
2026-02-28 09:00:00,1772269200000,0.08736,0.08812,0.087,0.08803,1611684.0
2026-02-28 09:15:00,1772270100000,0.08803,0.08892,0.08769,0.08876,2582118.0
2026-02-28 09:30:00,1772271000000,0.08876,0.08879,0.08806,0.08813,1592058.0
2026-02-28 09:45:00,1772271900000,0.08813,0.08891,0.088,0.08835,3098933.0
2026-02-28 10:00:00,1772272800000,0.08835,0.08836,0.08755,0.08799,3243522.0
2026-02-28 10:15:00,1772273700000,0.08799,0.08858,0.08791,0.08814,1363864.0
2026-02-28 10:30:00,1772274600000,0.08814,0.0897,0.08809,0.0894,2389660.0
2026-02-28 10:45:00,1772275500000,0.0894,0.08944,0.08899,0.08921,1246522.0
2026-02-28 11:00:00,1772276400000,0.08921,0.08973,0.08899,0.08968,1901698.0
2026-02-28 11:15:00,1772277300000,0.08968,0.08979,0.08944,0.08961,1224724.0
2026-02-28 11:30:00,1772278200000,0.08961,0.08997,0.08957,0.0898,1502713.0
2026-02-28 11:45:00,1772279100000,0.0898,0.09032,0.08959,0.08965,2414154.0
2026-02-28 12:00:00,1772280000000,0.08965,0.09134,0.0896,0.0912,6652612.0
2026-02-28 12:15:00,1772280900000,0.0912,0.09134,0.08988,0.09005,3363340.0
2026-02-28 12:30:00,1772281800000,0.09005,0.09114,0.09003,0.0911,1443525.0
2026-02-28 12:45:00,1772282700000,0.0911,0.09116,0.09064,0.09076,1292504.0
2026-02-28 13:00:00,1772283600000,0.09076,0.091,0.0904,0.09097,3931749.0
2026-02-28 13:15:00,1772284500000,0.09097,0.09123,0.09059,0.09061,2963270.0
2026-02-28 13:30:00,1772285400000,0.09061,0.09065,0.08954,0.09003,2616650.0
2026-02-28 13:45:00,1772286300000,0.09003,0.09307,0.09001,0.09226,11342857.0
2026-02-28 14:00:00,1772287200000,0.09226,0.09285,0.09178,0.09238,3083877.0
2026-02-28 14:15:00,1772288100000,0.09238,0.09321,0.0923,0.09309,2033914.0
2026-02-28 14:30:00,1772289000000,0.09309,0.09388,0.09271,0.09336,2793083.0
2026-02-28 14:45:00,1772289900000,0.09336,0.09356,0.09225,0.09237,3022290.0
2026-02-28 15:00:00,1772290800000,0.09237,0.09256,0.09145,0.09154,3786892.0
2026-02-28 15:15:00,1772291700000,0.09154,0.09251,0.09132,0.09212,2197871.0
2026-02-28 15:30:00,1772292600000,0.09212,0.09214,0.09156,0.09161,1488881.0
2026-02-28 15:45:00,1772293500000,0.09161,0.09164,0.09112,0.09154,781422.0
2026-02-28 16:00:00,1772294400000,0.09154,0.09154,0.0907,0.091,2025022.0
2026-02-28 16:15:00,1772295300000,0.091,0.09119,0.09084,0.09102,1125445.0
2026-02-28 16:30:00,1772296200000,0.09102,0.09166,0.09079,0.09143,1396587.0
2026-02-28 16:45:00,1772297100000,0.09143,0.09158,0.0912,0.09151,1039930.0
2026-02-28 17:00:00,1772298000000,0.09151,0.0917,0.09127,0.09148,1101237.0
2026-02-28 17:15:00,1772298900000,0.09148,0.0916,0.09131,0.09154,751441.0
2026-02-28 17:30:00,1772299800000,0.09154,0.09181,0.09088,0.0911,1301191.0
2026-02-28 17:45:00,1772300700000,0.0911,0.09288,0.09093,0.09272,3286095.0
2026-02-28 18:00:00,1772301600000,0.09272,0.09416,0.09249,0.09402,4944173.0
2026-02-28 18:15:00,1772302500000,0.09402,0.09408,0.09351,0.09397,2137663.0
2026-02-28 18:30:00,1772303400000,0.09397,0.09612,0.09394,0.09489,5536506.0
2026-02-28 18:45:00,1772304300000,0.09489,0.09539,0.09441,0.09462,2867942.0
2026-02-28 19:00:00,1772305200000,0.09462,0.09477,0.09404,0.09412,1531955.0
2026-02-28 19:15:00,1772306100000,0.09412,0.0944,0.09406,0.09427,1187269.0
2026-02-28 19:30:00,1772307000000,0.09427,0.0986,0.09425,0.09829,9519312.0
2026-02-28 19:45:00,1772307900000,0.09829,0.09837,0.09654,0.09684,4563300.0
2026-02-28 20:00:00,1772308800000,0.09684,0.09783,0.09629,0.09733,5643853.0
2026-02-28 20:15:00,1772309700000,0.09733,0.09999,0.09728,0.09916,9880144.0
2026-02-28 20:30:00,1772310600000,0.09916,0.0992,0.09808,0.09872,5256679.0
2026-02-28 20:45:00,1772311500000,0.09872,0.09979,0.0984,0.09957,2664801.0
2026-02-28 21:00:00,1772312400000,0.09957,0.09997,0.09866,0.09913,3814323.0
2026-02-28 21:15:00,1772313300000,0.09913,0.09977,0.09893,0.09935,1521419.0
2026-02-28 21:30:00,1772314200000,0.09935,0.10061,0.09935,0.09977,3345630.0
2026-02-28 21:45:00,1772315100000,0.09977,0.10179,0.09977,0.10011,6002467.0
2026-02-28 22:00:00,1772316000000,0.10011,0.10135,0.10011,0.10106,2262622.0
2026-02-28 22:15:00,1772316900000,0.10106,0.10121,0.10075,0.10091,1350662.0
2026-02-28 22:30:00,1772317800000,0.10091,0.10198,0.10037,0.10061,2553469.0
2026-02-28 22:45:00,1772318700000,0.10061,0.10117,0.10038,0.1008,1636159.0
2026-02-28 23:00:00,1772319600000,0.1008,0.10215,0.10072,0.10183,2419581.0
2026-02-28 23:15:00,1772320500000,0.10183,0.10199,0.10048,0.10062,2097884.0
2026-02-28 23:30:00,1772321400000,0.10062,0.1011,0.10062,0.10094,1502940.0
2026-02-28 23:45:00,1772322300000,0.10094,0.10216,0.10094,0.10164,2121819.0
2026-03-01 00:00:00,1772323200000,0.10164,0.10225,0.10099,0.10101,1525848.0
2026-03-01 00:15:00,1772324100000,0.10101,0.10102,0.0998,0.09997,4276125.0
2026-03-01 00:30:00,1772325000000,0.09997,0.1003,0.09953,0.0997,1208500.0
2026-03-01 00:45:00,1772325900000,0.0997,0.10064,0.0997,0.1001,1092842.0
2026-03-01 01:00:00,1772326800000,0.1001,0.10038,0.09932,0.09957,1767896.0
2026-03-01 01:15:00,1772327700000,0.09957,0.10006,0.09934,0.09996,939952.0
2026-03-01 01:30:00,1772328600000,0.09996,0.102,0.09986,0.1011,2143135.0
2026-03-01 01:45:00,1772329500000,0.1011,0.10309,0.10074,0.10255,6787171.0
2026-03-01 02:00:00,1772330400000,0.10255,0.10333,0.10197,0.10248,8306146.0
2026-03-01 02:15:00,1772331300000,0.10248,0.10312,0.10201,0.103,1988801.0
2026-03-01 02:30:00,1772332200000,0.103,0.10302,0.10214,0.10295,2181096.0
2026-03-01 02:45:00,1772333100000,0.10295,0.10304,0.10219,0.10251,1328823.0
2026-03-01 03:00:00,1772334000000,0.10251,0.10294,0.10144,0.10186,2042555.0
2026-03-01 03:15:00,1772334900000,0.10186,0.10221,0.10128,0.102,1510437.0
2026-03-01 03:30:00,1772335800000,0.102,0.10223,0.10183,0.1022,999575.0
2026-03-01 03:45:00,1772336700000,0.1022,0.10232,0.10111,0.10134,2316314.0
2026-03-01 04:00:00,1772337600000,0.10134,0.10178,0.10096,0.10098,2338966.0
2026-03-01 04:15:00,1772338500000,0.10098,0.10114,0.10014,0.10068,2529783.0
2026-03-01 04:30:00,1772339400000,0.10068,0.10092,0.10055,0.10085,685221.0
2026-03-01 04:45:00,1772340300000,0.10085,0.10107,0.10085,0.10097,430333.0
2026-03-01 05:00:00,1772341200000,0.10097,0.10129,0.10059,0.10073,1170221.0
2026-03-01 05:15:00,1772342100000,0.10073,0.10106,0.10071,0.10089,686056.0
2026-03-01 05:30:00,1772343000000,0.10089,0.10148,0.10088,0.10111,528184.0
2026-03-01 05:45:00,1772343900000,0.10111,0.10139,0.10096,0.10118,652129.0
2026-03-01 06:00:00,1772344800000,0.10118,0.10124,0.09945,0.09986,2280403.0
2026-03-01 06:15:00,1772345700000,0.09986,0.10014,0.0997,0.09981,845517.0
2026-03-01 06:30:00,1772346600000,0.09981,0.09999,0.09958,0.09985,1665589.0
2026-03-01 06:45:00,1772347500000,0.09985,0.10009,0.0995,0.09995,1134545.0
2026-03-01 07:00:00,1772348400000,0.09995,0.1005,0.09968,0.10031,951544.0
2026-03-01 07:15:00,1772349300000,0.10031,0.10031,0.09977,0.09991,498192.0
2026-03-01 07:30:00,1772350200000,0.09991,0.10098,0.0997,0.10076,2373050.0
2026-03-01 07:45:00,1772351100000,0.10076,0.1008,0.10037,0.10057,639560.0
2026-03-01 08:00:00,1772352000000,0.10057,0.10065,0.0999,0.10013,1723819.0
2026-03-01 08:15:00,1772352900000,0.10013,0.10016,0.09954,0.09963,1553362.0
2026-03-01 08:30:00,1772353800000,0.09963,0.09974,0.09923,0.09932,1409244.0
2026-03-01 08:45:00,1772354700000,0.09932,0.09934,0.09804,0.09824,3322854.0
2026-03-01 09:00:00,1772355600000,0.09824,0.09899,0.09806,0.09882,2042742.0
2026-03-01 09:15:00,1772356500000,0.09882,0.09932,0.09876,0.09894,1804723.0
2026-03-01 09:30:00,1772357400000,0.09894,0.09899,0.09803,0.09811,2018112.0
2026-03-01 09:45:00,1772358300000,0.09811,0.09856,0.09802,0.09842,899675.0
2026-03-01 10:00:00,1772359200000,0.09842,0.09855,0.09788,0.09832,1921623.0
2026-03-01 10:15:00,1772360100000,0.09832,0.09832,0.09793,0.09801,427219.0
2026-03-01 10:30:00,1772361000000,0.09801,0.09861,0.09799,0.09806,1110820.0
2026-03-01 10:45:00,1772361900000,0.09806,0.09823,0.09792,0.09822,1016682.0
2026-03-01 11:00:00,1772362800000,0.09822,0.09845,0.0982,0.09835,424193.0
2026-03-01 11:15:00,1772363700000,0.09835,0.09874,0.09824,0.0984,709907.0
2026-03-01 11:30:00,1772364600000,0.0984,0.09848,0.09807,0.09828,617652.0
2026-03-01 11:45:00,1772365500000,0.09828,0.0987,0.09826,0.09851,743735.0
2026-03-01 12:00:00,1772366400000,0.09851,0.0988,0.09836,0.09857,834645.0
2026-03-01 12:15:00,1772367300000,0.09857,0.0989,0.09849,0.0986,706895.0
2026-03-01 12:30:00,1772368200000,0.0986,0.09872,0.09828,0.09868,1205168.0
2026-03-01 12:45:00,1772369100000,0.09868,0.09869,0.09785,0.09809,2277282.0
2026-03-01 13:00:00,1772370000000,0.09809,0.09853,0.09787,0.09827,1270701.0
2026-03-01 13:15:00,1772370900000,0.09827,0.09851,0.09763,0.09798,1110989.0
2026-03-01 13:30:00,1772371800000,0.09798,0.09812,0.09777,0.09798,494409.0
2026-03-01 13:45:00,1772372700000,0.09798,0.10144,0.09798,0.10077,8390935.0
2026-03-01 14:00:00,1772373600000,0.10077,0.10192,0.10021,0.10107,3980684.0
2026-03-01 14:15:00,1772374500000,0.10107,0.10126,0.09993,0.10031,2504065.0
2026-03-01 14:30:00,1772375400000,0.10031,0.10088,0.0994,0.09957,3541385.0
2026-03-01 14:45:00,1772376300000,0.09957,0.09986,0.09944,0.09978,1642564.0
2026-03-01 15:00:00,1772377200000,0.09978,0.10038,0.09942,0.10038,1342060.0
2026-03-01 15:15:00,1772378100000,0.10038,0.10114,0.09965,0.09973,2079954.0
2026-03-01 15:30:00,1772379000000,0.09973,0.10031,0.09973,0.1001,928991.0
2026-03-01 15:45:00,1772379900000,0.1001,0.10021,0.09924,0.09942,1176813.0
2026-03-01 16:00:00,1772380800000,0.09942,0.10046,0.09896,0.10002,2354725.0
2026-03-01 16:15:00,1772381700000,0.10002,0.10031,0.09946,0.10009,1255554.0
2026-03-01 16:30:00,1772382600000,0.10009,0.10041,0.09987,0.09991,460989.0
2026-03-01 16:45:00,1772383500000,0.09991,0.09991,0.09784,0.09861,4641591.0
2026-03-01 17:00:00,1772384400000,0.09861,0.09879,0.09792,0.09823,2958420.0
2026-03-01 17:15:00,1772385300000,0.09823,0.09824,0.09684,0.09758,3737213.0
2026-03-01 17:30:00,1772386200000,0.09758,0.09766,0.09661,0.09731,3556509.0
2026-03-01 17:45:00,1772387100000,0.09731,0.09764,0.09706,0.09714,1278289.0
2026-03-01 18:00:00,1772388000000,0.09714,0.09893,0.09714,0.09851,3125519.0
2026-03-01 18:15:00,1772388900000,0.09851,0.09906,0.09823,0.09835,1334167.0
2026-03-01 18:30:00,1772389800000,0.09835,0.09837,0.0979,0.09824,1133119.0
2026-03-01 18:45:00,1772390700000,0.09824,0.09858,0.09796,0.09808,1019646.0
2026-03-01 19:00:00,1772391600000,0.09808,0.09812,0.09757,0.09759,746491.0
2026-03-01 19:15:00,1772392500000,0.09759,0.09771,0.09719,0.09724,601719.0
2026-03-01 19:30:00,1772393400000,0.09724,0.09775,0.09694,0.09709,1689657.0
2026-03-01 19:45:00,1772394300000,0.09709,0.09744,0.09707,0.09729,500453.0
2026-03-01 20:00:00,1772395200000,0.09729,0.09733,0.09609,0.09616,2089514.0
2026-03-01 20:15:00,1772396100000,0.09616,0.09632,0.09565,0.09565,1508114.0
2026-03-01 20:30:00,1772397000000,0.09565,0.09613,0.09521,0.09542,2167196.0
2026-03-01 20:45:00,1772397900000,0.09542,0.096,0.09534,0.09542,1319474.0
2026-03-01 21:00:00,1772398800000,0.09542,0.0956,0.09526,0.09549,931920.0
2026-03-01 21:15:00,1772399700000,0.09549,0.09655,0.09548,0.09617,1069071.0
2026-03-01 21:30:00,1772400600000,0.09617,0.09623,0.09592,0.09613,714431.0
2026-03-01 21:45:00,1772401500000,0.09613,0.09631,0.09604,0.09623,748763.0
2026-03-01 22:00:00,1772402400000,0.09623,0.09885,0.09622,0.09796,5124896.0
2026-03-01 22:15:00,1772403300000,0.09796,0.09883,0.09743,0.09768,2290364.0
2026-03-01 22:30:00,1772404200000,0.09768,0.09809,0.09694,0.09797,2311390.0
2026-03-01 22:45:00,1772405100000,0.09797,0.09797,0.09691,0.09693,982295.0
2026-03-01 23:00:00,1772406000000,0.09693,0.09878,0.09681,0.09836,1941349.0
2026-03-01 23:15:00,1772406900000,0.09836,0.09836,0.09717,0.09718,1474663.0
2026-03-01 23:30:00,1772407800000,0.09718,0.09755,0.09704,0.0974,981261.0
2026-03-01 23:45:00,1772408700000,0.0974,0.09784,0.09734,0.09746,468891.0
2026-03-02 00:00:00,1772409600000,0.09746,0.098,0.09745,0.09753,653972.0
2026-03-02 00:15:00,1772410500000,0.09753,0.09799,0.09733,0.09783,725912.0
2026-03-02 00:30:00,1772411400000,0.09783,0.09868,0.09769,0.09868,780122.0
2026-03-02 00:45:00,1772412300000,0.09868,0.09897,0.0981,0.09827,956901.0
2026-03-02 01:00:00,1772413200000,0.09827,0.09957,0.09817,0.09918,1330625.0
2026-03-02 01:15:00,1772414100000,0.09918,0.09935,0.09831,0.09845,664961.0
2026-03-02 01:30:00,1772415000000,0.09845,0.09897,0.09843,0.09875,608613.0
2026-03-02 01:45:00,1772415900000,0.09875,0.09886,0.09841,0.09859,508985.0
2026-03-02 02:00:00,1772416800000,0.09859,0.09881,0.0972,0.09752,2418851.0
2026-03-02 02:15:00,1772417700000,0.09752,0.09791,0.09731,0.09782,901924.0
2026-03-02 02:30:00,1772418600000,0.09782,0.09834,0.09776,0.09785,513035.0
2026-03-02 02:45:00,1772419500000,0.09785,0.09816,0.09765,0.09771,379401.0
2026-03-02 03:00:00,1772420400000,0.09771,0.09781,0.09715,0.09758,815598.0
2026-03-02 03:15:00,1772421300000,0.09758,0.0986,0.09753,0.0985,1158826.0
2026-03-02 03:30:00,1772422200000,0.0985,0.0989,0.09827,0.09864,958350.0
2026-03-02 03:45:00,1772423100000,0.09864,0.09879,0.09834,0.0984,504112.0
2026-03-02 04:00:00,1772424000000,0.0984,0.09846,0.09811,0.0982,285197.0
2026-03-02 04:15:00,1772424900000,0.0982,0.09836,0.09784,0.09826,630686.0
2026-03-02 04:30:00,1772425800000,0.09826,0.09845,0.09806,0.09824,438115.0
2026-03-02 04:45:00,1772426700000,0.09824,0.09824,0.09784,0.09812,496992.0
2026-03-02 05:00:00,1772427600000,0.09812,0.09815,0.09728,0.09753,588010.0
2026-03-02 05:15:00,1772428500000,0.09753,0.09797,0.09748,0.09785,1062269.0
2026-03-02 05:30:00,1772429400000,0.09785,0.09841,0.09785,0.09831,784025.0
2026-03-02 05:45:00,1772430300000,0.09831,0.09831,0.09758,0.09766,671806.0
2026-03-02 06:00:00,1772431200000,0.09766,0.09766,0.09714,0.09726,817406.0
2026-03-02 06:15:00,1772432100000,0.09726,0.09728,0.09595,0.09668,2685249.0
2026-03-02 06:30:00,1772433000000,0.09668,0.09696,0.09664,0.09681,826115.0
2026-03-02 06:45:00,1772433900000,0.09681,0.09682,0.09613,0.09643,1961665.0
2026-03-02 07:00:00,1772434800000,0.09643,0.0965,0.09561,0.09573,2164082.0
2026-03-02 07:15:00,1772435700000,0.09573,0.09638,0.09544,0.0963,1371721.0
2026-03-02 07:30:00,1772436600000,0.0963,0.09682,0.09621,0.09671,738173.0
2026-03-02 07:45:00,1772437500000,0.09671,0.09671,0.09631,0.09644,546755.0
2026-03-02 08:00:00,1772438400000,0.09644,0.09644,0.09541,0.09616,1672152.0
2026-03-02 08:15:00,1772439300000,0.09616,0.09616,0.09504,0.09527,1718328.0
2026-03-02 08:30:00,1772440200000,0.09527,0.09591,0.09512,0.09581,2180673.0
2026-03-02 08:45:00,1772441100000,0.09581,0.0968,0.09571,0.09659,838637.0
2026-03-02 09:00:00,1772442000000,0.09659,0.0972,0.09641,0.09689,1609889.0
2026-03-02 09:15:00,1772442900000,0.09689,0.09738,0.09661,0.09661,1281473.0
2026-03-02 09:30:00,1772443800000,0.09661,0.09698,0.09661,0.09682,714602.0
2026-03-02 09:45:00,1772444700000,0.09682,0.09682,0.09644,0.09644,731487.0
2026-03-02 10:00:00,1772445600000,0.09644,0.09684,0.09607,0.0962,1676190.0
2026-03-02 10:15:00,1772446500000,0.0962,0.09648,0.09611,0.09648,549597.0
2026-03-02 10:30:00,1772447400000,0.09648,0.09674,0.09619,0.09656,1288400.0
2026-03-02 10:45:00,1772448300000,0.09656,0.09657,0.09615,0.09655,343572.0
2026-03-02 11:00:00,1772449200000,0.09655,0.09687,0.09614,0.09671,2551841.0
2026-03-02 11:15:00,1772450100000,0.09671,0.09729,0.09662,0.09692,1565009.0
2026-03-02 11:30:00,1772451000000,0.09692,0.09753,0.09675,0.09737,1023090.0
2026-03-02 11:45:00,1772451900000,0.09737,0.09774,0.09708,0.09727,1317913.0
2026-03-02 12:00:00,1772452800000,0.09727,0.09729,0.09701,0.09718,617693.0
2026-03-02 12:15:00,1772453700000,0.09718,0.09721,0.09616,0.09631,2143894.0
2026-03-02 12:30:00,1772454600000,0.09631,0.09631,0.09588,0.09594,2092902.0
2026-03-02 12:45:00,1772455500000,0.09594,0.09625,0.09579,0.09599,773212.0
2026-03-02 13:00:00,1772456400000,0.09599,0.09611,0.09539,0.09555,2259541.0
2026-03-02 13:15:00,1772457300000,0.09555,0.0962,0.09536,0.09556,2917930.0
2026-03-02 13:30:00,1772458200000,0.09556,0.09589,0.09523,0.09552,1177309.0
2026-03-02 13:45:00,1772459100000,0.09552,0.09557,0.09486,0.09511,3072079.0
2026-03-02 14:00:00,1772460000000,0.09511,0.09531,0.09463,0.09518,1540706.0
2026-03-02 14:15:00,1772460900000,0.09518,0.09611,0.09514,0.09585,2900475.0
2026-03-02 14:30:00,1772461800000,0.09585,0.0975,0.09576,0.09735,7262605.0
2026-03-02 14:45:00,1772462700000,0.09735,0.09878,0.09711,0.09849,4609274.0
2026-03-02 15:00:00,1772463600000,0.09849,0.10058,0.09802,0.10045,7557521.0
2026-03-02 15:15:00,1772464500000,0.10045,0.10186,0.10019,0.10061,5140474.0
2026-03-02 15:30:00,1772465400000,0.10061,0.10263,0.09997,0.10243,6106100.0
2026-03-02 15:45:00,1772466300000,0.10243,0.10278,0.10054,0.10099,4403898.0
2026-03-02 16:00:00,1772467200000,0.10099,0.10413,0.10066,0.10409,8055608.0
2026-03-02 16:15:00,1772468100000,0.10409,0.10672,0.10267,0.10594,14463334.0
2026-03-02 16:30:00,1772469000000,0.10594,0.10767,0.10434,0.10638,12095889.0
2026-03-02 16:45:00,1772469900000,0.10638,0.10763,0.10504,0.1051,6142814.0
2026-03-02 17:00:00,1772470800000,0.1051,0.10589,0.10388,0.10408,5336265.0
2026-03-02 17:15:00,1772471700000,0.10408,0.10454,0.10339,0.10435,3937129.0
2026-03-02 17:30:00,1772472600000,0.10435,0.10437,0.10232,0.10246,5395249.0
2026-03-02 17:45:00,1772473500000,0.10246,0.10381,0.10219,0.10348,2728291.0
2026-03-02 18:00:00,1772474400000,0.10348,0.10512,0.10258,0.10502,5601330.0
2026-03-02 18:15:00,1772475300000,0.10502,0.10506,0.10406,0.10453,2977792.0
2026-03-02 18:30:00,1772476200000,0.10453,0.10469,0.10369,0.10405,1818680.0
2026-03-02 18:45:00,1772477100000,0.10405,0.10405,0.1031,0.10336,2506416.0
2026-03-02 19:00:00,1772478000000,0.10336,0.10351,0.10252,0.10286,3148807.0
2026-03-02 19:15:00,1772478900000,0.10286,0.10376,0.10284,0.10368,1508760.0
2026-03-02 19:30:00,1772479800000,0.10368,0.10452,0.10361,0.10398,1576946.0
2026-03-02 19:45:00,1772480700000,0.10398,0.10482,0.10377,0.10474,1676014.0
2026-03-02 20:00:00,1772481600000,0.10474,0.1065,0.10443,0.10494,3923451.0
2026-03-02 20:15:00,1772482500000,0.10494,0.10524,0.10436,0.10489,2169150.0
2026-03-02 20:30:00,1772483400000,0.10489,0.1049,0.10396,0.10428,1743061.0
2026-03-02 20:45:00,1772484300000,0.10428,0.1051,0.10381,0.10408,2325696.0
2026-03-02 21:00:00,1772485200000,0.10408,0.10417,0.10318,0.1037,1754866.0
2026-03-02 21:15:00,1772486100000,0.1037,0.10386,0.10317,0.10382,862327.0
2026-03-02 21:30:00,1772487000000,0.10382,0.10444,0.10382,0.1044,922919.0
2026-03-02 21:45:00,1772487900000,0.1044,0.10489,0.10408,0.1046,1491670.0
2026-03-02 22:00:00,1772488800000,0.1046,0.10552,0.10439,0.10503,1774112.0
2026-03-02 22:15:00,1772489700000,0.10503,0.10707,0.1048,0.10698,2281942.0
2026-03-02 22:30:00,1772490600000,0.10698,0.10907,0.10693,0.10788,3943940.0
2026-03-02 22:45:00,1772491500000,0.10788,0.10811,0.10639,0.10661,1563817.0
2026-03-02 23:00:00,1772492400000,0.10661,0.10667,0.10518,0.10552,2058869.0
2026-03-02 23:15:00,1772493300000,0.10552,0.10571,0.10469,0.10476,1776176.0
2026-03-02 23:30:00,1772494200000,0.10476,0.10478,0.10387,0.10406,2366846.0
