Open_time,Open_time,Open,High,Low,Close,Volume
2026-03-14 00:00:00,1773446400000,0.2653,0.2654,0.2642,0.2644,3826222.0
2026-03-14 00:15:00,1773447300000,0.2644,0.2647,0.2639,0.2643,1109501.0
2026-03-14 00:30:00,1773448200000,0.2643,0.2648,0.2637,0.2637,2506191.0
2026-03-14 00:45:00,1773449100000,0.2637,0.2641,0.2633,0.2639,1422927.0
2026-03-14 01:00:00,1773450000000,0.2639,0.2647,0.2636,0.2643,692223.0
2026-03-14 01:15:00,1773450900000,0.2643,0.2652,0.2643,0.2648,1356014.0
2026-03-14 01:30:00,1773451800000,0.2648,0.2651,0.2628,0.2643,4814650.0
2026-03-14 01:45:00,1773452700000,0.2643,0.2648,0.2642,0.2647,1673158.0
2026-03-14 02:00:00,1773453600000,0.2647,0.266,0.2644,0.2659,4332237.0
2026-03-14 02:15:00,1773454500000,0.2659,0.266,0.2633,0.2643,11082766.0
2026-03-14 02:30:00,1773455400000,0.2643,0.2645,0.2637,0.264,1697709.0
2026-03-14 02:45:00,1773456300000,0.264,0.2649,0.264,0.2645,984924.0
2026-03-14 03:00:00,1773457200000,0.2645,0.2655,0.2643,0.2654,1738949.0
2026-03-14 03:15:00,1773458100000,0.2654,0.2659,0.2653,0.2654,1239727.0
2026-03-14 03:30:00,1773459000000,0.2654,0.2659,0.2651,0.2652,1056379.0
2026-03-14 03:45:00,1773459900000,0.2652,0.2653,0.265,0.2652,401662.0
2026-03-14 04:00:00,1773460800000,0.2652,0.2655,0.2648,0.2651,1834475.0
2026-03-14 04:15:00,1773461700000,0.2651,0.2654,0.2646,0.2654,2104327.0
2026-03-14 04:30:00,1773462600000,0.2654,0.2664,0.2652,0.2662,1637574.0
2026-03-14 04:45:00,1773463500000,0.2662,0.2664,0.2644,0.2651,2770593.0
2026-03-14 05:00:00,1773464400000,0.2651,0.2653,0.2645,0.2646,967446.0
2026-03-14 05:15:00,1773465300000,0.2646,0.2647,0.2638,0.264,1134181.0
2026-03-14 05:30:00,1773466200000,0.264,0.2641,0.2629,0.2636,2297718.0
2026-03-14 05:45:00,1773467100000,0.2636,0.264,0.2634,0.2638,776518.0
2026-03-14 06:00:00,1773468000000,0.2638,0.2638,0.2632,0.2633,1011051.0
2026-03-14 06:15:00,1773468900000,0.2633,0.2634,0.2618,0.2621,5330168.0
2026-03-14 06:30:00,1773469800000,0.2621,0.2623,0.2613,0.2617,5843994.0
2026-03-14 06:45:00,1773470700000,0.2617,0.2627,0.2614,0.2623,2101121.0
2026-03-14 07:00:00,1773471600000,0.2623,0.2624,0.2616,0.2624,1398445.0
2026-03-14 07:15:00,1773472500000,0.2624,0.2626,0.2618,0.2622,2172631.0
2026-03-14 07:30:00,1773473400000,0.2622,0.2622,0.2609,0.2612,3483191.0
2026-03-14 07:45:00,1773474300000,0.2612,0.2623,0.2609,0.2616,2132184.0
2026-03-14 08:00:00,1773475200000,0.2616,0.2616,0.2607,0.2612,2469070.0
2026-03-14 08:15:00,1773476100000,0.2612,0.2617,0.261,0.2612,1588365.0
2026-03-14 08:30:00,1773477000000,0.2612,0.2614,0.2593,0.2606,11699172.0
2026-03-14 08:45:00,1773477900000,0.2606,0.2611,0.2606,0.261,913895.0
2026-03-14 09:00:00,1773478800000,0.261,0.2615,0.2607,0.2613,1672347.0
2026-03-14 09:15:00,1773479700000,0.2613,0.2613,0.2608,0.261,679584.0
2026-03-14 09:30:00,1773480600000,0.261,0.2611,0.2605,0.2606,2073226.0
2026-03-14 09:45:00,1773481500000,0.2606,0.2606,0.2595,0.26,2738036.0
2026-03-14 10:00:00,1773482400000,0.26,0.26,0.2593,0.2597,2332438.0
2026-03-14 10:15:00,1773483300000,0.2597,0.2597,0.259,0.2595,2619602.0
2026-03-14 10:30:00,1773484200000,0.2595,0.2596,0.2591,0.2593,1404646.0
2026-03-14 10:45:00,1773485100000,0.2593,0.2599,0.2591,0.2597,2130015.0
2026-03-14 11:00:00,1773486000000,0.2597,0.2601,0.2594,0.26,1508864.0
2026-03-14 11:15:00,1773486900000,0.26,0.2604,0.2599,0.2603,2279489.0
2026-03-14 11:30:00,1773487800000,0.2603,0.2607,0.2602,0.2606,588904.0
2026-03-14 11:45:00,1773488700000,0.2606,0.261,0.2605,0.2609,2499001.0
2026-03-14 12:00:00,1773489600000,0.2609,0.2609,0.2603,0.2606,1309845.0
2026-03-14 12:15:00,1773490500000,0.2606,0.2607,0.2602,0.2603,644158.0
2026-03-14 12:30:00,1773491400000,0.2603,0.2605,0.2598,0.26,1913905.0
2026-03-14 12:45:00,1773492300000,0.26,0.2608,0.2599,0.2608,1507714.0
2026-03-14 13:00:00,1773493200000,0.2608,0.2609,0.2604,0.2607,1348775.0
2026-03-14 13:15:00,1773494100000,0.2607,0.2618,0.2607,0.2617,2185331.0
2026-03-14 13:30:00,1773495000000,0.2617,0.2618,0.2612,0.2613,2408753.0
2026-03-14 13:45:00,1773495900000,0.2613,0.2613,0.2609,0.261,590375.0
2026-03-14 14:00:00,1773496800000,0.261,0.2614,0.2605,0.2607,3081063.0
2026-03-14 14:15:00,1773497700000,0.2607,0.2613,0.2604,0.2612,538433.0
2026-03-14 14:30:00,1773498600000,0.2612,0.2613,0.2598,0.2601,2399347.0
2026-03-14 14:45:00,1773499500000,0.2601,0.2605,0.26,0.26,642518.0
2026-03-14 15:00:00,1773500400000,0.26,0.2605,0.2597,0.2602,1391599.0
2026-03-14 15:15:00,1773501300000,0.2602,0.2604,0.2599,0.2602,1344264.0
2026-03-14 15:30:00,1773502200000,0.2602,0.2603,0.2598,0.2601,570337.0
2026-03-14 15:45:00,1773503100000,0.2601,0.2608,0.26,0.2605,583350.0
2026-03-14 16:00:00,1773504000000,0.2605,0.2611,0.2601,0.2608,2690993.0
2026-03-14 16:15:00,1773504900000,0.2608,0.2615,0.2608,0.2614,952443.0
2026-03-14 16:30:00,1773505800000,0.2614,0.2614,0.261,0.261,549050.0
2026-03-14 16:45:00,1773506700000,0.261,0.2613,0.2607,0.2612,675298.0
2026-03-14 17:00:00,1773507600000,0.2612,0.2612,0.2604,0.2607,687410.0
2026-03-14 17:15:00,1773508500000,0.2607,0.2608,0.2599,0.2604,3467419.0
2026-03-14 17:30:00,1773509400000,0.2604,0.2604,0.2599,0.26,481895.0
2026-03-14 17:45:00,1773510300000,0.26,0.2601,0.2595,0.2598,1196067.0
2026-03-14 18:00:00,1773511200000,0.2598,0.2598,0.2583,0.2586,4454641.0
2026-03-14 18:15:00,1773512100000,0.2586,0.2593,0.2584,0.2592,1283608.0
2026-03-14 18:30:00,1773513000000,0.2592,0.2595,0.2589,0.259,673136.0
2026-03-14 18:45:00,1773513900000,0.259,0.2593,0.2587,0.2589,2131611.0
2026-03-14 19:00:00,1773514800000,0.2589,0.259,0.2585,0.2588,653492.0
2026-03-14 19:15:00,1773515700000,0.2588,0.2589,0.2585,0.2588,719523.0
2026-03-14 19:30:00,1773516600000,0.2588,0.2595,0.2587,0.2595,1308732.0
2026-03-14 19:45:00,1773517500000,0.2595,0.2595,0.2589,0.259,804257.0
2026-03-14 20:00:00,1773518400000,0.259,0.2592,0.2586,0.259,866895.0
2026-03-14 20:15:00,1773519300000,0.259,0.2591,0.2587,0.259,480916.0
2026-03-14 20:30:00,1773520200000,0.259,0.2596,0.2589,0.2595,1568636.0
2026-03-14 20:45:00,1773521100000,0.2595,0.2596,0.2592,0.2595,679999.0
2026-03-14 21:00:00,1773522000000,0.2595,0.2596,0.2587,0.2589,2971130.0
2026-03-14 21:15:00,1773522900000,0.2589,0.2591,0.2587,0.2589,640365.0
2026-03-14 21:30:00,1773523800000,0.2589,0.2602,0.2589,0.2597,2437746.0
2026-03-14 21:45:00,1773524700000,0.2597,0.2603,0.2596,0.26,722733.0
2026-03-14 22:00:00,1773525600000,0.26,0.2607,0.2597,0.2604,1427721.0
2026-03-14 22:15:00,1773526500000,0.2604,0.2605,0.26,0.2603,793079.0
2026-03-14 22:30:00,1773527400000,0.2603,0.2607,0.2602,0.2605,745174.0
2026-03-14 22:45:00,1773528300000,0.2605,0.2606,0.2601,0.2601,249348.0
2026-03-14 23:00:00,1773529200000,0.2601,0.2624,0.2601,0.2617,5260609.0
2026-03-14 23:15:00,1773530100000,0.2617,0.2618,0.2611,0.2617,1284807.0
2026-03-14 23:30:00,1773531000000,0.2617,0.2627,0.2616,0.2622,1951317.0
2026-03-14 23:45:00,1773531900000,0.2622,0.2639,0.2622,0.2634,2646115.0
2026-03-15 00:00:00,1773532800000,0.2634,0.2638,0.2624,0.2627,1834421.0
2026-03-15 00:15:00,1773533700000,0.2627,0.263,0.2617,0.2627,1683450.0
2026-03-15 00:30:00,1773534600000,0.2627,0.2627,0.2619,0.2622,1131041.0
2026-03-15 00:45:00,1773535500000,0.2622,0.2623,0.2619,0.262,546773.0
2026-03-15 01:00:00,1773536400000,0.262,0.2623,0.2611,0.2613,718500.0
2026-03-15 01:15:00,1773537300000,0.2613,0.2619,0.2612,0.2616,1368666.0
2026-03-15 01:30:00,1773538200000,0.2616,0.2617,0.2612,0.2614,508664.0
2026-03-15 01:45:00,1773539100000,0.2614,0.2617,0.2611,0.2616,347786.0
2026-03-15 02:00:00,1773540000000,0.2616,0.2639,0.2615,0.2636,2642204.0
2026-03-15 02:15:00,1773540900000,0.2636,0.2638,0.2628,0.2631,824377.0
2026-03-15 02:30:00,1773541800000,0.2631,0.2648,0.2628,0.2647,1689250.0
2026-03-15 02:45:00,1773542700000,0.2647,0.266,0.2645,0.265,4928642.0
2026-03-15 03:00:00,1773543600000,0.265,0.2658,0.265,0.2654,1569020.0
2026-03-15 03:15:00,1773544500000,0.2654,0.2654,0.2637,0.2639,2543391.0
2026-03-15 03:30:00,1773545400000,0.2639,0.2642,0.2635,0.2641,1051744.0
2026-03-15 03:45:00,1773546300000,0.2641,0.2647,0.2634,0.2647,1020319.0
2026-03-15 04:00:00,1773547200000,0.2647,0.266,0.2646,0.2657,1343290.0
2026-03-15 04:15:00,1773548100000,0.2657,0.2666,0.2645,0.2648,8649801.0
2026-03-15 04:30:00,1773549000000,0.2648,0.2649,0.264,0.2648,1411568.0
2026-03-15 04:45:00,1773549900000,0.2648,0.2654,0.2642,0.2654,748231.0
2026-03-15 05:00:00,1773550800000,0.2654,0.2655,0.2649,0.2653,644380.0
2026-03-15 05:15:00,1773551700000,0.2653,0.2671,0.265,0.2655,2714650.0
2026-03-15 05:30:00,1773552600000,0.2655,0.266,0.265,0.2658,1450890.0
2026-03-15 05:45:00,1773553500000,0.2658,0.266,0.2649,0.2651,1177848.0
2026-03-15 06:00:00,1773554400000,0.2651,0.2656,0.265,0.2654,655017.0
2026-03-15 06:15:00,1773555300000,0.2654,0.2654,0.2644,0.2645,1925212.0
2026-03-15 06:30:00,1773556200000,0.2645,0.2645,0.263,0.2632,2435610.0
2026-03-15 06:45:00,1773557100000,0.2632,0.2641,0.2631,0.2639,1154948.0
2026-03-15 07:00:00,1773558000000,0.2639,0.2654,0.2637,0.2651,2579710.0
2026-03-15 07:15:00,1773558900000,0.2651,0.2655,0.2646,0.2646,1215107.0
2026-03-15 07:30:00,1773559800000,0.2646,0.2646,0.264,0.2641,664040.0
2026-03-15 07:45:00,1773560700000,0.2641,0.2648,0.2641,0.2645,581784.0
2026-03-15 08:00:00,1773561600000,0.2645,0.2654,0.2644,0.265,2135896.0
2026-03-15 08:15:00,1773562500000,0.265,0.2654,0.2649,0.2649,552826.0
2026-03-15 08:30:00,1773563400000,0.2649,0.2653,0.2649,0.2653,204468.0
2026-03-15 08:45:00,1773564300000,0.2653,0.2657,0.2651,0.2656,568991.0
2026-03-15 09:00:00,1773565200000,0.2656,0.2663,0.2653,0.2655,3319256.0
2026-03-15 09:15:00,1773566100000,0.2655,0.2661,0.2653,0.2654,543728.0
2026-03-15 09:30:00,1773567000000,0.2654,0.2655,0.2649,0.2651,1314250.0
2026-03-15 09:45:00,1773567900000,0.2651,0.2652,0.2646,0.2647,653513.0
2026-03-15 10:00:00,1773568800000,0.2647,0.2654,0.2645,0.2649,3386715.0
2026-03-15 10:15:00,1773569700000,0.2649,0.2657,0.2648,0.2654,812504.0
2026-03-15 10:30:00,1773570600000,0.2654,0.2656,0.2649,0.2651,1515220.0
2026-03-15 10:45:00,1773571500000,0.2651,0.2655,0.2651,0.2655,425136.0
2026-03-15 11:00:00,1773572400000,0.2655,0.2658,0.2652,0.2658,723582.0
2026-03-15 11:15:00,1773573300000,0.2658,0.2659,0.2654,0.2655,719027.0
2026-03-15 11:30:00,1773574200000,0.2655,0.2657,0.2649,0.2654,949367.0
2026-03-15 11:45:00,1773575100000,0.2654,0.2659,0.2654,0.2655,964996.0
2026-03-15 12:00:00,1773576000000,0.2655,0.2656,0.2648,0.2648,609332.0
2026-03-15 12:15:00,1773576900000,0.2648,0.2656,0.2647,0.2656,375952.0
2026-03-15 12:30:00,1773577800000,0.2656,0.266,0.2651,0.2652,931387.0
2026-03-15 12:45:00,1773578700000,0.2652,0.2657,0.2651,0.2656,686477.0
2026-03-15 13:00:00,1773579600000,0.2656,0.2663,0.2636,0.2643,4071659.0
2026-03-15 13:15:00,1773580500000,0.2643,0.2644,0.2631,0.2639,2628908.0
2026-03-15 13:30:00,1773581400000,0.2639,0.2642,0.2621,0.2631,7816991.0
2026-03-15 13:45:00,1773582300000,0.2631,0.2641,0.2629,0.2641,1427967.0
2026-03-15 14:00:00,1773583200000,0.2641,0.2647,0.2638,0.2644,1410670.0
2026-03-15 14:15:00,1773584100000,0.2644,0.2644,0.2629,0.2632,1595413.0
2026-03-15 14:30:00,1773585000000,0.2632,0.2634,0.2625,0.2632,1202917.0
2026-03-15 14:45:00,1773585900000,0.2632,0.2641,0.263,0.2641,2210375.0
2026-03-15 15:00:00,1773586800000,0.2641,0.2646,0.2639,0.2643,1435288.0
2026-03-15 15:15:00,1773587700000,0.2643,0.2644,0.2633,0.2634,1335890.0
2026-03-15 15:30:00,1773588600000,0.2634,0.264,0.2632,0.264,1046664.0
2026-03-15 15:45:00,1773589500000,0.264,0.264,0.2633,0.2635,631234.0
2026-03-15 16:00:00,1773590400000,0.2635,0.2644,0.2633,0.2643,1061774.0
2026-03-15 16:15:00,1773591300000,0.2643,0.2644,0.2629,0.2633,1669062.0
2026-03-15 16:30:00,1773592200000,0.2633,0.2635,0.2624,0.2632,1159432.0
2026-03-15 16:45:00,1773593100000,0.2632,0.2635,0.2625,0.2627,1441055.0
2026-03-15 17:00:00,1773594000000,0.2627,0.2634,0.2625,0.2631,840487.0
2026-03-15 17:15:00,1773594900000,0.2631,0.2636,0.2629,0.2629,619289.0
2026-03-15 17:30:00,1773595800000,0.2629,0.2632,0.2627,0.2628,746732.0
2026-03-15 17:45:00,1773596700000,0.2628,0.2654,0.2627,0.2645,2985205.0
2026-03-15 18:00:00,1773597600000,0.2645,0.2648,0.2642,0.2643,1307849.0
2026-03-15 18:15:00,1773598500000,0.2643,0.2644,0.2638,0.264,704415.0
2026-03-15 18:30:00,1773599400000,0.264,0.2646,0.264,0.2641,1131252.0
2026-03-15 18:45:00,1773600300000,0.2641,0.2642,0.2619,0.2626,4436288.0
2026-03-15 19:00:00,1773601200000,0.2626,0.2637,0.2623,0.2636,1818875.0
2026-03-15 19:15:00,1773602100000,0.2636,0.264,0.2631,0.2637,1688204.0
2026-03-15 19:30:00,1773603000000,0.2637,0.2639,0.2631,0.2633,437758.0
2026-03-15 19:45:00,1773603900000,0.2633,0.2637,0.2629,0.2635,470833.0
2026-03-15 20:00:00,1773604800000,0.2635,0.2636,0.2627,0.2627,1936432.0
2026-03-15 20:15:00,1773605700000,0.2627,0.2629,0.2624,0.2626,560296.0
2026-03-15 20:30:00,1773606600000,0.2626,0.2653,0.2626,0.2646,3255147.0
2026-03-15 20:45:00,1773607500000,0.2646,0.2648,0.264,0.2642,617415.0
2026-03-15 21:00:00,1773608400000,0.2642,0.2644,0.2635,0.2637,1401320.0
2026-03-15 21:15:00,1773609300000,0.2637,0.2648,0.2636,0.2643,519728.0
2026-03-15 21:30:00,1773610200000,0.2643,0.2673,0.2642,0.2666,4783635.0
2026-03-15 21:45:00,1773611100000,0.2666,0.267,0.2659,0.2665,948624.0
2026-03-15 22:00:00,1773612000000,0.2665,0.2687,0.2652,0.2655,5732342.0
2026-03-15 22:15:00,1773612900000,0.2655,0.266,0.2645,0.2659,3868205.0
2026-03-15 22:30:00,1773613800000,0.2659,0.2701,0.2659,0.2697,10470684.0
2026-03-15 22:45:00,1773614700000,0.2697,0.2715,0.2696,0.2704,8256395.0
2026-03-15 23:00:00,1773615600000,0.2704,0.2719,0.2704,0.2709,9252619.0
2026-03-15 23:15:00,1773616500000,0.2709,0.2713,0.2679,0.2684,6093023.0
2026-03-15 23:30:00,1773617400000,0.2684,0.2698,0.2676,0.2694,3009467.0
2026-03-15 23:45:00,1773618300000,0.2694,0.2701,0.269,0.27,2003879.0
2026-03-16 00:00:00,1773619200000,0.27,0.2725,0.2699,0.2715,7571368.0
2026-03-16 00:15:00,1773620100000,0.2715,0.2722,0.2702,0.2703,2312815.0
2026-03-16 00:30:00,1773621000000,0.2703,0.2709,0.2692,0.27,3127712.0
2026-03-16 00:45:00,1773621900000,0.27,0.271,0.27,0.2705,1246510.0
2026-03-16 01:00:00,1773622800000,0.2705,0.2709,0.2687,0.2692,2161294.0
2026-03-16 01:15:00,1773623700000,0.2692,0.2719,0.2691,0.2716,4081612.0
2026-03-16 01:30:00,1773624600000,0.2716,0.2717,0.2702,0.271,2031744.0
2026-03-16 01:45:00,1773625500000,0.271,0.272,0.2707,0.2713,1299840.0
2026-03-16 02:00:00,1773626400000,0.2713,0.272,0.2708,0.271,1229982.0
2026-03-16 02:15:00,1773627300000,0.271,0.2713,0.2685,0.2689,6177871.0
2026-03-16 02:30:00,1773628200000,0.2689,0.2697,0.2686,0.2695,1104087.0
2026-03-16 02:45:00,1773629100000,0.2695,0.2716,0.2692,0.2709,2418240.0
2026-03-16 03:00:00,1773630000000,0.2709,0.2718,0.2702,0.2713,1372928.0
2026-03-16 03:15:00,1773630900000,0.2713,0.2739,0.2709,0.2729,8393515.0
2026-03-16 03:30:00,1773631800000,0.2729,0.2804,0.2729,0.278,28251106.0
2026-03-16 03:45:00,1773632700000,0.278,0.2785,0.2762,0.2772,4761364.0
2026-03-16 04:00:00,1773633600000,0.2772,0.2802,0.2772,0.2802,5563273.0
2026-03-16 04:15:00,1773634500000,0.2802,0.2844,0.28,0.2803,19359934.0
2026-03-16 04:30:00,1773635400000,0.2803,0.282,0.2802,0.2814,6675416.0
2026-03-16 04:45:00,1773636300000,0.2814,0.2842,0.2814,0.2829,8571527.0
2026-03-16 05:00:00,1773637200000,0.2829,0.285,0.2819,0.2838,10241250.0
2026-03-16 05:15:00,1773638100000,0.2838,0.2855,0.2831,0.2853,6909222.0
2026-03-16 05:30:00,1773639000000,0.2853,0.2871,0.2839,0.2868,9432260.0
2026-03-16 05:45:00,1773639900000,0.2868,0.2896,0.2861,0.2884,11173138.0
2026-03-16 06:00:00,1773640800000,0.2884,0.2887,0.286,0.2873,9257851.0
2026-03-16 06:15:00,1773641700000,0.2873,0.2908,0.287,0.289,10432254.0
2026-03-16 06:30:00,1773642600000,0.289,0.2915,0.2886,0.291,6573964.0
2026-03-16 06:45:00,1773643500000,0.291,0.2911,0.2893,0.2898,4371571.0
2026-03-16 07:00:00,1773644400000,0.2898,0.2925,0.2896,0.2918,8066287.0
2026-03-16 07:15:00,1773645300000,0.2918,0.2918,0.2898,0.29,8846117.0
2026-03-16 07:30:00,1773646200000,0.29,0.2907,0.2892,0.2899,3972721.0
2026-03-16 07:45:00,1773647100000,0.2899,0.2908,0.289,0.2898,6050762.0
2026-03-16 08:00:00,1773648000000,0.2898,0.2935,0.2898,0.2907,7536902.0
2026-03-16 08:15:00,1773648900000,0.2907,0.2909,0.2871,0.2871,7811148.0
2026-03-16 08:30:00,1773649800000,0.2871,0.2873,0.2854,0.2855,8681935.0
2026-03-16 08:45:00,1773650700000,0.2855,0.2865,0.2844,0.2845,5535676.0
2026-03-16 09:00:00,1773651600000,0.2845,0.2861,0.2844,0.2855,3055498.0
2026-03-16 09:15:00,1773652500000,0.2855,0.2868,0.2853,0.2867,5204752.0
2026-03-16 09:30:00,1773653400000,0.2867,0.2883,0.2864,0.2882,3412352.0
2026-03-16 09:45:00,1773654300000,0.2882,0.2895,0.288,0.2881,4467126.0
2026-03-16 10:00:00,1773655200000,0.2881,0.2887,0.2872,0.2873,4543434.0
2026-03-16 10:15:00,1773656100000,0.2873,0.2877,0.2865,0.2869,3034954.0
2026-03-16 10:30:00,1773657000000,0.2869,0.2869,0.2853,0.2858,4370409.0
2026-03-16 10:45:00,1773657900000,0.2858,0.2868,0.2855,0.2867,5659067.0
2026-03-16 11:00:00,1773658800000,0.2867,0.288,0.2863,0.2864,5623838.0
2026-03-16 11:15:00,1773659700000,0.2864,0.2872,0.2851,0.2852,3762997.0
2026-03-16 11:30:00,1773660600000,0.2852,0.2858,0.2841,0.2848,4697190.0
2026-03-16 11:45:00,1773661500000,0.2848,0.2857,0.2848,0.2853,2771429.0
2026-03-16 12:00:00,1773662400000,0.2853,0.2864,0.2846,0.2857,6549947.0
2026-03-16 12:15:00,1773663300000,0.2857,0.2864,0.285,0.2861,6363333.0
2026-03-16 12:30:00,1773664200000,0.2861,0.2869,0.2852,0.2856,8288745.0
2026-03-16 12:45:00,1773665100000,0.2856,0.2858,0.2845,0.2849,2322827.0
2026-03-16 13:00:00,1773666000000,0.2849,0.2861,0.2842,0.286,2821130.0
2026-03-16 13:15:00,1773666900000,0.286,0.2865,0.2849,0.2858,1930040.0
2026-03-16 13:30:00,1773667800000,0.2858,0.2891,0.2855,0.2866,11001065.0
2026-03-16 13:45:00,1773668700000,0.2866,0.2879,0.2841,0.2852,6630045.0
2026-03-16 14:00:00,1773669600000,0.2852,0.2874,0.2845,0.2868,5564652.0
2026-03-16 14:15:00,1773670500000,0.2868,0.2873,0.2835,0.2837,4996322.0
2026-03-16 14:30:00,1773671400000,0.2837,0.2846,0.2821,0.283,11100319.0
2026-03-16 14:45:00,1773672300000,0.283,0.2865,0.2824,0.2864,7968508.0
2026-03-16 15:00:00,1773673200000,0.2864,0.287,0.2847,0.286,6754262.0
2026-03-16 15:15:00,1773674100000,0.286,0.2868,0.2851,0.2865,4592109.0
2026-03-16 15:30:00,1773675000000,0.2865,0.2873,0.2847,0.2849,5821782.0
2026-03-16 15:45:00,1773675900000,0.2849,0.2852,0.2832,0.2835,3095659.0
2026-03-16 16:00:00,1773676800000,0.2835,0.2856,0.2833,0.2845,3540045.0
2026-03-16 16:15:00,1773677700000,0.2845,0.2857,0.2844,0.2855,2173831.0
2026-03-16 16:30:00,1773678600000,0.2855,0.2866,0.2848,0.2861,2241565.0
2026-03-16 16:45:00,1773679500000,0.2861,0.2873,0.2853,0.2871,3900798.0
2026-03-16 17:00:00,1773680400000,0.2871,0.2874,0.2857,0.2858,5761276.0
2026-03-16 17:15:00,1773681300000,0.2858,0.2859,0.2845,0.2848,2046910.0
2026-03-16 17:30:00,1773682200000,0.2848,0.2862,0.2845,0.2859,3573238.0
2026-03-16 17:45:00,1773683100000,0.2859,0.2867,0.2853,0.2867,2842579.0
2026-03-16 18:00:00,1773684000000,0.2867,0.2882,0.2861,0.2872,8229712.0
2026-03-16 18:15:00,1773684900000,0.2872,0.2887,0.2869,0.288,3968091.0
2026-03-16 18:30:00,1773685800000,0.288,0.2881,0.2866,0.2872,3603308.0
2026-03-16 18:45:00,1773686700000,0.2872,0.2874,0.2863,0.2866,3087757.0
2026-03-16 19:00:00,1773687600000,0.2866,0.2896,0.286,0.2888,5327355.0
2026-03-16 19:15:00,1773688500000,0.2888,0.2895,0.2873,0.2881,1993615.0
2026-03-16 19:30:00,1773689400000,0.2881,0.2887,0.288,0.2882,1717712.0
2026-03-16 19:45:00,1773690300000,0.2882,0.2882,0.2871,0.2881,1839273.0
2026-03-16 20:00:00,1773691200000,0.2881,0.2882,0.2873,0.288,1503805.0
2026-03-16 20:15:00,1773692100000,0.288,0.2884,0.2874,0.2881,1180443.0
2026-03-16 20:30:00,1773693000000,0.2881,0.2889,0.2877,0.2879,2311111.0
2026-03-16 20:45:00,1773693900000,0.2879,0.2881,0.2874,0.2876,1493692.0
2026-03-16 21:00:00,1773694800000,0.2876,0.2886,0.2866,0.288,5241854.0
2026-03-16 21:15:00,1773695700000,0.288,0.2881,0.2866,0.2868,2259637.0
2026-03-16 21:30:00,1773696600000,0.2868,0.2904,0.2867,0.2881,5973526.0
2026-03-16 21:45:00,1773697500000,0.2881,0.289,0.2871,0.2873,3304373.0
2026-03-16 22:00:00,1773698400000,0.2873,0.2908,0.2872,0.2897,6309736.0
2026-03-16 22:15:00,1773699300000,0.2897,0.29,0.2885,0.2892,1922005.0
2026-03-16 22:30:00,1773700200000,0.2892,0.2906,0.2891,0.2902,3205417.0
2026-03-16 22:45:00,1773701100000,0.2902,0.2916,0.2898,0.2914,4523039.0
2026-03-16 23:00:00,1773702000000,0.2914,0.2914,0.2877,0.2885,5261192.0
2026-03-16 23:15:00,1773702900000,0.2885,0.2902,0.2885,0.2902,2219317.0
2026-03-16 23:30:00,1773703800000,0.2902,0.2912,0.29,0.2912,1743932.0
2026-03-16 23:45:00,1773704700000,0.2912,0.2916,0.2897,0.2902,2205761.0
2026-03-17 00:00:00,1773705600000,0.2902,0.2926,0.2888,0.2921,6640792.0
2026-03-17 00:15:00,1773706500000,0.2921,0.2921,0.2883,0.2902,5925964.0
2026-03-17 00:30:00,1773707400000,0.2902,0.2912,0.2893,0.2897,4732726.0
2026-03-17 00:45:00,1773708300000,0.2897,0.2904,0.2889,0.2902,2133932.0
2026-03-17 01:00:00,1773709200000,0.2902,0.2924,0.2888,0.2914,6084146.0
2026-03-17 01:15:00,1773710100000,0.2914,0.2917,0.2896,0.2917,3056247.0
2026-03-17 01:30:00,1773711000000,0.2917,0.2924,0.2893,0.29,8182297.0
2026-03-17 01:45:00,1773711900000,0.29,0.291,0.289,0.2906,1468608.0
2026-03-17 02:00:00,1773712800000,0.2906,0.2909,0.2891,0.29,2175929.0
2026-03-17 02:15:00,1773713700000,0.29,0.2908,0.2897,0.29,2139808.0
2026-03-17 02:30:00,1773714600000,0.29,0.2927,0.2893,0.2925,3698074.0
2026-03-17 02:45:00,1773715500000,0.2925,0.2931,0.2913,0.2913,4197818.0
2026-03-17 03:00:00,1773716400000,0.2913,0.2914,0.2891,0.2893,2998704.0
2026-03-17 03:15:00,1773717300000,0.2893,0.2893,0.2871,0.2879,4710839.0
2026-03-17 03:30:00,1773718200000,0.2879,0.2879,0.2848,0.2851,5910963.0
2026-03-17 03:45:00,1773719100000,0.2851,0.2857,0.284,0.2855,6672326.0
2026-03-17 04:00:00,1773720000000,0.2855,0.2864,0.2853,0.2858,2654171.0
2026-03-17 04:15:00,1773720900000,0.2858,0.286,0.2842,0.2847,5568290.0
2026-03-17 04:30:00,1773721800000,0.2847,0.285,0.282,0.2831,8591825.0
2026-03-17 04:45:00,1773722700000,0.2831,0.2843,0.2825,0.284,3178047.0
2026-03-17 05:00:00,1773723600000,0.284,0.2846,0.2831,0.2838,3271071.0
2026-03-17 05:15:00,1773724500000,0.2838,0.2851,0.2838,0.2841,2819577.0
2026-03-17 05:30:00,1773725400000,0.2841,0.2842,0.2818,0.2819,6528708.0
2026-03-17 05:45:00,1773726300000,0.2819,0.2835,0.2816,0.2832,3830945.0
2026-03-17 06:00:00,1773727200000,0.2832,0.2843,0.2821,0.2842,3344658.0
2026-03-17 06:15:00,1773728100000,0.2842,0.2851,0.2838,0.2845,2647180.0
2026-03-17 06:30:00,1773729000000,0.2845,0.2849,0.2834,0.2836,2981928.0
2026-03-17 06:45:00,1773729900000,0.2836,0.2842,0.2834,0.2839,1019858.0
2026-03-17 07:00:00,1773730800000,0.2839,0.2864,0.2838,0.2863,3314052.0
2026-03-17 07:15:00,1773731700000,0.2863,0.2883,0.2862,0.2875,6472671.0
2026-03-17 07:30:00,1773732600000,0.2875,0.2879,0.2867,0.2872,1602088.0
2026-03-17 07:45:00,1773733500000,0.2872,0.2872,0.2863,0.2864,922355.0
2026-03-17 08:00:00,1773734400000,0.2864,0.2873,0.2855,0.2865,2065610.0
2026-03-17 08:15:00,1773735300000,0.2865,0.2869,0.2857,0.2863,596074.0
2026-03-17 08:30:00,1773736200000,0.2863,0.2878,0.2862,0.2876,1621174.0
2026-03-17 08:45:00,1773737100000,0.2876,0.2878,0.2858,0.286,1974446.0
2026-03-17 09:00:00,1773738000000,0.286,0.2862,0.2849,0.2856,2959320.0
2026-03-17 09:15:00,1773738900000,0.2856,0.2878,0.2851,0.2872,3555866.0
2026-03-17 09:30:00,1773739800000,0.2872,0.2872,0.286,0.2865,1514710.0
2026-03-17 09:45:00,1773740700000,0.2865,0.2867,0.2856,0.2863,1587558.0
2026-03-17 10:00:00,1773741600000,0.2863,0.2867,0.2852,0.2864,3213514.0
2026-03-17 10:15:00,1773742500000,0.2864,0.2865,0.2852,0.2856,2023493.0
2026-03-17 10:30:00,1773743400000,0.2856,0.2864,0.2853,0.2863,1030716.0
2026-03-17 10:45:00,1773744300000,0.2863,0.2866,0.2858,0.2865,996715.0
2026-03-17 11:00:00,1773745200000,0.2865,0.2875,0.2864,0.2875,2443549.0
2026-03-17 11:15:00,1773746100000,0.2875,0.2884,0.2874,0.2879,3093489.0
2026-03-17 11:30:00,1773747000000,0.2879,0.2879,0.2867,0.2874,1504793.0
2026-03-17 11:45:00,1773747900000,0.2874,0.2876,0.2864,0.2867,1627689.0
2026-03-17 12:00:00,1773748800000,0.2867,0.2871,0.286,0.2861,1943423.0
2026-03-17 12:15:00,1773749700000,0.2861,0.2874,0.2851,0.2854,3120831.0
2026-03-17 12:30:00,1773750600000,0.2854,0.2854,0.2834,0.2843,4940484.0
2026-03-17 12:45:00,1773751500000,0.2843,0.2845,0.2834,0.2842,3282362.0
2026-03-17 13:00:00,1773752400000,0.2842,0.2851,0.2839,0.2847,1082561.0
2026-03-17 13:15:00,1773753300000,0.2847,0.2849,0.2842,0.2846,1802976.0
2026-03-17 13:30:00,1773754200000,0.2846,0.2875,0.2844,0.2853,6899495.0
2026-03-17 13:45:00,1773755100000,0.2853,0.2858,0.2838,0.2851,5262139.0
2026-03-17 14:00:00,1773756000000,0.2851,0.2869,0.284,0.2861,4659468.0
2026-03-17 14:15:00,1773756900000,0.2861,0.2872,0.2847,0.2868,3837629.0
2026-03-17 14:30:00,1773757800000,0.2868,0.2883,0.2868,0.287,3252913.0
2026-03-17 14:45:00,1773758700000,0.287,0.2876,0.2858,0.2869,2417887.0
2026-03-17 15:00:00,1773759600000,0.2869,0.2894,0.2862,0.2863,6552679.0
2026-03-17 15:15:00,1773760500000,0.2863,0.2871,0.2859,0.2863,2058886.0
2026-03-17 15:30:00,1773761400000,0.2863,0.2871,0.2841,0.2854,6251744.0
2026-03-17 15:45:00,1773762300000,0.2854,0.2867,0.2849,0.2863,2444899.0
2026-03-17 16:00:00,1773763200000,0.2863,0.287,0.2858,0.2864,2200459.0
2026-03-17 16:15:00,1773764100000,0.2864,0.2885,0.2863,0.287,3524428.0
2026-03-17 16:30:00,1773765000000,0.287,0.2874,0.2856,0.2862,4614423.0
2026-03-17 16:45:00,1773765900000,0.2862,0.287,0.2856,0.2865,490534.0
2026-03-17 17:00:00,1773766800000,0.2865,0.288,0.2863,0.2873,1379040.0
2026-03-17 17:15:00,1773767700000,0.2873,0.2884,0.2872,0.2877,1489059.0
2026-03-17 17:30:00,1773768600000,0.2877,0.2882,0.2872,0.2881,1106994.0
2026-03-17 17:45:00,1773769500000,0.2881,0.2893,0.2881,0.2892,1266116.0
2026-03-17 18:00:00,1773770400000,0.2892,0.2908,0.2891,0.2898,3069718.0
2026-03-17 18:15:00,1773771300000,0.2898,0.2905,0.2893,0.2894,2215218.0
2026-03-17 18:30:00,1773772200000,0.2894,0.2913,0.2894,0.2906,3511479.0
2026-03-17 18:45:00,1773773100000,0.2906,0.291,0.2893,0.2899,1333943.0
2026-03-17 19:00:00,1773774000000,0.2899,0.2902,0.2887,0.2892,4551319.0
2026-03-17 19:15:00,1773774900000,0.2892,0.2894,0.2885,0.289,1273272.0
2026-03-17 19:30:00,1773775800000,0.289,0.2899,0.2887,0.2895,688200.0
2026-03-17 19:45:00,1773776700000,0.2895,0.2895,0.288,0.2882,3662271.0
2026-03-17 20:00:00,1773777600000,0.2882,0.2887,0.2876,0.2877,1035304.0
2026-03-17 20:15:00,1773778500000,0.2877,0.2895,0.2877,0.2891,2061713.0
2026-03-17 20:30:00,1773779400000,0.2891,0.2892,0.2882,0.2887,958009.0
2026-03-17 20:45:00,1773780300000,0.2887,0.2892,0.2884,0.2891,557483.0
2026-03-17 21:00:00,1773781200000,0.2891,0.2921,0.2891,0.2912,4292553.0
2026-03-17 21:15:00,1773782100000,0.2912,0.2915,0.289,0.2899,2483902.0
2026-03-17 21:30:00,1773783000000,0.2899,0.2911,0.2895,0.2906,1768589.0
2026-03-17 21:45:00,1773783900000,0.2906,0.291,0.2898,0.2904,603851.0
2026-03-17 22:00:00,1773784800000,0.2904,0.2918,0.2901,0.2913,1453499.0
2026-03-17 22:15:00,1773785700000,0.2913,0.2914,0.2904,0.2904,1876506.0
2026-03-17 22:30:00,1773786600000,0.2904,0.2907,0.2893,0.2905,2757253.0
2026-03-17 22:45:00,1773787500000,0.2905,0.2913,0.2904,0.2912,1412715.0
2026-03-17 23:00:00,1773788400000,0.2912,0.2916,0.2909,0.291,1386568.0
2026-03-17 23:15:00,1773789300000,0.291,0.291,0.2895,0.2899,1155687.0
2026-03-17 23:30:00,1773790200000,0.2899,0.2899,0.2882,0.2886,2232811.0
2026-03-17 23:45:00,1773791100000,0.2886,0.2892,0.2885,0.2887,1099313.0
2026-03-18 00:00:00,1773792000000,0.2887,0.2895,0.2872,0.2877,4483329.0
2026-03-18 00:15:00,1773792900000,0.2877,0.2879,0.2866,0.2873,3636482.0
2026-03-18 00:30:00,1773793800000,0.2873,0.2873,0.2862,0.2873,3429700.0
2026-03-18 00:45:00,1773794700000,0.2873,0.2884,0.2873,0.2881,1927784.0
2026-03-18 01:00:00,1773795600000,0.2881,0.2898,0.288,0.2886,2312531.0
2026-03-18 01:15:00,1773796500000,0.2886,0.2893,0.2883,0.2888,564013.0
2026-03-18 01:30:00,1773797400000,0.2888,0.2897,0.2888,0.2889,1235292.0
2026-03-18 01:45:00,1773798300000,0.2889,0.2892,0.288,0.2884,510255.0
2026-03-18 02:00:00,1773799200000,0.2884,0.2904,0.2881,0.2904,1429509.0
2026-03-18 02:15:00,1773800100000,0.2904,0.2908,0.2894,0.2897,1249034.0
2026-03-18 02:30:00,1773801000000,0.2897,0.2916,0.2897,0.2906,2319375.0
2026-03-18 02:45:00,1773801900000,0.2906,0.291,0.2902,0.2904,651910.0
2026-03-18 03:00:00,1773802800000,0.2904,0.2907,0.29,0.2901,765425.0
2026-03-18 03:15:00,1773803700000,0.2901,0.2924,0.2899,0.2918,3911006.0
2026-03-18 03:30:00,1773804600000,0.2918,0.2938,0.2911,0.2914,7169459.0
2026-03-18 03:45:00,1773805500000,0.2914,0.2916,0.2909,0.2915,1143996.0
2026-03-18 04:00:00,1773806400000,0.2915,0.2919,0.2911,0.2918,1356477.0
2026-03-18 04:15:00,1773807300000,0.2918,0.2918,0.2904,0.2905,818854.0
2026-03-18 04:30:00,1773808200000,0.2905,0.2908,0.29,0.2904,2546318.0
2026-03-18 04:45:00,1773809100000,0.2904,0.2907,0.2902,0.2907,392069.0
2026-03-18 05:00:00,1773810000000,0.2907,0.2956,0.2907,0.2941,10964713.0
2026-03-18 05:15:00,1773810900000,0.2941,0.2943,0.2918,0.292,2725802.0
2026-03-18 05:30:00,1773811800000,0.292,0.2924,0.2906,0.2908,2833229.0
2026-03-18 05:45:00,1773812700000,0.2908,0.2913,0.2892,0.2896,3891494.0
2026-03-18 06:00:00,1773813600000,0.2896,0.2905,0.2895,0.2904,1082035.0
2026-03-18 06:15:00,1773814500000,0.2904,0.2912,0.2899,0.2904,1643301.0
2026-03-18 06:30:00,1773815400000,0.2904,0.291,0.289,0.2892,1802645.0
2026-03-18 06:45:00,1773816300000,0.2892,0.2896,0.2882,0.2883,1381169.0
2026-03-18 07:00:00,1773817200000,0.2883,0.2887,0.2873,0.2881,5539574.0
2026-03-18 07:15:00,1773818100000,0.2881,0.2883,0.2871,0.2875,1237779.0
2026-03-18 07:30:00,1773819000000,0.2875,0.2881,0.2872,0.2877,3109633.0
2026-03-18 07:45:00,1773819900000,0.2877,0.2884,0.2873,0.2883,838708.0
2026-03-18 08:00:00,1773820800000,0.2883,0.29,0.2883,0.2894,2401829.0
2026-03-18 08:15:00,1773821700000,0.2894,0.2898,0.2891,0.2897,1004277.0
2026-03-18 08:30:00,1773822600000,0.2897,0.29,0.2889,0.2896,807490.0
2026-03-18 08:45:00,1773823500000,0.2896,0.2897,0.2885,0.2889,533571.0
2026-03-18 09:00:00,1773824400000,0.2889,0.2894,0.2886,0.2892,586706.0
2026-03-18 09:15:00,1773825300000,0.2892,0.29,0.289,0.2897,1374369.0
2026-03-18 09:30:00,1773826200000,0.2897,0.2905,0.2897,0.2904,735110.0
2026-03-18 09:45:00,1773827100000,0.2904,0.2909,0.2899,0.2908,1216296.0
2026-03-18 10:00:00,1773828000000,0.2908,0.2913,0.2896,0.2907,2757275.0
2026-03-18 10:15:00,1773828900000,0.2907,0.2908,0.2901,0.2903,428949.0
2026-03-18 10:30:00,1773829800000,0.2903,0.2906,0.2882,0.2884,2535003.0
2026-03-18 10:45:00,1773830700000,0.2884,0.2886,0.2876,0.2884,2426572.0
2026-03-18 11:00:00,1773831600000,0.2884,0.2884,0.2858,0.2872,6447963.0
2026-03-18 11:15:00,1773832500000,0.2872,0.2878,0.2847,0.2851,5459401.0
2026-03-18 11:30:00,1773833400000,0.2851,0.2854,0.2783,0.2804,32874244.0
2026-03-18 11:45:00,1773834300000,0.2804,0.2804,0.279,0.2794,5123516.0
2026-03-18 12:00:00,1773835200000,0.2794,0.2794,0.2774,0.2787,10082869.0
2026-03-18 12:15:00,1773836100000,0.2787,0.2797,0.2785,0.279,4128132.0
2026-03-18 12:30:00,1773837000000,0.279,0.279,0.2748,0.2763,11289962.0
2026-03-18 12:45:00,1773837900000,0.2763,0.2768,0.2751,0.2762,2714552.0
2026-03-18 13:00:00,1773838800000,0.2762,0.2773,0.2749,0.2771,3978221.0
2026-03-18 13:15:00,1773839700000,0.2771,0.2772,0.2758,0.2765,2276178.0
2026-03-18 13:30:00,1773840600000,0.2765,0.2775,0.2756,0.2766,3773830.0
2026-03-18 13:45:00,1773841500000,0.2766,0.2771,0.2754,0.2761,3514883.0
2026-03-18 14:00:00,1773842400000,0.2761,0.2762,0.2741,0.2743,5065903.0
2026-03-18 14:15:00,1773843300000,0.2743,0.2747,0.2711,0.2721,14219076.0
2026-03-18 14:30:00,1773844200000,0.2721,0.2728,0.2706,0.2708,8770573.0
2026-03-18 14:45:00,1773845100000,0.2708,0.272,0.2704,0.2711,5241426.0
2026-03-18 15:00:00,1773846000000,0.2711,0.2722,0.2694,0.271,8876970.0
2026-03-18 15:15:00,1773846900000,0.271,0.2717,0.2703,0.2712,2501085.0
2026-03-18 15:30:00,1773847800000,0.2712,0.2723,0.271,0.2713,3429353.0
2026-03-18 15:45:00,1773848700000,0.2713,0.2719,0.2708,0.2713,2429641.0
2026-03-18 16:00:00,1773849600000,0.2713,0.2713,0.2703,0.2706,3623984.0
2026-03-18 16:15:00,1773850500000,0.2706,0.2708,0.2696,0.2702,3930672.0
2026-03-18 16:30:00,1773851400000,0.2702,0.271,0.2696,0.2708,2096563.0
2026-03-18 16:45:00,1773852300000,0.2708,0.2713,0.2703,0.2706,2275771.0
2026-03-18 17:00:00,1773853200000,0.2706,0.2707,0.2698,0.2699,1532023.0
2026-03-18 17:15:00,1773854100000,0.2699,0.2718,0.2696,0.2715,2777032.0
2026-03-18 17:30:00,1773855000000,0.2715,0.2734,0.271,0.2721,3650999.0
2026-03-18 17:45:00,1773855900000,0.2721,0.2724,0.2718,0.2721,1719829.0
2026-03-18 18:00:00,1773856800000,0.2721,0.2749,0.2721,0.2745,4810081.0
2026-03-18 18:15:00,1773857700000,0.2745,0.2745,0.2722,0.2731,4111971.0
2026-03-18 18:30:00,1773858600000,0.2731,0.2744,0.2729,0.2736,2387022.0
2026-03-18 18:45:00,1773859500000,0.2736,0.2736,0.2709,0.2717,5812196.0
2026-03-18 19:00:00,1773860400000,0.2717,0.2734,0.2716,0.2727,2106022.0
2026-03-18 19:15:00,1773861300000,0.2727,0.2735,0.2721,0.2726,823991.0
2026-03-18 19:30:00,1773862200000,0.2726,0.2732,0.2719,0.2722,1496429.0
2026-03-18 19:45:00,1773863100000,0.2722,0.2724,0.2716,0.2722,893842.0
2026-03-18 20:00:00,1773864000000,0.2722,0.2724,0.2699,0.2716,5662658.0
2026-03-18 20:15:00,1773864900000,0.2716,0.272,0.271,0.2716,1541625.0
2026-03-18 20:30:00,1773865800000,0.2716,0.2731,0.2715,0.2727,1384528.0
2026-03-18 20:45:00,1773866700000,0.2727,0.2737,0.2725,0.2731,1330111.0
2026-03-18 21:00:00,1773867600000,0.2731,0.2742,0.273,0.2738,1812036.0
2026-03-18 21:15:00,1773868500000,0.2738,0.2746,0.2736,0.274,986816.0
2026-03-18 21:30:00,1773869400000,0.274,0.2746,0.2735,0.2743,1247363.0
2026-03-18 21:45:00,1773870300000,0.2743,0.2743,0.2738,0.274,427702.0
2026-03-18 22:00:00,1773871200000,0.274,0.2741,0.2728,0.2731,1491317.0
2026-03-18 22:15:00,1773872100000,0.2731,0.2738,0.2729,0.2737,544254.0
2026-03-18 22:30:00,1773873000000,0.2737,0.2738,0.2732,0.2734,543873.0
2026-03-18 22:45:00,1773873900000,0.2734,0.2736,0.2732,0.2736,352149.0
2026-03-18 23:00:00,1773874800000,0.2736,0.2741,0.2732,0.2732,745205.0
2026-03-18 23:15:00,1773875700000,0.2732,0.2738,0.273,0.2737,907493.0
2026-03-18 23:30:00,1773876600000,0.2737,0.2746,0.2737,0.2741,1345362.0
2026-03-18 23:45:00,1773877500000,0.2741,0.2744,0.2738,0.274,895391.0
2026-03-19 00:00:00,1773878400000,0.274,0.2744,0.2732,0.2736,1662804.0
2026-03-19 00:15:00,1773879300000,0.2736,0.2738,0.2727,0.2737,1148373.0
2026-03-19 00:30:00,1773880200000,0.2737,0.2737,0.2726,0.273,771382.0
2026-03-19 00:45:00,1773881100000,0.273,0.2732,0.2726,0.2727,476168.0
2026-03-19 01:00:00,1773882000000,0.2727,0.2733,0.2723,0.2724,787756.0
2026-03-19 01:15:00,1773882900000,0.2724,0.273,0.2724,0.2729,425584.0
2026-03-19 01:30:00,1773883800000,0.2729,0.2737,0.2728,0.2736,517616.0
2026-03-19 01:45:00,1773884700000,0.2736,0.2738,0.2731,0.2731,724738.0
2026-03-19 02:00:00,1773885600000,0.2731,0.2731,0.2711,0.2722,2625292.0
2026-03-19 02:15:00,1773886500000,0.2722,0.2728,0.2718,0.2722,1163108.0
2026-03-19 02:30:00,1773887400000,0.2722,0.2726,0.2719,0.2724,827205.0
2026-03-19 02:45:00,1773888300000,0.2724,0.2725,0.2718,0.2719,520859.0
2026-03-19 03:00:00,1773889200000,0.2719,0.2731,0.2719,0.273,1446968.0
2026-03-19 03:15:00,1773890100000,0.273,0.2766,0.2729,0.2761,6282068.0
2026-03-19 03:30:00,1773891000000,0.2761,0.2763,0.2737,0.2742,3016683.0
2026-03-19 03:45:00,1773891900000,0.2742,0.2749,0.2739,0.2744,710864.0
2026-03-19 04:00:00,1773892800000,0.2744,0.2747,0.2725,0.2731,3814698.0
2026-03-19 04:15:00,1773893700000,0.2731,0.2734,0.2722,0.2724,1641658.0
2026-03-19 04:30:00,1773894600000,0.2724,0.273,0.2723,0.2729,1263454.0
2026-03-19 04:45:00,1773895500000,0.2729,0.2729,0.2722,0.2722,500629.0
2026-03-19 05:00:00,1773896400000,0.2722,0.2727,0.2718,0.2721,1191187.0
2026-03-19 05:15:00,1773897300000,0.2721,0.2725,0.2713,0.2714,571098.0
2026-03-19 05:30:00,1773898200000,0.2714,0.2717,0.2707,0.2711,2729087.0
2026-03-19 05:45:00,1773899100000,0.2711,0.2716,0.2709,0.2712,1972486.0
2026-03-19 06:00:00,1773900000000,0.2712,0.2717,0.2702,0.2713,2874853.0
2026-03-19 06:15:00,1773900900000,0.2713,0.2721,0.271,0.271,1475038.0
2026-03-19 06:30:00,1773901800000,0.271,0.2715,0.2698,0.2713,3063848.0
2026-03-19 06:45:00,1773902700000,0.2713,0.2719,0.2708,0.2711,1447671.0
2026-03-19 07:00:00,1773903600000,0.2711,0.2713,0.2685,0.2689,7126046.0
2026-03-19 07:15:00,1773904500000,0.2689,0.2691,0.266,0.2679,10849308.0
2026-03-19 07:30:00,1773905400000,0.2679,0.2701,0.2675,0.2689,3478113.0
2026-03-19 07:45:00,1773906300000,0.2689,0.2692,0.2682,0.2683,2205930.0
2026-03-19 08:00:00,1773907200000,0.2683,0.2688,0.2676,0.2682,3700663.0
2026-03-19 08:15:00,1773908100000,0.2682,0.2687,0.2674,0.2677,2276699.0
2026-03-19 08:30:00,1773909000000,0.2677,0.2694,0.2672,0.2686,2824880.0
2026-03-19 08:45:00,1773909900000,0.2686,0.2689,0.268,0.2681,2019137.0
2026-03-19 09:00:00,1773910800000,0.2681,0.2695,0.2681,0.2692,15629237.0
2026-03-19 09:15:00,1773911700000,0.2692,0.2717,0.2691,0.2705,6255987.0
2026-03-19 09:30:00,1773912600000,0.2705,0.2713,0.2702,0.2709,2398507.0
2026-03-19 09:45:00,1773913500000,0.2709,0.2717,0.2707,0.2716,2377362.0
2026-03-19 10:00:00,1773914400000,0.2716,0.2718,0.2712,0.2715,1295021.0
2026-03-19 10:15:00,1773915300000,0.2715,0.2717,0.271,0.271,1350923.0
2026-03-19 10:30:00,1773916200000,0.271,0.2711,0.2696,0.2701,2396219.0
2026-03-19 10:45:00,1773917100000,0.2701,0.2702,0.2694,0.2696,762668.0
2026-03-19 11:00:00,1773918000000,0.2696,0.2698,0.2692,0.2692,1193189.0
2026-03-19 11:15:00,1773918900000,0.2692,0.2697,0.2688,0.2697,1990483.0
2026-03-19 11:30:00,1773919800000,0.2697,0.27,0.2684,0.2685,2511032.0
2026-03-19 11:45:00,1773920700000,0.2685,0.2688,0.2684,0.2685,1129457.0
2026-03-19 12:00:00,1773921600000,0.2685,0.2686,0.268,0.2681,2240267.0
2026-03-19 12:15:00,1773922500000,0.2681,0.2682,0.2671,0.2673,1614796.0
2026-03-19 12:30:00,1773923400000,0.2673,0.2678,0.267,0.2673,1737496.0
2026-03-19 12:45:00,1773924300000,0.2673,0.2674,0.2643,0.2646,28078737.0
2026-03-19 13:00:00,1773925200000,0.2646,0.2652,0.2628,0.263,13652446.0
2026-03-19 13:15:00,1773926100000,0.263,0.2651,0.2628,0.2643,4796122.0
2026-03-19 13:30:00,1773927000000,0.2643,0.2666,0.2634,0.2661,6619895.0
2026-03-19 13:45:00,1773927900000,0.2661,0.2667,0.2651,0.2664,3322326.0
2026-03-19 14:00:00,1773928800000,0.2664,0.2675,0.2655,0.2657,2789544.0
2026-03-19 14:15:00,1773929700000,0.2657,0.2659,0.2638,0.2639,2795813.0
2026-03-19 14:30:00,1773930600000,0.2639,0.2653,0.2638,0.2649,1550298.0
2026-03-19 14:45:00,1773931500000,0.2649,0.2666,0.2648,0.2658,1892289.0
2026-03-19 15:00:00,1773932400000,0.2658,0.2669,0.2653,0.2657,2347336.0
2026-03-19 15:15:00,1773933300000,0.2657,0.2662,0.2632,0.2634,2987851.0
2026-03-19 15:30:00,1773934200000,0.2634,0.2643,0.2632,0.2635,3044459.0
2026-03-19 15:45:00,1773935100000,0.2635,0.2659,0.263,0.2654,3472366.0
2026-03-19 16:00:00,1773936000000,0.2654,0.2654,0.2638,0.264,3069065.0
2026-03-19 16:15:00,1773936900000,0.264,0.2646,0.2635,0.2641,3528324.0
2026-03-19 16:30:00,1773937800000,0.2641,0.2649,0.2634,0.2643,1074095.0
2026-03-19 16:45:00,1773938700000,0.2643,0.2644,0.2636,0.2642,378464.0
2026-03-19 17:00:00,1773939600000,0.2642,0.2642,0.2621,0.2627,4580313.0
2026-03-19 17:15:00,1773940500000,0.2627,0.2653,0.2624,0.2649,2717621.0
2026-03-19 17:30:00,1773941400000,0.2649,0.2651,0.264,0.2644,1105775.0
2026-03-19 17:45:00,1773942300000,0.2644,0.2659,0.2642,0.2654,1164053.0
2026-03-19 18:00:00,1773943200000,0.2654,0.2655,0.2646,0.2651,1004183.0
2026-03-19 18:15:00,1773944100000,0.2651,0.2652,0.2645,0.2645,515864.0
2026-03-19 18:30:00,1773945000000,0.2645,0.2648,0.2643,0.2645,432273.0
2026-03-19 18:45:00,1773945900000,0.2645,0.2655,0.2643,0.2654,416226.0
2026-03-19 19:00:00,1773946800000,0.2654,0.2686,0.2653,0.2679,5580707.0
2026-03-19 19:15:00,1773947700000,0.2679,0.2689,0.2673,0.2675,2008703.0
2026-03-19 19:30:00,1773948600000,0.2675,0.2679,0.2666,0.2676,2320040.0
2026-03-19 19:45:00,1773949500000,0.2676,0.2677,0.2668,0.2672,515867.0
2026-03-19 20:00:00,1773950400000,0.2672,0.2675,0.2667,0.267,760238.0
2026-03-19 20:15:00,1773951300000,0.267,0.2678,0.267,0.2674,748364.0
2026-03-19 20:30:00,1773952200000,0.2674,0.2687,0.2672,0.2681,2646670.0
2026-03-19 20:45:00,1773953100000,0.2681,0.2683,0.2676,0.2677,1525217.0
2026-03-19 21:00:00,1773954000000,0.2677,0.2684,0.2676,0.2681,2192503.0
2026-03-19 21:15:00,1773954900000,0.2681,0.2682,0.2677,0.2679,649670.0
2026-03-19 21:30:00,1773955800000,0.2679,0.2682,0.2672,0.2675,1173345.0
2026-03-19 21:45:00,1773956700000,0.2675,0.2677,0.2668,0.2675,1426338.0
2026-03-19 22:00:00,1773957600000,0.2675,0.2677,0.2665,0.2672,725718.0
2026-03-19 22:15:00,1773958500000,0.2672,0.2675,0.2668,0.2673,515257.0
2026-03-19 22:30:00,1773959400000,0.2673,0.2673,0.2654,0.2657,2074801.0
2026-03-19 22:45:00,1773960300000,0.2657,0.2666,0.2657,0.2666,915453.0
2026-03-19 23:00:00,1773961200000,0.2666,0.2677,0.2666,0.2674,1238569.0
2026-03-19 23:15:00,1773962100000,0.2674,0.2675,0.2665,0.2673,604440.0
2026-03-19 23:30:00,1773963000000,0.2673,0.2678,0.2661,0.2666,2706569.0
2026-03-19 23:45:00,1773963900000,0.2666,0.2674,0.2665,0.2672,514836.0
2026-03-20 00:00:00,1773964800000,0.2672,0.2687,0.2672,0.2686,2764240.0
2026-03-20 00:15:00,1773965700000,0.2686,0.2692,0.2679,0.2685,1790302.0
2026-03-20 00:30:00,1773966600000,0.2685,0.2691,0.2683,0.269,342807.0
2026-03-20 00:45:00,1773967500000,0.269,0.2695,0.2688,0.2693,793473.0
2026-03-20 01:00:00,1773968400000,0.2693,0.2706,0.2693,0.2699,1087734.0
2026-03-20 01:15:00,1773969300000,0.2699,0.27,0.2691,0.2694,619947.0
2026-03-20 01:30:00,1773970200000,0.2694,0.2708,0.2694,0.2704,1527120.0
2026-03-20 01:45:00,1773971100000,0.2704,0.2705,0.2696,0.2696,616094.0
2026-03-20 02:00:00,1773972000000,0.2696,0.2698,0.2692,0.2693,535802.0
2026-03-20 02:15:00,1773972900000,0.2693,0.2693,0.2682,0.2685,1398712.0
2026-03-20 02:30:00,1773973800000,0.2685,0.2693,0.2679,0.2692,796298.0
2026-03-20 02:45:00,1773974700000,0.2692,0.2698,0.2686,0.2692,1855621.0
2026-03-20 03:00:00,1773975600000,0.2692,0.2693,0.2688,0.2691,227557.0
2026-03-20 03:15:00,1773976500000,0.2691,0.27,0.269,0.27,495963.0
2026-03-20 03:30:00,1773977400000,0.27,0.2706,0.2693,0.2695,876721.0
2026-03-20 03:45:00,1773978300000,0.2695,0.2701,0.2693,0.2697,1632032.0
2026-03-20 04:00:00,1773979200000,0.2697,0.2704,0.2693,0.2701,705898.0
2026-03-20 04:15:00,1773980100000,0.2701,0.2702,0.2697,0.2701,479640.0
2026-03-20 04:30:00,1773981000000,0.2701,0.2702,0.2687,0.2689,1145665.0
2026-03-20 04:45:00,1773981900000,0.2689,0.2713,0.2687,0.2708,1640957.0
2026-03-20 05:00:00,1773982800000,0.2708,0.2723,0.2706,0.2723,3145099.0
2026-03-20 05:15:00,1773983700000,0.2723,0.2728,0.2713,0.2715,1778381.0
2026-03-20 05:30:00,1773984600000,0.2715,0.2725,0.2708,0.2722,2466557.0
2026-03-20 05:45:00,1773985500000,0.2722,0.2724,0.2713,0.2715,1422833.0
2026-03-20 06:00:00,1773986400000,0.2715,0.2719,0.2711,0.2718,952802.0
2026-03-20 06:15:00,1773987300000,0.2718,0.2718,0.2711,0.2714,455396.0
2026-03-20 06:30:00,1773988200000,0.2714,0.2716,0.2702,0.2708,2297779.0
2026-03-20 06:45:00,1773989100000,0.2708,0.271,0.2698,0.2702,1996421.0
2026-03-20 07:00:00,1773990000000,0.2702,0.2702,0.2677,0.268,6916108.0
2026-03-20 07:15:00,1773990900000,0.268,0.2693,0.2676,0.2687,2533921.0
2026-03-20 07:30:00,1773991800000,0.2687,0.2702,0.2686,0.2701,2301352.0
2026-03-20 07:45:00,1773992700000,0.2701,0.2703,0.2696,0.2699,1071551.0
2026-03-20 08:00:00,1773993600000,0.2699,0.2725,0.2694,0.2719,4113765.0
2026-03-20 08:15:00,1773994500000,0.2719,0.2719,0.2709,0.271,1753466.0
2026-03-20 08:30:00,1773995400000,0.271,0.2713,0.2704,0.2706,767438.0
2026-03-20 08:45:00,1773996300000,0.2706,0.2709,0.2704,0.2704,684473.0
2026-03-20 09:00:00,1773997200000,0.2704,0.2704,0.2691,0.2692,2184297.0
2026-03-20 09:15:00,1773998100000,0.2692,0.2692,0.2679,0.2685,1602188.0
2026-03-20 09:30:00,1773999000000,0.2685,0.2693,0.2685,0.2691,1847141.0
2026-03-20 09:45:00,1773999900000,0.2691,0.2691,0.2679,0.2683,969456.0
2026-03-20 10:00:00,1774000800000,0.2683,0.2685,0.2675,0.2678,1018154.0
2026-03-20 10:15:00,1774001700000,0.2678,0.2684,0.2675,0.2679,874007.0
2026-03-20 10:30:00,1774002600000,0.2679,0.2696,0.2678,0.2689,1255588.0
2026-03-20 10:45:00,1774003500000,0.2689,0.2693,0.2687,0.2689,1126310.0
2026-03-20 11:00:00,1774004400000,0.2689,0.27,0.2688,0.2699,1792651.0
2026-03-20 11:15:00,1774005300000,0.2699,0.27,0.2683,0.2683,2534302.0
2026-03-20 11:30:00,1774006200000,0.2683,0.2686,0.2672,0.2676,1625047.0
2026-03-20 11:45:00,1774007100000,0.2676,0.2679,0.2671,0.2679,571798.0
2026-03-20 12:00:00,1774008000000,0.2679,0.2688,0.2679,0.2682,1159994.0
2026-03-20 12:15:00,1774008900000,0.2682,0.2684,0.2674,0.2679,1989941.0
2026-03-20 12:30:00,1774009800000,0.2679,0.2679,0.2665,0.2672,1794096.0
2026-03-20 12:45:00,1774010700000,0.2672,0.2674,0.2667,0.267,1016905.0
2026-03-20 13:00:00,1774011600000,0.267,0.2678,0.2666,0.267,797634.0
2026-03-20 13:15:00,1774012500000,0.267,0.2684,0.267,0.2679,1219609.0
2026-03-20 13:30:00,1774013400000,0.2679,0.2681,0.2657,0.2675,4910069.0
2026-03-20 13:45:00,1774014300000,0.2675,0.2677,0.2654,0.2658,3632880.0
2026-03-20 14:00:00,1774015200000,0.2658,0.2669,0.2647,0.2656,7058867.0
2026-03-20 14:15:00,1774016100000,0.2656,0.2665,0.2645,0.266,4334759.0
2026-03-20 14:30:00,1774017000000,0.266,0.2676,0.266,0.2665,2112738.0
2026-03-20 14:45:00,1774017900000,0.2665,0.2668,0.2649,0.2653,1992249.0
2026-03-20 15:00:00,1774018800000,0.2653,0.266,0.2643,0.2657,2630296.0
2026-03-20 15:15:00,1774019700000,0.2657,0.2671,0.2649,0.2659,3291733.0
2026-03-20 15:30:00,1774020600000,0.2659,0.2666,0.2657,0.266,592295.0
2026-03-20 15:45:00,1774021500000,0.266,0.2667,0.2658,0.2665,857016.0
2026-03-20 16:00:00,1774022400000,0.2665,0.2667,0.2649,0.2649,2457308.0
2026-03-20 16:15:00,1774023300000,0.2649,0.2658,0.2644,0.2655,1594620.0
2026-03-20 16:30:00,1774024200000,0.2655,0.2655,0.2645,0.2649,818848.0
2026-03-20 16:45:00,1774025100000,0.2649,0.2663,0.2645,0.2657,813030.0
2026-03-20 17:00:00,1774026000000,0.2657,0.2662,0.2651,0.2657,1462476.0
2026-03-20 17:15:00,1774026900000,0.2657,0.2661,0.2652,0.2652,243638.0
2026-03-20 17:30:00,1774027800000,0.2652,0.2655,0.2638,0.2646,2826663.0
2026-03-20 17:45:00,1774028700000,0.2646,0.2659,0.2642,0.2658,1747088.0
2026-03-20 18:00:00,1774029600000,0.2658,0.266,0.2653,0.2658,902684.0
2026-03-20 18:15:00,1774030500000,0.2658,0.2658,0.2645,0.2646,825179.0
2026-03-20 18:30:00,1774031400000,0.2646,0.2647,0.2632,0.2639,3617486.0
2026-03-20 18:45:00,1774032300000,0.2639,0.2644,0.2631,0.2634,2677279.0
2026-03-20 19:00:00,1774033200000,0.2634,0.264,0.2628,0.2634,2063675.0
2026-03-20 19:15:00,1774034100000,0.2634,0.2636,0.2623,0.263,1389364.0
2026-03-20 19:30:00,1774035000000,0.263,0.2635,0.2614,0.2635,4064491.0
2026-03-20 19:45:00,1774035900000,0.2635,0.264,0.263,0.2638,1571132.0
2026-03-20 20:00:00,1774036800000,0.2638,0.2642,0.2633,0.2638,2938604.0
2026-03-20 20:15:00,1774037700000,0.2638,0.2638,0.2625,0.2628,875371.0
2026-03-20 20:30:00,1774038600000,0.2628,0.2631,0.262,0.2628,1386158.0
2026-03-20 20:45:00,1774039500000,0.2628,0.264,0.2628,0.2636,1857118.0
2026-03-20 21:00:00,1774040400000,0.2636,0.264,0.2633,0.2639,1545841.0
2026-03-20 21:15:00,1774041300000,0.2639,0.2659,0.2637,0.2656,5290403.0
2026-03-20 21:30:00,1774042200000,0.2656,0.2667,0.2648,0.265,2911570.0
2026-03-20 21:45:00,1774043100000,0.265,0.2657,0.2649,0.2657,991937.0
2026-03-20 22:00:00,1774044000000,0.2657,0.2677,0.2657,0.2671,3265142.0
2026-03-20 22:15:00,1774044900000,0.2671,0.2674,0.2665,0.2665,641175.0
2026-03-20 22:30:00,1774045800000,0.2665,0.2667,0.2662,0.2666,767391.0
2026-03-20 22:45:00,1774046700000,0.2666,0.2671,0.2663,0.2668,799090.0
2026-03-20 23:00:00,1774047600000,0.2668,0.2668,0.2651,0.2653,2653795.0
2026-03-20 23:15:00,1774048500000,0.2653,0.2656,0.2648,0.2654,621531.0
2026-03-20 23:30:00,1774049400000,0.2654,0.266,0.2654,0.2659,602234.0
2026-03-20 23:45:00,1774050300000,0.2659,0.2663,0.2657,0.2659,172341.0
2026-03-21 00:00:00,1774051200000,0.2659,0.2663,0.2657,0.2659,1112583.0
2026-03-21 00:15:00,1774052100000,0.2659,0.2667,0.2657,0.2661,1256077.0
2026-03-21 00:30:00,1774053000000,0.2661,0.2662,0.2657,0.2658,1479341.0
2026-03-21 00:45:00,1774053900000,0.2658,0.2663,0.2656,0.2662,923925.0
2026-03-21 01:00:00,1774054800000,0.2662,0.2672,0.2661,0.2667,525181.0
2026-03-21 01:15:00,1774055700000,0.2667,0.2667,0.2663,0.2663,286460.0
2026-03-21 01:30:00,1774056600000,0.2663,0.2665,0.2657,0.2657,508028.0
2026-03-21 01:45:00,1774057500000,0.2657,0.2659,0.2653,0.2656,992600.0
2026-03-21 02:00:00,1774058400000,0.2656,0.2658,0.2654,0.2655,643576.0
2026-03-21 02:15:00,1774059300000,0.2655,0.2664,0.2655,0.2664,807019.0
2026-03-21 02:30:00,1774060200000,0.2664,0.2668,0.2661,0.2667,324851.0
2026-03-21 02:45:00,1774061100000,0.2667,0.267,0.2664,0.2668,1773893.0
2026-03-21 03:00:00,1774062000000,0.2668,0.2669,0.2661,0.2664,496190.0
2026-03-21 03:15:00,1774062900000,0.2664,0.2665,0.2659,0.2661,251491.0
2026-03-21 03:30:00,1774063800000,0.2661,0.2661,0.2657,0.2658,310370.0
2026-03-21 03:45:00,1774064700000,0.2658,0.266,0.2657,0.2658,272096.0
2026-03-21 04:00:00,1774065600000,0.2658,0.2663,0.2657,0.2658,597778.0
2026-03-21 04:15:00,1774066500000,0.2658,0.2663,0.2658,0.2661,539206.0
2026-03-21 04:30:00,1774067400000,0.2661,0.2661,0.2657,0.2659,542292.0
2026-03-21 04:45:00,1774068300000,0.2659,0.266,0.2657,0.2658,192314.0
2026-03-21 05:00:00,1774069200000,0.2658,0.2664,0.2658,0.2663,784710.0
2026-03-21 05:15:00,1774070100000,0.2663,0.2666,0.2662,0.2663,314116.0
2026-03-21 05:30:00,1774071000000,0.2663,0.2667,0.2661,0.2662,426242.0
2026-03-21 05:45:00,1774071900000,0.2662,0.2663,0.2658,0.2658,150238.0
2026-03-21 06:00:00,1774072800000,0.2658,0.2663,0.2657,0.2662,457015.0
2026-03-21 06:15:00,1774073700000,0.2662,0.2665,0.266,0.2665,460060.0
2026-03-21 06:30:00,1774074600000,0.2665,0.2669,0.2663,0.2667,515203.0
2026-03-21 06:45:00,1774075500000,0.2667,0.2667,0.2663,0.2664,1445444.0
2026-03-21 07:00:00,1774076400000,0.2664,0.2666,0.2661,0.2662,288387.0
2026-03-21 07:15:00,1774077300000,0.2662,0.2665,0.266,0.2664,250303.0
2026-03-21 07:30:00,1774078200000,0.2664,0.2667,0.2653,0.2653,2336539.0
2026-03-21 07:45:00,1774079100000,0.2653,0.2653,0.2647,0.2647,1604357.0
2026-03-21 08:00:00,1774080000000,0.2647,0.265,0.2646,0.2648,374740.0
2026-03-21 08:15:00,1774080900000,0.2648,0.2649,0.2644,0.2646,1071639.0
2026-03-21 08:30:00,1774081800000,0.2646,0.2649,0.2643,0.2649,1345391.0
2026-03-21 08:45:00,1774082700000,0.2649,0.2652,0.2648,0.2651,388057.0
2026-03-21 09:00:00,1774083600000,0.2651,0.2658,0.2649,0.2653,556120.0
2026-03-21 09:15:00,1774084500000,0.2653,0.2654,0.2642,0.2643,1033095.0
2026-03-21 09:30:00,1774085400000,0.2643,0.2644,0.2637,0.2641,1763613.0
2026-03-21 09:45:00,1774086300000,0.2641,0.2647,0.2639,0.2645,1436259.0
2026-03-21 10:00:00,1774087200000,0.2645,0.2646,0.2639,0.264,1408370.0
2026-03-21 10:15:00,1774088100000,0.264,0.2642,0.2638,0.2641,1093740.0
2026-03-21 10:30:00,1774089000000,0.2641,0.2643,0.264,0.2641,331767.0
2026-03-21 10:45:00,1774089900000,0.2641,0.2643,0.2639,0.2643,1525282.0
2026-03-21 11:00:00,1774090800000,0.2643,0.2644,0.2641,0.2641,309570.0
2026-03-21 11:15:00,1774091700000,0.2641,0.2644,0.2641,0.2641,222049.0
2026-03-21 11:30:00,1774092600000,0.2641,0.2644,0.2638,0.2643,1000135.0
2026-03-21 11:45:00,1774093500000,0.2643,0.2646,0.2642,0.2645,380069.0
2026-03-21 12:00:00,1774094400000,0.2645,0.2649,0.2643,0.2646,516667.0
2026-03-21 12:15:00,1774095300000,0.2646,0.265,0.2643,0.265,920921.0
2026-03-21 12:30:00,1774096200000,0.265,0.265,0.2646,0.2648,366357.0
2026-03-21 12:45:00,1774097100000,0.2648,0.2648,0.2644,0.2646,370666.0
2026-03-21 13:00:00,1774098000000,0.2646,0.2647,0.2644,0.2647,389658.0
2026-03-21 13:15:00,1774098900000,0.2647,0.2649,0.2641,0.2642,643864.0
2026-03-21 13:30:00,1774099800000,0.2642,0.2645,0.2638,0.2641,541384.0
2026-03-21 13:45:00,1774100700000,0.2641,0.2643,0.2637,0.2642,562940.0
2026-03-21 14:00:00,1774101600000,0.2642,0.2653,0.2638,0.2648,3325890.0
2026-03-21 14:15:00,1774102500000,0.2648,0.265,0.2639,0.2645,1903528.0
2026-03-21 14:30:00,1774103400000,0.2645,0.2653,0.2644,0.2646,947693.0
2026-03-21 14:45:00,1774104300000,0.2646,0.2646,0.2629,0.263,2724783.0
2026-03-21 15:00:00,1774105200000,0.263,0.2635,0.2629,0.2633,750254.0
2026-03-21 15:15:00,1774106100000,0.2633,0.2637,0.2628,0.2636,1478756.0
2026-03-21 15:30:00,1774107000000,0.2636,0.264,0.2634,0.2636,638996.0
2026-03-21 15:45:00,1774107900000,0.2636,0.2647,0.2635,0.2646,1361090.0
2026-03-21 16:00:00,1774108800000,0.2646,0.2648,0.2644,0.2645,1486419.0
2026-03-21 16:15:00,1774109700000,0.2645,0.2647,0.2635,0.2637,1270334.0
2026-03-21 16:30:00,1774110600000,0.2637,0.2644,0.2637,0.2641,417251.0
2026-03-21 16:45:00,1774111500000,0.2641,0.2644,0.2637,0.264,349560.0
2026-03-21 17:00:00,1774112400000,0.264,0.2642,0.2634,0.2636,750983.0
2026-03-21 17:15:00,1774113300000,0.2636,0.2641,0.2634,0.2639,350081.0
2026-03-21 17:30:00,1774114200000,0.2639,0.2642,0.2638,0.264,258894.0
2026-03-21 17:45:00,1774115100000,0.264,0.2642,0.2637,0.264,277811.0
2026-03-21 18:00:00,1774116000000,0.264,0.2642,0.2637,0.2639,576760.0
2026-03-21 18:15:00,1774116900000,0.2639,0.2643,0.2638,0.2641,223357.0
2026-03-21 18:30:00,1774117800000,0.2641,0.2648,0.2641,0.2646,607458.0
2026-03-21 18:45:00,1774118700000,0.2646,0.2647,0.2641,0.2642,405399.0
2026-03-21 19:00:00,1774119600000,0.2642,0.2643,0.2641,0.2643,219438.0
2026-03-21 19:15:00,1774120500000,0.2643,0.2644,0.264,0.2643,294117.0
2026-03-21 19:30:00,1774121400000,0.2643,0.2644,0.264,0.2642,122008.0
2026-03-21 19:45:00,1774122300000,0.2642,0.2648,0.2642,0.2647,308326.0
2026-03-21 20:00:00,1774123200000,0.2647,0.2651,0.2646,0.265,815203.0
2026-03-21 20:15:00,1774124100000,0.265,0.2656,0.2647,0.2656,887660.0
2026-03-21 20:30:00,1774125000000,0.2656,0.2661,0.2656,0.2659,2068442.0
2026-03-21 20:45:00,1774125900000,0.2659,0.2662,0.2659,0.2661,525397.0
2026-03-21 21:00:00,1774126800000,0.2661,0.2663,0.2658,0.2659,1254013.0
2026-03-21 21:15:00,1774127700000,0.2659,0.266,0.2654,0.2656,1104151.0
2026-03-21 21:30:00,1774128600000,0.2656,0.2656,0.2654,0.2655,951085.0
2026-03-21 21:45:00,1774129500000,0.2655,0.2656,0.2648,0.2653,1424554.0
2026-03-21 22:00:00,1774130400000,0.2653,0.2655,0.2644,0.2648,863017.0
2026-03-21 22:15:00,1774131300000,0.2648,0.265,0.2645,0.265,950733.0
2026-03-21 22:30:00,1774132200000,0.265,0.2654,0.2648,0.2649,220278.0
2026-03-21 22:45:00,1774133100000,0.2649,0.265,0.2645,0.2646,437537.0
2026-03-21 23:00:00,1774134000000,0.2646,0.2646,0.2639,0.2641,1359289.0
2026-03-21 23:15:00,1774134900000,0.2641,0.2645,0.2638,0.2643,1660497.0
2026-03-21 23:30:00,1774135800000,0.2643,0.2646,0.264,0.2644,668601.0
2026-03-21 23:45:00,1774136700000,0.2644,0.2644,0.2552,0.2571,50624676.0
2026-03-22 00:00:00,1774137600000,0.2571,0.2573,0.2523,0.2554,35357348.0
2026-03-22 00:15:00,1774138500000,0.2554,0.2576,0.255,0.2572,5571563.0
2026-03-22 00:30:00,1774139400000,0.2572,0.2584,0.2571,0.2577,4095404.0
2026-03-22 00:45:00,1774140300000,0.2577,0.2581,0.2563,0.2569,3163657.0
2026-03-22 01:00:00,1774141200000,0.2569,0.2581,0.2564,0.2568,2911972.0
2026-03-22 01:15:00,1774142100000,0.2568,0.2574,0.2565,0.2567,2189795.0
2026-03-22 01:30:00,1774143000000,0.2567,0.2569,0.2552,0.2558,3928205.0
2026-03-22 01:45:00,1774143900000,0.2558,0.2567,0.2558,0.2565,1091608.0
2026-03-22 02:00:00,1774144800000,0.2565,0.2571,0.2565,0.2569,932692.0
2026-03-22 02:15:00,1774145700000,0.2569,0.2591,0.2564,0.2587,2447547.0
2026-03-22 02:30:00,1774146600000,0.2587,0.2588,0.2572,0.2573,4633561.0
2026-03-22 02:45:00,1774147500000,0.2573,0.2581,0.2572,0.2576,969504.0
2026-03-22 03:00:00,1774148400000,0.2576,0.2577,0.2567,0.2574,1167221.0
2026-03-22 03:15:00,1774149300000,0.2574,0.2595,0.2574,0.2589,2927275.0
2026-03-22 03:30:00,1774150200000,0.2589,0.2601,0.2584,0.2587,3787121.0
2026-03-22 03:45:00,1774151100000,0.2587,0.2588,0.258,0.2581,906328.0
2026-03-22 04:00:00,1774152000000,0.2581,0.2586,0.2578,0.2584,752011.0
2026-03-22 04:15:00,1774152900000,0.2584,0.259,0.2574,0.2577,1987742.0
2026-03-22 04:30:00,1774153800000,0.2577,0.2588,0.2573,0.2583,4754970.0
2026-03-22 04:45:00,1774154700000,0.2583,0.2588,0.2583,0.2584,785418.0
2026-03-22 05:00:00,1774155600000,0.2584,0.2585,0.2578,0.258,963695.0
2026-03-22 05:15:00,1774156500000,0.258,0.2584,0.2574,0.2576,3611252.0
2026-03-22 05:30:00,1774157400000,0.2576,0.2577,0.2572,0.2574,1726814.0
2026-03-22 05:45:00,1774158300000,0.2574,0.2577,0.2572,0.2574,938863.0
2026-03-22 06:00:00,1774159200000,0.2574,0.2574,0.2567,0.2569,2759798.0
2026-03-22 06:15:00,1774160100000,0.2569,0.2573,0.2567,0.2573,853868.0
2026-03-22 06:30:00,1774161000000,0.2573,0.2575,0.2568,0.2571,3031450.0
2026-03-22 06:45:00,1774161900000,0.2571,0.2576,0.2569,0.2575,1701400.0
2026-03-22 07:00:00,1774162800000,0.2575,0.2587,0.2574,0.2582,1866938.0
2026-03-22 07:15:00,1774163700000,0.2582,0.2584,0.2581,0.2581,636542.0
2026-03-22 07:30:00,1774164600000,0.2581,0.2583,0.2572,0.2575,1396201.0
2026-03-22 07:45:00,1774165500000,0.2575,0.2577,0.2564,0.2565,2526918.0
2026-03-22 08:00:00,1774166400000,0.2565,0.2566,0.2555,0.2564,6247753.0
2026-03-22 08:15:00,1774167300000,0.2564,0.2564,0.2546,0.2553,5006486.0
2026-03-22 08:30:00,1774168200000,0.2553,0.2561,0.255,0.256,1164998.0
2026-03-22 08:45:00,1774169100000,0.256,0.2566,0.2559,0.2563,1639027.0
2026-03-22 09:00:00,1774170000000,0.2563,0.2572,0.2562,0.257,827489.0
2026-03-22 09:15:00,1774170900000,0.257,0.2572,0.2556,0.2559,1882171.0
2026-03-22 09:30:00,1774171800000,0.2559,0.2564,0.2557,0.2559,2144930.0
2026-03-22 09:45:00,1774172700000,0.2559,0.2562,0.2558,0.2561,503379.0
2026-03-22 10:00:00,1774173600000,0.2561,0.2561,0.2552,0.2556,1554952.0
2026-03-22 10:15:00,1774174500000,0.2556,0.256,0.2553,0.2555,846139.0
2026-03-22 10:30:00,1774175400000,0.2555,0.2558,0.2547,0.2551,3069278.0
2026-03-22 10:45:00,1774176300000,0.2551,0.2554,0.2548,0.2551,1462565.0
2026-03-22 11:00:00,1774177200000,0.2551,0.2557,0.255,0.2554,1615871.0
2026-03-22 11:15:00,1774178100000,0.2554,0.2558,0.2545,0.2551,2277913.0
2026-03-22 11:30:00,1774179000000,0.2551,0.2558,0.2547,0.2554,1879183.0
2026-03-22 11:45:00,1774179900000,0.2554,0.2554,0.2547,0.2548,1491351.0
2026-03-22 12:00:00,1774180800000,0.2548,0.2558,0.2548,0.2552,1695068.0
2026-03-22 12:15:00,1774181700000,0.2552,0.2569,0.2552,0.2564,3226461.0
2026-03-22 12:30:00,1774182600000,0.2564,0.2564,0.2555,0.2556,1015888.0
2026-03-22 12:45:00,1774183500000,0.2556,0.2559,0.2553,0.2557,917664.0
2026-03-22 13:00:00,1774184400000,0.2557,0.2571,0.2557,0.2564,3295506.0
2026-03-22 13:15:00,1774185300000,0.2564,0.2565,0.2557,0.2564,1773690.0
2026-03-22 13:30:00,1774186200000,0.2564,0.2567,0.255,0.2555,1705551.0
2026-03-22 13:45:00,1774187100000,0.2555,0.2561,0.2553,0.2559,910870.0
2026-03-22 14:00:00,1774188000000,0.2559,0.2563,0.2552,0.2561,2692709.0
2026-03-22 14:15:00,1774188900000,0.2561,0.2566,0.2558,0.2561,633943.0
2026-03-22 14:30:00,1774189800000,0.2561,0.2563,0.2557,0.256,942890.0
2026-03-22 14:45:00,1774190700000,0.256,0.256,0.2548,0.2555,2048319.0
2026-03-22 15:00:00,1774191600000,0.2555,0.2563,0.2554,0.2561,1621256.0
2026-03-22 15:15:00,1774192500000,0.2561,0.2563,0.2556,0.2557,388854.0
2026-03-22 15:30:00,1774193400000,0.2557,0.2558,0.2549,0.2551,931990.0
2026-03-22 15:45:00,1774194300000,0.2551,0.2555,0.2549,0.2555,767038.0
2026-03-22 16:00:00,1774195200000,0.2555,0.2556,0.2552,0.2555,1193684.0
2026-03-22 16:15:00,1774196100000,0.2555,0.2557,0.255,0.255,655065.0
2026-03-22 16:30:00,1774197000000,0.255,0.2553,0.2531,0.2541,14170045.0
2026-03-22 16:45:00,1774197900000,0.2541,0.2548,0.254,0.2545,2160280.0
2026-03-22 17:00:00,1774198800000,0.2545,0.2545,0.2539,0.2543,981677.0
2026-03-22 17:15:00,1774199700000,0.2543,0.2549,0.2541,0.2544,2270115.0
2026-03-22 17:30:00,1774200600000,0.2544,0.2546,0.2538,0.2541,1757596.0
2026-03-22 17:45:00,1774201500000,0.2541,0.2543,0.2539,0.2539,1350781.0
2026-03-22 18:00:00,1774202400000,0.2539,0.2544,0.2534,0.2543,1265508.0
2026-03-22 18:15:00,1774203300000,0.2543,0.2543,0.2539,0.2542,496372.0
2026-03-22 18:30:00,1774204200000,0.2542,0.2544,0.252,0.2528,6982953.0
2026-03-22 18:45:00,1774205100000,0.2528,0.2534,0.2526,0.2533,911163.0
2026-03-22 19:00:00,1774206000000,0.2533,0.2534,0.2514,0.2518,5227374.0
2026-03-22 19:15:00,1774206900000,0.2518,0.2521,0.2508,0.251,3330777.0
2026-03-22 19:30:00,1774207800000,0.251,0.2521,0.2505,0.2519,3178631.0
2026-03-22 19:45:00,1774208700000,0.2519,0.252,0.251,0.2515,2183781.0
2026-03-22 20:00:00,1774209600000,0.2515,0.2523,0.2515,0.2519,1888511.0
2026-03-22 20:15:00,1774210500000,0.2519,0.2525,0.2515,0.2517,2531687.0
2026-03-22 20:30:00,1774211400000,0.2517,0.2518,0.251,0.2515,903752.0
2026-03-22 20:45:00,1774212300000,0.2515,0.2515,0.2508,0.2511,1146493.0
2026-03-22 21:00:00,1774213200000,0.2511,0.2515,0.2481,0.2497,15764919.0
2026-03-22 21:15:00,1774214100000,0.2497,0.2502,0.2477,0.2499,6799085.0
2026-03-22 21:30:00,1774215000000,0.2499,0.2509,0.2492,0.2504,2948790.0
2026-03-22 21:45:00,1774215900000,0.2504,0.2505,0.2496,0.2502,985595.0
2026-03-22 22:00:00,1774216800000,0.2502,0.2509,0.2484,0.2497,3877095.0
2026-03-22 22:15:00,1774217700000,0.2497,0.252,0.2495,0.2514,3010808.0
2026-03-22 22:30:00,1774218600000,0.2514,0.2518,0.2509,0.2511,912785.0
2026-03-22 22:45:00,1774219500000,0.2511,0.2521,0.251,0.252,1264704.0
2026-03-22 23:00:00,1774220400000,0.252,0.2527,0.2515,0.2521,2570098.0
2026-03-22 23:15:00,1774221300000,0.2521,0.2522,0.2514,0.2514,1308427.0
2026-03-22 23:30:00,1774222200000,0.2514,0.2518,0.251,0.2513,1687204.0
2026-03-22 23:45:00,1774223100000,0.2513,0.2513,0.2501,0.2505,2218524.0
2026-03-23 00:00:00,1774224000000,0.2505,0.2517,0.2501,0.2509,3367873.0
2026-03-23 00:15:00,1774224900000,0.2509,0.2516,0.2504,0.2511,2874593.0
2026-03-23 00:30:00,1774225800000,0.2511,0.2512,0.2493,0.2509,3905007.0
2026-03-23 00:45:00,1774226700000,0.2509,0.2517,0.2507,0.2512,2509033.0
2026-03-23 01:00:00,1774227600000,0.2512,0.2523,0.2507,0.2517,1437754.0
2026-03-23 01:15:00,1774228500000,0.2517,0.2526,0.2515,0.252,2193976.0
2026-03-23 01:30:00,1774229400000,0.252,0.2524,0.2515,0.2518,793562.0
2026-03-23 01:45:00,1774230300000,0.2518,0.2521,0.2511,0.2512,956757.0
2026-03-23 02:00:00,1774231200000,0.2512,0.2518,0.2503,0.2505,4735995.0
2026-03-23 02:15:00,1774232100000,0.2505,0.2537,0.2503,0.2535,4269845.0
2026-03-23 02:30:00,1774233000000,0.2535,0.254,0.2525,0.2525,2728604.0
2026-03-23 02:45:00,1774233900000,0.2525,0.2526,0.2521,0.2525,1441559.0
2026-03-23 03:00:00,1774234800000,0.2525,0.2537,0.2519,0.2521,1861545.0
2026-03-23 03:15:00,1774235700000,0.2521,0.2522,0.2516,0.2518,778087.0
2026-03-23 03:30:00,1774236600000,0.2518,0.2518,0.251,0.2513,1912679.0
2026-03-23 03:45:00,1774237500000,0.2513,0.2514,0.2509,0.2511,566310.0
2026-03-23 04:00:00,1774238400000,0.2511,0.2517,0.2511,0.2514,536069.0
2026-03-23 04:15:00,1774239300000,0.2514,0.2518,0.2512,0.2516,490328.0
2026-03-23 04:30:00,1774240200000,0.2516,0.2522,0.2515,0.2516,903508.0
2026-03-23 04:45:00,1774241100000,0.2516,0.2524,0.2516,0.2523,931531.0
2026-03-23 05:00:00,1774242000000,0.2523,0.2528,0.2522,0.2525,848163.0
2026-03-23 05:15:00,1774242900000,0.2525,0.2526,0.2518,0.2522,3050052.0
2026-03-23 05:30:00,1774243800000,0.2522,0.2523,0.2513,0.2516,5509657.0
2026-03-23 05:45:00,1774244700000,0.2516,0.2525,0.2513,0.2524,1113186.0
2026-03-23 06:00:00,1774245600000,0.2524,0.2524,0.2502,0.2505,1777530.0
2026-03-23 06:15:00,1774246500000,0.2505,0.2511,0.2504,0.251,1138940.0
2026-03-23 06:30:00,1774247400000,0.251,0.251,0.2483,0.2489,7297553.0
2026-03-23 06:45:00,1774248300000,0.2489,0.2501,0.2484,0.2493,10380346.0
2026-03-23 07:00:00,1774249200000,0.2493,0.2497,0.2482,0.2495,3928263.0
2026-03-23 07:15:00,1774250100000,0.2495,0.2496,0.2474,0.2485,8185621.0
2026-03-23 07:30:00,1774251000000,0.2485,0.2504,0.2482,0.2504,1924107.0
2026-03-23 07:45:00,1774251900000,0.2504,0.2505,0.2498,0.2498,1497761.0
2026-03-23 08:00:00,1774252800000,0.2498,0.251,0.2498,0.2507,1693927.0
2026-03-23 08:15:00,1774253700000,0.2507,0.2509,0.2502,0.2505,844119.0
2026-03-23 08:30:00,1774254600000,0.2505,0.251,0.2498,0.25,2111545.0
2026-03-23 08:45:00,1774255500000,0.25,0.2501,0.2488,0.2491,1971718.0
2026-03-23 09:00:00,1774256400000,0.2491,0.2491,0.2484,0.2491,3247990.0
2026-03-23 09:15:00,1774257300000,0.2491,0.2498,0.2487,0.2492,1092118.0
2026-03-23 09:30:00,1774258200000,0.2492,0.2493,0.2476,0.2485,2425972.0
2026-03-23 09:45:00,1774259100000,0.2485,0.2501,0.2485,0.2501,885555.0
2026-03-23 10:00:00,1774260000000,0.2501,0.2517,0.2499,0.2512,3087952.0
2026-03-23 10:15:00,1774260900000,0.2512,0.2514,0.25,0.2502,3007577.0
2026-03-23 10:30:00,1774261800000,0.2502,0.2503,0.2495,0.2499,2461766.0
2026-03-23 10:45:00,1774262700000,0.2499,0.2505,0.2496,0.2501,972076.0
2026-03-23 11:00:00,1774263600000,0.2501,0.2644,0.2501,0.2616,247048171.0
2026-03-23 11:15:00,1774264500000,0.2616,0.2634,0.2573,0.2613,39445093.0
2026-03-23 11:30:00,1774265400000,0.2613,0.263,0.2599,0.2604,10686477.0
2026-03-23 11:45:00,1774266300000,0.2604,0.2607,0.2579,0.2586,15756607.0
2026-03-23 12:00:00,1774267200000,0.2586,0.2597,0.2567,0.2586,9677459.0
2026-03-23 12:15:00,1774268100000,0.2586,0.2601,0.2583,0.2597,4242713.0
2026-03-23 12:30:00,1774269000000,0.2597,0.2611,0.2584,0.2607,5629272.0
2026-03-23 12:45:00,1774269900000,0.2607,0.2615,0.2596,0.2603,6625047.0
2026-03-23 13:00:00,1774270800000,0.2603,0.2611,0.2596,0.2599,2437323.0
2026-03-23 13:15:00,1774271700000,0.2599,0.2603,0.2596,0.26,1788773.0
2026-03-23 13:30:00,1774272600000,0.26,0.2626,0.2592,0.2618,8956183.0
2026-03-23 13:45:00,1774273500000,0.2618,0.2641,0.2616,0.2632,9158537.0
2026-03-23 14:00:00,1774274400000,0.2632,0.2652,0.2629,0.2638,7847487.0
2026-03-23 14:15:00,1774275300000,0.2638,0.2648,0.2628,0.263,2640283.0
2026-03-23 14:30:00,1774276200000,0.263,0.2636,0.2624,0.263,2860094.0
2026-03-23 14:45:00,1774277100000,0.263,0.2643,0.2624,0.2639,2357153.0
2026-03-23 15:00:00,1774278000000,0.2639,0.2668,0.2638,0.2658,6597787.0
2026-03-23 15:15:00,1774278900000,0.2658,0.2658,0.2638,0.264,7059054.0
2026-03-23 15:30:00,1774279800000,0.264,0.2642,0.2618,0.2624,9237404.0
2026-03-23 15:45:00,1774280700000,0.2624,0.2636,0.2605,0.261,11605761.0
2026-03-23 16:00:00,1774281600000,0.261,0.262,0.2608,0.2614,6985608.0
2026-03-23 16:15:00,1774282500000,0.2614,0.2616,0.2589,0.259,5020362.0
2026-03-23 16:30:00,1774283400000,0.259,0.2601,0.2584,0.2599,5448804.0
2026-03-23 16:45:00,1774284300000,0.2599,0.2614,0.2597,0.2609,3322545.0
2026-03-23 17:00:00,1774285200000,0.2609,0.2622,0.2609,0.2614,2913444.0
2026-03-23 17:15:00,1774286100000,0.2614,0.2617,0.2596,0.2604,2104737.0
2026-03-23 17:30:00,1774287000000,0.2604,0.2636,0.26,0.2619,5378631.0
2026-03-23 17:45:00,1774287900000,0.2619,0.2623,0.2613,0.2618,4160433.0
2026-03-23 18:00:00,1774288800000,0.2618,0.2625,0.2606,0.2606,3601008.0
2026-03-23 18:15:00,1774289700000,0.2606,0.2612,0.2605,0.2606,2246100.0
2026-03-23 18:30:00,1774290600000,0.2606,0.2616,0.2606,0.2611,2316540.0
2026-03-23 18:45:00,1774291500000,0.2611,0.2625,0.2609,0.2623,1876936.0
2026-03-23 19:00:00,1774292400000,0.2623,0.2635,0.2618,0.2621,3257766.0
2026-03-23 19:15:00,1774293300000,0.2621,0.2623,0.2614,0.2617,1206120.0
2026-03-23 19:30:00,1774294200000,0.2617,0.2617,0.261,0.2612,1661288.0
2026-03-23 19:45:00,1774295100000,0.2612,0.2617,0.2605,0.2608,987971.0
2026-03-23 20:00:00,1774296000000,0.2608,0.2617,0.26,0.2616,1646050.0
2026-03-23 20:15:00,1774296900000,0.2616,0.2623,0.2615,0.2618,2196609.0
2026-03-23 20:30:00,1774297800000,0.2618,0.2631,0.2617,0.2629,1328310.0
2026-03-23 20:45:00,1774298700000,0.2629,0.2629,0.2625,0.2627,527810.0
2026-03-23 21:00:00,1774299600000,0.2627,0.2634,0.2627,0.2631,1875356.0
2026-03-23 21:15:00,1774300500000,0.2631,0.2637,0.263,0.2633,771665.0
2026-03-23 21:30:00,1774301400000,0.2633,0.2644,0.2633,0.2639,2048855.0
2026-03-23 21:45:00,1774302300000,0.2639,0.2639,0.2626,0.2628,698958.0
2026-03-23 22:00:00,1774303200000,0.2628,0.2631,0.2612,0.262,2885030.0
2026-03-23 22:15:00,1774304100000,0.262,0.2623,0.2616,0.2616,538392.0
2026-03-23 22:30:00,1774305000000,0.2616,0.2618,0.2609,0.2615,504165.0
2026-03-23 22:45:00,1774305900000,0.2615,0.2618,0.2612,0.2615,868038.0
2026-03-23 23:00:00,1774306800000,0.2615,0.2616,0.2603,0.2608,2152004.0
2026-03-23 23:15:00,1774307700000,0.2608,0.2616,0.2602,0.2614,1294360.0
2026-03-23 23:30:00,1774308600000,0.2614,0.2617,0.2608,0.2615,479096.0
2026-03-23 23:45:00,1774309500000,0.2615,0.2619,0.2609,0.2615,972931.0
2026-03-24 00:00:00,1774310400000,0.2615,0.2624,0.2611,0.2612,1871168.0
2026-03-24 00:15:00,1774311300000,0.2612,0.2614,0.2603,0.2604,1500740.0
2026-03-24 00:30:00,1774312200000,0.2604,0.2607,0.2589,0.2598,7911641.0
2026-03-24 00:45:00,1774313100000,0.2598,0.2609,0.2598,0.26,1543716.0
2026-03-24 01:00:00,1774314000000,0.26,0.2601,0.2589,0.2593,7540298.0
2026-03-24 01:15:00,1774314900000,0.2593,0.2602,0.2589,0.26,1614792.0
2026-03-24 01:30:00,1774315800000,0.26,0.26,0.2579,0.2584,4276532.0
2026-03-24 01:45:00,1774316700000,0.2584,0.2594,0.2581,0.259,1287316.0
2026-03-24 02:00:00,1774317600000,0.259,0.2606,0.2587,0.2595,2431947.0
2026-03-24 02:15:00,1774318500000,0.2595,0.26,0.2591,0.2595,858609.0
2026-03-24 02:30:00,1774319400000,0.2595,0.2601,0.2584,0.2591,1145388.0
2026-03-24 02:45:00,1774320300000,0.2591,0.2593,0.2585,0.2586,460624.0
2026-03-24 03:00:00,1774321200000,0.2586,0.2591,0.2585,0.2588,580944.0
2026-03-24 03:15:00,1774322100000,0.2588,0.2597,0.2588,0.2594,615390.0
2026-03-24 03:30:00,1774323000000,0.2594,0.2606,0.2592,0.2604,783080.0
2026-03-24 03:45:00,1774323900000,0.2604,0.2617,0.2604,0.2614,1685096.0
2026-03-24 04:00:00,1774324800000,0.2614,0.2626,0.2613,0.2613,2294922.0
2026-03-24 04:15:00,1774325700000,0.2613,0.2614,0.2607,0.2607,912238.0
2026-03-24 04:30:00,1774326600000,0.2607,0.2608,0.2596,0.2603,1830926.0
2026-03-24 04:45:00,1774327500000,0.2603,0.2609,0.2599,0.2605,1360778.0
2026-03-24 05:00:00,1774328400000,0.2605,0.2606,0.2595,0.2598,1810121.0
2026-03-24 05:15:00,1774329300000,0.2598,0.2612,0.2598,0.2608,1434594.0
2026-03-24 05:30:00,1774330200000,0.2608,0.2613,0.2605,0.2609,1120144.0
2026-03-24 05:45:00,1774331100000,0.2609,0.2611,0.2605,0.2606,1203922.0
2026-03-24 06:00:00,1774332000000,0.2606,0.261,0.2601,0.2607,1120827.0
2026-03-24 06:15:00,1774332900000,0.2607,0.2607,0.2598,0.2601,391162.0
2026-03-24 06:30:00,1774333800000,0.2601,0.2608,0.2601,0.2604,1792524.0
2026-03-24 06:45:00,1774334700000,0.2604,0.2612,0.2603,0.2611,1073777.0
2026-03-24 07:00:00,1774335600000,0.2611,0.264,0.2609,0.2634,10493037.0
2026-03-24 07:15:00,1774336500000,0.2634,0.2637,0.2627,0.2629,1824705.0
2026-03-24 07:30:00,1774337400000,0.2629,0.2636,0.2628,0.2633,2237069.0
2026-03-24 07:45:00,1774338300000,0.2633,0.2659,0.2631,0.2656,5663672.0
2026-03-24 08:00:00,1774339200000,0.2656,0.2683,0.2655,0.2674,15773118.0
2026-03-24 08:15:00,1774340100000,0.2674,0.2675,0.266,0.2661,5589583.0
2026-03-24 08:30:00,1774341000000,0.2661,0.2678,0.2658,0.2675,5987243.0
2026-03-24 08:45:00,1774341900000,0.2675,0.2676,0.2659,0.2665,5903167.0
2026-03-24 09:00:00,1774342800000,0.2665,0.2667,0.2653,0.2654,2171823.0
2026-03-24 09:15:00,1774343700000,0.2654,0.2658,0.2643,0.2644,5088111.0
2026-03-24 09:30:00,1774344600000,0.2644,0.2654,0.2641,0.2652,1760118.0
2026-03-24 09:45:00,1774345500000,0.2652,0.2653,0.2645,0.2652,1746415.0
2026-03-24 10:00:00,1774346400000,0.2652,0.2652,0.2643,0.2648,4762434.0
2026-03-24 10:15:00,1774347300000,0.2648,0.2649,0.264,0.264,1135984.0
2026-03-24 10:30:00,1774348200000,0.264,0.2642,0.2626,0.2634,3856511.0
2026-03-24 10:45:00,1774349100000,0.2634,0.2636,0.263,0.2635,898117.0
2026-03-24 11:00:00,1774350000000,0.2635,0.2635,0.2618,0.2624,4304796.0
2026-03-24 11:15:00,1774350900000,0.2624,0.2633,0.2619,0.2628,1754793.0
2026-03-24 11:30:00,1774351800000,0.2628,0.2641,0.2626,0.2639,1971264.0
2026-03-24 11:45:00,1774352700000,0.2639,0.2639,0.263,0.2636,2589115.0
2026-03-24 12:00:00,1774353600000,0.2636,0.2636,0.2628,0.2632,1040714.0
2026-03-24 12:15:00,1774354500000,0.2632,0.2637,0.2629,0.2634,877317.0
2026-03-24 12:30:00,1774355400000,0.2634,0.2637,0.2626,0.2631,1826722.0
2026-03-24 12:45:00,1774356300000,0.2631,0.2636,0.2628,0.263,830524.0
2026-03-24 13:00:00,1774357200000,0.263,0.2633,0.2618,0.2629,1870320.0
2026-03-24 13:15:00,1774358100000,0.2629,0.2636,0.2623,0.2633,1502228.0
2026-03-24 13:30:00,1774359000000,0.2633,0.2638,0.261,0.2611,8553846.0
2026-03-24 13:45:00,1774359900000,0.2611,0.2617,0.2603,0.2611,6491252.0
2026-03-24 14:00:00,1774360800000,0.2611,0.2624,0.2596,0.2604,3582690.0
2026-03-24 14:15:00,1774361700000,0.2604,0.2611,0.2597,0.2607,2863825.0
2026-03-24 14:30:00,1774362600000,0.2607,0.2611,0.2598,0.2601,1259858.0
2026-03-24 14:45:00,1774363500000,0.2601,0.2624,0.2589,0.2613,10232550.0
2026-03-24 15:00:00,1774364400000,0.2613,0.262,0.261,0.2617,1833906.0
2026-03-24 15:15:00,1774365300000,0.2617,0.2627,0.2612,0.262,2485476.0
2026-03-24 15:30:00,1774366200000,0.262,0.2628,0.2611,0.2619,1319429.0
2026-03-24 15:45:00,1774367100000,0.2619,0.262,0.2607,0.2609,1527073.0
2026-03-24 16:00:00,1774368000000,0.2609,0.261,0.2602,0.2604,2373722.0
2026-03-24 16:15:00,1774368900000,0.2604,0.2609,0.2597,0.26,2060417.0
2026-03-24 16:30:00,1774369800000,0.26,0.2603,0.259,0.2599,2405692.0
2026-03-24 16:45:00,1774370700000,0.2599,0.2602,0.2595,0.2597,1854321.0
2026-03-24 17:00:00,1774371600000,0.2597,0.2599,0.2583,0.2596,3179793.0
2026-03-24 17:15:00,1774372500000,0.2596,0.2598,0.2591,0.2592,1248915.0
2026-03-24 17:30:00,1774373400000,0.2592,0.2597,0.258,0.2582,1876956.0
2026-03-24 17:45:00,1774374300000,0.2582,0.2592,0.258,0.2589,3105501.0
2026-03-24 18:00:00,1774375200000,0.2589,0.2596,0.2587,0.2594,3158027.0
2026-03-24 18:15:00,1774376100000,0.2594,0.2601,0.2591,0.2599,914258.0
2026-03-24 18:30:00,1774377000000,0.2599,0.2619,0.2599,0.2608,2037981.0
2026-03-24 18:45:00,1774377900000,0.2608,0.2609,0.26,0.2602,925557.0
2026-03-24 19:00:00,1774378800000,0.2602,0.2609,0.2602,0.2608,479591.0
2026-03-24 19:15:00,1774379700000,0.2608,0.2612,0.2604,0.2604,641986.0
2026-03-24 19:30:00,1774380600000,0.2604,0.2605,0.26,0.26,1839274.0
2026-03-24 19:45:00,1774381500000,0.26,0.2601,0.2595,0.26,1423241.0
2026-03-24 20:00:00,1774382400000,0.26,0.2606,0.2597,0.2606,2143456.0
2026-03-24 20:15:00,1774383300000,0.2606,0.2655,0.2605,0.264,11570763.0
2026-03-24 20:30:00,1774384200000,0.264,0.2653,0.2639,0.2644,3171402.0
2026-03-24 20:45:00,1774385100000,0.2644,0.2653,0.2638,0.2645,1742288.0
2026-03-24 21:00:00,1774386000000,0.2645,0.2651,0.2635,0.2641,2306526.0
2026-03-24 21:15:00,1774386900000,0.2641,0.2644,0.2634,0.2643,1298445.0
2026-03-24 21:30:00,1774387800000,0.2643,0.2657,0.2642,0.2653,2060652.0
2026-03-24 21:45:00,1774388700000,0.2653,0.2656,0.2646,0.2653,1082168.0
2026-03-24 22:00:00,1774389600000,0.2653,0.2669,0.2651,0.2665,3965524.0
2026-03-24 22:15:00,1774390500000,0.2665,0.2667,0.2653,0.2655,3288412.0
2026-03-24 22:30:00,1774391400000,0.2655,0.2658,0.2646,0.2651,3593936.0
2026-03-24 22:45:00,1774392300000,0.2651,0.2654,0.2646,0.2652,1348573.0
2026-03-24 23:00:00,1774393200000,0.2652,0.2658,0.265,0.2655,2232754.0
2026-03-24 23:15:00,1774394100000,0.2655,0.2668,0.2654,0.2663,1964192.0
2026-03-24 23:30:00,1774395000000,0.2663,0.2665,0.2657,0.2658,1194797.0
2026-03-24 23:45:00,1774395900000,0.2658,0.2663,0.2657,0.2662,528990.0
2026-03-25 00:00:00,1774396800000,0.2662,0.2683,0.2662,0.2682,8432236.0
2026-03-25 00:15:00,1774397700000,0.2682,0.2682,0.2668,0.2669,1270275.0
2026-03-25 00:30:00,1774398600000,0.2669,0.2681,0.2658,0.2677,2770357.0
2026-03-25 00:45:00,1774399500000,0.2677,0.2687,0.2674,0.2674,2922178.0
2026-03-25 01:00:00,1774400400000,0.2674,0.268,0.2669,0.2671,3058985.0
2026-03-25 01:15:00,1774401300000,0.2671,0.2679,0.2669,0.2679,3350145.0
2026-03-25 01:30:00,1774402200000,0.2679,0.269,0.2671,0.2684,7658626.0
2026-03-25 01:45:00,1774403100000,0.2684,0.2685,0.2677,0.2678,2492712.0
2026-03-25 02:00:00,1774404000000,0.2678,0.2683,0.2673,0.2681,1950939.0
2026-03-25 02:15:00,1774404900000,0.2681,0.2684,0.2669,0.267,1354295.0
2026-03-25 02:30:00,1774405800000,0.267,0.2671,0.2664,0.2668,1454188.0
2026-03-25 02:45:00,1774406700000,0.2668,0.2671,0.2662,0.2665,1147008.0
2026-03-25 03:00:00,1774407600000,0.2665,0.2665,0.2654,0.266,1250843.0
2026-03-25 03:15:00,1774408500000,0.266,0.2664,0.2656,0.2663,1211249.0
2026-03-25 03:30:00,1774409400000,0.2663,0.2675,0.2663,0.267,1845282.0
2026-03-25 03:45:00,1774410300000,0.267,0.268,0.267,0.2676,1892445.0
2026-03-25 04:00:00,1774411200000,0.2676,0.2684,0.2673,0.2682,1039604.0
2026-03-25 04:15:00,1774412100000,0.2682,0.2685,0.2676,0.2677,1154793.0
2026-03-25 04:30:00,1774413000000,0.2677,0.2678,0.2668,0.267,1182100.0
2026-03-25 04:45:00,1774413900000,0.267,0.268,0.2668,0.2679,352886.0
2026-03-25 05:00:00,1774414800000,0.2679,0.2695,0.2676,0.2685,13415286.0
2026-03-25 05:15:00,1774415700000,0.2685,0.2686,0.2678,0.2683,1263044.0
2026-03-25 05:30:00,1774416600000,0.2683,0.2685,0.2681,0.2682,919011.0
2026-03-25 05:45:00,1774417500000,0.2682,0.2683,0.2679,0.2679,864205.0
2026-03-25 06:00:00,1774418400000,0.2679,0.2686,0.2679,0.2682,1011107.0
2026-03-25 06:15:00,1774419300000,0.2682,0.2702,0.2682,0.2699,5234268.0
2026-03-25 06:30:00,1774420200000,0.2699,0.2702,0.2693,0.2696,3916486.0
2026-03-25 06:45:00,1774421100000,0.2696,0.27,0.2691,0.2692,3792255.0
2026-03-25 07:00:00,1774422000000,0.2692,0.2716,0.2691,0.2709,4580935.0
2026-03-25 07:15:00,1774422900000,0.2709,0.2712,0.27,0.2701,1616868.0
2026-03-25 07:30:00,1774423800000,0.2701,0.271,0.2701,0.2702,1903718.0
2026-03-25 07:45:00,1774424700000,0.2702,0.2704,0.2686,0.2692,5013552.0
2026-03-25 08:00:00,1774425600000,0.2692,0.2709,0.2692,0.2707,2496116.0
2026-03-25 08:15:00,1774426500000,0.2707,0.2723,0.2704,0.2713,3720713.0
2026-03-25 08:30:00,1774427400000,0.2713,0.2724,0.2708,0.2718,4124122.0
2026-03-25 08:45:00,1774428300000,0.2718,0.2719,0.2712,0.2715,1570889.0
2026-03-25 09:00:00,1774429200000,0.2715,0.2717,0.2709,0.2712,1777395.0
2026-03-25 09:15:00,1774430100000,0.2712,0.272,0.271,0.2716,2317446.0
2026-03-25 09:30:00,1774431000000,0.2716,0.2718,0.2709,0.2716,2387832.0
2026-03-25 09:45:00,1774431900000,0.2716,0.2723,0.2706,0.2718,2206139.0
2026-03-25 10:00:00,1774432800000,0.2718,0.2734,0.2718,0.2729,4362058.0
2026-03-25 10:15:00,1774433700000,0.2729,0.2731,0.2723,0.2728,979934.0
2026-03-25 10:30:00,1774434600000,0.2728,0.2729,0.2719,0.2722,2299380.0
2026-03-25 10:45:00,1774435500000,0.2722,0.2727,0.2722,0.2722,1216962.0
2026-03-25 11:00:00,1774436400000,0.2722,0.2724,0.2711,0.2715,2197586.0
2026-03-25 11:15:00,1774437300000,0.2715,0.2732,0.2715,0.2729,8334302.0
2026-03-25 11:30:00,1774438200000,0.2729,0.2747,0.2728,0.273,5938272.0
2026-03-25 11:45:00,1774439100000,0.273,0.2732,0.2719,0.273,3293965.0
2026-03-25 12:00:00,1774440000000,0.273,0.2749,0.273,0.2743,3739463.0
2026-03-25 12:15:00,1774440900000,0.2743,0.2746,0.2717,0.2725,8435531.0
2026-03-25 12:30:00,1774441800000,0.2725,0.2742,0.2718,0.2734,4773904.0
2026-03-25 12:45:00,1774442700000,0.2734,0.276,0.2727,0.2745,7054154.0
2026-03-25 13:00:00,1774443600000,0.2745,0.2767,0.2735,0.2762,8880733.0
2026-03-25 13:15:00,1774444500000,0.2762,0.2765,0.2746,0.2747,3094743.0
2026-03-25 13:30:00,1774445400000,0.2747,0.2753,0.2729,0.2729,3807423.0
2026-03-25 13:45:00,1774446300000,0.2729,0.2736,0.2722,0.2733,2542376.0
2026-03-25 14:00:00,1774447200000,0.2733,0.2737,0.272,0.2725,4455963.0
2026-03-25 14:15:00,1774448100000,0.2725,0.2736,0.2721,0.2733,3579005.0
2026-03-25 14:30:00,1774449000000,0.2733,0.2734,0.2715,0.2717,2109295.0
2026-03-25 14:45:00,1774449900000,0.2717,0.2724,0.2713,0.2716,2767520.0
2026-03-25 15:00:00,1774450800000,0.2716,0.2722,0.2699,0.2703,4701919.0
2026-03-25 15:15:00,1774451700000,0.2703,0.2707,0.2684,0.2704,7763583.0
2026-03-25 15:30:00,1774452600000,0.2704,0.2708,0.269,0.2694,1572681.0
2026-03-25 15:45:00,1774453500000,0.2694,0.2704,0.2692,0.2701,1717475.0
2026-03-25 16:00:00,1774454400000,0.2701,0.2707,0.2694,0.27,2164629.0
2026-03-25 16:15:00,1774455300000,0.27,0.2726,0.2696,0.2719,5111505.0
2026-03-25 16:30:00,1774456200000,0.2719,0.2722,0.2712,0.272,3535862.0
2026-03-25 16:45:00,1774457100000,0.272,0.272,0.2709,0.2712,2616372.0
2026-03-25 17:00:00,1774458000000,0.2712,0.272,0.271,0.2714,1132949.0
2026-03-25 17:15:00,1774458900000,0.2714,0.2722,0.2707,0.2716,1410929.0
2026-03-25 17:30:00,1774459800000,0.2716,0.2717,0.2708,0.2711,3578864.0
2026-03-25 17:45:00,1774460700000,0.2711,0.2713,0.2702,0.2704,2479988.0
2026-03-25 18:00:00,1774461600000,0.2704,0.2707,0.2696,0.2702,2104766.0
2026-03-25 18:15:00,1774462500000,0.2702,0.2711,0.2701,0.2708,1751551.0
2026-03-25 18:30:00,1774463400000,0.2708,0.2711,0.27,0.2702,656616.0
2026-03-25 18:45:00,1774464300000,0.2702,0.2708,0.2693,0.27,1331176.0
2026-03-25 19:00:00,1774465200000,0.27,0.2707,0.2695,0.2705,1195227.0
2026-03-25 19:15:00,1774466100000,0.2705,0.2708,0.2702,0.2707,911613.0
2026-03-25 19:30:00,1774467000000,0.2707,0.2712,0.2702,0.2703,1571150.0
2026-03-25 19:45:00,1774467900000,0.2703,0.2709,0.2699,0.2704,971468.0
2026-03-25 20:00:00,1774468800000,0.2704,0.2705,0.2694,0.2695,1643469.0
2026-03-25 20:15:00,1774469700000,0.2695,0.2699,0.2687,0.2687,2216877.0
2026-03-25 20:30:00,1774470600000,0.2687,0.2694,0.268,0.2694,2441234.0
2026-03-25 20:45:00,1774471500000,0.2694,0.2698,0.2691,0.2694,1133933.0
2026-03-25 21:00:00,1774472400000,0.2694,0.27,0.2688,0.2699,3288878.0
2026-03-25 21:15:00,1774473300000,0.2699,0.27,0.2688,0.2689,1401557.0
2026-03-25 21:30:00,1774474200000,0.2689,0.2697,0.2687,0.2693,787279.0
2026-03-25 21:45:00,1774475100000,0.2693,0.2695,0.269,0.2692,358395.0
2026-03-25 22:00:00,1774476000000,0.2692,0.2697,0.2688,0.269,616124.0
2026-03-25 22:15:00,1774476900000,0.269,0.2692,0.2685,0.2687,1069684.0
2026-03-25 22:30:00,1774477800000,0.2687,0.2712,0.2687,0.2703,4313609.0
2026-03-25 22:45:00,1774478700000,0.2703,0.2708,0.2701,0.2705,1616065.0
2026-03-25 23:00:00,1774479600000,0.2705,0.2706,0.27,0.2701,840102.0
2026-03-25 23:15:00,1774480500000,0.2701,0.2706,0.2698,0.2701,1332649.0
2026-03-25 23:30:00,1774481400000,0.2701,0.2703,0.2695,0.2697,727439.0
2026-03-25 23:45:00,1774482300000,0.2697,0.2706,0.2694,0.2703,1444775.0
2026-03-26 00:00:00,1774483200000,0.2703,0.2706,0.2694,0.2698,2104182.0
2026-03-26 00:15:00,1774484100000,0.2698,0.2702,0.2694,0.2696,408879.0
2026-03-26 00:30:00,1774485000000,0.2696,0.2697,0.2689,0.2693,1341511.0
2026-03-26 00:45:00,1774485900000,0.2693,0.2699,0.269,0.2693,863535.0
2026-03-26 01:00:00,1774486800000,0.2693,0.2699,0.269,0.2691,879910.0
2026-03-26 01:15:00,1774487700000,0.2691,0.2696,0.2685,0.2695,2494014.0
2026-03-26 01:30:00,1774488600000,0.2695,0.2702,0.2694,0.2694,1305777.0
2026-03-26 01:45:00,1774489500000,0.2694,0.2695,0.2688,0.2689,478767.0
2026-03-26 02:00:00,1774490400000,0.2689,0.2689,0.2678,0.2683,1559849.0
2026-03-26 02:15:00,1774491300000,0.2683,0.2683,0.2673,0.2673,2073099.0
2026-03-26 02:30:00,1774492200000,0.2673,0.2675,0.2664,0.267,4686749.0
2026-03-26 02:45:00,1774493100000,0.267,0.2677,0.267,0.2675,1164786.0
2026-03-26 03:00:00,1774494000000,0.2675,0.2675,0.2665,0.2673,1528061.0
2026-03-26 03:15:00,1774494900000,0.2673,0.2673,0.2656,0.2658,1893520.0
2026-03-26 03:30:00,1774495800000,0.2658,0.2668,0.2658,0.2664,2156147.0
2026-03-26 03:45:00,1774496700000,0.2664,0.2667,0.2662,0.2662,1694767.0
2026-03-26 04:00:00,1774497600000,0.2662,0.2664,0.2658,0.266,1314088.0
2026-03-26 04:15:00,1774498500000,0.266,0.2663,0.2658,0.2662,1004278.0
2026-03-26 04:30:00,1774499400000,0.2662,0.2662,0.2657,0.2659,719423.0
2026-03-26 04:45:00,1774500300000,0.2659,0.2661,0.2653,0.2656,1564791.0
2026-03-26 05:00:00,1774501200000,0.2656,0.2657,0.2642,0.2643,4728472.0
2026-03-26 05:15:00,1774502100000,0.2643,0.2648,0.2637,0.2644,1629482.0
2026-03-26 05:30:00,1774503000000,0.2644,0.2648,0.2632,0.2635,1841039.0
2026-03-26 05:45:00,1774503900000,0.2635,0.2636,0.262,0.2622,9813192.0
2026-03-26 06:00:00,1774504800000,0.2622,0.2625,0.2615,0.2623,4119614.0
2026-03-26 06:15:00,1774505700000,0.2623,0.2625,0.2609,0.2616,2276251.0
2026-03-26 06:30:00,1774506600000,0.2616,0.262,0.2611,0.2613,1397398.0
2026-03-26 06:45:00,1774507500000,0.2613,0.2618,0.261,0.2616,2465843.0
2026-03-26 07:00:00,1774508400000,0.2616,0.2622,0.2614,0.2615,1683954.0
2026-03-26 07:15:00,1774509300000,0.2615,0.262,0.2608,0.261,2652652.0
2026-03-26 07:30:00,1774510200000,0.261,0.2617,0.2607,0.2614,1182678.0
2026-03-26 07:45:00,1774511100000,0.2614,0.2623,0.2614,0.262,1386591.0
2026-03-26 08:00:00,1774512000000,0.262,0.262,0.2604,0.2604,2654630.0
2026-03-26 08:15:00,1774512900000,0.2604,0.261,0.26,0.2601,2967084.0
2026-03-26 08:30:00,1774513800000,0.2601,0.2605,0.2596,0.2599,3783095.0
2026-03-26 08:45:00,1774514700000,0.2599,0.2606,0.2595,0.2601,4408162.0
2026-03-26 09:00:00,1774515600000,0.2601,0.2606,0.2597,0.26,1613472.0
2026-03-26 09:15:00,1774516500000,0.26,0.2602,0.2594,0.2602,1113999.0
2026-03-26 09:30:00,1774517400000,0.2602,0.2602,0.2566,0.2575,15460326.0
2026-03-26 09:45:00,1774518300000,0.2575,0.2577,0.2571,0.2574,3096993.0
2026-03-26 10:00:00,1774519200000,0.2574,0.2574,0.2565,0.2571,5169188.0
2026-03-26 10:15:00,1774520100000,0.2571,0.258,0.2571,0.2578,1083274.0
2026-03-26 10:30:00,1774521000000,0.2578,0.2581,0.2574,0.2578,1954280.0
2026-03-26 10:45:00,1774521900000,0.2578,0.2584,0.2578,0.2583,1982401.0
2026-03-26 11:00:00,1774522800000,0.2583,0.2587,0.2575,0.2583,2408979.0
2026-03-26 11:15:00,1774523700000,0.2583,0.2584,0.2572,0.2575,3525307.0
2026-03-26 11:30:00,1774524600000,0.2575,0.2579,0.2571,0.2572,1200826.0
2026-03-26 11:45:00,1774525500000,0.2572,0.2578,0.2571,0.2571,1904664.0
2026-03-26 12:00:00,1774526400000,0.2571,0.2573,0.2564,0.257,2868375.0
2026-03-26 12:15:00,1774527300000,0.257,0.2578,0.257,0.2577,1136973.0
2026-03-26 12:30:00,1774528200000,0.2577,0.2581,0.2571,0.2575,871706.0
2026-03-26 12:45:00,1774529100000,0.2575,0.2579,0.2574,0.2578,929139.0
2026-03-26 13:00:00,1774530000000,0.2578,0.2587,0.2577,0.2582,5250516.0
2026-03-26 13:15:00,1774530900000,0.2582,0.2584,0.2575,0.2576,845510.0
2026-03-26 13:30:00,1774531800000,0.2576,0.2585,0.257,0.2585,2978846.0
2026-03-26 13:45:00,1774532700000,0.2585,0.2597,0.2581,0.2586,7534126.0
2026-03-26 14:00:00,1774533600000,0.2586,0.2592,0.2574,0.258,1643813.0
2026-03-26 14:15:00,1774534500000,0.258,0.2581,0.2571,0.2575,1944445.0
2026-03-26 14:30:00,1774535400000,0.2575,0.2585,0.2575,0.2578,1193548.0
2026-03-26 14:45:00,1774536300000,0.2578,0.2579,0.2566,0.2572,2435643.0
2026-03-26 15:00:00,1774537200000,0.2572,0.2572,0.2547,0.255,11480562.0
2026-03-26 15:15:00,1774538100000,0.255,0.2562,0.2542,0.2559,4193940.0
2026-03-26 15:30:00,1774539000000,0.2559,0.2559,0.2552,0.2557,2720726.0
2026-03-26 15:45:00,1774539900000,0.2557,0.2563,0.2555,0.2559,1989537.0
2026-03-26 16:00:00,1774540800000,0.2559,0.2564,0.2557,0.2561,2565497.0
2026-03-26 16:15:00,1774541700000,0.2561,0.2566,0.2555,0.2561,1720519.0
2026-03-26 16:30:00,1774542600000,0.2561,0.2563,0.2558,0.2561,521181.0
2026-03-26 16:45:00,1774543500000,0.2561,0.2561,0.2553,0.2554,924791.0
2026-03-26 17:00:00,1774544400000,0.2554,0.2561,0.2553,0.2558,836292.0
2026-03-26 17:15:00,1774545300000,0.2558,0.2562,0.2556,0.2558,587058.0
2026-03-26 17:30:00,1774546200000,0.2558,0.2562,0.2557,0.2559,445256.0
2026-03-26 17:45:00,1774547100000,0.2559,0.2559,0.2537,0.2543,5131848.0
2026-03-26 18:00:00,1774548000000,0.2543,0.2548,0.2534,0.2539,2757421.0
2026-03-26 18:15:00,1774548900000,0.2539,0.2539,0.2528,0.2531,5037103.0
2026-03-26 18:30:00,1774549800000,0.2531,0.2536,0.253,0.2535,1328672.0
2026-03-26 18:45:00,1774550700000,0.2535,0.2539,0.2534,0.2538,1797314.0
2026-03-26 19:00:00,1774551600000,0.2538,0.2538,0.2529,0.2535,1282710.0
2026-03-26 19:15:00,1774552500000,0.2535,0.2539,0.2533,0.2535,1039795.0
2026-03-26 19:30:00,1774553400000,0.2535,0.2537,0.2531,0.2535,1046622.0
2026-03-26 19:45:00,1774554300000,0.2535,0.2539,0.2533,0.2535,576689.0
2026-03-26 20:00:00,1774555200000,0.2535,0.257,0.2524,0.2554,25779008.0
2026-03-26 20:15:00,1774556100000,0.2554,0.2562,0.2548,0.2555,3734838.0
2026-03-26 20:30:00,1774557000000,0.2555,0.2563,0.2555,0.2559,966670.0
2026-03-26 20:45:00,1774557900000,0.2559,0.256,0.2545,0.2547,1373068.0
2026-03-26 21:00:00,1774558800000,0.2547,0.2558,0.2543,0.2557,17302828.0
2026-03-26 21:15:00,1774559700000,0.2557,0.2573,0.2555,0.2572,2434324.0
2026-03-26 21:30:00,1774560600000,0.2572,0.2575,0.2566,0.2568,1630128.0
2026-03-26 21:45:00,1774561500000,0.2568,0.2569,0.2557,0.2557,1976911.0
2026-03-26 22:00:00,1774562400000,0.2557,0.2559,0.2549,0.2557,2072839.0
2026-03-26 22:15:00,1774563300000,0.2557,0.2557,0.2538,0.2547,3341955.0
2026-03-26 22:30:00,1774564200000,0.2547,0.2549,0.2544,0.2549,564972.0
2026-03-26 22:45:00,1774565100000,0.2549,0.2552,0.2547,0.255,681219.0
2026-03-26 23:00:00,1774566000000,0.255,0.2554,0.2542,0.2546,1660990.0
2026-03-26 23:15:00,1774566900000,0.2546,0.2546,0.2537,0.2542,1304044.0
2026-03-26 23:30:00,1774567800000,0.2542,0.2543,0.2537,0.2543,1605387.0
2026-03-26 23:45:00,1774568700000,0.2543,0.2551,0.2542,0.2546,922943.0
2026-03-27 00:00:00,1774569600000,0.2546,0.255,0.254,0.2549,2057153.0
2026-03-27 00:15:00,1774570500000,0.2549,0.2549,0.2535,0.2536,977361.0
2026-03-27 00:30:00,1774571400000,0.2536,0.2544,0.2533,0.2537,2215592.0
2026-03-27 00:45:00,1774572300000,0.2537,0.2544,0.2533,0.2542,1472377.0
2026-03-27 01:00:00,1774573200000,0.2542,0.2549,0.254,0.2547,991027.0
2026-03-27 01:15:00,1774574100000,0.2547,0.255,0.2546,0.2548,678023.0
2026-03-27 01:30:00,1774575000000,0.2548,0.255,0.2545,0.255,502917.0
2026-03-27 01:45:00,1774575900000,0.255,0.2559,0.2549,0.2557,1146420.0
2026-03-27 02:00:00,1774576800000,0.2557,0.2558,0.2554,0.2555,1099488.0
2026-03-27 02:15:00,1774577700000,0.2555,0.2556,0.255,0.2556,566316.0
2026-03-27 02:30:00,1774578600000,0.2556,0.256,0.2552,0.2553,607200.0
2026-03-27 02:45:00,1774579500000,0.2553,0.2554,0.2549,0.255,340097.0
2026-03-27 03:00:00,1774580400000,0.255,0.2552,0.2538,0.2541,2163905.0
2026-03-27 03:15:00,1774581300000,0.2541,0.2547,0.2541,0.2546,875065.0
2026-03-27 03:30:00,1774582200000,0.2546,0.2549,0.2544,0.2546,754579.0
2026-03-27 03:45:00,1774583100000,0.2546,0.2546,0.2542,0.2543,258290.0
2026-03-27 04:00:00,1774584000000,0.2543,0.2543,0.2522,0.2529,5391591.0
2026-03-27 04:15:00,1774584900000,0.2529,0.2541,0.2528,0.2539,805891.0
2026-03-27 04:30:00,1774585800000,0.2539,0.2542,0.2536,0.2541,670996.0
2026-03-27 04:45:00,1774586700000,0.2541,0.2543,0.2538,0.254,553434.0
2026-03-27 05:00:00,1774587600000,0.254,0.2553,0.2538,0.2551,1271805.0
2026-03-27 05:15:00,1774588500000,0.2551,0.2555,0.2537,0.254,1286144.0
2026-03-27 05:30:00,1774589400000,0.254,0.2544,0.2532,0.2534,1276504.0
2026-03-27 05:45:00,1774590300000,0.2534,0.2537,0.2533,0.2535,490926.0
2026-03-27 06:00:00,1774591200000,0.2535,0.2536,0.253,0.2533,909087.0
2026-03-27 06:15:00,1774592100000,0.2533,0.2541,0.2531,0.2537,1955116.0
2026-03-27 06:30:00,1774593000000,0.2537,0.2541,0.2535,0.2538,1364341.0
2026-03-27 06:45:00,1774593900000,0.2538,0.2539,0.2535,0.2537,619571.0
2026-03-27 07:00:00,1774594800000,0.2537,0.2549,0.2535,0.2546,1395526.0
2026-03-27 07:15:00,1774595700000,0.2546,0.2552,0.2543,0.2547,1838476.0
2026-03-27 07:30:00,1774596600000,0.2547,0.255,0.2541,0.2545,883961.0
2026-03-27 07:45:00,1774597500000,0.2545,0.255,0.2544,0.2546,636659.0
2026-03-27 08:00:00,1774598400000,0.2546,0.2551,0.254,0.2544,2808444.0
2026-03-27 08:15:00,1774599300000,0.2544,0.2544,0.253,0.2531,2458130.0
2026-03-27 08:30:00,1774600200000,0.2531,0.2533,0.25,0.251,19895581.0
2026-03-27 08:45:00,1774601100000,0.251,0.2524,0.2509,0.252,3171768.0
2026-03-27 09:00:00,1774602000000,0.252,0.2521,0.2496,0.2506,4279055.0
2026-03-27 09:15:00,1774602900000,0.2506,0.2519,0.2505,0.2516,2676450.0
2026-03-27 09:30:00,1774603800000,0.2516,0.2517,0.2506,0.251,772012.0
2026-03-27 09:45:00,1774604700000,0.251,0.2513,0.2506,0.2508,570074.0
2026-03-27 10:00:00,1774605600000,0.2508,0.2509,0.2499,0.2507,2479600.0
2026-03-27 10:15:00,1774606500000,0.2507,0.2513,0.2505,0.2512,2339579.0
2026-03-27 10:30:00,1774607400000,0.2512,0.2513,0.2466,0.2483,21370298.0
2026-03-27 10:45:00,1774608300000,0.2483,0.2485,0.2452,0.246,12953509.0
2026-03-27 11:00:00,1774609200000,0.246,0.2471,0.2439,0.2469,12746102.0
2026-03-27 11:15:00,1774610100000,0.2469,0.2474,0.2468,0.2472,2896637.0
2026-03-27 11:30:00,1774611000000,0.2472,0.2476,0.2471,0.2475,1773949.0
2026-03-27 11:45:00,1774611900000,0.2475,0.2479,0.247,0.2472,2681634.0
2026-03-27 12:00:00,1774612800000,0.2472,0.2472,0.2462,0.2464,3306837.0
2026-03-27 12:15:00,1774613700000,0.2464,0.2465,0.2459,0.2462,2095932.0
2026-03-27 12:30:00,1774614600000,0.2462,0.2465,0.2457,0.2464,2057233.0
2026-03-27 12:45:00,1774615500000,0.2464,0.2469,0.2458,0.2468,2087467.0
2026-03-27 13:00:00,1774616400000,0.2468,0.2472,0.2466,0.247,1714623.0
2026-03-27 13:15:00,1774617300000,0.247,0.2481,0.247,0.2479,2127518.0
2026-03-27 13:30:00,1774618200000,0.2479,0.2485,0.2458,0.2482,15816626.0
2026-03-27 13:45:00,1774619100000,0.2482,0.2486,0.2465,0.2473,2229695.0
2026-03-27 14:00:00,1774620000000,0.2473,0.2485,0.247,0.2483,1614970.0
2026-03-27 14:15:00,1774620900000,0.2483,0.2483,0.2459,0.2459,2525523.0
2026-03-27 14:30:00,1774621800000,0.2459,0.2472,0.2459,0.2467,5097896.0
2026-03-27 14:45:00,1774622700000,0.2467,0.2477,0.2464,0.2476,2519286.0
2026-03-27 15:00:00,1774623600000,0.2476,0.2481,0.2472,0.2475,2888827.0
2026-03-27 15:15:00,1774624500000,0.2475,0.2488,0.2465,0.2481,5722597.0
2026-03-27 15:30:00,1774625400000,0.2481,0.2497,0.248,0.2487,3057208.0
2026-03-27 15:45:00,1774626300000,0.2487,0.2492,0.2471,0.2474,5064317.0
2026-03-27 16:00:00,1774627200000,0.2474,0.2477,0.2464,0.2469,2403310.0
2026-03-27 16:15:00,1774628100000,0.2469,0.2472,0.2463,0.2467,993751.0
2026-03-27 16:30:00,1774629000000,0.2467,0.2475,0.2462,0.2474,1614004.0
2026-03-27 16:45:00,1774629900000,0.2474,0.2479,0.2469,0.2471,1617966.0
2026-03-27 17:00:00,1774630800000,0.2471,0.2485,0.2469,0.2479,2694031.0
2026-03-27 17:15:00,1774631700000,0.2479,0.2481,0.2465,0.2467,1002902.0
2026-03-27 17:30:00,1774632600000,0.2467,0.2472,0.2463,0.2464,1143122.0
2026-03-27 17:45:00,1774633500000,0.2464,0.247,0.2462,0.2465,2462771.0
2026-03-27 18:00:00,1774634400000,0.2465,0.2468,0.246,0.2461,1885203.0
2026-03-27 18:15:00,1774635300000,0.2461,0.2465,0.245,0.2457,3724097.0
2026-03-27 18:30:00,1774636200000,0.2457,0.2461,0.2453,0.2457,2532178.0
2026-03-27 18:45:00,1774637100000,0.2457,0.2464,0.2456,0.246,962463.0
2026-03-27 19:00:00,1774638000000,0.246,0.246,0.2452,0.2458,1349649.0
2026-03-27 19:15:00,1774638900000,0.2458,0.2467,0.2457,0.2467,2720565.0
2026-03-27 19:30:00,1774639800000,0.2467,0.2472,0.2461,0.2462,3460045.0
2026-03-27 19:45:00,1774640700000,0.2462,0.2467,0.2457,0.2463,1851067.0
2026-03-27 20:00:00,1774641600000,0.2463,0.247,0.2463,0.2465,1631060.0
2026-03-27 20:15:00,1774642500000,0.2465,0.2468,0.2446,0.2453,3922695.0
2026-03-27 20:30:00,1774643400000,0.2453,0.246,0.2451,0.2456,1733821.0
2026-03-27 20:45:00,1774644300000,0.2456,0.2464,0.2455,0.246,1715679.0
2026-03-27 21:00:00,1774645200000,0.246,0.2465,0.2459,0.2461,1582229.0
2026-03-27 21:15:00,1774646100000,0.2461,0.2463,0.2459,0.2462,913224.0
2026-03-27 21:30:00,1774647000000,0.2462,0.2465,0.2461,0.2465,1965584.0
2026-03-27 21:45:00,1774647900000,0.2465,0.2466,0.2456,0.2458,897157.0
2026-03-27 22:00:00,1774648800000,0.2458,0.246,0.2453,0.2456,659933.0
2026-03-27 22:15:00,1774649700000,0.2456,0.2456,0.245,0.2453,412433.0
2026-03-27 22:30:00,1774650600000,0.2453,0.2455,0.2448,0.2455,690091.0
2026-03-27 22:45:00,1774651500000,0.2455,0.2458,0.2454,0.2457,948434.0
2026-03-27 23:00:00,1774652400000,0.2457,0.2457,0.245,0.2455,921437.0
2026-03-27 23:15:00,1774653300000,0.2455,0.2457,0.2452,0.2456,309794.0
2026-03-27 23:30:00,1774654200000,0.2456,0.246,0.2454,0.246,845969.0
2026-03-27 23:45:00,1774655100000,0.246,0.2464,0.2457,0.2458,898166.0
2026-03-28 00:00:00,1774656000000,0.2458,0.2463,0.2458,0.2459,2227782.0
2026-03-28 00:15:00,1774656900000,0.2459,0.2465,0.2457,0.2465,2749801.0
2026-03-28 00:30:00,1774657800000,0.2465,0.2469,0.2464,0.2467,941013.0
2026-03-28 00:45:00,1774658700000,0.2467,0.2468,0.2463,0.2463,575637.0
2026-03-28 01:00:00,1774659600000,0.2463,0.2464,0.2451,0.2454,1401046.0
2026-03-28 01:15:00,1774660500000,0.2454,0.246,0.2454,0.2456,574459.0
2026-03-28 01:30:00,1774661400000,0.2456,0.2458,0.2444,0.245,2128250.0
2026-03-28 01:45:00,1774662300000,0.245,0.246,0.245,0.2458,1046181.0
2026-03-28 02:00:00,1774663200000,0.2458,0.2471,0.2458,0.2461,2636666.0
2026-03-28 02:15:00,1774664100000,0.2461,0.2463,0.245,0.2452,1035082.0
2026-03-28 02:30:00,1774665000000,0.2452,0.2453,0.2447,0.2449,1670725.0
2026-03-28 02:45:00,1774665900000,0.2449,0.2451,0.2447,0.2449,926369.0
2026-03-28 03:00:00,1774666800000,0.2449,0.2451,0.2447,0.2448,326562.0
2026-03-28 03:15:00,1774667700000,0.2448,0.2451,0.2448,0.2451,298669.0
2026-03-28 03:30:00,1774668600000,0.2451,0.2453,0.2449,0.2451,1039305.0
2026-03-28 03:45:00,1774669500000,0.2451,0.2451,0.2445,0.2446,730060.0
2026-03-28 04:00:00,1774670400000,0.2446,0.2448,0.2438,0.2442,2617313.0
2026-03-28 04:15:00,1774671300000,0.2442,0.2452,0.2442,0.2452,1145170.0
2026-03-28 04:30:00,1774672200000,0.2452,0.2453,0.2449,0.2451,365985.0
2026-03-28 04:45:00,1774673100000,0.2451,0.2452,0.2448,0.245,990768.0
2026-03-28 05:00:00,1774674000000,0.245,0.2451,0.2445,0.2448,520200.0
2026-03-28 05:15:00,1774674900000,0.2448,0.2455,0.2446,0.2454,954150.0
2026-03-28 05:30:00,1774675800000,0.2454,0.2456,0.2451,0.2455,439210.0
2026-03-28 05:45:00,1774676700000,0.2455,0.2458,0.2454,0.2457,623831.0
2026-03-28 06:00:00,1774677600000,0.2457,0.246,0.2454,0.2458,1121129.0
2026-03-28 06:15:00,1774678500000,0.2458,0.2473,0.2457,0.2468,2954107.0
2026-03-28 06:30:00,1774679400000,0.2468,0.2469,0.2463,0.2464,481058.0
2026-03-28 06:45:00,1774680300000,0.2464,0.2467,0.2462,0.2464,812105.0
2026-03-28 07:00:00,1774681200000,0.2464,0.2472,0.246,0.2471,1744337.0
2026-03-28 07:15:00,1774682100000,0.2471,0.2473,0.2469,0.2471,518506.0
2026-03-28 07:30:00,1774683000000,0.2471,0.2472,0.2469,0.2472,783860.0
2026-03-28 07:45:00,1774683900000,0.2472,0.2484,0.2472,0.2483,2374668.0
2026-03-28 08:00:00,1774684800000,0.2483,0.2488,0.2481,0.2482,2528995.0
2026-03-28 08:15:00,1774685700000,0.2482,0.2489,0.2482,0.2485,2253476.0
2026-03-28 08:30:00,1774686600000,0.2485,0.2487,0.2484,0.2485,837612.0
2026-03-28 08:45:00,1774687500000,0.2485,0.2487,0.2478,0.2479,1442999.0
2026-03-28 09:00:00,1774688400000,0.2479,0.2481,0.2473,0.2476,2724064.0
2026-03-28 09:15:00,1774689300000,0.2476,0.2481,0.2474,0.2479,1075211.0
2026-03-28 09:30:00,1774690200000,0.2479,0.2479,0.2471,0.2472,1596181.0
2026-03-28 09:45:00,1774691100000,0.2472,0.2474,0.2471,0.2473,452794.0
2026-03-28 10:00:00,1774692000000,0.2473,0.2492,0.2473,0.2488,2990854.0
2026-03-28 10:15:00,1774692900000,0.2488,0.2488,0.2475,0.2477,1039242.0
2026-03-28 10:30:00,1774693800000,0.2477,0.248,0.2473,0.2477,1893314.0
2026-03-28 10:45:00,1774694700000,0.2477,0.2484,0.2477,0.2483,1399316.0
2026-03-28 11:00:00,1774695600000,0.2483,0.2488,0.2482,0.2485,717659.0
2026-03-28 11:15:00,1774696500000,0.2485,0.2486,0.248,0.2482,319648.0
2026-03-28 11:30:00,1774697400000,0.2482,0.2483,0.2481,0.2483,722651.0
2026-03-28 11:45:00,1774698300000,0.2483,0.2487,0.2482,0.2483,913573.0
2026-03-28 12:00:00,1774699200000,0.2483,0.2484,0.2473,0.2479,1165498.0
2026-03-28 12:15:00,1774700100000,0.2479,0.2488,0.2478,0.2481,1537835.0
2026-03-28 12:30:00,1774701000000,0.2481,0.2483,0.2465,0.2472,4559737.0
2026-03-28 12:45:00,1774701900000,0.2472,0.2478,0.2472,0.2475,497722.0
2026-03-28 13:00:00,1774702800000,0.2475,0.2479,0.2473,0.2478,486556.0
2026-03-28 13:15:00,1774703700000,0.2478,0.2482,0.2477,0.248,1213256.0
2026-03-28 13:30:00,1774704600000,0.248,0.2523,0.248,0.2506,17827132.0
2026-03-28 13:45:00,1774705500000,0.2506,0.2509,0.2495,0.2502,2536962.0
2026-03-28 14:00:00,1774706400000,0.2502,0.2503,0.2489,0.2491,3358724.0
2026-03-28 14:15:00,1774707300000,0.2491,0.25,0.2487,0.2496,2474432.0
2026-03-28 14:30:00,1774708200000,0.2496,0.251,0.2493,0.2507,1729199.0
2026-03-28 14:45:00,1774709100000,0.2507,0.251,0.2496,0.2499,1884627.0
2026-03-28 15:00:00,1774710000000,0.2499,0.2507,0.2497,0.2505,1332477.0
2026-03-28 15:15:00,1774710900000,0.2505,0.2528,0.2504,0.2514,8350129.0
2026-03-28 15:30:00,1774711800000,0.2514,0.2521,0.2511,0.2516,2900294.0
2026-03-28 15:45:00,1774712700000,0.2516,0.2516,0.2508,0.2513,896111.0
2026-03-28 16:00:00,1774713600000,0.2513,0.2517,0.2509,0.2512,1825075.0
2026-03-28 16:15:00,1774714500000,0.2512,0.2514,0.2508,0.251,1234905.0
2026-03-28 16:30:00,1774715400000,0.251,0.2515,0.2507,0.2509,1563352.0
2026-03-28 16:45:00,1774716300000,0.2509,0.2512,0.2503,0.2507,2061003.0
2026-03-28 17:00:00,1774717200000,0.2507,0.2514,0.2506,0.251,495762.0
2026-03-28 17:15:00,1774718100000,0.251,0.2511,0.2499,0.25,2108451.0
2026-03-28 17:30:00,1774719000000,0.25,0.2505,0.2497,0.25,1193540.0
2026-03-28 17:45:00,1774719900000,0.25,0.2505,0.2493,0.2501,5134420.0
2026-03-28 18:00:00,1774720800000,0.2501,0.2508,0.2499,0.2507,605054.0
2026-03-28 18:15:00,1774721700000,0.2507,0.2508,0.2504,0.2507,502669.0
2026-03-28 18:30:00,1774722600000,0.2507,0.2509,0.2505,0.2508,383587.0
2026-03-28 18:45:00,1774723500000,0.2508,0.2509,0.2502,0.2502,479847.0
2026-03-28 19:00:00,1774724400000,0.2502,0.2505,0.2493,0.2495,1350707.0
2026-03-28 19:15:00,1774725300000,0.2495,0.2498,0.2493,0.2496,520991.0
2026-03-28 19:30:00,1774726200000,0.2496,0.2498,0.2493,0.2494,541488.0
2026-03-28 19:45:00,1774727100000,0.2494,0.2497,0.2491,0.2497,2147023.0
2026-03-28 20:00:00,1774728000000,0.2497,0.2505,0.2497,0.2504,1431146.0
2026-03-28 20:15:00,1774728900000,0.2504,0.2505,0.2499,0.2501,408706.0
2026-03-28 20:30:00,1774729800000,0.2501,0.2502,0.2497,0.2498,1995385.0
2026-03-28 20:45:00,1774730700000,0.2498,0.2501,0.2498,0.25,284611.0
2026-03-28 21:00:00,1774731600000,0.25,0.25,0.2486,0.2493,2653828.0
2026-03-28 21:15:00,1774732500000,0.2493,0.2494,0.2491,0.2494,524840.0
2026-03-28 21:30:00,1774733400000,0.2494,0.2497,0.2491,0.2495,2261959.0
2026-03-28 21:45:00,1774734300000,0.2495,0.2495,0.248,0.2484,3815101.0
2026-03-28 22:00:00,1774735200000,0.2484,0.2488,0.248,0.2481,1055881.0
2026-03-28 22:15:00,1774736100000,0.2481,0.2488,0.248,0.2486,938229.0
2026-03-28 22:30:00,1774737000000,0.2486,0.2487,0.2481,0.2481,541658.0
2026-03-28 22:45:00,1774737900000,0.2481,0.2485,0.2481,0.2485,411638.0
2026-03-28 23:00:00,1774738800000,0.2485,0.2485,0.2451,0.246,12111853.0
2026-03-28 23:15:00,1774739700000,0.246,0.2465,0.2455,0.2462,2434044.0
2026-03-28 23:30:00,1774740600000,0.2462,0.2468,0.2454,0.2454,3179504.0
2026-03-28 23:45:00,1774741500000,0.2454,0.2458,0.2448,0.2457,3266118.0
2026-03-29 00:00:00,1774742400000,0.2457,0.2461,0.2453,0.2455,2077391.0
2026-03-29 00:15:00,1774743300000,0.2455,0.246,0.2449,0.2452,2129945.0
2026-03-29 00:30:00,1774744200000,0.2452,0.2459,0.245,0.2453,739218.0
2026-03-29 00:45:00,1774745100000,0.2453,0.2459,0.2453,0.2458,310258.0
2026-03-29 01:00:00,1774746000000,0.2458,0.2469,0.2457,0.2463,2224690.0
2026-03-29 01:15:00,1774746900000,0.2463,0.2465,0.2461,0.2463,781174.0
2026-03-29 01:30:00,1774747800000,0.2463,0.2466,0.2453,0.2459,2096871.0
2026-03-29 01:45:00,1774748700000,0.2459,0.2462,0.2454,0.246,880036.0
2026-03-29 02:00:00,1774749600000,0.246,0.2463,0.2456,0.2462,302591.0
2026-03-29 02:15:00,1774750500000,0.2462,0.2463,0.2459,0.246,199662.0
2026-03-29 02:30:00,1774751400000,0.246,0.2464,0.2455,0.246,696250.0
2026-03-29 02:45:00,1774752300000,0.246,0.2463,0.2458,0.246,573297.0
2026-03-29 03:00:00,1774753200000,0.246,0.2461,0.2457,0.2458,316111.0
2026-03-29 03:15:00,1774754100000,0.2458,0.2472,0.2458,0.2468,2361376.0
2026-03-29 03:30:00,1774755000000,0.2468,0.2469,0.2461,0.2464,566900.0
2026-03-29 03:45:00,1774755900000,0.2464,0.2466,0.2463,0.2466,577859.0
2026-03-29 04:00:00,1774756800000,0.2466,0.2466,0.2459,0.2465,811291.0
2026-03-29 04:15:00,1774757700000,0.2465,0.2465,0.2459,0.246,661742.0
2026-03-29 04:30:00,1774758600000,0.246,0.2464,0.2458,0.2459,1211464.0
2026-03-29 04:45:00,1774759500000,0.2459,0.246,0.2445,0.2452,4270207.0
2026-03-29 05:00:00,1774760400000,0.2452,0.2453,0.2447,0.2448,1173789.0
2026-03-29 05:15:00,1774761300000,0.2448,0.2449,0.2426,0.2444,13614804.0
2026-03-29 05:30:00,1774762200000,0.2444,0.245,0.2444,0.2449,1667525.0
2026-03-29 05:45:00,1774763100000,0.2449,0.2455,0.2449,0.2454,2250469.0
2026-03-29 06:00:00,1774764000000,0.2454,0.2458,0.2452,0.2457,1659083.0
2026-03-29 06:15:00,1774764900000,0.2457,0.2458,0.2447,0.245,2367412.0
2026-03-29 06:30:00,1774765800000,0.245,0.2453,0.245,0.2453,443503.0
2026-03-29 06:45:00,1774766700000,0.2453,0.2461,0.2453,0.2459,3296279.0
2026-03-29 07:00:00,1774767600000,0.2459,0.2459,0.2448,0.2452,820536.0
2026-03-29 07:15:00,1774768500000,0.2452,0.2453,0.2449,0.2453,1133878.0
2026-03-29 07:30:00,1774769400000,0.2453,0.2454,0.2446,0.2449,2226803.0
2026-03-29 07:45:00,1774770300000,0.2449,0.2454,0.2446,0.2449,1446074.0
2026-03-29 08:00:00,1774771200000,0.2449,0.2453,0.2444,0.2449,4167651.0
2026-03-29 08:15:00,1774772100000,0.2449,0.2451,0.2445,0.2449,1101268.0
2026-03-29 08:30:00,1774773000000,0.2449,0.2451,0.2447,0.2449,1256492.0
2026-03-29 08:45:00,1774773900000,0.2449,0.245,0.2447,0.2449,257907.0
2026-03-29 09:00:00,1774774800000,0.2449,0.2449,0.244,0.2444,1228135.0
2026-03-29 09:15:00,1774775700000,0.2444,0.2447,0.2441,0.2443,784959.0
2026-03-29 09:30:00,1774776600000,0.2443,0.2443,0.2434,0.2439,3641263.0
2026-03-29 09:45:00,1774777500000,0.2439,0.2443,0.2438,0.2442,760902.0
2026-03-29 10:00:00,1774778400000,0.2442,0.2442,0.2435,0.2437,1806281.0
2026-03-29 10:15:00,1774779300000,0.2437,0.2438,0.2415,0.2424,9798744.0
2026-03-29 10:30:00,1774780200000,0.2424,0.2429,0.2421,0.2426,4093098.0
2026-03-29 10:45:00,1774781100000,0.2426,0.2429,0.2424,0.2427,1219562.0
2026-03-29 11:00:00,1774782000000,0.2427,0.2443,0.2425,0.2438,4371865.0
2026-03-29 11:15:00,1774782900000,0.2438,0.244,0.2433,0.2437,1447817.0
2026-03-29 11:30:00,1774783800000,0.2437,0.2443,0.2436,0.2441,2882841.0
2026-03-29 11:45:00,1774784700000,0.2441,0.2444,0.2435,0.2436,1446654.0
2026-03-29 12:00:00,1774785600000,0.2436,0.2436,0.2426,0.2427,2171116.0
2026-03-29 12:15:00,1774786500000,0.2427,0.243,0.2423,0.2428,963546.0
2026-03-29 12:30:00,1774787400000,0.2428,0.243,0.2419,0.2421,2566089.0
2026-03-29 12:45:00,1774788300000,0.2421,0.243,0.2418,0.2428,1886822.0
2026-03-29 13:00:00,1774789200000,0.2428,0.2428,0.2401,0.2411,11932205.0
2026-03-29 13:15:00,1774790100000,0.2411,0.2417,0.2408,0.2415,3655534.0
2026-03-29 13:30:00,1774791000000,0.2415,0.2415,0.241,0.2412,1836826.0
2026-03-29 13:45:00,1774791900000,0.2412,0.2414,0.2404,0.2407,2515562.0
2026-03-29 14:00:00,1774792800000,0.2407,0.2426,0.2404,0.2417,5319788.0
2026-03-29 14:15:00,1774793700000,0.2417,0.242,0.2411,0.2413,1091824.0
2026-03-29 14:30:00,1774794600000,0.2413,0.242,0.2413,0.2419,1227794.0
2026-03-29 14:45:00,1774795500000,0.2419,0.242,0.2413,0.2417,2752617.0
2026-03-29 15:00:00,1774796400000,0.2417,0.2424,0.2411,0.2416,3869266.0
2026-03-29 15:15:00,1774797300000,0.2416,0.2422,0.2405,0.2408,1897690.0
2026-03-29 15:30:00,1774798200000,0.2408,0.2412,0.2406,0.241,946669.0
2026-03-29 15:45:00,1774799100000,0.241,0.2414,0.2409,0.2413,670396.0
2026-03-29 16:00:00,1774800000000,0.2413,0.2417,0.241,0.2413,1096207.0
2026-03-29 16:15:00,1774800900000,0.2413,0.2422,0.2412,0.2418,1567904.0
2026-03-29 16:30:00,1774801800000,0.2418,0.2418,0.2408,0.2409,953761.0
2026-03-29 16:45:00,1774802700000,0.2409,0.2412,0.2407,0.241,476683.0
2026-03-29 17:00:00,1774803600000,0.241,0.2412,0.2404,0.2405,1100330.0
2026-03-29 17:15:00,1774804500000,0.2405,0.2405,0.2397,0.2404,4038030.0
2026-03-29 17:30:00,1774805400000,0.2404,0.2412,0.2402,0.241,1963754.0
2026-03-29 17:45:00,1774806300000,0.241,0.2413,0.2409,0.2412,1285211.0
2026-03-29 18:00:00,1774807200000,0.2412,0.2414,0.2408,0.2411,1395573.0
2026-03-29 18:15:00,1774808100000,0.2411,0.2414,0.2405,0.2409,1037269.0
2026-03-29 18:30:00,1774809000000,0.2409,0.2418,0.2408,0.2414,2197480.0
2026-03-29 18:45:00,1774809900000,0.2414,0.2415,0.2412,0.2412,1949656.0
2026-03-29 19:00:00,1774810800000,0.2412,0.2413,0.2404,0.2407,809859.0
2026-03-29 19:15:00,1774811700000,0.2407,0.2411,0.2403,0.2405,1079723.0
2026-03-29 19:30:00,1774812600000,0.2405,0.2407,0.2393,0.2398,5663387.0
2026-03-29 19:45:00,1774813500000,0.2398,0.2402,0.2397,0.2399,1907383.0
2026-03-29 20:00:00,1774814400000,0.2399,0.2409,0.2398,0.2403,4205580.0
2026-03-29 20:15:00,1774815300000,0.2403,0.2419,0.2403,0.2416,3204846.0
2026-03-29 20:30:00,1774816200000,0.2416,0.2417,0.2411,0.2412,1487702.0
2026-03-29 20:45:00,1774817100000,0.2412,0.2413,0.2398,0.2406,6782203.0
2026-03-29 21:00:00,1774818000000,0.2406,0.2413,0.2405,0.2411,2225449.0
2026-03-29 21:15:00,1774818900000,0.2411,0.2414,0.2409,0.2413,644494.0
2026-03-29 21:30:00,1774819800000,0.2413,0.2417,0.241,0.2416,1546371.0
2026-03-29 21:45:00,1774820700000,0.2416,0.2418,0.2412,0.2416,628605.0
2026-03-29 22:00:00,1774821600000,0.2416,0.2416,0.2385,0.2394,8800719.0
2026-03-29 22:15:00,1774822500000,0.2394,0.2401,0.2393,0.2394,3053737.0
2026-03-29 22:30:00,1774823400000,0.2394,0.2396,0.2357,0.2366,17465058.0
2026-03-29 22:45:00,1774824300000,0.2366,0.2392,0.2323,0.2381,42137337.0
2026-03-29 23:00:00,1774825200000,0.2381,0.24,0.2379,0.239,6441281.0
2026-03-29 23:15:00,1774826100000,0.239,0.2401,0.2387,0.239,3070619.0
2026-03-29 23:30:00,1774827000000,0.239,0.2398,0.2388,0.2397,2224064.0
2026-03-29 23:45:00,1774827900000,0.2397,0.2404,0.2388,0.2396,3830403.0
2026-03-30 00:00:00,1774828800000,0.2396,0.2402,0.2393,0.2398,2388278.0
2026-03-30 00:15:00,1774829700000,0.2398,0.2444,0.2396,0.2424,19253054.0
2026-03-30 00:30:00,1774830600000,0.2424,0.2432,0.241,0.2414,4203122.0
2026-03-30 00:45:00,1774831500000,0.2414,0.2421,0.2408,0.2419,1840992.0
2026-03-30 01:00:00,1774832400000,0.2419,0.2432,0.2418,0.2424,4205382.0
2026-03-30 01:15:00,1774833300000,0.2424,0.2431,0.2422,0.2428,1803497.0
2026-03-30 01:30:00,1774834200000,0.2428,0.2439,0.2427,0.2434,1467680.0
2026-03-30 01:45:00,1774835100000,0.2434,0.2443,0.2434,0.2439,1811033.0
2026-03-30 02:00:00,1774836000000,0.2439,0.2453,0.2439,0.2452,2828905.0
2026-03-30 02:15:00,1774836900000,0.2452,0.2458,0.2439,0.2441,2491644.0
2026-03-30 02:30:00,1774837800000,0.2441,0.2455,0.2439,0.2453,2576718.0
2026-03-30 02:45:00,1774838700000,0.2453,0.2476,0.2452,0.2456,12189438.0
2026-03-30 03:00:00,1774839600000,0.2456,0.2457,0.2442,0.2444,1728113.0
2026-03-30 03:15:00,1774840500000,0.2444,0.2455,0.2442,0.2453,1615351.0
2026-03-30 03:30:00,1774841400000,0.2453,0.2456,0.2451,0.2455,1075854.0
2026-03-30 03:45:00,1774842300000,0.2455,0.2463,0.2455,0.246,2598585.0
2026-03-30 04:00:00,1774843200000,0.246,0.2482,0.246,0.2473,6984549.0
2026-03-30 04:15:00,1774844100000,0.2473,0.2477,0.2466,0.247,2782041.0
2026-03-30 04:30:00,1774845000000,0.247,0.2473,0.2461,0.2465,3024054.0
2026-03-30 04:45:00,1774845900000,0.2465,0.2467,0.2458,0.2458,2438413.0
2026-03-30 05:00:00,1774846800000,0.2458,0.2473,0.2458,0.2466,4899568.0
2026-03-30 05:15:00,1774847700000,0.2466,0.2468,0.2462,0.2465,1541776.0
2026-03-30 05:30:00,1774848600000,0.2465,0.2469,0.2461,0.2463,1248826.0
2026-03-30 05:45:00,1774849500000,0.2463,0.2468,0.2457,0.2465,2880799.0
2026-03-30 06:00:00,1774850400000,0.2465,0.2475,0.2462,0.2465,1651131.0
2026-03-30 06:15:00,1774851300000,0.2465,0.2466,0.2457,0.246,1952359.0
2026-03-30 06:30:00,1774852200000,0.246,0.2463,0.2456,0.246,1732984.0
2026-03-30 06:45:00,1774853100000,0.246,0.2468,0.246,0.2466,2269637.0
2026-03-30 07:00:00,1774854000000,0.2466,0.2475,0.2464,0.2473,3840805.0
2026-03-30 07:15:00,1774854900000,0.2473,0.2474,0.2466,0.2467,1379461.0
2026-03-30 07:30:00,1774855800000,0.2467,0.2469,0.2461,0.2464,1579607.0
2026-03-30 07:45:00,1774856700000,0.2464,0.2493,0.2463,0.2485,6416996.0
2026-03-30 08:00:00,1774857600000,0.2485,0.2506,0.2483,0.2503,13633542.0
2026-03-30 08:15:00,1774858500000,0.2503,0.2508,0.2495,0.2498,3716895.0
2026-03-30 08:30:00,1774859400000,0.2498,0.2516,0.2497,0.2508,9108683.0
2026-03-30 08:45:00,1774860300000,0.2508,0.2513,0.2503,0.2505,2211370.0
2026-03-30 09:00:00,1774861200000,0.2505,0.2506,0.2491,0.2491,4802549.0
2026-03-30 09:15:00,1774862100000,0.2491,0.2494,0.2479,0.248,3737907.0
2026-03-30 09:30:00,1774863000000,0.248,0.249,0.248,0.2486,3657317.0
2026-03-30 09:45:00,1774863900000,0.2486,0.2487,0.248,0.2482,1354974.0
2026-03-30 10:00:00,1774864800000,0.2482,0.2483,0.2479,0.2483,1224153.0
2026-03-30 10:15:00,1774865700000,0.2483,0.2486,0.2482,0.2483,1089702.0
2026-03-30 10:30:00,1774866600000,0.2483,0.2483,0.2474,0.2476,2111277.0
2026-03-30 10:45:00,1774867500000,0.2476,0.2489,0.2474,0.2488,3258573.0
2026-03-30 11:00:00,1774868400000,0.2488,0.2499,0.2487,0.2497,3220245.0
2026-03-30 11:15:00,1774869300000,0.2497,0.2527,0.2495,0.2503,17716464.0
2026-03-30 11:30:00,1774870200000,0.2503,0.2511,0.2499,0.2503,6628920.0
2026-03-30 11:45:00,1774871100000,0.2503,0.2509,0.25,0.2504,1664267.0
2026-03-30 12:00:00,1774872000000,0.2504,0.2511,0.2504,0.2505,2817823.0
2026-03-30 12:15:00,1774872900000,0.2505,0.2507,0.2496,0.2501,1262521.0
2026-03-30 12:30:00,1774873800000,0.2501,0.2508,0.2499,0.2503,2804258.0
2026-03-30 12:45:00,1774874700000,0.2503,0.2507,0.2498,0.2505,1991783.0
2026-03-30 13:00:00,1774875600000,0.2505,0.251,0.2503,0.2507,2086940.0
2026-03-30 13:15:00,1774876500000,0.2507,0.2515,0.2499,0.2499,3313908.0
2026-03-30 13:30:00,1774877400000,0.2499,0.2508,0.2495,0.2497,5674511.0
2026-03-30 13:45:00,1774878300000,0.2497,0.2502,0.2489,0.2493,3156242.0
2026-03-30 14:00:00,1774879200000,0.2493,0.2497,0.2489,0.2494,3636393.0
2026-03-30 14:15:00,1774880100000,0.2494,0.2496,0.2486,0.249,3667809.0
2026-03-30 14:30:00,1774881000000,0.249,0.2493,0.247,0.2473,5684059.0
2026-03-30 14:45:00,1774881900000,0.2473,0.2498,0.2471,0.249,3786763.0
2026-03-30 15:00:00,1774882800000,0.249,0.2493,0.2476,0.2477,3700745.0
2026-03-30 15:15:00,1774883700000,0.2477,0.2483,0.2471,0.2479,825405.0
2026-03-30 15:30:00,1774884600000,0.2479,0.2498,0.2477,0.2493,1802483.0
2026-03-30 15:45:00,1774885500000,0.2493,0.2493,0.2482,0.2482,2061710.0
2026-03-30 16:00:00,1774886400000,0.2482,0.2486,0.2475,0.2483,1867683.0
2026-03-30 16:15:00,1774887300000,0.2483,0.2485,0.2481,0.2482,520475.0
2026-03-30 16:30:00,1774888200000,0.2482,0.2485,0.2478,0.2481,1735462.0
2026-03-30 16:45:00,1774889100000,0.2481,0.2483,0.2472,0.2483,1579993.0
2026-03-30 17:00:00,1774890000000,0.2483,0.2487,0.2472,0.2474,1486090.0
2026-03-30 17:15:00,1774890900000,0.2474,0.2475,0.2452,0.2461,7508723.0
2026-03-30 17:30:00,1774891800000,0.2461,0.2464,0.2454,0.2463,4558110.0
2026-03-30 17:45:00,1774892700000,0.2463,0.2466,0.2459,0.2464,2640279.0
2026-03-30 18:00:00,1774893600000,0.2464,0.2466,0.2449,0.2455,2429771.0
2026-03-30 18:15:00,1774894500000,0.2455,0.2456,0.2437,0.2446,7414520.0
2026-03-30 18:30:00,1774895400000,0.2446,0.2448,0.2439,0.2444,1903130.0
2026-03-30 18:45:00,1774896300000,0.2444,0.2446,0.2435,0.2443,936110.0
2026-03-30 19:00:00,1774897200000,0.2443,0.2444,0.2434,0.2441,2778299.0
2026-03-30 19:15:00,1774898100000,0.2441,0.2441,0.2427,0.2429,4243840.0
2026-03-30 19:30:00,1774899000000,0.2429,0.2433,0.2423,0.2426,4955737.0
2026-03-30 19:45:00,1774899900000,0.2426,0.244,0.2424,0.2435,3272286.0
2026-03-30 20:00:00,1774900800000,0.2435,0.2444,0.2433,0.2441,2689398.0
2026-03-30 20:15:00,1774901700000,0.2441,0.2442,0.2433,0.2434,1084434.0
2026-03-30 20:30:00,1774902600000,0.2434,0.2435,0.2428,0.2432,1333413.0
2026-03-30 20:45:00,1774903500000,0.2432,0.2441,0.2431,0.2437,1084154.0
2026-03-30 21:00:00,1774904400000,0.2437,0.2459,0.2433,0.2451,5301089.0
2026-03-30 21:15:00,1774905300000,0.2451,0.2461,0.245,0.2452,1758938.0
2026-03-30 21:30:00,1774906200000,0.2452,0.2458,0.2452,0.2453,1335214.0
2026-03-30 21:45:00,1774907100000,0.2453,0.2456,0.2445,0.2447,1754683.0
2026-03-30 22:00:00,1774908000000,0.2447,0.2452,0.2438,0.2445,2251011.0
2026-03-30 22:15:00,1774908900000,0.2445,0.2451,0.2442,0.2448,832464.0
2026-03-30 22:30:00,1774909800000,0.2448,0.245,0.2444,0.2448,833066.0
2026-03-30 22:45:00,1774910700000,0.2448,0.2449,0.244,0.2443,677067.0
2026-03-30 23:00:00,1774911600000,0.2443,0.2443,0.2423,0.2431,4119592.0
2026-03-30 23:15:00,1774912500000,0.2431,0.2436,0.2429,0.2435,2362122.0
2026-03-30 23:30:00,1774913400000,0.2435,0.2438,0.243,0.2432,1131812.0
2026-03-30 23:45:00,1774914300000,0.2432,0.2433,0.2428,0.2433,900664.0
2026-03-31 00:00:00,1774915200000,0.2433,0.2439,0.2432,0.2438,2097834.0
2026-03-31 00:15:00,1774916100000,0.2438,0.2445,0.2431,0.2443,4110581.0
2026-03-31 00:30:00,1774917000000,0.2443,0.2447,0.2438,0.2447,1083033.0
2026-03-31 00:45:00,1774917900000,0.2447,0.2456,0.2444,0.2447,2973319.0
2026-03-31 01:00:00,1774918800000,0.2447,0.2455,0.2441,0.2453,1357466.0
2026-03-31 01:15:00,1774919700000,0.2453,0.2472,0.2452,0.2472,3307763.0
2026-03-31 01:30:00,1774920600000,0.2472,0.2493,0.247,0.2476,6814732.0
2026-03-31 01:45:00,1774921500000,0.2476,0.2482,0.2472,0.2479,1457010.0
2026-03-31 02:00:00,1774922400000,0.2479,0.248,0.247,0.2473,1424154.0
2026-03-31 02:15:00,1774923300000,0.2473,0.2487,0.2473,0.2486,1106785.0
2026-03-31 02:30:00,1774924200000,0.2486,0.249,0.2481,0.2483,1414995.0
2026-03-31 02:45:00,1774925100000,0.2483,0.2488,0.2479,0.2481,1265820.0
2026-03-31 03:00:00,1774926000000,0.2481,0.2481,0.2469,0.2471,1400411.0
2026-03-31 03:15:00,1774926900000,0.2471,0.2472,0.2459,0.2464,1250482.0
2026-03-31 03:30:00,1774927800000,0.2464,0.2467,0.2455,0.2457,2273819.0
2026-03-31 03:45:00,1774928700000,0.2457,0.2461,0.2456,0.246,938350.0
2026-03-31 04:00:00,1774929600000,0.246,0.2462,0.2454,0.2458,2074050.0
2026-03-31 04:15:00,1774930500000,0.2458,0.2464,0.2444,0.2447,3958693.0
2026-03-31 04:30:00,1774931400000,0.2447,0.245,0.2442,0.2447,4288279.0
2026-03-31 04:45:00,1774932300000,0.2447,0.2451,0.2443,0.2445,1741746.0
2026-03-31 05:00:00,1774933200000,0.2445,0.2445,0.2436,0.2438,1901796.0
2026-03-31 05:15:00,1774934100000,0.2438,0.2447,0.2435,0.2445,1042703.0
2026-03-31 05:30:00,1774935000000,0.2445,0.2447,0.2436,0.2438,3504706.0
2026-03-31 05:45:00,1774935900000,0.2438,0.2445,0.2438,0.2442,916159.0
2026-03-31 06:00:00,1774936800000,0.2442,0.2445,0.2431,0.2445,2511852.0
2026-03-31 06:15:00,1774937700000,0.2445,0.2448,0.244,0.2444,1119489.0
2026-03-31 06:30:00,1774938600000,0.2444,0.2447,0.2442,0.2447,1564136.0
2026-03-31 06:45:00,1774939500000,0.2447,0.2461,0.2447,0.2456,3285651.0
2026-03-31 07:00:00,1774940400000,0.2456,0.2457,0.2434,0.2439,2074779.0
2026-03-31 07:15:00,1774941300000,0.2439,0.2441,0.2429,0.2437,3790103.0
2026-03-31 07:30:00,1774942200000,0.2437,0.2441,0.2435,0.2438,1429667.0
2026-03-31 07:45:00,1774943100000,0.2438,0.2443,0.2433,0.2435,1855984.0
2026-03-31 08:00:00,1774944000000,0.2435,0.2437,0.2427,0.2428,2639012.0
2026-03-31 08:15:00,1774944900000,0.2428,0.2441,0.2426,0.2438,2746987.0
2026-03-31 08:30:00,1774945800000,0.2438,0.2438,0.2417,0.242,10467389.0
2026-03-31 08:45:00,1774946700000,0.242,0.2427,0.2414,0.2419,3561162.0
2026-03-31 09:00:00,1774947600000,0.2419,0.2424,0.2413,0.2419,2816590.0
2026-03-31 09:15:00,1774948500000,0.2419,0.2419,0.2404,0.2412,3556209.0
2026-03-31 09:30:00,1774949400000,0.2412,0.2414,0.2408,0.2413,1724723.0
2026-03-31 09:45:00,1774950300000,0.2413,0.2416,0.2394,0.2403,8490653.0
2026-03-31 10:00:00,1774951200000,0.2403,0.2407,0.2398,0.2405,3249268.0
2026-03-31 10:15:00,1774952100000,0.2405,0.241,0.2402,0.2407,1090678.0
2026-03-31 10:30:00,1774953000000,0.2407,0.241,0.2402,0.2408,4417231.0
2026-03-31 10:45:00,1774953900000,0.2408,0.2413,0.2407,0.2408,1323771.0
2026-03-31 11:00:00,1774954800000,0.2408,0.2421,0.24,0.2409,7601962.0
2026-03-31 11:15:00,1774955700000,0.2409,0.2416,0.2404,0.2406,8120853.0
2026-03-31 11:30:00,1774956600000,0.2406,0.2413,0.2406,0.2411,2169965.0
2026-03-31 11:45:00,1774957500000,0.2411,0.2412,0.2405,0.241,561985.0
2026-03-31 12:00:00,1774958400000,0.241,0.2414,0.24,0.2402,2014293.0
2026-03-31 12:15:00,1774959300000,0.2402,0.2412,0.24,0.2411,4327935.0
2026-03-31 12:30:00,1774960200000,0.2411,0.2415,0.2405,0.2407,825399.0
2026-03-31 12:45:00,1774961100000,0.2407,0.2409,0.2402,0.2405,1182837.0
2026-03-31 13:00:00,1774962000000,0.2405,0.2419,0.2404,0.2416,3455475.0
2026-03-31 13:15:00,1774962900000,0.2416,0.2419,0.2413,0.2418,1821121.0
2026-03-31 13:30:00,1774963800000,0.2418,0.2432,0.2416,0.2423,7264214.0
2026-03-31 13:45:00,1774964700000,0.2423,0.2441,0.2423,0.2431,12987183.0
2026-03-31 14:00:00,1774965600000,0.2431,0.2444,0.2424,0.2435,6642488.0
2026-03-31 14:15:00,1774966500000,0.2435,0.2454,0.2434,0.2446,6465300.0
2026-03-31 14:30:00,1774967400000,0.2446,0.2448,0.2422,0.2425,3558470.0
2026-03-31 14:45:00,1774968300000,0.2425,0.2426,0.2387,0.2397,11959422.0
2026-03-31 15:00:00,1774969200000,0.2397,0.2413,0.2392,0.241,5702609.0
2026-03-31 15:15:00,1774970100000,0.241,0.2411,0.2391,0.2396,5403443.0
2026-03-31 15:30:00,1774971000000,0.2396,0.24,0.2392,0.2396,3328427.0
2026-03-31 15:45:00,1774971900000,0.2396,0.2399,0.2374,0.2378,5261794.0
2026-03-31 16:00:00,1774972800000,0.2378,0.2386,0.2368,0.2381,10840480.0
2026-03-31 16:15:00,1774973700000,0.2381,0.2388,0.2379,0.2379,4493648.0
2026-03-31 16:30:00,1774974600000,0.2379,0.2399,0.2342,0.2389,33911982.0
2026-03-31 16:45:00,1774975500000,0.2389,0.2396,0.2378,0.2395,8558576.0
2026-03-31 17:00:00,1774976400000,0.2395,0.2417,0.2384,0.2416,8680118.0
2026-03-31 17:15:00,1774977300000,0.2416,0.242,0.2404,0.2409,4949156.0
2026-03-31 17:30:00,1774978200000,0.2409,0.2412,0.2384,0.2391,5907111.0
2026-03-31 17:45:00,1774979100000,0.2391,0.2393,0.2381,0.239,2601977.0
2026-03-31 18:00:00,1774980000000,0.239,0.2407,0.2389,0.2405,2806099.0
2026-03-31 18:15:00,1774980900000,0.2405,0.2413,0.2398,0.2405,2419883.0
2026-03-31 18:30:00,1774981800000,0.2405,0.241,0.2398,0.2408,1391346.0
2026-03-31 18:45:00,1774982700000,0.2408,0.2414,0.2405,0.2413,577382.0
2026-03-31 19:00:00,1774983600000,0.2413,0.242,0.241,0.2411,1495393.0
2026-03-31 19:15:00,1774984500000,0.2411,0.2411,0.24,0.2402,898084.0
2026-03-31 19:30:00,1774985400000,0.2402,0.2404,0.2397,0.2402,1373266.0
2026-03-31 19:45:00,1774986300000,0.2402,0.2411,0.2401,0.2407,2335465.0
2026-03-31 20:00:00,1774987200000,0.2407,0.2416,0.2406,0.2413,1485535.0
2026-03-31 20:15:00,1774988100000,0.2413,0.2415,0.2402,0.2408,1419712.0
2026-03-31 20:30:00,1774989000000,0.2408,0.2411,0.2402,0.2409,1030038.0
2026-03-31 20:45:00,1774989900000,0.2409,0.242,0.2407,0.2419,2518350.0
2026-03-31 21:00:00,1774990800000,0.2419,0.2424,0.2407,0.241,2375094.0
2026-03-31 21:15:00,1774991700000,0.241,0.2414,0.2407,0.2413,832741.0
2026-03-31 21:30:00,1774992600000,0.2413,0.2422,0.2409,0.2409,2391219.0
2026-03-31 21:45:00,1774993500000,0.2409,0.2424,0.2409,0.241,4322755.0
2026-03-31 22:00:00,1774994400000,0.241,0.2411,0.2401,0.2406,5408220.0
2026-03-31 22:15:00,1774995300000,0.2406,0.2407,0.2391,0.2392,4090169.0
2026-03-31 22:30:00,1774996200000,0.2392,0.2402,0.238,0.24,7001467.0
2026-03-31 22:45:00,1774997100000,0.24,0.2405,0.2398,0.24,4482140.0
2026-03-31 23:00:00,1774998000000,0.24,0.2408,0.2397,0.2407,1345977.0
2026-03-31 23:15:00,1774998900000,0.2407,0.2413,0.2404,0.2409,1647084.0
2026-03-31 23:30:00,1774999800000,0.2409,0.2416,0.2404,0.2414,759225.0
2026-03-31 23:45:00,1775000700000,0.2414,0.2421,0.2413,0.2415,2246406.0
2026-04-01 00:00:00,1775001600000,0.2415,0.2425,0.2413,0.2422,9013455.0
2026-04-01 00:15:00,1775002500000,0.2422,0.2422,0.2411,0.2419,7978102.0
2026-04-01 00:30:00,1775003400000,0.2419,0.2423,0.2413,0.2421,2709395.0
2026-04-01 00:45:00,1775004300000,0.2421,0.2448,0.2421,0.2444,5400129.0
2026-04-01 01:00:00,1775005200000,0.2444,0.245,0.244,0.2445,2416828.0
2026-04-01 01:15:00,1775006100000,0.2445,0.2446,0.2429,0.243,1942672.0
2026-04-01 01:30:00,1775007000000,0.243,0.2433,0.2423,0.2432,2877737.0
2026-04-01 01:45:00,1775007900000,0.2432,0.2432,0.2424,0.2425,2511439.0
2026-04-01 02:00:00,1775008800000,0.2425,0.243,0.2419,0.2426,1559241.0
2026-04-01 02:15:00,1775009700000,0.2426,0.2431,0.2418,0.2419,1839378.0
2026-04-01 02:30:00,1775010600000,0.2419,0.2426,0.2414,0.2422,2192659.0
2026-04-01 02:45:00,1775011500000,0.2422,0.2426,0.2418,0.2418,1269100.0
2026-04-01 03:00:00,1775012400000,0.2418,0.2449,0.2418,0.2442,2740275.0
2026-04-01 03:15:00,1775013300000,0.2442,0.2443,0.2431,0.2433,1351536.0
2026-04-01 03:30:00,1775014200000,0.2433,0.2454,0.2433,0.2452,19676521.0
2026-04-01 03:45:00,1775015100000,0.2452,0.2464,0.2451,0.2455,3116982.0
2026-04-01 04:00:00,1775016000000,0.2455,0.2461,0.2446,0.2448,6145340.0
2026-04-01 04:15:00,1775016900000,0.2448,0.2454,0.244,0.2451,4465264.0
2026-04-01 04:30:00,1775017800000,0.2451,0.2457,0.2448,0.2452,1472753.0
2026-04-01 04:45:00,1775018700000,0.2452,0.2453,0.2442,0.2446,1238482.0
2026-04-01 05:00:00,1775019600000,0.2446,0.2454,0.2441,0.2453,1965842.0
2026-04-01 05:15:00,1775020500000,0.2453,0.2477,0.245,0.2473,4827920.0
2026-04-01 05:30:00,1775021400000,0.2473,0.2479,0.2466,0.2477,6595664.0
2026-04-01 05:45:00,1775022300000,0.2477,0.2499,0.2477,0.249,9132231.0
2026-04-01 06:00:00,1775023200000,0.249,0.2547,0.2489,0.2532,14034948.0
2026-04-01 06:15:00,1775024100000,0.2532,0.2535,0.2516,0.2521,8426603.0
2026-04-01 06:30:00,1775025000000,0.2521,0.2535,0.2519,0.2527,4344651.0
2026-04-01 06:45:00,1775025900000,0.2527,0.2533,0.2514,0.2519,4408841.0
2026-04-01 07:00:00,1775026800000,0.2519,0.2528,0.2519,0.2526,4133340.0
2026-04-01 07:15:00,1775027700000,0.2526,0.2526,0.251,0.2513,3288344.0
2026-04-01 07:30:00,1775028600000,0.2513,0.252,0.2507,0.2511,3087963.0
2026-04-01 07:45:00,1775029500000,0.2511,0.2512,0.2497,0.2497,4988371.0
2026-04-01 08:00:00,1775030400000,0.2497,0.2501,0.2477,0.2478,6532408.0
2026-04-01 08:15:00,1775031300000,0.2478,0.2483,0.2472,0.2483,3876467.0
2026-04-01 08:30:00,1775032200000,0.2483,0.2487,0.2479,0.2483,2100790.0
2026-04-01 08:45:00,1775033100000,0.2483,0.2486,0.2467,0.2467,7633058.0
2026-04-01 09:00:00,1775034000000,0.2467,0.2475,0.2457,0.2474,12377680.0
2026-04-01 09:15:00,1775034900000,0.2474,0.2478,0.2472,0.2475,2110548.0
2026-04-01 09:30:00,1775035800000,0.2475,0.2485,0.2471,0.2471,2418802.0
2026-04-01 09:45:00,1775036700000,0.2471,0.248,0.2469,0.2477,1224253.0
2026-04-01 10:00:00,1775037600000,0.2477,0.2481,0.2474,0.2477,1104193.0
2026-04-01 10:15:00,1775038500000,0.2477,0.2483,0.2473,0.248,2574338.0
2026-04-01 10:30:00,1775039400000,0.248,0.249,0.2479,0.2486,1385393.0
2026-04-01 10:45:00,1775040300000,0.2486,0.2491,0.2479,0.2489,2006804.0
2026-04-01 11:00:00,1775041200000,0.2489,0.249,0.2477,0.2483,1385728.0
2026-04-01 11:15:00,1775042100000,0.2483,0.2483,0.2475,0.2476,2018514.0
2026-04-01 11:30:00,1775043000000,0.2476,0.2479,0.2472,0.2477,1373969.0
2026-04-01 11:45:00,1775043900000,0.2477,0.2486,0.2476,0.2482,1598898.0
2026-04-01 12:00:00,1775044800000,0.2482,0.2485,0.2476,0.248,1903976.0
2026-04-01 12:15:00,1775045700000,0.248,0.2488,0.2479,0.2485,1972214.0
2026-04-01 12:30:00,1775046600000,0.2485,0.2509,0.2479,0.2504,18960381.0
2026-04-01 12:45:00,1775047500000,0.2504,0.2508,0.2477,0.2482,12585450.0
2026-04-01 13:00:00,1775048400000,0.2482,0.2483,0.2469,0.2482,4973557.0
2026-04-01 13:15:00,1775049300000,0.2482,0.2492,0.2481,0.2484,3057596.0
2026-04-01 13:30:00,1775050200000,0.2484,0.2485,0.2452,0.2463,7719679.0
2026-04-01 13:45:00,1775051100000,0.2463,0.2473,0.2456,0.247,3857321.0
2026-04-01 14:00:00,1775052000000,0.247,0.2483,0.2468,0.2482,4340830.0
2026-04-01 14:15:00,1775052900000,0.2482,0.2493,0.248,0.2487,2939997.0
2026-04-01 14:30:00,1775053800000,0.2487,0.2489,0.2467,0.2475,5589735.0
2026-04-01 14:45:00,1775054700000,0.2475,0.2487,0.2474,0.2486,1929001.0
2026-04-01 15:00:00,1775055600000,0.2486,0.2489,0.2479,0.2481,1925381.0
2026-04-01 15:15:00,1775056500000,0.2481,0.2491,0.2477,0.2485,2055753.0
2026-04-01 15:30:00,1775057400000,0.2485,0.2492,0.2481,0.2486,1517485.0
2026-04-01 15:45:00,1775058300000,0.2486,0.2494,0.2484,0.2491,2528131.0
2026-04-01 16:00:00,1775059200000,0.2491,0.2496,0.248,0.2484,3192759.0
2026-04-01 16:15:00,1775060100000,0.2484,0.25,0.2481,0.2497,4521854.0
2026-04-01 16:30:00,1775061000000,0.2497,0.2507,0.2494,0.2504,4975896.0
2026-04-01 16:45:00,1775061900000,0.2504,0.2505,0.2496,0.2499,1292450.0
2026-04-01 17:00:00,1775062800000,0.2499,0.2524,0.2498,0.2504,9153188.0
2026-04-01 17:15:00,1775063700000,0.2504,0.251,0.2491,0.2495,3701901.0
2026-04-01 17:30:00,1775064600000,0.2495,0.2501,0.2488,0.2497,2601468.0
2026-04-01 17:45:00,1775065500000,0.2497,0.2498,0.2488,0.2494,1627499.0
2026-04-01 18:00:00,1775066400000,0.2494,0.2506,0.2485,0.2501,4879587.0
2026-04-01 18:15:00,1775067300000,0.2501,0.2502,0.2487,0.2489,3022646.0
2026-04-01 18:30:00,1775068200000,0.2489,0.2496,0.2484,0.2493,2645426.0
2026-04-01 18:45:00,1775069100000,0.2493,0.2493,0.248,0.2485,1927766.0
2026-04-01 19:00:00,1775070000000,0.2485,0.2493,0.2485,0.249,787364.0
2026-04-01 19:15:00,1775070900000,0.249,0.2496,0.2489,0.2496,1138203.0
2026-04-01 19:30:00,1775071800000,0.2496,0.25,0.2489,0.2493,2145226.0
2026-04-01 19:45:00,1775072700000,0.2493,0.25,0.2491,0.2495,1427078.0
2026-04-01 20:00:00,1775073600000,0.2495,0.2498,0.2485,0.2485,2815315.0
2026-04-01 20:15:00,1775074500000,0.2485,0.2488,0.2477,0.2478,2313151.0
2026-04-01 20:30:00,1775075400000,0.2478,0.2486,0.2472,0.2485,2241033.0
2026-04-01 20:45:00,1775076300000,0.2485,0.2489,0.2483,0.2484,659406.0
2026-04-01 21:00:00,1775077200000,0.2484,0.2502,0.2483,0.2499,2197687.0
2026-04-01 21:15:00,1775078100000,0.2499,0.2506,0.2496,0.25,1075284.0
2026-04-01 21:30:00,1775079000000,0.25,0.2503,0.2492,0.2495,1591013.0
2026-04-01 21:45:00,1775079900000,0.2495,0.2503,0.2489,0.2497,711621.0
2026-04-01 22:00:00,1775080800000,0.2497,0.2497,0.2485,0.2488,2160951.0
2026-04-01 22:15:00,1775081700000,0.2488,0.2488,0.2477,0.2479,1941425.0
2026-04-01 22:30:00,1775082600000,0.2479,0.2485,0.2475,0.248,1081239.0
2026-04-01 22:45:00,1775083500000,0.248,0.2482,0.2473,0.2474,759097.0
2026-04-01 23:00:00,1775084400000,0.2474,0.248,0.2471,0.2478,1135523.0
2026-04-01 23:15:00,1775085300000,0.2478,0.2479,0.2474,0.2477,878223.0
2026-04-01 23:30:00,1775086200000,0.2477,0.2481,0.2471,0.2476,1271944.0
2026-04-01 23:45:00,1775087100000,0.2476,0.2484,0.2474,0.2483,1816930.0
2026-04-02 00:00:00,1775088000000,0.2483,0.2491,0.247,0.248,13481358.0
2026-04-02 00:15:00,1775088900000,0.248,0.2484,0.247,0.2476,6540289.0
2026-04-02 00:30:00,1775089800000,0.2476,0.2505,0.2475,0.2504,4381391.0
2026-04-02 00:45:00,1775090700000,0.2504,0.2506,0.249,0.2499,3567302.0
2026-04-02 01:00:00,1775091600000,0.2499,0.2499,0.2458,0.2481,15588364.0
2026-04-02 01:15:00,1775092500000,0.2481,0.2482,0.243,0.2441,37790081.0
2026-04-02 01:30:00,1775093400000,0.2441,0.2441,0.2414,0.2417,12224292.0
2026-04-02 01:45:00,1775094300000,0.2417,0.2434,0.2409,0.2428,4218462.0
2026-04-02 02:00:00,1775095200000,0.2428,0.2429,0.2405,0.2408,7908645.0
2026-04-02 02:15:00,1775096100000,0.2408,0.2414,0.2395,0.2401,9453727.0
2026-04-02 02:30:00,1775097000000,0.2401,0.2411,0.2392,0.2392,7214061.0
2026-04-02 02:45:00,1775097900000,0.2392,0.2406,0.2391,0.2403,1877194.0
2026-04-02 03:00:00,1775098800000,0.2403,0.2406,0.2394,0.2398,1477661.0
2026-04-02 03:15:00,1775099700000,0.2398,0.2409,0.2394,0.2408,3443142.0
2026-04-02 03:30:00,1775100600000,0.2408,0.2413,0.2375,0.2386,16402649.0
2026-04-02 03:45:00,1775101500000,0.2386,0.239,0.238,0.2388,6163483.0
2026-04-02 04:00:00,1775102400000,0.2388,0.239,0.2382,0.2382,6048693.0
2026-04-02 04:15:00,1775103300000,0.2382,0.239,0.2371,0.2376,8720394.0
2026-04-02 04:30:00,1775104200000,0.2376,0.238,0.2367,0.2368,5448690.0
2026-04-02 04:45:00,1775105100000,0.2368,0.2373,0.2367,0.2368,3458281.0
2026-04-02 05:00:00,1775106000000,0.2368,0.2375,0.2356,0.2364,6422125.0
2026-04-02 05:15:00,1775106900000,0.2364,0.2374,0.2362,0.2374,3034813.0
2026-04-02 05:30:00,1775107800000,0.2374,0.2379,0.2373,0.2377,2215539.0
2026-04-02 05:45:00,1775108700000,0.2377,0.2381,0.2374,0.2378,2103546.0
2026-04-02 06:00:00,1775109600000,0.2378,0.238,0.2372,0.2372,1031664.0
2026-04-02 06:15:00,1775110500000,0.2372,0.2387,0.2372,0.2379,2805361.0
2026-04-02 06:30:00,1775111400000,0.2379,0.2382,0.2371,0.2372,2247320.0
2026-04-02 06:45:00,1775112300000,0.2372,0.2381,0.2371,0.2379,1057466.0
2026-04-02 07:00:00,1775113200000,0.2379,0.2382,0.2376,0.2377,1126483.0
2026-04-02 07:15:00,1775114100000,0.2377,0.2384,0.2364,0.2375,12413577.0
2026-04-02 07:30:00,1775115000000,0.2375,0.2386,0.2374,0.2384,2618971.0
2026-04-02 07:45:00,1775115900000,0.2384,0.2389,0.2382,0.2388,4382183.0
2026-04-02 08:00:00,1775116800000,0.2388,0.2392,0.2383,0.2389,2346900.0
2026-04-02 08:15:00,1775117700000,0.2389,0.239,0.2384,0.2388,1567053.0
2026-04-02 08:30:00,1775118600000,0.2388,0.2393,0.238,0.2383,4299033.0
2026-04-02 08:45:00,1775119500000,0.2383,0.2394,0.2377,0.2379,16585750.0
2026-04-02 09:00:00,1775120400000,0.2379,0.2382,0.2369,0.2377,3147382.0
2026-04-02 09:15:00,1775121300000,0.2377,0.2383,0.2374,0.238,2689196.0
2026-04-02 09:30:00,1775122200000,0.238,0.2388,0.2378,0.2382,1968379.0
2026-04-02 09:45:00,1775123100000,0.2382,0.2384,0.2379,0.238,744898.0
2026-04-02 10:00:00,1775124000000,0.238,0.2381,0.2366,0.2369,2275261.0
2026-04-02 10:15:00,1775124900000,0.2369,0.2378,0.2367,0.2376,1951934.0
2026-04-02 10:30:00,1775125800000,0.2376,0.2378,0.2367,0.2372,1656506.0
2026-04-02 10:45:00,1775126700000,0.2372,0.2376,0.2371,0.2373,694873.0
2026-04-02 11:00:00,1775127600000,0.2373,0.2375,0.2365,0.2367,1149734.0
2026-04-02 11:15:00,1775128500000,0.2367,0.2373,0.2358,0.237,3517606.0
2026-04-02 11:30:00,1775129400000,0.237,0.2372,0.2363,0.2369,7635920.0
2026-04-02 11:45:00,1775130300000,0.2369,0.2372,0.2364,0.2368,10262083.0
2026-04-02 12:00:00,1775131200000,0.2368,0.237,0.2362,0.2368,9586014.0
2026-04-02 12:15:00,1775132100000,0.2368,0.2372,0.2361,0.2368,9512561.0
2026-04-02 12:30:00,1775133000000,0.2368,0.2369,0.2358,0.2364,9555582.0
2026-04-02 12:45:00,1775133900000,0.2364,0.2367,0.2358,0.2359,1607468.0
2026-04-02 13:00:00,1775134800000,0.2359,0.2365,0.2355,0.2357,3357281.0
2026-04-02 13:15:00,1775135700000,0.2357,0.2366,0.2355,0.2361,2742056.0
2026-04-02 13:30:00,1775136600000,0.2361,0.2366,0.2346,0.2352,6283766.0
2026-04-02 13:45:00,1775137500000,0.2352,0.2369,0.2351,0.2367,4022746.0
2026-04-02 14:00:00,1775138400000,0.2367,0.2388,0.2362,0.2383,11482680.0
2026-04-02 14:15:00,1775139300000,0.2383,0.2389,0.2376,0.2381,3429636.0
2026-04-02 14:30:00,1775140200000,0.2381,0.2432,0.2381,0.2421,18014300.0
2026-04-02 14:45:00,1775141100000,0.2421,0.2424,0.2408,0.242,6240239.0
2026-04-02 15:00:00,1775142000000,0.242,0.242,0.2408,0.2409,2674349.0
2026-04-02 15:15:00,1775142900000,0.2409,0.2411,0.2394,0.2401,5487615.0
2026-04-02 15:30:00,1775143800000,0.2401,0.2409,0.2395,0.2409,1941813.0
2026-04-02 15:45:00,1775144700000,0.2409,0.2409,0.239,0.2396,2139972.0
2026-04-02 16:00:00,1775145600000,0.2396,0.2396,0.2387,0.2394,1420605.0
2026-04-02 16:15:00,1775146500000,0.2394,0.2398,0.2389,0.2398,1707784.0
2026-04-02 16:30:00,1775147400000,0.2398,0.242,0.2393,0.2416,6756187.0
2026-04-02 16:45:00,1775148300000,0.2416,0.2416,0.2405,0.2405,2944657.0
2026-04-02 17:00:00,1775149200000,0.2405,0.2418,0.2397,0.2416,2001097.0
2026-04-02 17:15:00,1775150100000,0.2416,0.2426,0.2414,0.2416,4113054.0
2026-04-02 17:30:00,1775151000000,0.2416,0.2416,0.24,0.2403,2749154.0
2026-04-02 17:45:00,1775151900000,0.2403,0.2403,0.2377,0.238,5870312.0
2026-04-02 18:00:00,1775152800000,0.238,0.2388,0.2378,0.2384,2381884.0
2026-04-02 18:15:00,1775153700000,0.2384,0.2388,0.2381,0.2383,1692581.0
2026-04-02 18:30:00,1775154600000,0.2383,0.2395,0.2383,0.2393,1703798.0
2026-04-02 18:45:00,1775155500000,0.2393,0.2405,0.2393,0.2397,2434362.0
2026-04-02 19:00:00,1775156400000,0.2397,0.24,0.2394,0.2397,884600.0
2026-04-02 19:15:00,1775157300000,0.2397,0.2401,0.2395,0.2398,652186.0
2026-04-02 19:30:00,1775158200000,0.2398,0.2399,0.2387,0.2391,1193562.0
2026-04-02 19:45:00,1775159100000,0.2391,0.2399,0.2391,0.2395,839968.0
2026-04-02 20:00:00,1775160000000,0.2395,0.2398,0.2389,0.2391,2145871.0
2026-04-02 20:15:00,1775160900000,0.2391,0.2405,0.2391,0.2404,1047664.0
2026-04-02 20:30:00,1775161800000,0.2404,0.2408,0.2399,0.2403,1768910.0
2026-04-02 20:45:00,1775162700000,0.2403,0.2404,0.24,0.2402,867840.0
2026-04-02 21:00:00,1775163600000,0.2402,0.2403,0.2391,0.2396,2436277.0
2026-04-02 21:15:00,1775164500000,0.2396,0.2399,0.2391,0.2393,1168342.0
2026-04-02 21:30:00,1775165400000,0.2393,0.2395,0.2388,0.2389,713648.0
2026-04-02 21:45:00,1775166300000,0.2389,0.24,0.2388,0.2397,427830.0
2026-04-02 22:00:00,1775167200000,0.2397,0.2402,0.2393,0.2396,943091.0
2026-04-02 22:15:00,1775168100000,0.2396,0.2399,0.239,0.2394,1082635.0
2026-04-02 22:30:00,1775169000000,0.2394,0.2398,0.2394,0.2397,117433.0
2026-04-02 22:45:00,1775169900000,0.2397,0.2397,0.2393,0.2394,396505.0
2026-04-02 23:00:00,1775170800000,0.2394,0.2394,0.2384,0.2386,944678.0
2026-04-02 23:15:00,1775171700000,0.2386,0.2394,0.2386,0.2387,1064260.0
2026-04-02 23:30:00,1775172600000,0.2387,0.2396,0.2385,0.2393,1057124.0
2026-04-02 23:45:00,1775173500000,0.2393,0.2393,0.2389,0.2392,842632.0
2026-04-03 00:00:00,1775174400000,0.2392,0.2398,0.2392,0.2396,944816.0
2026-04-03 00:15:00,1775175300000,0.2396,0.2396,0.2389,0.239,586900.0
2026-04-03 00:30:00,1775176200000,0.239,0.2395,0.2388,0.2392,1318917.0
2026-04-03 00:45:00,1775177100000,0.2392,0.2395,0.239,0.2394,747013.0
2026-04-03 01:00:00,1775178000000,0.2394,0.2395,0.239,0.2395,1295418.0
2026-04-03 01:15:00,1775178900000,0.2395,0.2403,0.2391,0.24,770758.0
2026-04-03 01:30:00,1775179800000,0.24,0.2402,0.2386,0.2392,1489324.0
2026-04-03 01:45:00,1775180700000,0.2392,0.2397,0.2389,0.2396,824607.0
2026-04-03 02:00:00,1775181600000,0.2396,0.2397,0.2387,0.2395,1089271.0
2026-04-03 02:15:00,1775182500000,0.2395,0.2409,0.2394,0.2396,2182988.0
2026-04-03 02:30:00,1775183400000,0.2396,0.2399,0.2387,0.2389,2019387.0
2026-04-03 02:45:00,1775184300000,0.2389,0.2401,0.2388,0.24,2411618.0
2026-04-03 03:00:00,1775185200000,0.24,0.2404,0.2396,0.2403,1729509.0
2026-04-03 03:15:00,1775186100000,0.2403,0.2414,0.2402,0.2407,1121564.0
2026-04-03 03:30:00,1775187000000,0.2407,0.2412,0.2404,0.241,1424706.0
2026-04-03 03:45:00,1775187900000,0.241,0.2413,0.2408,0.241,516765.0
2026-04-03 04:00:00,1775188800000,0.241,0.2418,0.241,0.2417,3182039.0
2026-04-03 04:15:00,1775189700000,0.2417,0.2421,0.2411,0.2414,2591554.0
2026-04-03 04:30:00,1775190600000,0.2414,0.2417,0.2412,0.2415,829670.0
2026-04-03 04:45:00,1775191500000,0.2415,0.2435,0.2414,0.2428,5418658.0
2026-04-03 05:00:00,1775192400000,0.2428,0.243,0.2424,0.2427,2142013.0
2026-04-03 05:15:00,1775193300000,0.2427,0.2429,0.2415,0.2428,2986554.0
2026-04-03 05:30:00,1775194200000,0.2428,0.245,0.2428,0.2444,6515827.0
2026-04-03 05:45:00,1775195100000,0.2444,0.2447,0.2439,0.244,3820498.0
2026-04-03 06:00:00,1775196000000,0.244,0.2445,0.2436,0.2442,1704005.0
2026-04-03 06:15:00,1775196900000,0.2442,0.2443,0.2431,0.2434,2098057.0
2026-04-03 06:30:00,1775197800000,0.2434,0.2451,0.2429,0.2442,19638572.0
2026-04-03 06:45:00,1775198700000,0.2442,0.2448,0.2439,0.2441,2836527.0
2026-04-03 07:00:00,1775199600000,0.2441,0.2446,0.2438,0.2441,1202242.0
2026-04-03 07:15:00,1775200500000,0.2441,0.2443,0.2438,0.2439,1537233.0
2026-04-03 07:30:00,1775201400000,0.2439,0.2452,0.2437,0.2438,2736870.0
2026-04-03 07:45:00,1775202300000,0.2438,0.2439,0.2432,0.2435,1362756.0
2026-04-03 08:00:00,1775203200000,0.2435,0.2443,0.2431,0.2434,9236111.0
2026-04-03 08:15:00,1775204100000,0.2434,0.244,0.2425,0.2439,16764320.0
2026-04-03 08:30:00,1775205000000,0.2439,0.245,0.2438,0.2443,3060463.0
2026-04-03 08:45:00,1775205900000,0.2443,0.2449,0.2439,0.244,4262840.0
2026-04-03 09:00:00,1775206800000,0.244,0.2449,0.2433,0.2446,4015949.0
2026-04-03 09:15:00,1775207700000,0.2446,0.2448,0.2435,0.2441,2269546.0
2026-04-03 09:30:00,1775208600000,0.2441,0.2453,0.2439,0.245,2893905.0
2026-04-03 09:45:00,1775209500000,0.245,0.2452,0.2445,0.2446,1482660.0
2026-04-03 10:00:00,1775210400000,0.2446,0.2457,0.2446,0.2449,4799122.0
2026-04-03 10:15:00,1775211300000,0.2449,0.2451,0.2443,0.2444,1512717.0
2026-04-03 10:30:00,1775212200000,0.2444,0.2449,0.2439,0.2449,1186238.0
2026-04-03 10:45:00,1775213100000,0.2449,0.2451,0.2445,0.2449,1684832.0
2026-04-03 11:00:00,1775214000000,0.2449,0.2451,0.2446,0.2448,1116814.0
2026-04-03 11:15:00,1775214900000,0.2448,0.2465,0.2445,0.2453,2663538.0
2026-04-03 11:30:00,1775215800000,0.2453,0.2457,0.2451,0.2454,1330342.0
2026-04-03 11:45:00,1775216700000,0.2454,0.2458,0.245,0.2455,1081338.0
2026-04-03 12:00:00,1775217600000,0.2455,0.2459,0.2451,0.2457,2190864.0
2026-04-03 12:15:00,1775218500000,0.2457,0.2467,0.2452,0.2462,2629223.0
2026-04-03 12:30:00,1775219400000,0.2462,0.2483,0.245,0.2456,11955302.0
2026-04-03 12:45:00,1775220300000,0.2456,0.2459,0.2445,0.2454,3928422.0
2026-04-03 13:00:00,1775221200000,0.2454,0.2459,0.2449,0.2451,1412174.0
2026-04-03 13:15:00,1775222100000,0.2451,0.2453,0.2448,0.2451,834423.0
2026-04-03 13:30:00,1775223000000,0.2451,0.2455,0.2447,0.245,868731.0
2026-04-03 13:45:00,1775223900000,0.245,0.2458,0.2446,0.2457,1565878.0
2026-04-03 14:00:00,1775224800000,0.2457,0.2465,0.2451,0.246,4639185.0
2026-04-03 14:15:00,1775225700000,0.246,0.2467,0.2452,0.2463,1108784.0
2026-04-03 14:30:00,1775226600000,0.2463,0.2474,0.2459,0.2464,4099838.0
2026-04-03 14:45:00,1775227500000,0.2464,0.2481,0.2463,0.2475,5793802.0
2026-04-03 15:00:00,1775228400000,0.2475,0.2514,0.2474,0.2494,47203118.0
2026-04-03 15:15:00,1775229300000,0.2494,0.2494,0.2472,0.2473,3163381.0
2026-04-03 15:30:00,1775230200000,0.2473,0.2486,0.2462,0.2468,22194770.0
2026-04-03 15:45:00,1775231100000,0.2468,0.2474,0.2459,0.246,6345265.0
2026-04-03 16:00:00,1775232000000,0.246,0.2479,0.2458,0.2473,11593869.0
2026-04-03 16:15:00,1775232900000,0.2473,0.2484,0.247,0.2483,2127831.0
2026-04-03 16:30:00,1775233800000,0.2483,0.2484,0.2474,0.2477,2711210.0
2026-04-03 16:45:00,1775234700000,0.2477,0.2485,0.2475,0.2484,3450865.0
2026-04-03 17:00:00,1775235600000,0.2484,0.2497,0.2482,0.2488,2853997.0
2026-04-03 17:15:00,1775236500000,0.2488,0.249,0.2477,0.2487,4072139.0
2026-04-03 17:30:00,1775237400000,0.2487,0.2506,0.2487,0.249,5094843.0
2026-04-03 17:45:00,1775238300000,0.249,0.2491,0.2481,0.249,3425364.0
2026-04-03 18:00:00,1775239200000,0.249,0.2495,0.2486,0.2489,1793490.0
2026-04-03 18:15:00,1775240100000,0.2489,0.2495,0.2482,0.2483,1800550.0
2026-04-03 18:30:00,1775241000000,0.2483,0.2485,0.2476,0.2477,1880456.0
2026-04-03 18:45:00,1775241900000,0.2477,0.2478,0.2474,0.2474,896159.0
2026-04-03 19:00:00,1775242800000,0.2474,0.2476,0.246,0.2461,4518376.0
2026-04-03 19:15:00,1775243700000,0.2461,0.2466,0.2458,0.2462,1330893.0
2026-04-03 19:30:00,1775244600000,0.2462,0.2469,0.2461,0.2468,1490665.0
2026-04-03 19:45:00,1775245500000,0.2468,0.2479,0.2468,0.2475,1262468.0
2026-04-03 20:00:00,1775246400000,0.2475,0.2484,0.2472,0.2481,1317144.0
2026-04-03 20:15:00,1775247300000,0.2481,0.2481,0.2472,0.2473,822919.0
2026-04-03 20:30:00,1775248200000,0.2473,0.2475,0.247,0.2473,577536.0
2026-04-03 20:45:00,1775249100000,0.2473,0.2475,0.2471,0.2473,533599.0
2026-04-03 21:00:00,1775250000000,0.2473,0.2485,0.2471,0.2483,4694706.0
2026-04-03 21:15:00,1775250900000,0.2483,0.2485,0.2481,0.2483,520010.0
2026-04-03 21:30:00,1775251800000,0.2483,0.2487,0.2478,0.2484,1556102.0
2026-04-03 21:45:00,1775252700000,0.2484,0.2486,0.248,0.2484,483054.0
2026-04-03 22:00:00,1775253600000,0.2484,0.2484,0.247,0.2471,1163090.0
2026-04-03 22:15:00,1775254500000,0.2471,0.2475,0.2469,0.2473,1091034.0
2026-04-03 22:30:00,1775255400000,0.2473,0.2475,0.2467,0.2469,1116657.0
2026-04-03 22:45:00,1775256300000,0.2469,0.2469,0.2462,0.2463,1854979.0
2026-04-03 23:00:00,1775257200000,0.2463,0.2464,0.2459,0.2461,675813.0
2026-04-03 23:15:00,1775258100000,0.2461,0.2461,0.2447,0.2453,3287618.0
2026-04-03 23:30:00,1775259000000,0.2453,0.2457,0.2451,0.2456,1483373.0
2026-04-03 23:45:00,1775259900000,0.2456,0.2463,0.2455,0.2462,788108.0
2026-04-04 00:00:00,1775260800000,0.2462,0.2466,0.246,0.246,1240853.0
2026-04-04 00:15:00,1775261700000,0.246,0.2461,0.2454,0.2455,1035483.0
2026-04-04 00:30:00,1775262600000,0.2455,0.2457,0.2453,0.2454,1100168.0
2026-04-04 00:45:00,1775263500000,0.2454,0.2455,0.2451,0.2451,628485.0
2026-04-04 01:00:00,1775264400000,0.2451,0.2452,0.2447,0.2448,2107929.0
2026-04-04 01:15:00,1775265300000,0.2448,0.2451,0.2447,0.2447,526089.0
2026-04-04 01:30:00,1775266200000,0.2447,0.2451,0.2444,0.2445,1308969.0
2026-04-04 01:45:00,1775267100000,0.2445,0.2451,0.2444,0.2449,545315.0
2026-04-04 02:00:00,1775268000000,0.2449,0.2454,0.2447,0.245,1954753.0
2026-04-04 02:15:00,1775268900000,0.245,0.245,0.2446,0.2448,1225373.0
2026-04-04 02:30:00,1775269800000,0.2448,0.245,0.2446,0.2447,1225922.0
2026-04-04 02:45:00,1775270700000,0.2447,0.2451,0.2445,0.2451,764066.0
2026-04-04 03:00:00,1775271600000,0.2451,0.2461,0.2447,0.246,1716923.0
2026-04-04 03:15:00,1775272500000,0.246,0.2461,0.2455,0.2458,1791456.0
2026-04-04 03:30:00,1775273400000,0.2458,0.2465,0.2456,0.2463,1003836.0
2026-04-04 03:45:00,1775274300000,0.2463,0.2469,0.2462,0.2467,945122.0
2026-04-04 04:00:00,1775275200000,0.2467,0.2472,0.2447,0.2455,11313105.0
2026-04-04 04:15:00,1775276100000,0.2455,0.2457,0.2452,0.2455,969468.0
2026-04-04 04:30:00,1775277000000,0.2455,0.2462,0.2453,0.2459,1007609.0
2026-04-04 04:45:00,1775277900000,0.2459,0.246,0.2456,0.2456,717909.0
2026-04-04 05:00:00,1775278800000,0.2456,0.2457,0.2449,0.2452,931055.0
2026-04-04 05:15:00,1775279700000,0.2452,0.2455,0.2447,0.245,718890.0
2026-04-04 05:30:00,1775280600000,0.245,0.2457,0.2447,0.2447,1550641.0
2026-04-04 05:45:00,1775281500000,0.2447,0.2449,0.2441,0.2443,1841418.0
2026-04-04 06:00:00,1775282400000,0.2443,0.2448,0.2439,0.2447,2399477.0
2026-04-04 06:15:00,1775283300000,0.2447,0.2452,0.2446,0.2449,677538.0
2026-04-04 06:30:00,1775284200000,0.2449,0.2451,0.2448,0.2451,349958.0
2026-04-04 06:45:00,1775285100000,0.2451,0.2462,0.2451,0.246,1260771.0
2026-04-04 07:00:00,1775286000000,0.246,0.2461,0.2456,0.2458,975177.0
2026-04-04 07:15:00,1775286900000,0.2458,0.2458,0.2452,0.2452,2136869.0
2026-04-04 07:30:00,1775287800000,0.2452,0.2454,0.2451,0.2451,1607336.0
2026-04-04 07:45:00,1775288700000,0.2451,0.2454,0.2449,0.2452,651292.0
2026-04-04 08:00:00,1775289600000,0.2452,0.2456,0.2452,0.2454,497761.0
2026-04-04 08:15:00,1775290500000,0.2454,0.2457,0.2454,0.2456,504008.0
2026-04-04 08:30:00,1775291400000,0.2456,0.2456,0.245,0.245,404268.0
2026-04-04 08:45:00,1775292300000,0.245,0.2451,0.2431,0.2438,5204343.0
2026-04-04 09:00:00,1775293200000,0.2438,0.2442,0.2437,0.244,1034738.0
2026-04-04 09:15:00,1775294100000,0.244,0.244,0.2434,0.2437,1247365.0
2026-04-04 09:30:00,1775295000000,0.2437,0.2439,0.2433,0.2435,921179.0
2026-04-04 09:45:00,1775295900000,0.2435,0.2438,0.2434,0.2435,373112.0
2026-04-04 10:00:00,1775296800000,0.2435,0.2438,0.2431,0.2431,944345.0
2026-04-04 10:15:00,1775297700000,0.2431,0.2436,0.2431,0.2434,546607.0
2026-04-04 10:30:00,1775298600000,0.2434,0.2446,0.2433,0.2443,1014351.0
2026-04-04 10:45:00,1775299500000,0.2443,0.2446,0.2441,0.2446,805629.0
2026-04-04 11:00:00,1775300400000,0.2446,0.2452,0.2445,0.2448,1174200.0
2026-04-04 11:15:00,1775301300000,0.2448,0.2451,0.2444,0.2445,962641.0
2026-04-04 11:30:00,1775302200000,0.2445,0.2447,0.2442,0.2447,1316414.0
2026-04-04 11:45:00,1775303100000,0.2447,0.2449,0.2446,0.2448,580016.0
2026-04-04 12:00:00,1775304000000,0.2448,0.2449,0.2445,0.2445,513241.0
2026-04-04 12:15:00,1775304900000,0.2445,0.2449,0.2445,0.2446,704705.0
2026-04-04 12:30:00,1775305800000,0.2446,0.2447,0.244,0.244,1150542.0
2026-04-04 12:45:00,1775306700000,0.244,0.2444,0.2439,0.2443,756530.0
2026-04-04 13:00:00,1775307600000,0.2443,0.2443,0.2439,0.2441,1122066.0
2026-04-04 13:15:00,1775308500000,0.2441,0.2443,0.2439,0.244,500204.0
2026-04-04 13:30:00,1775309400000,0.244,0.2445,0.2437,0.244,516575.0
2026-04-04 13:45:00,1775310300000,0.244,0.2442,0.2435,0.2439,903661.0
2026-04-04 14:00:00,1775311200000,0.2439,0.2442,0.2438,0.2439,418547.0
2026-04-04 14:15:00,1775312100000,0.2439,0.2444,0.2438,0.2442,827330.0
2026-04-04 14:30:00,1775313000000,0.2442,0.2443,0.2433,0.2443,1621043.0
2026-04-04 14:45:00,1775313900000,0.2443,0.245,0.2441,0.2449,2341476.0
2026-04-04 15:00:00,1775314800000,0.2449,0.2464,0.2447,0.2461,6019180.0
2026-04-04 15:15:00,1775315700000,0.2461,0.2467,0.2452,0.2454,2298661.0
2026-04-04 15:30:00,1775316600000,0.2454,0.2457,0.2451,0.2451,1287818.0
2026-04-04 15:45:00,1775317500000,0.2451,0.2453,0.2448,0.245,1686063.0
2026-04-04 16:00:00,1775318400000,0.245,0.2455,0.245,0.245,818148.0
2026-04-04 16:15:00,1775319300000,0.245,0.2467,0.2448,0.2465,1741404.0
2026-04-04 16:30:00,1775320200000,0.2465,0.2467,0.2462,0.2463,1027837.0
2026-04-04 16:45:00,1775321100000,0.2463,0.2464,0.2451,0.2452,2173830.0
2026-04-04 17:00:00,1775322000000,0.2452,0.2467,0.2451,0.2467,2101471.0
2026-04-04 17:15:00,1775322900000,0.2467,0.2478,0.2467,0.2475,2059973.0
2026-04-04 17:30:00,1775323800000,0.2475,0.2477,0.2472,0.2474,1655837.0
2026-04-04 17:45:00,1775324700000,0.2474,0.2475,0.2471,0.2473,799720.0
2026-04-04 18:00:00,1775325600000,0.2473,0.2479,0.247,0.2472,1119426.0
2026-04-04 18:15:00,1775326500000,0.2472,0.2476,0.2472,0.2472,366533.0
2026-04-04 18:30:00,1775327400000,0.2472,0.2473,0.2467,0.2468,629576.0
2026-04-04 18:45:00,1775328300000,0.2468,0.2471,0.2467,0.2469,445944.0
2026-04-04 19:00:00,1775329200000,0.2469,0.2496,0.2469,0.2495,5125187.0
2026-04-04 19:15:00,1775330100000,0.2495,0.25,0.2478,0.2481,3240091.0
2026-04-04 19:30:00,1775331000000,0.2481,0.2483,0.2474,0.2476,1143457.0
2026-04-04 19:45:00,1775331900000,0.2476,0.2481,0.2475,0.2478,1022032.0
2026-04-04 20:00:00,1775332800000,0.2478,0.2481,0.2473,0.2477,1312343.0
2026-04-04 20:15:00,1775333700000,0.2477,0.2483,0.2475,0.2481,871464.0
2026-04-04 20:30:00,1775334600000,0.2481,0.2484,0.2478,0.2479,697850.0
2026-04-04 20:45:00,1775335500000,0.2479,0.2479,0.2472,0.2472,394428.0
2026-04-04 21:00:00,1775336400000,0.2472,0.2473,0.2468,0.2471,2004425.0
2026-04-04 21:15:00,1775337300000,0.2471,0.2479,0.2471,0.2478,768100.0
2026-04-04 21:30:00,1775338200000,0.2478,0.2482,0.2472,0.2473,1630973.0
2026-04-04 21:45:00,1775339100000,0.2473,0.2477,0.2467,0.2473,1438553.0
2026-04-04 22:00:00,1775340000000,0.2473,0.2475,0.2467,0.2469,1914268.0
2026-04-04 22:15:00,1775340900000,0.2469,0.2479,0.2461,0.2479,9407033.0
2026-04-04 22:30:00,1775341800000,0.2479,0.248,0.2474,0.248,871337.0
2026-04-04 22:45:00,1775342700000,0.248,0.2482,0.2477,0.2479,582063.0
2026-04-04 23:00:00,1775343600000,0.2479,0.2479,0.2473,0.2476,914326.0
2026-04-04 23:15:00,1775344500000,0.2476,0.2482,0.2474,0.2478,981287.0
2026-04-04 23:30:00,1775345400000,0.2478,0.2479,0.2475,0.2478,678116.0
2026-04-04 23:45:00,1775346300000,0.2478,0.248,0.2474,0.2478,729845.0
2026-04-05 00:00:00,1775347200000,0.2478,0.2483,0.2475,0.2481,1017156.0
2026-04-05 00:15:00,1775348100000,0.2481,0.2485,0.2477,0.2478,1001675.0
2026-04-05 00:30:00,1775349000000,0.2478,0.2485,0.2477,0.2482,1218574.0
2026-04-05 00:45:00,1775349900000,0.2482,0.2484,0.2479,0.248,983858.0
2026-04-05 01:00:00,1775350800000,0.248,0.2483,0.247,0.2474,1313208.0
2026-04-05 01:15:00,1775351700000,0.2474,0.2475,0.2465,0.2468,1702824.0
2026-04-05 01:30:00,1775352600000,0.2468,0.247,0.2466,0.2469,586559.0
2026-04-05 01:45:00,1775353500000,0.2469,0.2472,0.2465,0.2469,2001601.0
2026-04-05 02:00:00,1775354400000,0.2469,0.2471,0.2465,0.247,660827.0
2026-04-05 02:15:00,1775355300000,0.247,0.2478,0.247,0.2476,1109260.0
2026-04-05 02:30:00,1775356200000,0.2476,0.2479,0.2474,0.2474,1474430.0
2026-04-05 02:45:00,1775357100000,0.2474,0.2475,0.2468,0.247,519906.0
2026-04-05 03:00:00,1775358000000,0.247,0.2472,0.2469,0.2471,185320.0
2026-04-05 03:15:00,1775358900000,0.2471,0.2471,0.2467,0.2468,397271.0
2026-04-05 03:30:00,1775359800000,0.2468,0.2469,0.2466,0.2469,269474.0
2026-04-05 03:45:00,1775360700000,0.2469,0.2469,0.2464,0.2465,593777.0
2026-04-05 04:00:00,1775361600000,0.2465,0.2465,0.2458,0.2462,1379425.0
2026-04-05 04:15:00,1775362500000,0.2462,0.2467,0.246,0.2466,338028.0
2026-04-05 04:30:00,1775363400000,0.2466,0.2466,0.2461,0.2461,430877.0
2026-04-05 04:45:00,1775364300000,0.2461,0.2463,0.2456,0.2457,1663318.0
2026-04-05 05:00:00,1775365200000,0.2457,0.2458,0.245,0.245,1816668.0
2026-04-05 05:15:00,1775366100000,0.245,0.2452,0.2447,0.2447,714312.0
2026-04-05 05:30:00,1775367000000,0.2447,0.2448,0.2445,0.2447,944446.0
2026-04-05 05:45:00,1775367900000,0.2447,0.2448,0.2436,0.2438,3156189.0
2026-04-05 06:00:00,1775368800000,0.2438,0.244,0.2417,0.2425,9329280.0
2026-04-05 06:15:00,1775369700000,0.2425,0.2428,0.2418,0.2426,4162526.0
2026-04-05 06:30:00,1775370600000,0.2426,0.2433,0.2423,0.2428,2522242.0
2026-04-05 06:45:00,1775371500000,0.2428,0.2431,0.2427,0.2428,1376723.0
2026-04-05 07:00:00,1775372400000,0.2428,0.2431,0.2424,0.2427,1501951.0
2026-04-05 07:15:00,1775373300000,0.2427,0.2428,0.2422,0.2424,1012298.0
2026-04-05 07:30:00,1775374200000,0.2424,0.2424,0.2411,0.2415,3077208.0
2026-04-05 07:45:00,1775375100000,0.2415,0.2419,0.2413,0.2418,940508.0
2026-04-05 08:00:00,1775376000000,0.2418,0.242,0.2415,0.242,1995610.0
2026-04-05 08:15:00,1775376900000,0.242,0.2425,0.2418,0.2422,1138575.0
2026-04-05 08:30:00,1775377800000,0.2422,0.2425,0.242,0.2421,912734.0
2026-04-05 08:45:00,1775378700000,0.2421,0.2423,0.2419,0.2421,532646.0
2026-04-05 09:00:00,1775379600000,0.2421,0.2427,0.2419,0.2419,1205491.0
2026-04-05 09:15:00,1775380500000,0.2419,0.2426,0.2417,0.2425,1161201.0
2026-04-05 09:30:00,1775381400000,0.2425,0.2425,0.2419,0.2422,339529.0
2026-04-05 09:45:00,1775382300000,0.2422,0.2423,0.242,0.2422,392192.0
2026-04-05 10:00:00,1775383200000,0.2422,0.2423,0.2417,0.2418,461886.0
2026-04-05 10:15:00,1775384100000,0.2418,0.2419,0.2414,0.2417,919982.0
2026-04-05 10:30:00,1775385000000,0.2417,0.2431,0.2415,0.2421,1860216.0
2026-04-05 10:45:00,1775385900000,0.2421,0.2421,0.2403,0.2403,4777728.0
2026-04-05 11:00:00,1775386800000,0.2403,0.2417,0.2395,0.2415,15118576.0
2026-04-05 11:15:00,1775387700000,0.2415,0.2421,0.2414,0.2418,1513031.0
2026-04-05 11:30:00,1775388600000,0.2418,0.2422,0.2418,0.242,891641.0
2026-04-05 11:45:00,1775389500000,0.242,0.2424,0.2419,0.2423,1459610.0
2026-04-05 12:00:00,1775390400000,0.2423,0.2423,0.2414,0.2415,1529659.0
2026-04-05 12:15:00,1775391300000,0.2415,0.2417,0.2411,0.2412,963709.0
2026-04-05 12:30:00,1775392200000,0.2412,0.2421,0.2401,0.2408,7470793.0
2026-04-05 12:45:00,1775393100000,0.2408,0.2413,0.2403,0.2412,1962555.0
2026-04-05 13:00:00,1775394000000,0.2412,0.242,0.2407,0.2407,4790846.0
2026-04-05 13:15:00,1775394900000,0.2407,0.2415,0.2406,0.2406,770416.0
2026-04-05 13:30:00,1775395800000,0.2406,0.2416,0.2404,0.2414,1503027.0
2026-04-05 13:45:00,1775396700000,0.2414,0.242,0.2413,0.2417,1734334.0
2026-04-05 14:00:00,1775397600000,0.2417,0.2426,0.2414,0.2416,2868047.0
2026-04-05 14:15:00,1775398500000,0.2416,0.2423,0.2413,0.2419,758893.0
2026-04-05 14:30:00,1775399400000,0.2419,0.2426,0.2418,0.2423,785853.0
2026-04-05 14:45:00,1775400300000,0.2423,0.2425,0.2419,0.2419,1198501.0
2026-04-05 15:00:00,1775401200000,0.2419,0.242,0.2414,0.2418,906745.0
2026-04-05 15:15:00,1775402100000,0.2418,0.2449,0.2413,0.244,8770934.0
2026-04-05 15:30:00,1775403000000,0.244,0.246,0.2433,0.2439,7113920.0
2026-04-05 15:45:00,1775403900000,0.2439,0.2441,0.2432,0.2435,2423678.0
2026-04-05 16:00:00,1775404800000,0.2435,0.2436,0.2429,0.2433,2100895.0
2026-04-05 16:15:00,1775405700000,0.2433,0.2435,0.2429,0.243,423448.0
2026-04-05 16:30:00,1775406600000,0.243,0.2438,0.2429,0.2435,558738.0
2026-04-05 16:45:00,1775407500000,0.2435,0.2436,0.2429,0.243,999423.0
2026-04-05 17:00:00,1775408400000,0.243,0.2436,0.2424,0.2435,2005469.0
2026-04-05 17:15:00,1775409300000,0.2435,0.2437,0.2429,0.2432,953179.0
2026-04-05 17:30:00,1775410200000,0.2432,0.2438,0.2429,0.2437,383036.0
2026-04-05 17:45:00,1775411100000,0.2437,0.244,0.2434,0.2439,783107.0
2026-04-05 18:00:00,1775412000000,0.2439,0.2439,0.2431,0.2432,796750.0
2026-04-05 18:15:00,1775412900000,0.2432,0.2432,0.2427,0.2428,530269.0
2026-04-05 18:30:00,1775413800000,0.2428,0.2438,0.2428,0.2436,1821260.0
2026-04-05 18:45:00,1775414700000,0.2436,0.2438,0.2435,0.2436,220160.0
2026-04-05 19:00:00,1775415600000,0.2436,0.2437,0.2431,0.2431,603822.0
2026-04-05 19:15:00,1775416500000,0.2431,0.2442,0.243,0.2439,905049.0
2026-04-05 19:30:00,1775417400000,0.2439,0.244,0.2426,0.2428,1450394.0
2026-04-05 19:45:00,1775418300000,0.2428,0.2435,0.2427,0.2434,552688.0
2026-04-05 20:00:00,1775419200000,0.2434,0.2438,0.243,0.2431,892784.0
2026-04-05 20:15:00,1775420100000,0.2431,0.2437,0.2431,0.2436,325660.0
2026-04-05 20:30:00,1775421000000,0.2436,0.2446,0.2435,0.2436,1963629.0
2026-04-05 20:45:00,1775421900000,0.2436,0.2443,0.2433,0.2438,2762602.0
2026-04-05 21:00:00,1775422800000,0.2438,0.244,0.2425,0.2431,2780622.0
2026-04-05 21:15:00,1775423700000,0.2431,0.2431,0.2421,0.2425,823268.0
2026-04-05 21:30:00,1775424600000,0.2425,0.2427,0.2417,0.2427,1325279.0
2026-04-05 21:45:00,1775425500000,0.2427,0.2452,0.2423,0.2445,5134281.0
2026-04-05 22:00:00,1775426400000,0.2445,0.247,0.2435,0.244,17385760.0
2026-04-05 22:15:00,1775427300000,0.244,0.2442,0.2427,0.2434,2003857.0
2026-04-05 22:30:00,1775428200000,0.2434,0.2457,0.2434,0.2452,2678371.0
2026-04-05 22:45:00,1775429100000,0.2452,0.2466,0.245,0.2463,4559003.0
2026-04-05 23:00:00,1775430000000,0.2463,0.2477,0.2456,0.2476,4387809.0
2026-04-05 23:15:00,1775430900000,0.2476,0.2506,0.2476,0.2492,14314185.0
2026-04-05 23:30:00,1775431800000,0.2492,0.2509,0.2492,0.2498,4481414.0
2026-04-05 23:45:00,1775432700000,0.2498,0.2508,0.2498,0.2508,1671361.0
2026-04-06 00:00:00,1775433600000,0.2508,0.2566,0.2507,0.2546,27808591.0
2026-04-06 00:15:00,1775434500000,0.2546,0.2555,0.253,0.2545,4730400.0
2026-04-06 00:30:00,1775435400000,0.2545,0.2556,0.2537,0.2553,2854349.0
2026-04-06 00:45:00,1775436300000,0.2553,0.256,0.2537,0.2541,2763246.0
2026-04-06 01:00:00,1775437200000,0.2541,0.255,0.2536,0.2542,3484224.0
2026-04-06 01:15:00,1775438100000,0.2542,0.2543,0.2526,0.2536,2367437.0
2026-04-06 01:30:00,1775439000000,0.2536,0.2549,0.2536,0.2543,1606829.0
2026-04-06 01:45:00,1775439900000,0.2543,0.2548,0.2541,0.2544,5127273.0
2026-04-06 02:00:00,1775440800000,0.2544,0.2594,0.2541,0.2576,9740087.0
2026-04-06 02:15:00,1775441700000,0.2576,0.2582,0.2566,0.2572,3514737.0
2026-04-06 02:30:00,1775442600000,0.2572,0.2581,0.2567,0.257,1396576.0
2026-04-06 02:45:00,1775443500000,0.257,0.2577,0.2568,0.257,1557734.0
2026-04-06 03:00:00,1775444400000,0.257,0.2579,0.2569,0.2572,2664333.0
2026-04-06 03:15:00,1775445300000,0.2572,0.2577,0.2561,0.2567,3561851.0
2026-04-06 03:30:00,1775446200000,0.2567,0.2574,0.2564,0.2568,1573034.0
2026-04-06 03:45:00,1775447100000,0.2568,0.2573,0.2564,0.2569,1666818.0
2026-04-06 04:00:00,1775448000000,0.2569,0.2578,0.2566,0.2571,2217917.0
2026-04-06 04:15:00,1775448900000,0.2571,0.2572,0.2566,0.2568,762580.0
2026-04-06 04:30:00,1775449800000,0.2568,0.2585,0.2566,0.2579,2463700.0
2026-04-06 04:45:00,1775450700000,0.2579,0.2582,0.2569,0.2569,947392.0
2026-04-06 05:00:00,1775451600000,0.2569,0.2573,0.2565,0.2571,2799217.0
2026-04-06 05:15:00,1775452500000,0.2571,0.2578,0.2569,0.2573,1696315.0
2026-04-06 05:30:00,1775453400000,0.2573,0.2574,0.2567,0.2568,938521.0
2026-04-06 05:45:00,1775454300000,0.2568,0.2571,0.2565,0.2568,899325.0
2026-04-06 06:00:00,1775455200000,0.2568,0.2583,0.2568,0.2582,3911045.0
2026-04-06 06:15:00,1775456100000,0.2582,0.2582,0.2559,0.2562,4008000.0
2026-04-06 06:30:00,1775457000000,0.2562,0.2567,0.2558,0.2562,2440053.0
2026-04-06 06:45:00,1775457900000,0.2562,0.2572,0.256,0.2561,4509556.0
2026-04-06 07:00:00,1775458800000,0.2561,0.2564,0.2553,0.2554,2438345.0
2026-04-06 07:15:00,1775459700000,0.2554,0.2565,0.2554,0.2559,2553317.0
2026-04-06 07:30:00,1775460600000,0.2559,0.2561,0.2545,0.2546,2689153.0
2026-04-06 07:45:00,1775461500000,0.2546,0.2556,0.2542,0.2551,3506255.0
2026-04-06 08:00:00,1775462400000,0.2551,0.2558,0.255,0.2555,1864811.0
2026-04-06 08:15:00,1775463300000,0.2555,0.2563,0.2553,0.2558,1799827.0
2026-04-06 08:30:00,1775464200000,0.2558,0.2566,0.2556,0.2557,1663690.0
2026-04-06 08:45:00,1775465100000,0.2557,0.2559,0.2548,0.2549,2978350.0
2026-04-06 09:00:00,1775466000000,0.2549,0.2568,0.2548,0.2561,2979763.0
2026-04-06 09:15:00,1775466900000,0.2561,0.2591,0.2561,0.2572,6607252.0
2026-04-06 09:30:00,1775467800000,0.2572,0.2582,0.2567,0.2574,3327809.0
2026-04-06 09:45:00,1775468700000,0.2574,0.2578,0.2571,0.2572,1404261.0
2026-04-06 10:00:00,1775469600000,0.2572,0.2582,0.2572,0.2582,1752796.0
2026-04-06 10:15:00,1775470500000,0.2582,0.2601,0.2577,0.2583,21817279.0
2026-04-06 10:30:00,1775471400000,0.2583,0.2586,0.2576,0.2576,3598849.0
2026-04-06 10:45:00,1775472300000,0.2576,0.2577,0.2563,0.2567,5334917.0
2026-04-06 11:00:00,1775473200000,0.2567,0.2567,0.2558,0.2559,1453545.0
2026-04-06 11:15:00,1775474100000,0.2559,0.2563,0.2557,0.2557,1098545.0
2026-04-06 11:30:00,1775475000000,0.2557,0.2561,0.2554,0.2556,992761.0
2026-04-06 11:45:00,1775475900000,0.2556,0.256,0.2553,0.2555,875551.0
2026-04-06 12:00:00,1775476800000,0.2555,0.2562,0.2553,0.2554,1254101.0
2026-04-06 12:15:00,1775477700000,0.2554,0.2559,0.2551,0.2554,3792046.0
2026-04-06 12:30:00,1775478600000,0.2554,0.2555,0.2546,0.2548,2134802.0
2026-04-06 12:45:00,1775479500000,0.2548,0.2551,0.2544,0.2547,935617.0
2026-04-06 13:00:00,1775480400000,0.2547,0.2548,0.2544,0.2548,915147.0
2026-04-06 13:15:00,1775481300000,0.2548,0.2552,0.2545,0.2549,1519834.0
2026-04-06 13:30:00,1775482200000,0.2549,0.2559,0.2545,0.255,2853386.0
2026-04-06 13:45:00,1775483100000,0.255,0.2553,0.2548,0.2549,1125705.0
2026-04-06 14:00:00,1775484000000,0.2549,0.2562,0.2543,0.2556,3759585.0
2026-04-06 14:15:00,1775484900000,0.2556,0.2567,0.2552,0.2558,2752762.0
2026-04-06 14:30:00,1775485800000,0.2558,0.2562,0.2536,0.2541,6213871.0
2026-04-06 14:45:00,1775486700000,0.2541,0.2549,0.2537,0.2548,1571963.0
2026-04-06 15:00:00,1775487600000,0.2548,0.2551,0.2538,0.2543,1833386.0
2026-04-06 15:15:00,1775488500000,0.2543,0.2545,0.2538,0.2542,2504684.0
2026-04-06 15:30:00,1775489400000,0.2542,0.2549,0.2538,0.2548,1414257.0
2026-04-06 15:45:00,1775490300000,0.2548,0.2548,0.2541,0.2542,702417.0
2026-04-06 16:00:00,1775491200000,0.2542,0.2544,0.2537,0.2542,2542693.0
2026-04-06 16:15:00,1775492100000,0.2542,0.2542,0.2531,0.2534,3155872.0
2026-04-06 16:30:00,1775493000000,0.2534,0.2537,0.2532,0.2535,1094417.0
2026-04-06 16:45:00,1775493900000,0.2535,0.2543,0.2522,0.2527,5584697.0
2026-04-06 17:00:00,1775494800000,0.2527,0.2527,0.2509,0.2515,8571642.0
2026-04-06 17:15:00,1775495700000,0.2515,0.2527,0.251,0.2524,3535521.0
2026-04-06 17:30:00,1775496600000,0.2524,0.2527,0.2517,0.2519,770260.0
2026-04-06 17:45:00,1775497500000,0.2519,0.2523,0.2516,0.2522,983713.0
2026-04-06 18:00:00,1775498400000,0.2522,0.2536,0.252,0.253,1656091.0
2026-04-06 18:15:00,1775499300000,0.253,0.253,0.2522,0.2527,1134465.0
2026-04-06 18:30:00,1775500200000,0.2527,0.2533,0.2526,0.2529,3934760.0
2026-04-06 18:45:00,1775501100000,0.2529,0.2531,0.2527,0.253,298980.0
2026-04-06 19:00:00,1775502000000,0.253,0.253,0.2518,0.2519,1321398.0
2026-04-06 19:15:00,1775502900000,0.2519,0.2521,0.2516,0.2519,576914.0
2026-04-06 19:30:00,1775503800000,0.2519,0.2521,0.2516,0.2519,585224.0
2026-04-06 19:45:00,1775504700000,0.2519,0.2522,0.2515,0.252,1536641.0
2026-04-06 20:00:00,1775505600000,0.252,0.2524,0.2518,0.2522,1607933.0
2026-04-06 20:15:00,1775506500000,0.2522,0.2527,0.2521,0.2526,1377010.0
2026-04-06 20:30:00,1775507400000,0.2526,0.2527,0.2523,0.2527,647979.0
2026-04-06 20:45:00,1775508300000,0.2527,0.2527,0.2522,0.2523,327527.0
2026-04-06 21:00:00,1775509200000,0.2523,0.2523,0.2518,0.2523,1824094.0
2026-04-06 21:15:00,1775510100000,0.2523,0.2523,0.2516,0.252,931837.0
2026-04-06 21:30:00,1775511000000,0.252,0.2521,0.2507,0.251,1843551.0
2026-04-06 21:45:00,1775511900000,0.251,0.2511,0.2504,0.2508,986449.0
2026-04-06 22:00:00,1775512800000,0.2508,0.2511,0.2497,0.2511,2396361.0
2026-04-06 22:15:00,1775513700000,0.2511,0.2511,0.2496,0.2498,1296764.0
2026-04-06 22:30:00,1775514600000,0.2498,0.2498,0.249,0.2491,3801299.0
2026-04-06 22:45:00,1775515500000,0.2491,0.2493,0.2471,0.2472,5830669.0
2026-04-06 23:00:00,1775516400000,0.2472,0.2472,0.2448,0.2459,14670083.0
2026-04-06 23:15:00,1775517300000,0.2459,0.2462,0.245,0.2451,2529177.0
2026-04-06 23:30:00,1775518200000,0.2451,0.2464,0.2447,0.2461,2575053.0
2026-04-06 23:45:00,1775519100000,0.2461,0.2462,0.2457,0.246,1550632.0
2026-04-07 00:00:00,1775520000000,0.246,0.2464,0.2451,0.2453,4628538.0
2026-04-07 00:15:00,1775520900000,0.2453,0.2458,0.2443,0.2453,6399610.0
2026-04-07 00:30:00,1775521800000,0.2453,0.246,0.2446,0.2452,4784440.0
2026-04-07 00:45:00,1775522700000,0.2452,0.246,0.2451,0.2456,1293259.0
2026-04-07 01:00:00,1775523600000,0.2456,0.2456,0.2445,0.2448,1467014.0
2026-04-07 01:15:00,1775524500000,0.2448,0.246,0.2448,0.2454,2322262.0
2026-04-07 01:30:00,1775525400000,0.2454,0.2457,0.2446,0.2451,1518485.0
2026-04-07 01:45:00,1775526300000,0.2451,0.2452,0.2437,0.2441,3610737.0
2026-04-07 02:00:00,1775527200000,0.2441,0.2443,0.2433,0.2441,3068346.0
2026-04-07 02:15:00,1775528100000,0.2441,0.245,0.244,0.2449,2507139.0
2026-04-07 02:30:00,1775529000000,0.2449,0.2457,0.2447,0.2452,2888605.0
2026-04-07 02:45:00,1775529900000,0.2452,0.246,0.2443,0.2446,10496540.0
2026-04-07 03:00:00,1775530800000,0.2446,0.2451,0.2445,0.2446,1268294.0
2026-04-07 03:15:00,1775531700000,0.2446,0.245,0.2445,0.245,1250025.0
2026-04-07 03:30:00,1775532600000,0.245,0.2452,0.2448,0.2451,681009.0
2026-04-07 03:45:00,1775533500000,0.2451,0.2452,0.2449,0.245,802178.0
2026-04-07 04:00:00,1775534400000,0.245,0.245,0.2444,0.2446,1148277.0
2026-04-07 04:15:00,1775535300000,0.2446,0.2449,0.2442,0.2446,721848.0
2026-04-07 04:30:00,1775536200000,0.2446,0.2454,0.2445,0.2452,660220.0
2026-04-07 04:45:00,1775537100000,0.2452,0.2458,0.2451,0.2454,1090389.0
2026-04-07 05:00:00,1775538000000,0.2454,0.2455,0.2448,0.2449,773244.0
2026-04-07 05:15:00,1775538900000,0.2449,0.2453,0.2443,0.2445,1245236.0
2026-04-07 05:30:00,1775539800000,0.2445,0.2445,0.2436,0.2438,1288444.0
2026-04-07 05:45:00,1775540700000,0.2438,0.2439,0.2431,0.2438,4169374.0
2026-04-07 06:00:00,1775541600000,0.2438,0.2438,0.2428,0.2428,2175155.0
2026-04-07 06:15:00,1775542500000,0.2428,0.2432,0.2422,0.2431,3641739.0
2026-04-07 06:30:00,1775543400000,0.2431,0.2435,0.2427,0.2434,1358120.0
2026-04-07 06:45:00,1775544300000,0.2434,0.2437,0.2431,0.2435,751242.0
2026-04-07 07:00:00,1775545200000,0.2435,0.2437,0.2431,0.2434,1333268.0
2026-04-07 07:15:00,1775546100000,0.2434,0.2439,0.2432,0.2434,1947122.0
2026-04-07 07:30:00,1775547000000,0.2434,0.244,0.2434,0.2437,1297787.0
2026-04-07 07:45:00,1775547900000,0.2437,0.2438,0.2432,0.2433,777515.0
2026-04-07 08:00:00,1775548800000,0.2433,0.2442,0.2429,0.2433,3756972.0
2026-04-07 08:15:00,1775549700000,0.2433,0.2437,0.2431,0.2434,1194585.0
2026-04-07 08:30:00,1775550600000,0.2434,0.244,0.2433,0.2438,1178802.0
2026-04-07 08:45:00,1775551500000,0.2438,0.2446,0.2438,0.2442,1847085.0
2026-04-07 09:00:00,1775552400000,0.2442,0.2455,0.2441,0.245,3577464.0
2026-04-07 09:15:00,1775553300000,0.245,0.2451,0.2443,0.2444,1813854.0
2026-04-07 09:30:00,1775554200000,0.2444,0.2449,0.2442,0.2444,3775453.0
2026-04-07 09:45:00,1775555100000,0.2444,0.2446,0.244,0.2445,1531248.0
2026-04-07 10:00:00,1775556000000,0.2445,0.2448,0.2428,0.2434,7567720.0
2026-04-07 10:15:00,1775556900000,0.2434,0.2442,0.2421,0.2427,4063935.0
2026-04-07 10:30:00,1775557800000,0.2427,0.2429,0.2414,0.2422,5082918.0
2026-04-07 10:45:00,1775558700000,0.2422,0.2425,0.2416,0.242,3155220.0
2026-04-07 11:00:00,1775559600000,0.242,0.2427,0.2417,0.2424,2338525.0
2026-04-07 11:15:00,1775560500000,0.2424,0.2427,0.2416,0.2417,1539238.0
2026-04-07 11:30:00,1775561400000,0.2417,0.2424,0.241,0.2423,2169761.0
2026-04-07 11:45:00,1775562300000,0.2423,0.2423,0.2418,0.242,1911059.0
2026-04-07 12:00:00,1775563200000,0.242,0.2423,0.2391,0.2409,30852799.0
2026-04-07 12:15:00,1775564100000,0.2409,0.2418,0.2407,0.2414,2756999.0
2026-04-07 12:30:00,1775565000000,0.2414,0.2417,0.2411,0.2413,1122267.0
2026-04-07 12:45:00,1775565900000,0.2413,0.2432,0.2411,0.2422,6986894.0
2026-04-07 13:00:00,1775566800000,0.2422,0.2435,0.2421,0.2426,5352592.0
2026-04-07 13:15:00,1775567700000,0.2426,0.2428,0.242,0.2421,2131022.0
2026-04-07 13:30:00,1775568600000,0.2421,0.2429,0.242,0.2422,1708839.0
2026-04-07 13:45:00,1775569500000,0.2422,0.2426,0.2419,0.2419,1201834.0
2026-04-07 14:00:00,1775570400000,0.2419,0.2421,0.2407,0.241,4049491.0
2026-04-07 14:15:00,1775571300000,0.241,0.2423,0.2407,0.2421,4018385.0
2026-04-07 14:30:00,1775572200000,0.2421,0.2422,0.2412,0.2413,2198579.0
2026-04-07 14:45:00,1775573100000,0.2413,0.2423,0.241,0.2412,3044653.0
2026-04-07 15:00:00,1775574000000,0.2412,0.2418,0.2407,0.2415,1827218.0
2026-04-07 15:15:00,1775574900000,0.2415,0.2431,0.2415,0.2429,5965039.0
2026-04-07 15:30:00,1775575800000,0.2429,0.243,0.242,0.242,3107627.0
2026-04-07 15:45:00,1775576700000,0.242,0.2425,0.2418,0.242,1301513.0
2026-04-07 16:00:00,1775577600000,0.242,0.2428,0.2416,0.2422,2535334.0
2026-04-07 16:15:00,1775578500000,0.2422,0.2432,0.2418,0.2427,3589866.0
2026-04-07 16:30:00,1775579400000,0.2427,0.243,0.2424,0.2425,1476941.0
2026-04-07 16:45:00,1775580300000,0.2425,0.2426,0.2417,0.242,1085535.0
2026-04-07 17:00:00,1775581200000,0.242,0.2424,0.2417,0.2418,793480.0
2026-04-07 17:15:00,1775582100000,0.2418,0.2425,0.2415,0.2422,1568589.0
2026-04-07 17:30:00,1775583000000,0.2422,0.2445,0.2421,0.2431,4156346.0
2026-04-07 17:45:00,1775583900000,0.2431,0.2436,0.243,0.2433,680371.0
2026-04-07 18:00:00,1775584800000,0.2433,0.2435,0.2429,0.2433,1750635.0
2026-04-07 18:15:00,1775585700000,0.2433,0.2438,0.243,0.2435,2281993.0
2026-04-07 18:30:00,1775586600000,0.2435,0.2438,0.2428,0.243,2050177.0
2026-04-07 18:45:00,1775587500000,0.243,0.243,0.2422,0.2428,1608719.0
2026-04-07 19:00:00,1775588400000,0.2428,0.2436,0.2424,0.2434,2488918.0
2026-04-07 19:15:00,1775589300000,0.2434,0.2449,0.2434,0.2444,3303664.0
2026-04-07 19:30:00,1775590200000,0.2444,0.2445,0.2437,0.2441,1313178.0
2026-04-07 19:45:00,1775591100000,0.2441,0.2468,0.2438,0.2464,12608135.0
2026-04-07 20:00:00,1775592000000,0.2464,0.2479,0.2464,0.2467,12655032.0
2026-04-07 20:15:00,1775592900000,0.2467,0.2471,0.2458,0.2466,2082849.0
2026-04-07 20:30:00,1775593800000,0.2466,0.2471,0.2462,0.2466,1802040.0
2026-04-07 20:45:00,1775594700000,0.2466,0.2466,0.2456,0.2459,2071998.0
2026-04-07 21:00:00,1775595600000,0.2459,0.2494,0.2459,0.2486,7792728.0
2026-04-07 21:15:00,1775596500000,0.2486,0.2488,0.2472,0.2477,2530154.0
2026-04-07 21:30:00,1775597400000,0.2477,0.2509,0.2476,0.2509,7683084.0
2026-04-07 21:45:00,1775598300000,0.2509,0.2539,0.2508,0.2533,6924137.0
2026-04-07 22:00:00,1775599200000,0.2533,0.2553,0.253,0.2546,9651729.0
2026-04-07 22:15:00,1775600100000,0.2546,0.2554,0.2536,0.2548,7117765.0
2026-04-07 22:30:00,1775601000000,0.2548,0.2616,0.2545,0.2587,38860843.0
2026-04-07 22:45:00,1775601900000,0.2587,0.2626,0.2584,0.2625,10862505.0
2026-04-07 23:00:00,1775602800000,0.2625,0.2656,0.2625,0.2637,14825353.0
2026-04-07 23:15:00,1775603700000,0.2637,0.2663,0.2632,0.2657,9605204.0
2026-04-07 23:30:00,1775604600000,0.2657,0.2658,0.264,0.2649,9677169.0
2026-04-07 23:45:00,1775605500000,0.2649,0.2663,0.2626,0.2627,10769370.0
2026-04-08 00:00:00,1775606400000,0.2627,0.2643,0.2626,0.2633,8207102.0
2026-04-08 00:15:00,1775607300000,0.2633,0.2636,0.2623,0.263,4827222.0
2026-04-08 00:30:00,1775608200000,0.263,0.263,0.2607,0.2607,6793781.0
2026-04-08 00:45:00,1775609100000,0.2607,0.2609,0.2596,0.2602,3830901.0
2026-04-08 01:00:00,1775610000000,0.2602,0.2623,0.2596,0.2622,3694275.0
2026-04-08 01:15:00,1775610900000,0.2622,0.2622,0.2612,0.2613,2123336.0
2026-04-08 01:30:00,1775611800000,0.2613,0.2623,0.261,0.2616,1184761.0
2026-04-08 01:45:00,1775612700000,0.2616,0.2625,0.2614,0.2619,1687442.0
2026-04-08 02:00:00,1775613600000,0.2619,0.2643,0.2617,0.2639,3951253.0
2026-04-08 02:15:00,1775614500000,0.2639,0.2642,0.2619,0.262,3849823.0
2026-04-08 02:30:00,1775615400000,0.262,0.262,0.2607,0.261,3533307.0
2026-04-08 02:45:00,1775616300000,0.261,0.2616,0.2606,0.2611,1443915.0
2026-04-08 03:00:00,1775617200000,0.2611,0.2619,0.2609,0.2613,1843591.0
2026-04-08 03:15:00,1775618100000,0.2613,0.2617,0.2603,0.2614,1395838.0
2026-04-08 03:30:00,1775619000000,0.2614,0.2614,0.2608,0.2609,559435.0
2026-04-08 03:45:00,1775619900000,0.2609,0.261,0.2602,0.2606,1799876.0
2026-04-08 04:00:00,1775620800000,0.2606,0.263,0.2606,0.2616,7184681.0
2026-04-08 04:15:00,1775621700000,0.2616,0.2623,0.2616,0.2621,549276.0
2026-04-08 04:30:00,1775622600000,0.2621,0.263,0.2616,0.2627,2381669.0
2026-04-08 04:45:00,1775623500000,0.2627,0.263,0.2622,0.2622,1896644.0
2026-04-08 05:00:00,1775624400000,0.2622,0.2625,0.2618,0.262,1095423.0
2026-04-08 05:15:00,1775625300000,0.262,0.2634,0.262,0.2624,2174971.0
2026-04-08 05:30:00,1775626200000,0.2624,0.2627,0.2619,0.2621,1875519.0
2026-04-08 05:45:00,1775627100000,0.2621,0.2628,0.2617,0.2625,982921.0
2026-04-08 06:00:00,1775628000000,0.2625,0.2626,0.2614,0.2625,1291349.0
2026-04-08 06:15:00,1775628900000,0.2625,0.2637,0.2623,0.2631,2340344.0
2026-04-08 06:30:00,1775629800000,0.2631,0.2631,0.2619,0.2622,1562488.0
2026-04-08 06:45:00,1775630700000,0.2622,0.2623,0.2613,0.2615,1347285.0
2026-04-08 07:00:00,1775631600000,0.2615,0.2616,0.2607,0.2612,1332307.0
2026-04-08 07:15:00,1775632500000,0.2612,0.2619,0.2609,0.2614,1419368.0
2026-04-08 07:30:00,1775633400000,0.2614,0.2614,0.2601,0.2606,1548228.0
2026-04-08 07:45:00,1775634300000,0.2606,0.2612,0.2605,0.2611,1099332.0
2026-04-08 08:00:00,1775635200000,0.2611,0.2614,0.2606,0.261,1339750.0
2026-04-08 08:15:00,1775636100000,0.261,0.2611,0.2604,0.2605,737388.0
2026-04-08 08:30:00,1775637000000,0.2605,0.2613,0.2598,0.26,1515603.0
2026-04-08 08:45:00,1775637900000,0.26,0.2608,0.2598,0.2607,1452361.0
2026-04-08 09:00:00,1775638800000,0.2607,0.261,0.2604,0.2604,1452342.0
2026-04-08 09:15:00,1775639700000,0.2604,0.2605,0.2597,0.2599,1608399.0
2026-04-08 09:30:00,1775640600000,0.2599,0.2602,0.2587,0.2588,3399125.0
2026-04-08 09:45:00,1775641500000,0.2588,0.2593,0.2587,0.259,1153605.0
2026-04-08 10:00:00,1775642400000,0.259,0.2599,0.2587,0.2591,1644069.0
2026-04-08 10:15:00,1775643300000,0.2591,0.2599,0.2591,0.2598,1199324.0
2026-04-08 10:30:00,1775644200000,0.2598,0.2598,0.2585,0.259,1994528.0
2026-04-08 10:45:00,1775645100000,0.259,0.2593,0.2587,0.2588,452550.0
2026-04-08 11:00:00,1775646000000,0.2588,0.259,0.2583,0.2584,2034215.0
2026-04-08 11:15:00,1775646900000,0.2584,0.2588,0.2579,0.2582,1570786.0
2026-04-08 11:30:00,1775647800000,0.2582,0.2582,0.2558,0.2564,6995689.0
2026-04-08 11:45:00,1775648700000,0.2564,0.2583,0.2564,0.2576,3307570.0
2026-04-08 12:00:00,1775649600000,0.2576,0.2579,0.2571,0.2576,1826685.0
2026-04-08 12:15:00,1775650500000,0.2576,0.2577,0.2562,0.2565,2887085.0
2026-04-08 12:30:00,1775651400000,0.2565,0.2573,0.2563,0.2571,2437262.0
2026-04-08 12:45:00,1775652300000,0.2571,0.2576,0.2569,0.2575,1752430.0
2026-04-08 13:00:00,1775653200000,0.2575,0.2596,0.2575,0.259,7573772.0
2026-04-08 13:15:00,1775654100000,0.259,0.2597,0.2579,0.2586,2366569.0
2026-04-08 13:30:00,1775655000000,0.2586,0.2596,0.2569,0.2573,7913036.0
2026-04-08 13:45:00,1775655900000,0.2573,0.2585,0.2571,0.2575,5054930.0
2026-04-08 14:00:00,1775656800000,0.2575,0.2577,0.2549,0.2561,8034189.0
2026-04-08 14:15:00,1775657700000,0.2561,0.2564,0.2545,0.2552,4383092.0
2026-04-08 14:30:00,1775658600000,0.2552,0.2554,0.2526,0.2535,10053403.0
2026-04-08 14:45:00,1775659500000,0.2535,0.2538,0.2518,0.2525,6750305.0
2026-04-08 15:00:00,1775660400000,0.2525,0.2537,0.2521,0.2532,3156364.0
2026-04-08 15:15:00,1775661300000,0.2532,0.2542,0.2529,0.2535,2941087.0
2026-04-08 15:30:00,1775662200000,0.2535,0.2546,0.2534,0.2544,2716520.0
2026-04-08 15:45:00,1775663100000,0.2544,0.2548,0.2539,0.2541,3325457.0
2026-04-08 16:00:00,1775664000000,0.2541,0.2544,0.2536,0.2538,1987991.0
2026-04-08 16:15:00,1775664900000,0.2538,0.2546,0.2538,0.2541,996449.0
2026-04-08 16:30:00,1775665800000,0.2541,0.2542,0.2532,0.2541,881887.0
2026-04-08 16:45:00,1775666700000,0.2541,0.2546,0.2538,0.2542,1070173.0
2026-04-08 17:00:00,1775667600000,0.2542,0.2556,0.2541,0.2555,2815775.0
2026-04-08 17:15:00,1775668500000,0.2555,0.2555,0.2537,0.2542,1847635.0
2026-04-08 17:30:00,1775669400000,0.2542,0.2562,0.2542,0.256,3019949.0
2026-04-08 17:45:00,1775670300000,0.256,0.2561,0.2554,0.2556,906420.0
2026-04-08 18:00:00,1775671200000,0.2556,0.2557,0.2544,0.2547,1501839.0
2026-04-08 18:15:00,1775672100000,0.2547,0.2548,0.2533,0.2534,1826280.0
2026-04-08 18:30:00,1775673000000,0.2534,0.2542,0.2532,0.2533,1243995.0
2026-04-08 18:45:00,1775673900000,0.2533,0.2536,0.2525,0.2528,1988884.0
2026-04-08 19:00:00,1775674800000,0.2528,0.2533,0.2523,0.2529,2298540.0
2026-04-08 19:15:00,1775675700000,0.2529,0.2531,0.2521,0.2522,1243954.0
2026-04-08 19:30:00,1775676600000,0.2522,0.2526,0.2519,0.2524,2040217.0
2026-04-08 19:45:00,1775677500000,0.2524,0.2529,0.2522,0.2528,621356.0
2026-04-08 20:00:00,1775678400000,0.2528,0.2534,0.2525,0.2527,1224953.0
2026-04-08 20:15:00,1775679300000,0.2527,0.2529,0.2524,0.2525,324925.0
2026-04-08 20:30:00,1775680200000,0.2525,0.2528,0.2514,0.2517,3625324.0
2026-04-08 20:45:00,1775681100000,0.2517,0.2525,0.2516,0.2525,894721.0
2026-04-08 21:00:00,1775682000000,0.2525,0.2534,0.2521,0.253,2458341.0
2026-04-08 21:15:00,1775682900000,0.253,0.2545,0.253,0.254,1456032.0
2026-04-08 21:30:00,1775683800000,0.254,0.2545,0.2537,0.254,937236.0
2026-04-08 21:45:00,1775684700000,0.254,0.2544,0.2538,0.2542,584033.0
2026-04-08 22:00:00,1775685600000,0.2542,0.2543,0.2526,0.2528,2976739.0
2026-04-08 22:15:00,1775686500000,0.2528,0.253,0.2515,0.2517,2208669.0
2026-04-08 22:30:00,1775687400000,0.2517,0.2532,0.2515,0.2526,1889487.0
2026-04-08 22:45:00,1775688300000,0.2526,0.2526,0.2515,0.2516,1140770.0
2026-04-08 23:00:00,1775689200000,0.2516,0.2517,0.2501,0.2514,5632668.0
2026-04-08 23:15:00,1775690100000,0.2514,0.2516,0.2497,0.2502,4552492.0
2026-04-08 23:30:00,1775691000000,0.2502,0.2509,0.2498,0.2502,3064425.0
2026-04-08 23:45:00,1775691900000,0.2502,0.2508,0.2501,0.2505,826893.0
2026-04-09 00:00:00,1775692800000,0.2505,0.2506,0.2495,0.2501,3179143.0
2026-04-09 00:15:00,1775693700000,0.2501,0.2504,0.2492,0.2494,1923311.0
2026-04-09 00:30:00,1775694600000,0.2494,0.2498,0.2487,0.2494,5561497.0
2026-04-09 00:45:00,1775695500000,0.2494,0.2501,0.2492,0.2496,1071757.0
2026-04-09 01:00:00,1775696400000,0.2496,0.2498,0.2478,0.2484,6322778.0
2026-04-09 01:15:00,1775697300000,0.2484,0.2487,0.2475,0.2481,3065022.0
2026-04-09 01:30:00,1775698200000,0.2481,0.2494,0.2477,0.2485,3853230.0
2026-04-09 01:45:00,1775699100000,0.2485,0.2492,0.2482,0.2492,1207251.0
2026-04-09 02:00:00,1775700000000,0.2492,0.2495,0.2488,0.2489,1156068.0
2026-04-09 02:15:00,1775700900000,0.2489,0.2502,0.2488,0.2497,1042234.0
2026-04-09 02:30:00,1775701800000,0.2497,0.2498,0.2491,0.2494,1334781.0
2026-04-09 02:45:00,1775702700000,0.2494,0.2498,0.2493,0.2493,1074670.0
2026-04-09 03:00:00,1775703600000,0.2493,0.2494,0.2488,0.2492,1361483.0
2026-04-09 03:15:00,1775704500000,0.2492,0.2494,0.2486,0.2489,870662.0
2026-04-09 03:30:00,1775705400000,0.2489,0.2496,0.2489,0.2491,1134103.0
2026-04-09 03:45:00,1775706300000,0.2491,0.2493,0.2487,0.249,783950.0
2026-04-09 04:00:00,1775707200000,0.249,0.249,0.2484,0.2486,1567005.0
2026-04-09 04:15:00,1775708100000,0.2486,0.2486,0.2482,0.2484,1066503.0
2026-04-09 04:30:00,1775709000000,0.2484,0.2492,0.2484,0.249,900944.0
2026-04-09 04:45:00,1775709900000,0.249,0.2491,0.2485,0.2485,645633.0
2026-04-09 05:00:00,1775710800000,0.2485,0.2488,0.2482,0.2488,998914.0
2026-04-09 05:15:00,1775711700000,0.2488,0.2491,0.2486,0.2489,847848.0
2026-04-09 05:30:00,1775712600000,0.2489,0.2498,0.2488,0.2497,2890174.0
2026-04-09 05:45:00,1775713500000,0.2497,0.2497,0.249,0.2492,1502844.0
2026-04-09 06:00:00,1775714400000,0.2492,0.25,0.2492,0.2499,1439228.0
2026-04-09 06:15:00,1775715300000,0.2499,0.2499,0.2492,0.2495,688432.0
2026-04-09 06:30:00,1775716200000,0.2495,0.2501,0.2492,0.2498,1116015.0
2026-04-09 06:45:00,1775717100000,0.2498,0.2501,0.2496,0.2501,1958388.0
2026-04-09 07:00:00,1775718000000,0.2501,0.251,0.2501,0.2507,2640637.0
2026-04-09 07:15:00,1775718900000,0.2507,0.2508,0.2505,0.2507,475833.0
2026-04-09 07:30:00,1775719800000,0.2507,0.2515,0.2506,0.2508,1575025.0
2026-04-09 07:45:00,1775720700000,0.2508,0.2511,0.2504,0.2505,560151.0
2026-04-09 08:00:00,1775721600000,0.2505,0.2505,0.2497,0.2499,2116704.0
2026-04-09 08:15:00,1775722500000,0.2499,0.2501,0.2492,0.2501,2476518.0
2026-04-09 08:30:00,1775723400000,0.2501,0.2511,0.2501,0.2509,2074140.0
2026-04-09 08:45:00,1775724300000,0.2509,0.2512,0.25,0.2501,2249152.0
2026-04-09 09:00:00,1775725200000,0.2501,0.2502,0.2492,0.2499,1133838.0
2026-04-09 09:15:00,1775726100000,0.2499,0.2506,0.2499,0.2502,1247012.0
2026-04-09 09:30:00,1775727000000,0.2502,0.2507,0.2501,0.2507,349056.0
2026-04-09 09:45:00,1775727900000,0.2507,0.2522,0.2506,0.2514,2461313.0
2026-04-09 10:00:00,1775728800000,0.2514,0.2518,0.2509,0.2512,1403604.0
2026-04-09 10:15:00,1775729700000,0.2512,0.2516,0.2511,0.2514,958020.0
2026-04-09 10:30:00,1775730600000,0.2514,0.2514,0.2509,0.2511,830447.0
2026-04-09 10:45:00,1775731500000,0.2511,0.2511,0.2504,0.2507,1663379.0
2026-04-09 11:00:00,1775732400000,0.2507,0.2511,0.2505,0.2507,1866870.0
2026-04-09 11:15:00,1775733300000,0.2507,0.2512,0.2501,0.2508,1433348.0
2026-04-09 11:30:00,1775734200000,0.2508,0.2512,0.2505,0.2505,1140477.0
2026-04-09 11:45:00,1775735100000,0.2505,0.2507,0.2503,0.2505,510552.0
2026-04-09 12:00:00,1775736000000,0.2505,0.2511,0.2504,0.2508,375456.0
2026-04-09 12:15:00,1775736900000,0.2508,0.2509,0.2498,0.2502,3316569.0
2026-04-09 12:30:00,1775737800000,0.2502,0.2513,0.2498,0.2509,2256886.0
2026-04-09 12:45:00,1775738700000,0.2509,0.251,0.2505,0.2509,1040454.0
2026-04-09 13:00:00,1775739600000,0.2509,0.2514,0.2504,0.2505,1068645.0
2026-04-09 13:15:00,1775740500000,0.2505,0.2506,0.2498,0.2502,1876130.0
2026-04-09 13:30:00,1775741400000,0.2502,0.2506,0.2496,0.2502,3357577.0
2026-04-09 13:45:00,1775742300000,0.2502,0.2505,0.2496,0.2503,2440113.0
2026-04-09 14:00:00,1775743200000,0.2503,0.251,0.2499,0.2506,1156333.0
2026-04-09 14:15:00,1775744100000,0.2506,0.2508,0.2487,0.2494,6756603.0
2026-04-09 14:30:00,1775745000000,0.2494,0.2502,0.2489,0.2502,3780227.0
2026-04-09 14:45:00,1775745900000,0.2502,0.2513,0.2501,0.2502,2926561.0
2026-04-09 15:00:00,1775746800000,0.2502,0.2513,0.2494,0.251,2136666.0
2026-04-09 15:15:00,1775747700000,0.251,0.2522,0.2509,0.2514,3837664.0
2026-04-09 15:30:00,1775748600000,0.2514,0.2555,0.251,0.2545,17035828.0
2026-04-09 15:45:00,1775749500000,0.2545,0.2557,0.2543,0.2545,3245637.0
2026-04-09 16:00:00,1775750400000,0.2545,0.2563,0.2545,0.2554,5931496.0
2026-04-09 16:15:00,1775751300000,0.2554,0.2562,0.2545,0.2545,3000379.0
2026-04-09 16:30:00,1775752200000,0.2545,0.2547,0.2527,0.2539,5790575.0
2026-04-09 16:45:00,1775753100000,0.2539,0.2551,0.2532,0.2549,1782347.0
2026-04-09 17:00:00,1775754000000,0.2549,0.2563,0.2544,0.2558,4557627.0
2026-04-09 17:15:00,1775754900000,0.2558,0.2567,0.2549,0.2555,3043658.0
2026-04-09 17:30:00,1775755800000,0.2555,0.2567,0.2547,0.2563,2489484.0
2026-04-09 17:45:00,1775756700000,0.2563,0.2568,0.256,0.2562,1362071.0
2026-04-09 18:00:00,1775757600000,0.2562,0.2564,0.2539,0.2543,3692716.0
2026-04-09 18:15:00,1775758500000,0.2543,0.2552,0.2539,0.2551,1255254.0
2026-04-09 18:30:00,1775759400000,0.2551,0.2551,0.2536,0.2541,3037567.0
2026-04-09 18:45:00,1775760300000,0.2541,0.2544,0.2538,0.2541,1109550.0
2026-04-09 19:00:00,1775761200000,0.2541,0.2557,0.2538,0.2554,2353748.0
2026-04-09 19:15:00,1775762100000,0.2554,0.2556,0.254,0.2545,1369864.0
2026-04-09 19:30:00,1775763000000,0.2545,0.2557,0.2545,0.2553,1354294.0
2026-04-09 19:45:00,1775763900000,0.2553,0.2561,0.2553,0.2555,1924596.0
2026-04-09 20:00:00,1775764800000,0.2555,0.2566,0.2553,0.2565,2503402.0
2026-04-09 20:15:00,1775765700000,0.2565,0.2571,0.256,0.2567,2365972.0
2026-04-09 20:30:00,1775766600000,0.2567,0.257,0.2563,0.2566,1235988.0
2026-04-09 20:45:00,1775767500000,0.2566,0.2567,0.2559,0.2565,1674456.0
2026-04-09 21:00:00,1775768400000,0.2565,0.2578,0.2558,0.2568,4317105.0
2026-04-09 21:15:00,1775769300000,0.2568,0.2571,0.2561,0.2562,1506317.0
2026-04-09 21:30:00,1775770200000,0.2562,0.257,0.2559,0.2567,1801702.0
2026-04-09 21:45:00,1775771100000,0.2567,0.2573,0.2559,0.2561,583144.0
2026-04-09 22:00:00,1775772000000,0.2561,0.2572,0.2559,0.2572,976674.0
2026-04-09 22:15:00,1775772900000,0.2572,0.2609,0.2571,0.2581,8284069.0
2026-04-09 22:30:00,1775773800000,0.2581,0.2583,0.2576,0.2577,1651089.0
2026-04-09 22:45:00,1775774700000,0.2577,0.2578,0.2557,0.2558,4053984.0
2026-04-09 23:00:00,1775775600000,0.2558,0.2561,0.2548,0.2551,3744719.0
2026-04-09 23:15:00,1775776500000,0.2551,0.2556,0.2542,0.2547,2135951.0
2026-04-09 23:30:00,1775777400000,0.2547,0.2547,0.2535,0.254,3629524.0
2026-04-09 23:45:00,1775778300000,0.254,0.254,0.2533,0.2539,1744401.0
2026-04-10 00:00:00,1775779200000,0.2539,0.2544,0.2534,0.2538,2246013.0
2026-04-10 00:15:00,1775780100000,0.2538,0.254,0.2523,0.2532,4861363.0
2026-04-10 00:30:00,1775781000000,0.2532,0.254,0.2526,0.2532,1983512.0
2026-04-10 00:45:00,1775781900000,0.2532,0.2535,0.2527,0.253,1580403.0
2026-04-10 01:00:00,1775782800000,0.253,0.2534,0.2524,0.2532,993069.0
2026-04-10 01:15:00,1775783700000,0.2532,0.2534,0.2511,0.2525,4013888.0
2026-04-10 01:30:00,1775784600000,0.2525,0.2548,0.2523,0.2536,3950493.0
2026-04-10 01:45:00,1775785500000,0.2536,0.2542,0.2526,0.2526,3995012.0
2026-04-10 02:00:00,1775786400000,0.2526,0.2533,0.2523,0.2528,1861730.0
2026-04-10 02:15:00,1775787300000,0.2528,0.2533,0.2524,0.253,1513343.0
2026-04-10 02:30:00,1775788200000,0.253,0.2531,0.2524,0.2527,617910.0
2026-04-10 02:45:00,1775789100000,0.2527,0.2528,0.2515,0.252,1551611.0
2026-04-10 03:00:00,1775790000000,0.252,0.2527,0.2518,0.2518,2341944.0
2026-04-10 03:15:00,1775790900000,0.2518,0.252,0.2514,0.2514,1039801.0
2026-04-10 03:30:00,1775791800000,0.2514,0.252,0.2512,0.2518,1583990.0
2026-04-10 03:45:00,1775792700000,0.2518,0.2522,0.2514,0.2515,530409.0
2026-04-10 04:00:00,1775793600000,0.2515,0.2519,0.2514,0.2517,1291914.0
2026-04-10 04:15:00,1775794500000,0.2517,0.2526,0.2517,0.2519,2232583.0
2026-04-10 04:30:00,1775795400000,0.2519,0.2522,0.2516,0.2518,828837.0
2026-04-10 04:45:00,1775796300000,0.2518,0.2533,0.2516,0.2526,2220314.0
2026-04-10 05:00:00,1775797200000,0.2526,0.2527,0.2519,0.2521,1000723.0
2026-04-10 05:15:00,1775798100000,0.2521,0.2537,0.2519,0.2534,2201285.0
2026-04-10 05:30:00,1775799000000,0.2534,0.2537,0.253,0.2531,913736.0
2026-04-10 05:45:00,1775799900000,0.2531,0.2535,0.2523,0.2524,1197022.0
2026-04-10 06:00:00,1775800800000,0.2524,0.2531,0.2517,0.2522,3055207.0
2026-04-10 06:15:00,1775801700000,0.2522,0.2524,0.2512,0.2517,1778676.0
2026-04-10 06:30:00,1775802600000,0.2517,0.252,0.2506,0.2508,3748503.0
2026-04-10 06:45:00,1775803500000,0.2508,0.2511,0.2503,0.251,2552659.0
2026-04-10 07:00:00,1775804400000,0.251,0.2511,0.25,0.2502,3443066.0
2026-04-10 07:15:00,1775805300000,0.2502,0.2507,0.25,0.2502,1940121.0
2026-04-10 07:30:00,1775806200000,0.2502,0.2509,0.25,0.2507,939104.0
2026-04-10 07:45:00,1775807100000,0.2507,0.2509,0.2493,0.2505,5558404.0
2026-04-10 08:00:00,1775808000000,0.2505,0.2506,0.2495,0.2499,3950251.0
2026-04-10 08:15:00,1775808900000,0.2499,0.2503,0.2495,0.2501,2024043.0
2026-04-10 08:30:00,1775809800000,0.2501,0.2509,0.2496,0.2506,4317068.0
2026-04-10 08:45:00,1775810700000,0.2506,0.2506,0.2497,0.2499,1471619.0
2026-04-10 09:00:00,1775811600000,0.2499,0.2509,0.2499,0.2505,2382757.0
2026-04-10 09:15:00,1775812500000,0.2505,0.2518,0.2504,0.2512,3597065.0
2026-04-10 09:30:00,1775813400000,0.2512,0.2513,0.2507,0.2508,915589.0
2026-04-10 09:45:00,1775814300000,0.2508,0.2512,0.2503,0.2509,1084428.0
2026-04-10 10:00:00,1775815200000,0.2509,0.251,0.2502,0.2508,889353.0
2026-04-10 10:15:00,1775816100000,0.2508,0.2509,0.2498,0.25,3050180.0
2026-04-10 10:30:00,1775817000000,0.25,0.2502,0.2496,0.2498,1370560.0
2026-04-10 10:45:00,1775817900000,0.2498,0.2501,0.2495,0.2498,1515240.0
2026-04-10 11:00:00,1775818800000,0.2498,0.2511,0.2498,0.2509,1963279.0
2026-04-10 11:15:00,1775819700000,0.2509,0.2513,0.2507,0.2512,2393084.0
2026-04-10 11:30:00,1775820600000,0.2512,0.2517,0.2507,0.2508,2874766.0
2026-04-10 11:45:00,1775821500000,0.2508,0.2514,0.2507,0.251,897367.0
2026-04-10 12:00:00,1775822400000,0.251,0.252,0.2508,0.2516,1323794.0
2026-04-10 12:15:00,1775823300000,0.2516,0.2527,0.2507,0.2519,5773892.0
2026-04-10 12:30:00,1775824200000,0.2519,0.2531,0.251,0.2527,11278237.0
2026-04-10 12:45:00,1775825100000,0.2527,0.2529,0.2519,0.2523,2381089.0
2026-04-10 13:00:00,1775826000000,0.2523,0.2531,0.2523,0.2529,1378569.0
2026-04-10 13:15:00,1775826900000,0.2529,0.2531,0.2519,0.252,1596415.0
2026-04-10 13:30:00,1775827800000,0.252,0.2523,0.2506,0.2518,7226229.0
2026-04-10 13:45:00,1775828700000,0.2518,0.2526,0.2517,0.2521,2025889.0
2026-04-10 14:00:00,1775829600000,0.2521,0.2529,0.2515,0.2528,2803125.0
2026-04-10 14:15:00,1775830500000,0.2528,0.2549,0.2528,0.2547,6457819.0
2026-04-10 14:30:00,1775831400000,0.2547,0.2556,0.2536,0.2544,6850430.0
2026-04-10 14:45:00,1775832300000,0.2544,0.2553,0.2543,0.2552,3213286.0
2026-04-10 15:00:00,1775833200000,0.2552,0.2564,0.2552,0.2554,2551127.0
2026-04-10 15:15:00,1775834100000,0.2554,0.2563,0.2544,0.2545,3009470.0
2026-04-10 15:30:00,1775835000000,0.2545,0.2549,0.2537,0.2545,2965719.0
2026-04-10 15:45:00,1775835900000,0.2545,0.2545,0.2531,0.2538,2064480.0
2026-04-10 16:00:00,1775836800000,0.2538,0.2557,0.2538,0.2555,1829750.0
2026-04-10 16:15:00,1775837700000,0.2555,0.2561,0.2545,0.2548,2733612.0
2026-04-10 16:30:00,1775838600000,0.2548,0.2549,0.2539,0.2539,1277150.0
2026-04-10 16:45:00,1775839500000,0.2539,0.2552,0.2539,0.2551,1758575.0
2026-04-10 17:00:00,1775840400000,0.2551,0.2551,0.2543,0.2545,1291813.0
2026-04-10 17:15:00,1775841300000,0.2545,0.2548,0.2542,0.2543,464753.0
2026-04-10 17:30:00,1775842200000,0.2543,0.2545,0.2534,0.254,949943.0
2026-04-10 17:45:00,1775843100000,0.254,0.2547,0.2538,0.2545,1163350.0
2026-04-10 18:00:00,1775844000000,0.2545,0.2553,0.2541,0.2552,981339.0
2026-04-10 18:15:00,1775844900000,0.2552,0.2556,0.2548,0.2554,1914569.0
2026-04-10 18:30:00,1775845800000,0.2554,0.2556,0.2548,0.255,576165.0
2026-04-10 18:45:00,1775846700000,0.255,0.2559,0.2549,0.2559,627562.0
2026-04-10 19:00:00,1775847600000,0.2559,0.2579,0.2558,0.2576,3190989.0
2026-04-10 19:15:00,1775848500000,0.2576,0.2577,0.2567,0.2573,1360914.0
2026-04-10 19:30:00,1775849400000,0.2573,0.2576,0.2569,0.2575,995372.0
2026-04-10 19:45:00,1775850300000,0.2575,0.2582,0.2571,0.2579,1212273.0
2026-04-10 20:00:00,1775851200000,0.2579,0.2588,0.2575,0.2578,3692697.0
2026-04-10 20:15:00,1775852100000,0.2578,0.258,0.2571,0.2573,1215132.0
2026-04-10 20:30:00,1775853000000,0.2573,0.2578,0.2562,0.2569,2299842.0
2026-04-10 20:45:00,1775853900000,0.2569,0.2577,0.2564,0.2572,1118593.0
2026-04-10 21:00:00,1775854800000,0.2572,0.2572,0.2555,0.2559,1629146.0
2026-04-10 21:15:00,1775855700000,0.2559,0.2559,0.2555,0.2559,766287.0
2026-04-10 21:30:00,1775856600000,0.2559,0.2559,0.2546,0.2552,2641267.0
2026-04-10 21:45:00,1775857500000,0.2552,0.256,0.2549,0.2556,1067044.0
2026-04-10 22:00:00,1775858400000,0.2556,0.2561,0.2554,0.2558,882321.0
2026-04-10 22:15:00,1775859300000,0.2558,0.2558,0.2552,0.2552,2040067.0
2026-04-10 22:30:00,1775860200000,0.2552,0.2553,0.254,0.2544,3511456.0
2026-04-10 22:45:00,1775861100000,0.2544,0.2545,0.2541,0.2543,1020226.0
2026-04-10 23:00:00,1775862000000,0.2543,0.2544,0.2537,0.2539,1507490.0
2026-04-10 23:15:00,1775862900000,0.2539,0.2546,0.2537,0.2541,1149048.0
2026-04-10 23:30:00,1775863800000,0.2541,0.2542,0.2537,0.2539,633637.0
2026-04-10 23:45:00,1775864700000,0.2539,0.2542,0.2537,0.254,687380.0
2026-04-11 00:00:00,1775865600000,0.254,0.2541,0.2533,0.254,1835471.0
2026-04-11 00:15:00,1775866500000,0.254,0.254,0.2533,0.2537,1702822.0
2026-04-11 00:30:00,1775867400000,0.2537,0.2539,0.2534,0.2535,1295440.0
2026-04-11 00:45:00,1775868300000,0.2535,0.2536,0.2532,0.2534,1063912.0
2026-04-11 01:00:00,1775869200000,0.2534,0.2534,0.2525,0.2527,2968971.0
2026-04-11 01:15:00,1775870100000,0.2527,0.2528,0.2521,0.2525,1254011.0
2026-04-11 01:30:00,1775871000000,0.2525,0.2534,0.2524,0.2529,894121.0
2026-04-11 01:45:00,1775871900000,0.2529,0.2538,0.2528,0.2532,1385691.0
2026-04-11 02:00:00,1775872800000,0.2532,0.2534,0.2528,0.253,632772.0
2026-04-11 02:15:00,1775873700000,0.253,0.2538,0.253,0.2535,1575411.0
2026-04-11 02:30:00,1775874600000,0.2535,0.2539,0.2531,0.2531,1042188.0
2026-04-11 02:45:00,1775875500000,0.2531,0.2532,0.2528,0.2532,485996.0
2026-04-11 03:00:00,1775876400000,0.2532,0.2539,0.2532,0.2538,560670.0
2026-04-11 03:15:00,1775877300000,0.2538,0.2548,0.2538,0.2546,2904601.0
2026-04-11 03:30:00,1775878200000,0.2546,0.2552,0.2535,0.2536,1942927.0
2026-04-11 03:45:00,1775879100000,0.2536,0.2538,0.2526,0.253,1441124.0
2026-04-11 04:00:00,1775880000000,0.253,0.2541,0.253,0.2533,1287224.0
2026-04-11 04:15:00,1775880900000,0.2533,0.2533,0.2524,0.2528,731497.0
2026-04-11 04:30:00,1775881800000,0.2528,0.2531,0.2526,0.253,545966.0
2026-04-11 04:45:00,1775882700000,0.253,0.253,0.2524,0.2527,324290.0
2026-04-11 05:00:00,1775883600000,0.2527,0.2527,0.2517,0.2517,1070204.0
2026-04-11 05:15:00,1775884500000,0.2517,0.2523,0.2512,0.2522,3933077.0
2026-04-11 05:30:00,1775885400000,0.2522,0.2526,0.2518,0.2518,858759.0
2026-04-11 05:45:00,1775886300000,0.2518,0.252,0.2501,0.2504,4513242.0
2026-04-11 06:00:00,1775887200000,0.2504,0.2505,0.2494,0.2499,5221033.0
2026-04-11 06:15:00,1775888100000,0.2499,0.2506,0.2498,0.2504,2194351.0
2026-04-11 06:30:00,1775889000000,0.2504,0.2507,0.2503,0.2504,902636.0
2026-04-11 06:45:00,1775889900000,0.2504,0.2506,0.2502,0.2504,552308.0
2026-04-11 07:00:00,1775890800000,0.2504,0.2505,0.25,0.2502,720401.0
2026-04-11 07:15:00,1775891700000,0.2502,0.2505,0.25,0.2502,822086.0
2026-04-11 07:30:00,1775892600000,0.2502,0.2504,0.25,0.2503,332568.0
2026-04-11 07:45:00,1775893500000,0.2503,0.2505,0.2501,0.2504,875621.0
2026-04-11 08:00:00,1775894400000,0.2504,0.2505,0.2497,0.2503,2116606.0
2026-04-11 08:15:00,1775895300000,0.2503,0.2505,0.2501,0.2502,564746.0
2026-04-11 08:30:00,1775896200000,0.2502,0.2505,0.2501,0.2503,955550.0
2026-04-11 08:45:00,1775897100000,0.2503,0.2504,0.2498,0.25,1292585.0
2026-04-11 09:00:00,1775898000000,0.25,0.2502,0.2489,0.2494,3304344.0
2026-04-11 09:15:00,1775898900000,0.2494,0.2507,0.2493,0.2497,5129964.0
2026-04-11 09:30:00,1775899800000,0.2497,0.2497,0.2488,0.2496,5351273.0
2026-04-11 09:45:00,1775900700000,0.2496,0.2504,0.2496,0.2503,12269196.0
2026-04-11 10:00:00,1775901600000,0.2503,0.2505,0.2497,0.25,1927250.0
2026-04-11 10:15:00,1775902500000,0.25,0.2502,0.2496,0.25,1231800.0
2026-04-11 10:30:00,1775903400000,0.25,0.2501,0.2494,0.2494,1311215.0
2026-04-11 10:45:00,1775904300000,0.2494,0.2497,0.2494,0.2496,500098.0
2026-04-11 11:00:00,1775905200000,0.2496,0.2497,0.2492,0.2494,1429681.0
2026-04-11 11:15:00,1775906100000,0.2494,0.2498,0.2491,0.2495,1062151.0
2026-04-11 11:30:00,1775907000000,0.2495,0.2497,0.2493,0.2495,713078.0
2026-04-11 11:45:00,1775907900000,0.2495,0.2499,0.2494,0.2496,2157706.0
2026-04-11 12:00:00,1775908800000,0.2496,0.2502,0.2495,0.2501,1649060.0
2026-04-11 12:15:00,1775909700000,0.2501,0.2502,0.2494,0.2496,2021830.0
2026-04-11 12:30:00,1775910600000,0.2496,0.25,0.2495,0.25,1154369.0
2026-04-11 12:45:00,1775911500000,0.25,0.2502,0.2499,0.25,1989009.0
2026-04-11 13:00:00,1775912400000,0.25,0.25,0.2483,0.2486,6569579.0
2026-04-11 13:15:00,1775913300000,0.2486,0.2493,0.2479,0.2482,5159266.0
2026-04-11 13:30:00,1775914200000,0.2482,0.2492,0.2478,0.2489,8924734.0
2026-04-11 13:45:00,1775915100000,0.2489,0.2491,0.2486,0.2486,1233722.0
2026-04-11 14:00:00,1775916000000,0.2486,0.2492,0.2482,0.2487,3729647.0
2026-04-11 14:15:00,1775916900000,0.2487,0.2491,0.2484,0.2487,1675675.0
2026-04-11 14:30:00,1775917800000,0.2487,0.2487,0.2462,0.2472,27100582.0
2026-04-11 14:45:00,1775918700000,0.2472,0.2473,0.2469,0.2472,2322730.0
2026-04-11 15:00:00,1775919600000,0.2472,0.2476,0.2469,0.2475,2446308.0
2026-04-11 15:15:00,1775920500000,0.2475,0.2484,0.2471,0.2478,2388648.0
2026-04-11 15:30:00,1775921400000,0.2478,0.248,0.2476,0.2479,827887.0
2026-04-11 15:45:00,1775922300000,0.2479,0.248,0.2476,0.2479,805017.0
2026-04-11 16:00:00,1775923200000,0.2479,0.2487,0.2477,0.2486,956804.0
2026-04-11 16:15:00,1775924100000,0.2486,0.2488,0.2481,0.2482,1632226.0
2026-04-11 16:30:00,1775925000000,0.2482,0.2506,0.2481,0.25,6702836.0
2026-04-11 16:45:00,1775925900000,0.25,0.2504,0.2498,0.2501,6462571.0
2026-04-11 17:00:00,1775926800000,0.2501,0.2502,0.249,0.2493,2267475.0
2026-04-11 17:15:00,1775927700000,0.2493,0.2494,0.2481,0.2487,3293506.0
2026-04-11 17:30:00,1775928600000,0.2487,0.2495,0.2487,0.2494,1668713.0
2026-04-11 17:45:00,1775929500000,0.2494,0.2495,0.2488,0.2489,1256829.0
2026-04-11 18:00:00,1775930400000,0.2489,0.2491,0.2479,0.2485,1805603.0
2026-04-11 18:15:00,1775931300000,0.2485,0.25,0.2485,0.25,2142046.0
2026-04-11 18:30:00,1775932200000,0.25,0.2535,0.25,0.2522,16473897.0
2026-04-11 18:45:00,1775933100000,0.2522,0.2528,0.2517,0.2524,3316127.0
2026-04-11 19:00:00,1775934000000,0.2524,0.2541,0.2521,0.2532,5964704.0
2026-04-11 19:15:00,1775934900000,0.2532,0.2545,0.2527,0.2542,6421295.0
2026-04-11 19:30:00,1775935800000,0.2542,0.2553,0.2542,0.2545,6491786.0
2026-04-11 19:45:00,1775936700000,0.2545,0.2545,0.2536,0.2543,2054066.0
2026-04-11 20:00:00,1775937600000,0.2543,0.2547,0.2537,0.2541,3824056.0
2026-04-11 20:15:00,1775938500000,0.2541,0.2549,0.2532,0.2532,4491002.0
2026-04-11 20:30:00,1775939400000,0.2532,0.2533,0.2508,0.2514,5682149.0
2026-04-11 20:45:00,1775940300000,0.2514,0.2524,0.2509,0.252,2247194.0
2026-04-11 21:00:00,1775941200000,0.252,0.2523,0.251,0.2522,2207191.0
2026-04-11 21:15:00,1775942100000,0.2522,0.2523,0.2512,0.2515,996669.0
2026-04-11 21:30:00,1775943000000,0.2515,0.2522,0.2512,0.2518,1144217.0
2026-04-11 21:45:00,1775943900000,0.2518,0.253,0.2517,0.2518,1030522.0
2026-04-11 22:00:00,1775944800000,0.2518,0.253,0.2517,0.2528,1400501.0
2026-04-11 22:15:00,1775945700000,0.2528,0.2534,0.2519,0.252,1595237.0
2026-04-11 22:30:00,1775946600000,0.252,0.252,0.2503,0.251,2682351.0
2026-04-11 22:45:00,1775947500000,0.251,0.2511,0.2504,0.2508,2368063.0
2026-04-11 23:00:00,1775948400000,0.2508,0.2509,0.2484,0.2489,6268950.0
2026-04-11 23:15:00,1775949300000,0.2489,0.2497,0.2486,0.2493,1736658.0
2026-04-11 23:30:00,1775950200000,0.2493,0.2498,0.2491,0.2493,833143.0
2026-04-11 23:45:00,1775951100000,0.2493,0.2495,0.2491,0.2492,625166.0
2026-04-12 00:00:00,1775952000000,0.2492,0.2493,0.2481,0.2488,2801742.0
2026-04-12 00:15:00,1775952900000,0.2488,0.2493,0.2486,0.2492,1164114.0
2026-04-12 00:30:00,1775953800000,0.2492,0.2497,0.249,0.2493,1975687.0
2026-04-12 00:45:00,1775954700000,0.2493,0.2499,0.2491,0.2498,1068278.0
2026-04-12 01:00:00,1775955600000,0.2498,0.2504,0.2495,0.2499,1926291.0
2026-04-12 01:15:00,1775956500000,0.2499,0.2499,0.2495,0.2496,932346.0
2026-04-12 01:30:00,1775957400000,0.2496,0.2497,0.2435,0.2447,37237943.0
2026-04-12 01:45:00,1775958300000,0.2447,0.245,0.2421,0.2438,14874296.0
2026-04-12 02:00:00,1775959200000,0.2438,0.2447,0.2426,0.2442,9299009.0
2026-04-12 02:15:00,1775960100000,0.2442,0.2448,0.2436,0.2439,4163891.0
2026-04-12 02:30:00,1775961000000,0.2439,0.2446,0.2439,0.2443,2036540.0
2026-04-12 02:45:00,1775961900000,0.2443,0.2445,0.2439,0.2442,1024998.0
2026-04-12 03:00:00,1775962800000,0.2442,0.2446,0.2437,0.244,1357760.0
2026-04-12 03:15:00,1775963700000,0.244,0.2443,0.2438,0.2442,1204803.0
2026-04-12 03:30:00,1775964600000,0.2442,0.2443,0.2433,0.244,2762878.0
2026-04-12 03:45:00,1775965500000,0.244,0.2443,0.2436,0.2436,1706733.0
2026-04-12 04:00:00,1775966400000,0.2436,0.2437,0.2431,0.2436,3845625.0
2026-04-12 04:15:00,1775967300000,0.2436,0.2439,0.2429,0.2433,2021438.0
2026-04-12 04:30:00,1775968200000,0.2433,0.2436,0.2429,0.2433,1153530.0
2026-04-12 04:45:00,1775969100000,0.2433,0.2436,0.2431,0.2433,1477281.0
2026-04-12 05:00:00,1775970000000,0.2433,0.2434,0.2424,0.2425,2310013.0
2026-04-12 05:15:00,1775970900000,0.2425,0.2432,0.2418,0.2432,4699201.0
2026-04-12 05:30:00,1775971800000,0.2432,0.2434,0.2428,0.243,2030269.0
2026-04-12 05:45:00,1775972700000,0.243,0.2432,0.2426,0.243,1637023.0
2026-04-12 06:00:00,1775973600000,0.243,0.243,0.2427,0.243,1143824.0
2026-04-12 06:15:00,1775974500000,0.243,0.2432,0.2426,0.243,1456082.0
2026-04-12 06:30:00,1775975400000,0.243,0.243,0.2426,0.2426,638245.0
2026-04-12 06:45:00,1775976300000,0.2426,0.2426,0.2416,0.242,3268517.0
2026-04-12 07:00:00,1775977200000,0.242,0.242,0.2413,0.2413,3830581.0
2026-04-12 07:15:00,1775978100000,0.2413,0.242,0.2412,0.2419,1556416.0
2026-04-12 07:30:00,1775979000000,0.2419,0.2424,0.2416,0.2417,2408965.0
2026-04-12 07:45:00,1775979900000,0.2417,0.242,0.2414,0.2414,2508167.0
2026-04-12 08:00:00,1775980800000,0.2414,0.2414,0.2402,0.2406,7400442.0
2026-04-12 08:15:00,1775981700000,0.2406,0.2409,0.2404,0.2406,2189896.0
2026-04-12 08:30:00,1775982600000,0.2406,0.2413,0.2405,0.2411,2022373.0
2026-04-12 08:45:00,1775983500000,0.2411,0.2412,0.2402,0.2408,3665406.0
2026-04-12 09:00:00,1775984400000,0.2408,0.2408,0.2393,0.2407,6750047.0
2026-04-12 09:15:00,1775985300000,0.2407,0.2407,0.2398,0.2401,1895096.0
2026-04-12 09:30:00,1775986200000,0.2401,0.2401,0.2384,0.2398,11115290.0
2026-04-12 09:45:00,1775987100000,0.2398,0.2399,0.2391,0.2399,1634791.0
2026-04-12 10:00:00,1775988000000,0.2399,0.2402,0.2394,0.2395,2190557.0
2026-04-12 10:15:00,1775988900000,0.2395,0.2402,0.2395,0.2401,1574558.0
2026-04-12 10:30:00,1775989800000,0.2401,0.2403,0.2399,0.2401,2119968.0
2026-04-12 10:45:00,1775990700000,0.2401,0.2402,0.2391,0.2397,6101483.0
2026-04-12 11:00:00,1775991600000,0.2397,0.2408,0.2391,0.2404,3777947.0
2026-04-12 11:15:00,1775992500000,0.2404,0.2406,0.2398,0.2399,2612836.0
2026-04-12 11:30:00,1775993400000,0.2399,0.2401,0.2396,0.24,1469953.0
2026-04-12 11:45:00,1775994300000,0.24,0.2407,0.24,0.2404,1471492.0
2026-04-12 12:00:00,1775995200000,0.2404,0.2406,0.2401,0.2403,1120041.0
2026-04-12 12:15:00,1775996100000,0.2403,0.2403,0.2399,0.2401,756021.0
2026-04-12 12:30:00,1775997000000,0.2401,0.2408,0.2399,0.2407,2931220.0
2026-04-12 12:45:00,1775997900000,0.2407,0.2408,0.239,0.2393,11611158.0
2026-04-12 13:00:00,1775998800000,0.2393,0.24,0.2387,0.2391,4945808.0
2026-04-12 13:15:00,1775999700000,0.2391,0.2395,0.239,0.239,1597296.0
2026-04-12 13:30:00,1776000600000,0.239,0.2394,0.2381,0.2387,8248748.0
2026-04-12 13:45:00,1776001500000,0.2387,0.2389,0.2373,0.2379,7177048.0
2026-04-12 14:00:00,1776002400000,0.2379,0.2388,0.2377,0.2383,3344301.0
2026-04-12 14:15:00,1776003300000,0.2383,0.2392,0.2382,0.2389,2887784.0
2026-04-12 14:30:00,1776004200000,0.2389,0.239,0.2379,0.2384,3238580.0
2026-04-12 14:45:00,1776005100000,0.2384,0.2389,0.2382,0.2384,3428303.0
2026-04-12 15:00:00,1776006000000,0.2384,0.2386,0.2381,0.2385,1076565.0
2026-04-12 15:15:00,1776006900000,0.2385,0.2385,0.2378,0.2381,2037973.0
2026-04-12 15:30:00,1776007800000,0.2381,0.2384,0.2371,0.2381,5185530.0
2026-04-12 15:45:00,1776008700000,0.2381,0.2388,0.2381,0.2382,1277099.0
2026-04-12 16:00:00,1776009600000,0.2382,0.2383,0.2375,0.238,4682712.0
2026-04-12 16:15:00,1776010500000,0.238,0.2386,0.2376,0.2384,2477201.0
2026-04-12 16:30:00,1776011400000,0.2384,0.2386,0.2381,0.2383,1116906.0
2026-04-12 16:45:00,1776012300000,0.2383,0.2386,0.2381,0.2385,755672.0
2026-04-12 17:00:00,1776013200000,0.2385,0.239,0.2382,0.2383,1822797.0
2026-04-12 17:15:00,1776014100000,0.2383,0.2388,0.2383,0.2384,1080622.0
2026-04-12 17:30:00,1776015000000,0.2384,0.2389,0.2381,0.2389,1529333.0
2026-04-12 17:45:00,1776015900000,0.2389,0.2398,0.2385,0.2394,2583592.0
2026-04-12 18:00:00,1776016800000,0.2394,0.2398,0.2391,0.2395,2186569.0
2026-04-12 18:15:00,1776017700000,0.2395,0.2401,0.2389,0.2389,4777357.0
2026-04-12 18:30:00,1776018600000,0.2389,0.2393,0.2387,0.2389,804839.0
2026-04-12 18:45:00,1776019500000,0.2389,0.2389,0.2381,0.2383,1517376.0
2026-04-12 19:00:00,1776020400000,0.2383,0.2391,0.2381,0.2387,1539512.0
2026-04-12 19:15:00,1776021300000,0.2387,0.2388,0.2383,0.2385,695619.0
2026-04-12 19:30:00,1776022200000,0.2385,0.2385,0.2379,0.238,1439703.0
2026-04-12 19:45:00,1776023100000,0.238,0.2381,0.2376,0.238,1260658.0
2026-04-12 20:00:00,1776024000000,0.238,0.2386,0.2379,0.2385,2602386.0
2026-04-12 20:15:00,1776024900000,0.2385,0.2385,0.2376,0.2378,2004845.0
2026-04-12 20:30:00,1776025800000,0.2378,0.2398,0.2377,0.2393,3616643.0
2026-04-12 20:45:00,1776026700000,0.2393,0.2396,0.2387,0.2391,938696.0
2026-04-12 21:00:00,1776027600000,0.2391,0.2397,0.2389,0.2391,1497783.0
2026-04-12 21:15:00,1776028500000,0.2391,0.2394,0.2391,0.2394,791549.0
2026-04-12 21:30:00,1776029400000,0.2394,0.2397,0.2386,0.2396,1837000.0
2026-04-12 21:45:00,1776030300000,0.2396,0.2398,0.2389,0.2395,564434.0
2026-04-12 22:00:00,1776031200000,0.2395,0.2395,0.2367,0.2379,7501131.0
2026-04-12 22:15:00,1776032100000,0.2379,0.2379,0.2363,0.2369,5114811.0
2026-04-12 22:30:00,1776033000000,0.2369,0.2383,0.2363,0.2377,3871067.0
2026-04-12 22:45:00,1776033900000,0.2377,0.2379,0.2374,0.2378,1675858.0
2026-04-12 23:00:00,1776034800000,0.2378,0.2378,0.2367,0.2367,2652916.0
2026-04-12 23:15:00,1776035700000,0.2367,0.237,0.2364,0.2368,1772019.0
2026-04-12 23:30:00,1776036600000,0.2368,0.2368,0.2352,0.236,9087261.0
2026-04-12 23:45:00,1776037500000,0.236,0.2364,0.2352,0.2359,1359798.0
2026-04-13 00:00:00,1776038400000,0.2359,0.237,0.2357,0.2367,2815551.0
2026-04-13 00:15:00,1776039300000,0.2367,0.2382,0.2366,0.2377,1941633.0
2026-04-13 00:30:00,1776040200000,0.2377,0.2379,0.2369,0.2373,1635515.0
2026-04-13 00:45:00,1776041100000,0.2373,0.2384,0.237,0.238,1784964.0
2026-04-13 01:00:00,1776042000000,0.238,0.2386,0.2378,0.238,1454777.0
2026-04-13 01:15:00,1776042900000,0.238,0.2382,0.2377,0.238,1208776.0
2026-04-13 01:30:00,1776043800000,0.238,0.2384,0.2377,0.2382,992256.0
2026-04-13 01:45:00,1776044700000,0.2382,0.2385,0.2381,0.2384,676035.0
2026-04-13 02:00:00,1776045600000,0.2384,0.2385,0.2366,0.2366,2543592.0
2026-04-13 02:15:00,1776046500000,0.2366,0.2381,0.2366,0.2377,940648.0
2026-04-13 02:30:00,1776047400000,0.2377,0.2381,0.2367,0.2368,3760683.0
2026-04-13 02:45:00,1776048300000,0.2368,0.237,0.2366,0.2367,790592.0
2026-04-13 03:00:00,1776049200000,0.2367,0.237,0.2364,0.2369,1024928.0
2026-04-13 03:15:00,1776050100000,0.2369,0.2376,0.2367,0.2374,1050510.0
2026-04-13 03:30:00,1776051000000,0.2374,0.238,0.2373,0.2379,1079442.0
2026-04-13 03:45:00,1776051900000,0.2379,0.2381,0.2378,0.238,720802.0
2026-04-13 04:00:00,1776052800000,0.238,0.2382,0.2378,0.2381,772885.0
2026-04-13 04:15:00,1776053700000,0.2381,0.2384,0.2377,0.2381,753205.0
2026-04-13 04:30:00,1776054600000,0.2381,0.239,0.2379,0.2385,2173312.0
2026-04-13 04:45:00,1776055500000,0.2385,0.2387,0.2369,0.2375,4989614.0
2026-04-13 05:00:00,1776056400000,0.2375,0.2376,0.237,0.2375,1088363.0
2026-04-13 05:15:00,1776057300000,0.2375,0.238,0.2372,0.2378,428209.0
2026-04-13 05:30:00,1776058200000,0.2378,0.2378,0.237,0.2373,1360049.0
2026-04-13 05:45:00,1776059100000,0.2373,0.2381,0.2372,0.2379,1906369.0
2026-04-13 06:00:00,1776060000000,0.2379,0.2388,0.2378,0.2387,1724543.0
2026-04-13 06:15:00,1776060900000,0.2387,0.2396,0.2385,0.2393,3065221.0
2026-04-13 06:30:00,1776061800000,0.2393,0.2393,0.2386,0.239,1418061.0
2026-04-13 06:45:00,1776062700000,0.239,0.2393,0.2388,0.239,1192075.0
2026-04-13 07:00:00,1776063600000,0.239,0.2393,0.2386,0.2387,1710060.0
2026-04-13 07:15:00,1776064500000,0.2387,0.2387,0.2374,0.2379,2249866.0
2026-04-13 07:30:00,1776065400000,0.2379,0.2384,0.2379,0.2381,546677.0
2026-04-13 07:45:00,1776066300000,0.2381,0.2383,0.2379,0.238,1477430.0
2026-04-13 08:00:00,1776067200000,0.238,0.2383,0.2374,0.2382,1307814.0
2026-04-13 08:15:00,1776068100000,0.2382,0.2382,0.2376,0.2377,905080.0
2026-04-13 08:30:00,1776069000000,0.2377,0.2378,0.2372,0.2375,1677662.0
2026-04-13 08:45:00,1776069900000,0.2375,0.2382,0.2375,0.2381,1212789.0
2026-04-13 09:00:00,1776070800000,0.2381,0.2394,0.238,0.2386,4248890.0
2026-04-13 09:15:00,1776071700000,0.2386,0.239,0.2384,0.2385,1011216.0
2026-04-13 09:30:00,1776072600000,0.2385,0.2387,0.2381,0.2383,566824.0
2026-04-13 09:45:00,1776073500000,0.2383,0.2384,0.238,0.2384,837499.0
2026-04-13 10:00:00,1776074400000,0.2384,0.2385,0.238,0.2382,326518.0
2026-04-13 10:15:00,1776075300000,0.2382,0.2382,0.2376,0.2378,912216.0
2026-04-13 10:30:00,1776076200000,0.2378,0.2383,0.2375,0.2379,877012.0
2026-04-13 10:45:00,1776077100000,0.2379,0.2381,0.2374,0.2375,697065.0
2026-04-13 11:00:00,1776078000000,0.2375,0.2381,0.2375,0.2378,2515538.0
2026-04-13 11:15:00,1776078900000,0.2378,0.2382,0.2377,0.2382,1706288.0
2026-04-13 11:30:00,1776079800000,0.2382,0.2384,0.2379,0.2384,739307.0
2026-04-13 11:45:00,1776080700000,0.2384,0.2386,0.238,0.238,984546.0
2026-04-13 12:00:00,1776081600000,0.238,0.2392,0.2377,0.2388,4159289.0
2026-04-13 12:15:00,1776082500000,0.2388,0.2391,0.2384,0.2384,1396691.0
2026-04-13 12:30:00,1776083400000,0.2384,0.239,0.2381,0.2387,941636.0
2026-04-13 12:45:00,1776084300000,0.2387,0.2418,0.2387,0.2409,12279822.0
2026-04-13 13:00:00,1776085200000,0.2409,0.2413,0.2401,0.2406,4355619.0
2026-04-13 13:15:00,1776086100000,0.2406,0.2406,0.2397,0.2399,3543959.0
2026-04-13 13:30:00,1776087000000,0.2399,0.2403,0.2389,0.2396,4001913.0
2026-04-13 13:45:00,1776087900000,0.2396,0.2425,0.2393,0.2424,9899611.0
2026-04-13 14:00:00,1776088800000,0.2424,0.2431,0.2405,0.241,6391057.0
2026-04-13 14:15:00,1776089700000,0.241,0.242,0.2405,0.2414,7504771.0
2026-04-13 14:30:00,1776090600000,0.2414,0.2422,0.2411,0.2419,2969552.0
2026-04-13 14:45:00,1776091500000,0.2419,0.2431,0.2411,0.2429,6047032.0
2026-04-13 15:00:00,1776092400000,0.2429,0.243,0.2403,0.2407,5768226.0
2026-04-13 15:15:00,1776093300000,0.2407,0.2409,0.2397,0.2399,1196910.0
2026-04-13 15:30:00,1776094200000,0.2399,0.2399,0.2387,0.2392,10108603.0
2026-04-13 15:45:00,1776095100000,0.2392,0.2396,0.2387,0.2392,1621795.0
2026-04-13 16:00:00,1776096000000,0.2392,0.2394,0.2376,0.2392,7283902.0
2026-04-13 16:15:00,1776096900000,0.2392,0.2402,0.2389,0.2401,3486609.0
2026-04-13 16:30:00,1776097800000,0.2401,0.2405,0.2392,0.2394,3688765.0
2026-04-13 16:45:00,1776098700000,0.2394,0.24,0.239,0.2393,2200359.0
2026-04-13 17:00:00,1776099600000,0.2393,0.2393,0.2384,0.2385,2628007.0
2026-04-13 17:15:00,1776100500000,0.2385,0.2397,0.2385,0.2397,1779054.0
2026-04-13 17:30:00,1776101400000,0.2397,0.2406,0.2392,0.2395,3501918.0
2026-04-13 17:45:00,1776102300000,0.2395,0.24,0.238,0.238,3719360.0
2026-04-13 18:00:00,1776103200000,0.238,0.2384,0.2374,0.238,2023619.0
2026-04-13 18:15:00,1776104100000,0.238,0.2388,0.2373,0.2374,2975144.0
2026-04-13 18:30:00,1776105000000,0.2374,0.2381,0.2373,0.2378,1472763.0
2026-04-13 18:45:00,1776105900000,0.2378,0.2389,0.2376,0.2389,1876940.0
2026-04-13 19:00:00,1776106800000,0.2389,0.239,0.2384,0.2384,1487830.0
2026-04-13 19:15:00,1776107700000,0.2384,0.2402,0.2384,0.24,4375264.0
2026-04-13 19:30:00,1776108600000,0.24,0.241,0.2399,0.2399,6152991.0
2026-04-13 19:45:00,1776109500000,0.2399,0.2417,0.2398,0.2413,3728717.0
2026-04-13 20:00:00,1776110400000,0.2413,0.2417,0.2401,0.2401,4000396.0
2026-04-13 20:15:00,1776111300000,0.2401,0.2403,0.2395,0.2401,2501783.0
2026-04-13 20:30:00,1776112200000,0.2401,0.2407,0.2399,0.24,1842052.0
2026-04-13 20:45:00,1776113100000,0.24,0.2401,0.2388,0.2394,8544112.0
2026-04-13 21:00:00,1776114000000,0.2394,0.2401,0.2388,0.2398,1977940.0
2026-04-13 21:15:00,1776114900000,0.2398,0.2404,0.2397,0.2401,1701986.0
2026-04-13 21:30:00,1776115800000,0.2401,0.2407,0.2401,0.2402,1779069.0
2026-04-13 21:45:00,1776116700000,0.2402,0.2406,0.2399,0.2401,966474.0
2026-04-13 22:00:00,1776117600000,0.2401,0.2426,0.24,0.242,11995858.0
2026-04-13 22:15:00,1776118500000,0.242,0.2468,0.2419,0.2461,26971072.0
2026-04-13 22:30:00,1776119400000,0.2461,0.2476,0.2457,0.2466,11274844.0
2026-04-13 22:45:00,1776120300000,0.2466,0.2483,0.2462,0.2471,8177297.0
2026-04-13 23:00:00,1776121200000,0.2471,0.2478,0.2461,0.2473,4501916.0
2026-04-13 23:15:00,1776122100000,0.2473,0.2484,0.2464,0.248,9058333.0
2026-04-13 23:30:00,1776123000000,0.248,0.2489,0.2476,0.2484,9877738.0
2026-04-13 23:45:00,1776123900000,0.2484,0.2488,0.2477,0.2486,2714335.0
2026-04-14 00:00:00,1776124800000,0.2486,0.249,0.2467,0.2469,4962321.0
2026-04-14 00:15:00,1776125700000,0.2469,0.2471,0.2453,0.2456,3817993.0
2026-04-14 00:30:00,1776126600000,0.2456,0.2467,0.2451,0.246,2933863.0
2026-04-14 00:45:00,1776127500000,0.246,0.2462,0.2447,0.2448,2999308.0
2026-04-14 01:00:00,1776128400000,0.2448,0.2454,0.2435,0.2454,3996382.0
2026-04-14 01:15:00,1776129300000,0.2454,0.2455,0.2448,0.2451,1672095.0
2026-04-14 01:30:00,1776130200000,0.2451,0.2459,0.2448,0.2457,811759.0
2026-04-14 01:45:00,1776131100000,0.2457,0.2458,0.245,0.2451,1708826.0
2026-04-14 02:00:00,1776132000000,0.2451,0.246,0.2449,0.2459,1545144.0
2026-04-14 02:15:00,1776132900000,0.2459,0.246,0.2454,0.2454,1767516.0
2026-04-14 02:30:00,1776133800000,0.2454,0.2454,0.2444,0.245,1762224.0
2026-04-14 02:45:00,1776134700000,0.245,0.2451,0.2442,0.2443,1138549.0
2026-04-14 03:00:00,1776135600000,0.2443,0.2449,0.244,0.2444,944303.0
2026-04-14 03:15:00,1776136500000,0.2444,0.2451,0.2443,0.2449,1003880.0
2026-04-14 03:30:00,1776137400000,0.2449,0.2456,0.2447,0.2449,1667554.0
2026-04-14 03:45:00,1776138300000,0.2449,0.2449,0.2444,0.2444,590189.0
2026-04-14 04:00:00,1776139200000,0.2444,0.2456,0.2443,0.2451,1477172.0
2026-04-14 04:15:00,1776140100000,0.2451,0.2453,0.2448,0.2451,987363.0
2026-04-14 04:30:00,1776141000000,0.2451,0.2454,0.2446,0.2447,672229.0
2026-04-14 04:45:00,1776141900000,0.2447,0.2447,0.2439,0.2441,1297906.0
2026-04-14 05:00:00,1776142800000,0.2441,0.2441,0.2429,0.243,2999751.0
2026-04-14 05:15:00,1776143700000,0.243,0.2435,0.2425,0.2429,3608114.0
2026-04-14 05:30:00,1776144600000,0.2429,0.2432,0.2424,0.2424,970611.0
2026-04-14 05:45:00,1776145500000,0.2424,0.2427,0.2407,0.2418,5609828.0
2026-04-14 06:00:00,1776146400000,0.2418,0.2422,0.241,0.2418,3236527.0
2026-04-14 06:15:00,1776147300000,0.2418,0.2433,0.2418,0.2429,1992823.0
2026-04-14 06:30:00,1776148200000,0.2429,0.2436,0.2427,0.2427,1146043.0
2026-04-14 06:45:00,1776149100000,0.2427,0.2436,0.2426,0.2434,1221224.0
2026-04-14 07:00:00,1776150000000,0.2434,0.2453,0.2432,0.2449,5548393.0
2026-04-14 07:15:00,1776150900000,0.2449,0.245,0.2441,0.2442,1202803.0
2026-04-14 07:30:00,1776151800000,0.2442,0.2442,0.243,0.2431,1791886.0
2026-04-14 07:45:00,1776152700000,0.2431,0.2434,0.2427,0.2433,1339818.0
2026-04-14 08:00:00,1776153600000,0.2433,0.2434,0.2422,0.2423,2033392.0
2026-04-14 08:15:00,1776154500000,0.2423,0.2431,0.2423,0.2429,2896101.0
2026-04-14 08:30:00,1776155400000,0.2429,0.2448,0.2429,0.2444,5329016.0
2026-04-14 08:45:00,1776156300000,0.2444,0.245,0.2441,0.2443,986947.0
2026-04-14 09:00:00,1776157200000,0.2443,0.2449,0.244,0.2443,2667756.0
2026-04-14 09:15:00,1776158100000,0.2443,0.2443,0.2435,0.2437,1841792.0
2026-04-14 09:30:00,1776159000000,0.2437,0.2442,0.2431,0.2433,1619966.0
2026-04-14 09:45:00,1776159900000,0.2433,0.2447,0.2432,0.2445,1869887.0
2026-04-14 10:00:00,1776160800000,0.2445,0.2449,0.2438,0.2446,1580294.0
2026-04-14 10:15:00,1776161700000,0.2446,0.2448,0.2436,0.2437,1527109.0
2026-04-14 10:30:00,1776162600000,0.2437,0.2446,0.2435,0.2438,2502859.0
2026-04-14 10:45:00,1776163500000,0.2438,0.244,0.2433,0.2434,1618400.0
2026-04-14 11:00:00,1776164400000,0.2434,0.2446,0.2432,0.2442,3641926.0
2026-04-14 11:15:00,1776165300000,0.2442,0.2442,0.243,0.243,1671531.0
2026-04-14 11:30:00,1776166200000,0.243,0.2435,0.2428,0.2431,2098517.0
2026-04-14 11:45:00,1776167100000,0.2431,0.2437,0.2429,0.2432,2863815.0
2026-04-14 12:00:00,1776168000000,0.2432,0.2436,0.2429,0.2434,1013781.0
2026-04-14 12:15:00,1776168900000,0.2434,0.244,0.2428,0.2429,3571931.0
2026-04-14 12:30:00,1776169800000,0.2429,0.2434,0.2426,0.2429,1609106.0
2026-04-14 12:45:00,1776170700000,0.2429,0.2435,0.2427,0.2434,621636.0
2026-04-14 13:00:00,1776171600000,0.2434,0.2443,0.2432,0.2434,3275832.0
2026-04-14 13:15:00,1776172500000,0.2434,0.2445,0.243,0.2436,3044908.0
2026-04-14 13:30:00,1776173400000,0.2436,0.2462,0.2436,0.246,7216152.0
2026-04-14 13:45:00,1776174300000,0.246,0.2483,0.2457,0.2482,10716775.0
2026-04-14 14:00:00,1776175200000,0.2482,0.2494,0.2462,0.2473,17147612.0
2026-04-14 14:15:00,1776176100000,0.2473,0.2478,0.2463,0.2474,5013994.0
2026-04-14 14:30:00,1776177000000,0.2474,0.2485,0.245,0.2456,8945072.0
2026-04-14 14:45:00,1776177900000,0.2456,0.2463,0.2451,0.2452,5658250.0
2026-04-14 15:00:00,1776178800000,0.2452,0.246,0.243,0.2441,10428033.0
2026-04-14 15:15:00,1776179700000,0.2441,0.2442,0.2435,0.2436,4255208.0
2026-04-14 15:30:00,1776180600000,0.2436,0.2454,0.2435,0.2449,2653789.0
2026-04-14 15:45:00,1776181500000,0.2449,0.2457,0.2441,0.2442,2167580.0
2026-04-14 16:00:00,1776182400000,0.2442,0.246,0.2441,0.2454,3690448.0
2026-04-14 16:15:00,1776183300000,0.2454,0.2456,0.2442,0.2449,1898159.0
2026-04-14 16:30:00,1776184200000,0.2449,0.2454,0.2445,0.2452,1608882.0
2026-04-14 16:45:00,1776185100000,0.2452,0.2455,0.2431,0.2438,4652236.0
2026-04-14 17:00:00,1776186000000,0.2438,0.2449,0.2435,0.2447,1634418.0
2026-04-14 17:15:00,1776186900000,0.2447,0.2454,0.244,0.244,1127194.0
2026-04-14 17:30:00,1776187800000,0.244,0.2442,0.2421,0.2429,9024119.0
2026-04-14 17:45:00,1776188700000,0.2429,0.2439,0.2428,0.2438,1827106.0
2026-04-14 18:00:00,1776189600000,0.2438,0.2447,0.2435,0.2438,2397753.0
2026-04-14 18:15:00,1776190500000,0.2438,0.2438,0.2416,0.2422,6135481.0
2026-04-14 18:30:00,1776191400000,0.2422,0.2428,0.2405,0.2417,8001726.0
2026-04-14 18:45:00,1776192300000,0.2417,0.242,0.2394,0.2404,10523112.0
2026-04-14 19:00:00,1776193200000,0.2404,0.2411,0.2402,0.2405,2801893.0
2026-04-14 19:15:00,1776194100000,0.2405,0.2409,0.2386,0.2402,6388722.0
2026-04-14 19:30:00,1776195000000,0.2402,0.2405,0.2395,0.2398,2312080.0
2026-04-14 19:45:00,1776195900000,0.2398,0.2404,0.2398,0.2402,1834418.0
2026-04-14 20:00:00,1776196800000,0.2402,0.2408,0.2399,0.2407,2729991.0
2026-04-14 20:15:00,1776197700000,0.2407,0.2408,0.2397,0.2401,1148613.0
2026-04-14 20:30:00,1776198600000,0.2401,0.2404,0.2399,0.2403,1266101.0
2026-04-14 20:45:00,1776199500000,0.2403,0.2404,0.2399,0.2401,1308418.0
2026-04-14 21:00:00,1776200400000,0.2401,0.2416,0.2401,0.2412,2962696.0
2026-04-14 21:15:00,1776201300000,0.2412,0.2412,0.2408,0.241,2195100.0
2026-04-14 21:30:00,1776202200000,0.241,0.2412,0.2402,0.2405,1322432.0
2026-04-14 21:45:00,1776203100000,0.2405,0.2407,0.24,0.2406,1004066.0
2026-04-14 22:00:00,1776204000000,0.2406,0.2412,0.24,0.241,3278776.0
2026-04-14 22:15:00,1776204900000,0.241,0.241,0.2393,0.2395,3990060.0
2026-04-14 22:30:00,1776205800000,0.2395,0.2399,0.2391,0.2391,2512149.0
2026-04-14 22:45:00,1776206700000,0.2391,0.2399,0.2391,0.2395,3043526.0
2026-04-14 23:00:00,1776207600000,0.2395,0.2396,0.2383,0.2389,5300082.0
2026-04-14 23:15:00,1776208500000,0.2389,0.2397,0.2388,0.2395,2140959.0
2026-04-14 23:30:00,1776209400000,0.2395,0.2399,0.2393,0.2397,2151399.0
2026-04-14 23:45:00,1776210300000,0.2397,0.2397,0.2391,0.2394,1845621.0
2026-04-15 00:00:00,1776211200000,0.2394,0.2405,0.2392,0.2401,3670631.0
2026-04-15 00:15:00,1776212100000,0.2401,0.2407,0.2397,0.2403,2677786.0
2026-04-15 00:30:00,1776213000000,0.2403,0.2405,0.2398,0.2404,1600316.0
2026-04-15 00:45:00,1776213900000,0.2404,0.2406,0.2398,0.2402,1318287.0
2026-04-15 01:00:00,1776214800000,0.2402,0.241,0.2401,0.2407,2745340.0
2026-04-15 01:15:00,1776215700000,0.2407,0.2408,0.2402,0.2404,967509.0
2026-04-15 01:30:00,1776216600000,0.2404,0.2405,0.2397,0.2403,1958564.0
2026-04-15 01:45:00,1776217500000,0.2403,0.2409,0.2402,0.2405,806486.0
2026-04-15 02:00:00,1776218400000,0.2405,0.2411,0.2405,0.241,2381866.0
2026-04-15 02:15:00,1776219300000,0.241,0.2411,0.2399,0.2399,1499890.0
2026-04-15 02:30:00,1776220200000,0.2399,0.24,0.2388,0.2392,4525598.0
2026-04-15 02:45:00,1776221100000,0.2392,0.2395,0.2388,0.2394,1762393.0
2026-04-15 03:00:00,1776222000000,0.2394,0.2395,0.2388,0.2389,3201987.0
2026-04-15 03:15:00,1776222900000,0.2389,0.2396,0.2388,0.2396,990375.0
2026-04-15 03:30:00,1776223800000,0.2396,0.2399,0.2393,0.2395,838693.0
2026-04-15 03:45:00,1776224700000,0.2395,0.2396,0.2393,0.2395,1131757.0
2026-04-15 04:00:00,1776225600000,0.2395,0.2402,0.2393,0.2398,1035391.0
2026-04-15 04:15:00,1776226500000,0.2398,0.2401,0.2397,0.2397,998670.0
2026-04-15 04:30:00,1776227400000,0.2397,0.2399,0.2393,0.2397,1965197.0
2026-04-15 04:45:00,1776228300000,0.2397,0.2408,0.2395,0.2407,3744081.0
2026-04-15 05:00:00,1776229200000,0.2407,0.2418,0.2404,0.2404,5800216.0
2026-04-15 05:15:00,1776230100000,0.2404,0.2406,0.2398,0.2401,1517916.0
2026-04-15 05:30:00,1776231000000,0.2401,0.2401,0.239,0.2394,3611809.0
2026-04-15 05:45:00,1776231900000,0.2394,0.2398,0.2391,0.2397,2289263.0
2026-04-15 06:00:00,1776232800000,0.2397,0.2398,0.2388,0.2391,2316685.0
2026-04-15 06:15:00,1776233700000,0.2391,0.2392,0.2388,0.239,1157416.0
2026-04-15 06:30:00,1776234600000,0.239,0.2393,0.2388,0.2392,1288260.0
2026-04-15 06:45:00,1776235500000,0.2392,0.2392,0.2379,0.2385,2488534.0
2026-04-15 07:00:00,1776236400000,0.2385,0.2396,0.2384,0.2392,2767691.0
2026-04-15 07:15:00,1776237300000,0.2392,0.2392,0.238,0.2387,2614951.0
2026-04-15 07:30:00,1776238200000,0.2387,0.2389,0.2383,0.2385,2593294.0
2026-04-15 07:45:00,1776239100000,0.2385,0.2385,0.2378,0.2381,2744751.0
2026-04-15 08:00:00,1776240000000,0.2381,0.2393,0.2381,0.2392,3209816.0
2026-04-15 08:15:00,1776240900000,0.2392,0.2403,0.239,0.24,3159023.0
2026-04-15 08:30:00,1776241800000,0.24,0.2406,0.2396,0.2396,1740107.0
2026-04-15 08:45:00,1776242700000,0.2396,0.24,0.2394,0.2399,980599.0
2026-04-15 09:00:00,1776243600000,0.2399,0.2402,0.2393,0.2397,1352001.0
2026-04-15 09:15:00,1776244500000,0.2397,0.2401,0.2394,0.2396,1005621.0
2026-04-15 09:30:00,1776245400000,0.2396,0.24,0.2393,0.2395,1009659.0
2026-04-15 09:45:00,1776246300000,0.2395,0.2397,0.2393,0.2397,444234.0
2026-04-15 10:00:00,1776247200000,0.2397,0.2407,0.2395,0.2402,1771261.0
2026-04-15 10:15:00,1776248100000,0.2402,0.2403,0.239,0.239,1993704.0
2026-04-15 10:30:00,1776249000000,0.239,0.24,0.2386,0.24,2167494.0
2026-04-15 10:45:00,1776249900000,0.24,0.2409,0.2394,0.2396,4161215.0
2026-04-15 11:00:00,1776250800000,0.2396,0.2411,0.2396,0.2405,3528725.0
2026-04-15 11:15:00,1776251700000,0.2405,0.2408,0.2403,0.2403,686848.0
2026-04-15 11:30:00,1776252600000,0.2403,0.2408,0.2402,0.2407,2045507.0
2026-04-15 11:45:00,1776253500000,0.2407,0.2425,0.2406,0.2415,10850114.0
2026-04-15 12:00:00,1776254400000,0.2415,0.2419,0.2408,0.2414,2275998.0
2026-04-15 12:15:00,1776255300000,0.2414,0.2418,0.2409,0.2415,958317.0
2026-04-15 12:30:00,1776256200000,0.2415,0.2424,0.2414,0.2421,2972543.0
2026-04-15 12:45:00,1776257100000,0.2421,0.2422,0.2418,0.2418,2328220.0
2026-04-15 13:00:00,1776258000000,0.2418,0.2419,0.2409,0.2417,2369761.0
2026-04-15 13:15:00,1776258900000,0.2417,0.2427,0.2416,0.2421,1400031.0
2026-04-15 13:30:00,1776259800000,0.2421,0.2423,0.2403,0.2407,8145481.0
2026-04-15 13:45:00,1776260700000,0.2407,0.2414,0.2402,0.241,2467408.0
2026-04-15 14:00:00,1776261600000,0.241,0.241,0.2397,0.2406,5184994.0
2026-04-15 14:15:00,1776262500000,0.2406,0.2424,0.2403,0.242,3703024.0
2026-04-15 14:30:00,1776263400000,0.242,0.2424,0.2412,0.2416,2839673.0
2026-04-15 14:45:00,1776264300000,0.2416,0.2437,0.2415,0.2433,16589058.0
2026-04-15 15:00:00,1776265200000,0.2433,0.2438,0.242,0.2435,4297524.0
2026-04-15 15:15:00,1776266100000,0.2435,0.2436,0.242,0.2426,3435351.0
2026-04-15 15:30:00,1776267000000,0.2426,0.2426,0.2412,0.2418,4330352.0
2026-04-15 15:45:00,1776267900000,0.2418,0.2428,0.2417,0.2425,1608955.0
2026-04-15 16:00:00,1776268800000,0.2425,0.2446,0.2423,0.2446,4692334.0
2026-04-15 16:15:00,1776269700000,0.2446,0.2453,0.2443,0.2448,5094806.0
2026-04-15 16:30:00,1776270600000,0.2448,0.246,0.2447,0.2455,6158605.0
2026-04-15 16:45:00,1776271500000,0.2455,0.2459,0.2448,0.2452,2940119.0
2026-04-15 17:00:00,1776272400000,0.2452,0.2465,0.2451,0.2458,3092003.0
2026-04-15 17:15:00,1776273300000,0.2458,0.2466,0.245,0.2458,3966593.0
2026-04-15 17:30:00,1776274200000,0.2458,0.2463,0.2443,0.2447,3065078.0
2026-04-15 17:45:00,1776275100000,0.2447,0.2457,0.2445,0.2454,2945001.0
2026-04-15 18:00:00,1776276000000,0.2454,0.2464,0.2451,0.2462,2600073.0
2026-04-15 18:15:00,1776276900000,0.2462,0.2465,0.245,0.245,2848240.0
2026-04-15 18:30:00,1776277800000,0.245,0.2455,0.2449,0.2452,2881920.0
2026-04-15 18:45:00,1776278700000,0.2452,0.2463,0.245,0.2462,2832703.0
2026-04-15 19:00:00,1776279600000,0.2462,0.2476,0.2459,0.2471,5557736.0
2026-04-15 19:15:00,1776280500000,0.2471,0.2473,0.2459,0.2465,2488223.0
2026-04-15 19:30:00,1776281400000,0.2465,0.2504,0.2462,0.2496,23095163.0
2026-04-15 19:45:00,1776282300000,0.2496,0.25,0.2483,0.2489,6428820.0
2026-04-15 20:00:00,1776283200000,0.2489,0.2491,0.2474,0.248,8163545.0
2026-04-15 20:15:00,1776284100000,0.248,0.2481,0.2471,0.2475,3837756.0
2026-04-15 20:30:00,1776285000000,0.2475,0.2491,0.2471,0.2472,4681633.0
2026-04-15 20:45:00,1776285900000,0.2472,0.2478,0.2471,0.2475,1660192.0
2026-04-15 21:00:00,1776286800000,0.2475,0.2478,0.247,0.2471,2350472.0
2026-04-15 21:15:00,1776287700000,0.2471,0.2472,0.2464,0.247,1926884.0
2026-04-15 21:30:00,1776288600000,0.247,0.2481,0.2469,0.2474,2178817.0
2026-04-15 21:45:00,1776289500000,0.2474,0.2485,0.2473,0.2481,1863091.0
2026-04-15 22:00:00,1776290400000,0.2481,0.2498,0.2477,0.2494,3353091.0
2026-04-15 22:15:00,1776291300000,0.2494,0.2494,0.2475,0.2477,2789769.0
2026-04-15 22:30:00,1776292200000,0.2477,0.2498,0.2475,0.2482,3415358.0
2026-04-15 22:45:00,1776293100000,0.2482,0.2487,0.2471,0.2471,2888077.0
2026-04-15 23:00:00,1776294000000,0.2471,0.2471,0.2462,0.2466,3941311.0
2026-04-15 23:15:00,1776294900000,0.2466,0.2466,0.2457,0.2463,5474385.0
2026-04-15 23:30:00,1776295800000,0.2463,0.2463,0.2446,0.2451,12542734.0
2026-04-15 23:45:00,1776296700000,0.2451,0.2461,0.2451,0.2458,1769383.0
2026-04-16 00:00:00,1776297600000,0.2458,0.2465,0.2449,0.2449,2410059.0
2026-04-16 00:15:00,1776298500000,0.2449,0.2452,0.2443,0.2447,2625419.0
2026-04-16 00:30:00,1776299400000,0.2447,0.2456,0.2447,0.2451,2774283.0
2026-04-16 00:45:00,1776300300000,0.2451,0.2459,0.2448,0.2453,1549888.0
2026-04-16 01:00:00,1776301200000,0.2453,0.2453,0.2436,0.2445,3305909.0
2026-04-16 01:15:00,1776302100000,0.2445,0.2452,0.2443,0.2448,656716.0
2026-04-16 01:30:00,1776303000000,0.2448,0.2458,0.2445,0.2457,2175643.0
2026-04-16 01:45:00,1776303900000,0.2457,0.2459,0.2448,0.2454,1039838.0
2026-04-16 02:00:00,1776304800000,0.2454,0.2467,0.2454,0.2461,2136980.0
2026-04-16 02:15:00,1776305700000,0.2461,0.2474,0.2458,0.2472,2803792.0
2026-04-16 02:30:00,1776306600000,0.2472,0.2489,0.2472,0.2487,5098820.0
2026-04-16 02:45:00,1776307500000,0.2487,0.2493,0.2474,0.2482,2204231.0
2026-04-16 03:00:00,1776308400000,0.2482,0.2491,0.248,0.2483,2181441.0
2026-04-16 03:15:00,1776309300000,0.2483,0.2489,0.2481,0.2484,1092486.0
2026-04-16 03:30:00,1776310200000,0.2484,0.2485,0.2477,0.2484,1424944.0
2026-04-16 03:45:00,1776311100000,0.2484,0.2499,0.2481,0.2491,4844538.0
2026-04-16 04:00:00,1776312000000,0.2491,0.2509,0.2486,0.25,5129286.0
2026-04-16 04:15:00,1776312900000,0.25,0.2512,0.2498,0.2501,4702922.0
2026-04-16 04:30:00,1776313800000,0.2501,0.2511,0.2496,0.2508,2291873.0
2026-04-16 04:45:00,1776314700000,0.2508,0.2509,0.2489,0.2499,3645876.0
2026-04-16 05:00:00,1776315600000,0.2499,0.2503,0.249,0.2493,3209518.0
2026-04-16 05:15:00,1776316500000,0.2493,0.2503,0.2489,0.2498,1845319.0
2026-04-16 05:30:00,1776317400000,0.2498,0.2502,0.2492,0.2497,2155010.0
2026-04-16 05:45:00,1776318300000,0.2497,0.2501,0.2494,0.2497,1777766.0
2026-04-16 06:00:00,1776319200000,0.2497,0.2506,0.2497,0.25,1339201.0
2026-04-16 06:15:00,1776320100000,0.25,0.2502,0.2492,0.2493,1478039.0
2026-04-16 06:30:00,1776321000000,0.2493,0.2496,0.2483,0.249,1729257.0
2026-04-16 06:45:00,1776321900000,0.249,0.2504,0.249,0.2504,1748126.0
2026-04-16 07:00:00,1776322800000,0.2504,0.2513,0.25,0.2507,2993003.0
2026-04-16 07:15:00,1776323700000,0.2507,0.2517,0.2501,0.2504,3135619.0
2026-04-16 07:30:00,1776324600000,0.2504,0.2506,0.2498,0.2505,3125774.0
2026-04-16 07:45:00,1776325500000,0.2505,0.2507,0.2492,0.2499,3403729.0
2026-04-16 08:00:00,1776326400000,0.2499,0.2506,0.2492,0.2493,4670099.0
2026-04-16 08:15:00,1776327300000,0.2493,0.2504,0.2493,0.2498,2322307.0
2026-04-16 08:30:00,1776328200000,0.2498,0.2498,0.2482,0.2487,5701692.0
2026-04-16 08:45:00,1776329100000,0.2487,0.2491,0.2483,0.2484,1657714.0
2026-04-16 09:00:00,1776330000000,0.2484,0.2493,0.2479,0.2492,3031001.0
2026-04-16 09:15:00,1776330900000,0.2492,0.2506,0.2492,0.2498,3400519.0
2026-04-16 09:30:00,1776331800000,0.2498,0.25,0.2491,0.2491,1634615.0
2026-04-16 09:45:00,1776332700000,0.2491,0.2495,0.2486,0.2487,1659424.0
2026-04-16 10:00:00,1776333600000,0.2487,0.2489,0.2474,0.2478,5035458.0
2026-04-16 10:15:00,1776334500000,0.2478,0.248,0.2469,0.2477,3155495.0
2026-04-16 10:30:00,1776335400000,0.2477,0.2486,0.2477,0.2483,1983745.0
2026-04-16 10:45:00,1776336300000,0.2483,0.2483,0.2474,0.2478,2293724.0
2026-04-16 11:00:00,1776337200000,0.2478,0.2478,0.2468,0.2471,1616533.0
2026-04-16 11:15:00,1776338100000,0.2471,0.2478,0.2469,0.2477,1690067.0
2026-04-16 11:30:00,1776339000000,0.2477,0.2488,0.2475,0.248,3155143.0
2026-04-16 11:45:00,1776339900000,0.248,0.2486,0.2479,0.2484,972399.0
2026-04-16 12:00:00,1776340800000,0.2484,0.2506,0.2481,0.2499,5381128.0
2026-04-16 12:15:00,1776341700000,0.2499,0.2501,0.2489,0.249,2250508.0
2026-04-16 12:30:00,1776342600000,0.249,0.2499,0.2486,0.2498,2379797.0
2026-04-16 12:45:00,1776343500000,0.2498,0.2505,0.2496,0.2504,1706736.0
2026-04-16 13:00:00,1776344400000,0.2504,0.2529,0.2501,0.2527,8283931.0
2026-04-16 13:15:00,1776345300000,0.2527,0.2545,0.2526,0.2539,12528901.0
2026-04-16 13:30:00,1776346200000,0.2539,0.2544,0.2522,0.2533,13618063.0
2026-04-16 13:45:00,1776347100000,0.2533,0.2534,0.2469,0.2492,22489694.0
2026-04-16 14:00:00,1776348000000,0.2492,0.2494,0.2475,0.2479,8248926.0
2026-04-16 14:15:00,1776348900000,0.2479,0.2481,0.2451,0.2465,17717672.0
2026-04-16 14:30:00,1776349800000,0.2465,0.2476,0.2464,0.2473,7001360.0
2026-04-16 14:45:00,1776350700000,0.2473,0.2488,0.2472,0.2477,4573877.0
2026-04-16 15:00:00,1776351600000,0.2477,0.2508,0.2474,0.2501,8198093.0
2026-04-16 15:15:00,1776352500000,0.2501,0.2507,0.249,0.2492,5758612.0
2026-04-16 15:30:00,1776353400000,0.2492,0.2529,0.2491,0.2524,10283811.0
2026-04-16 15:45:00,1776354300000,0.2524,0.2536,0.2518,0.2532,5826242.0
2026-04-16 16:00:00,1776355200000,0.2532,0.2552,0.2531,0.2538,8095449.0
2026-04-16 16:15:00,1776356100000,0.2538,0.2551,0.2533,0.2537,5411476.0
2026-04-16 16:30:00,1776357000000,0.2537,0.2543,0.2516,0.2521,12631535.0
2026-04-16 16:45:00,1776357900000,0.2521,0.2528,0.2505,0.2516,6765414.0
2026-04-16 17:00:00,1776358800000,0.2516,0.2522,0.2509,0.2509,3270644.0
2026-04-16 17:15:00,1776359700000,0.2509,0.2528,0.2506,0.2526,6703553.0
2026-04-16 17:30:00,1776360600000,0.2526,0.2534,0.252,0.2531,3943511.0
2026-04-16 17:45:00,1776361500000,0.2531,0.2535,0.2523,0.2531,5060972.0
2026-04-16 18:00:00,1776362400000,0.2531,0.2546,0.253,0.2546,5309791.0
2026-04-16 18:15:00,1776363300000,0.2546,0.2555,0.2541,0.2547,7109780.0
2026-04-16 18:30:00,1776364200000,0.2547,0.2581,0.2547,0.2575,13657417.0
2026-04-16 18:45:00,1776365100000,0.2575,0.2601,0.2575,0.2588,15021695.0
2026-04-16 19:00:00,1776366000000,0.2588,0.2596,0.258,0.2582,21450144.0
2026-04-16 19:15:00,1776366900000,0.2582,0.2594,0.258,0.2585,4429954.0
2026-04-16 19:30:00,1776367800000,0.2585,0.2599,0.258,0.2596,4103551.0
2026-04-16 19:45:00,1776368700000,0.2596,0.2606,0.2591,0.2602,6857954.0
2026-04-16 20:00:00,1776369600000,0.2602,0.2613,0.2586,0.2597,8030346.0
2026-04-16 20:15:00,1776370500000,0.2597,0.2598,0.2582,0.2591,3124737.0
2026-04-16 20:30:00,1776371400000,0.2591,0.2591,0.2565,0.2568,5376492.0
2026-04-16 20:45:00,1776372300000,0.2568,0.2578,0.2565,0.2576,2140731.0
2026-04-16 21:00:00,1776373200000,0.2576,0.2588,0.2576,0.2583,3666751.0
2026-04-16 21:15:00,1776374100000,0.2583,0.2593,0.2567,0.2576,3970314.0
2026-04-16 21:30:00,1776375000000,0.2576,0.2586,0.2571,0.2583,3039007.0
2026-04-16 21:45:00,1776375900000,0.2583,0.2588,0.2579,0.2583,2125439.0
2026-04-16 22:00:00,1776376800000,0.2583,0.2597,0.2582,0.2587,2330737.0
2026-04-16 22:15:00,1776377700000,0.2587,0.2593,0.2581,0.2588,1226629.0
2026-04-16 22:30:00,1776378600000,0.2588,0.259,0.2579,0.2585,3290639.0
2026-04-16 22:45:00,1776379500000,0.2585,0.2592,0.2582,0.2583,1425499.0
2026-04-16 23:00:00,1776380400000,0.2583,0.2591,0.2579,0.2584,1893746.0
2026-04-16 23:15:00,1776381300000,0.2584,0.2597,0.2581,0.2592,1715407.0
2026-04-16 23:30:00,1776382200000,0.2592,0.2602,0.2589,0.2598,3499482.0
2026-04-16 23:45:00,1776383100000,0.2598,0.26,0.2589,0.259,957756.0
2026-04-17 00:00:00,1776384000000,0.259,0.2597,0.2582,0.2587,3316567.0
2026-04-17 00:15:00,1776384900000,0.2587,0.2594,0.258,0.2582,3393049.0
2026-04-17 00:30:00,1776385800000,0.2582,0.2585,0.2576,0.258,1938241.0
2026-04-17 00:45:00,1776386700000,0.258,0.2583,0.2578,0.258,1294479.0
2026-04-17 01:00:00,1776387600000,0.258,0.2589,0.2578,0.2581,1443357.0
2026-04-17 01:15:00,1776388500000,0.2581,0.2586,0.2564,0.2568,6195864.0
2026-04-17 01:30:00,1776389400000,0.2568,0.2571,0.2556,0.2562,3464391.0
2026-04-17 01:45:00,1776390300000,0.2562,0.2564,0.2549,0.2559,3645433.0
2026-04-17 02:00:00,1776391200000,0.2559,0.2563,0.2551,0.2557,1383752.0
2026-04-17 02:15:00,1776392100000,0.2557,0.2558,0.2539,0.2541,6125660.0
2026-04-17 02:30:00,1776393000000,0.2541,0.2553,0.2538,0.255,2913998.0
2026-04-17 02:45:00,1776393900000,0.255,0.2554,0.2545,0.2549,3488359.0
2026-04-17 03:00:00,1776394800000,0.2549,0.255,0.2539,0.2547,1926639.0
2026-04-17 03:15:00,1776395700000,0.2547,0.255,0.2543,0.2544,1854122.0
2026-04-17 03:30:00,1776396600000,0.2544,0.2557,0.2544,0.2553,1934596.0
2026-04-17 03:45:00,1776397500000,0.2553,0.2555,0.2548,0.2549,970991.0
2026-04-17 04:00:00,1776398400000,0.2549,0.2551,0.2541,0.2542,1560974.0
2026-04-17 04:15:00,1776399300000,0.2542,0.2551,0.2542,0.2544,1119719.0
2026-04-17 04:30:00,1776400200000,0.2544,0.2551,0.2542,0.2545,2490804.0
2026-04-17 04:45:00,1776401100000,0.2545,0.2548,0.2537,0.2538,4035938.0
2026-04-17 05:00:00,1776402000000,0.2538,0.254,0.2522,0.2527,4776186.0
2026-04-17 05:15:00,1776402900000,0.2527,0.2535,0.2526,0.2529,1578738.0
2026-04-17 05:30:00,1776403800000,0.2529,0.253,0.2524,0.2525,1673008.0
2026-04-17 05:45:00,1776404700000,0.2525,0.2531,0.2519,0.2521,1350725.0
2026-04-17 06:00:00,1776405600000,0.2521,0.2527,0.2518,0.2523,1799806.0
2026-04-17 06:15:00,1776406500000,0.2523,0.2532,0.2523,0.2529,1378125.0
2026-04-17 06:30:00,1776407400000,0.2529,0.2542,0.2527,0.2542,3095860.0
2026-04-17 06:45:00,1776408300000,0.2542,0.2549,0.2538,0.2547,2979690.0
2026-04-17 07:00:00,1776409200000,0.2547,0.256,0.2546,0.2556,5285747.0
2026-04-17 07:15:00,1776410100000,0.2556,0.2556,0.2548,0.255,2383606.0
2026-04-17 07:30:00,1776411000000,0.255,0.2563,0.2549,0.2561,3625072.0
2026-04-17 07:45:00,1776411900000,0.2561,0.2562,0.2553,0.2562,3952836.0
2026-04-17 08:00:00,1776412800000,0.2562,0.2566,0.2557,0.2561,2652751.0
2026-04-17 08:15:00,1776413700000,0.2561,0.257,0.2559,0.2565,14057257.0
2026-04-17 08:30:00,1776414600000,0.2565,0.2578,0.2563,0.2568,2307584.0
2026-04-17 08:45:00,1776415500000,0.2568,0.2582,0.2564,0.2572,3546314.0
2026-04-17 09:00:00,1776416400000,0.2572,0.2573,0.256,0.2569,3314649.0
2026-04-17 09:15:00,1776417300000,0.2569,0.2598,0.2563,0.2594,7864535.0
2026-04-17 09:30:00,1776418200000,0.2594,0.2595,0.2568,0.2578,4738775.0
2026-04-17 09:45:00,1776419100000,0.2578,0.2586,0.2574,0.2583,1997768.0
2026-04-17 10:00:00,1776420000000,0.2583,0.2585,0.2564,0.2567,3702775.0
2026-04-17 10:15:00,1776420900000,0.2567,0.2572,0.2554,0.2556,5983504.0
2026-04-17 10:30:00,1776421800000,0.2556,0.2558,0.2545,0.2546,6822673.0
2026-04-17 10:45:00,1776422700000,0.2546,0.255,0.2541,0.255,1823006.0
2026-04-17 11:00:00,1776423600000,0.255,0.2556,0.2548,0.2555,2091544.0
2026-04-17 11:15:00,1776424500000,0.2555,0.2572,0.2554,0.2571,3291147.0
2026-04-17 11:30:00,1776425400000,0.2571,0.258,0.257,0.257,4579431.0
2026-04-17 11:45:00,1776426300000,0.257,0.2581,0.257,0.2573,1231823.0
2026-04-17 12:00:00,1776427200000,0.2573,0.2584,0.2565,0.258,2282284.0
2026-04-17 12:15:00,1776428100000,0.258,0.2587,0.257,0.2578,2730676.0
2026-04-17 12:30:00,1776429000000,0.2578,0.2585,0.2577,0.2584,1708016.0
2026-04-17 12:45:00,1776429900000,0.2584,0.2608,0.2582,0.2603,9187800.0
2026-04-17 13:00:00,1776430800000,0.2603,0.2632,0.2595,0.263,12607048.0
2026-04-17 13:15:00,1776431700000,0.263,0.2647,0.262,0.263,17320216.0
2026-04-17 13:30:00,1776432600000,0.263,0.2646,0.2614,0.2643,14794247.0
2026-04-17 13:45:00,1776433500000,0.2643,0.2656,0.2627,0.2651,9281021.0
2026-04-17 14:00:00,1776434400000,0.2651,0.2661,0.2647,0.2654,7489938.0
2026-04-17 14:15:00,1776435300000,0.2654,0.2658,0.2643,0.2644,6282904.0
2026-04-17 14:30:00,1776436200000,0.2644,0.2679,0.2644,0.2666,10802293.0
2026-04-17 14:45:00,1776437100000,0.2666,0.2668,0.2654,0.2661,4921291.0
2026-04-17 15:00:00,1776438000000,0.2661,0.2663,0.264,0.2654,5839474.0
2026-04-17 15:15:00,1776438900000,0.2654,0.2662,0.264,0.2645,4593153.0
2026-04-17 15:30:00,1776439800000,0.2645,0.2646,0.2622,0.2625,5807857.0
2026-04-17 15:45:00,1776440700000,0.2625,0.2637,0.2622,0.2634,7857511.0
2026-04-17 16:00:00,1776441600000,0.2634,0.2646,0.2633,0.2637,3782996.0
2026-04-17 16:15:00,1776442500000,0.2637,0.2657,0.2635,0.2647,6516469.0
2026-04-17 16:30:00,1776443400000,0.2647,0.2657,0.2643,0.2649,3169612.0
2026-04-17 16:45:00,1776444300000,0.2649,0.2661,0.2649,0.266,3108545.0
2026-04-17 17:00:00,1776445200000,0.266,0.2661,0.2633,0.2644,11783997.0
2026-04-17 17:15:00,1776446100000,0.2644,0.2653,0.2616,0.2625,8364551.0
2026-04-17 17:30:00,1776447000000,0.2625,0.2637,0.2625,0.2635,4222608.0
2026-04-17 17:45:00,1776447900000,0.2635,0.2644,0.2631,0.2635,3356986.0
2026-04-17 18:00:00,1776448800000,0.2635,0.2639,0.2606,0.2609,6293142.0
2026-04-17 18:15:00,1776449700000,0.2609,0.2622,0.2608,0.2611,3384229.0
2026-04-17 18:30:00,1776450600000,0.2611,0.2621,0.2606,0.2621,1335420.0
2026-04-17 18:45:00,1776451500000,0.2621,0.2621,0.2607,0.2611,1147112.0
2026-04-17 19:00:00,1776452400000,0.2611,0.2614,0.2603,0.2613,2329475.0
2026-04-17 19:15:00,1776453300000,0.2613,0.2625,0.2612,0.2612,1090023.0
2026-04-17 19:30:00,1776454200000,0.2612,0.2619,0.2612,0.2613,666312.0
2026-04-17 19:45:00,1776455100000,0.2613,0.2613,0.2605,0.261,1999862.0
2026-04-17 20:00:00,1776456000000,0.261,0.2615,0.2607,0.261,1475289.0
2026-04-17 20:15:00,1776456900000,0.261,0.2613,0.2603,0.2607,1680994.0
2026-04-17 20:30:00,1776457800000,0.2607,0.2609,0.2589,0.2592,7754435.0
2026-04-17 20:45:00,1776458700000,0.2592,0.2604,0.259,0.2603,1500915.0
2026-04-17 21:00:00,1776459600000,0.2603,0.2614,0.2602,0.2604,2176135.0
2026-04-17 21:15:00,1776460500000,0.2604,0.2614,0.2603,0.2603,918235.0
2026-04-17 21:30:00,1776461400000,0.2603,0.2605,0.2591,0.2602,1810585.0
2026-04-17 21:45:00,1776462300000,0.2602,0.2606,0.2599,0.2603,786018.0
2026-04-17 22:00:00,1776463200000,0.2603,0.2612,0.2599,0.2605,2385040.0
2026-04-17 22:15:00,1776464100000,0.2605,0.2609,0.2598,0.2607,1542996.0
2026-04-17 22:30:00,1776465000000,0.2607,0.2619,0.2605,0.2615,3911044.0
2026-04-17 22:45:00,1776465900000,0.2615,0.2617,0.2605,0.2605,670994.0
2026-04-17 23:00:00,1776466800000,0.2605,0.2606,0.2595,0.2596,1839644.0
2026-04-17 23:15:00,1776467700000,0.2596,0.2597,0.2571,0.2584,6905749.0
2026-04-17 23:30:00,1776468600000,0.2584,0.2588,0.2578,0.258,1326651.0
2026-04-17 23:45:00,1776469500000,0.258,0.2588,0.258,0.2585,1174895.0
2026-04-18 00:00:00,1776470400000,0.2585,0.2593,0.2575,0.2579,2390972.0
2026-04-18 00:15:00,1776471300000,0.2579,0.2585,0.2576,0.2582,1642897.0
2026-04-18 00:30:00,1776472200000,0.2582,0.2586,0.2569,0.2572,2873880.0
2026-04-18 00:45:00,1776473100000,0.2572,0.2585,0.2571,0.2581,1564571.0
2026-04-18 01:00:00,1776474000000,0.2581,0.2592,0.2577,0.2591,2706174.0
2026-04-18 01:15:00,1776474900000,0.2591,0.2593,0.2584,0.2585,2212460.0
2026-04-18 01:30:00,1776475800000,0.2585,0.2587,0.257,0.2571,2143072.0
2026-04-18 01:45:00,1776476700000,0.2571,0.2576,0.2567,0.2573,1478906.0
2026-04-18 02:00:00,1776477600000,0.2573,0.2574,0.2563,0.2571,1399112.0
2026-04-18 02:15:00,1776478500000,0.2571,0.2585,0.2571,0.2582,2785740.0
2026-04-18 02:30:00,1776479400000,0.2582,0.2588,0.2576,0.2585,1112071.0
2026-04-18 02:45:00,1776480300000,0.2585,0.2585,0.2574,0.2577,1337859.0
2026-04-18 03:00:00,1776481200000,0.2577,0.2577,0.2569,0.2572,890909.0
2026-04-18 03:15:00,1776482100000,0.2572,0.2577,0.2571,0.2571,510181.0
2026-04-18 03:30:00,1776483000000,0.2571,0.2576,0.2569,0.2574,837753.0
2026-04-18 03:45:00,1776483900000,0.2574,0.2581,0.2559,0.2568,5039353.0
2026-04-18 04:00:00,1776484800000,0.2568,0.2575,0.2563,0.2573,1169775.0
2026-04-18 04:15:00,1776485700000,0.2573,0.2574,0.2562,0.2562,1151303.0
2026-04-18 04:30:00,1776486600000,0.2562,0.2569,0.2556,0.2563,1169193.0
2026-04-18 04:45:00,1776487500000,0.2563,0.2574,0.2563,0.257,731727.0
2026-04-18 05:00:00,1776488400000,0.257,0.2582,0.2569,0.2581,1784709.0
2026-04-18 05:15:00,1776489300000,0.2581,0.2581,0.2574,0.2574,848308.0
2026-04-18 05:30:00,1776490200000,0.2574,0.2575,0.2566,0.2574,3158976.0
2026-04-18 05:45:00,1776491100000,0.2574,0.2577,0.2573,0.2577,732374.0
2026-04-18 06:00:00,1776492000000,0.2577,0.2582,0.2576,0.2577,1967044.0
2026-04-18 06:15:00,1776492900000,0.2577,0.2577,0.2569,0.2576,1580894.0
2026-04-18 06:30:00,1776493800000,0.2576,0.2583,0.2576,0.2583,1450206.0
2026-04-18 06:45:00,1776494700000,0.2583,0.2583,0.2573,0.2574,558635.0
2026-04-18 07:00:00,1776495600000,0.2574,0.2579,0.2571,0.2578,1265978.0
2026-04-18 07:15:00,1776496500000,0.2578,0.2582,0.2576,0.2581,652667.0
2026-04-18 07:30:00,1776497400000,0.2581,0.2586,0.2579,0.2586,1977240.0
2026-04-18 07:45:00,1776498300000,0.2586,0.2588,0.2582,0.2585,1900438.0
2026-04-18 08:00:00,1776499200000,0.2585,0.2586,0.2573,0.2573,2833651.0
2026-04-18 08:15:00,1776500100000,0.2573,0.2573,0.2551,0.2554,7949613.0
2026-04-18 08:30:00,1776501000000,0.2554,0.2559,0.2535,0.2543,9956689.0
2026-04-18 08:45:00,1776501900000,0.2543,0.2557,0.2541,0.2554,2929543.0
2026-04-18 09:00:00,1776502800000,0.2554,0.2555,0.2537,0.2542,2690683.0
2026-04-18 09:15:00,1776503700000,0.2542,0.2547,0.2534,0.2546,2637920.0
2026-04-18 09:30:00,1776504600000,0.2546,0.2551,0.2544,0.2544,2660168.0
2026-04-18 09:45:00,1776505500000,0.2544,0.2547,0.254,0.2541,1517141.0
2026-04-18 10:00:00,1776506400000,0.2541,0.2542,0.2515,0.2523,10322570.0
2026-04-18 10:15:00,1776507300000,0.2523,0.2528,0.252,0.2527,2159100.0
2026-04-18 10:30:00,1776508200000,0.2527,0.2532,0.2521,0.2526,1093629.0
2026-04-18 10:45:00,1776509100000,0.2526,0.2531,0.2518,0.2524,4669159.0
2026-04-18 11:00:00,1776510000000,0.2524,0.2524,0.2509,0.2511,4165069.0
2026-04-18 11:15:00,1776510900000,0.2511,0.252,0.2511,0.2518,1932583.0
2026-04-18 11:30:00,1776511800000,0.2518,0.252,0.2495,0.25,7727391.0
2026-04-18 11:45:00,1776512700000,0.25,0.2513,0.2494,0.2509,3854337.0
2026-04-18 12:00:00,1776513600000,0.2509,0.2517,0.2505,0.2515,4173580.0
2026-04-18 12:15:00,1776514500000,0.2515,0.2517,0.251,0.251,1794292.0
2026-04-18 12:30:00,1776515400000,0.251,0.2513,0.2501,0.2509,2216459.0
2026-04-18 12:45:00,1776516300000,0.2509,0.2517,0.2506,0.2515,3121503.0
2026-04-18 13:00:00,1776517200000,0.2515,0.2516,0.2509,0.251,2424418.0
2026-04-18 13:15:00,1776518100000,0.251,0.2513,0.2502,0.2504,2035440.0
2026-04-18 13:30:00,1776519000000,0.2504,0.2505,0.2495,0.25,3331672.0
2026-04-18 13:45:00,1776519900000,0.25,0.2512,0.25,0.2509,3181064.0
2026-04-18 14:00:00,1776520800000,0.2509,0.2511,0.2505,0.251,1327932.0
2026-04-18 14:15:00,1776521700000,0.251,0.2513,0.2501,0.2511,1747750.0
2026-04-18 14:30:00,1776522600000,0.2511,0.2518,0.2511,0.2512,2508353.0
2026-04-18 14:45:00,1776523500000,0.2512,0.2515,0.2511,0.2513,1518468.0
2026-04-18 15:00:00,1776524400000,0.2513,0.252,0.2509,0.2512,1983244.0
2026-04-18 15:15:00,1776525300000,0.2512,0.2515,0.2509,0.2512,794324.0
2026-04-18 15:30:00,1776526200000,0.2512,0.2513,0.2507,0.2507,854165.0
2026-04-18 15:45:00,1776527100000,0.2507,0.2512,0.2504,0.2509,1141104.0
2026-04-18 16:00:00,1776528000000,0.2509,0.2509,0.25,0.2507,2921668.0
2026-04-18 16:15:00,1776528900000,0.2507,0.2507,0.2487,0.2499,9600468.0
2026-04-18 16:30:00,1776529800000,0.2499,0.2501,0.2494,0.2496,1811591.0
2026-04-18 16:45:00,1776530700000,0.2496,0.2499,0.2486,0.2491,3142169.0
2026-04-18 17:00:00,1776531600000,0.2491,0.2493,0.2473,0.2479,9217712.0
2026-04-18 17:15:00,1776532500000,0.2479,0.2492,0.2478,0.249,1915362.0
2026-04-18 17:30:00,1776533400000,0.249,0.2496,0.2489,0.2494,1164540.0
2026-04-18 17:45:00,1776534300000,0.2494,0.2496,0.2491,0.2492,832674.0
2026-04-18 18:00:00,1776535200000,0.2492,0.2496,0.2486,0.2489,1621738.0
2026-04-18 18:15:00,1776536100000,0.2489,0.2489,0.2478,0.2482,1803241.0
2026-04-18 18:30:00,1776537000000,0.2482,0.2482,0.2472,0.248,3923637.0
2026-04-18 18:45:00,1776537900000,0.248,0.2487,0.2473,0.2476,3326907.0
2026-04-18 19:00:00,1776538800000,0.2476,0.2489,0.2475,0.2487,1696368.0
2026-04-18 19:15:00,1776539700000,0.2487,0.2489,0.2481,0.2482,1043443.0
2026-04-18 19:30:00,1776540600000,0.2482,0.2483,0.2476,0.2478,735105.0
2026-04-18 19:45:00,1776541500000,0.2478,0.2488,0.2476,0.2486,1624560.0
2026-04-18 20:00:00,1776542400000,0.2486,0.2486,0.2478,0.2485,1156337.0
2026-04-18 20:15:00,1776543300000,0.2485,0.2488,0.248,0.2483,1016107.0
2026-04-18 20:30:00,1776544200000,0.2483,0.249,0.2483,0.2489,1602881.0
2026-04-18 20:45:00,1776545100000,0.2489,0.2492,0.2487,0.2488,1219750.0
2026-04-18 21:00:00,1776546000000,0.2488,0.2493,0.2487,0.2492,1414298.0
2026-04-18 21:15:00,1776546900000,0.2492,0.2497,0.249,0.2497,1121722.0
2026-04-18 21:30:00,1776547800000,0.2497,0.25,0.2493,0.2499,1656988.0
2026-04-18 21:45:00,1776548700000,0.2499,0.2501,0.2495,0.2499,794509.0
2026-04-18 22:00:00,1776549600000,0.2499,0.2499,0.2486,0.2489,1548117.0
2026-04-18 22:15:00,1776550500000,0.2489,0.2496,0.2488,0.2495,649577.0
2026-04-18 22:30:00,1776551400000,0.2495,0.2499,0.2494,0.2497,509205.0
2026-04-18 22:45:00,1776552300000,0.2497,0.2499,0.2496,0.2498,549915.0
2026-04-18 23:00:00,1776553200000,0.2498,0.2508,0.2496,0.2499,2913632.0
2026-04-18 23:15:00,1776554100000,0.2499,0.2503,0.2497,0.2497,881787.0
2026-04-18 23:30:00,1776555000000,0.2497,0.2498,0.2492,0.2493,988104.0
2026-04-18 23:45:00,1776555900000,0.2493,0.2498,0.2487,0.2489,1344198.0
2026-04-19 00:00:00,1776556800000,0.2489,0.2493,0.2486,0.2487,1730549.0
2026-04-19 00:15:00,1776557700000,0.2487,0.249,0.2479,0.2485,2495214.0
2026-04-19 00:30:00,1776558600000,0.2485,0.2487,0.2477,0.2483,1529927.0
2026-04-19 00:45:00,1776559500000,0.2483,0.2489,0.2482,0.2488,2731186.0
2026-04-19 01:00:00,1776560400000,0.2488,0.2497,0.2486,0.2489,707295.0
2026-04-19 01:15:00,1776561300000,0.2489,0.2489,0.2481,0.2483,719798.0
2026-04-19 01:30:00,1776562200000,0.2483,0.2483,0.2478,0.248,814230.0
2026-04-19 01:45:00,1776563100000,0.248,0.2485,0.2479,0.2481,1234545.0
2026-04-19 02:00:00,1776564000000,0.2481,0.2484,0.2478,0.2484,812152.0
2026-04-19 02:15:00,1776564900000,0.2484,0.2486,0.2467,0.2471,2853209.0
2026-04-19 02:30:00,1776565800000,0.2471,0.2487,0.2468,0.2484,2585706.0
2026-04-19 02:45:00,1776566700000,0.2484,0.2487,0.2477,0.2477,3049870.0
2026-04-19 03:00:00,1776567600000,0.2477,0.2483,0.2468,0.2483,3618582.0
2026-04-19 03:15:00,1776568500000,0.2483,0.2487,0.248,0.2484,1106999.0
2026-04-19 03:30:00,1776569400000,0.2484,0.2489,0.2481,0.2488,669243.0
2026-04-19 03:45:00,1776570300000,0.2488,0.2489,0.2478,0.2478,674722.0
2026-04-19 04:00:00,1776571200000,0.2478,0.2487,0.2475,0.2485,2821497.0
2026-04-19 04:15:00,1776572100000,0.2485,0.2487,0.2483,0.2485,921970.0
2026-04-19 04:30:00,1776573000000,0.2485,0.2485,0.2459,0.2467,5956169.0
2026-04-19 04:45:00,1776573900000,0.2467,0.2477,0.2464,0.2476,2745560.0
2026-04-19 05:00:00,1776574800000,0.2476,0.2481,0.2475,0.2478,2063005.0
2026-04-19 05:15:00,1776575700000,0.2478,0.248,0.2476,0.2479,953475.0
2026-04-19 05:30:00,1776576600000,0.2479,0.2488,0.2478,0.248,2180678.0
2026-04-19 05:45:00,1776577500000,0.248,0.248,0.247,0.247,1287016.0
2026-04-19 06:00:00,1776578400000,0.247,0.2471,0.2461,0.2463,6349959.0
2026-04-19 06:15:00,1776579300000,0.2463,0.2472,0.2458,0.2467,4151135.0
2026-04-19 06:30:00,1776580200000,0.2467,0.2477,0.2467,0.2477,1792117.0
2026-04-19 06:45:00,1776581100000,0.2477,0.2478,0.247,0.2471,886319.0
2026-04-19 07:00:00,1776582000000,0.2471,0.2471,0.2457,0.2458,3451280.0
2026-04-19 07:15:00,1776582900000,0.2458,0.2459,0.2442,0.2445,10074832.0
2026-04-19 07:30:00,1776583800000,0.2445,0.2461,0.2443,0.2453,6536240.0
2026-04-19 07:45:00,1776584700000,0.2453,0.2461,0.245,0.2457,3432706.0
2026-04-19 08:00:00,1776585600000,0.2457,0.246,0.245,0.2452,2111914.0
2026-04-19 08:15:00,1776586500000,0.2452,0.2457,0.2451,0.2452,1971558.0
2026-04-19 08:30:00,1776587400000,0.2452,0.2454,0.2448,0.2451,1859505.0
2026-04-19 08:45:00,1776588300000,0.2451,0.2454,0.2448,0.2453,2850140.0
2026-04-19 09:00:00,1776589200000,0.2453,0.2457,0.245,0.2452,1604491.0
2026-04-19 09:15:00,1776590100000,0.2452,0.2456,0.2444,0.2455,2468148.0
2026-04-19 09:30:00,1776591000000,0.2455,0.2459,0.245,0.2451,1336575.0
2026-04-19 09:45:00,1776591900000,0.2451,0.2453,0.2447,0.2449,1263741.0
2026-04-19 10:00:00,1776592800000,0.2449,0.2453,0.2444,0.2451,1213944.0
2026-04-19 10:15:00,1776593700000,0.2451,0.2452,0.2447,0.245,877916.0
2026-04-19 10:30:00,1776594600000,0.245,0.2455,0.2449,0.2451,1602118.0
2026-04-19 10:45:00,1776595500000,0.2451,0.246,0.2448,0.2456,2149805.0
2026-04-19 11:00:00,1776596400000,0.2456,0.2479,0.2454,0.2475,4585603.0
2026-04-19 11:15:00,1776597300000,0.2475,0.2481,0.2472,0.2473,2285000.0
2026-04-19 11:30:00,1776598200000,0.2473,0.2478,0.247,0.2472,1615291.0
2026-04-19 11:45:00,1776599100000,0.2472,0.2477,0.247,0.2472,1459891.0
2026-04-19 12:00:00,1776600000000,0.2472,0.2483,0.247,0.248,3611001.0
2026-04-19 12:15:00,1776600900000,0.248,0.2486,0.2476,0.2478,2668159.0
2026-04-19 12:30:00,1776601800000,0.2478,0.248,0.2475,0.2478,958167.0
2026-04-19 12:45:00,1776602700000,0.2478,0.2488,0.2476,0.2478,1804790.0
2026-04-19 13:00:00,1776603600000,0.2478,0.2487,0.2477,0.2483,2393256.0
2026-04-19 13:15:00,1776604500000,0.2483,0.2509,0.2483,0.2498,10096832.0
2026-04-19 13:30:00,1776605400000,0.2498,0.2503,0.2492,0.2497,1604597.0
2026-04-19 13:45:00,1776606300000,0.2497,0.2497,0.2488,0.249,2375302.0
2026-04-19 14:00:00,1776607200000,0.249,0.2497,0.2478,0.2483,2029884.0
2026-04-19 14:15:00,1776608100000,0.2483,0.2502,0.248,0.2497,4293326.0
2026-04-19 14:30:00,1776609000000,0.2497,0.25,0.2491,0.25,3668801.0
2026-04-19 14:45:00,1776609900000,0.25,0.2508,0.2491,0.2493,3515749.0
2026-04-19 15:00:00,1776610800000,0.2493,0.2493,0.2483,0.2483,4011365.0
2026-04-19 15:15:00,1776611700000,0.2483,0.2492,0.2479,0.2484,3588665.0
2026-04-19 15:30:00,1776612600000,0.2484,0.2485,0.2459,0.2469,7603440.0
2026-04-19 15:45:00,1776613500000,0.2469,0.2487,0.2467,0.2487,4088367.0
2026-04-19 16:00:00,1776614400000,0.2487,0.2495,0.248,0.2481,3653410.0
2026-04-19 16:15:00,1776615300000,0.2481,0.2486,0.247,0.2472,2436383.0
2026-04-19 16:30:00,1776616200000,0.2472,0.2479,0.247,0.2475,1666750.0
2026-04-19 16:45:00,1776617100000,0.2475,0.2479,0.2461,0.2469,4081681.0
2026-04-19 17:00:00,1776618000000,0.2469,0.2469,0.2453,0.2462,6129922.0
2026-04-19 17:15:00,1776618900000,0.2462,0.2468,0.2456,0.2461,1329804.0
2026-04-19 17:30:00,1776619800000,0.2461,0.2466,0.2448,0.2458,3069486.0
2026-04-19 17:45:00,1776620700000,0.2458,0.2461,0.2445,0.2448,3542324.0
2026-04-19 18:00:00,1776621600000,0.2448,0.2453,0.244,0.2451,4372153.0
2026-04-19 18:15:00,1776622500000,0.2451,0.2457,0.2446,0.2453,2689386.0
2026-04-19 18:30:00,1776623400000,0.2453,0.2453,0.2449,0.2451,851142.0
2026-04-19 18:45:00,1776624300000,0.2451,0.2455,0.2444,0.2454,2957162.0
2026-04-19 19:00:00,1776625200000,0.2454,0.2467,0.2454,0.2463,2937123.0
2026-04-19 19:15:00,1776626100000,0.2463,0.2469,0.2459,0.2465,1372897.0
2026-04-19 19:30:00,1776627000000,0.2465,0.2473,0.2462,0.2462,1293723.0
2026-04-19 19:45:00,1776627900000,0.2462,0.2467,0.2461,0.2465,1429537.0
2026-04-19 20:00:00,1776628800000,0.2465,0.2465,0.245,0.2455,4225713.0
2026-04-19 20:15:00,1776629700000,0.2455,0.2455,0.2446,0.245,2840494.0
2026-04-19 20:30:00,1776630600000,0.245,0.2457,0.2443,0.2445,2292834.0
2026-04-19 20:45:00,1776631500000,0.2445,0.2453,0.2441,0.2447,3029544.0
2026-04-19 21:00:00,1776632400000,0.2447,0.2452,0.2443,0.2449,3620804.0
2026-04-19 21:15:00,1776633300000,0.2449,0.2457,0.2446,0.2455,1406503.0
2026-04-19 21:30:00,1776634200000,0.2455,0.2458,0.2452,0.2454,1288981.0
2026-04-19 21:45:00,1776635100000,0.2454,0.2456,0.2433,0.244,3739394.0
2026-04-19 22:00:00,1776636000000,0.244,0.244,0.2414,0.2422,17286730.0
2026-04-19 22:15:00,1776636900000,0.2422,0.2423,0.2406,0.2416,11764616.0
2026-04-19 22:30:00,1776637800000,0.2416,0.2427,0.2414,0.2425,4232759.0
2026-04-19 22:45:00,1776638700000,0.2425,0.2428,0.2421,0.2421,2998791.0
2026-04-19 23:00:00,1776639600000,0.2421,0.2421,0.2408,0.2415,5503636.0
2026-04-19 23:15:00,1776640500000,0.2415,0.2419,0.2409,0.2418,1579003.0
2026-04-19 23:30:00,1776641400000,0.2418,0.2423,0.2416,0.2421,1352610.0
2026-04-19 23:45:00,1776642300000,0.2421,0.2425,0.2419,0.2421,1199548.0
2026-04-20 00:00:00,1776643200000,0.2421,0.2433,0.2417,0.2424,7024812.0
2026-04-20 00:15:00,1776644100000,0.2424,0.2442,0.2423,0.2441,2724209.0
2026-04-20 00:30:00,1776645000000,0.2441,0.2444,0.2436,0.2436,1657637.0
2026-04-20 00:45:00,1776645900000,0.2436,0.2444,0.2434,0.244,989605.0
2026-04-20 01:00:00,1776646800000,0.244,0.2445,0.2438,0.2439,1222646.0
2026-04-20 01:15:00,1776647700000,0.2439,0.2439,0.2433,0.2436,1260620.0
2026-04-20 01:30:00,1776648600000,0.2436,0.2451,0.2436,0.2449,2390776.0
2026-04-20 01:45:00,1776649500000,0.2449,0.2451,0.2444,0.2446,1733456.0
2026-04-20 02:00:00,1776650400000,0.2446,0.2448,0.2441,0.2443,1099772.0
2026-04-20 02:15:00,1776651300000,0.2443,0.2449,0.244,0.2443,1841868.0
2026-04-20 02:30:00,1776652200000,0.2443,0.2451,0.244,0.2451,1364126.0
2026-04-20 02:45:00,1776653100000,0.2451,0.2456,0.245,0.2453,1420120.0
2026-04-20 03:00:00,1776654000000,0.2453,0.2457,0.245,0.245,710147.0
2026-04-20 03:15:00,1776654900000,0.245,0.2454,0.2443,0.2451,2592650.0
2026-04-20 03:30:00,1776655800000,0.2451,0.2459,0.2451,0.2457,1113359.0
2026-04-20 03:45:00,1776656700000,0.2457,0.2462,0.2454,0.2457,1026167.0
2026-04-20 04:00:00,1776657600000,0.2457,0.2458,0.2448,0.245,703052.0
2026-04-20 04:15:00,1776658500000,0.245,0.2453,0.2444,0.2453,721577.0
2026-04-20 04:30:00,1776659400000,0.2453,0.2459,0.2451,0.2455,801238.0
2026-04-20 04:45:00,1776660300000,0.2455,0.2463,0.2455,0.2456,776254.0
2026-04-20 05:00:00,1776661200000,0.2456,0.2457,0.2437,0.2442,2939648.0
2026-04-20 05:15:00,1776662100000,0.2442,0.2442,0.2436,0.2436,1507914.0
2026-04-20 05:30:00,1776663000000,0.2436,0.2442,0.2434,0.2435,911080.0
2026-04-20 05:45:00,1776663900000,0.2435,0.2442,0.2433,0.2438,741824.0
2026-04-20 06:00:00,1776664800000,0.2438,0.2447,0.2436,0.244,1790273.0
2026-04-20 06:15:00,1776665700000,0.244,0.2446,0.2438,0.2441,730871.0
2026-04-20 06:30:00,1776666600000,0.2441,0.2468,0.2441,0.2458,2381324.0
2026-04-20 06:45:00,1776667500000,0.2458,0.2461,0.2451,0.2454,2496646.0
2026-04-20 07:00:00,1776668400000,0.2454,0.246,0.2452,0.2458,1206918.0
2026-04-20 07:15:00,1776669300000,0.2458,0.2492,0.2455,0.2481,9221979.0
2026-04-20 07:30:00,1776670200000,0.2481,0.2485,0.246,0.246,3877081.0
2026-04-20 07:45:00,1776671100000,0.246,0.2466,0.2451,0.2465,3980555.0
2026-04-20 08:00:00,1776672000000,0.2465,0.2467,0.2453,0.2455,1720644.0
2026-04-20 08:15:00,1776672900000,0.2455,0.2468,0.2451,0.2457,1828335.0
2026-04-20 08:30:00,1776673800000,0.2457,0.2461,0.2452,0.2457,1090830.0
2026-04-20 08:45:00,1776674700000,0.2457,0.246,0.2451,0.2453,2832034.0
2026-04-20 09:00:00,1776675600000,0.2453,0.2466,0.2441,0.2463,10233520.0
2026-04-20 09:15:00,1776676500000,0.2463,0.2474,0.2462,0.2467,2403068.0
2026-04-20 09:30:00,1776677400000,0.2467,0.2471,0.2463,0.247,845077.0
2026-04-20 09:45:00,1776678300000,0.247,0.2475,0.2464,0.2466,1536004.0
2026-04-20 10:00:00,1776679200000,0.2466,0.2481,0.2466,0.2479,3406085.0
2026-04-20 10:15:00,1776680100000,0.2479,0.2485,0.2475,0.2476,1176469.0
2026-04-20 10:30:00,1776681000000,0.2476,0.2476,0.2465,0.2467,1736479.0
2026-04-20 10:45:00,1776681900000,0.2467,0.2471,0.2462,0.2464,1604457.0
2026-04-20 11:00:00,1776682800000,0.2464,0.2469,0.246,0.2468,3527897.0
2026-04-20 11:15:00,1776683700000,0.2468,0.247,0.2459,0.2463,665137.0
2026-04-20 11:30:00,1776684600000,0.2463,0.2467,0.2459,0.2461,1036758.0
2026-04-20 11:45:00,1776685500000,0.2461,0.2466,0.2461,0.2464,1046183.0
2026-04-20 12:00:00,1776686400000,0.2464,0.2467,0.2454,0.2464,3478305.0
2026-04-20 12:15:00,1776687300000,0.2464,0.2475,0.2461,0.2465,1894081.0
2026-04-20 12:30:00,1776688200000,0.2465,0.2469,0.2461,0.2467,2529878.0
2026-04-20 12:45:00,1776689100000,0.2467,0.2474,0.2467,0.2471,531743.0
2026-04-20 13:00:00,1776690000000,0.2471,0.2479,0.2463,0.2471,4883067.0
2026-04-20 13:15:00,1776690900000,0.2471,0.2474,0.2465,0.2471,1663979.0
2026-04-20 13:30:00,1776691800000,0.2471,0.2479,0.246,0.2475,4406603.0
2026-04-20 13:45:00,1776692700000,0.2475,0.2482,0.2469,0.2477,2219069.0
2026-04-20 14:00:00,1776693600000,0.2477,0.2478,0.2469,0.2475,1832923.0
2026-04-20 14:15:00,1776694500000,0.2475,0.2492,0.2473,0.2484,4653394.0
2026-04-20 14:30:00,1776695400000,0.2484,0.2489,0.2469,0.2475,4333617.0
2026-04-20 14:45:00,1776696300000,0.2475,0.2479,0.2451,0.2459,7279820.0
2026-04-20 15:00:00,1776697200000,0.2459,0.246,0.2445,0.2455,3079245.0
2026-04-20 15:15:00,1776698100000,0.2455,0.249,0.2454,0.2489,6155954.0
2026-04-20 15:30:00,1776699000000,0.2489,0.2489,0.2473,0.2474,3742141.0
2026-04-20 15:45:00,1776699900000,0.2474,0.2476,0.2468,0.2476,1048442.0
2026-04-20 16:00:00,1776700800000,0.2476,0.2476,0.2465,0.2465,829886.0
2026-04-20 16:15:00,1776701700000,0.2465,0.2471,0.246,0.2462,1287844.0
2026-04-20 16:30:00,1776702600000,0.2462,0.2468,0.2454,0.2466,4699113.0
2026-04-20 16:45:00,1776703500000,0.2466,0.2468,0.2454,0.2456,2572528.0
2026-04-20 17:00:00,1776704400000,0.2456,0.2471,0.2454,0.2469,1672480.0
2026-04-20 17:15:00,1776705300000,0.2469,0.248,0.2468,0.2472,1483173.0
2026-04-20 17:30:00,1776706200000,0.2472,0.2472,0.2465,0.2469,1376925.0
2026-04-20 17:45:00,1776707100000,0.2469,0.2481,0.2468,0.2479,2630310.0
2026-04-20 18:00:00,1776708000000,0.2479,0.2495,0.2479,0.249,5991553.0
2026-04-20 18:15:00,1776708900000,0.249,0.2494,0.2487,0.2488,2216015.0
2026-04-20 18:30:00,1776709800000,0.2488,0.2499,0.2483,0.2496,2954400.0
2026-04-20 18:45:00,1776710700000,0.2496,0.2501,0.2491,0.2496,3381274.0
2026-04-20 19:00:00,1776711600000,0.2496,0.2498,0.249,0.2491,2543007.0
2026-04-20 19:15:00,1776712500000,0.2491,0.2491,0.2483,0.2486,1509547.0
2026-04-20 19:30:00,1776713400000,0.2486,0.2492,0.2485,0.2486,1064305.0
2026-04-20 19:45:00,1776714300000,0.2486,0.2489,0.2483,0.2488,940662.0
2026-04-20 20:00:00,1776715200000,0.2488,0.2488,0.2478,0.2483,3064054.0
2026-04-20 20:15:00,1776716100000,0.2483,0.2501,0.2483,0.249,5434600.0
2026-04-20 20:30:00,1776717000000,0.249,0.2495,0.2489,0.2493,1995365.0
2026-04-20 20:45:00,1776717900000,0.2493,0.2504,0.2493,0.25,3513223.0
2026-04-20 21:00:00,1776718800000,0.25,0.2514,0.2493,0.2498,8863654.0
2026-04-20 21:15:00,1776719700000,0.2498,0.2501,0.2485,0.2494,6744244.0
2026-04-20 21:30:00,1776720600000,0.2494,0.25,0.2489,0.2491,2215112.0
2026-04-20 21:45:00,1776721500000,0.2491,0.2496,0.2491,0.2495,1073404.0
2026-04-20 22:00:00,1776722400000,0.2495,0.25,0.2494,0.2495,2063060.0
2026-04-20 22:15:00,1776723300000,0.2495,0.2497,0.2487,0.2488,1315292.0
2026-04-20 22:30:00,1776724200000,0.2488,0.2493,0.2484,0.2489,1621054.0
2026-04-20 22:45:00,1776725100000,0.2489,0.2489,0.2485,0.2486,731653.0
2026-04-20 23:00:00,1776726000000,0.2486,0.2486,0.2476,0.2478,4738947.0
2026-04-20 23:15:00,1776726900000,0.2478,0.2482,0.2473,0.2475,2892133.0
2026-04-20 23:30:00,1776727800000,0.2475,0.2482,0.2474,0.248,669544.0
2026-04-20 23:45:00,1776728700000,0.248,0.2483,0.2476,0.2478,2656996.0
2026-04-21 00:00:00,1776729600000,0.2478,0.2485,0.2477,0.2479,1971334.0
2026-04-21 00:15:00,1776730500000,0.2479,0.2483,0.2477,0.2483,738205.0
2026-04-21 00:30:00,1776731400000,0.2483,0.2486,0.2479,0.248,788234.0
2026-04-21 00:45:00,1776732300000,0.248,0.249,0.248,0.2488,4081012.0
2026-04-21 01:00:00,1776733200000,0.2488,0.2496,0.2484,0.2493,1098149.0
2026-04-21 01:15:00,1776734100000,0.2493,0.2493,0.2487,0.249,821373.0
2026-04-21 01:30:00,1776735000000,0.249,0.2494,0.2483,0.2488,1764327.0
2026-04-21 01:45:00,1776735900000,0.2488,0.2489,0.2478,0.2481,841599.0
2026-04-21 02:00:00,1776736800000,0.2481,0.2481,0.2468,0.2471,3829188.0
2026-04-21 02:15:00,1776737700000,0.2471,0.2477,0.2468,0.2473,2079899.0
2026-04-21 02:30:00,1776738600000,0.2473,0.2479,0.2472,0.2472,1583572.0
2026-04-21 02:45:00,1776739500000,0.2472,0.2476,0.2471,0.2472,1595062.0
2026-04-21 03:00:00,1776740400000,0.2472,0.2472,0.2464,0.2467,2319627.0
2026-04-21 03:15:00,1776741300000,0.2467,0.2474,0.2463,0.2471,1139637.0
2026-04-21 03:30:00,1776742200000,0.2471,0.2476,0.2468,0.247,1102790.0
2026-04-21 03:45:00,1776743100000,0.247,0.2476,0.2469,0.2469,1241694.0
2026-04-21 04:00:00,1776744000000,0.2469,0.2472,0.2468,0.2468,787247.0
2026-04-21 04:15:00,1776744900000,0.2468,0.2475,0.2467,0.2472,794884.0
2026-04-21 04:30:00,1776745800000,0.2472,0.2477,0.2471,0.2477,930155.0
2026-04-21 04:45:00,1776746700000,0.2477,0.2484,0.2475,0.2483,1196989.0
2026-04-21 05:00:00,1776747600000,0.2483,0.2499,0.2483,0.2493,3085926.0
2026-04-21 05:15:00,1776748500000,0.2493,0.2498,0.2488,0.2492,2027496.0
2026-04-21 05:30:00,1776749400000,0.2492,0.2494,0.2486,0.2489,961021.0
2026-04-21 05:45:00,1776750300000,0.2489,0.249,0.2485,0.2489,1157059.0
2026-04-21 06:00:00,1776751200000,0.2489,0.2491,0.2486,0.2487,860251.0
2026-04-21 06:15:00,1776752100000,0.2487,0.2488,0.248,0.2482,1656981.0
2026-04-21 06:30:00,1776753000000,0.2482,0.2502,0.248,0.2496,3139927.0
2026-04-21 06:45:00,1776753900000,0.2496,0.2499,0.2487,0.2487,2990635.0
2026-04-21 07:00:00,1776754800000,0.2487,0.2488,0.2477,0.248,2831860.0
2026-04-21 07:15:00,1776755700000,0.248,0.2498,0.2479,0.2493,2988773.0
2026-04-21 07:30:00,1776756600000,0.2493,0.2494,0.2484,0.2487,2046272.0
2026-04-21 07:45:00,1776757500000,0.2487,0.2498,0.2478,0.2493,8779900.0
2026-04-21 08:00:00,1776758400000,0.2493,0.2499,0.2492,0.2497,2742288.0
2026-04-21 08:15:00,1776759300000,0.2497,0.2505,0.2496,0.2502,2918832.0
2026-04-21 08:30:00,1776760200000,0.2502,0.2511,0.2499,0.251,2870652.0
2026-04-21 08:45:00,1776761100000,0.251,0.2523,0.25,0.2501,4934349.0
2026-04-21 09:00:00,1776762000000,0.2501,0.2501,0.2492,0.2499,2810643.0
2026-04-21 09:15:00,1776762900000,0.2499,0.2508,0.2498,0.25,1747765.0
2026-04-21 09:30:00,1776763800000,0.25,0.2508,0.2498,0.2508,647591.0
2026-04-21 09:45:00,1776764700000,0.2508,0.2509,0.2504,0.2505,789577.0
2026-04-21 10:00:00,1776765600000,0.2505,0.251,0.2503,0.2503,666895.0
2026-04-21 10:15:00,1776766500000,0.2503,0.2507,0.25,0.2503,937082.0
2026-04-21 10:30:00,1776767400000,0.2503,0.2509,0.2501,0.2508,894855.0
2026-04-21 10:45:00,1776768300000,0.2508,0.2516,0.2506,0.2511,1433873.0
2026-04-21 11:00:00,1776769200000,0.2511,0.2512,0.2496,0.2499,4629308.0
2026-04-21 11:15:00,1776770100000,0.2499,0.2506,0.2497,0.2504,778504.0
2026-04-21 11:30:00,1776771000000,0.2504,0.2513,0.2504,0.2506,1297470.0
2026-04-21 11:45:00,1776771900000,0.2506,0.2507,0.2499,0.25,767604.0
2026-04-21 12:00:00,1776772800000,0.25,0.2504,0.2493,0.2494,1316432.0
2026-04-21 12:15:00,1776773700000,0.2494,0.2504,0.2491,0.2503,1527374.0
2026-04-21 12:30:00,1776774600000,0.2503,0.2506,0.2478,0.2485,7145259.0
2026-04-21 12:45:00,1776775500000,0.2485,0.2489,0.2478,0.2485,5190466.0
2026-04-21 13:00:00,1776776400000,0.2485,0.2488,0.2481,0.2482,2100952.0
2026-04-21 13:15:00,1776777300000,0.2482,0.2487,0.248,0.2484,1818970.0
2026-04-21 13:30:00,1776778200000,0.2484,0.2491,0.2474,0.2484,4867098.0
2026-04-21 13:45:00,1776779100000,0.2484,0.2488,0.2481,0.2486,1766379.0
2026-04-21 14:00:00,1776780000000,0.2486,0.2489,0.248,0.2482,1508420.0
2026-04-21 14:15:00,1776780900000,0.2482,0.2499,0.2482,0.249,2546723.0
2026-04-21 14:30:00,1776781800000,0.249,0.2505,0.2488,0.2499,2922452.0
2026-04-21 14:45:00,1776782700000,0.2499,0.25,0.2476,0.248,3188720.0
2026-04-21 15:00:00,1776783600000,0.248,0.2486,0.2472,0.2484,4772187.0
2026-04-21 15:15:00,1776784500000,0.2484,0.2493,0.2477,0.2482,3130694.0
2026-04-21 15:30:00,1776785400000,0.2482,0.2488,0.2474,0.2482,1803348.0
2026-04-21 15:45:00,1776786300000,0.2482,0.2488,0.2481,0.2487,922775.0
2026-04-21 16:00:00,1776787200000,0.2487,0.2493,0.2478,0.2482,5180053.0
2026-04-21 16:15:00,1776788100000,0.2482,0.2486,0.2476,0.2478,1188740.0
2026-04-21 16:30:00,1776789000000,0.2478,0.2487,0.2474,0.2479,1281831.0
2026-04-21 16:45:00,1776789900000,0.2479,0.2484,0.2465,0.2468,4542792.0
2026-04-21 17:00:00,1776790800000,0.2468,0.247,0.2456,0.2459,5368050.0
2026-04-21 17:15:00,1776791700000,0.2459,0.2459,0.2437,0.2449,10388184.0
2026-04-21 17:30:00,1776792600000,0.2449,0.2476,0.2445,0.2468,12106183.0
2026-04-21 17:45:00,1776793500000,0.2468,0.2469,0.2459,0.2464,3002889.0
2026-04-21 18:00:00,1776794400000,0.2464,0.2466,0.2458,0.2463,1291135.0
2026-04-21 18:15:00,1776795300000,0.2463,0.2466,0.2453,0.2456,5105183.0
2026-04-21 18:30:00,1776796200000,0.2456,0.2461,0.2456,0.2459,1701455.0
2026-04-21 18:45:00,1776797100000,0.2459,0.2467,0.2453,0.2467,3510405.0
2026-04-21 19:00:00,1776798000000,0.2467,0.2474,0.2461,0.2465,3345622.0
2026-04-21 19:15:00,1776798900000,0.2465,0.2479,0.2461,0.2474,2866671.0
2026-04-21 19:30:00,1776799800000,0.2474,0.2474,0.2438,0.2442,8459582.0
2026-04-21 19:45:00,1776800700000,0.2442,0.245,0.2441,0.2445,4056233.0
2026-04-21 20:00:00,1776801600000,0.2445,0.2473,0.2444,0.2469,19036393.0
2026-04-21 20:15:00,1776802500000,0.2469,0.2478,0.2468,0.2472,3677560.0
2026-04-21 20:30:00,1776803400000,0.2472,0.2481,0.2472,0.2476,2694056.0
2026-04-21 20:45:00,1776804300000,0.2476,0.248,0.2474,0.2475,1078243.0
2026-04-21 21:00:00,1776805200000,0.2475,0.2477,0.2466,0.2473,2317693.0
2026-04-21 21:15:00,1776806100000,0.2473,0.2479,0.2468,0.2475,720647.0
2026-04-21 21:30:00,1776807000000,0.2475,0.2478,0.2473,0.2474,1297447.0
2026-04-21 21:45:00,1776807900000,0.2474,0.2478,0.2473,0.2474,888178.0
2026-04-21 22:00:00,1776808800000,0.2474,0.2482,0.2471,0.2481,1379081.0
2026-04-21 22:15:00,1776809700000,0.2481,0.2481,0.2468,0.2473,1217488.0
2026-04-21 22:30:00,1776810600000,0.2473,0.2482,0.2468,0.2482,1448189.0
2026-04-21 22:45:00,1776811500000,0.2482,0.2489,0.248,0.2489,2500282.0
2026-04-21 23:00:00,1776812400000,0.2489,0.2499,0.2485,0.2486,6502088.0
2026-04-21 23:15:00,1776813300000,0.2486,0.2489,0.2478,0.2479,2290565.0
2026-04-21 23:30:00,1776814200000,0.2479,0.2496,0.2477,0.2493,6052656.0
2026-04-21 23:45:00,1776815100000,0.2493,0.2501,0.2493,0.2498,1796721.0
2026-04-22 00:00:00,1776816000000,0.2498,0.2502,0.2493,0.2499,1741736.0
2026-04-22 00:15:00,1776816900000,0.2499,0.2503,0.2495,0.2501,1249767.0
2026-04-22 00:30:00,1776817800000,0.2501,0.2507,0.2499,0.2503,1208190.0
2026-04-22 00:45:00,1776818700000,0.2503,0.2506,0.2495,0.2498,1905151.0
2026-04-22 01:00:00,1776819600000,0.2498,0.25,0.2492,0.2498,1093488.0
2026-04-22 01:15:00,1776820500000,0.2498,0.2498,0.2487,0.2488,1098256.0
2026-04-22 01:30:00,1776821400000,0.2488,0.2494,0.2488,0.2491,1088097.0
2026-04-22 01:45:00,1776822300000,0.2491,0.2496,0.2488,0.2491,641752.0
2026-04-22 02:00:00,1776823200000,0.2491,0.2511,0.2487,0.2505,3423733.0
2026-04-22 02:15:00,1776824100000,0.2505,0.2538,0.2505,0.2537,8900201.0
2026-04-22 02:30:00,1776825000000,0.2537,0.2542,0.2525,0.254,3413419.0
2026-04-22 02:45:00,1776825900000,0.254,0.2545,0.2534,0.2542,3385063.0
2026-04-22 03:00:00,1776826800000,0.2542,0.2553,0.2539,0.2551,8167148.0
2026-04-22 03:15:00,1776827700000,0.2551,0.2551,0.2537,0.254,2972097.0
2026-04-22 03:30:00,1776828600000,0.254,0.2541,0.2532,0.2536,2333018.0
2026-04-22 03:45:00,1776829500000,0.2536,0.2544,0.2535,0.2541,914726.0
2026-04-22 04:00:00,1776830400000,0.2541,0.2547,0.2538,0.2541,3133916.0
2026-04-22 04:15:00,1776831300000,0.2541,0.2541,0.2531,0.2536,2194597.0
2026-04-22 04:30:00,1776832200000,0.2536,0.2551,0.2534,0.2544,1454787.0
2026-04-22 04:45:00,1776833100000,0.2544,0.2545,0.2536,0.2541,2827401.0
2026-04-22 05:00:00,1776834000000,0.2541,0.2546,0.2537,0.2544,1977916.0
2026-04-22 05:15:00,1776834900000,0.2544,0.2574,0.2541,0.2567,13071747.0
2026-04-22 05:30:00,1776835800000,0.2567,0.2573,0.2557,0.2561,7193063.0
2026-04-22 05:45:00,1776836700000,0.2561,0.2568,0.2556,0.2556,4269359.0
2026-04-22 06:00:00,1776837600000,0.2556,0.2556,0.2548,0.255,2465679.0
2026-04-22 06:15:00,1776838500000,0.255,0.2554,0.2549,0.2552,1244319.0
2026-04-22 06:30:00,1776839400000,0.2552,0.2557,0.2552,0.2553,2058191.0
2026-04-22 06:45:00,1776840300000,0.2553,0.2558,0.2551,0.2556,1711747.0
2026-04-22 07:00:00,1776841200000,0.2556,0.2557,0.2549,0.2552,1867354.0
2026-04-22 07:15:00,1776842100000,0.2552,0.2552,0.2544,0.2546,4037085.0
2026-04-22 07:30:00,1776843000000,0.2546,0.2549,0.254,0.2547,2344752.0
2026-04-22 07:45:00,1776843900000,0.2547,0.255,0.2545,0.2547,1886934.0
2026-04-22 08:00:00,1776844800000,0.2547,0.2554,0.2546,0.2552,2818706.0
2026-04-22 08:15:00,1776845700000,0.2552,0.2553,0.2547,0.2547,1442654.0
2026-04-22 08:30:00,1776846600000,0.2547,0.2549,0.2542,0.2545,1969913.0
2026-04-22 08:45:00,1776847500000,0.2545,0.2551,0.2542,0.2546,2191070.0
2026-04-22 09:00:00,1776848400000,0.2546,0.2556,0.2544,0.2553,1051819.0
2026-04-22 09:15:00,1776849300000,0.2553,0.2556,0.2551,0.2553,930502.0
2026-04-22 09:30:00,1776850200000,0.2553,0.2555,0.2551,0.2554,840942.0
2026-04-22 09:45:00,1776851100000,0.2554,0.2556,0.2546,0.2548,1431170.0
2026-04-22 10:00:00,1776852000000,0.2548,0.2553,0.2546,0.255,725286.0
2026-04-22 10:15:00,1776852900000,0.255,0.2554,0.2549,0.2553,1559374.0
2026-04-22 10:30:00,1776853800000,0.2553,0.256,0.2553,0.2557,1448725.0
2026-04-22 10:45:00,1776854700000,0.2557,0.2562,0.2554,0.2554,969071.0
2026-04-22 11:00:00,1776855600000,0.2554,0.2562,0.2554,0.2556,2591443.0
2026-04-22 11:15:00,1776856500000,0.2556,0.2564,0.2551,0.2552,1721377.0
2026-04-22 11:30:00,1776857400000,0.2552,0.2558,0.2549,0.2551,1622789.0
2026-04-22 11:45:00,1776858300000,0.2551,0.2556,0.2551,0.2556,966732.0
2026-04-22 12:00:00,1776859200000,0.2556,0.2559,0.2554,0.2554,2077552.0
2026-04-22 12:15:00,1776860100000,0.2554,0.2557,0.2544,0.2547,2620172.0
2026-04-22 12:30:00,1776861000000,0.2547,0.2549,0.2542,0.2544,2137588.0
2026-04-22 12:45:00,1776861900000,0.2544,0.2551,0.2544,0.2546,2757572.0
2026-04-22 13:00:00,1776862800000,0.2546,0.2558,0.2539,0.2549,7947694.0
2026-04-22 13:15:00,1776863700000,0.2549,0.2553,0.2548,0.2551,1779508.0
2026-04-22 13:30:00,1776864600000,0.2551,0.2559,0.2544,0.2556,4345729.0
2026-04-22 13:45:00,1776865500000,0.2556,0.2562,0.2547,0.2549,3921897.0
2026-04-22 14:00:00,1776866400000,0.2549,0.2559,0.2545,0.2559,3963510.0
2026-04-22 14:15:00,1776867300000,0.2559,0.2561,0.255,0.2553,2886947.0
2026-04-22 14:30:00,1776868200000,0.2553,0.2554,0.254,0.2542,2951863.0
2026-04-22 14:45:00,1776869100000,0.2542,0.2554,0.2541,0.2553,1899090.0
2026-04-22 15:00:00,1776870000000,0.2553,0.2555,0.2545,0.2548,1427080.0
2026-04-22 15:15:00,1776870900000,0.2548,0.2551,0.2543,0.255,2585219.0
2026-04-22 15:30:00,1776871800000,0.255,0.2556,0.2546,0.2554,3006261.0
2026-04-22 15:45:00,1776872700000,0.2554,0.2557,0.2549,0.255,624354.0
2026-04-22 16:00:00,1776873600000,0.255,0.2556,0.2547,0.255,2065502.0
2026-04-22 16:15:00,1776874500000,0.255,0.255,0.2536,0.2538,2476162.0
2026-04-22 16:30:00,1776875400000,0.2538,0.254,0.2533,0.2535,2223772.0
2026-04-22 16:45:00,1776876300000,0.2535,0.2535,0.2525,0.2526,4253758.0
2026-04-22 17:00:00,1776877200000,0.2526,0.2537,0.2525,0.2533,1904547.0
2026-04-22 17:15:00,1776878100000,0.2533,0.2534,0.2526,0.2527,1647483.0
2026-04-22 17:30:00,1776879000000,0.2527,0.2528,0.2524,0.2524,1773192.0
2026-04-22 17:45:00,1776879900000,0.2524,0.2537,0.2522,0.2532,2072845.0
2026-04-22 18:00:00,1776880800000,0.2532,0.2541,0.2532,0.254,797955.0
2026-04-22 18:15:00,1776881700000,0.254,0.2541,0.2533,0.2534,1045555.0
2026-04-22 18:30:00,1776882600000,0.2534,0.2539,0.2532,0.2533,998491.0
2026-04-22 18:45:00,1776883500000,0.2533,0.2539,0.2532,0.2533,390909.0
2026-04-22 19:00:00,1776884400000,0.2533,0.2534,0.2525,0.2529,1175404.0
2026-04-22 19:15:00,1776885300000,0.2529,0.2532,0.2525,0.2529,1598859.0
2026-04-22 19:30:00,1776886200000,0.2529,0.253,0.2511,0.2518,3710556.0
2026-04-22 19:45:00,1776887100000,0.2518,0.2526,0.2518,0.2523,1622342.0
2026-04-22 20:00:00,1776888000000,0.2523,0.2525,0.252,0.2521,818967.0
2026-04-22 20:15:00,1776888900000,0.2521,0.2522,0.2513,0.2521,1155418.0
2026-04-22 20:30:00,1776889800000,0.2521,0.2522,0.2515,0.2516,901516.0
2026-04-22 20:45:00,1776890700000,0.2516,0.2517,0.2507,0.2509,3269982.0
2026-04-22 21:00:00,1776891600000,0.2509,0.2515,0.2509,0.2514,1989762.0
2026-04-22 21:15:00,1776892500000,0.2514,0.2514,0.2511,0.2513,671005.0
2026-04-22 21:30:00,1776893400000,0.2513,0.2521,0.2513,0.2519,1270253.0
2026-04-22 21:45:00,1776894300000,0.2519,0.2522,0.2517,0.2519,426016.0
2026-04-22 22:00:00,1776895200000,0.2519,0.2521,0.2512,0.2514,2196331.0
2026-04-22 22:15:00,1776896100000,0.2514,0.2515,0.2505,0.2508,1276294.0
2026-04-22 22:30:00,1776897000000,0.2508,0.251,0.2501,0.2503,2064206.0
2026-04-22 22:45:00,1776897900000,0.2503,0.2504,0.2498,0.2503,4161417.0
2026-04-22 23:00:00,1776898800000,0.2503,0.2505,0.2497,0.2504,2308647.0
2026-04-22 23:15:00,1776899700000,0.2504,0.2505,0.2485,0.2491,5137170.0
2026-04-22 23:30:00,1776900600000,0.2491,0.2491,0.2482,0.2488,3502532.0
2026-04-22 23:45:00,1776901500000,0.2488,0.2488,0.248,0.2482,1787550.0
2026-04-23 00:00:00,1776902400000,0.2482,0.2485,0.247,0.2471,10633379.0
2026-04-23 00:15:00,1776903300000,0.2471,0.2493,0.2458,0.2489,12639567.0
2026-04-23 00:30:00,1776904200000,0.2489,0.2493,0.2485,0.2487,2805412.0
2026-04-23 00:45:00,1776905100000,0.2487,0.249,0.2482,0.2485,1178926.0
2026-04-23 01:00:00,1776906000000,0.2485,0.2486,0.2476,0.2479,1387425.0
2026-04-23 01:15:00,1776906900000,0.2479,0.248,0.2471,0.2471,950789.0
2026-04-23 01:30:00,1776907800000,0.2471,0.2481,0.2469,0.2479,1439343.0
2026-04-23 01:45:00,1776908700000,0.2479,0.2482,0.2476,0.2481,504948.0
2026-04-23 02:00:00,1776909600000,0.2481,0.2481,0.247,0.247,1808824.0
2026-04-23 02:15:00,1776910500000,0.247,0.2474,0.2462,0.2464,3496320.0
2026-04-23 02:30:00,1776911400000,0.2464,0.2466,0.2456,0.2459,3577634.0
2026-04-23 02:45:00,1776912300000,0.2459,0.2465,0.2458,0.2464,1300136.0
2026-04-23 03:00:00,1776913200000,0.2464,0.2469,0.2458,0.2458,1397943.0
2026-04-23 03:15:00,1776914100000,0.2458,0.2462,0.2457,0.2459,1259165.0
2026-04-23 03:30:00,1776915000000,0.2459,0.246,0.245,0.2459,4243498.0
2026-04-23 03:45:00,1776915900000,0.2459,0.2462,0.2456,0.2461,1588358.0
2026-04-23 04:00:00,1776916800000,0.2461,0.2468,0.2459,0.2465,1820027.0
2026-04-23 04:15:00,1776917700000,0.2465,0.2468,0.2463,0.2466,1431080.0
2026-04-23 04:30:00,1776918600000,0.2466,0.2471,0.2465,0.2468,2378355.0
2026-04-23 04:45:00,1776919500000,0.2468,0.2469,0.2464,0.2467,1116772.0
2026-04-23 05:00:00,1776920400000,0.2467,0.2473,0.2466,0.2471,2844125.0
2026-04-23 05:15:00,1776921300000,0.2471,0.2473,0.2469,0.247,1184915.0
2026-04-23 05:30:00,1776922200000,0.247,0.247,0.2462,0.2467,1471752.0
2026-04-23 05:45:00,1776923100000,0.2467,0.2475,0.2466,0.2471,1505662.0
2026-04-23 06:00:00,1776924000000,0.2471,0.2481,0.247,0.2475,2367344.0
2026-04-23 06:15:00,1776924900000,0.2475,0.2479,0.2473,0.2478,1469236.0
2026-04-23 06:30:00,1776925800000,0.2478,0.2484,0.2475,0.2478,2121246.0
2026-04-23 06:45:00,1776926700000,0.2478,0.2478,0.2473,0.2476,696459.0
2026-04-23 07:00:00,1776927600000,0.2476,0.2478,0.2471,0.2473,1207589.0
2026-04-23 07:15:00,1776928500000,0.2473,0.2474,0.2468,0.2471,2603078.0
2026-04-23 07:30:00,1776929400000,0.2471,0.2475,0.2469,0.2471,2582216.0
2026-04-23 07:45:00,1776930300000,0.2471,0.2475,0.2466,0.2468,1404516.0
2026-04-23 08:00:00,1776931200000,0.2468,0.2469,0.2463,0.2469,1091821.0
2026-04-23 08:15:00,1776932100000,0.2469,0.2471,0.2465,0.2467,680795.0
2026-04-23 08:30:00,1776933000000,0.2467,0.2468,0.2461,0.2462,1157601.0
2026-04-23 08:45:00,1776933900000,0.2462,0.247,0.2461,0.2468,619365.0
2026-04-23 09:00:00,1776934800000,0.2468,0.2468,0.2452,0.2458,3709660.0
2026-04-23 09:15:00,1776935700000,0.2458,0.2464,0.2457,0.2459,2319560.0
2026-04-23 09:30:00,1776936600000,0.2459,0.2462,0.2459,0.2459,903830.0
2026-04-23 09:45:00,1776937500000,0.2459,0.246,0.2451,0.2459,2005049.0
2026-04-23 10:00:00,1776938400000,0.2459,0.2461,0.2448,0.2448,4194191.0
2026-04-23 10:15:00,1776939300000,0.2448,0.2454,0.2446,0.2453,2284051.0
2026-04-23 10:30:00,1776940200000,0.2453,0.2457,0.2451,0.2455,855819.0
2026-04-23 10:45:00,1776941100000,0.2455,0.2459,0.2454,0.2456,1532670.0
2026-04-23 11:00:00,1776942000000,0.2456,0.2462,0.2456,0.2459,1636856.0
2026-04-23 11:15:00,1776942900000,0.2459,0.2463,0.2457,0.2461,1156495.0
2026-04-23 11:30:00,1776943800000,0.2461,0.247,0.246,0.2469,1579746.0
2026-04-23 11:45:00,1776944700000,0.2469,0.2479,0.2469,0.2474,3084228.0
2026-04-23 12:00:00,1776945600000,0.2474,0.248,0.2472,0.2477,2483739.0
2026-04-23 12:15:00,1776946500000,0.2477,0.2478,0.2473,0.2476,1682367.0
2026-04-23 12:30:00,1776947400000,0.2476,0.2481,0.2474,0.2478,1978122.0
2026-04-23 12:45:00,1776948300000,0.2478,0.2481,0.2467,0.2475,8145648.0
2026-04-23 13:00:00,1776949200000,0.2475,0.2479,0.2472,0.2475,1805389.0
2026-04-23 13:15:00,1776950100000,0.2475,0.2477,0.2472,0.2473,1257552.0
2026-04-23 13:30:00,1776951000000,0.2473,0.2477,0.2471,0.2471,1217091.0
2026-04-23 13:45:00,1776951900000,0.2471,0.2476,0.2468,0.2471,2139345.0
2026-04-23 14:00:00,1776952800000,0.2471,0.2477,0.2468,0.2476,861488.0
2026-04-23 14:15:00,1776953700000,0.2476,0.2486,0.2474,0.2478,1402431.0
2026-04-23 14:30:00,1776954600000,0.2478,0.2483,0.2477,0.2482,1657131.0
2026-04-23 14:45:00,1776955500000,0.2482,0.2494,0.2482,0.249,2657506.0
2026-04-23 15:00:00,1776956400000,0.249,0.2491,0.2483,0.2487,2890715.0
2026-04-23 15:15:00,1776957300000,0.2487,0.2508,0.2484,0.2498,5286460.0
2026-04-23 15:30:00,1776958200000,0.2498,0.2505,0.2496,0.25,3592519.0
2026-04-23 15:45:00,1776959100000,0.25,0.2505,0.2497,0.2502,2348886.0
2026-04-23 16:00:00,1776960000000,0.2502,0.2505,0.2499,0.2501,922383.0
2026-04-23 16:15:00,1776960900000,0.2501,0.2505,0.2497,0.2501,984998.0
2026-04-23 16:30:00,1776961800000,0.2501,0.2508,0.2499,0.25,1839392.0
2026-04-23 16:45:00,1776962700000,0.25,0.2501,0.2488,0.2489,2376551.0
2026-04-23 17:00:00,1776963600000,0.2489,0.2491,0.2472,0.2476,5742986.0
2026-04-23 17:15:00,1776964500000,0.2476,0.2478,0.2466,0.2467,4851957.0
2026-04-23 17:30:00,1776965400000,0.2467,0.2473,0.2444,0.2455,11259600.0
2026-04-23 17:45:00,1776966300000,0.2455,0.2469,0.2444,0.2467,9891201.0
2026-04-23 18:00:00,1776967200000,0.2467,0.2471,0.2462,0.2464,3554065.0
2026-04-23 18:15:00,1776968100000,0.2464,0.2468,0.2458,0.2461,2057162.0
2026-04-23 18:30:00,1776969000000,0.2461,0.2474,0.2461,0.2471,6144170.0
2026-04-23 18:45:00,1776969900000,0.2471,0.2472,0.2457,0.2459,1772412.0
2026-04-23 19:00:00,1776970800000,0.2459,0.2461,0.2453,0.2459,2261954.0
2026-04-23 19:15:00,1776971700000,0.2459,0.2468,0.2459,0.2466,1086750.0
2026-04-23 19:30:00,1776972600000,0.2466,0.2467,0.2457,0.2457,1328565.0
2026-04-23 19:45:00,1776973500000,0.2457,0.2469,0.2454,0.2465,4981463.0
2026-04-23 20:00:00,1776974400000,0.2465,0.248,0.2464,0.2474,2764546.0
2026-04-23 20:15:00,1776975300000,0.2474,0.2477,0.2472,0.2474,744643.0
2026-04-23 20:30:00,1776976200000,0.2474,0.2489,0.2473,0.2489,2732813.0
2026-04-23 20:45:00,1776977100000,0.2489,0.249,0.2479,0.2481,2597211.0
2026-04-23 21:00:00,1776978000000,0.2481,0.2486,0.2478,0.2481,2665237.0
2026-04-23 21:15:00,1776978900000,0.2481,0.2484,0.2478,0.2484,727202.0
2026-04-23 21:30:00,1776979800000,0.2484,0.2494,0.2484,0.2492,1905463.0
2026-04-23 21:45:00,1776980700000,0.2492,0.2493,0.2485,0.2485,994186.0
2026-04-23 22:00:00,1776981600000,0.2485,0.2496,0.2485,0.2492,2169230.0
2026-04-23 22:15:00,1776982500000,0.2492,0.25,0.2492,0.2493,1126529.0
2026-04-23 22:30:00,1776983400000,0.2493,0.2498,0.2492,0.2497,674318.0
2026-04-23 22:45:00,1776984300000,0.2497,0.25,0.249,0.2491,1327519.0
2026-04-23 23:00:00,1776985200000,0.2491,0.2492,0.2485,0.2487,2194318.0
2026-04-23 23:15:00,1776986100000,0.2487,0.2492,0.2484,0.2491,1022399.0
2026-04-23 23:30:00,1776987000000,0.2491,0.2501,0.249,0.2499,892730.0
2026-04-23 23:45:00,1776987900000,0.2499,0.2502,0.2496,0.2497,1073179.0
2026-04-24 00:00:00,1776988800000,0.2497,0.2504,0.2496,0.25,944405.0
2026-04-24 00:15:00,1776989700000,0.25,0.2512,0.25,0.2505,2921989.0
2026-04-24 00:30:00,1776990600000,0.2505,0.2512,0.2505,0.2507,1321751.0
2026-04-24 00:45:00,1776991500000,0.2507,0.2517,0.2506,0.2515,2626224.0
2026-04-24 01:00:00,1776992400000,0.2515,0.2517,0.2503,0.2506,3238461.0
2026-04-24 01:15:00,1776993300000,0.2506,0.2506,0.2499,0.2502,1572448.0
2026-04-24 01:30:00,1776994200000,0.2502,0.2505,0.2498,0.25,1218580.0
2026-04-24 01:45:00,1776995100000,0.25,0.2517,0.25,0.2515,2433342.0
2026-04-24 02:00:00,1776996000000,0.2515,0.2515,0.25,0.2505,2205836.0
2026-04-24 02:15:00,1776996900000,0.2505,0.2507,0.2499,0.2501,2325240.0
2026-04-24 02:30:00,1776997800000,0.2501,0.2508,0.25,0.2508,887428.0
2026-04-24 02:45:00,1776998700000,0.2508,0.2512,0.2496,0.2498,1545146.0
2026-04-24 03:00:00,1776999600000,0.2498,0.25,0.2495,0.2499,1573887.0
2026-04-24 03:15:00,1777000500000,0.2499,0.2499,0.2485,0.2487,2465535.0
2026-04-24 03:30:00,1777001400000,0.2487,0.2495,0.248,0.2482,14182321.0
2026-04-24 03:45:00,1777002300000,0.2482,0.2486,0.248,0.2483,1541031.0
2026-04-24 04:00:00,1777003200000,0.2483,0.2484,0.2474,0.248,9831014.0
2026-04-24 04:15:00,1777004100000,0.248,0.2485,0.2476,0.2478,1250098.0
2026-04-24 04:30:00,1777005000000,0.2478,0.2482,0.2475,0.2479,1101854.0
2026-04-24 04:45:00,1777005900000,0.2479,0.2485,0.2479,0.248,996329.0
2026-04-24 05:00:00,1777006800000,0.248,0.248,0.2473,0.2475,1524814.0
2026-04-24 05:15:00,1777007700000,0.2475,0.2479,0.2471,0.2477,1605142.0
2026-04-24 05:30:00,1777008600000,0.2477,0.248,0.2476,0.2476,981931.0
2026-04-24 05:45:00,1777009500000,0.2476,0.2488,0.2476,0.2483,2589293.0
2026-04-24 06:00:00,1777010400000,0.2483,0.2491,0.2481,0.2491,1870520.0
2026-04-24 06:15:00,1777011300000,0.2491,0.2495,0.2487,0.2489,2724956.0
2026-04-24 06:30:00,1777012200000,0.2489,0.2491,0.2484,0.2484,1153397.0
2026-04-24 06:45:00,1777013100000,0.2484,0.2489,0.2484,0.2486,617618.0
2026-04-24 07:00:00,1777014000000,0.2486,0.2493,0.2485,0.2488,521076.0
2026-04-24 07:15:00,1777014900000,0.2488,0.2489,0.2483,0.2486,592169.0
2026-04-24 07:30:00,1777015800000,0.2486,0.2489,0.2485,0.2486,1073356.0
2026-04-24 07:45:00,1777016700000,0.2486,0.2488,0.2482,0.2488,562604.0
2026-04-24 08:00:00,1777017600000,0.2488,0.2489,0.2482,0.2486,1235433.0
2026-04-24 08:15:00,1777018500000,0.2486,0.2499,0.2486,0.2499,2915483.0
2026-04-24 08:30:00,1777019400000,0.2499,0.2499,0.2489,0.2492,2298736.0
2026-04-24 08:45:00,1777020300000,0.2492,0.2495,0.2491,0.2493,1018542.0
2026-04-24 09:00:00,1777021200000,0.2493,0.2496,0.2479,0.2485,3621874.0
2026-04-24 09:15:00,1777022100000,0.2485,0.249,0.2482,0.2484,1793927.0
2026-04-24 09:30:00,1777023000000,0.2484,0.2488,0.2484,0.2488,954599.0
2026-04-24 09:45:00,1777023900000,0.2488,0.2488,0.2482,0.2485,1970663.0
2026-04-24 10:00:00,1777024800000,0.2485,0.2487,0.2481,0.2486,2230589.0
2026-04-24 10:15:00,1777025700000,0.2486,0.2499,0.2486,0.2495,1776036.0
2026-04-24 10:30:00,1777026600000,0.2495,0.2497,0.2491,0.2494,903048.0
2026-04-24 10:45:00,1777027500000,0.2494,0.2506,0.2492,0.25,2835194.0
2026-04-24 11:00:00,1777028400000,0.25,0.2514,0.25,0.2511,6142556.0
2026-04-24 11:15:00,1777029300000,0.2511,0.2518,0.2506,0.2517,4629784.0
2026-04-24 11:30:00,1777030200000,0.2517,0.2518,0.251,0.2511,2168387.0
2026-04-24 11:45:00,1777031100000,0.2511,0.2511,0.2507,0.251,991551.0
2026-04-24 12:00:00,1777032000000,0.251,0.2515,0.2508,0.2514,1867051.0
2026-04-24 12:15:00,1777032900000,0.2514,0.2514,0.2505,0.2508,2012150.0
2026-04-24 12:30:00,1777033800000,0.2508,0.2509,0.2502,0.2502,1690439.0
2026-04-24 12:45:00,1777034700000,0.2502,0.2506,0.2499,0.2504,1176178.0
2026-04-24 13:00:00,1777035600000,0.2504,0.2518,0.2504,0.2513,3451617.0
2026-04-24 13:15:00,1777036500000,0.2513,0.2516,0.2508,0.2511,914445.0
2026-04-24 13:30:00,1777037400000,0.2511,0.2511,0.2503,0.2506,2391552.0
2026-04-24 13:45:00,1777038300000,0.2506,0.2508,0.2499,0.2503,2675043.0
2026-04-24 14:00:00,1777039200000,0.2503,0.2503,0.2495,0.2498,3731395.0
2026-04-24 14:15:00,1777040100000,0.2498,0.2503,0.2493,0.2498,1477967.0
2026-04-24 14:30:00,1777041000000,0.2498,0.2511,0.2496,0.2508,2464158.0
2026-04-24 14:45:00,1777041900000,0.2508,0.2508,0.2501,0.2503,1421305.0
2026-04-24 15:00:00,1777042800000,0.2503,0.2504,0.2487,0.2494,3225726.0
2026-04-24 15:15:00,1777043700000,0.2494,0.2503,0.2493,0.25,2241231.0
2026-04-24 15:30:00,1777044600000,0.25,0.2516,0.25,0.2512,3259382.0
2026-04-24 15:45:00,1777045500000,0.2512,0.2521,0.2509,0.252,5661210.0
2026-04-24 16:00:00,1777046400000,0.252,0.2523,0.2514,0.2515,3521069.0
2026-04-24 16:15:00,1777047300000,0.2515,0.2519,0.251,0.2518,1726562.0
2026-04-24 16:30:00,1777048200000,0.2518,0.2521,0.2509,0.2514,1426389.0
2026-04-24 16:45:00,1777049100000,0.2514,0.2517,0.2511,0.2516,1233012.0
2026-04-24 17:00:00,1777050000000,0.2516,0.252,0.2514,0.252,895385.0
2026-04-24 17:15:00,1777050900000,0.252,0.252,0.2513,0.2518,1225635.0
2026-04-24 17:30:00,1777051800000,0.2518,0.2518,0.2508,0.2511,1198099.0
2026-04-24 17:45:00,1777052700000,0.2511,0.2522,0.2509,0.2517,2818644.0
2026-04-24 18:00:00,1777053600000,0.2517,0.2518,0.251,0.251,837123.0
2026-04-24 18:15:00,1777054500000,0.251,0.2514,0.2505,0.2512,2164750.0
2026-04-24 18:30:00,1777055400000,0.2512,0.2517,0.2511,0.2515,436393.0
2026-04-24 18:45:00,1777056300000,0.2515,0.2518,0.2513,0.2515,827919.0
2026-04-24 19:00:00,1777057200000,0.2515,0.2521,0.251,0.251,766428.0
2026-04-24 19:15:00,1777058100000,0.251,0.2513,0.2509,0.2511,453118.0
2026-04-24 19:30:00,1777059000000,0.2511,0.2514,0.2508,0.2513,738865.0
2026-04-24 19:45:00,1777059900000,0.2513,0.2518,0.2511,0.2515,624693.0
2026-04-24 20:00:00,1777060800000,0.2515,0.2518,0.2512,0.2513,1357497.0
2026-04-24 20:15:00,1777061700000,0.2513,0.2513,0.2505,0.2507,2144309.0
2026-04-24 20:30:00,1777062600000,0.2507,0.2518,0.2507,0.2515,673935.0
2026-04-24 20:45:00,1777063500000,0.2515,0.2524,0.2515,0.2523,1760280.0
2026-04-24 21:00:00,1777064400000,0.2523,0.2527,0.2513,0.2513,3890772.0
2026-04-24 21:15:00,1777065300000,0.2513,0.2519,0.2513,0.2516,795909.0
2026-04-24 21:30:00,1777066200000,0.2516,0.2518,0.2513,0.2514,913259.0
2026-04-24 21:45:00,1777067100000,0.2514,0.2517,0.2511,0.2514,449558.0
2026-04-24 22:00:00,1777068000000,0.2514,0.2515,0.2508,0.251,1065587.0
2026-04-24 22:15:00,1777068900000,0.251,0.2511,0.2508,0.2508,1335267.0
2026-04-24 22:30:00,1777069800000,0.2508,0.2509,0.2498,0.2502,3264678.0
2026-04-24 22:45:00,1777070700000,0.2502,0.2504,0.2499,0.25,1103782.0
2026-04-24 23:00:00,1777071600000,0.25,0.2503,0.2497,0.2502,1083884.0
2026-04-24 23:15:00,1777072500000,0.2502,0.2504,0.25,0.25,1201413.0
2026-04-24 23:30:00,1777073400000,0.25,0.2504,0.25,0.2501,581616.0
2026-04-24 23:45:00,1777074300000,0.2501,0.2504,0.25,0.2501,585023.0
2026-04-25 00:00:00,1777075200000,0.2501,0.2502,0.2494,0.2495,2018897.0
2026-04-25 00:15:00,1777076100000,0.2495,0.25,0.2495,0.2496,1338547.0
2026-04-25 00:30:00,1777077000000,0.2496,0.2499,0.2494,0.2496,1351923.0
2026-04-25 00:45:00,1777077900000,0.2496,0.2499,0.2495,0.2498,799024.0
2026-04-25 01:00:00,1777078800000,0.2498,0.2505,0.2497,0.2504,1310403.0
2026-04-25 01:15:00,1777079700000,0.2504,0.2509,0.25,0.2504,1601938.0
2026-04-25 01:30:00,1777080600000,0.2504,0.2512,0.2497,0.2511,14422836.0
2026-04-25 01:45:00,1777081500000,0.2511,0.2516,0.2511,0.2513,1226260.0
2026-04-25 02:00:00,1777082400000,0.2513,0.2519,0.2507,0.2507,11029948.0
2026-04-25 02:15:00,1777083300000,0.2507,0.251,0.2506,0.2509,1018332.0
2026-04-25 02:30:00,1777084200000,0.2509,0.2513,0.2504,0.2508,1711168.0
2026-04-25 02:45:00,1777085100000,0.2508,0.2511,0.2506,0.2509,654423.0
2026-04-25 03:00:00,1777086000000,0.2509,0.2514,0.2508,0.251,852696.0
2026-04-25 03:15:00,1777086900000,0.251,0.2514,0.2505,0.2507,1366714.0
2026-04-25 03:30:00,1777087800000,0.2507,0.2512,0.2505,0.2512,1075614.0
2026-04-25 03:45:00,1777088700000,0.2512,0.2518,0.2512,0.2514,840234.0
2026-04-25 04:00:00,1777089600000,0.2514,0.2521,0.2514,0.2515,1600453.0
2026-04-25 04:15:00,1777090500000,0.2515,0.2521,0.2513,0.2515,3671622.0
2026-04-25 04:30:00,1777091400000,0.2515,0.2517,0.2511,0.2511,739421.0
2026-04-25 04:45:00,1777092300000,0.2511,0.2513,0.2509,0.251,254669.0
2026-04-25 05:00:00,1777093200000,0.251,0.251,0.25,0.2505,2627750.0
2026-04-25 05:15:00,1777094100000,0.2505,0.2509,0.2502,0.2506,1462184.0
2026-04-25 05:30:00,1777095000000,0.2506,0.2517,0.2505,0.2515,3663497.0
2026-04-25 05:45:00,1777095900000,0.2515,0.2519,0.2513,0.2516,2050290.0
2026-04-25 06:00:00,1777096800000,0.2516,0.2527,0.2516,0.2523,3901008.0
2026-04-25 06:15:00,1777097700000,0.2523,0.2524,0.2515,0.2517,4925532.0
2026-04-25 06:30:00,1777098600000,0.2517,0.2523,0.2514,0.2516,1166595.0
2026-04-25 06:45:00,1777099500000,0.2516,0.2518,0.2511,0.2511,703718.0
2026-04-25 07:00:00,1777100400000,0.2511,0.2511,0.2505,0.2507,1953455.0
2026-04-25 07:15:00,1777101300000,0.2507,0.2512,0.2507,0.2512,1475288.0
2026-04-25 07:30:00,1777102200000,0.2512,0.2517,0.251,0.2515,1264815.0
2026-04-25 07:45:00,1777103100000,0.2515,0.2516,0.2511,0.2511,1248832.0
2026-04-25 08:00:00,1777104000000,0.2511,0.2516,0.2511,0.2514,523439.0
2026-04-25 08:15:00,1777104900000,0.2514,0.2517,0.2512,0.2516,987918.0
2026-04-25 08:30:00,1777105800000,0.2516,0.2522,0.2516,0.252,1719053.0
2026-04-25 08:45:00,1777106700000,0.252,0.2521,0.2517,0.2519,1117493.0
2026-04-25 09:00:00,1777107600000,0.2519,0.2525,0.2519,0.2525,1016112.0
2026-04-25 09:15:00,1777108500000,0.2525,0.2526,0.252,0.2523,1855237.0
2026-04-25 09:30:00,1777109400000,0.2523,0.2536,0.2522,0.2535,7400719.0
2026-04-25 09:45:00,1777110300000,0.2535,0.2538,0.2532,0.2533,2977928.0
2026-04-25 10:00:00,1777111200000,0.2533,0.2537,0.2528,0.2528,2603390.0
2026-04-25 10:15:00,1777112100000,0.2528,0.2535,0.2527,0.2534,2446382.0
2026-04-25 10:30:00,1777113000000,0.2534,0.2538,0.253,0.2531,2537155.0
2026-04-25 10:45:00,1777113900000,0.2531,0.2534,0.253,0.2533,462464.0
2026-04-25 11:00:00,1777114800000,0.2533,0.2534,0.2525,0.2527,2773072.0
2026-04-25 11:15:00,1777115700000,0.2527,0.2531,0.2524,0.2525,2338536.0
2026-04-25 11:30:00,1777116600000,0.2525,0.2525,0.2516,0.2517,3021568.0
2026-04-25 11:45:00,1777117500000,0.2517,0.2518,0.2511,0.2516,2444537.0
2026-04-25 12:00:00,1777118400000,0.2516,0.2517,0.251,0.2515,2405613.0
2026-04-25 12:15:00,1777119300000,0.2515,0.252,0.2512,0.2513,2208440.0
2026-04-25 12:30:00,1777120200000,0.2513,0.2516,0.2509,0.2515,1649759.0
2026-04-25 12:45:00,1777121100000,0.2515,0.2519,0.2514,0.2515,1090578.0
2026-04-25 13:00:00,1777122000000,0.2515,0.2524,0.2514,0.2523,1957062.0
2026-04-25 13:15:00,1777122900000,0.2523,0.2535,0.2518,0.252,9646356.0
2026-04-25 13:30:00,1777123800000,0.252,0.2527,0.2519,0.2521,5163330.0
2026-04-25 13:45:00,1777124700000,0.2521,0.2522,0.2518,0.2518,1604425.0
2026-04-25 14:00:00,1777125600000,0.2518,0.252,0.2511,0.2515,2368661.0
2026-04-25 14:15:00,1777126500000,0.2515,0.2518,0.2511,0.2513,1423243.0
2026-04-25 14:30:00,1777127400000,0.2513,0.2517,0.2511,0.2513,2660411.0
2026-04-25 14:45:00,1777128300000,0.2513,0.2515,0.2507,0.2507,2429281.0
2026-04-25 15:00:00,1777129200000,0.2507,0.2509,0.2505,0.2507,1757096.0
2026-04-25 15:15:00,1777130100000,0.2507,0.251,0.2506,0.2507,563867.0
2026-04-25 15:30:00,1777131000000,0.2507,0.2509,0.2505,0.2506,1149567.0
2026-04-25 15:45:00,1777131900000,0.2506,0.2506,0.2495,0.25,6928525.0
2026-04-25 16:00:00,1777132800000,0.25,0.2504,0.2497,0.2499,2850917.0
2026-04-25 16:15:00,1777133700000,0.2499,0.2502,0.2496,0.25,1767597.0
2026-04-25 16:30:00,1777134600000,0.25,0.2502,0.2486,0.2493,5456776.0
2026-04-25 16:45:00,1777135500000,0.2493,0.2495,0.249,0.2492,1697458.0
2026-04-25 17:00:00,1777136400000,0.2492,0.2492,0.2488,0.249,1693517.0
2026-04-25 17:15:00,1777137300000,0.249,0.2495,0.2483,0.2484,3150888.0
2026-04-25 17:30:00,1777138200000,0.2484,0.2487,0.2481,0.2485,1899096.0
2026-04-25 17:45:00,1777139100000,0.2485,0.2487,0.2483,0.2484,777235.0
2026-04-25 18:00:00,1777140000000,0.2484,0.2488,0.2482,0.2484,1385248.0
2026-04-25 18:15:00,1777140900000,0.2484,0.2486,0.2481,0.2486,2495009.0
2026-04-25 18:30:00,1777141800000,0.2486,0.2491,0.2485,0.2488,1990494.0
2026-04-25 18:45:00,1777142700000,0.2488,0.2491,0.2486,0.2487,275956.0
2026-04-25 19:00:00,1777143600000,0.2487,0.2489,0.2485,0.2488,837055.0
2026-04-25 19:15:00,1777144500000,0.2488,0.2491,0.2486,0.2487,826633.0
2026-04-25 19:30:00,1777145400000,0.2487,0.2487,0.2484,0.2485,272036.0
2026-04-25 19:45:00,1777146300000,0.2485,0.249,0.2483,0.2489,839215.0
2026-04-25 20:00:00,1777147200000,0.2489,0.2493,0.2487,0.2491,708607.0
2026-04-25 20:15:00,1777148100000,0.2491,0.2498,0.2491,0.2493,1982710.0
2026-04-25 20:30:00,1777149000000,0.2493,0.2495,0.2491,0.2492,268811.0
2026-04-25 20:45:00,1777149900000,0.2492,0.2497,0.2492,0.2497,422625.0
2026-04-25 21:00:00,1777150800000,0.2497,0.25,0.2494,0.2495,2643788.0
2026-04-25 21:15:00,1777151700000,0.2495,0.2498,0.2493,0.2494,836099.0
2026-04-25 21:30:00,1777152600000,0.2494,0.2494,0.2489,0.249,1093281.0
2026-04-25 21:45:00,1777153500000,0.249,0.2492,0.249,0.2491,544554.0
2026-04-25 22:00:00,1777154400000,0.2491,0.2496,0.249,0.2493,1290450.0
2026-04-25 22:15:00,1777155300000,0.2493,0.25,0.2492,0.2498,1659568.0
2026-04-25 22:30:00,1777156200000,0.2498,0.2504,0.2498,0.25,1285343.0
2026-04-25 22:45:00,1777157100000,0.25,0.2501,0.2496,0.2497,685578.0
2026-04-25 23:00:00,1777158000000,0.2497,0.25,0.2495,0.2498,1399344.0
2026-04-25 23:15:00,1777158900000,0.2498,0.2501,0.2497,0.2497,413832.0
2026-04-25 23:30:00,1777159800000,0.2497,0.2501,0.2497,0.25,1096914.0
2026-04-25 23:45:00,1777160700000,0.25,0.2501,0.2499,0.25,340383.0
2026-04-26 00:00:00,1777161600000,0.25,0.2501,0.2493,0.2497,1030004.0
2026-04-26 00:15:00,1777162500000,0.2497,0.2498,0.2492,0.2493,831105.0
2026-04-26 00:30:00,1777163400000,0.2493,0.2497,0.2492,0.2497,351664.0
2026-04-26 00:45:00,1777164300000,0.2497,0.2497,0.2486,0.2491,2064237.0
2026-04-26 01:00:00,1777165200000,0.2491,0.2491,0.2484,0.2484,1067219.0
2026-04-26 01:15:00,1777166100000,0.2484,0.2488,0.2484,0.2485,889248.0
2026-04-26 01:30:00,1777167000000,0.2485,0.2491,0.2485,0.2488,444772.0
2026-04-26 01:45:00,1777167900000,0.2488,0.2489,0.2483,0.2486,860924.0
2026-04-26 02:00:00,1777168800000,0.2486,0.2496,0.2485,0.2496,1146107.0
2026-04-26 02:15:00,1777169700000,0.2496,0.2497,0.2492,0.2493,597954.0
2026-04-26 02:30:00,1777170600000,0.2493,0.2498,0.2491,0.2491,777662.0
2026-04-26 02:45:00,1777171500000,0.2491,0.2494,0.249,0.2493,433858.0
2026-04-26 03:00:00,1777172400000,0.2493,0.2498,0.2489,0.2498,429452.0
2026-04-26 03:15:00,1777173300000,0.2498,0.25,0.2492,0.2492,967683.0
2026-04-26 03:30:00,1777174200000,0.2492,0.2493,0.2486,0.249,1287702.0
2026-04-26 03:45:00,1777175100000,0.249,0.2494,0.2488,0.2493,320448.0
2026-04-26 04:00:00,1777176000000,0.2493,0.2493,0.2489,0.249,361491.0
2026-04-26 04:15:00,1777176900000,0.249,0.2492,0.2488,0.2489,479903.0
2026-04-26 04:30:00,1777177800000,0.2489,0.2497,0.2487,0.2496,727392.0
2026-04-26 04:45:00,1777178700000,0.2496,0.2506,0.2495,0.25,2180672.0
2026-04-26 05:00:00,1777179600000,0.25,0.2513,0.2497,0.2509,3677419.0
2026-04-26 05:15:00,1777180500000,0.2509,0.2514,0.2507,0.2507,2551580.0
2026-04-26 05:30:00,1777181400000,0.2507,0.2511,0.2503,0.2504,813777.0
2026-04-26 05:45:00,1777182300000,0.2504,0.2506,0.2502,0.2505,1313465.0
2026-04-26 06:00:00,1777183200000,0.2505,0.2511,0.2505,0.251,1269140.0
2026-04-26 06:15:00,1777184100000,0.251,0.2513,0.2508,0.2512,1620208.0
2026-04-26 06:30:00,1777185000000,0.2512,0.2519,0.2512,0.2516,1205138.0
2026-04-26 06:45:00,1777185900000,0.2516,0.2518,0.2511,0.2512,765764.0
2026-04-26 07:00:00,1777186800000,0.2512,0.2514,0.251,0.2512,815484.0
2026-04-26 07:15:00,1777187700000,0.2512,0.2518,0.2512,0.2514,509307.0
2026-04-26 07:30:00,1777188600000,0.2514,0.2515,0.251,0.2512,604357.0
2026-04-26 07:45:00,1777189500000,0.2512,0.2515,0.2511,0.2513,430739.0
2026-04-26 08:00:00,1777190400000,0.2513,0.2516,0.2505,0.2506,2282380.0
2026-04-26 08:15:00,1777191300000,0.2506,0.2512,0.2499,0.2509,9878302.0
2026-04-26 08:30:00,1777192200000,0.2509,0.2516,0.2508,0.2512,1389702.0
2026-04-26 08:45:00,1777193100000,0.2512,0.2516,0.2512,0.2514,876138.0
2026-04-26 09:00:00,1777194000000,0.2514,0.2516,0.2511,0.2515,1209203.0
2026-04-26 09:15:00,1777194900000,0.2515,0.253,0.2514,0.2524,7971418.0
2026-04-26 09:30:00,1777195800000,0.2524,0.2529,0.2515,0.252,11128579.0
2026-04-26 09:45:00,1777196700000,0.252,0.2523,0.2519,0.2521,1314760.0
2026-04-26 10:00:00,1777197600000,0.2521,0.2524,0.2517,0.2523,1468106.0
2026-04-26 10:15:00,1777198500000,0.2523,0.2527,0.2523,0.2525,871006.0
2026-04-26 10:30:00,1777199400000,0.2525,0.2527,0.2521,0.2524,909447.0
2026-04-26 10:45:00,1777200300000,0.2524,0.2526,0.2521,0.2523,578276.0
2026-04-26 11:00:00,1777201200000,0.2523,0.2528,0.2523,0.2527,786742.0
2026-04-26 11:15:00,1777202100000,0.2527,0.2541,0.2526,0.2539,4589477.0
2026-04-26 11:30:00,1777203000000,0.2539,0.2542,0.2535,0.2536,2137137.0
2026-04-26 11:45:00,1777203900000,0.2536,0.254,0.2533,0.2534,1662390.0
2026-04-26 12:00:00,1777204800000,0.2534,0.2537,0.2531,0.2532,1668503.0
2026-04-26 12:15:00,1777205700000,0.2532,0.2532,0.2523,0.2525,1734486.0
2026-04-26 12:30:00,1777206600000,0.2525,0.2526,0.2521,0.2522,1517040.0
2026-04-26 12:45:00,1777207500000,0.2522,0.2526,0.2517,0.2524,2266260.0
2026-04-26 13:00:00,1777208400000,0.2524,0.2528,0.2521,0.2528,971578.0
2026-04-26 13:15:00,1777209300000,0.2528,0.2528,0.2519,0.2522,972106.0
2026-04-26 13:30:00,1777210200000,0.2522,0.2524,0.2516,0.2518,1249809.0
2026-04-26 13:45:00,1777211100000,0.2518,0.2519,0.2515,0.2517,845394.0
2026-04-26 14:00:00,1777212000000,0.2517,0.2519,0.2515,0.2517,642443.0
2026-04-26 14:15:00,1777212900000,0.2517,0.2526,0.2512,0.2524,2394511.0
2026-04-26 14:30:00,1777213800000,0.2524,0.2529,0.2522,0.2526,947043.0
2026-04-26 14:45:00,1777214700000,0.2526,0.2528,0.2522,0.2523,961720.0
2026-04-26 15:00:00,1777215600000,0.2523,0.2525,0.2521,0.2523,805296.0
2026-04-26 15:15:00,1777216500000,0.2523,0.2527,0.2521,0.2527,893311.0
2026-04-26 15:30:00,1777217400000,0.2527,0.2527,0.2517,0.2519,5051437.0
2026-04-26 15:45:00,1777218300000,0.2519,0.2527,0.2517,0.2526,2248551.0
2026-04-26 16:00:00,1777219200000,0.2526,0.2527,0.2522,0.2524,895213.0
2026-04-26 16:15:00,1777220100000,0.2524,0.2525,0.2519,0.2519,971649.0
2026-04-26 16:30:00,1777221000000,0.2519,0.2522,0.2515,0.2517,1020650.0
2026-04-26 16:45:00,1777221900000,0.2517,0.2519,0.2502,0.2514,5849503.0
2026-04-26 17:00:00,1777222800000,0.2514,0.2517,0.2507,0.2514,1091379.0
2026-04-26 17:15:00,1777223700000,0.2514,0.2521,0.2514,0.2518,1813625.0
2026-04-26 17:30:00,1777224600000,0.2518,0.2518,0.2512,0.2515,1013676.0
2026-04-26 17:45:00,1777225500000,0.2515,0.252,0.2515,0.2518,1035718.0
2026-04-26 18:00:00,1777226400000,0.2518,0.2526,0.2512,0.2525,2054127.0
2026-04-26 18:15:00,1777227300000,0.2525,0.2529,0.2522,0.2523,2145357.0
2026-04-26 18:30:00,1777228200000,0.2523,0.2526,0.2522,0.2524,399308.0
2026-04-26 18:45:00,1777229100000,0.2524,0.2528,0.2523,0.2524,1353691.0
2026-04-26 19:00:00,1777230000000,0.2524,0.2525,0.2522,0.2525,871835.0
2026-04-26 19:15:00,1777230900000,0.2525,0.2535,0.2519,0.2524,3657631.0
2026-04-26 19:30:00,1777231800000,0.2524,0.2526,0.2519,0.2524,1553834.0
2026-04-26 19:45:00,1777232700000,0.2524,0.2526,0.2521,0.2522,820743.0
2026-04-26 20:00:00,1777233600000,0.2522,0.2525,0.252,0.252,840925.0
2026-04-26 20:15:00,1777234500000,0.252,0.2525,0.2519,0.2523,1285787.0
2026-04-26 20:30:00,1777235400000,0.2523,0.2529,0.252,0.252,1401739.0
2026-04-26 20:45:00,1777236300000,0.252,0.2524,0.2517,0.2517,967001.0
2026-04-26 21:00:00,1777237200000,0.2517,0.2524,0.2517,0.2522,1424727.0
2026-04-26 21:15:00,1777238100000,0.2522,0.2527,0.2521,0.2523,1361231.0
2026-04-26 21:30:00,1777239000000,0.2523,0.2523,0.2511,0.2511,3310636.0
2026-04-26 21:45:00,1777239900000,0.2511,0.2527,0.2505,0.2525,5872120.0
2026-04-26 22:00:00,1777240800000,0.2525,0.2531,0.2517,0.2523,4713075.0
2026-04-26 22:15:00,1777241700000,0.2523,0.2533,0.2522,0.2522,4127634.0
2026-04-26 22:30:00,1777242600000,0.2522,0.2522,0.2509,0.2515,3158801.0
2026-04-26 22:45:00,1777243500000,0.2515,0.2521,0.2515,0.2516,1287876.0
2026-04-26 23:00:00,1777244400000,0.2516,0.2516,0.2512,0.2514,838752.0
2026-04-26 23:15:00,1777245300000,0.2514,0.2522,0.2511,0.2513,1037709.0
2026-04-26 23:30:00,1777246200000,0.2513,0.2523,0.251,0.2523,1248152.0
2026-04-26 23:45:00,1777247100000,0.2523,0.2529,0.252,0.252,2327732.0
2026-04-27 00:00:00,1777248000000,0.252,0.2527,0.2519,0.2522,1040501.0
2026-04-27 00:15:00,1777248900000,0.2522,0.2527,0.2515,0.2516,1843339.0
2026-04-27 00:30:00,1777249800000,0.2516,0.2531,0.2514,0.2531,1391316.0
2026-04-27 00:45:00,1777250700000,0.2531,0.2549,0.2527,0.2546,6902196.0
2026-04-27 01:00:00,1777251600000,0.2546,0.2559,0.2544,0.2545,5558136.0
2026-04-27 01:15:00,1777252500000,0.2545,0.2547,0.2535,0.2542,2853758.0
2026-04-27 01:30:00,1777253400000,0.2542,0.2552,0.2541,0.2547,1931770.0
2026-04-27 01:45:00,1777254300000,0.2547,0.2558,0.2547,0.2558,5277515.0
2026-04-27 02:00:00,1777255200000,0.2558,0.256,0.2544,0.2547,2314928.0
2026-04-27 02:15:00,1777256100000,0.2547,0.2554,0.2543,0.2548,1968304.0
2026-04-27 02:30:00,1777257000000,0.2548,0.2555,0.2545,0.2547,1999546.0
2026-04-27 02:45:00,1777257900000,0.2547,0.2556,0.2547,0.2552,1676743.0
2026-04-27 03:00:00,1777258800000,0.2552,0.2558,0.2548,0.2554,3425921.0
2026-04-27 03:15:00,1777259700000,0.2554,0.2556,0.2548,0.2552,3613114.0
2026-04-27 03:30:00,1777260600000,0.2552,0.2557,0.255,0.2551,1065176.0
2026-04-27 03:45:00,1777261500000,0.2551,0.2552,0.2539,0.254,2450511.0
2026-04-27 04:00:00,1777262400000,0.254,0.2541,0.2535,0.2536,2648692.0
2026-04-27 04:15:00,1777263300000,0.2536,0.2544,0.2526,0.2543,12095075.0
2026-04-27 04:30:00,1777264200000,0.2543,0.2544,0.2534,0.2536,3672834.0
2026-04-27 04:45:00,1777265100000,0.2536,0.2536,0.2526,0.2531,2209515.0
2026-04-27 05:00:00,1777266000000,0.2531,0.2532,0.2508,0.2509,7025481.0
2026-04-27 05:15:00,1777266900000,0.2509,0.2509,0.2482,0.2486,21655138.0
2026-04-27 05:30:00,1777267800000,0.2486,0.2489,0.2476,0.2485,9154780.0
2026-04-27 05:45:00,1777268700000,0.2485,0.2486,0.2479,0.2482,4825488.0
2026-04-27 06:00:00,1777269600000,0.2482,0.2485,0.2474,0.2483,4114011.0
2026-04-27 06:15:00,1777270500000,0.2483,0.2489,0.2477,0.2477,2609088.0
2026-04-27 06:30:00,1777271400000,0.2477,0.2477,0.2461,0.2472,12934289.0
2026-04-27 06:45:00,1777272300000,0.2472,0.2478,0.247,0.2476,2597575.0
2026-04-27 07:00:00,1777273200000,0.2476,0.2478,0.247,0.2474,3013209.0
2026-04-27 07:15:00,1777274100000,0.2474,0.2476,0.247,0.2473,1309364.0
2026-04-27 07:30:00,1777275000000,0.2473,0.2475,0.2469,0.2475,1521601.0
2026-04-27 07:45:00,1777275900000,0.2475,0.2477,0.2468,0.2468,2057138.0
2026-04-27 08:00:00,1777276800000,0.2468,0.247,0.2464,0.2468,3637144.0
2026-04-27 08:15:00,1777277700000,0.2468,0.2473,0.2466,0.2466,2500813.0
2026-04-27 08:30:00,1777278600000,0.2466,0.247,0.2465,0.2466,2042606.0
2026-04-27 08:45:00,1777279500000,0.2466,0.2475,0.2466,0.2475,2713110.0
2026-04-27 09:00:00,1777280400000,0.2475,0.2479,0.2473,0.2479,6256886.0
2026-04-27 09:15:00,1777281300000,0.2479,0.2479,0.2471,0.2475,2330435.0
2026-04-27 09:30:00,1777282200000,0.2475,0.2478,0.2472,0.2474,4690994.0
2026-04-27 09:45:00,1777283100000,0.2474,0.2476,0.2472,0.2473,1005795.0
2026-04-27 10:00:00,1777284000000,0.2473,0.2477,0.2471,0.2476,2081203.0
2026-04-27 10:15:00,1777284900000,0.2476,0.2479,0.2474,0.2476,757660.0
2026-04-27 10:30:00,1777285800000,0.2476,0.2477,0.2473,0.2474,1197189.0
2026-04-27 10:45:00,1777286700000,0.2474,0.2478,0.2474,0.2475,789848.0
2026-04-27 11:00:00,1777287600000,0.2475,0.2475,0.2468,0.2472,3312319.0
2026-04-27 11:15:00,1777288500000,0.2472,0.2476,0.2468,0.2474,645586.0
2026-04-27 11:30:00,1777289400000,0.2474,0.2476,0.2471,0.2472,2323413.0
2026-04-27 11:45:00,1777290300000,0.2472,0.2477,0.2472,0.2476,1959172.0
2026-04-27 12:00:00,1777291200000,0.2476,0.2476,0.2469,0.2473,1844243.0
2026-04-27 12:15:00,1777292100000,0.2473,0.2474,0.2469,0.2473,1137137.0
2026-04-27 12:30:00,1777293000000,0.2473,0.2474,0.2468,0.2473,1114454.0
2026-04-27 12:45:00,1777293900000,0.2473,0.2479,0.2471,0.2475,5241359.0
2026-04-27 13:00:00,1777294800000,0.2475,0.2481,0.2475,0.2478,2390827.0
2026-04-27 13:15:00,1777295700000,0.2478,0.2478,0.2473,0.2473,1207501.0
2026-04-27 13:30:00,1777296600000,0.2473,0.2475,0.2469,0.2472,1644392.0
2026-04-27 13:45:00,1777297500000,0.2472,0.2473,0.2455,0.2469,14334695.0
2026-04-27 14:00:00,1777298400000,0.2469,0.2475,0.2463,0.247,2559304.0
2026-04-27 14:15:00,1777299300000,0.247,0.2474,0.2466,0.2471,1782368.0
2026-04-27 14:30:00,1777300200000,0.2471,0.2486,0.2469,0.2483,7750097.0
2026-04-27 14:45:00,1777301100000,0.2483,0.2484,0.247,0.2476,3569189.0
2026-04-27 15:00:00,1777302000000,0.2476,0.2477,0.2458,0.246,6558345.0
2026-04-27 15:15:00,1777302900000,0.246,0.246,0.2429,0.2446,21249895.0
2026-04-27 15:30:00,1777303800000,0.2446,0.245,0.2444,0.2449,4475735.0
2026-04-27 15:45:00,1777304700000,0.2449,0.2449,0.2439,0.2444,3577161.0
2026-04-27 16:00:00,1777305600000,0.2444,0.2447,0.2439,0.2445,3045970.0
2026-04-27 16:15:00,1777306500000,0.2445,0.2453,0.2444,0.2444,2168397.0
2026-04-27 16:30:00,1777307400000,0.2444,0.2448,0.2442,0.2442,547792.0
2026-04-27 16:45:00,1777308300000,0.2442,0.2448,0.2442,0.2447,843139.0
2026-04-27 17:00:00,1777309200000,0.2447,0.2455,0.2447,0.2453,738028.0
2026-04-27 17:15:00,1777310100000,0.2453,0.2459,0.2449,0.2455,2069696.0
2026-04-27 17:30:00,1777311000000,0.2455,0.2458,0.2452,0.2456,1233394.0
2026-04-27 17:45:00,1777311900000,0.2456,0.2457,0.2448,0.2448,1173846.0
2026-04-27 18:00:00,1777312800000,0.2448,0.2451,0.2446,0.245,1282437.0
2026-04-27 18:15:00,1777313700000,0.245,0.2458,0.245,0.2454,449156.0
2026-04-27 18:30:00,1777314600000,0.2454,0.2457,0.2453,0.2457,740667.0
2026-04-27 18:45:00,1777315500000,0.2457,0.2459,0.2454,0.2456,358495.0
2026-04-27 19:00:00,1777316400000,0.2456,0.2459,0.2451,0.2454,1953991.0
2026-04-27 19:15:00,1777317300000,0.2454,0.2455,0.2444,0.2445,673725.0
2026-04-27 19:30:00,1777318200000,0.2445,0.2452,0.2441,0.245,1951602.0
2026-04-27 19:45:00,1777319100000,0.245,0.2453,0.2449,0.2451,865860.0
2026-04-27 20:00:00,1777320000000,0.2451,0.2458,0.2451,0.2455,1374835.0
2026-04-27 20:15:00,1777320900000,0.2455,0.2458,0.2454,0.2458,688966.0
2026-04-27 20:30:00,1777321800000,0.2458,0.2461,0.2457,0.2459,1356889.0
2026-04-27 20:45:00,1777322700000,0.2459,0.2459,0.2455,0.2456,1381068.0
2026-04-27 21:00:00,1777323600000,0.2456,0.2456,0.2451,0.2454,2096067.0
2026-04-27 21:15:00,1777324500000,0.2454,0.2456,0.2452,0.2454,476752.0
2026-04-27 21:30:00,1777325400000,0.2454,0.2461,0.2454,0.2458,658916.0
2026-04-27 21:45:00,1777326300000,0.2458,0.2458,0.245,0.2451,1307974.0
2026-04-27 22:00:00,1777327200000,0.2451,0.2457,0.2448,0.2456,1349786.0
2026-04-27 22:15:00,1777328100000,0.2456,0.2461,0.2455,0.2461,876026.0
2026-04-27 22:30:00,1777329000000,0.2461,0.2466,0.246,0.2464,1202690.0
2026-04-27 22:45:00,1777329900000,0.2464,0.2468,0.2463,0.2467,835115.0
2026-04-27 23:00:00,1777330800000,0.2467,0.2471,0.2467,0.2467,826392.0
2026-04-27 23:15:00,1777331700000,0.2467,0.2477,0.2467,0.2475,2940698.0
2026-04-27 23:30:00,1777332600000,0.2475,0.2481,0.2473,0.2477,1787441.0
2026-04-27 23:45:00,1777333500000,0.2477,0.2484,0.2475,0.248,2182719.0
2026-04-28 00:00:00,1777334400000,0.248,0.2483,0.2474,0.2478,2119776.0
2026-04-28 00:15:00,1777335300000,0.2478,0.2481,0.2472,0.2474,639950.0
2026-04-28 00:30:00,1777336200000,0.2474,0.2482,0.2474,0.2478,1093174.0
2026-04-28 00:45:00,1777337100000,0.2478,0.2482,0.2475,0.2477,1462545.0
2026-04-28 01:00:00,1777338000000,0.2477,0.248,0.2475,0.248,434577.0
2026-04-28 01:15:00,1777338900000,0.248,0.248,0.2476,0.2478,400939.0
2026-04-28 01:30:00,1777339800000,0.2478,0.248,0.2474,0.2475,3270369.0
2026-04-28 01:45:00,1777340700000,0.2475,0.2481,0.2475,0.2476,2295041.0
2026-04-28 02:00:00,1777341600000,0.2476,0.2482,0.2476,0.2479,731422.0
2026-04-28 02:15:00,1777342500000,0.2479,0.2484,0.2475,0.2476,1292172.0
2026-04-28 02:30:00,1777343400000,0.2476,0.2477,0.2464,0.2467,4301589.0
2026-04-28 02:45:00,1777344300000,0.2467,0.2474,0.2466,0.2472,1531743.0
2026-04-28 03:00:00,1777345200000,0.2472,0.2475,0.2468,0.2473,2019789.0
2026-04-28 03:15:00,1777346100000,0.2473,0.2473,0.2467,0.2469,776662.0
2026-04-28 03:30:00,1777347000000,0.2469,0.2472,0.2467,0.2469,653282.0
2026-04-28 03:45:00,1777347900000,0.2469,0.2472,0.2465,0.2471,1131615.0
2026-04-28 04:00:00,1777348800000,0.2471,0.2474,0.2469,0.2473,988596.0
2026-04-28 04:15:00,1777349700000,0.2473,0.2481,0.2468,0.2472,2190280.0
2026-04-28 04:30:00,1777350600000,0.2472,0.2476,0.2468,0.2472,2020919.0
2026-04-28 04:45:00,1777351500000,0.2472,0.2475,0.2472,0.2473,343545.0
2026-04-28 05:00:00,1777352400000,0.2473,0.2482,0.2473,0.2478,1360472.0
2026-04-28 05:15:00,1777353300000,0.2478,0.2487,0.2477,0.2481,1920745.0
2026-04-28 05:30:00,1777354200000,0.2481,0.2483,0.2473,0.2473,4057231.0
2026-04-28 05:45:00,1777355100000,0.2473,0.2478,0.2473,0.2476,1316104.0
2026-04-28 06:00:00,1777356000000,0.2476,0.2482,0.2476,0.2478,555805.0
2026-04-28 06:15:00,1777356900000,0.2478,0.2479,0.247,0.2472,1479720.0
2026-04-28 06:30:00,1777357800000,0.2472,0.2474,0.2456,0.2459,3148161.0
2026-04-28 06:45:00,1777358700000,0.2459,0.2463,0.2457,0.2463,1477673.0
2026-04-28 07:00:00,1777359600000,0.2463,0.2463,0.2456,0.2457,880134.0
2026-04-28 07:15:00,1777360500000,0.2457,0.2462,0.2449,0.2462,2799241.0
2026-04-28 07:30:00,1777361400000,0.2462,0.2472,0.246,0.247,2200209.0
2026-04-28 07:45:00,1777362300000,0.247,0.2478,0.2464,0.2468,13121085.0
2026-04-28 08:00:00,1777363200000,0.2468,0.2469,0.2464,0.2466,1890190.0
2026-04-28 08:15:00,1777364100000,0.2466,0.247,0.2464,0.2466,1911875.0
2026-04-28 08:30:00,1777365000000,0.2466,0.2469,0.2457,0.2464,11107155.0
2026-04-28 08:45:00,1777365900000,0.2464,0.2466,0.2459,0.2466,1438602.0
2026-04-28 09:00:00,1777366800000,0.2466,0.2466,0.2461,0.2464,1166693.0
2026-04-28 09:15:00,1777367700000,0.2464,0.2469,0.2463,0.2469,972370.0
2026-04-28 09:30:00,1777368600000,0.2469,0.2469,0.2461,0.2461,914099.0
2026-04-28 09:45:00,1777369500000,0.2461,0.2462,0.2453,0.2459,1745045.0
2026-04-28 10:00:00,1777370400000,0.2459,0.2464,0.2457,0.2459,1105981.0
2026-04-28 10:15:00,1777371300000,0.2459,0.2462,0.2457,0.2459,652021.0
2026-04-28 10:30:00,1777372200000,0.2459,0.2463,0.2458,0.2462,695780.0
2026-04-28 10:45:00,1777373100000,0.2462,0.2464,0.246,0.2463,1123274.0
2026-04-28 11:00:00,1777374000000,0.2463,0.2465,0.2458,0.2458,529650.0
2026-04-28 11:15:00,1777374900000,0.2458,0.2462,0.2455,0.2459,1565002.0
2026-04-28 11:30:00,1777375800000,0.2459,0.246,0.2451,0.2456,1572976.0
2026-04-28 11:45:00,1777376700000,0.2456,0.2457,0.2449,0.2455,1378532.0
2026-04-28 12:00:00,1777377600000,0.2455,0.2456,0.2451,0.2452,1594560.0
2026-04-28 12:15:00,1777378500000,0.2452,0.2459,0.2446,0.245,6355839.0
2026-04-28 12:30:00,1777379400000,0.245,0.246,0.2447,0.2458,3234191.0
2026-04-28 12:45:00,1777380300000,0.2458,0.2463,0.2457,0.2462,4018518.0
2026-04-28 13:00:00,1777381200000,0.2462,0.2462,0.2447,0.2454,2867490.0
2026-04-28 13:15:00,1777382100000,0.2454,0.2465,0.245,0.246,2702204.0
2026-04-28 13:30:00,1777383000000,0.246,0.2467,0.2457,0.2465,2028176.0
2026-04-28 13:45:00,1777383900000,0.2465,0.2473,0.2458,0.2462,3655182.0
2026-04-28 14:00:00,1777384800000,0.2462,0.2462,0.2452,0.2452,1130707.0
2026-04-28 14:15:00,1777385700000,0.2452,0.2455,0.2442,0.2447,3971736.0
2026-04-28 14:30:00,1777386600000,0.2447,0.2452,0.2441,0.2452,1765618.0
2026-04-28 14:45:00,1777387500000,0.2452,0.246,0.2447,0.246,2843278.0
2026-04-28 15:00:00,1777388400000,0.246,0.2466,0.246,0.2462,2607028.0
2026-04-28 15:15:00,1777389300000,0.2462,0.2462,0.2454,0.2456,1640962.0
2026-04-28 15:30:00,1777390200000,0.2456,0.2461,0.245,0.2457,1909196.0
2026-04-28 15:45:00,1777391100000,0.2457,0.2465,0.2456,0.2465,947811.0
2026-04-28 16:00:00,1777392000000,0.2465,0.2466,0.2461,0.2465,1218474.0
2026-04-28 16:15:00,1777392900000,0.2465,0.2468,0.2462,0.2463,953189.0
2026-04-28 16:30:00,1777393800000,0.2463,0.2464,0.2456,0.2457,789849.0
2026-04-28 16:45:00,1777394700000,0.2457,0.2463,0.2455,0.246,2740681.0
2026-04-28 17:00:00,1777395600000,0.246,0.246,0.2454,0.2454,1169235.0
2026-04-28 17:15:00,1777396500000,0.2454,0.2457,0.245,0.2456,1833560.0
2026-04-28 17:30:00,1777397400000,0.2456,0.2466,0.2455,0.2461,1335470.0
2026-04-28 17:45:00,1777398300000,0.2461,0.2462,0.2458,0.246,844189.0
2026-04-28 18:00:00,1777399200000,0.246,0.2464,0.2458,0.246,714109.0
2026-04-28 18:15:00,1777400100000,0.246,0.2469,0.2459,0.2467,2080166.0
2026-04-28 18:30:00,1777401000000,0.2467,0.2469,0.2463,0.2464,577747.0
2026-04-28 18:45:00,1777401900000,0.2464,0.2471,0.2463,0.247,850600.0
2026-04-28 19:00:00,1777402800000,0.247,0.247,0.2464,0.2465,977196.0
2026-04-28 19:15:00,1777403700000,0.2465,0.2469,0.2463,0.2468,529011.0
2026-04-28 19:30:00,1777404600000,0.2468,0.2473,0.2466,0.2473,463304.0
2026-04-28 19:45:00,1777405500000,0.2473,0.2475,0.247,0.2471,3998675.0
2026-04-28 20:00:00,1777406400000,0.2471,0.2477,0.2471,0.2471,1009938.0
2026-04-28 20:15:00,1777407300000,0.2471,0.2472,0.247,0.2471,462283.0
2026-04-28 20:30:00,1777408200000,0.2471,0.2474,0.2469,0.2471,947324.0
2026-04-28 20:45:00,1777409100000,0.2471,0.2475,0.2471,0.2474,382542.0
2026-04-28 21:00:00,1777410000000,0.2474,0.2481,0.2473,0.2475,3051437.0
2026-04-28 21:15:00,1777410900000,0.2475,0.2478,0.2473,0.2473,400411.0
2026-04-28 21:30:00,1777411800000,0.2473,0.2478,0.2473,0.2477,1452621.0
2026-04-28 21:45:00,1777412700000,0.2477,0.2477,0.2472,0.2474,413521.0
2026-04-28 22:00:00,1777413600000,0.2474,0.2478,0.2467,0.2469,1954305.0
2026-04-28 22:15:00,1777414500000,0.2469,0.247,0.2468,0.2469,798115.0
2026-04-28 22:30:00,1777415400000,0.2469,0.2469,0.2465,0.2466,723168.0
2026-04-28 22:45:00,1777416300000,0.2466,0.2468,0.2465,0.2466,513247.0
2026-04-28 23:00:00,1777417200000,0.2466,0.2468,0.2464,0.2467,540647.0
2026-04-28 23:15:00,1777418100000,0.2467,0.2468,0.2463,0.2463,475399.0
2026-04-28 23:30:00,1777419000000,0.2463,0.2466,0.2462,0.2464,756006.0
2026-04-28 23:45:00,1777419900000,0.2464,0.2468,0.2464,0.2467,644754.0
2026-04-29 00:00:00,1777420800000,0.2467,0.2468,0.2463,0.2466,1347821.0
2026-04-29 00:15:00,1777421700000,0.2466,0.2467,0.2463,0.2465,410289.0
2026-04-29 00:30:00,1777422600000,0.2465,0.247,0.2464,0.2469,387558.0
2026-04-29 00:45:00,1777423500000,0.2469,0.2472,0.2466,0.2469,1269064.0
2026-04-29 01:00:00,1777424400000,0.2469,0.247,0.2463,0.2466,645776.0
2026-04-29 01:15:00,1777425300000,0.2466,0.2468,0.2463,0.2463,783651.0
2026-04-29 01:30:00,1777426200000,0.2463,0.2467,0.246,0.2467,1083681.0
2026-04-29 01:45:00,1777427100000,0.2467,0.2475,0.2467,0.2471,1557261.0
2026-04-29 02:00:00,1777428000000,0.2471,0.2477,0.2471,0.2473,732731.0
2026-04-29 02:15:00,1777428900000,0.2473,0.2475,0.247,0.247,590439.0
2026-04-29 02:30:00,1777429800000,0.247,0.2471,0.2466,0.2469,1013462.0
2026-04-29 02:45:00,1777430700000,0.2469,0.2473,0.2468,0.2473,490857.0
2026-04-29 03:00:00,1777431600000,0.2473,0.2478,0.2473,0.2476,1240032.0
2026-04-29 03:15:00,1777432500000,0.2476,0.2492,0.2476,0.2486,10282118.0
2026-04-29 03:30:00,1777433400000,0.2486,0.2494,0.2479,0.2491,3100997.0
2026-04-29 03:45:00,1777434300000,0.2491,0.2492,0.2486,0.2489,1051257.0
2026-04-29 04:00:00,1777435200000,0.2489,0.2493,0.2485,0.2485,1139733.0
2026-04-29 04:15:00,1777436100000,0.2485,0.2491,0.2485,0.2488,2074012.0
2026-04-29 04:30:00,1777437000000,0.2488,0.2505,0.2486,0.2495,6166087.0
2026-04-29 04:45:00,1777437900000,0.2495,0.25,0.2492,0.2493,1339335.0
2026-04-29 05:00:00,1777438800000,0.2493,0.2496,0.2487,0.2492,1193172.0
2026-04-29 05:15:00,1777439700000,0.2492,0.2497,0.2491,0.2497,716143.0
2026-04-29 05:30:00,1777440600000,0.2497,0.2497,0.249,0.2492,495454.0
2026-04-29 05:45:00,1777441500000,0.2492,0.2497,0.2492,0.2493,2163831.0
2026-04-29 06:00:00,1777442400000,0.2493,0.2499,0.2489,0.2491,3379222.0
2026-04-29 06:15:00,1777443300000,0.2491,0.2493,0.2487,0.2491,2021029.0
2026-04-29 06:30:00,1777444200000,0.2491,0.2494,0.2486,0.2487,1555639.0
2026-04-29 06:45:00,1777445100000,0.2487,0.2488,0.2482,0.2488,5443953.0
2026-04-29 07:00:00,1777446000000,0.2488,0.249,0.2486,0.249,1291998.0
2026-04-29 07:15:00,1777446900000,0.249,0.2496,0.2488,0.2495,2317697.0
2026-04-29 07:30:00,1777447800000,0.2495,0.2504,0.2495,0.2497,3695938.0
2026-04-29 07:45:00,1777448700000,0.2497,0.2497,0.249,0.2493,1780057.0
2026-04-29 08:00:00,1777449600000,0.2493,0.2497,0.2492,0.2495,2280195.0
2026-04-29 08:15:00,1777450500000,0.2495,0.25,0.2493,0.2498,1206875.0
2026-04-29 08:30:00,1777451400000,0.2498,0.2498,0.2491,0.2496,1563065.0
2026-04-29 08:45:00,1777452300000,0.2496,0.2497,0.2492,0.2494,935960.0
2026-04-29 09:00:00,1777453200000,0.2494,0.2496,0.249,0.2494,1146173.0
2026-04-29 09:15:00,1777454100000,0.2494,0.2503,0.2494,0.25,1758374.0
2026-04-29 09:30:00,1777455000000,0.25,0.2513,0.25,0.2509,6403965.0
2026-04-29 09:45:00,1777455900000,0.2509,0.2532,0.2508,0.2528,13204355.0
2026-04-29 10:00:00,1777456800000,0.2528,0.2535,0.2528,0.2533,5888882.0
2026-04-29 10:15:00,1777457700000,0.2533,0.254,0.2531,0.2539,4848026.0
2026-04-29 10:30:00,1777458600000,0.2539,0.2539,0.2515,0.2521,6980710.0
2026-04-29 10:45:00,1777459500000,0.2521,0.2532,0.2521,0.2524,2651042.0
2026-04-29 11:00:00,1777460400000,0.2524,0.2526,0.2519,0.2522,2245344.0
2026-04-29 11:15:00,1777461300000,0.2522,0.2524,0.2515,0.2516,2452706.0
2026-04-29 11:30:00,1777462200000,0.2516,0.252,0.2512,0.2516,4607392.0
2026-04-29 11:45:00,1777463100000,0.2516,0.2517,0.2511,0.2512,1507869.0
2026-04-29 12:00:00,1777464000000,0.2512,0.2513,0.2492,0.2493,9849703.0
2026-04-29 12:15:00,1777464900000,0.2493,0.2499,0.248,0.249,18868744.0
2026-04-29 12:30:00,1777465800000,0.249,0.2492,0.2483,0.2491,2488857.0
2026-04-29 12:45:00,1777466700000,0.2491,0.2493,0.2487,0.249,2649177.0
2026-04-29 13:00:00,1777467600000,0.249,0.2492,0.2486,0.2488,1202856.0
2026-04-29 13:15:00,1777468500000,0.2488,0.249,0.2475,0.2478,5681710.0
2026-04-29 13:30:00,1777469400000,0.2478,0.2479,0.2463,0.2468,9571637.0
2026-04-29 13:45:00,1777470300000,0.2468,0.2476,0.2462,0.2475,3678227.0
2026-04-29 14:00:00,1777471200000,0.2475,0.2475,0.2464,0.2467,1874624.0
2026-04-29 14:15:00,1777472100000,0.2467,0.2472,0.2465,0.247,1338213.0
2026-04-29 14:30:00,1777473000000,0.247,0.2474,0.2467,0.2469,2432600.0
2026-04-29 14:45:00,1777473900000,0.2469,0.2469,0.2458,0.2461,3873257.0
2026-04-29 15:00:00,1777474800000,0.2461,0.2463,0.2443,0.2449,6902517.0
2026-04-29 15:15:00,1777475700000,0.2449,0.2457,0.2447,0.2455,3091255.0
2026-04-29 15:30:00,1777476600000,0.2455,0.2457,0.2437,0.2438,7313178.0
2026-04-29 15:45:00,1777477500000,0.2438,0.2442,0.2429,0.2439,10849948.0
2026-04-29 16:00:00,1777478400000,0.2439,0.2447,0.2436,0.2442,4154101.0
2026-04-29 16:15:00,1777479300000,0.2442,0.2445,0.243,0.2436,5027596.0
2026-04-29 16:30:00,1777480200000,0.2436,0.2437,0.2422,0.2433,6855397.0
2026-04-29 16:45:00,1777481100000,0.2433,0.2434,0.2427,0.2433,3051423.0
2026-04-29 17:00:00,1777482000000,0.2433,0.244,0.2432,0.2435,1968707.0
2026-04-29 17:15:00,1777482900000,0.2435,0.2444,0.2431,0.2435,4052461.0
2026-04-29 17:30:00,1777483800000,0.2435,0.2445,0.2434,0.2443,2778005.0
2026-04-29 17:45:00,1777484700000,0.2443,0.2449,0.2439,0.2449,2147754.0
2026-04-29 18:00:00,1777485600000,0.2449,0.2451,0.2381,0.2395,43414732.0
2026-04-29 18:15:00,1777486500000,0.2395,0.2406,0.2389,0.2395,12726165.0
2026-04-29 18:30:00,1777487400000,0.2395,0.2405,0.2383,0.2401,8234926.0
2026-04-29 18:45:00,1777488300000,0.2401,0.2422,0.2399,0.2415,8695307.0
2026-04-29 19:00:00,1777489200000,0.2415,0.2419,0.241,0.2418,5066926.0
2026-04-29 19:15:00,1777490100000,0.2418,0.2421,0.2414,0.2415,908645.0
2026-04-29 19:30:00,1777491000000,0.2415,0.2417,0.2407,0.2415,2784443.0
2026-04-29 19:45:00,1777491900000,0.2415,0.2418,0.2413,0.2415,1236938.0
2026-04-29 20:00:00,1777492800000,0.2415,0.2424,0.2412,0.2419,5093131.0
2026-04-29 20:15:00,1777493700000,0.2419,0.2428,0.2418,0.2428,1437127.0
2026-04-29 20:30:00,1777494600000,0.2428,0.2435,0.2426,0.2432,2069608.0
2026-04-29 20:45:00,1777495500000,0.2432,0.2435,0.243,0.2431,1207663.0
2026-04-29 21:00:00,1777496400000,0.2431,0.2435,0.2425,0.2433,2881397.0
2026-04-29 21:15:00,1777497300000,0.2433,0.2442,0.2433,0.2441,1351744.0
2026-04-29 21:30:00,1777498200000,0.2441,0.2446,0.2439,0.2445,1432158.0
2026-04-29 21:45:00,1777499100000,0.2445,0.2449,0.244,0.2442,963499.0
2026-04-29 22:00:00,1777500000000,0.2442,0.2444,0.2437,0.2444,1906399.0
2026-04-29 22:15:00,1777500900000,0.2444,0.2444,0.2437,0.2439,1517125.0
2026-04-29 22:30:00,1777501800000,0.2439,0.2446,0.2439,0.2444,2085875.0
2026-04-29 22:45:00,1777502700000,0.2444,0.2445,0.244,0.2441,479018.0
2026-04-29 23:00:00,1777503600000,0.2441,0.2443,0.2438,0.2442,773678.0
2026-04-29 23:15:00,1777504500000,0.2442,0.2443,0.2433,0.2437,2074907.0
2026-04-29 23:30:00,1777505400000,0.2437,0.2444,0.2437,0.2443,573428.0
2026-04-29 23:45:00,1777506300000,0.2443,0.2446,0.2442,0.2444,1544094.0
2026-04-30 00:00:00,1777507200000,0.2444,0.2453,0.2443,0.2445,4610376.0
2026-04-30 00:15:00,1777508100000,0.2445,0.2451,0.2443,0.245,1829152.0
2026-04-30 00:30:00,1777509000000,0.245,0.2461,0.245,0.2456,3145059.0
2026-04-30 00:45:00,1777509900000,0.2456,0.2468,0.2456,0.2464,5790825.0
2026-04-30 01:00:00,1777510800000,0.2464,0.2467,0.2458,0.2461,1330218.0
2026-04-30 01:15:00,1777511700000,0.2461,0.247,0.246,0.2465,867277.0
2026-04-30 01:30:00,1777512600000,0.2465,0.2473,0.2465,0.2467,2071285.0
2026-04-30 01:45:00,1777513500000,0.2467,0.2478,0.2466,0.2467,2797246.0
2026-04-30 02:00:00,1777514400000,0.2467,0.2474,0.2467,0.2474,1773115.0
2026-04-30 02:15:00,1777515300000,0.2474,0.2475,0.2468,0.2471,1711126.0
2026-04-30 02:30:00,1777516200000,0.2471,0.2471,0.2445,0.2449,7125902.0
2026-04-30 02:45:00,1777517100000,0.2449,0.247,0.2445,0.2464,34621184.0
2026-04-30 03:00:00,1777518000000,0.2464,0.2465,0.246,0.2462,1799567.0
2026-04-30 03:15:00,1777518900000,0.2462,0.2469,0.246,0.2468,1565971.0
2026-04-30 03:30:00,1777519800000,0.2468,0.2472,0.2464,0.247,2095464.0
2026-04-30 03:45:00,1777520700000,0.247,0.2471,0.2466,0.2466,845308.0
2026-04-30 04:00:00,1777521600000,0.2466,0.2467,0.2459,0.2462,1382319.0
2026-04-30 04:15:00,1777522500000,0.2462,0.2463,0.2456,0.2458,989906.0
2026-04-30 04:30:00,1777523400000,0.2458,0.2458,0.2447,0.2447,1955561.0
2026-04-30 04:45:00,1777524300000,0.2447,0.2452,0.2446,0.2448,854302.0
2026-04-30 05:00:00,1777525200000,0.2448,0.2459,0.2447,0.2458,828489.0
2026-04-30 05:15:00,1777526100000,0.2458,0.2459,0.2443,0.2449,2022869.0
2026-04-30 05:30:00,1777527000000,0.2449,0.2461,0.2448,0.2457,1166255.0
2026-04-30 05:45:00,1777527900000,0.2457,0.246,0.2451,0.2451,909736.0
2026-04-30 06:00:00,1777528800000,0.2451,0.2452,0.2449,0.2451,1504379.0
2026-04-30 06:15:00,1777529700000,0.2451,0.2454,0.245,0.2453,1239347.0
2026-04-30 06:30:00,1777530600000,0.2453,0.2463,0.2452,0.2455,1875239.0
2026-04-30 06:45:00,1777531500000,0.2455,0.2459,0.2452,0.2457,683453.0
2026-04-30 07:00:00,1777532400000,0.2457,0.2461,0.2453,0.2457,1027280.0
2026-04-30 07:15:00,1777533300000,0.2457,0.2466,0.2457,0.2465,1087873.0
2026-04-30 07:30:00,1777534200000,0.2465,0.2468,0.2463,0.2466,1886347.0
2026-04-30 07:45:00,1777535100000,0.2466,0.247,0.2464,0.2467,1406141.0
2026-04-30 08:00:00,1777536000000,0.2467,0.2471,0.2466,0.2466,1841841.0
2026-04-30 08:15:00,1777536900000,0.2466,0.2467,0.246,0.2464,1713251.0
2026-04-30 08:30:00,1777537800000,0.2464,0.247,0.2462,0.2469,763067.0
2026-04-30 08:45:00,1777538700000,0.2469,0.247,0.2466,0.2466,1266685.0
2026-04-30 09:00:00,1777539600000,0.2466,0.247,0.2464,0.2468,690488.0
2026-04-30 09:15:00,1777540500000,0.2468,0.2473,0.2466,0.2472,709899.0
2026-04-30 09:30:00,1777541400000,0.2472,0.2483,0.2472,0.2474,3521013.0
2026-04-30 09:45:00,1777542300000,0.2474,0.2478,0.247,0.247,897443.0
2026-04-30 10:00:00,1777543200000,0.247,0.2473,0.2464,0.2464,1087153.0
2026-04-30 10:15:00,1777544100000,0.2464,0.2466,0.2455,0.2456,1278758.0
2026-04-30 10:30:00,1777545000000,0.2456,0.2462,0.2456,0.2459,1054510.0
2026-04-30 10:45:00,1777545900000,0.2459,0.2462,0.2456,0.2458,648824.0
2026-04-30 11:00:00,1777546800000,0.2458,0.2468,0.2456,0.2466,4049068.0
2026-04-30 11:15:00,1777547700000,0.2466,0.2471,0.2464,0.2465,959154.0
2026-04-30 11:30:00,1777548600000,0.2465,0.2467,0.2456,0.2459,742685.0
2026-04-30 11:45:00,1777549500000,0.2459,0.2462,0.2452,0.2461,2263684.0
2026-04-30 12:00:00,1777550400000,0.2461,0.2465,0.2459,0.2464,1068845.0
2026-04-30 12:15:00,1777551300000,0.2464,0.2471,0.2464,0.2466,2116666.0
2026-04-30 12:30:00,1777552200000,0.2466,0.2469,0.246,0.2462,1463996.0
2026-04-30 12:45:00,1777553100000,0.2462,0.2462,0.2457,0.2457,1194794.0
2026-04-30 13:00:00,1777554000000,0.2457,0.2461,0.2456,0.2456,1144640.0
2026-04-30 13:15:00,1777554900000,0.2456,0.2459,0.2452,0.2453,1184887.0
2026-04-30 13:30:00,1777555800000,0.2453,0.2465,0.2449,0.2465,4126370.0
2026-04-30 13:45:00,1777556700000,0.2465,0.2465,0.2457,0.2459,1498313.0
2026-04-30 14:00:00,1777557600000,0.2459,0.2466,0.2454,0.2459,2410353.0
2026-04-30 14:15:00,1777558500000,0.2459,0.2459,0.2447,0.2457,2155810.0
2026-04-30 14:30:00,1777559400000,0.2457,0.2466,0.2452,0.2457,1322293.0
2026-04-30 14:45:00,1777560300000,0.2457,0.2466,0.2456,0.2459,964945.0
2026-04-30 15:00:00,1777561200000,0.2459,0.2464,0.2454,0.2463,1998744.0
2026-04-30 15:15:00,1777562100000,0.2463,0.2471,0.2461,0.247,1169155.0
2026-04-30 15:30:00,1777563000000,0.247,0.2482,0.2468,0.2472,2862836.0
2026-04-30 15:45:00,1777563900000,0.2472,0.2478,0.2468,0.2474,2707946.0
2026-04-30 16:00:00,1777564800000,0.2474,0.2474,0.2468,0.2473,1111319.0
2026-04-30 16:15:00,1777565700000,0.2473,0.2473,0.2465,0.2469,557984.0
2026-04-30 16:30:00,1777566600000,0.2469,0.247,0.2462,0.2464,761684.0
2026-04-30 16:45:00,1777567500000,0.2464,0.2469,0.246,0.2461,570356.0
2026-04-30 17:00:00,1777568400000,0.2461,0.2464,0.2456,0.2458,788704.0
2026-04-30 17:15:00,1777569300000,0.2458,0.2458,0.2452,0.2456,1038627.0
2026-04-30 17:30:00,1777570200000,0.2456,0.2462,0.2455,0.2456,717471.0
2026-04-30 17:45:00,1777571100000,0.2456,0.2462,0.2455,0.2461,516713.0
2026-04-30 18:00:00,1777572000000,0.2461,0.2467,0.2457,0.2458,1185249.0
2026-04-30 18:15:00,1777572900000,0.2458,0.2465,0.2456,0.2457,1074513.0
2026-04-30 18:30:00,1777573800000,0.2457,0.2465,0.2455,0.2463,2769015.0
2026-04-30 18:45:00,1777574700000,0.2463,0.2465,0.246,0.246,1370856.0
2026-04-30 19:00:00,1777575600000,0.246,0.2465,0.2457,0.2464,645291.0
2026-04-30 19:15:00,1777576500000,0.2464,0.2464,0.2459,0.2462,509309.0
2026-04-30 19:30:00,1777577400000,0.2462,0.2465,0.2462,0.2465,346002.0
2026-04-30 19:45:00,1777578300000,0.2465,0.2465,0.246,0.2461,599278.0
2026-04-30 20:00:00,1777579200000,0.2461,0.2465,0.2458,0.2465,1021400.0
2026-04-30 20:15:00,1777580100000,0.2465,0.2467,0.2461,0.2465,591732.0
2026-04-30 20:30:00,1777581000000,0.2465,0.2469,0.2463,0.2469,468338.0
2026-04-30 20:45:00,1777581900000,0.2469,0.2469,0.2465,0.2465,1051583.0
2026-04-30 21:00:00,1777582800000,0.2465,0.2473,0.2465,0.2472,3818307.0
2026-04-30 21:15:00,1777583700000,0.2472,0.2473,0.2463,0.2463,847538.0
2026-04-30 21:30:00,1777584600000,0.2463,0.247,0.2463,0.2469,974043.0
2026-04-30 21:45:00,1777585500000,0.2469,0.2469,0.2461,0.2462,1047890.0
2026-04-30 22:00:00,1777586400000,0.2462,0.2467,0.2461,0.2466,861023.0
2026-04-30 22:15:00,1777587300000,0.2466,0.2469,0.2465,0.2466,424048.0
2026-04-30 22:30:00,1777588200000,0.2466,0.2467,0.2458,0.2461,542656.0
2026-04-30 22:45:00,1777589100000,0.2461,0.2462,0.2455,0.2458,981089.0
2026-04-30 23:00:00,1777590000000,0.2458,0.2458,0.2453,0.2454,670018.0
2026-04-30 23:15:00,1777590900000,0.2454,0.2457,0.2453,0.2457,2020213.0
2026-04-30 23:30:00,1777591800000,0.2457,0.2462,0.2457,0.2461,1021220.0
