Open_time,Open_time,Open,High,Low,Close,Volume
2026-01-14 00:00:00,1768348800000,679.71,684.04,672.81,674.54,2413.1
2026-01-14 00:15:00,1768349700000,674.54,685.0,667.54,679.06,4204.81
2026-01-14 00:30:00,1768350600000,679.06,688.22,676.68,682.5,4123.43
2026-01-14 00:45:00,1768351500000,682.5,685.2,676.53,680.19,1978.23
2026-01-14 01:00:00,1768352400000,680.19,682.77,672.8,674.57,3073.47
2026-01-14 01:15:00,1768353300000,674.57,676.2,667.41,675.19,3396.46
2026-01-14 01:30:00,1768354200000,675.19,676.93,668.22,674.39,1957.71
2026-01-14 01:45:00,1768355100000,674.39,679.17,671.46,674.48,1434.23
2026-01-14 02:00:00,1768356000000,674.48,682.5,672.4,679.91,1785.44
2026-01-14 02:15:00,1768356900000,679.91,685.66,677.98,684.32,1275.17
2026-01-14 02:30:00,1768357800000,684.32,684.63,678.37,682.01,1378.75
2026-01-14 02:45:00,1768358700000,682.01,695.7,681.28,689.3,2559.64
2026-01-14 03:00:00,1768359600000,689.3,699.65,682.74,694.04,3609.45
2026-01-14 03:15:00,1768360500000,694.04,700.0,686.75,695.37,5953.3
2026-01-14 03:30:00,1768361400000,695.37,705.53,695.37,698.64,5686.97
2026-01-14 03:45:00,1768362300000,698.64,702.12,694.34,698.22,2137.19
2026-01-14 04:00:00,1768363200000,698.22,698.45,683.15,692.57,4235.47
2026-01-14 04:15:00,1768364100000,692.57,696.48,682.53,684.77,3242.99
2026-01-14 04:30:00,1768365000000,684.77,693.8,684.42,691.32,1662.61
2026-01-14 04:45:00,1768365900000,691.32,692.09,686.58,689.91,1141.0
2026-01-14 05:00:00,1768366800000,689.91,693.63,685.9,688.84,991.27
2026-01-14 05:15:00,1768367700000,688.84,692.95,677.93,686.31,4741.62
2026-01-14 05:30:00,1768368600000,686.31,690.32,681.15,684.82,1977.75
2026-01-14 05:45:00,1768369500000,684.82,690.12,680.76,689.62,1273.4
2026-01-14 06:00:00,1768370400000,689.62,709.68,689.6,707.8,5141.2
2026-01-14 06:15:00,1768371300000,707.8,709.99,699.86,709.25,3313.34
2026-01-14 06:30:00,1768372200000,709.25,710.0,700.28,706.08,2475.2
2026-01-14 06:45:00,1768373100000,706.08,719.55,705.34,717.71,6717.9
2026-01-14 07:00:00,1768374000000,717.71,721.05,709.35,717.98,5538.73
2026-01-14 07:15:00,1768374900000,717.98,719.56,706.72,709.89,4694.7
2026-01-14 07:30:00,1768375800000,709.89,716.36,706.14,710.63,2999.44
2026-01-14 07:45:00,1768376700000,710.63,715.76,710.06,713.4,882.52
2026-01-14 08:00:00,1768377600000,713.4,714.1,703.0,706.36,2585.64
2026-01-14 08:15:00,1768378500000,706.36,710.45,705.78,708.16,898.77
2026-01-14 08:30:00,1768379400000,708.16,715.69,707.92,712.52,1299.14
2026-01-14 08:45:00,1768380300000,712.52,713.96,706.94,707.34,921.72
2026-01-14 09:00:00,1768381200000,707.34,708.38,701.77,702.48,1587.77
2026-01-14 09:15:00,1768382100000,702.48,705.95,700.0,700.12,1507.7
2026-01-14 09:30:00,1768383000000,700.12,702.78,700.0,701.05,2094.27
2026-01-14 09:45:00,1768383900000,701.05,705.74,697.79,697.88,2860.21
2026-01-14 10:00:00,1768384800000,697.88,707.73,697.88,707.49,1466.2
2026-01-14 10:15:00,1768385700000,707.49,713.82,706.8,709.89,2241.47
2026-01-14 10:30:00,1768386600000,709.89,711.99,702.34,703.83,2108.36
2026-01-14 10:45:00,1768387500000,703.83,703.83,698.16,702.6,1647.81
2026-01-14 11:00:00,1768388400000,702.6,704.6,699.17,702.9,1291.04
2026-01-14 11:15:00,1768389300000,702.9,707.9,699.42,705.76,1624.05
2026-01-14 11:30:00,1768390200000,705.76,710.89,700.68,704.06,3144.38
2026-01-14 11:45:00,1768391100000,704.06,708.92,700.68,701.0,1905.95
2026-01-14 12:00:00,1768392000000,701.0,709.59,696.13,708.46,2745.54
2026-01-14 12:15:00,1768392900000,708.46,713.89,707.48,709.56,3203.62
2026-01-14 12:30:00,1768393800000,709.56,709.65,702.95,704.08,1348.8
2026-01-14 12:45:00,1768394700000,704.08,716.51,700.86,709.9,3715.7
2026-01-14 13:00:00,1768395600000,709.9,719.0,709.09,716.75,2182.87
2026-01-14 13:15:00,1768396500000,716.75,719.85,713.24,718.81,1946.61
2026-01-14 13:30:00,1768397400000,718.81,726.01,715.12,720.65,4102.01
2026-01-14 13:45:00,1768398300000,720.65,722.88,714.92,715.79,1600.7
2026-01-14 14:00:00,1768399200000,715.79,716.24,708.49,710.64,2212.58
2026-01-14 14:15:00,1768400100000,710.64,719.53,710.42,719.52,1749.78
2026-01-14 14:30:00,1768401000000,719.52,720.59,710.48,712.85,4434.31
2026-01-14 14:45:00,1768401900000,712.85,725.0,709.33,713.7,5119.15
2026-01-14 15:00:00,1768402800000,713.7,717.7,707.89,713.64,2973.88
2026-01-14 15:15:00,1768403700000,713.64,717.7,708.01,713.77,4614.58
2026-01-14 15:30:00,1768404600000,713.77,719.25,709.85,716.97,2510.32
2026-01-14 15:45:00,1768405500000,716.97,722.77,709.8,719.91,5126.92
2026-01-14 16:00:00,1768406400000,719.91,733.0,716.89,729.5,5017.11
2026-01-14 16:15:00,1768407300000,729.5,748.0,727.22,742.01,9815.58
2026-01-14 16:30:00,1768408200000,742.01,742.48,730.77,738.87,5108.36
2026-01-14 16:45:00,1768409100000,738.87,740.78,729.08,734.27,6098.3
2026-01-14 17:00:00,1768410000000,734.27,744.12,732.39,738.38,4331.95
2026-01-14 17:15:00,1768410900000,738.38,748.39,737.76,742.43,5664.15
2026-01-14 17:30:00,1768411800000,742.43,747.44,738.79,741.73,3394.96
2026-01-14 17:45:00,1768412700000,741.73,758.81,740.71,754.46,8795.99
2026-01-14 18:00:00,1768413600000,754.46,770.0,750.67,768.98,7959.9
2026-01-14 18:15:00,1768414500000,768.98,781.79,761.13,772.34,11674.83
2026-01-14 18:30:00,1768415400000,772.34,776.73,764.41,776.46,4420.27
2026-01-14 18:45:00,1768416300000,776.46,795.21,774.34,787.52,10154.34
2026-01-14 19:00:00,1768417200000,787.52,797.55,780.9,796.11,7052.89
2026-01-14 19:15:00,1768418100000,796.11,796.51,786.5,795.84,5032.88
2026-01-14 19:30:00,1768419000000,795.84,801.59,785.76,786.52,6620.16
2026-01-14 19:45:00,1768419900000,786.52,793.34,780.96,789.08,3500.9
2026-01-14 20:00:00,1768420800000,789.08,790.52,773.76,780.55,4563.93
2026-01-14 20:15:00,1768421700000,780.55,783.75,765.56,766.19,3973.38
2026-01-14 20:30:00,1768422600000,766.19,769.43,753.6,754.53,5082.55
2026-01-14 20:45:00,1768423500000,754.53,761.85,747.55,748.41,4482.01
2026-01-14 21:00:00,1768424400000,748.41,757.44,743.57,756.09,4655.25
2026-01-14 21:15:00,1768425300000,756.09,760.91,747.96,754.61,3519.52
2026-01-14 21:30:00,1768426200000,754.61,754.62,738.87,740.22,4693.63
2026-01-14 21:45:00,1768427100000,740.22,741.6,731.38,739.85,8285.29
2026-01-14 22:00:00,1768428000000,739.85,743.79,733.62,734.61,2414.91
2026-01-14 22:15:00,1768428900000,734.61,736.96,702.74,731.32,19310.95
2026-01-14 22:30:00,1768429800000,731.32,731.32,704.99,717.43,8298.27
2026-01-14 22:45:00,1768430700000,717.43,728.38,712.47,722.11,5624.7
2026-01-14 23:00:00,1768431600000,722.11,730.98,713.63,724.85,5740.77
2026-01-14 23:15:00,1768432500000,724.85,732.13,718.14,719.5,5005.94
2026-01-14 23:30:00,1768433400000,719.5,720.0,708.58,713.03,7292.86
2026-01-14 23:45:00,1768434300000,713.03,717.95,707.28,710.92,3230.65
2026-01-15 00:00:00,1768435200000,710.92,719.08,706.92,706.92,4815.91
2026-01-15 00:15:00,1768436100000,706.92,720.84,706.92,718.93,2814.86
2026-01-15 00:30:00,1768437000000,718.93,725.44,718.08,723.21,2500.25
2026-01-15 00:45:00,1768437900000,723.21,736.08,716.46,735.14,4584.32
2026-01-15 01:00:00,1768438800000,735.14,748.0,727.79,747.97,5621.07
2026-01-15 01:15:00,1768439700000,747.97,752.46,738.29,739.47,6314.34
2026-01-15 01:30:00,1768440600000,739.47,741.34,723.64,728.46,6020.26
2026-01-15 01:45:00,1768441500000,728.46,733.58,722.51,729.41,2077.3
2026-01-15 02:00:00,1768442400000,729.41,731.1,724.04,725.09,620.44
2026-01-15 02:15:00,1768443300000,725.09,729.47,724.18,726.2,975.27
2026-01-15 02:30:00,1768444200000,726.2,732.48,715.14,721.46,2639.77
2026-01-15 02:45:00,1768445100000,721.46,721.85,715.11,718.81,1980.74
2026-01-15 03:00:00,1768446000000,718.81,718.81,711.0,714.95,2345.52
2026-01-15 03:15:00,1768446900000,714.95,716.55,691.0,695.72,10932.25
2026-01-15 03:30:00,1768447800000,695.72,708.59,695.14,705.98,4259.01
2026-01-15 03:45:00,1768448700000,705.98,708.61,702.32,704.33,1082.4
2026-01-15 04:00:00,1768449600000,704.33,712.72,704.11,711.66,1202.92
2026-01-15 04:15:00,1768450500000,711.66,711.8,703.24,706.06,1245.55
2026-01-15 04:30:00,1768451400000,706.06,706.45,696.67,698.13,1244.31
2026-01-15 04:45:00,1768452300000,698.13,703.5,694.24,696.73,2362.81
2026-01-15 05:00:00,1768453200000,696.73,707.89,696.45,704.9,2336.18
2026-01-15 05:15:00,1768454100000,704.9,708.48,703.05,706.55,1040.39
2026-01-15 05:30:00,1768455000000,706.55,707.16,701.48,701.62,622.57
2026-01-15 05:45:00,1768455900000,701.62,704.52,693.09,693.98,2529.78
2026-01-15 06:00:00,1768456800000,693.98,698.75,692.22,697.49,1462.85
2026-01-15 06:15:00,1768457700000,697.49,697.49,691.98,692.52,1056.82
2026-01-15 06:30:00,1768458600000,692.52,698.12,691.45,696.68,1036.12
2026-01-15 06:45:00,1768459500000,696.68,705.6,695.57,699.72,1521.01
2026-01-15 07:00:00,1768460400000,699.72,704.0,698.75,703.48,663.9
2026-01-15 07:15:00,1768461300000,703.48,714.63,701.21,711.76,2351.75
2026-01-15 07:30:00,1768462200000,711.76,714.89,702.0,705.17,1981.22
2026-01-15 07:45:00,1768463100000,705.17,708.66,702.23,707.84,1388.16
2026-01-15 08:00:00,1768464000000,707.84,707.84,698.0,702.39,2393.5
2026-01-15 08:15:00,1768464900000,702.39,709.16,700.72,703.02,1543.87
2026-01-15 08:30:00,1768465800000,703.02,703.24,694.44,697.26,3108.4
2026-01-15 08:45:00,1768466700000,697.26,699.81,695.15,699.11,1039.26
2026-01-15 09:00:00,1768467600000,699.11,699.24,694.62,696.12,1059.72
2026-01-15 09:15:00,1768468500000,696.12,706.71,695.6,704.82,1407.44
2026-01-15 09:30:00,1768469400000,704.82,714.34,704.35,713.92,1653.98
2026-01-15 09:45:00,1768470300000,713.92,723.19,710.09,715.84,3165.4
2026-01-15 10:00:00,1768471200000,715.84,717.52,709.0,710.0,1261.64
2026-01-15 10:15:00,1768472100000,710.0,713.89,707.34,709.44,748.16
2026-01-15 10:30:00,1768473000000,709.44,715.97,709.04,711.08,1111.13
2026-01-15 10:45:00,1768473900000,711.08,715.86,704.28,704.91,1268.08
2026-01-15 11:00:00,1768474800000,704.91,711.85,702.76,711.36,1460.98
2026-01-15 11:15:00,1768475700000,711.36,712.69,708.58,710.9,618.34
2026-01-15 11:30:00,1768476600000,710.9,712.76,709.0,710.97,535.38
2026-01-15 11:45:00,1768477500000,710.97,714.23,707.89,710.48,952.82
2026-01-15 12:00:00,1768478400000,710.48,714.03,710.01,711.88,627.38
2026-01-15 12:15:00,1768479300000,711.88,721.3,711.61,719.09,3400.56
2026-01-15 12:30:00,1768480200000,719.09,721.61,716.05,720.82,1359.63
2026-01-15 12:45:00,1768481100000,720.82,732.0,720.82,728.83,4671.07
2026-01-15 13:00:00,1768482000000,728.83,740.0,727.65,732.75,6087.18
2026-01-15 13:15:00,1768482900000,732.75,743.44,730.94,741.87,2474.74
2026-01-15 13:30:00,1768483800000,741.87,744.55,732.12,734.28,4787.64
2026-01-15 13:45:00,1768484700000,734.28,734.89,723.06,727.5,3621.63
2026-01-15 14:00:00,1768485600000,727.5,736.31,727.5,735.04,2420.77
2026-01-15 14:15:00,1768486500000,735.04,736.04,725.2,727.9,1798.06
2026-01-15 14:30:00,1768487400000,727.9,728.1,717.88,720.29,3177.02
2026-01-15 14:45:00,1768488300000,720.29,720.29,696.57,703.51,11760.48
2026-01-15 15:00:00,1768489200000,703.51,709.49,702.59,703.28,3338.95
2026-01-15 15:15:00,1768490100000,703.28,712.41,696.31,700.72,5768.57
2026-01-15 15:30:00,1768491000000,700.72,707.89,690.85,700.5,11510.81
2026-01-15 15:45:00,1768491900000,700.5,707.4,696.01,707.33,3753.9
2026-01-15 16:00:00,1768492800000,707.33,710.28,693.95,699.84,2885.9
2026-01-15 16:15:00,1768493700000,699.84,701.86,695.71,698.26,959.89
2026-01-15 16:30:00,1768494600000,698.26,705.75,695.58,702.87,889.74
2026-01-15 16:45:00,1768495500000,702.87,707.65,699.14,705.68,1157.49
2026-01-15 17:00:00,1768496400000,705.68,705.88,698.81,701.92,869.66
2026-01-15 17:15:00,1768497300000,701.92,703.44,697.58,702.36,552.83
2026-01-15 17:30:00,1768498200000,702.36,714.27,702.05,712.97,2015.87
2026-01-15 17:45:00,1768499100000,712.97,716.22,706.41,708.54,1813.81
2026-01-15 18:00:00,1768500000000,708.54,715.28,705.14,714.91,1306.79
2026-01-15 18:15:00,1768500900000,714.91,717.02,710.37,712.16,1567.79
2026-01-15 18:30:00,1768501800000,712.16,717.52,710.59,717.16,1477.07
2026-01-15 18:45:00,1768502700000,717.16,722.79,708.33,720.99,5254.7
2026-01-15 19:00:00,1768503600000,720.99,721.81,713.32,719.04,1586.53
2026-01-15 19:15:00,1768504500000,719.04,727.77,716.0,717.37,2273.21
2026-01-15 19:30:00,1768505400000,717.37,721.2,713.37,714.26,1292.13
2026-01-15 19:45:00,1768506300000,714.26,715.5,706.28,713.63,2277.13
2026-01-15 20:00:00,1768507200000,713.63,726.72,712.61,722.14,2340.34
2026-01-15 20:15:00,1768508100000,722.14,723.57,716.87,717.57,908.68
2026-01-15 20:30:00,1768509000000,717.57,718.12,699.18,700.13,4432.08
2026-01-15 20:45:00,1768509900000,700.13,703.29,668.74,677.73,16111.99
2026-01-15 21:00:00,1768510800000,677.73,684.32,671.39,680.91,3639.48
2026-01-15 21:15:00,1768511700000,680.91,684.19,660.0,662.84,6523.2
2026-01-15 21:30:00,1768512600000,662.84,673.3,657.37,669.61,4942.96
2026-01-15 21:45:00,1768513500000,669.61,675.31,668.33,672.62,1822.99
2026-01-15 22:00:00,1768514400000,672.62,673.92,667.04,668.38,1419.53
2026-01-15 22:15:00,1768515300000,668.38,678.71,667.56,677.0,1427.03
2026-01-15 22:30:00,1768516200000,677.0,683.7,673.42,676.33,2709.61
2026-01-15 22:45:00,1768517100000,676.33,682.99,673.56,681.96,1816.93
2026-01-15 23:00:00,1768518000000,681.96,688.7,681.25,684.61,1498.93
2026-01-15 23:15:00,1768518900000,684.61,688.99,680.69,681.64,1677.08
2026-01-15 23:30:00,1768519800000,681.64,691.64,681.28,691.39,1525.25
2026-01-15 23:45:00,1768520700000,691.39,691.91,676.81,677.89,1820.92
2026-01-16 00:00:00,1768521600000,677.89,686.59,676.09,685.81,1509.29
2026-01-16 00:15:00,1768522500000,685.81,691.46,682.46,689.18,1884.96
2026-01-16 00:30:00,1768523400000,689.18,690.72,680.18,684.96,1958.99
2026-01-16 00:45:00,1768524300000,684.96,691.97,683.93,688.48,2067.04
2026-01-16 01:00:00,1768525200000,688.48,689.27,683.88,687.25,501.82
2026-01-16 01:15:00,1768526100000,687.25,694.41,686.98,692.64,1526.8
2026-01-16 01:30:00,1768527000000,692.64,696.99,689.92,695.52,1328.25
2026-01-16 01:45:00,1768527900000,695.52,697.89,689.81,690.83,1508.89
2026-01-16 02:00:00,1768528800000,690.83,693.97,686.27,690.69,1339.39
2026-01-16 02:15:00,1768529700000,690.69,693.02,686.21,689.95,683.6
2026-01-16 02:30:00,1768530600000,689.95,690.34,684.15,684.87,514.12
2026-01-16 02:45:00,1768531500000,684.87,687.4,681.38,681.82,1877.26
2026-01-16 03:00:00,1768532400000,681.82,687.05,681.45,686.18,603.55
2026-01-16 03:15:00,1768533300000,686.18,692.48,684.85,692.48,854.53
2026-01-16 03:30:00,1768534200000,692.48,694.06,689.92,690.25,503.6
2026-01-16 03:45:00,1768535100000,690.25,693.75,687.15,693.06,853.49
2026-01-16 04:00:00,1768536000000,693.06,694.44,686.18,687.45,1922.62
2026-01-16 04:15:00,1768536900000,687.45,692.53,686.51,691.3,761.67
2026-01-16 04:30:00,1768537800000,691.3,692.91,684.0,685.44,955.71
2026-01-16 04:45:00,1768538700000,685.44,685.84,673.74,675.93,3462.72
2026-01-16 05:00:00,1768539600000,675.93,689.36,674.95,686.47,2788.58
2026-01-16 05:15:00,1768540500000,686.47,689.29,676.19,676.9,1896.97
2026-01-16 05:30:00,1768541400000,676.9,678.02,668.01,672.25,3468.72
2026-01-16 05:45:00,1768542300000,672.25,675.7,666.02,674.62,3030.27
2026-01-16 06:00:00,1768543200000,674.62,677.59,662.23,668.05,3236.78
2026-01-16 06:15:00,1768544100000,668.05,678.99,666.15,675.15,2297.1
2026-01-16 06:30:00,1768545000000,675.15,680.77,673.02,680.46,1749.52
2026-01-16 06:45:00,1768545900000,680.46,684.98,679.5,680.87,1249.32
2026-01-16 07:00:00,1768546800000,680.87,685.32,677.71,682.56,1099.13
2026-01-16 07:15:00,1768547700000,682.56,687.32,678.91,684.65,800.38
2026-01-16 07:30:00,1768548600000,684.65,693.0,682.57,691.78,1494.07
2026-01-16 07:45:00,1768549500000,691.78,699.78,688.24,699.43,2190.82
2026-01-16 08:00:00,1768550400000,699.43,699.64,694.6,698.83,2263.86
2026-01-16 08:15:00,1768551300000,698.83,710.38,698.5,706.82,3968.62
2026-01-16 08:30:00,1768552200000,706.82,709.44,702.0,706.52,2834.81
2026-01-16 08:45:00,1768553100000,706.52,714.47,705.74,712.66,3360.92
2026-01-16 09:00:00,1768554000000,712.66,718.15,709.0,715.36,5252.91
2026-01-16 09:15:00,1768554900000,715.36,718.92,706.7,709.62,2500.9
2026-01-16 09:30:00,1768555800000,709.62,710.68,694.91,704.68,6166.35
2026-01-16 09:45:00,1768556700000,704.68,718.52,702.92,711.89,2827.7
2026-01-16 10:00:00,1768557600000,711.89,714.74,701.64,708.24,3483.15
2026-01-16 10:15:00,1768558500000,708.24,710.31,705.29,706.54,1160.26
2026-01-16 10:30:00,1768559400000,706.54,709.25,702.49,703.45,1490.25
2026-01-16 10:45:00,1768560300000,703.45,706.2,701.02,706.2,811.52
2026-01-16 11:00:00,1768561200000,706.2,706.2,701.0,702.4,472.27
2026-01-16 11:15:00,1768562100000,702.4,704.23,697.07,698.89,879.14
2026-01-16 11:30:00,1768563000000,698.89,707.91,698.89,706.43,897.84
2026-01-16 11:45:00,1768563900000,706.43,718.0,702.19,707.08,2889.41
2026-01-16 12:00:00,1768564800000,707.08,711.88,706.87,708.1,1168.4
2026-01-16 12:15:00,1768565700000,708.1,709.7,706.71,709.59,1450.17
2026-01-16 12:30:00,1768566600000,709.59,709.7,705.01,708.47,1123.2
2026-01-16 12:45:00,1768567500000,708.47,709.21,704.09,706.26,674.23
2026-01-16 13:00:00,1768568400000,706.26,706.58,701.01,704.35,1152.47
2026-01-16 13:15:00,1768569300000,704.35,704.99,701.17,702.51,779.71
2026-01-16 13:30:00,1768570200000,702.51,707.17,701.95,705.6,769.27
2026-01-16 13:45:00,1768571100000,705.6,714.0,705.3,710.28,2919.99
2026-01-16 14:00:00,1768572000000,710.28,716.86,708.35,708.84,1494.72
2026-01-16 14:15:00,1768572900000,708.84,711.0,706.04,710.53,545.8
2026-01-16 14:30:00,1768573800000,710.53,711.4,703.06,704.77,773.75
2026-01-16 14:45:00,1768574700000,704.77,712.52,704.77,707.73,1200.54
2026-01-16 15:00:00,1768575600000,707.73,718.89,706.9,718.59,1961.22
2026-01-16 15:15:00,1768576500000,718.59,718.81,705.3,706.28,3516.12
2026-01-16 15:30:00,1768577400000,706.28,706.95,690.68,694.56,6244.83
2026-01-16 15:45:00,1768578300000,694.56,700.06,692.85,698.37,2453.92
2026-01-16 16:00:00,1768579200000,698.37,707.74,698.24,703.41,2488.32
2026-01-16 16:15:00,1768580100000,703.41,703.41,694.19,699.0,2222.59
2026-01-16 16:30:00,1768581000000,699.0,702.49,696.89,699.13,1471.55
2026-01-16 16:45:00,1768581900000,699.13,700.82,696.0,697.54,969.19
2026-01-16 17:00:00,1768582800000,697.54,697.86,678.44,683.68,5237.04
2026-01-16 17:15:00,1768583700000,683.68,685.69,655.29,658.21,11047.71
2026-01-16 17:30:00,1768584600000,658.21,670.0,658.0,668.64,7547.94
2026-01-16 17:45:00,1768585500000,668.64,676.86,666.19,668.04,3949.61
2026-01-16 18:00:00,1768586400000,668.04,669.04,647.56,649.13,10028.14
2026-01-16 18:15:00,1768587300000,649.13,652.0,642.23,643.5,8483.72
2026-01-16 18:30:00,1768588200000,643.5,656.79,642.0,644.71,8521.56
2026-01-16 18:45:00,1768589100000,644.71,651.39,641.0,641.5,3186.54
2026-01-16 19:00:00,1768590000000,641.5,644.16,634.28,640.42,6512.82
2026-01-16 19:15:00,1768590900000,640.42,646.2,636.85,644.19,3208.84
2026-01-16 19:30:00,1768591800000,644.19,652.77,635.36,636.46,6043.39
2026-01-16 19:45:00,1768592700000,636.46,639.61,627.66,630.2,3962.6
2026-01-16 20:00:00,1768593600000,630.2,635.66,624.38,635.14,5418.67
2026-01-16 20:15:00,1768594500000,635.14,640.82,630.24,639.84,3141.1
2026-01-16 20:30:00,1768595400000,639.84,643.09,635.11,635.67,3107.93
2026-01-16 20:45:00,1768596300000,635.67,651.06,635.1,646.13,5368.15
2026-01-16 21:00:00,1768597200000,646.13,647.55,638.08,643.86,3274.81
2026-01-16 21:15:00,1768598100000,643.86,646.48,638.4,644.6,994.36
2026-01-16 21:30:00,1768599000000,644.6,646.08,639.75,641.03,1008.27
2026-01-16 21:45:00,1768599900000,641.03,644.85,640.07,644.03,571.14
2026-01-16 22:00:00,1768600800000,644.03,644.25,636.84,641.06,1763.25
2026-01-16 22:15:00,1768601700000,641.06,644.6,639.18,643.46,863.15
2026-01-16 22:30:00,1768602600000,643.46,644.33,634.06,636.37,1239.38
2026-01-16 22:45:00,1768603500000,636.37,636.65,627.58,634.49,3949.79
2026-01-16 23:00:00,1768604400000,634.49,638.32,631.65,637.84,1340.49
2026-01-16 23:15:00,1768605300000,637.84,638.89,634.02,636.56,1087.33
2026-01-16 23:30:00,1768606200000,636.56,637.18,617.67,622.91,8187.36
2026-01-16 23:45:00,1768607100000,622.91,624.97,619.0,619.64,3465.15
2026-01-17 00:00:00,1768608000000,619.64,625.54,615.73,620.62,2981.18
2026-01-17 00:15:00,1768608900000,620.62,627.3,613.91,621.9,3910.9
2026-01-17 00:30:00,1768609800000,621.9,625.01,616.93,618.88,2710.72
2026-01-17 00:45:00,1768610700000,618.88,619.38,611.12,612.27,3695.16
2026-01-17 01:00:00,1768611600000,612.27,617.39,612.27,615.56,1546.06
2026-01-17 01:15:00,1768612500000,615.56,617.69,613.83,614.74,587.3
2026-01-17 01:30:00,1768613400000,614.74,620.91,614.13,619.14,1896.09
2026-01-17 01:45:00,1768614300000,619.14,629.91,618.89,624.64,2188.05
2026-01-17 02:00:00,1768615200000,624.64,629.17,623.69,628.56,956.98
2026-01-17 02:15:00,1768616100000,628.56,629.66,625.14,626.28,1000.68
2026-01-17 02:30:00,1768617000000,626.28,627.31,622.84,624.88,870.4
2026-01-17 02:45:00,1768617900000,624.88,626.6,617.45,618.71,1424.41
2026-01-17 03:00:00,1768618800000,618.71,631.53,618.6,628.88,2156.01
2026-01-17 03:15:00,1768619700000,628.88,633.47,623.89,624.1,1194.66
2026-01-17 03:30:00,1768620600000,624.1,626.22,621.58,623.49,854.99
2026-01-17 03:45:00,1768621500000,623.49,628.84,622.71,626.67,697.55
2026-01-17 04:00:00,1768622400000,626.67,627.81,622.25,622.29,665.45
2026-01-17 04:15:00,1768623300000,622.29,629.44,621.93,626.87,1030.07
2026-01-17 04:30:00,1768624200000,626.87,629.44,626.87,628.62,632.82
2026-01-17 04:45:00,1768625100000,628.62,632.4,626.08,626.38,842.63
2026-01-17 05:00:00,1768626000000,626.38,630.4,625.41,628.73,1110.47
2026-01-17 05:15:00,1768626900000,628.73,628.92,625.17,626.61,750.51
2026-01-17 05:30:00,1768627800000,626.61,629.89,625.64,628.21,667.24
2026-01-17 05:45:00,1768628700000,628.21,636.95,628.04,633.81,1585.56
2026-01-17 06:00:00,1768629600000,633.81,642.36,632.81,638.75,3142.88
2026-01-17 06:15:00,1768630500000,638.75,639.74,633.46,635.78,971.46
2026-01-17 06:30:00,1768631400000,635.78,638.27,633.41,634.1,714.18
2026-01-17 06:45:00,1768632300000,634.1,634.38,630.62,630.98,374.58
2026-01-17 07:00:00,1768633200000,630.98,631.47,625.2,626.9,1087.51
2026-01-17 07:15:00,1768634100000,626.9,627.88,623.68,624.96,789.39
2026-01-17 07:30:00,1768635000000,624.96,628.67,624.32,627.57,387.49
2026-01-17 07:45:00,1768635900000,627.57,627.87,619.01,623.42,1269.09
2026-01-17 08:00:00,1768636800000,623.42,625.86,621.88,625.66,421.77
2026-01-17 08:15:00,1768637700000,625.66,631.6,623.46,628.03,1053.46
2026-01-17 08:30:00,1768638600000,628.03,629.34,614.52,619.32,2584.38
2026-01-17 08:45:00,1768639500000,619.32,622.29,609.14,616.49,3656.65
2026-01-17 09:00:00,1768640400000,616.49,620.94,613.6,620.62,1769.74
2026-01-17 09:15:00,1768641300000,620.62,622.75,619.03,620.68,500.4
2026-01-17 09:30:00,1768642200000,620.68,624.7,620.37,624.37,1049.58
2026-01-17 09:45:00,1768643100000,624.37,627.56,623.77,625.04,742.2
2026-01-17 10:00:00,1768644000000,625.04,625.76,619.0,620.51,760.41
2026-01-17 10:15:00,1768644900000,620.51,622.31,619.12,620.66,441.24
2026-01-17 10:30:00,1768645800000,620.66,622.46,620.2,621.26,480.32
2026-01-17 10:45:00,1768646700000,621.26,624.94,616.15,624.01,2552.61
2026-01-17 11:00:00,1768647600000,624.01,632.15,622.31,630.61,3700.22
2026-01-17 11:15:00,1768648500000,630.61,636.74,628.32,633.24,2393.69
2026-01-17 11:30:00,1768649400000,633.24,633.91,627.12,629.4,1139.95
2026-01-17 11:45:00,1768650300000,629.4,629.8,626.51,628.34,545.89
2026-01-17 12:00:00,1768651200000,628.34,629.95,624.7,628.78,1618.31
2026-01-17 12:15:00,1768652100000,628.78,630.0,623.49,625.49,1422.34
2026-01-17 12:30:00,1768653000000,625.49,626.95,620.89,626.2,1147.25
2026-01-17 12:45:00,1768653900000,626.2,626.46,621.8,623.59,1023.51
2026-01-17 13:00:00,1768654800000,623.59,624.42,621.24,624.05,794.85
2026-01-17 13:15:00,1768655700000,624.05,624.05,619.76,622.34,834.12
2026-01-17 13:30:00,1768656600000,622.34,622.61,619.18,620.53,632.54
2026-01-17 13:45:00,1768657500000,620.53,621.14,614.37,615.86,1568.36
2026-01-17 14:00:00,1768658400000,615.86,619.31,611.84,619.29,1803.21
2026-01-17 14:15:00,1768659300000,619.29,622.87,614.85,622.69,642.27
2026-01-17 14:30:00,1768660200000,622.69,623.88,616.07,618.02,1039.31
2026-01-17 14:45:00,1768661100000,618.02,621.99,617.52,618.75,1221.57
2026-01-17 15:00:00,1768662000000,618.75,619.52,616.11,618.58,1287.79
2026-01-17 15:15:00,1768662900000,618.58,619.59,610.64,617.94,2240.59
2026-01-17 15:30:00,1768663800000,617.94,622.59,617.87,622.42,1380.32
2026-01-17 15:45:00,1768664700000,622.42,628.09,620.24,624.56,2138.81
2026-01-17 16:00:00,1768665600000,624.56,627.02,618.17,620.0,1402.46
2026-01-17 16:15:00,1768666500000,620.0,622.14,614.24,618.15,2159.61
2026-01-17 16:30:00,1768667400000,618.15,626.25,616.0,625.4,2132.18
2026-01-17 16:45:00,1768668300000,625.4,625.55,618.15,618.51,1352.33
2026-01-17 17:00:00,1768669200000,618.51,619.83,615.19,618.38,1024.68
2026-01-17 17:15:00,1768670100000,618.38,625.53,618.38,624.16,1193.27
2026-01-17 17:30:00,1768671000000,624.16,630.19,620.73,624.72,1639.17
2026-01-17 17:45:00,1768671900000,624.72,629.25,624.34,628.13,1439.65
2026-01-17 18:00:00,1768672800000,628.13,629.02,623.0,623.0,776.47
2026-01-17 18:15:00,1768673700000,623.0,624.77,621.48,622.45,407.73
2026-01-17 18:30:00,1768674600000,622.45,624.92,619.37,620.32,557.35
2026-01-17 18:45:00,1768675500000,620.32,622.19,616.34,621.56,1008.55
2026-01-17 19:00:00,1768676400000,621.56,622.15,617.54,620.69,489.9
2026-01-17 19:15:00,1768677300000,620.69,621.76,617.22,619.07,610.69
2026-01-17 19:30:00,1768678200000,619.07,620.88,617.4,618.01,496.14
2026-01-17 19:45:00,1768679100000,618.01,618.55,614.6,615.29,929.42
2026-01-17 20:00:00,1768680000000,615.29,618.85,615.21,616.53,1004.43
2026-01-17 20:15:00,1768680900000,616.53,619.74,616.35,618.2,864.89
2026-01-17 20:30:00,1768681800000,618.2,621.88,617.36,620.14,589.24
2026-01-17 20:45:00,1768682700000,620.14,624.96,619.72,624.52,1304.65
2026-01-17 21:00:00,1768683600000,624.52,624.56,617.81,620.58,1578.91
2026-01-17 21:15:00,1768684500000,620.58,623.88,620.24,622.22,999.95
2026-01-17 21:30:00,1768685400000,622.22,622.68,613.3,614.09,2215.63
2026-01-17 21:45:00,1768686300000,614.09,614.6,601.89,603.02,6777.12
2026-01-17 22:00:00,1768687200000,603.02,605.97,595.15,597.03,4883.6
2026-01-17 22:15:00,1768688100000,597.03,597.99,591.01,592.91,2779.82
2026-01-17 22:30:00,1768689000000,592.91,594.96,588.82,591.03,2386.08
2026-01-17 22:45:00,1768689900000,591.03,592.42,589.06,591.68,1552.84
2026-01-17 23:00:00,1768690800000,591.68,596.1,589.7,593.58,1958.22
2026-01-17 23:15:00,1768691700000,593.58,593.74,588.01,588.27,2308.67
2026-01-17 23:30:00,1768692600000,588.27,590.51,586.0,586.5,2894.72
2026-01-17 23:45:00,1768693500000,586.5,589.89,583.0,589.76,3442.54
2026-01-18 00:00:00,1768694400000,589.76,590.74,581.03,587.52,5010.26
2026-01-18 00:15:00,1768695300000,587.52,588.31,584.56,586.22,2060.47
2026-01-18 00:30:00,1768696200000,586.22,588.35,579.9,581.08,2075.47
2026-01-18 00:45:00,1768697100000,581.08,585.49,577.98,584.37,2861.66
2026-01-18 01:00:00,1768698000000,584.37,584.56,570.25,571.22,5187.29
2026-01-18 01:15:00,1768698900000,571.22,573.53,569.01,571.16,3002.88
2026-01-18 01:30:00,1768699800000,571.16,573.0,566.8,568.88,3433.48
2026-01-18 01:45:00,1768700700000,568.88,569.93,561.63,565.66,5946.4
2026-01-18 02:00:00,1768701600000,565.66,568.95,563.25,567.26,2682.5
2026-01-18 02:15:00,1768702500000,567.26,567.43,560.39,562.79,2992.97
2026-01-18 02:30:00,1768703400000,562.79,563.14,560.0,560.57,2238.46
2026-01-18 02:45:00,1768704300000,560.57,563.97,560.0,560.39,1150.62
2026-01-18 03:00:00,1768705200000,560.39,564.75,560.28,564.28,1227.61
2026-01-18 03:15:00,1768706100000,564.28,567.16,561.18,561.73,1877.3
2026-01-18 03:30:00,1768707000000,561.73,566.95,561.71,565.29,1236.05
2026-01-18 03:45:00,1768707900000,565.29,572.43,564.36,571.3,2443.43
2026-01-18 04:00:00,1768708800000,571.3,572.49,557.67,558.74,3640.85
2026-01-18 04:15:00,1768709700000,558.74,565.51,556.28,563.64,2232.2
2026-01-18 04:30:00,1768710600000,563.64,569.42,563.0,567.85,2016.96
2026-01-18 04:45:00,1768711500000,567.85,578.81,567.56,576.91,4329.04
2026-01-18 05:00:00,1768712400000,576.91,578.39,563.1,568.26,4119.0
2026-01-18 05:15:00,1768713300000,568.26,578.46,567.85,576.55,2350.44
2026-01-18 05:30:00,1768714200000,576.55,584.96,575.88,582.2,5012.72
2026-01-18 05:45:00,1768715100000,582.2,589.92,581.07,588.97,2784.86
2026-01-18 06:00:00,1768716000000,588.97,593.5,585.54,590.42,2641.86
2026-01-18 06:15:00,1768716900000,590.42,590.61,579.83,588.09,2376.74
2026-01-18 06:30:00,1768717800000,588.09,591.24,582.47,584.95,1834.99
2026-01-18 06:45:00,1768718700000,584.95,594.34,584.46,592.21,1892.01
2026-01-18 07:00:00,1768719600000,592.21,593.58,585.58,588.76,1469.06
2026-01-18 07:15:00,1768720500000,588.76,592.16,585.14,586.66,1075.74
2026-01-18 07:30:00,1768721400000,586.66,592.05,582.9,587.1,2020.02
2026-01-18 07:45:00,1768722300000,587.1,589.04,581.5,584.64,1294.25
2026-01-18 08:00:00,1768723200000,584.64,590.08,583.92,588.67,2020.44
2026-01-18 08:15:00,1768724100000,588.67,597.43,588.67,591.01,1787.73
2026-01-18 08:30:00,1768725000000,591.01,593.87,587.16,587.45,1408.09
2026-01-18 08:45:00,1768725900000,587.45,592.29,584.0,589.19,1366.69
2026-01-18 09:00:00,1768726800000,589.19,600.86,589.19,598.86,2986.21
2026-01-18 09:15:00,1768727700000,598.86,607.05,596.87,596.91,5538.02
2026-01-18 09:30:00,1768728600000,596.91,601.14,594.91,600.72,1720.0
2026-01-18 09:45:00,1768729500000,600.72,603.43,597.14,598.53,1487.42
2026-01-18 10:00:00,1768730400000,598.53,599.7,589.02,592.23,3667.14
2026-01-18 10:15:00,1768731300000,592.23,594.44,586.88,589.11,2131.39
2026-01-18 10:30:00,1768732200000,589.11,595.73,585.0,595.52,1867.3
2026-01-18 10:45:00,1768733100000,595.52,596.78,584.15,585.15,2245.94
2026-01-18 11:00:00,1768734000000,585.15,588.14,583.1,585.3,1187.84
2026-01-18 11:15:00,1768734900000,585.3,589.49,585.01,585.91,1028.04
2026-01-18 11:30:00,1768735800000,585.91,592.67,585.46,586.79,1180.75
2026-01-18 11:45:00,1768736700000,586.79,592.13,586.65,588.84,773.92
2026-01-18 12:00:00,1768737600000,588.84,593.69,586.0,588.79,1322.18
2026-01-18 12:15:00,1768738500000,588.79,592.76,585.0,589.39,1354.96
2026-01-18 12:30:00,1768739400000,589.39,590.42,586.9,587.32,486.79
2026-01-18 12:45:00,1768740300000,587.32,588.67,577.94,579.57,2941.96
2026-01-18 13:00:00,1768741200000,579.57,585.62,573.97,582.95,3184.82
2026-01-18 13:15:00,1768742100000,582.95,586.35,582.17,583.6,989.84
2026-01-18 13:30:00,1768743000000,583.6,592.4,581.52,591.13,1886.57
2026-01-18 13:45:00,1768743900000,591.13,593.26,589.13,592.19,1847.83
2026-01-18 14:00:00,1768744800000,592.19,598.46,592.05,596.36,2152.48
2026-01-18 14:15:00,1768745700000,596.36,603.82,589.53,589.81,3784.17
2026-01-18 14:30:00,1768746600000,589.81,592.46,584.2,588.26,3370.34
2026-01-18 14:45:00,1768747500000,588.26,590.74,587.55,588.81,787.9
2026-01-18 15:00:00,1768748400000,588.81,590.74,586.04,588.94,1876.2
2026-01-18 15:15:00,1768749300000,588.94,594.44,587.65,594.44,1862.17
2026-01-18 15:30:00,1768750200000,594.44,598.55,591.37,595.98,1449.73
2026-01-18 15:45:00,1768751100000,595.98,599.48,593.28,599.0,1110.32
2026-01-18 16:00:00,1768752000000,599.0,599.86,588.17,591.68,2584.27
2026-01-18 16:15:00,1768752900000,591.68,593.01,588.43,591.67,698.07
2026-01-18 16:30:00,1768753800000,591.67,596.78,588.08,589.62,968.66
2026-01-18 16:45:00,1768754700000,589.62,595.28,587.52,589.29,1157.15
2026-01-18 17:00:00,1768755600000,589.29,594.69,589.08,592.65,459.26
2026-01-18 17:15:00,1768756500000,592.65,593.6,589.38,589.38,558.98
2026-01-18 17:30:00,1768757400000,589.38,594.68,589.35,590.99,761.25
2026-01-18 17:45:00,1768758300000,590.99,598.08,589.89,597.77,575.86
2026-01-18 18:00:00,1768759200000,597.77,597.81,588.3,592.49,1275.11
2026-01-18 18:15:00,1768760100000,592.49,592.8,585.56,592.8,1329.35
2026-01-18 18:30:00,1768761000000,592.8,595.67,591.6,594.32,641.1
2026-01-18 18:45:00,1768761900000,594.32,595.79,588.68,591.42,1432.08
2026-01-18 19:00:00,1768762800000,591.42,596.04,591.37,593.3,436.89
2026-01-18 19:15:00,1768763700000,593.3,594.81,591.58,593.72,375.16
2026-01-18 19:30:00,1768764600000,593.72,594.55,588.98,589.26,796.23
2026-01-18 19:45:00,1768765500000,589.26,592.67,587.87,592.34,536.98
2026-01-18 20:00:00,1768766400000,592.34,595.53,591.89,595.45,1500.32
2026-01-18 20:15:00,1768767300000,595.45,604.3,593.38,603.63,1804.04
2026-01-18 20:30:00,1768768200000,603.63,605.73,600.81,604.35,2100.89
2026-01-18 20:45:00,1768769100000,604.35,613.17,603.7,612.8,2996.67
2026-01-18 21:00:00,1768770000000,612.8,616.84,609.9,612.64,2827.71
2026-01-18 21:15:00,1768770900000,612.64,617.07,609.24,614.73,1398.02
2026-01-18 21:30:00,1768771800000,614.73,615.64,606.68,609.99,1848.25
2026-01-18 21:45:00,1768772700000,609.99,613.5,608.02,609.93,827.71
2026-01-18 22:00:00,1768773600000,609.93,610.16,604.03,604.48,1023.51
2026-01-18 22:15:00,1768774500000,604.48,605.09,600.28,603.08,865.85
2026-01-18 22:30:00,1768775400000,603.08,606.61,602.56,605.41,425.79
2026-01-18 22:45:00,1768776300000,605.41,617.89,605.17,610.06,3124.1
2026-01-18 23:00:00,1768777200000,610.06,610.5,593.03,593.18,5103.71
2026-01-18 23:15:00,1768778100000,593.18,596.34,587.14,587.29,3408.93
2026-01-18 23:30:00,1768779000000,587.29,590.71,582.66,583.82,3440.31
2026-01-18 23:45:00,1768779900000,583.82,584.4,570.06,572.44,7118.8
2026-01-19 00:00:00,1768780800000,572.44,573.56,534.54,560.99,24065.65
2026-01-19 00:15:00,1768781700000,560.99,585.8,557.85,581.62,8027.87
2026-01-19 00:30:00,1768782600000,581.62,600.5,575.42,599.1,7702.41
2026-01-19 00:45:00,1768783500000,599.1,612.15,595.2,610.42,4958.8
2026-01-19 01:00:00,1768784400000,610.42,622.61,604.11,622.45,4550.81
2026-01-19 01:15:00,1768785300000,622.45,622.9,605.36,607.47,5720.25
2026-01-19 01:30:00,1768786200000,607.47,608.28,598.56,601.76,5252.02
2026-01-19 01:45:00,1768787100000,601.76,621.67,599.82,617.52,5945.55
2026-01-19 02:00:00,1768788000000,617.52,621.75,609.49,609.83,1694.84
2026-01-19 02:15:00,1768788900000,609.83,620.0,608.75,615.56,1979.61
2026-01-19 02:30:00,1768789800000,615.56,620.22,614.67,618.44,2024.74
2026-01-19 02:45:00,1768790700000,618.44,620.64,611.81,614.11,1432.1
2026-01-19 03:00:00,1768791600000,614.11,619.68,611.25,616.65,1255.35
2026-01-19 03:15:00,1768792500000,616.65,617.27,609.87,612.46,1940.31
2026-01-19 03:30:00,1768793400000,612.46,614.08,610.11,612.99,536.63
2026-01-19 03:45:00,1768794300000,612.99,613.06,608.27,610.2,1571.96
2026-01-19 04:00:00,1768795200000,610.2,614.24,606.16,606.54,1143.39
2026-01-19 04:15:00,1768796100000,606.54,611.92,605.92,610.25,1472.09
2026-01-19 04:30:00,1768797000000,610.25,612.95,608.08,611.76,916.47
2026-01-19 04:45:00,1768797900000,611.76,614.4,609.27,610.04,1566.6
2026-01-19 05:00:00,1768798800000,610.04,613.26,608.78,609.04,862.59
2026-01-19 05:15:00,1768799700000,609.04,622.5,606.44,621.2,5114.69
2026-01-19 05:30:00,1768800600000,621.2,627.5,612.24,623.41,4294.35
2026-01-19 05:45:00,1768801500000,623.41,628.0,619.93,623.86,2201.58
2026-01-19 06:00:00,1768802400000,623.86,626.07,617.52,623.12,2215.31
2026-01-19 06:15:00,1768803300000,623.12,630.0,620.86,625.18,2504.37
2026-01-19 06:30:00,1768804200000,625.18,629.5,624.58,627.17,3015.13
2026-01-19 06:45:00,1768805100000,627.17,627.6,621.45,622.74,1352.57
2026-01-19 07:00:00,1768806000000,622.74,639.45,622.7,638.41,4649.79
2026-01-19 07:15:00,1768806900000,638.41,639.27,628.45,635.73,4183.16
2026-01-19 07:30:00,1768807800000,635.73,641.95,631.02,636.16,4120.73
2026-01-19 07:45:00,1768808700000,636.16,641.07,633.31,639.78,2777.14
2026-01-19 08:00:00,1768809600000,639.78,644.37,631.24,636.52,4447.7
2026-01-19 08:15:00,1768810500000,636.52,640.0,631.02,639.31,2532.65
2026-01-19 08:30:00,1768811400000,639.31,647.04,632.6,633.09,3759.76
2026-01-19 08:45:00,1768812300000,633.09,641.68,625.11,641.56,4249.06
2026-01-19 09:00:00,1768813200000,641.56,646.99,639.61,641.54,2427.31
2026-01-19 09:15:00,1768814100000,641.54,645.36,640.06,642.0,1319.31
2026-01-19 09:30:00,1768815000000,642.0,648.93,639.41,647.86,1688.26
2026-01-19 09:45:00,1768815900000,647.86,649.66,644.4,647.76,1421.71
2026-01-19 10:00:00,1768816800000,647.76,649.28,639.73,644.24,2736.19
2026-01-19 10:15:00,1768817700000,644.24,646.62,641.01,645.28,1393.64
2026-01-19 10:30:00,1768818600000,645.28,648.99,642.88,645.48,1308.57
2026-01-19 10:45:00,1768819500000,645.48,648.32,635.56,637.19,1858.44
2026-01-19 11:00:00,1768820400000,637.19,640.43,633.97,639.53,2210.7
2026-01-19 11:15:00,1768821300000,639.53,643.73,637.44,641.41,2085.1
2026-01-19 11:30:00,1768822200000,641.41,647.02,638.98,643.55,1877.29
2026-01-19 11:45:00,1768823100000,643.55,646.76,639.33,640.73,1575.48
2026-01-19 12:00:00,1768824000000,640.73,640.73,630.01,635.18,3572.62
2026-01-19 12:15:00,1768824900000,635.18,639.35,630.65,632.35,1859.76
2026-01-19 12:30:00,1768825800000,632.35,633.86,627.01,630.28,2536.15
2026-01-19 12:45:00,1768826700000,630.28,633.07,624.29,629.35,2572.38
2026-01-19 13:00:00,1768827600000,629.35,632.03,623.61,626.65,3090.48
2026-01-19 13:15:00,1768828500000,626.65,628.69,620.72,624.03,3356.69
2026-01-19 13:30:00,1768829400000,624.03,628.56,620.16,627.51,3818.91
2026-01-19 13:45:00,1768830300000,627.51,633.79,626.31,627.31,2333.53
2026-01-19 14:00:00,1768831200000,627.31,628.91,620.14,621.4,2062.68
2026-01-19 14:15:00,1768832100000,621.4,627.0,620.61,626.51,1479.82
2026-01-19 14:30:00,1768833000000,626.51,629.0,624.6,625.04,666.27
2026-01-19 14:45:00,1768833900000,625.04,631.61,624.29,630.59,1772.14
2026-01-19 15:00:00,1768834800000,630.59,638.09,629.74,636.36,2087.92
2026-01-19 15:15:00,1768835700000,636.36,636.8,610.75,612.23,8354.65
2026-01-19 15:30:00,1768836600000,612.23,617.88,611.09,613.52,3148.25
2026-01-19 15:45:00,1768837500000,613.52,617.5,602.05,614.71,11474.71
2026-01-19 16:00:00,1768838400000,614.71,623.74,614.37,621.28,4578.18
2026-01-19 16:15:00,1768839300000,621.28,624.98,619.02,620.92,1755.65
2026-01-19 16:30:00,1768840200000,620.92,622.3,613.64,614.92,2822.83
2026-01-19 16:45:00,1768841100000,614.92,619.25,613.66,617.4,1933.03
2026-01-19 17:00:00,1768842000000,617.4,620.95,615.0,616.45,802.8
2026-01-19 17:15:00,1768842900000,616.45,619.86,616.04,617.17,624.67
2026-01-19 17:30:00,1768843800000,617.17,621.1,614.67,621.08,839.08
2026-01-19 17:45:00,1768844700000,621.08,622.4,616.21,621.72,1500.32
2026-01-19 18:00:00,1768845600000,621.72,621.8,618.69,618.88,589.09
2026-01-19 18:15:00,1768846500000,618.88,618.88,601.03,602.83,5254.17
2026-01-19 18:30:00,1768847400000,602.83,610.44,602.66,608.94,1731.02
2026-01-19 18:45:00,1768848300000,608.94,610.6,605.13,609.11,1234.4
2026-01-19 19:00:00,1768849200000,609.11,616.29,607.47,613.39,1887.92
2026-01-19 19:15:00,1768850100000,613.39,614.95,609.79,609.9,1414.73
2026-01-19 19:30:00,1768851000000,609.9,611.79,606.06,609.52,966.94
2026-01-19 19:45:00,1768851900000,609.52,611.96,606.32,610.84,1768.18
2026-01-19 20:00:00,1768852800000,610.84,612.36,608.45,609.3,591.26
2026-01-19 20:15:00,1768853700000,609.3,612.77,608.48,612.66,390.57
2026-01-19 20:30:00,1768854600000,612.66,618.77,610.5,616.7,1171.37
2026-01-19 20:45:00,1768855500000,616.7,617.28,613.04,613.57,609.41
2026-01-19 21:00:00,1768856400000,613.57,618.02,613.31,614.18,534.91
2026-01-19 21:15:00,1768857300000,614.18,618.44,613.29,615.93,1079.57
2026-01-19 21:30:00,1768858200000,615.93,627.34,614.54,623.25,2755.54
2026-01-19 21:45:00,1768859100000,623.25,625.59,619.08,619.82,991.12
2026-01-19 22:00:00,1768860000000,619.82,627.67,619.45,626.34,1220.98
2026-01-19 22:15:00,1768860900000,626.34,637.02,625.86,635.21,3501.35
2026-01-19 22:30:00,1768861800000,635.21,639.18,629.33,630.0,2764.78
2026-01-19 22:45:00,1768862700000,630.0,631.68,626.13,631.68,1675.07
2026-01-19 23:00:00,1768863600000,631.68,635.89,630.41,632.75,2038.97
2026-01-19 23:15:00,1768864500000,632.75,632.75,623.93,625.45,2890.91
2026-01-19 23:30:00,1768865400000,625.45,629.99,623.56,626.84,1877.19
2026-01-19 23:45:00,1768866300000,626.84,627.53,619.72,624.39,2562.19
2026-01-20 00:00:00,1768867200000,624.39,626.71,622.0,625.25,1523.74
2026-01-20 00:15:00,1768868100000,625.25,625.47,618.38,621.37,3228.03
2026-01-20 00:30:00,1768869000000,621.37,622.05,615.72,619.9,1423.19
2026-01-20 00:45:00,1768869900000,619.9,621.2,608.31,611.41,4876.14
2026-01-20 01:00:00,1768870800000,611.41,615.23,604.0,608.9,2762.1
2026-01-20 01:15:00,1768871700000,608.9,617.92,607.85,616.22,1480.37
2026-01-20 01:30:00,1768872600000,616.22,616.8,605.87,607.04,1833.39
2026-01-20 01:45:00,1768873500000,607.04,608.5,602.13,605.93,1551.1
2026-01-20 02:00:00,1768874400000,605.93,608.04,602.43,604.3,1489.52
2026-01-20 02:15:00,1768875300000,604.3,609.84,604.2,608.0,709.47
2026-01-20 02:30:00,1768876200000,608.0,610.0,605.57,605.97,665.82
2026-01-20 02:45:00,1768877100000,605.97,614.13,605.85,610.25,1284.6
2026-01-20 03:00:00,1768878000000,610.25,611.52,605.23,607.36,789.18
2026-01-20 03:15:00,1768878900000,607.36,612.58,607.26,611.71,802.08
2026-01-20 03:30:00,1768879800000,611.71,613.87,605.87,607.76,1065.48
2026-01-20 03:45:00,1768880700000,607.76,608.85,602.75,605.77,868.46
2026-01-20 04:00:00,1768881600000,605.77,610.81,604.72,607.53,948.09
2026-01-20 04:15:00,1768882500000,607.53,608.72,606.58,608.14,546.05
2026-01-20 04:30:00,1768883400000,608.14,614.24,607.87,609.69,1015.23
2026-01-20 04:45:00,1768884300000,609.69,614.14,607.57,610.04,1133.66
2026-01-20 05:00:00,1768885200000,610.04,617.68,609.03,614.68,2698.51
2026-01-20 05:15:00,1768886100000,614.68,621.19,614.24,621.18,1964.3
2026-01-20 05:30:00,1768887000000,621.18,624.06,617.13,619.04,2071.27
2026-01-20 05:45:00,1768887900000,619.04,624.56,617.56,619.89,2026.91
2026-01-20 06:00:00,1768888800000,619.89,620.39,614.71,615.1,1747.11
2026-01-20 06:15:00,1768889700000,615.1,616.26,606.71,608.8,3728.89
2026-01-20 06:30:00,1768890600000,608.8,609.02,603.73,604.85,2676.92
2026-01-20 06:45:00,1768891500000,604.85,604.99,590.3,595.65,6666.05
2026-01-20 07:00:00,1768892400000,595.65,595.91,587.51,589.68,3943.56
2026-01-20 07:15:00,1768893300000,589.68,595.54,582.4,583.84,4514.52
2026-01-20 07:30:00,1768894200000,583.84,586.93,580.7,584.07,2950.11
2026-01-20 07:45:00,1768895100000,584.07,584.78,580.14,580.77,3197.56
2026-01-20 08:00:00,1768896000000,580.77,582.82,576.52,579.35,5958.4
2026-01-20 08:15:00,1768896900000,579.35,588.08,577.22,587.77,2553.12
2026-01-20 08:30:00,1768897800000,587.77,587.88,579.49,584.76,2365.73
2026-01-20 08:45:00,1768898700000,584.76,593.68,584.36,591.83,3493.04
2026-01-20 09:00:00,1768899600000,591.83,595.05,583.6,590.94,4314.52
2026-01-20 09:15:00,1768900500000,590.94,595.18,587.03,594.24,2763.63
2026-01-20 09:30:00,1768901400000,594.24,595.01,587.89,592.47,2482.87
2026-01-20 09:45:00,1768902300000,592.47,592.74,589.04,589.6,1647.88
2026-01-20 10:00:00,1768903200000,589.6,590.97,581.01,583.58,3759.21
2026-01-20 10:15:00,1768904100000,583.58,585.37,577.6,579.08,4708.34
2026-01-20 10:30:00,1768905000000,579.08,579.22,565.88,569.06,7081.24
2026-01-20 10:45:00,1768905900000,569.06,570.53,563.48,566.13,4939.39
2026-01-20 11:00:00,1768906800000,566.13,570.74,560.35,566.55,3640.86
2026-01-20 11:15:00,1768907700000,566.55,571.94,566.04,570.22,1862.58
2026-01-20 11:30:00,1768908600000,570.22,570.57,561.72,564.64,1780.11
2026-01-20 11:45:00,1768909500000,564.64,570.83,563.9,569.87,1473.35
2026-01-20 12:00:00,1768910400000,569.87,574.13,567.43,568.68,1605.02
2026-01-20 12:15:00,1768911300000,568.68,568.68,560.0,563.82,2762.87
2026-01-20 12:30:00,1768912200000,563.82,566.0,556.67,563.34,4504.88
2026-01-20 12:45:00,1768913100000,563.34,564.04,557.22,557.8,2107.66
2026-01-20 13:00:00,1768914000000,557.8,559.53,550.89,553.82,5867.04
2026-01-20 13:15:00,1768914900000,553.82,556.6,543.16,545.86,6627.91
2026-01-20 13:30:00,1768915800000,545.86,552.58,542.33,546.25,4174.5
2026-01-20 13:45:00,1768916700000,546.25,547.25,539.41,544.19,3580.59
2026-01-20 14:00:00,1768917600000,544.19,554.54,543.91,546.37,3905.87
2026-01-20 14:15:00,1768918500000,546.37,553.72,545.99,551.49,3540.76
2026-01-20 14:30:00,1768919400000,551.49,557.46,549.59,555.6,3770.4
2026-01-20 14:45:00,1768920300000,555.6,555.6,548.54,550.6,2568.22
2026-01-20 15:00:00,1768921200000,550.6,550.65,542.4,543.11,4120.94
2026-01-20 15:15:00,1768922100000,543.11,545.56,538.79,541.43,5117.53
2026-01-20 15:30:00,1768923000000,541.43,542.67,535.01,537.49,5906.01
2026-01-20 15:45:00,1768923900000,537.49,542.97,533.32,540.4,3736.63
2026-01-20 16:00:00,1768924800000,540.4,541.45,532.07,540.62,3518.43
2026-01-20 16:15:00,1768925700000,540.62,542.12,533.79,535.61,1926.01
2026-01-20 16:30:00,1768926600000,535.61,537.56,525.62,528.47,6110.83
2026-01-20 16:45:00,1768927500000,528.47,530.26,524.39,527.43,5300.32
2026-01-20 17:00:00,1768928400000,527.43,535.89,524.83,531.49,3752.29
2026-01-20 17:15:00,1768929300000,531.49,532.5,525.75,526.69,2196.42
2026-01-20 17:30:00,1768930200000,526.69,527.04,520.72,522.94,3692.4
2026-01-20 17:45:00,1768931100000,522.94,527.02,520.83,522.31,2411.91
2026-01-20 18:00:00,1768932000000,522.31,525.93,520.09,521.19,4021.39
2026-01-20 18:15:00,1768932900000,521.19,522.3,508.5,510.23,9961.56
2026-01-20 18:30:00,1768933800000,510.23,513.24,501.11,506.57,11048.78
2026-01-20 18:45:00,1768934700000,506.57,513.97,503.82,508.96,5150.35
2026-01-20 19:00:00,1768935600000,508.96,514.87,500.16,501.81,8040.49
2026-01-20 19:15:00,1768936500000,501.81,504.87,496.62,501.51,6915.32
2026-01-20 19:30:00,1768937400000,501.51,508.27,497.53,506.13,5996.81
2026-01-20 19:45:00,1768938300000,506.13,507.87,503.25,505.64,2223.53
2026-01-20 20:00:00,1768939200000,505.64,510.89,503.51,509.21,4621.1
2026-01-20 20:15:00,1768940100000,509.21,516.99,507.69,512.0,7397.32
2026-01-20 20:30:00,1768941000000,512.0,513.54,508.01,513.54,3858.45
2026-01-20 20:45:00,1768941900000,513.54,516.11,511.3,511.62,1399.62
2026-01-20 21:00:00,1768942800000,511.62,513.72,508.0,512.59,1361.37
2026-01-20 21:15:00,1768943700000,512.59,513.86,509.28,509.49,1003.54
2026-01-20 21:30:00,1768944600000,509.49,509.6,506.84,508.34,1253.34
2026-01-20 21:45:00,1768945500000,508.34,508.96,499.0,501.68,6702.32
2026-01-20 22:00:00,1768946400000,501.68,505.23,501.64,504.89,1337.82
2026-01-20 22:15:00,1768947300000,504.89,505.71,493.51,500.08,4851.17
2026-01-20 22:30:00,1768948200000,500.08,516.74,497.29,516.32,6907.12
2026-01-20 22:45:00,1768949100000,516.32,526.06,513.5,519.33,10087.97
2026-01-20 23:00:00,1768950000000,519.33,520.0,513.62,514.77,2409.81
2026-01-20 23:15:00,1768950900000,514.77,515.29,507.59,508.7,2185.84
2026-01-20 23:30:00,1768951800000,508.7,511.38,505.0,505.34,2878.05
2026-01-20 23:45:00,1768952700000,505.34,508.02,501.94,503.22,1754.99
2026-01-21 00:00:00,1768953600000,503.22,504.2,499.83,501.34,2087.65
2026-01-21 00:15:00,1768954500000,501.34,506.97,499.37,506.51,2117.08
2026-01-21 00:30:00,1768955400000,506.51,509.94,505.18,508.34,1939.33
2026-01-21 00:45:00,1768956300000,508.34,510.7,506.06,506.87,1717.68
2026-01-21 01:00:00,1768957200000,506.87,509.52,503.69,507.56,1257.35
2026-01-21 01:15:00,1768958100000,507.56,508.44,499.52,501.45,2114.46
2026-01-21 01:30:00,1768959000000,501.45,502.09,497.76,498.02,1201.9
2026-01-21 01:45:00,1768959900000,498.02,498.02,480.77,492.92,11966.41
2026-01-21 02:00:00,1768960800000,492.92,504.16,492.92,500.68,4268.01
2026-01-21 02:15:00,1768961700000,500.68,507.9,500.44,505.28,2532.12
2026-01-21 02:30:00,1768962600000,505.28,509.79,501.37,502.68,1739.31
2026-01-21 02:45:00,1768963500000,502.68,505.77,501.68,503.01,931.27
2026-01-21 03:00:00,1768964400000,503.01,503.45,490.62,493.51,3602.51
2026-01-21 03:15:00,1768965300000,493.51,494.72,487.12,488.78,3835.71
2026-01-21 03:30:00,1768966200000,488.78,495.13,487.15,493.49,3273.91
2026-01-21 03:45:00,1768967100000,493.49,493.56,491.23,491.94,629.72
2026-01-21 04:00:00,1768968000000,491.94,494.69,491.83,492.52,1218.29
2026-01-21 04:15:00,1768968900000,492.52,499.9,492.43,498.76,1889.52
2026-01-21 04:30:00,1768969800000,498.76,499.6,495.42,498.65,1443.43
2026-01-21 04:45:00,1768970700000,498.65,499.5,493.3,496.3,1426.95
2026-01-21 05:00:00,1768971600000,496.3,508.93,496.0,506.74,4379.83
2026-01-21 05:15:00,1768972500000,506.74,508.39,504.16,505.88,1876.71
2026-01-21 05:30:00,1768973400000,505.88,507.06,504.04,505.62,2815.28
2026-01-21 05:45:00,1768974300000,505.62,507.37,505.01,505.86,2902.06
2026-01-21 06:00:00,1768975200000,505.86,505.86,497.27,498.94,2170.91
2026-01-21 06:15:00,1768976100000,498.94,504.68,497.2,504.16,1999.57
2026-01-21 06:30:00,1768977000000,504.16,505.09,501.9,503.17,1014.85
2026-01-21 06:45:00,1768977900000,503.17,503.17,499.18,499.8,611.59
2026-01-21 07:00:00,1768978800000,499.8,501.14,496.2,497.23,1265.77
2026-01-21 07:15:00,1768979700000,497.23,499.61,494.84,496.69,1475.61
2026-01-21 07:30:00,1768980600000,496.69,497.42,490.65,493.63,1861.33
2026-01-21 07:45:00,1768981500000,493.63,497.13,493.12,496.8,739.41
2026-01-21 08:00:00,1768982400000,496.8,496.86,493.94,494.63,1005.25
2026-01-21 08:15:00,1768983300000,494.63,497.09,490.0,490.39,1440.03
2026-01-21 08:30:00,1768984200000,490.39,492.23,482.73,485.04,4686.03
2026-01-21 08:45:00,1768985100000,485.04,490.21,484.83,488.84,1700.74
2026-01-21 09:00:00,1768986000000,488.84,490.04,485.13,488.58,1115.61
2026-01-21 09:15:00,1768986900000,488.58,490.05,484.8,485.71,1383.0
2026-01-21 09:30:00,1768987800000,485.71,487.13,480.21,486.99,4469.28
2026-01-21 09:45:00,1768988700000,486.99,489.61,484.52,486.4,2308.7
2026-01-21 10:00:00,1768989600000,486.4,495.86,485.65,495.43,3074.82
2026-01-21 10:15:00,1768990500000,495.43,499.7,494.26,497.33,2637.64
2026-01-21 10:30:00,1768991400000,497.33,502.6,496.13,499.45,2111.6
2026-01-21 10:45:00,1768992300000,499.45,499.52,496.08,496.54,1287.02
2026-01-21 11:00:00,1768993200000,496.54,497.54,493.02,495.86,1220.07
2026-01-21 11:15:00,1768994100000,495.86,499.19,495.5,499.19,719.53
2026-01-21 11:30:00,1768995000000,499.19,499.89,496.82,499.55,801.31
2026-01-21 11:45:00,1768995900000,499.55,504.0,496.54,498.24,1926.6
2026-01-21 12:00:00,1768996800000,498.24,501.69,496.17,500.77,1507.24
2026-01-21 12:15:00,1768997700000,500.77,501.28,496.85,499.52,1389.78
2026-01-21 12:30:00,1768998600000,499.52,504.45,498.13,502.29,2156.26
2026-01-21 12:45:00,1768999500000,502.29,503.11,499.31,501.88,1631.95
2026-01-21 13:00:00,1769000400000,501.88,504.35,501.03,503.68,2294.68
2026-01-21 13:15:00,1769001300000,503.68,504.2,499.57,501.67,934.99
2026-01-21 13:30:00,1769002200000,501.67,504.02,498.16,498.41,1644.54
2026-01-21 13:45:00,1769003100000,498.41,498.93,488.53,493.06,4188.54
2026-01-21 14:00:00,1769004000000,493.06,503.38,492.76,503.21,2180.68
2026-01-21 14:15:00,1769004900000,503.21,507.0,500.49,505.3,6198.2
2026-01-21 14:30:00,1769005800000,505.3,514.17,504.22,512.01,6067.09
2026-01-21 14:45:00,1769006700000,512.01,514.91,506.31,513.01,3227.99
2026-01-21 15:00:00,1769007600000,513.01,517.9,512.37,516.59,3092.23
2026-01-21 15:15:00,1769008500000,516.59,524.38,511.07,515.68,7133.29
2026-01-21 15:30:00,1769009400000,515.68,516.24,511.11,514.76,2022.82
2026-01-21 15:45:00,1769010300000,514.76,520.46,513.95,516.38,1733.72
2026-01-21 16:00:00,1769011200000,516.38,517.75,513.66,515.48,1919.34
2026-01-21 16:15:00,1769012100000,515.48,517.01,513.44,516.36,1897.05
2026-01-21 16:30:00,1769013000000,516.36,517.29,501.02,501.44,5281.62
2026-01-21 16:45:00,1769013900000,501.44,513.39,501.31,505.67,4243.45
2026-01-21 17:00:00,1769014800000,505.67,510.88,500.96,503.42,2546.18
2026-01-21 17:15:00,1769015700000,503.42,509.62,501.6,504.26,2248.14
2026-01-21 17:30:00,1769016600000,504.26,509.88,503.3,506.55,2645.99
2026-01-21 17:45:00,1769017500000,506.55,514.96,505.45,514.33,3866.5
2026-01-21 18:00:00,1769018400000,514.33,514.89,510.18,511.79,1311.08
2026-01-21 18:15:00,1769019300000,511.79,512.66,509.21,511.51,1014.43
2026-01-21 18:30:00,1769020200000,511.51,516.99,509.1,514.42,1280.4
2026-01-21 18:45:00,1769021100000,514.42,525.49,513.55,524.22,5055.22
2026-01-21 19:00:00,1769022000000,524.22,526.06,515.95,518.4,2634.24
2026-01-21 19:15:00,1769022900000,518.4,528.67,518.05,528.07,3386.61
2026-01-21 19:30:00,1769023800000,528.07,530.23,524.72,528.07,3522.14
2026-01-21 19:45:00,1769024700000,528.07,536.82,527.94,535.78,4160.84
2026-01-21 20:00:00,1769025600000,535.78,538.96,531.51,535.81,3717.63
2026-01-21 20:15:00,1769026500000,535.81,538.25,527.34,529.87,2366.83
2026-01-21 20:30:00,1769027400000,529.87,534.86,527.79,532.39,1172.03
2026-01-21 20:45:00,1769028300000,532.39,539.97,530.3,537.85,2200.86
2026-01-21 21:00:00,1769029200000,537.85,546.68,537.33,543.86,3417.08
2026-01-21 21:15:00,1769030100000,543.86,544.19,533.83,534.47,2717.55
2026-01-21 21:30:00,1769031000000,534.47,539.9,534.47,538.97,938.14
2026-01-21 21:45:00,1769031900000,538.97,540.24,537.05,537.07,920.7
2026-01-21 22:00:00,1769032800000,537.07,537.36,533.81,535.68,959.12
2026-01-21 22:15:00,1769033700000,535.68,536.74,530.66,531.86,870.94
2026-01-21 22:30:00,1769034600000,531.86,535.49,524.52,527.2,3530.4
2026-01-21 22:45:00,1769035500000,527.2,527.52,521.37,523.11,3681.69
2026-01-21 23:00:00,1769036400000,523.11,533.85,521.0,532.18,2671.91
2026-01-21 23:15:00,1769037300000,532.18,532.18,525.32,528.6,1259.8
2026-01-21 23:30:00,1769038200000,528.6,528.89,522.19,522.84,896.56
2026-01-21 23:45:00,1769039100000,522.84,524.83,520.29,523.23,1266.26
2026-01-22 00:00:00,1769040000000,523.23,528.82,522.86,527.92,1480.25
2026-01-22 00:15:00,1769040900000,527.92,533.06,527.71,530.41,1630.57
2026-01-22 00:30:00,1769041800000,530.41,533.77,528.2,531.38,2094.87
2026-01-22 00:45:00,1769042700000,531.38,531.7,525.34,527.05,1419.26
2026-01-22 01:00:00,1769043600000,527.05,531.26,526.58,529.46,1376.45
2026-01-22 01:15:00,1769044500000,529.46,532.55,528.65,529.25,795.4
2026-01-22 01:30:00,1769045400000,529.25,529.25,521.85,526.67,1651.16
2026-01-22 01:45:00,1769046300000,526.67,527.61,524.04,525.39,797.73
2026-01-22 02:00:00,1769047200000,525.39,527.94,524.93,527.21,1158.89
2026-01-22 02:15:00,1769048100000,527.21,532.75,526.87,531.77,1209.09
2026-01-22 02:30:00,1769049000000,531.77,531.77,528.01,529.54,468.28
2026-01-22 02:45:00,1769049900000,529.54,531.8,525.12,526.69,972.42
2026-01-22 03:00:00,1769050800000,526.69,528.12,521.36,523.06,1742.37
2026-01-22 03:15:00,1769051700000,523.06,523.06,512.8,516.1,3913.98
2026-01-22 03:30:00,1769052600000,516.1,516.89,509.37,511.95,2618.24
2026-01-22 03:45:00,1769053500000,511.95,513.09,510.0,511.71,889.52
2026-01-22 04:00:00,1769054400000,511.71,515.96,511.71,515.41,1381.75
2026-01-22 04:15:00,1769055300000,515.41,517.57,514.16,514.56,1055.39
2026-01-22 04:30:00,1769056200000,514.56,519.0,513.91,518.85,1066.8
2026-01-22 04:45:00,1769057100000,518.85,521.68,517.21,518.01,1236.38
2026-01-22 05:00:00,1769058000000,518.01,518.27,511.82,512.6,1569.47
2026-01-22 05:15:00,1769058900000,512.6,514.63,508.41,510.83,1780.87
2026-01-22 05:30:00,1769059800000,510.83,512.44,509.91,511.63,678.56
2026-01-22 05:45:00,1769060700000,511.63,512.25,507.08,510.34,780.63
2026-01-22 06:00:00,1769061600000,510.34,512.57,508.59,510.71,848.13
2026-01-22 06:15:00,1769062500000,510.71,511.77,509.12,509.99,300.66
2026-01-22 06:30:00,1769063400000,509.99,511.33,507.5,509.91,491.4
2026-01-22 06:45:00,1769064300000,509.91,512.92,507.89,508.43,660.68
2026-01-22 07:00:00,1769065200000,508.43,511.11,502.29,505.01,2270.64
2026-01-22 07:15:00,1769066100000,505.01,506.82,503.16,506.09,672.37
2026-01-22 07:30:00,1769067000000,506.09,508.81,505.28,508.45,1268.44
2026-01-22 07:45:00,1769067900000,508.45,509.45,504.21,504.46,1332.97
2026-01-22 08:00:00,1769068800000,504.46,507.84,503.98,504.39,854.16
2026-01-22 08:15:00,1769069700000,504.39,505.36,502.11,504.02,758.05
2026-01-22 08:30:00,1769070600000,504.02,506.14,502.77,502.77,498.24
2026-01-22 08:45:00,1769071500000,502.77,506.54,502.01,505.64,574.53
2026-01-22 09:00:00,1769072400000,505.64,509.57,503.72,507.62,1143.29
2026-01-22 09:15:00,1769073300000,507.62,510.15,506.8,509.27,884.96
2026-01-22 09:30:00,1769074200000,509.27,512.17,508.98,511.41,1367.37
2026-01-22 09:45:00,1769075100000,511.41,513.65,508.62,512.2,1425.3
2026-01-22 10:00:00,1769076000000,512.2,515.24,510.36,510.49,1726.94
2026-01-22 10:15:00,1769076900000,510.49,511.73,508.64,511.02,1170.03
2026-01-22 10:30:00,1769077800000,511.02,518.38,509.71,516.62,1991.67
2026-01-22 10:45:00,1769078700000,516.62,521.61,516.08,520.32,2013.72
2026-01-22 11:00:00,1769079600000,520.32,520.49,509.82,510.36,2130.07
2026-01-22 11:15:00,1769080500000,510.36,512.64,509.29,511.37,907.75
2026-01-22 11:30:00,1769081400000,511.37,513.33,509.69,510.74,686.13
2026-01-22 11:45:00,1769082300000,510.74,510.81,505.94,506.64,1470.68
2026-01-22 12:00:00,1769083200000,506.64,514.52,505.05,511.78,2232.41
2026-01-22 12:15:00,1769084100000,511.78,514.51,511.35,512.95,676.36
2026-01-22 12:30:00,1769085000000,512.95,514.38,511.22,513.54,1306.51
2026-01-22 12:45:00,1769085900000,513.54,514.91,512.59,513.98,752.44
2026-01-22 13:00:00,1769086800000,513.98,515.0,509.33,512.5,1542.16
2026-01-22 13:15:00,1769087700000,512.5,513.65,508.19,511.57,1161.73
2026-01-22 13:30:00,1769088600000,511.57,511.76,494.25,495.9,6975.3
2026-01-22 13:45:00,1769089500000,495.9,500.54,495.87,499.92,2017.01
2026-01-22 14:00:00,1769090400000,499.92,505.28,498.25,505.19,1868.2
2026-01-22 14:15:00,1769091300000,505.19,505.2,497.42,501.66,1925.02
2026-01-22 14:30:00,1769092200000,501.66,502.65,497.55,498.27,1255.58
2026-01-22 14:45:00,1769093100000,498.27,502.63,496.04,501.61,1599.59
2026-01-22 15:00:00,1769094000000,501.61,507.91,501.38,507.46,1617.55
2026-01-22 15:15:00,1769094900000,507.46,508.99,501.12,505.76,1680.34
2026-01-22 15:30:00,1769095800000,505.76,512.55,505.43,512.35,1968.64
2026-01-22 15:45:00,1769096700000,512.35,514.62,507.87,509.49,2277.93
2026-01-22 16:00:00,1769097600000,509.49,512.92,508.89,509.67,1051.32
2026-01-22 16:15:00,1769098500000,509.67,518.92,508.4,509.85,3571.49
2026-01-22 16:30:00,1769099400000,509.85,512.58,507.44,511.52,2014.7
2026-01-22 16:45:00,1769100300000,511.52,514.79,510.67,513.68,544.97
2026-01-22 17:00:00,1769101200000,513.68,514.88,510.11,510.48,700.22
2026-01-22 17:15:00,1769102100000,510.48,512.12,505.93,506.29,1279.94
2026-01-22 17:30:00,1769103000000,506.29,508.15,505.99,507.85,688.5
2026-01-22 17:45:00,1769103900000,507.85,510.49,506.95,508.65,688.07
2026-01-22 18:00:00,1769104800000,508.65,508.97,505.13,506.33,1045.91
2026-01-22 18:15:00,1769105700000,506.33,508.76,505.4,507.26,704.77
2026-01-22 18:30:00,1769106600000,507.26,510.63,507.26,507.74,479.11
2026-01-22 18:45:00,1769107500000,507.74,510.51,503.77,509.62,1110.25
2026-01-22 19:00:00,1769108400000,509.62,515.76,509.15,513.53,1599.21
2026-01-22 19:15:00,1769109300000,513.53,515.22,510.53,513.29,1689.11
2026-01-22 19:30:00,1769110200000,513.29,521.27,512.87,519.39,1352.18
2026-01-22 19:45:00,1769111100000,519.39,523.27,517.18,520.4,2138.93
2026-01-22 20:00:00,1769112000000,520.4,530.11,513.83,527.72,4706.57
2026-01-22 20:15:00,1769112900000,527.72,528.17,522.26,522.62,2045.76
2026-01-22 20:30:00,1769113800000,522.62,522.62,517.41,519.14,1969.03
2026-01-22 20:45:00,1769114700000,519.14,520.91,516.32,520.22,1163.97
2026-01-22 21:00:00,1769115600000,520.22,524.63,518.4,518.95,1586.34
2026-01-22 21:15:00,1769116500000,518.95,524.1,518.95,523.22,1006.55
2026-01-22 21:30:00,1769117400000,523.22,524.48,521.76,521.83,539.2
2026-01-22 21:45:00,1769118300000,521.83,523.1,520.83,521.4,455.51
2026-01-22 22:00:00,1769119200000,521.4,522.95,519.68,522.24,1200.41
2026-01-22 22:15:00,1769120100000,522.24,522.32,519.44,519.65,428.91
2026-01-22 22:30:00,1769121000000,519.65,520.24,516.49,519.7,549.43
2026-01-22 22:45:00,1769121900000,519.7,521.26,517.43,521.03,674.31
2026-01-22 23:00:00,1769122800000,521.03,521.03,517.9,518.41,414.17
2026-01-22 23:15:00,1769123700000,518.41,518.95,516.81,517.55,494.55
2026-01-22 23:30:00,1769124600000,517.55,518.24,516.78,517.1,175.14
2026-01-22 23:45:00,1769125500000,517.1,517.91,516.54,517.01,283.16
2026-01-23 00:00:00,1769126400000,517.01,520.76,515.31,520.33,816.79
2026-01-23 00:15:00,1769127300000,520.33,523.78,518.11,518.35,863.26
2026-01-23 00:30:00,1769128200000,518.35,520.0,515.55,519.82,866.12
2026-01-23 00:45:00,1769129100000,519.82,523.34,519.69,522.43,567.34
2026-01-23 01:00:00,1769130000000,522.43,523.12,519.12,519.35,509.19
2026-01-23 01:15:00,1769130900000,519.35,521.6,516.89,519.99,1252.76
2026-01-23 01:30:00,1769131800000,519.99,521.86,519.3,521.68,262.89
2026-01-23 01:45:00,1769132700000,521.68,523.96,521.21,521.48,470.97
2026-01-23 02:00:00,1769133600000,521.48,526.21,521.33,525.06,1161.53
2026-01-23 02:15:00,1769134500000,525.06,525.86,522.2,522.56,301.84
2026-01-23 02:30:00,1769135400000,522.56,523.01,519.62,520.55,338.66
2026-01-23 02:45:00,1769136300000,520.55,521.68,517.91,518.34,435.76
2026-01-23 03:00:00,1769137200000,518.34,520.4,517.04,520.4,323.28
2026-01-23 03:15:00,1769138100000,520.4,521.46,519.13,520.1,254.08
2026-01-23 03:30:00,1769139000000,520.1,522.95,520.1,521.57,291.69
2026-01-23 03:45:00,1769139900000,521.57,525.82,521.31,525.7,733.6
2026-01-23 04:00:00,1769140800000,525.7,525.7,520.11,522.04,809.23
2026-01-23 04:15:00,1769141700000,522.04,522.04,519.28,520.49,373.41
2026-01-23 04:30:00,1769142600000,520.49,525.11,520.33,523.53,294.12
2026-01-23 04:45:00,1769143500000,523.53,523.59,521.3,522.26,254.47
2026-01-23 05:00:00,1769144400000,522.26,526.01,522.25,523.89,527.66
2026-01-23 05:15:00,1769145300000,523.89,525.58,521.96,522.93,601.7
2026-01-23 05:30:00,1769146200000,522.93,529.42,522.42,527.72,972.25
2026-01-23 05:45:00,1769147100000,527.72,528.72,524.24,526.16,671.05
2026-01-23 06:00:00,1769148000000,526.16,531.49,525.85,528.76,1338.08
2026-01-23 06:15:00,1769148900000,528.76,531.64,526.69,527.43,1421.97
2026-01-23 06:30:00,1769149800000,527.43,535.62,527.09,533.59,1297.02
2026-01-23 06:45:00,1769150700000,533.59,535.27,530.28,532.82,1316.04
2026-01-23 07:00:00,1769151600000,532.82,532.87,524.32,527.4,2255.32
2026-01-23 07:15:00,1769152500000,527.4,527.4,515.37,516.99,2792.72
2026-01-23 07:30:00,1769153400000,516.99,518.73,513.34,516.03,2474.39
2026-01-23 07:45:00,1769154300000,516.03,518.87,512.26,516.47,1637.3
2026-01-23 08:00:00,1769155200000,516.47,518.51,515.25,517.35,1112.31
2026-01-23 08:15:00,1769156100000,517.35,523.16,517.09,519.1,2093.08
2026-01-23 08:30:00,1769157000000,519.1,521.18,518.04,519.74,1446.33
2026-01-23 08:45:00,1769157900000,519.74,521.74,517.46,520.92,1145.24
2026-01-23 09:00:00,1769158800000,520.92,525.03,519.49,524.27,984.44
2026-01-23 09:15:00,1769159700000,524.27,524.77,519.72,521.78,1123.17
2026-01-23 09:30:00,1769160600000,521.78,521.97,515.01,518.2,1680.63
2026-01-23 09:45:00,1769161500000,518.2,521.94,517.48,520.45,849.3
2026-01-23 10:00:00,1769162400000,520.45,520.91,513.56,514.52,961.56
2026-01-23 10:15:00,1769163300000,514.52,515.34,511.96,514.16,1393.79
2026-01-23 10:30:00,1769164200000,514.16,514.73,511.12,514.52,785.97
2026-01-23 10:45:00,1769165100000,514.52,517.32,513.07,516.99,754.25
2026-01-23 11:00:00,1769166000000,516.99,517.18,512.87,516.11,782.99
2026-01-23 11:15:00,1769166900000,516.11,516.82,514.0,514.7,552.54
2026-01-23 11:30:00,1769167800000,514.7,515.52,509.38,511.45,2189.5
2026-01-23 11:45:00,1769168700000,511.45,513.78,511.45,513.3,400.23
2026-01-23 12:00:00,1769169600000,513.3,515.12,511.99,513.44,374.91
2026-01-23 12:15:00,1769170500000,513.44,518.0,513.44,516.09,582.27
2026-01-23 12:30:00,1769171400000,516.09,517.28,514.05,514.49,276.85
2026-01-23 12:45:00,1769172300000,514.49,515.32,509.51,510.69,1289.43
2026-01-23 13:00:00,1769173200000,510.69,512.54,507.52,512.33,2336.62
2026-01-23 13:15:00,1769174100000,512.33,513.37,510.1,510.5,627.28
2026-01-23 13:30:00,1769175000000,510.5,513.99,509.95,513.19,918.85
2026-01-23 13:45:00,1769175900000,513.19,514.36,511.35,512.64,573.62
2026-01-23 14:00:00,1769176800000,512.64,515.2,511.74,513.86,510.41
2026-01-23 14:15:00,1769177700000,513.86,515.05,512.04,514.96,427.05
2026-01-23 14:30:00,1769178600000,514.96,515.86,508.24,514.38,1553.87
2026-01-23 14:45:00,1769179500000,514.38,516.29,511.83,512.65,1360.4
2026-01-23 15:00:00,1769180400000,512.65,513.58,509.0,509.46,652.23
2026-01-23 15:15:00,1769181300000,509.46,514.94,507.58,512.6,930.77
2026-01-23 15:30:00,1769182200000,512.6,517.8,512.42,515.68,1144.9
2026-01-23 15:45:00,1769183100000,515.68,523.46,515.27,522.0,1723.3
2026-01-23 16:00:00,1769184000000,522.0,528.13,520.93,527.44,2583.62
2026-01-23 16:15:00,1769184900000,527.44,527.61,521.61,523.87,1384.8
2026-01-23 16:30:00,1769185800000,523.87,529.15,522.97,527.54,2209.44
2026-01-23 16:45:00,1769186700000,527.54,527.99,518.32,521.2,2523.34
2026-01-23 17:00:00,1769187600000,521.2,521.67,518.89,520.25,721.63
2026-01-23 17:15:00,1769188500000,520.25,527.13,519.89,525.74,1121.81
2026-01-23 17:30:00,1769189400000,525.74,530.86,524.97,525.06,1582.56
2026-01-23 17:45:00,1769190300000,525.06,527.44,522.99,524.34,1013.08
2026-01-23 18:00:00,1769191200000,524.34,527.59,523.6,524.87,624.88
2026-01-23 18:15:00,1769192100000,524.87,526.97,524.32,526.97,498.84
2026-01-23 18:30:00,1769193000000,526.97,528.81,523.1,523.63,1183.69
2026-01-23 18:45:00,1769193900000,523.63,523.99,520.09,520.78,1285.51
2026-01-23 19:00:00,1769194800000,520.78,524.82,520.04,523.93,416.85
2026-01-23 19:15:00,1769195700000,523.93,525.58,520.71,521.53,541.35
2026-01-23 19:30:00,1769196600000,521.53,521.93,516.08,517.87,1272.3
2026-01-23 19:45:00,1769197500000,517.87,518.28,514.83,517.98,659.26
2026-01-23 20:00:00,1769198400000,517.98,519.78,515.24,516.8,556.83
2026-01-23 20:15:00,1769199300000,516.8,517.43,515.14,515.35,417.74
2026-01-23 20:30:00,1769200200000,515.35,516.58,511.76,515.74,1121.59
2026-01-23 20:45:00,1769201100000,515.74,517.57,514.96,515.59,703.77
2026-01-23 21:00:00,1769202000000,515.59,518.84,514.4,516.91,794.91
2026-01-23 21:15:00,1769202900000,516.91,517.89,515.73,516.74,263.57
2026-01-23 21:30:00,1769203800000,516.74,517.21,514.31,515.41,323.2
2026-01-23 21:45:00,1769204700000,515.41,516.31,514.17,514.96,338.94
2026-01-23 22:00:00,1769205600000,514.96,516.76,513.72,513.72,412.92
2026-01-23 22:15:00,1769206500000,513.72,515.99,512.16,515.56,484.51
2026-01-23 22:30:00,1769207400000,515.56,516.56,514.18,514.18,295.87
2026-01-23 22:45:00,1769208300000,514.18,514.72,513.31,513.89,116.28
2026-01-23 23:00:00,1769209200000,513.89,515.63,512.37,513.32,280.59
2026-01-23 23:15:00,1769210100000,513.32,513.94,512.43,513.18,204.45
2026-01-23 23:30:00,1769211000000,513.18,513.6,511.52,513.03,315.6
2026-01-23 23:45:00,1769211900000,513.03,514.29,512.09,513.54,632.41
2026-01-24 00:00:00,1769212800000,513.54,515.62,508.31,508.81,1040.37
2026-01-24 00:15:00,1769213700000,508.81,511.17,508.7,509.18,504.08
2026-01-24 00:30:00,1769214600000,509.18,511.63,508.05,509.03,502.48
2026-01-24 00:45:00,1769215500000,509.03,510.99,506.23,506.76,988.81
2026-01-24 01:00:00,1769216400000,506.76,507.88,501.89,504.92,1507.54
2026-01-24 01:15:00,1769217300000,504.92,506.29,503.9,506.2,426.93
2026-01-24 01:30:00,1769218200000,506.2,507.24,504.62,506.84,475.39
2026-01-24 01:45:00,1769219100000,506.84,508.35,500.37,501.45,1760.32
2026-01-24 02:00:00,1769220000000,501.45,504.72,501.45,504.41,718.96
2026-01-24 02:15:00,1769220900000,504.41,504.93,503.15,504.75,791.24
2026-01-24 02:30:00,1769221800000,504.75,507.9,504.17,506.67,817.43
2026-01-24 02:45:00,1769222700000,506.67,510.26,506.12,509.85,487.39
2026-01-24 03:00:00,1769223600000,509.85,511.09,508.49,510.53,359.7
2026-01-24 03:15:00,1769224500000,510.53,511.7,507.99,511.6,510.8
2026-01-24 03:30:00,1769225400000,511.6,513.34,508.37,509.93,1101.67
2026-01-24 03:45:00,1769226300000,509.93,512.37,508.57,511.56,430.75
2026-01-24 04:00:00,1769227200000,511.56,513.68,509.13,510.66,624.44
2026-01-24 04:15:00,1769228100000,510.66,514.64,509.45,514.27,1010.67
2026-01-24 04:30:00,1769229000000,514.27,516.96,513.86,515.21,804.34
2026-01-24 04:45:00,1769229900000,515.21,516.0,513.65,515.29,562.59
2026-01-24 05:00:00,1769230800000,515.29,515.37,511.17,513.06,383.04
2026-01-24 05:15:00,1769231700000,513.06,517.72,512.76,517.35,661.7
2026-01-24 05:30:00,1769232600000,517.35,519.36,515.77,517.99,915.52
2026-01-24 05:45:00,1769233500000,517.99,524.0,517.86,522.65,1702.04
2026-01-24 06:00:00,1769234400000,522.65,524.75,521.01,521.66,1151.01
2026-01-24 06:15:00,1769235300000,521.66,522.68,517.31,519.31,1577.2
2026-01-24 06:30:00,1769236200000,519.31,521.23,519.17,519.55,497.78
2026-01-24 06:45:00,1769237100000,519.55,520.2,517.5,519.81,419.31
2026-01-24 07:00:00,1769238000000,519.81,522.27,519.22,520.1,302.88
2026-01-24 07:15:00,1769238900000,520.1,523.86,518.85,520.45,1103.91
2026-01-24 07:30:00,1769239800000,520.45,521.69,519.26,519.86,500.3
2026-01-24 07:45:00,1769240700000,519.86,521.9,519.86,521.01,277.83
2026-01-24 08:00:00,1769241600000,521.01,522.99,520.64,522.56,684.56
2026-01-24 08:15:00,1769242500000,522.56,523.94,521.2,522.48,640.27
2026-01-24 08:30:00,1769243400000,522.48,523.9,519.85,522.22,1038.57
2026-01-24 08:45:00,1769244300000,522.22,524.82,522.22,524.41,816.99
2026-01-24 09:00:00,1769245200000,524.41,524.41,522.92,523.69,408.37
2026-01-24 09:15:00,1769246100000,523.69,531.26,523.12,526.19,2053.04
2026-01-24 09:30:00,1769247000000,526.19,531.08,525.59,529.66,1820.66
2026-01-24 09:45:00,1769247900000,529.66,529.66,525.87,526.37,719.83
2026-01-24 10:00:00,1769248800000,526.37,527.65,520.32,523.29,1895.89
2026-01-24 10:15:00,1769249700000,523.29,526.68,522.16,524.65,949.94
2026-01-24 10:30:00,1769250600000,524.65,529.56,524.52,529.05,978.02
2026-01-24 10:45:00,1769251500000,529.05,529.05,524.76,525.09,527.45
2026-01-24 11:00:00,1769252400000,525.09,527.33,524.76,526.31,1114.29
2026-01-24 11:15:00,1769253300000,526.31,526.85,520.48,521.2,1267.79
2026-01-24 11:30:00,1769254200000,521.2,523.43,520.89,522.24,731.59
2026-01-24 11:45:00,1769255100000,522.24,523.07,519.17,519.92,1108.92
2026-01-24 12:00:00,1769256000000,519.92,520.94,519.42,519.9,411.84
2026-01-24 12:15:00,1769256900000,519.9,522.14,518.53,520.7,860.01
2026-01-24 12:30:00,1769257800000,520.7,522.09,518.79,520.2,568.42
2026-01-24 12:45:00,1769258700000,520.2,521.44,520.05,521.16,243.94
2026-01-24 13:00:00,1769259600000,521.16,523.78,521.15,523.56,492.88
2026-01-24 13:15:00,1769260500000,523.56,525.05,520.07,520.43,844.24
2026-01-24 13:30:00,1769261400000,520.43,522.21,518.67,522.07,727.7
2026-01-24 13:45:00,1769262300000,522.07,522.17,519.92,519.92,467.87
2026-01-24 14:00:00,1769263200000,519.92,522.01,519.74,521.66,261.61
2026-01-24 14:15:00,1769264100000,521.66,521.67,515.2,517.9,1448.55
2026-01-24 14:30:00,1769265000000,517.9,519.58,516.93,517.76,1080.51
2026-01-24 14:45:00,1769265900000,517.76,517.86,515.18,516.03,609.26
2026-01-24 15:00:00,1769266800000,516.03,516.89,513.24,513.41,845.7
2026-01-24 15:15:00,1769267700000,513.41,513.73,505.86,507.58,4691.05
2026-01-24 15:30:00,1769268600000,507.58,509.6,505.62,507.3,2603.52
2026-01-24 15:45:00,1769269500000,507.3,510.89,506.32,509.93,1734.11
2026-01-24 16:00:00,1769270400000,509.93,512.83,507.47,510.09,1128.59
2026-01-24 16:15:00,1769271300000,510.09,511.08,508.37,510.74,757.11
2026-01-24 16:30:00,1769272200000,510.74,514.66,510.04,513.53,1475.36
2026-01-24 16:45:00,1769273100000,513.53,513.6,511.82,513.07,754.47
2026-01-24 17:00:00,1769274000000,513.07,515.16,511.64,514.86,1018.0
2026-01-24 17:15:00,1769274900000,514.86,517.06,513.47,514.41,1194.96
2026-01-24 17:30:00,1769275800000,514.41,514.67,510.46,510.88,997.35
2026-01-24 17:45:00,1769276700000,510.88,511.97,509.74,511.49,444.92
2026-01-24 18:00:00,1769277600000,511.49,512.07,510.38,511.64,561.84
2026-01-24 18:15:00,1769278500000,511.64,512.4,510.45,512.01,364.87
2026-01-24 18:30:00,1769279400000,512.01,514.01,511.29,512.92,256.38
2026-01-24 18:45:00,1769280300000,512.92,513.62,511.84,511.96,295.11
2026-01-24 19:00:00,1769281200000,511.96,512.17,509.24,509.99,220.12
2026-01-24 19:15:00,1769282100000,509.99,510.1,507.19,508.04,525.08
2026-01-24 19:30:00,1769283000000,508.04,508.86,508.04,508.68,195.17
2026-01-24 19:45:00,1769283900000,508.68,508.91,507.33,507.86,234.17
2026-01-24 20:00:00,1769284800000,507.86,509.38,507.72,508.87,376.66
2026-01-24 20:15:00,1769285700000,508.87,510.23,508.6,510.06,145.91
2026-01-24 20:30:00,1769286600000,510.06,510.26,507.3,508.36,792.66
2026-01-24 20:45:00,1769287500000,508.36,508.79,507.04,507.55,262.45
2026-01-24 21:00:00,1769288400000,507.55,508.18,506.27,506.63,371.45
2026-01-24 21:15:00,1769289300000,506.63,511.14,506.09,510.66,550.38
2026-01-24 21:30:00,1769290200000,510.66,514.06,510.29,512.08,990.32
2026-01-24 21:45:00,1769291100000,512.08,512.1,508.06,509.19,526.04
2026-01-24 22:00:00,1769292000000,509.19,509.45,506.77,507.91,763.95
2026-01-24 22:15:00,1769292900000,507.91,509.19,507.3,507.3,181.08
2026-01-24 22:30:00,1769293800000,507.3,507.55,506.43,507.4,175.9
2026-01-24 22:45:00,1769294700000,507.4,507.85,504.63,505.83,536.49
2026-01-24 23:00:00,1769295600000,505.83,508.14,500.97,502.05,3873.3
2026-01-24 23:15:00,1769296500000,502.05,504.53,501.04,502.12,1251.22
2026-01-24 23:30:00,1769297400000,502.12,503.8,501.94,502.93,433.98
2026-01-24 23:45:00,1769298300000,502.93,505.16,502.43,504.25,591.28
2026-01-25 00:00:00,1769299200000,504.25,504.25,502.49,502.73,326.47
2026-01-25 00:15:00,1769300100000,502.73,504.47,502.18,503.97,611.74
2026-01-25 00:30:00,1769301000000,503.97,505.69,503.24,503.92,349.23
2026-01-25 00:45:00,1769301900000,503.92,505.52,502.52,505.26,239.6
2026-01-25 01:00:00,1769302800000,505.26,508.81,505.2,508.21,427.48
2026-01-25 01:15:00,1769303700000,508.21,508.25,505.09,506.36,506.39
2026-01-25 01:30:00,1769304600000,506.36,506.71,503.5,503.79,503.66
2026-01-25 01:45:00,1769305500000,503.79,504.37,503.0,504.37,388.52
2026-01-25 02:00:00,1769306400000,504.37,506.24,502.98,505.41,600.1
2026-01-25 02:15:00,1769307300000,505.41,505.7,503.34,503.34,153.83
2026-01-25 02:30:00,1769308200000,503.34,504.17,502.19,503.2,568.15
2026-01-25 02:45:00,1769309100000,503.2,505.13,502.56,502.86,506.68
2026-01-25 03:00:00,1769310000000,502.86,503.82,502.23,502.4,253.73
2026-01-25 03:15:00,1769310900000,502.4,502.4,500.63,501.78,649.7
2026-01-25 03:30:00,1769311800000,501.78,501.79,497.23,498.06,1228.64
2026-01-25 03:45:00,1769312700000,498.06,498.49,494.13,494.75,1148.88
2026-01-25 04:00:00,1769313600000,494.75,495.05,489.27,491.04,2684.59
2026-01-25 04:15:00,1769314500000,491.04,494.88,490.08,491.09,980.12
2026-01-25 04:30:00,1769315400000,491.09,496.47,490.43,495.59,1138.31
2026-01-25 04:45:00,1769316300000,495.59,496.67,493.77,494.54,679.95
2026-01-25 05:00:00,1769317200000,494.54,494.67,489.48,490.14,1526.68
2026-01-25 05:15:00,1769318100000,490.14,490.14,486.68,487.55,2139.75
2026-01-25 05:30:00,1769319000000,487.55,488.56,485.0,487.88,833.0
2026-01-25 05:45:00,1769319900000,487.88,489.21,486.23,487.28,642.68
2026-01-25 06:00:00,1769320800000,487.28,488.58,483.67,487.42,1606.11
2026-01-25 06:15:00,1769321700000,487.42,491.86,487.26,491.27,1261.79
2026-01-25 06:30:00,1769322600000,491.27,494.09,491.03,493.24,1439.58
2026-01-25 06:45:00,1769323500000,493.24,494.49,487.2,487.38,1734.01
2026-01-25 07:00:00,1769324400000,487.38,489.92,482.3,487.95,2571.51
2026-01-25 07:15:00,1769325300000,487.95,492.95,487.95,492.26,1134.82
2026-01-25 07:30:00,1769326200000,492.26,492.94,489.14,489.14,499.51
2026-01-25 07:45:00,1769327100000,489.14,490.64,487.53,489.91,1226.06
2026-01-25 08:00:00,1769328000000,489.91,491.68,489.91,490.92,416.26
2026-01-25 08:15:00,1769328900000,490.92,497.5,490.73,497.18,1615.07
2026-01-25 08:30:00,1769329800000,497.18,497.2,492.0,493.91,2401.65
2026-01-25 08:45:00,1769330700000,493.91,494.39,487.33,489.1,1299.14
2026-01-25 09:00:00,1769331600000,489.1,495.3,489.1,494.16,918.02
2026-01-25 09:15:00,1769332500000,494.16,494.25,489.63,490.93,2781.86
2026-01-25 09:30:00,1769333400000,490.93,492.68,488.14,488.93,1767.43
2026-01-25 09:45:00,1769334300000,488.93,490.72,488.7,489.38,321.5
2026-01-25 10:00:00,1769335200000,489.38,489.64,485.44,488.5,1590.64
2026-01-25 10:15:00,1769336100000,488.5,489.8,487.05,487.72,450.3
2026-01-25 10:30:00,1769337000000,487.72,489.29,484.72,488.55,915.35
2026-01-25 10:45:00,1769337900000,488.55,492.43,485.29,488.06,2942.13
2026-01-25 11:00:00,1769338800000,488.06,488.06,485.93,486.51,678.18
2026-01-25 11:15:00,1769339700000,486.51,487.8,483.1,483.86,1720.52
2026-01-25 11:30:00,1769340600000,483.86,486.74,483.65,484.89,1511.81
2026-01-25 11:45:00,1769341500000,484.89,484.93,480.29,484.04,2947.19
2026-01-25 12:00:00,1769342400000,484.04,484.5,481.25,482.49,992.01
2026-01-25 12:15:00,1769343300000,482.49,482.73,480.48,481.35,1047.0
2026-01-25 12:30:00,1769344200000,481.35,483.99,481.15,483.69,1011.12
2026-01-25 12:45:00,1769345100000,483.69,485.56,483.2,484.44,1648.97
2026-01-25 13:00:00,1769346000000,484.44,486.02,483.01,484.28,1870.91
2026-01-25 13:15:00,1769346900000,484.28,484.72,482.93,484.1,668.43
2026-01-25 13:30:00,1769347800000,484.1,484.44,482.8,483.84,318.15
2026-01-25 13:45:00,1769348700000,483.84,485.18,482.84,484.47,456.89
2026-01-25 14:00:00,1769349600000,484.47,484.47,473.5,476.36,7145.4
2026-01-25 14:15:00,1769350500000,476.36,477.8,475.03,476.87,1603.54
2026-01-25 14:30:00,1769351400000,476.87,477.82,466.42,468.23,4604.63
2026-01-25 14:45:00,1769352300000,468.23,469.18,463.32,467.29,4895.85
2026-01-25 15:00:00,1769353200000,467.29,472.29,466.53,471.74,2766.83
2026-01-25 15:15:00,1769354100000,471.74,474.8,471.19,474.33,1516.69
2026-01-25 15:30:00,1769355000000,474.33,474.88,472.01,473.51,745.79
2026-01-25 15:45:00,1769355900000,473.51,473.69,470.54,472.48,861.0
2026-01-25 16:00:00,1769356800000,472.48,472.89,468.23,469.28,2066.35
2026-01-25 16:15:00,1769357700000,469.28,471.57,466.75,468.94,2836.59
2026-01-25 16:30:00,1769358600000,468.94,469.27,463.55,464.22,2641.75
2026-01-25 16:45:00,1769359500000,464.22,469.17,460.5,468.15,4162.88
2026-01-25 17:00:00,1769360400000,468.15,468.49,462.98,463.52,1478.33
2026-01-25 17:15:00,1769361300000,463.52,466.08,461.16,465.47,1405.24
2026-01-25 17:30:00,1769362200000,465.47,469.08,465.0,466.68,1295.83
2026-01-25 17:45:00,1769363100000,466.68,466.95,463.23,464.0,1588.14
2026-01-25 18:00:00,1769364000000,464.0,464.04,455.68,460.0,4141.61
2026-01-25 18:15:00,1769364900000,460.0,462.72,458.64,460.1,2198.57
2026-01-25 18:30:00,1769365800000,460.1,460.49,455.68,459.14,2909.98
2026-01-25 18:45:00,1769366700000,459.14,461.8,458.1,461.05,2274.14
2026-01-25 19:00:00,1769367600000,461.05,461.07,457.9,458.64,520.9
2026-01-25 19:15:00,1769368500000,458.64,461.16,453.59,454.84,3213.72
2026-01-25 19:30:00,1769369400000,454.84,457.83,454.63,457.06,1522.79
2026-01-25 19:45:00,1769370300000,457.06,457.56,452.17,457.18,2756.43
2026-01-25 20:00:00,1769371200000,457.18,458.12,453.67,453.82,919.34
2026-01-25 20:15:00,1769372100000,453.82,457.26,453.44,454.76,853.39
2026-01-25 20:30:00,1769373000000,454.76,455.7,450.63,454.41,1652.85
2026-01-25 20:45:00,1769373900000,454.41,457.28,453.32,454.21,1962.32
2026-01-25 21:00:00,1769374800000,454.21,457.86,454.1,455.15,1399.07
2026-01-25 21:15:00,1769375700000,455.15,456.45,454.56,455.89,563.8
2026-01-25 21:30:00,1769376600000,455.89,456.25,449.38,451.81,2918.05
2026-01-25 21:45:00,1769377500000,451.81,454.11,451.8,452.96,721.37
2026-01-25 22:00:00,1769378400000,452.96,453.38,448.2,451.09,2032.51
2026-01-25 22:15:00,1769379300000,451.09,451.36,446.34,447.24,2046.81
2026-01-25 22:30:00,1769380200000,447.24,449.04,445.5,446.12,1280.64
2026-01-25 22:45:00,1769381100000,446.12,448.45,445.53,447.6,907.14
2026-01-25 23:00:00,1769382000000,447.6,453.42,446.76,451.07,1543.03
2026-01-25 23:15:00,1769382900000,451.07,453.33,450.05,452.37,751.71
2026-01-25 23:30:00,1769383800000,452.37,452.47,450.21,452.01,816.61
2026-01-25 23:45:00,1769384700000,452.01,453.06,449.11,450.32,1746.27
2026-01-26 00:00:00,1769385600000,450.32,454.08,449.91,451.14,1932.9
2026-01-26 00:15:00,1769386500000,451.14,452.89,448.38,448.65,972.98
2026-01-26 00:30:00,1769387400000,448.65,450.15,447.94,449.01,722.43
2026-01-26 00:45:00,1769388300000,449.01,454.21,448.64,451.3,1031.73
2026-01-26 01:00:00,1769389200000,451.3,454.81,450.81,453.84,1367.62
2026-01-26 01:15:00,1769390100000,453.84,455.94,452.89,453.05,3200.98
2026-01-26 01:30:00,1769391000000,453.05,453.34,451.84,452.9,771.39
2026-01-26 01:45:00,1769391900000,452.9,454.48,450.49,451.67,1428.9
2026-01-26 02:00:00,1769392800000,451.67,451.77,446.58,448.24,1150.94
2026-01-26 02:15:00,1769393700000,448.24,453.26,448.07,453.06,1059.32
2026-01-26 02:30:00,1769394600000,453.06,453.68,448.94,450.06,2035.65
2026-01-26 02:45:00,1769395500000,450.06,451.86,449.76,451.66,402.7
2026-01-26 03:00:00,1769396400000,451.66,454.22,451.58,452.71,628.57
2026-01-26 03:15:00,1769397300000,452.71,454.72,452.65,454.16,1721.87
2026-01-26 03:30:00,1769398200000,454.16,455.33,453.19,453.82,760.49
2026-01-26 03:45:00,1769399100000,453.82,454.03,451.23,453.45,493.48
2026-01-26 04:00:00,1769400000000,453.45,455.29,453.05,454.94,550.56
2026-01-26 04:15:00,1769400900000,454.94,463.67,454.71,462.46,2483.07
2026-01-26 04:30:00,1769401800000,462.46,463.21,459.42,460.59,1456.49
2026-01-26 04:45:00,1769402700000,460.59,461.93,459.69,461.16,715.14
2026-01-26 05:00:00,1769403600000,461.16,462.1,458.14,459.74,1186.71
2026-01-26 05:15:00,1769404500000,459.74,460.94,455.84,455.93,914.52
2026-01-26 05:30:00,1769405400000,455.93,458.4,454.8,457.4,587.85
2026-01-26 05:45:00,1769406300000,457.4,460.35,456.94,458.11,987.7
2026-01-26 06:00:00,1769407200000,458.11,460.03,457.29,459.14,545.79
2026-01-26 06:15:00,1769408100000,459.14,462.24,458.32,461.72,406.33
2026-01-26 06:30:00,1769409000000,461.72,463.34,461.54,462.81,663.73
2026-01-26 06:45:00,1769409900000,462.81,465.38,461.79,462.49,854.9
2026-01-26 07:00:00,1769410800000,462.49,466.34,461.7,464.75,1791.31
2026-01-26 07:15:00,1769411700000,464.75,466.98,463.28,466.71,1174.61
2026-01-26 07:30:00,1769412600000,466.71,466.71,462.69,464.18,1274.58
2026-01-26 07:45:00,1769413500000,464.18,465.87,459.67,460.67,1923.64
2026-01-26 08:00:00,1769414400000,460.67,465.47,460.35,464.12,1352.28
2026-01-26 08:15:00,1769415300000,464.12,470.91,464.12,468.01,2498.8
2026-01-26 08:30:00,1769416200000,468.01,469.18,465.51,466.63,1120.77
2026-01-26 08:45:00,1769417100000,466.63,470.0,466.59,470.0,1265.66
2026-01-26 09:00:00,1769418000000,470.0,471.19,464.18,465.26,1708.6
2026-01-26 09:15:00,1769418900000,465.26,466.55,464.0,465.03,575.49
2026-01-26 09:30:00,1769419800000,465.03,465.56,463.52,464.22,637.61
2026-01-26 09:45:00,1769420700000,464.22,464.87,462.19,463.56,835.23
2026-01-26 10:00:00,1769421600000,463.56,464.71,462.71,462.98,482.68
2026-01-26 10:15:00,1769422500000,462.98,466.05,460.76,465.19,935.17
2026-01-26 10:30:00,1769423400000,465.19,467.07,464.2,464.31,621.29
2026-01-26 10:45:00,1769424300000,464.31,464.72,462.87,464.32,584.58
2026-01-26 11:00:00,1769425200000,464.32,465.83,462.03,462.98,1308.49
2026-01-26 11:15:00,1769426100000,462.98,463.43,460.09,461.64,1102.85
2026-01-26 11:30:00,1769427000000,461.64,461.83,460.04,461.72,1280.06
2026-01-26 11:45:00,1769427900000,461.72,462.22,453.34,457.1,2768.11
2026-01-26 12:00:00,1769428800000,457.1,458.02,454.98,456.75,1064.42
2026-01-26 12:15:00,1769429700000,456.75,460.38,456.75,458.34,814.94
2026-01-26 12:30:00,1769430600000,458.34,460.44,457.79,459.99,414.64
2026-01-26 12:45:00,1769431500000,459.99,461.88,459.04,460.31,481.93
2026-01-26 13:00:00,1769432400000,460.31,463.0,459.15,460.08,698.9
2026-01-26 13:15:00,1769433300000,460.08,460.71,456.41,458.19,627.87
2026-01-26 13:30:00,1769434200000,458.19,462.4,458.16,461.8,536.17
2026-01-26 13:45:00,1769435100000,461.8,464.7,460.1,464.57,729.99
2026-01-26 14:00:00,1769436000000,464.57,467.97,462.2,462.42,1132.65
2026-01-26 14:15:00,1769436900000,462.42,462.83,460.67,462.38,609.61
2026-01-26 14:30:00,1769437800000,462.38,468.51,461.73,465.98,1414.67
2026-01-26 14:45:00,1769438700000,465.98,466.46,462.01,462.55,833.45
2026-01-26 15:00:00,1769439600000,462.55,465.04,460.77,464.59,932.78
2026-01-26 15:15:00,1769440500000,464.59,464.69,460.57,460.64,931.55
2026-01-26 15:30:00,1769441400000,460.64,461.32,455.5,456.81,1347.89
2026-01-26 15:45:00,1769442300000,456.81,460.42,455.72,460.42,1017.1
2026-01-26 16:00:00,1769443200000,460.42,463.07,460.18,460.74,653.86
2026-01-26 16:15:00,1769444100000,460.74,460.81,457.92,458.64,653.55
2026-01-26 16:30:00,1769445000000,458.64,461.24,457.74,461.06,531.5
2026-01-26 16:45:00,1769445900000,461.06,462.35,460.09,461.23,585.96
2026-01-26 17:00:00,1769446800000,461.23,462.1,459.84,460.59,413.0
2026-01-26 17:15:00,1769447700000,460.59,462.75,459.97,462.21,496.6
2026-01-26 17:30:00,1769448600000,462.21,465.14,460.29,465.03,698.71
2026-01-26 17:45:00,1769449500000,465.03,465.55,462.67,464.8,801.85
2026-01-26 18:00:00,1769450400000,464.8,467.91,464.18,467.76,741.33
2026-01-26 18:15:00,1769451300000,467.76,471.27,466.17,470.85,1982.58
2026-01-26 18:30:00,1769452200000,470.85,473.41,467.75,470.1,1327.23
2026-01-26 18:45:00,1769453100000,470.1,473.78,469.5,472.24,1410.78
2026-01-26 19:00:00,1769454000000,472.24,472.74,470.1,471.72,812.76
2026-01-26 19:15:00,1769454900000,471.72,474.12,470.47,471.4,1496.54
2026-01-26 19:30:00,1769455800000,471.4,473.44,469.45,472.78,810.42
2026-01-26 19:45:00,1769456700000,472.78,473.78,471.41,472.3,458.17
2026-01-26 20:00:00,1769457600000,472.3,473.0,470.54,470.61,432.62
2026-01-26 20:15:00,1769458500000,470.61,471.75,468.68,469.21,477.05
2026-01-26 20:30:00,1769459400000,469.21,470.46,468.26,468.82,479.62
2026-01-26 20:45:00,1769460300000,468.82,469.0,463.87,465.15,1619.09
2026-01-26 21:00:00,1769461200000,465.15,466.84,465.0,465.69,787.49
2026-01-26 21:15:00,1769462100000,465.69,466.54,463.86,466.14,646.9
2026-01-26 21:30:00,1769463000000,466.14,473.59,466.14,473.41,1298.85
2026-01-26 21:45:00,1769463900000,473.41,477.62,472.25,476.61,1413.24
2026-01-26 22:00:00,1769464800000,476.61,477.82,473.49,473.94,1120.84
2026-01-26 22:15:00,1769465700000,473.94,474.22,471.72,473.46,748.36
2026-01-26 22:30:00,1769466600000,473.46,474.83,470.94,472.01,554.04
2026-01-26 22:45:00,1769467500000,472.01,474.47,470.57,470.7,807.83
2026-01-26 23:00:00,1769468400000,470.7,470.91,466.53,467.31,1459.18
2026-01-26 23:15:00,1769469300000,467.31,467.38,462.93,465.02,1409.07
2026-01-26 23:30:00,1769470200000,465.02,465.09,460.73,461.55,1931.18
2026-01-26 23:45:00,1769471100000,461.55,462.56,459.57,462.42,1324.73
2026-01-27 00:00:00,1769472000000,462.42,462.43,454.48,457.17,3162.83
2026-01-27 00:15:00,1769472900000,457.17,462.81,456.03,460.8,1176.28
2026-01-27 00:30:00,1769473800000,460.8,462.88,460.52,461.47,762.05
2026-01-27 00:45:00,1769474700000,461.47,462.61,460.13,462.16,501.91
2026-01-27 01:00:00,1769475600000,462.16,463.26,460.89,462.04,636.51
2026-01-27 01:15:00,1769476500000,462.04,463.86,460.48,461.76,1026.81
2026-01-27 01:30:00,1769477400000,461.76,462.47,460.33,461.45,559.84
2026-01-27 01:45:00,1769478300000,461.45,462.4,460.74,461.86,391.38
2026-01-27 02:00:00,1769479200000,461.86,465.84,461.77,465.64,468.69
2026-01-27 02:15:00,1769480100000,465.64,466.0,464.5,465.04,128.28
2026-01-27 02:30:00,1769481000000,465.04,469.04,464.51,468.0,410.27
2026-01-27 02:45:00,1769481900000,468.0,469.89,466.95,469.43,414.53
2026-01-27 03:00:00,1769482800000,469.43,469.69,467.57,469.04,749.4
2026-01-27 03:15:00,1769483700000,469.04,470.03,468.42,469.36,590.15
2026-01-27 03:30:00,1769484600000,469.36,469.38,467.45,469.28,612.99
2026-01-27 03:45:00,1769485500000,469.28,470.04,467.31,468.8,657.19
2026-01-27 04:00:00,1769486400000,468.8,471.24,467.83,470.95,821.48
2026-01-27 04:15:00,1769487300000,470.95,472.88,468.15,469.06,864.79
2026-01-27 04:30:00,1769488200000,469.06,469.75,464.93,466.04,745.46
2026-01-27 04:45:00,1769489100000,466.04,467.18,465.01,466.06,539.21
2026-01-27 05:00:00,1769490000000,466.06,466.13,460.54,463.47,1221.95
2026-01-27 05:15:00,1769490900000,463.47,467.74,462.98,466.67,444.89
2026-01-27 05:30:00,1769491800000,466.67,467.03,464.54,466.13,455.9
2026-01-27 05:45:00,1769492700000,466.13,469.88,465.72,469.01,1073.58
2026-01-27 06:00:00,1769493600000,469.01,471.25,467.96,470.68,669.38
2026-01-27 06:15:00,1769494500000,470.68,471.16,469.05,469.11,897.77
2026-01-27 06:30:00,1769495400000,469.11,471.09,468.88,470.8,386.85
2026-01-27 06:45:00,1769496300000,470.8,472.49,469.94,471.29,599.6
2026-01-27 07:00:00,1769497200000,471.29,474.67,468.96,474.35,1174.58
2026-01-27 07:15:00,1769498100000,474.35,479.66,473.42,478.94,2890.0
2026-01-27 07:30:00,1769499000000,478.94,479.9,476.29,479.24,1275.4
2026-01-27 07:45:00,1769499900000,479.24,479.67,475.75,477.95,1072.03
2026-01-27 08:00:00,1769500800000,477.95,479.31,476.67,477.36,495.0
2026-01-27 08:15:00,1769501700000,477.36,478.54,475.19,475.66,739.71
2026-01-27 08:30:00,1769502600000,475.66,476.18,471.28,471.68,1316.44
2026-01-27 08:45:00,1769503500000,471.68,474.73,470.44,473.79,1124.72
2026-01-27 09:00:00,1769504400000,473.79,476.3,472.1,473.95,1160.43
2026-01-27 09:15:00,1769505300000,473.95,476.02,473.94,474.53,600.89
2026-01-27 09:30:00,1769506200000,474.53,477.78,473.34,476.02,814.47
2026-01-27 09:45:00,1769507100000,476.02,477.12,471.64,474.05,1004.53
2026-01-27 10:00:00,1769508000000,474.05,477.0,473.74,476.87,482.16
2026-01-27 10:15:00,1769508900000,476.87,479.42,476.5,478.76,858.67
2026-01-27 10:30:00,1769509800000,478.76,479.8,475.98,479.37,1317.21
2026-01-27 10:45:00,1769510700000,479.37,480.55,475.25,477.22,1091.44
2026-01-27 11:00:00,1769511600000,477.22,478.66,474.52,475.6,1111.72
2026-01-27 11:15:00,1769512500000,475.6,479.52,475.31,477.19,946.5
2026-01-27 11:30:00,1769513400000,477.19,480.37,477.09,479.1,434.37
2026-01-27 11:45:00,1769514300000,479.1,481.8,478.84,479.92,2134.61
2026-01-27 12:00:00,1769515200000,479.92,481.23,478.08,480.26,1063.2
2026-01-27 12:15:00,1769516100000,480.26,480.73,477.32,478.6,605.76
2026-01-27 12:30:00,1769517000000,478.6,479.71,478.53,479.71,281.17
2026-01-27 12:45:00,1769517900000,479.71,480.1,477.66,479.43,711.39
2026-01-27 13:00:00,1769518800000,479.43,479.43,477.02,477.57,661.77
2026-01-27 13:15:00,1769519700000,477.57,477.8,475.3,475.56,689.64
2026-01-27 13:30:00,1769520600000,475.56,478.77,473.76,473.76,1063.42
2026-01-27 13:45:00,1769521500000,473.76,474.15,471.36,472.84,1527.66
2026-01-27 14:00:00,1769522400000,472.84,477.93,472.11,477.92,1139.67
2026-01-27 14:15:00,1769523300000,477.92,480.08,474.79,475.65,932.7
2026-01-27 14:30:00,1769524200000,475.65,476.35,472.63,472.85,922.83
2026-01-27 14:45:00,1769525100000,472.85,473.62,466.48,467.46,4470.99
2026-01-27 15:00:00,1769526000000,467.46,470.99,467.46,468.69,1562.04
2026-01-27 15:15:00,1769526900000,468.69,468.8,464.57,465.42,1110.39
2026-01-27 15:30:00,1769527800000,465.42,467.97,465.25,466.59,897.27
2026-01-27 15:45:00,1769528700000,466.59,470.0,466.38,470.0,558.37
2026-01-27 16:00:00,1769529600000,470.0,476.69,468.7,476.04,2381.54
2026-01-27 16:15:00,1769530500000,476.04,478.18,471.6,472.44,1258.85
2026-01-27 16:30:00,1769531400000,472.44,476.85,472.18,475.46,1067.62
2026-01-27 16:45:00,1769532300000,475.46,475.99,472.03,473.14,575.14
2026-01-27 17:00:00,1769533200000,473.14,473.85,465.13,465.7,1313.63
2026-01-27 17:15:00,1769534100000,465.7,467.22,459.5,463.47,3306.13
2026-01-27 17:30:00,1769535000000,463.47,464.82,456.47,458.11,2114.06
2026-01-27 17:45:00,1769535900000,458.11,458.84,455.95,458.49,932.8
2026-01-27 18:00:00,1769536800000,458.49,463.7,457.95,461.64,2134.55
2026-01-27 18:15:00,1769537700000,461.64,462.99,459.66,462.06,758.97
2026-01-27 18:30:00,1769538600000,462.06,463.44,459.77,462.06,275.73
2026-01-27 18:45:00,1769539500000,462.06,471.59,462.02,469.72,2190.95
2026-01-27 19:00:00,1769540400000,469.72,470.19,466.49,468.76,1566.57
2026-01-27 19:15:00,1769541300000,468.76,472.85,468.75,472.3,717.6
2026-01-27 19:30:00,1769542200000,472.3,472.91,470.24,472.01,515.0
2026-01-27 19:45:00,1769543100000,472.01,473.29,468.87,471.35,1217.52
2026-01-27 20:00:00,1769544000000,471.35,473.66,469.7,470.49,733.87
2026-01-27 20:15:00,1769544900000,470.49,473.96,467.67,470.69,2163.17
2026-01-27 20:30:00,1769545800000,470.69,474.39,469.6,472.27,1815.55
2026-01-27 20:45:00,1769546700000,472.27,474.1,471.44,472.8,588.67
2026-01-27 21:00:00,1769547600000,472.8,473.25,470.2,472.24,833.57
2026-01-27 21:15:00,1769548500000,472.24,477.91,471.85,477.53,1156.02
2026-01-27 21:30:00,1769549400000,477.53,478.71,473.56,474.85,1178.78
2026-01-27 21:45:00,1769550300000,474.85,477.75,473.67,477.24,830.49
2026-01-27 22:00:00,1769551200000,477.24,480.0,476.0,476.85,822.15
2026-01-27 22:15:00,1769552100000,476.85,477.08,471.95,472.73,823.08
2026-01-27 22:30:00,1769553000000,472.73,474.64,470.76,474.62,618.2
2026-01-27 22:45:00,1769553900000,474.62,474.85,471.88,471.93,357.65
2026-01-27 23:00:00,1769554800000,471.93,476.17,467.19,468.69,3327.37
2026-01-27 23:15:00,1769555700000,468.69,472.35,466.43,471.49,1960.72
2026-01-27 23:30:00,1769556600000,471.49,473.2,469.74,472.27,266.96
2026-01-27 23:45:00,1769557500000,472.27,472.76,470.38,470.69,248.02
2026-01-28 00:00:00,1769558400000,470.69,476.0,470.3,472.26,849.75
2026-01-28 00:15:00,1769559300000,472.26,475.6,471.03,472.1,737.08
2026-01-28 00:30:00,1769560200000,472.1,473.52,470.18,473.06,743.96
2026-01-28 00:45:00,1769561100000,473.06,474.38,471.07,473.36,238.3
2026-01-28 01:00:00,1769562000000,473.36,473.36,470.68,471.84,434.23
2026-01-28 01:15:00,1769562900000,471.84,472.5,467.74,467.76,346.5
2026-01-28 01:30:00,1769563800000,467.76,470.61,466.62,470.38,414.98
2026-01-28 01:45:00,1769564700000,470.38,471.92,469.6,470.96,650.19
2026-01-28 02:00:00,1769565600000,470.96,472.42,470.41,470.5,288.03
2026-01-28 02:15:00,1769566500000,470.5,470.94,468.93,470.53,178.91
2026-01-28 02:30:00,1769567400000,470.53,473.29,468.73,469.72,332.89
2026-01-28 02:45:00,1769568300000,469.72,471.96,469.5,471.19,331.47
2026-01-28 03:00:00,1769569200000,471.19,471.94,469.87,469.87,240.67
2026-01-28 03:15:00,1769570100000,469.87,469.95,467.91,469.11,315.72
2026-01-28 03:30:00,1769571000000,469.11,469.86,467.89,468.35,220.72
2026-01-28 03:45:00,1769571900000,468.35,469.2,467.3,468.2,146.55
2026-01-28 04:00:00,1769572800000,468.2,469.12,465.41,465.57,354.98
2026-01-28 04:15:00,1769573700000,465.57,466.95,465.09,466.5,270.05
2026-01-28 04:30:00,1769574600000,466.5,469.21,464.25,465.66,754.33
2026-01-28 04:45:00,1769575500000,465.66,467.86,465.24,467.32,381.5
2026-01-28 05:00:00,1769576400000,467.32,469.33,467.13,467.9,358.69
2026-01-28 05:15:00,1769577300000,467.9,470.94,467.9,470.01,290.72
2026-01-28 05:30:00,1769578200000,470.01,470.78,469.66,470.57,118.01
2026-01-28 05:45:00,1769579100000,470.57,472.01,469.19,470.37,462.72
2026-01-28 06:00:00,1769580000000,470.37,475.0,470.34,474.69,750.5
2026-01-28 06:15:00,1769580900000,474.69,476.58,474.62,475.64,434.78
2026-01-28 06:30:00,1769581800000,475.64,479.5,475.64,478.12,549.25
2026-01-28 06:45:00,1769582700000,478.12,479.87,476.21,479.41,949.32
2026-01-28 07:00:00,1769583600000,479.41,480.83,476.56,478.14,1268.49
2026-01-28 07:15:00,1769584500000,478.14,479.96,477.22,479.07,621.81
2026-01-28 07:30:00,1769585400000,479.07,481.64,478.78,479.99,603.84
2026-01-28 07:45:00,1769586300000,479.99,483.46,479.13,482.66,865.67
2026-01-28 08:00:00,1769587200000,482.66,484.8,481.38,483.47,956.93
2026-01-28 08:15:00,1769588100000,483.47,487.56,482.41,482.98,1859.2
2026-01-28 08:30:00,1769589000000,482.98,483.17,475.12,475.59,1699.4
2026-01-28 08:45:00,1769589900000,475.59,476.12,473.05,474.8,1785.74
2026-01-28 09:00:00,1769590800000,474.8,475.71,472.82,473.21,795.96
2026-01-28 09:15:00,1769591700000,473.21,473.78,469.13,473.27,1610.96
2026-01-28 09:30:00,1769592600000,473.27,475.19,471.8,472.0,970.36
2026-01-28 09:45:00,1769593500000,472.0,476.28,471.79,476.28,534.11
2026-01-28 10:00:00,1769594400000,476.28,477.76,475.65,476.65,475.98
2026-01-28 10:15:00,1769595300000,476.65,477.76,473.56,473.71,397.83
2026-01-28 10:30:00,1769596200000,473.71,475.47,473.71,475.47,259.76
2026-01-28 10:45:00,1769597100000,475.47,476.79,474.64,476.52,634.99
2026-01-28 11:00:00,1769598000000,476.52,478.36,475.84,477.48,498.45
2026-01-28 11:15:00,1769598900000,477.48,481.33,473.9,480.79,1512.14
2026-01-28 11:30:00,1769599800000,480.79,481.85,478.88,481.18,1098.36
2026-01-28 11:45:00,1769600700000,481.18,483.53,479.0,479.47,897.13
2026-01-28 12:00:00,1769601600000,479.47,479.59,475.34,475.49,708.45
2026-01-28 12:15:00,1769602500000,475.49,480.31,475.17,478.96,729.7
2026-01-28 12:30:00,1769603400000,478.96,485.73,478.2,478.47,2312.18
2026-01-28 12:45:00,1769604300000,478.47,480.0,476.71,478.29,765.47
2026-01-28 13:00:00,1769605200000,478.29,478.84,477.11,478.02,248.24
2026-01-28 13:15:00,1769606100000,478.02,480.78,476.59,476.67,870.35
2026-01-28 13:30:00,1769607000000,476.67,479.08,475.91,477.32,490.38
2026-01-28 13:45:00,1769607900000,477.32,477.32,473.55,474.84,832.68
2026-01-28 14:00:00,1769608800000,474.84,481.39,474.84,478.61,959.78
2026-01-28 14:15:00,1769609700000,478.61,482.58,478.01,481.34,740.75
2026-01-28 14:30:00,1769610600000,481.34,483.62,481.17,482.57,808.63
2026-01-28 14:45:00,1769611500000,482.57,482.83,478.52,479.06,1058.94
2026-01-28 15:00:00,1769612400000,479.06,481.02,475.29,475.4,1026.9
2026-01-28 15:15:00,1769613300000,475.4,478.95,474.61,475.51,926.02
2026-01-28 15:30:00,1769614200000,475.51,479.27,475.51,478.56,593.76
2026-01-28 15:45:00,1769615100000,478.56,480.2,476.81,478.37,698.44
2026-01-28 16:00:00,1769616000000,478.37,479.06,473.26,473.55,811.95
2026-01-28 16:15:00,1769616900000,473.55,475.82,473.26,474.77,647.04
2026-01-28 16:30:00,1769617800000,474.77,476.01,471.56,472.26,769.98
2026-01-28 16:45:00,1769618700000,472.26,474.0,471.86,472.75,697.66
2026-01-28 17:00:00,1769619600000,472.75,475.75,472.58,475.59,320.12
2026-01-28 17:15:00,1769620500000,475.59,475.96,474.37,475.81,350.63
2026-01-28 17:30:00,1769621400000,475.81,475.86,471.63,472.21,634.44
2026-01-28 17:45:00,1769622300000,472.21,475.96,471.51,472.19,760.95
2026-01-28 18:00:00,1769623200000,472.19,473.34,467.01,470.87,3336.57
2026-01-28 18:15:00,1769624100000,470.87,471.74,467.77,469.39,850.23
2026-01-28 18:30:00,1769625000000,469.39,471.54,468.44,471.36,579.85
2026-01-28 18:45:00,1769625900000,471.36,472.14,469.65,470.68,405.32
2026-01-28 19:00:00,1769626800000,470.68,473.77,469.73,472.23,1064.77
2026-01-28 19:15:00,1769627700000,472.23,473.39,470.82,471.88,519.32
2026-01-28 19:30:00,1769628600000,471.88,472.69,468.6,469.66,952.99
2026-01-28 19:45:00,1769629500000,469.66,473.04,469.07,472.32,263.39
2026-01-28 20:00:00,1769630400000,472.32,473.67,471.07,471.95,387.57
2026-01-28 20:15:00,1769631300000,471.95,473.45,470.46,471.91,540.37
2026-01-28 20:30:00,1769632200000,471.91,472.11,468.01,468.01,497.21
2026-01-28 20:45:00,1769633100000,468.01,469.44,467.97,468.61,288.74
2026-01-28 21:00:00,1769634000000,468.61,470.15,466.58,468.51,457.06
2026-01-28 21:15:00,1769634900000,468.51,469.44,467.18,469.24,219.04
2026-01-28 21:30:00,1769635800000,469.24,472.02,467.65,471.92,187.54
2026-01-28 21:45:00,1769636700000,471.92,472.53,470.51,470.56,408.76
2026-01-28 22:00:00,1769637600000,470.56,471.13,469.55,469.92,246.09
2026-01-28 22:15:00,1769638500000,469.92,471.59,468.82,471.47,176.4
2026-01-28 22:30:00,1769639400000,471.47,472.52,471.15,471.33,162.74
2026-01-28 22:45:00,1769640300000,471.33,471.85,470.26,470.55,102.45
2026-01-28 23:00:00,1769641200000,470.55,472.38,469.52,469.62,508.45
2026-01-28 23:15:00,1769642100000,469.62,471.93,469.58,470.06,342.22
2026-01-28 23:30:00,1769643000000,470.06,470.09,468.1,469.16,372.73
2026-01-28 23:45:00,1769643900000,469.16,470.35,468.97,469.5,91.46
2026-01-29 00:00:00,1769644800000,469.5,471.81,469.35,471.13,274.18
2026-01-29 00:15:00,1769645700000,471.13,472.95,470.25,471.62,231.91
2026-01-29 00:30:00,1769646600000,471.62,472.21,469.95,470.69,286.45
2026-01-29 00:45:00,1769647500000,470.69,472.67,470.68,472.25,307.41
2026-01-29 01:00:00,1769648400000,472.25,476.67,471.57,475.41,770.94
2026-01-29 01:15:00,1769649300000,475.41,476.27,471.77,475.53,429.95
2026-01-29 01:30:00,1769650200000,475.53,475.74,472.11,475.21,651.06
2026-01-29 01:45:00,1769651100000,475.21,477.31,473.57,476.62,828.62
2026-01-29 02:00:00,1769652000000,476.62,477.53,473.72,477.44,908.11
2026-01-29 02:15:00,1769652900000,477.44,478.25,476.68,478.01,194.82
2026-01-29 02:30:00,1769653800000,478.01,478.1,473.81,476.99,640.93
2026-01-29 02:45:00,1769654700000,476.99,477.08,471.16,473.67,1973.68
2026-01-29 03:00:00,1769655600000,473.67,474.89,471.58,472.58,463.91
2026-01-29 03:15:00,1769656500000,472.58,473.59,471.53,472.2,266.91
2026-01-29 03:30:00,1769657400000,472.2,473.89,472.2,473.47,257.5
2026-01-29 03:45:00,1769658300000,473.47,474.49,471.8,473.06,178.81
2026-01-29 04:00:00,1769659200000,473.06,473.06,464.0,466.25,2179.89
2026-01-29 04:15:00,1769660100000,466.25,466.44,461.96,464.29,2020.78
2026-01-29 04:30:00,1769661000000,464.29,467.25,464.29,465.98,492.46
2026-01-29 04:45:00,1769661900000,465.98,466.84,465.54,466.41,168.12
2026-01-29 05:00:00,1769662800000,466.41,466.89,465.51,465.88,270.16
2026-01-29 05:15:00,1769663700000,465.88,467.93,465.48,466.57,454.48
2026-01-29 05:30:00,1769664600000,466.57,470.26,466.11,467.92,571.28
2026-01-29 05:45:00,1769665500000,467.92,468.3,466.48,467.07,222.07
2026-01-29 06:00:00,1769666400000,467.07,469.21,466.66,468.79,764.64
2026-01-29 06:15:00,1769667300000,468.79,472.67,468.79,472.67,608.47
2026-01-29 06:30:00,1769668200000,472.67,476.65,472.67,475.82,1595.11
2026-01-29 06:45:00,1769669100000,475.82,476.64,474.48,476.0,423.78
2026-01-29 07:00:00,1769670000000,476.0,476.27,473.56,474.01,366.72
2026-01-29 07:15:00,1769670900000,474.01,477.36,472.35,474.73,1754.71
2026-01-29 07:30:00,1769671800000,474.73,478.24,474.69,477.34,739.79
2026-01-29 07:45:00,1769672700000,477.34,478.36,476.22,477.67,309.31
2026-01-29 08:00:00,1769673600000,477.67,477.67,475.3,476.75,405.03
2026-01-29 08:15:00,1769674500000,476.75,477.22,474.2,476.11,570.86
2026-01-29 08:30:00,1769675400000,476.11,477.32,474.04,476.56,660.26
2026-01-29 08:45:00,1769676300000,476.56,478.78,476.52,478.17,332.77
2026-01-29 09:00:00,1769677200000,478.17,478.78,477.02,477.36,351.26
2026-01-29 09:15:00,1769678100000,477.36,479.16,477.26,478.41,301.15
2026-01-29 09:30:00,1769679000000,478.41,478.93,476.77,478.51,680.33
2026-01-29 09:45:00,1769679900000,478.51,478.63,476.23,477.18,624.46
2026-01-29 10:00:00,1769680800000,477.18,477.33,474.71,475.22,351.8
2026-01-29 10:15:00,1769681700000,475.22,475.71,470.29,471.87,1784.9
2026-01-29 10:30:00,1769682600000,471.87,473.19,464.55,465.46,1699.69
2026-01-29 10:45:00,1769683500000,465.46,470.93,464.92,469.56,891.12
2026-01-29 11:00:00,1769684400000,469.56,469.86,468.21,469.44,419.99
2026-01-29 11:15:00,1769685300000,469.44,469.67,465.66,466.8,719.12
2026-01-29 11:30:00,1769686200000,466.8,468.45,466.68,468.21,297.81
2026-01-29 11:45:00,1769687100000,468.21,468.3,465.33,466.78,1114.95
2026-01-29 12:00:00,1769688000000,466.78,469.18,466.09,467.92,438.98
2026-01-29 12:15:00,1769688900000,467.92,470.78,467.91,470.75,244.68
2026-01-29 12:30:00,1769689800000,470.75,472.28,467.75,468.77,719.3
2026-01-29 12:45:00,1769690700000,468.77,468.96,465.21,465.78,748.75
2026-01-29 13:00:00,1769691600000,465.78,466.47,464.77,465.57,518.8
2026-01-29 13:15:00,1769692500000,465.57,470.25,465.44,469.85,622.25
2026-01-29 13:30:00,1769693400000,469.85,470.99,468.65,469.96,489.78
2026-01-29 13:45:00,1769694300000,469.96,471.13,468.3,470.31,542.88
2026-01-29 14:00:00,1769695200000,470.31,470.31,465.57,465.92,430.79
2026-01-29 14:15:00,1769696100000,465.92,469.17,465.72,467.4,287.74
2026-01-29 14:30:00,1769697000000,467.4,469.21,465.2,465.8,774.69
2026-01-29 14:45:00,1769697900000,465.8,465.8,456.59,457.3,3475.14
2026-01-29 15:00:00,1769698800000,457.3,458.28,442.92,447.03,7798.18
2026-01-29 15:15:00,1769699700000,447.03,449.73,442.26,445.55,4489.46
2026-01-29 15:30:00,1769700600000,445.55,445.78,432.59,433.16,5432.33
2026-01-29 15:45:00,1769701500000,433.16,441.38,432.22,439.18,4896.14
2026-01-29 16:00:00,1769702400000,439.18,440.79,435.1,438.92,1635.13
2026-01-29 16:15:00,1769703300000,438.92,440.84,437.02,440.03,921.85
2026-01-29 16:30:00,1769704200000,440.03,440.78,437.4,439.32,855.88
2026-01-29 16:45:00,1769705100000,439.32,444.64,438.11,444.42,1142.67
2026-01-29 17:00:00,1769706000000,444.42,448.61,441.99,447.29,1263.95
2026-01-29 17:15:00,1769706900000,447.29,450.04,444.52,445.74,1239.19
2026-01-29 17:30:00,1769707800000,445.74,448.2,443.36,447.08,787.39
2026-01-29 17:45:00,1769708700000,447.08,448.29,445.51,447.62,1178.25
2026-01-29 18:00:00,1769709600000,447.62,450.38,446.59,449.97,1028.65
2026-01-29 18:15:00,1769710500000,449.97,450.11,446.43,447.87,1215.05
2026-01-29 18:30:00,1769711400000,447.87,457.11,445.5,456.66,2124.17
2026-01-29 18:45:00,1769712300000,456.66,456.66,450.15,452.27,1567.15
2026-01-29 19:00:00,1769713200000,452.27,452.7,446.45,449.53,3025.74
2026-01-29 19:15:00,1769714100000,449.53,452.84,448.14,450.8,754.47
2026-01-29 19:30:00,1769715000000,450.8,457.4,450.69,456.36,1308.0
2026-01-29 19:45:00,1769715900000,456.36,457.38,453.53,455.43,1145.81
2026-01-29 20:00:00,1769716800000,455.43,456.15,453.16,453.65,472.33
2026-01-29 20:15:00,1769717700000,453.65,457.43,453.19,456.65,941.26
2026-01-29 20:30:00,1769718600000,456.65,457.39,454.18,454.52,642.64
2026-01-29 20:45:00,1769719500000,454.52,458.3,454.47,457.08,946.64
2026-01-29 21:00:00,1769720400000,457.08,459.28,455.97,457.55,958.05
2026-01-29 21:15:00,1769721300000,457.55,458.25,455.46,456.12,911.58
2026-01-29 21:30:00,1769722200000,456.12,457.78,454.47,456.53,444.45
2026-01-29 21:45:00,1769723100000,456.53,457.47,453.05,454.38,584.98
2026-01-29 22:00:00,1769724000000,454.38,455.79,453.56,454.93,571.73
2026-01-29 22:15:00,1769724900000,454.93,456.18,454.45,456.18,182.21
2026-01-29 22:30:00,1769725800000,456.18,461.48,456.06,459.35,844.49
2026-01-29 22:45:00,1769726700000,459.35,463.11,458.87,463.03,868.91
2026-01-29 23:00:00,1769727600000,463.03,463.14,460.63,461.51,690.06
2026-01-29 23:15:00,1769728500000,461.51,461.92,458.72,459.61,579.28
2026-01-29 23:30:00,1769729400000,459.61,461.45,459.61,461.34,199.48
2026-01-29 23:45:00,1769730300000,461.34,461.47,459.84,460.26,228.6
2026-01-30 00:00:00,1769731200000,460.26,465.26,460.16,463.77,1543.69
2026-01-30 00:15:00,1769732100000,463.77,465.52,460.9,462.27,457.34
2026-01-30 00:30:00,1769733000000,462.27,462.37,459.76,460.3,423.34
2026-01-30 00:45:00,1769733900000,460.3,462.49,459.41,459.87,325.58
2026-01-30 01:00:00,1769734800000,459.87,462.03,459.35,461.71,226.1
2026-01-30 01:15:00,1769735700000,461.71,462.35,457.91,460.14,674.39
2026-01-30 01:30:00,1769736600000,460.14,460.18,441.67,449.2,4860.45
2026-01-30 01:45:00,1769737500000,449.2,455.88,448.91,455.15,1694.1
2026-01-30 02:00:00,1769738400000,455.15,455.35,448.85,448.94,786.14
2026-01-30 02:15:00,1769739300000,448.94,450.25,439.0,441.98,2847.13
2026-01-30 02:30:00,1769740200000,441.98,447.5,440.24,443.94,1355.88
2026-01-30 02:45:00,1769741100000,443.94,445.82,440.0,442.14,776.05
2026-01-30 03:00:00,1769742000000,442.14,444.71,440.59,444.46,772.33
2026-01-30 03:15:00,1769742900000,444.46,444.46,439.81,440.64,526.45
2026-01-30 03:30:00,1769743800000,440.64,444.19,439.8,443.45,566.11
2026-01-30 03:45:00,1769744700000,443.45,443.6,441.0,441.87,881.54
2026-01-30 04:00:00,1769745600000,441.87,444.73,441.16,443.86,495.89
2026-01-30 04:15:00,1769746500000,443.86,449.25,443.0,448.01,519.92
2026-01-30 04:30:00,1769747400000,448.01,449.67,447.49,448.55,382.03
2026-01-30 04:45:00,1769748300000,448.55,449.41,444.51,445.47,408.71
2026-01-30 05:00:00,1769749200000,445.47,448.2,443.6,444.33,467.71
2026-01-30 05:15:00,1769750100000,444.33,445.2,443.38,444.51,307.2
2026-01-30 05:30:00,1769751000000,444.51,444.96,443.12,444.48,256.86
2026-01-30 05:45:00,1769751900000,444.48,444.7,442.9,442.9,201.53
2026-01-30 06:00:00,1769752800000,442.9,443.11,436.52,437.49,904.52
2026-01-30 06:15:00,1769753700000,437.49,437.74,433.08,433.77,635.48
2026-01-30 06:30:00,1769754600000,433.77,435.31,427.29,428.52,3060.55
2026-01-30 06:45:00,1769755500000,428.52,432.33,426.34,430.75,1897.93
2026-01-30 07:00:00,1769756400000,430.75,434.51,427.59,433.78,2378.21
2026-01-30 07:15:00,1769757300000,433.78,438.8,433.16,437.1,2151.1
2026-01-30 07:30:00,1769758200000,437.1,438.85,434.36,435.92,979.61
2026-01-30 07:45:00,1769759100000,435.92,438.86,435.4,438.56,1044.6
2026-01-30 08:00:00,1769760000000,438.56,443.58,437.4,442.92,616.21
2026-01-30 08:15:00,1769760900000,442.92,444.1,441.77,441.93,923.07
2026-01-30 08:30:00,1769761800000,441.93,441.93,433.5,437.11,2955.87
2026-01-30 08:45:00,1769762700000,437.11,442.19,436.67,438.51,1171.45
2026-01-30 09:00:00,1769763600000,438.51,442.24,437.23,440.74,535.93
2026-01-30 09:15:00,1769764500000,440.74,441.7,438.17,440.04,791.4
2026-01-30 09:30:00,1769765400000,440.04,444.0,438.7,439.36,1691.22
2026-01-30 09:45:00,1769766300000,439.36,439.42,436.0,438.69,915.33
2026-01-30 10:00:00,1769767200000,438.69,440.01,435.75,438.67,935.84
2026-01-30 10:15:00,1769768100000,438.67,440.4,436.87,438.28,734.46
2026-01-30 10:30:00,1769769000000,438.28,438.45,436.48,437.3,299.89
2026-01-30 10:45:00,1769769900000,437.3,439.47,436.35,437.32,484.81
2026-01-30 11:00:00,1769770800000,437.32,439.16,436.83,439.03,468.82
2026-01-30 11:15:00,1769771700000,439.03,439.12,437.1,437.1,427.69
2026-01-30 11:30:00,1769772600000,437.1,438.66,436.65,437.58,320.88
2026-01-30 11:45:00,1769773500000,437.58,441.98,436.84,439.73,704.27
2026-01-30 12:00:00,1769774400000,439.73,440.9,435.29,435.45,664.94
2026-01-30 12:15:00,1769775300000,435.45,438.71,434.4,435.74,1370.94
2026-01-30 12:30:00,1769776200000,435.74,435.94,432.81,432.92,387.38
2026-01-30 12:45:00,1769777100000,432.92,434.06,430.71,432.99,594.95
2026-01-30 13:00:00,1769778000000,432.99,433.45,430.62,432.01,553.17
2026-01-30 13:15:00,1769778900000,432.01,432.1,421.37,423.97,3006.0
2026-01-30 13:30:00,1769779800000,423.97,430.39,422.0,425.74,1867.07
2026-01-30 13:45:00,1769780700000,425.74,426.4,423.61,425.55,845.05
2026-01-30 14:00:00,1769781600000,425.55,456.44,425.55,453.31,12218.7
2026-01-30 14:15:00,1769782500000,453.31,459.59,452.0,454.3,3608.23
2026-01-30 14:30:00,1769783400000,454.3,455.6,449.14,450.75,1727.98
2026-01-30 14:45:00,1769784300000,450.75,451.71,445.0,448.2,1460.93
2026-01-30 15:00:00,1769785200000,448.2,453.02,448.04,450.35,1616.1
2026-01-30 15:15:00,1769786100000,450.35,452.52,445.55,447.64,1484.57
2026-01-30 15:30:00,1769787000000,447.64,459.06,445.59,455.44,3169.42
2026-01-30 15:45:00,1769787900000,455.44,455.7,451.65,452.24,565.76
2026-01-30 16:00:00,1769788800000,452.24,452.66,448.74,449.79,891.41
2026-01-30 16:15:00,1769789700000,449.79,452.42,446.88,451.7,664.71
2026-01-30 16:30:00,1769790600000,451.7,454.68,448.72,453.59,721.96
2026-01-30 16:45:00,1769791500000,453.59,456.87,451.72,456.72,984.54
2026-01-30 17:00:00,1769792400000,456.72,457.45,453.09,456.42,939.63
2026-01-30 17:15:00,1769793300000,456.42,463.23,454.44,459.75,1468.13
2026-01-30 17:30:00,1769794200000,459.75,460.48,456.0,458.97,874.2
2026-01-30 17:45:00,1769795100000,458.97,461.53,455.18,455.35,1507.11
2026-01-30 18:00:00,1769796000000,455.35,457.21,452.67,454.34,505.56
2026-01-30 18:15:00,1769796900000,454.34,456.38,447.33,454.41,2580.59
2026-01-30 18:30:00,1769797800000,454.41,459.5,452.73,459.07,1160.68
2026-01-30 18:45:00,1769798700000,459.07,464.81,456.52,464.21,4438.11
2026-01-30 19:00:00,1769799600000,464.21,466.51,457.95,458.2,2980.74
2026-01-30 19:15:00,1769800500000,458.2,466.41,457.34,462.79,1915.1
2026-01-30 19:30:00,1769801400000,462.79,466.28,461.55,465.7,775.39
2026-01-30 19:45:00,1769802300000,465.7,466.5,462.01,464.05,474.6
2026-01-30 20:00:00,1769803200000,464.05,464.05,458.4,460.15,799.38
2026-01-30 20:15:00,1769804100000,460.15,464.98,458.87,459.99,1445.87
2026-01-30 20:30:00,1769805000000,459.99,463.75,457.27,462.5,731.81
2026-01-30 20:45:00,1769805900000,462.5,464.0,459.21,460.81,875.53
2026-01-30 21:00:00,1769806800000,460.81,466.65,457.38,459.34,1593.32
2026-01-30 21:15:00,1769807700000,459.34,463.46,458.5,462.12,936.63
2026-01-30 21:30:00,1769808600000,462.12,465.49,461.43,464.16,683.73
2026-01-30 21:45:00,1769809500000,464.16,467.17,464.06,465.34,511.33
2026-01-30 22:00:00,1769810400000,465.34,466.81,461.91,462.96,636.34
2026-01-30 22:15:00,1769811300000,462.96,464.0,460.3,462.11,787.92
2026-01-30 22:30:00,1769812200000,462.11,466.4,460.53,460.53,397.62
2026-01-30 22:45:00,1769813100000,460.53,463.88,459.65,462.46,268.36
2026-01-30 23:00:00,1769814000000,462.46,464.55,461.94,463.79,306.3
2026-01-30 23:15:00,1769814900000,463.79,468.15,463.33,466.76,768.0
2026-01-30 23:30:00,1769815800000,466.76,466.76,464.46,465.14,355.67
2026-01-30 23:45:00,1769816700000,465.14,467.0,458.94,461.62,3310.12
2026-01-31 00:00:00,1769817600000,461.62,464.68,461.27,464.64,619.88
2026-01-31 00:15:00,1769818500000,464.64,464.64,462.0,462.28,317.03
2026-01-31 00:30:00,1769819400000,462.28,462.66,460.33,460.74,397.29
2026-01-31 00:45:00,1769820300000,460.74,462.39,459.19,460.58,530.98
2026-01-31 01:00:00,1769821200000,460.58,466.67,460.34,464.35,629.1
2026-01-31 01:15:00,1769822100000,464.35,465.9,463.62,465.38,203.37
2026-01-31 01:30:00,1769823000000,465.38,467.39,464.9,466.67,547.6
2026-01-31 01:45:00,1769823900000,466.67,467.17,463.17,466.48,733.45
2026-01-31 02:00:00,1769824800000,466.48,467.89,465.55,466.48,276.46
2026-01-31 02:15:00,1769825700000,466.48,467.17,464.6,465.18,659.88
2026-01-31 02:30:00,1769826600000,465.18,467.47,464.7,466.84,365.72
2026-01-31 02:45:00,1769827500000,466.84,468.0,465.38,465.53,305.55
2026-01-31 03:00:00,1769828400000,465.53,468.0,463.98,467.53,332.67
2026-01-31 03:15:00,1769829300000,467.53,468.57,464.7,465.12,349.01
2026-01-31 03:30:00,1769830200000,465.12,465.84,464.0,464.01,452.9
2026-01-31 03:45:00,1769831100000,464.01,464.09,455.0,460.69,3004.07
2026-01-31 04:00:00,1769832000000,460.69,464.42,459.91,463.22,701.08
2026-01-31 04:15:00,1769832900000,463.22,468.84,462.94,467.01,1297.05
2026-01-31 04:30:00,1769833800000,467.01,467.26,464.61,465.03,176.21
2026-01-31 04:45:00,1769834700000,465.03,465.12,463.06,463.59,238.71
2026-01-31 05:00:00,1769835600000,463.59,467.34,463.36,465.65,472.57
2026-01-31 05:15:00,1769836500000,465.65,467.19,463.96,466.33,280.07
2026-01-31 05:30:00,1769837400000,466.33,466.91,465.77,465.84,184.77
2026-01-31 05:45:00,1769838300000,465.84,468.85,465.38,468.58,529.46
2026-01-31 06:00:00,1769839200000,468.58,468.58,466.71,467.55,158.47
2026-01-31 06:15:00,1769840100000,467.55,471.75,467.33,467.7,939.98
2026-01-31 06:30:00,1769841000000,467.7,477.1,466.54,475.96,2390.28
2026-01-31 06:45:00,1769841900000,475.96,478.35,473.9,478.0,1247.3
2026-01-31 07:00:00,1769842800000,478.0,479.14,474.74,478.58,1239.84
2026-01-31 07:15:00,1769843700000,478.58,479.09,476.53,478.43,871.36
2026-01-31 07:30:00,1769844600000,478.43,479.28,475.12,478.1,909.79
2026-01-31 07:45:00,1769845500000,478.1,491.44,477.84,490.45,4930.36
2026-01-31 08:00:00,1769846400000,490.45,499.05,488.34,498.49,4104.56
2026-01-31 08:15:00,1769847300000,498.49,499.7,491.75,497.53,5108.13
2026-01-31 08:30:00,1769848200000,497.53,497.53,484.88,492.68,5520.98
2026-01-31 08:45:00,1769849100000,492.68,493.06,484.48,487.83,3055.33
2026-01-31 09:00:00,1769850000000,487.83,492.45,483.65,484.74,3098.29
2026-01-31 09:15:00,1769850900000,484.74,486.18,480.19,483.93,2608.79
2026-01-31 09:30:00,1769851800000,483.93,486.7,481.45,484.79,1443.36
2026-01-31 09:45:00,1769852700000,484.79,485.34,481.08,482.23,1032.74
2026-01-31 10:00:00,1769853600000,482.23,487.3,481.34,487.05,873.29
2026-01-31 10:15:00,1769854500000,487.05,488.89,483.27,483.82,1667.91
2026-01-31 10:30:00,1769855400000,483.82,490.97,483.48,489.28,1542.41
2026-01-31 10:45:00,1769856300000,489.28,489.33,486.28,488.59,1233.4
2026-01-31 11:00:00,1769857200000,488.59,492.93,485.98,488.5,2098.88
2026-01-31 11:15:00,1769858100000,488.5,494.89,486.91,491.14,2203.64
2026-01-31 11:30:00,1769859000000,491.14,493.3,489.31,489.62,1780.27
2026-01-31 11:45:00,1769859900000,489.62,489.65,485.0,486.21,1760.14
2026-01-31 12:00:00,1769860800000,486.21,487.55,477.17,480.35,2720.82
2026-01-31 12:15:00,1769861700000,480.35,486.93,479.37,485.87,2423.09
2026-01-31 12:30:00,1769862600000,485.87,489.38,482.67,486.86,1581.5
2026-01-31 12:45:00,1769863500000,486.86,487.85,482.79,485.96,1501.57
2026-01-31 13:00:00,1769864400000,485.96,488.59,484.14,484.34,1591.98
2026-01-31 13:15:00,1769865300000,484.34,489.84,483.09,489.41,1387.37
2026-01-31 13:30:00,1769866200000,489.41,491.37,487.0,487.41,1970.8
2026-01-31 13:45:00,1769867100000,487.41,491.32,484.52,486.22,1662.94
2026-01-31 14:00:00,1769868000000,486.22,487.85,482.64,484.69,1902.5
2026-01-31 14:15:00,1769868900000,484.69,485.04,469.39,473.33,7103.53
2026-01-31 14:30:00,1769869800000,473.33,475.1,460.06,462.87,8053.07
2026-01-31 14:45:00,1769870700000,462.87,471.32,460.23,468.12,4945.69
2026-01-31 15:00:00,1769871600000,468.12,473.6,464.58,470.4,1994.06
2026-01-31 15:15:00,1769872500000,470.4,475.94,469.53,473.79,3668.34
2026-01-31 15:30:00,1769873400000,473.79,477.49,472.02,474.31,1501.91
2026-01-31 15:45:00,1769874300000,474.31,480.86,470.83,478.44,2594.97
2026-01-31 16:00:00,1769875200000,478.44,483.0,477.41,481.88,2471.59
2026-01-31 16:15:00,1769876100000,481.88,488.08,476.0,479.12,4653.2
2026-01-31 16:30:00,1769877000000,479.12,479.4,472.47,472.75,1733.59
2026-01-31 16:45:00,1769877900000,472.75,474.56,468.68,471.8,2602.65
2026-01-31 17:00:00,1769878800000,471.8,474.65,448.18,458.0,9235.63
2026-01-31 17:15:00,1769879700000,458.0,463.87,451.0,454.19,3945.23
2026-01-31 17:30:00,1769880600000,454.19,455.1,445.0,446.66,4474.74
2026-01-31 17:45:00,1769881500000,446.66,449.62,438.25,439.63,4413.07
2026-01-31 18:00:00,1769882400000,439.63,450.07,439.63,446.09,2040.79
2026-01-31 18:15:00,1769883300000,446.09,450.28,444.24,448.46,1609.87
2026-01-31 18:30:00,1769884200000,448.46,449.88,425.2,443.94,7846.57
2026-01-31 18:45:00,1769885100000,443.94,457.6,441.83,452.17,5683.7
2026-01-31 19:00:00,1769886000000,452.17,459.35,448.7,454.68,1551.41
2026-01-31 19:15:00,1769886900000,454.68,455.7,451.21,454.41,959.03
2026-01-31 19:30:00,1769887800000,454.41,454.82,448.36,449.47,900.33
2026-01-31 19:45:00,1769888700000,449.47,458.14,448.53,456.52,1170.48
2026-01-31 20:00:00,1769889600000,456.52,460.98,452.15,456.01,1591.86
2026-01-31 20:15:00,1769890500000,456.01,462.02,454.67,455.62,1812.94
2026-01-31 20:30:00,1769891400000,455.62,457.14,452.8,455.9,1128.24
2026-01-31 20:45:00,1769892300000,455.9,460.0,454.58,458.55,1150.14
2026-01-31 21:00:00,1769893200000,458.55,459.57,455.85,458.12,546.31
2026-01-31 21:15:00,1769894100000,458.12,460.52,454.24,458.72,1818.93
2026-01-31 21:30:00,1769895000000,458.72,463.0,455.22,462.26,2181.56
2026-01-31 21:45:00,1769895900000,462.26,464.09,460.87,461.12,1940.08
2026-01-31 22:00:00,1769896800000,461.12,464.99,458.9,463.62,1672.31
2026-01-31 22:15:00,1769897700000,463.62,463.82,457.38,458.29,1003.44
2026-01-31 22:30:00,1769898600000,458.29,460.15,455.91,456.9,335.32
2026-01-31 22:45:00,1769899500000,456.9,460.19,455.92,459.1,1046.27
2026-01-31 23:00:00,1769900400000,459.1,461.77,458.88,460.0,479.46
2026-01-31 23:15:00,1769901300000,460.0,467.0,459.81,463.34,1685.98
2026-01-31 23:30:00,1769902200000,463.34,465.79,460.7,463.55,803.01
2026-01-31 23:45:00,1769903100000,463.55,466.01,461.28,465.68,843.25
2026-02-01 00:00:00,1769904000000,465.68,468.12,463.62,466.21,1255.22
2026-02-01 00:15:00,1769904900000,466.21,470.52,465.11,466.51,2005.34
2026-02-01 00:30:00,1769905800000,466.51,467.55,463.66,464.18,427.75
2026-02-01 00:45:00,1769906700000,464.18,465.24,462.77,464.17,494.73
2026-02-01 01:00:00,1769907600000,464.17,465.31,462.16,463.72,843.55
2026-02-01 01:15:00,1769908500000,463.72,463.84,457.31,459.72,1171.76
2026-02-01 01:30:00,1769909400000,459.72,460.37,454.26,455.37,1111.04
2026-02-01 01:45:00,1769910300000,455.37,457.47,451.23,456.68,1252.62
2026-02-01 02:00:00,1769911200000,456.68,460.7,453.68,460.36,843.67
2026-02-01 02:15:00,1769912100000,460.36,461.34,457.92,459.71,360.33
2026-02-01 02:30:00,1769913000000,459.71,463.32,459.07,459.55,1242.47
2026-02-01 02:45:00,1769913900000,459.55,462.59,459.3,461.32,503.38
2026-02-01 03:00:00,1769914800000,461.32,461.78,457.84,459.68,315.48
2026-02-01 03:15:00,1769915700000,459.68,459.82,453.31,455.12,632.12
2026-02-01 03:30:00,1769916600000,455.12,457.24,454.59,456.11,488.81
2026-02-01 03:45:00,1769917500000,456.11,456.43,454.02,455.23,320.98
2026-02-01 04:00:00,1769918400000,455.23,458.47,453.85,458.28,372.9
2026-02-01 04:15:00,1769919300000,458.28,460.01,450.27,451.02,1081.29
2026-02-01 04:30:00,1769920200000,451.02,451.39,442.15,443.17,3246.76
2026-02-01 04:45:00,1769921100000,443.17,443.93,440.16,440.19,1266.08
2026-02-01 05:00:00,1769922000000,440.19,440.53,427.71,428.36,4145.1
2026-02-01 05:15:00,1769922900000,428.36,432.87,426.58,431.76,1693.39
2026-02-01 05:30:00,1769923800000,431.76,435.99,430.3,431.53,2150.52
2026-02-01 05:45:00,1769924700000,431.53,437.14,431.4,436.14,921.81
2026-02-01 06:00:00,1769925600000,436.14,439.13,436.06,438.95,978.69
2026-02-01 06:15:00,1769926500000,438.95,445.62,438.82,443.68,1729.59
2026-02-01 06:30:00,1769927400000,443.68,446.04,437.68,437.8,1342.3
2026-02-01 06:45:00,1769928300000,437.8,438.1,432.6,432.65,1281.76
2026-02-01 07:00:00,1769929200000,432.65,437.18,429.79,435.23,2071.91
2026-02-01 07:15:00,1769930100000,435.23,437.61,434.29,437.25,551.22
2026-02-01 07:30:00,1769931000000,437.25,441.34,434.73,438.52,1975.45
2026-02-01 07:45:00,1769931900000,438.52,438.81,434.23,434.44,450.22
2026-02-01 08:00:00,1769932800000,434.44,437.21,430.72,432.52,1100.34
2026-02-01 08:15:00,1769933700000,432.52,433.13,427.12,429.76,1444.36
2026-02-01 08:30:00,1769934600000,429.76,435.26,429.67,431.25,2175.57
2026-02-01 08:45:00,1769935500000,431.25,432.6,430.01,432.25,623.94
2026-02-01 09:00:00,1769936400000,432.25,435.28,431.35,434.06,1274.46
2026-02-01 09:15:00,1769937300000,434.06,434.69,431.86,431.96,495.8
2026-02-01 09:30:00,1769938200000,431.96,434.56,430.0,433.11,679.89
2026-02-01 09:45:00,1769939100000,433.11,433.11,429.31,432.44,658.59
2026-02-01 10:00:00,1769940000000,432.44,435.89,430.72,434.99,719.71
2026-02-01 10:15:00,1769940900000,434.99,435.23,431.27,434.34,574.78
2026-02-01 10:30:00,1769941800000,434.34,435.61,430.21,430.47,841.62
2026-02-01 10:45:00,1769942700000,430.47,434.35,430.21,433.65,422.82
2026-02-01 11:00:00,1769943600000,433.65,434.97,432.6,433.72,375.92
2026-02-01 11:15:00,1769944500000,433.72,434.29,431.08,434.29,629.3
2026-02-01 11:30:00,1769945400000,434.29,439.36,434.29,438.85,983.68
2026-02-01 11:45:00,1769946300000,438.85,439.1,434.14,434.79,673.91
2026-02-01 12:00:00,1769947200000,434.79,435.39,432.9,433.9,370.34
2026-02-01 12:15:00,1769948100000,433.9,433.97,422.4,425.46,2468.78
2026-02-01 12:30:00,1769949000000,425.46,431.72,424.47,428.81,1082.65
2026-02-01 12:45:00,1769949900000,428.81,431.57,428.57,428.99,532.58
2026-02-01 13:00:00,1769950800000,428.99,432.84,427.94,432.14,408.59
2026-02-01 13:15:00,1769951700000,432.14,432.58,427.29,427.96,893.45
2026-02-01 13:30:00,1769952600000,427.96,429.95,426.22,429.03,469.76
2026-02-01 13:45:00,1769953500000,429.03,430.76,424.54,429.45,1155.17
2026-02-01 14:00:00,1769954400000,429.45,438.14,427.24,433.6,2128.17
2026-02-01 14:15:00,1769955300000,433.6,433.88,431.03,432.1,724.41
2026-02-01 14:30:00,1769956200000,432.1,433.86,426.18,429.27,2850.21
2026-02-01 14:45:00,1769957100000,429.27,435.74,427.1,434.23,1463.95
2026-02-01 15:00:00,1769958000000,434.23,434.38,429.45,432.63,691.61
2026-02-01 15:15:00,1769958900000,432.63,432.78,422.07,422.53,1377.7
2026-02-01 15:30:00,1769959800000,422.53,426.27,416.74,423.01,4222.1
2026-02-01 15:45:00,1769960700000,423.01,426.0,421.67,421.87,1761.97
2026-02-01 16:00:00,1769961600000,421.87,427.45,420.36,425.58,1934.58
2026-02-01 16:15:00,1769962500000,425.58,427.53,418.0,424.23,1910.19
2026-02-01 16:30:00,1769963400000,424.23,427.31,421.63,422.09,930.71
2026-02-01 16:45:00,1769964300000,422.09,424.67,420.31,423.78,1063.08
2026-02-01 17:00:00,1769965200000,423.78,427.46,423.2,427.37,1181.91
2026-02-01 17:15:00,1769966100000,427.37,429.7,423.45,425.62,1036.33
2026-02-01 17:30:00,1769967000000,425.62,427.41,422.3,424.02,574.45
2026-02-01 17:45:00,1769967900000,424.02,427.18,422.37,426.94,396.68
2026-02-01 18:00:00,1769968800000,426.94,431.93,426.64,431.27,1226.08
2026-02-01 18:15:00,1769969700000,431.27,433.85,429.67,431.24,873.08
2026-02-01 18:30:00,1769970600000,431.24,432.57,429.48,430.15,545.04
2026-02-01 18:45:00,1769971500000,430.15,430.76,427.31,429.47,542.05
2026-02-01 19:00:00,1769972400000,429.47,430.66,425.6,427.29,530.02
2026-02-01 19:15:00,1769973300000,427.29,427.6,425.42,426.47,629.45
2026-02-01 19:30:00,1769974200000,426.47,430.46,426.3,430.19,536.68
2026-02-01 19:45:00,1769975100000,430.19,430.19,423.12,424.14,1095.95
2026-02-01 20:00:00,1769976000000,424.14,424.54,420.87,422.23,862.13
2026-02-01 20:15:00,1769976900000,422.23,424.21,417.24,418.53,1159.23
2026-02-01 20:30:00,1769977800000,418.53,426.21,418.51,421.96,1478.67
2026-02-01 20:45:00,1769978700000,421.96,422.24,419.44,420.48,822.11
2026-02-01 21:00:00,1769979600000,420.48,420.56,411.01,412.67,2804.52
2026-02-01 21:15:00,1769980500000,412.67,415.92,408.62,411.5,2937.2
2026-02-01 21:30:00,1769981400000,411.5,416.96,410.11,413.85,997.74
2026-02-01 21:45:00,1769982300000,413.85,413.88,409.65,411.89,1408.79
2026-02-01 22:00:00,1769983200000,411.89,419.82,411.89,418.26,950.42
2026-02-01 22:15:00,1769984100000,418.26,418.39,408.35,412.33,1242.27
2026-02-01 22:30:00,1769985000000,412.33,418.09,412.18,415.59,453.84
2026-02-01 22:45:00,1769985900000,415.59,415.93,411.75,411.92,508.3
2026-02-01 23:00:00,1769986800000,411.92,412.63,401.58,406.94,2707.45
2026-02-01 23:15:00,1769987700000,406.94,409.65,404.01,405.26,1140.8
2026-02-01 23:30:00,1769988600000,405.26,413.27,404.67,411.15,1203.74
2026-02-01 23:45:00,1769989500000,411.15,411.42,404.4,405.7,929.92
2026-02-02 00:00:00,1769990400000,405.7,413.12,400.78,412.11,1877.97
2026-02-02 00:15:00,1769991300000,412.11,419.89,411.84,418.14,1742.4
2026-02-02 00:30:00,1769992200000,418.14,423.09,417.04,419.08,2436.03
2026-02-02 00:45:00,1769993100000,419.08,422.71,418.68,420.78,891.45
2026-02-02 01:00:00,1769994000000,420.78,422.05,411.92,412.45,1153.55
2026-02-02 01:15:00,1769994900000,412.45,420.51,411.53,418.69,1183.2
2026-02-02 01:30:00,1769995800000,418.69,419.05,413.32,414.15,780.94
2026-02-02 01:45:00,1769996700000,414.15,414.47,411.06,412.96,408.01
2026-02-02 02:00:00,1769997600000,412.96,413.98,408.87,409.81,522.73
2026-02-02 02:15:00,1769998500000,409.81,412.19,407.42,407.43,599.34
2026-02-02 02:30:00,1769999400000,407.43,409.4,405.13,405.41,677.5
2026-02-02 02:45:00,1770000300000,405.41,406.77,403.41,404.55,488.98
2026-02-02 03:00:00,1770001200000,404.55,404.76,400.11,400.15,1324.53
2026-02-02 03:15:00,1770002100000,400.15,400.43,390.84,391.81,4067.99
2026-02-02 03:30:00,1770003000000,391.81,397.35,391.18,393.62,2162.02
2026-02-02 03:45:00,1770003900000,393.62,404.67,393.31,403.64,2478.62
2026-02-02 04:00:00,1770004800000,403.64,404.76,395.7,398.04,1993.7
2026-02-02 04:15:00,1770005700000,398.04,405.0,397.84,404.89,1827.93
2026-02-02 04:30:00,1770006600000,404.89,406.16,402.83,403.5,1039.19
2026-02-02 04:45:00,1770007500000,403.5,403.91,401.11,401.41,450.04
2026-02-02 05:00:00,1770008400000,401.41,402.34,396.29,397.32,837.33
2026-02-02 05:15:00,1770009300000,397.32,397.85,392.7,394.73,1076.17
2026-02-02 05:30:00,1770010200000,394.73,395.85,392.02,393.21,811.49
2026-02-02 05:45:00,1770011100000,393.21,395.98,391.96,394.04,1315.14
2026-02-02 06:00:00,1770012000000,394.04,395.38,390.2,393.77,1766.66
2026-02-02 06:15:00,1770012900000,393.77,399.41,393.07,394.0,1178.91
2026-02-02 06:30:00,1770013800000,394.0,400.3,387.06,396.49,2789.21
2026-02-02 06:45:00,1770014700000,396.49,401.01,395.78,398.3,1127.68
2026-02-02 07:00:00,1770015600000,398.3,402.25,395.65,396.24,1039.97
2026-02-02 07:15:00,1770016500000,396.24,398.78,394.94,395.9,494.72
2026-02-02 07:30:00,1770017400000,395.9,397.7,394.93,395.74,762.5
2026-02-02 07:45:00,1770018300000,395.74,398.29,394.67,396.95,500.69
2026-02-02 08:00:00,1770019200000,396.95,398.04,395.51,396.86,510.56
2026-02-02 08:15:00,1770020100000,396.86,397.95,393.65,395.0,896.22
2026-02-02 08:30:00,1770021000000,395.0,396.36,393.21,395.04,913.42
2026-02-02 08:45:00,1770021900000,395.04,398.17,394.2,394.2,481.28
2026-02-02 09:00:00,1770022800000,394.2,394.76,392.63,393.82,440.73
2026-02-02 09:15:00,1770023700000,393.82,399.7,393.59,399.7,811.46
2026-02-02 09:30:00,1770024600000,399.7,399.7,394.75,397.04,1170.6
2026-02-02 09:45:00,1770025500000,397.04,402.51,396.98,401.52,1354.72
2026-02-02 10:00:00,1770026400000,401.52,403.85,399.88,402.65,628.8
2026-02-02 10:15:00,1770027300000,402.65,402.97,399.52,400.4,557.44
2026-02-02 10:30:00,1770028200000,400.4,400.73,396.96,399.15,1211.84
2026-02-02 10:45:00,1770029100000,399.15,402.1,397.43,399.44,1359.82
2026-02-02 11:00:00,1770030000000,399.44,403.85,399.43,403.36,1068.36
2026-02-02 11:15:00,1770030900000,403.36,403.5,401.64,403.39,441.88
2026-02-02 11:30:00,1770031800000,403.39,404.72,400.35,400.9,806.34
2026-02-02 11:45:00,1770032700000,400.9,401.71,398.52,399.3,914.86
2026-02-02 12:00:00,1770033600000,399.3,404.0,398.43,403.3,676.7
2026-02-02 12:15:00,1770034500000,403.3,404.12,401.5,403.37,718.52
2026-02-02 12:30:00,1770035400000,403.37,409.64,402.4,409.46,1414.11
2026-02-02 12:45:00,1770036300000,409.46,413.79,406.56,409.6,2594.9
2026-02-02 13:00:00,1770037200000,409.6,409.82,406.52,409.38,1105.42
2026-02-02 13:15:00,1770038100000,409.38,410.87,407.17,407.6,801.62
2026-02-02 13:30:00,1770039000000,407.6,409.22,406.58,407.28,508.53
2026-02-02 13:45:00,1770039900000,407.28,411.99,406.04,409.68,594.26
2026-02-02 14:00:00,1770040800000,409.68,409.97,403.97,404.04,1011.84
2026-02-02 14:15:00,1770041700000,404.04,409.79,403.54,409.41,642.81
2026-02-02 14:30:00,1770042600000,409.41,415.86,408.83,410.4,1968.83
2026-02-02 14:45:00,1770043500000,410.4,412.6,408.4,409.53,586.67
2026-02-02 15:00:00,1770044400000,409.53,411.29,408.3,410.38,647.3
2026-02-02 15:15:00,1770045300000,410.38,411.83,408.48,410.0,1071.54
2026-02-02 15:30:00,1770046200000,410.0,414.35,408.02,411.56,4162.18
2026-02-02 15:45:00,1770047100000,411.56,413.09,406.5,407.24,1508.29
2026-02-02 16:00:00,1770048000000,407.24,409.67,406.33,408.84,901.31
2026-02-02 16:15:00,1770048900000,408.84,410.82,407.62,410.07,664.53
2026-02-02 16:30:00,1770049800000,410.07,410.08,404.75,407.24,1314.64
2026-02-02 16:45:00,1770050700000,407.24,408.27,405.18,406.21,703.96
2026-02-02 17:00:00,1770051600000,406.21,407.63,403.77,405.71,751.52
2026-02-02 17:15:00,1770052500000,405.71,405.71,402.64,403.44,668.31
2026-02-02 17:30:00,1770053400000,403.44,403.65,400.19,401.04,1061.89
2026-02-02 17:45:00,1770054300000,401.04,402.67,399.78,402.51,896.43
2026-02-02 18:00:00,1770055200000,402.51,402.64,398.11,398.26,602.26
2026-02-02 18:15:00,1770056100000,398.26,398.87,391.91,393.9,3577.05
2026-02-02 18:30:00,1770057000000,393.9,399.35,393.9,398.28,1184.0
2026-02-02 18:45:00,1770057900000,398.28,399.45,396.2,396.79,842.9
2026-02-02 19:00:00,1770058800000,396.79,398.07,393.64,394.68,1085.99
2026-02-02 19:15:00,1770059700000,394.68,395.5,393.0,393.08,649.56
2026-02-02 19:30:00,1770060600000,393.08,393.87,391.02,393.38,1336.26
2026-02-02 19:45:00,1770061500000,393.38,393.73,389.4,389.69,1014.22
2026-02-02 20:00:00,1770062400000,389.69,391.26,388.82,390.21,816.68
2026-02-02 20:15:00,1770063300000,390.21,390.77,386.0,386.61,1127.83
2026-02-02 20:30:00,1770064200000,386.61,386.61,382.02,382.8,2459.0
2026-02-02 20:45:00,1770065100000,382.8,384.19,381.18,382.45,1868.01
2026-02-02 21:00:00,1770066000000,382.45,384.66,381.44,381.71,860.22
2026-02-02 21:15:00,1770066900000,381.71,384.29,381.28,383.01,639.7
2026-02-02 21:30:00,1770067800000,383.01,386.83,383.01,386.05,924.83
2026-02-02 21:45:00,1770068700000,386.05,386.09,383.35,385.6,297.07
2026-02-02 22:00:00,1770069600000,385.6,387.27,384.61,386.14,608.0
2026-02-02 22:15:00,1770070500000,386.14,386.31,382.9,385.36,338.49
2026-02-02 22:30:00,1770071400000,385.36,389.58,385.1,389.21,508.76
2026-02-02 22:45:00,1770072300000,389.21,390.72,388.4,389.46,383.9
2026-02-02 23:00:00,1770073200000,389.46,389.6,382.88,382.99,901.48
2026-02-02 23:15:00,1770074100000,382.99,384.75,381.0,382.3,2091.08
2026-02-02 23:30:00,1770075000000,382.3,387.03,381.18,386.62,826.18
2026-02-02 23:45:00,1770075900000,386.62,389.0,385.77,386.82,800.0
2026-02-03 00:00:00,1770076800000,386.82,388.67,381.12,382.5,1154.78
2026-02-03 00:15:00,1770077700000,382.5,385.01,382.08,383.55,719.39
2026-02-03 00:30:00,1770078600000,383.55,386.02,383.17,385.97,298.94
2026-02-03 00:45:00,1770079500000,385.97,387.42,383.16,385.82,988.21
2026-02-03 01:00:00,1770080400000,385.82,388.8,384.36,385.08,726.25
2026-02-03 01:15:00,1770081300000,385.08,388.97,382.43,387.8,853.39
2026-02-03 01:30:00,1770082200000,387.8,388.54,385.0,387.8,1057.93
2026-02-03 01:45:00,1770083100000,387.8,394.1,386.63,392.1,1341.51
2026-02-03 02:00:00,1770084000000,392.1,392.4,386.21,388.29,2108.68
2026-02-03 02:15:00,1770084900000,388.29,389.98,386.16,387.12,840.43
2026-02-03 02:30:00,1770085800000,387.12,387.13,383.5,385.57,910.35
2026-02-03 02:45:00,1770086700000,385.57,386.34,383.3,383.79,490.89
2026-02-03 03:00:00,1770087600000,383.79,384.63,377.53,379.51,3042.42
2026-02-03 03:15:00,1770088500000,379.51,379.52,366.94,371.52,7487.66
2026-02-03 03:30:00,1770089400000,371.52,376.83,370.97,374.06,1788.07
2026-02-03 03:45:00,1770090300000,374.06,379.29,373.01,378.91,1334.65
2026-02-03 04:00:00,1770091200000,378.91,379.23,374.16,376.92,1196.66
2026-02-03 04:15:00,1770092100000,376.92,377.31,372.25,372.83,979.75
2026-02-03 04:30:00,1770093000000,372.83,379.97,372.82,379.47,937.57
2026-02-03 04:45:00,1770093900000,379.47,379.85,376.68,377.01,741.24
2026-02-03 05:00:00,1770094800000,377.01,377.37,370.18,370.5,1188.92
2026-02-03 05:15:00,1770095700000,370.5,373.34,368.88,371.2,1056.86
2026-02-03 05:30:00,1770096600000,371.2,373.54,370.39,372.6,669.98
2026-02-03 05:45:00,1770097500000,372.6,373.34,370.22,370.75,381.51
2026-02-03 06:00:00,1770098400000,370.75,371.3,367.08,368.6,876.66
2026-02-03 06:15:00,1770099300000,368.6,375.32,368.48,374.37,982.44
2026-02-03 06:30:00,1770100200000,374.37,374.51,371.4,371.8,913.6
2026-02-03 06:45:00,1770101100000,371.8,376.36,370.86,375.42,800.9
2026-02-03 07:00:00,1770102000000,375.42,378.08,373.41,376.26,952.52
2026-02-03 07:15:00,1770102900000,376.26,377.81,376.16,377.19,464.59
2026-02-03 07:30:00,1770103800000,377.19,378.45,376.32,376.51,519.44
2026-02-03 07:45:00,1770104700000,376.51,377.83,375.29,376.62,1046.67
2026-02-03 08:00:00,1770105600000,376.62,377.19,373.49,374.58,1484.6
2026-02-03 08:15:00,1770106500000,374.58,378.72,374.34,377.55,498.63
2026-02-03 08:30:00,1770107400000,377.55,377.67,375.73,377.16,397.65
2026-02-03 08:45:00,1770108300000,377.16,377.31,374.05,375.44,507.21
2026-02-03 09:00:00,1770109200000,375.44,376.16,370.51,371.09,1766.83
2026-02-03 09:15:00,1770110100000,371.09,372.53,368.25,368.34,1376.93
2026-02-03 09:30:00,1770111000000,368.34,370.97,368.12,369.04,813.2
2026-02-03 09:45:00,1770111900000,369.04,371.47,369.01,370.68,612.14
2026-02-03 10:00:00,1770112800000,370.68,371.82,368.79,371.82,566.38
2026-02-03 10:15:00,1770113700000,371.82,373.96,371.32,373.27,656.15
2026-02-03 10:30:00,1770114600000,373.27,374.19,372.07,373.97,720.88
2026-02-03 10:45:00,1770115500000,373.97,377.45,373.62,376.97,1053.86
2026-02-03 11:00:00,1770116400000,376.97,380.52,375.82,380.28,1164.05
2026-02-03 11:15:00,1770117300000,380.28,382.8,378.19,381.62,1448.71
2026-02-03 11:30:00,1770118200000,381.62,384.23,381.01,383.51,1073.21
2026-02-03 11:45:00,1770119100000,383.51,385.98,383.44,384.95,1080.81
2026-02-03 12:00:00,1770120000000,384.95,388.8,384.65,387.37,1878.05
2026-02-03 12:15:00,1770120900000,387.37,388.14,385.63,386.93,784.71
2026-02-03 12:30:00,1770121800000,386.93,386.94,385.15,385.86,562.49
2026-02-03 12:45:00,1770122700000,385.86,388.19,385.32,387.3,992.97
2026-02-03 13:00:00,1770123600000,387.3,387.32,385.17,386.28,695.73
2026-02-03 13:15:00,1770124500000,386.28,387.4,384.75,385.89,621.6
2026-02-03 13:30:00,1770125400000,385.89,386.19,381.63,382.45,1869.2
2026-02-03 13:45:00,1770126300000,382.45,384.15,381.12,382.43,718.15
2026-02-03 14:00:00,1770127200000,382.43,384.1,381.84,382.79,452.39
2026-02-03 14:15:00,1770128100000,382.79,383.32,377.78,380.89,1209.84
2026-02-03 14:30:00,1770129000000,380.89,380.93,375.47,376.31,2066.92
2026-02-03 14:45:00,1770129900000,376.31,379.5,373.29,374.17,1431.73
2026-02-03 15:00:00,1770130800000,374.17,375.18,371.14,371.15,1310.23
2026-02-03 15:15:00,1770131700000,371.15,379.29,370.51,375.98,3159.16
2026-02-03 15:30:00,1770132600000,375.98,379.67,372.86,373.38,1548.83
2026-02-03 15:45:00,1770133500000,373.38,378.82,373.04,376.29,995.8
2026-02-03 16:00:00,1770134400000,376.29,376.29,370.54,371.11,780.04
2026-02-03 16:15:00,1770135300000,371.11,372.61,369.21,370.09,1287.82
2026-02-03 16:30:00,1770136200000,370.09,375.96,369.62,373.97,4082.37
2026-02-03 16:45:00,1770137100000,373.97,376.29,372.2,375.28,1488.08
2026-02-03 17:00:00,1770138000000,375.28,377.04,373.24,373.66,1436.38
2026-02-03 17:15:00,1770138900000,373.66,377.43,373.22,377.07,1081.74
2026-02-03 17:30:00,1770139800000,377.07,379.2,374.01,374.01,1160.45
2026-02-03 17:45:00,1770140700000,374.01,376.37,370.4,370.46,1949.01
2026-02-03 18:00:00,1770141600000,370.46,373.43,370.46,371.21,1276.17
2026-02-03 18:15:00,1770142500000,371.21,372.54,368.32,370.51,1328.36
2026-02-03 18:30:00,1770143400000,370.51,374.73,369.47,370.95,1045.99
2026-02-03 18:45:00,1770144300000,370.95,375.87,368.4,372.4,2017.45
2026-02-03 19:00:00,1770145200000,372.4,378.67,370.55,377.23,2874.33
2026-02-03 19:15:00,1770146100000,377.23,379.24,374.43,377.73,3214.26
2026-02-03 19:30:00,1770147000000,377.73,384.46,377.73,383.08,3029.57
2026-02-03 19:45:00,1770147900000,383.08,383.16,378.23,378.23,1642.34
2026-02-03 20:00:00,1770148800000,378.23,379.22,376.14,376.92,896.9
2026-02-03 20:15:00,1770149700000,376.92,380.66,375.53,379.71,2070.99
2026-02-03 20:30:00,1770150600000,379.71,386.69,379.71,385.0,2147.38
2026-02-03 20:45:00,1770151500000,385.0,386.75,383.92,384.86,1904.02
2026-02-03 21:00:00,1770152400000,384.86,389.71,383.48,387.52,1739.22
2026-02-03 21:15:00,1770153300000,387.52,388.96,385.79,388.81,1507.21
2026-02-03 21:30:00,1770154200000,388.81,388.87,385.26,386.46,1482.66
2026-02-03 21:45:00,1770155100000,386.46,386.46,381.77,383.81,2115.42
2026-02-03 22:00:00,1770156000000,383.81,386.52,377.99,378.58,2701.89
2026-02-03 22:15:00,1770156900000,378.58,379.93,376.71,377.8,1233.66
2026-02-03 22:30:00,1770157800000,377.8,379.54,377.56,378.26,892.34
2026-02-03 22:45:00,1770158700000,378.26,378.78,374.79,376.18,1183.73
2026-02-03 23:00:00,1770159600000,376.18,376.28,370.75,372.52,1137.53
2026-02-03 23:15:00,1770160500000,372.52,372.67,368.16,369.8,2096.73
2026-02-03 23:30:00,1770161400000,369.8,372.95,369.8,371.22,1899.92
2026-02-03 23:45:00,1770162300000,371.22,377.99,368.28,377.61,1748.12
2026-02-04 00:00:00,1770163200000,377.61,380.4,377.08,378.42,1517.74
2026-02-04 00:15:00,1770164100000,378.42,381.91,378.42,381.88,952.26
2026-02-04 00:30:00,1770165000000,381.88,386.36,380.47,386.36,749.94
2026-02-04 00:45:00,1770165900000,386.36,387.21,384.18,384.82,754.03
2026-02-04 01:00:00,1770166800000,384.82,388.45,384.34,386.88,826.2
2026-02-04 01:15:00,1770167700000,386.88,386.91,383.41,383.41,948.14
2026-02-04 01:30:00,1770168600000,383.41,386.74,382.94,386.11,507.08
2026-02-04 01:45:00,1770169500000,386.11,386.34,382.72,384.49,721.95
2026-02-04 02:00:00,1770170400000,384.49,385.19,382.21,383.67,451.99
2026-02-04 02:15:00,1770171300000,383.67,385.83,382.94,382.95,490.28
2026-02-04 02:30:00,1770172200000,382.95,385.16,381.48,383.02,761.61
2026-02-04 02:45:00,1770173100000,383.02,383.44,376.81,379.18,1764.6
2026-02-04 03:00:00,1770174000000,379.18,382.92,379.15,382.85,733.19
2026-02-04 03:15:00,1770174900000,382.85,384.48,381.66,384.36,601.68
2026-02-04 03:30:00,1770175800000,384.36,388.51,384.31,386.5,1299.69
2026-02-04 03:45:00,1770176700000,386.5,390.62,385.58,388.15,1228.66
2026-02-04 04:00:00,1770177600000,388.15,388.64,386.46,387.04,461.6
2026-02-04 04:15:00,1770178500000,387.04,389.7,386.44,388.0,455.83
2026-02-04 04:30:00,1770179400000,388.0,389.67,384.68,385.22,875.27
2026-02-04 04:45:00,1770180300000,385.22,388.39,384.01,387.57,550.25
2026-02-04 05:00:00,1770181200000,387.57,389.94,387.55,388.47,238.93
2026-02-04 05:15:00,1770182100000,388.47,388.47,386.23,386.84,390.09
2026-02-04 05:30:00,1770183000000,386.84,387.67,384.1,384.22,449.78
2026-02-04 05:45:00,1770183900000,384.22,388.11,384.22,386.17,655.88
2026-02-04 06:00:00,1770184800000,386.17,387.74,385.01,385.18,818.9
2026-02-04 06:15:00,1770185700000,385.18,387.44,384.55,385.48,566.53
2026-02-04 06:30:00,1770186600000,385.48,393.0,384.61,389.89,1700.12
2026-02-04 06:45:00,1770187500000,389.89,393.46,389.64,390.62,1504.09
2026-02-04 07:00:00,1770188400000,390.62,390.94,386.81,390.87,730.86
2026-02-04 07:15:00,1770189300000,390.87,390.88,387.74,390.6,450.13
2026-02-04 07:30:00,1770190200000,390.6,390.61,388.14,389.92,989.16
2026-02-04 07:45:00,1770191100000,389.92,390.0,388.2,388.54,373.55
2026-02-04 08:00:00,1770192000000,388.54,389.68,387.94,389.18,930.83
2026-02-04 08:15:00,1770192900000,389.18,391.41,385.77,386.59,1279.07
2026-02-04 08:30:00,1770193800000,386.59,388.27,385.93,386.91,288.7
2026-02-04 08:45:00,1770194700000,386.91,389.9,386.16,389.54,546.89
2026-02-04 09:00:00,1770195600000,389.54,391.21,387.96,388.24,784.58
2026-02-04 09:15:00,1770196500000,388.24,390.3,387.71,389.55,380.26
2026-02-04 09:30:00,1770197400000,389.55,390.62,388.44,389.63,1006.38
2026-02-04 09:45:00,1770198300000,389.63,393.13,388.55,392.69,1154.93
2026-02-04 10:00:00,1770199200000,392.69,396.2,391.87,394.23,1918.21
2026-02-04 10:15:00,1770200100000,394.23,395.1,392.29,393.5,889.59
2026-02-04 10:30:00,1770201000000,393.5,394.5,391.78,391.8,636.3
2026-02-04 10:45:00,1770201900000,391.8,394.01,391.28,391.95,440.38
2026-02-04 11:00:00,1770202800000,391.95,393.24,387.87,388.09,1291.87
2026-02-04 11:15:00,1770203700000,388.09,389.09,385.21,388.27,1683.43
2026-02-04 11:30:00,1770204600000,388.27,391.42,388.27,389.4,1000.82
2026-02-04 11:45:00,1770205500000,389.4,390.4,387.98,388.84,553.34
2026-02-04 12:00:00,1770206400000,388.84,390.5,388.75,389.91,236.55
2026-02-04 12:15:00,1770207300000,389.91,390.53,386.09,386.61,926.65
2026-02-04 12:30:00,1770208200000,386.61,387.95,383.33,385.13,1347.27
2026-02-04 12:45:00,1770209100000,385.13,389.57,385.13,389.57,901.93
2026-02-04 13:00:00,1770210000000,389.57,390.76,388.48,389.6,453.56
2026-02-04 13:15:00,1770210900000,389.6,389.87,386.57,387.41,589.43
2026-02-04 13:30:00,1770211800000,387.41,388.35,386.69,388.22,521.47
2026-02-04 13:45:00,1770212700000,388.22,389.33,386.35,387.58,793.39
2026-02-04 14:00:00,1770213600000,387.58,388.14,384.81,385.88,1098.68
2026-02-04 14:15:00,1770214500000,385.88,387.1,384.43,386.24,536.58
2026-02-04 14:30:00,1770215400000,386.24,390.72,383.41,388.56,1527.53
2026-02-04 14:45:00,1770216300000,388.56,390.48,383.61,384.54,1427.18
2026-02-04 15:00:00,1770217200000,384.54,385.84,380.81,384.91,2736.98
2026-02-04 15:15:00,1770218100000,384.91,385.26,378.52,381.42,2439.34
2026-02-04 15:30:00,1770219000000,381.42,382.37,373.57,373.88,1960.51
2026-02-04 15:45:00,1770219900000,373.88,378.11,372.6,376.79,678.76
2026-02-04 16:00:00,1770220800000,376.79,378.02,375.47,376.81,1490.14
2026-02-04 16:15:00,1770221700000,376.81,384.75,374.8,384.11,4306.5
2026-02-04 16:30:00,1770222600000,384.11,384.84,378.29,379.59,2049.42
2026-02-04 16:45:00,1770223500000,379.59,380.83,378.46,380.48,2147.39
2026-02-04 17:00:00,1770224400000,380.48,380.83,375.67,380.42,1850.32
2026-02-04 17:15:00,1770225300000,380.42,380.83,376.0,376.79,1200.28
2026-02-04 17:30:00,1770226200000,376.79,380.71,374.9,380.55,1560.49
2026-02-04 17:45:00,1770227100000,380.55,380.82,376.15,378.7,1484.52
2026-02-04 18:00:00,1770228000000,378.7,379.6,373.7,373.84,1782.31
2026-02-04 18:15:00,1770228900000,373.84,383.14,373.74,381.63,3062.19
2026-02-04 18:30:00,1770229800000,381.63,383.66,379.0,382.4,1411.09
2026-02-04 18:45:00,1770230700000,382.4,382.48,376.54,378.0,827.28
2026-02-04 19:00:00,1770231600000,378.0,382.97,377.42,379.32,675.35
2026-02-04 19:15:00,1770232500000,379.32,380.99,377.2,379.48,412.38
2026-02-04 19:30:00,1770233400000,379.48,383.17,379.48,382.88,369.62
2026-02-04 19:45:00,1770234300000,382.88,386.45,381.81,386.22,1319.53
2026-02-04 20:00:00,1770235200000,386.22,386.31,380.8,382.02,531.01
2026-02-04 20:15:00,1770236100000,382.02,383.46,379.62,380.31,522.55
2026-02-04 20:30:00,1770237000000,380.31,381.05,378.43,378.59,306.5
2026-02-04 20:45:00,1770237900000,378.59,380.49,377.63,379.98,323.24
2026-02-04 21:00:00,1770238800000,379.98,382.62,379.88,381.43,656.5
2026-02-04 21:15:00,1770239700000,381.43,382.55,378.9,381.6,451.52
2026-02-04 21:30:00,1770240600000,381.6,382.33,378.22,379.09,470.79
2026-02-04 21:45:00,1770241500000,379.09,381.14,378.24,379.47,592.39
2026-02-04 22:00:00,1770242400000,379.47,380.8,375.27,378.2,845.31
2026-02-04 22:15:00,1770243300000,378.2,386.42,378.19,386.04,683.15
2026-02-04 22:30:00,1770244200000,386.04,386.06,382.12,382.55,355.47
2026-02-04 22:45:00,1770245100000,382.55,386.09,382.55,383.14,649.59
2026-02-04 23:00:00,1770246000000,383.14,384.12,381.06,384.12,1097.84
2026-02-04 23:15:00,1770246900000,384.12,386.45,382.81,385.27,786.09
2026-02-04 23:30:00,1770247800000,385.27,386.73,382.97,384.44,1177.46
2026-02-04 23:45:00,1770248700000,384.44,385.38,382.08,382.55,302.46
2026-02-05 00:00:00,1770249600000,382.55,383.97,380.49,381.2,978.11
2026-02-05 00:15:00,1770250500000,381.2,383.25,381.2,381.56,696.11
2026-02-05 00:30:00,1770251400000,381.56,382.73,379.84,380.06,378.46
2026-02-05 00:45:00,1770252300000,380.06,381.95,379.54,381.47,314.08
2026-02-05 01:00:00,1770253200000,381.47,384.1,381.41,382.16,627.18
2026-02-05 01:15:00,1770254100000,382.16,382.39,376.44,380.31,1259.68
2026-02-05 01:30:00,1770255000000,380.31,382.95,378.5,381.2,788.1
2026-02-05 01:45:00,1770255900000,381.2,381.63,378.97,378.97,380.13
2026-02-05 02:00:00,1770256800000,378.97,379.37,369.86,371.79,1623.1
2026-02-05 02:15:00,1770257700000,371.79,375.66,371.02,375.66,821.03
2026-02-05 02:30:00,1770258600000,375.66,378.61,374.63,375.48,493.66
2026-02-05 02:45:00,1770259500000,375.48,375.77,369.42,370.52,812.9
2026-02-05 03:00:00,1770260400000,370.52,374.42,367.78,369.84,1476.56
2026-02-05 03:15:00,1770261300000,369.84,372.55,367.96,371.25,502.96
2026-02-05 03:30:00,1770262200000,371.25,372.58,370.17,371.13,431.36
2026-02-05 03:45:00,1770263100000,371.13,372.43,369.6,372.12,331.38
2026-02-05 04:00:00,1770264000000,372.12,373.76,367.17,367.9,1304.7
2026-02-05 04:15:00,1770264900000,367.9,369.5,362.77,363.9,1859.52
2026-02-05 04:30:00,1770265800000,363.9,367.76,362.35,367.05,814.45
2026-02-05 04:45:00,1770266700000,367.05,367.05,364.38,366.67,243.09
2026-02-05 05:00:00,1770267600000,366.67,366.96,362.8,365.09,224.43
2026-02-05 05:15:00,1770268500000,365.09,365.62,357.0,357.72,2334.99
2026-02-05 05:30:00,1770269400000,357.72,362.4,354.07,361.24,2535.38
2026-02-05 05:45:00,1770270300000,361.24,361.62,351.01,352.28,2857.58
2026-02-05 06:00:00,1770271200000,352.28,353.82,351.6,353.01,1519.11
2026-02-05 06:15:00,1770272100000,353.01,353.76,350.62,352.94,1127.9
2026-02-05 06:30:00,1770273000000,352.94,354.87,351.9,354.22,602.2
2026-02-05 06:45:00,1770273900000,354.22,356.68,352.5,356.2,739.61
2026-02-05 07:00:00,1770274800000,356.2,359.56,356.01,357.91,1290.21
2026-02-05 07:15:00,1770275700000,357.91,360.34,356.76,359.15,1075.66
2026-02-05 07:30:00,1770276600000,359.15,361.09,358.1,359.91,1037.63
2026-02-05 07:45:00,1770277500000,359.91,362.7,357.36,359.01,1006.92
2026-02-05 08:00:00,1770278400000,359.01,364.29,356.42,361.59,1331.36
2026-02-05 08:15:00,1770279300000,361.59,364.47,360.76,364.16,1121.01
2026-02-05 08:30:00,1770280200000,364.16,366.78,363.91,364.79,1155.24
2026-02-05 08:45:00,1770281100000,364.79,364.93,362.41,362.41,333.18
2026-02-05 09:00:00,1770282000000,362.41,368.28,362.41,367.94,686.53
2026-02-05 09:15:00,1770282900000,367.94,369.96,366.7,368.29,545.67
2026-02-05 09:30:00,1770283800000,368.29,368.29,366.15,366.54,307.63
2026-02-05 09:45:00,1770284700000,366.54,367.04,364.96,365.2,339.14
2026-02-05 10:00:00,1770285600000,365.2,365.25,362.67,364.34,528.8
2026-02-05 10:15:00,1770286500000,364.34,364.6,363.01,363.39,843.99
2026-02-05 10:30:00,1770287400000,363.39,363.42,358.0,358.96,592.75
2026-02-05 10:45:00,1770288300000,358.96,359.22,356.01,356.89,604.47
2026-02-05 11:00:00,1770289200000,356.89,357.87,354.62,355.2,493.48
2026-02-05 11:15:00,1770290100000,355.2,356.54,351.15,351.86,1192.48
2026-02-05 11:30:00,1770291000000,351.86,353.31,350.65,352.36,1202.24
2026-02-05 11:45:00,1770291900000,352.36,353.0,348.18,350.89,1810.23
2026-02-05 12:00:00,1770292800000,350.89,354.21,350.0,352.65,1059.26
2026-02-05 12:15:00,1770293700000,352.65,353.18,349.16,352.12,1148.62
2026-02-05 12:30:00,1770294600000,352.12,354.19,350.91,352.8,1169.87
2026-02-05 12:45:00,1770295500000,352.8,354.4,350.47,350.78,918.56
2026-02-05 13:00:00,1770296400000,350.78,351.59,344.97,345.17,1143.29
2026-02-05 13:15:00,1770297300000,345.17,346.15,342.51,343.35,1209.42
2026-02-05 13:30:00,1770298200000,343.35,345.18,338.98,341.99,2912.64
2026-02-05 13:45:00,1770299100000,341.99,346.6,341.34,345.58,919.54
2026-02-05 14:00:00,1770300000000,345.58,348.96,344.21,345.05,1438.78
2026-02-05 14:15:00,1770300900000,345.05,348.56,343.67,348.5,631.26
2026-02-05 14:30:00,1770301800000,348.5,350.41,345.96,347.34,1485.87
2026-02-05 14:45:00,1770302700000,347.34,348.7,340.02,340.43,1128.95
2026-02-05 15:00:00,1770303600000,340.43,342.36,332.0,332.78,4068.24
2026-02-05 15:15:00,1770304500000,332.78,337.9,328.64,328.92,5037.96
2026-02-05 15:30:00,1770305400000,328.92,338.27,328.22,337.31,3696.36
2026-02-05 15:45:00,1770306300000,337.31,339.46,332.61,333.1,1608.3
2026-02-05 16:00:00,1770307200000,333.1,333.93,329.16,329.65,1040.79
2026-02-05 16:15:00,1770308100000,329.65,335.07,329.01,330.83,1926.27
2026-02-05 16:30:00,1770309000000,330.83,332.79,325.29,326.42,2199.58
2026-02-05 16:45:00,1770309900000,326.42,332.0,325.54,326.84,1315.65
2026-02-05 17:00:00,1770310800000,326.84,328.23,322.92,324.09,2068.89
2026-02-05 17:15:00,1770311700000,324.09,325.58,317.98,324.74,3738.52
2026-02-05 17:30:00,1770312600000,324.74,327.47,320.56,326.26,1771.81
2026-02-05 17:45:00,1770313500000,326.26,327.49,322.35,322.71,1678.57
2026-02-05 18:00:00,1770314400000,322.71,324.69,319.8,322.01,804.15
2026-02-05 18:15:00,1770315300000,322.01,322.89,316.11,317.25,1763.26
2026-02-05 18:30:00,1770316200000,317.25,317.47,309.75,311.14,3418.21
2026-02-05 18:45:00,1770317100000,311.14,315.35,309.01,313.87,2239.79
2026-02-05 19:00:00,1770318000000,313.87,317.62,310.64,311.95,2415.85
2026-02-05 19:15:00,1770318900000,311.95,314.69,308.85,312.22,3485.5
2026-02-05 19:30:00,1770319800000,312.22,313.34,307.72,310.04,3929.63
2026-02-05 19:45:00,1770320700000,310.04,311.29,307.72,308.61,1972.65
2026-02-05 20:00:00,1770321600000,308.61,311.09,304.53,304.68,3551.43
2026-02-05 20:15:00,1770322500000,304.68,305.85,300.11,303.54,4527.18
2026-02-05 20:30:00,1770323400000,303.54,307.0,301.08,304.62,3154.61
2026-02-05 20:45:00,1770324300000,304.62,304.89,300.13,301.78,2641.85
2026-02-05 21:00:00,1770325200000,301.78,309.72,301.36,304.98,3241.46
2026-02-05 21:15:00,1770326100000,304.98,307.8,302.34,305.8,1474.03
2026-02-05 21:30:00,1770327000000,305.8,307.83,299.75,300.42,2452.61
2026-02-05 21:45:00,1770327900000,300.42,303.7,300.07,302.68,896.3
2026-02-05 22:00:00,1770328800000,302.68,307.58,301.83,305.8,1156.54
2026-02-05 22:15:00,1770329700000,305.8,306.37,297.16,305.05,1421.85
2026-02-05 22:30:00,1770330600000,305.05,306.87,301.1,302.18,671.78
2026-02-05 22:45:00,1770331500000,302.18,306.01,300.28,301.33,1380.0
2026-02-05 23:00:00,1770332400000,301.33,307.65,300.89,305.79,1406.06
2026-02-05 23:15:00,1770333300000,305.79,306.51,299.31,301.45,1801.16
2026-02-05 23:30:00,1770334200000,301.45,302.1,293.51,294.67,3265.07
2026-02-05 23:45:00,1770335100000,294.67,295.49,291.16,293.04,4599.01
2026-02-06 00:00:00,1770336000000,293.04,295.29,277.88,278.15,6779.64
2026-02-06 00:15:00,1770336900000,278.15,285.0,276.29,281.98,7671.47
2026-02-06 00:30:00,1770337800000,281.98,292.2,281.32,286.51,4341.97
2026-02-06 00:45:00,1770338700000,286.51,288.9,282.01,285.47,2973.97
2026-02-06 01:00:00,1770339600000,285.47,296.07,285.47,294.65,3343.63
2026-02-06 01:15:00,1770340500000,294.65,299.72,292.92,297.16,3239.56
2026-02-06 01:30:00,1770341400000,297.16,302.44,294.7,301.26,2171.28
2026-02-06 01:45:00,1770342300000,301.26,303.2,298.63,303.07,2049.57
2026-02-06 02:00:00,1770343200000,303.07,305.94,300.11,301.28,1232.18
2026-02-06 02:15:00,1770344100000,301.28,301.95,295.77,296.47,1339.29
2026-02-06 02:30:00,1770345000000,296.47,298.66,295.59,296.54,1044.96
2026-02-06 02:45:00,1770345900000,296.54,297.17,293.47,294.95,507.49
2026-02-06 03:00:00,1770346800000,294.95,296.51,291.62,291.78,656.49
2026-02-06 03:15:00,1770347700000,291.78,294.19,290.33,293.86,909.01
2026-02-06 03:30:00,1770348600000,293.86,296.96,293.86,294.77,823.96
2026-02-06 03:45:00,1770349500000,294.77,298.83,293.4,298.64,890.58
2026-02-06 04:00:00,1770350400000,298.64,299.04,293.96,295.57,568.74
2026-02-06 04:15:00,1770351300000,295.57,298.01,295.56,296.6,530.62
2026-02-06 04:30:00,1770352200000,296.6,301.4,296.39,301.38,861.97
2026-02-06 04:45:00,1770353100000,301.38,302.44,300.57,301.15,348.89
2026-02-06 05:00:00,1770354000000,301.15,305.29,300.82,304.55,1240.57
2026-02-06 05:15:00,1770354900000,304.55,304.72,298.41,299.59,2454.48
2026-02-06 05:30:00,1770355800000,299.59,305.09,299.59,304.24,1103.02
2026-02-06 05:45:00,1770356700000,304.24,308.75,302.24,306.55,1972.75
2026-02-06 06:00:00,1770357600000,306.55,307.8,304.77,306.51,1348.93
2026-02-06 06:15:00,1770358500000,306.51,307.59,303.8,304.97,732.77
2026-02-06 06:30:00,1770359400000,304.97,308.24,303.82,307.52,1731.95
2026-02-06 06:45:00,1770360300000,307.52,309.29,305.6,306.1,1369.74
2026-02-06 07:00:00,1770361200000,306.1,308.19,304.19,306.4,1055.32
2026-02-06 07:15:00,1770362100000,306.4,309.34,305.03,308.62,1171.15
2026-02-06 07:30:00,1770363000000,308.62,312.23,308.29,309.0,1436.74
2026-02-06 07:45:00,1770363900000,309.0,310.11,306.12,306.38,714.72
2026-02-06 08:00:00,1770364800000,306.38,308.9,305.0,308.4,650.94
2026-02-06 08:15:00,1770365700000,308.4,308.4,302.8,303.19,707.21
2026-02-06 08:30:00,1770366600000,303.19,304.87,301.96,302.83,291.87
2026-02-06 08:45:00,1770367500000,302.83,304.46,302.39,303.55,333.8
2026-02-06 09:00:00,1770368400000,303.55,304.15,300.18,302.2,692.41
2026-02-06 09:15:00,1770369300000,302.2,304.54,300.45,304.46,698.61
2026-02-06 09:30:00,1770370200000,304.46,307.71,304.01,307.11,1599.74
2026-02-06 09:45:00,1770371100000,307.11,312.28,306.52,312.13,2709.36
2026-02-06 10:00:00,1770372000000,312.13,313.02,309.77,311.48,1002.4
2026-02-06 10:15:00,1770372900000,311.48,312.6,310.53,311.95,910.29
2026-02-06 10:30:00,1770373800000,311.95,313.21,311.31,311.65,486.08
2026-02-06 10:45:00,1770374700000,311.65,312.75,310.04,312.73,452.59
2026-02-06 11:00:00,1770375600000,312.73,312.73,308.66,309.32,1936.94
2026-02-06 11:15:00,1770376500000,309.32,309.9,307.19,309.24,758.92
2026-02-06 11:30:00,1770377400000,309.24,309.71,306.86,307.78,582.91
2026-02-06 11:45:00,1770378300000,307.78,310.12,306.62,309.09,652.72
2026-02-06 12:00:00,1770379200000,309.09,309.09,306.25,306.9,459.48
2026-02-06 12:15:00,1770380100000,306.9,307.53,304.75,305.5,536.85
2026-02-06 12:30:00,1770381000000,305.5,305.88,302.53,303.0,2450.34
2026-02-06 12:45:00,1770381900000,303.0,303.49,300.08,301.48,1018.93
2026-02-06 13:00:00,1770382800000,301.48,312.79,301.36,312.5,5465.5
2026-02-06 13:15:00,1770383700000,312.5,313.22,309.47,310.32,2508.25
2026-02-06 13:30:00,1770384600000,310.32,314.89,309.95,311.99,1370.88
2026-02-06 13:45:00,1770385500000,311.99,313.55,311.07,311.95,575.26
2026-02-06 14:00:00,1770386400000,311.95,312.04,307.47,307.7,812.4
2026-02-06 14:15:00,1770387300000,307.7,307.7,303.32,306.49,747.75
2026-02-06 14:30:00,1770388200000,306.49,314.14,305.76,311.63,2827.74
2026-02-06 14:45:00,1770389100000,311.63,315.2,310.43,313.19,1513.26
2026-02-06 15:00:00,1770390000000,313.19,314.37,309.77,311.46,1245.47
2026-02-06 15:15:00,1770390900000,311.46,317.25,310.39,317.21,2017.5
2026-02-06 15:30:00,1770391800000,317.21,318.86,314.53,316.51,1059.06
2026-02-06 15:45:00,1770392700000,316.51,320.46,315.42,318.71,2106.92
2026-02-06 16:00:00,1770393600000,318.71,322.48,317.29,320.27,2123.6
2026-02-06 16:15:00,1770394500000,320.27,321.08,318.69,319.5,1174.73
2026-02-06 16:30:00,1770395400000,319.5,325.19,318.98,325.13,1150.92
2026-02-06 16:45:00,1770396300000,325.13,327.86,324.1,327.35,1587.17
2026-02-06 17:00:00,1770397200000,327.35,330.77,325.64,329.36,2428.64
2026-02-06 17:15:00,1770398100000,329.36,334.43,328.86,334.23,1726.24
2026-02-06 17:30:00,1770399000000,334.23,336.32,330.94,334.2,2245.44
2026-02-06 17:45:00,1770399900000,334.2,334.55,328.87,332.7,1256.55
2026-02-06 18:00:00,1770400800000,332.7,333.38,325.75,328.94,1547.18
2026-02-06 18:15:00,1770401700000,328.94,329.76,322.26,325.34,1445.24
2026-02-06 18:30:00,1770402600000,325.34,328.84,323.96,326.21,1117.17
2026-02-06 18:45:00,1770403500000,326.21,329.12,325.98,328.37,595.85
2026-02-06 19:00:00,1770404400000,328.37,329.19,322.16,323.17,841.9
2026-02-06 19:15:00,1770405300000,323.17,324.7,320.61,321.23,652.44
2026-02-06 19:30:00,1770406200000,321.23,323.01,318.82,320.16,1717.52
2026-02-06 19:45:00,1770407100000,320.16,322.57,319.49,322.13,490.83
2026-02-06 20:00:00,1770408000000,322.13,322.64,321.09,322.47,402.37
2026-02-06 20:15:00,1770408900000,322.47,323.68,320.94,323.54,410.03
2026-02-06 20:30:00,1770409800000,323.54,324.11,317.84,319.1,2449.06
2026-02-06 20:45:00,1770410700000,319.1,320.41,317.88,318.92,450.15
2026-02-06 21:00:00,1770411600000,318.92,320.92,318.27,319.42,527.69
2026-02-06 21:15:00,1770412500000,319.42,320.78,317.24,320.3,797.9
2026-02-06 21:30:00,1770413400000,320.3,320.33,318.11,318.56,232.85
2026-02-06 21:45:00,1770414300000,318.56,320.5,318.54,320.04,551.94
2026-02-06 22:00:00,1770415200000,320.04,322.19,319.0,319.89,388.47
2026-02-06 22:15:00,1770416100000,319.89,321.85,319.7,321.64,261.41
2026-02-06 22:30:00,1770417000000,321.64,325.32,320.71,324.58,748.35
2026-02-06 22:45:00,1770417900000,324.58,327.48,324.52,327.45,607.74
2026-02-06 23:00:00,1770418800000,327.45,328.79,323.4,323.4,737.74
2026-02-06 23:15:00,1770419700000,323.4,323.42,316.52,319.26,778.73
2026-02-06 23:30:00,1770420600000,319.26,322.15,319.26,321.72,197.77
2026-02-06 23:45:00,1770421500000,321.72,322.81,321.04,321.66,279.28
2026-02-07 00:00:00,1770422400000,321.66,321.96,317.58,320.4,407.85
2026-02-07 00:15:00,1770423300000,320.4,324.66,320.4,321.43,475.06
2026-02-07 00:30:00,1770424200000,321.43,322.19,317.01,318.56,972.14
2026-02-07 00:45:00,1770425100000,318.56,320.22,316.75,319.7,506.13
2026-02-07 01:00:00,1770426000000,319.7,322.95,319.35,320.87,854.42
2026-02-07 01:15:00,1770426900000,320.87,324.93,320.61,322.41,629.17
2026-02-07 01:30:00,1770427800000,322.41,324.51,321.7,323.22,326.16
2026-02-07 01:45:00,1770428700000,323.22,328.48,323.2,326.3,446.04
2026-02-07 02:00:00,1770429600000,326.3,329.9,325.48,328.97,646.46
2026-02-07 02:15:00,1770430500000,328.97,329.99,327.71,328.72,434.2
2026-02-07 02:30:00,1770431400000,328.72,329.15,326.47,326.9,584.21
2026-02-07 02:45:00,1770432300000,326.9,330.0,325.71,329.23,768.35
2026-02-07 03:00:00,1770433200000,329.23,332.28,327.47,331.06,744.79
2026-02-07 03:15:00,1770434100000,331.06,333.75,328.82,332.8,566.39
2026-02-07 03:30:00,1770435000000,332.8,333.52,329.63,333.43,403.74
2026-02-07 03:45:00,1770435900000,333.43,335.25,331.97,335.17,521.17
2026-02-07 04:00:00,1770436800000,335.17,338.33,334.31,337.89,953.41
2026-02-07 04:15:00,1770437700000,337.89,339.51,336.02,337.14,936.6
2026-02-07 04:30:00,1770438600000,337.14,337.14,332.37,333.16,524.05
2026-02-07 04:45:00,1770439500000,333.16,333.96,330.21,331.0,864.19
2026-02-07 05:00:00,1770440400000,331.0,337.36,330.49,337.05,679.78
2026-02-07 05:15:00,1770441300000,337.05,337.68,332.14,332.7,1396.5
2026-02-07 05:30:00,1770442200000,332.7,335.0,332.14,332.99,766.69
2026-02-07 05:45:00,1770443100000,332.99,334.24,328.75,329.65,797.8
2026-02-07 06:00:00,1770444000000,329.65,332.05,329.45,331.17,467.81
2026-02-07 06:15:00,1770444900000,331.17,331.17,328.31,329.12,437.03
2026-02-07 06:30:00,1770445800000,329.12,331.65,328.66,329.14,257.14
2026-02-07 06:45:00,1770446700000,329.14,329.14,322.58,322.78,1704.99
2026-02-07 07:00:00,1770447600000,322.78,325.54,318.68,318.68,1609.54
2026-02-07 07:15:00,1770448500000,318.68,322.7,317.03,322.2,1315.79
2026-02-07 07:30:00,1770449400000,322.2,324.81,319.16,323.95,1052.59
2026-02-07 07:45:00,1770450300000,323.95,324.24,321.22,321.66,502.54
2026-02-07 08:00:00,1770451200000,321.66,326.01,321.34,324.67,669.42
2026-02-07 08:15:00,1770452100000,324.67,325.71,323.45,324.4,341.54
2026-02-07 08:30:00,1770453000000,324.4,325.63,322.77,323.74,389.57
2026-02-07 08:45:00,1770453900000,323.74,327.2,323.74,326.65,412.8
2026-02-07 09:00:00,1770454800000,326.65,329.57,326.61,329.12,367.7
2026-02-07 09:15:00,1770455700000,329.12,331.32,327.1,327.36,833.1
2026-02-07 09:30:00,1770456600000,327.36,328.12,324.11,324.69,704.11
2026-02-07 09:45:00,1770457500000,324.69,325.83,322.91,324.3,814.63
2026-02-07 10:00:00,1770458400000,324.3,324.3,321.38,322.98,786.86
2026-02-07 10:15:00,1770459300000,322.98,324.1,322.51,322.81,137.63
2026-02-07 10:30:00,1770460200000,322.81,324.14,320.23,322.87,345.03
2026-02-07 10:45:00,1770461100000,322.87,329.42,322.48,329.17,1232.96
2026-02-07 11:00:00,1770462000000,329.17,331.4,328.01,328.31,777.66
2026-02-07 11:15:00,1770462900000,328.31,329.03,327.04,327.94,340.77
2026-02-07 11:30:00,1770463800000,327.94,333.35,327.94,329.35,1085.26
2026-02-07 11:45:00,1770464700000,329.35,330.04,324.19,325.37,1272.25
2026-02-07 12:00:00,1770465600000,325.37,330.78,324.99,330.37,780.02
2026-02-07 12:15:00,1770466500000,330.37,335.89,329.94,333.12,1168.71
2026-02-07 12:30:00,1770467400000,333.12,335.52,331.58,331.58,1191.91
2026-02-07 12:45:00,1770468300000,331.58,332.85,329.9,330.58,366.87
2026-02-07 13:00:00,1770469200000,330.58,332.29,326.02,326.91,640.91
2026-02-07 13:15:00,1770470100000,326.91,328.79,326.26,328.3,307.62
2026-02-07 13:30:00,1770471000000,328.3,329.69,326.1,327.14,488.4
2026-02-07 13:45:00,1770471900000,327.14,328.65,326.81,328.65,182.49
2026-02-07 14:00:00,1770472800000,328.65,329.04,325.71,326.41,455.87
2026-02-07 14:15:00,1770473700000,326.41,327.2,325.05,325.81,315.58
2026-02-07 14:30:00,1770474600000,325.81,326.27,323.77,325.54,367.22
2026-02-07 14:45:00,1770475500000,325.54,325.92,323.42,324.35,274.01
2026-02-07 15:00:00,1770476400000,324.35,325.1,322.09,324.66,1181.42
2026-02-07 15:15:00,1770477300000,324.66,326.95,323.51,325.65,365.85
2026-02-07 15:30:00,1770478200000,325.65,329.8,325.58,328.82,857.95
2026-02-07 15:45:00,1770479100000,328.82,331.52,328.8,331.42,401.0
2026-02-07 16:00:00,1770480000000,331.42,336.66,330.66,332.17,4483.71
2026-02-07 16:15:00,1770480900000,332.17,333.46,328.67,330.93,1845.25
2026-02-07 16:30:00,1770481800000,330.93,331.33,328.02,329.65,381.33
2026-02-07 16:45:00,1770482700000,329.65,330.59,327.12,327.55,385.89
2026-02-07 17:00:00,1770483600000,327.55,328.62,324.89,326.61,526.06
2026-02-07 17:15:00,1770484500000,326.61,327.98,326.21,326.66,409.93
2026-02-07 17:30:00,1770485400000,326.66,327.85,325.5,327.42,206.39
2026-02-07 17:45:00,1770486300000,327.42,327.84,323.98,324.95,606.2
2026-02-07 18:00:00,1770487200000,324.95,326.41,324.44,325.31,587.11
2026-02-07 18:15:00,1770488100000,325.31,328.66,325.27,327.42,372.88
2026-02-07 18:30:00,1770489000000,327.42,328.49,325.73,327.01,683.23
2026-02-07 18:45:00,1770489900000,327.01,327.33,324.38,324.5,913.88
2026-02-07 19:00:00,1770490800000,324.5,325.08,322.85,324.26,547.63
2026-02-07 19:15:00,1770491700000,324.26,325.25,323.35,324.16,221.22
2026-02-07 19:30:00,1770492600000,324.16,324.45,323.39,323.75,227.17
2026-02-07 19:45:00,1770493500000,323.75,323.95,322.46,323.27,371.17
2026-02-07 20:00:00,1770494400000,323.27,323.44,321.73,322.79,204.03
2026-02-07 20:15:00,1770495300000,322.79,326.43,322.24,325.59,545.54
2026-02-07 20:30:00,1770496200000,325.59,328.3,325.3,327.15,303.57
2026-02-07 20:45:00,1770497100000,327.15,330.39,326.93,330.15,547.96
2026-02-07 21:00:00,1770498000000,330.15,330.51,328.93,329.56,580.19
2026-02-07 21:15:00,1770498900000,329.56,329.89,328.31,329.65,257.87
2026-02-07 21:30:00,1770499800000,329.65,330.08,329.16,329.56,152.88
2026-02-07 21:45:00,1770500700000,329.56,334.44,328.68,334.38,2098.56
2026-02-07 22:00:00,1770501600000,334.38,337.25,332.59,335.65,1864.96
2026-02-07 22:15:00,1770502500000,335.65,337.7,334.08,336.46,1500.88
2026-02-07 22:30:00,1770503400000,336.46,336.46,332.4,332.63,606.85
2026-02-07 22:45:00,1770504300000,332.63,333.95,331.22,332.2,414.88
2026-02-07 23:00:00,1770505200000,332.2,332.41,329.49,329.62,681.08
2026-02-07 23:15:00,1770506100000,329.62,330.29,327.87,328.19,572.72
2026-02-07 23:30:00,1770507000000,328.19,330.19,328.05,330.15,212.93
2026-02-07 23:45:00,1770507900000,330.15,330.3,328.7,329.72,374.28
2026-02-08 00:00:00,1770508800000,329.72,330.73,327.65,330.29,389.72
2026-02-08 00:15:00,1770509700000,330.29,330.3,327.64,327.75,219.8
2026-02-08 00:30:00,1770510600000,327.75,328.24,326.21,326.38,177.99
2026-02-08 00:45:00,1770511500000,326.38,326.89,325.15,326.83,547.68
2026-02-08 01:00:00,1770512400000,326.83,332.8,326.39,332.32,718.69
2026-02-08 01:15:00,1770513300000,332.32,332.35,330.46,331.0,347.56
2026-02-08 01:30:00,1770514200000,331.0,334.21,330.95,333.05,364.2
2026-02-08 01:45:00,1770515100000,333.05,333.64,332.5,332.75,165.89
2026-02-08 02:00:00,1770516000000,332.75,332.92,331.25,331.51,205.22
2026-02-08 02:15:00,1770516900000,331.51,332.54,331.22,331.36,136.97
2026-02-08 02:30:00,1770517800000,331.36,331.8,329.62,330.4,359.49
2026-02-08 02:45:00,1770518700000,330.4,331.25,329.14,330.03,546.49
2026-02-08 03:00:00,1770519600000,330.03,330.47,328.19,328.65,116.99
2026-02-08 03:15:00,1770520500000,328.65,329.81,328.18,328.92,165.97
2026-02-08 03:30:00,1770521400000,328.92,329.34,326.27,326.82,159.37
2026-02-08 03:45:00,1770522300000,326.82,327.68,326.1,326.6,227.33
2026-02-08 04:00:00,1770523200000,326.6,327.39,326.08,326.24,77.73
2026-02-08 04:15:00,1770524100000,326.24,328.16,326.06,328.16,259.83
2026-02-08 04:30:00,1770525000000,328.16,328.49,326.47,326.69,137.24
2026-02-08 04:45:00,1770525900000,326.69,327.7,326.5,327.7,376.66
2026-02-08 05:00:00,1770526800000,327.7,327.8,324.88,326.85,811.8
2026-02-08 05:15:00,1770527700000,326.85,328.22,326.0,327.95,167.37
2026-02-08 05:30:00,1770528600000,327.95,328.27,327.46,328.15,117.82
2026-02-08 05:45:00,1770529500000,328.15,328.15,326.5,326.96,102.32
2026-02-08 06:00:00,1770530400000,326.96,328.06,326.35,327.59,716.5
2026-02-08 06:15:00,1770531300000,327.59,327.7,325.89,326.29,301.12
2026-02-08 06:30:00,1770532200000,326.29,326.29,324.66,326.21,280.68
2026-02-08 06:45:00,1770533100000,326.21,326.65,324.98,325.4,201.48
2026-02-08 07:00:00,1770534000000,325.4,326.89,324.91,326.86,159.74
2026-02-08 07:15:00,1770534900000,326.86,327.44,323.87,324.46,325.11
2026-02-08 07:30:00,1770535800000,324.46,326.05,323.74,325.22,204.3
2026-02-08 07:45:00,1770536700000,325.22,326.59,324.8,326.59,191.07
2026-02-08 08:00:00,1770537600000,326.59,328.43,326.18,327.2,732.52
2026-02-08 08:15:00,1770538500000,327.2,328.91,327.06,328.11,407.55
2026-02-08 08:30:00,1770539400000,328.11,328.72,326.46,326.46,266.72
2026-02-08 08:45:00,1770540300000,326.46,328.7,326.03,328.21,354.0
2026-02-08 09:00:00,1770541200000,328.21,329.02,327.66,328.18,329.86
2026-02-08 09:15:00,1770542100000,328.18,329.32,328.01,328.85,291.19
2026-02-08 09:30:00,1770543000000,328.85,329.2,323.28,323.38,577.39
2026-02-08 09:45:00,1770543900000,323.38,328.12,322.5,327.53,1137.5
2026-02-08 10:00:00,1770544800000,327.53,328.92,327.21,328.11,159.7
2026-02-08 10:15:00,1770545700000,328.11,328.85,325.29,325.91,327.68
2026-02-08 10:30:00,1770546600000,325.91,328.86,325.11,328.54,199.34
2026-02-08 10:45:00,1770547500000,328.54,329.05,326.39,326.94,436.17
2026-02-08 11:00:00,1770548400000,326.94,328.94,326.76,328.89,155.91
2026-02-08 11:15:00,1770549300000,328.89,329.35,327.66,328.29,145.33
2026-02-08 11:30:00,1770550200000,328.29,329.25,327.7,328.83,220.19
2026-02-08 11:45:00,1770551100000,328.83,329.53,328.12,328.91,240.66
2026-02-08 12:00:00,1770552000000,328.91,329.47,327.04,327.31,342.62
2026-02-08 12:15:00,1770552900000,327.31,329.0,327.28,328.51,197.46
2026-02-08 12:30:00,1770553800000,328.51,328.51,327.02,327.54,245.24
2026-02-08 12:45:00,1770554700000,327.54,328.36,327.1,328.3,132.41
2026-02-08 13:00:00,1770555600000,328.3,328.34,326.52,327.29,200.52
2026-02-08 13:15:00,1770556500000,327.29,328.19,325.86,326.9,525.81
2026-02-08 13:30:00,1770557400000,326.9,328.27,326.85,327.6,266.92
2026-02-08 13:45:00,1770558300000,327.6,328.1,327.12,327.5,285.05
2026-02-08 14:00:00,1770559200000,327.5,328.77,326.68,328.59,156.91
2026-02-08 14:15:00,1770560100000,328.59,328.88,326.88,328.77,202.1
2026-02-08 14:30:00,1770561000000,328.77,329.24,328.5,328.83,481.51
2026-02-08 14:45:00,1770561900000,328.83,329.24,328.66,329.06,338.03
2026-02-08 15:00:00,1770562800000,329.06,329.65,328.5,329.0,362.65
2026-02-08 15:15:00,1770563700000,329.0,329.29,327.99,328.35,398.62
2026-02-08 15:30:00,1770564600000,328.35,329.37,328.03,328.86,387.38
2026-02-08 15:45:00,1770565500000,328.86,329.79,327.94,328.17,534.01
2026-02-08 16:00:00,1770566400000,328.17,329.32,326.7,328.89,851.57
2026-02-08 16:15:00,1770567300000,328.89,329.33,328.87,329.11,185.67
2026-02-08 16:30:00,1770568200000,329.11,329.26,325.46,325.85,381.0
2026-02-08 16:45:00,1770569100000,325.85,325.87,317.5,317.99,5305.7
2026-02-08 17:00:00,1770570000000,317.99,320.52,317.25,320.37,1356.5
2026-02-08 17:15:00,1770570900000,320.37,321.94,316.28,317.65,1552.86
2026-02-08 17:30:00,1770571800000,317.65,319.79,317.31,319.48,698.88
2026-02-08 17:45:00,1770572700000,319.48,319.8,317.8,319.4,946.71
2026-02-08 18:00:00,1770573600000,319.4,319.61,317.54,319.51,378.65
2026-02-08 18:15:00,1770574500000,319.51,320.16,317.72,319.26,767.57
2026-02-08 18:30:00,1770575400000,319.26,324.45,319.14,321.39,874.9
2026-02-08 18:45:00,1770576300000,321.39,321.97,319.6,319.63,794.11
2026-02-08 19:00:00,1770577200000,319.63,320.68,318.99,319.89,267.19
2026-02-08 19:15:00,1770578100000,319.89,321.66,319.86,320.82,194.87
2026-02-08 19:30:00,1770579000000,320.82,321.75,320.55,320.95,165.15
2026-02-08 19:45:00,1770579900000,320.95,321.54,320.31,321.08,228.84
2026-02-08 20:00:00,1770580800000,321.08,321.33,316.75,318.34,713.04
2026-02-08 20:15:00,1770581700000,318.34,320.78,317.84,319.31,378.91
2026-02-08 20:30:00,1770582600000,319.31,320.38,318.4,318.4,149.65
2026-02-08 20:45:00,1770583500000,318.4,318.4,314.2,317.39,905.15
2026-02-08 21:00:00,1770584400000,317.39,318.44,316.97,318.1,139.35
2026-02-08 21:15:00,1770585300000,318.1,318.49,316.76,317.4,229.84
2026-02-08 21:30:00,1770586200000,317.4,317.45,311.37,312.03,1916.68
2026-02-08 21:45:00,1770587100000,312.03,314.69,311.71,314.6,454.76
2026-02-08 22:00:00,1770588000000,314.6,314.66,310.13,311.89,1077.18
2026-02-08 22:15:00,1770588900000,311.89,312.17,309.74,310.37,730.33
2026-02-08 22:30:00,1770589800000,310.37,313.14,310.37,312.16,208.96
2026-02-08 22:45:00,1770590700000,312.16,315.63,312.14,314.95,465.18
2026-02-08 23:00:00,1770591600000,314.95,321.48,314.86,317.63,947.54
2026-02-08 23:15:00,1770592500000,317.63,318.32,315.3,317.08,600.81
2026-02-08 23:30:00,1770593400000,317.08,317.08,313.49,315.39,404.46
2026-02-08 23:45:00,1770594300000,315.39,319.41,315.39,319.09,473.24
2026-02-09 00:00:00,1770595200000,319.09,320.33,318.13,320.29,1237.16
2026-02-09 00:15:00,1770596100000,320.29,323.87,318.3,318.79,1297.1
2026-02-09 00:30:00,1770597000000,318.79,321.42,318.26,320.69,758.97
2026-02-09 00:45:00,1770597900000,320.69,323.07,320.17,322.19,593.26
2026-02-09 01:00:00,1770598800000,322.19,326.2,321.31,325.54,698.82
2026-02-09 01:15:00,1770599700000,325.54,329.05,323.76,328.08,984.73
2026-02-09 01:30:00,1770600600000,328.08,329.21,323.52,325.43,621.15
2026-02-09 01:45:00,1770601500000,325.43,329.16,323.85,328.62,1342.04
2026-02-09 02:00:00,1770602400000,328.62,329.3,326.44,329.01,404.33
2026-02-09 02:15:00,1770603300000,329.01,329.49,326.76,327.81,300.01
2026-02-09 02:30:00,1770604200000,327.81,329.39,326.99,328.64,216.0
2026-02-09 02:45:00,1770605100000,328.64,328.95,327.38,327.45,115.66
2026-02-09 03:00:00,1770606000000,327.45,328.92,326.0,327.77,185.42
2026-02-09 03:15:00,1770606900000,327.77,329.29,327.66,328.7,415.71
2026-02-09 03:30:00,1770607800000,328.7,331.36,328.67,331.13,637.77
2026-02-09 03:45:00,1770608700000,331.13,333.8,330.87,332.76,202.76
2026-02-09 04:00:00,1770609600000,332.76,332.77,329.68,329.77,471.92
2026-02-09 04:15:00,1770610500000,329.77,331.17,329.77,330.73,193.95
2026-02-09 04:30:00,1770611400000,330.73,331.04,329.86,330.85,222.39
2026-02-09 04:45:00,1770612300000,330.85,332.13,328.98,328.98,557.21
2026-02-09 05:00:00,1770613200000,328.98,330.29,328.32,329.82,201.8
2026-02-09 05:15:00,1770614100000,329.82,331.52,329.54,331.52,166.01
2026-02-09 05:30:00,1770615000000,331.52,331.71,328.31,329.32,330.27
2026-02-09 05:45:00,1770615900000,329.32,333.8,328.65,333.76,522.42
2026-02-09 06:00:00,1770616800000,333.76,333.77,331.22,333.45,284.98
2026-02-09 06:15:00,1770617700000,333.45,333.67,330.8,333.28,551.35
2026-02-09 06:30:00,1770618600000,333.28,337.53,332.42,337.44,1041.18
2026-02-09 06:45:00,1770619500000,337.44,338.49,335.9,336.22,546.37
2026-02-09 07:00:00,1770620400000,336.22,338.57,334.82,338.22,436.91
2026-02-09 07:15:00,1770621300000,338.22,338.26,334.37,334.91,426.26
2026-02-09 07:30:00,1770622200000,334.91,334.91,330.02,330.99,1467.44
2026-02-09 07:45:00,1770623100000,330.99,331.22,328.66,329.7,578.74
2026-02-09 08:00:00,1770624000000,329.7,331.59,329.58,331.22,515.97
2026-02-09 08:15:00,1770624900000,331.22,332.68,328.5,328.54,1253.21
2026-02-09 08:30:00,1770625800000,328.54,329.96,326.0,329.56,1360.53
2026-02-09 08:45:00,1770626700000,329.56,334.5,329.33,332.92,1438.89
2026-02-09 09:00:00,1770627600000,332.92,334.85,331.39,332.17,784.17
2026-02-09 09:15:00,1770628500000,332.17,337.39,331.51,334.06,4079.41
2026-02-09 09:30:00,1770629400000,334.06,335.87,331.76,332.03,1123.43
2026-02-09 09:45:00,1770630300000,332.03,332.85,331.32,332.15,486.7
2026-02-09 10:00:00,1770631200000,332.15,332.15,329.25,330.32,497.22
2026-02-09 10:15:00,1770632100000,330.32,331.04,328.46,329.66,485.51
2026-02-09 10:30:00,1770633000000,329.66,330.61,328.09,330.06,693.44
2026-02-09 10:45:00,1770633900000,330.06,330.93,329.11,329.3,509.16
2026-02-09 11:00:00,1770634800000,329.3,331.35,327.68,327.96,1011.53
2026-02-09 11:15:00,1770635700000,327.96,329.87,327.13,328.82,709.96
2026-02-09 11:30:00,1770636600000,328.82,331.0,326.56,328.62,723.16
2026-02-09 11:45:00,1770637500000,328.62,328.85,321.08,322.91,3298.33
2026-02-09 12:00:00,1770638400000,322.91,325.1,322.73,324.52,664.59
2026-02-09 12:15:00,1770639300000,324.52,326.36,324.41,325.78,250.53
2026-02-09 12:30:00,1770640200000,325.78,327.3,325.63,326.63,226.96
2026-02-09 12:45:00,1770641100000,326.63,326.87,324.25,325.5,251.75
2026-02-09 13:00:00,1770642000000,325.5,327.81,323.39,323.73,819.83
2026-02-09 13:15:00,1770642900000,323.73,326.97,321.39,325.9,845.25
2026-02-09 13:30:00,1770643800000,325.9,325.9,321.66,322.14,1017.1
2026-02-09 13:45:00,1770644700000,322.14,322.59,317.76,318.05,919.33
2026-02-09 14:00:00,1770645600000,318.05,320.0,317.86,319.56,887.46
2026-02-09 14:15:00,1770646500000,319.56,320.45,316.16,319.0,1069.15
2026-02-09 14:30:00,1770647400000,319.0,323.99,317.89,321.89,789.21
2026-02-09 14:45:00,1770648300000,321.89,323.0,319.95,320.52,703.87
2026-02-09 15:00:00,1770649200000,320.52,323.5,319.87,320.35,726.86
2026-02-09 15:15:00,1770650100000,320.35,321.59,318.84,319.94,731.76
2026-02-09 15:30:00,1770651000000,319.94,324.25,319.87,322.3,501.5
2026-02-09 15:45:00,1770651900000,322.3,324.79,321.18,322.04,716.03
2026-02-09 16:00:00,1770652800000,322.04,322.48,320.1,321.38,267.79
2026-02-09 16:15:00,1770653700000,321.38,323.19,321.3,322.24,264.54
2026-02-09 16:30:00,1770654600000,322.24,323.65,319.58,323.16,551.15
2026-02-09 16:45:00,1770655500000,323.16,325.15,322.51,323.98,524.42
2026-02-09 17:00:00,1770656400000,323.98,325.54,323.35,323.67,344.93
2026-02-09 17:15:00,1770657300000,323.67,326.03,323.55,324.51,592.92
2026-02-09 17:30:00,1770658200000,324.51,328.17,323.61,327.36,1469.21
2026-02-09 17:45:00,1770659100000,327.36,327.69,324.78,324.96,358.47
2026-02-09 18:00:00,1770660000000,324.96,326.86,324.43,325.35,461.16
2026-02-09 18:15:00,1770660900000,325.35,325.94,323.5,324.64,359.93
2026-02-09 18:30:00,1770661800000,324.64,327.09,323.97,326.91,179.41
2026-02-09 18:45:00,1770662700000,326.91,328.31,326.81,327.64,327.97
2026-02-09 19:00:00,1770663600000,327.64,327.89,325.55,325.6,161.88
2026-02-09 19:15:00,1770664500000,325.6,327.78,325.56,326.9,256.21
2026-02-09 19:30:00,1770665400000,326.9,327.86,326.11,327.02,197.44
2026-02-09 19:45:00,1770666300000,327.02,327.72,325.72,326.97,210.42
2026-02-09 20:00:00,1770667200000,326.97,327.76,325.9,327.36,121.99
2026-02-09 20:15:00,1770668100000,327.36,327.36,325.0,325.7,135.93
2026-02-09 20:30:00,1770669000000,325.7,329.26,325.37,328.23,310.03
2026-02-09 20:45:00,1770669900000,328.23,329.57,327.25,327.76,368.91
2026-02-09 21:00:00,1770670800000,327.76,328.0,325.69,325.74,93.94
2026-02-09 21:15:00,1770671700000,325.74,327.85,325.68,327.85,177.8
2026-02-09 21:30:00,1770672600000,327.85,328.37,325.4,327.35,389.11
2026-02-09 21:45:00,1770673500000,327.35,332.53,327.1,331.58,968.6
2026-02-09 22:00:00,1770674400000,331.58,335.05,330.79,334.61,1557.12
2026-02-09 22:15:00,1770675300000,334.61,334.61,332.14,333.38,489.25
2026-02-09 22:30:00,1770676200000,333.38,334.86,330.44,334.14,1076.38
2026-02-09 22:45:00,1770677100000,334.14,335.14,333.2,333.85,533.02
2026-02-09 23:00:00,1770678000000,333.85,334.68,331.62,333.24,924.28
2026-02-09 23:15:00,1770678900000,333.24,333.97,332.28,332.8,276.69
2026-02-09 23:30:00,1770679800000,332.8,337.82,332.64,336.71,1172.18
2026-02-09 23:45:00,1770680700000,336.71,336.72,333.95,335.02,797.57
2026-02-10 00:00:00,1770681600000,335.02,338.77,333.4,338.42,1367.79
2026-02-10 00:15:00,1770682500000,338.42,339.51,337.68,338.95,944.52
2026-02-10 00:30:00,1770683400000,338.95,338.97,336.06,336.28,608.75
2026-02-10 00:45:00,1770684300000,336.28,338.11,335.95,337.28,399.25
2026-02-10 01:00:00,1770685200000,337.28,338.48,336.4,338.3,331.14
2026-02-10 01:15:00,1770686100000,338.3,341.09,338.3,341.04,634.06
2026-02-10 01:30:00,1770687000000,341.04,347.61,340.75,347.5,994.36
2026-02-10 01:45:00,1770687900000,347.5,349.75,345.18,346.76,2776.23
2026-02-10 02:00:00,1770688800000,346.76,349.43,345.25,345.39,769.26
2026-02-10 02:15:00,1770689700000,345.39,346.94,344.53,345.56,530.53
2026-02-10 02:30:00,1770690600000,345.56,345.59,342.61,343.08,523.74
2026-02-10 02:45:00,1770691500000,343.08,343.25,340.37,341.63,1491.63
2026-02-10 03:00:00,1770692400000,341.63,343.08,339.9,339.99,999.64
2026-02-10 03:15:00,1770693300000,339.99,340.54,337.17,337.74,1336.52
2026-02-10 03:30:00,1770694200000,337.74,340.11,335.9,339.0,1619.46
2026-02-10 03:45:00,1770695100000,339.0,342.46,337.93,341.58,801.96
2026-02-10 04:00:00,1770696000000,341.58,342.01,338.28,339.72,1119.21
2026-02-10 04:15:00,1770696900000,339.72,340.5,337.09,337.69,865.32
2026-02-10 04:30:00,1770697800000,337.69,338.35,336.67,337.3,256.6
2026-02-10 04:45:00,1770698700000,337.3,338.87,337.14,338.17,354.74
2026-02-10 05:00:00,1770699600000,338.17,340.57,337.02,337.45,640.24
2026-02-10 05:15:00,1770700500000,337.45,337.45,333.67,335.24,1043.95
2026-02-10 05:30:00,1770701400000,335.24,337.03,333.9,335.7,540.48
2026-02-10 05:45:00,1770702300000,335.7,336.15,333.85,334.17,730.59
2026-02-10 06:00:00,1770703200000,334.17,334.18,331.64,332.58,886.65
2026-02-10 06:15:00,1770704100000,332.58,332.89,330.4,330.77,810.47
2026-02-10 06:30:00,1770705000000,330.77,331.73,329.47,330.36,604.61
2026-02-10 06:45:00,1770705900000,330.36,330.82,327.01,328.26,1456.67
2026-02-10 07:00:00,1770706800000,328.26,331.66,327.46,330.15,1182.13
2026-02-10 07:15:00,1770707700000,330.15,331.45,327.81,331.43,956.14
2026-02-10 07:30:00,1770708600000,331.43,333.07,330.78,332.54,572.19
2026-02-10 07:45:00,1770709500000,332.54,334.0,331.51,333.2,907.04
2026-02-10 08:00:00,1770710400000,333.2,334.73,332.63,332.79,647.02
2026-02-10 08:15:00,1770711300000,332.79,332.79,329.8,330.69,689.49
2026-02-10 08:30:00,1770712200000,330.69,333.6,330.06,332.81,974.3
2026-02-10 08:45:00,1770713100000,332.81,332.81,329.74,331.13,386.54
2026-02-10 09:00:00,1770714000000,331.13,331.69,330.02,330.7,341.19
2026-02-10 09:15:00,1770714900000,330.7,333.02,330.51,332.3,518.29
2026-02-10 09:30:00,1770715800000,332.3,334.1,331.93,333.66,461.21
2026-02-10 09:45:00,1770716700000,333.66,334.54,330.76,332.58,389.56
2026-02-10 10:00:00,1770717600000,332.58,334.27,331.78,333.49,395.28
2026-02-10 10:15:00,1770718500000,333.49,334.6,332.33,334.0,617.54
2026-02-10 10:30:00,1770719400000,334.0,336.04,332.63,334.57,726.67
2026-02-10 10:45:00,1770720300000,334.57,336.21,334.39,334.62,255.46
2026-02-10 11:00:00,1770721200000,334.62,334.62,332.65,333.79,434.8
2026-02-10 11:15:00,1770722100000,333.79,337.79,333.49,337.68,508.02
2026-02-10 11:30:00,1770723000000,337.68,338.48,334.0,336.0,901.89
2026-02-10 11:45:00,1770723900000,336.0,336.25,330.15,330.46,1008.43
2026-02-10 12:00:00,1770724800000,330.46,334.74,330.46,331.38,688.7
2026-02-10 12:15:00,1770725700000,331.38,332.98,330.25,330.65,287.57
2026-02-10 12:30:00,1770726600000,330.65,332.19,329.5,329.96,476.93
2026-02-10 12:45:00,1770727500000,329.96,330.7,328.31,328.59,588.54
2026-02-10 13:00:00,1770728400000,328.59,329.1,325.46,326.49,1284.5
2026-02-10 13:15:00,1770729300000,326.49,327.89,325.14,327.89,640.67
2026-02-10 13:30:00,1770730200000,327.89,330.02,327.11,327.78,1499.09
2026-02-10 13:45:00,1770731100000,327.78,328.27,326.3,328.27,591.94
2026-02-10 14:00:00,1770732000000,328.27,330.29,326.97,330.23,524.9
2026-02-10 14:15:00,1770732900000,330.23,332.34,330.05,330.99,773.89
2026-02-10 14:30:00,1770733800000,330.99,332.05,324.96,325.74,1145.11
2026-02-10 14:45:00,1770734700000,325.74,328.2,325.14,326.65,646.49
2026-02-10 15:00:00,1770735600000,326.65,329.95,325.67,327.63,1111.14
2026-02-10 15:15:00,1770736500000,327.63,330.31,326.79,329.16,299.67
2026-02-10 15:30:00,1770737400000,329.16,330.81,327.74,329.15,513.67
2026-02-10 15:45:00,1770738300000,329.15,329.27,326.59,328.17,691.94
2026-02-10 16:00:00,1770739200000,328.17,331.65,325.4,331.31,1148.65
2026-02-10 16:15:00,1770740100000,331.31,332.08,328.45,328.53,564.38
2026-02-10 16:30:00,1770741000000,328.53,330.58,327.46,327.53,944.51
2026-02-10 16:45:00,1770741900000,327.53,328.79,325.86,328.35,827.33
2026-02-10 17:00:00,1770742800000,328.35,328.64,323.75,324.81,1185.25
2026-02-10 17:15:00,1770743700000,324.81,327.44,324.7,325.57,602.31
2026-02-10 17:30:00,1770744600000,325.57,328.4,325.57,326.22,697.92
2026-02-10 17:45:00,1770745500000,326.22,326.38,324.9,325.67,578.82
2026-02-10 18:00:00,1770746400000,325.67,326.29,322.91,322.95,447.96
2026-02-10 18:15:00,1770747300000,322.95,324.05,319.83,319.86,1271.05
2026-02-10 18:30:00,1770748200000,319.86,323.14,319.85,322.64,512.24
2026-02-10 18:45:00,1770749100000,322.64,323.3,319.03,322.55,1734.69
2026-02-10 19:00:00,1770750000000,322.55,323.49,321.11,322.59,336.07
2026-02-10 19:15:00,1770750900000,322.59,323.65,322.11,323.6,162.26
2026-02-10 19:30:00,1770751800000,323.6,326.0,323.5,325.51,533.64
2026-02-10 19:45:00,1770752700000,325.51,325.8,322.11,323.34,314.62
2026-02-10 20:00:00,1770753600000,323.34,326.01,323.33,325.55,562.14
2026-02-10 20:15:00,1770754500000,325.55,328.1,325.34,326.82,464.14
2026-02-10 20:30:00,1770755400000,326.82,328.25,325.72,328.21,376.75
2026-02-10 20:45:00,1770756300000,328.21,330.34,327.66,330.1,278.63
2026-02-10 21:00:00,1770757200000,330.1,334.32,330.06,333.74,874.98
2026-02-10 21:15:00,1770758100000,333.74,335.5,333.03,334.59,1400.11
2026-02-10 21:30:00,1770759000000,334.59,335.81,332.8,333.34,580.52
2026-02-10 21:45:00,1770759900000,333.34,336.74,333.34,334.54,590.47
2026-02-10 22:00:00,1770760800000,334.54,337.42,334.3,335.29,856.76
2026-02-10 22:15:00,1770761700000,335.29,337.92,334.81,337.68,291.43
2026-02-10 22:30:00,1770762600000,337.68,339.36,335.86,339.36,380.62
2026-02-10 22:45:00,1770763500000,339.36,343.32,339.26,341.04,1726.48
2026-02-10 23:00:00,1770764400000,341.04,344.13,340.03,343.8,504.62
2026-02-10 23:15:00,1770765300000,343.8,344.6,342.16,343.56,396.62
2026-02-10 23:30:00,1770766200000,343.56,344.64,343.37,344.22,378.05
2026-02-10 23:45:00,1770767100000,344.22,346.32,343.31,346.29,601.45
2026-02-11 00:00:00,1770768000000,346.29,348.34,344.63,345.08,660.12
2026-02-11 00:15:00,1770768900000,345.08,348.23,344.84,347.69,732.83
2026-02-11 00:30:00,1770769800000,347.69,348.92,346.87,348.13,398.42
2026-02-11 00:45:00,1770770700000,348.13,350.04,347.8,349.24,460.5
2026-02-11 01:00:00,1770771600000,349.24,360.83,348.55,360.44,6713.53
2026-02-11 01:15:00,1770772500000,360.44,363.0,353.35,355.66,5014.0
2026-02-11 01:30:00,1770773400000,355.66,359.21,353.84,354.06,1344.46
2026-02-11 01:45:00,1770774300000,354.06,354.49,343.8,345.47,6206.53
2026-02-11 02:00:00,1770775200000,345.47,349.64,345.47,347.23,1250.01
2026-02-11 02:15:00,1770776100000,347.23,347.9,345.51,347.2,490.55
2026-02-11 02:30:00,1770777000000,347.2,347.36,340.89,342.7,1767.11
2026-02-11 02:45:00,1770777900000,342.7,344.35,342.7,343.51,613.29
2026-02-11 03:00:00,1770778800000,343.51,344.87,342.38,343.5,470.7
2026-02-11 03:15:00,1770779700000,343.5,344.58,342.56,344.25,700.64
2026-02-11 03:30:00,1770780600000,344.25,347.34,344.03,346.1,392.34
2026-02-11 03:45:00,1770781500000,346.1,346.76,343.56,343.77,475.67
2026-02-11 04:00:00,1770782400000,343.77,344.69,342.8,342.92,409.13
2026-02-11 04:15:00,1770783300000,342.92,343.63,341.21,341.45,922.39
2026-02-11 04:30:00,1770784200000,341.45,341.72,339.47,339.53,589.35
2026-02-11 04:45:00,1770785100000,339.53,343.07,339.52,341.12,1298.05
2026-02-11 05:00:00,1770786000000,341.12,343.36,341.05,342.21,512.62
2026-02-11 05:15:00,1770786900000,342.21,344.4,341.57,342.59,400.79
2026-02-11 05:30:00,1770787800000,342.59,344.65,342.23,343.79,659.27
2026-02-11 05:45:00,1770788700000,343.79,345.44,343.79,344.41,382.39
2026-02-11 06:00:00,1770789600000,344.41,346.1,342.38,343.04,671.73
2026-02-11 06:15:00,1770790500000,343.04,344.54,340.68,344.21,623.45
2026-02-11 06:30:00,1770791400000,344.21,344.71,342.73,343.05,429.66
2026-02-11 06:45:00,1770792300000,343.05,343.24,338.75,340.85,1145.88
2026-02-11 07:00:00,1770793200000,340.85,341.81,338.28,338.83,300.37
2026-02-11 07:15:00,1770794100000,338.83,342.66,338.23,340.72,688.58
2026-02-11 07:30:00,1770795000000,340.72,343.85,339.87,342.45,548.56
2026-02-11 07:45:00,1770795900000,342.45,343.25,340.58,341.1,518.64
2026-02-11 08:00:00,1770796800000,341.1,344.4,340.54,343.98,453.7
2026-02-11 08:15:00,1770797700000,343.98,344.04,341.53,341.96,573.11
2026-02-11 08:30:00,1770798600000,341.96,348.41,341.59,347.54,1287.88
2026-02-11 08:45:00,1770799500000,347.54,349.02,346.01,347.6,1290.63
2026-02-11 09:00:00,1770800400000,347.6,347.66,345.01,346.35,814.04
2026-02-11 09:15:00,1770801300000,346.35,346.7,344.6,346.69,456.04
2026-02-11 09:30:00,1770802200000,346.69,348.47,344.25,345.39,1010.66
2026-02-11 09:45:00,1770803100000,345.39,347.19,343.84,346.63,335.7
2026-02-11 10:00:00,1770804000000,346.63,346.95,344.63,344.84,317.47
2026-02-11 10:15:00,1770804900000,344.84,348.14,344.77,347.38,1096.55
2026-02-11 10:30:00,1770805800000,347.38,348.21,344.56,344.96,647.53
2026-02-11 10:45:00,1770806700000,344.96,345.31,342.83,343.82,430.67
2026-02-11 11:00:00,1770807600000,343.82,344.97,341.29,342.54,454.61
2026-02-11 11:15:00,1770808500000,342.54,344.27,341.61,342.68,368.41
2026-02-11 11:30:00,1770809400000,342.68,343.17,338.13,338.19,768.89
2026-02-11 11:45:00,1770810300000,338.19,338.73,336.25,337.16,813.4
2026-02-11 12:00:00,1770811200000,337.16,342.59,337.16,342.45,560.8
2026-02-11 12:15:00,1770812100000,342.45,342.5,339.28,340.69,389.73
2026-02-11 12:30:00,1770813000000,340.69,340.86,339.41,340.66,204.78
2026-02-11 12:45:00,1770813900000,340.66,342.49,340.32,342.3,178.08
2026-02-11 13:00:00,1770814800000,342.3,343.46,340.98,341.02,423.03
2026-02-11 13:15:00,1770815700000,341.02,343.5,340.67,343.5,338.75
2026-02-11 13:30:00,1770816600000,343.5,345.99,341.02,341.4,1028.29
2026-02-11 13:45:00,1770817500000,341.4,342.53,339.37,341.47,574.04
2026-02-11 14:00:00,1770818400000,341.47,344.5,341.2,342.63,896.83
2026-02-11 14:15:00,1770819300000,342.63,343.68,336.14,336.8,2764.91
2026-02-11 14:30:00,1770820200000,336.8,339.77,335.97,339.21,948.75
2026-02-11 14:45:00,1770821100000,339.21,340.02,335.86,337.67,586.51
2026-02-11 15:00:00,1770822000000,337.67,339.6,332.9,335.08,1005.52
2026-02-11 15:15:00,1770822900000,335.08,335.41,332.52,333.9,851.57
2026-02-11 15:30:00,1770823800000,333.9,335.74,332.82,335.21,487.6
2026-02-11 15:45:00,1770824700000,335.21,336.79,332.96,335.55,410.65
2026-02-11 16:00:00,1770825600000,335.55,341.91,335.2,340.3,891.21
2026-02-11 16:15:00,1770826500000,340.3,341.27,338.47,339.96,899.74
2026-02-11 16:30:00,1770827400000,339.96,341.32,337.8,337.8,797.32
2026-02-11 16:45:00,1770828300000,337.8,341.5,337.64,339.81,619.24
2026-02-11 17:00:00,1770829200000,339.81,341.02,337.35,339.61,1163.98
2026-02-11 17:15:00,1770830100000,339.61,343.75,339.61,343.65,1125.82
2026-02-11 17:30:00,1770831000000,343.65,348.25,343.18,345.86,2080.1
2026-02-11 17:45:00,1770831900000,345.86,349.38,345.0,346.33,856.43
2026-02-11 18:00:00,1770832800000,346.33,346.65,340.11,342.0,1457.85
2026-02-11 18:15:00,1770833700000,342.0,345.26,342.0,344.85,984.7
2026-02-11 18:30:00,1770834600000,344.85,347.55,343.58,345.6,610.43
2026-02-11 18:45:00,1770835500000,345.6,348.14,345.48,347.03,343.44
2026-02-11 19:00:00,1770836400000,347.03,349.19,346.26,348.47,1195.26
2026-02-11 19:15:00,1770837300000,348.47,350.39,347.78,348.57,972.93
2026-02-11 19:30:00,1770838200000,348.57,352.6,348.39,352.17,1081.59
2026-02-11 19:45:00,1770839100000,352.17,352.27,348.52,349.56,329.96
2026-02-11 20:00:00,1770840000000,349.56,349.57,347.34,348.37,316.73
2026-02-11 20:15:00,1770840900000,348.37,348.59,343.49,343.97,843.71
2026-02-11 20:30:00,1770841800000,343.97,346.0,343.58,343.73,349.86
2026-02-11 20:45:00,1770842700000,343.73,345.11,343.61,344.2,261.65
2026-02-11 21:00:00,1770843600000,344.2,345.59,344.0,345.16,147.44
2026-02-11 21:15:00,1770844500000,345.16,347.81,344.36,347.7,541.33
2026-02-11 21:30:00,1770845400000,347.7,348.55,346.45,347.89,342.32
2026-02-11 21:45:00,1770846300000,347.89,348.06,345.08,345.49,564.34
2026-02-11 22:00:00,1770847200000,345.49,346.89,345.44,346.38,186.75
2026-02-11 22:15:00,1770848100000,346.38,348.43,345.91,347.71,114.96
2026-02-11 22:30:00,1770849000000,347.71,349.36,347.04,349.1,192.56
2026-02-11 22:45:00,1770849900000,349.1,350.48,348.38,350.35,865.57
2026-02-11 23:00:00,1770850800000,350.35,350.83,345.34,345.36,1204.82
2026-02-11 23:15:00,1770851700000,345.36,346.54,343.23,344.64,779.18
2026-02-11 23:30:00,1770852600000,344.64,345.61,342.75,345.4,482.61
2026-02-11 23:45:00,1770853500000,345.4,346.86,345.4,346.21,189.97
2026-02-12 00:00:00,1770854400000,346.21,348.06,345.67,347.91,303.96
2026-02-12 00:15:00,1770855300000,347.91,348.04,345.02,346.45,306.04
2026-02-12 00:30:00,1770856200000,346.45,349.95,346.39,349.49,230.92
2026-02-12 00:45:00,1770857100000,349.49,350.62,348.87,349.57,304.26
2026-02-12 01:00:00,1770858000000,349.57,352.04,349.57,351.57,217.53
2026-02-12 01:15:00,1770858900000,351.57,351.9,348.66,349.6,304.57
2026-02-12 01:30:00,1770859800000,349.6,351.18,349.2,350.08,171.67
2026-02-12 01:45:00,1770860700000,350.08,350.35,347.85,349.09,511.3
2026-02-12 02:00:00,1770861600000,349.09,349.45,347.64,349.0,189.77
2026-02-12 02:15:00,1770862500000,349.0,349.59,348.11,349.08,124.37
2026-02-12 02:30:00,1770863400000,349.08,350.73,348.56,349.69,158.92
2026-02-12 02:45:00,1770864300000,349.69,349.69,346.4,346.74,513.52
2026-02-12 03:00:00,1770865200000,346.74,348.58,346.42,348.11,161.08
2026-02-12 03:15:00,1770866100000,348.11,348.99,347.37,348.98,76.93
2026-02-12 03:30:00,1770867000000,348.98,354.46,348.6,352.1,551.66
2026-02-12 03:45:00,1770867900000,352.1,352.39,350.25,350.6,270.1
2026-02-12 04:00:00,1770868800000,350.6,353.68,348.29,352.47,550.37
2026-02-12 04:15:00,1770869700000,352.47,354.03,350.24,351.7,1009.11
2026-02-12 04:30:00,1770870600000,351.7,352.47,351.33,352.08,109.28
2026-02-12 04:45:00,1770871500000,352.08,353.05,348.25,348.54,650.67
2026-02-12 05:00:00,1770872400000,348.54,350.01,347.33,347.5,380.47
2026-02-12 05:15:00,1770873300000,347.5,348.55,343.81,344.26,1112.6
2026-02-12 05:30:00,1770874200000,344.26,346.69,343.03,343.11,579.08
2026-02-12 05:45:00,1770875100000,343.11,343.98,341.14,341.37,1238.17
2026-02-12 06:00:00,1770876000000,341.37,343.6,341.34,343.25,473.17
2026-02-12 06:15:00,1770876900000,343.25,344.69,341.88,344.18,484.14
2026-02-12 06:30:00,1770877800000,344.18,345.19,343.35,343.93,237.88
2026-02-12 06:45:00,1770878700000,343.93,344.33,341.94,342.35,245.06
2026-02-12 07:00:00,1770879600000,342.35,342.56,339.42,340.64,595.67
2026-02-12 07:15:00,1770880500000,340.64,342.16,340.49,341.35,340.46
2026-02-12 07:30:00,1770881400000,341.35,343.02,340.8,341.06,607.21
2026-02-12 07:45:00,1770882300000,341.06,343.0,340.2,342.42,310.7
2026-02-12 08:00:00,1770883200000,342.42,342.56,340.25,340.36,292.88
2026-02-12 08:15:00,1770884100000,340.36,340.53,337.05,337.55,1172.65
2026-02-12 08:30:00,1770885000000,337.55,339.8,337.07,339.47,531.67
2026-02-12 08:45:00,1770885900000,339.47,340.11,338.02,338.72,169.31
2026-02-12 09:00:00,1770886800000,338.72,339.55,336.78,338.09,236.21
2026-02-12 09:15:00,1770887700000,338.09,340.78,337.01,340.78,578.37
2026-02-12 09:30:00,1770888600000,340.78,342.51,340.27,341.74,666.62
2026-02-12 09:45:00,1770889500000,341.74,341.74,339.5,340.26,665.03
2026-02-12 10:00:00,1770890400000,340.26,341.29,339.81,340.41,249.52
2026-02-12 10:15:00,1770891300000,340.41,340.53,339.54,340.25,72.06
2026-02-12 10:30:00,1770892200000,340.25,341.9,340.18,341.05,107.83
2026-02-12 10:45:00,1770893100000,341.05,341.79,340.51,341.73,309.69
2026-02-12 11:00:00,1770894000000,341.73,341.9,338.65,338.85,1188.9
2026-02-12 11:15:00,1770894900000,338.85,341.86,338.31,341.86,419.69
2026-02-12 11:30:00,1770895800000,341.86,342.7,340.11,340.45,696.27
2026-02-12 11:45:00,1770896700000,340.45,340.69,339.44,339.9,409.95
2026-02-12 12:00:00,1770897600000,339.9,340.17,336.2,338.14,791.57
2026-02-12 12:15:00,1770898500000,338.14,339.75,336.02,336.61,416.25
2026-02-12 12:30:00,1770899400000,336.61,337.27,334.15,337.12,669.31
2026-02-12 12:45:00,1770900300000,337.12,340.05,336.75,339.36,432.47
2026-02-12 13:00:00,1770901200000,339.36,342.25,338.25,341.49,876.51
2026-02-12 13:15:00,1770902100000,341.49,343.52,340.2,341.0,847.85
2026-02-12 13:30:00,1770903000000,341.0,342.38,339.74,341.29,396.28
2026-02-12 13:45:00,1770903900000,341.29,341.75,339.43,339.74,579.06
2026-02-12 14:00:00,1770904800000,339.74,340.0,338.49,339.33,500.9
2026-02-12 14:15:00,1770905700000,339.33,339.63,337.74,338.95,523.63
2026-02-12 14:30:00,1770906600000,338.95,340.95,337.94,338.31,747.83
2026-02-12 14:45:00,1770907500000,338.31,340.98,338.08,338.35,460.2
2026-02-12 15:00:00,1770908400000,338.35,338.92,335.35,338.08,959.37
2026-02-12 15:15:00,1770909300000,338.08,341.03,337.86,338.33,370.66
2026-02-12 15:30:00,1770910200000,338.33,338.79,335.5,337.49,713.56
2026-02-12 15:45:00,1770911100000,337.49,337.99,335.78,335.81,363.93
2026-02-12 16:00:00,1770912000000,335.81,336.59,329.29,329.7,1800.65
2026-02-12 16:15:00,1770912900000,329.7,330.07,326.3,327.23,1172.54
2026-02-12 16:30:00,1770913800000,327.23,331.09,325.67,330.02,1237.35
2026-02-12 16:45:00,1770914700000,330.02,330.77,325.41,328.64,824.88
2026-02-12 17:00:00,1770915600000,328.64,330.03,326.16,328.49,623.33
2026-02-12 17:15:00,1770916500000,328.49,332.54,328.49,332.1,591.89
2026-02-12 17:30:00,1770917400000,332.1,333.94,331.41,332.88,458.01
2026-02-12 17:45:00,1770918300000,332.88,334.39,330.46,330.72,859.07
2026-02-12 18:00:00,1770919200000,330.72,331.8,325.77,326.69,1198.06
2026-02-12 18:15:00,1770920100000,326.69,328.7,325.21,327.99,743.44
2026-02-12 18:30:00,1770921000000,327.99,328.48,326.31,328.33,480.34
2026-02-12 18:45:00,1770921900000,328.33,330.75,328.05,330.24,363.25
2026-02-12 19:00:00,1770922800000,330.24,330.74,328.76,329.82,248.15
2026-02-12 19:15:00,1770923700000,329.82,332.41,328.3,330.13,1657.04
2026-02-12 19:30:00,1770924600000,330.13,332.79,329.7,331.95,287.69
2026-02-12 19:45:00,1770925500000,331.95,332.55,329.77,330.49,358.26
2026-02-12 20:00:00,1770926400000,330.49,331.04,328.08,329.05,753.61
2026-02-12 20:15:00,1770927300000,329.05,329.38,326.94,328.35,336.68
2026-02-12 20:30:00,1770928200000,328.35,328.35,325.08,325.55,420.29
2026-02-12 20:45:00,1770929100000,325.55,326.97,324.29,326.51,553.99
2026-02-12 21:00:00,1770930000000,326.51,328.29,326.24,328.14,340.15
2026-02-12 21:15:00,1770930900000,328.14,328.54,327.2,328.5,157.25
2026-02-12 21:30:00,1770931800000,328.5,329.87,328.3,329.77,204.93
2026-02-12 21:45:00,1770932700000,329.77,329.79,328.93,329.72,168.76
2026-02-12 22:00:00,1770933600000,329.72,330.48,328.84,329.63,328.47
2026-02-12 22:15:00,1770934500000,329.63,330.3,327.93,329.21,372.5
2026-02-12 22:30:00,1770935400000,329.21,332.81,329.16,332.63,459.73
2026-02-12 22:45:00,1770936300000,332.63,332.84,331.84,332.56,173.88
2026-02-12 23:00:00,1770937200000,332.56,334.69,332.41,334.05,248.09
2026-02-12 23:15:00,1770938100000,334.05,335.8,333.46,333.75,410.77
2026-02-12 23:30:00,1770939000000,333.75,333.75,332.24,333.25,519.27
2026-02-12 23:45:00,1770939900000,333.25,336.81,333.11,336.78,293.88
2026-02-13 00:00:00,1770940800000,336.78,338.15,335.56,336.29,573.62
2026-02-13 00:15:00,1770941700000,336.29,337.19,334.7,335.1,685.07
2026-02-13 00:30:00,1770942600000,335.1,335.34,333.14,333.9,328.17
2026-02-13 00:45:00,1770943500000,333.9,336.35,333.4,334.88,211.08
2026-02-13 01:00:00,1770944400000,334.88,335.96,334.21,334.93,176.51
2026-02-13 01:15:00,1770945300000,334.93,335.24,333.67,334.75,117.62
2026-02-13 01:30:00,1770946200000,334.75,336.78,334.02,335.85,227.28
2026-02-13 01:45:00,1770947100000,335.85,336.57,332.22,333.28,464.64
2026-02-13 02:00:00,1770948000000,333.28,335.14,332.22,334.5,158.98
2026-02-13 02:15:00,1770948900000,334.5,335.29,333.81,335.06,185.42
2026-02-13 02:30:00,1770949800000,335.06,335.19,333.8,334.97,220.04
2026-02-13 02:45:00,1770950700000,334.97,335.73,332.68,333.54,249.6
2026-02-13 03:00:00,1770951600000,333.54,333.91,330.56,331.19,414.63
2026-02-13 03:15:00,1770952500000,331.19,332.62,330.62,332.62,136.34
2026-02-13 03:30:00,1770953400000,332.62,335.09,332.29,334.65,96.93
2026-02-13 03:45:00,1770954300000,334.65,335.09,332.54,332.89,91.61
2026-02-13 04:00:00,1770955200000,332.89,332.89,331.51,332.59,205.0
2026-02-13 04:15:00,1770956100000,332.59,334.3,332.19,332.21,294.28
2026-02-13 04:30:00,1770957000000,332.21,335.54,331.16,334.57,408.96
2026-02-13 04:45:00,1770957900000,334.57,335.94,333.98,334.26,254.8
2026-02-13 05:00:00,1770958800000,334.26,335.1,331.98,331.98,147.34
2026-02-13 05:15:00,1770959700000,331.98,333.99,331.8,333.46,260.28
2026-02-13 05:30:00,1770960600000,333.46,335.26,332.97,334.51,123.54
2026-02-13 05:45:00,1770961500000,334.51,335.92,332.7,333.12,171.57
2026-02-13 06:00:00,1770962400000,333.12,334.19,331.82,332.58,227.08
2026-02-13 06:15:00,1770963300000,332.58,334.47,332.42,334.2,505.11
2026-02-13 06:30:00,1770964200000,334.2,336.77,334.06,335.58,505.65
2026-02-13 06:45:00,1770965100000,335.58,341.77,335.27,341.48,973.83
2026-02-13 07:00:00,1770966000000,341.48,341.88,339.49,341.01,451.32
2026-02-13 07:15:00,1770966900000,341.01,342.18,340.33,340.7,299.93
2026-02-13 07:30:00,1770967800000,340.7,341.18,339.7,339.75,279.79
2026-02-13 07:45:00,1770968700000,339.75,341.01,339.45,339.45,222.61
2026-02-13 08:00:00,1770969600000,339.45,340.67,337.8,337.92,229.17
2026-02-13 08:15:00,1770970500000,337.92,342.2,337.85,340.81,389.43
2026-02-13 08:30:00,1770971400000,340.81,341.44,339.84,339.84,162.16
2026-02-13 08:45:00,1770972300000,339.84,342.51,339.33,340.71,306.76
2026-02-13 09:00:00,1770973200000,340.71,340.76,337.2,337.75,323.6
2026-02-13 09:15:00,1770974100000,337.75,339.4,337.55,338.39,283.26
2026-02-13 09:30:00,1770975000000,338.39,338.77,337.4,337.69,404.29
2026-02-13 09:45:00,1770975900000,337.69,338.37,337.25,338.13,111.36
2026-02-13 10:00:00,1770976800000,338.13,339.6,338.13,339.12,225.28
2026-02-13 10:15:00,1770977700000,339.12,339.6,337.41,338.95,154.78
2026-02-13 10:30:00,1770978600000,338.95,341.39,336.19,337.89,330.92
2026-02-13 10:45:00,1770979500000,337.89,341.07,337.76,340.86,383.1
2026-02-13 11:00:00,1770980400000,340.86,341.5,339.56,340.02,410.03
2026-02-13 11:15:00,1770981300000,340.02,342.36,339.41,342.24,126.82
2026-02-13 11:30:00,1770982200000,342.24,342.36,340.82,341.25,217.07
2026-02-13 11:45:00,1770983100000,341.25,342.07,340.33,340.51,271.36
2026-02-13 12:00:00,1770984000000,340.51,342.29,339.96,340.95,305.03
2026-02-13 12:15:00,1770984900000,340.95,343.95,340.84,342.64,374.52
2026-02-13 12:30:00,1770985800000,342.64,344.44,342.25,342.61,416.62
2026-02-13 12:45:00,1770986700000,342.61,343.88,341.1,341.49,559.56
2026-02-13 13:00:00,1770987600000,341.49,342.79,341.27,341.56,158.18
2026-02-13 13:15:00,1770988500000,341.56,342.83,340.16,342.06,558.25
2026-02-13 13:30:00,1770989400000,342.06,343.35,340.9,341.38,257.84
2026-02-13 13:45:00,1770990300000,341.38,341.69,339.85,339.89,348.52
2026-02-13 14:00:00,1770991200000,339.89,340.27,337.89,339.72,329.71
2026-02-13 14:15:00,1770992100000,339.72,339.74,336.46,336.7,672.11
2026-02-13 14:30:00,1770993000000,336.7,340.03,335.73,338.32,841.93
2026-02-13 14:45:00,1770993900000,338.32,340.37,337.59,339.82,466.92
2026-02-13 15:00:00,1770994800000,339.82,343.38,338.71,342.65,411.29
2026-02-13 15:15:00,1770995700000,342.65,345.37,340.96,345.1,567.77
2026-02-13 15:30:00,1770996600000,345.1,347.84,344.31,346.45,983.3
2026-02-13 15:45:00,1770997500000,346.45,347.2,344.93,346.8,477.23
2026-02-13 16:00:00,1770998400000,346.8,349.44,345.86,348.29,908.14
2026-02-13 16:15:00,1770999300000,348.29,350.88,347.31,350.3,720.66
2026-02-13 16:30:00,1771000200000,350.3,352.99,350.08,351.15,1077.97
2026-02-13 16:45:00,1771001100000,351.15,352.43,350.36,350.58,448.6
2026-02-13 17:00:00,1771002000000,350.58,352.11,349.34,352.11,390.16
2026-02-13 17:15:00,1771002900000,352.11,353.4,350.6,353.29,901.98
2026-02-13 17:30:00,1771003800000,353.29,354.0,350.98,353.24,480.66
2026-02-13 17:45:00,1771004700000,353.24,353.24,350.98,352.3,392.4
2026-02-13 18:00:00,1771005600000,352.3,354.87,351.38,354.45,298.1
2026-02-13 18:15:00,1771006500000,354.45,365.26,354.28,361.17,2758.12
2026-02-13 18:30:00,1771007400000,361.17,364.87,359.46,360.73,951.01
2026-02-13 18:45:00,1771008300000,360.73,362.48,356.69,357.84,1088.77
2026-02-13 19:00:00,1771009200000,357.84,357.9,354.55,356.5,1289.17
2026-02-13 19:15:00,1771010100000,356.5,357.63,354.83,355.82,648.05
2026-02-13 19:30:00,1771011000000,355.82,357.42,354.48,357.15,388.29
2026-02-13 19:45:00,1771011900000,357.15,357.36,352.55,355.07,739.48
2026-02-13 20:00:00,1771012800000,355.07,355.71,353.2,353.72,583.39
2026-02-13 20:15:00,1771013700000,353.72,355.16,353.08,353.08,183.64
2026-02-13 20:30:00,1771014600000,353.08,353.75,350.66,352.3,414.54
2026-02-13 20:45:00,1771015500000,352.3,354.89,351.62,353.8,349.96
2026-02-13 21:00:00,1771016400000,353.8,354.39,351.99,353.77,254.61
2026-02-13 21:15:00,1771017300000,353.77,354.36,352.88,353.0,355.91
2026-02-13 21:30:00,1771018200000,353.0,353.72,352.88,353.03,535.96
2026-02-13 21:45:00,1771019100000,353.03,354.42,351.47,354.2,1021.73
2026-02-13 22:00:00,1771020000000,354.2,354.8,353.07,353.07,480.94
2026-02-13 22:15:00,1771020900000,353.07,353.74,352.74,353.74,118.82
2026-02-13 22:30:00,1771021800000,353.74,354.0,350.96,351.77,369.58
2026-02-13 22:45:00,1771022700000,351.77,352.2,349.52,349.95,301.7
2026-02-13 23:00:00,1771023600000,349.95,351.0,348.98,349.84,193.35
2026-02-13 23:15:00,1771024500000,349.84,350.84,349.7,349.84,259.55
2026-02-13 23:30:00,1771025400000,349.84,351.67,349.46,349.74,301.99
2026-02-13 23:45:00,1771026300000,349.74,352.85,349.71,352.03,562.06
2026-02-14 00:00:00,1771027200000,352.03,353.32,351.33,351.99,250.05
2026-02-14 00:15:00,1771028100000,351.99,352.94,351.01,352.6,157.14
2026-02-14 00:30:00,1771029000000,352.6,353.89,351.62,353.77,507.01
2026-02-14 00:45:00,1771029900000,353.77,356.22,353.47,354.89,330.13
2026-02-14 01:00:00,1771030800000,354.89,358.41,354.41,357.65,526.79
2026-02-14 01:15:00,1771031700000,357.65,357.69,355.48,356.54,297.08
2026-02-14 01:30:00,1771032600000,356.54,358.01,355.86,357.55,195.25
2026-02-14 01:45:00,1771033500000,357.55,358.98,357.11,357.57,103.39
2026-02-14 02:00:00,1771034400000,357.57,359.6,357.23,359.13,135.26
2026-02-14 02:15:00,1771035300000,359.13,359.94,356.86,359.83,195.94
2026-02-14 02:30:00,1771036200000,359.83,361.0,358.48,360.53,794.71
2026-02-14 02:45:00,1771037100000,360.53,362.6,360.03,361.21,1386.39
2026-02-14 03:00:00,1771038000000,361.21,361.21,358.69,358.86,352.33
2026-02-14 03:15:00,1771038900000,358.86,362.24,358.24,359.96,1211.04
2026-02-14 03:30:00,1771039800000,359.96,360.69,357.45,358.42,427.19
2026-02-14 03:45:00,1771040700000,358.42,358.52,356.41,357.51,236.24
2026-02-14 04:00:00,1771041600000,357.51,358.03,356.54,356.94,115.92
2026-02-14 04:15:00,1771042500000,356.94,356.94,353.77,354.5,841.26
2026-02-14 04:30:00,1771043400000,354.5,355.35,351.67,352.99,446.78
2026-02-14 04:45:00,1771044300000,352.99,355.49,352.83,355.21,239.15
2026-02-14 05:00:00,1771045200000,355.21,356.74,354.92,356.59,176.27
2026-02-14 05:15:00,1771046100000,356.59,356.94,355.31,355.9,88.68
2026-02-14 05:30:00,1771047000000,355.9,356.69,355.1,355.16,164.07
2026-02-14 05:45:00,1771047900000,355.16,355.55,353.91,354.16,195.89
2026-02-14 06:00:00,1771048800000,354.16,355.43,353.5,353.5,454.16
2026-02-14 06:15:00,1771049700000,353.5,354.94,353.5,354.4,159.86
2026-02-14 06:30:00,1771050600000,354.4,357.46,354.36,356.66,350.25
2026-02-14 06:45:00,1771051500000,356.66,356.84,355.31,355.54,211.44
2026-02-14 07:00:00,1771052400000,355.54,356.75,355.21,355.62,138.56
2026-02-14 07:15:00,1771053300000,355.62,355.88,352.83,353.65,863.16
2026-02-14 07:30:00,1771054200000,353.65,354.4,352.33,353.11,275.42
2026-02-14 07:45:00,1771055100000,353.11,353.59,351.65,351.87,275.95
2026-02-14 08:00:00,1771056000000,351.87,354.49,351.0,351.97,1522.02
2026-02-14 08:15:00,1771056900000,351.97,354.55,351.62,354.23,518.99
2026-02-14 08:30:00,1771057800000,354.23,356.02,353.91,355.42,214.1
2026-02-14 08:45:00,1771058700000,355.42,356.88,354.51,355.93,240.69
2026-02-14 09:00:00,1771059600000,355.93,356.79,354.1,355.83,352.52
2026-02-14 09:15:00,1771060500000,355.83,357.46,354.97,355.66,535.06
2026-02-14 09:30:00,1771061400000,355.66,357.0,355.19,356.09,343.38
2026-02-14 09:45:00,1771062300000,356.09,356.4,353.91,354.15,315.18
2026-02-14 10:00:00,1771063200000,354.15,356.28,353.77,356.28,154.58
2026-02-14 10:15:00,1771064100000,356.28,356.29,354.51,355.17,91.35
2026-02-14 10:30:00,1771065000000,355.17,355.36,353.21,353.68,151.35
2026-02-14 10:45:00,1771065900000,353.68,354.6,353.61,353.84,74.89
2026-02-14 11:00:00,1771066800000,353.84,353.94,352.43,353.54,230.41
2026-02-14 11:15:00,1771067700000,353.54,356.3,353.38,355.46,238.04
2026-02-14 11:30:00,1771068600000,355.46,355.71,354.16,354.2,168.31
2026-02-14 11:45:00,1771069500000,354.2,355.51,354.0,355.44,218.97
2026-02-14 12:00:00,1771070400000,355.44,357.43,354.86,357.43,482.3
2026-02-14 12:15:00,1771071300000,357.43,357.84,356.21,357.07,403.17
2026-02-14 12:30:00,1771072200000,357.07,358.39,355.21,356.75,820.37
2026-02-14 12:45:00,1771073100000,356.75,358.31,355.7,356.19,339.83
2026-02-14 13:00:00,1771074000000,356.19,357.62,355.74,356.75,180.03
2026-02-14 13:15:00,1771074900000,356.75,357.32,354.96,355.67,370.0
2026-02-14 13:30:00,1771075800000,355.67,356.68,354.86,355.27,252.06
2026-02-14 13:45:00,1771076700000,355.27,355.93,353.18,353.44,724.61
2026-02-14 14:00:00,1771077600000,353.44,353.8,351.26,352.72,369.4
2026-02-14 14:15:00,1771078500000,352.72,356.04,352.2,353.77,747.99
2026-02-14 14:30:00,1771079400000,353.77,356.04,353.71,356.0,187.72
2026-02-14 14:45:00,1771080300000,356.0,356.06,353.16,353.18,380.28
2026-02-14 15:00:00,1771081200000,353.18,356.1,353.0,353.37,402.99
2026-02-14 15:15:00,1771082100000,353.37,356.19,353.37,355.63,232.21
2026-02-14 15:30:00,1771083000000,355.63,356.04,354.66,355.84,198.49
2026-02-14 15:45:00,1771083900000,355.84,356.21,355.31,355.54,269.9
2026-02-14 16:00:00,1771084800000,355.54,355.89,354.1,354.41,154.95
2026-02-14 16:15:00,1771085700000,354.41,354.72,352.62,352.67,210.02
2026-02-14 16:30:00,1771086600000,352.67,355.89,352.52,355.6,142.71
2026-02-14 16:45:00,1771087500000,355.6,355.99,354.36,354.75,105.81
2026-02-14 17:00:00,1771088400000,354.75,355.43,353.21,354.02,151.38
2026-02-14 17:15:00,1771089300000,354.02,355.45,353.18,355.2,237.66
2026-02-14 17:30:00,1771090200000,355.2,355.2,353.27,353.72,275.77
2026-02-14 17:45:00,1771091100000,353.72,354.33,353.16,353.44,108.71
2026-02-14 18:00:00,1771092000000,353.44,353.82,352.64,353.61,165.92
2026-02-14 18:15:00,1771092900000,353.61,354.69,353.53,354.54,149.99
2026-02-14 18:30:00,1771093800000,354.54,355.39,352.63,353.4,276.47
2026-02-14 18:45:00,1771094700000,353.4,353.54,351.17,351.55,818.92
2026-02-14 19:00:00,1771095600000,351.55,351.85,349.05,350.3,360.49
2026-02-14 19:15:00,1771096500000,350.3,351.33,349.2,349.9,271.14
2026-02-14 19:30:00,1771097400000,349.9,352.78,349.9,352.59,304.95
2026-02-14 19:45:00,1771098300000,352.59,356.07,352.24,355.34,317.47
2026-02-14 20:00:00,1771099200000,355.34,359.1,354.88,356.26,1145.7
2026-02-14 20:15:00,1771100100000,356.26,358.73,355.64,358.07,421.04
2026-02-14 20:30:00,1771101000000,358.07,360.58,357.66,359.35,471.14
2026-02-14 20:45:00,1771101900000,359.35,359.8,358.17,358.6,187.12
2026-02-14 21:00:00,1771102800000,358.6,360.77,358.0,360.71,248.24
2026-02-14 21:15:00,1771103700000,360.71,364.7,359.41,364.0,2028.16
2026-02-14 21:30:00,1771104600000,364.0,365.16,359.82,360.74,1923.18
2026-02-14 21:45:00,1771105500000,360.74,360.8,358.44,358.82,306.5
2026-02-14 22:00:00,1771106400000,358.82,360.04,358.6,359.82,262.95
2026-02-14 22:15:00,1771107300000,359.82,359.95,358.25,358.41,263.39
2026-02-14 22:30:00,1771108200000,358.41,360.55,358.35,359.7,249.74
2026-02-14 22:45:00,1771109100000,359.7,364.21,359.02,360.5,2288.74
2026-02-14 23:00:00,1771110000000,360.5,363.0,359.15,360.24,866.35
2026-02-14 23:15:00,1771110900000,360.24,360.85,359.7,360.12,280.06
2026-02-14 23:30:00,1771111800000,360.12,360.48,358.87,358.87,308.05
2026-02-14 23:45:00,1771112700000,358.87,359.4,357.39,358.35,626.53
2026-02-15 00:00:00,1771113600000,358.35,358.59,355.51,355.6,612.67
2026-02-15 00:15:00,1771114500000,355.6,355.7,353.48,354.26,545.5
2026-02-15 00:30:00,1771115400000,354.26,355.64,354.26,355.31,170.94
2026-02-15 00:45:00,1771116300000,355.31,355.94,353.51,355.05,472.58
2026-02-15 01:00:00,1771117200000,355.05,355.62,353.45,353.69,120.32
2026-02-15 01:15:00,1771118100000,353.69,353.96,350.74,350.99,428.9
2026-02-15 01:30:00,1771119000000,350.99,353.16,350.34,351.7,356.77
2026-02-15 01:45:00,1771119900000,351.7,352.32,351.03,351.95,213.95
2026-02-15 02:00:00,1771120800000,351.95,352.15,350.22,350.32,170.41
2026-02-15 02:15:00,1771121700000,350.32,351.81,350.26,350.89,242.94
2026-02-15 02:30:00,1771122600000,350.89,352.69,349.81,352.08,388.73
2026-02-15 02:45:00,1771123500000,352.08,352.15,350.76,351.82,131.75
2026-02-15 03:00:00,1771124400000,351.82,353.11,350.91,352.8,128.38
2026-02-15 03:15:00,1771125300000,352.8,352.95,350.93,350.93,353.04
2026-02-15 03:30:00,1771126200000,350.93,351.19,344.12,345.11,2402.45
2026-02-15 03:45:00,1771127100000,345.11,349.15,345.11,348.15,375.72
2026-02-15 04:00:00,1771128000000,348.15,348.29,345.27,346.65,589.43
2026-02-15 04:15:00,1771128900000,346.65,347.68,345.91,346.13,304.33
2026-02-15 04:30:00,1771129800000,346.13,346.9,344.5,345.5,428.12
2026-02-15 04:45:00,1771130700000,345.5,346.34,344.99,345.45,299.7
2026-02-15 05:00:00,1771131600000,345.45,347.01,344.92,346.83,437.73
2026-02-15 05:15:00,1771132500000,346.83,347.51,345.97,347.27,272.23
2026-02-15 05:30:00,1771133400000,347.27,348.74,346.22,348.06,304.71
2026-02-15 05:45:00,1771134300000,348.06,348.45,347.16,348.15,251.35
2026-02-15 06:00:00,1771135200000,348.15,351.76,348.05,351.5,915.59
2026-02-15 06:15:00,1771136100000,351.5,353.04,351.06,352.14,380.24
2026-02-15 06:30:00,1771137000000,352.14,353.87,351.59,352.65,406.26
2026-02-15 06:45:00,1771137900000,352.65,354.1,351.5,353.57,317.67
2026-02-15 07:00:00,1771138800000,353.57,355.11,352.6,355.11,835.52
2026-02-15 07:15:00,1771139700000,355.11,355.27,352.89,354.2,403.79
2026-02-15 07:30:00,1771140600000,354.2,355.35,353.89,354.87,193.89
2026-02-15 07:45:00,1771141500000,354.87,356.29,352.02,352.57,697.81
2026-02-15 08:00:00,1771142400000,352.57,353.21,351.55,352.15,332.39
2026-02-15 08:15:00,1771143300000,352.15,352.58,349.11,349.11,339.29
2026-02-15 08:30:00,1771144200000,349.11,349.22,345.11,346.89,730.47
2026-02-15 08:45:00,1771145100000,346.89,348.2,346.33,347.04,860.9
2026-02-15 09:00:00,1771146000000,347.04,348.13,346.46,347.27,261.24
2026-02-15 09:15:00,1771146900000,347.27,347.64,345.78,346.57,300.54
2026-02-15 09:30:00,1771147800000,346.57,348.49,345.77,347.64,355.58
2026-02-15 09:45:00,1771148700000,347.64,349.54,347.17,349.35,182.42
2026-02-15 10:00:00,1771149600000,349.35,350.17,347.45,349.25,445.92
2026-02-15 10:15:00,1771150500000,349.25,351.51,348.85,351.2,253.73
2026-02-15 10:30:00,1771151400000,351.2,351.27,348.99,350.95,213.65
2026-02-15 10:45:00,1771152300000,350.95,352.0,349.64,349.72,310.42
2026-02-15 11:00:00,1771153200000,349.72,350.15,348.42,348.89,254.01
2026-02-15 11:15:00,1771154100000,348.89,349.75,347.98,348.65,239.71
2026-02-15 11:30:00,1771155000000,348.65,351.53,348.49,350.1,841.0
2026-02-15 11:45:00,1771155900000,350.1,350.34,348.82,349.02,164.15
2026-02-15 12:00:00,1771156800000,349.02,350.05,347.1,349.28,732.39
2026-02-15 12:15:00,1771157700000,349.28,349.96,348.5,349.38,559.15
2026-02-15 12:30:00,1771158600000,349.38,350.42,348.06,350.19,214.25
2026-02-15 12:45:00,1771159500000,350.19,350.2,344.72,344.82,755.66
2026-02-15 13:00:00,1771160400000,344.82,349.26,344.71,347.17,945.66
2026-02-15 13:15:00,1771161300000,347.17,347.64,344.39,345.91,536.62
2026-02-15 13:30:00,1771162200000,345.91,346.59,344.17,344.57,426.96
2026-02-15 13:45:00,1771163100000,344.57,345.3,341.59,342.18,832.1
2026-02-15 14:00:00,1771164000000,342.18,342.78,336.91,338.64,1110.05
2026-02-15 14:15:00,1771164900000,338.64,339.7,336.43,338.25,796.74
2026-02-15 14:30:00,1771165800000,338.25,339.95,338.01,338.44,410.81
2026-02-15 14:45:00,1771166700000,338.44,340.7,338.3,338.62,430.71
2026-02-15 15:00:00,1771167600000,338.62,339.42,337.2,337.5,405.16
2026-02-15 15:15:00,1771168500000,337.5,339.4,336.2,337.54,434.76
2026-02-15 15:30:00,1771169400000,337.54,338.09,336.69,337.88,179.23
2026-02-15 15:45:00,1771170300000,337.88,337.89,336.92,337.56,133.1
2026-02-15 16:00:00,1771171200000,337.56,337.86,335.15,336.51,392.62
2026-02-15 16:15:00,1771172100000,336.51,337.62,335.87,337.29,435.91
2026-02-15 16:30:00,1771173000000,337.29,337.41,335.69,337.05,129.67
2026-02-15 16:45:00,1771173900000,337.05,338.02,336.65,337.44,139.47
2026-02-15 17:00:00,1771174800000,337.44,340.11,337.43,338.42,813.49
2026-02-15 17:15:00,1771175700000,338.42,339.03,336.5,336.95,1047.81
2026-02-15 17:30:00,1771176600000,336.95,337.8,335.9,336.24,226.97
2026-02-15 17:45:00,1771177500000,336.24,336.24,331.78,333.6,1313.75
2026-02-15 18:00:00,1771178400000,333.6,333.6,330.58,332.45,754.61
2026-02-15 18:15:00,1771179300000,332.45,335.14,332.03,334.25,342.22
2026-02-15 18:30:00,1771180200000,334.25,335.49,332.62,335.36,301.24
2026-02-15 18:45:00,1771181100000,335.36,335.36,333.73,335.12,308.66
2026-02-15 19:00:00,1771182000000,335.12,335.12,332.51,334.47,388.9
2026-02-15 19:15:00,1771182900000,334.47,336.74,333.77,336.4,362.09
2026-02-15 19:30:00,1771183800000,336.4,336.4,333.28,333.6,121.67
2026-02-15 19:45:00,1771184700000,333.6,336.65,331.79,334.74,3013.44
2026-02-15 20:00:00,1771185600000,334.74,334.9,332.8,333.96,351.1
2026-02-15 20:15:00,1771186500000,333.96,334.17,332.43,334.01,407.06
2026-02-15 20:30:00,1771187400000,334.01,335.29,333.23,333.45,201.42
2026-02-15 20:45:00,1771188300000,333.45,334.5,332.81,334.39,300.07
2026-02-15 21:00:00,1771189200000,334.39,335.72,333.95,334.26,343.94
2026-02-15 21:15:00,1771190100000,334.26,335.09,333.58,334.77,200.01
2026-02-15 21:30:00,1771191000000,334.77,335.18,333.99,334.44,103.64
2026-02-15 21:45:00,1771191900000,334.44,334.69,333.27,333.63,156.66
2026-02-15 22:00:00,1771192800000,333.63,334.74,332.66,332.95,232.31
2026-02-15 22:15:00,1771193700000,332.95,333.52,332.23,333.14,185.4
2026-02-15 22:30:00,1771194600000,333.14,333.14,328.36,329.7,1203.84
2026-02-15 22:45:00,1771195500000,329.7,331.21,329.48,331.16,248.59
2026-02-15 23:00:00,1771196400000,331.16,331.37,328.24,329.06,364.65
2026-02-15 23:15:00,1771197300000,329.06,330.74,328.89,330.44,380.57
2026-02-15 23:30:00,1771198200000,330.44,331.65,330.0,330.8,70.26
2026-02-15 23:45:00,1771199100000,330.8,331.72,330.8,331.52,63.58
2026-02-16 00:00:00,1771200000000,331.52,332.65,330.28,332.2,435.94
2026-02-16 00:15:00,1771200900000,332.2,332.63,328.25,329.76,1001.01
2026-02-16 00:30:00,1771201800000,329.76,330.67,329.32,329.85,155.85
2026-02-16 00:45:00,1771202700000,329.85,330.38,329.31,330.2,118.26
2026-02-16 01:00:00,1771203600000,330.2,330.74,329.28,329.66,224.79
2026-02-16 01:15:00,1771204500000,329.66,331.34,326.81,327.21,686.66
2026-02-16 01:30:00,1771205400000,327.21,327.94,326.15,326.5,519.09
2026-02-16 01:45:00,1771206300000,326.5,327.81,326.32,326.39,317.07
2026-02-16 02:00:00,1771207200000,326.39,326.51,324.51,325.95,582.41
2026-02-16 02:15:00,1771208100000,325.95,326.45,325.46,326.0,194.34
2026-02-16 02:30:00,1771209000000,326.0,326.49,317.83,318.19,3652.34
2026-02-16 02:45:00,1771209900000,318.19,320.22,317.37,320.08,673.42
2026-02-16 03:00:00,1771210800000,320.08,320.74,318.9,320.0,309.13
2026-02-16 03:15:00,1771211700000,320.0,321.76,319.84,320.93,493.61
2026-02-16 03:30:00,1771212600000,320.93,322.89,320.93,322.85,308.63
2026-02-16 03:45:00,1771213500000,322.85,324.53,322.79,323.4,327.5
2026-02-16 04:00:00,1771214400000,323.4,324.23,323.1,323.68,176.03
2026-02-16 04:15:00,1771215300000,323.68,324.31,323.53,324.04,83.94
2026-02-16 04:30:00,1771216200000,324.04,324.81,322.91,324.05,348.3
2026-02-16 04:45:00,1771217100000,324.05,324.93,324.0,324.85,143.56
2026-02-16 05:00:00,1771218000000,324.85,324.97,321.71,322.0,158.57
2026-02-16 05:15:00,1771218900000,322.0,322.12,320.54,321.05,213.62
2026-02-16 05:30:00,1771219800000,321.05,321.6,318.29,319.55,671.64
2026-02-16 05:45:00,1771220700000,319.55,319.88,318.6,319.43,255.35
2026-02-16 06:00:00,1771221600000,319.43,319.72,318.72,318.72,58.91
2026-02-16 06:15:00,1771222500000,318.72,318.96,317.95,318.96,194.52
2026-02-16 06:30:00,1771223400000,318.96,320.13,318.61,319.78,163.91
2026-02-16 06:45:00,1771224300000,319.78,319.94,318.61,319.67,125.64
2026-02-16 07:00:00,1771225200000,319.67,319.99,317.27,318.25,584.54
2026-02-16 07:15:00,1771226100000,318.25,318.85,316.7,316.9,278.1
2026-02-16 07:30:00,1771227000000,316.9,317.94,315.19,316.03,584.52
2026-02-16 07:45:00,1771227900000,316.03,316.93,315.89,316.76,212.82
2026-02-16 08:00:00,1771228800000,316.76,318.93,316.73,317.48,202.8
2026-02-16 08:15:00,1771229700000,317.48,319.62,317.43,319.58,289.41
2026-02-16 08:30:00,1771230600000,319.58,320.3,318.88,320.0,236.55
2026-02-16 08:45:00,1771231500000,320.0,322.79,319.58,321.95,258.92
2026-02-16 09:00:00,1771232400000,321.95,324.59,321.21,324.53,776.63
2026-02-16 09:15:00,1771233300000,324.53,325.2,323.5,324.2,364.64
2026-02-16 09:30:00,1771234200000,324.2,327.6,323.88,327.3,936.49
2026-02-16 09:45:00,1771235100000,327.3,329.42,326.65,327.32,622.41
2026-02-16 10:00:00,1771236000000,327.32,327.74,326.4,327.06,151.69
2026-02-16 10:15:00,1771236900000,327.06,329.85,327.06,329.51,461.84
2026-02-16 10:30:00,1771237800000,329.51,329.69,326.04,326.77,653.3
2026-02-16 10:45:00,1771238700000,326.77,327.44,326.14,326.65,562.73
2026-02-16 11:00:00,1771239600000,326.65,327.31,324.83,325.92,290.32
2026-02-16 11:15:00,1771240500000,325.92,329.24,325.61,328.51,231.9
2026-02-16 11:30:00,1771241400000,328.51,329.9,328.25,329.4,413.66
2026-02-16 11:45:00,1771242300000,329.4,329.76,327.91,329.24,118.39
2026-02-16 12:00:00,1771243200000,329.24,330.71,328.78,329.65,708.85
2026-02-16 12:15:00,1771244100000,329.65,330.0,327.03,328.65,945.15
2026-02-16 12:30:00,1771245000000,328.65,329.85,326.52,329.74,448.68
2026-02-16 12:45:00,1771245900000,329.74,331.0,328.71,330.11,319.93
2026-02-16 13:00:00,1771246800000,330.11,333.35,329.66,331.95,764.1
2026-02-16 13:15:00,1771247700000,331.95,332.64,327.55,328.21,1070.84
2026-02-16 13:30:00,1771248600000,328.21,330.27,326.23,329.35,672.98
2026-02-16 13:45:00,1771249500000,329.35,329.83,326.14,327.67,1080.1
2026-02-16 14:00:00,1771250400000,327.67,330.74,327.61,328.34,536.22
2026-02-16 14:15:00,1771251300000,328.34,330.3,327.2,327.86,319.99
2026-02-16 14:30:00,1771252200000,327.86,328.72,325.31,326.58,425.06
2026-02-16 14:45:00,1771253100000,326.58,330.11,326.16,328.61,379.53
2026-02-16 15:00:00,1771254000000,328.61,330.84,328.34,328.71,311.65
2026-02-16 15:15:00,1771254900000,328.71,329.58,327.0,327.05,512.73
2026-02-16 15:30:00,1771255800000,327.05,327.34,322.77,324.95,1018.64
2026-02-16 15:45:00,1771256700000,324.95,326.0,324.03,325.41,282.5
2026-02-16 16:00:00,1771257600000,325.41,327.32,324.05,326.2,751.7
2026-02-16 16:15:00,1771258500000,326.2,327.08,324.91,326.8,228.94
2026-02-16 16:30:00,1771259400000,326.8,327.94,326.4,327.71,364.79
2026-02-16 16:45:00,1771260300000,327.71,328.64,326.59,326.87,408.93
2026-02-16 17:00:00,1771261200000,326.87,329.29,326.36,327.55,292.43
2026-02-16 17:15:00,1771262100000,327.55,328.22,326.05,328.13,251.65
2026-02-16 17:30:00,1771263000000,328.13,329.5,327.97,328.58,329.59
2026-02-16 17:45:00,1771263900000,328.58,328.64,326.62,328.3,425.85
2026-02-16 18:00:00,1771264800000,328.3,329.39,327.49,329.05,296.88
2026-02-16 18:15:00,1771265700000,329.05,331.26,328.51,329.23,345.9
2026-02-16 18:30:00,1771266600000,329.23,330.0,328.53,328.86,180.82
2026-02-16 18:45:00,1771267500000,328.86,328.86,324.72,324.94,577.51
2026-02-16 19:00:00,1771268400000,324.94,325.17,323.26,323.59,268.55
2026-02-16 19:15:00,1771269300000,323.59,326.38,323.59,325.37,347.94
2026-02-16 19:30:00,1771270200000,325.37,327.92,324.93,326.59,322.89
2026-02-16 19:45:00,1771271100000,326.59,327.65,326.25,326.5,167.03
2026-02-16 20:00:00,1771272000000,326.5,327.8,325.81,327.07,378.5
2026-02-16 20:15:00,1771272900000,327.07,327.55,325.68,327.55,157.18
2026-02-16 20:30:00,1771273800000,327.55,329.14,326.85,329.05,215.98
2026-02-16 20:45:00,1771274700000,329.05,330.04,328.39,328.65,280.46
2026-02-16 21:00:00,1771275600000,328.65,329.39,327.81,328.75,181.05
2026-02-16 21:15:00,1771276500000,328.75,329.93,328.39,328.4,123.14
2026-02-16 21:30:00,1771277400000,328.4,328.89,327.52,327.96,74.01
2026-02-16 21:45:00,1771278300000,327.96,329.51,327.56,329.04,156.76
2026-02-16 22:00:00,1771279200000,329.04,329.06,327.41,327.46,183.88
2026-02-16 22:15:00,1771280100000,327.46,328.1,326.72,326.78,152.91
2026-02-16 22:30:00,1771281000000,326.78,328.14,326.55,327.03,101.95
2026-02-16 22:45:00,1771281900000,327.03,327.69,326.02,326.7,378.41
2026-02-16 23:00:00,1771282800000,326.7,326.79,325.67,326.1,200.58
2026-02-16 23:15:00,1771283700000,326.1,326.7,325.81,325.99,114.21
2026-02-16 23:30:00,1771284600000,325.99,326.44,325.38,325.38,145.61
2026-02-16 23:45:00,1771285500000,325.38,327.1,325.36,327.1,195.54
2026-02-17 00:00:00,1771286400000,327.1,328.9,326.0,328.75,402.71
2026-02-17 00:15:00,1771287300000,328.75,329.41,327.55,328.03,178.68
2026-02-17 00:30:00,1771288200000,328.03,328.54,327.3,328.31,194.59
2026-02-17 00:45:00,1771289100000,328.31,329.18,327.54,327.81,76.53
2026-02-17 01:00:00,1771290000000,327.81,328.69,327.41,327.99,84.09
2026-02-17 01:15:00,1771290900000,327.99,329.35,327.46,329.1,406.9
2026-02-17 01:30:00,1771291800000,329.1,329.35,328.47,329.05,99.47
2026-02-17 01:45:00,1771292700000,329.05,332.86,328.97,332.73,763.4
2026-02-17 02:00:00,1771293600000,332.73,332.8,330.83,332.79,407.11
2026-02-17 02:15:00,1771294500000,332.79,334.66,332.62,333.45,503.48
2026-02-17 02:30:00,1771295400000,333.45,336.66,333.19,336.6,347.66
2026-02-17 02:45:00,1771296300000,336.6,341.81,336.23,339.86,1626.86
2026-02-17 03:00:00,1771297200000,339.86,342.06,339.0,340.56,818.87
2026-02-17 03:15:00,1771298100000,340.56,344.65,339.91,344.53,843.48
2026-02-17 03:30:00,1771299000000,344.53,344.74,338.4,340.88,1198.81
2026-02-17 03:45:00,1771299900000,340.88,342.78,340.25,340.62,457.5
2026-02-17 04:00:00,1771300800000,340.62,341.5,338.98,339.32,851.99
2026-02-17 04:15:00,1771301700000,339.32,339.32,336.57,337.39,456.5
2026-02-17 04:30:00,1771302600000,337.39,337.39,335.37,336.3,645.73
2026-02-17 04:45:00,1771303500000,336.3,338.93,336.29,337.9,297.2
2026-02-17 05:00:00,1771304400000,337.9,337.9,334.82,335.46,369.66
2026-02-17 05:15:00,1771305300000,335.46,335.54,333.22,333.75,718.49
2026-02-17 05:30:00,1771306200000,333.75,336.5,332.65,335.79,432.15
2026-02-17 05:45:00,1771307100000,335.79,335.86,333.68,334.74,205.93
2026-02-17 06:00:00,1771308000000,334.74,337.83,334.71,337.6,241.91
2026-02-17 06:15:00,1771308900000,337.6,338.4,337.16,337.32,285.72
2026-02-17 06:30:00,1771309800000,337.32,338.78,337.23,337.76,129.96
2026-02-17 06:45:00,1771310700000,337.76,338.25,336.63,337.42,83.05
2026-02-17 07:00:00,1771311600000,337.42,337.42,335.44,336.4,152.08
2026-02-17 07:15:00,1771312500000,336.4,337.19,335.38,335.75,160.54
2026-02-17 07:30:00,1771313400000,335.75,336.74,334.12,336.51,247.79
2026-02-17 07:45:00,1771314300000,336.51,336.54,334.02,334.27,230.06
2026-02-17 08:00:00,1771315200000,334.27,335.04,333.44,334.65,427.61
2026-02-17 08:15:00,1771316100000,334.65,335.37,333.39,334.33,219.03
2026-02-17 08:30:00,1771317000000,334.33,335.09,333.67,334.62,456.49
2026-02-17 08:45:00,1771317900000,334.62,336.46,334.47,334.47,116.63
2026-02-17 09:00:00,1771318800000,334.47,336.03,333.66,335.1,473.99
2026-02-17 09:15:00,1771319700000,335.1,335.1,332.54,333.16,1106.93
2026-02-17 09:30:00,1771320600000,333.16,333.69,332.05,332.49,190.55
2026-02-17 09:45:00,1771321500000,332.49,332.92,330.48,331.29,581.75
2026-02-17 10:00:00,1771322400000,331.29,331.86,330.42,330.67,86.88
2026-02-17 10:15:00,1771323300000,330.67,330.96,328.79,330.91,447.68
2026-02-17 10:30:00,1771324200000,330.91,331.61,330.16,331.39,140.03
2026-02-17 10:45:00,1771325100000,331.39,331.93,330.8,331.58,221.01
2026-02-17 11:00:00,1771326000000,331.58,332.03,329.75,331.15,170.69
2026-02-17 11:15:00,1771326900000,331.15,331.59,329.72,330.91,643.37
2026-02-17 11:30:00,1771327800000,330.91,331.9,330.91,330.92,101.39
2026-02-17 11:45:00,1771328700000,330.92,332.37,330.71,332.09,408.27
2026-02-17 12:00:00,1771329600000,332.09,332.59,330.82,331.78,192.09
2026-02-17 12:15:00,1771330500000,331.78,333.73,330.65,333.73,329.06
2026-02-17 12:30:00,1771331400000,333.73,336.79,332.92,335.7,771.46
2026-02-17 12:45:00,1771332300000,335.7,335.7,330.67,330.67,321.78
2026-02-17 13:00:00,1771333200000,330.67,332.52,330.48,332.49,330.56
2026-02-17 13:15:00,1771334100000,332.49,332.49,328.61,329.6,626.86
2026-02-17 13:30:00,1771335000000,329.6,329.65,326.42,329.03,1298.14
2026-02-17 13:45:00,1771335900000,329.03,331.32,328.49,330.4,475.79
2026-02-17 14:00:00,1771336800000,330.4,333.58,328.95,333.15,542.9
2026-02-17 14:15:00,1771337700000,333.15,333.36,330.72,330.72,286.13
2026-02-17 14:30:00,1771338600000,330.72,333.6,329.62,330.81,860.36
2026-02-17 14:45:00,1771339500000,330.81,331.07,328.35,329.81,1476.73
2026-02-17 15:00:00,1771340400000,329.81,331.62,329.1,331.2,557.58
2026-02-17 15:15:00,1771341300000,331.2,334.42,330.93,331.61,526.22
2026-02-17 15:30:00,1771342200000,331.61,331.96,330.1,330.35,388.99
2026-02-17 15:45:00,1771343100000,330.35,331.61,330.1,331.3,217.48
2026-02-17 16:00:00,1771344000000,331.3,334.14,330.79,332.65,579.88
2026-02-17 16:15:00,1771344900000,332.65,333.58,330.18,330.19,372.61
2026-02-17 16:30:00,1771345800000,330.19,331.59,329.19,329.67,639.15
2026-02-17 16:45:00,1771346700000,329.67,330.0,328.0,328.78,724.09
2026-02-17 17:00:00,1771347600000,328.78,330.7,326.72,327.76,401.85
2026-02-17 17:15:00,1771348500000,327.76,330.97,327.72,330.96,260.82
2026-02-17 17:30:00,1771349400000,330.96,331.01,327.06,327.22,404.72
2026-02-17 17:45:00,1771350300000,327.22,328.8,326.48,328.63,307.62
2026-02-17 18:00:00,1771351200000,328.63,329.87,328.05,329.78,277.94
2026-02-17 18:15:00,1771352100000,329.78,331.05,329.3,330.75,297.08
2026-02-17 18:30:00,1771353000000,330.75,335.79,330.51,334.6,1521.49
2026-02-17 18:45:00,1771353900000,334.6,335.33,333.15,334.13,584.95
2026-02-17 19:00:00,1771354800000,334.13,335.0,333.58,334.25,211.09
2026-02-17 19:15:00,1771355700000,334.25,334.79,333.61,334.15,116.25
2026-02-17 19:30:00,1771356600000,334.15,334.98,333.81,334.76,105.15
2026-02-17 19:45:00,1771357500000,334.76,335.25,334.11,334.3,182.1
2026-02-17 20:00:00,1771358400000,334.3,335.19,333.86,334.33,235.12
2026-02-17 20:15:00,1771359300000,334.33,335.1,331.49,333.15,531.84
2026-02-17 20:30:00,1771360200000,333.15,333.98,331.58,333.43,443.79
2026-02-17 20:45:00,1771361100000,333.43,334.19,333.25,333.63,144.18
2026-02-17 21:00:00,1771362000000,333.63,335.29,333.06,335.28,87.04
2026-02-17 21:15:00,1771362900000,335.28,335.72,334.17,335.24,385.48
2026-02-17 21:30:00,1771363800000,335.24,336.25,334.73,334.9,165.86
2026-02-17 21:45:00,1771364700000,334.9,336.22,334.65,335.57,381.04
2026-02-17 22:00:00,1771365600000,335.57,337.7,335.55,337.49,226.72
2026-02-17 22:15:00,1771366500000,337.49,338.49,336.32,337.16,318.6
2026-02-17 22:30:00,1771367400000,337.16,337.16,334.2,334.23,296.45
2026-02-17 22:45:00,1771368300000,334.23,334.44,332.89,333.0,148.99
2026-02-17 23:00:00,1771369200000,333.0,333.0,331.11,332.14,452.69
2026-02-17 23:15:00,1771370100000,332.14,334.0,332.14,332.55,420.77
2026-02-17 23:30:00,1771371000000,332.55,333.3,331.75,332.89,124.1
2026-02-17 23:45:00,1771371900000,332.89,333.54,332.14,333.02,129.69
2026-02-18 00:00:00,1771372800000,333.02,333.1,331.92,332.0,108.18
2026-02-18 00:15:00,1771373700000,332.0,332.0,330.02,331.05,552.06
2026-02-18 00:30:00,1771374600000,331.05,332.4,330.85,331.91,167.3
2026-02-18 00:45:00,1771375500000,331.91,332.88,331.21,332.88,603.49
2026-02-18 01:00:00,1771376400000,332.88,333.92,331.81,333.0,240.25
2026-02-18 01:15:00,1771377300000,333.0,333.57,331.01,331.07,153.99
2026-02-18 01:30:00,1771378200000,331.07,333.17,330.59,333.17,156.57
2026-02-18 01:45:00,1771379100000,333.17,333.47,332.5,333.0,98.03
2026-02-18 02:00:00,1771380000000,333.0,333.4,332.11,332.75,138.07
2026-02-18 02:15:00,1771380900000,332.75,333.39,331.67,332.41,145.66
2026-02-18 02:30:00,1771381800000,332.41,334.25,332.19,333.11,244.99
2026-02-18 02:45:00,1771382700000,333.11,333.12,331.31,331.42,119.33
2026-02-18 03:00:00,1771383600000,331.42,332.25,330.74,331.91,231.92
2026-02-18 03:15:00,1771384500000,331.91,333.49,331.34,332.51,121.76
2026-02-18 03:30:00,1771385400000,332.51,333.04,332.28,332.84,22.88
2026-02-18 03:45:00,1771386300000,332.84,333.6,332.84,333.25,73.71
2026-02-18 04:00:00,1771387200000,333.25,335.47,332.96,334.6,219.5
2026-02-18 04:15:00,1771388100000,334.6,335.37,332.91,333.52,151.89
2026-02-18 04:30:00,1771389000000,333.52,334.15,333.18,333.57,73.54
2026-02-18 04:45:00,1771389900000,333.57,334.39,333.06,334.3,58.57
2026-02-18 05:00:00,1771390800000,334.3,334.41,332.96,334.4,91.98
2026-02-18 05:15:00,1771391700000,334.4,335.29,333.68,333.69,91.16
2026-02-18 05:30:00,1771392600000,333.69,335.22,333.62,334.87,46.47
2026-02-18 05:45:00,1771393500000,334.87,335.65,334.45,335.56,75.1
2026-02-18 06:00:00,1771394400000,335.56,338.48,335.22,338.41,345.27
2026-02-18 06:15:00,1771395300000,338.41,338.41,336.68,337.51,83.53
2026-02-18 06:30:00,1771396200000,337.51,338.06,336.69,336.71,53.47
2026-02-18 06:45:00,1771397100000,336.71,340.52,336.66,338.43,444.94
2026-02-18 07:00:00,1771398000000,338.43,340.0,337.55,338.05,272.96
2026-02-18 07:15:00,1771398900000,338.05,339.76,337.85,339.76,187.84
2026-02-18 07:30:00,1771399800000,339.76,342.05,338.49,342.0,531.45
2026-02-18 07:45:00,1771400700000,342.0,343.4,341.36,341.7,881.95
2026-02-18 08:00:00,1771401600000,341.7,343.13,340.83,341.8,326.83
2026-02-18 08:15:00,1771402500000,341.8,342.98,340.16,341.32,692.1
2026-02-18 08:30:00,1771403400000,341.32,342.64,341.32,341.8,364.9
2026-02-18 08:45:00,1771404300000,341.8,342.13,339.86,340.79,369.51
2026-02-18 09:00:00,1771405200000,340.79,341.49,340.27,341.29,97.94
2026-02-18 09:15:00,1771406100000,341.29,342.44,340.86,342.05,120.56
2026-02-18 09:30:00,1771407000000,342.05,344.76,341.91,342.6,1578.35
2026-02-18 09:45:00,1771407900000,342.6,343.6,342.18,342.55,643.69
2026-02-18 10:00:00,1771408800000,342.55,344.08,342.07,343.53,109.8
2026-02-18 10:15:00,1771409700000,343.53,343.97,342.44,343.41,159.96
2026-02-18 10:30:00,1771410600000,343.41,343.53,340.96,341.75,224.29
2026-02-18 10:45:00,1771411500000,341.75,342.37,340.99,342.06,185.42
2026-02-18 11:00:00,1771412400000,342.06,342.25,338.54,340.24,406.69
2026-02-18 11:15:00,1771413300000,340.24,342.5,339.66,341.88,344.67
2026-02-18 11:30:00,1771414200000,341.88,344.38,340.91,342.7,899.39
2026-02-18 11:45:00,1771415100000,342.7,343.35,339.98,340.18,785.79
2026-02-18 12:00:00,1771416000000,340.18,342.42,340.07,342.08,243.22
2026-02-18 12:15:00,1771416900000,342.08,343.28,340.54,341.01,417.78
2026-02-18 12:30:00,1771417800000,341.01,341.34,339.46,340.92,300.05
2026-02-18 12:45:00,1771418700000,340.92,342.16,338.76,338.82,331.86
2026-02-18 13:00:00,1771419600000,338.82,339.66,337.16,337.63,564.53
2026-02-18 13:15:00,1771420500000,337.63,339.3,337.54,339.27,578.35
2026-02-18 13:30:00,1771421400000,339.27,340.71,336.09,336.5,563.22
2026-02-18 13:45:00,1771422300000,336.5,336.64,333.86,335.42,500.33
2026-02-18 14:00:00,1771423200000,335.42,336.04,334.47,335.41,577.71
2026-02-18 14:15:00,1771424100000,335.41,336.3,332.69,332.69,380.72
2026-02-18 14:30:00,1771425000000,332.69,334.82,332.55,334.21,669.46
2026-02-18 14:45:00,1771425900000,334.21,336.21,332.2,336.21,508.14
2026-02-18 15:00:00,1771426800000,336.21,339.99,335.95,339.22,952.17
2026-02-18 15:15:00,1771427700000,339.22,341.69,338.62,340.7,790.42
2026-02-18 15:30:00,1771428600000,340.7,343.61,340.46,342.38,689.45
2026-02-18 15:45:00,1771429500000,342.38,342.38,339.75,340.0,798.12
2026-02-18 16:00:00,1771430400000,340.0,341.33,336.37,337.41,681.49
2026-02-18 16:15:00,1771431300000,337.41,338.21,335.89,336.94,682.49
2026-02-18 16:30:00,1771432200000,336.94,338.36,333.92,334.26,981.59
2026-02-18 16:45:00,1771433100000,334.26,336.27,333.93,335.59,501.33
2026-02-18 17:00:00,1771434000000,335.59,336.6,334.91,335.72,385.54
2026-02-18 17:15:00,1771434900000,335.72,336.69,335.36,336.69,504.78
2026-02-18 17:30:00,1771435800000,336.69,338.14,336.31,337.9,230.15
2026-02-18 17:45:00,1771436700000,337.9,339.75,336.22,336.72,573.63
2026-02-18 18:00:00,1771437600000,336.72,337.8,335.61,335.77,542.17
2026-02-18 18:15:00,1771438500000,335.77,336.58,333.38,335.65,1046.62
2026-02-18 18:30:00,1771439400000,335.65,336.37,333.16,333.39,360.83
2026-02-18 18:45:00,1771440300000,333.39,334.39,331.11,333.23,858.8
2026-02-18 19:00:00,1771441200000,333.23,334.94,332.3,333.05,202.98
2026-02-18 19:15:00,1771442100000,333.05,334.64,331.71,332.4,275.1
2026-02-18 19:30:00,1771443000000,332.4,334.12,331.18,334.05,432.51
2026-02-18 19:45:00,1771443900000,334.05,334.62,331.36,332.45,510.07
2026-02-18 20:00:00,1771444800000,332.45,332.79,331.17,331.21,322.21
2026-02-18 20:15:00,1771445700000,331.21,331.54,329.53,329.74,515.38
2026-02-18 20:30:00,1771446600000,329.74,330.94,328.23,329.37,556.62
2026-02-18 20:45:00,1771447500000,329.37,330.16,328.28,328.82,335.96
2026-02-18 21:00:00,1771448400000,328.82,328.94,327.56,328.7,415.39
2026-02-18 21:15:00,1771449300000,328.7,329.14,327.46,328.4,162.44
2026-02-18 21:30:00,1771450200000,328.4,330.47,328.15,328.66,266.01
2026-02-18 21:45:00,1771451100000,328.66,328.84,326.3,326.49,689.46
2026-02-18 22:00:00,1771452000000,326.49,327.39,325.42,326.67,533.99
2026-02-18 22:15:00,1771452900000,326.67,326.95,325.12,326.05,227.73
2026-02-18 22:30:00,1771453800000,326.05,327.8,325.9,327.25,58.92
2026-02-18 22:45:00,1771454700000,327.25,329.14,327.09,328.22,136.23
2026-02-18 23:00:00,1771455600000,328.22,330.29,328.02,330.02,166.42
2026-02-18 23:15:00,1771456500000,330.02,332.69,329.96,330.46,431.63
2026-02-18 23:30:00,1771457400000,330.46,331.89,329.65,331.48,173.8
2026-02-18 23:45:00,1771458300000,331.48,332.92,329.27,330.52,300.79
2026-02-19 00:00:00,1771459200000,330.52,330.55,328.9,329.18,120.84
2026-02-19 00:15:00,1771460100000,329.18,329.79,328.5,329.19,73.99
2026-02-19 00:30:00,1771461000000,329.19,331.5,328.66,330.85,116.61
2026-02-19 00:45:00,1771461900000,330.85,331.44,329.71,330.4,84.58
2026-02-19 01:00:00,1771462800000,330.4,332.49,330.22,331.96,543.41
2026-02-19 01:15:00,1771463700000,331.96,332.64,330.93,331.08,98.93
2026-02-19 01:30:00,1771464600000,331.08,331.3,329.35,329.58,113.97
2026-02-19 01:45:00,1771465500000,329.58,330.38,328.91,329.64,266.91
2026-02-19 02:00:00,1771466400000,329.64,331.23,328.87,329.89,168.82
2026-02-19 02:15:00,1771467300000,329.89,330.17,328.55,329.1,345.32
2026-02-19 02:30:00,1771468200000,329.1,329.34,327.26,327.27,312.46
2026-02-19 02:45:00,1771469100000,327.27,328.61,327.01,328.45,153.37
2026-02-19 03:00:00,1771470000000,328.45,328.87,326.56,326.89,171.17
2026-02-19 03:15:00,1771470900000,326.89,328.1,326.85,327.71,199.54
2026-02-19 03:30:00,1771471800000,327.71,328.07,326.27,326.68,133.99
2026-02-19 03:45:00,1771472700000,326.68,326.98,325.63,325.71,199.77
2026-02-19 04:00:00,1771473600000,325.71,328.3,325.61,327.02,415.29
2026-02-19 04:15:00,1771474500000,327.02,327.87,325.62,326.14,468.89
2026-02-19 04:30:00,1771475400000,326.14,327.11,326.14,326.31,140.87
2026-02-19 04:45:00,1771476300000,326.31,326.33,323.7,324.03,883.03
2026-02-19 05:00:00,1771477200000,324.03,325.35,322.46,325.11,307.19
2026-02-19 05:15:00,1771478100000,325.11,325.47,322.76,324.32,380.52
2026-02-19 05:30:00,1771479000000,324.32,324.91,323.41,324.45,152.56
2026-02-19 05:45:00,1771479900000,324.45,325.88,323.54,325.51,226.96
2026-02-19 06:00:00,1771480800000,325.51,327.5,325.51,327.49,458.97
2026-02-19 06:15:00,1771481700000,327.49,330.48,326.95,330.03,274.87
2026-02-19 06:30:00,1771482600000,330.03,330.37,328.0,328.24,363.52
2026-02-19 06:45:00,1771483500000,328.24,329.21,328.15,328.5,229.81
2026-02-19 07:00:00,1771484400000,328.5,329.5,328.44,329.45,97.07
2026-02-19 07:15:00,1771485300000,329.45,329.45,327.42,327.83,212.88
2026-02-19 07:30:00,1771486200000,327.83,328.16,325.51,325.96,181.7
2026-02-19 07:45:00,1771487100000,325.96,326.69,325.78,326.63,74.1
2026-02-19 08:00:00,1771488000000,326.63,326.82,324.77,325.29,91.63
2026-02-19 08:15:00,1771488900000,325.29,325.49,323.7,323.85,100.22
2026-02-19 08:30:00,1771489800000,323.85,324.47,323.08,323.52,252.35
2026-02-19 08:45:00,1771490700000,323.52,324.6,323.23,324.27,216.85
2026-02-19 09:00:00,1771491600000,324.27,324.96,323.44,324.15,179.63
2026-02-19 09:15:00,1771492500000,324.15,325.2,323.66,324.8,144.98
2026-02-19 09:30:00,1771493400000,324.8,326.31,323.63,326.31,174.83
2026-02-19 09:45:00,1771494300000,326.31,327.26,324.74,324.92,697.8
2026-02-19 10:00:00,1771495200000,324.92,325.98,323.44,325.14,166.89
2026-02-19 10:15:00,1771496100000,325.14,326.73,325.05,325.23,195.14
2026-02-19 10:30:00,1771497000000,325.23,327.89,324.78,326.82,210.6
2026-02-19 10:45:00,1771497900000,326.82,329.61,326.64,328.25,514.24
2026-02-19 11:00:00,1771498800000,328.25,329.91,327.79,329.67,149.01
2026-02-19 11:15:00,1771499700000,329.67,329.92,328.24,328.34,95.25
2026-02-19 11:30:00,1771500600000,328.34,330.18,328.15,329.85,299.57
2026-02-19 11:45:00,1771501500000,329.85,331.99,328.81,331.74,237.37
2026-02-19 12:00:00,1771502400000,331.74,332.08,330.41,331.51,340.97
2026-02-19 12:15:00,1771503300000,331.51,332.7,330.68,332.54,297.11
2026-02-19 12:30:00,1771504200000,332.54,335.95,332.43,333.9,764.08
2026-02-19 12:45:00,1771505100000,333.9,334.87,331.89,332.02,360.12
2026-02-19 13:00:00,1771506000000,332.02,332.65,329.66,332.46,448.02
2026-02-19 13:15:00,1771506900000,332.46,332.51,329.82,330.1,421.67
2026-02-19 13:30:00,1771507800000,330.1,330.62,326.7,327.6,407.03
2026-02-19 13:45:00,1771508700000,327.6,329.3,326.62,328.93,503.96
2026-02-19 14:00:00,1771509600000,328.93,331.21,328.4,330.41,200.03
2026-02-19 14:15:00,1771510500000,330.41,330.69,328.51,330.16,253.81
2026-02-19 14:30:00,1771511400000,330.16,333.28,329.28,330.15,799.02
2026-02-19 14:45:00,1771512300000,330.15,330.34,327.48,328.89,671.58
2026-02-19 15:00:00,1771513200000,328.89,329.8,328.14,328.75,202.16
2026-02-19 15:15:00,1771514100000,328.75,331.19,328.17,328.97,238.93
2026-02-19 15:30:00,1771515000000,328.97,331.02,328.28,330.59,225.68
2026-02-19 15:45:00,1771515900000,330.59,330.59,327.04,327.7,299.84
2026-02-19 16:00:00,1771516800000,327.7,329.12,326.02,328.74,260.3
2026-02-19 16:15:00,1771517700000,328.74,329.68,327.25,327.9,275.82
2026-02-19 16:30:00,1771518600000,327.9,330.68,327.9,330.36,344.11
2026-02-19 16:45:00,1771519500000,330.36,330.9,328.28,328.68,353.76
2026-02-19 17:00:00,1771520400000,328.68,330.22,328.08,329.64,129.74
2026-02-19 17:15:00,1771521300000,329.64,332.34,328.93,328.99,370.3
2026-02-19 17:30:00,1771522200000,328.99,331.11,328.91,330.07,141.28
2026-02-19 17:45:00,1771523100000,330.07,330.64,328.14,329.22,357.46
2026-02-19 18:00:00,1771524000000,329.22,329.3,325.93,328.36,368.24
2026-02-19 18:15:00,1771524900000,328.36,329.92,327.25,329.63,92.52
2026-02-19 18:30:00,1771525800000,329.63,330.98,329.12,330.98,108.46
2026-02-19 18:45:00,1771526700000,330.98,331.7,330.61,331.51,156.13
2026-02-19 19:00:00,1771527600000,331.51,333.66,331.17,333.54,412.12
2026-02-19 19:15:00,1771528500000,333.54,334.67,333.24,333.6,146.23
2026-02-19 19:30:00,1771529400000,333.6,334.01,332.12,333.51,182.41
2026-02-19 19:45:00,1771530300000,333.51,334.98,332.92,334.16,191.88
2026-02-19 20:00:00,1771531200000,334.16,336.76,333.9,336.51,244.31
2026-02-19 20:15:00,1771532100000,336.51,336.76,335.15,335.15,284.29
2026-02-19 20:30:00,1771533000000,335.15,335.99,334.09,334.17,141.7
2026-02-19 20:45:00,1771533900000,334.17,335.93,334.17,334.93,198.7
2026-02-19 21:00:00,1771534800000,334.93,335.09,334.28,334.58,60.43
2026-02-19 21:15:00,1771535700000,334.58,336.0,334.58,335.89,198.61
2026-02-19 21:30:00,1771536600000,335.89,336.0,333.45,335.23,378.67
2026-02-19 21:45:00,1771537500000,335.23,338.1,335.07,336.61,562.99
2026-02-19 22:00:00,1771538400000,336.61,336.61,334.5,335.46,203.55
2026-02-19 22:15:00,1771539300000,335.46,335.74,334.69,334.87,94.17
2026-02-19 22:30:00,1771540200000,334.87,336.43,334.64,335.15,99.06
2026-02-19 22:45:00,1771541100000,335.15,336.0,334.57,335.15,146.59
2026-02-19 23:00:00,1771542000000,335.15,335.45,334.75,335.45,72.21
2026-02-19 23:15:00,1771542900000,335.45,337.79,335.41,337.76,324.28
2026-02-19 23:30:00,1771543800000,337.76,339.25,337.16,338.3,255.2
2026-02-19 23:45:00,1771544700000,338.3,339.74,337.07,339.07,275.58
2026-02-20 00:00:00,1771545600000,339.07,339.91,338.41,338.8,325.85
2026-02-20 00:15:00,1771546500000,338.8,340.36,338.3,340.11,288.57
2026-02-20 00:30:00,1771547400000,340.11,340.52,337.96,338.95,159.25
2026-02-20 00:45:00,1771548300000,338.95,340.72,338.95,339.21,265.05
2026-02-20 01:00:00,1771549200000,339.21,339.3,337.1,337.95,133.6
2026-02-20 01:15:00,1771550100000,337.95,338.91,337.21,338.75,61.32
2026-02-20 01:30:00,1771551000000,338.75,338.91,337.4,337.88,476.4
2026-02-20 01:45:00,1771551900000,337.88,337.9,335.02,335.84,254.67
2026-02-20 02:00:00,1771552800000,335.84,336.25,335.02,335.25,136.6
2026-02-20 02:15:00,1771553700000,335.25,335.94,333.0,333.42,170.49
2026-02-20 02:30:00,1771554600000,333.42,334.05,332.43,333.0,175.82
2026-02-20 02:45:00,1771555500000,333.0,333.15,331.23,331.75,156.81
2026-02-20 03:00:00,1771556400000,331.75,332.91,331.35,331.85,133.51
2026-02-20 03:15:00,1771557300000,331.85,332.21,330.49,330.87,107.14
2026-02-20 03:30:00,1771558200000,330.87,331.8,330.48,330.59,83.99
2026-02-20 03:45:00,1771559100000,330.59,331.33,329.69,331.04,238.38
2026-02-20 04:00:00,1771560000000,331.04,331.43,330.32,330.81,96.69
2026-02-20 04:15:00,1771560900000,330.81,330.99,329.11,329.86,395.5
2026-02-20 04:30:00,1771561800000,329.86,331.01,329.86,330.9,51.22
2026-02-20 04:45:00,1771562700000,330.9,330.94,328.86,330.66,509.68
2026-02-20 05:00:00,1771563600000,330.66,330.82,329.77,330.15,300.81
2026-02-20 05:15:00,1771564500000,330.15,333.03,330.15,332.24,98.32
2026-02-20 05:30:00,1771565400000,332.24,334.55,332.01,334.41,108.37
2026-02-20 05:45:00,1771566300000,334.41,335.11,333.13,333.82,609.87
2026-02-20 06:00:00,1771567200000,333.82,334.4,332.7,333.41,204.18
2026-02-20 06:15:00,1771568100000,333.41,333.85,333.04,333.68,60.63
2026-02-20 06:30:00,1771569000000,333.68,334.53,332.58,332.8,81.85
2026-02-20 06:45:00,1771569900000,332.8,334.62,332.71,334.21,33.17
2026-02-20 07:00:00,1771570800000,334.21,334.55,333.13,333.35,78.57
2026-02-20 07:15:00,1771571700000,333.35,333.8,331.78,332.19,78.89
2026-02-20 07:30:00,1771572600000,332.19,333.06,331.8,333.02,97.97
2026-02-20 07:45:00,1771573500000,333.02,335.17,332.96,335.13,446.14
2026-02-20 08:00:00,1771574400000,335.13,335.22,334.32,334.32,60.45
2026-02-20 08:15:00,1771575300000,334.32,335.29,334.29,335.05,77.82
2026-02-20 08:30:00,1771576200000,335.05,335.84,334.47,335.84,203.04
2026-02-20 08:45:00,1771577100000,335.84,338.34,334.82,338.08,752.33
2026-02-20 09:00:00,1771578000000,338.08,339.8,337.68,337.68,478.26
2026-02-20 09:15:00,1771578900000,337.68,338.95,336.91,338.5,82.23
2026-02-20 09:30:00,1771579800000,338.5,339.52,337.9,338.54,147.75
2026-02-20 09:45:00,1771580700000,338.54,339.24,337.87,338.1,108.69
2026-02-20 10:00:00,1771581600000,338.1,338.63,336.92,336.92,169.3
2026-02-20 10:15:00,1771582500000,336.92,338.5,336.79,338.15,89.59
2026-02-20 10:30:00,1771583400000,338.15,338.77,337.4,337.71,49.43
2026-02-20 10:45:00,1771584300000,337.71,338.54,336.79,337.22,176.95
2026-02-20 11:00:00,1771585200000,337.22,337.42,336.06,336.44,53.01
2026-02-20 11:15:00,1771586100000,336.44,336.99,335.66,335.86,39.74
2026-02-20 11:30:00,1771587000000,335.86,336.42,334.41,334.47,308.38
2026-02-20 11:45:00,1771587900000,334.47,334.7,332.11,332.21,620.42
2026-02-20 12:00:00,1771588800000,332.21,332.75,330.67,331.77,690.26
2026-02-20 12:15:00,1771589700000,331.77,332.06,327.89,329.0,823.01
2026-02-20 12:30:00,1771590600000,329.0,330.3,328.76,330.06,193.33
2026-02-20 12:45:00,1771591500000,330.06,331.79,329.92,331.39,191.48
2026-02-20 13:00:00,1771592400000,331.39,331.51,329.82,331.39,140.54
2026-02-20 13:15:00,1771593300000,331.39,331.71,329.82,330.9,209.78
2026-02-20 13:30:00,1771594200000,330.9,331.84,329.82,331.02,214.64
2026-02-20 13:45:00,1771595100000,331.02,331.43,329.43,329.66,293.82
2026-02-20 14:00:00,1771596000000,329.66,330.62,329.29,330.06,109.38
2026-02-20 14:15:00,1771596900000,330.06,330.95,328.73,330.09,450.97
2026-02-20 14:30:00,1771597800000,330.09,332.95,329.64,331.8,362.56
2026-02-20 14:45:00,1771598700000,331.8,332.4,330.14,331.54,324.41
2026-02-20 15:00:00,1771599600000,331.54,335.54,331.33,331.85,1526.64
2026-02-20 15:15:00,1771600500000,331.85,334.98,330.79,334.02,507.01
2026-02-20 15:30:00,1771601400000,334.02,335.36,332.69,334.6,323.6
2026-02-20 15:45:00,1771602300000,334.6,335.3,331.18,334.11,735.38
2026-02-20 16:00:00,1771603200000,334.11,335.38,333.43,334.35,305.91
2026-02-20 16:15:00,1771604100000,334.35,335.59,333.2,333.2,517.7
2026-02-20 16:30:00,1771605000000,333.2,333.95,332.54,332.6,341.88
2026-02-20 16:45:00,1771605900000,332.6,334.01,331.99,332.94,202.42
2026-02-20 17:00:00,1771606800000,332.94,334.61,331.26,331.44,363.04
2026-02-20 17:15:00,1771607700000,331.44,332.24,329.91,331.23,446.56
2026-02-20 17:30:00,1771608600000,331.23,332.89,330.0,332.53,231.62
2026-02-20 17:45:00,1771609500000,332.53,333.48,331.62,332.81,198.3
2026-02-20 18:00:00,1771610400000,332.81,333.9,331.87,333.54,532.83
2026-02-20 18:15:00,1771611300000,333.54,333.54,331.92,333.22,84.32
2026-02-20 18:30:00,1771612200000,333.22,333.42,331.29,332.99,659.5
2026-02-20 18:45:00,1771613100000,332.99,333.59,332.59,333.4,116.97
2026-02-20 19:00:00,1771614000000,333.4,334.05,332.16,332.19,204.98
2026-02-20 19:15:00,1771614900000,332.19,332.84,330.78,331.07,167.62
2026-02-20 19:30:00,1771615800000,331.07,332.02,327.66,328.17,882.16
2026-02-20 19:45:00,1771616700000,328.17,329.16,327.53,329.09,204.34
2026-02-20 20:00:00,1771617600000,329.09,330.35,328.39,330.32,86.84
2026-02-20 20:15:00,1771618500000,330.32,330.99,328.97,329.25,177.14
2026-02-20 20:30:00,1771619400000,329.25,330.75,328.8,330.75,73.83
2026-02-20 20:45:00,1771620300000,330.75,331.1,329.9,330.89,47.21
2026-02-20 21:00:00,1771621200000,330.89,331.99,330.85,331.72,67.69
2026-02-20 21:15:00,1771622100000,331.72,333.56,331.15,333.56,179.52
2026-02-20 21:30:00,1771623000000,333.56,333.74,333.04,333.62,109.97
2026-02-20 21:45:00,1771623900000,333.62,334.24,333.45,333.6,305.94
2026-02-20 22:00:00,1771624800000,333.6,334.04,332.56,333.3,186.05
2026-02-20 22:15:00,1771625700000,333.3,335.25,333.25,335.13,76.86
2026-02-20 22:30:00,1771626600000,335.13,335.43,333.21,333.66,118.91
2026-02-20 22:45:00,1771627500000,333.66,334.47,333.61,334.31,116.32
2026-02-20 23:00:00,1771628400000,334.31,335.4,333.35,333.35,246.85
2026-02-20 23:15:00,1771629300000,333.35,334.06,333.0,333.63,111.48
2026-02-20 23:30:00,1771630200000,333.63,333.71,331.79,331.89,114.15
2026-02-20 23:45:00,1771631100000,331.89,332.12,331.28,331.7,63.93
2026-02-21 00:00:00,1771632000000,331.7,332.19,330.83,331.16,95.56
2026-02-21 00:15:00,1771632900000,331.16,332.13,330.49,331.49,95.31
2026-02-21 00:30:00,1771633800000,331.49,331.61,329.72,330.05,118.17
2026-02-21 00:45:00,1771634700000,330.05,330.3,328.0,328.76,211.94
2026-02-21 01:00:00,1771635600000,328.76,330.31,328.45,329.74,115.19
2026-02-21 01:15:00,1771636500000,329.74,331.61,329.74,331.27,190.03
2026-02-21 01:30:00,1771637400000,331.27,332.77,331.13,332.69,101.25
2026-02-21 01:45:00,1771638300000,332.69,334.63,332.69,334.08,257.96
2026-02-21 02:00:00,1771639200000,334.08,334.23,331.79,332.02,218.5
2026-02-21 02:15:00,1771640100000,332.02,332.44,331.17,331.75,186.64
2026-02-21 02:30:00,1771641000000,331.75,333.94,331.46,333.92,239.46
2026-02-21 02:45:00,1771641900000,333.92,334.01,331.94,331.95,90.98
2026-02-21 03:00:00,1771642800000,331.95,332.25,329.55,329.73,174.48
2026-02-21 03:15:00,1771643700000,329.73,330.99,329.04,329.95,304.52
2026-02-21 03:30:00,1771644600000,329.95,330.53,328.13,328.29,159.83
2026-02-21 03:45:00,1771645500000,328.29,329.05,327.55,329.05,128.82
2026-02-21 04:00:00,1771646400000,329.05,330.52,328.45,330.29,166.18
2026-02-21 04:15:00,1771647300000,330.29,331.34,329.78,330.73,106.02
2026-02-21 04:30:00,1771648200000,330.73,330.81,329.27,330.61,110.3
2026-02-21 04:45:00,1771649100000,330.61,331.66,329.76,331.53,63.5
2026-02-21 05:00:00,1771650000000,331.53,332.03,331.22,331.23,121.21
2026-02-21 05:15:00,1771650900000,331.23,332.94,331.23,332.15,86.34
2026-02-21 05:30:00,1771651800000,332.15,332.3,330.56,331.48,60.18
2026-02-21 05:45:00,1771652700000,331.48,331.48,330.58,331.24,49.18
2026-02-21 06:00:00,1771653600000,331.24,332.94,330.91,332.59,102.86
2026-02-21 06:15:00,1771654500000,332.59,333.26,332.36,332.96,148.9
2026-02-21 06:30:00,1771655400000,332.96,333.03,329.75,329.78,124.4
2026-02-21 06:45:00,1771656300000,329.78,330.4,329.56,330.05,158.68
2026-02-21 07:00:00,1771657200000,330.05,330.98,329.68,329.73,125.52
2026-02-21 07:15:00,1771658100000,329.73,331.58,329.51,331.52,147.53
2026-02-21 07:30:00,1771659000000,331.52,331.58,329.11,329.22,231.47
2026-02-21 07:45:00,1771659900000,329.22,331.94,329.13,330.93,347.04
2026-02-21 08:00:00,1771660800000,330.93,332.61,330.39,332.51,216.04
2026-02-21 08:15:00,1771661700000,332.51,332.95,330.08,330.46,132.25
2026-02-21 08:30:00,1771662600000,330.46,331.68,330.41,331.03,120.26
2026-02-21 08:45:00,1771663500000,331.03,332.42,330.47,331.85,113.92
2026-02-21 09:00:00,1771664400000,331.85,331.98,329.85,329.9,207.76
2026-02-21 09:15:00,1771665300000,329.9,332.59,329.33,332.16,310.07
2026-02-21 09:30:00,1771666200000,332.16,332.63,331.16,331.7,138.09
2026-02-21 09:45:00,1771667100000,331.7,331.95,330.4,330.45,173.82
2026-02-21 10:00:00,1771668000000,330.45,330.75,330.22,330.49,70.07
2026-02-21 10:15:00,1771668900000,330.49,330.72,330.08,330.39,76.94
2026-02-21 10:30:00,1771669800000,330.39,331.0,329.31,329.34,86.85
2026-02-21 10:45:00,1771670700000,329.34,329.57,329.06,329.35,188.57
2026-02-21 11:00:00,1771671600000,329.35,329.52,328.64,329.26,157.41
2026-02-21 11:15:00,1771672500000,329.26,329.86,328.64,329.35,131.15
2026-02-21 11:30:00,1771673400000,329.35,330.5,328.5,328.67,259.64
2026-02-21 11:45:00,1771674300000,328.67,328.78,328.07,328.16,94.26
2026-02-21 12:00:00,1771675200000,328.16,328.22,326.39,326.99,508.01
2026-02-21 12:15:00,1771676100000,326.99,327.3,325.92,326.1,205.15
2026-02-21 12:30:00,1771677000000,326.1,326.5,325.69,326.5,166.22
2026-02-21 12:45:00,1771677900000,326.5,328.39,326.12,327.82,323.65
2026-02-21 13:00:00,1771678800000,327.82,330.0,327.6,328.23,280.61
2026-02-21 13:15:00,1771679700000,328.23,328.38,326.72,327.3,272.35
2026-02-21 13:30:00,1771680600000,327.3,328.75,327.3,328.21,208.22
2026-02-21 13:45:00,1771681500000,328.21,328.75,328.18,328.6,196.58
2026-02-21 14:00:00,1771682400000,328.6,328.85,328.07,328.18,72.01
2026-02-21 14:15:00,1771683300000,328.18,329.17,327.81,327.93,161.0
2026-02-21 14:30:00,1771684200000,327.93,328.61,327.71,328.45,62.75
2026-02-21 14:45:00,1771685100000,328.45,328.95,327.58,328.41,125.08
2026-02-21 15:00:00,1771686000000,328.41,328.57,327.7,328.14,106.29
2026-02-21 15:15:00,1771686900000,328.14,328.14,326.8,327.54,287.74
2026-02-21 15:30:00,1771687800000,327.54,328.88,327.29,328.35,289.21
2026-02-21 15:45:00,1771688700000,328.35,329.01,327.0,327.76,213.66
2026-02-21 16:00:00,1771689600000,327.76,327.98,326.14,326.34,57.39
2026-02-21 16:15:00,1771690500000,326.34,326.46,325.67,326.3,150.11
2026-02-21 16:30:00,1771691400000,326.3,327.15,326.04,326.89,65.5
2026-02-21 16:45:00,1771692300000,326.89,327.13,326.27,326.76,91.99
2026-02-21 17:00:00,1771693200000,326.76,327.24,326.4,327.15,38.51
2026-02-21 17:15:00,1771694100000,327.15,328.25,326.66,327.16,140.93
2026-02-21 17:30:00,1771695000000,327.16,328.96,327.1,328.83,135.38
2026-02-21 17:45:00,1771695900000,328.83,329.13,328.37,328.56,95.85
2026-02-21 18:00:00,1771696800000,328.56,330.33,328.37,329.52,269.27
2026-02-21 18:15:00,1771697700000,329.52,331.61,329.47,330.55,249.91
2026-02-21 18:30:00,1771698600000,330.55,331.19,330.16,331.05,182.91
2026-02-21 18:45:00,1771699500000,331.05,332.29,330.6,331.43,236.64
2026-02-21 19:00:00,1771700400000,331.43,332.29,330.56,330.56,112.69
2026-02-21 19:15:00,1771701300000,330.56,331.34,329.9,330.25,201.03
2026-02-21 19:30:00,1771702200000,330.25,330.25,328.09,328.48,173.76
2026-02-21 19:45:00,1771703100000,328.48,328.84,327.52,327.68,272.56
2026-02-21 20:00:00,1771704000000,327.68,328.17,326.31,327.18,222.68
2026-02-21 20:15:00,1771704900000,327.18,329.42,326.96,328.59,249.89
2026-02-21 20:30:00,1771705800000,328.59,329.12,327.97,328.89,116.12
2026-02-21 20:45:00,1771706700000,328.89,329.68,327.75,327.85,175.26
2026-02-21 21:00:00,1771707600000,327.85,328.37,326.77,327.11,177.37
2026-02-21 21:15:00,1771708500000,327.11,327.91,326.84,327.24,143.07
2026-02-21 21:30:00,1771709400000,327.24,328.16,327.11,328.08,198.67
2026-02-21 21:45:00,1771710300000,328.08,328.34,326.11,326.32,164.26
2026-02-21 22:00:00,1771711200000,326.32,327.2,325.03,325.65,515.06
2026-02-21 22:15:00,1771712100000,325.65,327.46,325.57,327.43,67.75
2026-02-21 22:30:00,1771713000000,327.43,327.82,327.15,327.55,51.85
2026-02-21 22:45:00,1771713900000,327.55,328.21,327.5,327.99,119.77
2026-02-21 23:00:00,1771714800000,327.99,327.99,326.4,326.4,73.8
2026-02-21 23:15:00,1771715700000,326.4,326.79,325.43,325.86,330.67
2026-02-21 23:30:00,1771716600000,325.86,326.79,325.78,326.19,75.23
2026-02-21 23:45:00,1771717500000,326.19,326.99,325.85,326.59,318.29
2026-02-22 00:00:00,1771718400000,326.59,326.67,325.36,325.37,74.47
2026-02-22 00:15:00,1771719300000,325.37,325.67,323.1,323.53,346.26
2026-02-22 00:30:00,1771720200000,323.53,323.73,320.8,320.86,723.4
2026-02-22 00:45:00,1771721100000,320.86,321.52,320.64,321.49,89.14
2026-02-22 01:00:00,1771722000000,321.49,322.19,321.0,322.17,110.93
2026-02-22 01:15:00,1771722900000,322.17,323.98,322.17,323.12,165.06
2026-02-22 01:30:00,1771723800000,323.12,323.77,322.71,323.77,56.28
2026-02-22 01:45:00,1771724700000,323.77,324.0,323.22,323.38,97.78
2026-02-22 02:00:00,1771725600000,323.38,323.38,322.01,323.07,182.97
2026-02-22 02:15:00,1771726500000,323.07,324.35,322.52,324.25,161.78
2026-02-22 02:30:00,1771727400000,324.25,325.31,323.95,324.74,281.6
2026-02-22 02:45:00,1771728300000,324.74,325.16,323.92,324.19,179.21
2026-02-22 03:00:00,1771729200000,324.19,324.75,323.25,323.3,49.52
2026-02-22 03:15:00,1771730100000,323.3,323.68,322.22,323.41,112.17
2026-02-22 03:30:00,1771731000000,323.41,324.37,323.17,323.73,148.51
2026-02-22 03:45:00,1771731900000,323.73,324.37,323.22,324.24,72.22
2026-02-22 04:00:00,1771732800000,324.24,325.0,324.22,324.41,64.53
2026-02-22 04:15:00,1771733700000,324.41,325.2,323.69,325.0,567.54
2026-02-22 04:30:00,1771734600000,325.0,325.41,324.87,325.37,50.85
2026-02-22 04:45:00,1771735500000,325.37,325.37,322.41,323.43,216.67
2026-02-22 05:00:00,1771736400000,323.43,324.64,323.43,323.88,135.0
2026-02-22 05:15:00,1771737300000,323.88,324.41,323.15,324.41,41.38
2026-02-22 05:30:00,1771738200000,324.41,324.61,323.32,323.5,178.65
2026-02-22 05:45:00,1771739100000,323.5,323.74,320.78,321.77,137.06
2026-02-22 06:00:00,1771740000000,321.77,322.09,320.09,320.42,476.93
2026-02-22 06:15:00,1771740900000,320.42,321.34,319.35,319.36,818.07
2026-02-22 06:30:00,1771741800000,319.36,321.64,319.36,321.3,89.36
2026-02-22 06:45:00,1771742700000,321.3,321.54,320.22,320.47,88.35
2026-02-22 07:00:00,1771743600000,320.47,321.32,320.0,320.02,106.36
2026-02-22 07:15:00,1771744500000,320.02,320.2,319.02,319.18,200.85
2026-02-22 07:30:00,1771745400000,319.18,320.55,319.18,320.55,261.67
2026-02-22 07:45:00,1771746300000,320.55,320.85,319.66,320.77,104.02
2026-02-22 08:00:00,1771747200000,320.77,322.9,320.14,322.73,376.65
2026-02-22 08:15:00,1771748100000,322.73,324.04,321.69,322.75,614.0
2026-02-22 08:30:00,1771749000000,322.75,323.88,321.15,322.17,259.53
2026-02-22 08:45:00,1771749900000,322.17,322.89,321.95,322.3,138.04
2026-02-22 09:00:00,1771750800000,322.3,322.98,322.1,322.44,213.79
2026-02-22 09:15:00,1771751700000,322.44,324.45,322.35,323.95,338.36
2026-02-22 09:30:00,1771752600000,323.95,325.58,323.85,324.74,247.22
2026-02-22 09:45:00,1771753500000,324.74,325.84,323.83,324.3,230.28
2026-02-22 10:00:00,1771754400000,324.3,324.7,322.37,323.28,691.34
2026-02-22 10:15:00,1771755300000,323.28,323.8,322.81,323.8,83.74
2026-02-22 10:30:00,1771756200000,323.8,324.78,323.64,323.75,191.42
2026-02-22 10:45:00,1771757100000,323.75,323.9,322.13,323.54,159.53
2026-02-22 11:00:00,1771758000000,323.54,324.22,322.62,323.1,221.62
2026-02-22 11:15:00,1771758900000,323.1,323.38,322.09,322.29,166.18
2026-02-22 11:30:00,1771759800000,322.29,323.46,322.29,323.18,106.43
2026-02-22 11:45:00,1771760700000,323.18,323.6,321.3,321.91,510.02
2026-02-22 12:00:00,1771761600000,321.91,322.14,319.24,319.46,226.7
2026-02-22 12:15:00,1771762500000,319.46,320.25,318.83,320.19,226.96
2026-02-22 12:30:00,1771763400000,320.19,320.34,319.25,319.72,288.47
2026-02-22 12:45:00,1771764300000,319.72,320.47,318.67,318.83,133.0
2026-02-22 13:00:00,1771765200000,318.83,320.77,317.95,320.45,1276.0
2026-02-22 13:15:00,1771766100000,320.45,321.02,320.12,320.24,124.72
2026-02-22 13:30:00,1771767000000,320.24,320.41,318.0,319.14,261.66
2026-02-22 13:45:00,1771767900000,319.14,320.29,317.56,320.11,1196.24
2026-02-22 14:00:00,1771768800000,320.11,320.87,319.71,320.34,207.11
2026-02-22 14:15:00,1771769700000,320.34,320.6,319.36,320.52,135.11
2026-02-22 14:30:00,1771770600000,320.52,321.61,320.48,321.02,339.05
2026-02-22 14:45:00,1771771500000,321.02,321.88,320.43,321.65,315.5
2026-02-22 15:00:00,1771772400000,321.65,321.79,320.15,321.5,72.85
2026-02-22 15:15:00,1771773300000,321.5,322.32,321.17,322.32,195.33
2026-02-22 15:30:00,1771774200000,322.32,324.0,321.97,323.34,199.68
2026-02-22 15:45:00,1771775100000,323.34,323.85,319.88,320.9,885.56
2026-02-22 16:00:00,1771776000000,320.9,321.98,320.71,321.06,152.32
2026-02-22 16:15:00,1771776900000,321.06,322.31,320.46,322.24,104.43
2026-02-22 16:30:00,1771777800000,322.24,323.53,321.96,322.31,211.11
2026-02-22 16:45:00,1771778700000,322.31,323.61,322.31,323.41,163.32
2026-02-22 17:00:00,1771779600000,323.41,323.41,321.53,322.17,173.15
2026-02-22 17:15:00,1771780500000,322.17,322.2,321.02,321.5,63.35
2026-02-22 17:30:00,1771781400000,321.5,321.87,320.92,320.96,132.52
2026-02-22 17:45:00,1771782300000,320.96,322.44,320.96,322.35,46.54
2026-02-22 18:00:00,1771783200000,322.35,322.45,320.2,321.64,152.38
2026-02-22 18:15:00,1771784100000,321.64,322.05,321.05,321.95,43.19
2026-02-22 18:30:00,1771785000000,321.95,323.05,321.69,322.74,63.88
2026-02-22 18:45:00,1771785900000,322.74,323.41,322.7,323.37,169.35
2026-02-22 19:00:00,1771786800000,323.37,324.4,321.98,323.3,217.53
2026-02-22 19:15:00,1771787700000,323.3,324.96,323.2,324.45,363.39
2026-02-22 19:30:00,1771788600000,324.45,325.83,324.19,325.41,255.64
2026-02-22 19:45:00,1771789500000,325.41,325.41,323.02,323.62,546.91
2026-02-22 20:00:00,1771790400000,323.62,324.39,322.04,322.41,206.68
2026-02-22 20:15:00,1771791300000,322.41,323.5,322.1,323.5,136.09
2026-02-22 20:30:00,1771792200000,323.5,323.59,322.05,322.55,123.01
2026-02-22 20:45:00,1771793100000,322.55,323.66,322.55,322.76,116.11
2026-02-22 21:00:00,1771794000000,322.76,323.65,322.46,322.62,63.2
2026-02-22 21:15:00,1771794900000,322.62,324.64,322.46,324.28,161.01
2026-02-22 21:30:00,1771795800000,324.28,324.55,323.31,324.04,93.51
2026-02-22 21:45:00,1771796700000,324.04,325.08,323.63,325.08,227.0
2026-02-22 22:00:00,1771797600000,325.08,326.9,325.06,326.06,391.07
2026-02-22 22:15:00,1771798500000,326.06,327.79,326.05,327.09,135.65
2026-02-22 22:30:00,1771799400000,327.09,327.45,325.46,327.35,106.36
2026-02-22 22:45:00,1771800300000,327.35,327.5,326.47,326.47,97.37
2026-02-22 23:00:00,1771801200000,326.47,327.45,325.84,326.47,276.3
2026-02-22 23:15:00,1771802100000,326.47,327.37,326.31,327.34,89.48
2026-02-22 23:30:00,1771803000000,327.34,327.34,326.26,327.33,421.99
2026-02-22 23:45:00,1771803900000,327.33,328.66,327.16,328.08,370.45
2026-02-23 00:00:00,1771804800000,328.08,328.5,327.62,328.4,129.95
2026-02-23 00:15:00,1771805700000,328.4,328.48,327.71,327.71,471.73
2026-02-23 00:30:00,1771806600000,327.71,327.72,324.41,324.83,812.28
2026-02-23 00:45:00,1771807500000,324.83,325.24,322.78,322.84,139.01
2026-02-23 01:00:00,1771808400000,322.84,322.85,314.5,314.9,1902.37
2026-02-23 01:15:00,1771809300000,314.9,315.17,311.69,311.73,1282.11
2026-02-23 01:30:00,1771810200000,311.73,313.22,310.56,312.06,973.09
2026-02-23 01:45:00,1771811100000,312.06,312.44,306.76,307.65,2700.25
2026-02-23 02:00:00,1771812000000,307.65,309.86,306.99,309.75,328.44
2026-02-23 02:15:00,1771812900000,309.75,310.05,307.46,308.53,258.39
2026-02-23 02:30:00,1771813800000,308.53,311.43,308.43,310.44,543.75
2026-02-23 02:45:00,1771814700000,310.44,310.7,309.25,309.5,137.74
2026-02-23 03:00:00,1771815600000,309.5,312.85,309.41,312.19,411.16
2026-02-23 03:15:00,1771816500000,312.19,312.88,310.34,310.75,341.54
2026-02-23 03:30:00,1771817400000,310.75,313.43,310.7,313.27,281.04
2026-02-23 03:45:00,1771818300000,313.27,313.52,312.25,312.53,366.11
2026-02-23 04:00:00,1771819200000,312.53,312.86,310.75,311.6,261.25
2026-02-23 04:15:00,1771820100000,311.6,312.63,310.68,311.69,283.36
2026-02-23 04:30:00,1771821000000,311.69,312.02,308.4,309.84,623.88
2026-02-23 04:45:00,1771821900000,309.84,310.63,308.68,310.63,168.82
2026-02-23 05:00:00,1771822800000,310.63,313.34,310.63,313.21,260.79
2026-02-23 05:15:00,1771823700000,313.21,313.21,311.81,312.45,127.48
2026-02-23 05:30:00,1771824600000,312.45,313.26,311.78,312.7,174.31
2026-02-23 05:45:00,1771825500000,312.7,312.74,309.83,310.74,272.81
2026-02-23 06:00:00,1771826400000,310.74,313.38,310.5,313.08,292.06
2026-02-23 06:15:00,1771827300000,313.08,313.61,312.25,312.99,195.22
2026-02-23 06:30:00,1771828200000,312.99,313.71,312.33,313.39,254.51
2026-02-23 06:45:00,1771829100000,313.39,315.08,313.25,314.69,283.7
2026-02-23 07:00:00,1771830000000,314.69,315.47,313.56,315.15,594.36
2026-02-23 07:15:00,1771830900000,315.15,315.46,314.26,315.4,260.11
2026-02-23 07:30:00,1771831800000,315.4,316.63,314.86,316.11,265.28
2026-02-23 07:45:00,1771832700000,316.11,320.0,316.11,319.97,765.85
2026-02-23 08:00:00,1771833600000,319.97,320.8,318.96,320.72,352.68
2026-02-23 08:15:00,1771834500000,320.72,322.18,319.45,320.59,617.31
2026-02-23 08:30:00,1771835400000,320.59,321.56,319.84,320.15,286.11
2026-02-23 08:45:00,1771836300000,320.15,320.58,319.03,319.33,205.54
2026-02-23 09:00:00,1771837200000,319.33,323.48,319.33,323.44,423.33
2026-02-23 09:15:00,1771838100000,323.44,324.18,322.3,323.75,616.55
2026-02-23 09:30:00,1771839000000,323.75,327.74,323.75,326.29,667.46
2026-02-23 09:45:00,1771839900000,326.29,327.06,324.32,325.45,529.5
2026-02-23 10:00:00,1771840800000,325.45,326.82,324.64,324.79,391.48
2026-02-23 10:15:00,1771841700000,324.79,325.52,322.76,323.23,677.63
2026-02-23 10:30:00,1771842600000,323.23,324.74,322.93,324.19,237.05
2026-02-23 10:45:00,1771843500000,324.19,325.17,323.0,323.0,597.03
2026-02-23 11:00:00,1771844400000,323.0,323.98,321.2,321.2,291.02
2026-02-23 11:15:00,1771845300000,321.2,321.72,319.54,319.54,563.53
2026-02-23 11:30:00,1771846200000,319.54,319.8,317.07,317.07,435.09
2026-02-23 11:45:00,1771847100000,317.07,317.47,316.15,316.73,260.23
2026-02-23 12:00:00,1771848000000,316.73,318.81,316.73,318.32,379.12
2026-02-23 12:15:00,1771848900000,318.32,318.83,317.75,318.26,166.03
2026-02-23 12:30:00,1771849800000,318.26,319.19,316.73,318.58,203.61
2026-02-23 12:45:00,1771850700000,318.58,318.63,317.1,317.71,153.45
2026-02-23 13:00:00,1771851600000,317.71,319.97,317.57,318.88,467.05
2026-02-23 13:15:00,1771852500000,318.88,319.32,318.2,318.7,314.86
2026-02-23 13:30:00,1771853400000,318.7,319.22,317.12,318.16,347.0
2026-02-23 13:45:00,1771854300000,318.16,318.35,316.0,316.43,204.04
2026-02-23 14:00:00,1771855200000,316.43,318.03,315.7,316.38,471.78
2026-02-23 14:15:00,1771856100000,316.38,316.39,314.65,316.0,633.8
2026-02-23 14:30:00,1771857000000,316.0,317.29,315.14,316.75,555.39
2026-02-23 14:45:00,1771857900000,316.75,317.39,314.3,317.3,313.96
2026-02-23 15:00:00,1771858800000,317.3,318.0,316.2,317.1,258.49
2026-02-23 15:15:00,1771859700000,317.1,317.38,314.72,314.97,234.47
2026-02-23 15:30:00,1771860600000,314.97,316.08,314.3,316.08,225.83
2026-02-23 15:45:00,1771861500000,316.08,316.41,314.66,315.38,129.93
2026-02-23 16:00:00,1771862400000,315.38,315.6,312.51,313.05,604.76
2026-02-23 16:15:00,1771863300000,313.05,316.4,312.94,315.79,334.96
2026-02-23 16:30:00,1771864200000,315.79,315.85,313.82,313.85,213.78
2026-02-23 16:45:00,1771865100000,313.85,314.54,312.92,313.91,163.74
2026-02-23 17:00:00,1771866000000,313.91,314.62,311.4,311.51,565.24
2026-02-23 17:15:00,1771866900000,311.51,312.35,308.77,309.22,434.92
2026-02-23 17:30:00,1771867800000,309.22,309.85,308.35,308.61,629.13
2026-02-23 17:45:00,1771868700000,308.61,310.0,307.21,309.9,513.29
2026-02-23 18:00:00,1771869600000,309.9,312.23,309.51,311.99,402.31
2026-02-23 18:15:00,1771870500000,311.99,312.51,310.56,312.05,295.7
2026-02-23 18:30:00,1771871400000,312.05,313.02,311.01,312.14,210.44
2026-02-23 18:45:00,1771872300000,312.14,313.5,309.39,309.58,311.09
2026-02-23 19:00:00,1771873200000,309.58,309.75,306.89,309.01,483.29
2026-02-23 19:15:00,1771874100000,309.01,309.18,307.52,308.57,151.53
2026-02-23 19:30:00,1771875000000,308.57,309.9,308.11,309.23,152.78
2026-02-23 19:45:00,1771875900000,309.23,309.65,308.23,309.1,402.38
2026-02-23 20:00:00,1771876800000,309.1,309.26,305.55,306.17,521.7
2026-02-23 20:15:00,1771877700000,306.17,306.72,304.99,305.49,357.01
2026-02-23 20:30:00,1771878600000,305.49,306.24,304.47,305.42,329.17
2026-02-23 20:45:00,1771879500000,305.42,305.86,304.64,305.25,153.53
2026-02-23 21:00:00,1771880400000,305.25,307.46,305.15,307.46,216.43
2026-02-23 21:15:00,1771881300000,307.46,308.5,307.19,307.97,298.4
2026-02-23 21:30:00,1771882200000,307.97,309.22,307.5,308.32,184.41
2026-02-23 21:45:00,1771883100000,308.32,309.24,308.06,308.2,79.77
2026-02-23 22:00:00,1771884000000,308.2,309.86,307.95,309.44,184.2
2026-02-23 22:15:00,1771884900000,309.44,310.69,309.15,310.64,165.03
2026-02-23 22:30:00,1771885800000,310.64,311.14,310.49,310.91,84.46
2026-02-23 22:45:00,1771886700000,310.91,310.91,308.48,308.48,164.73
2026-02-23 23:00:00,1771887600000,308.48,309.4,308.36,309.1,135.82
2026-02-23 23:15:00,1771888500000,309.1,309.19,306.65,306.95,171.13
2026-02-23 23:30:00,1771889400000,306.95,307.45,305.96,306.22,103.57
2026-02-23 23:45:00,1771890300000,306.22,307.79,306.22,307.63,82.82
2026-02-24 00:00:00,1771891200000,307.63,308.63,307.51,308.3,305.38
2026-02-24 00:15:00,1771892100000,308.3,308.52,305.0,305.93,198.96
2026-02-24 00:30:00,1771893000000,305.93,306.29,305.71,306.22,68.69
2026-02-24 00:45:00,1771893900000,306.22,306.37,305.76,306.15,44.44
2026-02-24 01:00:00,1771894800000,306.15,306.19,304.34,304.65,81.48
2026-02-24 01:15:00,1771895700000,304.65,307.34,302.0,307.06,582.11
2026-02-24 01:30:00,1771896600000,307.06,308.76,306.61,308.36,208.83
2026-02-24 01:45:00,1771897500000,308.36,309.39,307.56,307.63,285.97
2026-02-24 02:00:00,1771898400000,307.63,309.42,307.25,309.05,430.32
2026-02-24 02:15:00,1771899300000,309.05,310.82,308.22,310.44,233.91
2026-02-24 02:30:00,1771900200000,310.44,311.48,309.76,310.5,309.63
2026-02-24 02:45:00,1771901100000,310.5,310.5,307.0,307.58,174.72
2026-02-24 03:00:00,1771902000000,307.58,307.86,306.44,307.35,474.38
2026-02-24 03:15:00,1771902900000,307.35,310.5,307.3,308.49,1272.04
2026-02-24 03:30:00,1771903800000,308.49,309.54,306.95,307.37,103.56
2026-02-24 03:45:00,1771904700000,307.37,307.66,306.3,306.7,268.03
2026-02-24 04:00:00,1771905600000,306.7,307.14,305.55,306.0,164.27
2026-02-24 04:15:00,1771906500000,306.0,307.72,305.47,306.43,209.76
2026-02-24 04:30:00,1771907400000,306.43,309.85,306.07,308.71,348.44
2026-02-24 04:45:00,1771908300000,308.71,308.73,306.38,307.57,886.93
2026-02-24 05:00:00,1771909200000,307.57,309.42,307.06,309.42,159.52
2026-02-24 05:15:00,1771910100000,309.42,309.49,307.12,308.82,349.85
2026-02-24 05:30:00,1771911000000,308.82,311.18,308.52,310.3,590.97
2026-02-24 05:45:00,1771911900000,310.3,311.45,309.7,310.97,159.43
2026-02-24 06:00:00,1771912800000,310.97,314.38,310.6,314.33,1057.03
2026-02-24 06:15:00,1771913700000,314.33,318.09,314.06,315.58,886.55
2026-02-24 06:30:00,1771914600000,315.58,319.09,315.41,319.04,653.48
2026-02-24 06:45:00,1771915500000,319.04,319.15,314.8,315.77,707.72
2026-02-24 07:00:00,1771916400000,315.77,317.21,314.15,315.66,494.53
2026-02-24 07:15:00,1771917300000,315.66,317.47,313.91,315.49,457.41
2026-02-24 07:30:00,1771918200000,315.49,316.12,314.84,315.1,250.09
2026-02-24 07:45:00,1771919100000,315.1,315.64,313.63,313.63,336.79
2026-02-24 08:00:00,1771920000000,313.63,315.04,313.47,314.81,117.96
2026-02-24 08:15:00,1771920900000,314.81,315.21,312.3,312.56,833.46
2026-02-24 08:30:00,1771921800000,312.56,315.47,312.28,315.03,481.22
2026-02-24 08:45:00,1771922700000,315.03,315.54,313.7,315.0,224.01
2026-02-24 09:00:00,1771923600000,315.0,315.54,313.57,314.64,336.03
2026-02-24 09:15:00,1771924500000,314.64,316.99,313.96,315.9,528.75
2026-02-24 09:30:00,1771925400000,315.9,318.19,315.12,318.19,521.57
2026-02-24 09:45:00,1771926300000,318.19,318.77,317.16,317.84,327.61
2026-02-24 10:00:00,1771927200000,317.84,318.44,316.51,318.22,304.61
2026-02-24 10:15:00,1771928100000,318.22,320.72,318.22,320.29,437.29
2026-02-24 10:30:00,1771929000000,320.29,321.79,319.79,321.67,947.79
2026-02-24 10:45:00,1771929900000,321.67,324.22,321.51,324.1,616.96
2026-02-24 11:00:00,1771930800000,324.1,326.06,323.73,324.67,673.46
2026-02-24 11:15:00,1771931700000,324.67,326.0,323.75,325.92,252.74
2026-02-24 11:30:00,1771932600000,325.92,326.26,323.49,323.98,475.86
2026-02-24 11:45:00,1771933500000,323.98,324.24,321.81,323.84,650.92
2026-02-24 12:00:00,1771934400000,323.84,326.14,322.88,326.1,360.53
2026-02-24 12:15:00,1771935300000,326.1,327.5,323.47,324.53,683.1
2026-02-24 12:30:00,1771936200000,324.53,325.96,323.37,325.76,677.24
2026-02-24 12:45:00,1771937100000,325.76,325.76,321.93,322.03,939.2
2026-02-24 13:00:00,1771938000000,322.03,322.23,319.98,320.34,595.33
2026-02-24 13:15:00,1771938900000,320.34,320.7,319.5,320.24,442.0
2026-02-24 13:30:00,1771939800000,320.24,321.39,318.5,321.07,431.73
2026-02-24 13:45:00,1771940700000,321.07,322.5,319.26,322.15,977.52
2026-02-24 14:00:00,1771941600000,322.15,322.76,320.52,322.1,1268.22
2026-02-24 14:15:00,1771942500000,322.1,322.99,320.61,320.9,405.12
2026-02-24 14:30:00,1771943400000,320.9,322.0,317.81,320.79,1202.37
2026-02-24 14:45:00,1771944300000,320.79,326.72,320.63,325.17,874.34
2026-02-24 15:00:00,1771945200000,325.17,329.65,324.81,328.2,2078.8
2026-02-24 15:15:00,1771946100000,328.2,329.4,326.36,326.9,712.81
2026-02-24 15:30:00,1771947000000,326.9,327.37,325.05,326.49,546.88
2026-02-24 15:45:00,1771947900000,326.49,327.76,325.15,325.15,626.34
2026-02-24 16:00:00,1771948800000,325.15,327.69,324.21,324.75,1018.95
2026-02-24 16:15:00,1771949700000,324.75,325.4,323.88,324.45,459.92
2026-02-24 16:30:00,1771950600000,324.45,324.48,322.56,324.24,315.08
2026-02-24 16:45:00,1771951500000,324.24,325.04,321.22,323.11,786.57
2026-02-24 17:00:00,1771952400000,323.11,324.69,320.93,323.71,1022.17
2026-02-24 17:15:00,1771953300000,323.71,323.99,319.92,320.65,878.36
2026-02-24 17:30:00,1771954200000,320.65,322.15,320.1,321.88,167.35
2026-02-24 17:45:00,1771955100000,321.88,324.04,321.6,323.75,215.23
2026-02-24 18:00:00,1771956000000,323.75,324.96,322.34,322.64,217.09
2026-02-24 18:15:00,1771956900000,322.64,325.15,322.03,324.55,999.93
2026-02-24 18:30:00,1771957800000,324.55,325.79,323.81,325.32,467.25
2026-02-24 18:45:00,1771958700000,325.32,326.49,324.43,326.06,329.68
2026-02-24 19:00:00,1771959600000,326.06,326.89,325.38,325.38,260.67
2026-02-24 19:15:00,1771960500000,325.38,326.0,324.38,324.97,586.87
2026-02-24 19:30:00,1771961400000,324.97,325.32,323.44,324.84,490.55
2026-02-24 19:45:00,1771962300000,324.84,325.61,322.77,323.26,307.84
2026-02-24 20:00:00,1771963200000,323.26,324.14,321.67,322.29,181.18
2026-02-24 20:15:00,1771964100000,322.29,322.6,321.65,321.69,157.84
2026-02-24 20:30:00,1771965000000,321.69,323.92,321.69,323.79,119.73
2026-02-24 20:45:00,1771965900000,323.79,328.05,323.45,325.76,828.23
2026-02-24 21:00:00,1771966800000,325.76,327.1,324.83,326.5,279.73
2026-02-24 21:15:00,1771967700000,326.5,327.79,325.94,325.94,176.18
2026-02-24 21:30:00,1771968600000,325.94,326.76,325.55,326.47,158.43
2026-02-24 21:45:00,1771969500000,326.47,326.8,325.25,326.35,192.77
2026-02-24 22:00:00,1771970400000,326.35,327.49,326.19,327.09,159.29
2026-02-24 22:15:00,1771971300000,327.09,328.0,327.0,327.75,108.91
2026-02-24 22:30:00,1771972200000,327.75,327.85,325.15,325.24,68.61
2026-02-24 22:45:00,1771973100000,325.24,326.34,325.24,325.58,151.81
2026-02-24 23:00:00,1771974000000,325.58,325.58,323.36,323.88,246.59
2026-02-24 23:15:00,1771974900000,323.88,324.23,322.8,323.52,209.05
2026-02-24 23:30:00,1771975800000,323.52,323.6,321.0,321.0,118.08
2026-02-24 23:45:00,1771976700000,321.0,322.0,320.48,321.5,304.17
2026-02-25 00:00:00,1771977600000,321.5,322.93,320.88,322.7,527.27
2026-02-25 00:15:00,1771978500000,322.7,322.7,320.58,322.22,167.99
2026-02-25 00:30:00,1771979400000,322.22,325.24,322.22,324.98,493.49
2026-02-25 00:45:00,1771980300000,324.98,325.74,324.58,325.6,133.48
2026-02-25 01:00:00,1771981200000,325.6,328.49,325.19,328.04,439.4
2026-02-25 01:15:00,1771982100000,328.04,332.99,327.38,331.56,1645.61
2026-02-25 01:30:00,1771983000000,331.56,332.69,330.24,330.3,671.92
2026-02-25 01:45:00,1771983900000,330.3,333.54,330.1,331.64,752.74
2026-02-25 02:00:00,1771984800000,331.64,335.13,331.41,334.13,629.92
2026-02-25 02:15:00,1771985700000,334.13,334.19,332.49,332.95,284.5
2026-02-25 02:30:00,1771986600000,332.95,333.05,331.6,331.62,430.33
2026-02-25 02:45:00,1771987500000,331.62,331.69,329.05,329.28,397.32
2026-02-25 03:00:00,1771988400000,329.28,330.91,329.28,329.6,88.82
2026-02-25 03:15:00,1771989300000,329.6,329.82,327.5,327.95,217.18
2026-02-25 03:30:00,1771990200000,327.95,328.59,325.67,325.99,496.38
2026-02-25 03:45:00,1771991100000,325.99,327.17,325.84,326.94,169.32
2026-02-25 04:00:00,1771992000000,326.94,327.3,325.48,327.24,188.12
2026-02-25 04:15:00,1771992900000,327.24,330.96,327.24,329.4,390.86
2026-02-25 04:30:00,1771993800000,329.4,330.97,329.12,330.24,255.99
2026-02-25 04:45:00,1771994700000,330.24,331.38,328.89,330.19,238.98
2026-02-25 05:00:00,1771995600000,330.19,331.89,330.19,330.83,222.17
2026-02-25 05:15:00,1771996500000,330.83,333.0,330.73,333.0,241.69
2026-02-25 05:30:00,1771997400000,333.0,333.0,331.15,332.15,347.04
2026-02-25 05:45:00,1771998300000,332.15,332.25,330.18,331.06,215.32
2026-02-25 06:00:00,1771999200000,331.06,332.09,330.38,331.75,264.0
2026-02-25 06:15:00,1772000100000,331.75,333.99,331.55,333.0,293.04
2026-02-25 06:30:00,1772001000000,333.0,333.74,332.67,333.44,93.0
2026-02-25 06:45:00,1772001900000,333.44,333.67,332.07,332.68,88.83
2026-02-25 07:00:00,1772002800000,332.68,334.42,332.63,333.93,118.62
2026-02-25 07:15:00,1772003700000,333.93,334.68,333.67,334.25,157.84
2026-02-25 07:30:00,1772004600000,334.25,334.41,333.47,333.61,113.48
2026-02-25 07:45:00,1772005500000,333.61,336.31,333.47,336.3,470.53
2026-02-25 08:00:00,1772006400000,336.3,337.7,335.36,335.99,753.06
2026-02-25 08:15:00,1772007300000,335.99,337.7,335.88,337.07,290.06
2026-02-25 08:30:00,1772008200000,337.07,338.15,336.87,337.85,268.58
2026-02-25 08:45:00,1772009100000,337.85,338.4,337.42,337.91,243.69
2026-02-25 09:00:00,1772010000000,337.91,338.32,337.3,337.98,169.48
2026-02-25 09:15:00,1772010900000,337.98,338.11,335.75,337.74,375.41
2026-02-25 09:30:00,1772011800000,337.74,337.79,335.76,336.8,452.12
2026-02-25 09:45:00,1772012700000,336.8,338.16,335.39,338.03,478.97
2026-02-25 10:00:00,1772013600000,338.03,338.91,337.55,338.84,271.11
2026-02-25 10:15:00,1772014500000,338.84,339.72,338.14,339.66,319.55
2026-02-25 10:30:00,1772015400000,339.66,339.89,338.38,338.4,156.04
2026-02-25 10:45:00,1772016300000,338.4,341.81,338.33,341.33,793.55
2026-02-25 11:00:00,1772017200000,341.33,341.78,340.51,340.83,285.54
2026-02-25 11:15:00,1772018100000,340.83,341.19,339.73,339.81,412.79
2026-02-25 11:30:00,1772019000000,339.81,340.04,339.23,339.36,193.52
2026-02-25 11:45:00,1772019900000,339.36,339.62,338.95,339.2,70.59
2026-02-25 12:00:00,1772020800000,339.2,339.72,339.02,339.56,185.46
2026-02-25 12:15:00,1772021700000,339.56,339.9,337.05,338.75,769.92
2026-02-25 12:30:00,1772022600000,338.75,340.8,338.75,338.95,343.28
2026-02-25 12:45:00,1772023500000,338.95,339.22,337.42,337.95,232.19
2026-02-25 13:00:00,1772024400000,337.95,338.33,335.81,336.29,489.56
2026-02-25 13:15:00,1772025300000,336.29,338.69,336.22,337.5,339.56
2026-02-25 13:30:00,1772026200000,337.5,338.95,336.54,337.96,539.95
2026-02-25 13:45:00,1772027100000,337.96,339.29,336.8,337.07,808.98
2026-02-25 14:00:00,1772028000000,337.07,337.74,335.38,337.68,530.18
2026-02-25 14:15:00,1772028900000,337.68,338.6,337.01,338.2,614.89
2026-02-25 14:30:00,1772029800000,338.2,338.75,336.81,337.2,399.17
2026-02-25 14:45:00,1772030700000,337.2,339.0,337.2,338.65,371.58
2026-02-25 15:00:00,1772031600000,338.65,339.76,336.86,339.23,449.95
2026-02-25 15:15:00,1772032500000,339.23,339.77,337.8,338.95,259.0
2026-02-25 15:30:00,1772033400000,338.95,345.54,338.56,344.19,858.97
2026-02-25 15:45:00,1772034300000,344.19,346.85,341.35,342.85,1884.53
2026-02-25 16:00:00,1772035200000,342.85,343.2,341.42,341.87,486.47
2026-02-25 16:15:00,1772036100000,341.87,345.73,341.26,341.46,1004.09
2026-02-25 16:30:00,1772037000000,341.46,342.37,338.96,340.23,607.37
2026-02-25 16:45:00,1772037900000,340.23,341.51,338.59,341.51,389.86
2026-02-25 17:00:00,1772038800000,341.51,343.12,337.75,339.39,1893.99
2026-02-25 17:15:00,1772039700000,339.39,342.1,337.81,340.46,636.54
2026-02-25 17:30:00,1772040600000,340.46,344.39,339.59,343.88,735.49
2026-02-25 17:45:00,1772041500000,343.88,345.85,343.06,345.08,705.95
2026-02-25 18:00:00,1772042400000,345.08,346.03,343.63,344.92,585.88
2026-02-25 18:15:00,1772043300000,344.92,346.49,343.72,346.16,513.29
2026-02-25 18:30:00,1772044200000,346.16,348.27,345.48,345.87,510.26
2026-02-25 18:45:00,1772045100000,345.87,348.69,345.66,346.2,551.5
2026-02-25 19:00:00,1772046000000,346.2,346.71,344.77,345.6,189.06
2026-02-25 19:15:00,1772046900000,345.6,346.16,344.1,344.35,247.47
2026-02-25 19:30:00,1772047800000,344.35,344.35,340.35,340.75,637.5
2026-02-25 19:45:00,1772048700000,340.75,342.61,340.63,341.6,390.12
2026-02-25 20:00:00,1772049600000,341.6,341.94,337.94,337.94,684.88
2026-02-25 20:15:00,1772050500000,337.94,339.24,337.94,338.43,414.99
2026-02-25 20:30:00,1772051400000,338.43,341.0,338.3,340.92,194.73
2026-02-25 20:45:00,1772052300000,340.92,342.45,339.18,339.6,467.54
2026-02-25 21:00:00,1772053200000,339.6,342.74,339.46,341.76,370.24
2026-02-25 21:15:00,1772054100000,341.76,342.77,340.3,340.6,133.43
2026-02-25 21:30:00,1772055000000,340.6,345.25,339.7,341.19,833.27
2026-02-25 21:45:00,1772055900000,341.19,343.18,340.47,343.07,205.85
2026-02-25 22:00:00,1772056800000,343.07,343.56,342.12,343.09,116.65
2026-02-25 22:15:00,1772057700000,343.09,345.12,342.1,344.87,229.54
2026-02-25 22:30:00,1772058600000,344.87,344.94,342.53,343.24,487.1
2026-02-25 22:45:00,1772059500000,343.24,345.88,343.24,345.7,249.59
2026-02-25 23:00:00,1772060400000,345.7,346.6,344.15,345.11,299.98
2026-02-25 23:15:00,1772061300000,345.11,345.11,343.61,344.52,353.35
2026-02-25 23:30:00,1772062200000,344.52,345.26,342.08,342.54,660.44
2026-02-25 23:45:00,1772063100000,342.54,345.04,342.12,344.75,264.49
2026-02-26 00:00:00,1772064000000,344.75,346.2,343.43,345.45,348.09
2026-02-26 00:15:00,1772064900000,345.45,347.95,345.0,347.02,277.77
2026-02-26 00:30:00,1772065800000,347.02,348.4,346.25,347.74,306.0
2026-02-26 00:45:00,1772066700000,347.74,349.78,346.84,347.59,507.6
2026-02-26 01:00:00,1772067600000,347.59,347.83,346.33,346.9,171.01
2026-02-26 01:15:00,1772068500000,346.9,347.84,346.04,346.06,146.68
2026-02-26 01:30:00,1772069400000,346.06,346.89,345.59,345.59,45.28
2026-02-26 01:45:00,1772070300000,345.59,346.19,344.89,345.19,146.51
2026-02-26 02:00:00,1772071200000,345.19,345.43,344.28,345.25,224.22
2026-02-26 02:15:00,1772072100000,345.25,346.13,344.05,345.45,227.33
2026-02-26 02:30:00,1772073000000,345.45,345.45,343.81,344.87,215.08
2026-02-26 02:45:00,1772073900000,344.87,347.47,344.53,347.43,148.56
2026-02-26 03:00:00,1772074800000,347.43,349.9,347.0,349.87,230.5
2026-02-26 03:15:00,1772075700000,349.87,349.87,348.33,348.33,228.05
2026-02-26 03:30:00,1772076600000,348.33,348.6,345.54,347.25,378.98
2026-02-26 03:45:00,1772077500000,347.25,348.25,346.0,347.96,339.68
2026-02-26 04:00:00,1772078400000,347.96,349.43,347.54,347.86,151.61
2026-02-26 04:15:00,1772079300000,347.86,348.09,346.26,347.7,94.84
2026-02-26 04:30:00,1772080200000,347.7,348.2,346.71,347.72,69.7
2026-02-26 04:45:00,1772081100000,347.72,350.58,347.66,350.5,294.51
2026-02-26 05:00:00,1772082000000,350.5,350.67,347.26,347.36,366.19
2026-02-26 05:15:00,1772082900000,347.36,349.4,346.08,349.34,277.8
2026-02-26 05:30:00,1772083800000,349.34,349.39,347.69,348.83,541.37
2026-02-26 05:45:00,1772084700000,348.83,349.97,348.04,349.81,121.48
2026-02-26 06:00:00,1772085600000,349.81,351.34,348.96,351.12,162.55
2026-02-26 06:15:00,1772086500000,351.12,351.22,347.86,348.01,423.54
2026-02-26 06:30:00,1772087400000,348.01,350.05,347.84,349.68,169.91
2026-02-26 06:45:00,1772088300000,349.68,349.75,347.74,348.34,370.6
2026-02-26 07:00:00,1772089200000,348.34,349.42,347.89,347.93,157.14
2026-02-26 07:15:00,1772090100000,347.93,348.27,346.18,348.22,1084.17
2026-02-26 07:30:00,1772091000000,348.22,348.22,346.78,347.24,103.78
2026-02-26 07:45:00,1772091900000,347.24,347.61,346.68,347.38,246.81
2026-02-26 08:00:00,1772092800000,347.38,349.16,345.69,346.46,360.84
2026-02-26 08:15:00,1772093700000,346.46,347.42,345.61,345.7,207.35
2026-02-26 08:30:00,1772094600000,345.7,347.24,345.6,346.28,171.49
2026-02-26 08:45:00,1772095500000,346.28,347.63,346.28,347.45,138.69
2026-02-26 09:00:00,1772096400000,347.45,347.83,345.85,346.69,281.82
2026-02-26 09:15:00,1772097300000,346.69,346.94,345.23,345.78,109.08
2026-02-26 09:30:00,1772098200000,345.78,348.75,345.78,347.69,271.38
2026-02-26 09:45:00,1772099100000,347.69,349.46,347.55,348.73,432.18
2026-02-26 10:00:00,1772100000000,348.73,349.12,347.55,348.12,169.2
2026-02-26 10:15:00,1772100900000,348.12,348.24,346.59,346.59,228.9
2026-02-26 10:30:00,1772101800000,346.59,348.53,346.44,347.77,232.7
2026-02-26 10:45:00,1772102700000,347.77,347.84,342.59,345.06,991.32
2026-02-26 11:00:00,1772103600000,345.06,345.33,339.56,341.72,895.16
2026-02-26 11:15:00,1772104500000,341.72,343.27,340.48,340.69,498.98
2026-02-26 11:30:00,1772105400000,340.69,341.96,339.6,339.6,359.99
2026-02-26 11:45:00,1772106300000,339.6,340.29,338.56,339.94,798.95
2026-02-26 12:00:00,1772107200000,339.94,341.39,339.03,339.88,623.68
2026-02-26 12:15:00,1772108100000,339.88,340.7,337.44,337.81,383.02
2026-02-26 12:30:00,1772109000000,337.81,339.47,335.88,339.0,658.48
2026-02-26 12:45:00,1772109900000,339.0,340.92,338.9,340.62,106.34
2026-02-26 13:00:00,1772110800000,340.62,340.85,339.49,339.74,101.7
2026-02-26 13:15:00,1772111700000,339.74,342.08,339.74,341.99,241.88
2026-02-26 13:30:00,1772112600000,341.99,342.32,340.45,340.51,239.38
2026-02-26 13:45:00,1772113500000,340.51,341.9,340.42,341.46,175.95
2026-02-26 14:00:00,1772114400000,341.46,342.24,341.06,341.97,239.18
2026-02-26 14:15:00,1772115300000,341.97,343.94,341.61,343.15,278.06
2026-02-26 14:30:00,1772116200000,343.15,343.2,340.11,340.4,363.65
2026-02-26 14:45:00,1772117100000,340.4,341.3,339.01,340.09,488.32
2026-02-26 15:00:00,1772118000000,340.09,340.2,338.01,338.55,452.7
2026-02-26 15:15:00,1772118900000,338.55,338.72,336.07,336.67,664.38
2026-02-26 15:30:00,1772119800000,336.67,338.82,335.78,337.85,396.53
2026-02-26 15:45:00,1772120700000,337.85,338.97,337.39,338.3,172.59
2026-02-26 16:00:00,1772121600000,338.3,338.8,335.72,336.85,189.33
2026-02-26 16:15:00,1772122500000,336.85,339.74,336.53,339.59,267.86
2026-02-26 16:30:00,1772123400000,339.59,339.62,337.04,338.71,209.21
2026-02-26 16:45:00,1772124300000,338.71,339.14,335.13,335.7,687.87
2026-02-26 17:00:00,1772125200000,335.7,338.72,335.64,338.13,327.03
2026-02-26 17:15:00,1772126100000,338.13,339.7,336.84,337.23,311.71
2026-02-26 17:30:00,1772127000000,337.23,338.26,336.39,336.48,182.78
2026-02-26 17:45:00,1772127900000,336.48,337.85,336.06,337.47,274.53
2026-02-26 18:00:00,1772128800000,337.47,337.73,336.06,337.24,232.63
2026-02-26 18:15:00,1772129700000,337.24,338.6,336.5,337.44,384.38
2026-02-26 18:30:00,1772130600000,337.44,338.35,337.02,337.88,107.03
2026-02-26 18:45:00,1772131500000,337.88,338.94,337.19,338.9,92.72
2026-02-26 19:00:00,1772132400000,338.9,341.45,338.89,339.52,302.91
2026-02-26 19:15:00,1772133300000,339.52,341.26,339.27,340.01,192.72
2026-02-26 19:30:00,1772134200000,340.01,340.69,338.66,339.09,120.57
2026-02-26 19:45:00,1772135100000,339.09,341.01,339.09,340.94,156.03
2026-02-26 20:00:00,1772136000000,340.94,342.22,340.83,341.8,176.88
2026-02-26 20:15:00,1772136900000,341.8,343.02,341.55,342.0,205.79
2026-02-26 20:30:00,1772137800000,342.0,343.84,341.41,343.63,161.32
2026-02-26 20:45:00,1772138700000,343.63,344.09,341.57,341.78,257.83
2026-02-26 21:00:00,1772139600000,341.78,343.54,341.55,343.54,174.06
2026-02-26 21:15:00,1772140500000,343.54,344.05,342.12,342.71,201.35
2026-02-26 21:30:00,1772141400000,342.71,343.07,342.03,342.65,78.89
2026-02-26 21:45:00,1772142300000,342.65,343.06,342.09,342.24,43.83
2026-02-26 22:00:00,1772143200000,342.24,343.6,341.57,343.4,99.46
2026-02-26 22:15:00,1772144100000,343.4,343.84,343.0,343.44,72.94
2026-02-26 22:30:00,1772145000000,343.44,345.83,343.39,345.74,248.95
2026-02-26 22:45:00,1772145900000,345.74,345.84,343.46,344.21,121.28
2026-02-26 23:00:00,1772146800000,344.21,344.46,343.46,344.15,50.37
2026-02-26 23:15:00,1772147700000,344.15,344.98,343.47,344.65,85.01
2026-02-26 23:30:00,1772148600000,344.65,344.9,343.93,343.93,40.72
2026-02-26 23:45:00,1772149500000,343.93,343.93,342.5,342.62,165.61
2026-02-27 00:00:00,1772150400000,342.62,343.31,340.08,340.75,905.48
2026-02-27 00:15:00,1772151300000,340.75,342.83,339.0,342.7,615.89
2026-02-27 00:30:00,1772152200000,342.7,342.7,341.16,341.69,331.49
2026-02-27 00:45:00,1772153100000,341.69,342.99,341.16,342.86,205.29
2026-02-27 01:00:00,1772154000000,342.86,343.4,342.46,342.91,191.94
2026-02-27 01:15:00,1772154900000,342.91,344.47,342.9,344.27,394.45
2026-02-27 01:30:00,1772155800000,344.27,345.53,343.54,344.04,483.75
2026-02-27 01:45:00,1772156700000,344.04,344.46,343.22,344.2,108.51
2026-02-27 02:00:00,1772157600000,344.2,345.34,343.91,344.73,172.3
2026-02-27 02:15:00,1772158500000,344.73,345.44,344.4,344.93,128.56
2026-02-27 02:30:00,1772159400000,344.93,348.34,344.93,348.34,1128.04
2026-02-27 02:45:00,1772160300000,348.34,348.75,346.75,346.82,496.74
2026-02-27 03:00:00,1772161200000,346.82,348.75,346.56,348.7,286.28
2026-02-27 03:15:00,1772162100000,348.7,350.17,348.6,349.92,244.43
2026-02-27 03:30:00,1772163000000,349.92,350.35,347.48,347.65,222.87
2026-02-27 03:45:00,1772163900000,347.65,349.64,345.37,345.91,1217.62
2026-02-27 04:00:00,1772164800000,345.91,348.8,345.48,348.44,266.67
2026-02-27 04:15:00,1772165700000,348.44,349.71,348.42,348.91,270.65
2026-02-27 04:30:00,1772166600000,348.91,349.1,346.0,346.35,137.39
2026-02-27 04:45:00,1772167500000,346.35,347.19,346.21,347.18,152.76
2026-02-27 05:00:00,1772168400000,347.18,348.99,347.18,348.84,147.29
2026-02-27 05:15:00,1772169300000,348.84,348.84,347.56,348.1,60.18
2026-02-27 05:30:00,1772170200000,348.1,350.18,348.06,349.91,195.11
2026-02-27 05:45:00,1772171100000,349.91,352.03,348.41,351.75,440.42
2026-02-27 06:00:00,1772172000000,351.75,354.7,351.41,353.22,556.51
2026-02-27 06:15:00,1772172900000,353.22,353.44,351.07,352.22,220.41
2026-02-27 06:30:00,1772173800000,352.22,352.92,351.09,352.73,141.22
2026-02-27 06:45:00,1772174700000,352.73,353.45,350.2,351.0,298.33
2026-02-27 07:00:00,1772175600000,351.0,351.0,349.47,350.36,243.66
2026-02-27 07:15:00,1772176500000,350.36,350.59,349.6,349.79,50.74
2026-02-27 07:30:00,1772177400000,349.79,351.07,349.54,350.24,409.13
2026-02-27 07:45:00,1772178300000,350.24,351.98,349.72,351.78,356.45
2026-02-27 08:00:00,1772179200000,351.78,355.91,351.72,355.53,703.67
2026-02-27 08:15:00,1772180100000,355.53,355.71,353.1,353.95,261.07
2026-02-27 08:30:00,1772181000000,353.95,355.18,353.41,354.35,175.92
2026-02-27 08:45:00,1772181900000,354.35,354.39,353.1,353.91,109.15
2026-02-27 09:00:00,1772182800000,353.91,353.91,352.16,352.56,213.31
2026-02-27 09:15:00,1772183700000,352.56,353.46,352.05,352.31,178.15
2026-02-27 09:30:00,1772184600000,352.31,353.18,351.82,352.4,160.27
2026-02-27 09:45:00,1772185500000,352.4,353.1,351.53,352.68,198.15
2026-02-27 10:00:00,1772186400000,352.68,352.86,348.59,349.03,383.69
2026-02-27 10:15:00,1772187300000,349.03,351.83,349.03,351.34,367.97
2026-02-27 10:30:00,1772188200000,351.34,352.53,349.22,349.22,237.7
2026-02-27 10:45:00,1772189100000,349.22,349.62,346.32,347.02,718.85
2026-02-27 11:00:00,1772190000000,347.02,347.99,346.11,346.85,303.06
2026-02-27 11:15:00,1772190900000,346.85,350.33,346.28,349.17,397.08
2026-02-27 11:30:00,1772191800000,349.17,349.51,342.63,342.9,901.91
2026-02-27 11:45:00,1772192700000,342.9,344.04,341.77,343.25,397.9
2026-02-27 12:00:00,1772193600000,343.25,344.34,341.7,343.45,648.24
2026-02-27 12:15:00,1772194500000,343.45,344.14,341.69,342.22,310.55
2026-02-27 12:30:00,1772195400000,342.22,342.92,339.74,341.52,675.21
2026-02-27 12:45:00,1772196300000,341.52,341.93,339.5,340.08,353.21
2026-02-27 13:00:00,1772197200000,340.08,342.56,338.95,339.14,764.71
2026-02-27 13:15:00,1772198100000,339.14,340.15,337.83,339.88,549.44
2026-02-27 13:30:00,1772199000000,339.88,341.81,338.35,341.77,523.57
2026-02-27 13:45:00,1772199900000,341.77,342.14,339.01,339.81,272.96
2026-02-27 14:00:00,1772200800000,339.81,340.73,338.44,340.6,375.44
2026-02-27 14:15:00,1772201700000,340.6,340.68,338.36,339.06,426.98
2026-02-27 14:30:00,1772202600000,339.06,340.09,338.05,338.52,303.28
2026-02-27 14:45:00,1772203500000,338.52,339.98,337.92,338.81,257.58
2026-02-27 15:00:00,1772204400000,338.81,340.91,338.81,340.52,160.49
2026-02-27 15:15:00,1772205300000,340.52,341.65,340.08,340.44,347.03
2026-02-27 15:30:00,1772206200000,340.44,342.46,338.99,342.24,274.79
2026-02-27 15:45:00,1772207100000,342.24,343.5,341.29,343.46,739.3
2026-02-27 16:00:00,1772208000000,343.46,343.96,341.42,342.04,569.72
2026-02-27 16:15:00,1772208900000,342.04,342.66,339.48,339.82,190.55
2026-02-27 16:30:00,1772209800000,339.82,339.94,337.77,337.92,120.56
2026-02-27 16:45:00,1772210700000,337.92,338.86,336.91,338.86,167.56
2026-02-27 17:00:00,1772211600000,338.86,338.91,336.95,337.23,185.05
2026-02-27 17:15:00,1772212500000,337.23,337.92,335.23,335.64,442.7
2026-02-27 17:30:00,1772213400000,335.64,338.32,335.36,337.03,457.39
2026-02-27 17:45:00,1772214300000,337.03,339.54,336.56,339.46,192.11
2026-02-27 18:00:00,1772215200000,339.46,340.93,338.62,340.06,186.93
2026-02-27 18:15:00,1772216100000,340.06,341.24,339.3,340.6,422.3
2026-02-27 18:30:00,1772217000000,340.6,342.0,340.36,340.39,183.42
2026-02-27 18:45:00,1772217900000,340.39,340.9,336.06,336.77,284.36
2026-02-27 19:00:00,1772218800000,336.77,337.42,335.51,335.68,122.55
2026-02-27 19:15:00,1772219700000,335.68,336.17,335.01,335.62,131.45
2026-02-27 19:30:00,1772220600000,335.62,335.92,334.17,334.38,279.86
2026-02-27 19:45:00,1772221500000,334.38,335.91,334.29,335.42,259.23
2026-02-27 20:00:00,1772222400000,335.42,336.27,335.01,335.04,222.47
2026-02-27 20:15:00,1772223300000,335.04,335.04,332.74,332.96,332.13
2026-02-27 20:30:00,1772224200000,332.96,333.35,332.07,332.6,170.31
2026-02-27 20:45:00,1772225100000,332.6,333.1,332.17,332.71,134.0
2026-02-27 21:00:00,1772226000000,332.71,334.99,332.71,333.79,146.46
2026-02-27 21:15:00,1772226900000,333.79,334.44,333.2,333.52,96.7
2026-02-27 21:30:00,1772227800000,333.52,333.52,331.35,332.5,197.03
2026-02-27 21:45:00,1772228700000,332.5,333.35,331.9,333.24,164.16
2026-02-27 22:00:00,1772229600000,333.24,334.91,333.17,334.63,222.04
2026-02-27 22:15:00,1772230500000,334.63,335.84,333.0,333.08,224.89
2026-02-27 22:30:00,1772231400000,333.08,335.35,331.52,335.22,273.71
2026-02-27 22:45:00,1772232300000,335.22,335.62,334.73,335.02,144.9
2026-02-27 23:00:00,1772233200000,335.02,337.96,334.93,337.68,449.1
2026-02-27 23:15:00,1772234100000,337.68,337.98,337.09,337.98,132.1
2026-02-27 23:30:00,1772235000000,337.98,337.99,337.0,337.18,384.24
2026-02-27 23:45:00,1772235900000,337.18,338.24,337.17,337.76,70.43
2026-02-28 00:00:00,1772236800000,337.76,339.21,337.76,338.67,421.29
2026-02-28 00:15:00,1772237700000,338.67,339.42,337.04,337.84,289.67
2026-02-28 00:30:00,1772238600000,337.84,339.04,337.38,338.97,89.02
2026-02-28 00:45:00,1772239500000,338.97,340.46,338.87,340.22,184.65
2026-02-28 01:00:00,1772240400000,340.22,340.24,337.96,338.05,93.05
2026-02-28 01:15:00,1772241300000,338.05,338.14,337.07,337.12,94.82
2026-02-28 01:30:00,1772242200000,337.12,339.66,336.99,338.08,174.72
2026-02-28 01:45:00,1772243100000,338.08,338.14,337.04,337.39,94.36
2026-02-28 02:00:00,1772244000000,337.39,337.39,336.67,336.75,119.68
2026-02-28 02:15:00,1772244900000,336.75,339.3,336.75,339.05,59.53
2026-02-28 02:30:00,1772245800000,339.05,339.19,338.26,338.5,40.23
2026-02-28 02:45:00,1772246700000,338.5,339.36,338.28,339.36,61.48
2026-02-28 03:00:00,1772247600000,339.36,340.15,339.21,339.85,41.03
2026-02-28 03:15:00,1772248500000,339.85,339.97,338.42,338.42,98.25
2026-02-28 03:30:00,1772249400000,338.42,338.48,336.53,336.97,49.87
2026-02-28 03:45:00,1772250300000,336.97,337.69,336.53,336.91,116.7
2026-02-28 04:00:00,1772251200000,336.91,338.13,336.83,338.04,110.73
2026-02-28 04:15:00,1772252100000,338.04,338.94,337.64,338.55,46.59
2026-02-28 04:30:00,1772253000000,338.55,339.79,337.69,339.34,53.34
2026-02-28 04:45:00,1772253900000,339.34,341.3,339.14,340.63,283.11
2026-02-28 05:00:00,1772254800000,340.63,340.72,338.44,339.0,96.3
2026-02-28 05:15:00,1772255700000,339.0,339.41,337.91,337.91,89.5
2026-02-28 05:30:00,1772256600000,337.91,337.92,337.3,337.86,66.88
2026-02-28 05:45:00,1772257500000,337.86,337.99,337.0,337.72,50.69
2026-02-28 06:00:00,1772258400000,337.72,339.27,337.35,337.8,139.54
2026-02-28 06:15:00,1772259300000,337.8,337.93,333.85,333.9,432.68
2026-02-28 06:30:00,1772260200000,333.9,334.39,330.0,332.84,1475.7
2026-02-28 06:45:00,1772261100000,332.84,333.02,329.85,330.95,787.53
2026-02-28 07:00:00,1772262000000,330.95,337.88,330.03,337.69,1322.33
2026-02-28 07:15:00,1772262900000,337.69,339.75,336.07,339.45,1129.38
2026-02-28 07:30:00,1772263800000,339.45,344.37,339.06,343.77,952.12
2026-02-28 07:45:00,1772264700000,343.77,343.95,339.61,339.88,475.39
2026-02-28 08:00:00,1772265600000,339.88,341.69,337.07,337.31,734.36
2026-02-28 08:15:00,1772266500000,337.31,338.29,334.7,334.95,308.92
2026-02-28 08:30:00,1772267400000,334.95,337.03,333.45,335.89,673.57
2026-02-28 08:45:00,1772268300000,335.89,336.39,332.66,335.95,796.33
2026-02-28 09:00:00,1772269200000,335.95,338.39,335.0,338.3,314.79
2026-02-28 09:15:00,1772270100000,338.3,339.53,335.35,335.36,969.57
2026-02-28 09:30:00,1772271000000,335.36,335.68,333.0,334.42,853.54
2026-02-28 09:45:00,1772271900000,334.42,335.96,333.06,334.86,282.55
2026-02-28 10:00:00,1772272800000,334.86,335.68,334.1,335.07,197.69
2026-02-28 10:15:00,1772273700000,335.07,336.42,332.18,333.05,506.98
2026-02-28 10:30:00,1772274600000,333.05,334.25,332.23,332.59,439.95
2026-02-28 10:45:00,1772275500000,332.59,332.72,328.39,329.25,1191.37
2026-02-28 11:00:00,1772276400000,329.25,331.06,329.25,331.0,424.7
2026-02-28 11:15:00,1772277300000,331.0,331.84,330.46,331.45,166.67
2026-02-28 11:30:00,1772278200000,331.45,331.72,329.77,330.28,138.75
2026-02-28 11:45:00,1772279100000,330.28,330.94,327.03,327.16,484.4
2026-02-28 12:00:00,1772280000000,327.16,327.98,326.7,326.9,301.89
2026-02-28 12:15:00,1772280900000,326.9,327.35,326.02,326.37,254.46
2026-02-28 12:30:00,1772281800000,326.37,327.26,326.24,326.78,186.89
2026-02-28 12:45:00,1772282700000,326.78,326.86,324.2,324.75,506.01
2026-02-28 13:00:00,1772283600000,324.75,328.67,324.75,328.52,438.76
2026-02-28 13:15:00,1772284500000,328.52,328.72,326.08,326.18,124.37
2026-02-28 13:30:00,1772285400000,326.18,328.27,326.18,328.27,239.33
2026-02-28 13:45:00,1772286300000,328.27,334.45,328.27,334.34,692.1
2026-02-28 14:00:00,1772287200000,334.34,336.42,331.96,336.34,580.35
2026-02-28 14:15:00,1772288100000,336.34,337.68,335.28,336.16,254.91
2026-02-28 14:30:00,1772289000000,336.16,336.16,334.15,334.75,434.28
2026-02-28 14:45:00,1772289900000,334.75,335.24,328.84,328.86,386.83
2026-02-28 15:00:00,1772290800000,328.86,330.75,328.14,328.15,223.62
2026-02-28 15:15:00,1772291700000,328.15,330.5,327.66,330.22,327.79
2026-02-28 15:30:00,1772292600000,330.22,331.68,329.18,331.45,349.77
2026-02-28 15:45:00,1772293500000,331.45,333.4,329.98,332.98,347.04
2026-02-28 16:00:00,1772294400000,332.98,334.0,331.38,333.87,224.67
2026-02-28 16:15:00,1772295300000,333.87,334.25,327.31,327.48,654.32
2026-02-28 16:30:00,1772296200000,327.48,330.96,327.46,330.79,696.56
2026-02-28 16:45:00,1772297100000,330.79,331.4,329.4,330.69,568.27
2026-02-28 17:00:00,1772298000000,330.69,331.69,330.57,331.48,111.83
2026-02-28 17:15:00,1772298900000,331.48,331.54,328.23,329.25,211.16
2026-02-28 17:30:00,1772299800000,329.25,329.98,328.24,328.54,344.66
2026-02-28 17:45:00,1772300700000,328.54,332.33,328.24,332.3,205.52
2026-02-28 18:00:00,1772301600000,332.3,332.51,331.16,331.42,153.53
2026-02-28 18:15:00,1772302500000,331.42,331.64,329.96,330.34,104.43
2026-02-28 18:30:00,1772303400000,330.34,332.36,329.01,332.28,391.58
2026-02-28 18:45:00,1772304300000,332.28,335.29,331.93,333.88,149.54
2026-02-28 19:00:00,1772305200000,333.88,335.67,333.72,335.03,506.34
2026-02-28 19:15:00,1772306100000,335.03,335.27,332.92,334.26,282.38
2026-02-28 19:30:00,1772307000000,334.26,337.5,334.18,337.1,319.1
2026-02-28 19:45:00,1772307900000,337.1,338.37,336.94,337.57,198.49
2026-02-28 20:00:00,1772308800000,337.57,338.33,336.53,337.56,154.32
2026-02-28 20:15:00,1772309700000,337.56,338.58,335.77,337.94,461.68
2026-02-28 20:30:00,1772310600000,337.94,338.64,335.8,337.64,221.63
2026-02-28 20:45:00,1772311500000,337.64,340.64,337.6,340.59,227.96
2026-02-28 21:00:00,1772312400000,340.59,340.76,338.53,340.33,178.6
2026-02-28 21:15:00,1772313300000,340.33,340.84,338.94,340.21,90.46
2026-02-28 21:30:00,1772314200000,340.21,343.37,340.07,342.58,420.26
2026-02-28 21:45:00,1772315100000,342.58,342.9,339.93,340.52,239.5
2026-02-28 22:00:00,1772316000000,340.52,341.37,340.35,340.78,164.73
2026-02-28 22:15:00,1772316900000,340.78,342.22,340.63,341.82,58.83
2026-02-28 22:30:00,1772317800000,341.82,343.2,341.14,341.76,122.42
2026-02-28 22:45:00,1772318700000,341.76,342.4,340.52,340.89,72.8
2026-02-28 23:00:00,1772319600000,340.89,340.89,337.82,338.65,392.66
2026-02-28 23:15:00,1772320500000,338.65,339.22,337.01,337.62,195.31
2026-02-28 23:30:00,1772321400000,337.62,338.59,336.57,337.13,164.61
2026-02-28 23:45:00,1772322300000,337.13,337.79,335.89,336.35,163.01
2026-03-01 00:00:00,1772323200000,336.35,338.64,336.35,338.14,219.86
2026-03-01 00:15:00,1772324100000,338.14,338.57,337.1,337.44,197.44
2026-03-01 00:30:00,1772325000000,337.44,337.57,335.4,336.12,138.92
2026-03-01 00:45:00,1772325900000,336.12,336.91,336.02,336.03,164.4
2026-03-01 01:00:00,1772326800000,336.03,336.18,334.41,335.23,206.95
2026-03-01 01:15:00,1772327700000,335.23,337.33,334.94,337.32,87.68
2026-03-01 01:30:00,1772328600000,337.32,340.84,337.27,340.45,151.42
2026-03-01 01:45:00,1772329500000,340.45,344.43,340.24,343.77,761.2
2026-03-01 02:00:00,1772330400000,343.77,347.99,343.6,347.96,631.8
2026-03-01 02:15:00,1772331300000,347.96,349.51,347.45,348.91,468.46
2026-03-01 02:30:00,1772332200000,348.91,350.27,348.45,348.96,521.57
2026-03-01 02:45:00,1772333100000,348.96,350.67,347.44,349.95,686.1
2026-03-01 03:00:00,1772334000000,349.95,350.31,347.76,347.83,246.01
2026-03-01 03:15:00,1772334900000,347.83,349.0,346.78,347.99,321.75
2026-03-01 03:30:00,1772335800000,347.99,348.14,346.74,347.95,83.21
2026-03-01 03:45:00,1772336700000,347.95,348.65,345.63,346.11,230.88
2026-03-01 04:00:00,1772337600000,346.11,347.44,345.78,347.27,176.82
2026-03-01 04:15:00,1772338500000,347.27,348.05,345.17,345.41,237.83
2026-03-01 04:30:00,1772339400000,345.41,345.73,344.2,345.36,113.95
2026-03-01 04:45:00,1772340300000,345.36,345.36,343.5,344.17,231.41
2026-03-01 05:00:00,1772341200000,344.17,345.28,342.02,342.02,184.09
2026-03-01 05:15:00,1772342100000,342.02,345.0,341.74,344.26,152.6
2026-03-01 05:30:00,1772343000000,344.26,346.2,343.75,344.52,246.83
2026-03-01 05:45:00,1772343900000,344.52,346.67,344.48,345.72,168.18
2026-03-01 06:00:00,1772344800000,345.72,345.87,341.4,342.96,294.61
2026-03-01 06:15:00,1772345700000,342.96,344.22,342.68,343.24,158.72
2026-03-01 06:30:00,1772346600000,343.24,343.45,342.0,343.03,194.86
2026-03-01 06:45:00,1772347500000,343.03,343.35,341.53,343.32,177.4
2026-03-01 07:00:00,1772348400000,343.32,344.99,343.09,344.87,130.14
2026-03-01 07:15:00,1772349300000,344.87,346.57,344.87,345.62,307.81
2026-03-01 07:30:00,1772350200000,345.62,346.76,345.39,346.02,88.1
2026-03-01 07:45:00,1772351100000,346.02,346.84,346.02,346.47,76.91
2026-03-01 08:00:00,1772352000000,346.47,346.8,344.73,346.32,231.12
2026-03-01 08:15:00,1772352900000,346.32,346.62,345.24,345.38,77.49
2026-03-01 08:30:00,1772353800000,345.38,346.0,344.83,345.32,59.89
2026-03-01 08:45:00,1772354700000,345.32,345.32,342.39,342.52,408.04
2026-03-01 09:00:00,1772355600000,342.52,344.12,342.39,343.28,206.07
2026-03-01 09:15:00,1772356500000,343.28,345.37,343.26,344.29,79.95
2026-03-01 09:30:00,1772357400000,344.29,344.65,342.12,342.24,93.43
2026-03-01 09:45:00,1772358300000,342.24,343.93,342.24,343.84,129.53
2026-03-01 10:00:00,1772359200000,343.84,345.34,343.46,344.8,174.07
2026-03-01 10:15:00,1772360100000,344.8,345.5,344.5,344.88,73.67
2026-03-01 10:30:00,1772361000000,344.88,346.28,344.42,344.77,80.15
2026-03-01 10:45:00,1772361900000,344.77,345.53,342.61,343.29,110.78
2026-03-01 11:00:00,1772362800000,343.29,343.91,342.15,343.71,100.99
2026-03-01 11:15:00,1772363700000,343.71,344.74,343.56,344.0,49.18
2026-03-01 11:30:00,1772364600000,344.0,344.02,341.6,341.97,93.23
2026-03-01 11:45:00,1772365500000,341.97,343.0,341.83,343.0,55.98
2026-03-01 12:00:00,1772366400000,343.0,343.04,341.06,341.25,297.19
2026-03-01 12:15:00,1772367300000,341.25,342.83,340.73,341.07,133.47
2026-03-01 12:30:00,1772368200000,341.07,342.65,341.07,342.37,51.05
2026-03-01 12:45:00,1772369100000,342.37,342.52,340.49,340.74,114.72
2026-03-01 13:00:00,1772370000000,340.74,342.37,340.59,340.61,201.66
2026-03-01 13:15:00,1772370900000,340.61,343.49,339.96,342.54,384.97
2026-03-01 13:30:00,1772371800000,342.54,343.5,341.58,343.31,149.61
2026-03-01 13:45:00,1772372700000,343.31,347.1,342.73,344.43,551.86
2026-03-01 14:00:00,1772373600000,344.43,346.29,344.29,345.88,377.42
2026-03-01 14:15:00,1772374500000,345.88,346.8,345.71,346.21,282.15
2026-03-01 14:30:00,1772375400000,346.21,346.25,343.75,345.18,327.43
2026-03-01 14:45:00,1772376300000,345.18,346.66,345.06,346.26,146.07
2026-03-01 15:00:00,1772377200000,346.26,347.76,346.17,347.34,259.84
2026-03-01 15:15:00,1772378100000,347.34,347.94,346.1,346.1,167.53
2026-03-01 15:30:00,1772379000000,346.1,350.38,345.78,348.63,670.2
2026-03-01 15:45:00,1772379900000,348.63,348.71,346.83,347.02,164.35
2026-03-01 16:00:00,1772380800000,347.02,348.25,346.57,347.61,119.73
2026-03-01 16:15:00,1772381700000,347.61,350.37,347.07,350.35,179.03
2026-03-01 16:30:00,1772382600000,350.35,350.37,348.21,348.32,191.34
2026-03-01 16:45:00,1772383500000,348.32,348.33,343.83,345.61,936.13
2026-03-01 17:00:00,1772384400000,345.61,346.2,343.74,344.01,439.6
2026-03-01 17:15:00,1772385300000,344.01,344.46,342.46,342.9,432.71
2026-03-01 17:30:00,1772386200000,342.9,344.71,342.4,344.3,220.93
2026-03-01 17:45:00,1772387100000,344.3,344.34,341.74,341.92,322.53
2026-03-01 18:00:00,1772388000000,341.92,344.64,341.92,342.68,836.49
2026-03-01 18:15:00,1772388900000,342.68,343.56,341.0,341.86,269.87
2026-03-01 18:30:00,1772389800000,341.86,342.93,341.14,342.93,230.21
2026-03-01 18:45:00,1772390700000,342.93,344.61,341.52,341.56,273.71
2026-03-01 19:00:00,1772391600000,341.56,341.9,339.18,339.58,270.84
2026-03-01 19:15:00,1772392500000,339.58,340.57,338.96,339.09,249.09
2026-03-01 19:30:00,1772393400000,339.09,341.0,339.02,340.04,313.06
2026-03-01 19:45:00,1772394300000,340.04,340.3,338.36,338.68,113.5
2026-03-01 20:00:00,1772395200000,338.68,339.69,337.98,338.17,165.93
2026-03-01 20:15:00,1772396100000,338.17,339.42,338.0,339.15,168.69
2026-03-01 20:30:00,1772397000000,339.15,339.27,337.9,338.43,284.89
2026-03-01 20:45:00,1772397900000,338.43,338.93,338.17,338.34,200.02
2026-03-01 21:00:00,1772398800000,338.34,338.98,337.92,338.55,116.75
2026-03-01 21:15:00,1772399700000,338.55,340.52,338.37,340.23,359.2
2026-03-01 21:30:00,1772400600000,340.23,341.06,339.55,340.92,80.46
2026-03-01 21:45:00,1772401500000,340.92,341.18,340.33,340.58,61.33
2026-03-01 22:00:00,1772402400000,340.58,342.9,339.68,342.07,435.19
2026-03-01 22:15:00,1772403300000,342.07,343.37,340.98,341.57,418.25
2026-03-01 22:30:00,1772404200000,341.57,341.57,339.25,341.44,215.06
2026-03-01 22:45:00,1772405100000,341.44,341.6,339.92,339.92,112.37
2026-03-01 23:00:00,1772406000000,339.92,342.82,339.16,342.48,376.35
2026-03-01 23:15:00,1772406900000,342.48,343.04,341.93,342.51,106.65
2026-03-01 23:30:00,1772407800000,342.51,343.23,342.05,342.63,54.29
2026-03-01 23:45:00,1772408700000,342.63,342.69,340.86,340.93,108.09
2026-03-02 00:00:00,1772409600000,340.93,341.31,340.11,340.25,179.28
2026-03-02 00:15:00,1772410500000,340.25,341.18,339.14,341.14,113.71
2026-03-02 00:30:00,1772411400000,341.14,341.5,340.0,341.39,173.2
2026-03-02 00:45:00,1772412300000,341.39,341.6,340.46,341.1,202.61
2026-03-02 01:00:00,1772413200000,341.1,342.48,340.63,341.75,604.97
2026-03-02 01:15:00,1772414100000,341.75,344.15,341.66,343.45,404.18
2026-03-02 01:30:00,1772415000000,343.45,344.18,343.19,343.84,52.36
2026-03-02 01:45:00,1772415900000,343.84,345.09,343.6,344.46,159.18
2026-03-02 02:00:00,1772416800000,344.46,344.48,341.61,343.03,340.65
2026-03-02 02:15:00,1772417700000,343.03,345.23,342.91,344.74,287.23
2026-03-02 02:30:00,1772418600000,344.74,346.37,342.65,342.98,618.25
2026-03-02 02:45:00,1772419500000,342.98,343.9,342.39,343.33,150.78
2026-03-02 03:00:00,1772420400000,343.33,344.5,342.1,344.5,153.91
2026-03-02 03:15:00,1772421300000,344.5,345.73,343.86,345.6,89.56
2026-03-02 03:30:00,1772422200000,345.6,345.88,344.82,345.75,76.49
2026-03-02 03:45:00,1772423100000,345.75,348.79,345.2,347.9,787.58
2026-03-02 04:00:00,1772424000000,347.9,348.9,347.49,348.53,157.44
2026-03-02 04:15:00,1772424900000,348.53,349.9,347.76,348.86,348.37
2026-03-02 04:30:00,1772425800000,348.86,348.86,347.0,347.24,63.75
2026-03-02 04:45:00,1772426700000,347.24,347.44,345.24,346.19,403.1
2026-03-02 05:00:00,1772427600000,346.19,346.55,344.38,345.61,451.83
2026-03-02 05:15:00,1772428500000,345.61,347.28,345.56,346.88,171.59
2026-03-02 05:30:00,1772429400000,346.88,348.83,346.61,348.31,202.79
2026-03-02 05:45:00,1772430300000,348.31,348.4,346.77,347.59,164.11
2026-03-02 06:00:00,1772431200000,347.59,348.99,346.3,348.9,169.79
2026-03-02 06:15:00,1772432100000,348.9,349.49,346.49,348.54,472.47
2026-03-02 06:30:00,1772433000000,348.54,348.8,347.39,348.75,217.2
2026-03-02 06:45:00,1772433900000,348.75,349.11,347.57,348.18,166.34
2026-03-02 07:00:00,1772434800000,348.18,348.41,343.75,344.07,334.02
2026-03-02 07:15:00,1772435700000,344.07,346.07,343.1,345.54,527.84
2026-03-02 07:30:00,1772436600000,345.54,346.82,345.21,346.2,403.32
2026-03-02 07:45:00,1772437500000,346.2,347.74,345.82,347.25,194.96
2026-03-02 08:00:00,1772438400000,347.25,349.5,345.55,349.35,474.64
2026-03-02 08:15:00,1772439300000,349.35,349.84,347.71,348.55,337.66
2026-03-02 08:30:00,1772440200000,348.55,349.25,347.67,348.74,115.92
2026-03-02 08:45:00,1772441100000,348.74,349.29,347.75,349.26,219.93
2026-03-02 09:00:00,1772442000000,349.26,353.14,348.89,350.88,1464.75
2026-03-02 09:15:00,1772442900000,350.88,352.59,349.51,351.05,880.49
2026-03-02 09:30:00,1772443800000,351.05,351.44,350.11,350.44,153.88
2026-03-02 09:45:00,1772444700000,350.44,351.76,350.16,351.05,283.71
2026-03-02 10:00:00,1772445600000,351.05,353.41,350.76,353.21,603.03
2026-03-02 10:15:00,1772446500000,353.21,353.81,349.56,350.81,653.94
2026-03-02 10:30:00,1772447400000,350.81,350.82,345.71,346.85,915.05
2026-03-02 10:45:00,1772448300000,346.85,351.48,345.34,351.29,1151.55
2026-03-02 11:00:00,1772449200000,351.29,351.53,349.77,350.69,675.48
2026-03-02 11:15:00,1772450100000,350.69,351.53,348.66,351.37,326.66
2026-03-02 11:30:00,1772451000000,351.37,351.37,348.0,349.0,575.3
2026-03-02 11:45:00,1772451900000,349.0,350.81,346.18,347.55,839.83
2026-03-02 12:00:00,1772452800000,347.55,348.54,343.97,344.88,668.11
2026-03-02 12:15:00,1772453700000,344.88,345.08,341.52,341.94,634.83
2026-03-02 12:30:00,1772454600000,341.94,342.2,340.4,340.41,404.33
2026-03-02 12:45:00,1772455500000,340.41,341.87,338.81,340.34,1170.96
2026-03-02 13:00:00,1772456400000,340.34,342.47,339.92,341.4,531.37
2026-03-02 13:15:00,1772457300000,341.4,343.74,341.13,341.49,371.09
2026-03-02 13:30:00,1772458200000,341.49,342.25,339.01,339.5,307.17
2026-03-02 13:45:00,1772459100000,339.5,340.62,338.66,339.33,314.55
2026-03-02 14:00:00,1772460000000,339.33,341.24,338.92,340.0,319.08
2026-03-02 14:15:00,1772460900000,340.0,340.15,336.01,336.39,663.78
2026-03-02 14:30:00,1772461800000,336.39,342.17,336.31,341.99,934.35
2026-03-02 14:45:00,1772462700000,341.99,344.85,341.5,344.0,888.83
2026-03-02 15:00:00,1772463600000,344.0,347.73,343.64,347.44,630.97
2026-03-02 15:15:00,1772464500000,347.44,348.44,346.14,346.93,766.98
2026-03-02 15:30:00,1772465400000,346.93,348.38,345.41,348.35,558.82
2026-03-02 15:45:00,1772466300000,348.35,349.03,345.24,346.45,745.25
2026-03-02 16:00:00,1772467200000,346.45,349.8,344.65,349.76,622.5
2026-03-02 16:15:00,1772468100000,349.76,350.47,346.72,347.85,361.12
2026-03-02 16:30:00,1772469000000,347.85,349.91,346.77,349.75,344.29
2026-03-02 16:45:00,1772469900000,349.75,350.18,348.23,349.11,166.65
2026-03-02 17:00:00,1772470800000,349.11,350.26,346.81,346.88,536.91
2026-03-02 17:15:00,1772471700000,346.88,348.19,346.57,347.73,235.74
2026-03-02 17:30:00,1772472600000,347.73,349.53,345.76,346.16,272.68
2026-03-02 17:45:00,1772473500000,346.16,349.58,346.16,349.53,314.38
2026-03-02 18:00:00,1772474400000,349.53,349.97,347.6,349.97,202.92
2026-03-02 18:15:00,1772475300000,349.97,349.97,347.37,348.45,349.15
2026-03-02 18:30:00,1772476200000,348.45,348.93,346.88,348.12,92.0
2026-03-02 18:45:00,1772477100000,348.12,348.3,346.3,346.61,228.13
2026-03-02 19:00:00,1772478000000,346.61,347.59,346.19,347.4,117.38
2026-03-02 19:15:00,1772478900000,347.4,349.0,347.11,347.66,316.12
2026-03-02 19:30:00,1772479800000,347.66,347.72,346.09,346.24,136.36
2026-03-02 19:45:00,1772480700000,346.24,346.91,345.71,346.2,233.75
2026-03-02 20:00:00,1772481600000,346.2,346.88,345.04,345.33,169.25
2026-03-02 20:15:00,1772482500000,345.33,347.53,345.11,347.05,157.37
2026-03-02 20:30:00,1772483400000,347.05,347.21,346.09,346.68,32.86
2026-03-02 20:45:00,1772484300000,346.68,346.82,344.79,345.04,209.11
2026-03-02 21:00:00,1772485200000,345.04,345.11,343.18,344.18,536.64
2026-03-02 21:15:00,1772486100000,344.18,344.48,343.06,343.4,314.13
2026-03-02 21:30:00,1772487000000,343.4,343.66,341.2,341.97,701.82
2026-03-02 21:45:00,1772487900000,341.97,344.09,341.97,343.94,151.42
2026-03-02 22:00:00,1772488800000,343.94,348.58,343.94,346.73,489.19
2026-03-02 22:15:00,1772489700000,346.73,348.24,346.2,347.9,182.13
2026-03-02 22:30:00,1772490600000,347.9,349.41,347.44,347.5,425.41
2026-03-02 22:45:00,1772491500000,347.5,348.57,347.28,347.4,45.19
2026-03-02 23:00:00,1772492400000,347.4,347.49,345.12,345.12,212.62
2026-03-02 23:15:00,1772493300000,345.12,346.64,344.76,345.3,265.77
2026-03-02 23:30:00,1772494200000,345.3,345.3,343.88,344.1,124.32
