Open_time,Open_time,Open,High,Low,Close,Volume
2026-01-14 00:00:00,1768348800000,0.15099,0.15114,0.14913,0.14946,64239.0
2026-01-14 00:15:00,1768349700000,0.14946,0.15117,0.14946,0.15085,35639.0
2026-01-14 00:30:00,1768350600000,0.15085,0.15085,0.14974,0.1502,21064.0
2026-01-14 00:45:00,1768351500000,0.1502,0.15054,0.14944,0.14965,21872.0
2026-01-14 01:00:00,1768352400000,0.14965,0.15118,0.14959,0.15078,14292.0
2026-01-14 01:15:00,1768353300000,0.15078,0.15098,0.1503,0.15044,8598.0
2026-01-14 01:30:00,1768354200000,0.15044,0.15081,0.15026,0.1504,19937.0
2026-01-14 01:45:00,1768355100000,0.1504,0.15058,0.15,0.15014,6381.0
2026-01-14 02:00:00,1768356000000,0.15014,0.15086,0.14941,0.14995,18528.0
2026-01-14 02:15:00,1768356900000,0.14995,0.15027,0.14906,0.1497,38347.0
2026-01-14 02:30:00,1768357800000,0.1497,0.14978,0.1482,0.14906,106128.0
2026-01-14 02:45:00,1768358700000,0.14906,0.14943,0.14886,0.14934,13861.0
2026-01-14 03:00:00,1768359600000,0.14934,0.14951,0.14894,0.149,5287.0
2026-01-14 03:15:00,1768360500000,0.149,0.15042,0.14871,0.15028,73509.0
2026-01-14 03:30:00,1768361400000,0.15028,0.1524,0.1498,0.15119,135300.0
2026-01-14 03:45:00,1768362300000,0.15119,0.15416,0.1511,0.15182,177645.0
2026-01-14 04:00:00,1768363200000,0.15182,0.15244,0.15115,0.15213,47375.0
2026-01-14 04:15:00,1768364100000,0.15213,0.15334,0.15213,0.15334,32411.0
2026-01-14 04:30:00,1768365000000,0.15334,0.15547,0.15334,0.15439,79158.0
2026-01-14 04:45:00,1768365900000,0.15439,0.15446,0.15158,0.1524,93851.0
2026-01-14 05:00:00,1768366800000,0.1524,0.15391,0.15217,0.15347,65081.0
2026-01-14 05:15:00,1768367700000,0.15347,0.1562,0.15347,0.1558,90189.0
2026-01-14 05:30:00,1768368600000,0.1558,0.1563,0.15436,0.1553,101915.0
2026-01-14 05:45:00,1768369500000,0.1553,0.15816,0.1547,0.15757,151464.0
2026-01-14 06:00:00,1768370400000,0.15757,0.15793,0.15475,0.15728,325867.0
2026-01-14 06:15:00,1768371300000,0.15728,0.15914,0.15344,0.1544,289816.0
2026-01-14 06:30:00,1768372200000,0.1544,0.15483,0.15122,0.15168,245186.0
2026-01-14 06:45:00,1768373100000,0.15168,0.15236,0.1427,0.14459,1141049.0
2026-01-14 07:00:00,1768374000000,0.14459,0.14645,0.14249,0.14424,349335.0
2026-01-14 07:15:00,1768374900000,0.14424,0.14427,0.14295,0.14298,77961.0
2026-01-14 07:30:00,1768375800000,0.14298,0.14315,0.14082,0.14196,149361.0
2026-01-14 07:45:00,1768376700000,0.14196,0.14389,0.14177,0.14355,94231.0
2026-01-14 08:00:00,1768377600000,0.14355,0.14398,0.14217,0.14258,118177.0
2026-01-14 08:15:00,1768378500000,0.14258,0.14295,0.14079,0.14116,182298.0
2026-01-14 08:30:00,1768379400000,0.14116,0.14196,0.14005,0.14078,71968.0
2026-01-14 08:45:00,1768380300000,0.14078,0.14113,0.14034,0.14068,59066.0
2026-01-14 09:00:00,1768381200000,0.14068,0.14085,0.137,0.13966,325104.0
2026-01-14 09:15:00,1768382100000,0.13966,0.14136,0.1394,0.14088,101673.0
2026-01-14 09:30:00,1768383000000,0.14088,0.1458,0.14054,0.1449,308291.0
2026-01-14 09:45:00,1768383900000,0.1449,0.14595,0.14462,0.14549,22034.0
2026-01-14 10:00:00,1768384800000,0.14549,0.14552,0.14397,0.14491,69299.0
2026-01-14 10:15:00,1768385700000,0.14491,0.14579,0.14477,0.14569,48733.0
2026-01-14 10:30:00,1768386600000,0.14569,0.14584,0.14434,0.14486,15271.0
2026-01-14 10:45:00,1768387500000,0.14486,0.1458,0.14484,0.14578,16089.0
2026-01-14 11:00:00,1768388400000,0.14578,0.14587,0.14493,0.14537,26362.0
2026-01-14 11:15:00,1768389300000,0.14537,0.14544,0.14477,0.14482,28833.0
2026-01-14 11:30:00,1768390200000,0.14482,0.14632,0.14482,0.14605,46939.0
2026-01-14 11:45:00,1768391100000,0.14605,0.14715,0.1457,0.14589,33472.0
2026-01-14 12:00:00,1768392000000,0.14589,0.1462,0.14485,0.1452,37602.0
2026-01-14 12:15:00,1768392900000,0.1452,0.14536,0.14485,0.1449,8442.0
2026-01-14 12:30:00,1768393800000,0.1449,0.14535,0.14402,0.14535,36591.0
2026-01-14 12:45:00,1768394700000,0.14535,0.14535,0.14469,0.14481,9343.0
2026-01-14 13:00:00,1768395600000,0.14481,0.14634,0.14418,0.14592,54742.0
2026-01-14 13:15:00,1768396500000,0.14592,0.14624,0.14522,0.14582,15726.0
2026-01-14 13:30:00,1768397400000,0.14582,0.1472,0.14532,0.14648,50851.0
2026-01-14 13:45:00,1768398300000,0.14648,0.14774,0.14607,0.14709,95685.0
2026-01-14 14:00:00,1768399200000,0.14709,0.14709,0.14529,0.14575,48268.0
2026-01-14 14:15:00,1768400100000,0.14575,0.14575,0.14423,0.14466,26169.0
2026-01-14 14:30:00,1768401000000,0.14466,0.14466,0.1413,0.14217,144160.0
2026-01-14 14:45:00,1768401900000,0.14217,0.14314,0.14185,0.14229,37909.0
2026-01-14 15:00:00,1768402800000,0.14229,0.148,0.14168,0.14568,402020.0
2026-01-14 15:15:00,1768403700000,0.14568,0.14569,0.1438,0.1438,58399.0
2026-01-14 15:30:00,1768404600000,0.1438,0.1438,0.142,0.14241,70538.0
2026-01-14 15:45:00,1768405500000,0.14241,0.1439,0.14241,0.14366,44172.0
2026-01-14 16:00:00,1768406400000,0.14366,0.14504,0.14315,0.14488,57769.0
2026-01-14 16:15:00,1768407300000,0.14488,0.14576,0.14413,0.14544,35317.0
2026-01-14 16:30:00,1768408200000,0.14544,0.14572,0.14436,0.14436,38847.0
2026-01-14 16:45:00,1768409100000,0.14436,0.14567,0.14436,0.14539,20848.0
2026-01-14 17:00:00,1768410000000,0.14539,0.14579,0.14503,0.14535,4364.0
2026-01-14 17:15:00,1768410900000,0.14535,0.1456,0.144,0.14524,253002.0
2026-01-14 17:30:00,1768411800000,0.14524,0.14594,0.14426,0.14456,66544.0
2026-01-14 17:45:00,1768412700000,0.14456,0.14456,0.14319,0.14375,24945.0
2026-01-14 18:00:00,1768413600000,0.14375,0.14375,0.14269,0.1428,26688.0
2026-01-14 18:15:00,1768414500000,0.1428,0.14292,0.14222,0.14281,37967.0
2026-01-14 18:30:00,1768415400000,0.14281,0.143,0.1416,0.1428,20924.0
2026-01-14 18:45:00,1768416300000,0.1428,0.14418,0.14278,0.14381,22696.0
2026-01-14 19:00:00,1768417200000,0.14381,0.14381,0.14233,0.14256,13096.0
2026-01-14 19:15:00,1768418100000,0.14256,0.14299,0.14221,0.14295,17274.0
2026-01-14 19:30:00,1768419000000,0.14295,0.1432,0.14173,0.1425,92594.0
2026-01-14 19:45:00,1768419900000,0.1425,0.1425,0.14166,0.14182,6684.0
2026-01-14 20:00:00,1768420800000,0.14182,0.14274,0.1417,0.14231,13342.0
2026-01-14 20:15:00,1768421700000,0.14231,0.14235,0.14187,0.14233,4377.0
2026-01-14 20:30:00,1768422600000,0.14233,0.14284,0.14211,0.14278,5534.0
2026-01-14 20:45:00,1768423500000,0.14278,0.14322,0.14239,0.14251,12829.0
2026-01-14 21:00:00,1768424400000,0.14251,0.14383,0.1423,0.14318,15145.0
2026-01-14 21:15:00,1768425300000,0.14318,0.144,0.14314,0.14335,7736.0
2026-01-14 21:30:00,1768426200000,0.14335,0.14454,0.14324,0.14432,12753.0
2026-01-14 21:45:00,1768427100000,0.14432,0.14546,0.14432,0.14518,30244.0
2026-01-14 22:00:00,1768428000000,0.14518,0.14518,0.14366,0.14458,16690.0
2026-01-14 22:15:00,1768428900000,0.14458,0.14535,0.14421,0.14421,19227.0
2026-01-14 22:30:00,1768429800000,0.14421,0.14495,0.14349,0.14422,27766.0
2026-01-14 22:45:00,1768430700000,0.14422,0.1453,0.14399,0.14482,9158.0
2026-01-14 23:00:00,1768431600000,0.14482,0.1456,0.1443,0.145,13276.0
2026-01-14 23:15:00,1768432500000,0.145,0.14548,0.14457,0.14515,27112.0
2026-01-14 23:30:00,1768433400000,0.14515,0.14553,0.14491,0.14544,2867.0
2026-01-14 23:45:00,1768434300000,0.14544,0.14561,0.14517,0.14554,4450.0
2026-01-15 00:00:00,1768435200000,0.14554,0.14597,0.1449,0.1451,12375.0
2026-01-15 00:15:00,1768436100000,0.1451,0.14583,0.14441,0.1456,60089.0
2026-01-15 00:30:00,1768437000000,0.1456,0.14596,0.14541,0.14579,38382.0
2026-01-15 00:45:00,1768437900000,0.14579,0.1464,0.14558,0.1457,30609.0
2026-01-15 01:00:00,1768438800000,0.1457,0.14625,0.14522,0.14595,9795.0
2026-01-15 01:15:00,1768439700000,0.14595,0.14595,0.14537,0.14565,7238.0
2026-01-15 01:30:00,1768440600000,0.14565,0.14565,0.14484,0.14491,6900.0
2026-01-15 01:45:00,1768441500000,0.14491,0.14505,0.14202,0.14265,88555.0
2026-01-15 02:00:00,1768442400000,0.14265,0.14352,0.14236,0.14303,15297.0
2026-01-15 02:15:00,1768443300000,0.14303,0.14398,0.14303,0.1436,13610.0
2026-01-15 02:30:00,1768444200000,0.1436,0.14368,0.14279,0.1434,12669.0
2026-01-15 02:45:00,1768445100000,0.1434,0.14412,0.14247,0.14412,34555.0
2026-01-15 03:00:00,1768446000000,0.14412,0.14416,0.14346,0.14383,5226.0
2026-01-15 03:15:00,1768446900000,0.14383,0.14446,0.14369,0.1439,9969.0
2026-01-15 03:30:00,1768447800000,0.1439,0.14554,0.14379,0.14512,16946.0
2026-01-15 03:45:00,1768448700000,0.14512,0.14512,0.14349,0.14414,24995.0
2026-01-15 04:00:00,1768449600000,0.14414,0.14438,0.14362,0.1443,10572.0
2026-01-15 04:15:00,1768450500000,0.1443,0.14452,0.1435,0.1438,14586.0
2026-01-15 04:30:00,1768451400000,0.1438,0.1443,0.14355,0.1443,12389.0
2026-01-15 04:45:00,1768452300000,0.1443,0.14446,0.14402,0.14438,7054.0
2026-01-15 05:00:00,1768453200000,0.14438,0.14599,0.14407,0.14599,30314.0
2026-01-15 05:15:00,1768454100000,0.14599,0.1472,0.1455,0.1462,105841.0
2026-01-15 05:30:00,1768455000000,0.1462,0.14683,0.14607,0.14628,12805.0
2026-01-15 05:45:00,1768455900000,0.14628,0.14743,0.14597,0.14717,17489.0
2026-01-15 06:00:00,1768456800000,0.14717,0.14735,0.14614,0.14645,15997.0
2026-01-15 06:15:00,1768457700000,0.14645,0.14665,0.1457,0.14644,10429.0
2026-01-15 06:30:00,1768458600000,0.14644,0.14645,0.14476,0.14511,18412.0
2026-01-15 06:45:00,1768459500000,0.14511,0.14537,0.14495,0.14516,4827.0
2026-01-15 07:00:00,1768460400000,0.14516,0.14627,0.14479,0.146,8400.0
2026-01-15 07:15:00,1768461300000,0.146,0.14674,0.14585,0.14633,13888.0
2026-01-15 07:30:00,1768462200000,0.14633,0.14709,0.14606,0.14695,12569.0
2026-01-15 07:45:00,1768463100000,0.14695,0.14858,0.14638,0.14819,16069.0
2026-01-15 08:00:00,1768464000000,0.14819,0.14852,0.14673,0.14747,44349.0
2026-01-15 08:15:00,1768464900000,0.14747,0.14747,0.14605,0.14669,28528.0
2026-01-15 08:30:00,1768465800000,0.14669,0.14774,0.14653,0.14733,16446.0
2026-01-15 08:45:00,1768466700000,0.14733,0.1482,0.14733,0.1475,5076.0
2026-01-15 09:00:00,1768467600000,0.1475,0.14776,0.14424,0.14443,148854.0
2026-01-15 09:15:00,1768468500000,0.14443,0.1448,0.1388,0.14039,695789.0
2026-01-15 09:30:00,1768469400000,0.14039,0.14098,0.13996,0.14076,49065.0
2026-01-15 09:45:00,1768470300000,0.14076,0.14098,0.14005,0.14066,42689.0
2026-01-15 10:00:00,1768471200000,0.14066,0.14173,0.14066,0.1416,13575.0
2026-01-15 10:15:00,1768472100000,0.1416,0.14193,0.14109,0.14123,22532.0
2026-01-15 10:30:00,1768473000000,0.14123,0.14136,0.1406,0.14077,7496.0
2026-01-15 10:45:00,1768473900000,0.14077,0.14191,0.13914,0.14162,398413.0
2026-01-15 11:00:00,1768474800000,0.14162,0.14205,0.14127,0.14143,10043.0
2026-01-15 11:15:00,1768475700000,0.14143,0.14178,0.14092,0.14093,28445.0
2026-01-15 11:30:00,1768476600000,0.14093,0.14117,0.14044,0.14111,11917.0
2026-01-15 11:45:00,1768477500000,0.14111,0.14123,0.14044,0.14107,11239.0
2026-01-15 12:00:00,1768478400000,0.14107,0.14128,0.13947,0.1397,23196.0
2026-01-15 12:15:00,1768479300000,0.1397,0.1397,0.13881,0.13917,18421.0
2026-01-15 12:30:00,1768480200000,0.13917,0.13917,0.13844,0.13869,10940.0
2026-01-15 12:45:00,1768481100000,0.13869,0.13885,0.13845,0.1388,6991.0
2026-01-15 13:00:00,1768482000000,0.1388,0.13922,0.1386,0.13863,5644.0
2026-01-15 13:15:00,1768482900000,0.13863,0.14022,0.13863,0.13977,35501.0
2026-01-15 13:30:00,1768483800000,0.13977,0.13986,0.13832,0.1386,17891.0
2026-01-15 13:45:00,1768484700000,0.1386,0.13938,0.13849,0.13938,12120.0
2026-01-15 14:00:00,1768485600000,0.13938,0.13973,0.13903,0.13953,16951.0
2026-01-15 14:15:00,1768486500000,0.13953,0.13968,0.13721,0.13765,125588.0
2026-01-15 14:30:00,1768487400000,0.13765,0.13781,0.1356,0.13637,158813.0
2026-01-15 14:45:00,1768488300000,0.13637,0.1375,0.13588,0.13691,19221.0
2026-01-15 15:00:00,1768489200000,0.13691,0.13808,0.13675,0.13737,76784.0
2026-01-15 15:15:00,1768490100000,0.13737,0.13773,0.13682,0.13691,17750.0
2026-01-15 15:30:00,1768491000000,0.13691,0.13783,0.13683,0.13751,26554.0
2026-01-15 15:45:00,1768491900000,0.13751,0.13769,0.13401,0.136,334966.0
2026-01-15 16:00:00,1768492800000,0.136,0.13624,0.13536,0.13585,15709.0
2026-01-15 16:15:00,1768493700000,0.13585,0.13599,0.13517,0.13548,21501.0
2026-01-15 16:30:00,1768494600000,0.13548,0.13646,0.13529,0.13644,125696.0
2026-01-15 16:45:00,1768495500000,0.13644,0.13743,0.13618,0.13736,29718.0
2026-01-15 17:00:00,1768496400000,0.13736,0.13871,0.13728,0.13796,36343.0
2026-01-15 17:15:00,1768497300000,0.13796,0.14,0.1378,0.13887,42179.0
2026-01-15 17:30:00,1768498200000,0.13887,0.13976,0.13877,0.13948,11188.0
2026-01-15 17:45:00,1768499100000,0.13948,0.13985,0.13789,0.13902,68539.0
2026-01-15 18:00:00,1768500000000,0.13902,0.14127,0.13859,0.13961,104699.0
2026-01-15 18:15:00,1768500900000,0.13961,0.14084,0.13907,0.14084,25624.0
2026-01-15 18:30:00,1768501800000,0.14084,0.14095,0.13981,0.1402,15505.0
2026-01-15 18:45:00,1768502700000,0.1402,0.14031,0.13891,0.1398,34654.0
2026-01-15 19:00:00,1768503600000,0.1398,0.1412,0.13893,0.14057,95161.0
2026-01-15 19:15:00,1768504500000,0.14057,0.14117,0.14042,0.1409,12658.0
2026-01-15 19:30:00,1768505400000,0.1409,0.14167,0.14084,0.14167,14115.0
2026-01-15 19:45:00,1768506300000,0.14167,0.14232,0.14102,0.14179,49502.0
2026-01-15 20:00:00,1768507200000,0.14179,0.14233,0.14111,0.14111,32521.0
2026-01-15 20:15:00,1768508100000,0.14111,0.14113,0.13968,0.1397,15683.0
2026-01-15 20:30:00,1768509000000,0.1397,0.14216,0.13942,0.14141,58832.0
2026-01-15 20:45:00,1768509900000,0.14141,0.14151,0.14031,0.14031,10558.0
2026-01-15 21:00:00,1768510800000,0.14031,0.14148,0.1402,0.14111,4784.0
2026-01-15 21:15:00,1768511700000,0.14111,0.14111,0.14004,0.1404,23969.0
2026-01-15 21:30:00,1768512600000,0.1404,0.14084,0.14025,0.14068,13247.0
2026-01-15 21:45:00,1768513500000,0.14068,0.14104,0.14067,0.14078,2267.0
2026-01-15 22:00:00,1768514400000,0.14078,0.14186,0.14042,0.14174,41724.0
2026-01-15 22:15:00,1768515300000,0.14174,0.1418,0.14086,0.14086,8885.0
2026-01-15 22:30:00,1768516200000,0.14086,0.14086,0.1383,0.14007,388913.0
2026-01-15 22:45:00,1768517100000,0.14007,0.14109,0.13886,0.1409,218247.0
2026-01-15 23:00:00,1768518000000,0.1409,0.14185,0.14024,0.1407,28807.0
2026-01-15 23:15:00,1768518900000,0.1407,0.14121,0.1405,0.14108,5549.0
2026-01-15 23:30:00,1768519800000,0.14108,0.14108,0.14018,0.14063,26329.0
2026-01-15 23:45:00,1768520700000,0.14063,0.14469,0.14052,0.14391,211445.0
2026-01-16 00:00:00,1768521600000,0.14391,0.14667,0.14349,0.14562,131995.0
2026-01-16 00:15:00,1768522500000,0.14562,0.1457,0.14404,0.14493,75551.0
2026-01-16 00:30:00,1768523400000,0.14493,0.14526,0.14425,0.14447,20108.0
2026-01-16 00:45:00,1768524300000,0.14447,0.14522,0.14425,0.14442,54208.0
2026-01-16 01:00:00,1768525200000,0.14442,0.14616,0.14425,0.1448,65618.0
2026-01-16 01:15:00,1768526100000,0.1448,0.14571,0.14476,0.1451,9694.0
2026-01-16 01:30:00,1768527000000,0.1451,0.14528,0.14438,0.14453,5349.0
2026-01-16 01:45:00,1768527900000,0.14453,0.14506,0.14442,0.14481,6458.0
2026-01-16 02:00:00,1768528800000,0.14481,0.14564,0.1437,0.14409,62543.0
2026-01-16 02:15:00,1768529700000,0.14409,0.14625,0.14375,0.14624,59398.0
2026-01-16 02:30:00,1768530600000,0.14624,0.14764,0.1448,0.1448,147686.0
2026-01-16 02:45:00,1768531500000,0.1448,0.1456,0.14446,0.14541,10816.0
2026-01-16 03:00:00,1768532400000,0.14541,0.14645,0.14523,0.14645,4520.0
2026-01-16 03:15:00,1768533300000,0.14645,0.14756,0.14645,0.14737,12475.0
2026-01-16 03:30:00,1768534200000,0.14737,0.14748,0.14645,0.1474,23194.0
2026-01-16 03:45:00,1768535100000,0.1474,0.14775,0.14667,0.14698,17488.0
2026-01-16 04:00:00,1768536000000,0.14698,0.14713,0.14559,0.14598,62723.0
2026-01-16 04:15:00,1768536900000,0.14598,0.14678,0.14588,0.14643,13815.0
2026-01-16 04:30:00,1768537800000,0.14643,0.14643,0.14534,0.14564,10555.0
2026-01-16 04:45:00,1768538700000,0.14564,0.14719,0.14564,0.14685,86286.0
2026-01-16 05:00:00,1768539600000,0.14685,0.14741,0.1463,0.14667,27794.0
2026-01-16 05:15:00,1768540500000,0.14667,0.14747,0.14596,0.14725,27217.0
2026-01-16 05:30:00,1768541400000,0.14725,0.14735,0.14666,0.14682,16304.0
2026-01-16 05:45:00,1768542300000,0.14682,0.14693,0.14551,0.14583,122053.0
2026-01-16 06:00:00,1768543200000,0.14583,0.14684,0.14385,0.14494,248029.0
2026-01-16 06:15:00,1768544100000,0.14494,0.14517,0.14428,0.14517,44274.0
2026-01-16 06:30:00,1768545000000,0.14517,0.14717,0.14512,0.14667,51759.0
2026-01-16 06:45:00,1768545900000,0.14667,0.14685,0.1457,0.14622,36714.0
2026-01-16 07:00:00,1768546800000,0.14622,0.14631,0.14548,0.14583,10960.0
2026-01-16 07:15:00,1768547700000,0.14583,0.14624,0.14574,0.14617,8347.0
2026-01-16 07:30:00,1768548600000,0.14617,0.14636,0.1456,0.14606,7828.0
2026-01-16 07:45:00,1768549500000,0.14606,0.14638,0.14571,0.14624,26322.0
2026-01-16 08:00:00,1768550400000,0.14624,0.14624,0.14568,0.14582,23530.0
2026-01-16 08:15:00,1768551300000,0.14582,0.14582,0.14324,0.14373,113229.0
2026-01-16 08:30:00,1768552200000,0.14373,0.1445,0.14359,0.14441,16242.0
2026-01-16 08:45:00,1768553100000,0.14441,0.1453,0.14411,0.1444,42885.0
2026-01-16 09:00:00,1768554000000,0.1444,0.14508,0.14417,0.14422,7306.0
2026-01-16 09:15:00,1768554900000,0.14422,0.14456,0.14394,0.14456,8938.0
2026-01-16 09:30:00,1768555800000,0.14456,0.14482,0.14415,0.14452,25837.0
2026-01-16 09:45:00,1768556700000,0.14452,0.14551,0.14438,0.14523,7624.0
2026-01-16 10:00:00,1768557600000,0.14523,0.1463,0.14512,0.14571,55420.0
2026-01-16 10:15:00,1768558500000,0.14571,0.14571,0.1448,0.14535,46512.0
2026-01-16 10:30:00,1768559400000,0.14535,0.14719,0.145,0.14652,58765.0
2026-01-16 10:45:00,1768560300000,0.14652,0.15034,0.14621,0.14811,319425.0
2026-01-16 11:00:00,1768561200000,0.14811,0.14811,0.14631,0.14644,85634.0
2026-01-16 11:15:00,1768562100000,0.14644,0.14749,0.1461,0.14677,42789.0
2026-01-16 11:30:00,1768563000000,0.14677,0.1478,0.14667,0.14681,64073.0
2026-01-16 11:45:00,1768563900000,0.14681,0.1477,0.14672,0.14741,19120.0
2026-01-16 12:00:00,1768564800000,0.14741,0.14741,0.14663,0.14723,19032.0
2026-01-16 12:15:00,1768565700000,0.14723,0.14749,0.14617,0.14702,72072.0
2026-01-16 12:30:00,1768566600000,0.14702,0.14891,0.14635,0.14802,59021.0
2026-01-16 12:45:00,1768567500000,0.14802,0.14875,0.14695,0.14727,71130.0
2026-01-16 13:00:00,1768568400000,0.14727,0.14727,0.14495,0.14596,55237.0
2026-01-16 13:15:00,1768569300000,0.14596,0.14728,0.14595,0.14697,16342.0
2026-01-16 13:30:00,1768570200000,0.14697,0.14715,0.14642,0.1467,4286.0
2026-01-16 13:45:00,1768571100000,0.1467,0.14691,0.14551,0.14587,39254.0
2026-01-16 14:00:00,1768572000000,0.14587,0.14608,0.14462,0.14513,68017.0
2026-01-16 14:15:00,1768572900000,0.14513,0.14584,0.145,0.14539,31249.0
2026-01-16 14:30:00,1768573800000,0.14539,0.14556,0.1445,0.14495,19758.0
2026-01-16 14:45:00,1768574700000,0.14495,0.14524,0.1445,0.14502,12167.0
2026-01-16 15:00:00,1768575600000,0.14502,0.14525,0.13925,0.14102,692166.0
2026-01-16 15:15:00,1768576500000,0.14102,0.1422,0.13991,0.14147,166062.0
2026-01-16 15:30:00,1768577400000,0.14147,0.14442,0.14136,0.14397,106845.0
2026-01-16 15:45:00,1768578300000,0.14397,0.14414,0.14346,0.14379,40647.0
2026-01-16 16:00:00,1768579200000,0.14379,0.14402,0.14235,0.14345,49265.0
2026-01-16 16:15:00,1768580100000,0.14345,0.14354,0.14292,0.14323,16528.0
2026-01-16 16:30:00,1768581000000,0.14323,0.14344,0.14082,0.14101,136493.0
2026-01-16 16:45:00,1768581900000,0.14101,0.1414,0.14081,0.14118,29073.0
2026-01-16 17:00:00,1768582800000,0.14118,0.14198,0.14113,0.14165,50470.0
2026-01-16 17:15:00,1768583700000,0.14165,0.14165,0.14001,0.14036,43434.0
2026-01-16 17:30:00,1768584600000,0.14036,0.1413,0.14023,0.14103,12286.0
2026-01-16 17:45:00,1768585500000,0.14103,0.1418,0.14086,0.1418,11111.0
2026-01-16 18:00:00,1768586400000,0.1418,0.14368,0.1418,0.1434,81686.0
2026-01-16 18:15:00,1768587300000,0.1434,0.14558,0.14252,0.1452,64640.0
2026-01-16 18:30:00,1768588200000,0.1452,0.14551,0.14484,0.14526,29547.0
2026-01-16 18:45:00,1768589100000,0.14526,0.14544,0.14426,0.1446,14304.0
2026-01-16 19:00:00,1768590000000,0.1446,0.14558,0.14447,0.14526,13652.0
2026-01-16 19:15:00,1768590900000,0.14526,0.14571,0.14504,0.14571,13457.0
2026-01-16 19:30:00,1768591800000,0.14571,0.14614,0.14468,0.1449,34556.0
2026-01-16 19:45:00,1768592700000,0.1449,0.14535,0.14415,0.1449,41923.0
2026-01-16 20:00:00,1768593600000,0.1449,0.14689,0.1449,0.14675,16469.0
2026-01-16 20:15:00,1768594500000,0.14675,0.14723,0.14649,0.14723,10928.0
2026-01-16 20:30:00,1768595400000,0.14723,0.15129,0.14716,0.14991,114980.0
2026-01-16 20:45:00,1768596300000,0.14991,0.1502,0.14906,0.14915,45778.0
2026-01-16 21:00:00,1768597200000,0.14915,0.14923,0.14819,0.14892,17456.0
2026-01-16 21:15:00,1768598100000,0.14892,0.14892,0.14791,0.14852,31736.0
2026-01-16 21:30:00,1768599000000,0.14852,0.15015,0.14846,0.14939,17141.0
2026-01-16 21:45:00,1768599900000,0.14939,0.15065,0.14895,0.14997,16584.0
2026-01-16 22:00:00,1768600800000,0.14997,0.15026,0.14931,0.14962,93354.0
2026-01-16 22:15:00,1768601700000,0.14962,0.15028,0.14942,0.14997,24387.0
2026-01-16 22:30:00,1768602600000,0.14997,0.15026,0.14843,0.14906,49352.0
2026-01-16 22:45:00,1768603500000,0.14906,0.15013,0.14868,0.14875,25277.0
2026-01-16 23:00:00,1768604400000,0.14875,0.15001,0.14875,0.14975,17113.0
2026-01-16 23:15:00,1768605300000,0.14975,0.15005,0.14919,0.14937,48719.0
2026-01-16 23:30:00,1768606200000,0.14937,0.1499,0.14925,0.14936,21116.0
2026-01-16 23:45:00,1768607100000,0.14936,0.14947,0.14919,0.14945,2951.0
2026-01-17 00:00:00,1768608000000,0.14945,0.14994,0.14835,0.1491,25203.0
2026-01-17 00:15:00,1768608900000,0.1491,0.14915,0.14871,0.1491,10730.0
2026-01-17 00:30:00,1768609800000,0.1491,0.14942,0.14853,0.1486,16521.0
2026-01-17 00:45:00,1768610700000,0.1486,0.14865,0.14746,0.14828,56074.0
2026-01-17 01:00:00,1768611600000,0.14828,0.14839,0.14782,0.1482,13425.0
2026-01-17 01:15:00,1768612500000,0.1482,0.14883,0.1482,0.14883,10654.0
2026-01-17 01:30:00,1768613400000,0.14883,0.14964,0.14879,0.14962,8367.0
2026-01-17 01:45:00,1768614300000,0.14962,0.14962,0.14928,0.14934,3406.0
2026-01-17 02:00:00,1768615200000,0.14934,0.14937,0.14842,0.14855,26205.0
2026-01-17 02:15:00,1768616100000,0.14855,0.14906,0.14827,0.14897,20749.0
2026-01-17 02:30:00,1768617000000,0.14897,0.14922,0.14885,0.14885,10985.0
2026-01-17 02:45:00,1768617900000,0.14885,0.14946,0.14781,0.14785,52030.0
2026-01-17 03:00:00,1768618800000,0.14785,0.14828,0.14733,0.14786,7852.0
2026-01-17 03:15:00,1768619700000,0.14786,0.14814,0.14767,0.14808,9258.0
2026-01-17 03:30:00,1768620600000,0.14808,0.1486,0.14789,0.14837,26499.0
2026-01-17 03:45:00,1768621500000,0.14837,0.14838,0.14796,0.14819,5670.0
2026-01-17 04:00:00,1768622400000,0.14819,0.14834,0.14763,0.14795,9349.0
2026-01-17 04:15:00,1768623300000,0.14795,0.14824,0.14768,0.14786,6612.0
2026-01-17 04:30:00,1768624200000,0.14786,0.14809,0.14781,0.14809,4653.0
2026-01-17 04:45:00,1768625100000,0.14809,0.14869,0.14767,0.14768,6461.0
2026-01-17 05:00:00,1768626000000,0.14768,0.14781,0.14747,0.14754,7372.0
2026-01-17 05:15:00,1768626900000,0.14754,0.14754,0.14717,0.14729,10912.0
2026-01-17 05:30:00,1768627800000,0.14729,0.14743,0.14591,0.14692,13889.0
2026-01-17 05:45:00,1768628700000,0.14692,0.1472,0.14645,0.1465,9713.0
2026-01-17 06:00:00,1768629600000,0.1465,0.14656,0.14568,0.146,27343.0
2026-01-17 06:15:00,1768630500000,0.146,0.14688,0.146,0.14666,22101.0
2026-01-17 06:30:00,1768631400000,0.14666,0.14681,0.14628,0.14628,6852.0
2026-01-17 06:45:00,1768632300000,0.14628,0.14731,0.14615,0.1472,16832.0
2026-01-17 07:00:00,1768633200000,0.1472,0.14748,0.14645,0.14708,4582.0
2026-01-17 07:15:00,1768634100000,0.14708,0.14708,0.14663,0.14669,6508.0
2026-01-17 07:30:00,1768635000000,0.14669,0.14843,0.14655,0.14821,18063.0
2026-01-17 07:45:00,1768635900000,0.14821,0.14859,0.14776,0.14807,15263.0
2026-01-17 08:00:00,1768636800000,0.14807,0.14826,0.14775,0.14817,6986.0
2026-01-17 08:15:00,1768637700000,0.14817,0.14834,0.14793,0.14797,11681.0
2026-01-17 08:30:00,1768638600000,0.14797,0.14836,0.1475,0.14764,4306.0
2026-01-17 08:45:00,1768639500000,0.14764,0.14843,0.14754,0.14762,7180.0
2026-01-17 09:00:00,1768640400000,0.14762,0.14779,0.14702,0.14775,17821.0
2026-01-17 09:15:00,1768641300000,0.14775,0.14789,0.14741,0.14756,5399.0
2026-01-17 09:30:00,1768642200000,0.14756,0.14816,0.14756,0.14792,4697.0
2026-01-17 09:45:00,1768643100000,0.14792,0.14792,0.14734,0.14751,12169.0
2026-01-17 10:00:00,1768644000000,0.14751,0.14761,0.14738,0.14755,3909.0
2026-01-17 10:15:00,1768644900000,0.14755,0.14792,0.14703,0.14722,65361.0
2026-01-17 10:30:00,1768645800000,0.14722,0.14725,0.1466,0.14697,13878.0
2026-01-17 10:45:00,1768646700000,0.14697,0.14704,0.14594,0.14642,33439.0
2026-01-17 11:00:00,1768647600000,0.14642,0.1467,0.14623,0.14651,19695.0
2026-01-17 11:15:00,1768648500000,0.14651,0.147,0.14635,0.147,17252.0
2026-01-17 11:30:00,1768649400000,0.147,0.14758,0.14645,0.14701,60807.0
2026-01-17 11:45:00,1768650300000,0.14701,0.1474,0.14692,0.14716,12093.0
2026-01-17 12:00:00,1768651200000,0.14716,0.14729,0.14676,0.14724,8230.0
2026-01-17 12:15:00,1768652100000,0.14724,0.14778,0.14724,0.14768,15598.0
2026-01-17 12:30:00,1768653000000,0.14768,0.1481,0.14749,0.14779,85433.0
2026-01-17 12:45:00,1768653900000,0.14779,0.1498,0.14747,0.14977,111334.0
2026-01-17 13:00:00,1768654800000,0.14977,0.15226,0.14919,0.15149,145393.0
2026-01-17 13:15:00,1768655700000,0.15149,0.15231,0.15071,0.1512,29617.0
2026-01-17 13:30:00,1768656600000,0.1512,0.15204,0.15057,0.15079,35704.0
2026-01-17 13:45:00,1768657500000,0.15079,0.15113,0.14995,0.15027,19795.0
2026-01-17 14:00:00,1768658400000,0.15027,0.15046,0.14924,0.15032,21643.0
2026-01-17 14:15:00,1768659300000,0.15032,0.15032,0.1494,0.14965,16879.0
2026-01-17 14:30:00,1768660200000,0.14965,0.15048,0.14957,0.15028,17842.0
2026-01-17 14:45:00,1768661100000,0.15028,0.15045,0.14845,0.14877,40258.0
2026-01-17 15:00:00,1768662000000,0.14877,0.14975,0.14849,0.14963,5908.0
2026-01-17 15:15:00,1768662900000,0.14963,0.15046,0.14913,0.14975,31715.0
2026-01-17 15:30:00,1768663800000,0.14975,0.15005,0.14904,0.14912,15653.0
2026-01-17 15:45:00,1768664700000,0.14912,0.14917,0.14862,0.14917,11463.0
2026-01-17 16:00:00,1768665600000,0.14917,0.14931,0.14847,0.14881,12067.0
2026-01-17 16:15:00,1768666500000,0.14881,0.14915,0.14761,0.14828,47111.0
2026-01-17 16:30:00,1768667400000,0.14828,0.14828,0.1473,0.14789,15637.0
2026-01-17 16:45:00,1768668300000,0.14789,0.14836,0.14755,0.14823,27151.0
2026-01-17 17:00:00,1768669200000,0.14823,0.14846,0.14766,0.14824,10899.0
2026-01-17 17:15:00,1768670100000,0.14824,0.14853,0.14811,0.14842,7777.0
2026-01-17 17:30:00,1768671000000,0.14842,0.14935,0.1476,0.14929,88265.0
2026-01-17 17:45:00,1768671900000,0.14929,0.1499,0.14856,0.14958,26761.0
2026-01-17 18:00:00,1768672800000,0.14958,0.14995,0.14932,0.14973,8151.0
2026-01-17 18:15:00,1768673700000,0.14973,0.14998,0.14924,0.14946,5889.0
2026-01-17 18:30:00,1768674600000,0.14946,0.15093,0.1494,0.15049,12360.0
2026-01-17 18:45:00,1768675500000,0.15049,0.15071,0.14969,0.15012,22533.0
2026-01-17 19:00:00,1768676400000,0.15012,0.15063,0.14984,0.15062,5045.0
2026-01-17 19:15:00,1768677300000,0.15062,0.15175,0.14984,0.15021,44428.0
2026-01-17 19:30:00,1768678200000,0.15021,0.15074,0.14987,0.15066,8801.0
2026-01-17 19:45:00,1768679100000,0.15066,0.1514,0.15,0.15125,30553.0
2026-01-17 20:00:00,1768680000000,0.15125,0.15387,0.15066,0.15366,32017.0
2026-01-17 20:15:00,1768680900000,0.15366,0.15415,0.15182,0.15205,116277.0
2026-01-17 20:30:00,1768681800000,0.15205,0.15373,0.15008,0.15097,372237.0
2026-01-17 20:45:00,1768682700000,0.15097,0.15256,0.15069,0.15168,89552.0
2026-01-17 21:00:00,1768683600000,0.15168,0.15209,0.1503,0.15091,76606.0
2026-01-17 21:15:00,1768684500000,0.15091,0.15221,0.15074,0.15221,37295.0
2026-01-17 21:30:00,1768685400000,0.15221,0.1538,0.15216,0.1538,42584.0
2026-01-17 21:45:00,1768686300000,0.1538,0.15424,0.15338,0.15353,14946.0
2026-01-17 22:00:00,1768687200000,0.15353,0.1569,0.15353,0.15612,76506.0
2026-01-17 22:15:00,1768688100000,0.15612,0.16057,0.15566,0.16057,200830.0
2026-01-17 22:30:00,1768689000000,0.16057,0.16204,0.15795,0.16024,314788.0
2026-01-17 22:45:00,1768689900000,0.16024,0.1634,0.16024,0.1634,169331.0
2026-01-17 23:00:00,1768690800000,0.1634,0.16631,0.161,0.16223,354096.0
2026-01-17 23:15:00,1768691700000,0.16223,0.17,0.16223,0.16824,363460.0
2026-01-17 23:30:00,1768692600000,0.16824,0.17027,0.1665,0.168,404256.0
2026-01-17 23:45:00,1768693500000,0.168,0.16941,0.1647,0.16614,620224.0
2026-01-18 00:00:00,1768694400000,0.16614,0.16991,0.15693,0.15792,3089833.0
2026-01-18 00:15:00,1768695300000,0.15792,0.16062,0.1572,0.15901,380579.0
2026-01-18 00:30:00,1768696200000,0.15901,0.16248,0.15877,0.15988,274137.0
2026-01-18 00:45:00,1768697100000,0.15988,0.16019,0.15819,0.159,107411.0
2026-01-18 01:00:00,1768698000000,0.159,0.15929,0.15418,0.15556,481084.0
2026-01-18 01:15:00,1768698900000,0.15556,0.15635,0.15362,0.15394,135891.0
2026-01-18 01:30:00,1768699800000,0.15394,0.15662,0.15348,0.15616,84873.0
2026-01-18 01:45:00,1768700700000,0.15616,0.15649,0.155,0.1555,27869.0
2026-01-18 02:00:00,1768701600000,0.1555,0.15885,0.1555,0.15817,111806.0
2026-01-18 02:15:00,1768702500000,0.15817,0.15943,0.15738,0.15927,98284.0
2026-01-18 02:30:00,1768703400000,0.15927,0.1601,0.15817,0.15845,113955.0
2026-01-18 02:45:00,1768704300000,0.15845,0.1604,0.15835,0.15948,23886.0
2026-01-18 03:00:00,1768705200000,0.15948,0.16046,0.15835,0.15902,83244.0
2026-01-18 03:15:00,1768706100000,0.15902,0.16199,0.15902,0.16178,64996.0
2026-01-18 03:30:00,1768707000000,0.16178,0.163,0.1603,0.16265,226218.0
2026-01-18 03:45:00,1768707900000,0.16265,0.16569,0.16265,0.16354,223913.0
2026-01-18 04:00:00,1768708800000,0.16354,0.16493,0.1625,0.16434,160392.0
2026-01-18 04:15:00,1768709700000,0.16434,0.1658,0.16292,0.16515,110731.0
2026-01-18 04:30:00,1768710600000,0.16515,0.1688,0.16481,0.16565,184137.0
2026-01-18 04:45:00,1768711500000,0.16565,0.1684,0.16534,0.16779,165360.0
2026-01-18 05:00:00,1768712400000,0.16779,0.16967,0.16619,0.16839,362953.0
2026-01-18 05:15:00,1768713300000,0.16839,0.17332,0.16785,0.17116,600131.0
2026-01-18 05:30:00,1768714200000,0.17116,0.17292,0.16959,0.17158,432598.0
2026-01-18 05:45:00,1768715100000,0.17158,0.17735,0.17158,0.17599,1034200.0
2026-01-18 06:00:00,1768716000000,0.17599,0.17948,0.17545,0.17779,916568.0
2026-01-18 06:15:00,1768716900000,0.17779,0.17913,0.17331,0.1766,1517217.0
2026-01-18 06:30:00,1768717800000,0.1766,0.17761,0.17434,0.17505,827257.0
2026-01-18 06:45:00,1768718700000,0.17505,0.17874,0.17404,0.17727,840653.0
2026-01-18 07:00:00,1768719600000,0.17727,0.18313,0.17696,0.18288,1925972.0
2026-01-18 07:15:00,1768720500000,0.18288,0.1855,0.17939,0.18056,1555489.0
2026-01-18 07:30:00,1768721400000,0.18056,0.18674,0.17802,0.1789,1822013.0
2026-01-18 07:45:00,1768722300000,0.1789,0.1818,0.17636,0.17749,798548.0
2026-01-18 08:00:00,1768723200000,0.17749,0.18007,0.17362,0.17558,1418418.0
2026-01-18 08:15:00,1768724100000,0.17558,0.17696,0.17406,0.17677,543931.0
2026-01-18 08:30:00,1768725000000,0.17677,0.1815,0.17639,0.18039,957317.0
2026-01-18 08:45:00,1768725900000,0.18039,0.1832,0.1803,0.18137,605509.0
2026-01-18 09:00:00,1768726800000,0.18137,0.1822,0.17873,0.18,751873.0
2026-01-18 09:15:00,1768727700000,0.18,0.18488,0.17977,0.18232,1071608.0
2026-01-18 09:30:00,1768728600000,0.18232,0.18557,0.18106,0.18377,1544303.0
2026-01-18 09:45:00,1768729500000,0.18377,0.18648,0.18377,0.18592,1236246.0
2026-01-18 10:00:00,1768730400000,0.18592,0.18634,0.18267,0.18367,1477963.0
2026-01-18 10:15:00,1768731300000,0.18367,0.18571,0.18345,0.18379,1064952.0
2026-01-18 10:30:00,1768732200000,0.18379,0.19248,0.18379,0.19166,2447102.0
2026-01-18 10:45:00,1768733100000,0.19166,0.194,0.18609,0.19208,3247260.0
2026-01-18 11:00:00,1768734000000,0.19208,0.1937,0.18877,0.1912,1878634.0
2026-01-18 11:15:00,1768734900000,0.1912,0.19229,0.18794,0.1888,603532.0
2026-01-18 11:30:00,1768735800000,0.1888,0.19548,0.1888,0.19521,1082042.0
2026-01-18 11:45:00,1768736700000,0.19521,0.20166,0.19353,0.20018,4330030.0
2026-01-18 12:00:00,1768737600000,0.20018,0.20146,0.19767,0.19921,2143450.0
2026-01-18 12:15:00,1768738500000,0.19921,0.20475,0.19837,0.20414,2434951.0
2026-01-18 12:30:00,1768739400000,0.20414,0.20467,0.20124,0.20322,2653530.0
2026-01-18 12:45:00,1768740300000,0.20322,0.2038,0.19012,0.19761,6792425.0
2026-01-18 13:00:00,1768741200000,0.19761,0.19894,0.19131,0.1963,3218514.0
2026-01-18 13:15:00,1768742100000,0.1963,0.19634,0.19212,0.19474,1504638.0
2026-01-18 13:30:00,1768743000000,0.19474,0.19638,0.1782,0.18042,7231459.0
2026-01-18 13:45:00,1768743900000,0.18042,0.19678,0.17739,0.19133,6313894.0
2026-01-18 14:00:00,1768744800000,0.19133,0.19565,0.1839,0.18675,3378580.0
2026-01-18 14:15:00,1768745700000,0.18675,0.19484,0.186,0.19316,1360031.0
2026-01-18 14:30:00,1768746600000,0.19316,0.19566,0.19027,0.195,1409040.0
2026-01-18 14:45:00,1768747500000,0.195,0.19911,0.19218,0.19581,1374968.0
2026-01-18 15:00:00,1768748400000,0.19581,0.19858,0.19506,0.1977,1214327.0
2026-01-18 15:15:00,1768749300000,0.1977,0.19955,0.19329,0.19348,1296059.0
2026-01-18 15:30:00,1768750200000,0.19348,0.19633,0.1912,0.19312,984352.0
2026-01-18 15:45:00,1768751100000,0.19312,0.20188,0.1928,0.19925,1641388.0
2026-01-18 16:00:00,1768752000000,0.19925,0.20179,0.19784,0.19962,1655202.0
2026-01-18 16:15:00,1768752900000,0.19962,0.20999,0.19945,0.20737,4318426.0
2026-01-18 16:30:00,1768753800000,0.20737,0.21141,0.198,0.20336,3469387.0
2026-01-18 16:45:00,1768754700000,0.20336,0.20549,0.20048,0.20398,1392105.0
2026-01-18 17:00:00,1768755600000,0.20398,0.20793,0.2019,0.20308,1184875.0
2026-01-18 17:15:00,1768756500000,0.20308,0.20682,0.20191,0.20542,690076.0
2026-01-18 17:30:00,1768757400000,0.20542,0.20901,0.20542,0.20885,847924.0
2026-01-18 17:45:00,1768758300000,0.20885,0.2188,0.20774,0.21529,2991998.0
2026-01-18 18:00:00,1768759200000,0.21529,0.21776,0.21304,0.21682,1460936.0
2026-01-18 18:15:00,1768760100000,0.21682,0.21762,0.2111,0.21224,1586687.0
2026-01-18 18:30:00,1768761000000,0.21224,0.21622,0.20899,0.21252,1332236.0
2026-01-18 18:45:00,1768761900000,0.21252,0.21486,0.2121,0.21371,662365.0
2026-01-18 19:00:00,1768762800000,0.21371,0.21386,0.2106,0.21229,808672.0
2026-01-18 19:15:00,1768763700000,0.21229,0.21555,0.20529,0.20827,2316897.0
2026-01-18 19:30:00,1768764600000,0.20827,0.20944,0.20397,0.20485,1156891.0
2026-01-18 19:45:00,1768765500000,0.20485,0.20933,0.20096,0.20226,1959407.0
2026-01-18 20:00:00,1768766400000,0.20226,0.20596,0.19923,0.20539,1502793.0
2026-01-18 20:15:00,1768767300000,0.20539,0.20539,0.20244,0.20324,577734.0
2026-01-18 20:30:00,1768768200000,0.20324,0.20491,0.20067,0.20199,781303.0
2026-01-18 20:45:00,1768769100000,0.20199,0.2055,0.20198,0.20489,364250.0
2026-01-18 21:00:00,1768770000000,0.20489,0.20865,0.20489,0.20799,857033.0
2026-01-18 21:15:00,1768770900000,0.20799,0.20822,0.20316,0.20484,1008260.0
2026-01-18 21:30:00,1768771800000,0.20484,0.20508,0.20114,0.20368,617605.0
2026-01-18 21:45:00,1768772700000,0.20368,0.20692,0.20314,0.20537,536014.0
2026-01-18 22:00:00,1768773600000,0.20537,0.20676,0.20297,0.20528,786826.0
2026-01-18 22:15:00,1768774500000,0.20528,0.20624,0.20337,0.20521,324497.0
2026-01-18 22:30:00,1768775400000,0.20521,0.20682,0.20405,0.20568,247620.0
2026-01-18 22:45:00,1768776300000,0.20568,0.20713,0.20342,0.20342,262906.0
2026-01-18 23:00:00,1768777200000,0.20342,0.20622,0.20342,0.20622,475045.0
2026-01-18 23:15:00,1768778100000,0.20622,0.20711,0.20452,0.2049,539220.0
2026-01-18 23:30:00,1768779000000,0.2049,0.20708,0.2023,0.20683,1302498.0
2026-01-18 23:45:00,1768779900000,0.20683,0.20688,0.20109,0.20423,1038389.0
2026-01-19 00:00:00,1768780800000,0.20423,0.20549,0.1911,0.2035,5378588.0
2026-01-19 00:15:00,1768781700000,0.2035,0.20946,0.20092,0.20215,1797505.0
2026-01-19 00:30:00,1768782600000,0.20215,0.20616,0.20068,0.20417,777614.0
2026-01-19 00:45:00,1768783500000,0.20417,0.20894,0.18379,0.18757,4629376.0
2026-01-19 01:00:00,1768784400000,0.18757,0.1982,0.18646,0.19809,2315364.0
2026-01-19 01:15:00,1768785300000,0.19809,0.20145,0.19681,0.19796,669212.0
2026-01-19 01:30:00,1768786200000,0.19796,0.20202,0.19422,0.19935,1057471.0
2026-01-19 01:45:00,1768787100000,0.19935,0.20003,0.19495,0.19549,560540.0
2026-01-19 02:00:00,1768788000000,0.19549,0.19979,0.19499,0.19947,382983.0
2026-01-19 02:15:00,1768788900000,0.19947,0.20149,0.1979,0.19925,529996.0
2026-01-19 02:30:00,1768789800000,0.19925,0.20086,0.1975,0.1994,359212.0
2026-01-19 02:45:00,1768790700000,0.1994,0.20039,0.19778,0.19858,518839.0
2026-01-19 03:00:00,1768791600000,0.19858,0.19955,0.19625,0.19807,304861.0
2026-01-19 03:15:00,1768792500000,0.19807,0.19807,0.19202,0.1944,856355.0
2026-01-19 03:30:00,1768793400000,0.1944,0.19629,0.19228,0.19464,443298.0
2026-01-19 03:45:00,1768794300000,0.19464,0.19602,0.19263,0.1933,375980.0
2026-01-19 04:00:00,1768795200000,0.1933,0.19515,0.19112,0.19367,607752.0
2026-01-19 04:15:00,1768796100000,0.19367,0.19596,0.19308,0.19596,326647.0
2026-01-19 04:30:00,1768797000000,0.19596,0.197,0.193,0.19409,569197.0
2026-01-19 04:45:00,1768797900000,0.19409,0.197,0.19339,0.19594,330832.0
2026-01-19 05:00:00,1768798800000,0.19594,0.19782,0.19532,0.19618,357168.0
2026-01-19 05:15:00,1768799700000,0.19618,0.19768,0.19487,0.19676,364644.0
2026-01-19 05:30:00,1768800600000,0.19676,0.1977,0.19514,0.19615,245967.0
2026-01-19 05:45:00,1768801500000,0.19615,0.20279,0.19563,0.19946,1186174.0
2026-01-19 06:00:00,1768802400000,0.19946,0.20019,0.19372,0.195,633124.0
2026-01-19 06:15:00,1768803300000,0.195,0.19576,0.18857,0.19275,1504381.0
2026-01-19 06:30:00,1768804200000,0.19275,0.1945,0.19209,0.19257,339090.0
2026-01-19 06:45:00,1768805100000,0.19257,0.19505,0.19049,0.19248,1167078.0
2026-01-19 07:00:00,1768806000000,0.19248,0.19326,0.18962,0.19116,346980.0
2026-01-19 07:15:00,1768806900000,0.19116,0.19276,0.18874,0.19029,394237.0
2026-01-19 07:30:00,1768807800000,0.19029,0.1913,0.1881,0.18949,465063.0
2026-01-19 07:45:00,1768808700000,0.18949,0.19022,0.1873,0.18915,372075.0
2026-01-19 08:00:00,1768809600000,0.18915,0.1914,0.1882,0.1888,266633.0
2026-01-19 08:15:00,1768810500000,0.1888,0.19034,0.1862,0.18649,458708.0
2026-01-19 08:30:00,1768811400000,0.18649,0.19221,0.18504,0.19121,728344.0
2026-01-19 08:45:00,1768812300000,0.19121,0.19333,0.19034,0.19055,321571.0
2026-01-19 09:00:00,1768813200000,0.19055,0.19305,0.18934,0.19305,162037.0
2026-01-19 09:15:00,1768814100000,0.19305,0.19406,0.19108,0.19138,163021.0
2026-01-19 09:30:00,1768815000000,0.19138,0.19216,0.19069,0.1919,155597.0
2026-01-19 09:45:00,1768815900000,0.1919,0.19284,0.18971,0.1902,148698.0
2026-01-19 10:00:00,1768816800000,0.1902,0.19418,0.18994,0.19361,170194.0
2026-01-19 10:15:00,1768817700000,0.19361,0.19482,0.19262,0.1941,188305.0
2026-01-19 10:30:00,1768818600000,0.1941,0.1941,0.1923,0.19344,129362.0
2026-01-19 10:45:00,1768819500000,0.19344,0.19344,0.18911,0.18958,278668.0
2026-01-19 11:00:00,1768820400000,0.18958,0.19264,0.18948,0.19183,144801.0
2026-01-19 11:15:00,1768821300000,0.19183,0.19482,0.19183,0.19452,168087.0
2026-01-19 11:30:00,1768822200000,0.19452,0.19815,0.19362,0.19737,709807.0
2026-01-19 11:45:00,1768823100000,0.19737,0.19799,0.19555,0.19713,250910.0
2026-01-19 12:00:00,1768824000000,0.19713,0.1985,0.19616,0.19659,239988.0
2026-01-19 12:15:00,1768824900000,0.19659,0.19763,0.19579,0.19602,178276.0
2026-01-19 12:30:00,1768825800000,0.19602,0.19648,0.193,0.19336,356735.0
2026-01-19 12:45:00,1768826700000,0.19336,0.19448,0.19136,0.19269,268116.0
2026-01-19 13:00:00,1768827600000,0.19269,0.19539,0.19246,0.19263,290352.0
2026-01-19 13:15:00,1768828500000,0.19263,0.19405,0.19176,0.19213,102803.0
2026-01-19 13:30:00,1768829400000,0.19213,0.19436,0.18936,0.19297,526661.0
2026-01-19 13:45:00,1768830300000,0.19297,0.19529,0.19173,0.1932,818910.0
2026-01-19 14:00:00,1768831200000,0.1932,0.19429,0.19195,0.19235,134695.0
2026-01-19 14:15:00,1768832100000,0.19235,0.19326,0.19072,0.19288,211946.0
2026-01-19 14:30:00,1768833000000,0.19288,0.19417,0.1918,0.19195,107942.0
2026-01-19 14:45:00,1768833900000,0.19195,0.19404,0.19037,0.1916,295641.0
2026-01-19 15:00:00,1768834800000,0.1916,0.19346,0.19095,0.192,169688.0
2026-01-19 15:15:00,1768835700000,0.192,0.19307,0.18953,0.18997,286174.0
2026-01-19 15:30:00,1768836600000,0.18997,0.19008,0.18825,0.18908,239346.0
2026-01-19 15:45:00,1768837500000,0.18908,0.18959,0.18626,0.18785,257562.0
2026-01-19 16:00:00,1768838400000,0.18785,0.18865,0.18479,0.18608,389266.0
2026-01-19 16:15:00,1768839300000,0.18608,0.18752,0.18108,0.18125,562358.0
2026-01-19 16:30:00,1768840200000,0.18125,0.18385,0.18055,0.18306,428842.0
2026-01-19 16:45:00,1768841100000,0.18306,0.18969,0.18306,0.18719,453653.0
2026-01-19 17:00:00,1768842000000,0.18719,0.18829,0.18365,0.18365,252164.0
2026-01-19 17:15:00,1768842900000,0.18365,0.18614,0.18243,0.18371,195903.0
2026-01-19 17:30:00,1768843800000,0.18371,0.18456,0.18235,0.18275,100894.0
2026-01-19 17:45:00,1768844700000,0.18275,0.1839,0.1826,0.18293,62811.0
2026-01-19 18:00:00,1768845600000,0.18293,0.18585,0.18282,0.1857,186557.0
2026-01-19 18:15:00,1768846500000,0.1857,0.18646,0.1835,0.18452,118023.0
2026-01-19 18:30:00,1768847400000,0.18452,0.18737,0.18368,0.18409,430948.0
2026-01-19 18:45:00,1768848300000,0.18409,0.18435,0.18178,0.18181,63621.0
2026-01-19 19:00:00,1768849200000,0.18181,0.18335,0.16904,0.17525,2261577.0
2026-01-19 19:15:00,1768850100000,0.17525,0.17548,0.17128,0.17216,376828.0
2026-01-19 19:30:00,1768851000000,0.17216,0.17253,0.1605,0.16105,1455177.0
2026-01-19 19:45:00,1768851900000,0.16105,0.16208,0.15601,0.15676,1805163.0
2026-01-19 20:00:00,1768852800000,0.15676,0.16068,0.15275,0.153,1667726.0
2026-01-19 20:15:00,1768853700000,0.153,0.1571,0.15131,0.15173,1169561.0
2026-01-19 20:30:00,1768854600000,0.15173,0.1563,0.1512,0.1552,778580.0
2026-01-19 20:45:00,1768855500000,0.1552,0.1554,0.15041,0.15268,604928.0
2026-01-19 21:00:00,1768856400000,0.15268,0.15333,0.1485,0.1506,1039564.0
2026-01-19 21:15:00,1768857300000,0.1506,0.15123,0.14552,0.14639,943158.0
2026-01-19 21:30:00,1768858200000,0.14639,0.14761,0.14483,0.14684,906809.0
2026-01-19 21:45:00,1768859100000,0.14684,0.14915,0.14582,0.1476,477228.0
2026-01-19 22:00:00,1768860000000,0.1476,0.15029,0.14615,0.14963,549048.0
2026-01-19 22:15:00,1768860900000,0.14963,0.14985,0.14635,0.14937,477283.0
2026-01-19 22:30:00,1768861800000,0.14937,0.15051,0.1485,0.14935,343713.0
2026-01-19 22:45:00,1768862700000,0.14935,0.14989,0.14647,0.14965,868456.0
2026-01-19 23:00:00,1768863600000,0.14965,0.15175,0.14906,0.15044,782019.0
2026-01-19 23:15:00,1768864500000,0.15044,0.15177,0.14817,0.1484,621212.0
2026-01-19 23:30:00,1768865400000,0.1484,0.14975,0.14815,0.14833,160577.0
2026-01-19 23:45:00,1768866300000,0.14833,0.15042,0.14827,0.14841,240398.0
2026-01-20 00:00:00,1768867200000,0.14841,0.15413,0.14707,0.15385,491530.0
2026-01-20 00:15:00,1768868100000,0.15385,0.16286,0.15303,0.16194,1353712.0
2026-01-20 00:30:00,1768869000000,0.16194,0.16802,0.1612,0.16205,2942165.0
2026-01-20 00:45:00,1768869900000,0.16205,0.16356,0.1561,0.15762,1242960.0
2026-01-20 01:00:00,1768870800000,0.15762,0.16169,0.15715,0.1616,523368.0
2026-01-20 01:15:00,1768871700000,0.1616,0.18099,0.1616,0.17895,2411385.0
2026-01-20 01:30:00,1768872600000,0.17895,0.18229,0.16735,0.1684,2471719.0
2026-01-20 01:45:00,1768873500000,0.1684,0.17363,0.16638,0.1733,1126852.0
2026-01-20 02:00:00,1768874400000,0.1733,0.1818,0.17127,0.17864,1343026.0
2026-01-20 02:15:00,1768875300000,0.17864,0.185,0.17864,0.18479,1278456.0
2026-01-20 02:30:00,1768876200000,0.18479,0.18594,0.17923,0.18135,934636.0
2026-01-20 02:45:00,1768877100000,0.18135,0.1839,0.17645,0.17822,600234.0
2026-01-20 03:00:00,1768878000000,0.17822,0.183,0.17543,0.1805,953621.0
2026-01-20 03:15:00,1768878900000,0.1805,0.1823,0.17798,0.17977,360414.0
2026-01-20 03:30:00,1768879800000,0.17977,0.18558,0.1796,0.18399,536757.0
2026-01-20 03:45:00,1768880700000,0.18399,0.18646,0.18179,0.18235,338209.0
2026-01-20 04:00:00,1768881600000,0.18235,0.18252,0.17834,0.17887,415714.0
2026-01-20 04:15:00,1768882500000,0.17887,0.18037,0.16834,0.17017,1161270.0
2026-01-20 04:30:00,1768883400000,0.17017,0.17093,0.1631,0.16815,1142632.0
2026-01-20 04:45:00,1768884300000,0.16815,0.17227,0.16754,0.17192,284901.0
2026-01-20 05:00:00,1768885200000,0.17192,0.17309,0.17003,0.17159,203181.0
2026-01-20 05:15:00,1768886100000,0.17159,0.17422,0.16935,0.17235,259747.0
2026-01-20 05:30:00,1768887000000,0.17235,0.17969,0.17195,0.1794,417072.0
2026-01-20 05:45:00,1768887900000,0.1794,0.18275,0.17915,0.1808,342133.0
2026-01-20 06:00:00,1768888800000,0.1808,0.18479,0.17956,0.1837,386086.0
2026-01-20 06:15:00,1768889700000,0.1837,0.18395,0.17667,0.17821,516426.0
2026-01-20 06:30:00,1768890600000,0.17821,0.17918,0.17621,0.1777,222598.0
2026-01-20 06:45:00,1768891500000,0.1777,0.17995,0.17519,0.17553,249047.0
2026-01-20 07:00:00,1768892400000,0.17553,0.1772,0.17106,0.17114,558097.0
2026-01-20 07:15:00,1768893300000,0.17114,0.17114,0.15175,0.1525,1705290.0
2026-01-20 07:30:00,1768894200000,0.1525,0.1608,0.14923,0.15176,3745936.0
2026-01-20 07:45:00,1768895100000,0.15176,0.15458,0.14485,0.14525,2328878.0
2026-01-20 08:00:00,1768896000000,0.14525,0.1511,0.14382,0.14785,1678017.0
2026-01-20 08:15:00,1768896900000,0.14785,0.15275,0.1469,0.1482,1048403.0
2026-01-20 08:30:00,1768897800000,0.1482,0.15158,0.1475,0.15013,449507.0
2026-01-20 08:45:00,1768898700000,0.15013,0.15593,0.14832,0.1536,783248.0
2026-01-20 09:00:00,1768899600000,0.1536,0.15799,0.15352,0.15606,763990.0
2026-01-20 09:15:00,1768900500000,0.15606,0.16393,0.15598,0.16254,889578.0
2026-01-20 09:30:00,1768901400000,0.16254,0.16464,0.15568,0.15997,954266.0
2026-01-20 09:45:00,1768902300000,0.15997,0.16532,0.15953,0.16507,517779.0
2026-01-20 10:00:00,1768903200000,0.16507,0.16746,0.16155,0.16725,751630.0
2026-01-20 10:15:00,1768904100000,0.16725,0.16762,0.16078,0.16197,484488.0
2026-01-20 10:30:00,1768905000000,0.16197,0.16239,0.1538,0.15692,802385.0
2026-01-20 10:45:00,1768905900000,0.15692,0.15942,0.1554,0.15817,609647.0
2026-01-20 11:00:00,1768906800000,0.15817,0.15969,0.15653,0.15839,362318.0
2026-01-20 11:15:00,1768907700000,0.15839,0.15918,0.15648,0.15805,270370.0
2026-01-20 11:30:00,1768908600000,0.15805,0.15972,0.15498,0.1561,247130.0
2026-01-20 11:45:00,1768909500000,0.1561,0.15856,0.15464,0.15738,237477.0
2026-01-20 12:00:00,1768910400000,0.15738,0.16372,0.15708,0.162,457331.0
2026-01-20 12:15:00,1768911300000,0.162,0.16542,0.162,0.16279,290441.0
2026-01-20 12:30:00,1768912200000,0.16279,0.16866,0.16265,0.16676,449473.0
2026-01-20 12:45:00,1768913100000,0.16676,0.16806,0.16245,0.16248,414436.0
2026-01-20 13:00:00,1768914000000,0.16248,0.16465,0.1622,0.16433,303419.0
2026-01-20 13:15:00,1768914900000,0.16433,0.16766,0.1633,0.16697,498192.0
2026-01-20 13:30:00,1768915800000,0.16697,0.16897,0.16618,0.16762,358113.0
2026-01-20 13:45:00,1768916700000,0.16762,0.16965,0.16683,0.16758,200151.0
2026-01-20 14:00:00,1768917600000,0.16758,0.17217,0.1671,0.1698,244519.0
2026-01-20 14:15:00,1768918500000,0.1698,0.17341,0.16902,0.1708,375274.0
2026-01-20 14:30:00,1768919400000,0.1708,0.1724,0.16964,0.16964,223395.0
2026-01-20 14:45:00,1768920300000,0.16964,0.17085,0.16807,0.16975,273205.0
2026-01-20 15:00:00,1768921200000,0.16975,0.17188,0.15845,0.16314,1715005.0
2026-01-20 15:15:00,1768922100000,0.16314,0.16565,0.16039,0.1645,556584.0
2026-01-20 15:30:00,1768923000000,0.1645,0.1653,0.16165,0.16246,403530.0
2026-01-20 15:45:00,1768923900000,0.16246,0.16262,0.15909,0.16221,380984.0
2026-01-20 16:00:00,1768924800000,0.16221,0.16221,0.15908,0.16007,244230.0
2026-01-20 16:15:00,1768925700000,0.16007,0.16641,0.15995,0.16505,348715.0
2026-01-20 16:30:00,1768926600000,0.16505,0.17014,0.16492,0.169,496718.0
2026-01-20 16:45:00,1768927500000,0.169,0.17374,0.16854,0.1732,359321.0
2026-01-20 17:00:00,1768928400000,0.1732,0.17629,0.16817,0.17,860191.0
2026-01-20 17:15:00,1768929300000,0.17,0.1707,0.16802,0.16975,276523.0
2026-01-20 17:30:00,1768930200000,0.16975,0.1725,0.1687,0.1721,186029.0
2026-01-20 17:45:00,1768931100000,0.1721,0.1781,0.1715,0.17607,378863.0
2026-01-20 18:00:00,1768932000000,0.17607,0.17709,0.1716,0.17355,278414.0
2026-01-20 18:15:00,1768932900000,0.17355,0.17445,0.17168,0.17225,109699.0
2026-01-20 18:30:00,1768933800000,0.17225,0.1741,0.16849,0.1687,167133.0
2026-01-20 18:45:00,1768934700000,0.1687,0.16922,0.16455,0.16758,669310.0
2026-01-20 19:00:00,1768935600000,0.16758,0.16856,0.16645,0.16719,302036.0
2026-01-20 19:15:00,1768936500000,0.16719,0.1685,0.16553,0.1664,125351.0
2026-01-20 19:30:00,1768937400000,0.1664,0.16735,0.16121,0.16435,554282.0
2026-01-20 19:45:00,1768938300000,0.16435,0.1666,0.16414,0.16551,102320.0
2026-01-20 20:00:00,1768939200000,0.16551,0.16555,0.15832,0.15973,473667.0
2026-01-20 20:15:00,1768940100000,0.15973,0.1609,0.15948,0.1597,139211.0
2026-01-20 20:30:00,1768941000000,0.1597,0.16035,0.15416,0.15525,481602.0
2026-01-20 20:45:00,1768941900000,0.15525,0.15994,0.15491,0.15958,291481.0
2026-01-20 21:00:00,1768942800000,0.15958,0.16,0.15664,0.1577,230621.0
2026-01-20 21:15:00,1768943700000,0.1577,0.15964,0.15674,0.157,172794.0
2026-01-20 21:30:00,1768944600000,0.157,0.15812,0.1558,0.15712,331456.0
2026-01-20 21:45:00,1768945500000,0.15712,0.16095,0.15605,0.16049,370700.0
2026-01-20 22:00:00,1768946400000,0.16049,0.16284,0.15933,0.16188,291650.0
2026-01-20 22:15:00,1768947300000,0.16188,0.16224,0.15964,0.1609,226710.0
2026-01-20 22:30:00,1768948200000,0.1609,0.16101,0.15668,0.15684,297953.0
2026-01-20 22:45:00,1768949100000,0.15684,0.15789,0.15625,0.15698,206927.0
2026-01-20 23:00:00,1768950000000,0.15698,0.15825,0.1568,0.15815,143077.0
2026-01-20 23:15:00,1768950900000,0.15815,0.15823,0.15243,0.15289,343263.0
2026-01-20 23:30:00,1768951800000,0.15289,0.15549,0.15275,0.1548,134324.0
2026-01-20 23:45:00,1768952700000,0.1548,0.15545,0.15407,0.15446,57815.0
2026-01-21 00:00:00,1768953600000,0.15446,0.15686,0.15425,0.15537,195166.0
2026-01-21 00:15:00,1768954500000,0.15537,0.15692,0.15482,0.15692,77792.0
2026-01-21 00:30:00,1768955400000,0.15692,0.15778,0.15562,0.15652,132885.0
2026-01-21 00:45:00,1768956300000,0.15652,0.15815,0.15617,0.15739,364404.0
2026-01-21 01:00:00,1768957200000,0.15739,0.15771,0.15583,0.15604,65820.0
2026-01-21 01:15:00,1768958100000,0.15604,0.15675,0.15429,0.15469,102190.0
2026-01-21 01:30:00,1768959000000,0.15469,0.15635,0.15373,0.15502,67754.0
2026-01-21 01:45:00,1768959900000,0.15502,0.15503,0.15328,0.15378,65487.0
2026-01-21 02:00:00,1768960800000,0.15378,0.15499,0.15312,0.1546,124361.0
2026-01-21 02:15:00,1768961700000,0.1546,0.1548,0.15384,0.1541,66309.0
2026-01-21 02:30:00,1768962600000,0.1541,0.15539,0.15365,0.15383,105156.0
2026-01-21 02:45:00,1768963500000,0.15383,0.15383,0.1494,0.14991,419980.0
2026-01-21 03:00:00,1768964400000,0.14991,0.15073,0.14862,0.14946,239703.0
2026-01-21 03:15:00,1768965300000,0.14946,0.15051,0.14841,0.1492,171266.0
2026-01-21 03:30:00,1768966200000,0.1492,0.1492,0.14591,0.14655,295480.0
2026-01-21 03:45:00,1768967100000,0.14655,0.14863,0.1456,0.14673,240871.0
2026-01-21 04:00:00,1768968000000,0.14673,0.14675,0.1453,0.1461,377524.0
2026-01-21 04:15:00,1768968900000,0.1461,0.14699,0.14487,0.14545,382354.0
2026-01-21 04:30:00,1768969800000,0.14545,0.14619,0.14418,0.14446,244047.0
2026-01-21 04:45:00,1768970700000,0.14446,0.14452,0.14002,0.14226,700835.0
2026-01-21 05:00:00,1768971600000,0.14226,0.14438,0.14158,0.14344,185414.0
2026-01-21 05:15:00,1768972500000,0.14344,0.14742,0.14298,0.14535,216416.0
2026-01-21 05:30:00,1768973400000,0.14535,0.14737,0.14471,0.14605,221730.0
2026-01-21 05:45:00,1768974300000,0.14605,0.14958,0.14562,0.14599,303993.0
2026-01-21 06:00:00,1768975200000,0.14599,0.1476,0.14495,0.14678,257600.0
2026-01-21 06:15:00,1768976100000,0.14678,0.14809,0.14595,0.14645,169761.0
2026-01-21 06:30:00,1768977000000,0.14645,0.1482,0.14582,0.14625,154551.0
2026-01-21 06:45:00,1768977900000,0.14625,0.14773,0.14614,0.14745,124809.0
2026-01-21 07:00:00,1768978800000,0.14745,0.14823,0.14358,0.14577,296631.0
2026-01-21 07:15:00,1768979700000,0.14577,0.14755,0.14577,0.14755,93747.0
2026-01-21 07:30:00,1768980600000,0.14755,0.15089,0.14748,0.14972,344349.0
2026-01-21 07:45:00,1768981500000,0.14972,0.1533,0.14967,0.15285,219736.0
2026-01-21 08:00:00,1768982400000,0.15285,0.16136,0.1526,0.16123,664590.0
2026-01-21 08:15:00,1768983300000,0.16123,0.165,0.15848,0.1611,1124148.0
2026-01-21 08:30:00,1768984200000,0.1611,0.16376,0.1599,0.1612,410768.0
2026-01-21 08:45:00,1768985100000,0.1612,0.16678,0.16104,0.1651,592147.0
2026-01-21 09:00:00,1768986000000,0.1651,0.1664,0.16167,0.1623,331473.0
2026-01-21 09:15:00,1768986900000,0.1623,0.16586,0.16207,0.1627,228742.0
2026-01-21 09:30:00,1768987800000,0.1627,0.16397,0.15937,0.1599,341788.0
2026-01-21 09:45:00,1768988700000,0.1599,0.1623,0.15576,0.1615,694636.0
2026-01-21 10:00:00,1768989600000,0.1615,0.1627,0.15942,0.16165,207109.0
2026-01-21 10:15:00,1768990500000,0.16165,0.16264,0.16035,0.16131,113014.0
2026-01-21 10:30:00,1768991400000,0.16131,0.16175,0.15845,0.15945,182025.0
2026-01-21 10:45:00,1768992300000,0.15945,0.16255,0.15925,0.15977,256884.0
2026-01-21 11:00:00,1768993200000,0.15977,0.16075,0.15813,0.15889,184119.0
2026-01-21 11:15:00,1768994100000,0.15889,0.16049,0.15803,0.15945,242571.0
2026-01-21 11:30:00,1768995000000,0.15945,0.15984,0.15857,0.1596,84275.0
2026-01-21 11:45:00,1768995900000,0.1596,0.16115,0.1592,0.16075,157453.0
2026-01-21 12:00:00,1768996800000,0.16075,0.16075,0.15814,0.16035,116259.0
2026-01-21 12:15:00,1768997700000,0.16035,0.16047,0.15709,0.15847,163460.0
2026-01-21 12:30:00,1768998600000,0.15847,0.15926,0.15793,0.15883,47441.0
2026-01-21 12:45:00,1768999500000,0.15883,0.159,0.15735,0.15804,56444.0
2026-01-21 13:00:00,1769000400000,0.15804,0.16219,0.15804,0.16089,220864.0
2026-01-21 13:15:00,1769001300000,0.16089,0.16158,0.15917,0.15927,143813.0
2026-01-21 13:30:00,1769002200000,0.15927,0.16018,0.15894,0.15994,75861.0
2026-01-21 13:45:00,1769003100000,0.15994,0.16056,0.15948,0.15982,45982.0
2026-01-21 14:00:00,1769004000000,0.15982,0.16285,0.15978,0.16278,190321.0
2026-01-21 14:15:00,1769004900000,0.16278,0.16595,0.1626,0.16479,282147.0
2026-01-21 14:30:00,1769005800000,0.16479,0.16864,0.16388,0.16782,255408.0
2026-01-21 14:45:00,1769006700000,0.16782,0.16802,0.16626,0.16772,121919.0
2026-01-21 15:00:00,1769007600000,0.16772,0.17256,0.16772,0.17076,344267.0
2026-01-21 15:15:00,1769008500000,0.17076,0.17164,0.16788,0.16999,174946.0
2026-01-21 15:30:00,1769009400000,0.16999,0.17104,0.16818,0.17082,186102.0
2026-01-21 15:45:00,1769010300000,0.17082,0.17172,0.16854,0.1689,228201.0
2026-01-21 16:00:00,1769011200000,0.1689,0.17544,0.16854,0.17528,243875.0
2026-01-21 16:15:00,1769012100000,0.17528,0.17776,0.1704,0.17179,574498.0
2026-01-21 16:30:00,1769013000000,0.17179,0.17279,0.1675,0.16919,511435.0
2026-01-21 16:45:00,1769013900000,0.16919,0.171,0.16701,0.16788,259087.0
2026-01-21 17:00:00,1769014800000,0.16788,0.16884,0.16651,0.16717,250811.0
2026-01-21 17:15:00,1769015700000,0.16717,0.17316,0.16654,0.1713,543304.0
2026-01-21 17:30:00,1769016600000,0.1713,0.17275,0.17,0.17115,166978.0
2026-01-21 17:45:00,1769017500000,0.17115,0.17233,0.16656,0.16704,522455.0
2026-01-21 18:00:00,1769018400000,0.16704,0.17208,0.16704,0.17113,248359.0
2026-01-21 18:15:00,1769019300000,0.17113,0.17559,0.17011,0.17518,1492885.0
2026-01-21 18:30:00,1769020200000,0.17518,0.17564,0.16914,0.16915,482247.0
2026-01-21 18:45:00,1769021100000,0.16915,0.1695,0.16759,0.16879,90093.0
2026-01-21 19:00:00,1769022000000,0.16879,0.16935,0.16242,0.16296,512316.0
2026-01-21 19:15:00,1769022900000,0.16296,0.1642,0.16219,0.16378,212817.0
2026-01-21 19:30:00,1769023800000,0.16378,0.16513,0.16349,0.1637,134530.0
2026-01-21 19:45:00,1769024700000,0.1637,0.16501,0.16284,0.16446,89514.0
2026-01-21 20:00:00,1769025600000,0.16446,0.168,0.16427,0.16588,169258.0
2026-01-21 20:15:00,1769026500000,0.16588,0.16588,0.16312,0.16416,113854.0
2026-01-21 20:30:00,1769027400000,0.16416,0.16728,0.16309,0.16728,100330.0
2026-01-21 20:45:00,1769028300000,0.16728,0.1678,0.1654,0.16722,146345.0
2026-01-21 21:00:00,1769029200000,0.16722,0.16793,0.16566,0.16578,95938.0
2026-01-21 21:15:00,1769030100000,0.16578,0.16752,0.16534,0.16668,71529.0
2026-01-21 21:30:00,1769031000000,0.16668,0.1671,0.1656,0.16653,29653.0
2026-01-21 21:45:00,1769031900000,0.16653,0.16653,0.16378,0.16445,106808.0
2026-01-21 22:00:00,1769032800000,0.16445,0.16449,0.16374,0.16374,38219.0
2026-01-21 22:15:00,1769033700000,0.16374,0.16455,0.16266,0.16371,43403.0
2026-01-21 22:30:00,1769034600000,0.16371,0.1644,0.16302,0.16362,30701.0
2026-01-21 22:45:00,1769035500000,0.16362,0.16364,0.16226,0.16302,23403.0
2026-01-21 23:00:00,1769036400000,0.16302,0.164,0.1622,0.16365,65665.0
2026-01-21 23:15:00,1769037300000,0.16365,0.16374,0.16249,0.16311,56928.0
2026-01-21 23:30:00,1769038200000,0.16311,0.1636,0.16225,0.16225,30309.0
2026-01-21 23:45:00,1769039100000,0.16225,0.1626,0.16129,0.16202,43690.0
2026-01-22 00:00:00,1769040000000,0.16202,0.16328,0.16198,0.1629,78978.0
2026-01-22 00:15:00,1769040900000,0.1629,0.16305,0.16216,0.16263,30176.0
2026-01-22 00:30:00,1769041800000,0.16263,0.16354,0.16248,0.16303,33517.0
2026-01-22 00:45:00,1769042700000,0.16303,0.16637,0.16274,0.16518,84280.0
2026-01-22 01:00:00,1769043600000,0.16518,0.16848,0.16378,0.1674,170327.0
2026-01-22 01:15:00,1769044500000,0.1674,0.1677,0.16438,0.16469,71132.0
2026-01-22 01:30:00,1769045400000,0.16469,0.16555,0.16418,0.165,90702.0
2026-01-22 01:45:00,1769046300000,0.165,0.16676,0.16489,0.1655,45996.0
2026-01-22 02:00:00,1769047200000,0.1655,0.16805,0.16499,0.16764,88935.0
2026-01-22 02:15:00,1769048100000,0.16764,0.16895,0.1653,0.16706,147234.0
2026-01-22 02:30:00,1769049000000,0.16706,0.16895,0.16706,0.16795,75732.0
2026-01-22 02:45:00,1769049900000,0.16795,0.16845,0.1675,0.16755,34030.0
2026-01-22 03:00:00,1769050800000,0.16755,0.17063,0.16635,0.16958,132742.0
2026-01-22 03:15:00,1769051700000,0.16958,0.172,0.169,0.1715,100525.0
2026-01-22 03:30:00,1769052600000,0.1715,0.1717,0.16613,0.16713,289974.0
2026-01-22 03:45:00,1769053500000,0.16713,0.16765,0.16613,0.16693,75192.0
2026-01-22 04:00:00,1769054400000,0.16693,0.16865,0.16618,0.16671,130149.0
2026-01-22 04:15:00,1769055300000,0.16671,0.16775,0.16354,0.16382,232439.0
2026-01-22 04:30:00,1769056200000,0.16382,0.1648,0.16315,0.1644,114032.0
2026-01-22 04:45:00,1769057100000,0.1644,0.16451,0.15411,0.15615,909261.0
2026-01-22 05:00:00,1769058000000,0.15615,0.15805,0.15513,0.15703,351903.0
2026-01-22 05:15:00,1769058900000,0.15703,0.15767,0.15538,0.15595,148781.0
2026-01-22 05:30:00,1769059800000,0.15595,0.15884,0.15595,0.1584,132114.0
2026-01-22 05:45:00,1769060700000,0.1584,0.1584,0.157,0.15825,72690.0
2026-01-22 06:00:00,1769061600000,0.15825,0.15975,0.15685,0.15834,175172.0
2026-01-22 06:15:00,1769062500000,0.15834,0.15857,0.15705,0.15788,40877.0
2026-01-22 06:30:00,1769063400000,0.15788,0.15816,0.15607,0.1575,83667.0
2026-01-22 06:45:00,1769064300000,0.1575,0.15765,0.15563,0.15688,113410.0
2026-01-22 07:00:00,1769065200000,0.15688,0.15715,0.15519,0.15519,42865.0
2026-01-22 07:15:00,1769066100000,0.15519,0.1599,0.15501,0.15725,271467.0
2026-01-22 07:30:00,1769067000000,0.15725,0.15765,0.15643,0.15765,51087.0
2026-01-22 07:45:00,1769067900000,0.15765,0.15783,0.15645,0.15661,28800.0
2026-01-22 08:00:00,1769068800000,0.15661,0.15661,0.15533,0.156,64214.0
2026-01-22 08:15:00,1769069700000,0.156,0.15625,0.15081,0.1509,625021.0
2026-01-22 08:30:00,1769070600000,0.1509,0.15192,0.15052,0.1514,179918.0
2026-01-22 08:45:00,1769071500000,0.1514,0.1534,0.15135,0.1524,102882.0
2026-01-22 09:00:00,1769072400000,0.1524,0.15415,0.15107,0.15404,89860.0
2026-01-22 09:15:00,1769073300000,0.15404,0.15496,0.15266,0.15395,124070.0
2026-01-22 09:30:00,1769074200000,0.15395,0.15427,0.15345,0.15363,32573.0
2026-01-22 09:45:00,1769075100000,0.15363,0.15434,0.1533,0.15362,56341.0
2026-01-22 10:00:00,1769076000000,0.15362,0.15389,0.15222,0.15249,44858.0
2026-01-22 10:15:00,1769076900000,0.15249,0.15294,0.15097,0.1527,114586.0
2026-01-22 10:30:00,1769077800000,0.1527,0.1547,0.1522,0.15382,127752.0
2026-01-22 10:45:00,1769078700000,0.15382,0.15414,0.153,0.15355,77560.0
2026-01-22 11:00:00,1769079600000,0.15355,0.15389,0.15279,0.15279,41155.0
2026-01-22 11:15:00,1769080500000,0.15279,0.15775,0.15268,0.15616,211996.0
2026-01-22 11:30:00,1769081400000,0.15616,0.15989,0.15611,0.1578,1121866.0
2026-01-22 11:45:00,1769082300000,0.1578,0.15828,0.15692,0.15777,88212.0
2026-01-22 12:00:00,1769083200000,0.15777,0.15983,0.1573,0.15926,84232.0
2026-01-22 12:15:00,1769084100000,0.15926,0.1608,0.15914,0.1598,98699.0
2026-01-22 12:30:00,1769085000000,0.1598,0.15985,0.15805,0.1588,71800.0
2026-01-22 12:45:00,1769085900000,0.1588,0.159,0.15802,0.15879,44693.0
2026-01-22 13:00:00,1769086800000,0.15879,0.1605,0.1587,0.15951,107386.0
2026-01-22 13:15:00,1769087700000,0.15951,0.1599,0.1583,0.1588,33430.0
2026-01-22 13:30:00,1769088600000,0.1588,0.15952,0.15654,0.1576,165663.0
2026-01-22 13:45:00,1769089500000,0.1576,0.15885,0.15759,0.15858,48320.0
2026-01-22 14:00:00,1769090400000,0.15858,0.15986,0.15837,0.15986,85916.0
2026-01-22 14:15:00,1769091300000,0.15986,0.1599,0.15876,0.1589,64490.0
2026-01-22 14:30:00,1769092200000,0.1589,0.1589,0.15754,0.15793,71736.0
2026-01-22 14:45:00,1769093100000,0.15793,0.15965,0.1579,0.15933,80713.0
2026-01-22 15:00:00,1769094000000,0.15933,0.16133,0.1593,0.16026,135246.0
2026-01-22 15:15:00,1769094900000,0.16026,0.16062,0.1594,0.1597,41224.0
2026-01-22 15:30:00,1769095800000,0.1597,0.16,0.1588,0.15939,61721.0
2026-01-22 15:45:00,1769096700000,0.15939,0.1597,0.15692,0.15765,54074.0
2026-01-22 16:00:00,1769097600000,0.15765,0.15826,0.1574,0.1579,39324.0
2026-01-22 16:15:00,1769098500000,0.1579,0.1588,0.15747,0.15794,32169.0
2026-01-22 16:30:00,1769099400000,0.15794,0.15838,0.15765,0.15784,28753.0
2026-01-22 16:45:00,1769100300000,0.15784,0.15929,0.15767,0.15906,57564.0
2026-01-22 17:00:00,1769101200000,0.15906,0.16099,0.15906,0.16033,112782.0
2026-01-22 17:15:00,1769102100000,0.16033,0.16111,0.15975,0.161,50019.0
2026-01-22 17:30:00,1769103000000,0.161,0.16301,0.16045,0.16283,93822.0
2026-01-22 17:45:00,1769103900000,0.16283,0.16451,0.16245,0.16277,152913.0
2026-01-22 18:00:00,1769104800000,0.16277,0.16305,0.162,0.1628,93437.0
2026-01-22 18:15:00,1769105700000,0.1628,0.1629,0.16047,0.16103,149555.0
2026-01-22 18:30:00,1769106600000,0.16103,0.16122,0.16055,0.16122,32594.0
2026-01-22 18:45:00,1769107500000,0.16122,0.16172,0.16075,0.1617,46337.0
2026-01-22 19:00:00,1769108400000,0.1617,0.16226,0.161,0.162,70036.0
2026-01-22 19:15:00,1769109300000,0.162,0.16324,0.16175,0.16274,109521.0
2026-01-22 19:30:00,1769110200000,0.16274,0.16363,0.1618,0.16363,109952.0
2026-01-22 19:45:00,1769111100000,0.16363,0.164,0.16295,0.16396,55566.0
2026-01-22 20:00:00,1769112000000,0.16396,0.16701,0.1634,0.16584,257975.0
2026-01-22 20:15:00,1769112900000,0.16584,0.16614,0.16477,0.16571,73000.0
2026-01-22 20:30:00,1769113800000,0.16571,0.16658,0.16552,0.16615,45885.0
2026-01-22 20:45:00,1769114700000,0.16615,0.16698,0.166,0.16645,33996.0
2026-01-22 21:00:00,1769115600000,0.16645,0.16676,0.16595,0.16622,42580.0
2026-01-22 21:15:00,1769116500000,0.16622,0.16695,0.16416,0.1646,124273.0
2026-01-22 21:30:00,1769117400000,0.1646,0.16548,0.16418,0.16512,36629.0
2026-01-22 21:45:00,1769118300000,0.16512,0.16531,0.1643,0.16515,28863.0
2026-01-22 22:00:00,1769119200000,0.16515,0.16529,0.16336,0.1638,50695.0
2026-01-22 22:15:00,1769120100000,0.1638,0.16464,0.16376,0.16411,32034.0
2026-01-22 22:30:00,1769121000000,0.16411,0.16488,0.16345,0.16467,34161.0
2026-01-22 22:45:00,1769121900000,0.16467,0.16476,0.16341,0.16416,49019.0
2026-01-22 23:00:00,1769122800000,0.16416,0.16464,0.16388,0.16409,19653.0
2026-01-22 23:15:00,1769123700000,0.16409,0.16413,0.16155,0.16285,137004.0
2026-01-22 23:30:00,1769124600000,0.16285,0.16309,0.1619,0.16202,37837.0
2026-01-22 23:45:00,1769125500000,0.16202,0.1625,0.1616,0.16179,23181.0
2026-01-23 00:00:00,1769126400000,0.16179,0.16194,0.16155,0.16171,26179.0
2026-01-23 00:15:00,1769127300000,0.16171,0.16195,0.16141,0.16151,20761.0
2026-01-23 00:30:00,1769128200000,0.16151,0.16574,0.16137,0.16485,231212.0
2026-01-23 00:45:00,1769129100000,0.16485,0.16629,0.16485,0.16593,50272.0
2026-01-23 01:00:00,1769130000000,0.16593,0.16655,0.16482,0.16525,46666.0
2026-01-23 01:15:00,1769130900000,0.16525,0.16536,0.16232,0.16322,137979.0
2026-01-23 01:30:00,1769131800000,0.16322,0.16324,0.1623,0.16284,54680.0
2026-01-23 01:45:00,1769132700000,0.16284,0.1634,0.16271,0.16327,8754.0
2026-01-23 02:00:00,1769133600000,0.16327,0.16339,0.1621,0.16307,52992.0
2026-01-23 02:15:00,1769134500000,0.16307,0.16403,0.16295,0.16335,37446.0
2026-01-23 02:30:00,1769135400000,0.16335,0.1637,0.16211,0.16255,41245.0
2026-01-23 02:45:00,1769136300000,0.16255,0.16261,0.1621,0.16218,19852.0
2026-01-23 03:00:00,1769137200000,0.16218,0.16219,0.16091,0.1615,61203.0
2026-01-23 03:15:00,1769138100000,0.1615,0.16177,0.16033,0.1604,49653.0
2026-01-23 03:30:00,1769139000000,0.1604,0.16087,0.16014,0.16087,22387.0
2026-01-23 03:45:00,1769139900000,0.16087,0.16174,0.16049,0.1615,31556.0
2026-01-23 04:00:00,1769140800000,0.1615,0.16285,0.16095,0.16204,218506.0
2026-01-23 04:15:00,1769141700000,0.16204,0.16495,0.16204,0.1622,138565.0
2026-01-23 04:30:00,1769142600000,0.1622,0.16372,0.16184,0.16371,73513.0
2026-01-23 04:45:00,1769143500000,0.16371,0.16516,0.16316,0.1645,77827.0
2026-01-23 05:00:00,1769144400000,0.1645,0.16478,0.16334,0.16334,29866.0
2026-01-23 05:15:00,1769145300000,0.16334,0.16334,0.16142,0.16248,105305.0
2026-01-23 05:30:00,1769146200000,0.16248,0.16495,0.16248,0.16418,95346.0
2026-01-23 05:45:00,1769147100000,0.16418,0.16523,0.1635,0.16468,38236.0
2026-01-23 06:00:00,1769148000000,0.16468,0.16489,0.16372,0.16453,63526.0
2026-01-23 06:15:00,1769148900000,0.16453,0.16503,0.16323,0.16492,66305.0
2026-01-23 06:30:00,1769149800000,0.16492,0.17,0.16492,0.16806,238149.0
2026-01-23 06:45:00,1769150700000,0.16806,0.16982,0.16725,0.1674,265606.0
2026-01-23 07:00:00,1769151600000,0.1674,0.16906,0.16655,0.16685,153952.0
2026-01-23 07:15:00,1769152500000,0.16685,0.16709,0.16335,0.16536,226290.0
2026-01-23 07:30:00,1769153400000,0.16536,0.16565,0.16426,0.16446,62578.0
2026-01-23 07:45:00,1769154300000,0.16446,0.1656,0.16446,0.16503,43552.0
2026-01-23 08:00:00,1769155200000,0.16503,0.16731,0.1644,0.16622,123504.0
2026-01-23 08:15:00,1769156100000,0.16622,0.1678,0.16614,0.16702,121412.0
2026-01-23 08:30:00,1769157000000,0.16702,0.16744,0.16555,0.16583,35539.0
2026-01-23 08:45:00,1769157900000,0.16583,0.16644,0.16551,0.16607,27226.0
2026-01-23 09:00:00,1769158800000,0.16607,0.16653,0.1653,0.16588,49695.0
2026-01-23 09:15:00,1769159700000,0.16588,0.16749,0.16579,0.16642,42262.0
2026-01-23 09:30:00,1769160600000,0.16642,0.1677,0.1651,0.16605,114576.0
2026-01-23 09:45:00,1769161500000,0.16605,0.16681,0.16586,0.1665,133070.0
2026-01-23 10:00:00,1769162400000,0.1665,0.1667,0.16349,0.16364,101358.0
2026-01-23 10:15:00,1769163300000,0.16364,0.16579,0.1634,0.16488,76545.0
2026-01-23 10:30:00,1769164200000,0.16488,0.16525,0.16413,0.1644,36260.0
2026-01-23 10:45:00,1769165100000,0.1644,0.16542,0.16418,0.16455,18822.0
2026-01-23 11:00:00,1769166000000,0.16455,0.16573,0.1642,0.16461,60362.0
2026-01-23 11:15:00,1769166900000,0.16461,0.16527,0.16074,0.16128,323975.0
2026-01-23 11:30:00,1769167800000,0.16128,0.16185,0.16075,0.16115,180422.0
2026-01-23 11:45:00,1769168700000,0.16115,0.16129,0.15893,0.1612,205746.0
2026-01-23 12:00:00,1769169600000,0.1612,0.16286,0.16116,0.16208,66442.0
2026-01-23 12:15:00,1769170500000,0.16208,0.16265,0.16167,0.16243,32385.0
2026-01-23 12:30:00,1769171400000,0.16243,0.16343,0.16134,0.16207,49983.0
2026-01-23 12:45:00,1769172300000,0.16207,0.16344,0.16172,0.16304,45066.0
2026-01-23 13:00:00,1769173200000,0.16304,0.16346,0.16171,0.16267,28069.0
2026-01-23 13:15:00,1769174100000,0.16267,0.1634,0.16173,0.16218,65143.0
2026-01-23 13:30:00,1769175000000,0.16218,0.16351,0.16205,0.16329,42851.0
2026-01-23 13:45:00,1769175900000,0.16329,0.16485,0.16223,0.1632,130479.0
2026-01-23 14:00:00,1769176800000,0.1632,0.16434,0.1627,0.16275,70416.0
2026-01-23 14:15:00,1769177700000,0.16275,0.16405,0.1625,0.16377,53072.0
2026-01-23 14:30:00,1769178600000,0.16377,0.16408,0.1617,0.16179,68840.0
2026-01-23 14:45:00,1769179500000,0.16179,0.16261,0.16079,0.16146,98253.0
2026-01-23 15:00:00,1769180400000,0.16146,0.16177,0.16035,0.16056,67077.0
2026-01-23 15:15:00,1769181300000,0.16056,0.16066,0.15821,0.15864,139815.0
2026-01-23 15:30:00,1769182200000,0.15864,0.15901,0.15643,0.15807,155607.0
2026-01-23 15:45:00,1769183100000,0.15807,0.15969,0.15805,0.15899,46105.0
2026-01-23 16:00:00,1769184000000,0.15899,0.16064,0.15899,0.16014,78655.0
2026-01-23 16:15:00,1769184900000,0.16014,0.16048,0.15906,0.15953,28155.0
2026-01-23 16:30:00,1769185800000,0.15953,0.1606,0.15943,0.16012,60086.0
2026-01-23 16:45:00,1769186700000,0.16012,0.16165,0.15985,0.1614,39812.0
2026-01-23 17:00:00,1769187600000,0.1614,0.16221,0.16041,0.16187,29991.0
2026-01-23 17:15:00,1769188500000,0.16187,0.16605,0.16187,0.16592,186151.0
2026-01-23 17:30:00,1769189400000,0.16592,0.16592,0.16324,0.16358,179531.0
2026-01-23 17:45:00,1769190300000,0.16358,0.16415,0.16331,0.16357,63948.0
2026-01-23 18:00:00,1769191200000,0.16357,0.1637,0.16235,0.16254,40909.0
2026-01-23 18:15:00,1769192100000,0.16254,0.16276,0.1621,0.1622,60968.0
2026-01-23 18:30:00,1769193000000,0.1622,0.16267,0.16186,0.16249,33579.0
2026-01-23 18:45:00,1769193900000,0.16249,0.16249,0.16134,0.16175,17928.0
2026-01-23 19:00:00,1769194800000,0.16175,0.16235,0.16155,0.16225,29297.0
2026-01-23 19:15:00,1769195700000,0.16225,0.16225,0.15935,0.15939,115197.0
2026-01-23 19:30:00,1769196600000,0.15939,0.1595,0.15744,0.15815,165403.0
2026-01-23 19:45:00,1769197500000,0.15815,0.15964,0.15796,0.15937,49526.0
2026-01-23 20:00:00,1769198400000,0.15937,0.15937,0.15826,0.15869,36028.0
2026-01-23 20:15:00,1769199300000,0.15869,0.15917,0.15736,0.15742,54697.0
2026-01-23 20:30:00,1769200200000,0.15742,0.15753,0.15675,0.157,36328.0
2026-01-23 20:45:00,1769201100000,0.157,0.15726,0.15546,0.15595,63190.0
2026-01-23 21:00:00,1769202000000,0.15595,0.15634,0.15546,0.15603,24460.0
2026-01-23 21:15:00,1769202900000,0.15603,0.15654,0.15579,0.15595,20328.0
2026-01-23 21:30:00,1769203800000,0.15595,0.15651,0.15547,0.15623,11845.0
2026-01-23 21:45:00,1769204700000,0.15623,0.15673,0.1558,0.15637,13039.0
2026-01-23 22:00:00,1769205600000,0.15637,0.15639,0.15374,0.1546,73794.0
2026-01-23 22:15:00,1769206500000,0.1546,0.15514,0.15438,0.15502,29532.0
2026-01-23 22:30:00,1769207400000,0.15502,0.15603,0.15488,0.15512,22242.0
2026-01-23 22:45:00,1769208300000,0.15512,0.15657,0.15502,0.15634,11611.0
2026-01-23 23:00:00,1769209200000,0.15634,0.15635,0.15522,0.15558,28510.0
2026-01-23 23:15:00,1769210100000,0.15558,0.15681,0.15522,0.1565,19084.0
2026-01-23 23:30:00,1769211000000,0.1565,0.1572,0.15627,0.15678,68377.0
2026-01-23 23:45:00,1769211900000,0.15678,0.15743,0.15609,0.15623,69175.0
2026-01-24 00:00:00,1769212800000,0.15623,0.15737,0.15614,0.15737,26533.0
2026-01-24 00:15:00,1769213700000,0.15737,0.15886,0.15701,0.15853,20269.0
2026-01-24 00:30:00,1769214600000,0.15853,0.15895,0.15801,0.15815,26912.0
2026-01-24 00:45:00,1769215500000,0.15815,0.15815,0.15691,0.15691,19090.0
2026-01-24 01:00:00,1769216400000,0.15691,0.15741,0.15584,0.15604,55636.0
2026-01-24 01:15:00,1769217300000,0.15604,0.15739,0.15577,0.15739,31239.0
2026-01-24 01:30:00,1769218200000,0.15739,0.15917,0.15739,0.15856,138793.0
2026-01-24 01:45:00,1769219100000,0.15856,0.15942,0.15773,0.15794,29174.0
2026-01-24 02:00:00,1769220000000,0.15794,0.15937,0.15784,0.1591,34701.0
2026-01-24 02:15:00,1769220900000,0.1591,0.15932,0.1587,0.15885,8036.0
2026-01-24 02:30:00,1769221800000,0.15885,0.16005,0.15868,0.15981,37049.0
2026-01-24 02:45:00,1769222700000,0.15981,0.15997,0.15924,0.15945,14051.0
2026-01-24 03:00:00,1769223600000,0.15945,0.15993,0.15834,0.15983,33030.0
2026-01-24 03:15:00,1769224500000,0.15983,0.16057,0.15931,0.16001,65161.0
2026-01-24 03:30:00,1769225400000,0.16001,0.16037,0.15895,0.16007,43767.0
2026-01-24 03:45:00,1769226300000,0.16007,0.16085,0.15946,0.16007,223939.0
2026-01-24 04:00:00,1769227200000,0.16007,0.16072,0.15904,0.15978,103908.0
2026-01-24 04:15:00,1769228100000,0.15978,0.16075,0.15977,0.16022,40425.0
2026-01-24 04:30:00,1769229000000,0.16022,0.16046,0.15969,0.1601,32478.0
2026-01-24 04:45:00,1769229900000,0.1601,0.16029,0.15985,0.16024,26601.0
2026-01-24 05:00:00,1769230800000,0.16024,0.16056,0.15901,0.1595,23652.0
2026-01-24 05:15:00,1769231700000,0.1595,0.16014,0.1595,0.16014,16476.0
2026-01-24 05:30:00,1769232600000,0.16014,0.1606,0.15952,0.15984,33415.0
2026-01-24 05:45:00,1769233500000,0.15984,0.16037,0.15925,0.16017,51949.0
2026-01-24 06:00:00,1769234400000,0.16017,0.16028,0.15931,0.15943,93389.0
2026-01-24 06:15:00,1769235300000,0.15943,0.16018,0.1585,0.15919,105583.0
2026-01-24 06:30:00,1769236200000,0.15919,0.15931,0.15826,0.15875,32488.0
2026-01-24 06:45:00,1769237100000,0.15875,0.15938,0.15851,0.15931,10786.0
2026-01-24 07:00:00,1769238000000,0.15931,0.16029,0.15909,0.15978,54153.0
2026-01-24 07:15:00,1769238900000,0.15978,0.16038,0.15961,0.15961,105082.0
2026-01-24 07:30:00,1769239800000,0.15961,0.16045,0.1594,0.16,124969.0
2026-01-24 07:45:00,1769240700000,0.16,0.16,0.15781,0.15928,100971.0
2026-01-24 08:00:00,1769241600000,0.15928,0.15941,0.15851,0.15911,17990.0
2026-01-24 08:15:00,1769242500000,0.15911,0.16047,0.15908,0.16,164663.0
2026-01-24 08:30:00,1769243400000,0.16,0.16018,0.15929,0.15976,56490.0
2026-01-24 08:45:00,1769244300000,0.15976,0.16034,0.15951,0.15996,86169.0
2026-01-24 09:00:00,1769245200000,0.15996,0.15999,0.15916,0.1598,51875.0
2026-01-24 09:15:00,1769246100000,0.1598,0.16,0.15856,0.15859,26029.0
2026-01-24 09:30:00,1769247000000,0.15859,0.159,0.15808,0.1584,70511.0
2026-01-24 09:45:00,1769247900000,0.1584,0.15877,0.15628,0.15797,110230.0
2026-01-24 10:00:00,1769248800000,0.15797,0.1588,0.15789,0.15825,21849.0
2026-01-24 10:15:00,1769249700000,0.15825,0.15933,0.1581,0.15933,45291.0
2026-01-24 10:30:00,1769250600000,0.15933,0.16,0.15913,0.15973,28982.0
2026-01-24 10:45:00,1769251500000,0.15973,0.16037,0.15926,0.16024,104972.0
2026-01-24 11:00:00,1769252400000,0.16024,0.16095,0.15967,0.15968,235590.0
2026-01-24 11:15:00,1769253300000,0.15968,0.16045,0.15944,0.15976,142943.0
2026-01-24 11:30:00,1769254200000,0.15976,0.16014,0.15948,0.15983,75025.0
2026-01-24 11:45:00,1769255100000,0.15983,0.16063,0.15935,0.15965,97610.0
2026-01-24 12:00:00,1769256000000,0.15965,0.15965,0.15824,0.15897,173042.0
2026-01-24 12:15:00,1769256900000,0.15897,0.1595,0.15793,0.15816,99776.0
2026-01-24 12:30:00,1769257800000,0.15816,0.15859,0.1572,0.15772,73113.0
2026-01-24 12:45:00,1769258700000,0.15772,0.15844,0.15645,0.15662,116538.0
2026-01-24 13:00:00,1769259600000,0.15662,0.15813,0.15662,0.15767,95406.0
2026-01-24 13:15:00,1769260500000,0.15767,0.15778,0.15696,0.1572,86036.0
2026-01-24 13:30:00,1769261400000,0.1572,0.15937,0.15715,0.15937,99310.0
2026-01-24 13:45:00,1769262300000,0.15937,0.1596,0.15848,0.15873,22430.0
2026-01-24 14:00:00,1769263200000,0.15873,0.15962,0.15813,0.15923,37033.0
2026-01-24 14:15:00,1769264100000,0.15923,0.16025,0.15893,0.15942,65063.0
2026-01-24 14:30:00,1769265000000,0.15942,0.16013,0.15942,0.15953,129148.0
2026-01-24 14:45:00,1769265900000,0.15953,0.15953,0.15853,0.15867,34700.0
2026-01-24 15:00:00,1769266800000,0.15867,0.15891,0.15745,0.15794,47431.0
2026-01-24 15:15:00,1769267700000,0.15794,0.15802,0.15404,0.15437,113933.0
2026-01-24 15:30:00,1769268600000,0.15437,0.15511,0.15321,0.15375,133218.0
2026-01-24 15:45:00,1769269500000,0.15375,0.15528,0.15375,0.1543,102285.0
2026-01-24 16:00:00,1769270400000,0.1543,0.15795,0.1543,0.15572,126372.0
2026-01-24 16:15:00,1769271300000,0.15572,0.1578,0.15518,0.1578,39207.0
2026-01-24 16:30:00,1769272200000,0.1578,0.15811,0.15701,0.15759,57750.0
2026-01-24 16:45:00,1769273100000,0.15759,0.15768,0.15643,0.15661,34064.0
2026-01-24 17:00:00,1769274000000,0.15661,0.15665,0.15567,0.15613,7442.0
2026-01-24 17:15:00,1769274900000,0.15613,0.15715,0.15584,0.15715,17760.0
2026-01-24 17:30:00,1769275800000,0.15715,0.15715,0.15586,0.15605,24180.0
2026-01-24 17:45:00,1769276700000,0.15605,0.15675,0.15581,0.15609,16817.0
2026-01-24 18:00:00,1769277600000,0.15609,0.15632,0.15554,0.15569,5645.0
2026-01-24 18:15:00,1769278500000,0.15569,0.15606,0.15565,0.15599,5177.0
2026-01-24 18:30:00,1769279400000,0.15599,0.15609,0.15515,0.15541,7076.0
2026-01-24 18:45:00,1769280300000,0.15541,0.15655,0.15535,0.15655,12480.0
2026-01-24 19:00:00,1769281200000,0.15655,0.15779,0.15622,0.15675,67887.0
2026-01-24 19:15:00,1769282100000,0.15675,0.15718,0.15591,0.15623,49905.0
2026-01-24 19:30:00,1769283000000,0.15623,0.15989,0.15617,0.15947,98860.0
2026-01-24 19:45:00,1769283900000,0.15947,0.15999,0.15827,0.15922,72813.0
2026-01-24 20:00:00,1769284800000,0.15922,0.1595,0.15883,0.15904,23336.0
2026-01-24 20:15:00,1769285700000,0.15904,0.16003,0.15895,0.1595,56089.0
2026-01-24 20:30:00,1769286600000,0.1595,0.15964,0.1584,0.15842,20048.0
2026-01-24 20:45:00,1769287500000,0.15842,0.15855,0.15736,0.15752,10796.0
2026-01-24 21:00:00,1769288400000,0.15752,0.15758,0.15595,0.15709,46514.0
2026-01-24 21:15:00,1769289300000,0.15709,0.15815,0.15658,0.15676,41744.0
2026-01-24 21:30:00,1769290200000,0.15676,0.1573,0.1566,0.15721,11542.0
2026-01-24 21:45:00,1769291100000,0.15721,0.1575,0.15711,0.15714,9765.0
2026-01-24 22:00:00,1769292000000,0.15714,0.15749,0.15614,0.15744,13436.0
2026-01-24 22:15:00,1769292900000,0.15744,0.15821,0.15712,0.15801,39085.0
2026-01-24 22:30:00,1769293800000,0.15801,0.15868,0.15779,0.15798,13641.0
2026-01-24 22:45:00,1769294700000,0.15798,0.15959,0.15786,0.15959,30748.0
2026-01-24 23:00:00,1769295600000,0.15959,0.16013,0.15819,0.16004,114217.0
2026-01-24 23:15:00,1769296500000,0.16004,0.16051,0.15937,0.15984,163040.0
2026-01-24 23:30:00,1769297400000,0.15984,0.15999,0.15917,0.15977,54116.0
2026-01-24 23:45:00,1769298300000,0.15977,0.16019,0.15933,0.15959,34221.0
2026-01-25 00:00:00,1769299200000,0.15959,0.15959,0.15803,0.15932,35003.0
2026-01-25 00:15:00,1769300100000,0.15932,0.15993,0.15863,0.15986,27343.0
2026-01-25 00:30:00,1769301000000,0.15986,0.16069,0.15895,0.1597,144415.0
2026-01-25 00:45:00,1769301900000,0.1597,0.15971,0.15895,0.15971,89872.0
2026-01-25 01:00:00,1769302800000,0.15971,0.15971,0.15902,0.15963,170698.0
2026-01-25 01:15:00,1769303700000,0.15963,0.16049,0.15799,0.15808,164764.0
2026-01-25 01:30:00,1769304600000,0.15808,0.15908,0.15784,0.15844,60728.0
2026-01-25 01:45:00,1769305500000,0.15844,0.15916,0.158,0.15853,53137.0
2026-01-25 02:00:00,1769306400000,0.15853,0.15917,0.15671,0.15678,37111.0
2026-01-25 02:15:00,1769307300000,0.15678,0.15678,0.15526,0.15561,72288.0
2026-01-25 02:30:00,1769308200000,0.15561,0.15611,0.1544,0.1544,79950.0
2026-01-25 02:45:00,1769309100000,0.1544,0.15594,0.1544,0.15527,61195.0
2026-01-25 03:00:00,1769310000000,0.15527,0.15579,0.15467,0.15471,21644.0
2026-01-25 03:15:00,1769310900000,0.15471,0.15519,0.15445,0.15453,21919.0
2026-01-25 03:30:00,1769311800000,0.15453,0.15496,0.15326,0.15448,67071.0
2026-01-25 03:45:00,1769312700000,0.15448,0.15531,0.1542,0.15531,19615.0
2026-01-25 04:00:00,1769313600000,0.15531,0.15565,0.1537,0.15425,35339.0
2026-01-25 04:15:00,1769314500000,0.15425,0.15481,0.15413,0.15439,15207.0
2026-01-25 04:30:00,1769315400000,0.15439,0.15468,0.1536,0.15385,28412.0
2026-01-25 04:45:00,1769316300000,0.15385,0.15411,0.1535,0.15354,15693.0
2026-01-25 05:00:00,1769317200000,0.15354,0.15363,0.14922,0.15208,611261.0
2026-01-25 05:15:00,1769318100000,0.15208,0.15259,0.15077,0.15101,113585.0
2026-01-25 05:30:00,1769319000000,0.15101,0.15257,0.15064,0.15137,149711.0
2026-01-25 05:45:00,1769319900000,0.15137,0.1534,0.15133,0.15285,48675.0
2026-01-25 06:00:00,1769320800000,0.15285,0.15302,0.15108,0.1521,94314.0
2026-01-25 06:15:00,1769321700000,0.1521,0.15373,0.1521,0.15325,44420.0
2026-01-25 06:30:00,1769322600000,0.15325,0.15385,0.15195,0.15195,29840.0
2026-01-25 06:45:00,1769323500000,0.15195,0.15245,0.15171,0.15201,42552.0
2026-01-25 07:00:00,1769324400000,0.15201,0.15277,0.15183,0.15187,30265.0
2026-01-25 07:15:00,1769325300000,0.15187,0.15365,0.15187,0.1535,91892.0
2026-01-25 07:30:00,1769326200000,0.1535,0.15412,0.15228,0.15247,80642.0
2026-01-25 07:45:00,1769327100000,0.15247,0.15337,0.15177,0.15337,35067.0
2026-01-25 08:00:00,1769328000000,0.15337,0.15408,0.15315,0.1538,39996.0
2026-01-25 08:15:00,1769328900000,0.1538,0.15414,0.15329,0.15355,11353.0
2026-01-25 08:30:00,1769329800000,0.15355,0.15394,0.15308,0.15363,31164.0
2026-01-25 08:45:00,1769330700000,0.15363,0.1538,0.1525,0.15259,41101.0
2026-01-25 09:00:00,1769331600000,0.15259,0.15324,0.15247,0.15312,7362.0
2026-01-25 09:15:00,1769332500000,0.15312,0.15313,0.15282,0.15306,18297.0
2026-01-25 09:30:00,1769333400000,0.15306,0.15743,0.15291,0.15739,188594.0
2026-01-25 09:45:00,1769334300000,0.15739,0.15792,0.15611,0.15743,80588.0
2026-01-25 10:00:00,1769335200000,0.15743,0.15942,0.1565,0.15886,77838.0
2026-01-25 10:15:00,1769336100000,0.15886,0.16023,0.15757,0.15866,175766.0
2026-01-25 10:30:00,1769337000000,0.15866,0.16033,0.15792,0.15819,157876.0
2026-01-25 10:45:00,1769337900000,0.15819,0.1593,0.15766,0.15887,57905.0
2026-01-25 11:00:00,1769338800000,0.15887,0.15887,0.15722,0.15824,29060.0
2026-01-25 11:15:00,1769339700000,0.15824,0.15931,0.15812,0.15922,26272.0
2026-01-25 11:30:00,1769340600000,0.15922,0.15984,0.159,0.15947,16447.0
2026-01-25 11:45:00,1769341500000,0.15947,0.15961,0.15856,0.1587,10850.0
2026-01-25 12:00:00,1769342400000,0.1587,0.16016,0.15828,0.15973,102249.0
2026-01-25 12:15:00,1769343300000,0.15973,0.15973,0.15787,0.15852,41087.0
2026-01-25 12:30:00,1769344200000,0.15852,0.15892,0.15744,0.1579,24020.0
2026-01-25 12:45:00,1769345100000,0.1579,0.15801,0.15656,0.15782,48159.0
2026-01-25 13:00:00,1769346000000,0.15782,0.15859,0.15741,0.15842,26606.0
2026-01-25 13:15:00,1769346900000,0.15842,0.15917,0.15766,0.15772,8547.0
2026-01-25 13:30:00,1769347800000,0.15772,0.1578,0.15712,0.15778,10902.0
2026-01-25 13:45:00,1769348700000,0.15778,0.15791,0.157,0.157,27742.0
2026-01-25 14:00:00,1769349600000,0.157,0.15709,0.15516,0.15585,60785.0
2026-01-25 14:15:00,1769350500000,0.15585,0.15718,0.15542,0.15703,74476.0
2026-01-25 14:30:00,1769351400000,0.15703,0.15817,0.1563,0.15817,25796.0
2026-01-25 14:45:00,1769352300000,0.15817,0.15817,0.15709,0.15796,21995.0
2026-01-25 15:00:00,1769353200000,0.15796,0.15889,0.15718,0.15844,42075.0
2026-01-25 15:15:00,1769354100000,0.15844,0.15903,0.15773,0.15903,39765.0
2026-01-25 15:30:00,1769355000000,0.15903,0.1608,0.15816,0.15836,172835.0
2026-01-25 15:45:00,1769355900000,0.15836,0.15976,0.15832,0.15867,64976.0
2026-01-25 16:00:00,1769356800000,0.15867,0.1604,0.15805,0.15972,182597.0
2026-01-25 16:15:00,1769357700000,0.15972,0.16014,0.15825,0.15841,244819.0
2026-01-25 16:30:00,1769358600000,0.15841,0.16115,0.15841,0.15984,200161.0
2026-01-25 16:45:00,1769359500000,0.15984,0.16078,0.1594,0.16069,405096.0
2026-01-25 17:00:00,1769360400000,0.16069,0.16322,0.16041,0.16211,234290.0
2026-01-25 17:15:00,1769361300000,0.16211,0.16411,0.16178,0.1641,122597.0
2026-01-25 17:30:00,1769362200000,0.1641,0.16548,0.16003,0.16003,439859.0
2026-01-25 17:45:00,1769363100000,0.16003,0.1609,0.15653,0.15761,172640.0
2026-01-25 18:00:00,1769364000000,0.15761,0.15812,0.15519,0.15704,267882.0
2026-01-25 18:15:00,1769364900000,0.15704,0.15704,0.15358,0.15582,215728.0
2026-01-25 18:30:00,1769365800000,0.15582,0.15664,0.15449,0.15566,58759.0
2026-01-25 18:45:00,1769366700000,0.15566,0.15629,0.15231,0.15352,359629.0
2026-01-25 19:00:00,1769367600000,0.15352,0.15379,0.15237,0.15324,84015.0
2026-01-25 19:15:00,1769368500000,0.15324,0.15348,0.15248,0.15303,58564.0
2026-01-25 19:30:00,1769369400000,0.15303,0.1542,0.15281,0.15391,50992.0
2026-01-25 19:45:00,1769370300000,0.15391,0.15428,0.1513,0.15375,74453.0
2026-01-25 20:00:00,1769371200000,0.15375,0.1557,0.15375,0.15483,34526.0
2026-01-25 20:15:00,1769372100000,0.15483,0.15556,0.15383,0.155,47974.0
2026-01-25 20:30:00,1769373000000,0.155,0.15537,0.15427,0.15525,19008.0
2026-01-25 20:45:00,1769373900000,0.15525,0.15609,0.15507,0.15527,52664.0
2026-01-25 21:00:00,1769374800000,0.15527,0.15933,0.15446,0.158,151687.0
2026-01-25 21:15:00,1769375700000,0.158,0.1588,0.15741,0.15804,35892.0
2026-01-25 21:30:00,1769376600000,0.15804,0.15811,0.15732,0.15756,18552.0
2026-01-25 21:45:00,1769377500000,0.15756,0.15773,0.15601,0.15735,98699.0
2026-01-25 22:00:00,1769378400000,0.15735,0.15782,0.1559,0.1564,32160.0
2026-01-25 22:15:00,1769379300000,0.1564,0.15656,0.1553,0.1554,40546.0
2026-01-25 22:30:00,1769380200000,0.1554,0.15644,0.15459,0.1552,33875.0
2026-01-25 22:45:00,1769381100000,0.1552,0.15558,0.15506,0.15558,5864.0
2026-01-25 23:00:00,1769382000000,0.15558,0.15709,0.15493,0.15641,12790.0
2026-01-25 23:15:00,1769382900000,0.15641,0.15685,0.15533,0.15584,33337.0
2026-01-25 23:30:00,1769383800000,0.15584,0.15634,0.15367,0.15373,40219.0
2026-01-25 23:45:00,1769384700000,0.15373,0.15787,0.15355,0.15524,269081.0
2026-01-26 00:00:00,1769385600000,0.15524,0.15603,0.15473,0.15531,28102.0
2026-01-26 00:15:00,1769386500000,0.15531,0.15531,0.15421,0.15507,29881.0
2026-01-26 00:30:00,1769387400000,0.15507,0.15508,0.15359,0.15427,63211.0
2026-01-26 00:45:00,1769388300000,0.15427,0.15495,0.15313,0.15424,47102.0
2026-01-26 01:00:00,1769389200000,0.15424,0.15537,0.15392,0.15459,25997.0
2026-01-26 01:15:00,1769390100000,0.15459,0.15531,0.15422,0.15435,52674.0
2026-01-26 01:30:00,1769391000000,0.15435,0.15535,0.15402,0.155,46260.0
2026-01-26 01:45:00,1769391900000,0.155,0.15582,0.155,0.15566,38262.0
2026-01-26 02:00:00,1769392800000,0.15566,0.15585,0.15353,0.15389,24619.0
2026-01-26 02:15:00,1769393700000,0.15389,0.15459,0.15369,0.1545,13054.0
2026-01-26 02:30:00,1769394600000,0.1545,0.1549,0.15375,0.15375,10779.0
2026-01-26 02:45:00,1769395500000,0.15375,0.15375,0.15237,0.15264,61629.0
2026-01-26 03:00:00,1769396400000,0.15264,0.15431,0.15187,0.15431,38846.0
2026-01-26 03:15:00,1769397300000,0.15431,0.15477,0.15334,0.1536,31595.0
2026-01-26 03:30:00,1769398200000,0.1536,0.15444,0.15333,0.15422,25624.0
2026-01-26 03:45:00,1769399100000,0.15422,0.15447,0.15323,0.15345,27945.0
2026-01-26 04:00:00,1769400000000,0.15345,0.15455,0.15317,0.15433,14115.0
2026-01-26 04:15:00,1769400900000,0.15433,0.15483,0.15349,0.15483,18689.0
2026-01-26 04:30:00,1769401800000,0.15483,0.15519,0.15393,0.15446,26726.0
2026-01-26 04:45:00,1769402700000,0.15446,0.1551,0.15409,0.1551,7508.0
2026-01-26 05:00:00,1769403600000,0.1551,0.15713,0.15491,0.15654,88423.0
2026-01-26 05:15:00,1769404500000,0.15654,0.15724,0.15582,0.15697,62187.0
2026-01-26 05:30:00,1769405400000,0.15697,0.1571,0.15542,0.15628,34226.0
2026-01-26 05:45:00,1769406300000,0.15628,0.15661,0.15565,0.1566,46316.0
2026-01-26 06:00:00,1769407200000,0.1566,0.15795,0.15567,0.15751,28800.0
2026-01-26 06:15:00,1769408100000,0.15751,0.15926,0.15687,0.15909,39627.0
2026-01-26 06:30:00,1769409000000,0.15909,0.15983,0.15813,0.1595,37889.0
2026-01-26 06:45:00,1769409900000,0.1595,0.1595,0.15679,0.15806,60381.0
2026-01-26 07:00:00,1769410800000,0.15806,0.15927,0.15733,0.15857,48204.0
2026-01-26 07:15:00,1769411700000,0.15857,0.15889,0.1576,0.15767,18671.0
2026-01-26 07:30:00,1769412600000,0.15767,0.15819,0.15674,0.15697,22317.0
2026-01-26 07:45:00,1769413500000,0.15697,0.15853,0.15561,0.15832,111682.0
2026-01-26 08:00:00,1769414400000,0.15832,0.15878,0.15725,0.15725,25168.0
2026-01-26 08:15:00,1769415300000,0.15725,0.15798,0.15697,0.15765,31682.0
2026-01-26 08:30:00,1769416200000,0.15765,0.16014,0.1571,0.15953,56153.0
2026-01-26 08:45:00,1769417100000,0.15953,0.16091,0.15851,0.16091,125064.0
2026-01-26 09:00:00,1769418000000,0.16091,0.16112,0.15817,0.15913,55599.0
2026-01-26 09:15:00,1769418900000,0.15913,0.16,0.15684,0.15715,103284.0
2026-01-26 09:30:00,1769419800000,0.15715,0.15726,0.15494,0.15584,118751.0
2026-01-26 09:45:00,1769420700000,0.15584,0.15612,0.15434,0.15528,80674.0
2026-01-26 10:00:00,1769421600000,0.15528,0.15564,0.1544,0.15537,25840.0
2026-01-26 10:15:00,1769422500000,0.15537,0.15552,0.15435,0.15452,19278.0
2026-01-26 10:30:00,1769423400000,0.15452,0.157,0.15435,0.15666,37198.0
2026-01-26 10:45:00,1769424300000,0.15666,0.15703,0.15624,0.15625,31467.0
2026-01-26 11:00:00,1769425200000,0.15625,0.15633,0.15528,0.15552,76657.0
2026-01-26 11:15:00,1769426100000,0.15552,0.15606,0.15422,0.15477,24893.0
2026-01-26 11:30:00,1769427000000,0.15477,0.15617,0.15434,0.15585,26125.0
2026-01-26 11:45:00,1769427900000,0.15585,0.15708,0.15572,0.15708,5555.0
2026-01-26 12:00:00,1769428800000,0.15708,0.15822,0.15615,0.15787,83007.0
2026-01-26 12:15:00,1769429700000,0.15787,0.15922,0.15714,0.15868,135414.0
2026-01-26 12:30:00,1769430600000,0.15868,0.15938,0.1584,0.15906,16913.0
2026-01-26 12:45:00,1769431500000,0.15906,0.15911,0.15799,0.15803,8084.0
2026-01-26 13:00:00,1769432400000,0.15803,0.15851,0.15765,0.15817,17045.0
2026-01-26 13:15:00,1769433300000,0.15817,0.15902,0.15788,0.15852,73323.0
2026-01-26 13:30:00,1769434200000,0.15852,0.1587,0.1575,0.15809,19837.0
2026-01-26 13:45:00,1769435100000,0.15809,0.15811,0.1563,0.15671,37422.0
2026-01-26 14:00:00,1769436000000,0.15671,0.15679,0.15588,0.15665,46789.0
2026-01-26 14:15:00,1769436900000,0.15665,0.15729,0.15578,0.15631,19473.0
2026-01-26 14:30:00,1769437800000,0.15631,0.15713,0.15573,0.15647,38176.0
2026-01-26 14:45:00,1769438700000,0.15647,0.15718,0.15562,0.15699,30776.0
2026-01-26 15:00:00,1769439600000,0.15699,0.15937,0.15683,0.159,160772.0
2026-01-26 15:15:00,1769440500000,0.159,0.15928,0.15628,0.15727,268300.0
2026-01-26 15:30:00,1769441400000,0.15727,0.15817,0.15667,0.15775,85018.0
2026-01-26 15:45:00,1769442300000,0.15775,0.15895,0.15595,0.1576,208393.0
2026-01-26 16:00:00,1769443200000,0.1576,0.15841,0.15733,0.15753,26669.0
2026-01-26 16:15:00,1769444100000,0.15753,0.15792,0.15612,0.15733,352582.0
2026-01-26 16:30:00,1769445000000,0.15733,0.15807,0.15719,0.15801,5170.0
2026-01-26 16:45:00,1769445900000,0.15801,0.15875,0.15797,0.1584,29267.0
2026-01-26 17:00:00,1769446800000,0.1584,0.15975,0.15591,0.15596,83594.0
2026-01-26 17:15:00,1769447700000,0.15596,0.15671,0.15534,0.15656,51330.0
2026-01-26 17:30:00,1769448600000,0.15656,0.15688,0.15613,0.15681,20663.0
2026-01-26 17:45:00,1769449500000,0.15681,0.15702,0.1564,0.15649,13599.0
2026-01-26 18:00:00,1769450400000,0.15649,0.15687,0.15606,0.15636,18528.0
2026-01-26 18:15:00,1769451300000,0.15636,0.15636,0.15551,0.15617,31810.0
2026-01-26 18:30:00,1769452200000,0.15617,0.15632,0.15501,0.15548,39951.0
2026-01-26 18:45:00,1769453100000,0.15548,0.15548,0.1549,0.15522,15786.0
2026-01-26 19:00:00,1769454000000,0.15522,0.15595,0.15522,0.15554,18051.0
2026-01-26 19:15:00,1769454900000,0.15554,0.15606,0.15532,0.15544,11122.0
2026-01-26 19:30:00,1769455800000,0.15544,0.15556,0.15505,0.15514,10936.0
2026-01-26 19:45:00,1769456700000,0.15514,0.15622,0.15507,0.15534,59246.0
2026-01-26 20:00:00,1769457600000,0.15534,0.15568,0.15511,0.15518,14551.0
2026-01-26 20:15:00,1769458500000,0.15518,0.15552,0.15502,0.15502,19424.0
2026-01-26 20:30:00,1769459400000,0.15502,0.15502,0.15334,0.15334,42061.0
2026-01-26 20:45:00,1769460300000,0.15334,0.15461,0.15334,0.15437,17790.0
2026-01-26 21:00:00,1769461200000,0.15437,0.15482,0.15379,0.15422,8088.0
2026-01-26 21:15:00,1769462100000,0.15422,0.15435,0.15381,0.15417,9739.0
2026-01-26 21:30:00,1769463000000,0.15417,0.15516,0.15395,0.15493,23759.0
2026-01-26 21:45:00,1769463900000,0.15493,0.15567,0.15443,0.15477,19685.0
2026-01-26 22:00:00,1769464800000,0.15477,0.15483,0.15431,0.15479,21873.0
2026-01-26 22:15:00,1769465700000,0.15479,0.15521,0.15402,0.15423,9601.0
2026-01-26 22:30:00,1769466600000,0.15423,0.15534,0.154,0.15534,18876.0
2026-01-26 22:45:00,1769467500000,0.15534,0.15588,0.15502,0.1553,13872.0
2026-01-26 23:00:00,1769468400000,0.1553,0.15582,0.15491,0.15572,10632.0
2026-01-26 23:15:00,1769469300000,0.15572,0.15572,0.1545,0.15472,24531.0
2026-01-26 23:30:00,1769470200000,0.15472,0.15544,0.15459,0.15485,8316.0
2026-01-26 23:45:00,1769471100000,0.15485,0.15506,0.15432,0.15473,18883.0
2026-01-27 00:00:00,1769472000000,0.15473,0.15473,0.1535,0.1543,22981.0
2026-01-27 00:15:00,1769472900000,0.1543,0.15495,0.1536,0.15406,33508.0
2026-01-27 00:30:00,1769473800000,0.15406,0.15406,0.15209,0.1533,45633.0
2026-01-27 00:45:00,1769474700000,0.1533,0.15365,0.1525,0.1525,18869.0
2026-01-27 01:00:00,1769475600000,0.1525,0.15421,0.15226,0.15381,47686.0
2026-01-27 01:15:00,1769476500000,0.15381,0.15403,0.15327,0.15396,15735.0
2026-01-27 01:30:00,1769477400000,0.15396,0.15472,0.15396,0.15413,79526.0
2026-01-27 01:45:00,1769478300000,0.15413,0.15444,0.15349,0.15395,26989.0
2026-01-27 02:00:00,1769479200000,0.15395,0.15431,0.15326,0.15366,75012.0
2026-01-27 02:15:00,1769480100000,0.15366,0.15402,0.15336,0.15336,16619.0
2026-01-27 02:30:00,1769481000000,0.15336,0.15336,0.15247,0.15259,18386.0
2026-01-27 02:45:00,1769481900000,0.15259,0.15259,0.15181,0.15227,19777.0
2026-01-27 03:00:00,1769482800000,0.15227,0.1525,0.15147,0.15162,27341.0
2026-01-27 03:15:00,1769483700000,0.15162,0.15176,0.15118,0.1513,23753.0
2026-01-27 03:30:00,1769484600000,0.1513,0.1513,0.14924,0.15008,136678.0
2026-01-27 03:45:00,1769485500000,0.15008,0.15035,0.14976,0.15024,28942.0
2026-01-27 04:00:00,1769486400000,0.15024,0.15102,0.14965,0.15004,60764.0
2026-01-27 04:15:00,1769487300000,0.15004,0.15042,0.14761,0.14788,298926.0
2026-01-27 04:30:00,1769488200000,0.14788,0.14916,0.14561,0.14767,482663.0
2026-01-27 04:45:00,1769489100000,0.14767,0.14834,0.14756,0.14792,40163.0
2026-01-27 05:00:00,1769490000000,0.14792,0.1483,0.14708,0.14715,26173.0
2026-01-27 05:15:00,1769490900000,0.14715,0.14742,0.14583,0.14663,85278.0
2026-01-27 05:30:00,1769491800000,0.14663,0.14787,0.14658,0.14705,151817.0
2026-01-27 05:45:00,1769492700000,0.14705,0.14834,0.14694,0.14706,177638.0
2026-01-27 06:00:00,1769493600000,0.14706,0.14759,0.14687,0.14689,24265.0
2026-01-27 06:15:00,1769494500000,0.14689,0.14782,0.14678,0.14781,59230.0
2026-01-27 06:30:00,1769495400000,0.14781,0.14879,0.14738,0.148,72889.0
2026-01-27 06:45:00,1769496300000,0.148,0.1496,0.148,0.14834,82474.0
2026-01-27 07:00:00,1769497200000,0.14834,0.14935,0.14799,0.14918,46217.0
2026-01-27 07:15:00,1769498100000,0.14918,0.14918,0.14758,0.14771,26558.0
2026-01-27 07:30:00,1769499000000,0.14771,0.14781,0.14737,0.14758,11488.0
2026-01-27 07:45:00,1769499900000,0.14758,0.14778,0.1472,0.1472,15185.0
2026-01-27 08:00:00,1769500800000,0.1472,0.14774,0.14719,0.14768,7468.0
2026-01-27 08:15:00,1769501700000,0.14768,0.14811,0.14738,0.14774,25883.0
2026-01-27 08:30:00,1769502600000,0.14774,0.14774,0.14709,0.14768,17648.0
2026-01-27 08:45:00,1769503500000,0.14768,0.148,0.14732,0.14766,13680.0
2026-01-27 09:00:00,1769504400000,0.14766,0.14859,0.14725,0.14764,50314.0
2026-01-27 09:15:00,1769505300000,0.14764,0.14825,0.14725,0.14772,30120.0
2026-01-27 09:30:00,1769506200000,0.14772,0.14809,0.14736,0.14778,25197.0
2026-01-27 09:45:00,1769507100000,0.14778,0.14781,0.14598,0.14649,54922.0
2026-01-27 10:00:00,1769508000000,0.14649,0.14723,0.14649,0.14723,17552.0
2026-01-27 10:15:00,1769508900000,0.14723,0.14926,0.14723,0.14891,57269.0
2026-01-27 10:30:00,1769509800000,0.14891,0.14971,0.1486,0.14928,64870.0
2026-01-27 10:45:00,1769510700000,0.14928,0.15065,0.14928,0.15007,26712.0
2026-01-27 11:00:00,1769511600000,0.15007,0.15099,0.14969,0.15099,43174.0
2026-01-27 11:15:00,1769512500000,0.15099,0.15276,0.15068,0.15122,192520.0
2026-01-27 11:30:00,1769513400000,0.15122,0.1515,0.15061,0.15139,26221.0
2026-01-27 11:45:00,1769514300000,0.15139,0.15257,0.15084,0.15121,27426.0
2026-01-27 12:00:00,1769515200000,0.15121,0.15145,0.15064,0.15096,21068.0
2026-01-27 12:15:00,1769516100000,0.15096,0.15125,0.15005,0.1512,15475.0
2026-01-27 12:30:00,1769517000000,0.1512,0.1512,0.14911,0.14968,63907.0
2026-01-27 12:45:00,1769517900000,0.14968,0.14969,0.14916,0.1492,16436.0
2026-01-27 13:00:00,1769518800000,0.1492,0.14993,0.14882,0.14929,80408.0
2026-01-27 13:15:00,1769519700000,0.14929,0.1495,0.14826,0.1487,170917.0
2026-01-27 13:30:00,1769520600000,0.1487,0.1487,0.14777,0.14854,34271.0
2026-01-27 13:45:00,1769521500000,0.14854,0.14854,0.14719,0.14806,20301.0
2026-01-27 14:00:00,1769522400000,0.14806,0.14908,0.14797,0.14875,24096.0
2026-01-27 14:15:00,1769523300000,0.14875,0.14923,0.14839,0.14839,23068.0
2026-01-27 14:30:00,1769524200000,0.14839,0.14839,0.14756,0.14797,32147.0
2026-01-27 14:45:00,1769525100000,0.14797,0.14828,0.14739,0.14798,14867.0
2026-01-27 15:00:00,1769526000000,0.14798,0.14814,0.14735,0.14735,10633.0
2026-01-27 15:15:00,1769526900000,0.14735,0.14774,0.14715,0.1472,26728.0
2026-01-27 15:30:00,1769527800000,0.1472,0.14775,0.1471,0.14719,13370.0
2026-01-27 15:45:00,1769528700000,0.14719,0.14777,0.14712,0.14757,20627.0
2026-01-27 16:00:00,1769529600000,0.14757,0.14868,0.14753,0.1481,62797.0
2026-01-27 16:15:00,1769530500000,0.1481,0.14896,0.14774,0.1489,58876.0
2026-01-27 16:30:00,1769531400000,0.1489,0.15071,0.14859,0.15071,62449.0
2026-01-27 16:45:00,1769532300000,0.15071,0.15222,0.14976,0.1517,116429.0
2026-01-27 17:00:00,1769533200000,0.1517,0.15353,0.15146,0.15282,62388.0
2026-01-27 17:15:00,1769534100000,0.15282,0.15374,0.15198,0.15321,65299.0
2026-01-27 17:30:00,1769535000000,0.15321,0.15465,0.15309,0.15359,103395.0
2026-01-27 17:45:00,1769535900000,0.15359,0.15359,0.15185,0.15242,37854.0
2026-01-27 18:00:00,1769536800000,0.15242,0.15419,0.15242,0.15297,36007.0
2026-01-27 18:15:00,1769537700000,0.15297,0.15469,0.15295,0.15451,17297.0
2026-01-27 18:30:00,1769538600000,0.15451,0.16107,0.15446,0.15985,364846.0
2026-01-27 18:45:00,1769539500000,0.15985,0.16626,0.15959,0.16439,697857.0
2026-01-27 19:00:00,1769540400000,0.16439,0.168,0.163,0.16499,588240.0
2026-01-27 19:15:00,1769541300000,0.16499,0.16539,0.16126,0.165,242134.0
2026-01-27 19:30:00,1769542200000,0.165,0.16541,0.16296,0.16325,137964.0
2026-01-27 19:45:00,1769543100000,0.16325,0.1636,0.16113,0.16225,30250.0
2026-01-27 20:00:00,1769544000000,0.16225,0.16553,0.16204,0.16553,30590.0
2026-01-27 20:15:00,1769544900000,0.16553,0.16553,0.16307,0.16308,49880.0
2026-01-27 20:30:00,1769545800000,0.16308,0.16466,0.15974,0.1598,153624.0
2026-01-27 20:45:00,1769546700000,0.1598,0.1602,0.15603,0.15778,174433.0
2026-01-27 21:00:00,1769547600000,0.15778,0.15788,0.1557,0.15663,179277.0
2026-01-27 21:15:00,1769548500000,0.15663,0.15699,0.15618,0.15618,22025.0
2026-01-27 21:30:00,1769549400000,0.15618,0.15892,0.15528,0.15764,72729.0
2026-01-27 21:45:00,1769550300000,0.15764,0.16144,0.15647,0.15797,657868.0
2026-01-27 22:00:00,1769551200000,0.15797,0.15829,0.1567,0.15698,51127.0
2026-01-27 22:15:00,1769552100000,0.15698,0.15698,0.15449,0.15499,77316.0
2026-01-27 22:30:00,1769553000000,0.15499,0.15604,0.15499,0.15599,34100.0
2026-01-27 22:45:00,1769553900000,0.15599,0.15624,0.15481,0.15488,16806.0
2026-01-27 23:00:00,1769554800000,0.15488,0.1572,0.15474,0.1564,18575.0
2026-01-27 23:15:00,1769555700000,0.1564,0.1575,0.15602,0.15667,51652.0
2026-01-27 23:30:00,1769556600000,0.15667,0.15735,0.15628,0.15712,218355.0
2026-01-27 23:45:00,1769557500000,0.15712,0.15804,0.15661,0.15795,83862.0
2026-01-28 00:00:00,1769558400000,0.15795,0.15833,0.1553,0.15563,84280.0
2026-01-28 00:15:00,1769559300000,0.15563,0.15667,0.15521,0.15622,26153.0
2026-01-28 00:30:00,1769560200000,0.15622,0.15653,0.15569,0.15653,23490.0
2026-01-28 00:45:00,1769561100000,0.15653,0.15754,0.15578,0.15727,59795.0
2026-01-28 01:00:00,1769562000000,0.15727,0.15731,0.15562,0.15708,101943.0
2026-01-28 01:15:00,1769562900000,0.15708,0.15708,0.15563,0.15563,39434.0
2026-01-28 01:30:00,1769563800000,0.15563,0.15629,0.15554,0.1558,9744.0
2026-01-28 01:45:00,1769564700000,0.1558,0.1566,0.15565,0.15626,18498.0
2026-01-28 02:00:00,1769565600000,0.15626,0.15626,0.1554,0.15552,28151.0
2026-01-28 02:15:00,1769566500000,0.15552,0.15614,0.15436,0.15455,28479.0
2026-01-28 02:30:00,1769567400000,0.15455,0.15496,0.1534,0.15379,56875.0
2026-01-28 02:45:00,1769568300000,0.15379,0.15406,0.15234,0.15312,81603.0
2026-01-28 03:00:00,1769569200000,0.15312,0.15599,0.15294,0.15524,124449.0
2026-01-28 03:15:00,1769570100000,0.15524,0.16104,0.15524,0.16007,299252.0
2026-01-28 03:30:00,1769571000000,0.16007,0.1615,0.15784,0.15867,117062.0
2026-01-28 03:45:00,1769571900000,0.15867,0.15867,0.15727,0.15728,21247.0
2026-01-28 04:00:00,1769572800000,0.15728,0.15779,0.1569,0.15765,18300.0
2026-01-28 04:15:00,1769573700000,0.15765,0.15765,0.15683,0.15698,17009.0
2026-01-28 04:30:00,1769574600000,0.15698,0.15769,0.15663,0.15769,13701.0
2026-01-28 04:45:00,1769575500000,0.15769,0.15783,0.15701,0.15744,13597.0
2026-01-28 05:00:00,1769576400000,0.15744,0.15744,0.15589,0.15604,8337.0
2026-01-28 05:15:00,1769577300000,0.15604,0.15663,0.1554,0.15646,13008.0
2026-01-28 05:30:00,1769578200000,0.15646,0.15823,0.15643,0.15823,57896.0
2026-01-28 05:45:00,1769579100000,0.15823,0.15834,0.15643,0.15652,25244.0
2026-01-28 06:00:00,1769580000000,0.15652,0.15736,0.15638,0.15668,16696.0
2026-01-28 06:15:00,1769580900000,0.15668,0.15735,0.15647,0.15724,17950.0
2026-01-28 06:30:00,1769581800000,0.15724,0.15879,0.15724,0.15774,41949.0
2026-01-28 06:45:00,1769582700000,0.15774,0.15931,0.15774,0.15832,46002.0
2026-01-28 07:00:00,1769583600000,0.15832,0.16081,0.15817,0.15986,73155.0
2026-01-28 07:15:00,1769584500000,0.15986,0.16048,0.15915,0.16038,28393.0
2026-01-28 07:30:00,1769585400000,0.16038,0.16633,0.16033,0.16366,494882.0
2026-01-28 07:45:00,1769586300000,0.16366,0.16535,0.16299,0.16352,62826.0
2026-01-28 08:00:00,1769587200000,0.16352,0.16794,0.1628,0.16714,254189.0
2026-01-28 08:15:00,1769588100000,0.16714,0.17129,0.16603,0.17011,513958.0
2026-01-28 08:30:00,1769589000000,0.17011,0.17097,0.16587,0.16763,613826.0
2026-01-28 08:45:00,1769589900000,0.16763,0.16911,0.16164,0.16387,717155.0
2026-01-28 09:00:00,1769590800000,0.16387,0.16392,0.16116,0.1627,346337.0
2026-01-28 09:15:00,1769591700000,0.1627,0.16484,0.16228,0.1625,95232.0
2026-01-28 09:30:00,1769592600000,0.1625,0.16413,0.16213,0.16329,127257.0
2026-01-28 09:45:00,1769593500000,0.16329,0.16492,0.16323,0.16388,203141.0
2026-01-28 10:00:00,1769594400000,0.16388,0.16579,0.16356,0.16514,113458.0
2026-01-28 10:15:00,1769595300000,0.16514,0.16514,0.16053,0.16075,158908.0
2026-01-28 10:30:00,1769596200000,0.16075,0.1615,0.15891,0.15934,78044.0
2026-01-28 10:45:00,1769597100000,0.15934,0.15996,0.15917,0.15982,30414.0
2026-01-28 11:00:00,1769598000000,0.15982,0.15998,0.15906,0.15957,28029.0
2026-01-28 11:15:00,1769598900000,0.15957,0.1602,0.15927,0.15996,22975.0
2026-01-28 11:30:00,1769599800000,0.15996,0.16047,0.15956,0.15989,31905.0
2026-01-28 11:45:00,1769600700000,0.15989,0.15997,0.15874,0.15997,26602.0
2026-01-28 12:00:00,1769601600000,0.15997,0.16086,0.15919,0.1601,54528.0
2026-01-28 12:15:00,1769602500000,0.1601,0.16146,0.16005,0.16052,40873.0
2026-01-28 12:30:00,1769603400000,0.16052,0.16106,0.15922,0.15922,39492.0
2026-01-28 12:45:00,1769604300000,0.15922,0.16143,0.15911,0.16138,13732.0
2026-01-28 13:00:00,1769605200000,0.16138,0.16405,0.15827,0.1598,168565.0
2026-01-28 13:15:00,1769606100000,0.1598,0.16168,0.15959,0.16098,46708.0
2026-01-28 13:30:00,1769607000000,0.16098,0.1613,0.16017,0.16086,62243.0
2026-01-28 13:45:00,1769607900000,0.16086,0.16116,0.16025,0.16065,16148.0
2026-01-28 14:00:00,1769608800000,0.16065,0.16299,0.16061,0.16258,89224.0
2026-01-28 14:15:00,1769609700000,0.16258,0.16423,0.16176,0.16342,118211.0
2026-01-28 14:30:00,1769610600000,0.16342,0.16443,0.1625,0.16324,104419.0
2026-01-28 14:45:00,1769611500000,0.16324,0.16325,0.1598,0.16205,157117.0
2026-01-28 15:00:00,1769612400000,0.16205,0.16205,0.15911,0.15986,110111.0
2026-01-28 15:15:00,1769613300000,0.15986,0.1615,0.15921,0.16007,84503.0
2026-01-28 15:30:00,1769614200000,0.16007,0.16049,0.15959,0.16018,51864.0
2026-01-28 15:45:00,1769615100000,0.16018,0.16124,0.15941,0.16057,109721.0
2026-01-28 16:00:00,1769616000000,0.16057,0.16061,0.15633,0.15646,251933.0
2026-01-28 16:15:00,1769616900000,0.15646,0.15913,0.15646,0.15913,70272.0
2026-01-28 16:30:00,1769617800000,0.15913,0.15927,0.15808,0.15848,38316.0
2026-01-28 16:45:00,1769618700000,0.15848,0.15848,0.15726,0.15781,22528.0
2026-01-28 17:00:00,1769619600000,0.15781,0.15847,0.15738,0.15821,34709.0
2026-01-28 17:15:00,1769620500000,0.15821,0.16301,0.158,0.1623,205184.0
2026-01-28 17:30:00,1769621400000,0.1623,0.16231,0.16011,0.16126,69209.0
2026-01-28 17:45:00,1769622300000,0.16126,0.16142,0.16029,0.16029,18460.0
2026-01-28 18:00:00,1769623200000,0.16029,0.16084,0.15989,0.16055,11738.0
2026-01-28 18:15:00,1769624100000,0.16055,0.16181,0.16042,0.16148,12756.0
2026-01-28 18:30:00,1769625000000,0.16148,0.16148,0.16038,0.16041,14618.0
2026-01-28 18:45:00,1769625900000,0.16041,0.16065,0.16004,0.16026,7758.0
2026-01-28 19:00:00,1769626800000,0.16026,0.16054,0.15988,0.1599,31365.0
2026-01-28 19:15:00,1769627700000,0.1599,0.16018,0.15935,0.16001,10925.0
2026-01-28 19:30:00,1769628600000,0.16001,0.16029,0.15911,0.1598,37434.0
2026-01-28 19:45:00,1769629500000,0.1598,0.161,0.15979,0.16077,32239.0
2026-01-28 20:00:00,1769630400000,0.16077,0.16183,0.16029,0.16124,19000.0
2026-01-28 20:15:00,1769631300000,0.16124,0.16139,0.16062,0.16077,17258.0
2026-01-28 20:30:00,1769632200000,0.16077,0.16105,0.15968,0.15999,15510.0
2026-01-28 20:45:00,1769633100000,0.15999,0.16014,0.15873,0.15905,31058.0
2026-01-28 21:00:00,1769634000000,0.15905,0.1592,0.15815,0.15886,24989.0
2026-01-28 21:15:00,1769634900000,0.15886,0.15977,0.15875,0.15943,20113.0
2026-01-28 21:30:00,1769635800000,0.15943,0.16006,0.15917,0.15982,67866.0
2026-01-28 21:45:00,1769636700000,0.15982,0.16111,0.15975,0.16099,65325.0
2026-01-28 22:00:00,1769637600000,0.16099,0.1611,0.16,0.16,13362.0
2026-01-28 22:15:00,1769638500000,0.16,0.16058,0.15927,0.16045,26728.0
2026-01-28 22:30:00,1769639400000,0.16045,0.1611,0.16045,0.16081,11656.0
2026-01-28 22:45:00,1769640300000,0.16081,0.1622,0.16014,0.16209,13436.0
2026-01-28 23:00:00,1769641200000,0.16209,0.16222,0.16008,0.16049,14177.0
2026-01-28 23:15:00,1769642100000,0.16049,0.16102,0.15962,0.15962,17920.0
2026-01-28 23:30:00,1769643000000,0.15962,0.16102,0.15959,0.16081,78511.0
2026-01-28 23:45:00,1769643900000,0.16081,0.16172,0.16021,0.16133,46945.0
2026-01-29 00:00:00,1769644800000,0.16133,0.1618,0.16043,0.16066,47032.0
2026-01-29 00:15:00,1769645700000,0.16066,0.1608,0.15959,0.15972,30351.0
2026-01-29 00:30:00,1769646600000,0.15972,0.1602,0.15952,0.1602,17074.0
2026-01-29 00:45:00,1769647500000,0.1602,0.16227,0.15977,0.16183,66371.0
2026-01-29 01:00:00,1769648400000,0.16183,0.16402,0.16157,0.16389,90453.0
2026-01-29 01:15:00,1769649300000,0.16389,0.16485,0.1623,0.1625,79235.0
2026-01-29 01:30:00,1769650200000,0.1625,0.16288,0.16231,0.16241,31507.0
2026-01-29 01:45:00,1769651100000,0.16241,0.16312,0.16241,0.16312,29364.0
2026-01-29 02:00:00,1769652000000,0.16312,0.16443,0.16299,0.16408,58955.0
2026-01-29 02:15:00,1769652900000,0.16408,0.16581,0.16344,0.16459,78721.0
2026-01-29 02:30:00,1769653800000,0.16459,0.16664,0.16214,0.16246,323806.0
2026-01-29 02:45:00,1769654700000,0.16246,0.16316,0.16026,0.16155,72621.0
2026-01-29 03:00:00,1769655600000,0.16155,0.16606,0.16114,0.16511,168209.0
2026-01-29 03:15:00,1769656500000,0.16511,0.16522,0.16259,0.1627,27508.0
2026-01-29 03:30:00,1769657400000,0.1627,0.16333,0.16215,0.16327,30440.0
2026-01-29 03:45:00,1769658300000,0.16327,0.1642,0.16327,0.16355,32002.0
2026-01-29 04:00:00,1769659200000,0.16355,0.1657,0.16334,0.1657,40246.0
2026-01-29 04:15:00,1769660100000,0.1657,0.16816,0.16524,0.16714,116115.0
2026-01-29 04:30:00,1769661000000,0.16714,0.16912,0.1659,0.16728,84457.0
2026-01-29 04:45:00,1769661900000,0.16728,0.16956,0.16723,0.1688,163324.0
2026-01-29 05:00:00,1769662800000,0.1688,0.16931,0.16712,0.16821,170512.0
2026-01-29 05:15:00,1769663700000,0.16821,0.16899,0.16527,0.1661,176872.0
2026-01-29 05:30:00,1769664600000,0.1661,0.16807,0.16594,0.16693,135143.0
2026-01-29 05:45:00,1769665500000,0.16693,0.1673,0.16404,0.16513,107937.0
2026-01-29 06:00:00,1769666400000,0.16513,0.16621,0.16355,0.16511,131828.0
2026-01-29 06:15:00,1769667300000,0.16511,0.16611,0.16444,0.16578,30536.0
2026-01-29 06:30:00,1769668200000,0.16578,0.16611,0.16375,0.16419,105060.0
2026-01-29 06:45:00,1769669100000,0.16419,0.16419,0.161,0.16285,123564.0
2026-01-29 07:00:00,1769670000000,0.16285,0.1638,0.16209,0.16229,32518.0
2026-01-29 07:15:00,1769670900000,0.16229,0.16346,0.16204,0.16242,25866.0
2026-01-29 07:30:00,1769671800000,0.16242,0.16292,0.1615,0.1626,40583.0
2026-01-29 07:45:00,1769672700000,0.1626,0.1626,0.16052,0.16065,101784.0
2026-01-29 08:00:00,1769673600000,0.16065,0.16141,0.1604,0.16105,55556.0
2026-01-29 08:15:00,1769674500000,0.16105,0.16132,0.1588,0.15977,113065.0
2026-01-29 08:30:00,1769675400000,0.15977,0.16062,0.15923,0.16017,88984.0
2026-01-29 08:45:00,1769676300000,0.16017,0.1604,0.15947,0.15996,21634.0
2026-01-29 09:00:00,1769677200000,0.15996,0.16075,0.15946,0.16043,19845.0
2026-01-29 09:15:00,1769678100000,0.16043,0.16171,0.15942,0.16112,97161.0
2026-01-29 09:30:00,1769679000000,0.16112,0.16158,0.1598,0.16009,57104.0
2026-01-29 09:45:00,1769679900000,0.16009,0.16024,0.15915,0.15994,23694.0
2026-01-29 10:00:00,1769680800000,0.15994,0.16015,0.15971,0.15992,14718.0
2026-01-29 10:15:00,1769681700000,0.15992,0.15992,0.15918,0.15973,12342.0
2026-01-29 10:30:00,1769682600000,0.15973,0.1599,0.15781,0.15877,101305.0
2026-01-29 10:45:00,1769683500000,0.15877,0.15986,0.15831,0.1597,31531.0
2026-01-29 11:00:00,1769684400000,0.1597,0.16035,0.15938,0.15957,23603.0
2026-01-29 11:15:00,1769685300000,0.15957,0.15982,0.1588,0.15908,39192.0
2026-01-29 11:30:00,1769686200000,0.15908,0.16048,0.15908,0.16034,19878.0
2026-01-29 11:45:00,1769687100000,0.16034,0.1627,0.16017,0.16146,85862.0
2026-01-29 12:00:00,1769688000000,0.16146,0.16229,0.16071,0.16071,30056.0
2026-01-29 12:15:00,1769688900000,0.16071,0.16144,0.16026,0.16035,26865.0
2026-01-29 12:30:00,1769689800000,0.16035,0.16045,0.15929,0.16021,41545.0
2026-01-29 12:45:00,1769690700000,0.16021,0.16066,0.16004,0.16061,13013.0
2026-01-29 13:00:00,1769691600000,0.16061,0.16082,0.16013,0.16045,12961.0
2026-01-29 13:15:00,1769692500000,0.16045,0.16064,0.15995,0.16028,14204.0
2026-01-29 13:30:00,1769693400000,0.16028,0.16077,0.16003,0.16037,9065.0
2026-01-29 13:45:00,1769694300000,0.16037,0.16068,0.16004,0.16029,20204.0
2026-01-29 14:00:00,1769695200000,0.16029,0.16029,0.15929,0.15957,17213.0
2026-01-29 14:15:00,1769696100000,0.15957,0.16093,0.15568,0.15848,1622643.0
2026-01-29 14:30:00,1769697000000,0.15848,0.16042,0.15797,0.15999,78598.0
2026-01-29 14:45:00,1769697900000,0.15999,0.16104,0.15903,0.15938,55398.0
2026-01-29 15:00:00,1769698800000,0.15938,0.1599,0.15722,0.15793,143578.0
2026-01-29 15:15:00,1769699700000,0.15793,0.16243,0.15738,0.16179,115378.0
2026-01-29 15:30:00,1769700600000,0.16179,0.16184,0.15997,0.16102,75042.0
2026-01-29 15:45:00,1769701500000,0.16102,0.16202,0.16049,0.16125,77735.0
2026-01-29 16:00:00,1769702400000,0.16125,0.16159,0.15875,0.15926,97006.0
2026-01-29 16:15:00,1769703300000,0.15926,0.1599,0.15834,0.15939,51592.0
2026-01-29 16:30:00,1769704200000,0.15939,0.1596,0.15839,0.15938,35319.0
2026-01-29 16:45:00,1769705100000,0.15938,0.15988,0.15879,0.15988,23695.0
2026-01-29 17:00:00,1769706000000,0.15988,0.15988,0.1512,0.15524,951346.0
2026-01-29 17:15:00,1769706900000,0.15524,0.15524,0.1535,0.1537,93334.0
2026-01-29 17:30:00,1769707800000,0.1537,0.15471,0.15334,0.15407,58929.0
2026-01-29 17:45:00,1769708700000,0.15407,0.15598,0.15377,0.15525,56038.0
2026-01-29 18:00:00,1769709600000,0.15525,0.15586,0.15503,0.15539,61697.0
2026-01-29 18:15:00,1769710500000,0.15539,0.15592,0.14766,0.15128,978370.0
2026-01-29 18:30:00,1769711400000,0.15128,0.15174,0.14824,0.15039,411416.0
2026-01-29 18:45:00,1769712300000,0.15039,0.15065,0.14906,0.14916,197921.0
2026-01-29 19:00:00,1769713200000,0.14916,0.15023,0.14875,0.15014,139191.0
2026-01-29 19:15:00,1769714100000,0.15014,0.15029,0.14729,0.14843,369311.0
2026-01-29 19:30:00,1769715000000,0.14843,0.1491,0.14757,0.1481,104558.0
2026-01-29 19:45:00,1769715900000,0.1481,0.14843,0.1461,0.14703,134029.0
2026-01-29 20:00:00,1769716800000,0.14703,0.14834,0.14668,0.1473,78526.0
2026-01-29 20:15:00,1769717700000,0.1473,0.14746,0.1468,0.14709,53646.0
2026-01-29 20:30:00,1769718600000,0.14709,0.14802,0.14709,0.14728,27076.0
2026-01-29 20:45:00,1769719500000,0.14728,0.14814,0.14718,0.14786,46909.0
2026-01-29 21:00:00,1769720400000,0.14786,0.15327,0.14785,0.15209,274553.0
2026-01-29 21:15:00,1769721300000,0.15209,0.15242,0.14954,0.15004,109776.0
2026-01-29 21:30:00,1769722200000,0.15004,0.15048,0.14986,0.15022,63533.0
2026-01-29 21:45:00,1769723100000,0.15022,0.15085,0.14933,0.14941,54694.0
2026-01-29 22:00:00,1769724000000,0.14941,0.1502,0.14924,0.14996,59758.0
2026-01-29 22:15:00,1769724900000,0.14996,0.15038,0.14987,0.14997,19182.0
2026-01-29 22:30:00,1769725800000,0.14997,0.15087,0.14955,0.15023,23499.0
2026-01-29 22:45:00,1769726700000,0.15023,0.15033,0.14926,0.15033,35136.0
2026-01-29 23:00:00,1769727600000,0.15033,0.15071,0.14967,0.14995,16760.0
2026-01-29 23:15:00,1769728500000,0.14995,0.15007,0.149,0.14927,20434.0
2026-01-29 23:30:00,1769729400000,0.14927,0.15055,0.14892,0.14937,91216.0
2026-01-29 23:45:00,1769730300000,0.14937,0.14995,0.14917,0.14959,27228.0
2026-01-30 00:00:00,1769731200000,0.14959,0.1506,0.14915,0.15025,23229.0
2026-01-30 00:15:00,1769732100000,0.15025,0.15034,0.14856,0.14888,57239.0
2026-01-30 00:30:00,1769733000000,0.14888,0.14896,0.14806,0.1483,30028.0
2026-01-30 00:45:00,1769733900000,0.1483,0.1492,0.14822,0.14895,35249.0
2026-01-30 01:00:00,1769734800000,0.14895,0.14913,0.14849,0.1489,25510.0
2026-01-30 01:15:00,1769735700000,0.1489,0.14961,0.14723,0.14959,129131.0
2026-01-30 01:30:00,1769736600000,0.14959,0.14959,0.14433,0.14766,706783.0
2026-01-30 01:45:00,1769737500000,0.14766,0.14905,0.14684,0.1481,79562.0
2026-01-30 02:00:00,1769738400000,0.1481,0.1481,0.14646,0.14663,51454.0
2026-01-30 02:15:00,1769739300000,0.14663,0.14688,0.14487,0.14578,155700.0
2026-01-30 02:30:00,1769740200000,0.14578,0.14634,0.14536,0.14603,33312.0
2026-01-30 02:45:00,1769741100000,0.14603,0.14645,0.14556,0.14629,30089.0
2026-01-30 03:00:00,1769742000000,0.14629,0.14698,0.14611,0.14628,30887.0
2026-01-30 03:15:00,1769742900000,0.14628,0.1463,0.1453,0.14539,26109.0
2026-01-30 03:30:00,1769743800000,0.14539,0.14567,0.14504,0.14522,27264.0
2026-01-30 03:45:00,1769744700000,0.14522,0.14589,0.14504,0.1456,18041.0
2026-01-30 04:00:00,1769745600000,0.1456,0.14618,0.14509,0.14557,40421.0
2026-01-30 04:15:00,1769746500000,0.14557,0.14587,0.14536,0.14561,24896.0
2026-01-30 04:30:00,1769747400000,0.14561,0.14618,0.14542,0.14617,28769.0
2026-01-30 04:45:00,1769748300000,0.14617,0.14758,0.14613,0.14727,85597.0
2026-01-30 05:00:00,1769749200000,0.14727,0.14856,0.14639,0.14671,50318.0
2026-01-30 05:15:00,1769750100000,0.14671,0.14743,0.14606,0.14717,17086.0
2026-01-30 05:30:00,1769751000000,0.14717,0.14758,0.14638,0.14655,32506.0
2026-01-30 05:45:00,1769751900000,0.14655,0.14853,0.14655,0.14831,41295.0
2026-01-30 06:00:00,1769752800000,0.14831,0.14866,0.1478,0.1478,12383.0
2026-01-30 06:15:00,1769753700000,0.1478,0.15038,0.1478,0.14978,165170.0
2026-01-30 06:30:00,1769754600000,0.14978,0.1499,0.14758,0.14758,67419.0
2026-01-30 06:45:00,1769755500000,0.14758,0.14814,0.14683,0.14698,52562.0
2026-01-30 07:00:00,1769756400000,0.14698,0.148,0.1467,0.14764,43440.0
2026-01-30 07:15:00,1769757300000,0.14764,0.1477,0.14667,0.14693,17402.0
2026-01-30 07:30:00,1769758200000,0.14693,0.1474,0.14677,0.14726,29390.0
2026-01-30 07:45:00,1769759100000,0.14726,0.14763,0.14624,0.14656,35519.0
2026-01-30 08:00:00,1769760000000,0.14656,0.14695,0.14606,0.14658,23494.0
2026-01-30 08:15:00,1769760900000,0.14658,0.14707,0.1463,0.14694,10621.0
2026-01-30 08:30:00,1769761800000,0.14694,0.14746,0.14659,0.14691,39035.0
2026-01-30 08:45:00,1769762700000,0.14691,0.14711,0.14633,0.14669,15753.0
2026-01-30 09:00:00,1769763600000,0.14669,0.14714,0.14617,0.14641,18157.0
2026-01-30 09:15:00,1769764500000,0.14641,0.14685,0.14601,0.14601,6437.0
2026-01-30 09:30:00,1769765400000,0.14601,0.14733,0.14525,0.1469,46927.0
2026-01-30 09:45:00,1769766300000,0.1469,0.14693,0.14572,0.14574,18115.0
2026-01-30 10:00:00,1769767200000,0.14574,0.14619,0.14559,0.14588,14063.0
2026-01-30 10:15:00,1769768100000,0.14588,0.14882,0.14588,0.14876,37664.0
2026-01-30 10:30:00,1769769000000,0.14876,0.14912,0.14737,0.14771,56427.0
2026-01-30 10:45:00,1769769900000,0.14771,0.14953,0.14757,0.14915,33795.0
2026-01-30 11:00:00,1769770800000,0.14915,0.14938,0.14879,0.14924,24150.0
2026-01-30 11:15:00,1769771700000,0.14924,0.14954,0.14871,0.14904,13163.0
2026-01-30 11:30:00,1769772600000,0.14904,0.14927,0.14865,0.14894,12651.0
2026-01-30 11:45:00,1769773500000,0.14894,0.1497,0.14886,0.14896,31133.0
2026-01-30 12:00:00,1769774400000,0.14896,0.14921,0.14801,0.14822,27283.0
2026-01-30 12:15:00,1769775300000,0.14822,0.1489,0.14802,0.1483,15129.0
2026-01-30 12:30:00,1769776200000,0.1483,0.14842,0.14782,0.14782,14969.0
2026-01-30 12:45:00,1769777100000,0.14782,0.14963,0.14782,0.1494,36831.0
2026-01-30 13:00:00,1769778000000,0.1494,0.14956,0.14571,0.14688,96519.0
2026-01-30 13:15:00,1769778900000,0.14688,0.14877,0.14676,0.14815,102927.0
2026-01-30 13:30:00,1769779800000,0.14815,0.14815,0.14733,0.14763,54239.0
2026-01-30 13:45:00,1769780700000,0.14763,0.14795,0.14695,0.14712,23729.0
2026-01-30 14:00:00,1769781600000,0.14712,0.14746,0.14672,0.14707,22287.0
2026-01-30 14:15:00,1769782500000,0.14707,0.14708,0.14678,0.14689,10483.0
2026-01-30 14:30:00,1769783400000,0.14689,0.14749,0.14682,0.14749,11997.0
2026-01-30 14:45:00,1769784300000,0.14749,0.14757,0.1466,0.14668,15633.0
2026-01-30 15:00:00,1769785200000,0.14668,0.14813,0.14652,0.14697,35772.0
2026-01-30 15:15:00,1769786100000,0.14697,0.14697,0.14471,0.14513,90824.0
2026-01-30 15:30:00,1769787000000,0.14513,0.1462,0.14505,0.14603,56306.0
2026-01-30 15:45:00,1769787900000,0.14603,0.14603,0.14489,0.14495,23396.0
2026-01-30 16:00:00,1769788800000,0.14495,0.14525,0.14482,0.14512,13782.0
2026-01-30 16:15:00,1769789700000,0.14512,0.14588,0.14502,0.14555,25526.0
2026-01-30 16:30:00,1769790600000,0.14555,0.14597,0.14511,0.14588,25987.0
2026-01-30 16:45:00,1769791500000,0.14588,0.14588,0.14483,0.14514,19399.0
2026-01-30 17:00:00,1769792400000,0.14514,0.14526,0.14359,0.14446,147498.0
2026-01-30 17:15:00,1769793300000,0.14446,0.1453,0.14424,0.14524,24754.0
2026-01-30 17:30:00,1769794200000,0.14524,0.14524,0.14452,0.1446,24321.0
2026-01-30 17:45:00,1769795100000,0.1446,0.14483,0.14403,0.14424,31970.0
2026-01-30 18:00:00,1769796000000,0.14424,0.14478,0.14396,0.14407,55929.0
2026-01-30 18:15:00,1769796900000,0.14407,0.14422,0.14299,0.14396,76557.0
2026-01-30 18:30:00,1769797800000,0.14396,0.14442,0.14352,0.14429,51508.0
2026-01-30 18:45:00,1769798700000,0.14429,0.14639,0.14429,0.14623,76746.0
2026-01-30 19:00:00,1769799600000,0.14623,0.14785,0.14604,0.14678,101448.0
2026-01-30 19:15:00,1769800500000,0.14678,0.14768,0.14656,0.14666,49611.0
2026-01-30 19:30:00,1769801400000,0.14666,0.14676,0.14612,0.1462,26097.0
2026-01-30 19:45:00,1769802300000,0.1462,0.1462,0.14533,0.14561,30507.0
2026-01-30 20:00:00,1769803200000,0.14561,0.14591,0.14493,0.14501,43717.0
2026-01-30 20:15:00,1769804100000,0.14501,0.14523,0.14432,0.14473,45298.0
2026-01-30 20:30:00,1769805000000,0.14473,0.1453,0.14379,0.14419,42533.0
2026-01-30 20:45:00,1769805900000,0.14419,0.14443,0.14355,0.14423,27985.0
2026-01-30 21:00:00,1769806800000,0.14423,0.1447,0.14383,0.14438,47910.0
2026-01-30 21:15:00,1769807700000,0.14438,0.14513,0.14409,0.14429,32358.0
2026-01-30 21:30:00,1769808600000,0.14429,0.14452,0.14377,0.14408,31693.0
2026-01-30 21:45:00,1769809500000,0.14408,0.14439,0.14394,0.14431,12376.0
2026-01-30 22:00:00,1769810400000,0.14431,0.14491,0.14348,0.14362,29248.0
2026-01-30 22:15:00,1769811300000,0.14362,0.14375,0.14297,0.14329,44127.0
2026-01-30 22:30:00,1769812200000,0.14329,0.14349,0.14264,0.14295,23342.0
2026-01-30 22:45:00,1769813100000,0.14295,0.14387,0.14294,0.14354,13809.0
2026-01-30 23:00:00,1769814000000,0.14354,0.14383,0.14327,0.14341,19689.0
2026-01-30 23:15:00,1769814900000,0.14341,0.14365,0.14308,0.14316,10104.0
2026-01-30 23:30:00,1769815800000,0.14316,0.14363,0.14316,0.14362,8456.0
2026-01-30 23:45:00,1769816700000,0.14362,0.14407,0.14362,0.14387,13067.0
2026-01-31 00:00:00,1769817600000,0.14387,0.14401,0.14336,0.14349,6769.0
2026-01-31 00:15:00,1769818500000,0.14349,0.14373,0.14339,0.1436,18642.0
2026-01-31 00:30:00,1769819400000,0.1436,0.1436,0.14304,0.14345,16066.0
2026-01-31 00:45:00,1769820300000,0.14345,0.14345,0.14229,0.14245,32568.0
2026-01-31 01:00:00,1769821200000,0.14245,0.14288,0.14224,0.14258,10482.0
2026-01-31 01:15:00,1769822100000,0.14258,0.1427,0.14232,0.14232,19793.0
2026-01-31 01:30:00,1769823000000,0.14232,0.14232,0.14102,0.14133,42093.0
2026-01-31 01:45:00,1769823900000,0.14133,0.14165,0.14118,0.14136,16594.0
2026-01-31 02:00:00,1769824800000,0.14136,0.14148,0.14021,0.14148,63014.0
2026-01-31 02:15:00,1769825700000,0.14148,0.14171,0.14133,0.14166,11061.0
2026-01-31 02:30:00,1769826600000,0.14166,0.14285,0.14166,0.14215,34076.0
2026-01-31 02:45:00,1769827500000,0.14215,0.14227,0.14175,0.14184,17218.0
2026-01-31 03:00:00,1769828400000,0.14184,0.14205,0.14131,0.1415,13046.0
2026-01-31 03:15:00,1769829300000,0.1415,0.14167,0.14121,0.14157,14884.0
2026-01-31 03:30:00,1769830200000,0.14157,0.14171,0.1414,0.14143,15897.0
2026-01-31 03:45:00,1769831100000,0.14143,0.14147,0.14095,0.141,11438.0
2026-01-31 04:00:00,1769832000000,0.141,0.14104,0.14089,0.14103,4870.0
2026-01-31 04:15:00,1769832900000,0.14103,0.1414,0.14086,0.1412,18882.0
2026-01-31 04:30:00,1769833800000,0.1412,0.1412,0.14066,0.14096,21484.0
2026-01-31 04:45:00,1769834700000,0.14096,0.14129,0.14079,0.14124,12334.0
2026-01-31 05:00:00,1769835600000,0.14124,0.1413,0.14082,0.14104,9192.0
2026-01-31 05:15:00,1769836500000,0.14104,0.14277,0.14104,0.14268,31754.0
2026-01-31 05:30:00,1769837400000,0.14268,0.14333,0.1416,0.14187,56854.0
2026-01-31 05:45:00,1769838300000,0.14187,0.14268,0.14187,0.1423,15494.0
2026-01-31 06:00:00,1769839200000,0.1423,0.1423,0.14119,0.14145,16436.0
2026-01-31 06:15:00,1769840100000,0.14145,0.14154,0.14091,0.14112,22971.0
2026-01-31 06:30:00,1769841000000,0.14112,0.14163,0.14098,0.14098,21495.0
2026-01-31 06:45:00,1769841900000,0.14098,0.14153,0.14098,0.14137,12023.0
2026-01-31 07:00:00,1769842800000,0.14137,0.14168,0.14104,0.14146,12481.0
2026-01-31 07:15:00,1769843700000,0.14146,0.14171,0.14128,0.14132,9262.0
2026-01-31 07:30:00,1769844600000,0.14132,0.14199,0.14072,0.14165,21018.0
2026-01-31 07:45:00,1769845500000,0.14165,0.14215,0.14143,0.14165,25410.0
2026-01-31 08:00:00,1769846400000,0.14165,0.1417,0.14101,0.14154,15322.0
2026-01-31 08:15:00,1769847300000,0.14154,0.14261,0.14016,0.1424,95434.0
2026-01-31 08:30:00,1769848200000,0.1424,0.1424,0.14107,0.14175,44024.0
2026-01-31 08:45:00,1769849100000,0.14175,0.14194,0.14015,0.14083,38848.0
2026-01-31 09:00:00,1769850000000,0.14083,0.14183,0.14054,0.14172,21394.0
2026-01-31 09:15:00,1769850900000,0.14172,0.14277,0.14149,0.14269,45333.0
2026-01-31 09:30:00,1769851800000,0.14269,0.14307,0.14212,0.14307,38520.0
2026-01-31 09:45:00,1769852700000,0.14307,0.14307,0.14207,0.14219,14843.0
2026-01-31 10:00:00,1769853600000,0.14219,0.14234,0.14133,0.14234,18814.0
2026-01-31 10:15:00,1769854500000,0.14234,0.14279,0.14228,0.14259,11418.0
2026-01-31 10:30:00,1769855400000,0.14259,0.14271,0.14203,0.14241,13754.0
2026-01-31 10:45:00,1769856300000,0.14241,0.14352,0.1424,0.14321,29459.0
2026-01-31 11:00:00,1769857200000,0.14321,0.1433,0.1419,0.142,20746.0
2026-01-31 11:15:00,1769858100000,0.142,0.14237,0.1412,0.14237,24016.0
2026-01-31 11:30:00,1769859000000,0.14237,0.14304,0.14232,0.14279,13608.0
2026-01-31 11:45:00,1769859900000,0.14279,0.14336,0.14194,0.14238,30243.0
2026-01-31 12:00:00,1769860800000,0.14238,0.14286,0.14192,0.14231,30380.0
2026-01-31 12:15:00,1769861700000,0.14231,0.14316,0.14201,0.14276,19651.0
2026-01-31 12:30:00,1769862600000,0.14276,0.14313,0.14235,0.14313,7321.0
2026-01-31 12:45:00,1769863500000,0.14313,0.14315,0.14214,0.14218,25374.0
2026-01-31 13:00:00,1769864400000,0.14218,0.14238,0.14114,0.14148,55435.0
2026-01-31 13:15:00,1769865300000,0.14148,0.14148,0.1409,0.14095,33585.0
2026-01-31 13:30:00,1769866200000,0.14095,0.14133,0.14024,0.14064,39657.0
2026-01-31 13:45:00,1769867100000,0.14064,0.14092,0.14023,0.14055,64795.0
2026-01-31 14:00:00,1769868000000,0.14055,0.1406,0.13946,0.13999,99116.0
2026-01-31 14:15:00,1769868900000,0.13999,0.14031,0.13345,0.13482,913292.0
2026-01-31 14:30:00,1769869800000,0.13482,0.13599,0.13315,0.13507,287303.0
2026-01-31 14:45:00,1769870700000,0.13507,0.13706,0.13424,0.13612,168145.0
2026-01-31 15:00:00,1769871600000,0.13612,0.13622,0.13473,0.135,60300.0
2026-01-31 15:15:00,1769872500000,0.135,0.13527,0.13338,0.13365,50638.0
2026-01-31 15:30:00,1769873400000,0.13365,0.13454,0.13307,0.13433,44694.0
2026-01-31 15:45:00,1769874300000,0.13433,0.13474,0.13396,0.13418,25184.0
2026-01-31 16:00:00,1769875200000,0.13418,0.13503,0.13415,0.13421,17140.0
2026-01-31 16:15:00,1769876100000,0.13421,0.1351,0.13327,0.1333,64642.0
2026-01-31 16:30:00,1769877000000,0.1333,0.13359,0.13271,0.13318,36688.0
2026-01-31 16:45:00,1769877900000,0.13318,0.13386,0.1327,0.13293,46405.0
2026-01-31 17:00:00,1769878800000,0.13293,0.13395,0.12888,0.13282,402659.0
2026-01-31 17:15:00,1769879700000,0.13282,0.1343,0.13217,0.13417,107894.0
2026-01-31 17:30:00,1769880600000,0.13417,0.13443,0.13296,0.13328,116618.0
2026-01-31 17:45:00,1769881500000,0.13328,0.13579,0.13241,0.13488,102674.0
2026-01-31 18:00:00,1769882400000,0.13488,0.13618,0.13396,0.13488,76603.0
2026-01-31 18:15:00,1769883300000,0.13488,0.13565,0.13392,0.1347,108046.0
2026-01-31 18:30:00,1769884200000,0.1347,0.13598,0.13247,0.135,339213.0
2026-01-31 18:45:00,1769885100000,0.135,0.13845,0.13496,0.13692,398966.0
2026-01-31 19:00:00,1769886000000,0.13692,0.13809,0.1365,0.13754,55164.0
2026-01-31 19:15:00,1769886900000,0.13754,0.13807,0.13745,0.13771,47738.0
2026-01-31 19:30:00,1769887800000,0.13771,0.13881,0.13748,0.13819,84491.0
2026-01-31 19:45:00,1769888700000,0.13819,0.13835,0.1361,0.13629,100123.0
2026-01-31 20:00:00,1769889600000,0.13629,0.13711,0.1362,0.13637,42423.0
2026-01-31 20:15:00,1769890500000,0.13637,0.13668,0.13578,0.13609,24682.0
2026-01-31 20:30:00,1769891400000,0.13609,0.13634,0.13558,0.13602,26570.0
2026-01-31 20:45:00,1769892300000,0.13602,0.13686,0.1356,0.1366,35246.0
2026-01-31 21:00:00,1769893200000,0.1366,0.13694,0.13582,0.13597,20215.0
2026-01-31 21:15:00,1769894100000,0.13597,0.13644,0.13558,0.13634,17161.0
2026-01-31 21:30:00,1769895000000,0.13634,0.13707,0.13608,0.13661,39007.0
2026-01-31 21:45:00,1769895900000,0.13661,0.13716,0.13647,0.13659,42114.0
2026-01-31 22:00:00,1769896800000,0.13659,0.13679,0.13571,0.13588,18815.0
2026-01-31 22:15:00,1769897700000,0.13588,0.13683,0.13555,0.13637,52554.0
2026-01-31 22:30:00,1769898600000,0.13637,0.1367,0.13572,0.13664,18217.0
2026-01-31 22:45:00,1769899500000,0.13664,0.13664,0.13491,0.13585,15066.0
2026-01-31 23:00:00,1769900400000,0.13585,0.13631,0.13489,0.13627,30665.0
2026-01-31 23:15:00,1769901300000,0.13627,0.1376,0.13585,0.1368,51313.0
2026-01-31 23:30:00,1769902200000,0.1368,0.13721,0.13628,0.13695,40422.0
2026-01-31 23:45:00,1769903100000,0.13695,0.13735,0.13667,0.13719,22139.0
2026-02-01 00:00:00,1769904000000,0.13719,0.13759,0.13634,0.13738,29623.0
2026-02-01 00:15:00,1769904900000,0.13738,0.13753,0.13667,0.1368,20925.0
2026-02-01 00:30:00,1769905800000,0.1368,0.13691,0.13617,0.13617,30047.0
2026-02-01 00:45:00,1769906700000,0.13617,0.13654,0.13617,0.13654,13647.0
2026-02-01 01:00:00,1769907600000,0.13654,0.1369,0.13643,0.13655,7877.0
2026-02-01 01:15:00,1769908500000,0.13655,0.13764,0.13634,0.13756,26395.0
2026-02-01 01:30:00,1769909400000,0.13756,0.13759,0.13696,0.13698,25413.0
2026-02-01 01:45:00,1769910300000,0.13698,0.13785,0.13661,0.1372,63001.0
2026-02-01 02:00:00,1769911200000,0.1372,0.13765,0.1372,0.13757,20623.0
2026-02-01 02:15:00,1769912100000,0.13757,0.13764,0.13717,0.13757,9377.0
2026-02-01 02:30:00,1769913000000,0.13757,0.13817,0.13752,0.13816,12743.0
2026-02-01 02:45:00,1769913900000,0.13816,0.13846,0.13791,0.13806,9752.0
2026-02-01 03:00:00,1769914800000,0.13806,0.13847,0.13779,0.13794,6315.0
2026-02-01 03:15:00,1769915700000,0.13794,0.13803,0.13742,0.13768,6286.0
2026-02-01 03:30:00,1769916600000,0.13768,0.13773,0.13724,0.13752,5807.0
2026-02-01 03:45:00,1769917500000,0.13752,0.13763,0.13668,0.13683,20327.0
2026-02-01 04:00:00,1769918400000,0.13683,0.13813,0.13683,0.13789,7638.0
2026-02-01 04:15:00,1769919300000,0.13789,0.13817,0.1377,0.13777,4304.0
2026-02-01 04:30:00,1769920200000,0.13777,0.13779,0.13763,0.13765,6232.0
2026-02-01 04:45:00,1769921100000,0.13765,0.13789,0.13759,0.13786,7429.0
2026-02-01 05:00:00,1769922000000,0.13786,0.13927,0.13757,0.1389,16408.0
2026-02-01 05:15:00,1769922900000,0.1389,0.13902,0.13826,0.13881,12540.0
2026-02-01 05:30:00,1769923800000,0.13881,0.13887,0.13852,0.13855,11659.0
2026-02-01 05:45:00,1769924700000,0.13855,0.13906,0.13852,0.13884,9283.0
2026-02-01 06:00:00,1769925600000,0.13884,0.13885,0.13697,0.13728,33960.0
2026-02-01 06:15:00,1769926500000,0.13728,0.1376,0.13711,0.13741,28350.0
2026-02-01 06:30:00,1769927400000,0.13741,0.13746,0.13718,0.13728,8911.0
2026-02-01 06:45:00,1769928300000,0.13728,0.1373,0.13561,0.13607,40964.0
2026-02-01 07:00:00,1769929200000,0.13607,0.13697,0.13607,0.13695,36774.0
2026-02-01 07:15:00,1769930100000,0.13695,0.13706,0.1364,0.13681,8821.0
2026-02-01 07:30:00,1769931000000,0.13681,0.13796,0.13681,0.13763,14104.0
2026-02-01 07:45:00,1769931900000,0.13763,0.13763,0.13553,0.13571,33399.0
2026-02-01 08:00:00,1769932800000,0.13571,0.13686,0.13515,0.13686,48212.0
2026-02-01 08:15:00,1769933700000,0.13686,0.13765,0.13664,0.13683,32154.0
2026-02-01 08:30:00,1769934600000,0.13683,0.13928,0.13683,0.13888,73042.0
2026-02-01 08:45:00,1769935500000,0.13888,0.13902,0.136,0.13636,48565.0
2026-02-01 09:00:00,1769936400000,0.13636,0.13664,0.13555,0.13555,13438.0
2026-02-01 09:15:00,1769937300000,0.13555,0.13791,0.13555,0.13767,82267.0
2026-02-01 09:30:00,1769938200000,0.13767,0.13858,0.1373,0.13771,61505.0
2026-02-01 09:45:00,1769939100000,0.13771,0.13771,0.13565,0.13601,86318.0
2026-02-01 10:00:00,1769940000000,0.13601,0.13613,0.13548,0.13571,24461.0
2026-02-01 10:15:00,1769940900000,0.13571,0.13712,0.13566,0.13663,54646.0
2026-02-01 10:30:00,1769941800000,0.13663,0.13724,0.1361,0.13646,43616.0
2026-02-01 10:45:00,1769942700000,0.13646,0.13646,0.13538,0.13538,17152.0
2026-02-01 11:00:00,1769943600000,0.13538,0.13581,0.13526,0.13551,13536.0
2026-02-01 11:15:00,1769944500000,0.13551,0.1356,0.13534,0.13549,3545.0
2026-02-01 11:30:00,1769945400000,0.13549,0.13553,0.13482,0.13539,25660.0
2026-02-01 11:45:00,1769946300000,0.13539,0.13542,0.13404,0.13446,22535.0
2026-02-01 12:00:00,1769947200000,0.13446,0.13492,0.1343,0.1348,20329.0
2026-02-01 12:15:00,1769948100000,0.1348,0.13485,0.13319,0.13386,31676.0
2026-02-01 12:30:00,1769949000000,0.13386,0.13474,0.13386,0.13434,63547.0
2026-02-01 12:45:00,1769949900000,0.13434,0.13476,0.1342,0.13466,9939.0
2026-02-01 13:00:00,1769950800000,0.13466,0.13468,0.13427,0.13438,11641.0
2026-02-01 13:15:00,1769951700000,0.13438,0.13451,0.13401,0.13446,9380.0
2026-02-01 13:30:00,1769952600000,0.13446,0.13446,0.1336,0.13386,23725.0
2026-02-01 13:45:00,1769953500000,0.13386,0.13407,0.13311,0.13393,19632.0
2026-02-01 14:00:00,1769954400000,0.13393,0.13409,0.13383,0.13404,5569.0
2026-02-01 14:15:00,1769955300000,0.13404,0.13404,0.13287,0.13288,12653.0
2026-02-01 14:30:00,1769956200000,0.13288,0.1333,0.13238,0.13293,56753.0
2026-02-01 14:45:00,1769957100000,0.13293,0.13398,0.13277,0.13353,17479.0
2026-02-01 15:00:00,1769958000000,0.13353,0.13391,0.13205,0.13359,43347.0
2026-02-01 15:15:00,1769958900000,0.13359,0.13401,0.13219,0.13237,51162.0
2026-02-01 15:30:00,1769959800000,0.13237,0.13275,0.13142,0.13169,73826.0
2026-02-01 15:45:00,1769960700000,0.13169,0.13275,0.1315,0.13195,40614.0
2026-02-01 16:00:00,1769961600000,0.13195,0.13229,0.13142,0.13229,24763.0
2026-02-01 16:15:00,1769962500000,0.13229,0.13409,0.13167,0.1336,29765.0
2026-02-01 16:30:00,1769963400000,0.1336,0.13489,0.13315,0.13378,126215.0
2026-02-01 16:45:00,1769964300000,0.13378,0.1351,0.13348,0.13382,55481.0
2026-02-01 17:00:00,1769965200000,0.13382,0.13444,0.13365,0.13425,22564.0
2026-02-01 17:15:00,1769966100000,0.13425,0.13435,0.1337,0.13424,13315.0
2026-02-01 17:30:00,1769967000000,0.13424,0.13433,0.13358,0.13423,68134.0
2026-02-01 17:45:00,1769967900000,0.13423,0.13635,0.13417,0.1361,35686.0
2026-02-01 18:00:00,1769968800000,0.1361,0.13627,0.13522,0.13584,33531.0
2026-02-01 18:15:00,1769969700000,0.13584,0.13587,0.13519,0.13573,12672.0
2026-02-01 18:30:00,1769970600000,0.13573,0.13702,0.13562,0.13637,95595.0
2026-02-01 18:45:00,1769971500000,0.13637,0.13641,0.1354,0.13549,18312.0
2026-02-01 19:00:00,1769972400000,0.13549,0.13591,0.13505,0.13552,11755.0
2026-02-01 19:15:00,1769973300000,0.13552,0.13571,0.13525,0.13559,8352.0
2026-02-01 19:30:00,1769974200000,0.13559,0.13613,0.13534,0.13607,19424.0
2026-02-01 19:45:00,1769975100000,0.13607,0.13617,0.13547,0.13614,25616.0
2026-02-01 20:00:00,1769976000000,0.13614,0.13641,0.13567,0.13579,10952.0
2026-02-01 20:15:00,1769976900000,0.13579,0.13595,0.13533,0.13536,9709.0
2026-02-01 20:30:00,1769977800000,0.13536,0.13632,0.13536,0.13563,14842.0
2026-02-01 20:45:00,1769978700000,0.13563,0.13565,0.13496,0.13529,27833.0
2026-02-01 21:00:00,1769979600000,0.13529,0.1355,0.13445,0.13475,26709.0
2026-02-01 21:15:00,1769980500000,0.13475,0.13543,0.1347,0.13543,13177.0
2026-02-01 21:30:00,1769981400000,0.13543,0.13543,0.13491,0.13493,16765.0
2026-02-01 21:45:00,1769982300000,0.13493,0.13502,0.13412,0.13412,36952.0
2026-02-01 22:00:00,1769983200000,0.13412,0.13529,0.13412,0.13507,12435.0
2026-02-01 22:15:00,1769984100000,0.13507,0.13512,0.13418,0.13458,17418.0
2026-02-01 22:30:00,1769985000000,0.13458,0.13531,0.13458,0.13508,16337.0
2026-02-01 22:45:00,1769985900000,0.13508,0.13508,0.13419,0.1348,15013.0
2026-02-01 23:00:00,1769986800000,0.1348,0.13503,0.13293,0.1333,50564.0
2026-02-01 23:15:00,1769987700000,0.1333,0.13475,0.13315,0.13472,130448.0
2026-02-01 23:30:00,1769988600000,0.13472,0.13572,0.13427,0.13554,47829.0
2026-02-01 23:45:00,1769989500000,0.13554,0.13561,0.13431,0.1349,36881.0
2026-02-02 00:00:00,1769990400000,0.1349,0.13496,0.13367,0.13463,44540.0
2026-02-02 00:15:00,1769991300000,0.13463,0.13528,0.13425,0.13516,52016.0
2026-02-02 00:30:00,1769992200000,0.13516,0.13527,0.13472,0.13507,22015.0
2026-02-02 00:45:00,1769993100000,0.13507,0.13524,0.13451,0.13459,19184.0
2026-02-02 01:00:00,1769994000000,0.13459,0.13486,0.13338,0.13338,27033.0
2026-02-02 01:15:00,1769994900000,0.13338,0.13466,0.1332,0.13464,32045.0
2026-02-02 01:30:00,1769995800000,0.13464,0.13465,0.13424,0.13449,17990.0
2026-02-02 01:45:00,1769996700000,0.13449,0.13522,0.13434,0.13499,21825.0
2026-02-02 02:00:00,1769997600000,0.13499,0.13528,0.13462,0.13478,12400.0
2026-02-02 02:15:00,1769998500000,0.13478,0.13536,0.13469,0.13477,15948.0
2026-02-02 02:30:00,1769999400000,0.13477,0.13477,0.1342,0.13447,14678.0
2026-02-02 02:45:00,1770000300000,0.13447,0.13448,0.13397,0.13398,12236.0
2026-02-02 03:00:00,1770001200000,0.13398,0.13453,0.1336,0.13367,12008.0
2026-02-02 03:15:00,1770002100000,0.13367,0.13394,0.13214,0.13251,78348.0
2026-02-02 03:30:00,1770003000000,0.13251,0.133,0.13218,0.13246,68985.0
2026-02-02 03:45:00,1770003900000,0.13246,0.13383,0.13239,0.13365,66945.0
2026-02-02 04:00:00,1770004800000,0.13365,0.13375,0.13254,0.13256,16554.0
2026-02-02 04:15:00,1770005700000,0.13256,0.13394,0.13256,0.13361,40261.0
2026-02-02 04:30:00,1770006600000,0.13361,0.13431,0.13361,0.13431,45161.0
2026-02-02 04:45:00,1770007500000,0.13431,0.13439,0.1335,0.13363,24895.0
2026-02-02 05:00:00,1770008400000,0.13363,0.13372,0.1325,0.13257,29640.0
2026-02-02 05:15:00,1770009300000,0.13257,0.13257,0.13127,0.13138,43412.0
2026-02-02 05:30:00,1770010200000,0.13138,0.1316,0.13085,0.13116,34793.0
2026-02-02 05:45:00,1770011100000,0.13116,0.13158,0.13091,0.13152,29774.0
2026-02-02 06:00:00,1770012000000,0.13152,0.1317,0.13066,0.13112,26081.0
2026-02-02 06:15:00,1770012900000,0.13112,0.13189,0.13085,0.13115,18610.0
2026-02-02 06:30:00,1770013800000,0.13115,0.13181,0.12983,0.13096,120256.0
2026-02-02 06:45:00,1770014700000,0.13096,0.13171,0.13087,0.13162,54503.0
2026-02-02 07:00:00,1770015600000,0.13162,0.13252,0.13135,0.13217,38315.0
2026-02-02 07:15:00,1770016500000,0.13217,0.1324,0.132,0.13205,13034.0
2026-02-02 07:30:00,1770017400000,0.13205,0.13216,0.13181,0.13203,16417.0
2026-02-02 07:45:00,1770018300000,0.13203,0.13256,0.13203,0.1322,11438.0
2026-02-02 08:00:00,1770019200000,0.1322,0.13292,0.13204,0.13261,16732.0
2026-02-02 08:15:00,1770020100000,0.13261,0.13295,0.13237,0.13252,19580.0
2026-02-02 08:30:00,1770021000000,0.13252,0.13259,0.132,0.13228,36423.0
2026-02-02 08:45:00,1770021900000,0.13228,0.13233,0.13183,0.13195,18686.0
2026-02-02 09:00:00,1770022800000,0.13195,0.13211,0.13122,0.13122,12323.0
2026-02-02 09:15:00,1770023700000,0.13122,0.13163,0.13081,0.13163,19847.0
2026-02-02 09:30:00,1770024600000,0.13163,0.13218,0.13146,0.13157,28804.0
2026-02-02 09:45:00,1770025500000,0.13157,0.13214,0.13139,0.13154,23388.0
2026-02-02 10:00:00,1770026400000,0.13154,0.13179,0.13148,0.13153,13633.0
2026-02-02 10:15:00,1770027300000,0.13153,0.1331,0.13151,0.13273,88734.0
2026-02-02 10:30:00,1770028200000,0.13273,0.13329,0.13273,0.13291,20936.0
2026-02-02 10:45:00,1770029100000,0.13291,0.13327,0.13291,0.13315,7700.0
2026-02-02 11:00:00,1770030000000,0.13315,0.13372,0.13282,0.13346,49626.0
2026-02-02 11:15:00,1770030900000,0.13346,0.13394,0.13341,0.13383,10569.0
2026-02-02 11:30:00,1770031800000,0.13383,0.13448,0.1336,0.13383,94256.0
2026-02-02 11:45:00,1770032700000,0.13383,0.13402,0.13356,0.13385,17542.0
2026-02-02 12:00:00,1770033600000,0.13385,0.13406,0.13307,0.13324,114502.0
2026-02-02 12:15:00,1770034500000,0.13324,0.13438,0.13315,0.13394,29186.0
2026-02-02 12:30:00,1770035400000,0.13394,0.13394,0.13288,0.13328,19845.0
2026-02-02 12:45:00,1770036300000,0.13328,0.13333,0.13297,0.13315,17180.0
2026-02-02 13:00:00,1770037200000,0.13315,0.1334,0.13137,0.13209,182775.0
2026-02-02 13:15:00,1770038100000,0.13209,0.13257,0.13205,0.13222,31394.0
2026-02-02 13:30:00,1770039000000,0.13222,0.133,0.13199,0.13297,22835.0
2026-02-02 13:45:00,1770039900000,0.13297,0.13309,0.13264,0.1329,23401.0
2026-02-02 14:00:00,1770040800000,0.1329,0.13291,0.132,0.13276,79841.0
2026-02-02 14:15:00,1770041700000,0.13276,0.13405,0.1325,0.13395,28862.0
2026-02-02 14:30:00,1770042600000,0.13395,0.13454,0.13376,0.1341,53071.0
2026-02-02 14:45:00,1770043500000,0.1341,0.13475,0.13396,0.13396,15777.0
2026-02-02 15:00:00,1770044400000,0.13396,0.13616,0.1339,0.13604,34935.0
2026-02-02 15:15:00,1770045300000,0.13604,0.1375,0.13402,0.13508,318821.0
2026-02-02 15:30:00,1770046200000,0.13508,0.13508,0.13396,0.13396,51948.0
2026-02-02 15:45:00,1770047100000,0.13396,0.13536,0.13392,0.13446,115040.0
2026-02-02 16:00:00,1770048000000,0.13446,0.13458,0.13418,0.13454,31018.0
2026-02-02 16:15:00,1770048900000,0.13454,0.13454,0.1342,0.13454,8924.0
2026-02-02 16:30:00,1770049800000,0.13454,0.13478,0.13436,0.13464,17512.0
2026-02-02 16:45:00,1770050700000,0.13464,0.1348,0.13416,0.13459,16522.0
2026-02-02 17:00:00,1770051600000,0.13459,0.13519,0.13459,0.1349,15775.0
2026-02-02 17:15:00,1770052500000,0.1349,0.13611,0.13475,0.13579,38709.0
2026-02-02 17:30:00,1770053400000,0.13579,0.13596,0.13517,0.13545,13411.0
2026-02-02 17:45:00,1770054300000,0.13545,0.13611,0.13538,0.13585,12376.0
2026-02-02 18:00:00,1770055200000,0.13585,0.1361,0.13545,0.13546,14344.0
2026-02-02 18:15:00,1770056100000,0.13546,0.13559,0.13474,0.1348,21594.0
2026-02-02 18:30:00,1770057000000,0.1348,0.13508,0.13475,0.13494,24109.0
2026-02-02 18:45:00,1770057900000,0.13494,0.13542,0.13489,0.13542,6845.0
2026-02-02 19:00:00,1770058800000,0.13542,0.13617,0.13475,0.13522,90563.0
2026-02-02 19:15:00,1770059700000,0.13522,0.1355,0.13522,0.1353,12423.0
2026-02-02 19:30:00,1770060600000,0.1353,0.1353,0.13499,0.1352,4447.0
2026-02-02 19:45:00,1770061500000,0.1352,0.13536,0.13518,0.13518,11516.0
2026-02-02 20:00:00,1770062400000,0.13518,0.13518,0.13467,0.13476,9682.0
2026-02-02 20:15:00,1770063300000,0.13476,0.13495,0.13438,0.13456,8035.0
2026-02-02 20:30:00,1770064200000,0.13456,0.13467,0.13448,0.13457,2608.0
2026-02-02 20:45:00,1770065100000,0.13457,0.13463,0.13438,0.13439,14634.0
2026-02-02 21:00:00,1770066000000,0.13439,0.13461,0.13438,0.13457,4166.0
2026-02-02 21:15:00,1770066900000,0.13457,0.13473,0.1345,0.13473,2694.0
2026-02-02 21:30:00,1770067800000,0.13473,0.13495,0.13473,0.13473,10567.0
2026-02-02 21:45:00,1770068700000,0.13473,0.13484,0.13466,0.13466,7085.0
2026-02-02 22:00:00,1770069600000,0.13466,0.13481,0.13457,0.13457,1569.0
2026-02-02 22:15:00,1770070500000,0.13457,0.13479,0.1345,0.13468,6667.0
2026-02-02 22:30:00,1770071400000,0.13468,0.1351,0.13461,0.13501,11234.0
2026-02-02 22:45:00,1770072300000,0.13501,0.13564,0.13501,0.13562,17344.0
2026-02-02 23:00:00,1770073200000,0.13562,0.13564,0.13524,0.13535,8262.0
2026-02-02 23:15:00,1770074100000,0.13535,0.13535,0.13481,0.13495,6033.0
2026-02-02 23:30:00,1770075000000,0.13495,0.13546,0.13494,0.1353,8042.0
2026-02-02 23:45:00,1770075900000,0.1353,0.1353,0.13433,0.13477,77924.0
2026-02-03 00:00:00,1770076800000,0.13477,0.13477,0.13418,0.13431,17496.0
2026-02-03 00:15:00,1770077700000,0.13431,0.1349,0.13431,0.13473,24040.0
2026-02-03 00:30:00,1770078600000,0.13473,0.13473,0.13446,0.13457,7066.0
2026-02-03 00:45:00,1770079500000,0.13457,0.13483,0.13452,0.13468,6251.0
2026-02-03 01:00:00,1770080400000,0.13468,0.13491,0.13446,0.13466,11887.0
2026-02-03 01:15:00,1770081300000,0.13466,0.13503,0.13466,0.13481,5036.0
2026-02-03 01:30:00,1770082200000,0.13481,0.13481,0.13435,0.13454,7790.0
2026-02-03 01:45:00,1770083100000,0.13454,0.1346,0.13432,0.13435,5994.0
2026-02-03 02:00:00,1770084000000,0.13435,0.13435,0.13392,0.13402,13520.0
2026-02-03 02:15:00,1770084900000,0.13402,0.13456,0.13402,0.13442,5031.0
2026-02-03 02:30:00,1770085800000,0.13442,0.13442,0.13369,0.13376,21329.0
2026-02-03 02:45:00,1770086700000,0.13376,0.13413,0.13376,0.13409,31849.0
2026-02-03 03:00:00,1770087600000,0.13409,0.13424,0.13371,0.13389,4996.0
2026-02-03 03:15:00,1770088500000,0.13389,0.13401,0.13374,0.13396,6053.0
2026-02-03 03:30:00,1770089400000,0.13396,0.13423,0.13381,0.13416,11940.0
2026-02-03 03:45:00,1770090300000,0.13416,0.13428,0.13396,0.13419,15228.0
2026-02-03 04:00:00,1770091200000,0.13419,0.13449,0.13391,0.13444,10797.0
2026-02-03 04:15:00,1770092100000,0.13444,0.13488,0.1342,0.13445,19143.0
2026-02-03 04:30:00,1770093000000,0.13445,0.13488,0.13424,0.13476,18001.0
2026-02-03 04:45:00,1770093900000,0.13476,0.13517,0.1347,0.13517,39399.0
2026-02-03 05:00:00,1770094800000,0.13517,0.13683,0.13499,0.13625,50914.0
2026-02-03 05:15:00,1770095700000,0.13625,0.13625,0.13565,0.13574,13185.0
2026-02-03 05:30:00,1770096600000,0.13574,0.1361,0.13574,0.13596,14593.0
2026-02-03 05:45:00,1770097500000,0.13596,0.13602,0.13547,0.13558,13368.0
2026-02-03 06:00:00,1770098400000,0.13558,0.13596,0.13547,0.13578,9516.0
2026-02-03 06:15:00,1770099300000,0.13578,0.13627,0.13568,0.13625,19432.0
2026-02-03 06:30:00,1770100200000,0.13625,0.1366,0.13625,0.13654,12352.0
2026-02-03 06:45:00,1770101100000,0.13654,0.1366,0.13602,0.13616,10324.0
2026-02-03 07:00:00,1770102000000,0.13616,0.13677,0.13563,0.13633,21006.0
2026-02-03 07:15:00,1770102900000,0.13633,0.13737,0.13633,0.137,24077.0
2026-02-03 07:30:00,1770103800000,0.137,0.13735,0.13558,0.13628,226355.0
2026-02-03 07:45:00,1770104700000,0.13628,0.1372,0.13628,0.13714,39020.0
2026-02-03 08:00:00,1770105600000,0.13714,0.1378,0.13699,0.13735,15275.0
2026-02-03 08:15:00,1770106500000,0.13735,0.13738,0.13712,0.1372,6811.0
2026-02-03 08:30:00,1770107400000,0.1372,0.13795,0.1372,0.13774,20904.0
2026-02-03 08:45:00,1770108300000,0.13774,0.13774,0.1365,0.13658,9703.0
2026-02-03 09:00:00,1770109200000,0.13658,0.13696,0.13605,0.13626,24651.0
2026-02-03 09:15:00,1770110100000,0.13626,0.13645,0.136,0.13604,58402.0
2026-02-03 09:30:00,1770111000000,0.13604,0.13647,0.136,0.13625,34929.0
2026-02-03 09:45:00,1770111900000,0.13625,0.13657,0.13615,0.13654,41362.0
2026-02-03 10:00:00,1770112800000,0.13654,0.13672,0.13616,0.13628,17304.0
2026-02-03 10:15:00,1770113700000,0.13628,0.13745,0.13616,0.13706,34230.0
2026-02-03 10:30:00,1770114600000,0.13706,0.13707,0.13648,0.13652,12686.0
2026-02-03 10:45:00,1770115500000,0.13652,0.13698,0.13638,0.13661,24111.0
2026-02-03 11:00:00,1770116400000,0.13661,0.13759,0.13661,0.13717,14015.0
2026-02-03 11:15:00,1770117300000,0.13717,0.13752,0.13646,0.1372,28663.0
2026-02-03 11:30:00,1770118200000,0.1372,0.13823,0.13702,0.13772,31136.0
2026-02-03 11:45:00,1770119100000,0.13772,0.14106,0.1377,0.13862,195891.0
2026-02-03 12:00:00,1770120000000,0.13862,0.13921,0.13856,0.13912,27994.0
2026-02-03 12:15:00,1770120900000,0.13912,0.13912,0.13809,0.13835,18360.0
2026-02-03 12:30:00,1770121800000,0.13835,0.13924,0.13819,0.13877,26573.0
2026-02-03 12:45:00,1770122700000,0.13877,0.13943,0.13783,0.13835,83521.0
2026-02-03 13:00:00,1770123600000,0.13835,0.13948,0.13796,0.13937,17485.0
2026-02-03 13:15:00,1770124500000,0.13937,0.13958,0.13895,0.13905,9332.0
2026-02-03 13:30:00,1770125400000,0.13905,0.13918,0.13765,0.13772,48072.0
2026-02-03 13:45:00,1770126300000,0.13772,0.13865,0.13676,0.13751,60387.0
2026-02-03 14:00:00,1770127200000,0.13751,0.13772,0.13729,0.13764,22315.0
2026-02-03 14:15:00,1770128100000,0.13764,0.13793,0.1375,0.13779,14454.0
2026-02-03 14:30:00,1770129000000,0.13779,0.13794,0.13739,0.13742,19065.0
2026-02-03 14:45:00,1770129900000,0.13742,0.13776,0.13656,0.13732,29995.0
2026-02-03 15:00:00,1770130800000,0.13732,0.13793,0.13663,0.13746,24788.0
2026-02-03 15:15:00,1770131700000,0.13746,0.13886,0.13732,0.13816,60573.0
2026-02-03 15:30:00,1770132600000,0.13816,0.13832,0.1373,0.13747,27189.0
2026-02-03 15:45:00,1770133500000,0.13747,0.13855,0.13713,0.13817,36814.0
2026-02-03 16:00:00,1770134400000,0.13817,0.13817,0.13724,0.13758,21933.0
2026-02-03 16:15:00,1770135300000,0.13758,0.13758,0.13698,0.13714,25490.0
2026-02-03 16:30:00,1770136200000,0.13714,0.13768,0.137,0.13715,33280.0
2026-02-03 16:45:00,1770137100000,0.13715,0.13731,0.13685,0.13705,22725.0
2026-02-03 17:00:00,1770138000000,0.13705,0.1377,0.13618,0.13638,31471.0
2026-02-03 17:15:00,1770138900000,0.13638,0.13678,0.13627,0.13636,15077.0
2026-02-03 17:30:00,1770139800000,0.13636,0.13643,0.13521,0.13523,193611.0
2026-02-03 17:45:00,1770140700000,0.13523,0.13555,0.13426,0.1343,45540.0
2026-02-03 18:00:00,1770141600000,0.1343,0.13511,0.13377,0.13377,19449.0
2026-02-03 18:15:00,1770142500000,0.13377,0.13383,0.13245,0.13268,70787.0
2026-02-03 18:30:00,1770143400000,0.13268,0.13308,0.1316,0.1321,78385.0
2026-02-03 18:45:00,1770144300000,0.1321,0.13228,0.13116,0.13152,74091.0
2026-02-03 19:00:00,1770145200000,0.13152,0.13393,0.13127,0.13336,89389.0
2026-02-03 19:15:00,1770146100000,0.13336,0.13437,0.133,0.13361,100933.0
2026-02-03 19:30:00,1770147000000,0.13361,0.13456,0.1335,0.13393,55795.0
2026-02-03 19:45:00,1770147900000,0.13393,0.13411,0.1333,0.1339,42505.0
2026-02-03 20:00:00,1770148800000,0.1339,0.13396,0.13308,0.13326,47905.0
2026-02-03 20:15:00,1770149700000,0.13326,0.13395,0.13322,0.13386,20689.0
2026-02-03 20:30:00,1770150600000,0.13386,0.13496,0.13371,0.13457,94134.0
2026-02-03 20:45:00,1770151500000,0.13457,0.13578,0.13453,0.13537,157327.0
2026-02-03 21:00:00,1770152400000,0.13537,0.13656,0.13495,0.13588,50734.0
2026-02-03 21:15:00,1770153300000,0.13588,0.13592,0.13512,0.1355,34675.0
2026-02-03 21:30:00,1770154200000,0.1355,0.1355,0.13496,0.13501,51630.0
2026-02-03 21:45:00,1770155100000,0.13501,0.13501,0.13395,0.13395,28649.0
2026-02-03 22:00:00,1770156000000,0.13395,0.13412,0.1331,0.13313,28616.0
2026-02-03 22:15:00,1770156900000,0.13313,0.13317,0.13223,0.1327,39095.0
2026-02-03 22:30:00,1770157800000,0.1327,0.13338,0.13263,0.13263,30451.0
2026-02-03 22:45:00,1770158700000,0.13263,0.13275,0.13184,0.13243,30133.0
2026-02-03 23:00:00,1770159600000,0.13243,0.13284,0.13194,0.13279,34019.0
2026-02-03 23:15:00,1770160500000,0.13279,0.13362,0.13242,0.13329,127830.0
2026-02-03 23:30:00,1770161400000,0.13329,0.1334,0.13281,0.13291,34028.0
2026-02-03 23:45:00,1770162300000,0.13291,0.13296,0.13232,0.13293,41384.0
2026-02-04 00:00:00,1770163200000,0.13293,0.13302,0.13244,0.13256,20482.0
2026-02-04 00:15:00,1770164100000,0.13256,0.13288,0.13239,0.13281,6614.0
2026-02-04 00:30:00,1770165000000,0.13281,0.13289,0.13254,0.13261,6225.0
2026-02-04 00:45:00,1770165900000,0.13261,0.13287,0.13255,0.13268,6602.0
2026-02-04 01:00:00,1770166800000,0.13268,0.13363,0.13265,0.13363,9311.0
2026-02-04 01:15:00,1770167700000,0.13363,0.13383,0.13354,0.13369,16438.0
2026-02-04 01:30:00,1770168600000,0.13369,0.13402,0.13359,0.13394,31417.0
2026-02-04 01:45:00,1770169500000,0.13394,0.13405,0.13311,0.13319,23224.0
2026-02-04 02:00:00,1770170400000,0.13319,0.13327,0.13282,0.13287,16186.0
2026-02-04 02:15:00,1770171300000,0.13287,0.13309,0.13281,0.13294,13910.0
2026-02-04 02:30:00,1770172200000,0.13294,0.13295,0.13232,0.13259,29219.0
2026-02-04 02:45:00,1770173100000,0.13259,0.1329,0.13176,0.13239,135449.0
2026-02-04 03:00:00,1770174000000,0.13239,0.13287,0.13217,0.13282,28308.0
2026-02-04 03:15:00,1770174900000,0.13282,0.13301,0.13254,0.13257,11878.0
2026-02-04 03:30:00,1770175800000,0.13257,0.13404,0.13235,0.13404,81152.0
2026-02-04 03:45:00,1770176700000,0.13404,0.13439,0.13392,0.13428,34980.0
2026-02-04 04:00:00,1770177600000,0.13428,0.13636,0.13413,0.13549,117014.0
2026-02-04 04:15:00,1770178500000,0.13549,0.13592,0.13518,0.13522,93595.0
2026-02-04 04:30:00,1770179400000,0.13522,0.13546,0.135,0.13504,12655.0
2026-02-04 04:45:00,1770180300000,0.13504,0.13521,0.13464,0.13521,31687.0
2026-02-04 05:00:00,1770181200000,0.13521,0.13575,0.13521,0.1357,4706.0
2026-02-04 05:15:00,1770182100000,0.1357,0.13573,0.13546,0.13567,5770.0
2026-02-04 05:30:00,1770183000000,0.13567,0.14057,0.13565,0.13737,295496.0
2026-02-04 05:45:00,1770183900000,0.13737,0.1374,0.13506,0.13609,199795.0
2026-02-04 06:00:00,1770184800000,0.13609,0.13755,0.13576,0.13737,37399.0
2026-02-04 06:15:00,1770185700000,0.13737,0.13737,0.13645,0.13687,31899.0
2026-02-04 06:30:00,1770186600000,0.13687,0.13759,0.13667,0.13759,32489.0
2026-02-04 06:45:00,1770187500000,0.13759,0.13762,0.13693,0.13739,24269.0
2026-02-04 07:00:00,1770188400000,0.13739,0.13776,0.137,0.13774,20363.0
2026-02-04 07:15:00,1770189300000,0.13774,0.13809,0.13761,0.13762,11640.0
2026-02-04 07:30:00,1770190200000,0.13762,0.13812,0.13737,0.13791,19105.0
2026-02-04 07:45:00,1770191100000,0.13791,0.13811,0.13783,0.13791,15785.0
2026-02-04 08:00:00,1770192000000,0.13791,0.13812,0.1372,0.13742,16178.0
2026-02-04 08:15:00,1770192900000,0.13742,0.13786,0.13589,0.13677,211317.0
2026-02-04 08:30:00,1770193800000,0.13677,0.13716,0.13638,0.1366,43373.0
2026-02-04 08:45:00,1770194700000,0.1366,0.13699,0.13622,0.13622,15037.0
2026-02-04 09:00:00,1770195600000,0.13622,0.13622,0.13564,0.13584,28091.0
2026-02-04 09:15:00,1770196500000,0.13584,0.13617,0.13569,0.13595,15989.0
2026-02-04 09:30:00,1770197400000,0.13595,0.1363,0.13574,0.1362,38023.0
2026-02-04 09:45:00,1770198300000,0.1362,0.13652,0.13591,0.13636,34340.0
2026-02-04 10:00:00,1770199200000,0.13636,0.13648,0.13593,0.1362,23229.0
2026-02-04 10:15:00,1770200100000,0.1362,0.13664,0.13606,0.13649,28152.0
2026-02-04 10:30:00,1770201000000,0.13649,0.13649,0.1362,0.13622,11712.0
2026-02-04 10:45:00,1770201900000,0.13622,0.13652,0.13596,0.13652,14029.0
2026-02-04 11:00:00,1770202800000,0.13652,0.13652,0.13523,0.13566,37562.0
2026-02-04 11:15:00,1770203700000,0.13566,0.13589,0.1354,0.13576,20870.0
2026-02-04 11:30:00,1770204600000,0.13576,0.13615,0.13568,0.13585,12695.0
2026-02-04 11:45:00,1770205500000,0.13585,0.13612,0.13564,0.13564,18585.0
2026-02-04 12:00:00,1770206400000,0.13564,0.13578,0.13505,0.13521,20568.0
2026-02-04 12:15:00,1770207300000,0.13521,0.13596,0.13509,0.13577,34554.0
2026-02-04 12:30:00,1770208200000,0.13577,0.1373,0.13572,0.13674,58706.0
2026-02-04 12:45:00,1770209100000,0.13674,0.13711,0.13617,0.13706,33456.0
2026-02-04 13:00:00,1770210000000,0.13706,0.13861,0.13683,0.13708,85011.0
2026-02-04 13:15:00,1770210900000,0.13708,0.13717,0.13508,0.13584,112007.0
2026-02-04 13:30:00,1770211800000,0.13584,0.13604,0.13553,0.13578,27689.0
2026-02-04 13:45:00,1770212700000,0.13578,0.13608,0.13535,0.13569,52509.0
2026-02-04 14:00:00,1770213600000,0.13569,0.13589,0.13542,0.13589,15723.0
2026-02-04 14:15:00,1770214500000,0.13589,0.13615,0.13568,0.13584,11626.0
2026-02-04 14:30:00,1770215400000,0.13584,0.13634,0.13548,0.13571,41742.0
2026-02-04 14:45:00,1770216300000,0.13571,0.13598,0.13357,0.13389,68030.0
2026-02-04 15:00:00,1770217200000,0.13389,0.13399,0.13127,0.13292,247004.0
2026-02-04 15:15:00,1770218100000,0.13292,0.13345,0.13252,0.1328,38595.0
2026-02-04 15:30:00,1770219000000,0.1328,0.133,0.13173,0.1321,61461.0
2026-02-04 15:45:00,1770219900000,0.1321,0.1324,0.13174,0.1319,80617.0
2026-02-04 16:00:00,1770220800000,0.1319,0.13272,0.13186,0.1325,39137.0
2026-02-04 16:15:00,1770221700000,0.1325,0.13341,0.13213,0.13332,63083.0
2026-02-04 16:30:00,1770222600000,0.13332,0.13345,0.13249,0.13253,34445.0
2026-02-04 16:45:00,1770223500000,0.13253,0.13372,0.13253,0.13316,38881.0
2026-02-04 17:00:00,1770224400000,0.13316,0.1332,0.1323,0.133,44063.0
2026-02-04 17:15:00,1770225300000,0.133,0.13307,0.13158,0.13186,37181.0
2026-02-04 17:30:00,1770226200000,0.13186,0.13238,0.13152,0.13213,25577.0
2026-02-04 17:45:00,1770227100000,0.13213,0.13261,0.13191,0.13237,22399.0
2026-02-04 18:00:00,1770228000000,0.13237,0.13292,0.13209,0.13283,24526.0
2026-02-04 18:15:00,1770228900000,0.13283,0.13334,0.13232,0.13303,60458.0
2026-02-04 18:30:00,1770229800000,0.13303,0.13459,0.13283,0.13407,86011.0
2026-02-04 18:45:00,1770230700000,0.13407,0.13426,0.1336,0.13423,32024.0
2026-02-04 19:00:00,1770231600000,0.13423,0.13468,0.13375,0.13378,18158.0
2026-02-04 19:15:00,1770232500000,0.13378,0.13379,0.13285,0.13298,23864.0
2026-02-04 19:30:00,1770233400000,0.13298,0.1332,0.13288,0.13319,9440.0
2026-02-04 19:45:00,1770234300000,0.13319,0.13404,0.13319,0.13379,38569.0
2026-02-04 20:00:00,1770235200000,0.13379,0.13433,0.13379,0.1338,6827.0
2026-02-04 20:15:00,1770236100000,0.1338,0.1342,0.1338,0.13389,13856.0
2026-02-04 20:30:00,1770237000000,0.13389,0.13405,0.13381,0.13393,12906.0
2026-02-04 20:45:00,1770237900000,0.13393,0.13408,0.13382,0.13406,16574.0
2026-02-04 21:00:00,1770238800000,0.13406,0.13413,0.1335,0.13357,23423.0
2026-02-04 21:15:00,1770239700000,0.13357,0.13378,0.13312,0.13375,93029.0
2026-02-04 21:30:00,1770240600000,0.13375,0.134,0.13338,0.13354,23693.0
2026-02-04 21:45:00,1770241500000,0.13354,0.13362,0.13305,0.13357,46231.0
2026-02-04 22:00:00,1770242400000,0.13357,0.13372,0.13247,0.13258,27989.0
2026-02-04 22:15:00,1770243300000,0.13258,0.13564,0.13245,0.13542,113590.0
2026-02-04 22:30:00,1770244200000,0.13542,0.13543,0.13282,0.13376,129744.0
2026-02-04 22:45:00,1770245100000,0.13376,0.13378,0.13297,0.13368,44816.0
2026-02-04 23:00:00,1770246000000,0.13368,0.13424,0.13325,0.13383,23652.0
2026-02-04 23:15:00,1770246900000,0.13383,0.13468,0.13339,0.13423,46929.0
2026-02-04 23:30:00,1770247800000,0.13423,0.13461,0.13371,0.13411,32557.0
2026-02-04 23:45:00,1770248700000,0.13411,0.13462,0.13382,0.13451,33929.0
2026-02-05 00:00:00,1770249600000,0.13451,0.13535,0.13401,0.13422,23837.0
2026-02-05 00:15:00,1770250500000,0.13422,0.13487,0.1342,0.13466,18356.0
2026-02-05 00:30:00,1770251400000,0.13466,0.1349,0.1343,0.13445,23173.0
2026-02-05 00:45:00,1770252300000,0.13445,0.13604,0.13397,0.13551,135388.0
2026-02-05 01:00:00,1770253200000,0.13551,0.13582,0.1342,0.13558,74944.0
2026-02-05 01:15:00,1770254100000,0.13558,0.13558,0.13466,0.13535,31865.0
2026-02-05 01:30:00,1770255000000,0.13535,0.13547,0.13458,0.13507,30763.0
2026-02-05 01:45:00,1770255900000,0.13507,0.13522,0.13464,0.1348,6618.0
2026-02-05 02:00:00,1770256800000,0.1348,0.1348,0.13413,0.13432,10678.0
2026-02-05 02:15:00,1770257700000,0.13432,0.13432,0.13321,0.13418,104155.0
2026-02-05 02:30:00,1770258600000,0.13418,0.13418,0.13286,0.13312,71458.0
2026-02-05 02:45:00,1770259500000,0.13312,0.13312,0.13228,0.1324,42260.0
2026-02-05 03:00:00,1770260400000,0.1324,0.13272,0.13172,0.13246,64019.0
2026-02-05 03:15:00,1770261300000,0.13246,0.13246,0.13176,0.13213,26704.0
2026-02-05 03:30:00,1770262200000,0.13213,0.13242,0.13127,0.13188,125583.0
2026-02-05 03:45:00,1770263100000,0.13188,0.13188,0.13104,0.13129,38667.0
2026-02-05 04:00:00,1770264000000,0.13129,0.1314,0.13057,0.13074,65956.0
2026-02-05 04:15:00,1770264900000,0.13074,0.13089,0.13042,0.13088,40850.0
2026-02-05 04:30:00,1770265800000,0.13088,0.13227,0.13067,0.13199,186945.0
2026-02-05 04:45:00,1770266700000,0.13199,0.13218,0.13129,0.13144,3514.0
2026-02-05 05:00:00,1770267600000,0.13144,0.13144,0.13109,0.1313,9997.0
2026-02-05 05:15:00,1770268500000,0.1313,0.1313,0.13028,0.13032,22987.0
2026-02-05 05:30:00,1770269400000,0.13032,0.13045,0.12772,0.12907,249767.0
2026-02-05 05:45:00,1770270300000,0.12907,0.1291,0.12861,0.12886,20775.0
2026-02-05 06:00:00,1770271200000,0.12886,0.13002,0.12836,0.13002,299012.0
2026-02-05 06:15:00,1770272100000,0.13002,0.1313,0.12995,0.13124,24867.0
2026-02-05 06:30:00,1770273000000,0.13124,0.13212,0.13124,0.13194,19358.0
2026-02-05 06:45:00,1770273900000,0.13194,0.13258,0.1318,0.13222,49073.0
2026-02-05 07:00:00,1770274800000,0.13222,0.13366,0.13222,0.13322,20258.0
2026-02-05 07:15:00,1770275700000,0.13322,0.13399,0.13298,0.13344,21258.0
2026-02-05 07:30:00,1770276600000,0.13344,0.13447,0.13339,0.13447,6113.0
2026-02-05 07:45:00,1770277500000,0.13447,0.13636,0.13447,0.13623,38389.0
2026-02-05 08:00:00,1770278400000,0.13623,0.13636,0.13531,0.13561,152083.0
2026-02-05 08:15:00,1770279300000,0.13561,0.13622,0.13521,0.1356,187291.0
2026-02-05 08:30:00,1770280200000,0.1356,0.13595,0.13509,0.13561,120675.0
2026-02-05 08:45:00,1770281100000,0.13561,0.1361,0.13543,0.13556,48977.0
2026-02-05 09:00:00,1770282000000,0.13556,0.13586,0.13316,0.13343,387318.0
2026-02-05 09:15:00,1770282900000,0.13343,0.13388,0.13298,0.13317,33563.0
2026-02-05 09:30:00,1770283800000,0.13317,0.13342,0.13288,0.13326,19950.0
2026-02-05 09:45:00,1770284700000,0.13326,0.13418,0.13315,0.13368,22899.0
2026-02-05 10:00:00,1770285600000,0.13368,0.13368,0.13319,0.13357,7800.0
2026-02-05 10:15:00,1770286500000,0.13357,0.1336,0.13337,0.13338,7674.0
2026-02-05 10:30:00,1770287400000,0.13338,0.13359,0.1327,0.13274,13181.0
2026-02-05 10:45:00,1770288300000,0.13274,0.13287,0.13169,0.13218,75701.0
2026-02-05 11:00:00,1770289200000,0.13218,0.13218,0.13151,0.13166,44329.0
2026-02-05 11:15:00,1770290100000,0.13166,0.13187,0.13087,0.1316,70577.0
2026-02-05 11:30:00,1770291000000,0.1316,0.1322,0.1315,0.13183,25185.0
2026-02-05 11:45:00,1770291900000,0.13183,0.13215,0.13144,0.13187,14479.0
2026-02-05 12:00:00,1770292800000,0.13187,0.13187,0.13111,0.13123,19228.0
2026-02-05 12:15:00,1770293700000,0.13123,0.13123,0.13008,0.13031,46223.0
2026-02-05 12:30:00,1770294600000,0.13031,0.13066,0.13007,0.1301,3870.0
2026-02-05 12:45:00,1770295500000,0.1301,0.13116,0.1301,0.13071,10966.0
2026-02-05 13:00:00,1770296400000,0.13071,0.13188,0.13071,0.13151,13300.0
2026-02-05 13:15:00,1770297300000,0.13151,0.13165,0.13098,0.13098,9149.0
2026-02-05 13:30:00,1770298200000,0.13098,0.13128,0.13068,0.13068,5371.0
2026-02-05 13:45:00,1770299100000,0.13068,0.13125,0.13068,0.13114,2487.0
2026-02-05 14:00:00,1770300000000,0.13114,0.132,0.13114,0.1313,11628.0
2026-02-05 14:15:00,1770300900000,0.1313,0.13219,0.13127,0.13208,15154.0
2026-02-05 14:30:00,1770301800000,0.13208,0.13212,0.13152,0.13176,11281.0
2026-02-05 14:45:00,1770302700000,0.13176,0.13176,0.12848,0.12917,87670.0
2026-02-05 15:00:00,1770303600000,0.12917,0.12917,0.12673,0.12719,203679.0
2026-02-05 15:15:00,1770304500000,0.12719,0.12773,0.12267,0.12453,593823.0
2026-02-05 15:30:00,1770305400000,0.12453,0.12678,0.12287,0.12676,263711.0
2026-02-05 15:45:00,1770306300000,0.12676,0.1282,0.12606,0.12697,98760.0
2026-02-05 16:00:00,1770307200000,0.12697,0.12751,0.12612,0.12612,50335.0
2026-02-05 16:15:00,1770308100000,0.12612,0.12803,0.12612,0.1276,87500.0
2026-02-05 16:30:00,1770309000000,0.1276,0.1279,0.12708,0.12724,13305.0
2026-02-05 16:45:00,1770309900000,0.12724,0.12841,0.12684,0.12755,18254.0
2026-02-05 17:00:00,1770310800000,0.12755,0.12771,0.12689,0.12708,17285.0
2026-02-05 17:15:00,1770311700000,0.12708,0.12775,0.12591,0.12712,51667.0
2026-02-05 17:30:00,1770312600000,0.12712,0.12717,0.12605,0.12653,59729.0
2026-02-05 17:45:00,1770313500000,0.12653,0.12686,0.12567,0.12599,14962.0
2026-02-05 18:00:00,1770314400000,0.12599,0.1265,0.12514,0.12535,15062.0
2026-02-05 18:15:00,1770315300000,0.12535,0.12562,0.1248,0.12553,28650.0
2026-02-05 18:30:00,1770316200000,0.12553,0.12556,0.12475,0.12533,10084.0
2026-02-05 18:45:00,1770317100000,0.12533,0.12608,0.12478,0.12592,59830.0
2026-02-05 19:00:00,1770318000000,0.12592,0.12603,0.12548,0.12586,12661.0
2026-02-05 19:15:00,1770318900000,0.12586,0.12593,0.12516,0.12534,1509.0
2026-02-05 19:30:00,1770319800000,0.12534,0.12567,0.12504,0.12561,11389.0
2026-02-05 19:45:00,1770320700000,0.12561,0.12561,0.12486,0.12489,7437.0
2026-02-05 20:00:00,1770321600000,0.12489,0.12518,0.12448,0.12448,39179.0
2026-02-05 20:15:00,1770322500000,0.12448,0.12451,0.12197,0.12247,174944.0
2026-02-05 20:30:00,1770323400000,0.12247,0.12288,0.12129,0.12258,114413.0
2026-02-05 20:45:00,1770324300000,0.12258,0.12276,0.1212,0.12222,76737.0
2026-02-05 21:00:00,1770325200000,0.12222,0.12329,0.122,0.12245,95791.0
2026-02-05 21:15:00,1770326100000,0.12245,0.1233,0.1217,0.12284,48537.0
2026-02-05 21:30:00,1770327000000,0.12284,0.12363,0.12205,0.12243,45541.0
2026-02-05 21:45:00,1770327900000,0.12243,0.12279,0.1216,0.12191,24669.0
2026-02-05 22:00:00,1770328800000,0.12191,0.12235,0.12152,0.12206,23439.0
2026-02-05 22:15:00,1770329700000,0.12206,0.12275,0.12062,0.12239,133410.0
2026-02-05 22:30:00,1770330600000,0.12239,0.12278,0.12228,0.12249,44086.0
2026-02-05 22:45:00,1770331500000,0.12249,0.12336,0.12249,0.12312,15893.0
2026-02-05 23:00:00,1770332400000,0.12312,0.12446,0.12281,0.12383,76067.0
2026-02-05 23:15:00,1770333300000,0.12383,0.12383,0.12311,0.12331,7586.0
2026-02-05 23:30:00,1770334200000,0.12331,0.12371,0.12259,0.12322,14983.0
2026-02-05 23:45:00,1770335100000,0.12322,0.12356,0.12255,0.12276,38695.0
2026-02-06 00:00:00,1770336000000,0.12276,0.12289,0.11874,0.11925,258296.0
2026-02-06 00:15:00,1770336900000,0.11925,0.11945,0.11597,0.11908,581115.0
2026-02-06 00:30:00,1770337800000,0.11908,0.12243,0.11908,0.12203,100034.0
2026-02-06 00:45:00,1770338700000,0.12203,0.12283,0.12154,0.12206,44661.0
2026-02-06 01:00:00,1770339600000,0.12206,0.12246,0.12165,0.12194,10975.0
2026-02-06 01:15:00,1770340500000,0.12194,0.12207,0.12117,0.12144,29447.0
2026-02-06 01:30:00,1770341400000,0.12144,0.1224,0.12143,0.12188,12918.0
2026-02-06 01:45:00,1770342300000,0.12188,0.12261,0.12183,0.12186,19476.0
2026-02-06 02:00:00,1770343200000,0.12186,0.12229,0.12081,0.12081,10425.0
2026-02-06 02:15:00,1770344100000,0.12081,0.12162,0.12081,0.1215,30862.0
2026-02-06 02:30:00,1770345000000,0.1215,0.1222,0.12128,0.12183,37439.0
2026-02-06 02:45:00,1770345900000,0.12183,0.12207,0.12136,0.12162,18908.0
2026-02-06 03:00:00,1770346800000,0.12162,0.12217,0.12158,0.12176,11558.0
2026-02-06 03:15:00,1770347700000,0.12176,0.12176,0.1213,0.1216,6160.0
2026-02-06 03:30:00,1770348600000,0.1216,0.12169,0.12137,0.1216,4027.0
2026-02-06 03:45:00,1770349500000,0.1216,0.1217,0.12134,0.12156,7994.0
2026-02-06 04:00:00,1770350400000,0.12156,0.1217,0.12105,0.12146,6574.0
2026-02-06 04:15:00,1770351300000,0.12146,0.12188,0.12119,0.12188,5678.0
2026-02-06 04:30:00,1770352200000,0.12188,0.12188,0.12147,0.12152,10357.0
2026-02-06 04:45:00,1770353100000,0.12152,0.12162,0.12151,0.12151,1792.0
2026-02-06 05:00:00,1770354000000,0.12151,0.12211,0.12151,0.12175,6982.0
2026-02-06 05:15:00,1770354900000,0.12175,0.12207,0.12175,0.12207,1051.0
2026-02-06 05:30:00,1770355800000,0.12207,0.12385,0.12205,0.1235,56392.0
2026-02-06 05:45:00,1770356700000,0.1235,0.12592,0.12349,0.12448,57519.0
2026-02-06 06:00:00,1770357600000,0.12448,0.12481,0.12446,0.12473,3425.0
2026-02-06 06:15:00,1770358500000,0.12473,0.12492,0.12422,0.12422,9454.0
2026-02-06 06:30:00,1770359400000,0.12422,0.12436,0.12371,0.1239,10485.0
2026-02-06 06:45:00,1770360300000,0.1239,0.12429,0.12383,0.1241,7629.0
2026-02-06 07:00:00,1770361200000,0.1241,0.1241,0.12325,0.12389,14254.0
2026-02-06 07:15:00,1770362100000,0.12389,0.12389,0.12326,0.12358,11208.0
2026-02-06 07:30:00,1770363000000,0.12358,0.12409,0.12358,0.12403,9094.0
2026-02-06 07:45:00,1770363900000,0.12403,0.12409,0.12354,0.12396,22368.0
2026-02-06 08:00:00,1770364800000,0.12396,0.12648,0.12396,0.12598,39614.0
2026-02-06 08:15:00,1770365700000,0.12598,0.12629,0.1242,0.1242,42325.0
2026-02-06 08:30:00,1770366600000,0.1242,0.1242,0.1229,0.12299,8674.0
2026-02-06 08:45:00,1770367500000,0.12299,0.123,0.12227,0.12265,31316.0
2026-02-06 09:00:00,1770368400000,0.12265,0.12328,0.12265,0.12317,7223.0
2026-02-06 09:15:00,1770369300000,0.12317,0.12399,0.12317,0.12389,11882.0
2026-02-06 09:30:00,1770370200000,0.12389,0.12478,0.12389,0.12475,12644.0
2026-02-06 09:45:00,1770371100000,0.12475,0.12475,0.12417,0.12444,9653.0
2026-02-06 10:00:00,1770372000000,0.12444,0.12464,0.12397,0.12415,5351.0
2026-02-06 10:15:00,1770372900000,0.12415,0.12454,0.12415,0.12433,5947.0
2026-02-06 10:30:00,1770373800000,0.12433,0.12439,0.12407,0.12407,7433.0
2026-02-06 10:45:00,1770374700000,0.12407,0.12407,0.12282,0.12284,10773.0
2026-02-06 11:00:00,1770375600000,0.12284,0.12284,0.12225,0.12242,2868.0
2026-02-06 11:15:00,1770376500000,0.12242,0.1225,0.1216,0.12166,11083.0
2026-02-06 11:30:00,1770377400000,0.12166,0.12186,0.121,0.12134,14017.0
2026-02-06 11:45:00,1770378300000,0.12134,0.12333,0.12134,0.12254,49672.0
2026-02-06 12:00:00,1770379200000,0.12254,0.12385,0.12233,0.12353,34759.0
2026-02-06 12:15:00,1770380100000,0.12353,0.12426,0.12197,0.12246,41248.0
2026-02-06 12:30:00,1770381000000,0.12246,0.12265,0.12163,0.12255,18287.0
2026-02-06 12:45:00,1770381900000,0.12255,0.12372,0.12175,0.12342,49203.0
2026-02-06 13:00:00,1770382800000,0.12342,0.12499,0.12324,0.12421,66122.0
2026-02-06 13:15:00,1770383700000,0.12421,0.12611,0.12418,0.1258,37950.0
2026-02-06 13:30:00,1770384600000,0.1258,0.12684,0.12554,0.12668,111074.0
2026-02-06 13:45:00,1770385500000,0.12668,0.12691,0.1263,0.12639,3574.0
2026-02-06 14:00:00,1770386400000,0.12639,0.12673,0.12639,0.12663,2805.0
2026-02-06 14:15:00,1770387300000,0.12663,0.12682,0.1265,0.12666,3475.0
2026-02-06 14:30:00,1770388200000,0.12666,0.12909,0.12646,0.12853,60604.0
2026-02-06 14:45:00,1770389100000,0.12853,0.12908,0.12832,0.12893,20784.0
2026-02-06 15:00:00,1770390000000,0.12893,0.12899,0.12767,0.12862,36071.0
2026-02-06 15:15:00,1770390900000,0.12862,0.12898,0.12844,0.12844,9853.0
2026-02-06 15:30:00,1770391800000,0.12844,0.1293,0.1284,0.12926,9063.0
2026-02-06 15:45:00,1770392700000,0.12926,0.12991,0.12876,0.12909,17727.0
2026-02-06 16:00:00,1770393600000,0.12909,0.12976,0.12881,0.12946,27049.0
2026-02-06 16:15:00,1770394500000,0.12946,0.13,0.12914,0.12994,14601.0
2026-02-06 16:30:00,1770395400000,0.12994,0.13085,0.12963,0.13067,14809.0
2026-02-06 16:45:00,1770396300000,0.13067,0.1315,0.1306,0.13127,11975.0
2026-02-06 17:00:00,1770397200000,0.13127,0.13134,0.13066,0.1313,13252.0
2026-02-06 17:15:00,1770398100000,0.1313,0.13175,0.13117,0.13175,16377.0
2026-02-06 17:30:00,1770399000000,0.13175,0.133,0.13117,0.13146,29426.0
2026-02-06 17:45:00,1770399900000,0.13146,0.13179,0.13044,0.13044,26936.0
2026-02-06 18:00:00,1770400800000,0.13044,0.1306,0.12924,0.12983,26905.0
2026-02-06 18:15:00,1770401700000,0.12983,0.13025,0.12983,0.13025,8697.0
2026-02-06 18:30:00,1770402600000,0.13025,0.13098,0.13,0.13051,16168.0
2026-02-06 18:45:00,1770403500000,0.13051,0.13057,0.1304,0.13044,2665.0
2026-02-06 19:00:00,1770404400000,0.13044,0.13095,0.13031,0.13039,4512.0
2026-02-06 19:15:00,1770405300000,0.13039,0.13044,0.13006,0.13024,4023.0
2026-02-06 19:30:00,1770406200000,0.13024,0.1303,0.13018,0.1303,1713.0
2026-02-06 19:45:00,1770407100000,0.1303,0.13073,0.12844,0.1288,131339.0
2026-02-06 20:00:00,1770408000000,0.1288,0.12916,0.12845,0.12902,14717.0
2026-02-06 20:15:00,1770408900000,0.12902,0.12902,0.1284,0.1284,4303.0
2026-02-06 20:30:00,1770409800000,0.1284,0.12893,0.12828,0.12862,41545.0
2026-02-06 20:45:00,1770410700000,0.12862,0.12884,0.12835,0.12845,13457.0
2026-02-06 21:00:00,1770411600000,0.12845,0.12871,0.12824,0.12841,5366.0
2026-02-06 21:15:00,1770412500000,0.12841,0.1293,0.12825,0.1293,17904.0
2026-02-06 21:30:00,1770413400000,0.1293,0.12945,0.12915,0.12925,2756.0
2026-02-06 21:45:00,1770414300000,0.12925,0.12936,0.12909,0.12924,5202.0
2026-02-06 22:00:00,1770415200000,0.12924,0.12984,0.12921,0.12954,23980.0
2026-02-06 22:15:00,1770416100000,0.12954,0.13038,0.12949,0.13038,6754.0
2026-02-06 22:30:00,1770417000000,0.13038,0.1304,0.12989,0.13037,5721.0
2026-02-06 22:45:00,1770417900000,0.13037,0.13083,0.12948,0.12948,4086.0
2026-02-06 23:00:00,1770418800000,0.12948,0.13033,0.12914,0.12927,7027.0
2026-02-06 23:15:00,1770419700000,0.12927,0.12927,0.12847,0.12912,3875.0
2026-02-06 23:30:00,1770420600000,0.12912,0.1297,0.12905,0.12958,6559.0
2026-02-06 23:45:00,1770421500000,0.12958,0.12958,0.12895,0.12895,2033.0
2026-02-07 00:00:00,1770422400000,0.12895,0.13039,0.12868,0.12979,8209.0
2026-02-07 00:15:00,1770423300000,0.12979,0.13059,0.1293,0.12972,3394.0
2026-02-07 00:30:00,1770424200000,0.12972,0.12972,0.12906,0.12921,7530.0
2026-02-07 00:45:00,1770425100000,0.12921,0.13013,0.12916,0.12954,42235.0
2026-02-07 01:00:00,1770426000000,0.12954,0.12979,0.12912,0.12912,2053.0
2026-02-07 01:15:00,1770426900000,0.12912,0.12972,0.12912,0.12972,21093.0
2026-02-07 01:30:00,1770427800000,0.12972,0.12984,0.12913,0.12913,14783.0
2026-02-07 01:45:00,1770428700000,0.12913,0.12943,0.1291,0.1291,7023.0
2026-02-07 02:00:00,1770429600000,0.1291,0.12985,0.1291,0.12985,3517.0
2026-02-07 02:15:00,1770430500000,0.12985,0.13119,0.12985,0.13087,26711.0
2026-02-07 02:30:00,1770431400000,0.13087,0.13088,0.13019,0.13021,5890.0
2026-02-07 02:45:00,1770432300000,0.13021,0.13021,0.12938,0.12987,18378.0
2026-02-07 03:00:00,1770433200000,0.12987,0.13012,0.12971,0.13006,5561.0
2026-02-07 03:15:00,1770434100000,0.13006,0.13006,0.12952,0.12952,8003.0
2026-02-07 03:30:00,1770435000000,0.12952,0.12997,0.12935,0.12995,9893.0
2026-02-07 03:45:00,1770435900000,0.12995,0.13005,0.12985,0.13005,6621.0
2026-02-07 04:00:00,1770436800000,0.13005,0.13005,0.12896,0.12956,17154.0
2026-02-07 04:15:00,1770437700000,0.12956,0.12974,0.12927,0.12927,8150.0
2026-02-07 04:30:00,1770438600000,0.12927,0.12954,0.12884,0.12884,12965.0
2026-02-07 04:45:00,1770439500000,0.12884,0.12928,0.12884,0.12928,4395.0
2026-02-07 05:00:00,1770440400000,0.12928,0.12928,0.12896,0.12917,3114.0
2026-02-07 05:15:00,1770441300000,0.12917,0.12934,0.1288,0.1288,4594.0
2026-02-07 05:30:00,1770442200000,0.1288,0.12898,0.12824,0.12879,4556.0
2026-02-07 05:45:00,1770443100000,0.12879,0.12879,0.12827,0.1285,6623.0
2026-02-07 06:00:00,1770444000000,0.1285,0.1293,0.1285,0.12896,19040.0
2026-02-07 06:15:00,1770444900000,0.12896,0.129,0.12876,0.12898,11840.0
2026-02-07 06:30:00,1770445800000,0.12898,0.12898,0.1287,0.1287,7409.0
2026-02-07 06:45:00,1770446700000,0.1287,0.1289,0.12787,0.12808,11063.0
2026-02-07 07:00:00,1770447600000,0.12808,0.12853,0.12651,0.12653,43089.0
2026-02-07 07:15:00,1770448500000,0.12653,0.12699,0.12536,0.12654,104252.0
2026-02-07 07:30:00,1770449400000,0.12654,0.12747,0.12627,0.12747,17005.0
2026-02-07 07:45:00,1770450300000,0.12747,0.12747,0.12686,0.12718,14257.0
2026-02-07 08:00:00,1770451200000,0.12718,0.1272,0.12589,0.12644,8171.0
2026-02-07 08:15:00,1770452100000,0.12644,0.12644,0.12565,0.12631,13650.0
2026-02-07 08:30:00,1770453000000,0.12631,0.12632,0.12578,0.1258,14512.0
2026-02-07 08:45:00,1770453900000,0.1258,0.12597,0.12563,0.12586,3685.0
2026-02-07 09:00:00,1770454800000,0.12586,0.12609,0.12585,0.12586,6159.0
2026-02-07 09:15:00,1770455700000,0.12586,0.1268,0.12577,0.12639,23876.0
2026-02-07 09:30:00,1770456600000,0.12639,0.12639,0.1259,0.12607,4806.0
2026-02-07 09:45:00,1770457500000,0.12607,0.12712,0.12607,0.12671,83422.0
2026-02-07 10:00:00,1770458400000,0.12671,0.12671,0.12399,0.12444,167114.0
2026-02-07 10:15:00,1770459300000,0.12444,0.12453,0.12366,0.12387,20661.0
2026-02-07 10:30:00,1770460200000,0.12387,0.12393,0.12363,0.12372,4745.0
2026-02-07 10:45:00,1770461100000,0.12372,0.12439,0.12372,0.12439,7573.0
2026-02-07 11:00:00,1770462000000,0.12439,0.12453,0.12424,0.12453,1768.0
2026-02-07 11:15:00,1770462900000,0.12453,0.12482,0.12453,0.12472,943.0
2026-02-07 11:30:00,1770463800000,0.12472,0.12476,0.12462,0.12463,581.0
2026-02-07 11:45:00,1770464700000,0.12463,0.12463,0.12443,0.12443,358.0
2026-02-07 12:00:00,1770465600000,0.12443,0.12602,0.12443,0.12575,16396.0
2026-02-07 12:15:00,1770466500000,0.12575,0.12881,0.1257,0.12759,96837.0
2026-02-07 12:30:00,1770467400000,0.12759,0.12839,0.12675,0.12678,25152.0
2026-02-07 12:45:00,1770468300000,0.12678,0.12729,0.12641,0.12694,23261.0
2026-02-07 13:00:00,1770469200000,0.12694,0.1271,0.12635,0.12678,17846.0
2026-02-07 13:15:00,1770470100000,0.12678,0.12713,0.12669,0.1269,5520.0
2026-02-07 13:30:00,1770471000000,0.1269,0.1269,0.12638,0.12638,3405.0
2026-02-07 13:45:00,1770471900000,0.12638,0.12658,0.12638,0.12639,3178.0
2026-02-07 14:00:00,1770472800000,0.12639,0.12691,0.12631,0.12682,13075.0
2026-02-07 14:15:00,1770473700000,0.12682,0.12746,0.12634,0.12743,27115.0
2026-02-07 14:30:00,1770474600000,0.12743,0.12743,0.12673,0.12721,6664.0
2026-02-07 14:45:00,1770475500000,0.12721,0.12721,0.12608,0.12643,6556.0
2026-02-07 15:00:00,1770476400000,0.12643,0.12649,0.12614,0.12614,14841.0
2026-02-07 15:15:00,1770477300000,0.12614,0.12654,0.126,0.12608,8530.0
2026-02-07 15:30:00,1770478200000,0.12608,0.12626,0.12584,0.12596,5847.0
2026-02-07 15:45:00,1770479100000,0.12596,0.12625,0.12573,0.12618,10395.0
2026-02-07 16:00:00,1770480000000,0.12618,0.12728,0.12575,0.12728,360959.0
2026-02-07 16:15:00,1770480900000,0.12728,0.12748,0.12582,0.12589,206660.0
2026-02-07 16:30:00,1770481800000,0.12589,0.12593,0.12549,0.1256,16353.0
2026-02-07 16:45:00,1770482700000,0.1256,0.1257,0.12518,0.1252,9569.0
2026-02-07 17:00:00,1770483600000,0.1252,0.1252,0.12462,0.12463,13418.0
2026-02-07 17:15:00,1770484500000,0.12463,0.1251,0.12456,0.12492,4654.0
2026-02-07 17:30:00,1770485400000,0.12492,0.12607,0.12492,0.12602,41957.0
2026-02-07 17:45:00,1770486300000,0.12602,0.1262,0.12519,0.12542,7235.0
2026-02-07 18:00:00,1770487200000,0.12542,0.12542,0.12491,0.12491,129.0
2026-02-07 18:15:00,1770488100000,0.12491,0.12555,0.12491,0.12501,1801.0
2026-02-07 18:30:00,1770489000000,0.12501,0.12547,0.12493,0.12493,1296.0
2026-02-07 18:45:00,1770489900000,0.12493,0.12557,0.12491,0.12537,923.0
2026-02-07 19:00:00,1770490800000,0.12537,0.12537,0.12502,0.12502,456.0
2026-02-07 19:15:00,1770491700000,0.12502,0.12515,0.12488,0.12492,1792.0
2026-02-07 19:30:00,1770492600000,0.12492,0.12499,0.12462,0.12471,1877.0
2026-02-07 19:45:00,1770493500000,0.12471,0.12471,0.12412,0.12412,5784.0
2026-02-07 20:00:00,1770494400000,0.12412,0.12412,0.12358,0.12396,9587.0
2026-02-07 20:15:00,1770495300000,0.12396,0.12422,0.12396,0.12399,3456.0
2026-02-07 20:30:00,1770496200000,0.12399,0.12425,0.12392,0.12392,551.0
2026-02-07 20:45:00,1770497100000,0.12392,0.12463,0.12377,0.12422,6991.0
2026-02-07 21:00:00,1770498000000,0.12422,0.12526,0.12412,0.12468,84687.0
2026-02-07 21:15:00,1770498900000,0.12468,0.12468,0.12372,0.12388,59636.0
2026-02-07 21:30:00,1770499800000,0.12388,0.12446,0.12384,0.12421,3831.0
2026-02-07 21:45:00,1770500700000,0.12421,0.12431,0.12399,0.1241,4524.0
2026-02-07 22:00:00,1770501600000,0.1241,0.12456,0.1241,0.12436,11845.0
2026-02-07 22:15:00,1770502500000,0.12436,0.12436,0.12355,0.12387,14145.0
2026-02-07 22:30:00,1770503400000,0.12387,0.12515,0.12387,0.12405,24528.0
2026-02-07 22:45:00,1770504300000,0.12405,0.12482,0.12405,0.12454,3476.0
2026-02-07 23:00:00,1770505200000,0.12454,0.12454,0.12374,0.12422,3288.0
2026-02-07 23:15:00,1770506100000,0.12422,0.12422,0.12373,0.12404,4725.0
2026-02-07 23:30:00,1770507000000,0.12404,0.12406,0.12391,0.12391,649.0
2026-02-07 23:45:00,1770507900000,0.12391,0.12432,0.12391,0.12421,1394.0
2026-02-08 00:00:00,1770508800000,0.12421,0.1243,0.12355,0.12355,2019.0
2026-02-08 00:15:00,1770509700000,0.12355,0.12392,0.1235,0.12392,6614.0
2026-02-08 00:30:00,1770510600000,0.12392,0.12392,0.12354,0.12357,2334.0
2026-02-08 00:45:00,1770511500000,0.12357,0.12368,0.12345,0.12367,1291.0
2026-02-08 01:00:00,1770512400000,0.12367,0.12449,0.12367,0.12449,4219.0
2026-02-08 01:15:00,1770513300000,0.12449,0.12449,0.12423,0.12423,819.0
2026-02-08 01:30:00,1770514200000,0.12423,0.12423,0.12377,0.12382,10371.0
2026-02-08 01:45:00,1770515100000,0.12382,0.12382,0.12346,0.12362,580.0
2026-02-08 02:00:00,1770516000000,0.12362,0.12364,0.12362,0.12364,61.0
2026-02-08 02:15:00,1770516900000,0.12364,0.12384,0.12348,0.12349,2391.0
2026-02-08 02:30:00,1770517800000,0.12349,0.1235,0.12323,0.1235,2153.0
2026-02-08 02:45:00,1770518700000,0.1235,0.1235,0.12208,0.12211,31807.0
2026-02-08 03:00:00,1770519600000,0.12211,0.12231,0.12168,0.12229,13460.0
2026-02-08 03:15:00,1770520500000,0.12229,0.12229,0.12196,0.12219,2798.0
2026-02-08 03:30:00,1770521400000,0.12219,0.12258,0.12219,0.12255,900.0
2026-02-08 03:45:00,1770522300000,0.12255,0.12298,0.12248,0.12248,3272.0
2026-02-08 04:00:00,1770523200000,0.12248,0.12274,0.12192,0.12237,25277.0
2026-02-08 04:15:00,1770524100000,0.12237,0.12304,0.12236,0.12293,4339.0
2026-02-08 04:30:00,1770525000000,0.12293,0.12307,0.12281,0.12289,4434.0
2026-02-08 04:45:00,1770525900000,0.12289,0.12309,0.12279,0.12279,5189.0
2026-02-08 05:00:00,1770526800000,0.12279,0.12338,0.12268,0.12338,5282.0
2026-02-08 05:15:00,1770527700000,0.12338,0.12373,0.12335,0.12356,3153.0
2026-02-08 05:30:00,1770528600000,0.12356,0.12356,0.12338,0.12338,400.0
2026-02-08 05:45:00,1770529500000,0.12338,0.12338,0.12313,0.12332,2517.0
2026-02-08 06:00:00,1770530400000,0.12332,0.12371,0.12313,0.12313,2746.0
2026-02-08 06:15:00,1770531300000,0.12313,0.12336,0.12313,0.12336,1796.0
2026-02-08 06:30:00,1770532200000,0.12336,0.12336,0.12336,0.12336,0.0
2026-02-08 06:45:00,1770533100000,0.12336,0.12361,0.12306,0.12352,2707.0
2026-02-08 07:00:00,1770534000000,0.12352,0.12365,0.12334,0.12364,1440.0
2026-02-08 07:15:00,1770534900000,0.12364,0.12364,0.12345,0.12345,70.0
2026-02-08 07:30:00,1770535800000,0.12345,0.1239,0.12311,0.12387,15023.0
2026-02-08 07:45:00,1770536700000,0.12387,0.12387,0.12305,0.12336,40575.0
2026-02-08 08:00:00,1770537600000,0.12336,0.12344,0.1227,0.12293,27520.0
2026-02-08 08:15:00,1770538500000,0.12293,0.1238,0.12289,0.12364,16663.0
2026-02-08 08:30:00,1770539400000,0.12364,0.12395,0.12354,0.12392,18849.0
2026-02-08 08:45:00,1770540300000,0.12392,0.1247,0.12381,0.1247,61751.0
2026-02-08 09:00:00,1770541200000,0.1247,0.12475,0.12384,0.12404,7459.0
2026-02-08 09:15:00,1770542100000,0.12404,0.12444,0.12381,0.12444,30234.0
2026-02-08 09:30:00,1770543000000,0.12444,0.12444,0.12375,0.12375,3401.0
2026-02-08 09:45:00,1770543900000,0.12375,0.1242,0.12375,0.1242,1054.0
2026-02-08 10:00:00,1770544800000,0.1242,0.12444,0.12397,0.12444,7440.0
2026-02-08 10:15:00,1770545700000,0.12444,0.12508,0.12432,0.12478,6988.0
2026-02-08 10:30:00,1770546600000,0.12478,0.12478,0.12415,0.12465,5108.0
2026-02-08 10:45:00,1770547500000,0.12465,0.1254,0.12457,0.1254,16281.0
2026-02-08 11:00:00,1770548400000,0.1254,0.12543,0.12512,0.12528,3113.0
2026-02-08 11:15:00,1770549300000,0.12528,0.12629,0.12528,0.12588,7312.0
2026-02-08 11:30:00,1770550200000,0.12588,0.12695,0.12588,0.12695,20573.0
2026-02-08 11:45:00,1770551100000,0.12695,0.12712,0.12639,0.12647,14426.0
2026-02-08 12:00:00,1770552000000,0.12647,0.12657,0.12628,0.12647,11472.0
2026-02-08 12:15:00,1770552900000,0.12647,0.12672,0.12565,0.12593,28331.0
2026-02-08 12:30:00,1770553800000,0.12593,0.12595,0.12565,0.12565,6177.0
2026-02-08 12:45:00,1770554700000,0.12565,0.12565,0.12511,0.12521,8308.0
2026-02-08 13:00:00,1770555600000,0.12521,0.12589,0.12521,0.12536,7643.0
2026-02-08 13:15:00,1770556500000,0.12536,0.12536,0.1249,0.12491,6365.0
2026-02-08 13:30:00,1770557400000,0.12491,0.12502,0.12453,0.12462,12578.0
2026-02-08 13:45:00,1770558300000,0.12462,0.12542,0.12462,0.1254,5444.0
2026-02-08 14:00:00,1770559200000,0.1254,0.12565,0.1254,0.12565,1629.0
2026-02-08 14:15:00,1770560100000,0.12565,0.12592,0.12555,0.12581,5590.0
2026-02-08 14:30:00,1770561000000,0.12581,0.12617,0.12572,0.12594,3891.0
2026-02-08 14:45:00,1770561900000,0.12594,0.126,0.12514,0.12514,13518.0
2026-02-08 15:00:00,1770562800000,0.12514,0.12535,0.12481,0.12529,17914.0
2026-02-08 15:15:00,1770563700000,0.12529,0.12529,0.12468,0.1248,35684.0
2026-02-08 15:30:00,1770564600000,0.1248,0.12493,0.12451,0.12484,3702.0
2026-02-08 15:45:00,1770565500000,0.12484,0.12508,0.12442,0.12489,187825.0
2026-02-08 16:00:00,1770566400000,0.12489,0.12536,0.12436,0.12436,21795.0
2026-02-08 16:15:00,1770567300000,0.12436,0.12461,0.1242,0.12461,9353.0
2026-02-08 16:30:00,1770568200000,0.12461,0.12484,0.12395,0.1241,54736.0
2026-02-08 16:45:00,1770569100000,0.1241,0.12429,0.12296,0.12296,76771.0
2026-02-08 17:00:00,1770570000000,0.12296,0.12374,0.12296,0.12323,13085.0
2026-02-08 17:15:00,1770570900000,0.12323,0.12366,0.12318,0.12323,12511.0
2026-02-08 17:30:00,1770571800000,0.12323,0.12371,0.12319,0.12334,40862.0
2026-02-08 17:45:00,1770572700000,0.12334,0.12343,0.12321,0.12328,4277.0
2026-02-08 18:00:00,1770573600000,0.12328,0.12343,0.12328,0.12343,552.0
2026-02-08 18:15:00,1770574500000,0.12343,0.12347,0.12309,0.12347,5074.0
2026-02-08 18:30:00,1770575400000,0.12347,0.12382,0.12347,0.12362,13690.0
2026-02-08 18:45:00,1770576300000,0.12362,0.12377,0.1236,0.12372,3648.0
2026-02-08 19:00:00,1770577200000,0.12372,0.12372,0.12339,0.12347,9124.0
2026-02-08 19:15:00,1770578100000,0.12347,0.12351,0.12299,0.12299,3907.0
2026-02-08 19:30:00,1770579000000,0.12299,0.12332,0.12242,0.12254,31376.0
2026-02-08 19:45:00,1770579900000,0.12254,0.12267,0.12231,0.12255,15437.0
2026-02-08 20:00:00,1770580800000,0.12255,0.12272,0.12224,0.12229,21382.0
2026-02-08 20:15:00,1770581700000,0.12229,0.12272,0.12178,0.12272,18861.0
2026-02-08 20:30:00,1770582600000,0.12272,0.12284,0.12233,0.1227,21691.0
2026-02-08 20:45:00,1770583500000,0.1227,0.12282,0.12235,0.12269,13045.0
2026-02-08 21:00:00,1770584400000,0.12269,0.12269,0.12219,0.12245,14520.0
2026-02-08 21:15:00,1770585300000,0.12245,0.1228,0.12213,0.12219,25197.0
2026-02-08 21:30:00,1770586200000,0.12219,0.12266,0.12091,0.12166,81971.0
2026-02-08 21:45:00,1770587100000,0.12166,0.12204,0.1215,0.12175,25719.0
2026-02-08 22:00:00,1770588000000,0.12175,0.12206,0.1215,0.12167,9755.0
2026-02-08 22:15:00,1770588900000,0.12167,0.12167,0.12141,0.12147,8317.0
2026-02-08 22:30:00,1770589800000,0.12147,0.12183,0.1206,0.12125,43114.0
2026-02-08 22:45:00,1770590700000,0.12125,0.12188,0.12104,0.12161,15713.0
2026-02-08 23:00:00,1770591600000,0.12161,0.12321,0.12161,0.12217,29843.0
2026-02-08 23:15:00,1770592500000,0.12217,0.12232,0.12148,0.12171,25500.0
2026-02-08 23:30:00,1770593400000,0.12171,0.1219,0.12104,0.12153,16350.0
2026-02-08 23:45:00,1770594300000,0.12153,0.12189,0.12151,0.12151,3154.0
2026-02-09 00:00:00,1770595200000,0.12151,0.12274,0.12129,0.12193,19472.0
2026-02-09 00:15:00,1770596100000,0.12193,0.12281,0.12193,0.12216,10621.0
2026-02-09 00:30:00,1770597000000,0.12216,0.12238,0.12197,0.12197,6129.0
2026-02-09 00:45:00,1770597900000,0.12197,0.12275,0.12197,0.1225,5238.0
2026-02-09 01:00:00,1770598800000,0.1225,0.12277,0.12219,0.12222,2420.0
2026-02-09 01:15:00,1770599700000,0.12222,0.12257,0.12204,0.12244,1938.0
2026-02-09 01:30:00,1770600600000,0.12244,0.12249,0.12199,0.12199,3285.0
2026-02-09 01:45:00,1770601500000,0.12199,0.12226,0.1211,0.12181,85850.0
2026-02-09 02:00:00,1770602400000,0.12181,0.12181,0.12133,0.12142,3843.0
2026-02-09 02:15:00,1770603300000,0.12142,0.12219,0.12091,0.1221,35425.0
2026-02-09 02:30:00,1770604200000,0.1221,0.1223,0.12172,0.12214,13407.0
2026-02-09 02:45:00,1770605100000,0.12214,0.12224,0.12148,0.12179,16762.0
2026-02-09 03:00:00,1770606000000,0.12179,0.12202,0.12139,0.12139,16371.0
2026-02-09 03:15:00,1770606900000,0.12139,0.12161,0.12134,0.12154,4459.0
2026-02-09 03:30:00,1770607800000,0.12154,0.12222,0.12148,0.12222,14436.0
2026-02-09 03:45:00,1770608700000,0.12222,0.12249,0.12212,0.12235,4463.0
2026-02-09 04:00:00,1770609600000,0.12235,0.12235,0.12176,0.12193,1682.0
2026-02-09 04:15:00,1770610500000,0.12193,0.12252,0.1219,0.12252,2641.0
2026-02-09 04:30:00,1770611400000,0.12252,0.12351,0.1225,0.12297,26281.0
2026-02-09 04:45:00,1770612300000,0.12297,0.12309,0.12256,0.12274,19150.0
2026-02-09 05:00:00,1770613200000,0.12274,0.12296,0.12258,0.12284,7773.0
2026-02-09 05:15:00,1770614100000,0.12284,0.12548,0.12282,0.12505,335144.0
2026-02-09 05:30:00,1770615000000,0.12505,0.12524,0.12386,0.12386,119933.0
2026-02-09 05:45:00,1770615900000,0.12386,0.12386,0.12256,0.1234,30507.0
2026-02-09 06:00:00,1770616800000,0.1234,0.12435,0.12321,0.12426,15392.0
2026-02-09 06:15:00,1770617700000,0.12426,0.12462,0.12383,0.12459,14073.0
2026-02-09 06:30:00,1770618600000,0.12459,0.12471,0.12444,0.12444,7359.0
2026-02-09 06:45:00,1770619500000,0.12444,0.12469,0.12416,0.12417,3415.0
2026-02-09 07:00:00,1770620400000,0.12417,0.12423,0.12326,0.12359,12881.0
2026-02-09 07:15:00,1770621300000,0.12359,0.12368,0.12308,0.12361,4308.0
2026-02-09 07:30:00,1770622200000,0.12361,0.12363,0.12338,0.12363,3299.0
2026-02-09 07:45:00,1770623100000,0.12363,0.12431,0.12318,0.12431,16351.0
2026-02-09 08:00:00,1770624000000,0.12431,0.12438,0.12264,0.12266,40585.0
2026-02-09 08:15:00,1770624900000,0.12266,0.12287,0.12182,0.12233,14870.0
2026-02-09 08:30:00,1770625800000,0.12233,0.12257,0.12185,0.12253,20561.0
2026-02-09 08:45:00,1770626700000,0.12253,0.12309,0.12242,0.12242,9373.0
2026-02-09 09:00:00,1770627600000,0.12242,0.12267,0.12216,0.12231,7594.0
2026-02-09 09:15:00,1770628500000,0.12231,0.12231,0.12199,0.12202,3578.0
2026-02-09 09:30:00,1770629400000,0.12202,0.12209,0.12188,0.12188,3584.0
2026-02-09 09:45:00,1770630300000,0.12188,0.12188,0.11957,0.12024,90562.0
2026-02-09 10:00:00,1770631200000,0.12024,0.12082,0.12015,0.12078,15103.0
2026-02-09 10:15:00,1770632100000,0.12078,0.12078,0.12028,0.12031,8956.0
2026-02-09 10:30:00,1770633000000,0.12031,0.12041,0.11974,0.12023,23130.0
2026-02-09 10:45:00,1770633900000,0.12023,0.12058,0.11953,0.12037,47961.0
2026-02-09 11:00:00,1770634800000,0.12037,0.12129,0.12032,0.12129,17772.0
2026-02-09 11:15:00,1770635700000,0.12129,0.12137,0.12095,0.1213,3806.0
2026-02-09 11:30:00,1770636600000,0.1213,0.12132,0.121,0.121,11572.0
2026-02-09 11:45:00,1770637500000,0.121,0.121,0.12057,0.12057,4466.0
2026-02-09 12:00:00,1770638400000,0.12057,0.12057,0.1197,0.12051,57214.0
2026-02-09 12:15:00,1770639300000,0.12051,0.12072,0.12043,0.12063,8848.0
2026-02-09 12:30:00,1770640200000,0.12063,0.12081,0.12054,0.12072,5093.0
2026-02-09 12:45:00,1770641100000,0.12072,0.12072,0.1205,0.12068,6069.0
2026-02-09 13:00:00,1770642000000,0.12068,0.12079,0.12003,0.12008,5521.0
2026-02-09 13:15:00,1770642900000,0.12008,0.12072,0.12008,0.12065,3232.0
2026-02-09 13:30:00,1770643800000,0.12065,0.12074,0.12035,0.12037,3952.0
2026-02-09 13:45:00,1770644700000,0.12037,0.12037,0.11925,0.11928,9037.0
2026-02-09 14:00:00,1770645600000,0.11928,0.11928,0.11728,0.11787,40891.0
2026-02-09 14:15:00,1770646500000,0.11787,0.11815,0.11787,0.11804,17807.0
2026-02-09 14:30:00,1770647400000,0.11804,0.11857,0.11749,0.11784,29131.0
2026-02-09 14:45:00,1770648300000,0.11784,0.11804,0.11702,0.11804,58915.0
2026-02-09 15:00:00,1770649200000,0.11804,0.11922,0.11789,0.11833,15770.0
2026-02-09 15:15:00,1770650100000,0.11833,0.11868,0.11541,0.11588,133683.0
2026-02-09 15:30:00,1770651000000,0.11588,0.11633,0.11438,0.11609,133768.0
2026-02-09 15:45:00,1770651900000,0.11609,0.11617,0.11464,0.11572,97418.0
2026-02-09 16:00:00,1770652800000,0.11572,0.11579,0.115,0.11502,19511.0
2026-02-09 16:15:00,1770653700000,0.11502,0.11612,0.11423,0.11578,43526.0
2026-02-09 16:30:00,1770654600000,0.11578,0.11617,0.1152,0.11617,17317.0
2026-02-09 16:45:00,1770655500000,0.11617,0.11705,0.11616,0.11625,31634.0
2026-02-09 17:00:00,1770656400000,0.11625,0.1163,0.11574,0.11592,13441.0
2026-02-09 17:15:00,1770657300000,0.11592,0.1167,0.1157,0.11658,24167.0
2026-02-09 17:30:00,1770658200000,0.11658,0.11868,0.11658,0.1183,51199.0
2026-02-09 17:45:00,1770659100000,0.1183,0.11844,0.11767,0.11785,23173.0
2026-02-09 18:00:00,1770660000000,0.11785,0.11823,0.11649,0.11681,78197.0
2026-02-09 18:15:00,1770660900000,0.11681,0.11687,0.11566,0.11674,40562.0
2026-02-09 18:30:00,1770661800000,0.11674,0.11754,0.11671,0.11726,11927.0
2026-02-09 18:45:00,1770662700000,0.11726,0.11726,0.11657,0.11657,3480.0
2026-02-09 19:00:00,1770663600000,0.11657,0.11674,0.11586,0.11634,19110.0
2026-02-09 19:15:00,1770664500000,0.11634,0.11655,0.11619,0.11619,2627.0
2026-02-09 19:30:00,1770665400000,0.11619,0.11654,0.11617,0.11654,8499.0
2026-02-09 19:45:00,1770666300000,0.11654,0.11663,0.11642,0.11646,5127.0
2026-02-09 20:00:00,1770667200000,0.11646,0.11682,0.11622,0.1165,3666.0
2026-02-09 20:15:00,1770668100000,0.1165,0.11707,0.11485,0.11642,96793.0
2026-02-09 20:30:00,1770669000000,0.11642,0.11658,0.11589,0.11615,20624.0
2026-02-09 20:45:00,1770669900000,0.11615,0.11627,0.11603,0.11615,4063.0
2026-02-09 21:00:00,1770670800000,0.11615,0.11615,0.1156,0.11581,5514.0
2026-02-09 21:15:00,1770671700000,0.11581,0.11652,0.11579,0.11612,11078.0
2026-02-09 21:30:00,1770672600000,0.11612,0.11664,0.11599,0.11628,25811.0
2026-02-09 21:45:00,1770673500000,0.11628,0.11707,0.1159,0.11698,23942.0
2026-02-09 22:00:00,1770674400000,0.11698,0.11763,0.11655,0.11717,21958.0
2026-02-09 22:15:00,1770675300000,0.11717,0.11767,0.11702,0.11713,29089.0
2026-02-09 22:30:00,1770676200000,0.11713,0.11825,0.11705,0.11825,19489.0
2026-02-09 22:45:00,1770677100000,0.11825,0.11825,0.11742,0.11751,13133.0
2026-02-09 23:00:00,1770678000000,0.11751,0.1181,0.11671,0.11773,26325.0
2026-02-09 23:15:00,1770678900000,0.11773,0.11773,0.11689,0.11693,9229.0
2026-02-09 23:30:00,1770679800000,0.11693,0.1176,0.11693,0.11743,7930.0
2026-02-09 23:45:00,1770680700000,0.11743,0.11743,0.11705,0.1171,4891.0
2026-02-10 00:00:00,1770681600000,0.1171,0.1174,0.11692,0.1174,6776.0
2026-02-10 00:15:00,1770682500000,0.1174,0.11821,0.1174,0.11749,21605.0
2026-02-10 00:30:00,1770683400000,0.11749,0.11797,0.11749,0.11763,12223.0
2026-02-10 00:45:00,1770684300000,0.11763,0.11763,0.11648,0.11648,10410.0
2026-02-10 01:00:00,1770685200000,0.11648,0.11656,0.11613,0.11656,12414.0
2026-02-10 01:15:00,1770686100000,0.11656,0.11743,0.1165,0.11741,4924.0
2026-02-10 01:30:00,1770687000000,0.11741,0.11829,0.11726,0.11791,7920.0
2026-02-10 01:45:00,1770687900000,0.11791,0.11795,0.11745,0.11791,14450.0
2026-02-10 02:00:00,1770688800000,0.11791,0.11794,0.11723,0.11753,7431.0
2026-02-10 02:15:00,1770689700000,0.11753,0.11796,0.11753,0.1176,6326.0
2026-02-10 02:30:00,1770690600000,0.1176,0.11767,0.11715,0.11719,1452.0
2026-02-10 02:45:00,1770691500000,0.11719,0.11745,0.11714,0.11733,1727.0
2026-02-10 03:00:00,1770692400000,0.11733,0.11785,0.11726,0.11755,7900.0
2026-02-10 03:15:00,1770693300000,0.11755,0.11772,0.11642,0.1165,25123.0
2026-02-10 03:30:00,1770694200000,0.1165,0.11685,0.1159,0.11669,10885.0
2026-02-10 03:45:00,1770695100000,0.11669,0.11669,0.11611,0.11631,16963.0
2026-02-10 04:00:00,1770696000000,0.11631,0.1167,0.1163,0.11662,11186.0
2026-02-10 04:15:00,1770696900000,0.11662,0.11669,0.11574,0.11592,14412.0
2026-02-10 04:30:00,1770697800000,0.11592,0.11644,0.1159,0.11638,9670.0
2026-02-10 04:45:00,1770698700000,0.11638,0.11645,0.11609,0.11613,6207.0
2026-02-10 05:00:00,1770699600000,0.11613,0.11651,0.11567,0.11597,10964.0
2026-02-10 05:15:00,1770700500000,0.11597,0.11607,0.11587,0.11598,5299.0
2026-02-10 05:30:00,1770701400000,0.11598,0.11606,0.11552,0.11552,10352.0
2026-02-10 05:45:00,1770702300000,0.11552,0.11579,0.11518,0.11572,19297.0
2026-02-10 06:00:00,1770703200000,0.11572,0.11592,0.11558,0.11567,7914.0
2026-02-10 06:15:00,1770704100000,0.11567,0.11742,0.11566,0.11638,59141.0
2026-02-10 06:30:00,1770705000000,0.11638,0.11638,0.1156,0.116,21774.0
2026-02-10 06:45:00,1770705900000,0.116,0.11605,0.11528,0.1158,32766.0
2026-02-10 07:00:00,1770706800000,0.1158,0.11666,0.1158,0.11633,24135.0
2026-02-10 07:15:00,1770707700000,0.11633,0.11634,0.11584,0.11589,13514.0
2026-02-10 07:30:00,1770708600000,0.11589,0.11631,0.11589,0.11623,13080.0
2026-02-10 07:45:00,1770709500000,0.11623,0.11634,0.11593,0.11599,9274.0
2026-02-10 08:00:00,1770710400000,0.11599,0.11618,0.11583,0.11615,4375.0
2026-02-10 08:15:00,1770711300000,0.11615,0.11739,0.11615,0.11708,32074.0
2026-02-10 08:30:00,1770712200000,0.11708,0.11733,0.11706,0.11725,9654.0
2026-02-10 08:45:00,1770713100000,0.11725,0.11911,0.11723,0.1188,37904.0
2026-02-10 09:00:00,1770714000000,0.1188,0.11911,0.11758,0.11795,22928.0
2026-02-10 09:15:00,1770714900000,0.11795,0.11801,0.117,0.11709,38861.0
2026-02-10 09:30:00,1770715800000,0.11709,0.11719,0.11709,0.11719,5055.0
2026-02-10 09:45:00,1770716700000,0.11719,0.11735,0.1166,0.1166,13629.0
2026-02-10 10:00:00,1770717600000,0.1166,0.1173,0.1166,0.1173,3879.0
2026-02-10 10:15:00,1770718500000,0.1173,0.1183,0.1172,0.11823,21719.0
2026-02-10 10:30:00,1770719400000,0.11823,0.11841,0.11773,0.11841,13281.0
2026-02-10 10:45:00,1770720300000,0.11841,0.11841,0.11748,0.11752,17017.0
2026-02-10 11:00:00,1770721200000,0.11752,0.11865,0.11752,0.11802,24379.0
2026-02-10 11:15:00,1770722100000,0.11802,0.11892,0.11801,0.11851,10404.0
2026-02-10 11:30:00,1770723000000,0.11851,0.11894,0.11845,0.1185,6691.0
2026-02-10 11:45:00,1770723900000,0.1185,0.11864,0.11781,0.11781,6057.0
2026-02-10 12:00:00,1770724800000,0.11781,0.11853,0.11781,0.11853,11582.0
2026-02-10 12:15:00,1770725700000,0.11853,0.11853,0.11799,0.1181,13283.0
2026-02-10 12:30:00,1770726600000,0.1181,0.11862,0.1181,0.11824,8853.0
2026-02-10 12:45:00,1770727500000,0.11824,0.11824,0.11789,0.11809,2543.0
2026-02-10 13:00:00,1770728400000,0.11809,0.11833,0.11806,0.11817,4509.0
2026-02-10 13:15:00,1770729300000,0.11817,0.11899,0.11817,0.11899,6255.0
2026-02-10 13:30:00,1770730200000,0.11899,0.11932,0.11894,0.11909,10978.0
2026-02-10 13:45:00,1770731100000,0.11909,0.11929,0.11879,0.11879,4904.0
2026-02-10 14:00:00,1770732000000,0.11879,0.11918,0.11876,0.11914,2737.0
2026-02-10 14:15:00,1770732900000,0.11914,0.12028,0.11914,0.11966,40061.0
2026-02-10 14:30:00,1770733800000,0.11966,0.11987,0.1183,0.11838,23493.0
2026-02-10 14:45:00,1770734700000,0.11838,0.11902,0.11829,0.11898,20800.0
2026-02-10 15:00:00,1770735600000,0.11898,0.12026,0.11888,0.12026,23486.0
2026-02-10 15:15:00,1770736500000,0.12026,0.12135,0.12014,0.12106,21015.0
2026-02-10 15:30:00,1770737400000,0.12106,0.12111,0.12039,0.12043,17420.0
2026-02-10 15:45:00,1770738300000,0.12043,0.12043,0.11923,0.11951,26594.0
2026-02-10 16:00:00,1770739200000,0.11951,0.12027,0.11951,0.12027,7191.0
2026-02-10 16:15:00,1770740100000,0.12027,0.12067,0.12027,0.12033,7271.0
2026-02-10 16:30:00,1770741000000,0.12033,0.12075,0.12028,0.12029,13193.0
2026-02-10 16:45:00,1770741900000,0.12029,0.12029,0.11981,0.11988,3638.0
2026-02-10 17:00:00,1770742800000,0.11988,0.11988,0.1193,0.11965,9557.0
2026-02-10 17:15:00,1770743700000,0.11965,0.11985,0.11945,0.1196,9266.0
2026-02-10 17:30:00,1770744600000,0.1196,0.11985,0.11948,0.11951,5237.0
2026-02-10 17:45:00,1770745500000,0.11951,0.11976,0.11941,0.11966,11795.0
2026-02-10 18:00:00,1770746400000,0.11966,0.11993,0.11933,0.11975,10500.0
2026-02-10 18:15:00,1770747300000,0.11975,0.12111,0.11922,0.12072,51091.0
2026-02-10 18:30:00,1770748200000,0.12072,0.12083,0.11986,0.12034,18689.0
2026-02-10 18:45:00,1770749100000,0.12034,0.12052,0.1197,0.12029,21313.0
2026-02-10 19:00:00,1770750000000,0.12029,0.12074,0.11983,0.11992,14422.0
2026-02-10 19:15:00,1770750900000,0.11992,0.12047,0.11978,0.11978,4307.0
2026-02-10 19:30:00,1770751800000,0.11978,0.12036,0.11978,0.12007,11079.0
2026-02-10 19:45:00,1770752700000,0.12007,0.12033,0.12001,0.12021,9305.0
2026-02-10 20:00:00,1770753600000,0.12021,0.121,0.12021,0.12073,34814.0
2026-02-10 20:15:00,1770754500000,0.12073,0.12073,0.12013,0.12013,15623.0
2026-02-10 20:30:00,1770755400000,0.12013,0.12013,0.11932,0.12007,29497.0
2026-02-10 20:45:00,1770756300000,0.12007,0.12023,0.11979,0.11986,5020.0
2026-02-10 21:00:00,1770757200000,0.11986,0.12018,0.11958,0.11959,7920.0
2026-02-10 21:15:00,1770758100000,0.11959,0.11976,0.11959,0.11976,3689.0
2026-02-10 21:30:00,1770759000000,0.11976,0.11976,0.11856,0.11884,35224.0
2026-02-10 21:45:00,1770759900000,0.11884,0.11907,0.11884,0.11891,2039.0
2026-02-10 22:00:00,1770760800000,0.11891,0.11918,0.11885,0.11918,4757.0
2026-02-10 22:15:00,1770761700000,0.11918,0.11943,0.11903,0.11918,8819.0
2026-02-10 22:30:00,1770762600000,0.11918,0.11995,0.11918,0.11965,17561.0
2026-02-10 22:45:00,1770763500000,0.11965,0.11965,0.11867,0.11925,7886.0
2026-02-10 23:00:00,1770764400000,0.11925,0.11941,0.11893,0.11918,4481.0
2026-02-10 23:15:00,1770765300000,0.11918,0.11918,0.11874,0.11881,10765.0
2026-02-10 23:30:00,1770766200000,0.11881,0.1192,0.11881,0.1192,3563.0
2026-02-10 23:45:00,1770767100000,0.1192,0.1192,0.1188,0.11886,9606.0
2026-02-11 00:00:00,1770768000000,0.11886,0.11892,0.11728,0.11756,46607.0
2026-02-11 00:15:00,1770768900000,0.11756,0.11799,0.11756,0.11784,28595.0
2026-02-11 00:30:00,1770769800000,0.11784,0.11785,0.11746,0.11768,5347.0
2026-02-11 00:45:00,1770770700000,0.11768,0.11791,0.11768,0.11791,2051.0
2026-02-11 01:00:00,1770771600000,0.11791,0.11965,0.11756,0.11897,146571.0
2026-02-11 01:15:00,1770772500000,0.11897,0.11897,0.1182,0.11844,22438.0
2026-02-11 01:30:00,1770773400000,0.11844,0.11979,0.11812,0.11954,52466.0
2026-02-11 01:45:00,1770774300000,0.11954,0.12021,0.11881,0.11948,139141.0
2026-02-11 02:00:00,1770775200000,0.11948,0.12018,0.1189,0.11911,138774.0
2026-02-11 02:15:00,1770776100000,0.11911,0.11963,0.11898,0.11915,30427.0
2026-02-11 02:30:00,1770777000000,0.11915,0.11934,0.11911,0.11911,9477.0
2026-02-11 02:45:00,1770777900000,0.11911,0.11911,0.11844,0.11844,6317.0
2026-02-11 03:00:00,1770778800000,0.11844,0.11861,0.11834,0.11852,2245.0
2026-02-11 03:15:00,1770779700000,0.11852,0.11852,0.1173,0.11806,13128.0
2026-02-11 03:30:00,1770780600000,0.11806,0.11806,0.11784,0.118,5365.0
2026-02-11 03:45:00,1770781500000,0.118,0.11867,0.11789,0.1181,30904.0
2026-02-11 04:00:00,1770782400000,0.1181,0.11877,0.11808,0.11831,9140.0
2026-02-11 04:15:00,1770783300000,0.11831,0.11859,0.11791,0.11814,12425.0
2026-02-11 04:30:00,1770784200000,0.11814,0.11814,0.117,0.11708,32467.0
2026-02-11 04:45:00,1770785100000,0.11708,0.11724,0.1154,0.11628,79836.0
2026-02-11 05:00:00,1770786000000,0.11628,0.11713,0.11628,0.1165,43478.0
2026-02-11 05:15:00,1770786900000,0.1165,0.1167,0.11639,0.11657,3657.0
2026-02-11 05:30:00,1770787800000,0.11657,0.11667,0.11642,0.11642,6502.0
2026-02-11 05:45:00,1770788700000,0.11642,0.11657,0.11574,0.11574,12197.0
2026-02-11 06:00:00,1770789600000,0.11574,0.1158,0.11491,0.115,22129.0
2026-02-11 06:15:00,1770790500000,0.115,0.11591,0.1145,0.11568,34414.0
2026-02-11 06:30:00,1770791400000,0.11568,0.11596,0.11506,0.11506,8948.0
2026-02-11 06:45:00,1770792300000,0.11506,0.11507,0.11463,0.11494,5215.0
2026-02-11 07:00:00,1770793200000,0.11494,0.1154,0.11479,0.11484,10039.0
2026-02-11 07:15:00,1770794100000,0.11484,0.11533,0.11484,0.11533,7947.0
2026-02-11 07:30:00,1770795000000,0.11533,0.11579,0.11533,0.11579,6400.0
2026-02-11 07:45:00,1770795900000,0.11579,0.11579,0.11523,0.11523,4151.0
2026-02-11 08:00:00,1770796800000,0.11523,0.11534,0.11468,0.11513,15476.0
2026-02-11 08:15:00,1770797700000,0.11513,0.11513,0.11347,0.1141,53381.0
2026-02-11 08:30:00,1770798600000,0.1141,0.11414,0.11398,0.11409,4507.0
2026-02-11 08:45:00,1770799500000,0.11409,0.11412,0.11373,0.11391,15246.0
2026-02-11 09:00:00,1770800400000,0.11391,0.11426,0.1139,0.11422,9216.0
2026-02-11 09:15:00,1770801300000,0.11422,0.11487,0.11422,0.11463,15724.0
2026-02-11 09:30:00,1770802200000,0.11463,0.11478,0.11434,0.11444,21121.0
2026-02-11 09:45:00,1770803100000,0.11444,0.11444,0.11355,0.1138,22034.0
2026-02-11 10:00:00,1770804000000,0.1138,0.11412,0.1138,0.11389,7316.0
2026-02-11 10:15:00,1770804900000,0.11389,0.11414,0.11378,0.11406,5974.0
2026-02-11 10:30:00,1770805800000,0.11406,0.11413,0.11332,0.11333,21033.0
2026-02-11 10:45:00,1770806700000,0.11333,0.11383,0.1133,0.11374,59765.0
2026-02-11 11:00:00,1770807600000,0.11374,0.11401,0.11347,0.1139,43966.0
2026-02-11 11:15:00,1770808500000,0.1139,0.11444,0.11382,0.11444,17453.0
2026-02-11 11:30:00,1770809400000,0.11444,0.1147,0.11391,0.11403,65539.0
2026-02-11 11:45:00,1770810300000,0.11403,0.1143,0.11374,0.11417,41171.0
2026-02-11 12:00:00,1770811200000,0.11417,0.11436,0.11396,0.11397,10485.0
2026-02-11 12:15:00,1770812100000,0.11397,0.11473,0.11397,0.11453,9556.0
2026-02-11 12:30:00,1770813000000,0.11453,0.11462,0.11434,0.11436,10180.0
2026-02-11 12:45:00,1770813900000,0.11436,0.11442,0.11418,0.11424,10266.0
2026-02-11 13:00:00,1770814800000,0.11424,0.11436,0.11382,0.11393,6829.0
2026-02-11 13:15:00,1770815700000,0.11393,0.1142,0.11379,0.11408,5235.0
2026-02-11 13:30:00,1770816600000,0.11408,0.11497,0.11384,0.11402,117350.0
2026-02-11 13:45:00,1770817500000,0.11402,0.11465,0.11352,0.11452,209732.0
2026-02-11 14:00:00,1770818400000,0.11452,0.11533,0.11407,0.1149,97380.0
2026-02-11 14:15:00,1770819300000,0.1149,0.11515,0.11442,0.11489,24204.0
2026-02-11 14:30:00,1770820200000,0.11489,0.11511,0.11457,0.11481,15796.0
2026-02-11 14:45:00,1770821100000,0.11481,0.11561,0.1146,0.11547,40264.0
2026-02-11 15:00:00,1770822000000,0.11547,0.11559,0.11393,0.11448,42618.0
2026-02-11 15:15:00,1770822900000,0.11448,0.11489,0.11444,0.11489,14004.0
2026-02-11 15:30:00,1770823800000,0.11489,0.11527,0.11472,0.11499,12565.0
2026-02-11 15:45:00,1770824700000,0.11499,0.1151,0.1145,0.1149,14081.0
2026-02-11 16:00:00,1770825600000,0.1149,0.11523,0.11154,0.11512,230655.0
2026-02-11 16:15:00,1770826500000,0.11512,0.11545,0.11482,0.11522,40120.0
2026-02-11 16:30:00,1770827400000,0.11522,0.11574,0.11458,0.11519,46649.0
2026-02-11 16:45:00,1770828300000,0.11519,0.11519,0.11389,0.1144,16482.0
2026-02-11 17:00:00,1770829200000,0.1144,0.11459,0.11431,0.11453,18587.0
2026-02-11 17:15:00,1770830100000,0.11453,0.11517,0.11443,0.11508,8871.0
2026-02-11 17:30:00,1770831000000,0.11508,0.11529,0.11465,0.11475,21438.0
2026-02-11 17:45:00,1770831900000,0.11475,0.11475,0.11436,0.11447,5084.0
2026-02-11 18:00:00,1770832800000,0.11447,0.1146,0.11402,0.11424,8764.0
2026-02-11 18:15:00,1770833700000,0.11424,0.11479,0.11424,0.11466,8762.0
2026-02-11 18:30:00,1770834600000,0.11466,0.11466,0.11432,0.11447,10131.0
2026-02-11 18:45:00,1770835500000,0.11447,0.11521,0.11445,0.11455,30648.0
2026-02-11 19:00:00,1770836400000,0.11455,0.11595,0.11455,0.11513,101584.0
2026-02-11 19:15:00,1770837300000,0.11513,0.11514,0.1148,0.1148,7649.0
2026-02-11 19:30:00,1770838200000,0.1148,0.11499,0.11455,0.11497,13332.0
2026-02-11 19:45:00,1770839100000,0.11497,0.11497,0.11476,0.11476,5034.0
2026-02-11 20:00:00,1770840000000,0.11476,0.11516,0.11471,0.11482,8340.0
2026-02-11 20:15:00,1770840900000,0.11482,0.115,0.11453,0.11462,1950.0
2026-02-11 20:30:00,1770841800000,0.11462,0.11474,0.1145,0.11459,2220.0
2026-02-11 20:45:00,1770842700000,0.11459,0.11537,0.11454,0.11532,2617.0
2026-02-11 21:00:00,1770843600000,0.11532,0.11532,0.11494,0.11521,8714.0
2026-02-11 21:15:00,1770844500000,0.11521,0.11585,0.11517,0.11585,10348.0
2026-02-11 21:30:00,1770845400000,0.11585,0.11702,0.11585,0.11657,36145.0
2026-02-11 21:45:00,1770846300000,0.11657,0.11657,0.11605,0.11605,4345.0
2026-02-11 22:00:00,1770847200000,0.11605,0.11649,0.11603,0.11632,2896.0
2026-02-11 22:15:00,1770848100000,0.11632,0.11645,0.11574,0.11601,8561.0
2026-02-11 22:30:00,1770849000000,0.11601,0.11614,0.1157,0.11571,6851.0
2026-02-11 22:45:00,1770849900000,0.11571,0.11669,0.1155,0.11564,81533.0
2026-02-11 23:00:00,1770850800000,0.11564,0.11669,0.11552,0.11589,81020.0
2026-02-11 23:15:00,1770851700000,0.11589,0.11699,0.1156,0.11632,197897.0
2026-02-11 23:30:00,1770852600000,0.11632,0.1168,0.1159,0.11631,55673.0
2026-02-11 23:45:00,1770853500000,0.11631,0.11685,0.11631,0.11646,6981.0
2026-02-12 00:00:00,1770854400000,0.11646,0.11674,0.11619,0.11625,12815.0
2026-02-12 00:15:00,1770855300000,0.11625,0.11643,0.11534,0.11571,30271.0
2026-02-12 00:30:00,1770856200000,0.11571,0.11578,0.11529,0.11549,18587.0
2026-02-12 00:45:00,1770857100000,0.11549,0.11574,0.11541,0.1155,12699.0
2026-02-12 01:00:00,1770858000000,0.1155,0.11579,0.11505,0.11516,17790.0
2026-02-12 01:15:00,1770858900000,0.11516,0.11597,0.11516,0.11594,12206.0
2026-02-12 01:30:00,1770859800000,0.11594,0.11628,0.11587,0.11628,19664.0
2026-02-12 01:45:00,1770860700000,0.11628,0.11632,0.11601,0.11632,30248.0
2026-02-12 02:00:00,1770861600000,0.11632,0.11641,0.11606,0.11612,6471.0
2026-02-12 02:15:00,1770862500000,0.11612,0.1165,0.11603,0.11639,6313.0
2026-02-12 02:30:00,1770863400000,0.11639,0.11678,0.11639,0.11671,7489.0
2026-02-12 02:45:00,1770864300000,0.11671,0.11673,0.11645,0.11646,1967.0
2026-02-12 03:00:00,1770865200000,0.11646,0.11666,0.11634,0.11653,4566.0
2026-02-12 03:15:00,1770866100000,0.11653,0.11667,0.11649,0.11649,1609.0
2026-02-12 03:30:00,1770867000000,0.11649,0.1166,0.11561,0.11564,20479.0
2026-02-12 03:45:00,1770867900000,0.11564,0.11584,0.11549,0.11567,6561.0
2026-02-12 04:00:00,1770868800000,0.11567,0.11569,0.11516,0.11538,11177.0
2026-02-12 04:15:00,1770869700000,0.11538,0.11627,0.11535,0.11584,21773.0
2026-02-12 04:30:00,1770870600000,0.11584,0.11619,0.11584,0.11611,9431.0
2026-02-12 04:45:00,1770871500000,0.11611,0.11631,0.11582,0.11604,24842.0
2026-02-12 05:00:00,1770872400000,0.11604,0.11604,0.11542,0.11542,8170.0
2026-02-12 05:15:00,1770873300000,0.11542,0.11559,0.11538,0.11559,3145.0
2026-02-12 05:30:00,1770874200000,0.11559,0.11603,0.11559,0.11594,3376.0
2026-02-12 05:45:00,1770875100000,0.11594,0.11622,0.11594,0.1162,1697.0
2026-02-12 06:00:00,1770876000000,0.1162,0.11671,0.11618,0.11671,2651.0
2026-02-12 06:15:00,1770876900000,0.11671,0.11687,0.11664,0.11678,7017.0
2026-02-12 06:30:00,1770877800000,0.11678,0.11799,0.11678,0.1172,22082.0
2026-02-12 06:45:00,1770878700000,0.1172,0.11744,0.11703,0.11715,8377.0
2026-02-12 07:00:00,1770879600000,0.11715,0.11717,0.11671,0.11673,18631.0
2026-02-12 07:15:00,1770880500000,0.11673,0.117,0.11673,0.11689,7306.0
2026-02-12 07:30:00,1770881400000,0.11689,0.11715,0.11684,0.11698,2132.0
2026-02-12 07:45:00,1770882300000,0.11698,0.11725,0.11694,0.11718,2282.0
2026-02-12 08:00:00,1770883200000,0.11718,0.11728,0.11683,0.11697,5812.0
2026-02-12 08:15:00,1770884100000,0.11697,0.11697,0.11643,0.11643,3168.0
2026-02-12 08:30:00,1770885000000,0.11643,0.11643,0.11634,0.11634,1975.0
2026-02-12 08:45:00,1770885900000,0.11634,0.11675,0.11627,0.1166,9460.0
2026-02-12 09:00:00,1770886800000,0.1166,0.11663,0.11577,0.11577,14057.0
2026-02-12 09:15:00,1770887700000,0.11577,0.11606,0.11577,0.11587,6499.0
2026-02-12 09:30:00,1770888600000,0.11587,0.11613,0.11587,0.11605,6381.0
2026-02-12 09:45:00,1770889500000,0.11605,0.11627,0.11591,0.11603,8167.0
2026-02-12 10:00:00,1770890400000,0.11603,0.11603,0.11402,0.11441,42804.0
2026-02-12 10:15:00,1770891300000,0.11441,0.11585,0.1144,0.11543,61207.0
2026-02-12 10:30:00,1770892200000,0.11543,0.11577,0.11541,0.11567,9407.0
2026-02-12 10:45:00,1770893100000,0.11567,0.11615,0.11567,0.11605,4910.0
2026-02-12 11:00:00,1770894000000,0.11605,0.1163,0.11595,0.11604,29521.0
2026-02-12 11:15:00,1770894900000,0.11604,0.11694,0.11604,0.11674,13318.0
2026-02-12 11:30:00,1770895800000,0.11674,0.11678,0.11644,0.11651,7950.0
2026-02-12 11:45:00,1770896700000,0.11651,0.11651,0.11624,0.11631,12094.0
2026-02-12 12:00:00,1770897600000,0.11631,0.11631,0.11567,0.11567,10180.0
2026-02-12 12:15:00,1770898500000,0.11567,0.11571,0.11541,0.11545,8189.0
2026-02-12 12:30:00,1770899400000,0.11545,0.11548,0.11428,0.11524,23973.0
2026-02-12 12:45:00,1770900300000,0.11524,0.11548,0.1147,0.11537,31140.0
2026-02-12 13:00:00,1770901200000,0.11537,0.11537,0.11426,0.11442,38605.0
2026-02-12 13:15:00,1770902100000,0.11442,0.11466,0.1142,0.11435,20278.0
2026-02-12 13:30:00,1770903000000,0.11435,0.11479,0.11432,0.11476,17563.0
2026-02-12 13:45:00,1770903900000,0.11476,0.11491,0.11457,0.11491,8745.0
2026-02-12 14:00:00,1770904800000,0.11491,0.11495,0.11431,0.1145,6025.0
2026-02-12 14:15:00,1770905700000,0.1145,0.11491,0.11405,0.11457,23675.0
2026-02-12 14:30:00,1770906600000,0.11457,0.11481,0.11332,0.11342,23069.0
2026-02-12 14:45:00,1770907500000,0.11342,0.11348,0.11299,0.11309,18357.0
2026-02-12 15:00:00,1770908400000,0.11309,0.11309,0.11119,0.11213,101574.0
2026-02-12 15:15:00,1770909300000,0.11213,0.1128,0.11213,0.11268,35167.0
2026-02-12 15:30:00,1770910200000,0.11268,0.11285,0.1123,0.11249,37977.0
2026-02-12 15:45:00,1770911100000,0.11249,0.11364,0.11248,0.11283,158674.0
2026-02-12 16:00:00,1770912000000,0.11283,0.11298,0.11214,0.11214,92513.0
2026-02-12 16:15:00,1770912900000,0.11214,0.11263,0.11208,0.11217,30414.0
2026-02-12 16:30:00,1770913800000,0.11217,0.11305,0.11146,0.11258,120453.0
2026-02-12 16:45:00,1770914700000,0.11258,0.11272,0.112,0.11252,22045.0
2026-02-12 17:00:00,1770915600000,0.11252,0.11305,0.11227,0.11238,19517.0
2026-02-12 17:15:00,1770916500000,0.11238,0.11268,0.11224,0.11246,7253.0
2026-02-12 17:30:00,1770917400000,0.11246,0.1128,0.11244,0.11277,8800.0
2026-02-12 17:45:00,1770918300000,0.11277,0.11277,0.11218,0.11237,6241.0
2026-02-12 18:00:00,1770919200000,0.11237,0.11276,0.11223,0.11269,3903.0
2026-02-12 18:15:00,1770920100000,0.11269,0.11318,0.11255,0.11278,28187.0
2026-02-12 18:30:00,1770921000000,0.11278,0.1129,0.11225,0.11286,40268.0
2026-02-12 18:45:00,1770921900000,0.11286,0.11335,0.11281,0.1131,33767.0
2026-02-12 19:00:00,1770922800000,0.1131,0.11385,0.1131,0.11323,52800.0
2026-02-12 19:15:00,1770923700000,0.11323,0.11354,0.11322,0.11337,12271.0
2026-02-12 19:30:00,1770924600000,0.11337,0.11372,0.11337,0.1137,9782.0
2026-02-12 19:45:00,1770925500000,0.1137,0.11407,0.11361,0.11373,12696.0
2026-02-12 20:00:00,1770926400000,0.11373,0.1141,0.11339,0.11364,5813.0
2026-02-12 20:15:00,1770927300000,0.11364,0.1137,0.11341,0.11357,3893.0
2026-02-12 20:30:00,1770928200000,0.11357,0.11433,0.1135,0.11417,7198.0
2026-02-12 20:45:00,1770929100000,0.11417,0.11452,0.11281,0.11363,94033.0
2026-02-12 21:00:00,1770930000000,0.11363,0.1139,0.11353,0.11376,5541.0
2026-02-12 21:15:00,1770930900000,0.11376,0.11379,0.11354,0.1137,6993.0
2026-02-12 21:30:00,1770931800000,0.1137,0.1137,0.11346,0.11351,2821.0
2026-02-12 21:45:00,1770932700000,0.11351,0.11383,0.11345,0.11366,6037.0
2026-02-12 22:00:00,1770933600000,0.11366,0.11367,0.11337,0.11367,5563.0
2026-02-12 22:15:00,1770934500000,0.11367,0.11372,0.11358,0.11359,2361.0
2026-02-12 22:30:00,1770935400000,0.11359,0.11445,0.11326,0.1144,18766.0
2026-02-12 22:45:00,1770936300000,0.1144,0.11522,0.11367,0.11486,32535.0
2026-02-12 23:00:00,1770937200000,0.11486,0.11488,0.11418,0.11457,22802.0
2026-02-12 23:15:00,1770938100000,0.11457,0.11606,0.11456,0.1154,55468.0
2026-02-12 23:30:00,1770939000000,0.1154,0.11643,0.11527,0.11595,82415.0
2026-02-12 23:45:00,1770939900000,0.11595,0.11613,0.11578,0.11606,9675.0
2026-02-13 00:00:00,1770940800000,0.11606,0.11637,0.11583,0.11591,12285.0
2026-02-13 00:15:00,1770941700000,0.11591,0.11594,0.11522,0.11534,14150.0
2026-02-13 00:30:00,1770942600000,0.11534,0.11551,0.11507,0.11514,23487.0
2026-02-13 00:45:00,1770943500000,0.11514,0.11545,0.11504,0.11545,8903.0
2026-02-13 01:00:00,1770944400000,0.11545,0.11601,0.11487,0.11532,43794.0
2026-02-13 01:15:00,1770945300000,0.11532,0.11538,0.115,0.11527,16381.0
2026-02-13 01:30:00,1770946200000,0.11527,0.11617,0.11511,0.11581,46812.0
2026-02-13 01:45:00,1770947100000,0.11581,0.11584,0.11557,0.11569,8787.0
2026-02-13 02:00:00,1770948000000,0.11569,0.11569,0.11548,0.11552,9443.0
2026-02-13 02:15:00,1770948900000,0.11552,0.11552,0.11511,0.11511,10386.0
2026-02-13 02:30:00,1770949800000,0.11511,0.11545,0.11507,0.11539,12932.0
2026-02-13 02:45:00,1770950700000,0.11539,0.11554,0.11537,0.11542,8723.0
2026-02-13 03:00:00,1770951600000,0.11542,0.11558,0.11522,0.11536,3770.0
2026-02-13 03:15:00,1770952500000,0.11536,0.11536,0.11489,0.11528,10783.0
2026-02-13 03:30:00,1770953400000,0.11528,0.11639,0.11513,0.1162,31697.0
2026-02-13 03:45:00,1770954300000,0.1162,0.11624,0.11592,0.11601,9235.0
2026-02-13 04:00:00,1770955200000,0.11601,0.11609,0.11579,0.11579,10005.0
2026-02-13 04:15:00,1770956100000,0.11579,0.11611,0.11532,0.11544,19633.0
2026-02-13 04:30:00,1770957000000,0.11544,0.11544,0.11502,0.11504,6353.0
2026-02-13 04:45:00,1770957900000,0.11504,0.11528,0.11497,0.11516,5664.0
2026-02-13 05:00:00,1770958800000,0.11516,0.11541,0.11506,0.11521,5762.0
2026-02-13 05:15:00,1770959700000,0.11521,0.11612,0.11503,0.11599,15659.0
2026-02-13 05:30:00,1770960600000,0.11599,0.11674,0.11597,0.11626,24939.0
2026-02-13 05:45:00,1770961500000,0.11626,0.1165,0.11582,0.11602,8351.0
2026-02-13 06:00:00,1770962400000,0.11602,0.11602,0.11549,0.11583,7417.0
2026-02-13 06:15:00,1770963300000,0.11583,0.11585,0.11532,0.11532,6602.0
2026-02-13 06:30:00,1770964200000,0.11532,0.11566,0.11523,0.11561,7894.0
2026-02-13 06:45:00,1770965100000,0.11561,0.11591,0.11555,0.11581,4322.0
2026-02-13 07:00:00,1770966000000,0.11581,0.11594,0.11566,0.11591,8974.0
2026-02-13 07:15:00,1770966900000,0.11591,0.11593,0.11572,0.11588,4585.0
2026-02-13 07:30:00,1770967800000,0.11588,0.11588,0.11491,0.11511,26058.0
2026-02-13 07:45:00,1770968700000,0.11511,0.11544,0.11496,0.11496,8832.0
2026-02-13 08:00:00,1770969600000,0.11496,0.11674,0.11496,0.11638,48614.0
2026-02-13 08:15:00,1770970500000,0.11638,0.11684,0.11625,0.11672,13278.0
2026-02-13 08:30:00,1770971400000,0.11672,0.11672,0.11616,0.11629,12538.0
2026-02-13 08:45:00,1770972300000,0.11629,0.11652,0.11627,0.11651,9453.0
2026-02-13 09:00:00,1770973200000,0.11651,0.11651,0.11632,0.11638,960.0
2026-02-13 09:15:00,1770974100000,0.11638,0.11743,0.11637,0.11733,27965.0
2026-02-13 09:30:00,1770975000000,0.11733,0.11925,0.11717,0.11807,122801.0
2026-02-13 09:45:00,1770975900000,0.11807,0.11892,0.1172,0.11777,127271.0
2026-02-13 10:00:00,1770976800000,0.11777,0.1178,0.11677,0.11688,15901.0
2026-02-13 10:15:00,1770977700000,0.11688,0.11703,0.1163,0.11648,17559.0
2026-02-13 10:30:00,1770978600000,0.11648,0.11666,0.11641,0.11644,8582.0
2026-02-13 10:45:00,1770979500000,0.11644,0.11665,0.11644,0.11657,7916.0
2026-02-13 11:00:00,1770980400000,0.11657,0.1167,0.11638,0.11665,5168.0
2026-02-13 11:15:00,1770981300000,0.11665,0.11665,0.11646,0.11652,6986.0
2026-02-13 11:30:00,1770982200000,0.11652,0.11653,0.1161,0.1163,8665.0
2026-02-13 11:45:00,1770983100000,0.1163,0.11735,0.11622,0.11671,32734.0
2026-02-13 12:00:00,1770984000000,0.11671,0.1172,0.11603,0.11638,59322.0
2026-02-13 12:15:00,1770984900000,0.11638,0.11638,0.11618,0.1163,1349.0
2026-02-13 12:30:00,1770985800000,0.1163,0.11638,0.11609,0.11612,1817.0
2026-02-13 12:45:00,1770986700000,0.11612,0.11641,0.11612,0.1164,3128.0
2026-02-13 13:00:00,1770987600000,0.1164,0.11644,0.11613,0.11632,3105.0
2026-02-13 13:15:00,1770988500000,0.11632,0.11723,0.11631,0.11723,3369.0
2026-02-13 13:30:00,1770989400000,0.11723,0.11766,0.11706,0.11761,15085.0
2026-02-13 13:45:00,1770990300000,0.11761,0.11851,0.11757,0.11817,15794.0
2026-02-13 14:00:00,1770991200000,0.11817,0.11867,0.11794,0.11825,12542.0
2026-02-13 14:15:00,1770992100000,0.11825,0.11863,0.11785,0.11835,16603.0
2026-02-13 14:30:00,1770993000000,0.11835,0.11895,0.11775,0.11775,25393.0
2026-02-13 14:45:00,1770993900000,0.11775,0.11817,0.11775,0.11786,17499.0
2026-02-13 15:00:00,1770994800000,0.11786,0.11821,0.11771,0.11808,11697.0
2026-02-13 15:15:00,1770995700000,0.11808,0.11851,0.11743,0.11822,43082.0
2026-02-13 15:30:00,1770996600000,0.11822,0.11945,0.11819,0.11872,47305.0
2026-02-13 15:45:00,1770997500000,0.11872,0.11891,0.11837,0.11871,13136.0
2026-02-13 16:00:00,1770998400000,0.11871,0.11964,0.11865,0.11937,9280.0
2026-02-13 16:15:00,1770999300000,0.11937,0.11974,0.11911,0.11958,14117.0
2026-02-13 16:30:00,1771000200000,0.11958,0.12093,0.11958,0.12032,55719.0
2026-02-13 16:45:00,1771001100000,0.12032,0.12053,0.11994,0.12043,11063.0
2026-02-13 17:00:00,1771002000000,0.12043,0.12063,0.12004,0.12044,39954.0
2026-02-13 17:15:00,1771002900000,0.12044,0.12136,0.12044,0.12108,49665.0
2026-02-13 17:30:00,1771003800000,0.12108,0.12108,0.12082,0.12085,10473.0
2026-02-13 17:45:00,1771004700000,0.12085,0.12159,0.12073,0.12127,28501.0
2026-02-13 18:00:00,1771005600000,0.12127,0.12157,0.12082,0.12082,29139.0
2026-02-13 18:15:00,1771006500000,0.12082,0.12082,0.12058,0.12069,7937.0
2026-02-13 18:30:00,1771007400000,0.12069,0.12072,0.11978,0.11999,29578.0
2026-02-13 18:45:00,1771008300000,0.11999,0.12008,0.11958,0.11994,14677.0
2026-02-13 19:00:00,1771009200000,0.11994,0.1206,0.11976,0.1205,4456.0
2026-02-13 19:15:00,1771010100000,0.1205,0.12088,0.12044,0.12054,11273.0
2026-02-13 19:30:00,1771011000000,0.12054,0.12085,0.1205,0.12079,7168.0
2026-02-13 19:45:00,1771011900000,0.12079,0.12137,0.1207,0.12076,20453.0
2026-02-13 20:00:00,1771012800000,0.12076,0.12125,0.12076,0.12125,3391.0
2026-02-13 20:15:00,1771013700000,0.12125,0.12274,0.12121,0.12239,12981.0
2026-02-13 20:30:00,1771014600000,0.12239,0.12389,0.12239,0.12302,27901.0
2026-02-13 20:45:00,1771015500000,0.12302,0.12302,0.1227,0.12273,4890.0
2026-02-13 21:00:00,1771016400000,0.12273,0.12326,0.12196,0.12288,18619.0
2026-02-13 21:15:00,1771017300000,0.12288,0.12313,0.12205,0.12211,10291.0
2026-02-13 21:30:00,1771018200000,0.12211,0.12229,0.12146,0.12202,51427.0
2026-02-13 21:45:00,1771019100000,0.12202,0.1223,0.12202,0.12218,1888.0
2026-02-13 22:00:00,1771020000000,0.12218,0.12218,0.12192,0.12204,3162.0
2026-02-13 22:15:00,1771020900000,0.12204,0.12204,0.12122,0.12122,6562.0
2026-02-13 22:30:00,1771021800000,0.12122,0.12181,0.12122,0.12172,13654.0
2026-02-13 22:45:00,1771022700000,0.12172,0.12172,0.12131,0.12155,2252.0
2026-02-13 23:00:00,1771023600000,0.12155,0.1216,0.1211,0.12119,3004.0
2026-02-13 23:15:00,1771024500000,0.12119,0.12136,0.12107,0.12109,2055.0
2026-02-13 23:30:00,1771025400000,0.12109,0.12128,0.12083,0.12104,8385.0
2026-02-13 23:45:00,1771026300000,0.12104,0.12131,0.12102,0.12117,4424.0
2026-02-14 00:00:00,1771027200000,0.12117,0.1227,0.12117,0.12145,30741.0
2026-02-14 00:15:00,1771028100000,0.12145,0.12204,0.12143,0.12193,17238.0
2026-02-14 00:30:00,1771029000000,0.12193,0.12236,0.12157,0.12192,15380.0
2026-02-14 00:45:00,1771029900000,0.12192,0.12273,0.12192,0.12244,14800.0
2026-02-14 01:00:00,1771030800000,0.12244,0.12244,0.12137,0.12168,25435.0
2026-02-14 01:15:00,1771031700000,0.12168,0.12177,0.12139,0.12174,6216.0
2026-02-14 01:30:00,1771032600000,0.12174,0.12174,0.12129,0.1214,3990.0
2026-02-14 01:45:00,1771033500000,0.1214,0.12143,0.1212,0.12131,4375.0
2026-02-14 02:00:00,1771034400000,0.12131,0.12194,0.12131,0.12182,3461.0
2026-02-14 02:15:00,1771035300000,0.12182,0.12206,0.12174,0.12181,4534.0
2026-02-14 02:30:00,1771036200000,0.12181,0.12233,0.1217,0.1223,19817.0
2026-02-14 02:45:00,1771037100000,0.1223,0.1231,0.12223,0.12296,14387.0
2026-02-14 03:00:00,1771038000000,0.12296,0.12296,0.122,0.12265,22170.0
2026-02-14 03:15:00,1771038900000,0.12265,0.12285,0.12256,0.12256,7349.0
2026-02-14 03:30:00,1771039800000,0.12256,0.12256,0.12212,0.12221,8538.0
2026-02-14 03:45:00,1771040700000,0.12221,0.1229,0.12221,0.12285,13924.0
2026-02-14 04:00:00,1771041600000,0.12285,0.123,0.12268,0.12281,4298.0
2026-02-14 04:15:00,1771042500000,0.12281,0.1253,0.12279,0.12369,166060.0
2026-02-14 04:30:00,1771043400000,0.12369,0.12626,0.12369,0.12621,74430.0
2026-02-14 04:45:00,1771044300000,0.12621,0.12755,0.12526,0.12571,95411.0
2026-02-14 05:00:00,1771045200000,0.12571,0.12767,0.12491,0.12754,92554.0
2026-02-14 05:15:00,1771046100000,0.12754,0.1295,0.12728,0.12878,90290.0
2026-02-14 05:30:00,1771047000000,0.12878,0.12946,0.12798,0.12815,91927.0
2026-02-14 05:45:00,1771047900000,0.12815,0.12998,0.12784,0.12909,27866.0
2026-02-14 06:00:00,1771048800000,0.12909,0.13171,0.12848,0.12983,169449.0
2026-02-14 06:15:00,1771049700000,0.12983,0.13217,0.12928,0.13126,90244.0
2026-02-14 06:30:00,1771050600000,0.13126,0.1323,0.13039,0.13075,38011.0
2026-02-14 06:45:00,1771051500000,0.13075,0.132,0.13036,0.13116,55481.0
2026-02-14 07:00:00,1771052400000,0.13116,0.13225,0.13098,0.13144,58458.0
2026-02-14 07:15:00,1771053300000,0.13144,0.1315,0.13008,0.13054,53835.0
2026-02-14 07:30:00,1771054200000,0.13054,0.13189,0.13035,0.13059,71460.0
2026-02-14 07:45:00,1771055100000,0.13059,0.13209,0.13059,0.13142,21351.0
2026-02-14 08:00:00,1771056000000,0.13142,0.13265,0.13007,0.13131,101365.0
2026-02-14 08:15:00,1771056900000,0.13131,0.13172,0.13086,0.13087,38418.0
2026-02-14 08:30:00,1771057800000,0.13087,0.1312,0.13026,0.13059,26365.0
2026-02-14 08:45:00,1771058700000,0.13059,0.13101,0.12937,0.13053,60145.0
2026-02-14 09:00:00,1771059600000,0.13053,0.13067,0.1298,0.13029,36241.0
2026-02-14 09:15:00,1771060500000,0.13029,0.13029,0.12861,0.12994,58722.0
2026-02-14 09:30:00,1771061400000,0.12994,0.13049,0.1294,0.1303,16213.0
2026-02-14 09:45:00,1771062300000,0.1303,0.13216,0.13023,0.13188,65964.0
2026-02-14 10:00:00,1771063200000,0.13188,0.13196,0.13113,0.13193,40620.0
2026-02-14 10:15:00,1771064100000,0.13193,0.13372,0.13072,0.13091,239615.0
2026-02-14 10:30:00,1771065000000,0.13091,0.13107,0.13005,0.13056,41307.0
2026-02-14 10:45:00,1771065900000,0.13056,0.13074,0.13023,0.13068,11625.0
2026-02-14 11:00:00,1771066800000,0.13068,0.13103,0.13057,0.13091,12642.0
2026-02-14 11:15:00,1771067700000,0.13091,0.13091,0.13016,0.13054,36829.0
2026-02-14 11:30:00,1771068600000,0.13054,0.13153,0.13037,0.13153,26102.0
2026-02-14 11:45:00,1771069500000,0.13153,0.13205,0.13119,0.13169,17218.0
2026-02-14 12:00:00,1771070400000,0.13169,0.13187,0.13123,0.13143,23896.0
2026-02-14 12:15:00,1771071300000,0.13143,0.13185,0.13112,0.13128,28912.0
2026-02-14 12:30:00,1771072200000,0.13128,0.13128,0.13076,0.13091,20917.0
2026-02-14 12:45:00,1771073100000,0.13091,0.1324,0.13031,0.13206,46815.0
2026-02-14 13:00:00,1771074000000,0.13206,0.13208,0.13075,0.13075,41751.0
2026-02-14 13:15:00,1771074900000,0.13075,0.13171,0.13066,0.13093,43322.0
2026-02-14 13:30:00,1771075800000,0.13093,0.13156,0.13032,0.13111,51259.0
2026-02-14 13:45:00,1771076700000,0.13111,0.1314,0.13086,0.13123,12843.0
2026-02-14 14:00:00,1771077600000,0.13123,0.13143,0.13089,0.13106,4214.0
2026-02-14 14:15:00,1771078500000,0.13106,0.1325,0.13102,0.13202,33970.0
2026-02-14 14:30:00,1771079400000,0.13202,0.13232,0.13049,0.13231,71693.0
2026-02-14 14:45:00,1771080300000,0.13231,0.13627,0.13192,0.13441,303616.0
2026-02-14 15:00:00,1771081200000,0.13441,0.13512,0.13393,0.13413,75560.0
2026-02-14 15:15:00,1771082100000,0.13413,0.13531,0.13409,0.13515,46747.0
2026-02-14 15:30:00,1771083000000,0.13515,0.13581,0.13453,0.13492,82563.0
2026-02-14 15:45:00,1771083900000,0.13492,0.1376,0.13492,0.13666,85626.0
2026-02-14 16:00:00,1771084800000,0.13666,0.13991,0.13663,0.13981,277013.0
2026-02-14 16:15:00,1771085700000,0.13981,0.14236,0.13809,0.13942,372687.0
2026-02-14 16:30:00,1771086600000,0.13942,0.14034,0.13501,0.13515,208951.0
2026-02-14 16:45:00,1771087500000,0.13515,0.13601,0.13368,0.13377,146137.0
2026-02-14 17:00:00,1771088400000,0.13377,0.13535,0.13365,0.13502,93477.0
2026-02-14 17:15:00,1771089300000,0.13502,0.13605,0.13487,0.13549,33093.0
2026-02-14 17:30:00,1771090200000,0.13549,0.13643,0.13513,0.13633,45646.0
2026-02-14 17:45:00,1771091100000,0.13633,0.13641,0.13588,0.13625,11930.0
2026-02-14 18:00:00,1771092000000,0.13625,0.13751,0.13579,0.13627,38408.0
2026-02-14 18:15:00,1771092900000,0.13627,0.13655,0.13586,0.13638,13186.0
2026-02-14 18:30:00,1771093800000,0.13638,0.13652,0.13563,0.13598,15544.0
2026-02-14 18:45:00,1771094700000,0.13598,0.13614,0.13515,0.13578,27075.0
2026-02-14 19:00:00,1771095600000,0.13578,0.13663,0.1352,0.13588,39502.0
2026-02-14 19:15:00,1771096500000,0.13588,0.13588,0.13521,0.1358,10885.0
2026-02-14 19:30:00,1771097400000,0.1358,0.1361,0.13521,0.13607,14263.0
2026-02-14 19:45:00,1771098300000,0.13607,0.13614,0.13526,0.13528,11358.0
2026-02-14 20:00:00,1771099200000,0.13528,0.1361,0.13487,0.13504,44595.0
2026-02-14 20:15:00,1771100100000,0.13504,0.13585,0.13504,0.13566,34073.0
2026-02-14 20:30:00,1771101000000,0.13566,0.13632,0.13539,0.1356,14931.0
2026-02-14 20:45:00,1771101900000,0.1356,0.13739,0.13559,0.13739,113986.0
2026-02-14 21:00:00,1771102800000,0.13739,0.13832,0.13704,0.13762,38904.0
2026-02-14 21:15:00,1771103700000,0.13762,0.13875,0.13757,0.13824,38275.0
2026-02-14 21:30:00,1771104600000,0.13824,0.13881,0.13654,0.13833,38028.0
2026-02-14 21:45:00,1771105500000,0.13833,0.13836,0.13797,0.13813,9338.0
2026-02-14 22:00:00,1771106400000,0.13813,0.13819,0.13786,0.13799,2832.0
2026-02-14 22:15:00,1771107300000,0.13799,0.13891,0.13796,0.13856,6598.0
2026-02-14 22:30:00,1771108200000,0.13856,0.13879,0.13759,0.13768,18605.0
2026-02-14 22:45:00,1771109100000,0.13768,0.13853,0.13768,0.13853,3768.0
2026-02-14 23:00:00,1771110000000,0.13853,0.13855,0.13759,0.13759,9643.0
2026-02-14 23:15:00,1771110900000,0.13759,0.1378,0.1369,0.13771,32036.0
2026-02-14 23:30:00,1771111800000,0.13771,0.13782,0.13719,0.13781,12339.0
2026-02-14 23:45:00,1771112700000,0.13781,0.13928,0.13781,0.13928,23334.0
2026-02-15 00:00:00,1771113600000,0.13928,0.14023,0.1386,0.14023,22998.0
2026-02-15 00:15:00,1771114500000,0.14023,0.14043,0.13871,0.13888,37936.0
2026-02-15 00:30:00,1771115400000,0.13888,0.13907,0.13767,0.13837,20867.0
2026-02-15 00:45:00,1771116300000,0.13837,0.13859,0.13772,0.13855,33693.0
2026-02-15 01:00:00,1771117200000,0.13855,0.13855,0.13484,0.13546,245754.0
2026-02-15 01:15:00,1771118100000,0.13546,0.13649,0.13546,0.13567,47792.0
2026-02-15 01:30:00,1771119000000,0.13567,0.13572,0.13397,0.13426,134607.0
2026-02-15 01:45:00,1771119900000,0.13426,0.13504,0.13426,0.13496,48741.0
2026-02-15 02:00:00,1771120800000,0.13496,0.13546,0.13491,0.13491,15986.0
2026-02-15 02:15:00,1771121700000,0.13491,0.13552,0.13462,0.13552,28273.0
2026-02-15 02:30:00,1771122600000,0.13552,0.13568,0.13542,0.13551,15836.0
2026-02-15 02:45:00,1771123500000,0.13551,0.13588,0.13521,0.13521,12981.0
2026-02-15 03:00:00,1771124400000,0.13521,0.13524,0.13493,0.13522,14738.0
2026-02-15 03:15:00,1771125300000,0.13522,0.13545,0.13522,0.13535,6663.0
2026-02-15 03:30:00,1771126200000,0.13535,0.13535,0.13392,0.13405,24176.0
2026-02-15 03:45:00,1771127100000,0.13405,0.1358,0.13405,0.1356,34969.0
2026-02-15 04:00:00,1771128000000,0.1356,0.13667,0.13556,0.13652,23287.0
2026-02-15 04:15:00,1771128900000,0.13652,0.13665,0.13593,0.13598,12696.0
2026-02-15 04:30:00,1771129800000,0.13598,0.1363,0.13585,0.1363,16892.0
2026-02-15 04:45:00,1771130700000,0.1363,0.1363,0.13504,0.13504,14586.0
2026-02-15 05:00:00,1771131600000,0.13504,0.13524,0.13466,0.13517,39519.0
2026-02-15 05:15:00,1771132500000,0.13517,0.13536,0.13472,0.13481,10789.0
2026-02-15 05:30:00,1771133400000,0.13481,0.13481,0.13384,0.13453,61776.0
2026-02-15 05:45:00,1771134300000,0.13453,0.13531,0.13453,0.13522,13448.0
2026-02-15 06:00:00,1771135200000,0.13522,0.13559,0.13514,0.13514,18931.0
2026-02-15 06:15:00,1771136100000,0.13514,0.13539,0.1351,0.13531,7989.0
2026-02-15 06:30:00,1771137000000,0.13531,0.13645,0.1352,0.13577,41949.0
2026-02-15 06:45:00,1771137900000,0.13577,0.13599,0.13545,0.13545,12211.0
2026-02-15 07:00:00,1771138800000,0.13545,0.13635,0.1354,0.13612,57813.0
2026-02-15 07:15:00,1771139700000,0.13612,0.13636,0.13607,0.13619,7421.0
2026-02-15 07:30:00,1771140600000,0.13619,0.13665,0.13619,0.13656,8813.0
2026-02-15 07:45:00,1771141500000,0.13656,0.13806,0.13641,0.13752,46785.0
2026-02-15 08:00:00,1771142400000,0.13752,0.1377,0.13696,0.13759,23517.0
2026-02-15 08:15:00,1771143300000,0.13759,0.13809,0.13755,0.13755,13548.0
2026-02-15 08:30:00,1771144200000,0.13755,0.1414,0.1375,0.14015,248832.0
2026-02-15 08:45:00,1771145100000,0.14015,0.14275,0.13989,0.14017,204908.0
2026-02-15 09:00:00,1771146000000,0.14017,0.14039,0.13656,0.13822,258830.0
2026-02-15 09:15:00,1771146900000,0.13822,0.13834,0.13774,0.1379,12911.0
2026-02-15 09:30:00,1771147800000,0.1379,0.1379,0.13673,0.13687,16741.0
2026-02-15 09:45:00,1771148700000,0.13687,0.13687,0.13633,0.13667,23797.0
2026-02-15 10:00:00,1771149600000,0.13667,0.13718,0.13622,0.13677,46974.0
2026-02-15 10:15:00,1771150500000,0.13677,0.13698,0.13663,0.13683,10231.0
2026-02-15 10:30:00,1771151400000,0.13683,0.13702,0.13634,0.1366,16955.0
2026-02-15 10:45:00,1771152300000,0.1366,0.13667,0.13514,0.13559,29667.0
2026-02-15 11:00:00,1771153200000,0.13559,0.13606,0.13559,0.13595,11427.0
2026-02-15 11:15:00,1771154100000,0.13595,0.1367,0.13588,0.1367,8602.0
2026-02-15 11:30:00,1771155000000,0.1367,0.13765,0.13661,0.13749,29127.0
2026-02-15 11:45:00,1771155900000,0.13749,0.13749,0.13596,0.13655,48395.0
2026-02-15 12:00:00,1771156800000,0.13655,0.13798,0.13608,0.13664,55567.0
2026-02-15 12:15:00,1771157700000,0.13664,0.13755,0.13605,0.13675,49593.0
2026-02-15 12:30:00,1771158600000,0.13675,0.13685,0.13635,0.13636,9158.0
2026-02-15 12:45:00,1771159500000,0.13636,0.13658,0.13472,0.13472,44854.0
2026-02-15 13:00:00,1771160400000,0.13472,0.13604,0.13461,0.13604,39217.0
2026-02-15 13:15:00,1771161300000,0.13604,0.13666,0.136,0.13609,17453.0
2026-02-15 13:30:00,1771162200000,0.13609,0.13617,0.13471,0.13471,14736.0
2026-02-15 13:45:00,1771163100000,0.13471,0.13502,0.13434,0.13476,28903.0
2026-02-15 14:00:00,1771164000000,0.13476,0.13505,0.13425,0.13433,33402.0
2026-02-15 14:15:00,1771164900000,0.13433,0.13466,0.13429,0.13456,11711.0
2026-02-15 14:30:00,1771165800000,0.13456,0.13549,0.13437,0.13487,46165.0
2026-02-15 14:45:00,1771166700000,0.13487,0.13574,0.13481,0.13553,26913.0
2026-02-15 15:00:00,1771167600000,0.13553,0.13689,0.13533,0.13644,16959.0
2026-02-15 15:15:00,1771168500000,0.13644,0.13685,0.1363,0.13654,8948.0
2026-02-15 15:30:00,1771169400000,0.13654,0.13676,0.13623,0.13628,8181.0
2026-02-15 15:45:00,1771170300000,0.13628,0.1365,0.13559,0.13611,14519.0
2026-02-15 16:00:00,1771171200000,0.13611,0.13627,0.13439,0.13502,52184.0
2026-02-15 16:15:00,1771172100000,0.13502,0.13555,0.13464,0.13528,38512.0
2026-02-15 16:30:00,1771173000000,0.13528,0.13593,0.13515,0.13565,10248.0
2026-02-15 16:45:00,1771173900000,0.13565,0.13565,0.135,0.13502,8739.0
2026-02-15 17:00:00,1771174800000,0.13502,0.1351,0.13414,0.13437,26298.0
2026-02-15 17:15:00,1771175700000,0.13437,0.13502,0.13427,0.13461,34116.0
2026-02-15 17:30:00,1771176600000,0.13461,0.13461,0.13369,0.13369,33612.0
2026-02-15 17:45:00,1771177500000,0.13369,0.13369,0.13235,0.13356,96870.0
2026-02-15 18:00:00,1771178400000,0.13356,0.13377,0.13214,0.13373,64030.0
2026-02-15 18:15:00,1771179300000,0.13373,0.13373,0.13279,0.13294,21368.0
2026-02-15 18:30:00,1771180200000,0.13294,0.13294,0.13239,0.13288,27380.0
2026-02-15 18:45:00,1771181100000,0.13288,0.13341,0.13208,0.13285,22076.0
2026-02-15 19:00:00,1771182000000,0.13285,0.13285,0.1322,0.13257,14699.0
2026-02-15 19:15:00,1771182900000,0.13257,0.13322,0.13248,0.13322,12415.0
2026-02-15 19:30:00,1771183800000,0.13322,0.13322,0.13171,0.13175,17296.0
2026-02-15 19:45:00,1771184700000,0.13175,0.13252,0.13173,0.13216,18706.0
2026-02-15 20:00:00,1771185600000,0.13216,0.13241,0.13158,0.13241,7108.0
2026-02-15 20:15:00,1771186500000,0.13241,0.13297,0.13203,0.13247,19849.0
2026-02-15 20:30:00,1771187400000,0.13247,0.13356,0.13246,0.13277,34427.0
2026-02-15 20:45:00,1771188300000,0.13277,0.133,0.13247,0.133,9131.0
2026-02-15 21:00:00,1771189200000,0.133,0.13372,0.13284,0.13327,26400.0
2026-02-15 21:15:00,1771190100000,0.13327,0.13338,0.13306,0.13316,6421.0
2026-02-15 21:30:00,1771191000000,0.13316,0.13316,0.1313,0.1322,90381.0
2026-02-15 21:45:00,1771191900000,0.1322,0.13252,0.1313,0.13235,48793.0
2026-02-15 22:00:00,1771192800000,0.13235,0.13326,0.13223,0.13297,26270.0
2026-02-15 22:15:00,1771193700000,0.13297,0.1337,0.1328,0.13362,20816.0
2026-02-15 22:30:00,1771194600000,0.13362,0.13362,0.13289,0.13313,16991.0
2026-02-15 22:45:00,1771195500000,0.13313,0.13314,0.13279,0.13282,5343.0
2026-02-15 23:00:00,1771196400000,0.13282,0.13292,0.13188,0.13195,8036.0
2026-02-15 23:15:00,1771197300000,0.13195,0.13245,0.13184,0.1324,12646.0
2026-02-15 23:30:00,1771198200000,0.1324,0.13272,0.1324,0.13272,2546.0
2026-02-15 23:45:00,1771199100000,0.13272,0.13293,0.13263,0.1327,1198.0
2026-02-16 00:00:00,1771200000000,0.1327,0.13334,0.13266,0.13332,8164.0
2026-02-16 00:15:00,1771200900000,0.13332,0.1345,0.13322,0.13433,41637.0
2026-02-16 00:30:00,1771201800000,0.13433,0.13491,0.1339,0.13409,44948.0
2026-02-16 00:45:00,1771202700000,0.13409,0.13435,0.13367,0.13382,23290.0
2026-02-16 01:00:00,1771203600000,0.13382,0.13407,0.13382,0.13393,7459.0
2026-02-16 01:15:00,1771204500000,0.13393,0.13393,0.13295,0.13303,12437.0
2026-02-16 01:30:00,1771205400000,0.13303,0.1331,0.13182,0.13231,46129.0
2026-02-16 01:45:00,1771206300000,0.13231,0.13287,0.13226,0.13273,6929.0
2026-02-16 02:00:00,1771207200000,0.13273,0.13306,0.13267,0.13294,8938.0
2026-02-16 02:15:00,1771208100000,0.13294,0.13294,0.1313,0.13151,25583.0
2026-02-16 02:30:00,1771209000000,0.13151,0.13278,0.13151,0.13272,18520.0
2026-02-16 02:45:00,1771209900000,0.13272,0.1328,0.13123,0.13221,32671.0
2026-02-16 03:00:00,1771210800000,0.13221,0.13241,0.13165,0.13204,9704.0
2026-02-16 03:15:00,1771211700000,0.13204,0.13218,0.13141,0.13155,31351.0
2026-02-16 03:30:00,1771212600000,0.13155,0.13175,0.13155,0.1316,10804.0
2026-02-16 03:45:00,1771213500000,0.1316,0.13176,0.1316,0.13174,8014.0
2026-02-16 04:00:00,1771214400000,0.13174,0.13216,0.1317,0.13216,10546.0
2026-02-16 04:15:00,1771215300000,0.13216,0.13227,0.13201,0.13201,6250.0
2026-02-16 04:30:00,1771216200000,0.13201,0.13201,0.13164,0.13176,3007.0
2026-02-16 04:45:00,1771217100000,0.13176,0.13198,0.13176,0.13198,2781.0
2026-02-16 05:00:00,1771218000000,0.13198,0.13208,0.13128,0.13128,14237.0
2026-02-16 05:15:00,1771218900000,0.13128,0.13192,0.13036,0.13101,80947.0
2026-02-16 05:30:00,1771219800000,0.13101,0.13116,0.13061,0.13082,32484.0
2026-02-16 05:45:00,1771220700000,0.13082,0.13127,0.13082,0.13115,19191.0
2026-02-16 06:00:00,1771221600000,0.13115,0.1319,0.1311,0.13161,18875.0
2026-02-16 06:15:00,1771222500000,0.13161,0.13226,0.13105,0.13131,59438.0
2026-02-16 06:30:00,1771223400000,0.13131,0.13213,0.13131,0.13195,18741.0
2026-02-16 06:45:00,1771224300000,0.13195,0.13203,0.1313,0.13136,12343.0
2026-02-16 07:00:00,1771225200000,0.13136,0.13177,0.13121,0.13123,13644.0
2026-02-16 07:15:00,1771226100000,0.13123,0.13159,0.13119,0.13126,10695.0
2026-02-16 07:30:00,1771227000000,0.13126,0.13146,0.13092,0.13097,10101.0
2026-02-16 07:45:00,1771227900000,0.13097,0.13129,0.13097,0.13109,5694.0
2026-02-16 08:00:00,1771228800000,0.13109,0.13176,0.13092,0.13149,31275.0
2026-02-16 08:15:00,1771229700000,0.13149,0.1326,0.13143,0.13252,28423.0
2026-02-16 08:30:00,1771230600000,0.13252,0.13394,0.13215,0.13315,90331.0
2026-02-16 08:45:00,1771231500000,0.13315,0.13343,0.13205,0.13255,101322.0
2026-02-16 09:00:00,1771232400000,0.13255,0.13327,0.13249,0.13293,17003.0
2026-02-16 09:15:00,1771233300000,0.13293,0.13321,0.13266,0.13266,18602.0
2026-02-16 09:30:00,1771234200000,0.13266,0.13316,0.13261,0.13312,12469.0
2026-02-16 09:45:00,1771235100000,0.13312,0.13324,0.13302,0.13308,5999.0
2026-02-16 10:00:00,1771236000000,0.13308,0.13346,0.13305,0.13331,4311.0
2026-02-16 10:15:00,1771236900000,0.13331,0.13399,0.13225,0.13295,111127.0
2026-02-16 10:30:00,1771237800000,0.13295,0.13308,0.13295,0.133,2901.0
2026-02-16 10:45:00,1771238700000,0.133,0.1331,0.133,0.13302,3558.0
2026-02-16 11:00:00,1771239600000,0.13302,0.13333,0.13273,0.13278,9180.0
2026-02-16 11:15:00,1771240500000,0.13278,0.13287,0.1323,0.13285,15435.0
2026-02-16 11:30:00,1771241400000,0.13285,0.13335,0.13282,0.13323,10292.0
2026-02-16 11:45:00,1771242300000,0.13323,0.13324,0.13298,0.13324,4901.0
2026-02-16 12:00:00,1771243200000,0.13324,0.13395,0.13264,0.13298,36139.0
2026-02-16 12:15:00,1771244100000,0.13298,0.13365,0.13263,0.13362,8033.0
2026-02-16 12:30:00,1771245000000,0.13362,0.13367,0.13334,0.13334,20909.0
2026-02-16 12:45:00,1771245900000,0.13334,0.13387,0.13324,0.13377,14631.0
2026-02-16 13:00:00,1771246800000,0.13377,0.13405,0.13278,0.13283,13744.0
2026-02-16 13:15:00,1771247700000,0.13283,0.13321,0.13202,0.13217,31602.0
2026-02-16 13:30:00,1771248600000,0.13217,0.13229,0.13179,0.13229,24068.0
2026-02-16 13:45:00,1771249500000,0.13229,0.13239,0.13101,0.13143,21410.0
2026-02-16 14:00:00,1771250400000,0.13143,0.13161,0.13105,0.13122,29585.0
2026-02-16 14:15:00,1771251300000,0.13122,0.13259,0.13122,0.13179,72676.0
2026-02-16 14:30:00,1771252200000,0.13179,0.13264,0.13178,0.13222,12140.0
2026-02-16 14:45:00,1771253100000,0.13222,0.13241,0.13213,0.13213,7551.0
2026-02-16 15:00:00,1771254000000,0.13213,0.13238,0.13191,0.13191,4506.0
2026-02-16 15:15:00,1771254900000,0.13191,0.13208,0.13092,0.13208,25359.0
2026-02-16 15:30:00,1771255800000,0.13208,0.13212,0.13082,0.13112,54340.0
2026-02-16 15:45:00,1771256700000,0.13112,0.13112,0.1308,0.13095,6228.0
2026-02-16 16:00:00,1771257600000,0.13095,0.13138,0.13075,0.13124,15043.0
2026-02-16 16:15:00,1771258500000,0.13124,0.13163,0.13122,0.13147,10525.0
2026-02-16 16:30:00,1771259400000,0.13147,0.13147,0.1308,0.13099,11209.0
2026-02-16 16:45:00,1771260300000,0.13099,0.13185,0.13098,0.13159,31769.0
2026-02-16 17:00:00,1771261200000,0.13159,0.13167,0.1315,0.13162,3315.0
2026-02-16 17:15:00,1771262100000,0.13162,0.13162,0.13131,0.13155,3143.0
2026-02-16 17:30:00,1771263000000,0.13155,0.13207,0.13155,0.13192,15064.0
2026-02-16 17:45:00,1771263900000,0.13192,0.13196,0.13131,0.13142,14446.0
2026-02-16 18:00:00,1771264800000,0.13142,0.13175,0.13137,0.13175,2718.0
2026-02-16 18:15:00,1771265700000,0.13175,0.13285,0.13175,0.13285,25283.0
2026-02-16 18:30:00,1771266600000,0.13285,0.1342,0.13284,0.13284,74691.0
2026-02-16 18:45:00,1771267500000,0.13284,0.13319,0.13284,0.13311,11388.0
2026-02-16 19:00:00,1771268400000,0.13311,0.13332,0.13264,0.13266,13410.0
2026-02-16 19:15:00,1771269300000,0.13266,0.13311,0.13266,0.13311,4610.0
2026-02-16 19:30:00,1771270200000,0.13311,0.13328,0.13302,0.13324,5769.0
2026-02-16 19:45:00,1771271100000,0.13324,0.13415,0.1327,0.13365,39959.0
2026-02-16 20:00:00,1771272000000,0.13365,0.13365,0.13289,0.13303,5751.0
2026-02-16 20:15:00,1771272900000,0.13303,0.13372,0.13303,0.13372,6476.0
2026-02-16 20:30:00,1771273800000,0.13372,0.13378,0.13346,0.13374,9100.0
2026-02-16 20:45:00,1771274700000,0.13374,0.13608,0.13371,0.13583,64878.0
2026-02-16 21:00:00,1771275600000,0.13583,0.13601,0.13527,0.13543,34051.0
2026-02-16 21:15:00,1771276500000,0.13543,0.13599,0.13543,0.13581,7974.0
2026-02-16 21:30:00,1771277400000,0.13581,0.13581,0.13558,0.13561,5702.0
2026-02-16 21:45:00,1771278300000,0.13561,0.136,0.13547,0.13595,8690.0
2026-02-16 22:00:00,1771279200000,0.13595,0.1369,0.13595,0.13668,24993.0
2026-02-16 22:15:00,1771280100000,0.13668,0.13691,0.13641,0.13672,4399.0
2026-02-16 22:30:00,1771281000000,0.13672,0.13955,0.13671,0.13939,40700.0
2026-02-16 22:45:00,1771281900000,0.13939,0.13972,0.13812,0.13883,38183.0
2026-02-16 23:00:00,1771282800000,0.13883,0.13884,0.13829,0.13861,15896.0
2026-02-16 23:15:00,1771283700000,0.13861,0.13897,0.13806,0.13836,10336.0
2026-02-16 23:30:00,1771284600000,0.13836,0.13911,0.13793,0.13868,15415.0
2026-02-16 23:45:00,1771285500000,0.13868,0.1398,0.13838,0.1391,78948.0
2026-02-17 00:00:00,1771286400000,0.1391,0.13926,0.13794,0.13815,49294.0
2026-02-17 00:15:00,1771287300000,0.13815,0.13862,0.13757,0.13847,41763.0
2026-02-17 00:30:00,1771288200000,0.13847,0.13858,0.1383,0.13851,16085.0
2026-02-17 00:45:00,1771289100000,0.13851,0.1392,0.13851,0.13887,26080.0
2026-02-17 01:00:00,1771290000000,0.13887,0.14116,0.13879,0.14116,101871.0
2026-02-17 01:15:00,1771290900000,0.14116,0.14166,0.14003,0.14104,76012.0
2026-02-17 01:30:00,1771291800000,0.14104,0.14153,0.14075,0.14114,31463.0
2026-02-17 01:45:00,1771292700000,0.14114,0.14238,0.14096,0.14192,29448.0
2026-02-17 02:00:00,1771293600000,0.14192,0.14298,0.1414,0.14175,56749.0
2026-02-17 02:15:00,1771294500000,0.14175,0.1433,0.14156,0.14311,37477.0
2026-02-17 02:30:00,1771295400000,0.14311,0.14368,0.14191,0.14226,39930.0
2026-02-17 02:45:00,1771296300000,0.14226,0.14227,0.14123,0.14197,31356.0
2026-02-17 03:00:00,1771297200000,0.14197,0.14257,0.14136,0.14248,79493.0
2026-02-17 03:15:00,1771298100000,0.14248,0.14444,0.14166,0.14363,59789.0
2026-02-17 03:30:00,1771299000000,0.14363,0.14388,0.14308,0.14383,26137.0
2026-02-17 03:45:00,1771299900000,0.14383,0.14482,0.14343,0.14421,43494.0
2026-02-17 04:00:00,1771300800000,0.14421,0.14421,0.14255,0.14258,42474.0
2026-02-17 04:15:00,1771301700000,0.14258,0.14345,0.14051,0.14097,49327.0
2026-02-17 04:30:00,1771302600000,0.14097,0.14227,0.14012,0.1422,74153.0
2026-02-17 04:45:00,1771303500000,0.1422,0.14432,0.1422,0.14383,52372.0
2026-02-17 05:00:00,1771304400000,0.14383,0.14391,0.14271,0.14281,42591.0
2026-02-17 05:15:00,1771305300000,0.14281,0.14362,0.14191,0.14362,33496.0
2026-02-17 05:30:00,1771306200000,0.14362,0.14362,0.14222,0.14227,32354.0
2026-02-17 05:45:00,1771307100000,0.14227,0.14242,0.1408,0.14233,32549.0
2026-02-17 06:00:00,1771308000000,0.14233,0.1431,0.1421,0.14309,25772.0
2026-02-17 06:15:00,1771308900000,0.14309,0.14361,0.14081,0.14153,88622.0
2026-02-17 06:30:00,1771309800000,0.14153,0.14459,0.14153,0.14423,107392.0
2026-02-17 06:45:00,1771310700000,0.14423,0.1446,0.14325,0.14374,58499.0
2026-02-17 07:00:00,1771311600000,0.14374,0.14714,0.14363,0.14553,177897.0
2026-02-17 07:15:00,1771312500000,0.14553,0.14714,0.14487,0.14526,100296.0
2026-02-17 07:30:00,1771313400000,0.14526,0.14635,0.1446,0.14593,84559.0
2026-02-17 07:45:00,1771314300000,0.14593,0.1486,0.14544,0.14827,197568.0
2026-02-17 08:00:00,1771315200000,0.14827,0.14962,0.14798,0.14959,199127.0
2026-02-17 08:15:00,1771316100000,0.14959,0.151,0.14802,0.14918,194858.0
2026-02-17 08:30:00,1771317000000,0.14918,0.14988,0.1476,0.14847,112551.0
2026-02-17 08:45:00,1771317900000,0.14847,0.1492,0.14706,0.14731,80815.0
2026-02-17 09:00:00,1771318800000,0.14731,0.14886,0.14731,0.14765,149940.0
2026-02-17 09:15:00,1771319700000,0.14765,0.14837,0.14704,0.14801,80861.0
2026-02-17 09:30:00,1771320600000,0.14801,0.15004,0.14658,0.14714,393924.0
2026-02-17 09:45:00,1771321500000,0.14714,0.14869,0.14706,0.14747,109143.0
2026-02-17 10:00:00,1771322400000,0.14747,0.14789,0.14527,0.14586,150118.0
2026-02-17 10:15:00,1771323300000,0.14586,0.1461,0.14165,0.14455,418494.0
2026-02-17 10:30:00,1771324200000,0.14455,0.14594,0.14437,0.14592,213995.0
2026-02-17 10:45:00,1771325100000,0.14592,0.14644,0.14532,0.1458,38831.0
2026-02-17 11:00:00,1771326000000,0.1458,0.14648,0.14548,0.14618,40741.0
2026-02-17 11:15:00,1771326900000,0.14618,0.14679,0.14527,0.14663,140589.0
2026-02-17 11:30:00,1771327800000,0.14663,0.1472,0.14605,0.14646,55323.0
2026-02-17 11:45:00,1771328700000,0.14646,0.14646,0.14495,0.14568,37607.0
2026-02-17 12:00:00,1771329600000,0.14568,0.14664,0.14506,0.14659,51764.0
2026-02-17 12:15:00,1771330500000,0.14659,0.147,0.14549,0.14562,109148.0
2026-02-17 12:30:00,1771331400000,0.14562,0.14635,0.14472,0.14598,51416.0
2026-02-17 12:45:00,1771332300000,0.14598,0.14695,0.14535,0.14695,29410.0
2026-02-17 13:00:00,1771333200000,0.14695,0.1472,0.14552,0.14557,50643.0
2026-02-17 13:15:00,1771334100000,0.14557,0.14661,0.14557,0.14636,39806.0
2026-02-17 13:30:00,1771335000000,0.14636,0.14689,0.14591,0.146,36725.0
2026-02-17 13:45:00,1771335900000,0.146,0.14915,0.146,0.14653,166767.0
2026-02-17 14:00:00,1771336800000,0.14653,0.14725,0.14506,0.14705,75507.0
2026-02-17 14:15:00,1771337700000,0.14705,0.14807,0.14683,0.14778,22967.0
2026-02-17 14:30:00,1771338600000,0.14778,0.14903,0.14632,0.14645,183788.0
2026-02-17 14:45:00,1771339500000,0.14645,0.14707,0.14526,0.14583,107740.0
2026-02-17 15:00:00,1771340400000,0.14583,0.14693,0.14444,0.14507,144770.0
2026-02-17 15:15:00,1771341300000,0.14507,0.14568,0.14325,0.14389,106230.0
2026-02-17 15:30:00,1771342200000,0.14389,0.14438,0.14208,0.14356,119940.0
2026-02-17 15:45:00,1771343100000,0.14356,0.14554,0.14356,0.14469,117129.0
2026-02-17 16:00:00,1771344000000,0.14469,0.14605,0.14458,0.14471,55543.0
2026-02-17 16:15:00,1771344900000,0.14471,0.14516,0.14432,0.14447,33306.0
2026-02-17 16:30:00,1771345800000,0.14447,0.14447,0.14244,0.14307,119456.0
2026-02-17 16:45:00,1771346700000,0.14307,0.14307,0.14216,0.14231,52651.0
2026-02-17 17:00:00,1771347600000,0.14231,0.1436,0.14189,0.14341,64210.0
2026-02-17 17:15:00,1771348500000,0.14341,0.1435,0.14301,0.14309,19454.0
2026-02-17 17:30:00,1771349400000,0.14309,0.14406,0.14309,0.14379,31981.0
2026-02-17 17:45:00,1771350300000,0.14379,0.14422,0.14325,0.14407,90356.0
2026-02-17 18:00:00,1771351200000,0.14407,0.14498,0.14403,0.14447,63309.0
2026-02-17 18:15:00,1771352100000,0.14447,0.14497,0.14424,0.14424,24468.0
2026-02-17 18:30:00,1771353000000,0.14424,0.14521,0.14424,0.14496,27869.0
2026-02-17 18:45:00,1771353900000,0.14496,0.14569,0.14483,0.14512,21638.0
2026-02-17 19:00:00,1771354800000,0.14512,0.14512,0.1441,0.14445,12196.0
2026-02-17 19:15:00,1771355700000,0.14445,0.14449,0.14311,0.14368,80043.0
2026-02-17 19:30:00,1771356600000,0.14368,0.14379,0.14248,0.14293,53783.0
2026-02-17 19:45:00,1771357500000,0.14293,0.14392,0.14263,0.14291,53710.0
2026-02-17 20:00:00,1771358400000,0.14291,0.14457,0.1426,0.1442,62972.0
2026-02-17 20:15:00,1771359300000,0.1442,0.1447,0.14385,0.14429,20106.0
2026-02-17 20:30:00,1771360200000,0.14429,0.14449,0.14361,0.14442,55546.0
2026-02-17 20:45:00,1771361100000,0.14442,0.14455,0.14414,0.14423,18644.0
2026-02-17 21:00:00,1771362000000,0.14423,0.1448,0.144,0.14473,16828.0
2026-02-17 21:15:00,1771362900000,0.14473,0.14541,0.14473,0.14476,29296.0
2026-02-17 21:30:00,1771363800000,0.14476,0.14538,0.14469,0.14505,9601.0
2026-02-17 21:45:00,1771364700000,0.14505,0.14533,0.14464,0.14493,43410.0
2026-02-17 22:00:00,1771365600000,0.14493,0.14695,0.14493,0.14515,128455.0
2026-02-17 22:15:00,1771366500000,0.14515,0.14525,0.14485,0.14486,25690.0
2026-02-17 22:30:00,1771367400000,0.14486,0.14536,0.14486,0.14528,7424.0
2026-02-17 22:45:00,1771368300000,0.14528,0.14528,0.14478,0.14488,1048.0
2026-02-17 23:00:00,1771369200000,0.14488,0.14488,0.14412,0.14431,10625.0
2026-02-17 23:15:00,1771370100000,0.14431,0.14553,0.14414,0.14527,56460.0
2026-02-17 23:30:00,1771371000000,0.14527,0.14585,0.14491,0.14502,16610.0
2026-02-17 23:45:00,1771371900000,0.14502,0.14607,0.14476,0.14568,18188.0
2026-02-18 00:00:00,1771372800000,0.14568,0.14579,0.14445,0.14465,23274.0
2026-02-18 00:15:00,1771373700000,0.14465,0.14468,0.14317,0.1437,37161.0
2026-02-18 00:30:00,1771374600000,0.1437,0.14408,0.14271,0.14342,18697.0
2026-02-18 00:45:00,1771375500000,0.14342,0.14342,0.14311,0.14338,21958.0
2026-02-18 01:00:00,1771376400000,0.14338,0.14349,0.14264,0.14308,11606.0
2026-02-18 01:15:00,1771377300000,0.14308,0.14352,0.14303,0.1435,7202.0
2026-02-18 01:30:00,1771378200000,0.1435,0.1438,0.1435,0.1438,6068.0
2026-02-18 01:45:00,1771379100000,0.1438,0.14396,0.14358,0.14369,9017.0
2026-02-18 02:00:00,1771380000000,0.14369,0.14369,0.14312,0.14359,19320.0
2026-02-18 02:15:00,1771380900000,0.14359,0.14437,0.14346,0.14397,8922.0
2026-02-18 02:30:00,1771381800000,0.14397,0.14498,0.14397,0.14491,12731.0
2026-02-18 02:45:00,1771382700000,0.14491,0.14491,0.14443,0.14443,3103.0
2026-02-18 03:00:00,1771383600000,0.14443,0.14688,0.14443,0.14535,63094.0
2026-02-18 03:15:00,1771384500000,0.14535,0.14555,0.14404,0.14445,25426.0
2026-02-18 03:30:00,1771385400000,0.14445,0.14506,0.14427,0.14427,22900.0
2026-02-18 03:45:00,1771386300000,0.14427,0.14429,0.14286,0.14351,31695.0
2026-02-18 04:00:00,1771387200000,0.14351,0.14363,0.14323,0.14358,15434.0
2026-02-18 04:15:00,1771388100000,0.14358,0.14408,0.14355,0.14402,10628.0
2026-02-18 04:30:00,1771389000000,0.14402,0.14536,0.14401,0.14536,30752.0
2026-02-18 04:45:00,1771389900000,0.14536,0.14543,0.14449,0.145,45350.0
2026-02-18 05:00:00,1771390800000,0.145,0.14509,0.14457,0.14471,4708.0
2026-02-18 05:15:00,1771391700000,0.14471,0.14519,0.14454,0.14514,14532.0
2026-02-18 05:30:00,1771392600000,0.14514,0.14514,0.14339,0.1443,57129.0
2026-02-18 05:45:00,1771393500000,0.1443,0.14875,0.14386,0.14831,259611.0
2026-02-18 06:00:00,1771394400000,0.14831,0.15345,0.14831,0.15228,424743.0
2026-02-18 06:15:00,1771395300000,0.15228,0.15484,0.14843,0.14883,818378.0
2026-02-18 06:30:00,1771396200000,0.14883,0.15028,0.14788,0.14909,129744.0
2026-02-18 06:45:00,1771397100000,0.14909,0.15015,0.14813,0.14942,64192.0
2026-02-18 07:00:00,1771398000000,0.14942,0.15039,0.14924,0.15026,61479.0
2026-02-18 07:15:00,1771398900000,0.15026,0.15026,0.14695,0.14697,165350.0
2026-02-18 07:30:00,1771399800000,0.14697,0.147,0.14499,0.14579,142408.0
2026-02-18 07:45:00,1771400700000,0.14579,0.1472,0.14579,0.14711,27827.0
2026-02-18 08:00:00,1771401600000,0.14711,0.14724,0.14586,0.14658,32486.0
2026-02-18 08:15:00,1771402500000,0.14658,0.14737,0.14624,0.14709,26660.0
2026-02-18 08:30:00,1771403400000,0.14709,0.14726,0.14608,0.14618,35112.0
2026-02-18 08:45:00,1771404300000,0.14618,0.14641,0.14542,0.14563,60209.0
2026-02-18 09:00:00,1771405200000,0.14563,0.14573,0.14493,0.14523,14746.0
2026-02-18 09:15:00,1771406100000,0.14523,0.14523,0.14507,0.14507,2257.0
2026-02-18 09:30:00,1771407000000,0.14507,0.14645,0.14498,0.14645,37506.0
2026-02-18 09:45:00,1771407900000,0.14645,0.14671,0.14609,0.14616,15754.0
2026-02-18 10:00:00,1771408800000,0.14616,0.14624,0.14484,0.14527,42566.0
2026-02-18 10:15:00,1771409700000,0.14527,0.14527,0.14471,0.14487,7152.0
2026-02-18 10:30:00,1771410600000,0.14487,0.1451,0.14472,0.14509,11416.0
2026-02-18 10:45:00,1771411500000,0.14509,0.14539,0.14506,0.14532,7572.0
2026-02-18 11:00:00,1771412400000,0.14532,0.14544,0.14367,0.1446,30158.0
2026-02-18 11:15:00,1771413300000,0.1446,0.14471,0.14437,0.14451,13320.0
2026-02-18 11:30:00,1771414200000,0.14451,0.14575,0.14449,0.14575,18747.0
2026-02-18 11:45:00,1771415100000,0.14575,0.14575,0.1451,0.14512,18197.0
2026-02-18 12:00:00,1771416000000,0.14512,0.14571,0.14454,0.14528,38851.0
2026-02-18 12:15:00,1771416900000,0.14528,0.14533,0.14492,0.14528,9917.0
2026-02-18 12:30:00,1771417800000,0.14528,0.14536,0.1448,0.14503,14677.0
2026-02-18 12:45:00,1771418700000,0.14503,0.14512,0.1448,0.14498,8137.0
2026-02-18 13:00:00,1771419600000,0.14498,0.14498,0.14425,0.14451,13278.0
2026-02-18 13:15:00,1771420500000,0.14451,0.14464,0.14393,0.14414,21659.0
2026-02-18 13:30:00,1771421400000,0.14414,0.14571,0.1431,0.14557,48879.0
2026-02-18 13:45:00,1771422300000,0.14557,0.14825,0.14553,0.14676,108413.0
2026-02-18 14:00:00,1771423200000,0.14676,0.1483,0.14592,0.14749,51694.0
2026-02-18 14:15:00,1771424100000,0.14749,0.14797,0.14725,0.14732,20807.0
2026-02-18 14:30:00,1771425000000,0.14732,0.14809,0.1441,0.14432,113400.0
2026-02-18 14:45:00,1771425900000,0.14432,0.1447,0.13868,0.1435,635996.0
2026-02-18 15:00:00,1771426800000,0.1435,0.14377,0.14262,0.14296,33860.0
2026-02-18 15:15:00,1771427700000,0.14296,0.1445,0.14296,0.14423,42711.0
2026-02-18 15:30:00,1771428600000,0.14423,0.1471,0.14405,0.1471,81253.0
2026-02-18 15:45:00,1771429500000,0.1471,0.15177,0.1471,0.15171,143672.0
2026-02-18 16:00:00,1771430400000,0.15171,0.1541,0.14987,0.15196,311885.0
2026-02-18 16:15:00,1771431300000,0.15196,0.15362,0.15106,0.15346,71202.0
2026-02-18 16:30:00,1771432200000,0.15346,0.155,0.1502,0.15094,222170.0
2026-02-18 16:45:00,1771433100000,0.15094,0.15168,0.14942,0.14996,63484.0
2026-02-18 17:00:00,1771434000000,0.14996,0.15082,0.14943,0.15005,53136.0
2026-02-18 17:15:00,1771434900000,0.15005,0.15221,0.14974,0.1517,81505.0
2026-02-18 17:30:00,1771435800000,0.1517,0.1523,0.15012,0.15065,34017.0
2026-02-18 17:45:00,1771436700000,0.15065,0.15316,0.15036,0.15304,52923.0
2026-02-18 18:00:00,1771437600000,0.15304,0.15304,0.15126,0.15215,48080.0
2026-02-18 18:15:00,1771438500000,0.15215,0.15215,0.14991,0.15098,47673.0
2026-02-18 18:30:00,1771439400000,0.15098,0.15137,0.14991,0.15015,41775.0
2026-02-18 18:45:00,1771440300000,0.15015,0.15162,0.15014,0.15161,23642.0
2026-02-18 19:00:00,1771441200000,0.15161,0.15337,0.14991,0.15294,200202.0
2026-02-18 19:15:00,1771442100000,0.15294,0.15315,0.15152,0.15285,54857.0
2026-02-18 19:30:00,1771443000000,0.15285,0.15477,0.15277,0.15307,94121.0
2026-02-18 19:45:00,1771443900000,0.15307,0.15362,0.15189,0.15362,59715.0
2026-02-18 20:00:00,1771444800000,0.15362,0.15581,0.15343,0.15464,167648.0
2026-02-18 20:15:00,1771445700000,0.15464,0.15557,0.15132,0.15336,313178.0
2026-02-18 20:30:00,1771446600000,0.15336,0.15366,0.15028,0.15148,98848.0
2026-02-18 20:45:00,1771447500000,0.15148,0.1544,0.15112,0.1537,61817.0
2026-02-18 21:00:00,1771448400000,0.1537,0.15481,0.15332,0.15389,46276.0
2026-02-18 21:15:00,1771449300000,0.15389,0.15435,0.15257,0.15399,48463.0
2026-02-18 21:30:00,1771450200000,0.15399,0.15508,0.15386,0.15443,28834.0
2026-02-18 21:45:00,1771451100000,0.15443,0.15466,0.15364,0.15429,16467.0
2026-02-18 22:00:00,1771452000000,0.15429,0.15536,0.15289,0.154,57698.0
2026-02-18 22:15:00,1771452900000,0.154,0.15524,0.15326,0.155,54312.0
2026-02-18 22:30:00,1771453800000,0.155,0.15881,0.15483,0.15617,309316.0
2026-02-18 22:45:00,1771454700000,0.15617,0.15804,0.15522,0.15751,131302.0
2026-02-18 23:00:00,1771455600000,0.15751,0.15751,0.1546,0.1563,173716.0
2026-02-18 23:15:00,1771456500000,0.1563,0.15893,0.15567,0.15858,145129.0
2026-02-18 23:30:00,1771457400000,0.15858,0.16319,0.15818,0.16286,267916.0
2026-02-18 23:45:00,1771458300000,0.16286,0.16286,0.16122,0.16209,148311.0
2026-02-19 00:00:00,1771459200000,0.16209,0.1624,0.15637,0.15685,730465.0
2026-02-19 00:15:00,1771460100000,0.15685,0.15881,0.15566,0.15844,220727.0
2026-02-19 00:30:00,1771461000000,0.15844,0.15997,0.15792,0.15881,188090.0
2026-02-19 00:45:00,1771461900000,0.15881,0.15981,0.158,0.15866,100366.0
2026-02-19 01:00:00,1771462800000,0.15866,0.15997,0.15863,0.15899,108915.0
2026-02-19 01:15:00,1771463700000,0.15899,0.15922,0.15781,0.15843,84151.0
2026-02-19 01:30:00,1771464600000,0.15843,0.15928,0.15699,0.1571,94910.0
2026-02-19 01:45:00,1771465500000,0.1571,0.15917,0.15644,0.15766,100768.0
2026-02-19 02:00:00,1771466400000,0.15766,0.15766,0.15497,0.15735,214367.0
2026-02-19 02:15:00,1771467300000,0.15735,0.15814,0.157,0.157,60883.0
2026-02-19 02:30:00,1771468200000,0.157,0.15714,0.15559,0.1561,104999.0
2026-02-19 02:45:00,1771469100000,0.1561,0.1566,0.15454,0.15621,133177.0
2026-02-19 03:00:00,1771470000000,0.15621,0.15739,0.15569,0.15624,50593.0
2026-02-19 03:15:00,1771470900000,0.15624,0.15905,0.15622,0.15842,188033.0
2026-02-19 03:30:00,1771471800000,0.15842,0.15873,0.15774,0.15842,51995.0
2026-02-19 03:45:00,1771472700000,0.15842,0.15936,0.15676,0.15676,88692.0
2026-02-19 04:00:00,1771473600000,0.15676,0.1587,0.15669,0.15866,78922.0
2026-02-19 04:15:00,1771474500000,0.15866,0.15903,0.15779,0.15837,16462.0
2026-02-19 04:30:00,1771475400000,0.15837,0.15868,0.15776,0.15821,30237.0
2026-02-19 04:45:00,1771476300000,0.15821,0.15821,0.15541,0.1565,201580.0
2026-02-19 05:00:00,1771477200000,0.1565,0.1572,0.15626,0.15708,68910.0
2026-02-19 05:15:00,1771478100000,0.15708,0.15766,0.15639,0.15679,61789.0
2026-02-19 05:30:00,1771479000000,0.15679,0.15753,0.15543,0.15568,93709.0
2026-02-19 05:45:00,1771479900000,0.15568,0.15749,0.15525,0.15745,38576.0
2026-02-19 06:00:00,1771480800000,0.15745,0.15891,0.15711,0.15763,86673.0
2026-02-19 06:15:00,1771481700000,0.15763,0.15801,0.15692,0.15801,35742.0
2026-02-19 06:30:00,1771482600000,0.15801,0.16,0.15666,0.15793,287926.0
2026-02-19 06:45:00,1771483500000,0.15793,0.15917,0.1572,0.15834,41987.0
2026-02-19 07:00:00,1771484400000,0.15834,0.15985,0.15828,0.15849,104057.0
2026-02-19 07:15:00,1771485300000,0.15849,0.15921,0.15805,0.15903,30108.0
2026-02-19 07:30:00,1771486200000,0.15903,0.15911,0.1573,0.15768,24075.0
2026-02-19 07:45:00,1771487100000,0.15768,0.15883,0.15761,0.15883,15410.0
2026-02-19 08:00:00,1771488000000,0.15883,0.16073,0.15784,0.15951,185385.0
2026-02-19 08:15:00,1771488900000,0.15951,0.15981,0.15554,0.15743,338608.0
2026-02-19 08:30:00,1771489800000,0.15743,0.15771,0.15613,0.15734,80848.0
2026-02-19 08:45:00,1771490700000,0.15734,0.15874,0.15657,0.15811,115347.0
2026-02-19 09:00:00,1771491600000,0.15811,0.15883,0.15685,0.15689,106035.0
2026-02-19 09:15:00,1771492500000,0.15689,0.1574,0.15618,0.15679,40480.0
2026-02-19 09:30:00,1771493400000,0.15679,0.15735,0.15644,0.15685,35015.0
2026-02-19 09:45:00,1771494300000,0.15685,0.1582,0.15675,0.15797,64114.0
2026-02-19 10:00:00,1771495200000,0.15797,0.15804,0.15508,0.1554,110325.0
2026-02-19 10:15:00,1771496100000,0.1554,0.157,0.15517,0.157,95129.0
2026-02-19 10:30:00,1771497000000,0.157,0.15864,0.15679,0.15824,47178.0
2026-02-19 10:45:00,1771497900000,0.15824,0.15904,0.15785,0.15871,91062.0
2026-02-19 11:00:00,1771498800000,0.15871,0.15963,0.15811,0.15954,67943.0
2026-02-19 11:15:00,1771499700000,0.15954,0.16002,0.15706,0.15742,217130.0
2026-02-19 11:30:00,1771500600000,0.15742,0.15775,0.15678,0.15722,74360.0
2026-02-19 11:45:00,1771501500000,0.15722,0.15758,0.15613,0.15699,100014.0
2026-02-19 12:00:00,1771502400000,0.15699,0.15721,0.15587,0.15645,69029.0
2026-02-19 12:15:00,1771503300000,0.15645,0.15879,0.15613,0.1585,96283.0
2026-02-19 12:30:00,1771504200000,0.1585,0.15971,0.15672,0.15801,184618.0
2026-02-19 12:45:00,1771505100000,0.15801,0.1597,0.15776,0.15892,99048.0
2026-02-19 13:00:00,1771506000000,0.15892,0.15959,0.15748,0.15812,73722.0
2026-02-19 13:15:00,1771506900000,0.15812,0.15961,0.15659,0.15825,297272.0
2026-02-19 13:30:00,1771507800000,0.15825,0.15879,0.15715,0.15787,69740.0
2026-02-19 13:45:00,1771508700000,0.15787,0.15844,0.15728,0.15797,42851.0
2026-02-19 14:00:00,1771509600000,0.15797,0.15908,0.1574,0.15891,74685.0
2026-02-19 14:15:00,1771510500000,0.15891,0.16042,0.15834,0.15861,90817.0
2026-02-19 14:30:00,1771511400000,0.15861,0.1596,0.15775,0.1593,77864.0
2026-02-19 14:45:00,1771512300000,0.1593,0.16014,0.15815,0.1597,47627.0
2026-02-19 15:00:00,1771513200000,0.1597,0.16049,0.15838,0.15838,62303.0
2026-02-19 15:15:00,1771514100000,0.15838,0.15907,0.1563,0.15792,162211.0
2026-02-19 15:30:00,1771515000000,0.15792,0.15875,0.15692,0.15873,129280.0
2026-02-19 15:45:00,1771515900000,0.15873,0.15952,0.15792,0.15817,65497.0
2026-02-19 16:00:00,1771516800000,0.15817,0.15843,0.15588,0.15726,86967.0
2026-02-19 16:15:00,1771517700000,0.15726,0.1575,0.15645,0.1575,45874.0
2026-02-19 16:30:00,1771518600000,0.1575,0.15846,0.15732,0.15785,49254.0
2026-02-19 16:45:00,1771519500000,0.15785,0.15809,0.15734,0.15809,9201.0
2026-02-19 17:00:00,1771520400000,0.15809,0.15894,0.15697,0.15749,278893.0
2026-02-19 17:15:00,1771521300000,0.15749,0.15798,0.15716,0.15721,25901.0
2026-02-19 17:30:00,1771522200000,0.15721,0.15937,0.15666,0.15882,102143.0
2026-02-19 17:45:00,1771523100000,0.15882,0.15882,0.15789,0.15832,17353.0
2026-02-19 18:00:00,1771524000000,0.15832,0.15986,0.15802,0.15986,33147.0
2026-02-19 18:15:00,1771524900000,0.15986,0.16,0.15877,0.15965,36158.0
2026-02-19 18:30:00,1771525800000,0.15965,0.16081,0.15878,0.15907,118255.0
2026-02-19 18:45:00,1771526700000,0.15907,0.1594,0.15739,0.15859,79543.0
2026-02-19 19:00:00,1771527600000,0.15859,0.15935,0.15794,0.15794,15093.0
2026-02-19 19:15:00,1771528500000,0.15794,0.15816,0.15712,0.15752,56332.0
2026-02-19 19:30:00,1771529400000,0.15752,0.15783,0.15725,0.15772,28892.0
2026-02-19 19:45:00,1771530300000,0.15772,0.15789,0.15744,0.15786,18776.0
2026-02-19 20:00:00,1771531200000,0.15786,0.15789,0.15616,0.157,75886.0
2026-02-19 20:15:00,1771532100000,0.157,0.15752,0.15672,0.15715,23848.0
2026-02-19 20:30:00,1771533000000,0.15715,0.15767,0.15694,0.15758,15210.0
2026-02-19 20:45:00,1771533900000,0.15758,0.15785,0.15703,0.15732,35454.0
2026-02-19 21:00:00,1771534800000,0.15732,0.15864,0.15723,0.15855,59529.0
2026-02-19 21:15:00,1771535700000,0.15855,0.15917,0.15823,0.15852,79343.0
2026-02-19 21:30:00,1771536600000,0.15852,0.15852,0.15789,0.15851,16674.0
2026-02-19 21:45:00,1771537500000,0.15851,0.1588,0.15789,0.15824,74699.0
2026-02-19 22:00:00,1771538400000,0.15824,0.15843,0.15786,0.15796,33279.0
2026-02-19 22:15:00,1771539300000,0.15796,0.15811,0.15758,0.15767,27793.0
2026-02-19 22:30:00,1771540200000,0.15767,0.15778,0.15655,0.15686,16243.0
2026-02-19 22:45:00,1771541100000,0.15686,0.15752,0.1565,0.15695,16188.0
2026-02-19 23:00:00,1771542000000,0.15695,0.15828,0.15669,0.15804,67474.0
2026-02-19 23:15:00,1771542900000,0.15804,0.15873,0.15786,0.15829,30567.0
2026-02-19 23:30:00,1771543800000,0.15829,0.15932,0.15778,0.15925,140623.0
2026-02-19 23:45:00,1771544700000,0.15925,0.16047,0.15803,0.15841,105264.0
2026-02-20 00:00:00,1771545600000,0.15841,0.15907,0.1575,0.15803,55191.0
2026-02-20 00:15:00,1771546500000,0.15803,0.15837,0.15706,0.15765,95229.0
2026-02-20 00:30:00,1771547400000,0.15765,0.1588,0.15752,0.1588,39645.0
2026-02-20 00:45:00,1771548300000,0.1588,0.15889,0.1579,0.15827,53007.0
2026-02-20 01:00:00,1771549200000,0.15827,0.15871,0.15816,0.15827,36771.0
2026-02-20 01:15:00,1771550100000,0.15827,0.15918,0.15785,0.15835,51024.0
2026-02-20 01:30:00,1771551000000,0.15835,0.15879,0.15797,0.15866,10413.0
2026-02-20 01:45:00,1771551900000,0.15866,0.16,0.1586,0.15956,48799.0
2026-02-20 02:00:00,1771552800000,0.15956,0.15972,0.15912,0.15951,18792.0
2026-02-20 02:15:00,1771553700000,0.15951,0.1596,0.15721,0.1574,54710.0
2026-02-20 02:30:00,1771554600000,0.1574,0.1574,0.15164,0.15312,582068.0
2026-02-20 02:45:00,1771555500000,0.15312,0.15337,0.15079,0.15226,133623.0
2026-02-20 03:00:00,1771556400000,0.15226,0.15254,0.15039,0.15039,80810.0
2026-02-20 03:15:00,1771557300000,0.15039,0.15045,0.148,0.14883,336194.0
2026-02-20 03:30:00,1771558200000,0.14883,0.14883,0.14615,0.14688,207443.0
2026-02-20 03:45:00,1771559100000,0.14688,0.14802,0.14648,0.14675,100351.0
2026-02-20 04:00:00,1771560000000,0.14675,0.14856,0.14648,0.14775,104969.0
2026-02-20 04:15:00,1771560900000,0.14775,0.1482,0.14706,0.14724,42377.0
2026-02-20 04:30:00,1771561800000,0.14724,0.14725,0.14546,0.14634,67981.0
2026-02-20 04:45:00,1771562700000,0.14634,0.14634,0.14369,0.14528,185941.0
2026-02-20 05:00:00,1771563600000,0.14528,0.14572,0.14423,0.1444,123362.0
2026-02-20 05:15:00,1771564500000,0.1444,0.14452,0.14278,0.14408,94580.0
2026-02-20 05:30:00,1771565400000,0.14408,0.14686,0.14388,0.14567,151811.0
2026-02-20 05:45:00,1771566300000,0.14567,0.1497,0.14504,0.14858,242181.0
2026-02-20 06:00:00,1771567200000,0.14858,0.15054,0.14812,0.14842,113467.0
2026-02-20 06:15:00,1771568100000,0.14842,0.14917,0.14792,0.14897,27762.0
2026-02-20 06:30:00,1771569000000,0.14897,0.14966,0.14821,0.14831,47109.0
2026-02-20 06:45:00,1771569900000,0.14831,0.15005,0.14821,0.14975,42430.0
2026-02-20 07:00:00,1771570800000,0.14975,0.15159,0.14801,0.14941,211792.0
2026-02-20 07:15:00,1771571700000,0.14941,0.15015,0.14826,0.15015,32135.0
2026-02-20 07:30:00,1771572600000,0.15015,0.15318,0.15011,0.15231,139746.0
2026-02-20 07:45:00,1771573500000,0.15231,0.153,0.15095,0.15288,68346.0
2026-02-20 08:00:00,1771574400000,0.15288,0.15288,0.15051,0.15084,94778.0
2026-02-20 08:15:00,1771575300000,0.15084,0.15405,0.15056,0.15352,217696.0
2026-02-20 08:30:00,1771576200000,0.15352,0.15373,0.15238,0.15293,28593.0
2026-02-20 08:45:00,1771577100000,0.15293,0.15307,0.15235,0.15246,5475.0
2026-02-20 09:00:00,1771578000000,0.15246,0.15248,0.15033,0.15153,164531.0
2026-02-20 09:15:00,1771578900000,0.15153,0.1524,0.15125,0.1524,84411.0
2026-02-20 09:30:00,1771579800000,0.1524,0.15262,0.15185,0.1523,70540.0
2026-02-20 09:45:00,1771580700000,0.1523,0.1523,0.15111,0.15138,40076.0
2026-02-20 10:00:00,1771581600000,0.15138,0.15297,0.15121,0.15195,80970.0
2026-02-20 10:15:00,1771582500000,0.15195,0.15422,0.15195,0.15336,61626.0
2026-02-20 10:30:00,1771583400000,0.15336,0.15592,0.15267,0.1554,74099.0
2026-02-20 10:45:00,1771584300000,0.1554,0.15564,0.15377,0.15399,61933.0
2026-02-20 11:00:00,1771585200000,0.15399,0.15463,0.15362,0.15442,16307.0
2026-02-20 11:15:00,1771586100000,0.15442,0.15514,0.15393,0.15419,46007.0
2026-02-20 11:30:00,1771587000000,0.15419,0.15483,0.15311,0.15311,59852.0
2026-02-20 11:45:00,1771587900000,0.15311,0.15651,0.1526,0.1559,115899.0
2026-02-20 12:00:00,1771588800000,0.1559,0.1559,0.15401,0.15401,27881.0
2026-02-20 12:15:00,1771589700000,0.15401,0.15508,0.15343,0.15429,29897.0
2026-02-20 12:30:00,1771590600000,0.15429,0.15783,0.15428,0.15594,85187.0
2026-02-20 12:45:00,1771591500000,0.15594,0.15594,0.15352,0.15414,47900.0
2026-02-20 13:00:00,1771592400000,0.15414,0.1558,0.15336,0.15354,73569.0
2026-02-20 13:15:00,1771593300000,0.15354,0.15522,0.15241,0.1532,107724.0
2026-02-20 13:30:00,1771594200000,0.1532,0.15343,0.15049,0.15232,255375.0
2026-02-20 13:45:00,1771595100000,0.15232,0.15254,0.15191,0.15232,69248.0
2026-02-20 14:00:00,1771596000000,0.15232,0.15248,0.15098,0.15222,136461.0
2026-02-20 14:15:00,1771596900000,0.15222,0.15243,0.14976,0.14995,153091.0
2026-02-20 14:30:00,1771597800000,0.14995,0.15019,0.14861,0.14901,157140.0
2026-02-20 14:45:00,1771598700000,0.14901,0.15082,0.1487,0.15009,99500.0
2026-02-20 15:00:00,1771599600000,0.15009,0.15148,0.14854,0.14958,147752.0
2026-02-20 15:15:00,1771600500000,0.14958,0.15072,0.14931,0.15006,59970.0
2026-02-20 15:30:00,1771601400000,0.15006,0.1517,0.1498,0.15103,138587.0
2026-02-20 15:45:00,1771602300000,0.15103,0.15235,0.15069,0.15106,73993.0
2026-02-20 16:00:00,1771603200000,0.15106,0.15248,0.15101,0.15221,47764.0
2026-02-20 16:15:00,1771604100000,0.15221,0.15267,0.15079,0.15104,44553.0
2026-02-20 16:30:00,1771605000000,0.15104,0.15104,0.15015,0.15067,13771.0
2026-02-20 16:45:00,1771605900000,0.15067,0.15111,0.15038,0.15094,34671.0
2026-02-20 17:00:00,1771606800000,0.15094,0.15094,0.14878,0.14937,38418.0
2026-02-20 17:15:00,1771607700000,0.14937,0.15042,0.14937,0.15033,25704.0
2026-02-20 17:30:00,1771608600000,0.15033,0.15081,0.15008,0.15049,43938.0
2026-02-20 17:45:00,1771609500000,0.15049,0.15074,0.15017,0.15047,18045.0
2026-02-20 18:00:00,1771610400000,0.15047,0.15113,0.15014,0.1502,13585.0
2026-02-20 18:15:00,1771611300000,0.1502,0.15026,0.14813,0.14912,70727.0
2026-02-20 18:30:00,1771612200000,0.14912,0.14926,0.14555,0.147,287967.0
2026-02-20 18:45:00,1771613100000,0.147,0.14763,0.14673,0.1473,39874.0
2026-02-20 19:00:00,1771614000000,0.1473,0.14773,0.14523,0.14672,285707.0
2026-02-20 19:15:00,1771614900000,0.14672,0.14749,0.14607,0.14607,24554.0
2026-02-20 19:30:00,1771615800000,0.14607,0.14668,0.14557,0.14589,38167.0
2026-02-20 19:45:00,1771616700000,0.14589,0.14656,0.14577,0.14632,10207.0
2026-02-20 20:00:00,1771617600000,0.14632,0.14791,0.14629,0.14681,39190.0
2026-02-20 20:15:00,1771618500000,0.14681,0.14792,0.14649,0.1466,41283.0
2026-02-20 20:30:00,1771619400000,0.1466,0.14703,0.14584,0.14645,15856.0
2026-02-20 20:45:00,1771620300000,0.14645,0.14747,0.14638,0.14659,50847.0
2026-02-20 21:00:00,1771621200000,0.14659,0.14724,0.14643,0.1466,11395.0
2026-02-20 21:15:00,1771622100000,0.1466,0.14775,0.1466,0.14727,35697.0
2026-02-20 21:30:00,1771623000000,0.14727,0.14736,0.14676,0.14688,7372.0
2026-02-20 21:45:00,1771623900000,0.14688,0.14706,0.14683,0.14689,1117.0
2026-02-20 22:00:00,1771624800000,0.14689,0.14716,0.14638,0.14658,8073.0
2026-02-20 22:15:00,1771625700000,0.14658,0.14658,0.14562,0.14599,26371.0
2026-02-20 22:30:00,1771626600000,0.14599,0.14759,0.14568,0.14744,45110.0
2026-02-20 22:45:00,1771627500000,0.14744,0.14744,0.14653,0.1467,1903.0
2026-02-20 23:00:00,1771628400000,0.1467,0.14673,0.14643,0.14666,3103.0
2026-02-20 23:15:00,1771629300000,0.14666,0.14668,0.1441,0.14472,131589.0
2026-02-20 23:30:00,1771630200000,0.14472,0.14518,0.14434,0.14464,39024.0
2026-02-20 23:45:00,1771631100000,0.14464,0.14576,0.14464,0.14576,21661.0
2026-02-21 00:00:00,1771632000000,0.14576,0.14641,0.14455,0.14641,17630.0
2026-02-21 00:15:00,1771632900000,0.14641,0.14689,0.1458,0.14624,10605.0
2026-02-21 00:30:00,1771633800000,0.14624,0.14718,0.14569,0.14569,12492.0
2026-02-21 00:45:00,1771634700000,0.14569,0.14593,0.14507,0.14519,4211.0
2026-02-21 01:00:00,1771635600000,0.14519,0.14563,0.14506,0.14517,2997.0
2026-02-21 01:15:00,1771636500000,0.14517,0.14531,0.14484,0.14506,2442.0
2026-02-21 01:30:00,1771637400000,0.14506,0.14564,0.14492,0.14557,3304.0
2026-02-21 01:45:00,1771638300000,0.14557,0.14617,0.14504,0.14547,59602.0
2026-02-21 02:00:00,1771639200000,0.14547,0.14552,0.14261,0.14273,116197.0
2026-02-21 02:15:00,1771640100000,0.14273,0.14401,0.1419,0.14315,26812.0
2026-02-21 02:30:00,1771641000000,0.14315,0.14324,0.1426,0.14289,22757.0
2026-02-21 02:45:00,1771641900000,0.14289,0.14315,0.14253,0.14265,10811.0
2026-02-21 03:00:00,1771642800000,0.14265,0.14317,0.14223,0.14317,7331.0
2026-02-21 03:15:00,1771643700000,0.14317,0.14349,0.14266,0.14266,5953.0
2026-02-21 03:30:00,1771644600000,0.14266,0.14323,0.14198,0.14217,9740.0
2026-02-21 03:45:00,1771645500000,0.14217,0.14254,0.1407,0.14105,40335.0
2026-02-21 04:00:00,1771646400000,0.14105,0.14215,0.14019,0.14178,59552.0
2026-02-21 04:15:00,1771647300000,0.14178,0.14251,0.14077,0.14121,21009.0
2026-02-21 04:30:00,1771648200000,0.14121,0.14121,0.13817,0.13952,89866.0
2026-02-21 04:45:00,1771649100000,0.13952,0.1401,0.13914,0.13959,18431.0
2026-02-21 05:00:00,1771650000000,0.13959,0.1398,0.1389,0.13918,15308.0
2026-02-21 05:15:00,1771650900000,0.13918,0.13982,0.139,0.1392,15685.0
2026-02-21 05:30:00,1771651800000,0.1392,0.13963,0.1379,0.13934,21663.0
2026-02-21 05:45:00,1771652700000,0.13934,0.13968,0.13908,0.13908,17483.0
2026-02-21 06:00:00,1771653600000,0.13908,0.13984,0.13908,0.13959,27258.0
2026-02-21 06:15:00,1771654500000,0.13959,0.13962,0.13842,0.13886,10045.0
2026-02-21 06:30:00,1771655400000,0.13886,0.13947,0.13765,0.13799,35154.0
2026-02-21 06:45:00,1771656300000,0.13799,0.13948,0.13799,0.13916,28710.0
2026-02-21 07:00:00,1771657200000,0.13916,0.14105,0.13873,0.14025,72021.0
2026-02-21 07:15:00,1771658100000,0.14025,0.14069,0.13965,0.13967,25910.0
2026-02-21 07:30:00,1771659000000,0.13967,0.14039,0.139,0.1396,20479.0
2026-02-21 07:45:00,1771659900000,0.1396,0.13993,0.13893,0.13927,18435.0
2026-02-21 08:00:00,1771660800000,0.13927,0.13933,0.13793,0.13849,36693.0
2026-02-21 08:15:00,1771661700000,0.13849,0.13963,0.13849,0.13897,44411.0
2026-02-21 08:30:00,1771662600000,0.13897,0.13992,0.1381,0.13831,28722.0
2026-02-21 08:45:00,1771663500000,0.13831,0.13899,0.13805,0.13862,26995.0
2026-02-21 09:00:00,1771664400000,0.13862,0.13965,0.13846,0.13929,38973.0
2026-02-21 09:15:00,1771665300000,0.13929,0.13964,0.13904,0.13936,26206.0
2026-02-21 09:30:00,1771666200000,0.13936,0.14029,0.13921,0.13921,43603.0
2026-02-21 09:45:00,1771667100000,0.13921,0.14021,0.13921,0.13986,7197.0
2026-02-21 10:00:00,1771668000000,0.13986,0.14092,0.13986,0.14052,31848.0
2026-02-21 10:15:00,1771668900000,0.14052,0.14206,0.14022,0.14026,120987.0
2026-02-21 10:30:00,1771669800000,0.14026,0.14061,0.14019,0.1406,17148.0
2026-02-21 10:45:00,1771670700000,0.1406,0.14155,0.14049,0.14053,32815.0
2026-02-21 11:00:00,1771671600000,0.14053,0.14141,0.14002,0.14141,46476.0
2026-02-21 11:15:00,1771672500000,0.14141,0.14172,0.14013,0.14029,17306.0
2026-02-21 11:30:00,1771673400000,0.14029,0.14046,0.13913,0.13932,43803.0
2026-02-21 11:45:00,1771674300000,0.13932,0.13993,0.13932,0.13956,23035.0
2026-02-21 12:00:00,1771675200000,0.13956,0.13956,0.13845,0.13947,26461.0
2026-02-21 12:15:00,1771676100000,0.13947,0.13962,0.1391,0.13955,15324.0
2026-02-21 12:30:00,1771677000000,0.13955,0.13955,0.1383,0.13853,12042.0
2026-02-21 12:45:00,1771677900000,0.13853,0.139,0.13824,0.13871,23574.0
2026-02-21 13:00:00,1771678800000,0.13871,0.13999,0.13858,0.13946,26297.0
2026-02-21 13:15:00,1771679700000,0.13946,0.1397,0.13935,0.13951,9054.0
2026-02-21 13:30:00,1771680600000,0.13951,0.14075,0.1395,0.13959,47884.0
2026-02-21 13:45:00,1771681500000,0.13959,0.14044,0.13913,0.13942,42941.0
2026-02-21 14:00:00,1771682400000,0.13942,0.14028,0.13926,0.14026,23641.0
2026-02-21 14:15:00,1771683300000,0.14026,0.14078,0.13854,0.13944,155058.0
2026-02-21 14:30:00,1771684200000,0.13944,0.13965,0.13862,0.13874,39732.0
2026-02-21 14:45:00,1771685100000,0.13874,0.14004,0.13874,0.13932,25785.0
2026-02-21 15:00:00,1771686000000,0.13932,0.13994,0.13908,0.13937,36505.0
2026-02-21 15:15:00,1771686900000,0.13937,0.13937,0.1386,0.13868,27498.0
2026-02-21 15:30:00,1771687800000,0.13868,0.13918,0.13868,0.13907,13191.0
2026-02-21 15:45:00,1771688700000,0.13907,0.13969,0.13872,0.13969,23135.0
2026-02-21 16:00:00,1771689600000,0.13969,0.14127,0.13948,0.14112,11997.0
2026-02-21 16:15:00,1771690500000,0.14112,0.14129,0.13916,0.13946,24821.0
2026-02-21 16:30:00,1771691400000,0.13946,0.13998,0.13946,0.13998,8846.0
2026-02-21 16:45:00,1771692300000,0.13998,0.14032,0.13982,0.13988,11333.0
2026-02-21 17:00:00,1771693200000,0.13988,0.1413,0.13988,0.14117,15319.0
2026-02-21 17:15:00,1771694100000,0.14117,0.14204,0.14056,0.14093,27726.0
2026-02-21 17:30:00,1771695000000,0.14093,0.14199,0.14091,0.14119,24947.0
2026-02-21 17:45:00,1771695900000,0.14119,0.14165,0.14012,0.14039,25547.0
2026-02-21 18:00:00,1771696800000,0.14039,0.14044,0.1391,0.13929,8016.0
2026-02-21 18:15:00,1771697700000,0.13929,0.14011,0.13891,0.13987,10725.0
2026-02-21 18:30:00,1771698600000,0.13987,0.14174,0.1398,0.14174,127669.0
2026-02-21 18:45:00,1771699500000,0.14174,0.14236,0.1411,0.14115,24025.0
2026-02-21 19:00:00,1771700400000,0.14115,0.14193,0.14115,0.14138,11867.0
2026-02-21 19:15:00,1771701300000,0.14138,0.14204,0.14106,0.14106,25907.0
2026-02-21 19:30:00,1771702200000,0.14106,0.14148,0.14076,0.14147,7278.0
2026-02-21 19:45:00,1771703100000,0.14147,0.14155,0.14086,0.1411,3151.0
2026-02-21 20:00:00,1771704000000,0.1411,0.1415,0.1409,0.14114,2142.0
2026-02-21 20:15:00,1771704900000,0.14114,0.14145,0.14032,0.14032,21052.0
2026-02-21 20:30:00,1771705800000,0.14032,0.14032,0.1393,0.13951,11095.0
2026-02-21 20:45:00,1771706700000,0.13951,0.13984,0.13928,0.13928,8681.0
2026-02-21 21:00:00,1771707600000,0.13928,0.13982,0.13928,0.13948,12382.0
2026-02-21 21:15:00,1771708500000,0.13948,0.13978,0.1393,0.13978,4266.0
2026-02-21 21:30:00,1771709400000,0.13978,0.14011,0.13977,0.1398,4373.0
2026-02-21 21:45:00,1771710300000,0.1398,0.13997,0.13944,0.13961,11799.0
2026-02-21 22:00:00,1771711200000,0.13961,0.13981,0.13933,0.13933,13042.0
2026-02-21 22:15:00,1771712100000,0.13933,0.13965,0.13929,0.13965,8784.0
2026-02-21 22:30:00,1771713000000,0.13965,0.13976,0.13929,0.13929,19177.0
2026-02-21 22:45:00,1771713900000,0.13929,0.14001,0.13929,0.14001,4233.0
2026-02-21 23:00:00,1771714800000,0.14001,0.14044,0.13992,0.14044,3672.0
2026-02-21 23:15:00,1771715700000,0.14044,0.14082,0.14044,0.14073,2138.0
2026-02-21 23:30:00,1771716600000,0.14073,0.14081,0.13966,0.14034,33228.0
2026-02-21 23:45:00,1771717500000,0.14034,0.14045,0.13979,0.14013,4175.0
2026-02-22 00:00:00,1771718400000,0.14013,0.14057,0.13982,0.13982,1968.0
2026-02-22 00:15:00,1771719300000,0.13982,0.14002,0.13965,0.13965,3880.0
2026-02-22 00:30:00,1771720200000,0.13965,0.13982,0.13794,0.13874,51406.0
2026-02-22 00:45:00,1771721100000,0.13874,0.13905,0.13829,0.13856,27052.0
2026-02-22 01:00:00,1771722000000,0.13856,0.13898,0.13826,0.13864,8361.0
2026-02-22 01:15:00,1771722900000,0.13864,0.13977,0.13821,0.1396,14898.0
2026-02-22 01:30:00,1771723800000,0.1396,0.13976,0.13907,0.13954,18739.0
2026-02-22 01:45:00,1771724700000,0.13954,0.13967,0.13909,0.13918,12591.0
2026-02-22 02:00:00,1771725600000,0.13918,0.13954,0.13918,0.13949,2507.0
2026-02-22 02:15:00,1771726500000,0.13949,0.13961,0.13872,0.13872,5045.0
2026-02-22 02:30:00,1771727400000,0.13872,0.13905,0.13863,0.13901,7841.0
2026-02-22 02:45:00,1771728300000,0.13901,0.13932,0.13853,0.13855,18685.0
2026-02-22 03:00:00,1771729200000,0.13855,0.13883,0.13819,0.13849,13169.0
2026-02-22 03:15:00,1771730100000,0.13849,0.13849,0.1356,0.13628,214559.0
2026-02-22 03:30:00,1771731000000,0.13628,0.13669,0.13594,0.13632,8424.0
2026-02-22 03:45:00,1771731900000,0.13632,0.13677,0.13611,0.13652,42568.0
2026-02-22 04:00:00,1771732800000,0.13652,0.13795,0.13636,0.1375,26238.0
2026-02-22 04:15:00,1771733700000,0.1375,0.13775,0.13741,0.13744,5874.0
2026-02-22 04:30:00,1771734600000,0.13744,0.13815,0.13742,0.13815,10170.0
2026-02-22 04:45:00,1771735500000,0.13815,0.13824,0.13768,0.13768,13410.0
2026-02-22 05:00:00,1771736400000,0.13768,0.13814,0.13753,0.13814,10694.0
2026-02-22 05:15:00,1771737300000,0.13814,0.13877,0.13801,0.13877,35820.0
2026-02-22 05:30:00,1771738200000,0.13877,0.13877,0.13787,0.13876,16996.0
2026-02-22 05:45:00,1771739100000,0.13876,0.13876,0.13736,0.13736,7039.0
2026-02-22 06:00:00,1771740000000,0.13736,0.13802,0.13716,0.13786,6927.0
2026-02-22 06:15:00,1771740900000,0.13786,0.13834,0.13782,0.13825,5135.0
2026-02-22 06:30:00,1771741800000,0.13825,0.13847,0.13802,0.13827,10820.0
2026-02-22 06:45:00,1771742700000,0.13827,0.13835,0.1381,0.13812,2757.0
2026-02-22 07:00:00,1771743600000,0.13812,0.13813,0.13757,0.13791,3810.0
2026-02-22 07:15:00,1771744500000,0.13791,0.13836,0.13791,0.13807,3924.0
2026-02-22 07:30:00,1771745400000,0.13807,0.13865,0.13807,0.13843,13999.0
2026-02-22 07:45:00,1771746300000,0.13843,0.13845,0.13817,0.13827,1420.0
2026-02-22 08:00:00,1771747200000,0.13827,0.13918,0.13809,0.13823,9473.0
2026-02-22 08:15:00,1771748100000,0.13823,0.13823,0.13756,0.13763,7412.0
2026-02-22 08:30:00,1771749000000,0.13763,0.13767,0.13738,0.13739,3765.0
2026-02-22 08:45:00,1771749900000,0.13739,0.13749,0.1369,0.13693,6846.0
2026-02-22 09:00:00,1771750800000,0.13693,0.13693,0.13603,0.13667,12474.0
2026-02-22 09:15:00,1771751700000,0.13667,0.1368,0.13568,0.13646,3314.0
2026-02-22 09:30:00,1771752600000,0.13646,0.13667,0.13584,0.1366,16136.0
2026-02-22 09:45:00,1771753500000,0.1366,0.13806,0.1365,0.13792,12345.0
2026-02-22 10:00:00,1771754400000,0.13792,0.1383,0.13763,0.1383,12174.0
2026-02-22 10:15:00,1771755300000,0.1383,0.13882,0.13791,0.13841,26857.0
2026-02-22 10:30:00,1771756200000,0.13841,0.13884,0.13813,0.13853,15251.0
2026-02-22 10:45:00,1771757100000,0.13853,0.13853,0.13779,0.13818,8812.0
2026-02-22 11:00:00,1771758000000,0.13818,0.13861,0.13815,0.13861,7783.0
2026-02-22 11:15:00,1771758900000,0.13861,0.13861,0.1374,0.13772,48093.0
2026-02-22 11:30:00,1771759800000,0.13772,0.13772,0.13731,0.13731,11296.0
2026-02-22 11:45:00,1771760700000,0.13731,0.13756,0.13729,0.13735,4165.0
2026-02-22 12:00:00,1771761600000,0.13735,0.13759,0.13634,0.13661,9921.0
2026-02-22 12:15:00,1771762500000,0.13661,0.13695,0.13556,0.13674,57750.0
2026-02-22 12:30:00,1771763400000,0.13674,0.13692,0.13632,0.13663,8769.0
2026-02-22 12:45:00,1771764300000,0.13663,0.13684,0.13605,0.13616,24722.0
2026-02-22 13:00:00,1771765200000,0.13616,0.13616,0.13519,0.13535,33354.0
2026-02-22 13:15:00,1771766100000,0.13535,0.13579,0.13523,0.13555,12650.0
2026-02-22 13:30:00,1771767000000,0.13555,0.13599,0.13553,0.13598,30117.0
2026-02-22 13:45:00,1771767900000,0.13598,0.13631,0.13566,0.13606,9372.0
2026-02-22 14:00:00,1771768800000,0.13606,0.13637,0.13543,0.13553,6121.0
2026-02-22 14:15:00,1771769700000,0.13553,0.13586,0.13544,0.13554,6184.0
2026-02-22 14:30:00,1771770600000,0.13554,0.13711,0.13554,0.13645,35737.0
2026-02-22 14:45:00,1771771500000,0.13645,0.1371,0.13644,0.13692,8169.0
2026-02-22 15:00:00,1771772400000,0.13692,0.13703,0.13585,0.13585,6371.0
2026-02-22 15:15:00,1771773300000,0.13585,0.13655,0.1358,0.13649,5141.0
2026-02-22 15:30:00,1771774200000,0.13649,0.13689,0.13639,0.13675,3757.0
2026-02-22 15:45:00,1771775100000,0.13675,0.13722,0.13598,0.13598,11120.0
2026-02-22 16:00:00,1771776000000,0.13598,0.13608,0.13498,0.13516,12880.0
2026-02-22 16:15:00,1771776900000,0.13516,0.13541,0.13489,0.13518,19807.0
2026-02-22 16:30:00,1771777800000,0.13518,0.13543,0.13509,0.1354,4869.0
2026-02-22 16:45:00,1771778700000,0.1354,0.13545,0.13487,0.13487,5663.0
2026-02-22 17:00:00,1771779600000,0.13487,0.1351,0.13404,0.13467,93716.0
2026-02-22 17:15:00,1771780500000,0.13467,0.13612,0.13464,0.13567,21946.0
2026-02-22 17:30:00,1771781400000,0.13567,0.13596,0.13482,0.1352,10997.0
2026-02-22 17:45:00,1771782300000,0.1352,0.13535,0.13482,0.13502,6234.0
2026-02-22 18:00:00,1771783200000,0.13502,0.13521,0.13422,0.1348,10911.0
2026-02-22 18:15:00,1771784100000,0.1348,0.1349,0.13385,0.13465,14714.0
2026-02-22 18:30:00,1771785000000,0.13465,0.135,0.13465,0.13495,2974.0
2026-02-22 18:45:00,1771785900000,0.13495,0.13565,0.13495,0.13557,4164.0
2026-02-22 19:00:00,1771786800000,0.13557,0.13758,0.13512,0.13562,102072.0
2026-02-22 19:15:00,1771787700000,0.13562,0.13562,0.13482,0.1352,18942.0
2026-02-22 19:30:00,1771788600000,0.1352,0.13549,0.13511,0.13521,2594.0
2026-02-22 19:45:00,1771789500000,0.13521,0.13539,0.13512,0.13528,4787.0
2026-02-22 20:00:00,1771790400000,0.13528,0.13554,0.13517,0.13517,2156.0
2026-02-22 20:15:00,1771791300000,0.13517,0.13543,0.13499,0.13543,1828.0
2026-02-22 20:30:00,1771792200000,0.13543,0.13615,0.13536,0.13577,7414.0
2026-02-22 20:45:00,1771793100000,0.13577,0.13604,0.13516,0.13516,10024.0
2026-02-22 21:00:00,1771794000000,0.13516,0.13563,0.13516,0.13547,3843.0
2026-02-22 21:15:00,1771794900000,0.13547,0.13557,0.13519,0.13523,3187.0
2026-02-22 21:30:00,1771795800000,0.13523,0.13568,0.13523,0.13527,3077.0
2026-02-22 21:45:00,1771796700000,0.13527,0.13551,0.1352,0.13526,2324.0
2026-02-22 22:00:00,1771797600000,0.13526,0.13554,0.13483,0.13483,3302.0
2026-02-22 22:15:00,1771798500000,0.13483,0.13489,0.13456,0.13469,1740.0
2026-02-22 22:30:00,1771799400000,0.13469,0.13546,0.1346,0.13507,6929.0
2026-02-22 22:45:00,1771800300000,0.13507,0.13587,0.13475,0.13587,18349.0
2026-02-22 23:00:00,1771801200000,0.13587,0.13603,0.13493,0.13521,4699.0
2026-02-22 23:15:00,1771802100000,0.13521,0.13521,0.13457,0.13485,4808.0
2026-02-22 23:30:00,1771803000000,0.13485,0.13513,0.13469,0.13476,1191.0
2026-02-22 23:45:00,1771803900000,0.13476,0.13627,0.13473,0.13585,33603.0
2026-02-23 00:00:00,1771804800000,0.13585,0.13713,0.13491,0.13685,20240.0
2026-02-23 00:15:00,1771805700000,0.13685,0.13694,0.13618,0.13633,13035.0
2026-02-23 00:30:00,1771806600000,0.13633,0.13637,0.13461,0.13484,32185.0
2026-02-23 00:45:00,1771807500000,0.13484,0.13484,0.13375,0.13383,14827.0
2026-02-23 01:00:00,1771808400000,0.13383,0.13662,0.1331,0.13421,128483.0
2026-02-23 01:15:00,1771809300000,0.13421,0.13515,0.1335,0.13378,66598.0
2026-02-23 01:30:00,1771810200000,0.13378,0.13415,0.13313,0.13333,37484.0
2026-02-23 01:45:00,1771811100000,0.13333,0.1338,0.13223,0.1333,91025.0
2026-02-23 02:00:00,1771812000000,0.1333,0.13377,0.13247,0.13266,13453.0
2026-02-23 02:15:00,1771812900000,0.13266,0.13461,0.13239,0.13434,37956.0
2026-02-23 02:30:00,1771813800000,0.13434,0.13469,0.13417,0.13417,11002.0
2026-02-23 02:45:00,1771814700000,0.13417,0.13476,0.13403,0.1345,5178.0
2026-02-23 03:00:00,1771815600000,0.1345,0.13474,0.1338,0.1338,25087.0
2026-02-23 03:15:00,1771816500000,0.1338,0.1338,0.13269,0.13312,9053.0
2026-02-23 03:30:00,1771817400000,0.13312,0.13504,0.13289,0.13474,11888.0
2026-02-23 03:45:00,1771818300000,0.13474,0.13474,0.13333,0.1336,8751.0
2026-02-23 04:00:00,1771819200000,0.1336,0.13473,0.1336,0.13437,13603.0
2026-02-23 04:15:00,1771820100000,0.13437,0.13465,0.13403,0.13415,5802.0
2026-02-23 04:30:00,1771821000000,0.13415,0.13415,0.13353,0.13377,21264.0
2026-02-23 04:45:00,1771821900000,0.13377,0.13441,0.13377,0.13405,5300.0
2026-02-23 05:00:00,1771822800000,0.13405,0.13465,0.13298,0.13307,29284.0
2026-02-23 05:15:00,1771823700000,0.13307,0.13372,0.13296,0.13335,6150.0
2026-02-23 05:30:00,1771824600000,0.13335,0.13449,0.13335,0.13408,7782.0
2026-02-23 05:45:00,1771825500000,0.13408,0.13596,0.13406,0.13541,35946.0
2026-02-23 06:00:00,1771826400000,0.13541,0.13552,0.13438,0.13552,15623.0
2026-02-23 06:15:00,1771827300000,0.13552,0.13732,0.13542,0.1365,57264.0
2026-02-23 06:30:00,1771828200000,0.1365,0.13687,0.13622,0.13647,20085.0
2026-02-23 06:45:00,1771829100000,0.13647,0.13702,0.13633,0.13653,5276.0
2026-02-23 07:00:00,1771830000000,0.13653,0.13696,0.13623,0.13657,6389.0
2026-02-23 07:15:00,1771830900000,0.13657,0.13687,0.1357,0.13593,12497.0
2026-02-23 07:30:00,1771831800000,0.13593,0.13678,0.13593,0.13611,5250.0
2026-02-23 07:45:00,1771832700000,0.13611,0.13657,0.13611,0.13619,1467.0
2026-02-23 08:00:00,1771833600000,0.13619,0.13686,0.13588,0.13588,3646.0
2026-02-23 08:15:00,1771834500000,0.13588,0.13659,0.13588,0.13645,13712.0
2026-02-23 08:30:00,1771835400000,0.13645,0.13657,0.13617,0.13617,2767.0
2026-02-23 08:45:00,1771836300000,0.13617,0.13649,0.13574,0.13596,9952.0
2026-02-23 09:00:00,1771837200000,0.13596,0.13625,0.1349,0.13558,24879.0
2026-02-23 09:15:00,1771838100000,0.13558,0.13583,0.13549,0.13572,1999.0
2026-02-23 09:30:00,1771839000000,0.13572,0.13676,0.13572,0.13651,10509.0
2026-02-23 09:45:00,1771839900000,0.13651,0.13652,0.13618,0.13634,2882.0
2026-02-23 10:00:00,1771840800000,0.13634,0.13684,0.13626,0.13637,9359.0
2026-02-23 10:15:00,1771841700000,0.13637,0.1366,0.13605,0.13605,1983.0
2026-02-23 10:30:00,1771842600000,0.13605,0.13643,0.13594,0.13624,6397.0
2026-02-23 10:45:00,1771843500000,0.13624,0.13829,0.13624,0.13757,46210.0
2026-02-23 11:00:00,1771844400000,0.13757,0.13859,0.13698,0.13813,18904.0
2026-02-23 11:15:00,1771845300000,0.13813,0.13856,0.1378,0.13828,3966.0
2026-02-23 11:30:00,1771846200000,0.13828,0.1389,0.13802,0.1384,32943.0
2026-02-23 11:45:00,1771847100000,0.1384,0.13888,0.13809,0.13816,5633.0
2026-02-23 12:00:00,1771848000000,0.13816,0.13835,0.13687,0.13774,28189.0
2026-02-23 12:15:00,1771848900000,0.13774,0.13774,0.13707,0.13746,2289.0
2026-02-23 12:30:00,1771849800000,0.13746,0.1378,0.13696,0.13721,11391.0
2026-02-23 12:45:00,1771850700000,0.13721,0.138,0.13694,0.1379,17469.0
2026-02-23 13:00:00,1771851600000,0.1379,0.1379,0.1366,0.1366,2252.0
2026-02-23 13:15:00,1771852500000,0.1366,0.13701,0.13581,0.13643,42645.0
2026-02-23 13:30:00,1771853400000,0.13643,0.13713,0.13643,0.13677,15673.0
2026-02-23 13:45:00,1771854300000,0.13677,0.13728,0.13654,0.13669,6348.0
2026-02-23 14:00:00,1771855200000,0.13669,0.13696,0.13453,0.13525,116681.0
2026-02-23 14:15:00,1771856100000,0.13525,0.13558,0.1343,0.13531,17904.0
2026-02-23 14:30:00,1771857000000,0.13531,0.13593,0.13531,0.13593,5133.0
2026-02-23 14:45:00,1771857900000,0.13593,0.13711,0.1354,0.13578,10768.0
2026-02-23 15:00:00,1771858800000,0.13578,0.13722,0.13559,0.13673,59127.0
2026-02-23 15:15:00,1771859700000,0.13673,0.13744,0.13606,0.13646,31018.0
2026-02-23 15:30:00,1771860600000,0.13646,0.13653,0.13596,0.13611,4403.0
2026-02-23 15:45:00,1771861500000,0.13611,0.13626,0.13537,0.1356,7250.0
2026-02-23 16:00:00,1771862400000,0.1356,0.13574,0.13514,0.13548,8177.0
2026-02-23 16:15:00,1771863300000,0.13548,0.13583,0.13515,0.13583,3900.0
2026-02-23 16:30:00,1771864200000,0.13583,0.13616,0.13522,0.13555,2367.0
2026-02-23 16:45:00,1771865100000,0.13555,0.13576,0.1353,0.13546,5282.0
2026-02-23 17:00:00,1771866000000,0.13546,0.13625,0.13525,0.13525,4226.0
2026-02-23 17:15:00,1771866900000,0.13525,0.13566,0.13373,0.13385,32608.0
2026-02-23 17:30:00,1771867800000,0.13385,0.13409,0.13268,0.1335,24530.0
2026-02-23 17:45:00,1771868700000,0.1335,0.13408,0.13304,0.13399,13435.0
2026-02-23 18:00:00,1771869600000,0.13399,0.13431,0.13305,0.13368,12284.0
2026-02-23 18:15:00,1771870500000,0.13368,0.1344,0.13335,0.13386,5372.0
2026-02-23 18:30:00,1771871400000,0.13386,0.13452,0.13386,0.13431,10553.0
2026-02-23 18:45:00,1771872300000,0.13431,0.13431,0.13342,0.13342,4018.0
2026-02-23 19:00:00,1771873200000,0.13342,0.13413,0.13342,0.13385,5989.0
2026-02-23 19:15:00,1771874100000,0.13385,0.13385,0.13331,0.13362,1476.0
2026-02-23 19:30:00,1771875000000,0.13362,0.13413,0.13345,0.13388,7868.0
2026-02-23 19:45:00,1771875900000,0.13388,0.13396,0.13362,0.13372,2402.0
2026-02-23 20:00:00,1771876800000,0.13372,0.13372,0.13271,0.13286,31347.0
2026-02-23 20:15:00,1771877700000,0.13286,0.13341,0.13267,0.13331,7932.0
2026-02-23 20:30:00,1771878600000,0.13331,0.13408,0.13281,0.1336,5108.0
2026-02-23 20:45:00,1771879500000,0.1336,0.1338,0.13338,0.1338,3821.0
2026-02-23 21:00:00,1771880400000,0.1338,0.1338,0.1333,0.13338,6645.0
2026-02-23 21:15:00,1771881300000,0.13338,0.13382,0.13321,0.13336,2117.0
2026-02-23 21:30:00,1771882200000,0.13336,0.13349,0.13304,0.13349,1781.0
2026-02-23 21:45:00,1771883100000,0.13349,0.13385,0.13282,0.1337,37989.0
2026-02-23 22:00:00,1771884000000,0.1337,0.13413,0.13367,0.13413,1327.0
2026-02-23 22:15:00,1771884900000,0.13413,0.13558,0.13406,0.13492,31764.0
2026-02-23 22:30:00,1771885800000,0.13492,0.13508,0.13448,0.13478,7821.0
2026-02-23 22:45:00,1771886700000,0.13478,0.13531,0.13462,0.13503,4149.0
2026-02-23 23:00:00,1771887600000,0.13503,0.13536,0.13501,0.13523,1535.0
2026-02-23 23:15:00,1771888500000,0.13523,0.13554,0.13523,0.1355,1140.0
2026-02-23 23:30:00,1771889400000,0.1355,0.13584,0.13544,0.13556,26262.0
2026-02-23 23:45:00,1771890300000,0.13556,0.13556,0.13492,0.13511,8400.0
2026-02-24 00:00:00,1771891200000,0.13511,0.13585,0.13511,0.13564,3949.0
2026-02-24 00:15:00,1771892100000,0.13564,0.13595,0.13557,0.13569,4087.0
2026-02-24 00:30:00,1771893000000,0.13569,0.13602,0.13566,0.13585,3163.0
2026-02-24 00:45:00,1771893900000,0.13585,0.136,0.13557,0.13576,4314.0
2026-02-24 01:00:00,1771894800000,0.13576,0.13576,0.13476,0.13492,7904.0
2026-02-24 01:15:00,1771895700000,0.13492,0.13506,0.13257,0.13486,44502.0
2026-02-24 01:30:00,1771896600000,0.13486,0.13493,0.13407,0.13415,6201.0
2026-02-24 01:45:00,1771897500000,0.13415,0.13432,0.13357,0.13428,22288.0
2026-02-24 02:00:00,1771898400000,0.13428,0.13463,0.13379,0.13396,1811.0
2026-02-24 02:15:00,1771899300000,0.13396,0.13453,0.13396,0.13453,13927.0
2026-02-24 02:30:00,1771900200000,0.13453,0.13496,0.13403,0.1341,3685.0
2026-02-24 02:45:00,1771901100000,0.1341,0.13415,0.13397,0.13398,4272.0
2026-02-24 03:00:00,1771902000000,0.13398,0.1342,0.13289,0.13289,27177.0
2026-02-24 03:15:00,1771902900000,0.13289,0.13358,0.13289,0.13328,5280.0
2026-02-24 03:30:00,1771903800000,0.13328,0.13374,0.13309,0.13311,20131.0
2026-02-24 03:45:00,1771904700000,0.13311,0.13439,0.13261,0.13439,10808.0
2026-02-24 04:00:00,1771905600000,0.13439,0.13553,0.13387,0.13553,54071.0
2026-02-24 04:15:00,1771906500000,0.13553,0.13553,0.13197,0.13428,219706.0
2026-02-24 04:30:00,1771907400000,0.13428,0.13446,0.13377,0.13398,13700.0
2026-02-24 04:45:00,1771908300000,0.13398,0.1344,0.13346,0.13346,75832.0
2026-02-24 05:00:00,1771909200000,0.13346,0.13401,0.13346,0.13381,2941.0
2026-02-24 05:15:00,1771910100000,0.13381,0.13389,0.13239,0.13276,21288.0
2026-02-24 05:30:00,1771911000000,0.13276,0.13362,0.13227,0.13265,17589.0
2026-02-24 05:45:00,1771911900000,0.13265,0.13308,0.13253,0.13281,3776.0
2026-02-24 06:00:00,1771912800000,0.13281,0.13317,0.13205,0.13242,15440.0
2026-02-24 06:15:00,1771913700000,0.13242,0.13269,0.13217,0.13222,4876.0
2026-02-24 06:30:00,1771914600000,0.13222,0.13318,0.13222,0.13315,8745.0
2026-02-24 06:45:00,1771915500000,0.13315,0.13315,0.13181,0.13181,29696.0
2026-02-24 07:00:00,1771916400000,0.13181,0.13272,0.13181,0.13254,3563.0
2026-02-24 07:15:00,1771917300000,0.13254,0.13265,0.1323,0.13235,2863.0
2026-02-24 07:30:00,1771918200000,0.13235,0.13273,0.13226,0.13229,3583.0
2026-02-24 07:45:00,1771919100000,0.13229,0.1326,0.13176,0.13238,8325.0
2026-02-24 08:00:00,1771920000000,0.13238,0.1325,0.13188,0.13216,8995.0
2026-02-24 08:15:00,1771920900000,0.13216,0.13277,0.13192,0.13229,6592.0
2026-02-24 08:30:00,1771921800000,0.13229,0.13229,0.13177,0.13203,7541.0
2026-02-24 08:45:00,1771922700000,0.13203,0.13236,0.13198,0.13226,3916.0
2026-02-24 09:00:00,1771923600000,0.13226,0.13226,0.13145,0.132,26556.0
2026-02-24 09:15:00,1771924500000,0.132,0.13219,0.13145,0.13167,8342.0
2026-02-24 09:30:00,1771925400000,0.13167,0.13213,0.13157,0.13195,10290.0
2026-02-24 09:45:00,1771926300000,0.13195,0.13213,0.13189,0.13196,1360.0
2026-02-24 10:00:00,1771927200000,0.13196,0.13225,0.13177,0.13225,3082.0
2026-02-24 10:15:00,1771928100000,0.13225,0.13245,0.13191,0.13234,3358.0
2026-02-24 10:30:00,1771929000000,0.13234,0.13248,0.13188,0.13248,5763.0
2026-02-24 10:45:00,1771929900000,0.13248,0.13272,0.1323,0.1323,3300.0
2026-02-24 11:00:00,1771930800000,0.1323,0.13233,0.13178,0.13204,10900.0
2026-02-24 11:15:00,1771931700000,0.13204,0.13204,0.13171,0.13186,3492.0
2026-02-24 11:30:00,1771932600000,0.13186,0.13192,0.13151,0.13166,1898.0
2026-02-24 11:45:00,1771933500000,0.13166,0.13197,0.13158,0.13197,1183.0
2026-02-24 12:00:00,1771934400000,0.13197,0.1321,0.13109,0.13176,90473.0
2026-02-24 12:15:00,1771935300000,0.13176,0.13213,0.13147,0.13213,3553.0
2026-02-24 12:30:00,1771936200000,0.13213,0.13213,0.13134,0.13156,1137.0
2026-02-24 12:45:00,1771937100000,0.13156,0.13183,0.13149,0.13172,6044.0
2026-02-24 13:00:00,1771938000000,0.13172,0.13194,0.13147,0.13151,2053.0
2026-02-24 13:15:00,1771938900000,0.13151,0.13157,0.13127,0.13131,1328.0
2026-02-24 13:30:00,1771939800000,0.13131,0.13197,0.13123,0.13178,19085.0
2026-02-24 13:45:00,1771940700000,0.13178,0.132,0.1316,0.13183,1759.0
2026-02-24 14:00:00,1771941600000,0.13183,0.13191,0.13102,0.13147,1874.0
2026-02-24 14:15:00,1771942500000,0.13147,0.13201,0.13142,0.13193,1345.0
2026-02-24 14:30:00,1771943400000,0.13193,0.13193,0.1306,0.13148,17295.0
2026-02-24 14:45:00,1771944300000,0.13148,0.13188,0.13122,0.1315,12791.0
2026-02-24 15:00:00,1771945200000,0.1315,0.1315,0.13024,0.13096,19878.0
2026-02-24 15:15:00,1771946100000,0.13096,0.13195,0.13051,0.13051,7595.0
2026-02-24 15:30:00,1771947000000,0.13051,0.13187,0.12943,0.13084,48121.0
2026-02-24 15:45:00,1771947900000,0.13084,0.13086,0.13018,0.13018,8372.0
2026-02-24 16:00:00,1771948800000,0.13018,0.1307,0.13012,0.13055,4662.0
2026-02-24 16:15:00,1771949700000,0.13055,0.13128,0.13032,0.13032,11568.0
2026-02-24 16:30:00,1771950600000,0.13032,0.13074,0.12956,0.13056,3564.0
2026-02-24 16:45:00,1771951500000,0.13056,0.13087,0.13016,0.13087,3355.0
2026-02-24 17:00:00,1771952400000,0.13087,0.13095,0.13013,0.13036,6099.0
2026-02-24 17:15:00,1771953300000,0.13036,0.13054,0.13016,0.13018,1273.0
2026-02-24 17:30:00,1771954200000,0.13018,0.13036,0.13015,0.13023,2802.0
2026-02-24 17:45:00,1771955100000,0.13023,0.13044,0.13017,0.13044,3115.0
2026-02-24 18:00:00,1771956000000,0.13044,0.13044,0.1299,0.1299,2376.0
2026-02-24 18:15:00,1771956900000,0.1299,0.1309,0.1298,0.13076,3983.0
2026-02-24 18:30:00,1771957800000,0.13076,0.1315,0.13055,0.13107,9252.0
2026-02-24 18:45:00,1771958700000,0.13107,0.13151,0.13107,0.13146,15996.0
2026-02-24 19:00:00,1771959600000,0.13146,0.13146,0.13073,0.13073,6292.0
2026-02-24 19:15:00,1771960500000,0.13073,0.13088,0.13035,0.13067,4530.0
2026-02-24 19:30:00,1771961400000,0.13067,0.13138,0.13064,0.13135,3868.0
2026-02-24 19:45:00,1771962300000,0.13135,0.13278,0.13112,0.13278,5821.0
2026-02-24 20:00:00,1771963200000,0.13278,0.13278,0.1318,0.13195,6095.0
2026-02-24 20:15:00,1771964100000,0.13195,0.13249,0.13195,0.13245,2376.0
2026-02-24 20:30:00,1771965000000,0.13245,0.13271,0.13214,0.1325,11627.0
2026-02-24 20:45:00,1771965900000,0.1325,0.13256,0.13228,0.13231,2523.0
2026-02-24 21:00:00,1771966800000,0.13231,0.13233,0.13153,0.13197,1086.0
2026-02-24 21:15:00,1771967700000,0.13197,0.13228,0.13166,0.13195,2032.0
2026-02-24 21:30:00,1771968600000,0.13195,0.13214,0.13178,0.132,4108.0
2026-02-24 21:45:00,1771969500000,0.132,0.13223,0.13177,0.13177,2566.0
2026-02-24 22:00:00,1771970400000,0.13177,0.1321,0.1315,0.1321,1771.0
2026-02-24 22:15:00,1771971300000,0.1321,0.13362,0.13176,0.13309,12573.0
2026-02-24 22:30:00,1771972200000,0.13309,0.13318,0.1325,0.13293,13898.0
2026-02-24 22:45:00,1771973100000,0.13293,0.13313,0.13248,0.13284,13021.0
2026-02-24 23:00:00,1771974000000,0.13284,0.13413,0.13283,0.13413,20358.0
2026-02-24 23:15:00,1771974900000,0.13413,0.13452,0.13292,0.13295,26522.0
2026-02-24 23:30:00,1771975800000,0.13295,0.1336,0.1329,0.13314,4127.0
2026-02-24 23:45:00,1771976700000,0.13314,0.1336,0.13297,0.13297,2891.0
2026-02-25 00:00:00,1771977600000,0.13297,0.13379,0.1329,0.1332,5811.0
2026-02-25 00:15:00,1771978500000,0.1332,0.1346,0.13295,0.13451,31115.0
2026-02-25 00:30:00,1771979400000,0.13451,0.13577,0.13438,0.13463,78970.0
2026-02-25 00:45:00,1771980300000,0.13463,0.13531,0.13455,0.13456,10783.0
2026-02-25 01:00:00,1771981200000,0.13456,0.13643,0.13447,0.13631,51975.0
2026-02-25 01:15:00,1771982100000,0.13631,0.13759,0.13614,0.13728,57045.0
2026-02-25 01:30:00,1771983000000,0.13728,0.14064,0.13728,0.13744,341830.0
2026-02-25 01:45:00,1771983900000,0.13744,0.13791,0.13707,0.13718,16244.0
2026-02-25 02:00:00,1771984800000,0.13718,0.13801,0.13718,0.13784,21577.0
2026-02-25 02:15:00,1771985700000,0.13784,0.13874,0.13752,0.13842,15352.0
2026-02-25 02:30:00,1771986600000,0.13842,0.1387,0.13809,0.13849,9960.0
2026-02-25 02:45:00,1771987500000,0.13849,0.13964,0.13811,0.13878,55297.0
2026-02-25 03:00:00,1771988400000,0.13878,0.13991,0.13878,0.13988,17190.0
2026-02-25 03:15:00,1771989300000,0.13988,0.13998,0.13924,0.13967,9397.0
2026-02-25 03:30:00,1771990200000,0.13967,0.14035,0.13922,0.13934,33853.0
2026-02-25 03:45:00,1771991100000,0.13934,0.14633,0.13933,0.1438,181215.0
2026-02-25 04:00:00,1771992000000,0.1438,0.14451,0.14262,0.14293,102207.0
2026-02-25 04:15:00,1771992900000,0.14293,0.14709,0.14293,0.14535,221885.0
2026-02-25 04:30:00,1771993800000,0.14535,0.1476,0.14535,0.14586,60961.0
2026-02-25 04:45:00,1771994700000,0.14586,0.1478,0.14568,0.1478,32728.0
2026-02-25 05:00:00,1771995600000,0.1478,0.14906,0.14659,0.14757,70693.0
2026-02-25 05:15:00,1771996500000,0.14757,0.1497,0.14725,0.14768,124558.0
2026-02-25 05:30:00,1771997400000,0.14768,0.14807,0.14454,0.14588,132230.0
2026-02-25 05:45:00,1771998300000,0.14588,0.14711,0.14531,0.14577,60000.0
2026-02-25 06:00:00,1771999200000,0.14577,0.14633,0.14468,0.14521,67766.0
2026-02-25 06:15:00,1772000100000,0.14521,0.14672,0.14502,0.14652,37923.0
2026-02-25 06:30:00,1772001000000,0.14652,0.14772,0.14638,0.14738,36227.0
2026-02-25 06:45:00,1772001900000,0.14738,0.14799,0.14566,0.14638,52471.0
2026-02-25 07:00:00,1772002800000,0.14638,0.14771,0.1463,0.14688,50308.0
2026-02-25 07:15:00,1772003700000,0.14688,0.14925,0.1467,0.1476,61713.0
2026-02-25 07:30:00,1772004600000,0.1476,0.14792,0.14654,0.14654,25927.0
2026-02-25 07:45:00,1772005500000,0.14654,0.14725,0.14574,0.14629,34219.0
2026-02-25 08:00:00,1772006400000,0.14629,0.14662,0.14578,0.14643,20022.0
2026-02-25 08:15:00,1772007300000,0.14643,0.15168,0.146,0.14979,965884.0
2026-02-25 08:30:00,1772008200000,0.14979,0.15149,0.14898,0.14908,469323.0
2026-02-25 08:45:00,1772009100000,0.14908,0.1506,0.14748,0.15031,360525.0
2026-02-25 09:00:00,1772010000000,0.15031,0.1504,0.14871,0.14886,119907.0
2026-02-25 09:15:00,1772010900000,0.14886,0.15048,0.14886,0.15039,55344.0
2026-02-25 09:30:00,1772011800000,0.15039,0.15174,0.14999,0.15134,114025.0
2026-02-25 09:45:00,1772012700000,0.15134,0.15166,0.14983,0.15081,78432.0
2026-02-25 10:00:00,1772013600000,0.15081,0.15189,0.15057,0.151,30309.0
2026-02-25 10:15:00,1772014500000,0.151,0.15286,0.15095,0.15186,34987.0
2026-02-25 10:30:00,1772015400000,0.15186,0.15301,0.15185,0.15238,67242.0
2026-02-25 10:45:00,1772016300000,0.15238,0.15239,0.15064,0.15112,133395.0
2026-02-25 11:00:00,1772017200000,0.15112,0.15352,0.15112,0.15295,55360.0
2026-02-25 11:15:00,1772018100000,0.15295,0.15313,0.15041,0.15146,241015.0
2026-02-25 11:30:00,1772019000000,0.15146,0.15427,0.15104,0.15306,65136.0
2026-02-25 11:45:00,1772019900000,0.15306,0.15314,0.15222,0.15294,52183.0
2026-02-25 12:00:00,1772020800000,0.15294,0.15319,0.15174,0.15233,76516.0
2026-02-25 12:15:00,1772021700000,0.15233,0.15262,0.15107,0.152,31928.0
2026-02-25 12:30:00,1772022600000,0.152,0.15332,0.15126,0.1513,29226.0
2026-02-25 12:45:00,1772023500000,0.1513,0.1513,0.14827,0.14926,385781.0
2026-02-25 13:00:00,1772024400000,0.14926,0.15194,0.14926,0.15039,98146.0
2026-02-25 13:15:00,1772025300000,0.15039,0.15124,0.14924,0.14925,98550.0
2026-02-25 13:30:00,1772026200000,0.14925,0.15023,0.14728,0.15013,96013.0
2026-02-25 13:45:00,1772027100000,0.15013,0.1504,0.14885,0.14892,16484.0
2026-02-25 14:00:00,1772028000000,0.14892,0.15003,0.14802,0.14838,32834.0
2026-02-25 14:15:00,1772028900000,0.14838,0.14859,0.14795,0.14809,9794.0
2026-02-25 14:30:00,1772029800000,0.14809,0.14924,0.14788,0.14822,35788.0
2026-02-25 14:45:00,1772030700000,0.14822,0.15046,0.14802,0.14934,58171.0
2026-02-25 15:00:00,1772031600000,0.14934,0.15113,0.14909,0.15082,129538.0
2026-02-25 15:15:00,1772032500000,0.15082,0.15236,0.15004,0.15195,52788.0
2026-02-25 15:30:00,1772033400000,0.15195,0.15395,0.15139,0.15369,89222.0
2026-02-25 15:45:00,1772034300000,0.15369,0.15402,0.15081,0.15137,43563.0
2026-02-25 16:00:00,1772035200000,0.15137,0.15137,0.14973,0.15042,25040.0
2026-02-25 16:15:00,1772036100000,0.15042,0.15235,0.15033,0.15186,74817.0
2026-02-25 16:30:00,1772037000000,0.15186,0.15346,0.15154,0.15154,26823.0
2026-02-25 16:45:00,1772037900000,0.15154,0.15257,0.15154,0.15174,94219.0
2026-02-25 17:00:00,1772038800000,0.15174,0.15279,0.15013,0.1509,70256.0
2026-02-25 17:15:00,1772039700000,0.1509,0.1523,0.14927,0.151,59866.0
2026-02-25 17:30:00,1772040600000,0.151,0.1517,0.15081,0.15137,22910.0
2026-02-25 17:45:00,1772041500000,0.15137,0.1521,0.15101,0.15152,17779.0
2026-02-25 18:00:00,1772042400000,0.15152,0.15321,0.15149,0.15304,53855.0
2026-02-25 18:15:00,1772043300000,0.15304,0.15314,0.15247,0.15273,14003.0
2026-02-25 18:30:00,1772044200000,0.15273,0.15291,0.15226,0.15265,15322.0
2026-02-25 18:45:00,1772045100000,0.15265,0.15289,0.15202,0.15283,11896.0
2026-02-25 19:00:00,1772046000000,0.15283,0.15283,0.15143,0.15174,35223.0
2026-02-25 19:15:00,1772046900000,0.15174,0.1518,0.15071,0.15071,15139.0
2026-02-25 19:30:00,1772047800000,0.15071,0.15078,0.14986,0.15006,32112.0
2026-02-25 19:45:00,1772048700000,0.15006,0.15048,0.14925,0.14958,29786.0
2026-02-25 20:00:00,1772049600000,0.14958,0.15172,0.14948,0.15086,169080.0
2026-02-25 20:15:00,1772050500000,0.15086,0.15086,0.14889,0.14889,64723.0
2026-02-25 20:30:00,1772051400000,0.14889,0.14966,0.14372,0.14619,575518.0
2026-02-25 20:45:00,1772052300000,0.14619,0.14654,0.14575,0.1464,52749.0
2026-02-25 21:00:00,1772053200000,0.1464,0.14682,0.1464,0.1465,29520.0
2026-02-25 21:15:00,1772054100000,0.1465,0.1466,0.1463,0.14634,10083.0
2026-02-25 21:30:00,1772055000000,0.14634,0.14744,0.14631,0.14663,48535.0
2026-02-25 21:45:00,1772055900000,0.14663,0.14741,0.14652,0.14717,24539.0
2026-02-25 22:00:00,1772056800000,0.14717,0.14751,0.14708,0.14729,27665.0
2026-02-25 22:15:00,1772057700000,0.14729,0.14799,0.1471,0.14724,22650.0
2026-02-25 22:30:00,1772058600000,0.14724,0.14853,0.14722,0.1473,40954.0
2026-02-25 22:45:00,1772059500000,0.1473,0.14789,0.14709,0.14766,10143.0
2026-02-25 23:00:00,1772060400000,0.14766,0.14779,0.14691,0.14713,13039.0
2026-02-25 23:15:00,1772061300000,0.14713,0.14725,0.14527,0.14527,22921.0
2026-02-25 23:30:00,1772062200000,0.14527,0.14579,0.14473,0.14543,64193.0
2026-02-25 23:45:00,1772063100000,0.14543,0.1467,0.14491,0.14558,23568.0
2026-02-26 00:00:00,1772064000000,0.14558,0.14682,0.14558,0.14676,6945.0
2026-02-26 00:15:00,1772064900000,0.14676,0.14851,0.14676,0.14815,20978.0
2026-02-26 00:30:00,1772065800000,0.14815,0.14915,0.14797,0.14864,26642.0
2026-02-26 00:45:00,1772066700000,0.14864,0.14864,0.14744,0.14756,21064.0
2026-02-26 01:00:00,1772067600000,0.14756,0.14968,0.14745,0.14898,21672.0
2026-02-26 01:15:00,1772068500000,0.14898,0.14954,0.14857,0.14857,16649.0
2026-02-26 01:30:00,1772069400000,0.14857,0.14972,0.14834,0.14947,11955.0
2026-02-26 01:45:00,1772070300000,0.14947,0.1511,0.14916,0.15057,49935.0
2026-02-26 02:00:00,1772071200000,0.15057,0.15057,0.14844,0.1495,15373.0
2026-02-26 02:15:00,1772072100000,0.1495,0.14977,0.14891,0.14916,7676.0
2026-02-26 02:30:00,1772073000000,0.14916,0.14944,0.14873,0.14891,6704.0
2026-02-26 02:45:00,1772073900000,0.14891,0.14972,0.14891,0.14964,5071.0
2026-02-26 03:00:00,1772074800000,0.14964,0.14972,0.14861,0.14969,9357.0
2026-02-26 03:15:00,1772075700000,0.14969,0.14991,0.14895,0.14954,8399.0
2026-02-26 03:30:00,1772076600000,0.14954,0.14957,0.1492,0.14933,3088.0
2026-02-26 03:45:00,1772077500000,0.14933,0.14958,0.14909,0.14909,1564.0
2026-02-26 04:00:00,1772078400000,0.14909,0.14909,0.1473,0.14814,34316.0
2026-02-26 04:15:00,1772079300000,0.14814,0.14844,0.14695,0.14786,10340.0
2026-02-26 04:30:00,1772080200000,0.14786,0.14883,0.14786,0.14839,11725.0
2026-02-26 04:45:00,1772081100000,0.14839,0.14839,0.14792,0.14804,2201.0
2026-02-26 05:00:00,1772082000000,0.14804,0.14804,0.14631,0.14651,20499.0
2026-02-26 05:15:00,1772082900000,0.14651,0.14707,0.14601,0.14691,7793.0
2026-02-26 05:30:00,1772083800000,0.14691,0.14707,0.14648,0.14668,7219.0
2026-02-26 05:45:00,1772084700000,0.14668,0.14711,0.14619,0.14626,10348.0
2026-02-26 06:00:00,1772085600000,0.14626,0.14656,0.14546,0.14601,31243.0
2026-02-26 06:15:00,1772086500000,0.14601,0.14621,0.14484,0.14523,47006.0
2026-02-26 06:30:00,1772087400000,0.14523,0.14523,0.14448,0.14487,30014.0
2026-02-26 06:45:00,1772088300000,0.14487,0.14645,0.14487,0.14628,39442.0
2026-02-26 07:00:00,1772089200000,0.14628,0.14728,0.14594,0.14699,21047.0
2026-02-26 07:15:00,1772090100000,0.14699,0.14699,0.14496,0.14539,27386.0
2026-02-26 07:30:00,1772091000000,0.14539,0.14571,0.14512,0.14552,6289.0
2026-02-26 07:45:00,1772091900000,0.14552,0.14616,0.14539,0.14579,3053.0
2026-02-26 08:00:00,1772092800000,0.14579,0.14729,0.14579,0.14729,11544.0
2026-02-26 08:15:00,1772093700000,0.14729,0.14816,0.1472,0.14773,15872.0
2026-02-26 08:30:00,1772094600000,0.14773,0.14782,0.14718,0.14758,17851.0
2026-02-26 08:45:00,1772095500000,0.14758,0.14817,0.14729,0.14729,18537.0
2026-02-26 09:00:00,1772096400000,0.14729,0.14884,0.14726,0.14884,21223.0
2026-02-26 09:15:00,1772097300000,0.14884,0.14908,0.14803,0.14813,14009.0
2026-02-26 09:30:00,1772098200000,0.14813,0.15126,0.14813,0.15085,73357.0
2026-02-26 09:45:00,1772099100000,0.15085,0.15092,0.15028,0.15079,8317.0
2026-02-26 10:00:00,1772100000000,0.15079,0.15102,0.14827,0.14853,21883.0
2026-02-26 10:15:00,1772100900000,0.14853,0.14924,0.14802,0.14924,5784.0
2026-02-26 10:30:00,1772101800000,0.14924,0.14977,0.14879,0.14939,11493.0
2026-02-26 10:45:00,1772102700000,0.14939,0.14964,0.14665,0.14721,49636.0
2026-02-26 11:00:00,1772103600000,0.14721,0.14757,0.14679,0.14679,27576.0
2026-02-26 11:15:00,1772104500000,0.14679,0.14802,0.1467,0.14754,15094.0
2026-02-26 11:30:00,1772105400000,0.14754,0.14823,0.14744,0.14823,13474.0
2026-02-26 11:45:00,1772106300000,0.14823,0.1489,0.14754,0.14847,8075.0
2026-02-26 12:00:00,1772107200000,0.14847,0.14914,0.14786,0.14899,11328.0
2026-02-26 12:15:00,1772108100000,0.14899,0.14905,0.148,0.14823,31640.0
2026-02-26 12:30:00,1772109000000,0.14823,0.14944,0.1481,0.14914,40393.0
2026-02-26 12:45:00,1772109900000,0.14914,0.15032,0.14903,0.15032,30091.0
2026-02-26 13:00:00,1772110800000,0.15032,0.15036,0.1485,0.1485,13875.0
2026-02-26 13:15:00,1772111700000,0.1485,0.14852,0.14793,0.14838,7164.0
2026-02-26 13:30:00,1772112600000,0.14838,0.14922,0.14807,0.14922,6034.0
2026-02-26 13:45:00,1772113500000,0.14922,0.14957,0.14832,0.1484,7340.0
2026-02-26 14:00:00,1772114400000,0.1484,0.1487,0.1472,0.14832,61057.0
2026-02-26 14:15:00,1772115300000,0.14832,0.14869,0.14758,0.14771,15304.0
2026-02-26 14:30:00,1772116200000,0.14771,0.14872,0.14636,0.14681,116492.0
2026-02-26 14:45:00,1772117100000,0.14681,0.14822,0.14635,0.1478,32936.0
2026-02-26 15:00:00,1772118000000,0.1478,0.14838,0.14672,0.14712,13382.0
2026-02-26 15:15:00,1772118900000,0.14712,0.14793,0.14563,0.14734,116658.0
2026-02-26 15:30:00,1772119800000,0.14734,0.149,0.14734,0.14883,26274.0
2026-02-26 15:45:00,1772120700000,0.14883,0.14929,0.14862,0.149,15173.0
2026-02-26 16:00:00,1772121600000,0.149,0.14977,0.149,0.14932,4729.0
2026-02-26 16:15:00,1772122500000,0.14932,0.14948,0.1481,0.14857,10440.0
2026-02-26 16:30:00,1772123400000,0.14857,0.14857,0.14685,0.14692,15054.0
2026-02-26 16:45:00,1772124300000,0.14692,0.14701,0.14491,0.14555,86626.0
2026-02-26 17:00:00,1772125200000,0.14555,0.14661,0.14547,0.14613,16952.0
2026-02-26 17:15:00,1772126100000,0.14613,0.14758,0.14587,0.14697,33940.0
2026-02-26 17:30:00,1772127000000,0.14697,0.14747,0.14674,0.14713,3849.0
2026-02-26 17:45:00,1772127900000,0.14713,0.14762,0.14694,0.14737,6451.0
2026-02-26 18:00:00,1772128800000,0.14737,0.14818,0.14634,0.14818,18838.0
2026-02-26 18:15:00,1772129700000,0.14818,0.1499,0.14785,0.14919,54259.0
2026-02-26 18:30:00,1772130600000,0.14919,0.1503,0.14919,0.14999,19826.0
2026-02-26 18:45:00,1772131500000,0.14999,0.15079,0.14958,0.15067,12585.0
2026-02-26 19:00:00,1772132400000,0.15067,0.15303,0.15067,0.15168,72296.0
2026-02-26 19:15:00,1772133300000,0.15168,0.1519,0.15056,0.15126,17839.0
2026-02-26 19:30:00,1772134200000,0.15126,0.15138,0.15092,0.15098,5377.0
2026-02-26 19:45:00,1772135100000,0.15098,0.15183,0.15098,0.15183,3784.0
2026-02-26 20:00:00,1772136000000,0.15183,0.15259,0.15153,0.15259,11954.0
2026-02-26 20:15:00,1772136900000,0.15259,0.15339,0.15171,0.1519,62770.0
2026-02-26 20:30:00,1772137800000,0.1519,0.15235,0.15163,0.15235,9366.0
2026-02-26 20:45:00,1772138700000,0.15235,0.15278,0.15181,0.15278,4708.0
2026-02-26 21:00:00,1772139600000,0.15278,0.15421,0.15278,0.1535,26946.0
2026-02-26 21:15:00,1772140500000,0.1535,0.1535,0.15227,0.15304,9043.0
2026-02-26 21:30:00,1772141400000,0.15304,0.15323,0.15271,0.15323,4014.0
2026-02-26 21:45:00,1772142300000,0.15323,0.15428,0.15313,0.15349,26083.0
2026-02-26 22:00:00,1772143200000,0.15349,0.15354,0.15281,0.15325,21223.0
2026-02-26 22:15:00,1772144100000,0.15325,0.15413,0.1532,0.15388,29667.0
2026-02-26 22:30:00,1772145000000,0.15388,0.15511,0.15369,0.15493,22853.0
2026-02-26 22:45:00,1772145900000,0.15493,0.156,0.15453,0.15517,25556.0
2026-02-26 23:00:00,1772146800000,0.15517,0.1552,0.15404,0.15467,28955.0
2026-02-26 23:15:00,1772147700000,0.15467,0.15493,0.15436,0.1544,7761.0
2026-02-26 23:30:00,1772148600000,0.1544,0.15468,0.15375,0.15418,3518.0
2026-02-26 23:45:00,1772149500000,0.15418,0.15529,0.15411,0.15505,8914.0
2026-02-27 00:00:00,1772150400000,0.15505,0.15636,0.15486,0.15636,8180.0
2026-02-27 00:15:00,1772151300000,0.15636,0.15636,0.15477,0.15486,6192.0
2026-02-27 00:30:00,1772152200000,0.15486,0.15494,0.15316,0.15421,13686.0
2026-02-27 00:45:00,1772153100000,0.15421,0.15421,0.15291,0.15301,13342.0
2026-02-27 01:00:00,1772154000000,0.15301,0.155,0.15246,0.15445,59884.0
2026-02-27 01:15:00,1772154900000,0.15445,0.15546,0.15322,0.15455,26279.0
2026-02-27 01:30:00,1772155800000,0.15455,0.15884,0.15455,0.15732,150287.0
2026-02-27 01:45:00,1772156700000,0.15732,0.16053,0.15681,0.1595,191497.0
2026-02-27 02:00:00,1772157600000,0.1595,0.16047,0.15886,0.16015,37089.0
2026-02-27 02:15:00,1772158500000,0.16015,0.16043,0.15816,0.1585,40899.0
2026-02-27 02:30:00,1772159400000,0.1585,0.15857,0.15686,0.15794,48308.0
2026-02-27 02:45:00,1772160300000,0.15794,0.15821,0.15735,0.15817,21187.0
2026-02-27 03:00:00,1772161200000,0.15817,0.15863,0.15769,0.15842,13858.0
2026-02-27 03:15:00,1772162100000,0.15842,0.15858,0.15759,0.158,2604.0
2026-02-27 03:30:00,1772163000000,0.158,0.158,0.15688,0.15746,18019.0
2026-02-27 03:45:00,1772163900000,0.15746,0.1597,0.15746,0.15838,17867.0
2026-02-27 04:00:00,1772164800000,0.15838,0.15889,0.15761,0.15846,9814.0
2026-02-27 04:15:00,1772165700000,0.15846,0.15879,0.1578,0.1585,47184.0
2026-02-27 04:30:00,1772166600000,0.1585,0.15961,0.1585,0.15893,35028.0
2026-02-27 04:45:00,1772167500000,0.15893,0.15909,0.15715,0.15792,22598.0
2026-02-27 05:00:00,1772168400000,0.15792,0.15809,0.15722,0.15747,16007.0
2026-02-27 05:15:00,1772169300000,0.15747,0.15883,0.15731,0.15843,22643.0
2026-02-27 05:30:00,1772170200000,0.15843,0.15941,0.15769,0.15901,15103.0
2026-02-27 05:45:00,1772171100000,0.15901,0.15901,0.15785,0.15787,25103.0
2026-02-27 06:00:00,1772172000000,0.15787,0.1589,0.15787,0.1589,19566.0
2026-02-27 06:15:00,1772172900000,0.1589,0.1589,0.15715,0.15809,23824.0
2026-02-27 06:30:00,1772173800000,0.15809,0.1597,0.15753,0.1597,36376.0
2026-02-27 06:45:00,1772174700000,0.1597,0.16018,0.15952,0.16012,19554.0
2026-02-27 07:00:00,1772175600000,0.16012,0.16012,0.15821,0.15821,44041.0
2026-02-27 07:15:00,1772176500000,0.15821,0.16141,0.15821,0.15993,80838.0
2026-02-27 07:30:00,1772177400000,0.15993,0.16038,0.15715,0.15772,30524.0
2026-02-27 07:45:00,1772178300000,0.15772,0.15871,0.15746,0.15858,23623.0
2026-02-27 08:00:00,1772179200000,0.15858,0.15903,0.15763,0.15865,10022.0
2026-02-27 08:15:00,1772180100000,0.15865,0.16013,0.15832,0.15903,23335.0
2026-02-27 08:30:00,1772181000000,0.15903,0.16023,0.15862,0.15919,84924.0
2026-02-27 08:45:00,1772181900000,0.15919,0.15952,0.15825,0.15865,6949.0
2026-02-27 09:00:00,1772182800000,0.15865,0.15932,0.15823,0.15823,3618.0
2026-02-27 09:15:00,1772183700000,0.15823,0.1585,0.15758,0.15779,4962.0
2026-02-27 09:30:00,1772184600000,0.15779,0.15891,0.15779,0.1589,10303.0
2026-02-27 09:45:00,1772185500000,0.1589,0.1589,0.15545,0.15546,88611.0
2026-02-27 10:00:00,1772186400000,0.15546,0.15699,0.15521,0.15675,154803.0
2026-02-27 10:15:00,1772187300000,0.15675,0.1577,0.15641,0.15712,14734.0
2026-02-27 10:30:00,1772188200000,0.15712,0.15769,0.15581,0.15698,55195.0
2026-02-27 10:45:00,1772189100000,0.15698,0.15703,0.15538,0.15584,31463.0
2026-02-27 11:00:00,1772190000000,0.15584,0.15699,0.15584,0.15699,15129.0
2026-02-27 11:15:00,1772190900000,0.15699,0.15729,0.15665,0.15686,6267.0
2026-02-27 11:30:00,1772191800000,0.15686,0.15686,0.15215,0.15226,104214.0
2026-02-27 11:45:00,1772192700000,0.15226,0.15416,0.15226,0.15388,36688.0
2026-02-27 12:00:00,1772193600000,0.15388,0.15407,0.15066,0.15114,325988.0
2026-02-27 12:15:00,1772194500000,0.15114,0.15235,0.15072,0.15173,33667.0
2026-02-27 12:30:00,1772195400000,0.15173,0.15173,0.14994,0.15084,79073.0
2026-02-27 12:45:00,1772196300000,0.15084,0.15125,0.15011,0.15119,28507.0
2026-02-27 13:00:00,1772197200000,0.15119,0.15224,0.151,0.15148,54477.0
2026-02-27 13:15:00,1772198100000,0.15148,0.15189,0.14905,0.15099,111058.0
2026-02-27 13:30:00,1772199000000,0.15099,0.15099,0.14953,0.15029,118291.0
2026-02-27 13:45:00,1772199900000,0.15029,0.15073,0.14958,0.14969,10020.0
2026-02-27 14:00:00,1772200800000,0.14969,0.15155,0.14969,0.15058,55108.0
2026-02-27 14:15:00,1772201700000,0.15058,0.15071,0.15001,0.15021,5449.0
2026-02-27 14:30:00,1772202600000,0.15021,0.15044,0.14772,0.1491,198859.0
2026-02-27 14:45:00,1772203500000,0.1491,0.15015,0.1488,0.15015,52838.0
2026-02-27 15:00:00,1772204400000,0.15015,0.15136,0.15015,0.15101,11521.0
2026-02-27 15:15:00,1772205300000,0.15101,0.15194,0.15067,0.15145,24657.0
2026-02-27 15:30:00,1772206200000,0.15145,0.1517,0.15083,0.15098,5149.0
2026-02-27 15:45:00,1772207100000,0.15098,0.15129,0.15057,0.15057,2307.0
2026-02-27 16:00:00,1772208000000,0.15057,0.15071,0.14945,0.14959,12937.0
2026-02-27 16:15:00,1772208900000,0.14959,0.15036,0.14947,0.15026,5493.0
2026-02-27 16:30:00,1772209800000,0.15026,0.1505,0.14949,0.14956,3818.0
2026-02-27 16:45:00,1772210700000,0.14956,0.15051,0.14947,0.14988,3330.0
2026-02-27 17:00:00,1772211600000,0.14988,0.15061,0.14988,0.15033,3892.0
2026-02-27 17:15:00,1772212500000,0.15033,0.15066,0.14944,0.15013,14187.0
2026-02-27 17:30:00,1772213400000,0.15013,0.15102,0.14989,0.15091,13005.0
2026-02-27 17:45:00,1772214300000,0.15091,0.15219,0.15067,0.15168,7532.0
2026-02-27 18:00:00,1772215200000,0.15168,0.15169,0.1513,0.15134,4008.0
2026-02-27 18:15:00,1772216100000,0.15134,0.1522,0.15134,0.1522,2833.0
2026-02-27 18:30:00,1772217000000,0.1522,0.15227,0.15169,0.1521,4674.0
2026-02-27 18:45:00,1772217900000,0.1521,0.1521,0.15087,0.15096,11633.0
2026-02-27 19:00:00,1772218800000,0.15096,0.15148,0.15048,0.15094,840.0
2026-02-27 19:15:00,1772219700000,0.15094,0.15102,0.14967,0.15026,72155.0
2026-02-27 19:30:00,1772220600000,0.15026,0.15026,0.1497,0.1497,3835.0
2026-02-27 19:45:00,1772221500000,0.1497,0.15163,0.14964,0.15136,66141.0
2026-02-27 20:00:00,1772222400000,0.15136,0.15177,0.15133,0.15175,4257.0
2026-02-27 20:15:00,1772223300000,0.15175,0.15206,0.15114,0.15185,15900.0
2026-02-27 20:30:00,1772224200000,0.15185,0.15339,0.15175,0.15336,14723.0
2026-02-27 20:45:00,1772225100000,0.15336,0.15373,0.1532,0.15347,5348.0
2026-02-27 21:00:00,1772226000000,0.15347,0.16133,0.15347,0.16011,183399.0
2026-02-27 21:15:00,1772226900000,0.16011,0.16091,0.1587,0.15957,94277.0
2026-02-27 21:30:00,1772227800000,0.15957,0.16019,0.15854,0.15971,34165.0
2026-02-27 21:45:00,1772228700000,0.15971,0.16059,0.15903,0.15941,34283.0
2026-02-27 22:00:00,1772229600000,0.15941,0.16108,0.15697,0.1583,122350.0
2026-02-27 22:15:00,1772230500000,0.1583,0.15857,0.15767,0.15821,4473.0
2026-02-27 22:30:00,1772231400000,0.15821,0.15998,0.15768,0.15953,20442.0
2026-02-27 22:45:00,1772232300000,0.15953,0.16045,0.15932,0.16017,13313.0
2026-02-27 23:00:00,1772233200000,0.16017,0.16179,0.15985,0.16099,21012.0
2026-02-27 23:15:00,1772234100000,0.16099,0.161,0.15926,0.15962,3168.0
2026-02-27 23:30:00,1772235000000,0.15962,0.16005,0.15883,0.15909,11234.0
2026-02-27 23:45:00,1772235900000,0.15909,0.16168,0.15909,0.16074,30989.0
2026-02-28 00:00:00,1772236800000,0.16074,0.16074,0.15969,0.16048,8972.0
2026-02-28 00:15:00,1772237700000,0.16048,0.16139,0.1602,0.16139,5274.0
2026-02-28 00:30:00,1772238600000,0.16139,0.16175,0.1603,0.16051,44513.0
2026-02-28 00:45:00,1772239500000,0.16051,0.1615,0.16051,0.16104,12267.0
2026-02-28 01:00:00,1772240400000,0.16104,0.16122,0.15936,0.15995,25189.0
2026-02-28 01:15:00,1772241300000,0.15995,0.15995,0.15903,0.15905,3329.0
2026-02-28 01:30:00,1772242200000,0.15905,0.15981,0.15788,0.15846,21102.0
2026-02-28 01:45:00,1772243100000,0.15846,0.15947,0.15821,0.15917,16197.0
2026-02-28 02:00:00,1772244000000,0.15917,0.1595,0.15755,0.15867,18663.0
2026-02-28 02:15:00,1772244900000,0.15867,0.15945,0.1586,0.1586,4062.0
2026-02-28 02:30:00,1772245800000,0.1586,0.1594,0.1586,0.15876,2719.0
2026-02-28 02:45:00,1772246700000,0.15876,0.15982,0.15838,0.15939,17170.0
2026-02-28 03:00:00,1772247600000,0.15939,0.16051,0.15939,0.16026,7961.0
2026-02-28 03:15:00,1772248500000,0.16026,0.16087,0.16008,0.16043,15939.0
2026-02-28 03:30:00,1772249400000,0.16043,0.16094,0.15946,0.15993,4950.0
2026-02-28 03:45:00,1772250300000,0.15993,0.16149,0.15993,0.16065,18973.0
2026-02-28 04:00:00,1772251200000,0.16065,0.16116,0.16048,0.16116,6900.0
2026-02-28 04:15:00,1772252100000,0.16116,0.16119,0.15876,0.15933,32681.0
2026-02-28 04:30:00,1772253000000,0.15933,0.15933,0.15748,0.15815,17968.0
2026-02-28 04:45:00,1772253900000,0.15815,0.15893,0.1576,0.15788,11279.0
2026-02-28 05:00:00,1772254800000,0.15788,0.15869,0.15785,0.15857,14218.0
2026-02-28 05:15:00,1772255700000,0.15857,0.15889,0.15757,0.15776,9810.0
2026-02-28 05:30:00,1772256600000,0.15776,0.15787,0.15613,0.15633,21691.0
2026-02-28 05:45:00,1772257500000,0.15633,0.15772,0.15612,0.15769,51290.0
2026-02-28 06:00:00,1772258400000,0.15769,0.16231,0.15758,0.16069,67436.0
2026-02-28 06:15:00,1772259300000,0.16069,0.16392,0.15908,0.16189,147602.0
2026-02-28 06:30:00,1772260200000,0.16189,0.1645,0.16006,0.16417,184159.0
2026-02-28 06:45:00,1772261100000,0.16417,0.16512,0.15954,0.1605,298465.0
2026-02-28 07:00:00,1772262000000,0.1605,0.16427,0.16014,0.16421,89182.0
2026-02-28 07:15:00,1772262900000,0.16421,0.16829,0.16412,0.16641,238774.0
2026-02-28 07:30:00,1772263800000,0.16641,0.17152,0.16636,0.16908,363756.0
2026-02-28 07:45:00,1772264700000,0.16908,0.17073,0.16617,0.16894,591842.0
2026-02-28 08:00:00,1772265600000,0.16894,0.17013,0.16653,0.16991,154414.0
2026-02-28 08:15:00,1772266500000,0.16991,0.1705,0.16766,0.16856,120612.0
2026-02-28 08:30:00,1772267400000,0.16856,0.1689,0.16581,0.16642,190828.0
2026-02-28 08:45:00,1772268300000,0.16642,0.16744,0.16443,0.16538,185856.0
2026-02-28 09:00:00,1772269200000,0.16538,0.16726,0.16172,0.16215,265259.0
2026-02-28 09:15:00,1772270100000,0.16215,0.1643,0.16167,0.16399,55777.0
2026-02-28 09:30:00,1772271000000,0.16399,0.16406,0.16204,0.16357,56667.0
2026-02-28 09:45:00,1772271900000,0.16357,0.16412,0.16197,0.1637,36033.0
2026-02-28 10:00:00,1772272800000,0.1637,0.16378,0.15867,0.1594,182826.0
2026-02-28 10:15:00,1772273700000,0.1594,0.15945,0.155,0.15765,330973.0
2026-02-28 10:30:00,1772274600000,0.15765,0.15959,0.1574,0.15886,47158.0
2026-02-28 10:45:00,1772275500000,0.15886,0.15916,0.15748,0.15874,45068.0
2026-02-28 11:00:00,1772276400000,0.15874,0.16016,0.15721,0.15784,49422.0
2026-02-28 11:15:00,1772277300000,0.15784,0.15886,0.15759,0.1588,39315.0
2026-02-28 11:30:00,1772278200000,0.1588,0.15925,0.15786,0.15797,25768.0
2026-02-28 11:45:00,1772279100000,0.15797,0.15834,0.15698,0.15698,19949.0
2026-02-28 12:00:00,1772280000000,0.15698,0.15842,0.15698,0.15702,21353.0
2026-02-28 12:15:00,1772280900000,0.15702,0.15765,0.1557,0.15614,49499.0
2026-02-28 12:30:00,1772281800000,0.15614,0.15699,0.15561,0.15699,17680.0
2026-02-28 12:45:00,1772282700000,0.15699,0.15879,0.15675,0.15708,88480.0
2026-02-28 13:00:00,1772283600000,0.15708,0.15782,0.15629,0.15684,41174.0
2026-02-28 13:15:00,1772284500000,0.15684,0.15791,0.15676,0.15676,38815.0
2026-02-28 13:30:00,1772285400000,0.15676,0.15698,0.15463,0.15638,113594.0
2026-02-28 13:45:00,1772286300000,0.15638,0.15965,0.15638,0.15946,106135.0
2026-02-28 14:00:00,1772287200000,0.15946,0.16081,0.15803,0.15839,31890.0
2026-02-28 14:15:00,1772288100000,0.15839,0.15839,0.15705,0.15705,27738.0
2026-02-28 14:30:00,1772289000000,0.15705,0.15856,0.15667,0.15803,16813.0
2026-02-28 14:45:00,1772289900000,0.15803,0.15878,0.15781,0.15828,13286.0
2026-02-28 15:00:00,1772290800000,0.15828,0.16099,0.15828,0.16067,23624.0
2026-02-28 15:15:00,1772291700000,0.16067,0.162,0.15901,0.15954,150095.0
2026-02-28 15:30:00,1772292600000,0.15954,0.1601,0.15462,0.155,98928.0
2026-02-28 15:45:00,1772293500000,0.155,0.15684,0.1519,0.1537,156159.0
2026-02-28 16:00:00,1772294400000,0.1537,0.15414,0.14973,0.15153,141184.0
2026-02-28 16:15:00,1772295300000,0.15153,0.15375,0.15092,0.15212,44449.0
2026-02-28 16:30:00,1772296200000,0.15212,0.15503,0.15212,0.15431,96252.0
2026-02-28 16:45:00,1772297100000,0.15431,0.15627,0.15386,0.15515,86570.0
2026-02-28 17:00:00,1772298000000,0.15515,0.15636,0.15494,0.15528,25463.0
2026-02-28 17:15:00,1772298900000,0.15528,0.15528,0.15283,0.15376,53033.0
2026-02-28 17:30:00,1772299800000,0.15376,0.1543,0.15337,0.15395,3842.0
2026-02-28 17:45:00,1772300700000,0.15395,0.15452,0.15379,0.15446,4567.0
2026-02-28 18:00:00,1772301600000,0.15446,0.15528,0.15402,0.15472,39474.0
2026-02-28 18:15:00,1772302500000,0.15472,0.15553,0.15443,0.15444,5902.0
2026-02-28 18:30:00,1772303400000,0.15444,0.15568,0.15435,0.15514,63533.0
2026-02-28 18:45:00,1772304300000,0.15514,0.15758,0.15514,0.15642,36987.0
2026-02-28 19:00:00,1772305200000,0.15642,0.15642,0.15581,0.15626,5352.0
2026-02-28 19:15:00,1772306100000,0.15626,0.15674,0.15605,0.15644,4048.0
2026-02-28 19:30:00,1772307000000,0.15644,0.15832,0.1564,0.15729,30660.0
2026-02-28 19:45:00,1772307900000,0.15729,0.15779,0.15671,0.15671,4868.0
2026-02-28 20:00:00,1772308800000,0.15671,0.15837,0.15662,0.15834,4803.0
2026-02-28 20:15:00,1772309700000,0.15834,0.15849,0.15733,0.15827,8270.0
2026-02-28 20:30:00,1772310600000,0.15827,0.15831,0.15736,0.15743,5590.0
2026-02-28 20:45:00,1772311500000,0.15743,0.15791,0.1572,0.15753,1954.0
2026-02-28 21:00:00,1772312400000,0.15753,0.15858,0.15715,0.158,5668.0
2026-02-28 21:15:00,1772313300000,0.158,0.15823,0.15749,0.15768,1494.0
2026-02-28 21:30:00,1772314200000,0.15768,0.15821,0.15722,0.15722,3473.0
2026-02-28 21:45:00,1772315100000,0.15722,0.16084,0.15649,0.15941,131068.0
2026-02-28 22:00:00,1772316000000,0.15941,0.15975,0.15786,0.15797,18138.0
2026-02-28 22:15:00,1772316900000,0.15797,0.15935,0.15796,0.15935,2112.0
2026-02-28 22:30:00,1772317800000,0.15935,0.16025,0.1582,0.1582,13661.0
2026-02-28 22:45:00,1772318700000,0.1582,0.1587,0.15793,0.15826,2590.0
2026-02-28 23:00:00,1772319600000,0.15826,0.15826,0.15747,0.15794,2555.0
2026-02-28 23:15:00,1772320500000,0.15794,0.1601,0.15794,0.15903,39122.0
2026-02-28 23:30:00,1772321400000,0.15903,0.15908,0.15821,0.15868,1195.0
2026-02-28 23:45:00,1772322300000,0.15868,0.1595,0.15851,0.15864,7972.0
2026-03-01 00:00:00,1772323200000,0.15864,0.1598,0.15849,0.15972,10534.0
2026-03-01 00:15:00,1772324100000,0.15972,0.16026,0.15914,0.15922,16493.0
2026-03-01 00:30:00,1772325000000,0.15922,0.16176,0.15921,0.16049,17896.0
2026-03-01 00:45:00,1772325900000,0.16049,0.16091,0.16016,0.16091,4835.0
2026-03-01 01:00:00,1772326800000,0.16091,0.16363,0.15983,0.16235,77229.0
2026-03-01 01:15:00,1772327700000,0.16235,0.16275,0.16159,0.16266,12175.0
2026-03-01 01:30:00,1772328600000,0.16266,0.16433,0.16264,0.16369,15388.0
2026-03-01 01:45:00,1772329500000,0.16369,0.16708,0.16369,0.16612,33226.0
2026-03-01 02:00:00,1772330400000,0.16612,0.16733,0.16528,0.16575,33583.0
2026-03-01 02:15:00,1772331300000,0.16575,0.16598,0.16354,0.16414,58556.0
2026-03-01 02:30:00,1772332200000,0.16414,0.16553,0.16377,0.16476,12498.0
2026-03-01 02:45:00,1772333100000,0.16476,0.16699,0.16456,0.16676,27411.0
2026-03-01 03:00:00,1772334000000,0.16676,0.16703,0.16428,0.1644,14359.0
2026-03-01 03:15:00,1772334900000,0.1644,0.16578,0.16433,0.16472,20017.0
2026-03-01 03:30:00,1772335800000,0.16472,0.16496,0.16441,0.16487,2369.0
2026-03-01 03:45:00,1772336700000,0.16487,0.16487,0.16392,0.16397,27131.0
2026-03-01 04:00:00,1772337600000,0.16397,0.1652,0.16386,0.16473,8747.0
2026-03-01 04:15:00,1772338500000,0.16473,0.16503,0.16355,0.16456,11715.0
2026-03-01 04:30:00,1772339400000,0.16456,0.16475,0.16423,0.16436,3451.0
2026-03-01 04:45:00,1772340300000,0.16436,0.16492,0.16436,0.16451,1259.0
2026-03-01 05:00:00,1772341200000,0.16451,0.16494,0.16436,0.16436,5400.0
2026-03-01 05:15:00,1772342100000,0.16436,0.16665,0.16436,0.16543,10019.0
2026-03-01 05:30:00,1772343000000,0.16543,0.16676,0.16543,0.16575,14261.0
2026-03-01 05:45:00,1772343900000,0.16575,0.16593,0.16379,0.16515,32213.0
2026-03-01 06:00:00,1772344800000,0.16515,0.1659,0.16354,0.16411,24931.0
2026-03-01 06:15:00,1772345700000,0.16411,0.16427,0.163,0.16356,4781.0
2026-03-01 06:30:00,1772346600000,0.16356,0.16486,0.16356,0.16438,2359.0
2026-03-01 06:45:00,1772347500000,0.16438,0.16467,0.16384,0.16425,1280.0
2026-03-01 07:00:00,1772348400000,0.16425,0.16425,0.16163,0.16306,25655.0
2026-03-01 07:15:00,1772349300000,0.16306,0.16391,0.16272,0.16276,9255.0
2026-03-01 07:30:00,1772350200000,0.16276,0.16333,0.16227,0.16272,2061.0
2026-03-01 07:45:00,1772351100000,0.16272,0.16294,0.16189,0.1625,9084.0
2026-03-01 08:00:00,1772352000000,0.1625,0.16385,0.16175,0.16328,24760.0
2026-03-01 08:15:00,1772352900000,0.16328,0.16328,0.16215,0.16215,17573.0
2026-03-01 08:30:00,1772353800000,0.16215,0.16298,0.16171,0.16288,13627.0
2026-03-01 08:45:00,1772354700000,0.16288,0.16293,0.16106,0.16201,16584.0
2026-03-01 09:00:00,1772355600000,0.16201,0.16344,0.16187,0.16299,14859.0
2026-03-01 09:15:00,1772356500000,0.16299,0.16299,0.16125,0.16176,8258.0
2026-03-01 09:30:00,1772357400000,0.16176,0.16205,0.16096,0.16105,7746.0
2026-03-01 09:45:00,1772358300000,0.16105,0.16265,0.16054,0.16144,25285.0
2026-03-01 10:00:00,1772359200000,0.16144,0.16153,0.1596,0.16037,30400.0
2026-03-01 10:15:00,1772360100000,0.16037,0.16256,0.16015,0.16219,32069.0
2026-03-01 10:30:00,1772361000000,0.16219,0.16325,0.16161,0.16215,12544.0
2026-03-01 10:45:00,1772361900000,0.16215,0.16262,0.16148,0.16202,15767.0
2026-03-01 11:00:00,1772362800000,0.16202,0.16311,0.16136,0.16303,39631.0
2026-03-01 11:15:00,1772363700000,0.16303,0.16482,0.16245,0.16327,47747.0
2026-03-01 11:30:00,1772364600000,0.16327,0.16339,0.16274,0.16279,6017.0
2026-03-01 11:45:00,1772365500000,0.16279,0.16317,0.16234,0.16234,1736.0
2026-03-01 12:00:00,1772366400000,0.16234,0.16455,0.16232,0.16434,74929.0
2026-03-01 12:15:00,1772367300000,0.16434,0.16495,0.16394,0.16478,7279.0
2026-03-01 12:30:00,1772368200000,0.16478,0.16622,0.16444,0.16577,30357.0
2026-03-01 12:45:00,1772369100000,0.16577,0.16577,0.16455,0.16476,8336.0
2026-03-01 13:00:00,1772370000000,0.16476,0.16543,0.16433,0.16464,11657.0
2026-03-01 13:15:00,1772370900000,0.16464,0.16464,0.1637,0.16375,3666.0
2026-03-01 13:30:00,1772371800000,0.16375,0.16444,0.16148,0.16224,62163.0
2026-03-01 13:45:00,1772372700000,0.16224,0.16501,0.16224,0.16412,22232.0
2026-03-01 14:00:00,1772373600000,0.16412,0.16597,0.16366,0.16578,29076.0
2026-03-01 14:15:00,1772374500000,0.16578,0.166,0.16481,0.16578,47455.0
2026-03-01 14:30:00,1772375400000,0.16578,0.16599,0.16436,0.16436,19097.0
2026-03-01 14:45:00,1772376300000,0.16436,0.1694,0.16376,0.168,126052.0
2026-03-01 15:00:00,1772377200000,0.168,0.16911,0.16651,0.16652,36158.0
2026-03-01 15:15:00,1772378100000,0.16652,0.16741,0.16652,0.16707,11361.0
2026-03-01 15:30:00,1772379000000,0.16707,0.16786,0.1668,0.16758,6705.0
2026-03-01 15:45:00,1772379900000,0.16758,0.16868,0.16665,0.16729,16186.0
2026-03-01 16:00:00,1772380800000,0.16729,0.16842,0.16675,0.1676,9557.0
2026-03-01 16:15:00,1772381700000,0.1676,0.16806,0.16727,0.16732,8955.0
2026-03-01 16:30:00,1772382600000,0.16732,0.16792,0.16694,0.16787,9286.0
2026-03-01 16:45:00,1772383500000,0.16787,0.168,0.16624,0.16685,31198.0
2026-03-01 17:00:00,1772384400000,0.16685,0.16738,0.1658,0.16605,22647.0
2026-03-01 17:15:00,1772385300000,0.16605,0.16645,0.16455,0.16509,14186.0
2026-03-01 17:30:00,1772386200000,0.16509,0.16655,0.16503,0.16552,15424.0
2026-03-01 17:45:00,1772387100000,0.16552,0.16581,0.16466,0.16514,5561.0
2026-03-01 18:00:00,1772388000000,0.16514,0.16653,0.1649,0.16552,14404.0
2026-03-01 18:15:00,1772388900000,0.16552,0.16651,0.16534,0.16588,11368.0
2026-03-01 18:30:00,1772389800000,0.16588,0.16596,0.16527,0.16563,6526.0
2026-03-01 18:45:00,1772390700000,0.16563,0.16578,0.16522,0.16578,4283.0
2026-03-01 19:00:00,1772391600000,0.16578,0.16578,0.16326,0.16326,21165.0
2026-03-01 19:15:00,1772392500000,0.16326,0.16366,0.16289,0.16293,6586.0
2026-03-01 19:30:00,1772393400000,0.16293,0.16403,0.16289,0.16403,17510.0
2026-03-01 19:45:00,1772394300000,0.16403,0.16407,0.16366,0.16402,5746.0
2026-03-01 20:00:00,1772395200000,0.16402,0.16612,0.16369,0.16552,23874.0
2026-03-01 20:15:00,1772396100000,0.16552,0.16552,0.16401,0.16516,22559.0
2026-03-01 20:30:00,1772397000000,0.16516,0.16599,0.16436,0.16462,13507.0
2026-03-01 20:45:00,1772397900000,0.16462,0.16565,0.16392,0.1655,26007.0
2026-03-01 21:00:00,1772398800000,0.1655,0.16823,0.16519,0.16786,104419.0
2026-03-01 21:15:00,1772399700000,0.16786,0.1683,0.16671,0.16757,25909.0
2026-03-01 21:30:00,1772400600000,0.16757,0.16825,0.16717,0.16788,24154.0
2026-03-01 21:45:00,1772401500000,0.16788,0.16794,0.16737,0.16773,4179.0
2026-03-01 22:00:00,1772402400000,0.16773,0.16806,0.16575,0.16749,55969.0
2026-03-01 22:15:00,1772403300000,0.16749,0.16766,0.16597,0.16657,19866.0
2026-03-01 22:30:00,1772404200000,0.16657,0.16697,0.1656,0.16619,29954.0
2026-03-01 22:45:00,1772405100000,0.16619,0.1672,0.16552,0.16662,21929.0
2026-03-01 23:00:00,1772406000000,0.16662,0.16817,0.16639,0.16727,23470.0
2026-03-01 23:15:00,1772406900000,0.16727,0.16814,0.16713,0.16732,2956.0
2026-03-01 23:30:00,1772407800000,0.16732,0.16838,0.16723,0.16815,8587.0
2026-03-01 23:45:00,1772408700000,0.16815,0.1684,0.16751,0.16831,19966.0
2026-03-02 00:00:00,1772409600000,0.16831,0.16899,0.16674,0.1689,37492.0
2026-03-02 00:15:00,1772410500000,0.1689,0.16933,0.16762,0.16796,47385.0
2026-03-02 00:30:00,1772411400000,0.16796,0.16801,0.16684,0.16719,21651.0
2026-03-02 00:45:00,1772412300000,0.16719,0.16778,0.1668,0.1668,8203.0
2026-03-02 01:00:00,1772413200000,0.1668,0.16831,0.16633,0.16766,6399.0
2026-03-02 01:15:00,1772414100000,0.16766,0.16806,0.16665,0.16671,11616.0
2026-03-02 01:30:00,1772415000000,0.16671,0.16671,0.16622,0.16637,7751.0
2026-03-02 01:45:00,1772415900000,0.16637,0.16711,0.16604,0.16643,12374.0
2026-03-02 02:00:00,1772416800000,0.16643,0.16968,0.1664,0.16968,33278.0
2026-03-02 02:15:00,1772417700000,0.16968,0.17101,0.16857,0.16965,26787.0
2026-03-02 02:30:00,1772418600000,0.16965,0.17005,0.16889,0.16917,9781.0
2026-03-02 02:45:00,1772419500000,0.16917,0.16937,0.16832,0.16866,10542.0
2026-03-02 03:00:00,1772420400000,0.16866,0.16866,0.1674,0.16778,11603.0
2026-03-02 03:15:00,1772421300000,0.16778,0.17013,0.16778,0.16989,48830.0
2026-03-02 03:30:00,1772422200000,0.16989,0.16989,0.16848,0.16857,3158.0
2026-03-02 03:45:00,1772423100000,0.16857,0.16861,0.16609,0.16645,72861.0
2026-03-02 04:00:00,1772424000000,0.16645,0.16682,0.16579,0.16602,17930.0
2026-03-02 04:15:00,1772424900000,0.16602,0.16602,0.16527,0.16527,14510.0
2026-03-02 04:30:00,1772425800000,0.16527,0.16593,0.1647,0.16496,23499.0
2026-03-02 04:45:00,1772426700000,0.16496,0.16553,0.16452,0.16494,23323.0
2026-03-02 05:00:00,1772427600000,0.16494,0.16632,0.16494,0.16583,20926.0
2026-03-02 05:15:00,1772428500000,0.16583,0.16629,0.16523,0.16541,9187.0
2026-03-02 05:30:00,1772429400000,0.16541,0.16629,0.16541,0.16593,8677.0
2026-03-02 05:45:00,1772430300000,0.16593,0.16621,0.16513,0.16582,10854.0
2026-03-02 06:00:00,1772431200000,0.16582,0.16582,0.16447,0.16478,10675.0
2026-03-02 06:15:00,1772432100000,0.16478,0.16484,0.16243,0.16327,38152.0
2026-03-02 06:30:00,1772433000000,0.16327,0.16364,0.16252,0.16298,38750.0
2026-03-02 06:45:00,1772433900000,0.16298,0.1634,0.16256,0.16275,6985.0
2026-03-02 07:00:00,1772434800000,0.16275,0.16368,0.16218,0.1628,42766.0
2026-03-02 07:15:00,1772435700000,0.1628,0.1628,0.16127,0.1625,8550.0
2026-03-02 07:30:00,1772436600000,0.1625,0.16339,0.16227,0.1632,16601.0
2026-03-02 07:45:00,1772437500000,0.1632,0.16435,0.16289,0.1638,26908.0
2026-03-02 08:00:00,1772438400000,0.1638,0.1638,0.16194,0.16202,61271.0
2026-03-02 08:15:00,1772439300000,0.16202,0.16227,0.15721,0.15963,291391.0
2026-03-02 08:30:00,1772440200000,0.15963,0.16244,0.15938,0.16228,50657.0
2026-03-02 08:45:00,1772441100000,0.16228,0.16288,0.16176,0.16252,24361.0
2026-03-02 09:00:00,1772442000000,0.16252,0.16633,0.1621,0.16428,190403.0
2026-03-02 09:15:00,1772442900000,0.16428,0.16536,0.16428,0.16477,20696.0
2026-03-02 09:30:00,1772443800000,0.16477,0.16507,0.1641,0.16443,7465.0
2026-03-02 09:45:00,1772444700000,0.16443,0.16514,0.1644,0.16476,7689.0
2026-03-02 10:00:00,1772445600000,0.16476,0.16517,0.16436,0.1651,16637.0
2026-03-02 10:15:00,1772446500000,0.1651,0.16578,0.1651,0.16527,7003.0
2026-03-02 10:30:00,1772447400000,0.16527,0.16616,0.16517,0.16544,15288.0
2026-03-02 10:45:00,1772448300000,0.16544,0.16582,0.16517,0.16575,3769.0
2026-03-02 11:00:00,1772449200000,0.16575,0.16617,0.16388,0.16436,31270.0
2026-03-02 11:15:00,1772450100000,0.16436,0.16453,0.16317,0.16336,38479.0
2026-03-02 11:30:00,1772451000000,0.16336,0.16437,0.16336,0.16397,13934.0
2026-03-02 11:45:00,1772451900000,0.16397,0.16449,0.16296,0.16338,28829.0
2026-03-02 12:00:00,1772452800000,0.16338,0.16428,0.16287,0.16378,17901.0
2026-03-02 12:15:00,1772453700000,0.16378,0.1645,0.1624,0.16274,49815.0
2026-03-02 12:30:00,1772454600000,0.16274,0.16337,0.16272,0.16272,1914.0
2026-03-02 12:45:00,1772455500000,0.16272,0.16333,0.16169,0.16183,28359.0
2026-03-02 13:00:00,1772456400000,0.16183,0.16221,0.15903,0.15993,90853.0
2026-03-02 13:15:00,1772457300000,0.15993,0.16055,0.15895,0.15914,11328.0
2026-03-02 13:30:00,1772458200000,0.15914,0.1604,0.1589,0.1604,53635.0
2026-03-02 13:45:00,1772459100000,0.1604,0.1604,0.15852,0.15901,21719.0
2026-03-02 14:00:00,1772460000000,0.15901,0.1595,0.15848,0.15945,9413.0
2026-03-02 14:15:00,1772460900000,0.15945,0.15945,0.15837,0.15849,18106.0
2026-03-02 14:30:00,1772461800000,0.15849,0.15961,0.15801,0.15854,82689.0
2026-03-02 14:45:00,1772462700000,0.15854,0.16008,0.158,0.1589,100749.0
2026-03-02 15:00:00,1772463600000,0.1589,0.16336,0.15822,0.16275,103464.0
2026-03-02 15:15:00,1772464500000,0.16275,0.16298,0.15816,0.15861,70415.0
2026-03-02 15:30:00,1772465400000,0.15861,0.16135,0.15811,0.16107,72745.0
2026-03-02 15:45:00,1772466300000,0.16107,0.16147,0.15971,0.16018,19445.0
2026-03-02 16:00:00,1772467200000,0.16018,0.16111,0.15914,0.16097,20183.0
2026-03-02 16:15:00,1772468100000,0.16097,0.16148,0.16069,0.16087,14145.0
2026-03-02 16:30:00,1772469000000,0.16087,0.16124,0.16051,0.16123,10841.0
2026-03-02 16:45:00,1772469900000,0.16123,0.16334,0.16049,0.16172,30587.0
2026-03-02 17:00:00,1772470800000,0.16172,0.16317,0.16132,0.1625,34256.0
2026-03-02 17:15:00,1772471700000,0.1625,0.16509,0.16246,0.16418,30601.0
2026-03-02 17:30:00,1772472600000,0.16418,0.1673,0.16406,0.1673,122724.0
2026-03-02 17:45:00,1772473500000,0.1673,0.16997,0.16591,0.16708,103882.0
2026-03-02 18:00:00,1772474400000,0.16708,0.16754,0.1642,0.16581,29689.0
2026-03-02 18:15:00,1772475300000,0.16581,0.16615,0.16522,0.16598,8736.0
2026-03-02 18:30:00,1772476200000,0.16598,0.16616,0.16487,0.1654,4225.0
2026-03-02 18:45:00,1772477100000,0.1654,0.16577,0.16511,0.16556,6612.0
2026-03-02 19:00:00,1772478000000,0.16556,0.16573,0.16489,0.16533,4729.0
2026-03-02 19:15:00,1772478900000,0.16533,0.16641,0.16533,0.16539,5333.0
2026-03-02 19:30:00,1772479800000,0.16539,0.16621,0.16539,0.16614,2871.0
2026-03-02 19:45:00,1772480700000,0.16614,0.16671,0.16599,0.16671,11780.0
2026-03-02 20:00:00,1772481600000,0.16671,0.16743,0.16605,0.16645,9102.0
2026-03-02 20:15:00,1772482500000,0.16645,0.16824,0.16642,0.1669,14394.0
2026-03-02 20:30:00,1772483400000,0.1669,0.16791,0.16641,0.16712,3992.0
2026-03-02 20:45:00,1772484300000,0.16712,0.16756,0.16654,0.16726,13059.0
2026-03-02 21:00:00,1772485200000,0.16726,0.16727,0.16587,0.16626,16489.0
2026-03-02 21:15:00,1772486100000,0.16626,0.16641,0.16587,0.16609,3495.0
2026-03-02 21:30:00,1772487000000,0.16609,0.1671,0.16609,0.16676,4454.0
2026-03-02 21:45:00,1772487900000,0.16676,0.16741,0.16672,0.16741,2619.0
2026-03-02 22:00:00,1772488800000,0.16741,0.1676,0.16535,0.16649,33438.0
2026-03-02 22:15:00,1772489700000,0.16649,0.16649,0.16541,0.16587,1157.0
2026-03-02 22:30:00,1772490600000,0.16587,0.16587,0.16481,0.16524,4345.0
2026-03-02 22:45:00,1772491500000,0.16524,0.16536,0.16437,0.16467,9649.0
2026-03-02 23:00:00,1772492400000,0.16467,0.16467,0.16296,0.1633,27180.0
2026-03-02 23:15:00,1772493300000,0.1633,0.1633,0.16206,0.16228,12003.0
2026-03-02 23:30:00,1772494200000,0.16228,0.16248,0.16195,0.16229,13138.0
