Open_time,Open_time,Open,High,Low,Close,Volume
2026-03-14 00:00:00,1773446400000,4.001,4.001,3.989,3.995,34464.6
2026-03-14 00:15:00,1773447300000,3.995,4.007,3.993,4.006,61977.7
2026-03-14 00:30:00,1773448200000,4.006,4.011,3.976,3.98,50783.9
2026-03-14 00:45:00,1773449100000,3.98,3.982,3.974,3.975,33555.5
2026-03-14 01:00:00,1773450000000,3.975,3.985,3.971,3.973,26663.7
2026-03-14 01:15:00,1773450900000,3.973,3.992,3.973,3.991,11935.2
2026-03-14 01:30:00,1773451800000,3.991,3.995,3.961,3.989,69115.3
2026-03-14 01:45:00,1773452700000,3.989,4.002,3.989,3.994,36286.5
2026-03-14 02:00:00,1773453600000,3.994,3.998,3.986,3.993,15929.4
2026-03-14 02:15:00,1773454500000,3.993,3.997,3.99,3.99,14671.3
2026-03-14 02:30:00,1773455400000,3.99,3.996,3.986,3.987,15615.0
2026-03-14 02:45:00,1773456300000,3.987,4.0,3.987,3.994,21062.9
2026-03-14 03:00:00,1773457200000,3.994,4.01,3.994,4.006,15985.0
2026-03-14 03:15:00,1773458100000,4.006,4.012,4.002,4.008,19822.9
2026-03-14 03:30:00,1773459000000,4.008,4.016,4.006,4.007,36907.9
2026-03-14 03:45:00,1773459900000,4.007,4.008,4.003,4.005,14353.6
2026-03-14 04:00:00,1773460800000,4.005,4.017,4.005,4.013,21019.3
2026-03-14 04:15:00,1773461700000,4.013,4.013,3.997,4.009,27296.9
2026-03-14 04:30:00,1773462600000,4.009,4.018,4.003,4.009,19561.4
2026-03-14 04:45:00,1773463500000,4.009,4.01,3.977,3.986,50502.7
2026-03-14 05:00:00,1773464400000,3.986,3.988,3.976,3.979,16938.9
2026-03-14 05:15:00,1773465300000,3.979,3.984,3.974,3.974,21794.4
2026-03-14 05:30:00,1773466200000,3.974,3.975,3.955,3.965,33317.0
2026-03-14 05:45:00,1773467100000,3.965,3.974,3.964,3.97,13290.6
2026-03-14 06:00:00,1773468000000,3.97,3.97,3.954,3.957,27883.9
2026-03-14 06:15:00,1773468900000,3.957,3.957,3.94,3.947,49403.1
2026-03-14 06:30:00,1773469800000,3.947,3.949,3.917,3.924,88260.7
2026-03-14 06:45:00,1773470700000,3.924,3.941,3.922,3.937,36008.5
2026-03-14 07:00:00,1773471600000,3.937,3.943,3.932,3.942,14389.3
2026-03-14 07:15:00,1773472500000,3.942,3.942,3.931,3.94,19742.1
2026-03-14 07:30:00,1773473400000,3.94,3.943,3.923,3.926,28577.1
2026-03-14 07:45:00,1773474300000,3.926,3.929,3.919,3.922,19321.9
2026-03-14 08:00:00,1773475200000,3.922,3.926,3.919,3.923,32936.6
2026-03-14 08:15:00,1773476100000,3.923,3.934,3.919,3.923,40899.8
2026-03-14 08:30:00,1773477000000,3.923,3.926,3.916,3.918,23250.9
2026-03-14 08:45:00,1773477900000,3.918,3.928,3.918,3.924,13986.0
2026-03-14 09:00:00,1773478800000,3.924,3.935,3.921,3.934,10098.1
2026-03-14 09:15:00,1773479700000,3.934,3.94,3.932,3.938,21600.1
2026-03-14 09:30:00,1773480600000,3.938,3.94,3.924,3.929,31613.4
2026-03-14 09:45:00,1773481500000,3.929,3.93,3.91,3.924,39870.8
2026-03-14 10:00:00,1773482400000,3.924,3.927,3.917,3.924,8644.0
2026-03-14 10:15:00,1773483300000,3.924,3.924,3.911,3.913,18425.8
2026-03-14 10:30:00,1773484200000,3.913,3.915,3.9,3.909,53490.4
2026-03-14 10:45:00,1773485100000,3.909,3.912,3.906,3.907,13084.7
2026-03-14 11:00:00,1773486000000,3.907,3.916,3.906,3.914,12534.8
2026-03-14 11:15:00,1773486900000,3.914,3.924,3.913,3.921,12106.4
2026-03-14 11:30:00,1773487800000,3.921,3.933,3.921,3.932,7574.4
2026-03-14 11:45:00,1773488700000,3.932,3.935,3.924,3.926,22321.4
2026-03-14 12:00:00,1773489600000,3.926,3.928,3.919,3.923,48924.7
2026-03-14 12:15:00,1773490500000,3.923,3.938,3.923,3.934,28865.5
2026-03-14 12:30:00,1773491400000,3.934,3.938,3.92,3.921,36965.1
2026-03-14 12:45:00,1773492300000,3.921,3.934,3.921,3.934,26088.8
2026-03-14 13:00:00,1773493200000,3.934,3.934,3.923,3.929,7936.4
2026-03-14 13:15:00,1773494100000,3.929,3.941,3.929,3.938,6865.1
2026-03-14 13:30:00,1773495000000,3.938,3.946,3.938,3.944,12203.9
2026-03-14 13:45:00,1773495900000,3.944,3.944,3.93,3.937,18698.6
2026-03-14 14:00:00,1773496800000,3.937,3.942,3.931,3.933,22259.6
2026-03-14 14:15:00,1773497700000,3.933,3.945,3.933,3.945,24349.4
2026-03-14 14:30:00,1773498600000,3.945,3.948,3.917,3.919,36845.1
2026-03-14 14:45:00,1773499500000,3.919,3.927,3.919,3.922,10103.6
2026-03-14 15:00:00,1773500400000,3.922,3.93,3.918,3.923,14992.3
2026-03-14 15:15:00,1773501300000,3.923,3.929,3.92,3.927,10590.9
2026-03-14 15:30:00,1773502200000,3.927,3.927,3.915,3.919,16505.2
2026-03-14 15:45:00,1773503100000,3.919,3.931,3.919,3.929,7568.9
2026-03-14 16:00:00,1773504000000,3.929,3.929,3.919,3.923,24883.7
2026-03-14 16:15:00,1773504900000,3.923,3.934,3.923,3.932,6338.5
2026-03-14 16:30:00,1773505800000,3.932,3.936,3.926,3.929,9027.5
2026-03-14 16:45:00,1773506700000,3.929,3.929,3.923,3.929,6690.5
2026-03-14 17:00:00,1773507600000,3.929,3.929,3.923,3.926,5810.6
2026-03-14 17:15:00,1773508500000,3.926,3.927,3.915,3.925,42746.4
2026-03-14 17:30:00,1773509400000,3.925,3.925,3.917,3.919,4183.9
2026-03-14 17:45:00,1773510300000,3.919,3.921,3.912,3.918,16220.4
2026-03-14 18:00:00,1773511200000,3.918,3.918,3.908,3.91,10920.4
2026-03-14 18:15:00,1773512100000,3.91,3.912,3.906,3.91,9077.7
2026-03-14 18:30:00,1773513000000,3.91,3.92,3.91,3.916,9963.4
2026-03-14 18:45:00,1773513900000,3.916,3.92,3.913,3.916,26733.8
2026-03-14 19:00:00,1773514800000,3.916,3.918,3.91,3.914,9616.4
2026-03-14 19:15:00,1773515700000,3.914,3.916,3.909,3.91,6021.4
2026-03-14 19:30:00,1773516600000,3.91,3.914,3.907,3.913,2265.8
2026-03-14 19:45:00,1773517500000,3.913,3.916,3.907,3.908,8505.8
2026-03-14 20:00:00,1773518400000,3.908,3.919,3.908,3.915,15461.4
2026-03-14 20:15:00,1773519300000,3.915,3.921,3.912,3.918,8043.6
2026-03-14 20:30:00,1773520200000,3.918,3.925,3.917,3.925,10664.3
2026-03-14 20:45:00,1773521100000,3.925,3.928,3.922,3.923,18269.4
2026-03-14 21:00:00,1773522000000,3.923,3.923,3.908,3.912,19359.3
2026-03-14 21:15:00,1773522900000,3.912,3.915,3.91,3.91,2753.7
2026-03-14 21:30:00,1773523800000,3.91,3.917,3.91,3.914,3094.3
2026-03-14 21:45:00,1773524700000,3.914,3.926,3.911,3.92,8946.7
2026-03-14 22:00:00,1773525600000,3.92,3.924,3.917,3.917,4082.5
2026-03-14 22:15:00,1773526500000,3.917,3.922,3.912,3.919,4822.7
2026-03-14 22:30:00,1773527400000,3.919,3.922,3.917,3.918,5104.6
2026-03-14 22:45:00,1773528300000,3.918,3.918,3.909,3.912,3977.9
2026-03-14 23:00:00,1773529200000,3.912,3.953,3.912,3.935,83602.5
2026-03-14 23:15:00,1773530100000,3.935,3.937,3.924,3.935,16915.4
2026-03-14 23:30:00,1773531000000,3.935,3.942,3.93,3.94,26490.5
2026-03-14 23:45:00,1773531900000,3.94,3.949,3.94,3.943,14108.0
2026-03-15 00:00:00,1773532800000,3.943,3.945,3.933,3.94,21143.2
2026-03-15 00:15:00,1773533700000,3.94,3.94,3.924,3.925,53553.8
2026-03-15 00:30:00,1773534600000,3.925,3.93,3.924,3.926,13417.2
2026-03-15 00:45:00,1773535500000,3.926,3.926,3.916,3.921,9587.4
2026-03-15 01:00:00,1773536400000,3.921,3.926,3.912,3.919,4768.6
2026-03-15 01:15:00,1773537300000,3.919,3.924,3.915,3.921,3109.8
2026-03-15 01:30:00,1773538200000,3.921,3.931,3.919,3.931,11053.7
2026-03-15 01:45:00,1773539100000,3.931,3.935,3.929,3.93,13136.1
2026-03-15 02:00:00,1773540000000,3.93,3.957,3.93,3.953,34010.0
2026-03-15 02:15:00,1773540900000,3.953,3.954,3.945,3.946,6036.6
2026-03-15 02:30:00,1773541800000,3.946,3.966,3.939,3.966,27569.8
2026-03-15 02:45:00,1773542700000,3.966,3.981,3.962,3.972,73790.5
2026-03-15 03:00:00,1773543600000,3.972,3.978,3.961,3.967,8992.8
2026-03-15 03:15:00,1773544500000,3.967,3.967,3.947,3.949,36154.0
2026-03-15 03:30:00,1773545400000,3.949,3.958,3.944,3.946,53478.2
2026-03-15 03:45:00,1773546300000,3.946,3.951,3.941,3.95,24903.6
2026-03-15 04:00:00,1773547200000,3.95,3.969,3.95,3.961,12739.6
2026-03-15 04:15:00,1773548100000,3.961,3.963,3.949,3.95,13556.1
2026-03-15 04:30:00,1773549000000,3.95,3.955,3.943,3.954,20509.4
2026-03-15 04:45:00,1773549900000,3.954,3.955,3.948,3.954,12721.4
2026-03-15 05:00:00,1773550800000,3.954,3.954,3.939,3.944,13741.8
2026-03-15 05:15:00,1773551700000,3.944,3.972,3.944,3.959,85973.4
2026-03-15 05:30:00,1773552600000,3.959,3.975,3.955,3.963,70244.6
2026-03-15 05:45:00,1773553500000,3.963,3.965,3.954,3.955,39019.5
2026-03-15 06:00:00,1773554400000,3.955,3.965,3.954,3.961,11477.5
2026-03-15 06:15:00,1773555300000,3.961,3.961,3.948,3.948,15506.1
2026-03-15 06:30:00,1773556200000,3.948,3.948,3.933,3.937,48625.8
2026-03-15 06:45:00,1773557100000,3.937,3.944,3.937,3.942,4541.1
2026-03-15 07:00:00,1773558000000,3.942,3.955,3.938,3.948,29269.1
2026-03-15 07:15:00,1773558900000,3.948,3.948,3.942,3.942,2833.4
2026-03-15 07:30:00,1773559800000,3.942,3.942,3.934,3.935,13978.1
2026-03-15 07:45:00,1773560700000,3.935,3.943,3.933,3.94,5709.6
2026-03-15 08:00:00,1773561600000,3.94,3.946,3.937,3.944,26280.7
2026-03-15 08:15:00,1773562500000,3.944,3.949,3.94,3.943,16403.3
2026-03-15 08:30:00,1773563400000,3.943,3.952,3.943,3.952,11581.7
2026-03-15 08:45:00,1773564300000,3.952,3.967,3.952,3.967,13604.4
2026-03-15 09:00:00,1773565200000,3.967,3.984,3.967,3.969,39076.8
2026-03-15 09:15:00,1773566100000,3.969,3.977,3.968,3.969,13032.4
2026-03-15 09:30:00,1773567000000,3.969,3.971,3.956,3.957,15394.7
2026-03-15 09:45:00,1773567900000,3.957,3.962,3.951,3.961,8756.2
2026-03-15 10:00:00,1773568800000,3.961,3.967,3.96,3.967,6939.4
2026-03-15 10:15:00,1773569700000,3.967,3.974,3.965,3.967,4034.6
2026-03-15 10:30:00,1773570600000,3.967,3.973,3.964,3.973,2580.7
2026-03-15 10:45:00,1773571500000,3.973,3.987,3.973,3.982,31173.7
2026-03-15 11:00:00,1773572400000,3.982,3.988,3.977,3.983,21281.6
2026-03-15 11:15:00,1773573300000,3.983,3.99,3.982,3.984,26769.4
2026-03-15 11:30:00,1773574200000,3.984,3.988,3.978,3.986,13574.9
2026-03-15 11:45:00,1773575100000,3.986,3.994,3.985,3.993,10103.7
2026-03-15 12:00:00,1773576000000,3.993,3.994,3.973,3.978,13009.3
2026-03-15 12:15:00,1773576900000,3.978,3.982,3.975,3.981,12854.5
2026-03-15 12:30:00,1773577800000,3.981,3.988,3.978,3.982,9651.1
2026-03-15 12:45:00,1773578700000,3.982,3.987,3.981,3.985,11384.9
2026-03-15 13:00:00,1773579600000,3.985,3.99,3.941,3.951,106003.7
2026-03-15 13:15:00,1773580500000,3.951,3.966,3.935,3.961,63933.9
2026-03-15 13:30:00,1773581400000,3.961,3.963,3.931,3.946,52925.5
2026-03-15 13:45:00,1773582300000,3.946,3.956,3.941,3.956,10770.9
2026-03-15 14:00:00,1773583200000,3.956,3.966,3.954,3.962,8106.9
2026-03-15 14:15:00,1773584100000,3.962,3.962,3.947,3.952,18830.4
2026-03-15 14:30:00,1773585000000,3.952,3.957,3.939,3.955,16184.0
2026-03-15 14:45:00,1773585900000,3.955,3.963,3.953,3.963,17749.8
2026-03-15 15:00:00,1773586800000,3.963,3.964,3.955,3.955,5972.5
2026-03-15 15:15:00,1773587700000,3.955,3.962,3.95,3.952,9953.5
2026-03-15 15:30:00,1773588600000,3.952,3.956,3.947,3.955,56214.5
2026-03-15 15:45:00,1773589500000,3.955,3.956,3.95,3.953,8723.5
2026-03-15 16:00:00,1773590400000,3.953,3.966,3.948,3.966,11158.7
2026-03-15 16:15:00,1773591300000,3.966,3.969,3.948,3.958,25474.2
2026-03-15 16:30:00,1773592200000,3.958,3.961,3.943,3.954,19167.5
2026-03-15 16:45:00,1773593100000,3.954,3.957,3.943,3.949,60838.5
2026-03-15 17:00:00,1773594000000,3.949,3.971,3.948,3.969,18354.0
2026-03-15 17:15:00,1773594900000,3.969,3.973,3.966,3.967,12247.6
2026-03-15 17:30:00,1773595800000,3.967,3.968,3.964,3.965,9091.9
2026-03-15 17:45:00,1773596700000,3.965,4.001,3.964,3.992,61820.3
2026-03-15 18:00:00,1773597600000,3.992,4.002,3.992,3.993,20913.0
2026-03-15 18:15:00,1773598500000,3.993,3.995,3.987,3.989,12271.4
2026-03-15 18:30:00,1773599400000,3.989,4.007,3.989,4.0,17122.4
2026-03-15 18:45:00,1773600300000,4.0,4.001,3.967,3.973,38480.6
2026-03-15 19:00:00,1773601200000,3.973,3.989,3.97,3.989,22734.2
2026-03-15 19:15:00,1773602100000,3.989,3.998,3.979,3.995,14655.5
2026-03-15 19:30:00,1773603000000,3.995,3.999,3.988,3.993,8440.8
2026-03-15 19:45:00,1773603900000,3.993,4.002,3.987,4.0,7939.7
2026-03-15 20:00:00,1773604800000,4.0,4.001,3.992,3.993,11505.5
2026-03-15 20:15:00,1773605700000,3.993,3.994,3.988,3.993,8183.0
2026-03-15 20:30:00,1773606600000,3.993,4.03,3.992,4.015,60604.4
2026-03-15 20:45:00,1773607500000,4.015,4.019,4.01,4.014,14430.5
2026-03-15 21:00:00,1773608400000,4.014,4.015,3.998,4.002,23981.8
2026-03-15 21:15:00,1773609300000,4.002,4.016,4.0,4.012,7721.8
2026-03-15 21:30:00,1773610200000,4.012,4.048,4.012,4.041,55722.1
2026-03-15 21:45:00,1773611100000,4.041,4.05,4.035,4.039,32723.2
2026-03-15 22:00:00,1773612000000,4.039,4.06,4.016,4.018,70726.9
2026-03-15 22:15:00,1773612900000,4.018,4.024,4.007,4.019,55149.8
2026-03-15 22:30:00,1773613800000,4.019,4.072,4.019,4.062,115758.9
2026-03-15 22:45:00,1773614700000,4.062,4.108,4.062,4.092,85501.3
2026-03-15 23:00:00,1773615600000,4.092,4.109,4.089,4.096,117901.1
2026-03-15 23:15:00,1773616500000,4.096,4.101,4.041,4.042,89070.4
2026-03-15 23:30:00,1773617400000,4.042,4.053,4.033,4.05,42605.0
2026-03-15 23:45:00,1773618300000,4.05,4.065,4.041,4.065,18208.4
2026-03-16 00:00:00,1773619200000,4.065,4.092,4.065,4.072,69901.4
2026-03-16 00:15:00,1773620100000,4.072,4.085,4.058,4.065,22918.2
2026-03-16 00:30:00,1773621000000,4.065,4.066,4.048,4.056,26600.1
2026-03-16 00:45:00,1773621900000,4.056,4.071,4.054,4.069,9572.6
2026-03-16 01:00:00,1773622800000,4.069,4.076,4.045,4.047,26350.8
2026-03-16 01:15:00,1773623700000,4.047,4.083,4.047,4.076,37687.8
2026-03-16 01:30:00,1773624600000,4.076,4.077,4.057,4.068,28009.1
2026-03-16 01:45:00,1773625500000,4.068,4.1,4.068,4.094,36375.9
2026-03-16 02:00:00,1773626400000,4.094,4.102,4.087,4.09,19473.6
2026-03-16 02:15:00,1773627300000,4.09,4.093,4.055,4.062,82683.7
2026-03-16 02:30:00,1773628200000,4.062,4.072,4.06,4.067,16016.8
2026-03-16 02:45:00,1773629100000,4.067,4.082,4.058,4.071,14307.5
2026-03-16 03:00:00,1773630000000,4.071,4.075,4.061,4.067,15181.7
2026-03-16 03:15:00,1773630900000,4.067,4.108,4.062,4.1,180949.4
2026-03-16 03:30:00,1773631800000,4.1,4.174,4.1,4.113,474014.2
2026-03-16 03:45:00,1773632700000,4.113,4.117,4.094,4.097,90100.2
2026-03-16 04:00:00,1773633600000,4.097,4.123,4.097,4.115,51557.0
2026-03-16 04:15:00,1773634500000,4.115,4.12,4.03,4.051,507906.2
2026-03-16 04:30:00,1773635400000,4.051,4.065,3.985,3.998,492198.5
2026-03-16 04:45:00,1773636300000,3.998,4.018,3.966,4.011,356636.0
2026-03-16 05:00:00,1773637200000,4.011,4.035,4.006,4.032,140493.6
2026-03-16 05:15:00,1773638100000,4.032,4.051,4.025,4.047,99427.0
2026-03-16 05:30:00,1773639000000,4.047,4.061,4.036,4.061,51286.1
2026-03-16 05:45:00,1773639900000,4.061,4.071,4.05,4.063,106661.6
2026-03-16 06:00:00,1773640800000,4.063,4.065,4.024,4.033,102173.1
2026-03-16 06:15:00,1773641700000,4.033,4.065,4.032,4.053,75700.8
2026-03-16 06:30:00,1773642600000,4.053,4.068,4.047,4.066,23326.9
2026-03-16 06:45:00,1773643500000,4.066,4.069,4.057,4.062,19865.6
2026-03-16 07:00:00,1773644400000,4.062,4.09,4.062,4.08,40504.7
2026-03-16 07:15:00,1773645300000,4.08,4.093,4.069,4.091,57333.2
2026-03-16 07:30:00,1773646200000,4.091,4.097,4.077,4.084,39933.7
2026-03-16 07:45:00,1773647100000,4.084,4.085,4.07,4.077,42961.7
2026-03-16 08:00:00,1773648000000,4.077,4.105,4.077,4.088,148187.4
2026-03-16 08:15:00,1773648900000,4.088,4.093,4.072,4.072,44681.9
2026-03-16 08:30:00,1773649800000,4.072,4.077,4.033,4.034,125644.1
2026-03-16 08:45:00,1773650700000,4.034,4.062,4.034,4.051,66267.5
2026-03-16 09:00:00,1773651600000,4.051,4.078,4.048,4.071,58463.1
2026-03-16 09:15:00,1773652500000,4.071,4.081,4.066,4.077,33016.8
2026-03-16 09:30:00,1773653400000,4.077,4.077,4.066,4.067,15105.0
2026-03-16 09:45:00,1773654300000,4.067,4.095,4.067,4.081,28783.6
2026-03-16 10:00:00,1773655200000,4.081,4.09,4.064,4.069,37273.0
2026-03-16 10:15:00,1773656100000,4.069,4.073,4.054,4.06,59553.5
2026-03-16 10:30:00,1773657000000,4.06,4.061,4.039,4.044,27919.8
2026-03-16 10:45:00,1773657900000,4.044,4.066,4.041,4.065,40226.7
2026-03-16 11:00:00,1773658800000,4.065,4.076,4.064,4.07,57448.0
2026-03-16 11:15:00,1773659700000,4.07,4.075,4.048,4.051,48733.8
2026-03-16 11:30:00,1773660600000,4.051,4.061,4.047,4.06,28246.6
2026-03-16 11:45:00,1773661500000,4.06,4.065,4.054,4.054,17691.8
2026-03-16 12:00:00,1773662400000,4.054,4.076,4.046,4.058,95674.8
2026-03-16 12:15:00,1773663300000,4.058,4.076,4.047,4.074,85994.3
2026-03-16 12:30:00,1773664200000,4.074,4.082,4.061,4.07,84903.6
2026-03-16 12:45:00,1773665100000,4.07,4.073,4.06,4.067,18801.3
2026-03-16 13:00:00,1773666000000,4.067,4.08,4.064,4.08,29558.5
2026-03-16 13:15:00,1773666900000,4.08,4.086,4.07,4.081,26373.5
2026-03-16 13:30:00,1773667800000,4.081,4.141,4.078,4.114,213378.3
2026-03-16 13:45:00,1773668700000,4.114,4.136,4.096,4.118,149026.4
2026-03-16 14:00:00,1773669600000,4.118,4.138,4.107,4.119,74962.8
2026-03-16 14:15:00,1773670500000,4.119,4.131,4.085,4.085,98654.2
2026-03-16 14:30:00,1773671400000,4.085,4.086,4.053,4.076,220596.1
2026-03-16 14:45:00,1773672300000,4.076,4.122,4.062,4.116,111184.5
2026-03-16 15:00:00,1773673200000,4.116,4.123,4.101,4.108,62697.6
2026-03-16 15:15:00,1773674100000,4.108,4.114,4.098,4.109,45521.5
2026-03-16 15:30:00,1773675000000,4.109,4.121,4.089,4.093,39889.7
2026-03-16 15:45:00,1773675900000,4.093,4.104,4.072,4.078,70937.6
2026-03-16 16:00:00,1773676800000,4.078,4.108,4.077,4.097,39786.0
2026-03-16 16:15:00,1773677700000,4.097,4.129,4.095,4.126,61966.5
2026-03-16 16:30:00,1773678600000,4.126,4.136,4.116,4.13,33492.5
2026-03-16 16:45:00,1773679500000,4.13,4.143,4.121,4.137,65163.4
2026-03-16 17:00:00,1773680400000,4.137,4.152,4.134,4.14,68453.0
2026-03-16 17:15:00,1773681300000,4.14,4.15,4.132,4.142,34752.1
2026-03-16 17:30:00,1773682200000,4.142,4.165,4.133,4.144,122195.2
2026-03-16 17:45:00,1773683100000,4.144,4.15,4.129,4.137,27154.5
2026-03-16 18:00:00,1773684000000,4.137,4.161,4.128,4.153,66839.2
2026-03-16 18:15:00,1773684900000,4.153,4.185,4.152,4.173,69678.3
2026-03-16 18:30:00,1773685800000,4.173,4.173,4.148,4.166,76942.6
2026-03-16 18:45:00,1773686700000,4.166,4.166,4.142,4.143,45041.8
2026-03-16 19:00:00,1773687600000,4.143,4.174,4.128,4.165,58821.7
2026-03-16 19:15:00,1773688500000,4.165,4.171,4.134,4.147,146572.4
2026-03-16 19:30:00,1773689400000,4.147,4.155,4.143,4.147,19622.7
2026-03-16 19:45:00,1773690300000,4.147,4.15,4.132,4.149,37968.0
2026-03-16 20:00:00,1773691200000,4.149,4.152,4.137,4.143,19884.4
2026-03-16 20:15:00,1773692100000,4.143,4.158,4.14,4.153,56483.7
2026-03-16 20:30:00,1773693000000,4.153,4.165,4.15,4.153,26972.2
2026-03-16 20:45:00,1773693900000,4.153,4.162,4.151,4.161,14449.8
2026-03-16 21:00:00,1773694800000,4.161,4.179,4.148,4.157,91435.8
2026-03-16 21:15:00,1773695700000,4.157,4.157,4.134,4.139,32273.2
2026-03-16 21:30:00,1773696600000,4.139,4.18,4.137,4.162,60591.3
2026-03-16 21:45:00,1773697500000,4.162,4.176,4.148,4.158,52776.4
2026-03-16 22:00:00,1773698400000,4.158,4.191,4.156,4.18,55785.8
2026-03-16 22:15:00,1773699300000,4.18,4.185,4.162,4.167,47803.5
2026-03-16 22:30:00,1773700200000,4.167,4.174,4.164,4.17,21699.0
2026-03-16 22:45:00,1773701100000,4.17,4.172,4.15,4.154,28151.7
2026-03-16 23:00:00,1773702000000,4.154,4.154,4.114,4.146,179950.7
2026-03-16 23:15:00,1773702900000,4.146,4.15,4.13,4.147,111666.6
2026-03-16 23:30:00,1773703800000,4.147,4.167,4.146,4.165,42784.9
2026-03-16 23:45:00,1773704700000,4.165,4.172,4.147,4.154,32278.6
2026-03-17 00:00:00,1773705600000,4.154,4.167,4.13,4.163,113824.5
2026-03-17 00:15:00,1773706500000,4.163,4.17,4.124,4.148,144634.2
2026-03-17 00:30:00,1773707400000,4.148,4.169,4.125,4.134,112291.0
2026-03-17 00:45:00,1773708300000,4.134,4.143,4.121,4.141,24316.2
2026-03-17 01:00:00,1773709200000,4.141,4.169,4.119,4.151,142288.6
2026-03-17 01:15:00,1773710100000,4.151,4.156,4.135,4.151,49517.5
2026-03-17 01:30:00,1773711000000,4.151,4.162,4.134,4.145,80365.8
2026-03-17 01:45:00,1773711900000,4.145,4.156,4.133,4.148,26952.5
2026-03-17 02:00:00,1773712800000,4.148,4.156,4.114,4.134,43218.4
2026-03-17 02:15:00,1773713700000,4.134,4.138,4.123,4.128,13675.9
2026-03-17 02:30:00,1773714600000,4.128,4.158,4.128,4.154,19906.8
2026-03-17 02:45:00,1773715500000,4.154,4.157,4.128,4.128,30621.5
2026-03-17 03:00:00,1773716400000,4.128,4.132,4.107,4.108,40618.5
2026-03-17 03:15:00,1773717300000,4.108,4.108,4.087,4.096,108679.6
2026-03-17 03:30:00,1773718200000,4.096,4.097,4.057,4.061,98476.0
2026-03-17 03:45:00,1773719100000,4.061,4.076,4.052,4.073,84029.1
2026-03-17 04:00:00,1773720000000,4.073,4.083,4.066,4.074,44867.5
2026-03-17 04:15:00,1773720900000,4.074,4.075,4.044,4.049,73468.9
2026-03-17 04:30:00,1773721800000,4.049,4.053,4.013,4.016,125275.1
2026-03-17 04:45:00,1773722700000,4.016,4.04,4.016,4.037,35176.0
2026-03-17 05:00:00,1773723600000,4.037,4.042,4.023,4.035,83977.9
2026-03-17 05:15:00,1773724500000,4.035,4.042,4.028,4.036,30247.2
2026-03-17 05:30:00,1773725400000,4.036,4.037,4.013,4.015,23623.7
2026-03-17 05:45:00,1773726300000,4.015,4.029,3.996,4.025,88520.2
2026-03-17 06:00:00,1773727200000,4.025,4.029,4.006,4.028,32388.9
2026-03-17 06:15:00,1773728100000,4.028,4.038,4.02,4.033,26792.4
2026-03-17 06:30:00,1773729000000,4.033,4.037,4.012,4.015,34779.9
2026-03-17 06:45:00,1773729900000,4.015,4.02,4.009,4.017,23262.3
2026-03-17 07:00:00,1773730800000,4.017,4.03,4.017,4.03,15413.5
2026-03-17 07:15:00,1773731700000,4.03,4.044,4.028,4.036,37923.1
2026-03-17 07:30:00,1773732600000,4.036,4.042,4.034,4.038,19063.6
2026-03-17 07:45:00,1773733500000,4.038,4.038,4.021,4.024,29767.1
2026-03-17 08:00:00,1773734400000,4.024,4.038,4.007,4.015,92874.0
2026-03-17 08:15:00,1773735300000,4.015,4.021,4.006,4.018,17645.8
2026-03-17 08:30:00,1773736200000,4.018,4.024,4.009,4.019,27258.8
2026-03-17 08:45:00,1773737100000,4.019,4.022,3.999,4.005,85200.1
2026-03-17 09:00:00,1773738000000,4.005,4.015,3.995,4.0,52560.3
2026-03-17 09:15:00,1773738900000,4.0,4.017,3.988,4.007,86636.0
2026-03-17 09:30:00,1773739800000,4.007,4.009,3.997,4.006,21383.7
2026-03-17 09:45:00,1773740700000,4.006,4.009,3.993,4.003,25255.8
2026-03-17 10:00:00,1773741600000,4.003,4.003,3.984,4.0,32297.4
2026-03-17 10:15:00,1773742500000,4.0,4.002,3.982,3.995,42469.9
2026-03-17 10:30:00,1773743400000,3.995,4.005,3.991,4.003,39013.4
2026-03-17 10:45:00,1773744300000,4.003,4.011,3.995,4.009,36594.3
2026-03-17 11:00:00,1773745200000,4.009,4.026,4.004,4.024,37206.9
2026-03-17 11:15:00,1773746100000,4.024,4.033,4.023,4.025,32987.5
2026-03-17 11:30:00,1773747000000,4.025,4.026,4.015,4.024,36127.8
2026-03-17 11:45:00,1773747900000,4.024,4.025,4.006,4.008,25684.4
2026-03-17 12:00:00,1773748800000,4.008,4.011,4.001,4.003,20768.8
2026-03-17 12:15:00,1773749700000,4.003,4.013,3.984,3.985,23723.7
2026-03-17 12:30:00,1773750600000,3.985,3.985,3.948,3.965,182749.6
2026-03-17 12:45:00,1773751500000,3.965,3.969,3.952,3.958,65137.2
2026-03-17 13:00:00,1773752400000,3.958,3.973,3.953,3.964,40140.2
2026-03-17 13:15:00,1773753300000,3.964,3.971,3.956,3.965,45111.2
2026-03-17 13:30:00,1773754200000,3.965,3.994,3.962,3.969,116989.9
2026-03-17 13:45:00,1773755100000,3.969,3.976,3.94,3.962,121594.1
2026-03-17 14:00:00,1773756000000,3.962,3.985,3.952,3.979,78485.3
2026-03-17 14:15:00,1773756900000,3.979,3.982,3.956,3.978,51134.3
2026-03-17 14:30:00,1773757800000,3.978,3.986,3.965,3.973,77076.9
2026-03-17 14:45:00,1773758700000,3.973,3.98,3.965,3.973,26338.8
2026-03-17 15:00:00,1773759600000,3.973,3.999,3.961,3.964,68690.7
2026-03-17 15:15:00,1773760500000,3.964,3.973,3.96,3.967,16874.2
2026-03-17 15:30:00,1773761400000,3.967,3.976,3.943,3.95,58087.5
2026-03-17 15:45:00,1773762300000,3.95,3.976,3.948,3.968,32441.9
2026-03-17 16:00:00,1773763200000,3.968,3.99,3.967,3.981,25746.8
2026-03-17 16:15:00,1773764100000,3.981,4.01,3.978,3.995,49840.7
2026-03-17 16:30:00,1773765000000,3.995,3.998,3.979,3.987,44197.9
2026-03-17 16:45:00,1773765900000,3.987,4.002,3.983,3.993,19155.3
2026-03-17 17:00:00,1773766800000,3.993,4.009,3.985,3.996,12613.9
2026-03-17 17:15:00,1773767700000,3.996,4.009,3.996,3.999,21379.6
2026-03-17 17:30:00,1773768600000,3.999,4.0,3.988,3.994,8331.9
2026-03-17 17:45:00,1773769500000,3.994,4.006,3.989,4.001,21926.2
2026-03-17 18:00:00,1773770400000,4.001,4.005,3.99,3.998,35335.2
2026-03-17 18:15:00,1773771300000,3.998,4.003,3.988,3.991,7795.5
2026-03-17 18:30:00,1773772200000,3.991,4.013,3.991,4.003,92499.1
2026-03-17 18:45:00,1773773100000,4.003,4.009,4.0,4.005,9653.1
2026-03-17 19:00:00,1773774000000,4.005,4.008,3.994,3.999,85060.8
2026-03-17 19:15:00,1773774900000,3.999,4.007,3.991,3.997,43326.1
2026-03-17 19:30:00,1773775800000,3.997,4.004,3.991,3.997,14857.7
2026-03-17 19:45:00,1773776700000,3.997,3.999,3.97,3.974,66061.4
2026-03-17 20:00:00,1773777600000,3.974,3.978,3.964,3.964,34760.9
2026-03-17 20:15:00,1773778500000,3.964,3.996,3.964,3.991,69959.3
2026-03-17 20:30:00,1773779400000,3.991,4.004,3.988,4.0,28340.1
2026-03-17 20:45:00,1773780300000,4.0,4.001,3.995,3.996,3639.2
2026-03-17 21:00:00,1773781200000,3.996,4.016,3.993,4.011,36844.2
2026-03-17 21:15:00,1773782100000,4.011,4.013,3.995,3.995,8499.4
2026-03-17 21:30:00,1773783000000,3.995,4.003,3.991,4.0,5796.4
2026-03-17 21:45:00,1773783900000,4.0,4.003,3.996,4.001,7741.8
2026-03-17 22:00:00,1773784800000,4.001,4.006,3.983,3.985,15891.5
2026-03-17 22:15:00,1773785700000,3.985,3.988,3.974,3.974,20157.7
2026-03-17 22:30:00,1773786600000,3.974,3.975,3.948,3.959,43064.8
2026-03-17 22:45:00,1773787500000,3.959,3.972,3.954,3.972,6036.2
2026-03-17 23:00:00,1773788400000,3.972,3.973,3.961,3.97,41552.4
2026-03-17 23:15:00,1773789300000,3.97,3.971,3.955,3.969,27673.3
2026-03-17 23:30:00,1773790200000,3.969,3.969,3.947,3.95,23057.2
2026-03-17 23:45:00,1773791100000,3.95,3.956,3.948,3.953,41577.7
2026-03-18 00:00:00,1773792000000,3.953,3.959,3.948,3.957,29540.0
2026-03-18 00:15:00,1773792900000,3.957,3.96,3.935,3.95,62803.2
2026-03-18 00:30:00,1773793800000,3.95,3.95,3.932,3.948,75996.2
2026-03-18 00:45:00,1773794700000,3.948,3.964,3.948,3.961,32123.4
2026-03-18 01:00:00,1773795600000,3.961,3.969,3.953,3.955,14609.0
2026-03-18 01:15:00,1773796500000,3.955,3.968,3.954,3.966,14511.5
2026-03-18 01:30:00,1773797400000,3.966,3.981,3.965,3.976,15105.2
2026-03-18 01:45:00,1773798300000,3.976,3.987,3.97,3.97,53632.7
2026-03-18 02:00:00,1773799200000,3.97,3.984,3.967,3.98,12526.5
2026-03-18 02:15:00,1773800100000,3.98,3.993,3.975,3.979,48389.7
2026-03-18 02:30:00,1773801000000,3.979,3.999,3.977,3.995,47670.9
2026-03-18 02:45:00,1773801900000,3.995,3.999,3.986,3.987,24684.1
2026-03-18 03:00:00,1773802800000,3.987,3.991,3.981,3.988,18428.5
2026-03-18 03:15:00,1773803700000,3.988,4.012,3.988,4.007,69313.2
2026-03-18 03:30:00,1773804600000,4.007,4.011,3.995,3.995,42894.5
2026-03-18 03:45:00,1773805500000,3.995,3.997,3.984,3.989,18410.1
2026-03-18 04:00:00,1773806400000,3.989,3.994,3.98,3.981,19234.7
2026-03-18 04:15:00,1773807300000,3.981,3.982,3.961,3.963,40050.6
2026-03-18 04:30:00,1773808200000,3.963,3.963,3.952,3.961,29427.4
2026-03-18 04:45:00,1773809100000,3.961,3.966,3.96,3.964,16241.3
2026-03-18 05:00:00,1773810000000,3.964,3.996,3.964,3.991,79399.8
2026-03-18 05:15:00,1773810900000,3.991,3.993,3.978,3.978,12805.8
2026-03-18 05:30:00,1773811800000,3.978,3.982,3.971,3.972,9559.4
2026-03-18 05:45:00,1773812700000,3.972,3.974,3.947,3.958,98647.5
2026-03-18 06:00:00,1773813600000,3.958,3.973,3.958,3.97,62126.1
2026-03-18 06:15:00,1773814500000,3.97,3.983,3.965,3.98,14736.3
2026-03-18 06:30:00,1773815400000,3.98,3.98,3.957,3.96,13902.7
2026-03-18 06:45:00,1773816300000,3.96,3.966,3.954,3.955,8347.7
2026-03-18 07:00:00,1773817200000,3.955,3.955,3.943,3.949,24685.3
2026-03-18 07:15:00,1773818100000,3.949,3.949,3.923,3.932,116186.7
2026-03-18 07:30:00,1773819000000,3.932,3.937,3.924,3.929,27043.5
2026-03-18 07:45:00,1773819900000,3.929,3.943,3.928,3.94,21353.2
2026-03-18 08:00:00,1773820800000,3.94,3.955,3.939,3.947,57007.6
2026-03-18 08:15:00,1773821700000,3.947,3.95,3.944,3.947,20136.1
2026-03-18 08:30:00,1773822600000,3.947,3.949,3.94,3.944,34800.8
2026-03-18 08:45:00,1773823500000,3.944,3.947,3.939,3.941,20436.3
2026-03-18 09:00:00,1773824400000,3.941,3.945,3.935,3.941,29520.4
2026-03-18 09:15:00,1773825300000,3.941,3.948,3.938,3.945,23924.8
2026-03-18 09:30:00,1773826200000,3.945,3.959,3.945,3.947,28614.6
2026-03-18 09:45:00,1773827100000,3.947,3.947,3.933,3.938,23129.3
2026-03-18 10:00:00,1773828000000,3.938,3.938,3.922,3.931,45261.0
2026-03-18 10:15:00,1773828900000,3.931,3.932,3.924,3.927,20784.0
2026-03-18 10:30:00,1773829800000,3.927,3.93,3.892,3.902,117150.7
2026-03-18 10:45:00,1773830700000,3.902,3.913,3.894,3.913,62692.1
2026-03-18 11:00:00,1773831600000,3.913,3.925,3.897,3.917,63135.4
2026-03-18 11:15:00,1773832500000,3.917,3.921,3.886,3.889,82998.2
2026-03-18 11:30:00,1773833400000,3.889,3.898,3.842,3.864,343463.6
2026-03-18 11:45:00,1773834300000,3.864,3.867,3.852,3.859,76336.0
2026-03-18 12:00:00,1773835200000,3.859,3.859,3.833,3.845,114327.9
2026-03-18 12:15:00,1773836100000,3.845,3.852,3.836,3.845,42254.6
2026-03-18 12:30:00,1773837000000,3.845,3.845,3.786,3.8,266453.7
2026-03-18 12:45:00,1773837900000,3.8,3.801,3.766,3.787,196458.7
2026-03-18 13:00:00,1773838800000,3.787,3.798,3.761,3.79,83080.5
2026-03-18 13:15:00,1773839700000,3.79,3.79,3.772,3.779,25964.0
2026-03-18 13:30:00,1773840600000,3.779,3.791,3.768,3.774,63473.9
2026-03-18 13:45:00,1773841500000,3.774,3.778,3.754,3.766,47773.5
2026-03-18 14:00:00,1773842400000,3.766,3.77,3.737,3.739,96793.9
2026-03-18 14:15:00,1773843300000,3.739,3.746,3.703,3.711,161709.1
2026-03-18 14:30:00,1773844200000,3.711,3.726,3.692,3.692,186440.6
2026-03-18 14:45:00,1773845100000,3.692,3.709,3.673,3.678,181822.9
2026-03-18 15:00:00,1773846000000,3.678,3.683,3.639,3.656,357963.6
2026-03-18 15:15:00,1773846900000,3.656,3.672,3.654,3.669,60622.3
2026-03-18 15:30:00,1773847800000,3.669,3.689,3.659,3.665,79825.5
2026-03-18 15:45:00,1773848700000,3.665,3.678,3.658,3.67,46668.3
2026-03-18 16:00:00,1773849600000,3.67,3.671,3.641,3.654,221570.2
2026-03-18 16:15:00,1773850500000,3.654,3.655,3.622,3.631,109576.3
2026-03-18 16:30:00,1773851400000,3.631,3.654,3.631,3.649,66953.3
2026-03-18 16:45:00,1773852300000,3.649,3.666,3.645,3.646,96139.4
2026-03-18 17:00:00,1773853200000,3.646,3.656,3.642,3.642,32779.8
2026-03-18 17:15:00,1773854100000,3.642,3.666,3.642,3.663,55069.7
2026-03-18 17:30:00,1773855000000,3.663,3.676,3.654,3.664,50429.1
2026-03-18 17:45:00,1773855900000,3.664,3.675,3.661,3.666,28645.7
2026-03-18 18:00:00,1773856800000,3.666,3.696,3.666,3.669,111755.8
2026-03-18 18:15:00,1773857700000,3.669,3.671,3.639,3.65,48671.5
2026-03-18 18:30:00,1773858600000,3.65,3.662,3.646,3.655,64593.5
2026-03-18 18:45:00,1773859500000,3.655,3.655,3.614,3.625,88968.1
2026-03-18 19:00:00,1773860400000,3.625,3.649,3.621,3.643,47829.1
2026-03-18 19:15:00,1773861300000,3.643,3.658,3.638,3.644,21340.5
2026-03-18 19:30:00,1773862200000,3.644,3.649,3.637,3.646,36704.2
2026-03-18 19:45:00,1773863100000,3.646,3.65,3.64,3.646,17306.0
2026-03-18 20:00:00,1773864000000,3.646,3.647,3.614,3.637,93843.4
2026-03-18 20:15:00,1773864900000,3.637,3.648,3.631,3.642,37041.5
2026-03-18 20:30:00,1773865800000,3.642,3.661,3.642,3.657,19170.4
2026-03-18 20:45:00,1773866700000,3.657,3.675,3.652,3.666,62923.9
2026-03-18 21:00:00,1773867600000,3.666,3.671,3.657,3.659,42943.1
2026-03-18 21:15:00,1773868500000,3.659,3.672,3.657,3.67,24407.1
2026-03-18 21:30:00,1773869400000,3.67,3.696,3.662,3.686,188971.7
2026-03-18 21:45:00,1773870300000,3.686,3.691,3.678,3.687,12406.5
2026-03-18 22:00:00,1773871200000,3.687,3.687,3.672,3.679,74584.4
2026-03-18 22:15:00,1773872100000,3.679,3.683,3.674,3.681,18733.8
2026-03-18 22:30:00,1773873000000,3.681,3.684,3.657,3.668,240686.3
2026-03-18 22:45:00,1773873900000,3.668,3.674,3.666,3.674,9002.6
2026-03-18 23:00:00,1773874800000,3.674,3.683,3.667,3.667,17198.6
2026-03-18 23:15:00,1773875700000,3.667,3.671,3.661,3.671,27797.1
2026-03-18 23:30:00,1773876600000,3.671,3.681,3.671,3.673,25861.8
2026-03-18 23:45:00,1773877500000,3.673,3.683,3.67,3.678,13764.1
2026-03-19 00:00:00,1773878400000,3.678,3.679,3.658,3.672,26306.9
2026-03-19 00:15:00,1773879300000,3.672,3.675,3.662,3.672,31182.2
2026-03-19 00:30:00,1773880200000,3.672,3.672,3.658,3.667,66832.9
2026-03-19 00:45:00,1773881100000,3.667,3.67,3.662,3.662,12262.5
2026-03-19 01:00:00,1773882000000,3.662,3.668,3.657,3.66,18309.1
2026-03-19 01:15:00,1773882900000,3.66,3.668,3.659,3.668,7111.5
2026-03-19 01:30:00,1773883800000,3.668,3.673,3.666,3.667,11468.6
2026-03-19 01:45:00,1773884700000,3.667,3.67,3.664,3.665,8150.9
2026-03-19 02:00:00,1773885600000,3.665,3.673,3.649,3.671,24525.4
2026-03-19 02:15:00,1773886500000,3.671,3.683,3.669,3.672,15613.8
2026-03-19 02:30:00,1773887400000,3.672,3.678,3.669,3.669,18924.8
2026-03-19 02:45:00,1773888300000,3.669,3.669,3.66,3.661,17351.2
2026-03-19 03:00:00,1773889200000,3.661,3.708,3.661,3.693,98852.0
2026-03-19 03:15:00,1773890100000,3.693,3.719,3.688,3.714,64282.8
2026-03-19 03:30:00,1773891000000,3.714,3.716,3.687,3.688,38872.3
2026-03-19 03:45:00,1773891900000,3.688,3.691,3.678,3.68,17779.6
2026-03-19 04:00:00,1773892800000,3.68,3.682,3.663,3.673,16977.2
2026-03-19 04:15:00,1773893700000,3.673,3.678,3.665,3.667,9133.7
2026-03-19 04:30:00,1773894600000,3.667,3.675,3.662,3.67,18645.0
2026-03-19 04:45:00,1773895500000,3.67,3.67,3.661,3.661,7704.6
2026-03-19 05:00:00,1773896400000,3.661,3.666,3.658,3.664,21545.2
2026-03-19 05:15:00,1773897300000,3.664,3.674,3.66,3.662,12892.7
2026-03-19 05:30:00,1773898200000,3.662,3.665,3.653,3.662,32871.4
2026-03-19 05:45:00,1773899100000,3.662,3.664,3.656,3.658,17728.9
2026-03-19 06:00:00,1773900000000,3.658,3.669,3.654,3.664,14544.4
2026-03-19 06:15:00,1773900900000,3.664,3.67,3.655,3.655,12731.1
2026-03-19 06:30:00,1773901800000,3.655,3.655,3.616,3.651,193252.4
2026-03-19 06:45:00,1773902700000,3.651,3.656,3.643,3.647,15333.2
2026-03-19 07:00:00,1773903600000,3.647,3.649,3.617,3.617,50763.6
2026-03-19 07:15:00,1773904500000,3.617,3.62,3.579,3.597,297406.8
2026-03-19 07:30:00,1773905400000,3.597,3.623,3.592,3.611,62272.4
2026-03-19 07:45:00,1773906300000,3.611,3.611,3.593,3.594,45496.6
2026-03-19 08:00:00,1773907200000,3.594,3.601,3.589,3.592,32693.7
2026-03-19 08:15:00,1773908100000,3.592,3.596,3.577,3.581,19337.5
2026-03-19 08:30:00,1773909000000,3.581,3.605,3.575,3.597,50769.9
2026-03-19 08:45:00,1773909900000,3.597,3.599,3.588,3.591,9624.2
2026-03-19 09:00:00,1773910800000,3.591,3.598,3.586,3.591,29827.4
2026-03-19 09:15:00,1773911700000,3.591,3.621,3.588,3.606,69977.5
2026-03-19 09:30:00,1773912600000,3.606,3.617,3.601,3.614,15154.8
2026-03-19 09:45:00,1773913500000,3.614,3.618,3.608,3.614,11446.2
2026-03-19 10:00:00,1773914400000,3.614,3.622,3.608,3.61,22168.0
2026-03-19 10:15:00,1773915300000,3.61,3.615,3.605,3.611,27494.9
2026-03-19 10:30:00,1773916200000,3.611,3.613,3.601,3.606,25443.9
2026-03-19 10:45:00,1773917100000,3.606,3.607,3.602,3.603,5523.8
2026-03-19 11:00:00,1773918000000,3.603,3.607,3.601,3.604,7777.2
2026-03-19 11:15:00,1773918900000,3.604,3.612,3.601,3.612,5667.8
2026-03-19 11:30:00,1773919800000,3.612,3.617,3.603,3.605,16389.7
2026-03-19 11:45:00,1773920700000,3.605,3.608,3.597,3.599,14011.4
2026-03-19 12:00:00,1773921600000,3.599,3.599,3.588,3.588,38973.2
2026-03-19 12:15:00,1773922500000,3.588,3.589,3.571,3.574,41283.5
2026-03-19 12:30:00,1773923400000,3.574,3.58,3.562,3.575,40080.0
2026-03-19 12:45:00,1773924300000,3.575,3.575,3.548,3.549,72381.7
2026-03-19 13:00:00,1773925200000,3.549,3.561,3.523,3.529,153682.4
2026-03-19 13:15:00,1773926100000,3.529,3.555,3.528,3.546,60657.9
2026-03-19 13:30:00,1773927000000,3.546,3.579,3.541,3.573,52019.7
2026-03-19 13:45:00,1773927900000,3.573,3.581,3.563,3.57,24523.8
2026-03-19 14:00:00,1773928800000,3.57,3.583,3.553,3.553,47171.6
2026-03-19 14:15:00,1773929700000,3.553,3.554,3.532,3.532,26934.6
2026-03-19 14:30:00,1773930600000,3.532,3.542,3.521,3.537,65683.9
2026-03-19 14:45:00,1773931500000,3.537,3.544,3.53,3.537,17385.1
2026-03-19 15:00:00,1773932400000,3.537,3.558,3.532,3.539,41828.7
2026-03-19 15:15:00,1773933300000,3.539,3.548,3.509,3.514,84803.4
2026-03-19 15:30:00,1773934200000,3.514,3.517,3.496,3.504,74412.4
2026-03-19 15:45:00,1773935100000,3.504,3.532,3.5,3.527,64068.2
2026-03-19 16:00:00,1773936000000,3.527,3.531,3.521,3.531,26464.3
2026-03-19 16:15:00,1773936900000,3.531,3.539,3.522,3.537,53115.5
2026-03-19 16:30:00,1773937800000,3.537,3.541,3.53,3.533,21143.6
2026-03-19 16:45:00,1773938700000,3.533,3.533,3.514,3.524,25631.7
2026-03-19 17:00:00,1773939600000,3.524,3.532,3.517,3.522,28358.5
2026-03-19 17:15:00,1773940500000,3.522,3.557,3.52,3.552,33002.5
2026-03-19 17:30:00,1773941400000,3.552,3.559,3.543,3.547,21122.9
2026-03-19 17:45:00,1773942300000,3.547,3.567,3.545,3.557,22376.5
2026-03-19 18:00:00,1773943200000,3.557,3.557,3.538,3.543,21077.1
2026-03-19 18:15:00,1773944100000,3.543,3.544,3.532,3.532,8059.7
2026-03-19 18:30:00,1773945000000,3.532,3.54,3.531,3.537,7417.8
2026-03-19 18:45:00,1773945900000,3.537,3.545,3.533,3.545,8004.1
2026-03-19 19:00:00,1773946800000,3.545,3.586,3.544,3.572,89426.3
2026-03-19 19:15:00,1773947700000,3.572,3.584,3.562,3.567,73354.0
2026-03-19 19:30:00,1773948600000,3.567,3.573,3.56,3.571,30121.4
2026-03-19 19:45:00,1773949500000,3.571,3.573,3.554,3.557,12834.9
2026-03-19 20:00:00,1773950400000,3.557,3.558,3.548,3.555,13961.7
2026-03-19 20:15:00,1773951300000,3.555,3.565,3.555,3.56,12343.2
2026-03-19 20:30:00,1773952200000,3.56,3.578,3.56,3.568,12439.4
2026-03-19 20:45:00,1773953100000,3.568,3.57,3.563,3.563,7226.8
2026-03-19 21:00:00,1773954000000,3.563,3.581,3.563,3.577,35622.8
2026-03-19 21:15:00,1773954900000,3.577,3.578,3.57,3.573,8824.4
2026-03-19 21:30:00,1773955800000,3.573,3.576,3.568,3.575,9180.5
2026-03-19 21:45:00,1773956700000,3.575,3.579,3.569,3.575,4437.7
2026-03-19 22:00:00,1773957600000,3.575,3.578,3.565,3.578,11185.4
2026-03-19 22:15:00,1773958500000,3.578,3.579,3.572,3.576,6464.5
2026-03-19 22:30:00,1773959400000,3.576,3.576,3.556,3.562,21010.4
2026-03-19 22:45:00,1773960300000,3.562,3.573,3.561,3.573,7579.3
2026-03-19 23:00:00,1773961200000,3.573,3.579,3.573,3.575,11219.3
2026-03-19 23:15:00,1773962100000,3.575,3.581,3.568,3.58,15088.9
2026-03-19 23:30:00,1773963000000,3.58,3.582,3.563,3.572,24403.5
2026-03-19 23:45:00,1773963900000,3.572,3.582,3.57,3.577,13065.0
2026-03-20 00:00:00,1773964800000,3.577,3.584,3.574,3.581,23112.5
2026-03-20 00:15:00,1773965700000,3.581,3.588,3.579,3.583,19528.0
2026-03-20 00:30:00,1773966600000,3.583,3.585,3.579,3.582,24197.6
2026-03-20 00:45:00,1773967500000,3.582,3.586,3.579,3.582,11180.5
2026-03-20 01:00:00,1773968400000,3.582,3.608,3.581,3.596,40222.7
2026-03-20 01:15:00,1773969300000,3.596,3.597,3.589,3.59,15030.3
2026-03-20 01:30:00,1773970200000,3.59,3.609,3.59,3.605,28900.9
2026-03-20 01:45:00,1773971100000,3.605,3.606,3.597,3.597,29795.0
2026-03-20 02:00:00,1773972000000,3.597,3.604,3.596,3.597,9340.0
2026-03-20 02:15:00,1773972900000,3.597,3.598,3.583,3.585,9805.1
2026-03-20 02:30:00,1773973800000,3.585,3.595,3.575,3.594,16529.1
2026-03-20 02:45:00,1773974700000,3.594,3.604,3.59,3.601,20617.5
2026-03-20 03:00:00,1773975600000,3.601,3.603,3.597,3.599,5937.5
2026-03-20 03:15:00,1773976500000,3.599,3.613,3.598,3.613,33699.0
2026-03-20 03:30:00,1773977400000,3.613,3.621,3.603,3.603,20979.8
2026-03-20 03:45:00,1773978300000,3.603,3.609,3.599,3.605,22239.4
2026-03-20 04:00:00,1773979200000,3.605,3.613,3.602,3.611,11983.1
2026-03-20 04:15:00,1773980100000,3.611,3.614,3.608,3.612,14140.5
2026-03-20 04:30:00,1773981000000,3.612,3.613,3.594,3.597,9964.3
2026-03-20 04:45:00,1773981900000,3.597,3.617,3.594,3.615,10647.1
2026-03-20 05:00:00,1773982800000,3.615,3.63,3.61,3.63,34468.3
2026-03-20 05:15:00,1773983700000,3.63,3.635,3.609,3.609,24946.1
2026-03-20 05:30:00,1773984600000,3.609,3.626,3.604,3.625,19482.3
2026-03-20 05:45:00,1773985500000,3.625,3.629,3.618,3.62,11126.5
2026-03-20 06:00:00,1773986400000,3.62,3.625,3.614,3.624,9260.2
2026-03-20 06:15:00,1773987300000,3.624,3.624,3.612,3.618,9493.5
2026-03-20 06:30:00,1773988200000,3.618,3.62,3.605,3.608,12168.2
2026-03-20 06:45:00,1773989100000,3.608,3.613,3.604,3.606,5710.3
2026-03-20 07:00:00,1773990000000,3.606,3.606,3.578,3.584,54043.7
2026-03-20 07:15:00,1773990900000,3.584,3.605,3.584,3.599,19629.4
2026-03-20 07:30:00,1773991800000,3.599,3.618,3.597,3.617,39522.7
2026-03-20 07:45:00,1773992700000,3.617,3.619,3.608,3.617,9342.1
2026-03-20 08:00:00,1773993600000,3.617,3.644,3.608,3.633,58255.4
2026-03-20 08:15:00,1773994500000,3.633,3.634,3.615,3.615,25417.9
2026-03-20 08:30:00,1773995400000,3.615,3.617,3.606,3.614,19832.7
2026-03-20 08:45:00,1773996300000,3.614,3.614,3.607,3.61,9332.5
2026-03-20 09:00:00,1773997200000,3.61,3.61,3.599,3.599,17151.0
2026-03-20 09:15:00,1773998100000,3.599,3.602,3.592,3.602,27213.5
2026-03-20 09:30:00,1773999000000,3.602,3.622,3.601,3.621,55212.3
2026-03-20 09:45:00,1773999900000,3.621,3.621,3.607,3.613,10793.9
2026-03-20 10:00:00,1774000800000,3.613,3.614,3.596,3.602,15936.8
2026-03-20 10:15:00,1774001700000,3.602,3.61,3.597,3.602,9789.1
2026-03-20 10:30:00,1774002600000,3.602,3.619,3.6,3.611,24153.3
2026-03-20 10:45:00,1774003500000,3.611,3.615,3.605,3.606,14839.7
2026-03-20 11:00:00,1774004400000,3.606,3.622,3.604,3.618,20928.3
2026-03-20 11:15:00,1774005300000,3.618,3.618,3.603,3.604,15655.9
2026-03-20 11:30:00,1774006200000,3.604,3.604,3.583,3.587,36116.5
2026-03-20 11:45:00,1774007100000,3.587,3.594,3.582,3.593,11567.8
2026-03-20 12:00:00,1774008000000,3.593,3.607,3.592,3.593,14659.6
2026-03-20 12:15:00,1774008900000,3.593,3.594,3.583,3.587,10726.4
2026-03-20 12:30:00,1774009800000,3.587,3.588,3.577,3.583,15676.5
2026-03-20 12:45:00,1774010700000,3.583,3.586,3.58,3.584,7023.2
2026-03-20 13:00:00,1774011600000,3.584,3.591,3.58,3.584,11225.4
2026-03-20 13:15:00,1774012500000,3.584,3.596,3.581,3.59,9540.3
2026-03-20 13:30:00,1774013400000,3.59,3.595,3.557,3.59,96919.4
2026-03-20 13:45:00,1774014300000,3.59,3.592,3.562,3.568,28356.1
2026-03-20 14:00:00,1774015200000,3.568,3.588,3.556,3.571,37453.6
2026-03-20 14:15:00,1774016100000,3.571,3.58,3.557,3.572,36063.7
2026-03-20 14:30:00,1774017000000,3.572,3.591,3.572,3.578,37114.4
2026-03-20 14:45:00,1774017900000,3.578,3.584,3.557,3.562,14451.4
2026-03-20 15:00:00,1774018800000,3.562,3.568,3.548,3.56,15058.0
2026-03-20 15:15:00,1774019700000,3.56,3.571,3.546,3.557,60168.3
2026-03-20 15:30:00,1774020600000,3.557,3.563,3.553,3.556,7114.2
2026-03-20 15:45:00,1774021500000,3.556,3.562,3.553,3.559,15723.3
2026-03-20 16:00:00,1774022400000,3.559,3.564,3.549,3.558,25181.8
2026-03-20 16:15:00,1774023300000,3.558,3.562,3.551,3.555,7532.8
2026-03-20 16:30:00,1774024200000,3.555,3.555,3.54,3.547,22865.4
2026-03-20 16:45:00,1774025100000,3.547,3.56,3.542,3.555,21056.2
2026-03-20 17:00:00,1774026000000,3.555,3.569,3.549,3.556,30901.4
2026-03-20 17:15:00,1774026900000,3.556,3.566,3.556,3.561,14685.4
2026-03-20 17:30:00,1774027800000,3.561,3.563,3.547,3.557,16150.4
2026-03-20 17:45:00,1774028700000,3.557,3.582,3.555,3.58,19460.0
2026-03-20 18:00:00,1774029600000,3.58,3.584,3.573,3.582,15984.2
2026-03-20 18:15:00,1774030500000,3.582,3.582,3.562,3.562,13013.4
2026-03-20 18:30:00,1774031400000,3.562,3.563,3.546,3.557,32079.4
2026-03-20 18:45:00,1774032300000,3.557,3.566,3.557,3.561,7350.2
2026-03-20 19:00:00,1774033200000,3.561,3.572,3.559,3.565,9945.5
2026-03-20 19:15:00,1774034100000,3.565,3.573,3.562,3.571,27395.0
2026-03-20 19:30:00,1774035000000,3.571,3.577,3.551,3.576,27141.8
2026-03-20 19:45:00,1774035900000,3.576,3.585,3.572,3.58,8760.8
2026-03-20 20:00:00,1774036800000,3.58,3.587,3.578,3.584,14555.5
2026-03-20 20:15:00,1774037700000,3.584,3.585,3.57,3.572,14758.5
2026-03-20 20:30:00,1774038600000,3.572,3.573,3.558,3.558,19992.9
2026-03-20 20:45:00,1774039500000,3.558,3.576,3.557,3.571,17679.8
2026-03-20 21:00:00,1774040400000,3.571,3.576,3.564,3.572,11066.8
2026-03-20 21:15:00,1774041300000,3.572,3.593,3.57,3.587,21010.5
2026-03-20 21:30:00,1774042200000,3.587,3.603,3.584,3.585,18878.6
2026-03-20 21:45:00,1774043100000,3.585,3.59,3.583,3.59,6224.1
2026-03-20 22:00:00,1774044000000,3.59,3.618,3.59,3.609,68273.6
2026-03-20 22:15:00,1774044900000,3.609,3.617,3.608,3.614,55571.0
2026-03-20 22:30:00,1774045800000,3.614,3.617,3.61,3.612,32115.6
2026-03-20 22:45:00,1774046700000,3.612,3.621,3.608,3.611,24550.9
2026-03-20 23:00:00,1774047600000,3.611,3.614,3.597,3.598,18311.9
2026-03-20 23:15:00,1774048500000,3.598,3.601,3.591,3.601,18774.8
2026-03-20 23:30:00,1774049400000,3.601,3.605,3.599,3.603,13623.6
2026-03-20 23:45:00,1774050300000,3.603,3.609,3.601,3.601,11763.2
2026-03-21 00:00:00,1774051200000,3.601,3.61,3.601,3.609,15510.2
2026-03-21 00:15:00,1774052100000,3.609,3.622,3.608,3.616,29736.4
2026-03-21 00:30:00,1774053000000,3.616,3.619,3.609,3.613,15422.8
2026-03-21 00:45:00,1774053900000,3.613,3.617,3.611,3.616,7050.8
2026-03-21 01:00:00,1774054800000,3.616,3.625,3.614,3.617,10692.4
2026-03-21 01:15:00,1774055700000,3.617,3.617,3.608,3.608,9031.9
2026-03-21 01:30:00,1774056600000,3.608,3.608,3.601,3.602,13305.9
2026-03-21 01:45:00,1774057500000,3.602,3.608,3.598,3.598,8135.5
2026-03-21 02:00:00,1774058400000,3.598,3.603,3.596,3.598,8927.7
2026-03-21 02:15:00,1774059300000,3.598,3.612,3.598,3.611,4174.6
2026-03-21 02:30:00,1774060200000,3.611,3.613,3.604,3.611,7069.3
2026-03-21 02:45:00,1774061100000,3.611,3.614,3.608,3.609,6567.7
2026-03-21 03:00:00,1774062000000,3.609,3.612,3.604,3.607,7742.3
2026-03-21 03:15:00,1774062900000,3.607,3.607,3.6,3.602,23186.4
2026-03-21 03:30:00,1774063800000,3.602,3.602,3.596,3.6,5711.6
2026-03-21 03:45:00,1774064700000,3.6,3.601,3.596,3.6,5399.2
2026-03-21 04:00:00,1774065600000,3.6,3.606,3.598,3.599,32369.5
2026-03-21 04:15:00,1774066500000,3.599,3.605,3.599,3.599,4722.7
2026-03-21 04:30:00,1774067400000,3.599,3.599,3.584,3.587,14028.5
2026-03-21 04:45:00,1774068300000,3.587,3.59,3.585,3.59,3461.4
2026-03-21 05:00:00,1774069200000,3.59,3.595,3.587,3.591,25369.8
2026-03-21 05:15:00,1774070100000,3.591,3.596,3.589,3.592,31037.9
2026-03-21 05:30:00,1774071000000,3.592,3.599,3.591,3.595,9002.7
2026-03-21 05:45:00,1774071900000,3.595,3.596,3.59,3.593,3362.1
2026-03-21 06:00:00,1774072800000,3.593,3.598,3.591,3.595,4929.6
2026-03-21 06:15:00,1774073700000,3.595,3.598,3.594,3.598,6881.4
2026-03-21 06:30:00,1774074600000,3.598,3.602,3.596,3.601,7737.8
2026-03-21 06:45:00,1774075500000,3.601,3.603,3.597,3.598,11591.8
2026-03-21 07:00:00,1774076400000,3.598,3.601,3.594,3.594,5194.8
2026-03-21 07:15:00,1774077300000,3.594,3.604,3.594,3.601,18774.6
2026-03-21 07:30:00,1774078200000,3.601,3.603,3.596,3.596,6663.2
2026-03-21 07:45:00,1774079100000,3.596,3.596,3.589,3.591,4524.8
2026-03-21 08:00:00,1774080000000,3.591,3.597,3.59,3.595,17315.2
2026-03-21 08:15:00,1774080900000,3.595,3.61,3.585,3.595,102515.1
2026-03-21 08:30:00,1774081800000,3.595,3.604,3.594,3.604,10012.9
2026-03-21 08:45:00,1774082700000,3.604,3.613,3.604,3.611,15136.7
2026-03-21 09:00:00,1774083600000,3.611,3.618,3.611,3.615,29013.2
2026-03-21 09:15:00,1774084500000,3.615,3.615,3.599,3.599,27752.3
2026-03-21 09:30:00,1774085400000,3.599,3.6,3.595,3.598,8230.4
2026-03-21 09:45:00,1774086300000,3.598,3.6,3.596,3.6,2810.5
2026-03-21 10:00:00,1774087200000,3.6,3.602,3.594,3.596,9339.3
2026-03-21 10:15:00,1774088100000,3.596,3.597,3.591,3.593,4838.5
2026-03-21 10:30:00,1774089000000,3.593,3.596,3.588,3.589,8513.9
2026-03-21 10:45:00,1774089900000,3.589,3.589,3.581,3.587,13786.8
2026-03-21 11:00:00,1774090800000,3.587,3.591,3.586,3.589,5559.3
2026-03-21 11:15:00,1774091700000,3.589,3.595,3.588,3.594,3047.6
2026-03-21 11:30:00,1774092600000,3.594,3.594,3.586,3.591,3002.8
2026-03-21 11:45:00,1774093500000,3.591,3.593,3.588,3.589,2709.5
2026-03-21 12:00:00,1774094400000,3.589,3.593,3.588,3.589,5059.2
2026-03-21 12:15:00,1774095300000,3.589,3.592,3.585,3.59,4404.7
2026-03-21 12:30:00,1774096200000,3.59,3.593,3.58,3.586,19576.4
2026-03-21 12:45:00,1774097100000,3.586,3.586,3.581,3.583,5828.2
2026-03-21 13:00:00,1774098000000,3.583,3.584,3.575,3.579,18311.9
2026-03-21 13:15:00,1774098900000,3.579,3.584,3.577,3.577,11078.0
2026-03-21 13:30:00,1774099800000,3.577,3.579,3.571,3.573,8416.2
2026-03-21 13:45:00,1774100700000,3.573,3.577,3.573,3.577,1170.5
2026-03-21 14:00:00,1774101600000,3.577,3.597,3.576,3.592,14243.3
2026-03-21 14:15:00,1774102500000,3.592,3.595,3.584,3.584,8226.8
2026-03-21 14:30:00,1774103400000,3.584,3.592,3.582,3.583,5313.1
2026-03-21 14:45:00,1774104300000,3.583,3.584,3.567,3.57,17153.8
2026-03-21 15:00:00,1774105200000,3.57,3.58,3.567,3.577,16682.7
2026-03-21 15:15:00,1774106100000,3.577,3.585,3.573,3.584,19778.1
2026-03-21 15:30:00,1774107000000,3.584,3.597,3.584,3.585,11676.4
2026-03-21 15:45:00,1774107900000,3.585,3.594,3.585,3.593,3760.7
2026-03-21 16:00:00,1774108800000,3.593,3.594,3.581,3.584,30973.8
2026-03-21 16:15:00,1774109700000,3.584,3.589,3.572,3.574,23305.1
2026-03-21 16:30:00,1774110600000,3.574,3.582,3.572,3.577,5080.1
2026-03-21 16:45:00,1774111500000,3.577,3.58,3.571,3.574,5563.9
2026-03-21 17:00:00,1774112400000,3.574,3.577,3.568,3.574,6040.1
2026-03-21 17:15:00,1774113300000,3.574,3.577,3.571,3.576,4955.4
2026-03-21 17:30:00,1774114200000,3.576,3.583,3.576,3.581,8130.4
2026-03-21 17:45:00,1774115100000,3.581,3.581,3.575,3.575,2527.6
2026-03-21 18:00:00,1774116000000,3.575,3.578,3.574,3.577,2002.5
2026-03-21 18:15:00,1774116900000,3.577,3.582,3.577,3.58,3296.6
2026-03-21 18:30:00,1774117800000,3.58,3.587,3.58,3.585,5626.0
2026-03-21 18:45:00,1774118700000,3.585,3.585,3.575,3.576,4038.6
2026-03-21 19:00:00,1774119600000,3.576,3.577,3.572,3.572,6083.2
2026-03-21 19:15:00,1774120500000,3.572,3.575,3.57,3.573,5881.1
2026-03-21 19:30:00,1774121400000,3.573,3.574,3.57,3.573,3013.0
2026-03-21 19:45:00,1774122300000,3.573,3.577,3.572,3.575,5432.0
2026-03-21 20:00:00,1774123200000,3.575,3.578,3.571,3.574,30450.8
2026-03-21 20:15:00,1774124100000,3.574,3.583,3.572,3.581,4656.6
2026-03-21 20:30:00,1774125000000,3.581,3.584,3.577,3.578,12113.0
2026-03-21 20:45:00,1774125900000,3.578,3.579,3.576,3.576,1859.7
2026-03-21 21:00:00,1774126800000,3.576,3.578,3.573,3.574,26929.2
2026-03-21 21:15:00,1774127700000,3.574,3.575,3.573,3.575,923.7
2026-03-21 21:30:00,1774128600000,3.575,3.58,3.57,3.578,11290.9
2026-03-21 21:45:00,1774129500000,3.578,3.578,3.571,3.573,2314.3
2026-03-21 22:00:00,1774130400000,3.573,3.574,3.567,3.571,6235.7
2026-03-21 22:15:00,1774131300000,3.571,3.571,3.559,3.57,46755.8
2026-03-21 22:30:00,1774132200000,3.57,3.575,3.567,3.568,5370.3
2026-03-21 22:45:00,1774133100000,3.568,3.572,3.565,3.568,7577.1
2026-03-21 23:00:00,1774134000000,3.568,3.568,3.558,3.563,7457.1
2026-03-21 23:15:00,1774134900000,3.563,3.566,3.56,3.56,4650.1
2026-03-21 23:30:00,1774135800000,3.56,3.563,3.558,3.562,4217.3
2026-03-21 23:45:00,1774136700000,3.562,3.563,3.455,3.481,570430.5
2026-03-22 00:00:00,1774137600000,3.481,3.487,3.423,3.468,366378.9
2026-03-22 00:15:00,1774138500000,3.468,3.496,3.465,3.491,85705.5
2026-03-22 00:30:00,1774139400000,3.491,3.511,3.491,3.5,63790.4
2026-03-22 00:45:00,1774140300000,3.5,3.512,3.487,3.497,25860.7
2026-03-22 01:00:00,1774141200000,3.497,3.508,3.489,3.497,29838.2
2026-03-22 01:15:00,1774142100000,3.497,3.501,3.484,3.487,18563.9
2026-03-22 01:30:00,1774143000000,3.487,3.493,3.474,3.477,29457.7
2026-03-22 01:45:00,1774143900000,3.477,3.493,3.477,3.492,13843.5
2026-03-22 02:00:00,1774144800000,3.492,3.498,3.486,3.493,7280.3
2026-03-22 02:15:00,1774145700000,3.493,3.523,3.49,3.515,28341.8
2026-03-22 02:30:00,1774146600000,3.515,3.516,3.502,3.502,12999.2
2026-03-22 02:45:00,1774147500000,3.502,3.511,3.501,3.506,3469.1
2026-03-22 03:00:00,1774148400000,3.506,3.509,3.495,3.508,4238.4
2026-03-22 03:15:00,1774149300000,3.508,3.528,3.504,3.519,27227.1
2026-03-22 03:30:00,1774150200000,3.519,3.534,3.514,3.515,67690.0
2026-03-22 03:45:00,1774151100000,3.515,3.516,3.504,3.504,44473.1
2026-03-22 04:00:00,1774152000000,3.504,3.516,3.503,3.514,23738.0
2026-03-22 04:15:00,1774152900000,3.514,3.524,3.5,3.506,13791.5
2026-03-22 04:30:00,1774153800000,3.506,3.52,3.504,3.514,21671.2
2026-03-22 04:45:00,1774154700000,3.514,3.519,3.509,3.511,16822.3
2026-03-22 05:00:00,1774155600000,3.511,3.511,3.504,3.507,6563.5
2026-03-22 05:15:00,1774156500000,3.507,3.512,3.498,3.499,49468.5
2026-03-22 05:30:00,1774157400000,3.499,3.502,3.497,3.497,8239.3
2026-03-22 05:45:00,1774158300000,3.497,3.502,3.492,3.496,20095.6
2026-03-22 06:00:00,1774159200000,3.496,3.496,3.484,3.485,15088.0
2026-03-22 06:15:00,1774160100000,3.485,3.495,3.484,3.495,16623.8
2026-03-22 06:30:00,1774161000000,3.495,3.497,3.49,3.492,3652.1
2026-03-22 06:45:00,1774161900000,3.492,3.497,3.49,3.496,3861.9
2026-03-22 07:00:00,1774162800000,3.496,3.502,3.493,3.499,10191.8
2026-03-22 07:15:00,1774163700000,3.499,3.5,3.492,3.492,4337.5
2026-03-22 07:30:00,1774164600000,3.492,3.492,3.481,3.485,16359.3
2026-03-22 07:45:00,1774165500000,3.485,3.49,3.476,3.477,6556.4
2026-03-22 08:00:00,1774166400000,3.477,3.48,3.465,3.477,31160.5
2026-03-22 08:15:00,1774167300000,3.477,3.477,3.457,3.464,22425.9
2026-03-22 08:30:00,1774168200000,3.464,3.479,3.459,3.476,24462.7
2026-03-22 08:45:00,1774169100000,3.476,3.483,3.472,3.482,7926.9
2026-03-22 09:00:00,1774170000000,3.482,3.491,3.479,3.489,13357.8
2026-03-22 09:15:00,1774170900000,3.489,3.491,3.471,3.472,17735.5
2026-03-22 09:30:00,1774171800000,3.472,3.48,3.472,3.477,6930.1
2026-03-22 09:45:00,1774172700000,3.477,3.478,3.476,3.476,4381.8
2026-03-22 10:00:00,1774173600000,3.476,3.476,3.467,3.468,3681.9
2026-03-22 10:15:00,1774174500000,3.468,3.47,3.465,3.467,4605.8
2026-03-22 10:30:00,1774175400000,3.467,3.471,3.457,3.46,9810.5
2026-03-22 10:45:00,1774176300000,3.46,3.461,3.455,3.458,13992.9
2026-03-22 11:00:00,1774177200000,3.458,3.463,3.452,3.461,8300.1
2026-03-22 11:15:00,1774178100000,3.461,3.466,3.455,3.465,10562.7
2026-03-22 11:30:00,1774179000000,3.465,3.474,3.459,3.469,26606.6
2026-03-22 11:45:00,1774179900000,3.469,3.469,3.456,3.459,10567.1
2026-03-22 12:00:00,1774180800000,3.459,3.469,3.459,3.467,6802.4
2026-03-22 12:15:00,1774181700000,3.467,3.483,3.466,3.477,36143.5
2026-03-22 12:30:00,1774182600000,3.477,3.48,3.472,3.473,6314.5
2026-03-22 12:45:00,1774183500000,3.473,3.478,3.468,3.473,9310.1
2026-03-22 13:00:00,1774184400000,3.473,3.489,3.473,3.483,21269.6
2026-03-22 13:15:00,1774185300000,3.483,3.486,3.476,3.479,17491.8
2026-03-22 13:30:00,1774186200000,3.479,3.486,3.47,3.472,13165.7
2026-03-22 13:45:00,1774187100000,3.472,3.48,3.472,3.476,13548.8
2026-03-22 14:00:00,1774188000000,3.476,3.476,3.462,3.474,21415.5
2026-03-22 14:15:00,1774188900000,3.474,3.485,3.472,3.48,12892.0
2026-03-22 14:30:00,1774189800000,3.48,3.488,3.475,3.48,67025.4
2026-03-22 14:45:00,1774190700000,3.48,3.48,3.468,3.471,7545.2
2026-03-22 15:00:00,1774191600000,3.471,3.483,3.471,3.483,8895.2
2026-03-22 15:15:00,1774192500000,3.483,3.486,3.477,3.482,5449.3
2026-03-22 15:30:00,1774193400000,3.482,3.482,3.47,3.475,4326.2
2026-03-22 15:45:00,1774194300000,3.475,3.48,3.472,3.479,9361.3
2026-03-22 16:00:00,1774195200000,3.479,3.485,3.477,3.482,8121.3
2026-03-22 16:15:00,1774196100000,3.482,3.485,3.479,3.482,9603.5
2026-03-22 16:30:00,1774197000000,3.482,3.487,3.475,3.478,10346.4
2026-03-22 16:45:00,1774197900000,3.478,3.486,3.478,3.482,9280.8
2026-03-22 17:00:00,1774198800000,3.482,3.49,3.476,3.49,11469.4
2026-03-22 17:15:00,1774199700000,3.49,3.494,3.486,3.488,24255.9
2026-03-22 17:30:00,1774200600000,3.488,3.489,3.479,3.479,5764.4
2026-03-22 17:45:00,1774201500000,3.479,3.487,3.479,3.484,6776.4
2026-03-22 18:00:00,1774202400000,3.484,3.486,3.476,3.485,9167.0
2026-03-22 18:15:00,1774203300000,3.485,3.485,3.48,3.484,7850.2
2026-03-22 18:30:00,1774204200000,3.484,3.487,3.453,3.465,44310.2
2026-03-22 18:45:00,1774205100000,3.465,3.47,3.463,3.47,3114.7
2026-03-22 19:00:00,1774206000000,3.47,3.47,3.448,3.451,37446.2
2026-03-22 19:15:00,1774206900000,3.451,3.452,3.439,3.439,24109.9
2026-03-22 19:30:00,1774207800000,3.439,3.453,3.429,3.452,44715.7
2026-03-22 19:45:00,1774208700000,3.452,3.453,3.445,3.451,14098.3
2026-03-22 20:00:00,1774209600000,3.451,3.463,3.451,3.462,12711.7
2026-03-22 20:15:00,1774210500000,3.462,3.467,3.454,3.456,11042.3
2026-03-22 20:30:00,1774211400000,3.456,3.456,3.448,3.454,20046.3
2026-03-22 20:45:00,1774212300000,3.454,3.457,3.444,3.453,15444.9
2026-03-22 21:00:00,1774213200000,3.453,3.457,3.415,3.431,147036.8
2026-03-22 21:15:00,1774214100000,3.431,3.439,3.407,3.438,72050.9
2026-03-22 21:30:00,1774215000000,3.438,3.45,3.429,3.446,26729.9
2026-03-22 21:45:00,1774215900000,3.446,3.449,3.436,3.449,8533.0
2026-03-22 22:00:00,1774216800000,3.449,3.458,3.427,3.441,63491.5
2026-03-22 22:15:00,1774217700000,3.441,3.475,3.438,3.465,28610.9
2026-03-22 22:30:00,1774218600000,3.465,3.47,3.454,3.456,9550.5
2026-03-22 22:45:00,1774219500000,3.456,3.472,3.455,3.467,8375.8
2026-03-22 23:00:00,1774220400000,3.467,3.486,3.465,3.478,16800.2
2026-03-22 23:15:00,1774221300000,3.478,3.481,3.472,3.474,25634.5
2026-03-22 23:30:00,1774222200000,3.474,3.479,3.469,3.475,16222.7
2026-03-22 23:45:00,1774223100000,3.475,3.479,3.465,3.468,8938.8
2026-03-23 00:00:00,1774224000000,3.468,3.484,3.463,3.477,31251.9
2026-03-23 00:15:00,1774224900000,3.477,3.482,3.469,3.475,30800.2
2026-03-23 00:30:00,1774225800000,3.475,3.476,3.451,3.463,54236.5
2026-03-23 00:45:00,1774226700000,3.463,3.475,3.463,3.47,10934.3
2026-03-23 01:00:00,1774227600000,3.47,3.483,3.463,3.476,11375.9
2026-03-23 01:15:00,1774228500000,3.476,3.49,3.476,3.484,25625.7
2026-03-23 01:30:00,1774229400000,3.484,3.492,3.479,3.485,12191.8
2026-03-23 01:45:00,1774230300000,3.485,3.491,3.475,3.475,10845.7
2026-03-23 02:00:00,1774231200000,3.475,3.492,3.475,3.477,23410.0
2026-03-23 02:15:00,1774232100000,3.477,3.51,3.477,3.508,30636.3
2026-03-23 02:30:00,1774233000000,3.508,3.509,3.495,3.495,12454.8
2026-03-23 02:45:00,1774233900000,3.495,3.508,3.494,3.507,11203.6
2026-03-23 03:00:00,1774234800000,3.507,3.53,3.504,3.504,101510.6
2026-03-23 03:15:00,1774235700000,3.504,3.507,3.501,3.503,6337.3
2026-03-23 03:30:00,1774236600000,3.503,3.504,3.496,3.497,15987.9
2026-03-23 03:45:00,1774237500000,3.497,3.497,3.489,3.492,18634.2
2026-03-23 04:00:00,1774238400000,3.492,3.507,3.492,3.503,6373.4
2026-03-23 04:15:00,1774239300000,3.503,3.509,3.5,3.504,6395.6
2026-03-23 04:30:00,1774240200000,3.504,3.508,3.501,3.502,8605.9
2026-03-23 04:45:00,1774241100000,3.502,3.524,3.501,3.521,12333.6
2026-03-23 05:00:00,1774242000000,3.521,3.542,3.521,3.541,50455.5
2026-03-23 05:15:00,1774242900000,3.541,3.541,3.529,3.53,40412.3
2026-03-23 05:30:00,1774243800000,3.53,3.531,3.516,3.522,24679.9
2026-03-23 05:45:00,1774244700000,3.522,3.543,3.52,3.54,25146.4
2026-03-23 06:00:00,1774245600000,3.54,3.54,3.512,3.514,24666.1
2026-03-23 06:15:00,1774246500000,3.514,3.523,3.514,3.519,20245.5
2026-03-23 06:30:00,1774247400000,3.519,3.52,3.48,3.482,67425.2
2026-03-23 06:45:00,1774248300000,3.482,3.49,3.469,3.477,87852.8
2026-03-23 07:00:00,1774249200000,3.477,3.479,3.457,3.472,64456.3
2026-03-23 07:15:00,1774250100000,3.472,3.472,3.45,3.459,26086.2
2026-03-23 07:30:00,1774251000000,3.459,3.485,3.455,3.48,26180.1
2026-03-23 07:45:00,1774251900000,3.48,3.486,3.477,3.48,26465.6
2026-03-23 08:00:00,1774252800000,3.48,3.49,3.477,3.488,16118.2
2026-03-23 08:15:00,1774253700000,3.488,3.492,3.482,3.482,27387.0
2026-03-23 08:30:00,1774254600000,3.482,3.489,3.473,3.473,7397.7
2026-03-23 08:45:00,1774255500000,3.473,3.476,3.461,3.463,29756.7
2026-03-23 09:00:00,1774256400000,3.463,3.468,3.457,3.461,24178.4
2026-03-23 09:15:00,1774257300000,3.461,3.466,3.454,3.46,9905.7
2026-03-23 09:30:00,1774258200000,3.46,3.461,3.433,3.45,71236.8
2026-03-23 09:45:00,1774259100000,3.45,3.471,3.45,3.47,10501.8
2026-03-23 10:00:00,1774260000000,3.47,3.49,3.47,3.477,23144.3
2026-03-23 10:15:00,1774260900000,3.477,3.481,3.466,3.47,22126.9
2026-03-23 10:30:00,1774261800000,3.47,3.47,3.461,3.466,6957.9
2026-03-23 10:45:00,1774262700000,3.466,3.482,3.462,3.48,10613.7
2026-03-23 11:00:00,1774263600000,3.48,3.679,3.48,3.629,2387961.7
2026-03-23 11:15:00,1774264500000,3.629,3.652,3.578,3.606,400235.4
2026-03-23 11:30:00,1774265400000,3.606,3.624,3.584,3.602,207770.9
2026-03-23 11:45:00,1774266300000,3.602,3.605,3.564,3.571,172255.9
2026-03-23 12:00:00,1774267200000,3.571,3.582,3.549,3.565,231098.6
2026-03-23 12:15:00,1774268100000,3.565,3.58,3.559,3.566,39751.9
2026-03-23 12:30:00,1774269000000,3.566,3.601,3.557,3.591,82511.0
2026-03-23 12:45:00,1774269900000,3.591,3.596,3.578,3.585,50458.7
2026-03-23 13:00:00,1774270800000,3.585,3.599,3.57,3.572,47002.6
2026-03-23 13:15:00,1774271700000,3.572,3.576,3.565,3.568,106730.9
2026-03-23 13:30:00,1774272600000,3.568,3.597,3.558,3.587,136398.0
2026-03-23 13:45:00,1774273500000,3.587,3.606,3.577,3.6,77247.9
2026-03-23 14:00:00,1774274400000,3.6,3.625,3.599,3.603,61041.9
2026-03-23 14:15:00,1774275300000,3.603,3.612,3.576,3.582,87425.9
2026-03-23 14:30:00,1774276200000,3.582,3.585,3.57,3.574,85290.9
2026-03-23 14:45:00,1774277100000,3.574,3.592,3.558,3.589,103446.0
2026-03-23 15:00:00,1774278000000,3.589,3.611,3.583,3.596,126403.0
2026-03-23 15:15:00,1774278900000,3.596,3.597,3.557,3.562,125920.0
2026-03-23 15:30:00,1774279800000,3.562,3.563,3.533,3.54,151976.7
2026-03-23 15:45:00,1774280700000,3.54,3.555,3.519,3.525,130325.0
2026-03-23 16:00:00,1774281600000,3.525,3.551,3.525,3.548,45273.2
2026-03-23 16:15:00,1774282500000,3.548,3.551,3.516,3.518,66314.9
2026-03-23 16:30:00,1774283400000,3.518,3.535,3.51,3.533,59793.8
2026-03-23 16:45:00,1774284300000,3.533,3.551,3.532,3.549,29576.1
2026-03-23 17:00:00,1774285200000,3.549,3.563,3.549,3.549,53826.4
2026-03-23 17:15:00,1774286100000,3.549,3.551,3.534,3.546,28347.8
2026-03-23 17:30:00,1774287000000,3.546,3.584,3.545,3.565,57655.5
2026-03-23 17:45:00,1774287900000,3.565,3.572,3.564,3.569,11208.8
2026-03-23 18:00:00,1774288800000,3.569,3.576,3.551,3.555,50580.8
2026-03-23 18:15:00,1774289700000,3.555,3.559,3.553,3.556,25135.1
2026-03-23 18:30:00,1774290600000,3.556,3.572,3.556,3.565,20402.8
2026-03-23 18:45:00,1774291500000,3.565,3.583,3.564,3.581,15581.1
2026-03-23 19:00:00,1774292400000,3.581,3.604,3.576,3.582,139797.4
2026-03-23 19:15:00,1774293300000,3.582,3.588,3.576,3.586,16699.8
2026-03-23 19:30:00,1774294200000,3.586,3.592,3.573,3.575,37309.2
2026-03-23 19:45:00,1774295100000,3.575,3.582,3.57,3.571,11583.2
2026-03-23 20:00:00,1774296000000,3.571,3.585,3.56,3.585,58282.3
2026-03-23 20:15:00,1774296900000,3.585,3.588,3.579,3.581,21760.1
2026-03-23 20:30:00,1774297800000,3.581,3.593,3.581,3.592,18758.8
2026-03-23 20:45:00,1774298700000,3.592,3.598,3.589,3.591,12390.0
2026-03-23 21:00:00,1774299600000,3.591,3.599,3.591,3.591,10950.6
2026-03-23 21:15:00,1774300500000,3.591,3.594,3.587,3.588,12860.5
2026-03-23 21:30:00,1774301400000,3.588,3.597,3.586,3.593,13968.1
2026-03-23 21:45:00,1774302300000,3.593,3.596,3.587,3.588,13337.2
2026-03-23 22:00:00,1774303200000,3.588,3.592,3.564,3.573,29865.2
2026-03-23 22:15:00,1774304100000,3.573,3.577,3.567,3.574,15455.4
2026-03-23 22:30:00,1774305000000,3.574,3.576,3.561,3.569,9461.6
2026-03-23 22:45:00,1774305900000,3.569,3.579,3.568,3.577,18013.5
2026-03-23 23:00:00,1774306800000,3.577,3.577,3.565,3.569,18322.5
2026-03-23 23:15:00,1774307700000,3.569,3.584,3.564,3.58,16087.4
2026-03-23 23:30:00,1774308600000,3.58,3.583,3.571,3.58,2236.2
2026-03-23 23:45:00,1774309500000,3.58,3.59,3.574,3.583,6302.8
2026-03-24 00:00:00,1774310400000,3.583,3.591,3.581,3.585,41495.1
2026-03-24 00:15:00,1774311300000,3.585,3.585,3.564,3.565,53882.7
2026-03-24 00:30:00,1774312200000,3.565,3.567,3.541,3.554,83172.8
2026-03-24 00:45:00,1774313100000,3.554,3.573,3.553,3.566,20517.1
2026-03-24 01:00:00,1774314000000,3.566,3.568,3.556,3.559,26405.8
2026-03-24 01:15:00,1774314900000,3.559,3.573,3.555,3.572,4784.6
2026-03-24 01:30:00,1774315800000,3.572,3.572,3.547,3.554,34697.3
2026-03-24 01:45:00,1774316700000,3.554,3.567,3.55,3.562,16538.0
2026-03-24 02:00:00,1774317600000,3.562,3.583,3.558,3.567,22409.3
2026-03-24 02:15:00,1774318500000,3.567,3.578,3.567,3.573,6673.4
2026-03-24 02:30:00,1774319400000,3.573,3.58,3.561,3.571,20029.2
2026-03-24 02:45:00,1774320300000,3.571,3.571,3.565,3.566,4408.9
2026-03-24 03:00:00,1774321200000,3.566,3.574,3.565,3.566,13494.1
2026-03-24 03:15:00,1774322100000,3.566,3.58,3.566,3.577,4373.0
2026-03-24 03:30:00,1774323000000,3.577,3.58,3.571,3.577,4682.7
2026-03-24 03:45:00,1774323900000,3.577,3.588,3.577,3.583,5580.1
2026-03-24 04:00:00,1774324800000,3.583,3.593,3.578,3.579,18553.8
2026-03-24 04:15:00,1774325700000,3.579,3.579,3.564,3.564,9117.0
2026-03-24 04:30:00,1774326600000,3.564,3.564,3.55,3.557,18027.5
2026-03-24 04:45:00,1774327500000,3.557,3.563,3.554,3.559,6178.0
2026-03-24 05:00:00,1774328400000,3.559,3.559,3.546,3.552,16217.7
2026-03-24 05:15:00,1774329300000,3.552,3.565,3.55,3.551,28654.0
2026-03-24 05:30:00,1774330200000,3.551,3.558,3.545,3.554,24059.9
2026-03-24 05:45:00,1774331100000,3.554,3.558,3.55,3.553,17280.3
2026-03-24 06:00:00,1774332000000,3.553,3.566,3.552,3.562,17226.7
2026-03-24 06:15:00,1774332900000,3.562,3.563,3.553,3.558,9931.6
2026-03-24 06:30:00,1774333800000,3.558,3.568,3.558,3.563,13628.6
2026-03-24 06:45:00,1774334700000,3.563,3.573,3.562,3.572,8653.1
2026-03-24 07:00:00,1774335600000,3.572,3.6,3.57,3.593,65491.6
2026-03-24 07:15:00,1774336500000,3.593,3.596,3.576,3.58,89620.2
2026-03-24 07:30:00,1774337400000,3.58,3.585,3.574,3.577,32546.9
2026-03-24 07:45:00,1774338300000,3.577,3.599,3.574,3.594,37756.8
2026-03-24 08:00:00,1774339200000,3.594,3.599,3.586,3.595,20445.3
2026-03-24 08:15:00,1774340100000,3.595,3.595,3.584,3.589,14793.9
2026-03-24 08:30:00,1774341000000,3.589,3.599,3.584,3.596,15915.1
2026-03-24 08:45:00,1774341900000,3.596,3.596,3.573,3.579,64873.2
2026-03-24 09:00:00,1774342800000,3.579,3.579,3.563,3.564,19963.7
2026-03-24 09:15:00,1774343700000,3.564,3.571,3.561,3.567,18964.3
2026-03-24 09:30:00,1774344600000,3.567,3.579,3.564,3.577,19971.9
2026-03-24 09:45:00,1774345500000,3.577,3.583,3.57,3.583,19411.4
2026-03-24 10:00:00,1774346400000,3.583,3.583,3.57,3.578,22787.1
2026-03-24 10:15:00,1774347300000,3.578,3.58,3.571,3.571,12154.6
2026-03-24 10:30:00,1774348200000,3.571,3.592,3.571,3.592,47437.9
2026-03-24 10:45:00,1774349100000,3.592,3.592,3.585,3.589,12029.5
2026-03-24 11:00:00,1774350000000,3.589,3.595,3.576,3.582,73979.5
2026-03-24 11:15:00,1774350900000,3.582,3.585,3.573,3.583,18062.2
2026-03-24 11:30:00,1774351800000,3.583,3.602,3.582,3.59,45960.0
2026-03-24 11:45:00,1774352700000,3.59,3.592,3.579,3.591,10733.1
2026-03-24 12:00:00,1774353600000,3.591,3.595,3.584,3.588,20227.2
2026-03-24 12:15:00,1774354500000,3.588,3.59,3.583,3.588,15926.0
2026-03-24 12:30:00,1774355400000,3.588,3.59,3.577,3.587,11861.2
2026-03-24 12:45:00,1774356300000,3.587,3.593,3.586,3.59,17545.2
2026-03-24 13:00:00,1774357200000,3.59,3.595,3.579,3.584,21804.6
2026-03-24 13:15:00,1774358100000,3.584,3.587,3.579,3.583,16717.8
2026-03-24 13:30:00,1774359000000,3.583,3.587,3.558,3.563,63333.3
2026-03-24 13:45:00,1774359900000,3.563,3.572,3.557,3.566,47507.2
2026-03-24 14:00:00,1774360800000,3.566,3.581,3.545,3.552,52705.2
2026-03-24 14:15:00,1774361700000,3.552,3.561,3.544,3.556,46446.4
2026-03-24 14:30:00,1774362600000,3.556,3.562,3.544,3.551,30460.8
2026-03-24 14:45:00,1774363500000,3.551,3.576,3.536,3.57,106819.4
2026-03-24 15:00:00,1774364400000,3.57,3.579,3.557,3.56,48084.5
2026-03-24 15:15:00,1774365300000,3.56,3.581,3.56,3.572,34525.2
2026-03-24 15:30:00,1774366200000,3.572,3.584,3.563,3.572,42461.6
2026-03-24 15:45:00,1774367100000,3.572,3.574,3.564,3.567,16906.6
2026-03-24 16:00:00,1774368000000,3.567,3.575,3.564,3.575,13325.7
2026-03-24 16:15:00,1774368900000,3.575,3.582,3.568,3.571,31569.4
2026-03-24 16:30:00,1774369800000,3.571,3.573,3.553,3.562,29111.4
2026-03-24 16:45:00,1774370700000,3.562,3.564,3.55,3.552,16476.3
2026-03-24 17:00:00,1774371600000,3.552,3.555,3.532,3.54,54180.9
2026-03-24 17:15:00,1774372500000,3.54,3.544,3.537,3.539,14377.4
2026-03-24 17:30:00,1774373400000,3.539,3.546,3.527,3.529,33541.3
2026-03-24 17:45:00,1774374300000,3.529,3.539,3.525,3.537,71375.1
2026-03-24 18:00:00,1774375200000,3.537,3.546,3.535,3.541,40024.2
2026-03-24 18:15:00,1774376100000,3.541,3.552,3.538,3.546,9714.8
2026-03-24 18:30:00,1774377000000,3.546,3.562,3.545,3.549,41081.1
2026-03-24 18:45:00,1774377900000,3.549,3.55,3.54,3.542,11796.1
2026-03-24 19:00:00,1774378800000,3.542,3.551,3.542,3.549,12112.8
2026-03-24 19:15:00,1774379700000,3.549,3.555,3.548,3.548,7494.6
2026-03-24 19:30:00,1774380600000,3.548,3.549,3.542,3.545,15357.9
2026-03-24 19:45:00,1774381500000,3.545,3.545,3.537,3.542,15196.9
2026-03-24 20:00:00,1774382400000,3.542,3.554,3.541,3.553,7355.5
2026-03-24 20:15:00,1774383300000,3.553,3.612,3.553,3.591,85086.6
2026-03-24 20:30:00,1774384200000,3.591,3.605,3.591,3.591,39118.0
2026-03-24 20:45:00,1774385100000,3.591,3.603,3.585,3.593,36497.7
2026-03-24 21:00:00,1774386000000,3.593,3.598,3.578,3.582,44140.6
2026-03-24 21:15:00,1774386900000,3.582,3.585,3.577,3.585,14882.3
2026-03-24 21:30:00,1774387800000,3.585,3.597,3.581,3.591,25103.7
2026-03-24 21:45:00,1774388700000,3.591,3.598,3.588,3.595,14656.8
2026-03-24 22:00:00,1774389600000,3.595,3.607,3.59,3.604,29908.6
2026-03-24 22:15:00,1774390500000,3.604,3.604,3.589,3.589,15934.8
2026-03-24 22:30:00,1774391400000,3.589,3.593,3.582,3.591,20776.4
2026-03-24 22:45:00,1774392300000,3.591,3.595,3.589,3.594,12892.5
2026-03-24 23:00:00,1774393200000,3.594,3.604,3.591,3.604,28499.1
2026-03-24 23:15:00,1774394100000,3.604,3.621,3.602,3.614,51414.6
2026-03-24 23:30:00,1774395000000,3.614,3.616,3.607,3.607,25719.1
2026-03-24 23:45:00,1774395900000,3.607,3.611,3.604,3.606,6752.0
2026-03-25 00:00:00,1774396800000,3.606,3.61,3.603,3.609,19832.9
2026-03-25 00:15:00,1774397700000,3.609,3.609,3.594,3.596,13485.0
2026-03-25 00:30:00,1774398600000,3.596,3.616,3.581,3.611,70352.2
2026-03-25 00:45:00,1774399500000,3.611,3.62,3.605,3.605,59276.2
2026-03-25 01:00:00,1774400400000,3.605,3.612,3.598,3.605,25813.3
2026-03-25 01:15:00,1774401300000,3.605,3.608,3.6,3.603,17873.3
2026-03-25 01:30:00,1774402200000,3.603,3.609,3.597,3.604,10886.5
2026-03-25 01:45:00,1774403100000,3.604,3.604,3.598,3.598,6433.7
2026-03-25 02:00:00,1774404000000,3.598,3.601,3.594,3.598,12345.8
2026-03-25 02:15:00,1774404900000,3.598,3.605,3.597,3.602,7834.9
2026-03-25 02:30:00,1774405800000,3.602,3.606,3.597,3.606,8375.4
2026-03-25 02:45:00,1774406700000,3.606,3.611,3.598,3.6,18017.4
2026-03-25 03:00:00,1774407600000,3.6,3.603,3.591,3.595,8496.0
2026-03-25 03:15:00,1774408500000,3.595,3.601,3.589,3.6,9983.0
2026-03-25 03:30:00,1774409400000,3.6,3.608,3.6,3.6,8602.1
2026-03-25 03:45:00,1774410300000,3.6,3.605,3.599,3.599,19794.2
2026-03-25 04:00:00,1774411200000,3.599,3.601,3.593,3.6,28648.4
2026-03-25 04:15:00,1774412100000,3.6,3.61,3.598,3.608,9800.4
2026-03-25 04:30:00,1774413000000,3.608,3.608,3.603,3.606,10192.7
2026-03-25 04:45:00,1774413900000,3.606,3.627,3.606,3.623,16182.4
2026-03-25 05:00:00,1774414800000,3.623,3.636,3.614,3.628,88579.0
2026-03-25 05:15:00,1774415700000,3.628,3.635,3.621,3.635,47048.2
2026-03-25 05:30:00,1774416600000,3.635,3.643,3.634,3.638,19635.7
2026-03-25 05:45:00,1774417500000,3.638,3.64,3.628,3.63,35292.5
2026-03-25 06:00:00,1774418400000,3.63,3.633,3.621,3.623,18467.5
2026-03-25 06:15:00,1774419300000,3.623,3.643,3.623,3.643,36687.1
2026-03-25 06:30:00,1774420200000,3.643,3.652,3.642,3.648,32681.5
2026-03-25 06:45:00,1774421100000,3.648,3.651,3.638,3.64,30307.3
2026-03-25 07:00:00,1774422000000,3.64,3.644,3.631,3.644,50517.5
2026-03-25 07:15:00,1774422900000,3.644,3.647,3.639,3.64,29811.2
2026-03-25 07:30:00,1774423800000,3.64,3.661,3.639,3.646,96224.3
2026-03-25 07:45:00,1774424700000,3.646,3.649,3.634,3.641,32883.8
2026-03-25 08:00:00,1774425600000,3.641,3.655,3.641,3.648,59577.7
2026-03-25 08:15:00,1774426500000,3.648,3.688,3.648,3.671,161825.7
2026-03-25 08:30:00,1774427400000,3.671,3.709,3.671,3.706,143102.6
2026-03-25 08:45:00,1774428300000,3.706,3.706,3.685,3.688,58832.9
2026-03-25 09:00:00,1774429200000,3.688,3.691,3.678,3.68,23329.9
2026-03-25 09:15:00,1774430100000,3.68,3.69,3.674,3.679,32003.9
2026-03-25 09:30:00,1774431000000,3.679,3.683,3.674,3.678,33654.2
2026-03-25 09:45:00,1774431900000,3.678,3.693,3.669,3.687,21413.8
2026-03-25 10:00:00,1774432800000,3.687,3.701,3.683,3.701,24204.5
2026-03-25 10:15:00,1774433700000,3.701,3.71,3.698,3.71,26020.3
2026-03-25 10:30:00,1774434600000,3.71,3.717,3.707,3.713,47881.1
2026-03-25 10:45:00,1774435500000,3.713,3.73,3.708,3.711,77734.8
2026-03-25 11:00:00,1774436400000,3.711,3.711,3.697,3.7,40696.0
2026-03-25 11:15:00,1774437300000,3.7,3.706,3.696,3.702,49753.1
2026-03-25 11:30:00,1774438200000,3.702,3.712,3.701,3.706,79493.9
2026-03-25 11:45:00,1774439100000,3.706,3.707,3.685,3.699,103696.2
2026-03-25 12:00:00,1774440000000,3.699,3.738,3.699,3.728,94170.2
2026-03-25 12:15:00,1774440900000,3.728,3.73,3.682,3.69,116842.9
2026-03-25 12:30:00,1774441800000,3.69,3.697,3.678,3.696,46578.9
2026-03-25 12:45:00,1774442700000,3.696,3.74,3.695,3.733,76220.1
2026-03-25 13:00:00,1774443600000,3.733,3.753,3.721,3.745,72868.9
2026-03-25 13:15:00,1774444500000,3.745,3.751,3.726,3.732,64685.6
2026-03-25 13:30:00,1774445400000,3.732,3.757,3.732,3.742,81327.6
2026-03-25 13:45:00,1774446300000,3.742,3.751,3.731,3.734,38870.7
2026-03-25 14:00:00,1774447200000,3.734,3.748,3.713,3.717,92271.1
2026-03-25 14:15:00,1774448100000,3.717,3.749,3.717,3.745,100687.4
2026-03-25 14:30:00,1774449000000,3.745,3.748,3.726,3.73,33535.7
2026-03-25 14:45:00,1774449900000,3.73,3.75,3.728,3.735,31499.0
2026-03-25 15:00:00,1774450800000,3.735,3.745,3.709,3.713,92759.2
2026-03-25 15:15:00,1774451700000,3.713,3.716,3.67,3.699,136657.3
2026-03-25 15:30:00,1774452600000,3.699,3.71,3.688,3.692,40077.6
2026-03-25 15:45:00,1774453500000,3.692,3.699,3.689,3.697,16302.7
2026-03-25 16:00:00,1774454400000,3.697,3.705,3.677,3.68,72585.0
2026-03-25 16:15:00,1774455300000,3.68,3.723,3.675,3.706,89402.3
2026-03-25 16:30:00,1774456200000,3.706,3.727,3.7,3.721,42198.2
2026-03-25 16:45:00,1774457100000,3.721,3.73,3.701,3.703,52268.1
2026-03-25 17:00:00,1774458000000,3.703,3.742,3.703,3.729,242837.4
2026-03-25 17:15:00,1774458900000,3.729,3.742,3.712,3.733,188866.3
2026-03-25 17:30:00,1774459800000,3.733,3.738,3.715,3.716,87685.4
2026-03-25 17:45:00,1774460700000,3.716,3.717,3.689,3.702,58822.7
2026-03-25 18:00:00,1774461600000,3.702,3.709,3.696,3.7,47468.1
2026-03-25 18:15:00,1774462500000,3.7,3.712,3.7,3.707,20123.1
2026-03-25 18:30:00,1774463400000,3.707,3.709,3.688,3.692,43328.9
2026-03-25 18:45:00,1774464300000,3.692,3.702,3.687,3.693,16490.3
2026-03-25 19:00:00,1774465200000,3.693,3.701,3.689,3.7,29586.1
2026-03-25 19:15:00,1774466100000,3.7,3.706,3.695,3.705,17407.7
2026-03-25 19:30:00,1774467000000,3.705,3.709,3.7,3.7,11123.8
2026-03-25 19:45:00,1774467900000,3.7,3.705,3.693,3.703,29081.7
2026-03-25 20:00:00,1774468800000,3.703,3.704,3.694,3.697,18992.6
2026-03-25 20:15:00,1774469700000,3.697,3.702,3.68,3.683,26213.5
2026-03-25 20:30:00,1774470600000,3.683,3.69,3.68,3.69,16979.6
2026-03-25 20:45:00,1774471500000,3.69,3.694,3.686,3.689,12932.2
2026-03-25 21:00:00,1774472400000,3.689,3.69,3.683,3.69,48076.5
2026-03-25 21:15:00,1774473300000,3.69,3.691,3.672,3.678,29134.7
2026-03-25 21:30:00,1774474200000,3.678,3.697,3.675,3.694,23503.6
2026-03-25 21:45:00,1774475100000,3.694,3.695,3.687,3.693,9584.9
2026-03-25 22:00:00,1774476000000,3.693,3.702,3.688,3.697,17725.8
2026-03-25 22:15:00,1774476900000,3.697,3.701,3.694,3.697,12623.2
2026-03-25 22:30:00,1774477800000,3.697,3.732,3.697,3.717,58183.6
2026-03-25 22:45:00,1774478700000,3.717,3.722,3.715,3.72,9195.3
2026-03-25 23:00:00,1774479600000,3.72,3.722,3.718,3.719,8471.1
2026-03-25 23:15:00,1774480500000,3.719,3.719,3.709,3.71,20166.5
2026-03-25 23:30:00,1774481400000,3.71,3.712,3.696,3.696,22334.1
2026-03-25 23:45:00,1774482300000,3.696,3.705,3.692,3.705,10628.2
2026-03-26 00:00:00,1774483200000,3.705,3.708,3.694,3.695,24947.9
2026-03-26 00:15:00,1774484100000,3.695,3.702,3.692,3.694,14859.3
2026-03-26 00:30:00,1774485000000,3.694,3.695,3.689,3.693,16530.1
2026-03-26 00:45:00,1774485900000,3.693,3.698,3.68,3.693,26373.3
2026-03-26 01:00:00,1774486800000,3.693,3.704,3.692,3.699,16616.8
2026-03-26 01:15:00,1774487700000,3.699,3.711,3.692,3.71,11309.2
2026-03-26 01:30:00,1774488600000,3.71,3.715,3.705,3.705,28361.2
2026-03-26 01:45:00,1774489500000,3.705,3.707,3.696,3.698,10931.9
2026-03-26 02:00:00,1774490400000,3.698,3.699,3.685,3.688,7562.3
2026-03-26 02:15:00,1774491300000,3.688,3.688,3.678,3.681,13192.9
2026-03-26 02:30:00,1774492200000,3.681,3.681,3.659,3.665,50638.2
2026-03-26 02:45:00,1774493100000,3.665,3.683,3.665,3.681,22058.6
2026-03-26 03:00:00,1774494000000,3.681,3.681,3.659,3.676,53751.7
2026-03-26 03:15:00,1774494900000,3.676,3.676,3.651,3.658,40528.7
2026-03-26 03:30:00,1774495800000,3.658,3.666,3.658,3.663,9364.7
2026-03-26 03:45:00,1774496700000,3.663,3.67,3.66,3.667,4274.4
2026-03-26 04:00:00,1774497600000,3.667,3.667,3.656,3.658,15061.5
2026-03-26 04:15:00,1774498500000,3.658,3.664,3.657,3.663,8971.3
2026-03-26 04:30:00,1774499400000,3.663,3.664,3.653,3.653,14226.6
2026-03-26 04:45:00,1774500300000,3.653,3.662,3.653,3.658,17907.4
2026-03-26 05:00:00,1774501200000,3.658,3.662,3.636,3.639,63928.3
2026-03-26 05:15:00,1774502100000,3.639,3.648,3.636,3.648,50485.7
2026-03-26 05:30:00,1774503000000,3.648,3.652,3.624,3.626,42552.1
2026-03-26 05:45:00,1774503900000,3.626,3.628,3.603,3.614,96343.4
2026-03-26 06:00:00,1774504800000,3.614,3.624,3.605,3.621,31166.4
2026-03-26 06:15:00,1774505700000,3.621,3.623,3.59,3.602,64228.7
2026-03-26 06:30:00,1774506600000,3.602,3.61,3.6,3.605,26769.7
2026-03-26 06:45:00,1774507500000,3.605,3.613,3.603,3.608,15215.3
2026-03-26 07:00:00,1774508400000,3.608,3.614,3.604,3.604,14412.6
2026-03-26 07:15:00,1774509300000,3.604,3.608,3.594,3.6,19390.3
2026-03-26 07:30:00,1774510200000,3.6,3.606,3.596,3.6,9769.6
2026-03-26 07:45:00,1774511100000,3.6,3.609,3.6,3.606,6793.5
2026-03-26 08:00:00,1774512000000,3.606,3.609,3.597,3.598,15520.8
2026-03-26 08:15:00,1774512900000,3.598,3.604,3.582,3.585,45649.3
2026-03-26 08:30:00,1774513800000,3.585,3.596,3.585,3.591,36516.0
2026-03-26 08:45:00,1774514700000,3.591,3.599,3.588,3.593,53723.4
2026-03-26 09:00:00,1774515600000,3.593,3.608,3.588,3.6,29121.3
2026-03-26 09:15:00,1774516500000,3.6,3.6,3.588,3.59,13366.6
2026-03-26 09:30:00,1774517400000,3.59,3.59,3.539,3.553,224735.4
2026-03-26 09:45:00,1774518300000,3.553,3.557,3.547,3.557,22263.2
2026-03-26 10:00:00,1774519200000,3.557,3.557,3.543,3.55,27661.9
2026-03-26 10:15:00,1774520100000,3.55,3.567,3.549,3.558,85787.9
2026-03-26 10:30:00,1774521000000,3.558,3.562,3.545,3.547,21025.8
2026-03-26 10:45:00,1774521900000,3.547,3.551,3.545,3.549,34678.6
2026-03-26 11:00:00,1774522800000,3.549,3.553,3.536,3.546,48193.5
2026-03-26 11:15:00,1774523700000,3.546,3.549,3.527,3.529,32220.0
2026-03-26 11:30:00,1774524600000,3.529,3.534,3.525,3.528,26162.9
2026-03-26 11:45:00,1774525500000,3.528,3.537,3.523,3.526,33479.6
2026-03-26 12:00:00,1774526400000,3.526,3.527,3.515,3.524,39691.9
2026-03-26 12:15:00,1774527300000,3.524,3.535,3.524,3.533,20973.8
2026-03-26 12:30:00,1774528200000,3.533,3.539,3.529,3.533,38488.2
2026-03-26 12:45:00,1774529100000,3.533,3.535,3.525,3.53,12014.8
2026-03-26 13:00:00,1774530000000,3.53,3.542,3.527,3.54,22285.1
2026-03-26 13:15:00,1774530900000,3.54,3.546,3.533,3.534,14461.9
2026-03-26 13:30:00,1774531800000,3.534,3.544,3.525,3.544,24129.1
2026-03-26 13:45:00,1774532700000,3.544,3.567,3.541,3.549,114967.0
2026-03-26 14:00:00,1774533600000,3.549,3.556,3.542,3.549,23752.8
2026-03-26 14:15:00,1774534500000,3.549,3.554,3.536,3.543,26216.9
2026-03-26 14:30:00,1774535400000,3.543,3.559,3.534,3.536,44256.8
2026-03-26 14:45:00,1774536300000,3.536,3.539,3.521,3.531,22792.8
2026-03-26 15:00:00,1774537200000,3.531,3.531,3.503,3.505,63494.6
2026-03-26 15:15:00,1774538100000,3.505,3.514,3.494,3.508,67622.1
2026-03-26 15:30:00,1774539000000,3.508,3.523,3.506,3.514,33535.9
2026-03-26 15:45:00,1774539900000,3.514,3.525,3.509,3.512,32451.4
2026-03-26 16:00:00,1774540800000,3.512,3.523,3.508,3.519,35629.7
2026-03-26 16:15:00,1774541700000,3.519,3.524,3.511,3.511,20759.8
2026-03-26 16:30:00,1774542600000,3.511,3.521,3.509,3.52,11527.9
2026-03-26 16:45:00,1774543500000,3.52,3.523,3.512,3.517,9817.1
2026-03-26 17:00:00,1774544400000,3.517,3.523,3.515,3.518,7646.2
2026-03-26 17:15:00,1774545300000,3.518,3.527,3.516,3.517,9045.0
2026-03-26 17:30:00,1774546200000,3.517,3.523,3.517,3.521,5753.6
2026-03-26 17:45:00,1774547100000,3.521,3.521,3.485,3.498,59417.3
2026-03-26 18:00:00,1774548000000,3.498,3.502,3.487,3.495,31711.3
2026-03-26 18:15:00,1774548900000,3.495,3.495,3.48,3.485,45702.7
2026-03-26 18:30:00,1774549800000,3.485,3.494,3.484,3.494,30724.9
2026-03-26 18:45:00,1774550700000,3.494,3.505,3.492,3.504,23176.5
2026-03-26 19:00:00,1774551600000,3.504,3.507,3.496,3.499,9919.1
2026-03-26 19:15:00,1774552500000,3.499,3.505,3.487,3.489,7836.8
2026-03-26 19:30:00,1774553400000,3.489,3.498,3.485,3.496,23430.4
2026-03-26 19:45:00,1774554300000,3.496,3.502,3.491,3.493,8318.7
2026-03-26 20:00:00,1774555200000,3.493,3.557,3.487,3.54,313892.4
2026-03-26 20:15:00,1774556100000,3.54,3.553,3.528,3.534,60885.3
2026-03-26 20:30:00,1774557000000,3.534,3.544,3.534,3.537,9054.9
2026-03-26 20:45:00,1774557900000,3.537,3.538,3.52,3.523,18025.7
2026-03-26 21:00:00,1774558800000,3.523,3.53,3.519,3.526,9718.7
2026-03-26 21:15:00,1774559700000,3.526,3.546,3.526,3.545,19574.6
2026-03-26 21:30:00,1774560600000,3.545,3.549,3.54,3.542,13860.3
2026-03-26 21:45:00,1774561500000,3.542,3.544,3.527,3.53,13475.4
2026-03-26 22:00:00,1774562400000,3.53,3.532,3.521,3.526,15779.3
2026-03-26 22:15:00,1774563300000,3.526,3.528,3.505,3.516,26851.8
2026-03-26 22:30:00,1774564200000,3.516,3.519,3.512,3.516,9111.7
2026-03-26 22:45:00,1774565100000,3.516,3.525,3.513,3.525,28658.6
2026-03-26 23:00:00,1774566000000,3.525,3.53,3.519,3.525,23930.3
2026-03-26 23:15:00,1774566900000,3.525,3.526,3.515,3.519,8821.8
2026-03-26 23:30:00,1774567800000,3.519,3.52,3.513,3.52,17995.6
2026-03-26 23:45:00,1774568700000,3.52,3.53,3.52,3.523,6782.0
2026-03-27 00:00:00,1774569600000,3.523,3.532,3.516,3.529,18186.5
2026-03-27 00:15:00,1774570500000,3.529,3.532,3.52,3.525,31665.8
2026-03-27 00:30:00,1774571400000,3.525,3.531,3.519,3.526,29028.5
2026-03-27 00:45:00,1774572300000,3.526,3.533,3.521,3.533,6137.7
2026-03-27 01:00:00,1774573200000,3.533,3.537,3.52,3.537,16328.9
2026-03-27 01:15:00,1774574100000,3.537,3.541,3.536,3.539,8261.4
2026-03-27 01:30:00,1774575000000,3.539,3.543,3.537,3.54,4228.7
2026-03-27 01:45:00,1774575900000,3.54,3.546,3.536,3.545,7969.0
2026-03-27 02:00:00,1774576800000,3.545,3.552,3.544,3.546,11345.5
2026-03-27 02:15:00,1774577700000,3.546,3.546,3.54,3.546,9238.6
2026-03-27 02:30:00,1774578600000,3.546,3.551,3.54,3.542,6989.0
2026-03-27 02:45:00,1774579500000,3.542,3.544,3.541,3.541,1461.4
2026-03-27 03:00:00,1774580400000,3.541,3.546,3.528,3.532,17625.6
2026-03-27 03:15:00,1774581300000,3.532,3.537,3.529,3.533,4477.4
2026-03-27 03:30:00,1774582200000,3.533,3.539,3.531,3.536,8437.2
2026-03-27 03:45:00,1774583100000,3.536,3.538,3.53,3.531,5022.8
2026-03-27 04:00:00,1774584000000,3.531,3.533,3.502,3.507,60549.3
2026-03-27 04:15:00,1774584900000,3.507,3.52,3.504,3.515,20692.0
2026-03-27 04:30:00,1774585800000,3.515,3.521,3.514,3.518,2989.8
2026-03-27 04:45:00,1774586700000,3.518,3.523,3.513,3.515,3102.8
2026-03-27 05:00:00,1774587600000,3.515,3.53,3.51,3.529,9936.4
2026-03-27 05:15:00,1774588500000,3.529,3.533,3.511,3.516,13347.1
2026-03-27 05:30:00,1774589400000,3.516,3.52,3.511,3.513,6184.0
2026-03-27 05:45:00,1774590300000,3.513,3.517,3.51,3.515,7294.2
2026-03-27 06:00:00,1774591200000,3.515,3.516,3.511,3.516,18328.3
2026-03-27 06:15:00,1774592100000,3.516,3.519,3.506,3.514,18953.2
2026-03-27 06:30:00,1774593000000,3.514,3.515,3.511,3.514,14704.9
2026-03-27 06:45:00,1774593900000,3.514,3.515,3.507,3.507,11180.9
2026-03-27 07:00:00,1774594800000,3.507,3.517,3.498,3.514,29850.5
2026-03-27 07:15:00,1774595700000,3.514,3.52,3.507,3.513,42658.1
2026-03-27 07:30:00,1774596600000,3.513,3.514,3.501,3.506,16196.6
2026-03-27 07:45:00,1774597500000,3.506,3.514,3.505,3.512,14899.0
2026-03-27 08:00:00,1774598400000,3.512,3.516,3.5,3.501,22445.0
2026-03-27 08:15:00,1774599300000,3.501,3.502,3.485,3.486,32446.9
2026-03-27 08:30:00,1774600200000,3.486,3.489,3.458,3.472,84583.5
2026-03-27 08:45:00,1774601100000,3.472,3.495,3.471,3.484,27336.8
2026-03-27 09:00:00,1774602000000,3.484,3.488,3.455,3.465,40453.7
2026-03-27 09:15:00,1774602900000,3.465,3.487,3.465,3.485,17406.7
2026-03-27 09:30:00,1774603800000,3.485,3.486,3.474,3.475,18383.8
2026-03-27 09:45:00,1774604700000,3.475,3.482,3.473,3.473,7676.5
2026-03-27 10:00:00,1774605600000,3.473,3.473,3.461,3.463,14416.0
2026-03-27 10:15:00,1774606500000,3.463,3.472,3.462,3.47,9901.0
2026-03-27 10:30:00,1774607400000,3.47,3.472,3.405,3.42,269088.8
2026-03-27 10:45:00,1774608300000,3.42,3.423,3.373,3.377,229263.2
2026-03-27 11:00:00,1774609200000,3.377,3.391,3.362,3.388,87219.6
2026-03-27 11:15:00,1774610100000,3.388,3.403,3.387,3.398,29375.3
2026-03-27 11:30:00,1774611000000,3.398,3.404,3.398,3.401,26206.3
2026-03-27 11:45:00,1774611900000,3.401,3.409,3.4,3.403,19603.1
2026-03-27 12:00:00,1774612800000,3.403,3.403,3.377,3.382,55543.6
2026-03-27 12:15:00,1774613700000,3.382,3.385,3.376,3.385,28916.5
2026-03-27 12:30:00,1774614600000,3.385,3.388,3.375,3.388,12060.0
2026-03-27 12:45:00,1774615500000,3.388,3.397,3.383,3.397,14211.0
2026-03-27 13:00:00,1774616400000,3.397,3.407,3.396,3.4,21806.1
2026-03-27 13:15:00,1774617300000,3.4,3.416,3.399,3.412,27890.3
2026-03-27 13:30:00,1774618200000,3.412,3.415,3.376,3.406,74545.0
2026-03-27 13:45:00,1774619100000,3.406,3.412,3.385,3.395,43507.9
2026-03-27 14:00:00,1774620000000,3.395,3.411,3.393,3.404,33614.2
2026-03-27 14:15:00,1774620900000,3.404,3.404,3.365,3.37,54919.5
2026-03-27 14:30:00,1774621800000,3.37,3.386,3.369,3.38,39786.5
2026-03-27 14:45:00,1774622700000,3.38,3.393,3.374,3.393,31042.0
2026-03-27 15:00:00,1774623600000,3.393,3.415,3.392,3.41,48584.4
2026-03-27 15:15:00,1774624500000,3.41,3.436,3.4,3.422,101112.3
2026-03-27 15:30:00,1774625400000,3.422,3.444,3.42,3.431,82325.2
2026-03-27 15:45:00,1774626300000,3.431,3.438,3.403,3.404,72911.8
2026-03-27 16:00:00,1774627200000,3.404,3.412,3.395,3.408,35151.9
2026-03-27 16:15:00,1774628100000,3.408,3.414,3.4,3.407,21848.8
2026-03-27 16:30:00,1774629000000,3.407,3.416,3.4,3.415,18351.6
2026-03-27 16:45:00,1774629900000,3.415,3.422,3.407,3.407,9033.5
2026-03-27 17:00:00,1774630800000,3.407,3.424,3.405,3.419,37343.6
2026-03-27 17:15:00,1774631700000,3.419,3.42,3.402,3.403,7836.7
2026-03-27 17:30:00,1774632600000,3.403,3.409,3.395,3.397,11502.6
2026-03-27 17:45:00,1774633500000,3.397,3.402,3.392,3.395,10458.6
2026-03-27 18:00:00,1774634400000,3.395,3.398,3.382,3.383,44335.6
2026-03-27 18:15:00,1774635300000,3.383,3.391,3.371,3.38,34885.7
2026-03-27 18:30:00,1774636200000,3.38,3.386,3.376,3.382,21759.9
2026-03-27 18:45:00,1774637100000,3.382,3.386,3.38,3.38,6618.1
2026-03-27 19:00:00,1774638000000,3.38,3.38,3.369,3.377,17795.9
2026-03-27 19:15:00,1774638900000,3.377,3.387,3.375,3.387,10691.7
2026-03-27 19:30:00,1774639800000,3.387,3.398,3.386,3.389,19356.4
2026-03-27 19:45:00,1774640700000,3.389,3.397,3.383,3.392,14698.2
2026-03-27 20:00:00,1774641600000,3.392,3.397,3.391,3.391,8526.7
2026-03-27 20:15:00,1774642500000,3.391,3.395,3.372,3.377,38018.2
2026-03-27 20:30:00,1774643400000,3.377,3.379,3.371,3.375,25813.7
2026-03-27 20:45:00,1774644300000,3.375,3.385,3.373,3.381,8329.2
2026-03-27 21:00:00,1774645200000,3.381,3.391,3.38,3.391,6970.5
2026-03-27 21:15:00,1774646100000,3.391,3.392,3.386,3.388,3800.6
2026-03-27 21:30:00,1774647000000,3.388,3.393,3.382,3.387,11582.7
2026-03-27 21:45:00,1774647900000,3.387,3.387,3.377,3.377,3166.2
2026-03-27 22:00:00,1774648800000,3.377,3.38,3.369,3.379,8623.5
2026-03-27 22:15:00,1774649700000,3.379,3.38,3.373,3.376,4235.9
2026-03-27 22:30:00,1774650600000,3.376,3.377,3.37,3.376,3163.2
2026-03-27 22:45:00,1774651500000,3.376,3.377,3.372,3.373,3991.6
2026-03-27 23:00:00,1774652400000,3.373,3.379,3.367,3.379,43828.4
2026-03-27 23:15:00,1774653300000,3.379,3.379,3.37,3.376,6636.8
2026-03-27 23:30:00,1774654200000,3.376,3.383,3.376,3.383,8840.5
2026-03-27 23:45:00,1774655100000,3.383,3.388,3.383,3.384,10253.4
2026-03-28 00:00:00,1774656000000,3.384,3.388,3.381,3.381,9203.3
2026-03-28 00:15:00,1774656900000,3.381,3.385,3.38,3.385,5668.0
2026-03-28 00:30:00,1774657800000,3.385,3.39,3.384,3.387,11282.9
2026-03-28 00:45:00,1774658700000,3.387,3.39,3.384,3.385,8170.1
2026-03-28 01:00:00,1774659600000,3.385,3.386,3.356,3.364,33987.9
2026-03-28 01:15:00,1774660500000,3.364,3.372,3.362,3.365,10392.0
2026-03-28 01:30:00,1774661400000,3.365,3.367,3.351,3.359,30174.0
2026-03-28 01:45:00,1774662300000,3.359,3.372,3.359,3.371,15722.5
2026-03-28 02:00:00,1774663200000,3.371,3.384,3.369,3.378,18949.8
2026-03-28 02:15:00,1774664100000,3.378,3.379,3.363,3.364,9189.7
2026-03-28 02:30:00,1774665000000,3.364,3.365,3.354,3.36,13740.6
2026-03-28 02:45:00,1774665900000,3.36,3.362,3.357,3.359,4475.9
2026-03-28 03:00:00,1774666800000,3.359,3.367,3.359,3.362,17013.8
2026-03-28 03:15:00,1774667700000,3.362,3.367,3.362,3.366,7249.8
2026-03-28 03:30:00,1774668600000,3.366,3.371,3.364,3.366,3869.9
2026-03-28 03:45:00,1774669500000,3.366,3.366,3.36,3.361,2481.6
2026-03-28 04:00:00,1774670400000,3.361,3.363,3.357,3.358,2889.5
2026-03-28 04:15:00,1774671300000,3.358,3.369,3.358,3.363,8527.0
2026-03-28 04:30:00,1774672200000,3.363,3.363,3.359,3.363,3140.4
2026-03-28 04:45:00,1774673100000,3.363,3.364,3.36,3.363,8202.9
2026-03-28 05:00:00,1774674000000,3.363,3.366,3.362,3.366,2422.7
2026-03-28 05:15:00,1774674900000,3.366,3.379,3.365,3.376,20034.4
2026-03-28 05:30:00,1774675800000,3.376,3.377,3.373,3.377,8369.2
2026-03-28 05:45:00,1774676700000,3.377,3.38,3.376,3.378,5022.2
2026-03-28 06:00:00,1774677600000,3.378,3.38,3.376,3.379,6950.2
2026-03-28 06:15:00,1774678500000,3.379,3.395,3.379,3.392,21389.9
2026-03-28 06:30:00,1774679400000,3.392,3.395,3.387,3.387,3075.1
2026-03-28 06:45:00,1774680300000,3.387,3.393,3.386,3.386,7506.2
2026-03-28 07:00:00,1774681200000,3.386,3.396,3.386,3.396,4402.5
2026-03-28 07:15:00,1774682100000,3.396,3.403,3.395,3.398,26872.3
2026-03-28 07:30:00,1774683000000,3.398,3.399,3.391,3.394,6216.6
2026-03-28 07:45:00,1774683900000,3.394,3.396,3.387,3.394,18794.3
2026-03-28 08:00:00,1774684800000,3.394,3.402,3.393,3.399,14635.9
2026-03-28 08:15:00,1774685700000,3.399,3.399,3.393,3.394,7284.1
2026-03-28 08:30:00,1774686600000,3.394,3.394,3.389,3.389,3721.2
2026-03-28 08:45:00,1774687500000,3.389,3.389,3.378,3.379,8090.4
2026-03-28 09:00:00,1774688400000,3.379,3.38,3.374,3.376,9490.5
2026-03-28 09:15:00,1774689300000,3.376,3.382,3.373,3.38,6602.0
2026-03-28 09:30:00,1774690200000,3.38,3.38,3.373,3.375,4612.2
2026-03-28 09:45:00,1774691100000,3.375,3.378,3.374,3.378,2242.1
2026-03-28 10:00:00,1774692000000,3.378,3.393,3.376,3.381,9514.7
2026-03-28 10:15:00,1774692900000,3.381,3.382,3.367,3.368,4109.7
2026-03-28 10:30:00,1774693800000,3.368,3.373,3.366,3.37,13992.1
2026-03-28 10:45:00,1774694700000,3.37,3.378,3.37,3.378,6624.8
2026-03-28 11:00:00,1774695600000,3.378,3.38,3.375,3.377,5305.5
2026-03-28 11:15:00,1774696500000,3.377,3.379,3.374,3.378,11057.6
2026-03-28 11:30:00,1774697400000,3.378,3.385,3.378,3.384,5091.5
2026-03-28 11:45:00,1774698300000,3.384,3.389,3.382,3.386,6575.3
2026-03-28 12:00:00,1774699200000,3.386,3.387,3.378,3.387,4119.9
2026-03-28 12:15:00,1774700100000,3.387,3.394,3.383,3.383,7861.1
2026-03-28 12:30:00,1774701000000,3.383,3.384,3.367,3.37,13151.2
2026-03-28 12:45:00,1774701900000,3.37,3.376,3.369,3.369,10323.1
2026-03-28 13:00:00,1774702800000,3.369,3.375,3.366,3.374,15447.0
2026-03-28 13:15:00,1774703700000,3.374,3.38,3.372,3.378,16682.9
2026-03-28 13:30:00,1774704600000,3.378,3.428,3.378,3.412,138596.9
2026-03-28 13:45:00,1774705500000,3.412,3.419,3.4,3.407,23174.5
2026-03-28 14:00:00,1774706400000,3.407,3.409,3.396,3.396,16354.7
2026-03-28 14:15:00,1774707300000,3.396,3.398,3.389,3.395,33054.0
2026-03-28 14:30:00,1774708200000,3.395,3.412,3.393,3.408,18940.5
2026-03-28 14:45:00,1774709100000,3.408,3.412,3.393,3.398,38102.6
2026-03-28 15:00:00,1774710000000,3.398,3.403,3.393,3.4,7795.9
2026-03-28 15:15:00,1774710900000,3.4,3.429,3.4,3.412,96006.5
2026-03-28 15:30:00,1774711800000,3.412,3.419,3.408,3.415,19358.5
2026-03-28 15:45:00,1774712700000,3.415,3.416,3.408,3.414,6527.0
2026-03-28 16:00:00,1774713600000,3.414,3.419,3.414,3.418,14602.8
2026-03-28 16:15:00,1774714500000,3.418,3.428,3.417,3.423,23418.0
2026-03-28 16:30:00,1774715400000,3.423,3.426,3.416,3.418,25453.9
2026-03-28 16:45:00,1774716300000,3.418,3.422,3.416,3.422,6880.4
2026-03-28 17:00:00,1774717200000,3.422,3.428,3.417,3.418,5740.3
2026-03-28 17:15:00,1774718100000,3.418,3.418,3.41,3.414,16095.8
2026-03-28 17:30:00,1774719000000,3.414,3.425,3.407,3.42,26769.5
2026-03-28 17:45:00,1774719900000,3.42,3.427,3.418,3.425,13243.9
2026-03-28 18:00:00,1774720800000,3.425,3.437,3.423,3.437,26378.4
2026-03-28 18:15:00,1774721700000,3.437,3.438,3.429,3.431,5554.5
2026-03-28 18:30:00,1774722600000,3.431,3.433,3.426,3.431,12714.7
2026-03-28 18:45:00,1774723500000,3.431,3.433,3.425,3.431,7215.1
2026-03-28 19:00:00,1774724400000,3.431,3.437,3.426,3.428,8194.8
2026-03-28 19:15:00,1774725300000,3.428,3.432,3.426,3.431,3971.8
2026-03-28 19:30:00,1774726200000,3.431,3.435,3.431,3.433,4058.8
2026-03-28 19:45:00,1774727100000,3.433,3.436,3.431,3.436,2499.0
2026-03-28 20:00:00,1774728000000,3.436,3.448,3.436,3.445,26821.8
2026-03-28 20:15:00,1774728900000,3.445,3.449,3.44,3.441,14990.9
2026-03-28 20:30:00,1774729800000,3.441,3.443,3.429,3.431,38934.0
2026-03-28 20:45:00,1774730700000,3.431,3.433,3.429,3.431,4158.6
2026-03-28 21:00:00,1774731600000,3.431,3.431,3.42,3.426,14828.8
2026-03-28 21:15:00,1774732500000,3.426,3.427,3.422,3.426,2766.2
2026-03-28 21:30:00,1774733400000,3.426,3.428,3.422,3.426,3732.9
2026-03-28 21:45:00,1774734300000,3.426,3.427,3.406,3.412,28172.5
2026-03-28 22:00:00,1774735200000,3.412,3.415,3.406,3.407,14542.9
2026-03-28 22:15:00,1774736100000,3.407,3.416,3.405,3.414,8143.5
2026-03-28 22:30:00,1774737000000,3.414,3.416,3.412,3.414,3135.7
2026-03-28 22:45:00,1774737900000,3.414,3.42,3.413,3.42,8156.3
2026-03-28 23:00:00,1774738800000,3.42,3.42,3.377,3.396,105829.3
2026-03-28 23:15:00,1774739700000,3.396,3.396,3.381,3.389,37506.1
2026-03-28 23:30:00,1774740600000,3.389,3.395,3.363,3.373,89505.5
2026-03-28 23:45:00,1774741500000,3.373,3.383,3.372,3.38,34384.3
2026-03-29 00:00:00,1774742400000,3.38,3.389,3.377,3.379,27928.8
2026-03-29 00:15:00,1774743300000,3.379,3.381,3.363,3.369,54303.0
2026-03-29 00:30:00,1774744200000,3.369,3.375,3.367,3.371,18005.4
2026-03-29 00:45:00,1774745100000,3.371,3.375,3.368,3.374,13577.1
2026-03-29 01:00:00,1774746000000,3.374,3.389,3.374,3.382,37323.7
2026-03-29 01:15:00,1774746900000,3.382,3.388,3.38,3.384,7932.2
2026-03-29 01:30:00,1774747800000,3.384,3.386,3.377,3.383,5515.6
2026-03-29 01:45:00,1774748700000,3.383,3.386,3.376,3.383,11466.1
2026-03-29 02:00:00,1774749600000,3.383,3.387,3.38,3.386,7441.2
2026-03-29 02:15:00,1774750500000,3.386,3.387,3.382,3.387,5584.3
2026-03-29 02:30:00,1774751400000,3.387,3.394,3.382,3.392,5018.5
2026-03-29 02:45:00,1774752300000,3.392,3.396,3.39,3.392,6225.0
2026-03-29 03:00:00,1774753200000,3.392,3.395,3.391,3.391,2768.7
2026-03-29 03:15:00,1774754100000,3.391,3.414,3.391,3.404,36967.2
2026-03-29 03:30:00,1774755000000,3.404,3.406,3.401,3.402,15833.8
2026-03-29 03:45:00,1774755900000,3.402,3.407,3.399,3.406,14195.1
2026-03-29 04:00:00,1774756800000,3.406,3.407,3.403,3.406,14627.7
2026-03-29 04:15:00,1774757700000,3.406,3.406,3.396,3.399,8848.0
2026-03-29 04:30:00,1774758600000,3.399,3.4,3.39,3.393,14505.6
2026-03-29 04:45:00,1774759500000,3.393,3.394,3.391,3.393,14735.8
2026-03-29 05:00:00,1774760400000,3.393,3.394,3.383,3.385,10367.6
2026-03-29 05:15:00,1774761300000,3.385,3.393,3.379,3.39,13256.5
2026-03-29 05:30:00,1774762200000,3.39,3.392,3.387,3.387,6660.2
2026-03-29 05:45:00,1774763100000,3.387,3.396,3.385,3.391,17123.4
2026-03-29 06:00:00,1774764000000,3.391,3.398,3.39,3.398,5575.8
2026-03-29 06:15:00,1774764900000,3.398,3.399,3.387,3.388,4790.4
2026-03-29 06:30:00,1774765800000,3.388,3.391,3.387,3.39,1665.4
2026-03-29 06:45:00,1774766700000,3.39,3.4,3.39,3.398,17148.2
2026-03-29 07:00:00,1774767600000,3.398,3.398,3.386,3.393,55310.9
2026-03-29 07:15:00,1774768500000,3.393,3.398,3.391,3.397,10843.8
2026-03-29 07:30:00,1774769400000,3.397,3.399,3.393,3.395,3178.5
2026-03-29 07:45:00,1774770300000,3.395,3.401,3.392,3.392,16477.8
2026-03-29 08:00:00,1774771200000,3.392,3.393,3.383,3.386,17368.4
2026-03-29 08:15:00,1774772100000,3.386,3.393,3.385,3.391,8826.1
2026-03-29 08:30:00,1774773000000,3.391,3.397,3.391,3.394,7800.1
2026-03-29 08:45:00,1774773900000,3.394,3.395,3.389,3.391,2578.2
2026-03-29 09:00:00,1774774800000,3.391,3.395,3.386,3.395,7465.8
2026-03-29 09:15:00,1774775700000,3.395,3.397,3.389,3.392,4399.4
2026-03-29 09:30:00,1774776600000,3.392,3.392,3.375,3.378,81704.7
2026-03-29 09:45:00,1774777500000,3.378,3.38,3.376,3.378,13099.5
2026-03-29 10:00:00,1774778400000,3.378,3.378,3.367,3.369,26824.3
2026-03-29 10:15:00,1774779300000,3.369,3.369,3.358,3.358,32966.4
2026-03-29 10:30:00,1774780200000,3.358,3.361,3.353,3.36,13578.4
2026-03-29 10:45:00,1774781100000,3.36,3.366,3.36,3.365,24203.5
2026-03-29 11:00:00,1774782000000,3.365,3.384,3.363,3.376,28125.8
2026-03-29 11:15:00,1774782900000,3.376,3.376,3.37,3.374,7563.5
2026-03-29 11:30:00,1774783800000,3.374,3.382,3.372,3.381,10764.8
2026-03-29 11:45:00,1774784700000,3.381,3.385,3.376,3.378,10470.0
2026-03-29 12:00:00,1774785600000,3.378,3.378,3.373,3.373,6276.8
2026-03-29 12:15:00,1774786500000,3.373,3.373,3.368,3.37,4203.5
2026-03-29 12:30:00,1774787400000,3.37,3.372,3.363,3.363,7210.8
2026-03-29 12:45:00,1774788300000,3.363,3.373,3.359,3.371,8358.9
2026-03-29 13:00:00,1774789200000,3.371,3.374,3.336,3.347,113664.1
2026-03-29 13:15:00,1774790100000,3.347,3.36,3.342,3.359,25869.4
2026-03-29 13:30:00,1774791000000,3.359,3.366,3.359,3.361,7483.3
2026-03-29 13:45:00,1774791900000,3.361,3.362,3.348,3.35,25131.9
2026-03-29 14:00:00,1774792800000,3.35,3.376,3.347,3.367,62257.5
2026-03-29 14:15:00,1774793700000,3.367,3.368,3.359,3.362,6008.6
2026-03-29 14:30:00,1774794600000,3.362,3.369,3.358,3.36,15143.5
2026-03-29 14:45:00,1774795500000,3.36,3.361,3.353,3.359,38848.3
2026-03-29 15:00:00,1774796400000,3.359,3.368,3.355,3.361,39137.0
2026-03-29 15:15:00,1774797300000,3.361,3.367,3.348,3.354,16971.7
2026-03-29 15:30:00,1774798200000,3.354,3.355,3.348,3.351,6435.8
2026-03-29 15:45:00,1774799100000,3.351,3.357,3.349,3.355,5740.9
2026-03-29 16:00:00,1774800000000,3.355,3.358,3.354,3.355,2891.1
2026-03-29 16:15:00,1774800900000,3.355,3.371,3.353,3.368,25265.7
2026-03-29 16:30:00,1774801800000,3.368,3.368,3.361,3.361,5712.8
2026-03-29 16:45:00,1774802700000,3.361,3.362,3.358,3.359,5147.0
2026-03-29 17:00:00,1774803600000,3.359,3.365,3.355,3.355,3886.8
2026-03-29 17:15:00,1774804500000,3.355,3.355,3.34,3.345,30763.1
2026-03-29 17:30:00,1774805400000,3.345,3.359,3.341,3.358,12010.1
2026-03-29 17:45:00,1774806300000,3.358,3.359,3.354,3.354,5263.4
2026-03-29 18:00:00,1774807200000,3.354,3.354,3.345,3.352,10647.8
2026-03-29 18:15:00,1774808100000,3.352,3.356,3.345,3.35,7596.2
2026-03-29 18:30:00,1774809000000,3.35,3.367,3.35,3.362,13872.9
2026-03-29 18:45:00,1774809900000,3.362,3.362,3.356,3.356,11088.0
2026-03-29 19:00:00,1774810800000,3.356,3.356,3.351,3.355,5174.3
2026-03-29 19:15:00,1774811700000,3.355,3.364,3.355,3.357,8663.5
2026-03-29 19:30:00,1774812600000,3.357,3.359,3.351,3.353,4707.2
2026-03-29 19:45:00,1774813500000,3.353,3.357,3.351,3.353,13594.9
2026-03-29 20:00:00,1774814400000,3.353,3.365,3.351,3.362,9346.1
2026-03-29 20:15:00,1774815300000,3.362,3.387,3.361,3.383,51643.5
2026-03-29 20:30:00,1774816200000,3.383,3.39,3.382,3.387,33865.6
2026-03-29 20:45:00,1774817100000,3.387,3.41,3.384,3.402,143954.9
2026-03-29 21:00:00,1774818000000,3.402,3.427,3.36,3.372,321905.0
2026-03-29 21:15:00,1774818900000,3.372,3.382,3.372,3.381,15274.7
2026-03-29 21:30:00,1774819800000,3.381,3.39,3.376,3.38,42440.0
2026-03-29 21:45:00,1774820700000,3.38,3.395,3.379,3.391,11204.1
2026-03-29 22:00:00,1774821600000,3.391,3.392,3.364,3.371,18874.1
2026-03-29 22:15:00,1774822500000,3.371,3.382,3.371,3.375,7664.2
2026-03-29 22:30:00,1774823400000,3.375,3.38,3.313,3.328,178522.3
2026-03-29 22:45:00,1774824300000,3.328,3.345,3.244,3.338,529314.1
2026-03-29 23:00:00,1774825200000,3.338,3.364,3.334,3.354,108202.2
2026-03-29 23:15:00,1774826100000,3.354,3.369,3.348,3.349,58411.2
2026-03-29 23:30:00,1774827000000,3.349,3.356,3.343,3.351,27330.6
2026-03-29 23:45:00,1774827900000,3.351,3.364,3.339,3.352,41582.6
2026-03-30 00:00:00,1774828800000,3.352,3.364,3.351,3.359,26214.1
2026-03-30 00:15:00,1774829700000,3.359,3.424,3.354,3.4,277175.2
2026-03-30 00:30:00,1774830600000,3.4,3.411,3.377,3.382,34455.0
2026-03-30 00:45:00,1774831500000,3.382,3.387,3.364,3.379,34359.2
2026-03-30 01:00:00,1774832400000,3.379,3.4,3.378,3.387,38846.9
2026-03-30 01:15:00,1774833300000,3.387,3.395,3.38,3.391,47665.6
2026-03-30 01:30:00,1774834200000,3.391,3.402,3.387,3.393,35403.8
2026-03-30 01:45:00,1774835100000,3.393,3.405,3.391,3.396,19937.4
2026-03-30 02:00:00,1774836000000,3.396,3.416,3.394,3.415,34481.0
2026-03-30 02:15:00,1774836900000,3.415,3.418,3.4,3.404,24141.4
2026-03-30 02:30:00,1774837800000,3.404,3.417,3.395,3.417,24157.2
2026-03-30 02:45:00,1774838700000,3.417,3.449,3.415,3.424,132142.3
2026-03-30 03:00:00,1774839600000,3.424,3.428,3.419,3.421,13852.0
2026-03-30 03:15:00,1774840500000,3.421,3.436,3.42,3.435,13050.9
2026-03-30 03:30:00,1774841400000,3.435,3.441,3.432,3.439,25682.0
2026-03-30 03:45:00,1774842300000,3.439,3.458,3.438,3.448,28949.1
2026-03-30 04:00:00,1774843200000,3.448,3.471,3.448,3.468,39399.0
2026-03-30 04:15:00,1774844100000,3.468,3.485,3.462,3.474,40055.1
2026-03-30 04:30:00,1774845000000,3.474,3.482,3.466,3.469,10652.5
2026-03-30 04:45:00,1774845900000,3.469,3.484,3.469,3.478,10465.6
2026-03-30 05:00:00,1774846800000,3.478,3.498,3.478,3.494,47620.0
2026-03-30 05:15:00,1774847700000,3.494,3.498,3.488,3.489,27552.1
2026-03-30 05:30:00,1774848600000,3.489,3.492,3.472,3.477,18419.1
2026-03-30 05:45:00,1774849500000,3.477,3.48,3.469,3.475,54635.1
2026-03-30 06:00:00,1774850400000,3.475,3.485,3.47,3.472,19286.6
2026-03-30 06:15:00,1774851300000,3.472,3.472,3.46,3.465,35327.3
2026-03-30 06:30:00,1774852200000,3.465,3.467,3.459,3.466,22756.8
2026-03-30 06:45:00,1774853100000,3.466,3.47,3.461,3.463,16482.6
2026-03-30 07:00:00,1774854000000,3.463,3.484,3.46,3.481,31834.6
2026-03-30 07:15:00,1774854900000,3.481,3.486,3.477,3.477,10862.5
2026-03-30 07:30:00,1774855800000,3.477,3.48,3.468,3.478,7716.6
2026-03-30 07:45:00,1774856700000,3.478,3.535,3.477,3.534,160214.3
2026-03-30 08:00:00,1774857600000,3.534,3.549,3.526,3.545,89863.3
2026-03-30 08:15:00,1774858500000,3.545,3.564,3.543,3.55,87543.9
2026-03-30 08:30:00,1774859400000,3.55,3.57,3.549,3.567,70448.6
2026-03-30 08:45:00,1774860300000,3.567,3.576,3.549,3.549,78908.5
2026-03-30 09:00:00,1774861200000,3.549,3.55,3.533,3.533,28998.3
2026-03-30 09:15:00,1774862100000,3.533,3.536,3.513,3.516,114584.8
2026-03-30 09:30:00,1774863000000,3.516,3.519,3.51,3.518,30893.2
2026-03-30 09:45:00,1774863900000,3.518,3.52,3.506,3.509,43935.2
2026-03-30 10:00:00,1774864800000,3.509,3.509,3.501,3.504,30434.0
2026-03-30 10:15:00,1774865700000,3.504,3.506,3.5,3.504,8377.6
2026-03-30 10:30:00,1774866600000,3.504,3.506,3.497,3.501,8140.4
2026-03-30 10:45:00,1774867500000,3.501,3.517,3.499,3.509,47496.1
2026-03-30 11:00:00,1774868400000,3.509,3.512,3.505,3.51,19602.7
2026-03-30 11:15:00,1774869300000,3.51,3.546,3.507,3.513,233871.0
2026-03-30 11:30:00,1774870200000,3.513,3.523,3.51,3.519,43835.5
2026-03-30 11:45:00,1774871100000,3.519,3.53,3.518,3.525,14015.5
2026-03-30 12:00:00,1774872000000,3.525,3.536,3.524,3.528,28247.3
2026-03-30 12:15:00,1774872900000,3.528,3.53,3.516,3.52,18520.6
2026-03-30 12:30:00,1774873800000,3.52,3.535,3.52,3.526,12918.2
2026-03-30 12:45:00,1774874700000,3.526,3.531,3.524,3.528,4475.2
2026-03-30 13:00:00,1774875600000,3.528,3.566,3.525,3.553,644360.0
2026-03-30 13:15:00,1774876500000,3.553,3.567,3.547,3.551,30448.9
2026-03-30 13:30:00,1774877400000,3.551,3.561,3.54,3.546,60063.7
2026-03-30 13:45:00,1774878300000,3.546,3.553,3.532,3.536,74371.1
2026-03-30 14:00:00,1774879200000,3.536,3.541,3.52,3.531,64801.2
2026-03-30 14:15:00,1774880100000,3.531,3.536,3.51,3.515,55697.0
2026-03-30 14:30:00,1774881000000,3.515,3.522,3.495,3.505,65383.1
2026-03-30 14:45:00,1774881900000,3.505,3.54,3.502,3.535,47032.5
2026-03-30 15:00:00,1774882800000,3.535,3.546,3.521,3.527,45844.8
2026-03-30 15:15:00,1774883700000,3.527,3.527,3.518,3.521,16666.9
2026-03-30 15:30:00,1774884600000,3.521,3.537,3.519,3.536,22867.7
2026-03-30 15:45:00,1774885500000,3.536,3.537,3.522,3.524,15168.5
2026-03-30 16:00:00,1774886400000,3.524,3.541,3.524,3.537,40773.9
2026-03-30 16:15:00,1774887300000,3.537,3.537,3.517,3.517,17756.2
2026-03-30 16:30:00,1774888200000,3.517,3.519,3.511,3.514,30563.3
2026-03-30 16:45:00,1774889100000,3.514,3.52,3.502,3.518,53526.6
2026-03-30 17:00:00,1774890000000,3.518,3.523,3.503,3.506,25897.9
2026-03-30 17:15:00,1774890900000,3.506,3.507,3.472,3.482,60480.0
2026-03-30 17:30:00,1774891800000,3.482,3.492,3.473,3.491,20476.9
2026-03-30 17:45:00,1774892700000,3.491,3.498,3.483,3.491,14634.1
2026-03-30 18:00:00,1774893600000,3.491,3.493,3.473,3.482,14907.0
2026-03-30 18:15:00,1774894500000,3.482,3.484,3.47,3.475,37506.4
2026-03-30 18:30:00,1774895400000,3.475,3.483,3.471,3.478,25670.9
2026-03-30 18:45:00,1774896300000,3.478,3.483,3.466,3.475,33547.8
2026-03-30 19:00:00,1774897200000,3.475,3.475,3.452,3.462,41086.9
2026-03-30 19:15:00,1774898100000,3.462,3.465,3.448,3.453,24342.1
2026-03-30 19:30:00,1774899000000,3.453,3.458,3.449,3.454,14441.4
2026-03-30 19:45:00,1774899900000,3.454,3.475,3.454,3.472,24131.6
2026-03-30 20:00:00,1774900800000,3.472,3.479,3.47,3.477,16972.6
2026-03-30 20:15:00,1774901700000,3.477,3.479,3.469,3.469,10106.7
2026-03-30 20:30:00,1774902600000,3.469,3.47,3.461,3.465,16003.0
2026-03-30 20:45:00,1774903500000,3.465,3.472,3.462,3.469,12496.4
2026-03-30 21:00:00,1774904400000,3.469,3.498,3.467,3.494,45239.7
2026-03-30 21:15:00,1774905300000,3.494,3.511,3.493,3.497,28019.0
2026-03-30 21:30:00,1774906200000,3.497,3.506,3.495,3.497,10445.6
2026-03-30 21:45:00,1774907100000,3.497,3.499,3.488,3.488,5236.8
2026-03-30 22:00:00,1774908000000,3.488,3.498,3.478,3.485,16297.4
2026-03-30 22:15:00,1774908900000,3.485,3.486,3.48,3.484,13732.6
2026-03-30 22:30:00,1774909800000,3.484,3.488,3.478,3.488,7742.2
2026-03-30 22:45:00,1774910700000,3.488,3.491,3.479,3.489,10230.0
2026-03-30 23:00:00,1774911600000,3.489,3.489,3.457,3.468,41111.3
2026-03-30 23:15:00,1774912500000,3.468,3.475,3.467,3.472,6067.9
2026-03-30 23:30:00,1774913400000,3.472,3.48,3.47,3.477,6504.5
2026-03-30 23:45:00,1774914300000,3.477,3.477,3.472,3.477,3751.6
2026-03-31 00:00:00,1774915200000,3.477,3.48,3.466,3.472,16243.2
2026-03-31 00:15:00,1774916100000,3.472,3.475,3.46,3.473,74016.3
2026-03-31 00:30:00,1774917000000,3.473,3.487,3.47,3.487,16824.8
2026-03-31 00:45:00,1774917900000,3.487,3.503,3.484,3.49,34968.2
2026-03-31 01:00:00,1774918800000,3.49,3.506,3.486,3.505,21690.5
2026-03-31 01:15:00,1774919700000,3.505,3.542,3.505,3.539,110656.6
2026-03-31 01:30:00,1774920600000,3.539,3.569,3.531,3.534,143995.7
2026-03-31 01:45:00,1774921500000,3.534,3.553,3.529,3.55,15542.3
2026-03-31 02:00:00,1774922400000,3.55,3.558,3.544,3.555,30822.1
2026-03-31 02:15:00,1774923300000,3.555,3.566,3.553,3.563,15351.0
2026-03-31 02:30:00,1774924200000,3.563,3.566,3.552,3.558,16616.5
2026-03-31 02:45:00,1774925100000,3.558,3.563,3.55,3.56,17310.8
2026-03-31 03:00:00,1774926000000,3.56,3.56,3.538,3.541,38026.4
2026-03-31 03:15:00,1774926900000,3.541,3.545,3.533,3.54,24978.7
2026-03-31 03:30:00,1774927800000,3.54,3.541,3.522,3.529,25028.6
2026-03-31 03:45:00,1774928700000,3.529,3.534,3.526,3.532,21356.7
2026-03-31 04:00:00,1774929600000,3.532,3.537,3.519,3.526,31746.4
2026-03-31 04:15:00,1774930500000,3.526,3.536,3.512,3.515,35891.8
2026-03-31 04:30:00,1774931400000,3.515,3.522,3.512,3.517,10387.3
2026-03-31 04:45:00,1774932300000,3.517,3.521,3.51,3.514,9821.5
2026-03-31 05:00:00,1774933200000,3.514,3.515,3.502,3.505,12262.0
2026-03-31 05:15:00,1774934100000,3.505,3.518,3.504,3.517,14112.4
2026-03-31 05:30:00,1774935000000,3.517,3.521,3.511,3.512,28843.2
2026-03-31 05:45:00,1774935900000,3.512,3.524,3.51,3.519,34217.5
2026-03-31 06:00:00,1774936800000,3.519,3.521,3.508,3.509,16801.2
2026-03-31 06:15:00,1774937700000,3.509,3.513,3.5,3.504,13335.6
2026-03-31 06:30:00,1774938600000,3.504,3.506,3.498,3.506,15260.6
2026-03-31 06:45:00,1774939500000,3.506,3.516,3.506,3.516,8409.3
2026-03-31 07:00:00,1774940400000,3.516,3.519,3.499,3.502,12343.8
2026-03-31 07:15:00,1774941300000,3.502,3.507,3.492,3.502,18282.7
2026-03-31 07:30:00,1774942200000,3.502,3.511,3.502,3.509,16923.2
2026-03-31 07:45:00,1774943100000,3.509,3.516,3.506,3.509,8199.2
2026-03-31 08:00:00,1774944000000,3.509,3.511,3.499,3.503,11125.8
2026-03-31 08:15:00,1774944900000,3.503,3.511,3.5,3.502,3931.1
2026-03-31 08:30:00,1774945800000,3.502,3.503,3.474,3.477,37007.0
2026-03-31 08:45:00,1774946700000,3.477,3.486,3.465,3.479,48362.2
2026-03-31 09:00:00,1774947600000,3.479,3.493,3.478,3.489,18361.5
2026-03-31 09:15:00,1774948500000,3.489,3.489,3.467,3.474,31582.1
2026-03-31 09:30:00,1774949400000,3.474,3.483,3.472,3.483,18853.6
2026-03-31 09:45:00,1774950300000,3.483,3.484,3.451,3.462,92015.5
2026-03-31 10:00:00,1774951200000,3.462,3.475,3.456,3.472,15770.3
2026-03-31 10:15:00,1774952100000,3.472,3.477,3.468,3.471,5416.4
2026-03-31 10:30:00,1774953000000,3.471,3.472,3.447,3.453,89626.0
2026-03-31 10:45:00,1774953900000,3.453,3.462,3.45,3.455,13483.9
2026-03-31 11:00:00,1774954800000,3.455,3.476,3.449,3.469,115022.3
2026-03-31 11:15:00,1774955700000,3.469,3.492,3.466,3.476,85247.0
2026-03-31 11:30:00,1774956600000,3.476,3.483,3.472,3.481,25701.2
2026-03-31 11:45:00,1774957500000,3.481,3.482,3.472,3.482,6893.6
2026-03-31 12:00:00,1774958400000,3.482,3.491,3.471,3.472,41839.4
2026-03-31 12:15:00,1774959300000,3.472,3.489,3.471,3.488,54717.8
2026-03-31 12:30:00,1774960200000,3.488,3.493,3.485,3.49,20682.8
2026-03-31 12:45:00,1774961100000,3.49,3.492,3.476,3.482,18769.1
2026-03-31 13:00:00,1774962000000,3.482,3.505,3.482,3.494,27562.7
2026-03-31 13:15:00,1774962900000,3.494,3.5,3.491,3.494,23028.0
2026-03-31 13:30:00,1774963800000,3.494,3.516,3.493,3.503,53778.5
2026-03-31 13:45:00,1774964700000,3.503,3.529,3.503,3.517,62076.0
2026-03-31 14:00:00,1774965600000,3.517,3.534,3.51,3.527,51376.3
2026-03-31 14:15:00,1774966500000,3.527,3.552,3.526,3.542,127595.7
2026-03-31 14:30:00,1774967400000,3.542,3.545,3.512,3.521,15943.3
2026-03-31 14:45:00,1774968300000,3.521,3.521,3.479,3.494,83205.2
2026-03-31 15:00:00,1774969200000,3.494,3.546,3.494,3.545,55301.1
2026-03-31 15:15:00,1774970100000,3.545,3.554,3.528,3.533,63243.0
2026-03-31 15:30:00,1774971000000,3.533,3.537,3.52,3.524,30966.4
2026-03-31 15:45:00,1774971900000,3.524,3.531,3.51,3.511,17009.7
2026-03-31 16:00:00,1774972800000,3.511,3.537,3.51,3.534,23987.1
2026-03-31 16:15:00,1774973700000,3.534,3.54,3.504,3.504,61592.5
2026-03-31 16:30:00,1774974600000,3.504,3.559,3.493,3.539,164148.0
2026-03-31 16:45:00,1774975500000,3.539,3.547,3.528,3.542,86471.1
2026-03-31 17:00:00,1774976400000,3.542,3.572,3.526,3.569,114619.5
2026-03-31 17:15:00,1774977300000,3.569,3.59,3.561,3.572,124662.1
2026-03-31 17:30:00,1774978200000,3.572,3.581,3.534,3.545,91003.4
2026-03-31 17:45:00,1774979100000,3.545,3.554,3.537,3.542,26050.7
2026-03-31 18:00:00,1774980000000,3.542,3.559,3.542,3.558,18983.2
2026-03-31 18:15:00,1774980900000,3.558,3.568,3.542,3.55,17730.1
2026-03-31 18:30:00,1774981800000,3.55,3.552,3.542,3.546,5243.9
2026-03-31 18:45:00,1774982700000,3.546,3.553,3.546,3.55,7476.7
2026-03-31 19:00:00,1774983600000,3.55,3.555,3.546,3.55,11119.7
2026-03-31 19:15:00,1774984500000,3.55,3.553,3.534,3.535,13381.6
2026-03-31 19:30:00,1774985400000,3.535,3.539,3.525,3.539,20307.8
2026-03-31 19:45:00,1774986300000,3.539,3.548,3.53,3.533,66665.1
2026-03-31 20:00:00,1774987200000,3.533,3.547,3.531,3.544,8232.4
2026-03-31 20:15:00,1774988100000,3.544,3.546,3.535,3.544,21082.3
2026-03-31 20:30:00,1774989000000,3.544,3.553,3.54,3.553,8033.7
2026-03-31 20:45:00,1774989900000,3.553,3.563,3.552,3.557,17004.0
2026-03-31 21:00:00,1774990800000,3.557,3.561,3.537,3.542,56327.9
2026-03-31 21:15:00,1774991700000,3.542,3.555,3.54,3.549,12072.4
2026-03-31 21:30:00,1774992600000,3.549,3.553,3.542,3.543,2970.7
2026-03-31 21:45:00,1774993500000,3.543,3.556,3.54,3.541,7463.3
2026-03-31 22:00:00,1774994400000,3.541,3.546,3.532,3.537,10786.6
2026-03-31 22:15:00,1774995300000,3.537,3.543,3.529,3.529,16134.4
2026-03-31 22:30:00,1774996200000,3.529,3.54,3.519,3.536,11038.4
2026-03-31 22:45:00,1774997100000,3.536,3.536,3.528,3.529,10408.9
2026-03-31 23:00:00,1774998000000,3.529,3.54,3.525,3.537,9249.4
2026-03-31 23:15:00,1774998900000,3.537,3.548,3.533,3.546,7065.4
2026-03-31 23:30:00,1774999800000,3.546,3.547,3.53,3.538,47646.6
2026-03-31 23:45:00,1775000700000,3.538,3.544,3.532,3.541,6045.8
2026-04-01 00:00:00,1775001600000,3.541,3.542,3.532,3.537,18375.7
2026-04-01 00:15:00,1775002500000,3.537,3.548,3.537,3.546,28390.6
2026-04-01 00:30:00,1775003400000,3.546,3.549,3.533,3.543,33932.9
2026-04-01 00:45:00,1775004300000,3.543,3.565,3.54,3.562,37027.2
2026-04-01 01:00:00,1775005200000,3.562,3.565,3.552,3.562,25620.9
2026-04-01 01:15:00,1775006100000,3.562,3.563,3.543,3.543,12233.5
2026-04-01 01:30:00,1775007000000,3.543,3.549,3.534,3.548,23580.0
2026-04-01 01:45:00,1775007900000,3.548,3.55,3.543,3.543,24071.7
2026-04-01 02:00:00,1775008800000,3.543,3.55,3.539,3.548,20914.1
2026-04-01 02:15:00,1775009700000,3.548,3.55,3.532,3.538,21179.7
2026-04-01 02:30:00,1775010600000,3.538,3.547,3.534,3.545,7819.6
2026-04-01 02:45:00,1775011500000,3.545,3.549,3.544,3.546,11816.2
2026-04-01 03:00:00,1775012400000,3.546,3.577,3.546,3.568,26263.3
2026-04-01 03:15:00,1775013300000,3.568,3.568,3.555,3.557,4313.7
2026-04-01 03:30:00,1775014200000,3.557,3.565,3.551,3.564,10447.0
2026-04-01 03:45:00,1775015100000,3.564,3.579,3.561,3.565,20178.9
2026-04-01 04:00:00,1775016000000,3.565,3.569,3.557,3.56,17795.1
2026-04-01 04:15:00,1775016900000,3.56,3.575,3.558,3.572,14084.6
2026-04-01 04:30:00,1775017800000,3.572,3.585,3.571,3.582,33298.1
2026-04-01 04:45:00,1775018700000,3.582,3.59,3.578,3.581,20493.4
2026-04-01 05:00:00,1775019600000,3.581,3.584,3.565,3.583,23727.5
2026-04-01 05:15:00,1775020500000,3.583,3.605,3.578,3.591,90514.4
2026-04-01 05:30:00,1775021400000,3.591,3.601,3.584,3.597,21071.3
2026-04-01 05:45:00,1775022300000,3.597,3.603,3.593,3.597,25326.6
2026-04-01 06:00:00,1775023200000,3.597,3.622,3.59,3.62,49057.3
2026-04-01 06:15:00,1775024100000,3.62,3.626,3.614,3.623,19715.5
2026-04-01 06:30:00,1775025000000,3.623,3.644,3.622,3.641,77090.1
2026-04-01 06:45:00,1775025900000,3.641,3.649,3.628,3.646,61847.1
2026-04-01 07:00:00,1775026800000,3.646,3.669,3.646,3.656,45707.4
2026-04-01 07:15:00,1775027700000,3.656,3.657,3.629,3.638,46651.5
2026-04-01 07:30:00,1775028600000,3.638,3.646,3.631,3.634,41917.5
2026-04-01 07:45:00,1775029500000,3.634,3.638,3.617,3.624,37254.0
2026-04-01 08:00:00,1775030400000,3.624,3.629,3.614,3.618,32773.4
2026-04-01 08:15:00,1775031300000,3.618,3.619,3.611,3.617,19216.6
2026-04-01 08:30:00,1775032200000,3.617,3.632,3.613,3.627,11951.3
2026-04-01 08:45:00,1775033100000,3.627,3.628,3.597,3.602,62550.4
2026-04-01 09:00:00,1775034000000,3.602,3.604,3.579,3.586,25583.4
2026-04-01 09:15:00,1775034900000,3.586,3.589,3.576,3.586,22519.2
2026-04-01 09:30:00,1775035800000,3.586,3.593,3.578,3.58,16096.3
2026-04-01 09:45:00,1775036700000,3.58,3.593,3.58,3.588,6658.8
2026-04-01 10:00:00,1775037600000,3.588,3.592,3.585,3.586,17401.8
2026-04-01 10:15:00,1775038500000,3.586,3.602,3.583,3.594,30992.4
2026-04-01 10:30:00,1775039400000,3.594,3.596,3.582,3.591,13078.1
2026-04-01 10:45:00,1775040300000,3.591,3.599,3.583,3.593,16608.7
2026-04-01 11:00:00,1775041200000,3.593,3.594,3.586,3.591,10725.9
2026-04-01 11:15:00,1775042100000,3.591,3.595,3.585,3.591,15773.6
2026-04-01 11:30:00,1775043000000,3.591,3.598,3.59,3.596,7750.1
2026-04-01 11:45:00,1775043900000,3.596,3.604,3.596,3.599,5340.4
2026-04-01 12:00:00,1775044800000,3.599,3.609,3.597,3.605,13672.7
2026-04-01 12:15:00,1775045700000,3.605,3.61,3.603,3.608,10912.1
2026-04-01 12:30:00,1775046600000,3.608,3.632,3.591,3.626,88516.7
2026-04-01 12:45:00,1775047500000,3.626,3.629,3.6,3.602,112290.1
2026-04-01 13:00:00,1775048400000,3.602,3.603,3.581,3.596,33569.4
2026-04-01 13:15:00,1775049300000,3.596,3.609,3.596,3.606,15455.0
2026-04-01 13:30:00,1775050200000,3.606,3.609,3.571,3.584,82516.0
2026-04-01 13:45:00,1775051100000,3.584,3.606,3.573,3.598,171389.0
2026-04-01 14:00:00,1775052000000,3.598,3.607,3.588,3.607,49448.2
2026-04-01 14:15:00,1775052900000,3.607,3.616,3.6,3.612,25813.6
2026-04-01 14:30:00,1775053800000,3.612,3.622,3.598,3.609,33421.6
2026-04-01 14:45:00,1775054700000,3.609,3.616,3.607,3.613,29880.9
2026-04-01 15:00:00,1775055600000,3.613,3.615,3.598,3.599,23163.5
2026-04-01 15:15:00,1775056500000,3.599,3.622,3.597,3.613,24468.8
2026-04-01 15:30:00,1775057400000,3.613,3.618,3.607,3.618,11830.1
2026-04-01 15:45:00,1775058300000,3.618,3.624,3.615,3.622,7219.2
2026-04-01 16:00:00,1775059200000,3.622,3.622,3.601,3.605,27829.7
2026-04-01 16:15:00,1775060100000,3.605,3.639,3.605,3.629,43817.6
2026-04-01 16:30:00,1775061000000,3.629,3.649,3.628,3.642,61600.1
2026-04-01 16:45:00,1775061900000,3.642,3.644,3.632,3.639,18178.4
2026-04-01 17:00:00,1775062800000,3.639,3.665,3.634,3.639,80813.3
2026-04-01 17:15:00,1775063700000,3.639,3.646,3.632,3.633,16905.9
2026-04-01 17:30:00,1775064600000,3.633,3.647,3.625,3.636,25581.4
2026-04-01 17:45:00,1775065500000,3.636,3.637,3.624,3.629,10356.7
2026-04-01 18:00:00,1775066400000,3.629,3.633,3.611,3.626,17156.1
2026-04-01 18:15:00,1775067300000,3.626,3.631,3.615,3.615,12869.3
2026-04-01 18:30:00,1775068200000,3.615,3.62,3.609,3.611,23062.5
2026-04-01 18:45:00,1775069100000,3.611,3.612,3.595,3.598,30636.9
2026-04-01 19:00:00,1775070000000,3.598,3.606,3.598,3.6,13189.3
2026-04-01 19:15:00,1775070900000,3.6,3.615,3.599,3.615,12351.4
2026-04-01 19:30:00,1775071800000,3.615,3.618,3.606,3.611,11016.6
2026-04-01 19:45:00,1775072700000,3.611,3.617,3.609,3.612,14886.3
2026-04-01 20:00:00,1775073600000,3.612,3.616,3.597,3.601,37241.2
2026-04-01 20:15:00,1775074500000,3.601,3.602,3.597,3.597,5795.4
2026-04-01 20:30:00,1775075400000,3.597,3.617,3.592,3.617,35798.2
2026-04-01 20:45:00,1775076300000,3.617,3.623,3.611,3.611,23761.1
2026-04-01 21:00:00,1775077200000,3.611,3.633,3.611,3.63,25912.2
2026-04-01 21:15:00,1775078100000,3.63,3.637,3.623,3.63,5794.5
2026-04-01 21:30:00,1775079000000,3.63,3.631,3.624,3.625,4807.2
2026-04-01 21:45:00,1775079900000,3.625,3.632,3.614,3.625,15601.8
2026-04-01 22:00:00,1775080800000,3.625,3.626,3.606,3.612,14172.1
2026-04-01 22:15:00,1775081700000,3.612,3.612,3.558,3.58,226289.6
2026-04-01 22:30:00,1775082600000,3.58,3.585,3.574,3.579,59237.3
2026-04-01 22:45:00,1775083500000,3.579,3.58,3.57,3.573,55542.8
2026-04-01 23:00:00,1775084400000,3.573,3.577,3.568,3.573,14286.2
2026-04-01 23:15:00,1775085300000,3.573,3.573,3.567,3.57,7588.9
2026-04-01 23:30:00,1775086200000,3.57,3.57,3.559,3.563,11235.2
2026-04-01 23:45:00,1775087100000,3.563,3.566,3.56,3.564,2039.5
2026-04-02 00:00:00,1775088000000,3.564,3.572,3.558,3.572,15241.1
2026-04-02 00:15:00,1775088900000,3.572,3.582,3.564,3.565,31689.3
2026-04-02 00:30:00,1775089800000,3.565,3.592,3.564,3.592,24061.3
2026-04-02 00:45:00,1775090700000,3.592,3.595,3.58,3.586,19597.4
2026-04-02 01:00:00,1775091600000,3.586,3.587,3.529,3.562,194274.4
2026-04-02 01:15:00,1775092500000,3.562,3.562,3.492,3.518,222121.5
2026-04-02 01:30:00,1775093400000,3.518,3.518,3.482,3.484,125155.9
2026-04-02 01:45:00,1775094300000,3.484,3.507,3.477,3.501,53407.8
2026-04-02 02:00:00,1775095200000,3.501,3.505,3.469,3.47,49613.5
2026-04-02 02:15:00,1775096100000,3.47,3.482,3.461,3.469,41795.0
2026-04-02 02:30:00,1775097000000,3.469,3.478,3.45,3.453,63217.4
2026-04-02 02:45:00,1775097900000,3.453,3.468,3.451,3.464,27298.3
2026-04-02 03:00:00,1775098800000,3.464,3.467,3.449,3.449,21264.6
2026-04-02 03:15:00,1775099700000,3.449,3.458,3.435,3.456,46016.9
2026-04-02 03:30:00,1775100600000,3.456,3.462,3.419,3.429,118254.5
2026-04-02 03:45:00,1775101500000,3.429,3.442,3.424,3.44,18460.0
2026-04-02 04:00:00,1775102400000,3.44,3.441,3.39,3.397,341458.0
2026-04-02 04:15:00,1775103300000,3.397,3.405,3.264,3.3,1256275.2
2026-04-02 04:30:00,1775104200000,3.3,3.314,3.297,3.306,247102.8
2026-04-02 04:45:00,1775105100000,3.306,3.31,3.285,3.288,223265.6
2026-04-02 05:00:00,1775106000000,3.288,3.297,3.272,3.294,235986.2
2026-04-02 05:15:00,1775106900000,3.294,3.312,3.284,3.291,132169.9
2026-04-02 05:30:00,1775107800000,3.291,3.314,3.291,3.309,144056.6
2026-04-02 05:45:00,1775108700000,3.309,3.316,3.306,3.311,107951.8
2026-04-02 06:00:00,1775109600000,3.311,3.323,3.303,3.316,50981.4
2026-04-02 06:15:00,1775110500000,3.316,3.337,3.315,3.326,100805.1
2026-04-02 06:30:00,1775111400000,3.326,3.341,3.323,3.33,152177.2
2026-04-02 06:45:00,1775112300000,3.33,3.344,3.329,3.339,68019.7
2026-04-02 07:00:00,1775113200000,3.339,3.345,3.333,3.337,48058.5
2026-04-02 07:15:00,1775114100000,3.337,3.345,3.333,3.333,31465.7
2026-04-02 07:30:00,1775115000000,3.333,3.341,3.326,3.338,16852.4
2026-04-02 07:45:00,1775115900000,3.338,3.344,3.332,3.334,94013.5
2026-04-02 08:00:00,1775116800000,3.334,3.342,3.325,3.341,44675.9
2026-04-02 08:15:00,1775117700000,3.341,3.343,3.319,3.326,22717.6
2026-04-02 08:30:00,1775118600000,3.326,3.333,3.315,3.316,64600.5
2026-04-02 08:45:00,1775119500000,3.316,3.325,3.316,3.323,54905.0
2026-04-02 09:00:00,1775120400000,3.323,3.327,3.315,3.324,64733.9
2026-04-02 09:15:00,1775121300000,3.324,3.332,3.318,3.322,30567.2
2026-04-02 09:30:00,1775122200000,3.322,3.334,3.321,3.329,33232.8
2026-04-02 09:45:00,1775123100000,3.329,3.334,3.325,3.331,31167.2
2026-04-02 10:00:00,1775124000000,3.331,3.331,3.319,3.324,39585.5
2026-04-02 10:15:00,1775124900000,3.324,3.333,3.321,3.332,12240.0
2026-04-02 10:30:00,1775125800000,3.332,3.341,3.33,3.336,16650.8
2026-04-02 10:45:00,1775126700000,3.336,3.342,3.332,3.333,22823.0
2026-04-02 11:00:00,1775127600000,3.333,3.34,3.327,3.336,31827.4
2026-04-02 11:15:00,1775128500000,3.336,3.349,3.327,3.346,55776.0
2026-04-02 11:30:00,1775129400000,3.346,3.35,3.333,3.34,35484.5
2026-04-02 11:45:00,1775130300000,3.34,3.34,3.332,3.337,13494.7
2026-04-02 12:00:00,1775131200000,3.337,3.339,3.322,3.334,53479.4
2026-04-02 12:15:00,1775132100000,3.334,3.335,3.324,3.329,36953.4
2026-04-02 12:30:00,1775133000000,3.329,3.331,3.322,3.328,11348.1
2026-04-02 12:45:00,1775133900000,3.328,3.329,3.319,3.32,11426.4
2026-04-02 13:00:00,1775134800000,3.32,3.322,3.242,3.291,714250.1
2026-04-02 13:15:00,1775135700000,3.291,3.302,3.28,3.299,106041.8
2026-04-02 13:30:00,1775136600000,3.299,3.304,3.253,3.258,538051.5
2026-04-02 13:45:00,1775137500000,3.258,3.261,3.088,3.131,2886562.0
2026-04-02 14:00:00,1775138400000,3.131,3.142,3.103,3.12,435444.3
2026-04-02 14:15:00,1775139300000,3.12,3.129,3.1,3.12,318989.8
2026-04-02 14:30:00,1775140200000,3.12,3.179,3.112,3.175,284424.7
2026-04-02 14:45:00,1775141100000,3.175,3.191,3.16,3.186,119263.6
2026-04-02 15:00:00,1775142000000,3.186,3.195,3.177,3.184,147764.6
2026-04-02 15:15:00,1775142900000,3.184,3.184,3.15,3.168,121237.8
2026-04-02 15:30:00,1775143800000,3.168,3.187,3.154,3.186,73021.2
2026-04-02 15:45:00,1775144700000,3.186,3.188,3.17,3.178,55935.3
2026-04-02 16:00:00,1775145600000,3.178,3.193,3.172,3.184,56907.5
2026-04-02 16:15:00,1775146500000,3.184,3.185,3.168,3.178,67889.4
2026-04-02 16:30:00,1775147400000,3.178,3.212,3.177,3.205,171007.3
2026-04-02 16:45:00,1775148300000,3.205,3.211,3.191,3.197,54081.6
2026-04-02 17:00:00,1775149200000,3.197,3.199,3.175,3.19,69482.5
2026-04-02 17:15:00,1775150100000,3.19,3.196,3.176,3.176,58296.8
2026-04-02 17:30:00,1775151000000,3.176,3.178,3.144,3.145,109416.5
2026-04-02 17:45:00,1775151900000,3.145,3.145,3.121,3.127,109827.9
2026-04-02 18:00:00,1775152800000,3.127,3.141,3.124,3.135,49751.9
2026-04-02 18:15:00,1775153700000,3.135,3.137,3.124,3.13,42154.9
2026-04-02 18:30:00,1775154600000,3.13,3.14,3.13,3.135,44958.1
2026-04-02 18:45:00,1775155500000,3.135,3.14,3.124,3.13,78335.4
2026-04-02 19:00:00,1775156400000,3.13,3.137,3.127,3.133,51089.5
2026-04-02 19:15:00,1775157300000,3.133,3.141,3.126,3.132,53088.3
2026-04-02 19:30:00,1775158200000,3.132,3.134,3.112,3.12,68583.1
2026-04-02 19:45:00,1775159100000,3.12,3.128,3.118,3.128,31885.1
2026-04-02 20:00:00,1775160000000,3.128,3.13,3.112,3.12,75437.7
2026-04-02 20:15:00,1775160900000,3.12,3.127,3.11,3.126,55401.3
2026-04-02 20:30:00,1775161800000,3.126,3.142,3.123,3.129,83716.5
2026-04-02 20:45:00,1775162700000,3.129,3.138,3.129,3.132,43731.9
2026-04-02 21:00:00,1775163600000,3.132,3.136,3.112,3.122,43448.9
2026-04-02 21:15:00,1775164500000,3.122,3.131,3.121,3.124,18872.0
2026-04-02 21:30:00,1775165400000,3.124,3.134,3.113,3.117,39911.3
2026-04-02 21:45:00,1775166300000,3.117,3.134,3.115,3.129,22221.2
2026-04-02 22:00:00,1775167200000,3.129,3.136,3.123,3.136,29639.4
2026-04-02 22:15:00,1775168100000,3.136,3.145,3.133,3.14,38799.4
2026-04-02 22:30:00,1775169000000,3.14,3.165,3.14,3.163,38832.0
2026-04-02 22:45:00,1775169900000,3.163,3.172,3.158,3.165,40546.3
2026-04-02 23:00:00,1775170800000,3.165,3.174,3.16,3.165,62530.9
2026-04-02 23:15:00,1775171700000,3.165,3.173,3.155,3.159,31412.2
2026-04-02 23:30:00,1775172600000,3.159,3.174,3.157,3.169,24844.2
2026-04-02 23:45:00,1775173500000,3.169,3.174,3.164,3.171,22001.1
2026-04-03 00:00:00,1775174400000,3.171,3.176,3.154,3.167,60393.1
2026-04-03 00:15:00,1775175300000,3.167,3.184,3.163,3.163,97535.5
2026-04-03 00:30:00,1775176200000,3.163,3.183,3.163,3.179,16671.8
2026-04-03 00:45:00,1775177100000,3.179,3.18,3.171,3.172,22196.9
2026-04-03 01:00:00,1775178000000,3.172,3.184,3.167,3.175,35983.2
2026-04-03 01:15:00,1775178900000,3.175,3.179,3.172,3.179,16891.9
2026-04-03 01:30:00,1775179800000,3.179,3.183,3.165,3.171,36107.0
2026-04-03 01:45:00,1775180700000,3.171,3.181,3.167,3.179,19060.3
2026-04-03 02:00:00,1775181600000,3.179,3.192,3.175,3.19,26987.1
2026-04-03 02:15:00,1775182500000,3.19,3.209,3.187,3.187,58355.2
2026-04-03 02:30:00,1775183400000,3.187,3.188,3.178,3.181,24947.3
2026-04-03 02:45:00,1775184300000,3.181,3.203,3.181,3.194,46786.2
2026-04-03 03:00:00,1775185200000,3.194,3.199,3.187,3.192,64330.4
2026-04-03 03:15:00,1775186100000,3.192,3.193,3.184,3.187,20365.9
2026-04-03 03:30:00,1775187000000,3.187,3.194,3.173,3.18,52107.5
2026-04-03 03:45:00,1775187900000,3.18,3.188,3.178,3.182,9316.0
2026-04-03 04:00:00,1775188800000,3.182,3.183,3.174,3.177,34644.6
2026-04-03 04:15:00,1775189700000,3.177,3.181,3.169,3.18,41944.5
2026-04-03 04:30:00,1775190600000,3.18,3.19,3.178,3.181,22554.7
2026-04-03 04:45:00,1775191500000,3.181,3.192,3.177,3.189,29974.0
2026-04-03 05:00:00,1775192400000,3.189,3.217,3.188,3.209,47420.7
2026-04-03 05:15:00,1775193300000,3.209,3.22,3.194,3.219,28449.9
2026-04-03 05:30:00,1775194200000,3.219,3.245,3.219,3.237,84195.0
2026-04-03 05:45:00,1775195100000,3.237,3.241,3.227,3.227,37957.7
2026-04-03 06:00:00,1775196000000,3.227,3.236,3.221,3.229,34818.1
2026-04-03 06:15:00,1775196900000,3.229,3.24,3.215,3.232,48752.4
2026-04-03 06:30:00,1775197800000,3.232,3.248,3.227,3.243,20533.0
2026-04-03 06:45:00,1775198700000,3.243,3.249,3.241,3.243,19188.7
2026-04-03 07:00:00,1775199600000,3.243,3.246,3.232,3.233,20231.3
2026-04-03 07:15:00,1775200500000,3.233,3.234,3.227,3.232,19097.1
2026-04-03 07:30:00,1775201400000,3.232,3.253,3.23,3.238,35004.1
2026-04-03 07:45:00,1775202300000,3.238,3.247,3.233,3.233,30637.8
2026-04-03 08:00:00,1775203200000,3.233,3.252,3.232,3.236,21717.4
2026-04-03 08:15:00,1775204100000,3.236,3.237,3.225,3.226,44289.2
2026-04-03 08:30:00,1775205000000,3.226,3.245,3.223,3.23,67058.7
2026-04-03 08:45:00,1775205900000,3.23,3.232,3.225,3.225,22877.7
2026-04-03 09:00:00,1775206800000,3.225,3.229,3.216,3.22,40456.0
2026-04-03 09:15:00,1775207700000,3.22,3.222,3.208,3.215,33115.3
2026-04-03 09:30:00,1775208600000,3.215,3.224,3.212,3.222,17108.2
2026-04-03 09:45:00,1775209500000,3.222,3.223,3.215,3.217,7650.6
2026-04-03 10:00:00,1775210400000,3.217,3.218,3.201,3.208,38297.2
2026-04-03 10:15:00,1775211300000,3.208,3.209,3.196,3.197,24660.8
2026-04-03 10:30:00,1775212200000,3.197,3.197,3.191,3.196,18676.0
2026-04-03 10:45:00,1775213100000,3.196,3.203,3.195,3.203,18781.0
2026-04-03 11:00:00,1775214000000,3.203,3.212,3.202,3.212,20228.2
2026-04-03 11:15:00,1775214900000,3.212,3.221,3.212,3.215,19221.0
2026-04-03 11:30:00,1775215800000,3.215,3.221,3.212,3.213,21871.8
2026-04-03 11:45:00,1775216700000,3.213,3.217,3.209,3.215,18892.4
2026-04-03 12:00:00,1775217600000,3.215,3.215,3.196,3.199,18186.6
2026-04-03 12:15:00,1775218500000,3.199,3.208,3.194,3.206,21364.6
2026-04-03 12:30:00,1775219400000,3.206,3.234,3.198,3.207,142649.5
2026-04-03 12:45:00,1775220300000,3.207,3.211,3.193,3.2,39785.2
2026-04-03 13:00:00,1775221200000,3.2,3.203,3.179,3.187,45258.9
2026-04-03 13:15:00,1775222100000,3.187,3.204,3.183,3.197,58246.3
2026-04-03 13:30:00,1775223000000,3.197,3.199,3.184,3.188,52230.9
2026-04-03 13:45:00,1775223900000,3.188,3.196,3.179,3.194,20723.8
2026-04-03 14:00:00,1775224800000,3.194,3.211,3.193,3.201,36574.6
2026-04-03 14:15:00,1775225700000,3.201,3.206,3.19,3.203,27945.2
2026-04-03 14:30:00,1775226600000,3.203,3.204,3.192,3.195,17016.8
2026-04-03 14:45:00,1775227500000,3.195,3.212,3.195,3.204,51946.1
2026-04-03 15:00:00,1775228400000,3.204,3.208,3.198,3.199,22087.6
2026-04-03 15:15:00,1775229300000,3.199,3.199,3.178,3.179,32202.4
2026-04-03 15:30:00,1775230200000,3.179,3.183,3.161,3.163,55420.0
2026-04-03 15:45:00,1775231100000,3.163,3.167,3.155,3.166,53058.1
2026-04-03 16:00:00,1775232000000,3.166,3.18,3.161,3.165,45113.0
2026-04-03 16:15:00,1775232900000,3.165,3.174,3.163,3.17,61612.1
2026-04-03 16:30:00,1775233800000,3.17,3.178,3.162,3.178,36456.1
2026-04-03 16:45:00,1775234700000,3.178,3.192,3.175,3.186,78166.9
2026-04-03 17:00:00,1775235600000,3.186,3.188,3.178,3.181,10752.3
2026-04-03 17:15:00,1775236500000,3.181,3.181,3.167,3.171,8690.3
2026-04-03 17:30:00,1775237400000,3.171,3.178,3.158,3.159,11357.1
2026-04-03 17:45:00,1775238300000,3.159,3.164,3.155,3.162,12944.2
2026-04-03 18:00:00,1775239200000,3.162,3.163,3.151,3.159,24929.0
2026-04-03 18:15:00,1775240100000,3.159,3.167,3.156,3.156,12568.5
2026-04-03 18:30:00,1775241000000,3.156,3.16,3.153,3.158,7373.9
2026-04-03 18:45:00,1775241900000,3.158,3.161,3.155,3.158,17640.6
2026-04-03 19:00:00,1775242800000,3.158,3.16,3.152,3.157,19819.4
2026-04-03 19:15:00,1775243700000,3.157,3.159,3.154,3.155,10348.1
2026-04-03 19:30:00,1775244600000,3.155,3.16,3.152,3.155,17217.7
