Open_time,Open_time,Open,High,Low,Close,Volume
2026-03-14 00:00:00,1773446400000,0.0462,0.0462,0.04608,0.04612,153396.7
2026-03-14 00:15:00,1773447300000,0.04612,0.04616,0.04607,0.0461,17256.5
2026-03-14 00:30:00,1773448200000,0.0461,0.04623,0.04607,0.04607,294024.2
2026-03-14 00:45:00,1773449100000,0.04607,0.04612,0.04585,0.04593,430392.4
2026-03-14 01:00:00,1773450000000,0.04593,0.04609,0.04589,0.04596,42503.5
2026-03-14 01:15:00,1773450900000,0.04596,0.0462,0.04596,0.04616,32084.8
2026-03-14 01:30:00,1773451800000,0.04616,0.04637,0.04606,0.04633,160036.6
2026-03-14 01:45:00,1773452700000,0.04633,0.04662,0.04633,0.04659,159189.6
2026-03-14 02:00:00,1773453600000,0.04659,0.04659,0.04632,0.04647,45827.0
2026-03-14 02:15:00,1773454500000,0.04647,0.04649,0.04641,0.04649,17117.1
2026-03-14 02:30:00,1773455400000,0.04649,0.04669,0.04641,0.04662,54359.2
2026-03-14 02:45:00,1773456300000,0.04662,0.04669,0.04646,0.04656,44411.3
2026-03-14 03:00:00,1773457200000,0.04656,0.0468,0.04647,0.04678,47567.8
2026-03-14 03:15:00,1773458100000,0.04678,0.04697,0.04676,0.04697,79713.9
2026-03-14 03:30:00,1773459000000,0.04697,0.04697,0.04674,0.04674,277226.8
2026-03-14 03:45:00,1773459900000,0.04674,0.04687,0.04673,0.04675,34445.4
2026-03-14 04:00:00,1773460800000,0.04675,0.04696,0.04672,0.0469,37058.3
2026-03-14 04:15:00,1773461700000,0.0469,0.04701,0.04678,0.04695,60635.4
2026-03-14 04:30:00,1773462600000,0.04695,0.04695,0.04677,0.04679,58119.7
2026-03-14 04:45:00,1773463500000,0.04679,0.04679,0.04646,0.04646,82348.4
2026-03-14 05:00:00,1773464400000,0.04646,0.04663,0.0464,0.04641,101656.8
2026-03-14 05:15:00,1773465300000,0.04641,0.04651,0.04638,0.04646,30065.5
2026-03-14 05:30:00,1773466200000,0.04646,0.04646,0.04609,0.04623,283882.0
2026-03-14 05:45:00,1773467100000,0.04623,0.04631,0.04613,0.04629,267535.8
2026-03-14 06:00:00,1773468000000,0.04629,0.0463,0.04618,0.04625,45930.7
2026-03-14 06:15:00,1773468900000,0.04625,0.04625,0.04602,0.04604,45354.0
2026-03-14 06:30:00,1773469800000,0.04604,0.04604,0.04591,0.04601,62843.1
2026-03-14 06:45:00,1773470700000,0.04601,0.04636,0.04599,0.04629,125056.3
2026-03-14 07:00:00,1773471600000,0.04629,0.04634,0.04612,0.04631,63085.1
2026-03-14 07:15:00,1773472500000,0.04631,0.04639,0.04621,0.04639,27518.8
2026-03-14 07:30:00,1773473400000,0.04639,0.04639,0.04621,0.04623,43923.4
2026-03-14 07:45:00,1773474300000,0.04623,0.04638,0.04617,0.04622,53749.5
2026-03-14 08:00:00,1773475200000,0.04622,0.04628,0.04615,0.04628,141161.4
2026-03-14 08:15:00,1773476100000,0.04628,0.04628,0.04605,0.04613,56911.0
2026-03-14 08:30:00,1773477000000,0.04613,0.04616,0.04602,0.04613,103192.9
2026-03-14 08:45:00,1773477900000,0.04613,0.04613,0.04603,0.04612,109644.8
2026-03-14 09:00:00,1773478800000,0.04612,0.04629,0.04608,0.04627,95433.6
2026-03-14 09:15:00,1773479700000,0.04627,0.04631,0.04619,0.0463,39232.4
2026-03-14 09:30:00,1773480600000,0.0463,0.04633,0.0462,0.0463,89146.7
2026-03-14 09:45:00,1773481500000,0.0463,0.04632,0.04614,0.04618,100049.4
2026-03-14 10:00:00,1773482400000,0.04618,0.04618,0.04597,0.04604,33041.2
2026-03-14 10:15:00,1773483300000,0.04604,0.04608,0.04595,0.04599,25936.6
2026-03-14 10:30:00,1773484200000,0.04599,0.04605,0.04594,0.04604,109995.5
2026-03-14 10:45:00,1773485100000,0.04604,0.04622,0.04599,0.04611,52342.4
2026-03-14 11:00:00,1773486000000,0.04611,0.04625,0.04611,0.04618,28005.7
2026-03-14 11:15:00,1773486900000,0.04618,0.04635,0.04618,0.04633,42890.9
2026-03-14 11:30:00,1773487800000,0.04633,0.04647,0.04625,0.04639,320406.8
2026-03-14 11:45:00,1773488700000,0.04639,0.04639,0.04634,0.04637,29298.6
2026-03-14 12:00:00,1773489600000,0.04637,0.04639,0.04621,0.04628,59998.1
2026-03-14 12:15:00,1773490500000,0.04628,0.04634,0.04625,0.04627,10270.3
2026-03-14 12:30:00,1773491400000,0.04627,0.04632,0.04617,0.04617,30152.3
2026-03-14 12:45:00,1773492300000,0.04617,0.0463,0.04617,0.04627,23005.0
2026-03-14 13:00:00,1773493200000,0.04627,0.04627,0.04621,0.04623,19296.3
2026-03-14 13:15:00,1773494100000,0.04623,0.04631,0.0462,0.04631,68545.4
2026-03-14 13:30:00,1773495000000,0.04631,0.04637,0.04628,0.04637,83698.7
2026-03-14 13:45:00,1773495900000,0.04637,0.04637,0.04626,0.04637,24738.8
2026-03-14 14:00:00,1773496800000,0.04637,0.04648,0.0463,0.04636,56138.5
2026-03-14 14:15:00,1773497700000,0.04636,0.04645,0.04629,0.04637,26348.0
2026-03-14 14:30:00,1773498600000,0.04637,0.04642,0.04616,0.04616,39214.7
2026-03-14 14:45:00,1773499500000,0.04616,0.04634,0.04616,0.04634,26917.3
2026-03-14 15:00:00,1773500400000,0.04634,0.04639,0.04626,0.04634,65560.6
2026-03-14 15:15:00,1773501300000,0.04634,0.04639,0.0463,0.04631,23370.3
2026-03-14 15:30:00,1773502200000,0.04631,0.04631,0.04617,0.04621,30131.9
2026-03-14 15:45:00,1773503100000,0.04621,0.0463,0.04621,0.04625,14547.5
2026-03-14 16:00:00,1773504000000,0.04625,0.04627,0.04619,0.04622,20396.3
2026-03-14 16:15:00,1773504900000,0.04622,0.04629,0.04622,0.04627,13850.6
2026-03-14 16:30:00,1773505800000,0.04627,0.04629,0.04623,0.04629,31800.8
2026-03-14 16:45:00,1773506700000,0.04629,0.04629,0.04621,0.04624,23870.4
2026-03-14 17:00:00,1773507600000,0.04624,0.04624,0.04608,0.04611,25658.9
2026-03-14 17:15:00,1773508500000,0.04611,0.04621,0.0461,0.04621,9660.1
2026-03-14 17:30:00,1773509400000,0.04621,0.04621,0.04607,0.04616,8370.4
2026-03-14 17:45:00,1773510300000,0.04616,0.04621,0.04602,0.04613,45067.6
2026-03-14 18:00:00,1773511200000,0.04613,0.04616,0.04603,0.04616,24498.9
2026-03-14 18:15:00,1773512100000,0.04616,0.04622,0.04612,0.04619,30934.1
2026-03-14 18:30:00,1773513000000,0.04619,0.04632,0.04619,0.04629,26905.4
2026-03-14 18:45:00,1773513900000,0.04629,0.04629,0.04614,0.0462,51005.0
2026-03-14 19:00:00,1773514800000,0.0462,0.0462,0.04612,0.04614,11590.0
2026-03-14 19:15:00,1773515700000,0.04614,0.04614,0.046,0.04602,117394.7
2026-03-14 19:30:00,1773516600000,0.04602,0.04611,0.04601,0.04609,44451.0
2026-03-14 19:45:00,1773517500000,0.04609,0.0461,0.04602,0.04602,6883.5
2026-03-14 20:00:00,1773518400000,0.04602,0.04602,0.04563,0.04579,360259.0
2026-03-14 20:15:00,1773519300000,0.04579,0.04582,0.04556,0.04575,116615.8
2026-03-14 20:30:00,1773520200000,0.04575,0.04596,0.04571,0.04596,71588.0
2026-03-14 20:45:00,1773521100000,0.04596,0.04598,0.04583,0.04584,16524.0
2026-03-14 21:00:00,1773522000000,0.04584,0.04593,0.04579,0.04579,52033.5
2026-03-14 21:15:00,1773522900000,0.04579,0.046,0.04578,0.04593,49381.6
2026-03-14 21:30:00,1773523800000,0.04593,0.04602,0.04587,0.04602,53393.6
2026-03-14 21:45:00,1773524700000,0.04602,0.04604,0.04594,0.04599,13995.0
2026-03-14 22:00:00,1773525600000,0.04599,0.04599,0.04594,0.04594,9344.3
2026-03-14 22:15:00,1773526500000,0.04594,0.046,0.04592,0.04598,48776.6
2026-03-14 22:30:00,1773527400000,0.04598,0.04598,0.04589,0.0459,23709.1
2026-03-14 22:45:00,1773528300000,0.0459,0.0459,0.04585,0.04585,2289.2
2026-03-14 23:00:00,1773529200000,0.04585,0.04602,0.04582,0.04582,158540.7
2026-03-14 23:15:00,1773530100000,0.04582,0.04586,0.04571,0.04582,88672.3
2026-03-14 23:30:00,1773531000000,0.04582,0.04591,0.04581,0.04589,11587.2
2026-03-14 23:45:00,1773531900000,0.04589,0.046,0.04584,0.04599,73373.2
2026-03-15 00:00:00,1773532800000,0.04599,0.04601,0.04587,0.0459,67914.1
2026-03-15 00:15:00,1773533700000,0.0459,0.04601,0.04583,0.04585,33444.2
2026-03-15 00:30:00,1773534600000,0.04585,0.04593,0.04583,0.04591,23793.4
2026-03-15 00:45:00,1773535500000,0.04591,0.04599,0.04585,0.04592,47049.4
2026-03-15 01:00:00,1773536400000,0.04592,0.04626,0.04592,0.04615,197169.9
2026-03-15 01:15:00,1773537300000,0.04615,0.04617,0.04587,0.04597,99293.2
2026-03-15 01:30:00,1773538200000,0.04597,0.04611,0.04596,0.04607,90339.7
2026-03-15 01:45:00,1773539100000,0.04607,0.04621,0.04607,0.04615,57497.6
2026-03-15 02:00:00,1773540000000,0.04615,0.04632,0.04615,0.04618,143892.9
2026-03-15 02:15:00,1773540900000,0.04618,0.04625,0.04611,0.04621,33013.4
2026-03-15 02:30:00,1773541800000,0.04621,0.04633,0.04611,0.04633,26223.6
2026-03-15 02:45:00,1773542700000,0.04633,0.04644,0.04617,0.04626,107582.6
2026-03-15 03:00:00,1773543600000,0.04626,0.04635,0.04619,0.04634,40404.5
2026-03-15 03:15:00,1773544500000,0.04634,0.04634,0.04611,0.04611,48550.7
2026-03-15 03:30:00,1773545400000,0.04611,0.04612,0.04602,0.04602,53218.1
2026-03-15 03:45:00,1773546300000,0.04602,0.04602,0.0459,0.046,31258.9
2026-03-15 04:00:00,1773547200000,0.046,0.04608,0.04593,0.04595,48261.4
2026-03-15 04:15:00,1773548100000,0.04595,0.04595,0.04581,0.0459,96176.2
2026-03-15 04:30:00,1773549000000,0.0459,0.0459,0.04578,0.04581,26714.0
2026-03-15 04:45:00,1773549900000,0.04581,0.04583,0.04578,0.04581,19941.7
2026-03-15 05:00:00,1773550800000,0.04581,0.04581,0.04559,0.04564,42363.1
2026-03-15 05:15:00,1773551700000,0.04564,0.04588,0.04564,0.04579,61030.1
2026-03-15 05:30:00,1773552600000,0.04579,0.04586,0.04569,0.04581,58695.5
2026-03-15 05:45:00,1773553500000,0.04581,0.04582,0.04567,0.04569,33874.9
2026-03-15 06:00:00,1773554400000,0.04569,0.04579,0.04567,0.04579,20245.1
2026-03-15 06:15:00,1773555300000,0.04579,0.04594,0.04578,0.04591,67131.9
2026-03-15 06:30:00,1773556200000,0.04591,0.04592,0.04578,0.04588,47160.0
2026-03-15 06:45:00,1773557100000,0.04588,0.04589,0.04585,0.04589,13929.1
2026-03-15 07:00:00,1773558000000,0.04589,0.04604,0.04585,0.04602,48308.0
2026-03-15 07:15:00,1773558900000,0.04602,0.04603,0.04592,0.04602,31496.6
2026-03-15 07:30:00,1773559800000,0.04602,0.04602,0.04587,0.04588,44967.9
2026-03-15 07:45:00,1773560700000,0.04588,0.046,0.04588,0.04595,14489.3
2026-03-15 08:00:00,1773561600000,0.04595,0.046,0.04575,0.04593,459133.0
2026-03-15 08:15:00,1773562500000,0.04593,0.04596,0.0459,0.04594,110728.3
2026-03-15 08:30:00,1773563400000,0.04594,0.04614,0.04594,0.04603,190676.3
2026-03-15 08:45:00,1773564300000,0.04603,0.04603,0.04578,0.04597,498863.9
2026-03-15 09:00:00,1773565200000,0.04597,0.0461,0.04595,0.04605,162130.3
2026-03-15 09:15:00,1773566100000,0.04605,0.04605,0.04588,0.04593,288066.6
2026-03-15 09:30:00,1773567000000,0.04593,0.04595,0.04564,0.04576,404996.2
2026-03-15 09:45:00,1773567900000,0.04576,0.04592,0.04576,0.04588,160214.4
2026-03-15 10:00:00,1773568800000,0.04588,0.04591,0.04579,0.04591,273482.2
2026-03-15 10:15:00,1773569700000,0.04591,0.04601,0.04589,0.04596,91104.2
2026-03-15 10:30:00,1773570600000,0.04596,0.04602,0.04592,0.04602,37339.0
2026-03-15 10:45:00,1773571500000,0.04602,0.04608,0.04599,0.04608,8802.5
2026-03-15 11:00:00,1773572400000,0.04608,0.04614,0.0459,0.046,137630.7
2026-03-15 11:15:00,1773573300000,0.046,0.04608,0.04598,0.04608,149380.9
2026-03-15 11:30:00,1773574200000,0.04608,0.04635,0.04599,0.0462,747849.0
2026-03-15 11:45:00,1773575100000,0.0462,0.04639,0.04594,0.0463,1147471.3
2026-03-15 12:00:00,1773576000000,0.0463,0.04634,0.04615,0.04632,146245.5
2026-03-15 12:15:00,1773576900000,0.04632,0.04639,0.04613,0.04628,462280.5
2026-03-15 12:30:00,1773577800000,0.04628,0.04641,0.04618,0.04627,604623.5
2026-03-15 12:45:00,1773578700000,0.04627,0.04629,0.04607,0.04608,19299.9
2026-03-15 13:00:00,1773579600000,0.04608,0.04608,0.04571,0.04578,105863.4
2026-03-15 13:15:00,1773580500000,0.04578,0.04599,0.04573,0.04594,152309.4
2026-03-15 13:30:00,1773581400000,0.04594,0.04594,0.04568,0.04569,94522.0
2026-03-15 13:45:00,1773582300000,0.04569,0.04589,0.04569,0.04586,43438.6
2026-03-15 14:00:00,1773583200000,0.04586,0.04595,0.04585,0.0459,83800.5
2026-03-15 14:15:00,1773584100000,0.0459,0.0459,0.04574,0.04579,35986.6
2026-03-15 14:30:00,1773585000000,0.04579,0.04579,0.04564,0.0457,58448.3
2026-03-15 14:45:00,1773585900000,0.0457,0.04586,0.0457,0.04586,22549.0
2026-03-15 15:00:00,1773586800000,0.04586,0.04589,0.04573,0.04577,21759.3
2026-03-15 15:15:00,1773587700000,0.04577,0.04585,0.0457,0.04578,30474.2
2026-03-15 15:30:00,1773588600000,0.04578,0.04584,0.04573,0.04584,23616.1
2026-03-15 15:45:00,1773589500000,0.04584,0.04598,0.04582,0.04584,34780.8
2026-03-15 16:00:00,1773590400000,0.04584,0.04609,0.04581,0.04598,61893.1
2026-03-15 16:15:00,1773591300000,0.04598,0.04602,0.0458,0.0459,52108.6
2026-03-15 16:30:00,1773592200000,0.0459,0.0461,0.04583,0.04584,88337.7
2026-03-15 16:45:00,1773593100000,0.04584,0.04587,0.04574,0.04585,22986.5
2026-03-15 17:00:00,1773594000000,0.04585,0.04609,0.04585,0.04602,56618.6
2026-03-15 17:15:00,1773594900000,0.04602,0.04606,0.0459,0.04599,60648.3
2026-03-15 17:30:00,1773595800000,0.04599,0.04604,0.04587,0.04595,31327.0
2026-03-15 17:45:00,1773596700000,0.04595,0.04629,0.04593,0.04618,48656.6
2026-03-15 18:00:00,1773597600000,0.04618,0.04625,0.04608,0.04608,106407.5
2026-03-15 18:15:00,1773598500000,0.04608,0.04618,0.04605,0.04616,46904.4
2026-03-15 18:30:00,1773599400000,0.04616,0.04624,0.04613,0.04614,52366.9
2026-03-15 18:45:00,1773600300000,0.04614,0.04699,0.04593,0.04687,208146.0
2026-03-15 19:00:00,1773601200000,0.04687,0.04692,0.04632,0.04662,1010764.4
2026-03-15 19:15:00,1773602100000,0.04662,0.0473,0.04658,0.0473,282528.8
2026-03-15 19:30:00,1773603000000,0.0473,0.04746,0.04706,0.04715,474636.3
2026-03-15 19:45:00,1773603900000,0.04715,0.04727,0.04686,0.04712,227560.5
2026-03-15 20:00:00,1773604800000,0.04712,0.0472,0.04691,0.04694,122655.9
2026-03-15 20:15:00,1773605700000,0.04694,0.04699,0.04678,0.04683,114404.1
2026-03-15 20:30:00,1773606600000,0.04683,0.04695,0.04674,0.04679,156708.8
2026-03-15 20:45:00,1773607500000,0.04679,0.04693,0.04676,0.04684,112527.0
2026-03-15 21:00:00,1773608400000,0.04684,0.04692,0.04663,0.04665,144801.3
2026-03-15 21:15:00,1773609300000,0.04665,0.04677,0.04665,0.04667,12271.3
2026-03-15 21:30:00,1773610200000,0.04667,0.04673,0.04645,0.04645,117204.4
2026-03-15 21:45:00,1773611100000,0.04645,0.0466,0.04637,0.04652,95012.4
2026-03-15 22:00:00,1773612000000,0.04652,0.04661,0.04608,0.04614,162725.4
2026-03-15 22:15:00,1773612900000,0.04614,0.04621,0.046,0.04621,65392.7
2026-03-15 22:30:00,1773613800000,0.04621,0.04634,0.04617,0.04623,159259.9
2026-03-15 22:45:00,1773614700000,0.04623,0.04652,0.04623,0.04639,82414.5
2026-03-15 23:00:00,1773615600000,0.04639,0.0465,0.04629,0.04631,213212.3
2026-03-15 23:15:00,1773616500000,0.04631,0.04638,0.04612,0.04617,57200.9
2026-03-15 23:30:00,1773617400000,0.04617,0.04617,0.04591,0.04593,129183.3
2026-03-15 23:45:00,1773618300000,0.04593,0.04614,0.04593,0.04612,56313.9
2026-03-16 00:00:00,1773619200000,0.04612,0.04631,0.04594,0.04596,89653.1
2026-03-16 00:15:00,1773620100000,0.04596,0.046,0.04589,0.04599,18200.9
2026-03-16 00:30:00,1773621000000,0.04599,0.04606,0.04591,0.04594,45999.4
2026-03-16 00:45:00,1773621900000,0.04594,0.04606,0.04588,0.04604,17366.5
2026-03-16 01:00:00,1773622800000,0.04604,0.04618,0.04597,0.04609,29069.2
2026-03-16 01:15:00,1773623700000,0.04609,0.04625,0.04605,0.04611,29669.3
2026-03-16 01:30:00,1773624600000,0.04611,0.04624,0.04604,0.04605,94301.6
2026-03-16 01:45:00,1773625500000,0.04605,0.04639,0.04605,0.04637,44658.3
2026-03-16 02:00:00,1773626400000,0.04637,0.04641,0.04626,0.04637,64982.8
2026-03-16 02:15:00,1773627300000,0.04637,0.04652,0.04621,0.04621,87951.0
2026-03-16 02:30:00,1773628200000,0.04621,0.04634,0.04621,0.04624,23684.2
2026-03-16 02:45:00,1773629100000,0.04624,0.04639,0.04623,0.04638,11854.5
2026-03-16 03:00:00,1773630000000,0.04638,0.04644,0.04629,0.04643,30065.5
2026-03-16 03:15:00,1773630900000,0.04643,0.04662,0.04642,0.04655,78789.8
2026-03-16 03:30:00,1773631800000,0.04655,0.04707,0.0465,0.04675,203255.4
2026-03-16 03:45:00,1773632700000,0.04675,0.04684,0.04663,0.04681,78081.0
2026-03-16 04:00:00,1773633600000,0.04681,0.04693,0.04678,0.04692,61466.1
2026-03-16 04:15:00,1773634500000,0.04692,0.04702,0.04675,0.04681,51868.3
2026-03-16 04:30:00,1773635400000,0.04681,0.04688,0.04674,0.04677,29629.9
2026-03-16 04:45:00,1773636300000,0.04677,0.0471,0.04677,0.04703,46133.6
2026-03-16 05:00:00,1773637200000,0.04703,0.04718,0.04693,0.04703,61212.7
2026-03-16 05:15:00,1773638100000,0.04703,0.04706,0.04694,0.04699,32556.9
2026-03-16 05:30:00,1773639000000,0.04699,0.047,0.04687,0.04696,60426.7
2026-03-16 05:45:00,1773639900000,0.04696,0.0471,0.04689,0.04697,112347.4
2026-03-16 06:00:00,1773640800000,0.04697,0.04698,0.04674,0.04681,35973.8
2026-03-16 06:15:00,1773641700000,0.04681,0.0471,0.04681,0.04689,77277.1
2026-03-16 06:30:00,1773642600000,0.04689,0.04709,0.04682,0.04702,33895.5
2026-03-16 06:45:00,1773643500000,0.04702,0.04702,0.04691,0.04692,13625.4
2026-03-16 07:00:00,1773644400000,0.04692,0.04717,0.04692,0.04717,199607.5
2026-03-16 07:15:00,1773645300000,0.04717,0.04719,0.04706,0.04715,42199.9
2026-03-16 07:30:00,1773646200000,0.04715,0.04739,0.04715,0.04725,251211.0
2026-03-16 07:45:00,1773647100000,0.04725,0.04755,0.04718,0.04742,285102.3
2026-03-16 08:00:00,1773648000000,0.04742,0.04767,0.04735,0.04737,339169.6
2026-03-16 08:15:00,1773648900000,0.04737,0.04748,0.04723,0.0473,309660.4
2026-03-16 08:30:00,1773649800000,0.0473,0.04738,0.04719,0.04719,83232.9
2026-03-16 08:45:00,1773650700000,0.04719,0.04742,0.04717,0.04736,80727.8
2026-03-16 09:00:00,1773651600000,0.04736,0.04751,0.04716,0.04735,207259.0
2026-03-16 09:15:00,1773652500000,0.04735,0.04748,0.04735,0.04743,22722.6
2026-03-16 09:30:00,1773653400000,0.04743,0.04766,0.04743,0.04746,87685.9
2026-03-16 09:45:00,1773654300000,0.04746,0.04757,0.04746,0.04752,15241.2
2026-03-16 10:00:00,1773655200000,0.04752,0.04762,0.04728,0.04751,210936.5
2026-03-16 10:15:00,1773656100000,0.04751,0.04761,0.04751,0.04758,56380.1
2026-03-16 10:30:00,1773657000000,0.04758,0.04764,0.04746,0.04754,35148.3
2026-03-16 10:45:00,1773657900000,0.04754,0.04769,0.04751,0.04769,17240.7
2026-03-16 11:00:00,1773658800000,0.04769,0.04793,0.04762,0.04787,135464.7
2026-03-16 11:15:00,1773659700000,0.04787,0.04803,0.04775,0.04802,127758.7
2026-03-16 11:30:00,1773660600000,0.04802,0.04812,0.04765,0.04778,219846.2
2026-03-16 11:45:00,1773661500000,0.04778,0.04787,0.04765,0.0477,80167.7
2026-03-16 12:00:00,1773662400000,0.0477,0.04779,0.04756,0.04774,95420.5
2026-03-16 12:15:00,1773663300000,0.04774,0.04783,0.04763,0.0478,25844.9
2026-03-16 12:30:00,1773664200000,0.0478,0.04783,0.04763,0.04765,30168.7
2026-03-16 12:45:00,1773665100000,0.04765,0.04775,0.0476,0.04773,15865.8
2026-03-16 13:00:00,1773666000000,0.04773,0.04773,0.04746,0.04756,105470.9
2026-03-16 13:15:00,1773666900000,0.04756,0.04758,0.04743,0.04749,40447.3
2026-03-16 13:30:00,1773667800000,0.04749,0.04761,0.04733,0.04734,63775.9
2026-03-16 13:45:00,1773668700000,0.04734,0.04742,0.0471,0.04728,55763.3
2026-03-16 14:00:00,1773669600000,0.04728,0.0474,0.04717,0.04722,138279.6
2026-03-16 14:15:00,1773670500000,0.04722,0.04726,0.04691,0.04691,38538.4
2026-03-16 14:30:00,1773671400000,0.04691,0.04704,0.04677,0.047,246064.5
2026-03-16 14:45:00,1773672300000,0.047,0.04735,0.04694,0.04729,73856.2
2026-03-16 15:00:00,1773673200000,0.04729,0.0474,0.04724,0.0474,36214.1
2026-03-16 15:15:00,1773674100000,0.0474,0.0474,0.0472,0.0472,43092.1
2026-03-16 15:30:00,1773675000000,0.0472,0.04744,0.04686,0.04711,1209604.2
2026-03-16 15:45:00,1773675900000,0.04711,0.04713,0.0468,0.04697,459767.3
2026-03-16 16:00:00,1773676800000,0.04697,0.0473,0.04692,0.04725,190810.1
2026-03-16 16:15:00,1773677700000,0.04725,0.04737,0.0472,0.04737,42461.2
2026-03-16 16:30:00,1773678600000,0.04737,0.04755,0.04725,0.04752,65721.1
2026-03-16 16:45:00,1773679500000,0.04752,0.04757,0.04738,0.04746,76796.5
2026-03-16 17:00:00,1773680400000,0.04746,0.0477,0.04746,0.04762,45045.3
2026-03-16 17:15:00,1773681300000,0.04762,0.04762,0.04745,0.04751,101391.5
2026-03-16 17:30:00,1773682200000,0.04751,0.04767,0.04751,0.04762,18011.7
2026-03-16 17:45:00,1773683100000,0.04762,0.04767,0.04746,0.04759,23691.8
2026-03-16 18:00:00,1773684000000,0.04759,0.04768,0.04753,0.04762,25269.9
2026-03-16 18:15:00,1773684900000,0.04762,0.04766,0.04761,0.04765,21198.2
2026-03-16 18:30:00,1773685800000,0.04765,0.04765,0.0474,0.04758,59281.3
2026-03-16 18:45:00,1773686700000,0.04758,0.04758,0.04732,0.04732,95623.0
2026-03-16 19:00:00,1773687600000,0.04732,0.0476,0.04728,0.04748,30611.6
2026-03-16 19:15:00,1773688500000,0.04748,0.0476,0.04741,0.04748,10036.2
2026-03-16 19:30:00,1773689400000,0.04748,0.04752,0.04736,0.04736,8902.4
2026-03-16 19:45:00,1773690300000,0.04736,0.04742,0.04727,0.04742,10381.6
2026-03-16 20:00:00,1773691200000,0.04742,0.04746,0.04733,0.04736,12746.3
2026-03-16 20:15:00,1773692100000,0.04736,0.04749,0.04736,0.04749,9129.9
2026-03-16 20:30:00,1773693000000,0.04749,0.04764,0.04745,0.04763,21660.2
2026-03-16 20:45:00,1773693900000,0.04763,0.04768,0.04758,0.0476,105492.7
2026-03-16 21:00:00,1773694800000,0.0476,0.04779,0.0476,0.04776,39393.4
2026-03-16 21:15:00,1773695700000,0.04776,0.04781,0.0477,0.04777,17304.1
2026-03-16 21:30:00,1773696600000,0.04777,0.04811,0.04773,0.04799,212467.1
2026-03-16 21:45:00,1773697500000,0.04799,0.04802,0.04777,0.04791,71408.5
2026-03-16 22:00:00,1773698400000,0.04791,0.04813,0.04789,0.04797,112006.0
2026-03-16 22:15:00,1773699300000,0.04797,0.04803,0.04763,0.04792,519996.4
2026-03-16 22:30:00,1773700200000,0.04792,0.04809,0.04786,0.04799,178380.0
2026-03-16 22:45:00,1773701100000,0.04799,0.04807,0.04796,0.04798,20304.8
2026-03-16 23:00:00,1773702000000,0.04798,0.04798,0.04772,0.04785,100745.5
2026-03-16 23:15:00,1773702900000,0.04785,0.04809,0.0478,0.04808,106980.9
2026-03-16 23:30:00,1773703800000,0.04808,0.04818,0.04802,0.04808,18527.9
2026-03-16 23:45:00,1773704700000,0.04808,0.04814,0.04795,0.04804,103253.7
2026-03-17 00:00:00,1773705600000,0.04804,0.04809,0.04771,0.04809,167901.2
2026-03-17 00:15:00,1773706500000,0.04809,0.04809,0.04777,0.04799,102754.1
2026-03-17 00:30:00,1773707400000,0.04799,0.04815,0.04794,0.04799,65414.5
2026-03-17 00:45:00,1773708300000,0.04799,0.04812,0.04792,0.04812,11833.3
2026-03-17 01:00:00,1773709200000,0.04812,0.04812,0.04783,0.04791,237876.6
2026-03-17 01:15:00,1773710100000,0.04791,0.04802,0.04782,0.04798,63613.2
2026-03-17 01:30:00,1773711000000,0.04798,0.04814,0.04787,0.04804,80027.8
2026-03-17 01:45:00,1773711900000,0.04804,0.04804,0.04782,0.0479,24402.4
2026-03-17 02:00:00,1773712800000,0.0479,0.04805,0.04785,0.0479,31461.5
2026-03-17 02:15:00,1773713700000,0.0479,0.04806,0.04783,0.04789,61751.5
2026-03-17 02:30:00,1773714600000,0.04789,0.04811,0.04788,0.04807,9571.5
2026-03-17 02:45:00,1773715500000,0.04807,0.04816,0.04796,0.04798,48029.1
2026-03-17 03:00:00,1773716400000,0.04798,0.04813,0.04781,0.04793,27704.7
2026-03-17 03:15:00,1773717300000,0.04793,0.04793,0.04777,0.04791,26891.2
2026-03-17 03:30:00,1773718200000,0.04791,0.04791,0.04737,0.04753,390751.4
2026-03-17 03:45:00,1773719100000,0.04753,0.04784,0.04738,0.04784,163280.4
2026-03-17 04:00:00,1773720000000,0.04784,0.04799,0.04773,0.04773,132504.8
2026-03-17 04:15:00,1773720900000,0.04773,0.04778,0.04746,0.0477,152793.4
2026-03-17 04:30:00,1773721800000,0.0477,0.0477,0.04721,0.04742,488291.0
2026-03-17 04:45:00,1773722700000,0.04742,0.04774,0.04741,0.04769,212879.1
2026-03-17 05:00:00,1773723600000,0.04769,0.04771,0.04758,0.04764,62251.3
2026-03-17 05:15:00,1773724500000,0.04764,0.04764,0.04746,0.04755,19794.2
2026-03-17 05:30:00,1773725400000,0.04755,0.04773,0.04744,0.04748,160516.2
2026-03-17 05:45:00,1773726300000,0.04748,0.04772,0.04747,0.0476,210315.7
2026-03-17 06:00:00,1773727200000,0.0476,0.04767,0.04742,0.04756,177926.0
2026-03-17 06:15:00,1773728100000,0.04756,0.04766,0.04752,0.04757,87321.0
2026-03-17 06:30:00,1773729000000,0.04757,0.04759,0.04726,0.04731,74592.3
2026-03-17 06:45:00,1773729900000,0.04731,0.04747,0.04729,0.04744,41805.2
2026-03-17 07:00:00,1773730800000,0.04744,0.04772,0.04744,0.04765,35390.6
2026-03-17 07:15:00,1773731700000,0.04765,0.04777,0.04757,0.0476,47824.7
2026-03-17 07:30:00,1773732600000,0.0476,0.04761,0.04741,0.04754,25899.0
2026-03-17 07:45:00,1773733500000,0.04754,0.04759,0.04741,0.0475,49508.6
2026-03-17 08:00:00,1773734400000,0.0475,0.04765,0.04746,0.0475,158159.3
2026-03-17 08:15:00,1773735300000,0.0475,0.04753,0.04742,0.04745,22875.4
2026-03-17 08:30:00,1773736200000,0.04745,0.04746,0.04735,0.04744,44288.2
2026-03-17 08:45:00,1773737100000,0.04744,0.04745,0.04731,0.04734,17594.1
2026-03-17 09:00:00,1773738000000,0.04734,0.04752,0.04734,0.04752,64217.1
2026-03-17 09:15:00,1773738900000,0.04752,0.04784,0.04752,0.04784,243010.3
2026-03-17 09:30:00,1773739800000,0.04784,0.04789,0.04769,0.04777,64533.4
2026-03-17 09:45:00,1773740700000,0.04777,0.04784,0.04762,0.04764,23563.4
2026-03-17 10:00:00,1773741600000,0.04764,0.04773,0.04742,0.04765,414640.0
2026-03-17 10:15:00,1773742500000,0.04765,0.04775,0.04755,0.04759,231303.2
2026-03-17 10:30:00,1773743400000,0.04759,0.04765,0.04749,0.04765,25860.8
2026-03-17 10:45:00,1773744300000,0.04765,0.04776,0.0476,0.04765,20505.2
2026-03-17 11:00:00,1773745200000,0.04765,0.04787,0.04765,0.04785,35042.5
2026-03-17 11:15:00,1773746100000,0.04785,0.04794,0.0478,0.0479,29011.2
2026-03-17 11:30:00,1773747000000,0.0479,0.04793,0.04783,0.04785,22583.2
2026-03-17 11:45:00,1773747900000,0.04785,0.04798,0.04784,0.04784,15134.7
2026-03-17 12:00:00,1773748800000,0.04784,0.04792,0.04771,0.04772,99899.1
2026-03-17 12:15:00,1773749700000,0.04772,0.04772,0.04753,0.04753,32880.5
2026-03-17 12:30:00,1773750600000,0.04753,0.04754,0.04714,0.04732,199970.8
2026-03-17 12:45:00,1773751500000,0.04732,0.04743,0.04722,0.04728,109820.1
2026-03-17 13:00:00,1773752400000,0.04728,0.04729,0.04713,0.0472,54076.5
2026-03-17 13:15:00,1773753300000,0.0472,0.04726,0.04718,0.04725,23413.9
2026-03-17 13:30:00,1773754200000,0.04725,0.04745,0.04703,0.04707,187336.3
2026-03-17 13:45:00,1773755100000,0.04707,0.04712,0.0468,0.04712,408280.0
2026-03-17 14:00:00,1773756000000,0.04712,0.04721,0.04691,0.04721,133792.5
2026-03-17 14:15:00,1773756900000,0.04721,0.04726,0.04706,0.04724,48308.7
2026-03-17 14:30:00,1773757800000,0.04724,0.04729,0.04702,0.04707,126956.5
2026-03-17 14:45:00,1773758700000,0.04707,0.04717,0.04699,0.04717,35400.9
2026-03-17 15:00:00,1773759600000,0.04717,0.04734,0.04684,0.04689,44049.4
2026-03-17 15:15:00,1773760500000,0.04689,0.04697,0.04684,0.04697,36412.1
2026-03-17 15:30:00,1773761400000,0.04697,0.04714,0.04692,0.04706,121815.4
2026-03-17 15:45:00,1773762300000,0.04706,0.04733,0.047,0.0472,38388.1
2026-03-17 16:00:00,1773763200000,0.0472,0.04728,0.04711,0.04713,50181.7
2026-03-17 16:15:00,1773764100000,0.04713,0.04723,0.04698,0.04703,35207.9
2026-03-17 16:30:00,1773765000000,0.04703,0.04708,0.0469,0.04699,49261.4
2026-03-17 16:45:00,1773765900000,0.04699,0.04718,0.04682,0.04711,230557.9
2026-03-17 17:00:00,1773766800000,0.04711,0.04719,0.04701,0.04717,26279.7
2026-03-17 17:15:00,1773767700000,0.04717,0.04723,0.04709,0.04711,15031.2
2026-03-17 17:30:00,1773768600000,0.04711,0.04724,0.04705,0.04719,8779.3
2026-03-17 17:45:00,1773769500000,0.04719,0.04731,0.04718,0.04731,7249.6
2026-03-17 18:00:00,1773770400000,0.04731,0.04732,0.04715,0.04727,23873.2
2026-03-17 18:15:00,1773771300000,0.04727,0.04728,0.04708,0.04708,3880.4
2026-03-17 18:30:00,1773772200000,0.04708,0.04717,0.047,0.04714,35904.8
2026-03-17 18:45:00,1773773100000,0.04714,0.04724,0.04712,0.04724,21425.2
2026-03-17 19:00:00,1773774000000,0.04724,0.04724,0.04712,0.04718,86269.4
2026-03-17 19:15:00,1773774900000,0.04718,0.04725,0.04711,0.04718,11551.3
2026-03-17 19:30:00,1773775800000,0.04718,0.04736,0.04717,0.0473,48745.7
2026-03-17 19:45:00,1773776700000,0.0473,0.04738,0.04709,0.04709,72066.0
2026-03-17 20:00:00,1773777600000,0.04709,0.04731,0.04707,0.0471,141504.1
2026-03-17 20:15:00,1773778500000,0.0471,0.0472,0.04705,0.04718,149333.7
2026-03-17 20:30:00,1773779400000,0.04718,0.0472,0.04712,0.04716,10569.5
2026-03-17 20:45:00,1773780300000,0.04716,0.04723,0.04712,0.04723,6050.2
2026-03-17 21:00:00,1773781200000,0.04723,0.04733,0.0471,0.04731,25112.7
2026-03-17 21:15:00,1773782100000,0.04731,0.04736,0.04728,0.0473,10983.3
2026-03-17 21:30:00,1773783000000,0.0473,0.04739,0.04716,0.04739,36525.6
2026-03-17 21:45:00,1773783900000,0.04739,0.04739,0.04729,0.04732,12167.2
2026-03-17 22:00:00,1773784800000,0.04732,0.04736,0.04715,0.04717,65724.7
2026-03-17 22:15:00,1773785700000,0.04717,0.04717,0.04711,0.04715,7110.1
2026-03-17 22:30:00,1773786600000,0.04715,0.0472,0.04699,0.04716,156098.1
2026-03-17 22:45:00,1773787500000,0.04716,0.04736,0.04716,0.04736,36888.9
2026-03-17 23:00:00,1773788400000,0.04736,0.04743,0.04721,0.04734,35669.9
2026-03-17 23:15:00,1773789300000,0.04734,0.04734,0.04706,0.04708,13693.9
2026-03-17 23:30:00,1773790200000,0.04708,0.04709,0.04685,0.04695,337403.9
2026-03-17 23:45:00,1773791100000,0.04695,0.04704,0.04695,0.04697,38694.0
2026-03-18 00:00:00,1773792000000,0.04697,0.04707,0.04675,0.04685,165684.6
2026-03-18 00:15:00,1773792900000,0.04685,0.04685,0.04652,0.04669,180345.9
2026-03-18 00:30:00,1773793800000,0.04669,0.04669,0.04645,0.04659,85576.9
2026-03-18 00:45:00,1773794700000,0.04659,0.04676,0.04658,0.04664,18045.5
2026-03-18 01:00:00,1773795600000,0.04664,0.04696,0.04664,0.04694,76154.0
2026-03-18 01:15:00,1773796500000,0.04694,0.04699,0.04689,0.04699,20455.1
2026-03-18 01:30:00,1773797400000,0.04699,0.04715,0.04699,0.04707,26549.4
2026-03-18 01:45:00,1773798300000,0.04707,0.04719,0.047,0.04712,75072.9
2026-03-18 02:00:00,1773799200000,0.04712,0.04739,0.04707,0.04738,62901.1
2026-03-18 02:15:00,1773800100000,0.04738,0.04742,0.04727,0.04727,41671.8
2026-03-18 02:30:00,1773801000000,0.04727,0.04751,0.04727,0.04746,73219.3
2026-03-18 02:45:00,1773801900000,0.04746,0.04748,0.04737,0.04745,40995.8
2026-03-18 03:00:00,1773802800000,0.04745,0.04745,0.04734,0.04739,113792.5
2026-03-18 03:15:00,1773803700000,0.04739,0.0476,0.04739,0.04755,78464.2
2026-03-18 03:30:00,1773804600000,0.04755,0.04767,0.04746,0.04747,33453.0
2026-03-18 03:45:00,1773805500000,0.04747,0.04747,0.04736,0.04739,35460.0
2026-03-18 04:00:00,1773806400000,0.04739,0.04739,0.04714,0.04714,28701.1
2026-03-18 04:15:00,1773807300000,0.04714,0.0472,0.04693,0.04699,210259.3
2026-03-18 04:30:00,1773808200000,0.04699,0.04722,0.04693,0.04722,143163.9
2026-03-18 04:45:00,1773809100000,0.04722,0.04729,0.04722,0.04729,13449.4
2026-03-18 05:00:00,1773810000000,0.04729,0.04765,0.04729,0.04761,30890.1
2026-03-18 05:15:00,1773810900000,0.04761,0.04774,0.04748,0.04748,100421.0
2026-03-18 05:30:00,1773811800000,0.04748,0.04762,0.04747,0.04752,137904.3
2026-03-18 05:45:00,1773812700000,0.04752,0.04752,0.04733,0.04737,52343.2
2026-03-18 06:00:00,1773813600000,0.04737,0.04743,0.04729,0.04729,58697.3
2026-03-18 06:15:00,1773814500000,0.04729,0.04742,0.04715,0.04742,23307.9
2026-03-18 06:30:00,1773815400000,0.04742,0.04749,0.04718,0.0472,142858.9
2026-03-18 06:45:00,1773816300000,0.0472,0.04738,0.04719,0.04721,224530.7
2026-03-18 07:00:00,1773817200000,0.04721,0.04721,0.04688,0.04717,428893.3
2026-03-18 07:15:00,1773818100000,0.04717,0.04718,0.04701,0.04701,25503.7
2026-03-18 07:30:00,1773819000000,0.04701,0.04723,0.04695,0.04709,303059.7
2026-03-18 07:45:00,1773819900000,0.04709,0.04741,0.04705,0.0474,152311.0
2026-03-18 08:00:00,1773820800000,0.0474,0.04765,0.04738,0.04743,190743.2
2026-03-18 08:15:00,1773821700000,0.04743,0.04762,0.04743,0.04759,31004.6
2026-03-18 08:30:00,1773822600000,0.04759,0.04759,0.04729,0.04739,31813.0
2026-03-18 08:45:00,1773823500000,0.04739,0.04778,0.04739,0.04759,119168.1
2026-03-18 09:00:00,1773824400000,0.04759,0.04768,0.04753,0.04762,38223.3
2026-03-18 09:15:00,1773825300000,0.04762,0.04765,0.04759,0.04764,7625.4
2026-03-18 09:30:00,1773826200000,0.04764,0.04766,0.04757,0.04762,25989.2
2026-03-18 09:45:00,1773827100000,0.04762,0.04764,0.0474,0.04741,11794.7
2026-03-18 10:00:00,1773828000000,0.04741,0.04741,0.04725,0.04727,13955.7
2026-03-18 10:15:00,1773828900000,0.04727,0.04728,0.04709,0.04727,48365.8
2026-03-18 10:30:00,1773829800000,0.04727,0.04727,0.047,0.047,33079.6
2026-03-18 10:45:00,1773830700000,0.047,0.04724,0.04694,0.04724,268922.0
2026-03-18 11:00:00,1773831600000,0.04724,0.04727,0.04697,0.04713,67762.5
2026-03-18 11:15:00,1773832500000,0.04713,0.04723,0.04682,0.04689,61053.6
2026-03-18 11:30:00,1773833400000,0.04689,0.04693,0.0459,0.0462,2163807.1
2026-03-18 11:45:00,1773834300000,0.0462,0.04631,0.04591,0.04613,758695.3
2026-03-18 12:00:00,1773835200000,0.04613,0.04613,0.04578,0.046,347905.8
2026-03-18 12:15:00,1773836100000,0.046,0.04608,0.04588,0.046,56006.6
2026-03-18 12:30:00,1773837000000,0.046,0.04603,0.04535,0.04595,1411846.4
2026-03-18 12:45:00,1773837900000,0.04595,0.04601,0.04569,0.04574,163158.3
2026-03-18 13:00:00,1773838800000,0.04574,0.04579,0.04538,0.04575,151024.2
2026-03-18 13:15:00,1773839700000,0.04575,0.04575,0.04546,0.04553,55415.1
2026-03-18 13:30:00,1773840600000,0.04553,0.04576,0.04479,0.0454,2657039.9
2026-03-18 13:45:00,1773841500000,0.0454,0.04547,0.04511,0.0453,224760.7
2026-03-18 14:00:00,1773842400000,0.0453,0.04531,0.04451,0.04471,1603399.8
2026-03-18 14:15:00,1773843300000,0.04471,0.04497,0.04455,0.04461,214203.2
2026-03-18 14:30:00,1773844200000,0.04461,0.04474,0.04414,0.04416,646010.7
2026-03-18 14:45:00,1773845100000,0.04416,0.04439,0.04407,0.0441,79726.9
2026-03-18 15:00:00,1773846000000,0.0441,0.04438,0.04376,0.04398,301798.3
2026-03-18 15:15:00,1773846900000,0.04398,0.04416,0.04398,0.04404,91674.5
2026-03-18 15:30:00,1773847800000,0.04404,0.04443,0.04404,0.04435,61865.0
2026-03-18 15:45:00,1773848700000,0.04435,0.04467,0.04429,0.04443,896955.0
2026-03-18 16:00:00,1773849600000,0.04443,0.04449,0.04402,0.0443,2148225.4
2026-03-18 16:15:00,1773850500000,0.0443,0.04433,0.04413,0.04413,165699.8
2026-03-18 16:30:00,1773851400000,0.04413,0.04445,0.0441,0.04432,676571.8
2026-03-18 16:45:00,1773852300000,0.04432,0.04438,0.04428,0.04431,19052.1
2026-03-18 17:00:00,1773853200000,0.04431,0.04432,0.04413,0.04427,96571.7
2026-03-18 17:15:00,1773854100000,0.04427,0.04446,0.04418,0.04443,34845.3
2026-03-18 17:30:00,1773855000000,0.04443,0.04493,0.04439,0.04488,157869.0
2026-03-18 17:45:00,1773855900000,0.04488,0.04488,0.04468,0.04476,48904.0
2026-03-18 18:00:00,1773856800000,0.04476,0.04529,0.04471,0.04507,188674.4
2026-03-18 18:15:00,1773857700000,0.04507,0.04507,0.04478,0.04483,50606.2
2026-03-18 18:30:00,1773858600000,0.04483,0.04502,0.04482,0.04484,23181.0
2026-03-18 18:45:00,1773859500000,0.04484,0.04484,0.04451,0.0446,117045.9
2026-03-18 19:00:00,1773860400000,0.0446,0.04493,0.0446,0.04481,67361.4
2026-03-18 19:15:00,1773861300000,0.04481,0.04494,0.04474,0.04477,14203.3
2026-03-18 19:30:00,1773862200000,0.04477,0.04478,0.0446,0.04462,36997.9
2026-03-18 19:45:00,1773863100000,0.04462,0.04464,0.04452,0.04453,11201.8
2026-03-18 20:00:00,1773864000000,0.04453,0.04453,0.04416,0.04446,119372.7
2026-03-18 20:15:00,1773864900000,0.04446,0.04465,0.0444,0.04457,232193.4
2026-03-18 20:30:00,1773865800000,0.04457,0.04468,0.0445,0.0446,148107.2
2026-03-18 20:45:00,1773866700000,0.0446,0.04465,0.04438,0.04453,407284.7
2026-03-18 21:00:00,1773867600000,0.04453,0.04459,0.04448,0.04456,31205.5
2026-03-18 21:15:00,1773868500000,0.04456,0.04499,0.04451,0.04482,523452.7
2026-03-18 21:30:00,1773869400000,0.04482,0.04509,0.04467,0.04502,479075.0
2026-03-18 21:45:00,1773870300000,0.04502,0.04526,0.0449,0.0449,710239.6
2026-03-18 22:00:00,1773871200000,0.0449,0.04502,0.04484,0.04491,172648.2
2026-03-18 22:15:00,1773872100000,0.04491,0.04507,0.04487,0.04492,145122.8
2026-03-18 22:30:00,1773873000000,0.04492,0.04494,0.04479,0.04487,136949.4
2026-03-18 22:45:00,1773873900000,0.04487,0.04487,0.04478,0.04486,9867.3
2026-03-18 23:00:00,1773874800000,0.04486,0.04491,0.04478,0.04479,152008.6
2026-03-18 23:15:00,1773875700000,0.04479,0.04482,0.04475,0.04482,22551.8
2026-03-18 23:30:00,1773876600000,0.04482,0.04487,0.0448,0.04483,16482.2
2026-03-18 23:45:00,1773877500000,0.04483,0.04483,0.04477,0.04479,45655.7
2026-03-19 00:00:00,1773878400000,0.04479,0.0448,0.04456,0.0446,39926.7
2026-03-19 00:15:00,1773879300000,0.0446,0.04482,0.0446,0.04479,31438.9
2026-03-19 00:30:00,1773880200000,0.04479,0.04479,0.04442,0.04445,51273.1
2026-03-19 00:45:00,1773881100000,0.04445,0.04457,0.04445,0.04452,16179.1
2026-03-19 01:00:00,1773882000000,0.04452,0.04454,0.04435,0.0444,36155.6
2026-03-19 01:15:00,1773882900000,0.0444,0.04446,0.04436,0.04437,15231.4
2026-03-19 01:30:00,1773883800000,0.04437,0.04446,0.04437,0.04446,10270.3
2026-03-19 01:45:00,1773884700000,0.04446,0.04454,0.04445,0.0445,21678.4
2026-03-19 02:00:00,1773885600000,0.0445,0.04458,0.04432,0.04453,102317.2
2026-03-19 02:15:00,1773886500000,0.04453,0.0446,0.0445,0.04456,9247.1
2026-03-19 02:30:00,1773887400000,0.04456,0.04456,0.04449,0.04455,5074.8
2026-03-19 02:45:00,1773888300000,0.04455,0.04479,0.0445,0.04451,362046.5
2026-03-19 03:00:00,1773889200000,0.04451,0.0447,0.0445,0.04459,87172.1
2026-03-19 03:15:00,1773890100000,0.04459,0.04498,0.04454,0.04492,308539.7
2026-03-19 03:30:00,1773891000000,0.04492,0.04494,0.04468,0.0447,50881.2
2026-03-19 03:45:00,1773891900000,0.0447,0.0448,0.04464,0.04471,45000.2
2026-03-19 04:00:00,1773892800000,0.04471,0.04476,0.04459,0.04474,70655.9
2026-03-19 04:15:00,1773893700000,0.04474,0.04474,0.04457,0.0446,21187.3
2026-03-19 04:30:00,1773894600000,0.0446,0.04466,0.04453,0.04455,45504.8
2026-03-19 04:45:00,1773895500000,0.04455,0.04455,0.04436,0.0444,31899.3
2026-03-19 05:00:00,1773896400000,0.0444,0.04442,0.04436,0.04437,32164.4
2026-03-19 05:15:00,1773897300000,0.04437,0.04446,0.04418,0.04418,19258.6
2026-03-19 05:30:00,1773898200000,0.04418,0.04419,0.04356,0.04389,1567249.9
2026-03-19 05:45:00,1773899100000,0.04389,0.04415,0.04378,0.04395,1739373.0
2026-03-19 06:00:00,1773900000000,0.04395,0.04399,0.04383,0.04394,106450.6
2026-03-19 06:15:00,1773900900000,0.04394,0.04402,0.04381,0.04381,40969.2
2026-03-19 06:30:00,1773901800000,0.04381,0.0439,0.04368,0.0439,45541.1
2026-03-19 06:45:00,1773902700000,0.0439,0.04397,0.0439,0.04392,7840.0
2026-03-19 07:00:00,1773903600000,0.04392,0.044,0.04368,0.04372,62196.1
2026-03-19 07:15:00,1773904500000,0.04372,0.04372,0.04313,0.04345,858620.5
2026-03-19 07:30:00,1773905400000,0.04345,0.04372,0.04343,0.04361,73986.6
2026-03-19 07:45:00,1773906300000,0.04361,0.04372,0.0435,0.04352,233866.3
2026-03-19 08:00:00,1773907200000,0.04352,0.04355,0.0434,0.04345,31413.1
2026-03-19 08:15:00,1773908100000,0.04345,0.04353,0.04331,0.04333,190251.6
2026-03-19 08:30:00,1773909000000,0.04333,0.04375,0.04332,0.04365,80222.2
2026-03-19 08:45:00,1773909900000,0.04365,0.04366,0.04348,0.04349,18964.1
2026-03-19 09:00:00,1773910800000,0.04349,0.04379,0.04346,0.04363,306466.3
2026-03-19 09:15:00,1773911700000,0.04363,0.04389,0.04346,0.04377,132303.6
2026-03-19 09:30:00,1773912600000,0.04377,0.04388,0.0437,0.04382,29108.8
2026-03-19 09:45:00,1773913500000,0.04382,0.04387,0.0438,0.04386,9572.7
2026-03-19 10:00:00,1773914400000,0.04386,0.04386,0.04375,0.04375,46363.7
2026-03-19 10:15:00,1773915300000,0.04375,0.04379,0.04373,0.04373,24284.5
2026-03-19 10:30:00,1773916200000,0.04373,0.04374,0.04346,0.04347,51430.3
2026-03-19 10:45:00,1773917100000,0.04347,0.04357,0.04342,0.04342,10080.8
2026-03-19 11:00:00,1773918000000,0.04342,0.0435,0.04339,0.04344,8088.2
2026-03-19 11:15:00,1773918900000,0.04344,0.04348,0.04342,0.04348,3690.5
2026-03-19 11:30:00,1773919800000,0.04348,0.04352,0.04329,0.04335,36960.2
2026-03-19 11:45:00,1773920700000,0.04335,0.04342,0.04335,0.04338,10364.1
2026-03-19 12:00:00,1773921600000,0.04338,0.04339,0.04321,0.04326,25633.7
2026-03-19 12:15:00,1773922500000,0.04326,0.04326,0.04286,0.04295,75761.8
2026-03-19 12:30:00,1773923400000,0.04295,0.04304,0.04275,0.04302,103752.9
2026-03-19 12:45:00,1773924300000,0.04302,0.04302,0.04265,0.0427,58723.3
2026-03-19 13:00:00,1773925200000,0.0427,0.04283,0.04252,0.04259,137260.6
2026-03-19 13:15:00,1773926100000,0.04259,0.04281,0.04253,0.04272,162239.4
2026-03-19 13:30:00,1773927000000,0.04272,0.04296,0.04258,0.04288,58990.6
2026-03-19 13:45:00,1773927900000,0.04288,0.0431,0.04283,0.04306,54759.7
2026-03-19 14:00:00,1773928800000,0.04306,0.04325,0.0427,0.04288,241121.1
2026-03-19 14:15:00,1773929700000,0.04288,0.04292,0.04273,0.04273,23795.3
2026-03-19 14:30:00,1773930600000,0.04273,0.04295,0.04271,0.04292,17581.9
2026-03-19 14:45:00,1773931500000,0.04292,0.04305,0.04287,0.04294,33755.7
2026-03-19 15:00:00,1773932400000,0.04294,0.04307,0.04284,0.04287,20274.9
2026-03-19 15:15:00,1773933300000,0.04287,0.04287,0.04255,0.04255,30886.1
2026-03-19 15:30:00,1773934200000,0.04255,0.04265,0.04233,0.04233,90041.8
2026-03-19 15:45:00,1773935100000,0.04233,0.04278,0.04179,0.04219,1988248.3
2026-03-19 16:00:00,1773936000000,0.04219,0.04239,0.04215,0.04221,45997.6
2026-03-19 16:15:00,1773936900000,0.04221,0.04228,0.04218,0.04222,75722.7
2026-03-19 16:30:00,1773937800000,0.04222,0.04223,0.04189,0.04189,27140.8
2026-03-19 16:45:00,1773938700000,0.04189,0.04213,0.04189,0.04213,38656.2
2026-03-19 17:00:00,1773939600000,0.04213,0.04213,0.04178,0.04181,177145.9
2026-03-19 17:15:00,1773940500000,0.04181,0.04229,0.04176,0.04225,141483.4
2026-03-19 17:30:00,1773941400000,0.04225,0.04238,0.04225,0.04229,57843.2
2026-03-19 17:45:00,1773942300000,0.04229,0.04269,0.04229,0.04269,60158.9
2026-03-19 18:00:00,1773943200000,0.04269,0.04269,0.04263,0.04269,40434.1
2026-03-19 18:15:00,1773944100000,0.04269,0.0427,0.04255,0.04256,47165.0
2026-03-19 18:30:00,1773945000000,0.04256,0.04256,0.04238,0.04238,15357.1
2026-03-19 18:45:00,1773945900000,0.04238,0.0424,0.0423,0.04234,58644.2
2026-03-19 19:00:00,1773946800000,0.04234,0.04274,0.04234,0.04266,29900.0
2026-03-19 19:15:00,1773947700000,0.04266,0.0428,0.04262,0.04267,29600.7
2026-03-19 19:30:00,1773948600000,0.04267,0.04282,0.04258,0.04282,57089.2
2026-03-19 19:45:00,1773949500000,0.04282,0.04282,0.04254,0.04254,61798.2
2026-03-19 20:00:00,1773950400000,0.04254,0.04259,0.04244,0.04245,14548.4
2026-03-19 20:15:00,1773951300000,0.04245,0.04256,0.04245,0.0425,8808.7
2026-03-19 20:30:00,1773952200000,0.0425,0.04278,0.0425,0.04267,98867.5
2026-03-19 20:45:00,1773953100000,0.04267,0.04272,0.04262,0.04265,76968.4
2026-03-19 21:00:00,1773954000000,0.04265,0.0428,0.04264,0.04273,27232.6
2026-03-19 21:15:00,1773954900000,0.04273,0.0428,0.04263,0.04276,31018.1
2026-03-19 21:30:00,1773955800000,0.04276,0.0428,0.04268,0.04268,66159.6
2026-03-19 21:45:00,1773956700000,0.04268,0.04279,0.04268,0.04278,21343.8
2026-03-19 22:00:00,1773957600000,0.04278,0.04278,0.04257,0.04269,33196.4
2026-03-19 22:15:00,1773958500000,0.04269,0.04273,0.0426,0.04267,3344.5
2026-03-19 22:30:00,1773959400000,0.04267,0.04268,0.04247,0.04249,24519.6
2026-03-19 22:45:00,1773960300000,0.04249,0.04262,0.04246,0.04256,5472.5
2026-03-19 23:00:00,1773961200000,0.04256,0.04274,0.04256,0.04265,9695.8
2026-03-19 23:15:00,1773962100000,0.04265,0.04279,0.04251,0.04264,72928.4
2026-03-19 23:30:00,1773963000000,0.04264,0.04275,0.04251,0.04254,31948.7
2026-03-19 23:45:00,1773963900000,0.04254,0.04282,0.04254,0.04274,68736.5
2026-03-20 00:00:00,1773964800000,0.04274,0.04292,0.04271,0.04289,43273.0
2026-03-20 00:15:00,1773965700000,0.04289,0.04291,0.04271,0.04278,46818.8
2026-03-20 00:30:00,1773966600000,0.04278,0.04301,0.04278,0.04296,76658.8
2026-03-20 00:45:00,1773967500000,0.04296,0.04308,0.04287,0.04291,55886.5
2026-03-20 01:00:00,1773968400000,0.04291,0.04307,0.0429,0.04298,32207.6
2026-03-20 01:15:00,1773969300000,0.04298,0.04302,0.04289,0.04289,29863.3
2026-03-20 01:30:00,1773970200000,0.04289,0.04306,0.04289,0.04306,24490.5
2026-03-20 01:45:00,1773971100000,0.04306,0.0431,0.04297,0.04299,10181.6
2026-03-20 02:00:00,1773972000000,0.04299,0.04303,0.04291,0.04292,66715.2
2026-03-20 02:15:00,1773972900000,0.04292,0.04292,0.04281,0.04282,13296.4
2026-03-20 02:30:00,1773973800000,0.04282,0.04293,0.04276,0.04292,51567.9
2026-03-20 02:45:00,1773974700000,0.04292,0.04301,0.04281,0.04291,47908.5
2026-03-20 03:00:00,1773975600000,0.04291,0.04292,0.04282,0.04283,25066.9
2026-03-20 03:15:00,1773976500000,0.04283,0.04295,0.04281,0.04295,43028.9
2026-03-20 03:30:00,1773977400000,0.04295,0.04303,0.04284,0.04292,45301.2
2026-03-20 03:45:00,1773978300000,0.04292,0.04305,0.04289,0.04295,41569.9
2026-03-20 04:00:00,1773979200000,0.04295,0.04296,0.04288,0.04296,29987.2
2026-03-20 04:15:00,1773980100000,0.04296,0.04297,0.04293,0.04294,26873.3
2026-03-20 04:30:00,1773981000000,0.04294,0.04295,0.04272,0.04275,30266.2
2026-03-20 04:45:00,1773981900000,0.04275,0.04292,0.04275,0.04289,10765.7
2026-03-20 05:00:00,1773982800000,0.04289,0.04299,0.04283,0.04296,19461.8
2026-03-20 05:15:00,1773983700000,0.04296,0.043,0.04284,0.04284,6214.8
2026-03-20 05:30:00,1773984600000,0.04284,0.04296,0.04282,0.04295,41381.2
2026-03-20 05:45:00,1773985500000,0.04295,0.043,0.0429,0.0429,34320.6
2026-03-20 06:00:00,1773986400000,0.0429,0.04295,0.04284,0.0429,50649.6
2026-03-20 06:15:00,1773987300000,0.0429,0.04291,0.04276,0.04279,22845.7
2026-03-20 06:30:00,1773988200000,0.04279,0.0428,0.04258,0.04261,39038.4
2026-03-20 06:45:00,1773989100000,0.04261,0.04263,0.04256,0.04259,73992.9
2026-03-20 07:00:00,1773990000000,0.04259,0.0426,0.04223,0.04223,147486.1
2026-03-20 07:15:00,1773990900000,0.04223,0.04247,0.04223,0.04243,15440.5
2026-03-20 07:30:00,1773991800000,0.04243,0.04265,0.04239,0.04265,61333.5
2026-03-20 07:45:00,1773992700000,0.04265,0.04266,0.04256,0.04257,6702.2
2026-03-20 08:00:00,1773993600000,0.04257,0.04284,0.04257,0.04284,90357.4
2026-03-20 08:15:00,1773994500000,0.04284,0.04286,0.04275,0.04279,162428.4
2026-03-20 08:30:00,1773995400000,0.04279,0.04288,0.04273,0.04281,54439.3
2026-03-20 08:45:00,1773996300000,0.04281,0.04288,0.04279,0.04284,32240.5
2026-03-20 09:00:00,1773997200000,0.04284,0.04284,0.04254,0.04254,85012.4
2026-03-20 09:15:00,1773998100000,0.04254,0.04256,0.04239,0.04243,48195.8
2026-03-20 09:30:00,1773999000000,0.04243,0.04291,0.04243,0.04286,172782.1
2026-03-20 09:45:00,1773999900000,0.04286,0.04286,0.04269,0.04278,51991.6
2026-03-20 10:00:00,1774000800000,0.04278,0.04285,0.04268,0.04278,106958.8
2026-03-20 10:15:00,1774001700000,0.04278,0.04281,0.04267,0.04267,42004.2
2026-03-20 10:30:00,1774002600000,0.04267,0.04299,0.04266,0.04292,37806.4
2026-03-20 10:45:00,1774003500000,0.04292,0.04297,0.04286,0.04292,158575.0
2026-03-20 11:00:00,1774004400000,0.04292,0.04312,0.04286,0.04299,179862.8
2026-03-20 11:15:00,1774005300000,0.04299,0.04305,0.0429,0.04291,96187.0
2026-03-20 11:30:00,1774006200000,0.04291,0.04298,0.04263,0.0428,186552.5
2026-03-20 11:45:00,1774007100000,0.0428,0.0429,0.04276,0.04286,42866.8
2026-03-20 12:00:00,1774008000000,0.04286,0.043,0.04282,0.04286,20678.2
2026-03-20 12:15:00,1774008900000,0.04286,0.04291,0.04271,0.04274,10175.9
2026-03-20 12:30:00,1774009800000,0.04274,0.04278,0.04264,0.04267,19664.7
2026-03-20 12:45:00,1774010700000,0.04267,0.04267,0.04262,0.04264,7749.7
2026-03-20 13:00:00,1774011600000,0.04264,0.04281,0.0426,0.04279,22799.1
2026-03-20 13:15:00,1774012500000,0.04279,0.04298,0.04279,0.04289,45257.8
2026-03-20 13:30:00,1774013400000,0.04289,0.04303,0.04272,0.04296,98866.1
2026-03-20 13:45:00,1774014300000,0.04296,0.04297,0.04263,0.04267,39899.7
2026-03-20 14:00:00,1774015200000,0.04267,0.04285,0.0424,0.04267,152850.8
2026-03-20 14:15:00,1774016100000,0.04267,0.04281,0.04253,0.04278,57322.0
2026-03-20 14:30:00,1774017000000,0.04278,0.04302,0.04278,0.04288,47295.5
2026-03-20 14:45:00,1774017900000,0.04288,0.04291,0.04267,0.04272,111391.3
2026-03-20 15:00:00,1774018800000,0.04272,0.04282,0.0426,0.04277,83784.4
2026-03-20 15:15:00,1774019700000,0.04277,0.04292,0.04259,0.04266,51787.9
2026-03-20 15:30:00,1774020600000,0.04266,0.04278,0.04261,0.04272,62266.9
2026-03-20 15:45:00,1774021500000,0.04272,0.04274,0.04263,0.04274,28707.7
2026-03-20 16:00:00,1774022400000,0.04274,0.04276,0.04264,0.04266,64480.6
2026-03-20 16:15:00,1774023300000,0.04266,0.04285,0.04261,0.04279,25973.9
2026-03-20 16:30:00,1774024200000,0.04279,0.04281,0.04274,0.0428,22244.8
2026-03-20 16:45:00,1774025100000,0.0428,0.04293,0.04275,0.04291,178765.6
2026-03-20 17:00:00,1774026000000,0.04291,0.04301,0.04286,0.04291,26788.4
2026-03-20 17:15:00,1774026900000,0.04291,0.04299,0.04285,0.04299,60468.5
2026-03-20 17:30:00,1774027800000,0.04299,0.04311,0.04292,0.04306,29181.4
2026-03-20 17:45:00,1774028700000,0.04306,0.0432,0.043,0.04315,65514.5
2026-03-20 18:00:00,1774029600000,0.04315,0.04317,0.04299,0.04302,48428.1
2026-03-20 18:15:00,1774030500000,0.04302,0.04302,0.04275,0.04276,44826.4
2026-03-20 18:30:00,1774031400000,0.04276,0.04276,0.04245,0.04255,91794.0
2026-03-20 18:45:00,1774032300000,0.04255,0.04266,0.04244,0.04248,57137.8
2026-03-20 19:00:00,1774033200000,0.04248,0.04255,0.04238,0.04246,28683.3
2026-03-20 19:15:00,1774034100000,0.04246,0.04246,0.04224,0.04224,69462.0
2026-03-20 19:30:00,1774035000000,0.04224,0.04242,0.04216,0.04242,55273.3
2026-03-20 19:45:00,1774035900000,0.04242,0.04256,0.04238,0.04252,16720.3
2026-03-20 20:00:00,1774036800000,0.04252,0.04258,0.04248,0.04254,27008.3
2026-03-20 20:15:00,1774037700000,0.04254,0.04255,0.04237,0.04237,21633.1
2026-03-20 20:30:00,1774038600000,0.04237,0.04243,0.0422,0.04239,37487.7
2026-03-20 20:45:00,1774039500000,0.04239,0.04257,0.04239,0.04255,53219.5
2026-03-20 21:00:00,1774040400000,0.04255,0.04259,0.04247,0.04259,23146.6
2026-03-20 21:15:00,1774041300000,0.04259,0.04289,0.04258,0.04279,58812.9
2026-03-20 21:30:00,1774042200000,0.04279,0.04303,0.04271,0.04277,44229.5
2026-03-20 21:45:00,1774043100000,0.04277,0.04294,0.04274,0.04288,25191.7
2026-03-20 22:00:00,1774044000000,0.04288,0.04317,0.04288,0.04302,55262.8
2026-03-20 22:15:00,1774044900000,0.04302,0.04305,0.04289,0.04292,20960.1
2026-03-20 22:30:00,1774045800000,0.04292,0.04302,0.04284,0.04295,185133.1
2026-03-20 22:45:00,1774046700000,0.04295,0.043,0.04287,0.04292,17686.0
2026-03-20 23:00:00,1774047600000,0.04292,0.04292,0.0427,0.0428,54348.9
2026-03-20 23:15:00,1774048500000,0.0428,0.04289,0.04272,0.04289,94002.2
2026-03-20 23:30:00,1774049400000,0.04289,0.04312,0.04288,0.04303,58410.0
2026-03-20 23:45:00,1774050300000,0.04303,0.04311,0.04295,0.04295,51431.2
2026-03-21 00:00:00,1774051200000,0.04295,0.04312,0.04294,0.04309,26002.2
2026-03-21 00:15:00,1774052100000,0.04309,0.0433,0.04308,0.04324,44671.5
2026-03-21 00:30:00,1774053000000,0.04324,0.04331,0.04314,0.04324,46942.6
2026-03-21 00:45:00,1774053900000,0.04324,0.0433,0.04324,0.0433,18774.5
2026-03-21 01:00:00,1774054800000,0.0433,0.04343,0.04324,0.04339,84566.6
2026-03-21 01:15:00,1774055700000,0.04339,0.0434,0.04325,0.04331,92505.9
2026-03-21 01:30:00,1774056600000,0.04331,0.04353,0.04322,0.04348,64902.7
2026-03-21 01:45:00,1774057500000,0.04348,0.04357,0.04341,0.04345,24238.0
2026-03-21 02:00:00,1774058400000,0.04345,0.0435,0.04314,0.0432,206158.9
2026-03-21 02:15:00,1774059300000,0.0432,0.04327,0.04305,0.04317,57761.5
2026-03-21 02:30:00,1774060200000,0.04317,0.04324,0.04316,0.04322,31631.7
2026-03-21 02:45:00,1774061100000,0.04322,0.04328,0.04312,0.04312,58821.5
2026-03-21 03:00:00,1774062000000,0.04312,0.04314,0.043,0.043,86360.7
2026-03-21 03:15:00,1774062900000,0.043,0.04301,0.04285,0.0429,88057.4
2026-03-21 03:30:00,1774063800000,0.0429,0.04295,0.04288,0.04295,13694.8
2026-03-21 03:45:00,1774064700000,0.04295,0.04298,0.04293,0.04298,30524.0
2026-03-21 04:00:00,1774065600000,0.04298,0.04298,0.04285,0.04295,25615.7
2026-03-21 04:15:00,1774066500000,0.04295,0.04302,0.04292,0.04299,91134.4
2026-03-21 04:30:00,1774067400000,0.04299,0.043,0.04281,0.04281,33115.3
2026-03-21 04:45:00,1774068300000,0.04281,0.04287,0.04281,0.04287,16640.8
2026-03-21 05:00:00,1774069200000,0.04287,0.04296,0.04286,0.04288,61412.4
2026-03-21 05:15:00,1774070100000,0.04288,0.04294,0.0428,0.0428,19709.9
2026-03-21 05:30:00,1774071000000,0.0428,0.04285,0.04278,0.04279,23059.9
2026-03-21 05:45:00,1774071900000,0.04279,0.0428,0.04273,0.04278,11723.9
2026-03-21 06:00:00,1774072800000,0.04278,0.04282,0.04275,0.04281,24680.1
2026-03-21 06:15:00,1774073700000,0.04281,0.04283,0.0428,0.04283,10415.7
2026-03-21 06:30:00,1774074600000,0.04283,0.04287,0.04283,0.04285,55835.4
2026-03-21 06:45:00,1774075500000,0.04285,0.04288,0.04278,0.04278,29679.9
2026-03-21 07:00:00,1774076400000,0.04278,0.04284,0.04278,0.04282,69159.4
2026-03-21 07:15:00,1774077300000,0.04282,0.04288,0.04282,0.04282,27612.6
2026-03-21 07:30:00,1774078200000,0.04282,0.04282,0.04272,0.0428,23952.3
2026-03-21 07:45:00,1774079100000,0.0428,0.04311,0.04269,0.04273,199424.6
2026-03-21 08:00:00,1774080000000,0.04273,0.04284,0.04273,0.04276,38425.0
2026-03-21 08:15:00,1774080900000,0.04276,0.0428,0.04266,0.04276,20659.9
2026-03-21 08:30:00,1774081800000,0.04276,0.04285,0.04274,0.04285,99426.4
2026-03-21 08:45:00,1774082700000,0.04285,0.04295,0.04284,0.04286,63029.3
2026-03-21 09:00:00,1774083600000,0.04286,0.04288,0.0428,0.0428,9457.1
2026-03-21 09:15:00,1774084500000,0.0428,0.0428,0.0427,0.04271,13084.4
2026-03-21 09:30:00,1774085400000,0.04271,0.04271,0.04258,0.0426,131122.9
2026-03-21 09:45:00,1774086300000,0.0426,0.04262,0.04255,0.04257,94198.1
2026-03-21 10:00:00,1774087200000,0.04257,0.04257,0.0424,0.0424,69223.7
2026-03-21 10:15:00,1774088100000,0.0424,0.04242,0.0423,0.04232,18679.5
2026-03-21 10:30:00,1774089000000,0.04232,0.0425,0.04232,0.04245,136693.5
2026-03-21 10:45:00,1774089900000,0.04245,0.04248,0.04241,0.04241,39139.8
2026-03-21 11:00:00,1774090800000,0.04241,0.04246,0.04232,0.04234,10744.1
2026-03-21 11:15:00,1774091700000,0.04234,0.04242,0.04234,0.0424,10315.2
2026-03-21 11:30:00,1774092600000,0.0424,0.0424,0.04229,0.04236,19199.4
2026-03-21 11:45:00,1774093500000,0.04236,0.04241,0.04236,0.04236,9351.8
2026-03-21 12:00:00,1774094400000,0.04236,0.04243,0.04236,0.04243,31331.4
2026-03-21 12:15:00,1774095300000,0.04243,0.04251,0.0424,0.0424,74506.6
2026-03-21 12:30:00,1774096200000,0.0424,0.04244,0.04236,0.04236,64853.7
2026-03-21 12:45:00,1774097100000,0.04236,0.04237,0.04231,0.04237,17340.4
2026-03-21 13:00:00,1774098000000,0.04237,0.04237,0.04231,0.04233,5857.0
2026-03-21 13:15:00,1774098900000,0.04233,0.04238,0.04231,0.04238,36244.1
2026-03-21 13:30:00,1774099800000,0.04238,0.04238,0.04229,0.0423,8209.7
2026-03-21 13:45:00,1774100700000,0.0423,0.04238,0.0423,0.04238,4420.6
2026-03-21 14:00:00,1774101600000,0.04238,0.04259,0.04235,0.04247,106699.1
2026-03-21 14:15:00,1774102500000,0.04247,0.04249,0.04237,0.04245,93045.6
2026-03-21 14:30:00,1774103400000,0.04245,0.0425,0.04243,0.0425,11037.1
2026-03-21 14:45:00,1774104300000,0.0425,0.0425,0.04237,0.04238,20777.0
2026-03-21 15:00:00,1774105200000,0.04238,0.0425,0.04237,0.0425,7477.1
2026-03-21 15:15:00,1774106100000,0.0425,0.0426,0.04242,0.0426,20235.8
2026-03-21 15:30:00,1774107000000,0.0426,0.04278,0.0426,0.04273,48029.3
2026-03-21 15:45:00,1774107900000,0.04273,0.04278,0.04267,0.04278,52317.1
2026-03-21 16:00:00,1774108800000,0.04278,0.04278,0.04269,0.0427,32421.9
2026-03-21 16:15:00,1774109700000,0.0427,0.04271,0.04253,0.04254,19936.7
2026-03-21 16:30:00,1774110600000,0.04254,0.0426,0.04254,0.04257,15528.4
2026-03-21 16:45:00,1774111500000,0.04257,0.04261,0.04251,0.04251,14408.6
2026-03-21 17:00:00,1774112400000,0.04251,0.04252,0.04239,0.04241,31596.6
2026-03-21 17:15:00,1774113300000,0.04241,0.04252,0.04241,0.04248,10628.3
2026-03-21 17:30:00,1774114200000,0.04248,0.04257,0.04248,0.04255,10856.9
2026-03-21 17:45:00,1774115100000,0.04255,0.04255,0.04245,0.04246,5997.9
2026-03-21 18:00:00,1774116000000,0.04246,0.04255,0.04246,0.0425,14362.8
2026-03-21 18:15:00,1774116900000,0.0425,0.04254,0.0425,0.04254,1079.8
2026-03-21 18:30:00,1774117800000,0.04254,0.04274,0.04254,0.04274,19520.2
2026-03-21 18:45:00,1774118700000,0.04274,0.04274,0.04261,0.04261,28228.5
2026-03-21 19:00:00,1774119600000,0.04261,0.04267,0.04261,0.04266,16717.2
2026-03-21 19:15:00,1774120500000,0.04266,0.04266,0.04257,0.0426,13216.8
2026-03-21 19:30:00,1774121400000,0.0426,0.0426,0.04257,0.04257,8317.8
2026-03-21 19:45:00,1774122300000,0.04257,0.04258,0.04253,0.04257,22747.6
2026-03-21 20:00:00,1774123200000,0.04257,0.04259,0.04244,0.04255,109280.9
2026-03-21 20:15:00,1774124100000,0.04255,0.04269,0.04251,0.04269,111803.8
2026-03-21 20:30:00,1774125000000,0.04269,0.04274,0.04265,0.04274,10189.8
2026-03-21 20:45:00,1774125900000,0.04274,0.04279,0.04272,0.04276,88605.8
2026-03-21 21:00:00,1774126800000,0.04276,0.04277,0.04268,0.04268,37763.8
2026-03-21 21:15:00,1774127700000,0.04268,0.0427,0.04264,0.0427,4642.6
2026-03-21 21:30:00,1774128600000,0.0427,0.04273,0.04265,0.04267,19601.2
2026-03-21 21:45:00,1774129500000,0.04267,0.04267,0.04246,0.04256,250144.8
2026-03-21 22:00:00,1774130400000,0.04256,0.04256,0.04236,0.04239,77782.7
2026-03-21 22:15:00,1774131300000,0.04239,0.04247,0.04238,0.04247,7575.0
2026-03-21 22:30:00,1774132200000,0.04247,0.0425,0.04246,0.04246,8436.8
2026-03-21 22:45:00,1774133100000,0.04246,0.04246,0.04239,0.04241,9590.6
2026-03-21 23:00:00,1774134000000,0.04241,0.04241,0.04227,0.04227,70872.8
2026-03-21 23:15:00,1774134900000,0.04227,0.04236,0.04227,0.04234,18424.6
2026-03-21 23:30:00,1774135800000,0.04234,0.04238,0.04232,0.04237,5844.5
2026-03-21 23:45:00,1774136700000,0.04237,0.04237,0.04131,0.04156,599157.6
2026-03-22 00:00:00,1774137600000,0.04156,0.04158,0.04076,0.0413,687085.7
2026-03-22 00:15:00,1774138500000,0.0413,0.04146,0.04125,0.04134,113210.1
2026-03-22 00:30:00,1774139400000,0.04134,0.04158,0.04134,0.04157,108654.1
2026-03-22 00:45:00,1774140300000,0.04157,0.04164,0.04138,0.04148,56312.0
2026-03-22 01:00:00,1774141200000,0.04148,0.04162,0.04141,0.04156,48607.5
2026-03-22 01:15:00,1774142100000,0.04156,0.04165,0.04143,0.04143,23201.8
2026-03-22 01:30:00,1774143000000,0.04143,0.04155,0.04132,0.04138,62457.7
2026-03-22 01:45:00,1774143900000,0.04138,0.04151,0.04134,0.0415,37883.2
2026-03-22 02:00:00,1774144800000,0.0415,0.0416,0.04147,0.04152,43974.2
2026-03-22 02:15:00,1774145700000,0.04152,0.04181,0.04143,0.04171,56114.5
2026-03-22 02:30:00,1774146600000,0.04171,0.04172,0.04156,0.04156,36266.6
2026-03-22 02:45:00,1774147500000,0.04156,0.04176,0.04154,0.04174,33835.0
2026-03-22 03:00:00,1774148400000,0.04174,0.04174,0.04158,0.04169,74044.3
2026-03-22 03:15:00,1774149300000,0.04169,0.04196,0.04166,0.0418,35575.0
2026-03-22 03:30:00,1774150200000,0.0418,0.04188,0.04164,0.04164,59396.9
2026-03-22 03:45:00,1774151100000,0.04164,0.04164,0.04151,0.04158,31237.3
2026-03-22 04:00:00,1774152000000,0.04158,0.04163,0.04149,0.04155,35396.0
2026-03-22 04:15:00,1774152900000,0.04155,0.04169,0.04147,0.04153,89703.8
2026-03-22 04:30:00,1774153800000,0.04153,0.04179,0.04153,0.04167,39471.7
2026-03-22 04:45:00,1774154700000,0.04167,0.04181,0.04167,0.04176,12308.0
2026-03-22 05:00:00,1774155600000,0.04176,0.04191,0.04172,0.0419,30787.2
2026-03-22 05:15:00,1774156500000,0.0419,0.04191,0.04171,0.04176,81053.7
2026-03-22 05:30:00,1774157400000,0.04176,0.04181,0.04171,0.04176,54013.0
2026-03-22 05:45:00,1774158300000,0.04176,0.04193,0.04175,0.04188,64925.5
2026-03-22 06:00:00,1774159200000,0.04188,0.04188,0.04174,0.0418,44676.4
2026-03-22 06:15:00,1774160100000,0.0418,0.04182,0.04173,0.0418,39472.6
2026-03-22 06:30:00,1774161000000,0.0418,0.04181,0.04172,0.04174,9045.5
2026-03-22 06:45:00,1774161900000,0.04174,0.04186,0.04172,0.04185,44578.1
2026-03-22 07:00:00,1774162800000,0.04185,0.04189,0.04179,0.04186,22668.6
2026-03-22 07:15:00,1774163700000,0.04186,0.04193,0.04181,0.04181,10505.5
2026-03-22 07:30:00,1774164600000,0.04181,0.04181,0.04171,0.04173,17275.6
2026-03-22 07:45:00,1774165500000,0.04173,0.04174,0.04155,0.04155,88066.7
2026-03-22 08:00:00,1774166400000,0.04155,0.04158,0.04138,0.04148,34628.1
2026-03-22 08:15:00,1774167300000,0.04148,0.0415,0.04118,0.0413,38733.5
2026-03-22 08:30:00,1774168200000,0.0413,0.04159,0.04121,0.0415,310268.0
2026-03-22 08:45:00,1774169100000,0.0415,0.04154,0.04145,0.04153,39742.5
2026-03-22 09:00:00,1774170000000,0.04153,0.04179,0.04152,0.04178,37891.6
2026-03-22 09:15:00,1774170900000,0.04178,0.04179,0.04151,0.0416,147857.3
2026-03-22 09:30:00,1774171800000,0.0416,0.04174,0.0416,0.04173,23534.6
2026-03-22 09:45:00,1774172700000,0.04173,0.04173,0.04167,0.04169,9248.6
2026-03-22 10:00:00,1774173600000,0.04169,0.04171,0.04158,0.04163,14741.4
2026-03-22 10:15:00,1774174500000,0.04163,0.04167,0.04163,0.04164,5087.7
2026-03-22 10:30:00,1774175400000,0.04164,0.04164,0.04152,0.04152,23565.5
2026-03-22 10:45:00,1774176300000,0.04152,0.04154,0.04142,0.04142,16497.6
2026-03-22 11:00:00,1774177200000,0.04142,0.04142,0.04123,0.04138,134404.1
2026-03-22 11:15:00,1774178100000,0.04138,0.04147,0.04125,0.04129,49594.8
2026-03-22 11:30:00,1774179000000,0.04129,0.04149,0.04129,0.04149,14589.6
2026-03-22 11:45:00,1774179900000,0.04149,0.04149,0.0413,0.0413,63533.9
2026-03-22 12:00:00,1774180800000,0.0413,0.04138,0.04128,0.04133,20336.9
2026-03-22 12:15:00,1774181700000,0.04133,0.04169,0.04133,0.04161,50532.6
2026-03-22 12:30:00,1774182600000,0.04161,0.04165,0.04146,0.04154,56742.0
2026-03-22 12:45:00,1774183500000,0.04154,0.04158,0.04131,0.04145,145079.3
2026-03-22 13:00:00,1774184400000,0.04145,0.0417,0.04145,0.04154,178269.8
2026-03-22 13:15:00,1774185300000,0.04154,0.04159,0.04152,0.04153,15214.4
2026-03-22 13:30:00,1774186200000,0.04153,0.04161,0.04149,0.04154,51304.4
2026-03-22 13:45:00,1774187100000,0.04154,0.04158,0.04146,0.04153,54454.1
2026-03-22 14:00:00,1774188000000,0.04153,0.04153,0.04142,0.0415,28568.8
2026-03-22 14:15:00,1774188900000,0.0415,0.04165,0.04145,0.0416,22074.3
2026-03-22 14:30:00,1774189800000,0.0416,0.04162,0.0415,0.04153,41270.7
2026-03-22 14:45:00,1774190700000,0.04153,0.04153,0.04144,0.04146,19602.2
2026-03-22 15:00:00,1774191600000,0.04146,0.04177,0.04146,0.04175,52194.4
2026-03-22 15:15:00,1774192500000,0.04175,0.04181,0.04161,0.04163,45035.8
2026-03-22 15:30:00,1774193400000,0.04163,0.04165,0.04153,0.04156,21070.8
2026-03-22 15:45:00,1774194300000,0.04156,0.04164,0.04155,0.04162,7472.7
2026-03-22 16:00:00,1774195200000,0.04162,0.04166,0.04159,0.04163,14759.3
2026-03-22 16:15:00,1774196100000,0.04163,0.04167,0.04153,0.04153,13663.8
2026-03-22 16:30:00,1774197000000,0.04153,0.04153,0.04137,0.04144,54435.3
2026-03-22 16:45:00,1774197900000,0.04144,0.04151,0.04136,0.0414,128446.5
2026-03-22 17:00:00,1774198800000,0.0414,0.04145,0.0413,0.04144,44933.9
2026-03-22 17:15:00,1774199700000,0.04144,0.04148,0.04129,0.0413,218635.9
2026-03-22 17:30:00,1774200600000,0.0413,0.04133,0.04121,0.04131,59598.4
2026-03-22 17:45:00,1774201500000,0.04131,0.04147,0.04131,0.04146,128969.9
2026-03-22 18:00:00,1774202400000,0.04146,0.04146,0.04134,0.04141,23652.5
2026-03-22 18:15:00,1774203300000,0.04141,0.04141,0.04131,0.04133,21258.4
2026-03-22 18:30:00,1774204200000,0.04133,0.04133,0.04093,0.04109,113609.5
2026-03-22 18:45:00,1774205100000,0.04109,0.04109,0.041,0.04108,33660.9
2026-03-22 19:00:00,1774206000000,0.04108,0.04108,0.04083,0.04092,138053.3
2026-03-22 19:15:00,1774206900000,0.04092,0.04098,0.04081,0.04088,38583.3
2026-03-22 19:30:00,1774207800000,0.04088,0.04101,0.04076,0.04101,53850.5
2026-03-22 19:45:00,1774208700000,0.04101,0.04105,0.04091,0.04095,111651.6
2026-03-22 20:00:00,1774209600000,0.04095,0.04102,0.04085,0.04092,76411.6
2026-03-22 20:15:00,1774210500000,0.04092,0.04117,0.04092,0.04103,47309.1
2026-03-22 20:30:00,1774211400000,0.04103,0.04108,0.04095,0.04098,20434.3
2026-03-22 20:45:00,1774212300000,0.04098,0.041,0.04076,0.04087,27715.5
2026-03-22 21:00:00,1774213200000,0.04087,0.04099,0.04033,0.04042,557453.2
2026-03-22 21:15:00,1774214100000,0.04042,0.04055,0.04011,0.04048,362415.4
2026-03-22 21:30:00,1774215000000,0.04048,0.04053,0.04024,0.0403,56464.5
2026-03-22 21:45:00,1774215900000,0.0403,0.0404,0.04011,0.04037,110040.3
2026-03-22 22:00:00,1774216800000,0.04037,0.04061,0.04013,0.04033,162431.4
2026-03-22 22:15:00,1774217700000,0.04033,0.0408,0.04028,0.04076,35088.9
2026-03-22 22:30:00,1774218600000,0.04076,0.04089,0.04073,0.04077,232624.9
2026-03-22 22:45:00,1774219500000,0.04077,0.04095,0.04077,0.0409,154220.9
2026-03-22 23:00:00,1774220400000,0.0409,0.04106,0.04088,0.04103,34115.1
2026-03-22 23:15:00,1774221300000,0.04103,0.04103,0.04085,0.04087,61025.9
2026-03-22 23:30:00,1774222200000,0.04087,0.04087,0.04076,0.04081,21459.9
2026-03-22 23:45:00,1774223100000,0.04081,0.04081,0.0406,0.0406,25988.6
2026-03-23 00:00:00,1774224000000,0.0406,0.04071,0.04051,0.04058,87216.2
2026-03-23 00:15:00,1774224900000,0.04058,0.04074,0.04054,0.04066,178567.5
2026-03-23 00:30:00,1774225800000,0.04066,0.04066,0.04033,0.0406,64820.7
2026-03-23 00:45:00,1774226700000,0.0406,0.04072,0.04057,0.04063,52524.4
2026-03-23 01:00:00,1774227600000,0.04063,0.0408,0.04056,0.04074,52363.8
2026-03-23 01:15:00,1774228500000,0.04074,0.041,0.04074,0.04086,157281.9
2026-03-23 01:30:00,1774229400000,0.04086,0.0409,0.04072,0.04075,73302.1
2026-03-23 01:45:00,1774230300000,0.04075,0.04085,0.04075,0.04078,74166.5
2026-03-23 02:00:00,1774231200000,0.04078,0.04089,0.04072,0.04079,22413.7
2026-03-23 02:15:00,1774232100000,0.04079,0.0412,0.04077,0.04114,31781.6
2026-03-23 02:30:00,1774233000000,0.04114,0.04115,0.04099,0.04099,26494.9
2026-03-23 02:45:00,1774233900000,0.04099,0.04099,0.04087,0.04091,183982.3
2026-03-23 03:00:00,1774234800000,0.04091,0.04113,0.04082,0.04082,62845.4
2026-03-23 03:15:00,1774235700000,0.04082,0.04087,0.0408,0.04081,21660.6
2026-03-23 03:30:00,1774236600000,0.04081,0.0409,0.0408,0.04087,28094.8
2026-03-23 03:45:00,1774237500000,0.04087,0.0409,0.04078,0.04081,161879.7
2026-03-23 04:00:00,1774238400000,0.04081,0.04087,0.04073,0.04073,40040.7
2026-03-23 04:15:00,1774239300000,0.04073,0.04084,0.04073,0.04084,36101.7
2026-03-23 04:30:00,1774240200000,0.04084,0.04092,0.04084,0.04087,18045.0
2026-03-23 04:45:00,1774241100000,0.04087,0.04112,0.04086,0.04106,91356.0
2026-03-23 05:00:00,1774242000000,0.04106,0.0412,0.04106,0.04115,177186.7
2026-03-23 05:15:00,1774242900000,0.04115,0.04119,0.04102,0.04103,22527.9
2026-03-23 05:30:00,1774243800000,0.04103,0.04103,0.04089,0.0409,32445.3
2026-03-23 05:45:00,1774244700000,0.0409,0.04105,0.04086,0.04099,52409.9
2026-03-23 06:00:00,1774245600000,0.04099,0.04099,0.04071,0.04073,32353.6
2026-03-23 06:15:00,1774246500000,0.04073,0.04085,0.04073,0.04083,35525.8
2026-03-23 06:30:00,1774247400000,0.04083,0.04088,0.04047,0.04049,86196.2
2026-03-23 06:45:00,1774248300000,0.04049,0.04056,0.04037,0.04053,250346.1
2026-03-23 07:00:00,1774249200000,0.04053,0.0406,0.04032,0.04043,158104.6
2026-03-23 07:15:00,1774250100000,0.04043,0.04043,0.04004,0.04022,158160.2
2026-03-23 07:30:00,1774251000000,0.04022,0.04054,0.04016,0.04047,45352.4
2026-03-23 07:45:00,1774251900000,0.04047,0.0405,0.04034,0.04036,20122.3
2026-03-23 08:00:00,1774252800000,0.04036,0.04045,0.04034,0.04038,61743.1
2026-03-23 08:15:00,1774253700000,0.04038,0.0405,0.04035,0.04047,19310.8
2026-03-23 08:30:00,1774254600000,0.04047,0.0405,0.04037,0.04037,41496.8
2026-03-23 08:45:00,1774255500000,0.04037,0.0404,0.04019,0.04024,41820.7
2026-03-23 09:00:00,1774256400000,0.04024,0.04024,0.04008,0.04008,62756.9
2026-03-23 09:15:00,1774257300000,0.04008,0.04022,0.03992,0.04007,56830.7
2026-03-23 09:30:00,1774258200000,0.04007,0.0401,0.03985,0.03997,60651.2
2026-03-23 09:45:00,1774259100000,0.03997,0.04022,0.03997,0.04022,51365.4
2026-03-23 10:00:00,1774260000000,0.04022,0.04052,0.04022,0.04048,29143.9
2026-03-23 10:15:00,1774260900000,0.04048,0.04048,0.04035,0.04038,25852.5
2026-03-23 10:30:00,1774261800000,0.04038,0.04038,0.04027,0.04036,24169.2
2026-03-23 10:45:00,1774262700000,0.04036,0.04041,0.04031,0.0404,6845.7
2026-03-23 11:00:00,1774263600000,0.0404,0.04202,0.04037,0.04163,1474280.0
2026-03-23 11:15:00,1774264500000,0.04163,0.0418,0.04136,0.04175,457516.4
2026-03-23 11:30:00,1774265400000,0.04175,0.0424,0.04175,0.04213,224953.4
2026-03-23 11:45:00,1774266300000,0.04213,0.04213,0.0416,0.04165,104567.8
2026-03-23 12:00:00,1774267200000,0.04165,0.04182,0.04147,0.04165,99633.2
2026-03-23 12:15:00,1774268100000,0.04165,0.04171,0.0416,0.04165,47618.4
2026-03-23 12:30:00,1774269000000,0.04165,0.04176,0.04151,0.04169,61457.0
2026-03-23 12:45:00,1774269900000,0.04169,0.04189,0.04166,0.04185,39298.1
2026-03-23 13:00:00,1774270800000,0.04185,0.0419,0.04175,0.04187,25387.5
2026-03-23 13:15:00,1774271700000,0.04187,0.04205,0.0418,0.04188,114009.4
2026-03-23 13:30:00,1774272600000,0.04188,0.04206,0.04175,0.04204,63765.5
2026-03-23 13:45:00,1774273500000,0.04204,0.04234,0.042,0.04219,119628.2
2026-03-23 14:00:00,1774274400000,0.04219,0.04235,0.04217,0.0422,70530.3
2026-03-23 14:15:00,1774275300000,0.0422,0.04222,0.04202,0.04203,57861.2
2026-03-23 14:30:00,1774276200000,0.04203,0.04213,0.04186,0.04192,82682.4
2026-03-23 14:45:00,1774277100000,0.04192,0.04199,0.04178,0.04199,70977.3
2026-03-23 15:00:00,1774278000000,0.04199,0.04212,0.04192,0.04206,15806.6
2026-03-23 15:15:00,1774278900000,0.04206,0.04206,0.04189,0.04192,14818.3
2026-03-23 15:30:00,1774279800000,0.04192,0.04192,0.04173,0.0418,185298.1
2026-03-23 15:45:00,1774280700000,0.0418,0.04188,0.04143,0.04147,81681.3
2026-03-23 16:00:00,1774281600000,0.04147,0.04162,0.04147,0.04159,56284.6
2026-03-23 16:15:00,1774282500000,0.04159,0.04159,0.04126,0.04129,35151.3
2026-03-23 16:30:00,1774283400000,0.04129,0.04151,0.04125,0.04146,43651.4
2026-03-23 16:45:00,1774284300000,0.04146,0.04173,0.04146,0.04173,108536.7
2026-03-23 17:00:00,1774285200000,0.04173,0.04177,0.04164,0.04175,40606.1
2026-03-23 17:15:00,1774286100000,0.04175,0.04179,0.04164,0.04179,16728.6
2026-03-23 17:30:00,1774287000000,0.04179,0.0421,0.04172,0.04187,80920.0
2026-03-23 17:45:00,1774287900000,0.04187,0.04195,0.04181,0.0419,118649.3
2026-03-23 18:00:00,1774288800000,0.0419,0.04193,0.04181,0.04185,110380.9
2026-03-23 18:15:00,1774289700000,0.04185,0.04205,0.04183,0.04203,20168.3
2026-03-23 18:30:00,1774290600000,0.04203,0.04209,0.042,0.04203,12071.0
2026-03-23 18:45:00,1774291500000,0.04203,0.04216,0.04202,0.04215,12489.3
2026-03-23 19:00:00,1774292400000,0.04215,0.04224,0.04207,0.04213,18785.9
2026-03-23 19:15:00,1774293300000,0.04213,0.04214,0.04203,0.04204,53540.5
2026-03-23 19:30:00,1774294200000,0.04204,0.04206,0.04184,0.0419,27074.6
2026-03-23 19:45:00,1774295100000,0.0419,0.04195,0.04181,0.04182,19935.1
2026-03-23 20:00:00,1774296000000,0.04182,0.04188,0.04178,0.04182,24726.9
2026-03-23 20:15:00,1774296900000,0.04182,0.04194,0.04182,0.04184,12216.7
2026-03-23 20:30:00,1774297800000,0.04184,0.04209,0.04184,0.04204,70006.3
2026-03-23 20:45:00,1774298700000,0.04204,0.04206,0.0419,0.04194,17758.7
2026-03-23 21:00:00,1774299600000,0.04194,0.04199,0.04194,0.04195,15660.1
2026-03-23 21:15:00,1774300500000,0.04195,0.04197,0.04191,0.04191,11258.2
2026-03-23 21:30:00,1774301400000,0.04191,0.04204,0.04191,0.04194,17606.2
2026-03-23 21:45:00,1774302300000,0.04194,0.04206,0.04194,0.04197,27727.1
2026-03-23 22:00:00,1774303200000,0.04197,0.04197,0.04161,0.04176,173470.4
2026-03-23 22:15:00,1774304100000,0.04176,0.04176,0.04164,0.04167,26380.9
2026-03-23 22:30:00,1774305000000,0.04167,0.04169,0.04158,0.04163,39370.9
2026-03-23 22:45:00,1774305900000,0.04163,0.04163,0.04155,0.04157,88065.3
2026-03-23 23:00:00,1774306800000,0.04157,0.04161,0.04133,0.04142,129996.1
2026-03-23 23:15:00,1774307700000,0.04142,0.04146,0.04126,0.04142,82378.1
2026-03-23 23:30:00,1774308600000,0.04142,0.04149,0.04132,0.04147,89386.2
2026-03-23 23:45:00,1774309500000,0.04147,0.04155,0.04141,0.04148,27529.8
2026-03-24 00:00:00,1774310400000,0.04148,0.04169,0.04148,0.04156,34415.5
2026-03-24 00:15:00,1774311300000,0.04156,0.04158,0.04143,0.04143,19918.1
2026-03-24 00:30:00,1774312200000,0.04143,0.04144,0.04116,0.04135,75775.6
2026-03-24 00:45:00,1774313100000,0.04135,0.0415,0.04131,0.04146,29897.2
2026-03-24 01:00:00,1774314000000,0.04146,0.04146,0.04124,0.0413,25101.9
2026-03-24 01:15:00,1774314900000,0.0413,0.04138,0.04121,0.04135,8684.1
2026-03-24 01:30:00,1774315800000,0.04135,0.04137,0.04111,0.04114,92074.7
2026-03-24 01:45:00,1774316700000,0.04114,0.04128,0.04113,0.04126,19919.8
2026-03-24 02:00:00,1774317600000,0.04126,0.04154,0.04122,0.04138,57335.0
2026-03-24 02:15:00,1774318500000,0.04138,0.04145,0.04136,0.04145,8586.0
2026-03-24 02:30:00,1774319400000,0.04145,0.04166,0.04134,0.04145,27413.1
2026-03-24 02:45:00,1774320300000,0.04145,0.04155,0.04141,0.04141,30812.7
2026-03-24 03:00:00,1774321200000,0.04141,0.04149,0.04138,0.04147,12716.3
2026-03-24 03:15:00,1774322100000,0.04147,0.04152,0.04141,0.04149,8276.3
2026-03-24 03:30:00,1774323000000,0.04149,0.04173,0.04149,0.04161,180141.4
2026-03-24 03:45:00,1774323900000,0.04161,0.04171,0.04158,0.0416,16029.0
2026-03-24 04:00:00,1774324800000,0.0416,0.0416,0.04144,0.04146,26489.5
2026-03-24 04:15:00,1774325700000,0.04146,0.04148,0.04142,0.04146,9641.8
2026-03-24 04:30:00,1774326600000,0.04146,0.04146,0.04128,0.04136,30468.5
2026-03-24 04:45:00,1774327500000,0.04136,0.04144,0.04134,0.04141,11330.5
2026-03-24 05:00:00,1774328400000,0.04141,0.04143,0.0413,0.04134,28008.2
2026-03-24 05:15:00,1774329300000,0.04134,0.0415,0.04134,0.04143,9667.8
2026-03-24 05:30:00,1774330200000,0.04143,0.04156,0.04141,0.04153,30578.1
2026-03-24 05:45:00,1774331100000,0.04153,0.04162,0.04153,0.04153,48064.6
2026-03-24 06:00:00,1774332000000,0.04153,0.04157,0.04143,0.04157,10392.4
2026-03-24 06:15:00,1774332900000,0.04157,0.04163,0.04145,0.04147,15370.5
2026-03-24 06:30:00,1774333800000,0.04147,0.04167,0.04146,0.04146,79350.2
2026-03-24 06:45:00,1774334700000,0.04146,0.04161,0.04143,0.04158,40834.7
2026-03-24 07:00:00,1774335600000,0.04158,0.04167,0.04149,0.04163,50924.8
2026-03-24 07:15:00,1774336500000,0.04163,0.04171,0.04155,0.04162,127174.5
2026-03-24 07:30:00,1774337400000,0.04162,0.04163,0.04153,0.0416,46115.6
2026-03-24 07:45:00,1774338300000,0.0416,0.04188,0.04159,0.04183,65475.0
2026-03-24 08:00:00,1774339200000,0.04183,0.04189,0.04176,0.04187,40753.5
2026-03-24 08:15:00,1774340100000,0.04187,0.04187,0.04169,0.0417,12835.2
2026-03-24 08:30:00,1774341000000,0.0417,0.04175,0.04167,0.04172,32438.2
2026-03-24 08:45:00,1774341900000,0.04172,0.04176,0.04164,0.0417,30494.4
2026-03-24 09:00:00,1774342800000,0.0417,0.04174,0.04156,0.04156,35862.1
2026-03-24 09:15:00,1774343700000,0.04156,0.04159,0.04149,0.04154,8711.7
2026-03-24 09:30:00,1774344600000,0.04154,0.04162,0.0415,0.0416,14420.6
2026-03-24 09:45:00,1774345500000,0.0416,0.04161,0.04145,0.0415,166651.3
2026-03-24 10:00:00,1774346400000,0.0415,0.04151,0.04131,0.04133,27595.2
2026-03-24 10:15:00,1774347300000,0.04133,0.04144,0.0413,0.0413,492876.2
2026-03-24 10:30:00,1774348200000,0.0413,0.0414,0.04125,0.04138,21949.5
2026-03-24 10:45:00,1774349100000,0.04138,0.04145,0.04137,0.04142,30858.7
2026-03-24 11:00:00,1774350000000,0.04142,0.04149,0.04128,0.04128,187925.6
2026-03-24 11:15:00,1774350900000,0.04128,0.04131,0.04116,0.04131,26268.8
2026-03-24 11:30:00,1774351800000,0.04131,0.04139,0.04128,0.04133,46400.5
2026-03-24 11:45:00,1774352700000,0.04133,0.04136,0.04112,0.04127,48141.8
2026-03-24 12:00:00,1774353600000,0.04127,0.04127,0.04117,0.04125,23222.6
2026-03-24 12:15:00,1774354500000,0.04125,0.04125,0.04118,0.04121,8684.2
2026-03-24 12:30:00,1774355400000,0.04121,0.04124,0.0411,0.0412,24463.2
2026-03-24 12:45:00,1774356300000,0.0412,0.04126,0.0412,0.04123,23351.8
2026-03-24 13:00:00,1774357200000,0.04123,0.04123,0.04105,0.04111,25711.0
2026-03-24 13:15:00,1774358100000,0.04111,0.04113,0.04107,0.04113,5321.2
2026-03-24 13:30:00,1774359000000,0.04113,0.04113,0.0409,0.04091,50813.1
2026-03-24 13:45:00,1774359900000,0.04091,0.04101,0.04087,0.04093,56557.9
2026-03-24 14:00:00,1774360800000,0.04093,0.04115,0.04093,0.04104,27102.8
2026-03-24 14:15:00,1774361700000,0.04104,0.0411,0.04096,0.04106,213747.5
2026-03-24 14:30:00,1774362600000,0.04106,0.04108,0.04094,0.04094,12064.3
2026-03-24 14:45:00,1774363500000,0.04094,0.04112,0.04084,0.04094,89956.9
2026-03-24 15:00:00,1774364400000,0.04094,0.04107,0.04094,0.04101,7650.9
2026-03-24 15:15:00,1774365300000,0.04101,0.04108,0.04099,0.04104,28323.9
2026-03-24 15:30:00,1774366200000,0.04104,0.04113,0.0409,0.04099,79802.4
2026-03-24 15:45:00,1774367100000,0.04099,0.041,0.04088,0.0409,255762.1
2026-03-24 16:00:00,1774368000000,0.0409,0.04095,0.04083,0.04095,11712.1
2026-03-24 16:15:00,1774368900000,0.04095,0.04095,0.0408,0.0408,17045.9
2026-03-24 16:30:00,1774369800000,0.0408,0.04088,0.0408,0.04088,23284.4
2026-03-24 16:45:00,1774370700000,0.04088,0.04092,0.04087,0.04088,8356.1
2026-03-24 17:00:00,1774371600000,0.04088,0.04091,0.04074,0.04079,25717.1
2026-03-24 17:15:00,1774372500000,0.04079,0.04083,0.04076,0.04079,11307.7
2026-03-24 17:30:00,1774373400000,0.04079,0.04079,0.04055,0.04055,16872.1
2026-03-24 17:45:00,1774374300000,0.04055,0.04075,0.04055,0.04065,185613.9
2026-03-24 18:00:00,1774375200000,0.04065,0.04074,0.04065,0.04067,21998.8
2026-03-24 18:15:00,1774376100000,0.04067,0.04073,0.04064,0.0407,14661.5
2026-03-24 18:30:00,1774377000000,0.0407,0.041,0.0407,0.04092,159878.2
2026-03-24 18:45:00,1774377900000,0.04092,0.04092,0.04088,0.04092,28629.7
2026-03-24 19:00:00,1774378800000,0.04092,0.04099,0.0409,0.04095,16275.0
2026-03-24 19:15:00,1774379700000,0.04095,0.04097,0.04091,0.04091,8785.4
2026-03-24 19:30:00,1774380600000,0.04091,0.04092,0.04083,0.04091,34615.2
2026-03-24 19:45:00,1774381500000,0.04091,0.04091,0.04075,0.04079,45260.0
2026-03-24 20:00:00,1774382400000,0.04079,0.04082,0.04074,0.04081,11215.8
2026-03-24 20:15:00,1774383300000,0.04081,0.04142,0.04081,0.04111,235879.1
2026-03-24 20:30:00,1774384200000,0.04111,0.0413,0.04111,0.04117,41249.0
2026-03-24 20:45:00,1774385100000,0.04117,0.04127,0.04114,0.04123,71089.6
2026-03-24 21:00:00,1774386000000,0.04123,0.04128,0.0411,0.04115,40193.4
2026-03-24 21:15:00,1774386900000,0.04115,0.04133,0.04113,0.04123,25584.3
2026-03-24 21:30:00,1774387800000,0.04123,0.04134,0.04122,0.0413,44802.5
2026-03-24 21:45:00,1774388700000,0.0413,0.04136,0.04126,0.04136,26870.2
2026-03-24 22:00:00,1774389600000,0.04136,0.04143,0.04128,0.04136,74485.1
2026-03-24 22:15:00,1774390500000,0.04136,0.04142,0.04131,0.04138,17730.3
2026-03-24 22:30:00,1774391400000,0.04138,0.04141,0.04125,0.04141,69668.8
2026-03-24 22:45:00,1774392300000,0.04141,0.04147,0.04138,0.04142,11889.4
2026-03-24 23:00:00,1774393200000,0.04142,0.0415,0.04134,0.04149,29682.7
2026-03-24 23:15:00,1774394100000,0.04149,0.04159,0.04148,0.04153,63734.1
2026-03-24 23:30:00,1774395000000,0.04153,0.04155,0.04149,0.04151,12987.1
2026-03-24 23:45:00,1774395900000,0.04151,0.04153,0.04145,0.04145,19552.5
2026-03-25 00:00:00,1774396800000,0.04145,0.04152,0.04142,0.0415,35873.3
2026-03-25 00:15:00,1774397700000,0.0415,0.04151,0.04148,0.04148,11676.8
2026-03-25 00:30:00,1774398600000,0.04148,0.04162,0.04137,0.04161,410859.2
2026-03-25 00:45:00,1774399500000,0.04161,0.04167,0.04158,0.04158,35794.1
2026-03-25 01:00:00,1774400400000,0.04158,0.04182,0.04151,0.04181,65966.4
2026-03-25 01:15:00,1774401300000,0.04181,0.04182,0.04176,0.04178,14119.3
2026-03-25 01:30:00,1774402200000,0.04178,0.04197,0.04178,0.04193,59895.6
2026-03-25 01:45:00,1774403100000,0.04193,0.04193,0.04165,0.04167,100699.5
2026-03-25 02:00:00,1774404000000,0.04167,0.04184,0.0416,0.04175,18270.3
2026-03-25 02:15:00,1774404900000,0.04175,0.04183,0.04175,0.04176,10145.2
2026-03-25 02:30:00,1774405800000,0.04176,0.04183,0.04162,0.04176,82455.0
2026-03-25 02:45:00,1774406700000,0.04176,0.04178,0.04171,0.04173,12311.5
2026-03-25 03:00:00,1774407600000,0.04173,0.04184,0.04173,0.04184,9902.7
2026-03-25 03:15:00,1774408500000,0.04184,0.04184,0.04177,0.04184,37028.7
2026-03-25 03:30:00,1774409400000,0.04184,0.04197,0.04183,0.04188,25816.1
2026-03-25 03:45:00,1774410300000,0.04188,0.04203,0.04188,0.04192,68995.8
2026-03-25 04:00:00,1774411200000,0.04192,0.04192,0.0418,0.04184,70140.1
2026-03-25 04:15:00,1774412100000,0.04184,0.04186,0.04168,0.04184,85751.6
2026-03-25 04:30:00,1774413000000,0.04184,0.04186,0.04178,0.04185,74481.9
2026-03-25 04:45:00,1774413900000,0.04185,0.04188,0.04176,0.04187,157415.9
2026-03-25 05:00:00,1774414800000,0.04187,0.04187,0.04168,0.04176,205055.6
2026-03-25 05:15:00,1774415700000,0.04176,0.04176,0.04161,0.04165,35215.2
2026-03-25 05:30:00,1774416600000,0.04165,0.04174,0.04164,0.04166,91120.7
2026-03-25 05:45:00,1774417500000,0.04166,0.04166,0.04155,0.04161,59171.0
2026-03-25 06:00:00,1774418400000,0.04161,0.04165,0.04157,0.04159,50811.0
2026-03-25 06:15:00,1774419300000,0.04159,0.0417,0.04147,0.04169,269129.4
2026-03-25 06:30:00,1774420200000,0.04169,0.04171,0.04166,0.0417,42176.1
2026-03-25 06:45:00,1774421100000,0.0417,0.0417,0.04158,0.04158,73919.6
2026-03-25 07:00:00,1774422000000,0.04158,0.04161,0.04155,0.04161,21224.4
2026-03-25 07:15:00,1774422900000,0.04161,0.04163,0.04148,0.04155,88412.5
2026-03-25 07:30:00,1774423800000,0.04155,0.04172,0.0415,0.0415,45164.1
2026-03-25 07:45:00,1774424700000,0.0415,0.0415,0.0414,0.04144,39367.0
2026-03-25 08:00:00,1774425600000,0.04144,0.04155,0.04142,0.04155,27291.0
2026-03-25 08:15:00,1774426500000,0.04155,0.04166,0.04155,0.04159,109243.1
2026-03-25 08:30:00,1774427400000,0.04159,0.04174,0.0415,0.04163,50664.9
2026-03-25 08:45:00,1774428300000,0.04163,0.04164,0.04157,0.04157,53387.5
2026-03-25 09:00:00,1774429200000,0.04157,0.04158,0.0415,0.04153,19272.7
2026-03-25 09:15:00,1774430100000,0.04153,0.04156,0.04151,0.04154,7631.2
2026-03-25 09:30:00,1774431000000,0.04154,0.04154,0.04148,0.0415,10659.4
2026-03-25 09:45:00,1774431900000,0.0415,0.04158,0.04146,0.04158,18784.9
2026-03-25 10:00:00,1774432800000,0.04158,0.04158,0.04155,0.04155,27775.6
2026-03-25 10:15:00,1774433700000,0.04155,0.04156,0.04155,0.04156,844.4
2026-03-25 10:30:00,1774434600000,0.04156,0.04158,0.04151,0.04158,15441.5
2026-03-25 10:45:00,1774435500000,0.04158,0.04168,0.04158,0.04166,66094.2
2026-03-25 11:00:00,1774436400000,0.04166,0.04166,0.04163,0.04163,9304.0
2026-03-25 11:15:00,1774437300000,0.04163,0.04184,0.04163,0.04173,124141.4
2026-03-25 11:30:00,1774438200000,0.04173,0.04184,0.04164,0.04172,47631.9
2026-03-25 11:45:00,1774439100000,0.04172,0.0418,0.04167,0.04177,19606.7
2026-03-25 12:00:00,1774440000000,0.04177,0.04197,0.04177,0.04191,40336.4
2026-03-25 12:15:00,1774440900000,0.04191,0.04196,0.04164,0.04166,31895.3
2026-03-25 12:30:00,1774441800000,0.04166,0.04183,0.04165,0.04177,10315.9
2026-03-25 12:45:00,1774442700000,0.04177,0.04197,0.04174,0.04189,39253.2
2026-03-25 13:00:00,1774443600000,0.04189,0.04191,0.0418,0.04188,11231.7
2026-03-25 13:15:00,1774444500000,0.04188,0.04192,0.04181,0.04181,44264.9
2026-03-25 13:30:00,1774445400000,0.04181,0.04189,0.04176,0.04176,28933.1
2026-03-25 13:45:00,1774446300000,0.04176,0.04177,0.04157,0.04161,146577.2
2026-03-25 14:00:00,1774447200000,0.04161,0.04161,0.04142,0.04144,148459.5
2026-03-25 14:15:00,1774448100000,0.04144,0.04161,0.04144,0.04158,93628.7
2026-03-25 14:30:00,1774449000000,0.04158,0.04165,0.04153,0.04165,25615.6
2026-03-25 14:45:00,1774449900000,0.04165,0.04171,0.04161,0.0417,14670.0
2026-03-25 15:00:00,1774450800000,0.0417,0.0417,0.04148,0.04153,31468.9
2026-03-25 15:15:00,1774451700000,0.04153,0.04161,0.04138,0.04156,51214.2
2026-03-25 15:30:00,1774452600000,0.04156,0.0416,0.04154,0.04154,12578.1
2026-03-25 15:45:00,1774453500000,0.04154,0.04164,0.04153,0.04153,10310.1
2026-03-25 16:00:00,1774454400000,0.04153,0.04159,0.04145,0.04156,22190.8
2026-03-25 16:15:00,1774455300000,0.04156,0.04184,0.04156,0.04175,70539.1
2026-03-25 16:30:00,1774456200000,0.04175,0.04188,0.04175,0.04185,45744.4
2026-03-25 16:45:00,1774457100000,0.04185,0.04185,0.04166,0.04166,26961.8
2026-03-25 17:00:00,1774458000000,0.04166,0.04176,0.04166,0.0417,9295.2
2026-03-25 17:15:00,1774458900000,0.0417,0.04182,0.0417,0.04177,10012.8
2026-03-25 17:30:00,1774459800000,0.04177,0.04177,0.04159,0.04166,65283.0
2026-03-25 17:45:00,1774460700000,0.04166,0.04166,0.04151,0.04156,16801.2
2026-03-25 18:00:00,1774461600000,0.04156,0.04162,0.04153,0.04156,15970.6
2026-03-25 18:15:00,1774462500000,0.04156,0.04165,0.04145,0.04146,185367.3
2026-03-25 18:30:00,1774463400000,0.04146,0.0416,0.04145,0.04147,64209.6
2026-03-25 18:45:00,1774464300000,0.04147,0.0416,0.04147,0.04148,14752.3
2026-03-25 19:00:00,1774465200000,0.04148,0.04168,0.04148,0.0416,12791.2
2026-03-25 19:15:00,1774466100000,0.0416,0.0416,0.04152,0.04154,6795.5
2026-03-25 19:30:00,1774467000000,0.04154,0.04154,0.04143,0.04143,46997.2
2026-03-25 19:45:00,1774467900000,0.04143,0.04144,0.04133,0.04136,21259.3
2026-03-25 20:00:00,1774468800000,0.04136,0.04137,0.04118,0.04118,290975.0
2026-03-25 20:15:00,1774469700000,0.04118,0.04132,0.04106,0.04112,334401.2
2026-03-25 20:30:00,1774470600000,0.04112,0.04119,0.04093,0.04119,448742.5
2026-03-25 20:45:00,1774471500000,0.04119,0.0412,0.0411,0.04118,292358.9
2026-03-25 21:00:00,1774472400000,0.04118,0.04133,0.0411,0.04129,334758.5
2026-03-25 21:15:00,1774473300000,0.04129,0.04135,0.04105,0.04119,273540.0
2026-03-25 21:30:00,1774474200000,0.04119,0.04132,0.04113,0.04127,263164.6
2026-03-25 21:45:00,1774475100000,0.04127,0.04134,0.04122,0.0413,195557.0
2026-03-25 22:00:00,1774476000000,0.0413,0.04135,0.04121,0.04129,251098.8
2026-03-25 22:15:00,1774476900000,0.04129,0.04146,0.04127,0.04137,128280.5
2026-03-25 22:30:00,1774477800000,0.04137,0.04159,0.04137,0.04153,38006.6
2026-03-25 22:45:00,1774478700000,0.04153,0.04156,0.04145,0.04145,24577.7
2026-03-25 23:00:00,1774479600000,0.04145,0.0415,0.04145,0.04148,10155.4
2026-03-25 23:15:00,1774480500000,0.04148,0.04148,0.0414,0.04144,26497.0
2026-03-25 23:30:00,1774481400000,0.04144,0.04144,0.04131,0.04131,112771.1
2026-03-25 23:45:00,1774482300000,0.04131,0.04142,0.0413,0.04142,36500.1
2026-03-26 00:00:00,1774483200000,0.04142,0.04146,0.04138,0.04144,109941.2
2026-03-26 00:15:00,1774484100000,0.04144,0.0415,0.04131,0.0415,453279.7
2026-03-26 00:30:00,1774485000000,0.0415,0.0415,0.04139,0.04143,6312.5
2026-03-26 00:45:00,1774485900000,0.04143,0.04145,0.04129,0.04137,174717.1
2026-03-26 01:00:00,1774486800000,0.04137,0.0414,0.04127,0.04127,150646.8
2026-03-26 01:15:00,1774487700000,0.04127,0.04138,0.04119,0.04138,246514.0
2026-03-26 01:30:00,1774488600000,0.04138,0.04138,0.04126,0.0413,41169.5
2026-03-26 01:45:00,1774489500000,0.0413,0.04133,0.0413,0.0413,10194.5
2026-03-26 02:00:00,1774490400000,0.0413,0.0413,0.04108,0.04108,65039.4
2026-03-26 02:15:00,1774491300000,0.04108,0.04108,0.04092,0.04095,27602.5
2026-03-26 02:30:00,1774492200000,0.04095,0.04096,0.0408,0.04089,89156.1
2026-03-26 02:45:00,1774493100000,0.04089,0.04092,0.04083,0.04092,20369.6
2026-03-26 03:00:00,1774494000000,0.04092,0.04092,0.04074,0.04078,29929.5
2026-03-26 03:15:00,1774494900000,0.04078,0.04079,0.0406,0.04061,26476.3
2026-03-26 03:30:00,1774495800000,0.04061,0.04073,0.04061,0.04072,11154.2
2026-03-26 03:45:00,1774496700000,0.04072,0.04075,0.04066,0.04075,30660.6
2026-03-26 04:00:00,1774497600000,0.04075,0.04088,0.04071,0.04075,92159.1
2026-03-26 04:15:00,1774498500000,0.04075,0.04075,0.04068,0.04068,12730.1
2026-03-26 04:30:00,1774499400000,0.04068,0.04076,0.04068,0.0407,73742.6
2026-03-26 04:45:00,1774500300000,0.0407,0.04081,0.04068,0.04073,42846.1
2026-03-26 05:00:00,1774501200000,0.04073,0.04076,0.04061,0.04068,23361.0
2026-03-26 05:15:00,1774502100000,0.04068,0.04076,0.04067,0.0407,3842.5
2026-03-26 05:30:00,1774503000000,0.0407,0.04071,0.04055,0.04055,13497.0
2026-03-26 05:45:00,1774503900000,0.04055,0.04055,0.04043,0.04049,42084.6
2026-03-26 06:00:00,1774504800000,0.04049,0.0406,0.04046,0.04058,14403.6
2026-03-26 06:15:00,1774505700000,0.04058,0.04062,0.04041,0.04042,16056.8
2026-03-26 06:30:00,1774506600000,0.04042,0.04042,0.04034,0.04041,23398.0
2026-03-26 06:45:00,1774507500000,0.04041,0.04041,0.04033,0.04034,41167.8
2026-03-26 07:00:00,1774508400000,0.04034,0.04042,0.04034,0.0404,17063.8
2026-03-26 07:15:00,1774509300000,0.0404,0.0404,0.04028,0.04029,93073.7
2026-03-26 07:30:00,1774510200000,0.04029,0.04036,0.04027,0.04036,21792.9
2026-03-26 07:45:00,1774511100000,0.04036,0.04042,0.04035,0.0404,67306.4
2026-03-26 08:00:00,1774512000000,0.0404,0.04041,0.04027,0.04027,69420.6
2026-03-26 08:15:00,1774512900000,0.04027,0.04029,0.04014,0.04016,43000.7
2026-03-26 08:30:00,1774513800000,0.04016,0.04023,0.04013,0.04023,43700.3
2026-03-26 08:45:00,1774514700000,0.04023,0.04024,0.04017,0.04019,39589.5
2026-03-26 09:00:00,1774515600000,0.04019,0.04038,0.04015,0.04033,37168.6
2026-03-26 09:15:00,1774516500000,0.04033,0.04039,0.04026,0.04036,17651.0
2026-03-26 09:30:00,1774517400000,0.04036,0.04039,0.04011,0.0402,129468.1
2026-03-26 09:45:00,1774518300000,0.0402,0.0402,0.04006,0.0401,14791.9
2026-03-26 10:00:00,1774519200000,0.0401,0.0401,0.03981,0.03981,74890.3
2026-03-26 10:15:00,1774520100000,0.03981,0.04003,0.03979,0.03993,149683.3
2026-03-26 10:30:00,1774521000000,0.03993,0.04011,0.03993,0.03999,53592.9
2026-03-26 10:45:00,1774521900000,0.03999,0.03999,0.03997,0.03997,5547.6
2026-03-26 11:00:00,1774522800000,0.03997,0.04069,0.03996,0.04066,347635.1
2026-03-26 11:15:00,1774523700000,0.04066,0.0411,0.04026,0.04048,836370.8
2026-03-26 11:30:00,1774524600000,0.04048,0.04067,0.04019,0.04044,237380.9
2026-03-26 11:45:00,1774525500000,0.04044,0.04044,0.04023,0.04029,38433.6
2026-03-26 12:00:00,1774526400000,0.04029,0.04029,0.0399,0.03996,354668.8
2026-03-26 12:15:00,1774527300000,0.03996,0.04007,0.03988,0.03991,254262.4
2026-03-26 12:30:00,1774528200000,0.03991,0.03997,0.03961,0.03982,393108.1
2026-03-26 12:45:00,1774529100000,0.03982,0.04007,0.03981,0.03996,189138.7
2026-03-26 13:00:00,1774530000000,0.03996,0.04036,0.03994,0.0403,59862.7
2026-03-26 13:15:00,1774530900000,0.0403,0.04037,0.04012,0.04014,23302.5
2026-03-26 13:30:00,1774531800000,0.04014,0.04018,0.04006,0.04014,27811.2
2026-03-26 13:45:00,1774532700000,0.04014,0.04056,0.04014,0.04029,115360.0
2026-03-26 14:00:00,1774533600000,0.04029,0.0404,0.04028,0.04034,14886.1
2026-03-26 14:15:00,1774534500000,0.04034,0.0404,0.04027,0.0404,39317.8
2026-03-26 14:30:00,1774535400000,0.0404,0.04056,0.04037,0.04052,30926.0
2026-03-26 14:45:00,1774536300000,0.04052,0.04052,0.04024,0.04041,24550.8
2026-03-26 15:00:00,1774537200000,0.04041,0.04041,0.04006,0.04006,37378.9
2026-03-26 15:15:00,1774538100000,0.04006,0.04037,0.03995,0.04026,104875.5
2026-03-26 15:30:00,1774539000000,0.04026,0.04029,0.04022,0.04027,20782.6
2026-03-26 15:45:00,1774539900000,0.04027,0.04039,0.04018,0.04019,27675.6
2026-03-26 16:00:00,1774540800000,0.04019,0.0403,0.04017,0.0402,51687.3
2026-03-26 16:15:00,1774541700000,0.0402,0.04025,0.04012,0.04017,32470.3
2026-03-26 16:30:00,1774542600000,0.04017,0.04017,0.04001,0.04002,9713.1
2026-03-26 16:45:00,1774543500000,0.04002,0.04005,0.03987,0.04002,74685.4
2026-03-26 17:00:00,1774544400000,0.04002,0.04008,0.04001,0.04001,66490.7
2026-03-26 17:15:00,1774545300000,0.04001,0.04012,0.04001,0.0401,16969.0
2026-03-26 17:30:00,1774546200000,0.0401,0.0403,0.0401,0.04025,38794.2
2026-03-26 17:45:00,1774547100000,0.04025,0.04025,0.04007,0.04007,44363.2
2026-03-26 18:00:00,1774548000000,0.04007,0.0401,0.03988,0.03998,40098.6
2026-03-26 18:15:00,1774548900000,0.03998,0.03999,0.03991,0.03994,20488.9
2026-03-26 18:30:00,1774549800000,0.03994,0.04002,0.03994,0.04002,4764.1
2026-03-26 18:45:00,1774550700000,0.04002,0.04002,0.03998,0.04001,14674.6
2026-03-26 19:00:00,1774551600000,0.04001,0.04001,0.03993,0.03996,17374.5
2026-03-26 19:15:00,1774552500000,0.03996,0.04001,0.03986,0.03986,28078.0
2026-03-26 19:30:00,1774553400000,0.03986,0.03991,0.03979,0.03984,37676.0
2026-03-26 19:45:00,1774554300000,0.03984,0.03985,0.03979,0.03979,13919.4
2026-03-26 20:00:00,1774555200000,0.03979,0.04035,0.03967,0.04021,548658.2
2026-03-26 20:15:00,1774556100000,0.04021,0.04034,0.04015,0.04015,31828.0
2026-03-26 20:30:00,1774557000000,0.04015,0.04032,0.04015,0.04032,20019.5
2026-03-26 20:45:00,1774557900000,0.04032,0.04033,0.04018,0.04021,18412.0
2026-03-26 21:00:00,1774558800000,0.04021,0.0403,0.04016,0.04028,17542.5
2026-03-26 21:15:00,1774559700000,0.04028,0.04043,0.04028,0.04033,40899.5
2026-03-26 21:30:00,1774560600000,0.04033,0.04044,0.04033,0.04041,35358.5
2026-03-26 21:45:00,1774561500000,0.04041,0.04042,0.04033,0.04033,20462.3
2026-03-26 22:00:00,1774562400000,0.04033,0.04035,0.04027,0.04027,18624.8
2026-03-26 22:15:00,1774563300000,0.04027,0.0403,0.04013,0.04026,24406.1
2026-03-26 22:30:00,1774564200000,0.04026,0.04028,0.04024,0.04027,14963.6
2026-03-26 22:45:00,1774565100000,0.04027,0.04029,0.04027,0.04029,8690.8
2026-03-26 23:00:00,1774566000000,0.04029,0.04033,0.04018,0.04023,24147.3
2026-03-26 23:15:00,1774566900000,0.04023,0.04023,0.04013,0.04016,26170.1
2026-03-26 23:30:00,1774567800000,0.04016,0.04016,0.04007,0.04009,27586.4
2026-03-26 23:45:00,1774568700000,0.04009,0.04018,0.04009,0.04014,6128.8
2026-03-27 00:00:00,1774569600000,0.04014,0.04022,0.04013,0.0402,30996.4
2026-03-27 00:15:00,1774570500000,0.0402,0.0402,0.04,0.04002,29328.2
2026-03-27 00:30:00,1774571400000,0.04002,0.04011,0.04002,0.04007,9755.1
2026-03-27 00:45:00,1774572300000,0.04007,0.04011,0.04003,0.0401,33298.8
2026-03-27 01:00:00,1774573200000,0.0401,0.04028,0.0401,0.04026,21901.1
2026-03-27 01:15:00,1774574100000,0.04026,0.0403,0.04026,0.04027,35746.8
2026-03-27 01:30:00,1774575000000,0.04027,0.04035,0.04027,0.04029,91707.8
2026-03-27 01:45:00,1774575900000,0.04029,0.04038,0.04029,0.04038,12795.2
2026-03-27 02:00:00,1774576800000,0.04038,0.04041,0.04036,0.04039,17570.8
2026-03-27 02:15:00,1774577700000,0.04039,0.0404,0.04038,0.0404,7660.6
2026-03-27 02:30:00,1774578600000,0.0404,0.04049,0.04038,0.04038,43097.2
2026-03-27 02:45:00,1774579500000,0.04038,0.04038,0.04037,0.04037,6872.8
2026-03-27 03:00:00,1774580400000,0.04037,0.04037,0.0402,0.04022,38201.3
2026-03-27 03:15:00,1774581300000,0.04022,0.04025,0.04019,0.04023,34656.6
2026-03-27 03:30:00,1774582200000,0.04023,0.04035,0.04023,0.04035,43203.3
2026-03-27 03:45:00,1774583100000,0.04035,0.04035,0.04024,0.04027,10258.1
2026-03-27 04:00:00,1774584000000,0.04027,0.04027,0.03996,0.04005,40531.7
2026-03-27 04:15:00,1774584900000,0.04005,0.04022,0.04005,0.04022,5810.8
2026-03-27 04:30:00,1774585800000,0.04022,0.04042,0.04022,0.0404,23461.3
2026-03-27 04:45:00,1774586700000,0.0404,0.04049,0.04037,0.04042,30876.3
2026-03-27 05:00:00,1774587600000,0.04042,0.04052,0.04033,0.04052,148567.7
2026-03-27 05:15:00,1774588500000,0.04052,0.04054,0.04036,0.0404,51102.6
2026-03-27 05:30:00,1774589400000,0.0404,0.04044,0.04025,0.04026,124524.2
2026-03-27 05:45:00,1774590300000,0.04026,0.04026,0.04015,0.04022,38217.8
2026-03-27 06:00:00,1774591200000,0.04022,0.04032,0.04021,0.04024,82748.1
2026-03-27 06:15:00,1774592100000,0.04024,0.04025,0.0401,0.0401,41364.8
2026-03-27 06:30:00,1774593000000,0.0401,0.04022,0.04005,0.0402,46588.4
2026-03-27 06:45:00,1774593900000,0.0402,0.0402,0.04008,0.04009,16534.6
2026-03-27 07:00:00,1774594800000,0.04009,0.04028,0.04009,0.04027,12975.4
2026-03-27 07:15:00,1774595700000,0.04027,0.04034,0.0402,0.04032,135151.4
2026-03-27 07:30:00,1774596600000,0.04032,0.04032,0.04012,0.0402,65122.9
2026-03-27 07:45:00,1774597500000,0.0402,0.04028,0.0402,0.04026,24963.7
2026-03-27 08:00:00,1774598400000,0.04026,0.04039,0.04022,0.04024,25034.9
2026-03-27 08:15:00,1774599300000,0.04024,0.04024,0.04009,0.04009,23266.6
2026-03-27 08:30:00,1774600200000,0.04009,0.0401,0.03972,0.03986,67510.6
2026-03-27 08:45:00,1774601100000,0.03986,0.04022,0.03986,0.0401,39179.8
2026-03-27 09:00:00,1774602000000,0.0401,0.0401,0.0396,0.0397,127289.3
2026-03-27 09:15:00,1774602900000,0.0397,0.03997,0.03969,0.03997,25952.0
2026-03-27 09:30:00,1774603800000,0.03997,0.03997,0.03978,0.03978,22304.2
2026-03-27 09:45:00,1774604700000,0.03978,0.03992,0.03978,0.03984,84557.6
2026-03-27 10:00:00,1774605600000,0.03984,0.03985,0.0397,0.03972,76032.6
2026-03-27 10:15:00,1774606500000,0.03972,0.03983,0.03965,0.03981,43181.3
2026-03-27 10:30:00,1774607400000,0.03981,0.03985,0.03913,0.03918,358740.0
2026-03-27 10:45:00,1774608300000,0.03918,0.03922,0.03879,0.03891,191042.6
2026-03-27 11:00:00,1774609200000,0.03891,0.03901,0.0387,0.03897,174744.5
2026-03-27 11:15:00,1774610100000,0.03897,0.03908,0.03897,0.03908,40450.9
2026-03-27 11:30:00,1774611000000,0.03908,0.03913,0.03897,0.03911,55834.8
2026-03-27 11:45:00,1774611900000,0.03911,0.03922,0.03911,0.03915,32223.6
2026-03-27 12:00:00,1774612800000,0.03915,0.03918,0.03903,0.03913,35968.9
2026-03-27 12:15:00,1774613700000,0.03913,0.03913,0.03901,0.03904,22411.2
2026-03-27 12:30:00,1774614600000,0.03904,0.03909,0.03896,0.03902,54928.9
2026-03-27 12:45:00,1774615500000,0.03902,0.03922,0.03902,0.0391,150142.7
2026-03-27 13:00:00,1774616400000,0.0391,0.03921,0.03908,0.03915,50142.6
2026-03-27 13:15:00,1774617300000,0.03915,0.03924,0.03914,0.03923,81925.2
2026-03-27 13:30:00,1774618200000,0.03923,0.03925,0.03886,0.03925,128662.5
2026-03-27 13:45:00,1774619100000,0.03925,0.03925,0.03889,0.03894,50931.5
2026-03-27 14:00:00,1774620000000,0.03894,0.03908,0.03888,0.03908,18536.8
2026-03-27 14:15:00,1774620900000,0.03908,0.03908,0.03874,0.0388,47537.7
2026-03-27 14:30:00,1774621800000,0.0388,0.03898,0.0388,0.03896,23437.6
2026-03-27 14:45:00,1774622700000,0.03896,0.03915,0.03894,0.03915,14076.3
2026-03-27 15:00:00,1774623600000,0.03915,0.03941,0.0391,0.03914,90429.9
2026-03-27 15:15:00,1774624500000,0.03914,0.03944,0.03909,0.03914,129598.3
2026-03-27 15:30:00,1774625400000,0.03914,0.03936,0.03912,0.03917,30949.6
2026-03-27 15:45:00,1774626300000,0.03917,0.03927,0.03898,0.03901,75025.8
2026-03-27 16:00:00,1774627200000,0.03901,0.03901,0.03884,0.03891,15476.4
2026-03-27 16:15:00,1774628100000,0.03891,0.03894,0.03878,0.03892,54698.2
2026-03-27 16:30:00,1774629000000,0.03892,0.03896,0.03871,0.03882,30189.3
2026-03-27 16:45:00,1774629900000,0.03882,0.03891,0.03873,0.03876,46026.3
2026-03-27 17:00:00,1774630800000,0.03876,0.0389,0.03866,0.03881,30777.1
2026-03-27 17:15:00,1774631700000,0.03881,0.03885,0.03865,0.03865,51990.9
2026-03-27 17:30:00,1774632600000,0.03865,0.03874,0.03859,0.03862,79909.3
2026-03-27 17:45:00,1774633500000,0.03862,0.03863,0.03852,0.03863,5012.6
2026-03-27 18:00:00,1774634400000,0.03863,0.03872,0.03862,0.03872,13672.8
2026-03-27 18:15:00,1774635300000,0.03872,0.03877,0.03861,0.03868,71181.3
2026-03-27 18:30:00,1774636200000,0.03868,0.0387,0.03861,0.03866,11274.6
2026-03-27 18:45:00,1774637100000,0.03866,0.03879,0.03866,0.03876,174406.1
2026-03-27 19:00:00,1774638000000,0.03876,0.03877,0.03862,0.03866,20524.4
2026-03-27 19:15:00,1774638900000,0.03866,0.03878,0.03866,0.03877,9724.3
2026-03-27 19:30:00,1774639800000,0.03877,0.03889,0.03873,0.03882,90657.7
2026-03-27 19:45:00,1774640700000,0.03882,0.03883,0.03866,0.03881,87169.3
2026-03-27 20:00:00,1774641600000,0.03881,0.03891,0.03879,0.0388,83003.3
2026-03-27 20:15:00,1774642500000,0.0388,0.03888,0.03862,0.03864,51295.9
2026-03-27 20:30:00,1774643400000,0.03864,0.03876,0.03859,0.03874,16285.5
2026-03-27 20:45:00,1774644300000,0.03874,0.03875,0.03863,0.0387,12180.0
2026-03-27 21:00:00,1774645200000,0.0387,0.03884,0.03864,0.03875,40246.5
2026-03-27 21:15:00,1774646100000,0.03875,0.03881,0.03873,0.03873,3791.5
2026-03-27 21:30:00,1774647000000,0.03873,0.03881,0.03873,0.03881,10829.1
2026-03-27 21:45:00,1774647900000,0.03881,0.03881,0.03869,0.03869,12876.3
2026-03-27 22:00:00,1774648800000,0.03869,0.03869,0.03848,0.03848,65170.5
2026-03-27 22:15:00,1774649700000,0.03848,0.03852,0.03836,0.03846,69375.4
2026-03-27 22:30:00,1774650600000,0.03846,0.03846,0.03828,0.03841,43545.7
2026-03-27 22:45:00,1774651500000,0.03841,0.03844,0.03839,0.03839,18059.8
2026-03-27 23:00:00,1774652400000,0.03839,0.03841,0.03827,0.03828,69929.0
2026-03-27 23:15:00,1774653300000,0.03828,0.0383,0.03825,0.03827,22865.9
2026-03-27 23:30:00,1774654200000,0.03827,0.0383,0.03824,0.03825,4724.5
2026-03-27 23:45:00,1774655100000,0.03825,0.03834,0.0382,0.03826,36570.7
2026-03-28 00:00:00,1774656000000,0.03826,0.03833,0.03809,0.03814,60295.2
2026-03-28 00:15:00,1774656900000,0.03814,0.03816,0.03804,0.03811,16461.9
2026-03-28 00:30:00,1774657800000,0.03811,0.03825,0.0381,0.03813,14291.8
2026-03-28 00:45:00,1774658700000,0.03813,0.03815,0.03805,0.03809,44999.2
2026-03-28 01:00:00,1774659600000,0.03809,0.03811,0.03778,0.03779,31727.6
2026-03-28 01:15:00,1774660500000,0.03779,0.03789,0.03775,0.0378,97644.5
2026-03-28 01:30:00,1774661400000,0.0378,0.03782,0.03762,0.03775,123737.6
2026-03-28 01:45:00,1774662300000,0.03775,0.03805,0.03775,0.03797,20156.9
2026-03-28 02:00:00,1774663200000,0.03797,0.03822,0.03797,0.03806,162037.0
2026-03-28 02:15:00,1774664100000,0.03806,0.03809,0.03796,0.038,30922.9
2026-03-28 02:30:00,1774665000000,0.038,0.03818,0.03789,0.03802,80096.6
2026-03-28 02:45:00,1774665900000,0.03802,0.03802,0.0379,0.03793,15137.2
2026-03-28 03:00:00,1774666800000,0.03793,0.03803,0.03784,0.03784,36259.1
2026-03-28 03:15:00,1774667700000,0.03784,0.03797,0.03784,0.03795,28179.4
2026-03-28 03:30:00,1774668600000,0.03795,0.03806,0.03793,0.03796,22875.5
2026-03-28 03:45:00,1774669500000,0.03796,0.03796,0.03792,0.03794,3326.5
2026-03-28 04:00:00,1774670400000,0.03794,0.03798,0.03787,0.0379,30564.3
2026-03-28 04:15:00,1774671300000,0.0379,0.03803,0.03789,0.03803,9983.1
2026-03-28 04:30:00,1774672200000,0.03803,0.03807,0.038,0.03801,11061.1
2026-03-28 04:45:00,1774673100000,0.03801,0.03801,0.03785,0.03789,41723.0
2026-03-28 05:00:00,1774674000000,0.03789,0.03789,0.03776,0.03779,16469.9
2026-03-28 05:15:00,1774674900000,0.03779,0.03791,0.03778,0.03782,23969.3
2026-03-28 05:30:00,1774675800000,0.03782,0.03793,0.03781,0.03787,7705.2
2026-03-28 05:45:00,1774676700000,0.03787,0.03802,0.03787,0.03801,22728.1
2026-03-28 06:00:00,1774677600000,0.03801,0.03804,0.03798,0.03801,20333.9
2026-03-28 06:15:00,1774678500000,0.03801,0.03814,0.03799,0.03813,21470.9
2026-03-28 06:30:00,1774679400000,0.03813,0.03813,0.03805,0.03805,32453.5
2026-03-28 06:45:00,1774680300000,0.03805,0.03815,0.03805,0.03815,45243.8
2026-03-28 07:00:00,1774681200000,0.03815,0.03825,0.03804,0.0382,60310.1
2026-03-28 07:15:00,1774682100000,0.0382,0.03828,0.03813,0.03825,26351.5
2026-03-28 07:30:00,1774683000000,0.03825,0.03836,0.03809,0.03809,59969.9
2026-03-28 07:45:00,1774683900000,0.03809,0.0383,0.03809,0.03819,49280.3
2026-03-28 08:00:00,1774684800000,0.03819,0.03833,0.03819,0.03821,30606.9
2026-03-28 08:15:00,1774685700000,0.03821,0.03832,0.03817,0.03828,11432.6
2026-03-28 08:30:00,1774686600000,0.03828,0.03832,0.03827,0.03828,7328.5
2026-03-28 08:45:00,1774687500000,0.03828,0.03828,0.03814,0.03827,24561.3
2026-03-28 09:00:00,1774688400000,0.03827,0.03827,0.03812,0.03814,19910.0
2026-03-28 09:15:00,1774689300000,0.03814,0.03817,0.0381,0.03811,41537.5
2026-03-28 09:30:00,1774690200000,0.03811,0.03811,0.038,0.038,101694.9
2026-03-28 09:45:00,1774691100000,0.038,0.03805,0.03795,0.03805,30963.7
2026-03-28 10:00:00,1774692000000,0.03805,0.0383,0.03805,0.03824,53868.8
2026-03-28 10:15:00,1774692900000,0.03824,0.03826,0.03802,0.03805,39602.1
2026-03-28 10:30:00,1774693800000,0.03805,0.03806,0.03799,0.03801,11979.0
2026-03-28 10:45:00,1774694700000,0.03801,0.03807,0.03798,0.03807,8864.0
2026-03-28 11:00:00,1774695600000,0.03807,0.03814,0.03807,0.03812,24634.1
2026-03-28 11:15:00,1774696500000,0.03812,0.03818,0.03812,0.03818,20831.8
2026-03-28 11:30:00,1774697400000,0.03818,0.03838,0.03818,0.03837,37591.2
2026-03-28 11:45:00,1774698300000,0.03837,0.03839,0.03827,0.03832,95364.5
2026-03-28 12:00:00,1774699200000,0.03832,0.03842,0.03822,0.03835,123513.7
2026-03-28 12:15:00,1774700100000,0.03835,0.03849,0.03833,0.03846,39120.9
2026-03-28 12:30:00,1774701000000,0.03846,0.03846,0.03828,0.03834,57817.5
2026-03-28 12:45:00,1774701900000,0.03834,0.03849,0.03834,0.03839,99428.9
2026-03-28 13:00:00,1774702800000,0.03839,0.03863,0.03838,0.03862,313664.5
2026-03-28 13:15:00,1774703700000,0.03862,0.03868,0.03847,0.03857,212685.4
2026-03-28 13:30:00,1774704600000,0.03857,0.03918,0.03856,0.03894,296641.7
2026-03-28 13:45:00,1774705500000,0.03894,0.03894,0.03871,0.03874,76919.2
2026-03-28 14:00:00,1774706400000,0.03874,0.03879,0.03862,0.03863,48385.8
2026-03-28 14:15:00,1774707300000,0.03863,0.03867,0.03859,0.03867,3704.7
2026-03-28 14:30:00,1774708200000,0.03867,0.03875,0.03863,0.0387,19292.0
2026-03-28 14:45:00,1774709100000,0.0387,0.0387,0.03847,0.03854,22503.5
2026-03-28 15:00:00,1774710000000,0.03854,0.03861,0.0385,0.03858,71598.4
2026-03-28 15:15:00,1774710900000,0.03858,0.03873,0.03839,0.03855,537669.3
2026-03-28 15:30:00,1774711800000,0.03855,0.03863,0.03851,0.03862,55266.9
2026-03-28 15:45:00,1774712700000,0.03862,0.03865,0.03849,0.0385,56896.1
2026-03-28 16:00:00,1774713600000,0.0385,0.03876,0.0385,0.03867,136151.9
2026-03-28 16:15:00,1774714500000,0.03867,0.03878,0.03866,0.03874,15152.1
2026-03-28 16:30:00,1774715400000,0.03874,0.03876,0.03863,0.0387,32091.7
2026-03-28 16:45:00,1774716300000,0.0387,0.03886,0.0387,0.03886,12462.7
2026-03-28 17:00:00,1774717200000,0.03886,0.03896,0.03881,0.03888,59331.5
2026-03-28 17:15:00,1774718100000,0.03888,0.03888,0.03873,0.03874,22714.6
2026-03-28 17:30:00,1774719000000,0.03874,0.03881,0.03868,0.03874,36851.7
2026-03-28 17:45:00,1774719900000,0.03874,0.03874,0.03858,0.0387,11605.9
2026-03-28 18:00:00,1774720800000,0.0387,0.0387,0.03862,0.03868,43344.4
2026-03-28 18:15:00,1774721700000,0.03868,0.03869,0.03857,0.03864,10654.2
2026-03-28 18:30:00,1774722600000,0.03864,0.03883,0.03863,0.03883,64833.3
2026-03-28 18:45:00,1774723500000,0.03883,0.03883,0.0387,0.03873,7529.9
2026-03-28 19:00:00,1774724400000,0.03873,0.03888,0.03871,0.03886,18350.3
2026-03-28 19:15:00,1774725300000,0.03886,0.03889,0.03875,0.03882,46318.6
2026-03-28 19:30:00,1774726200000,0.03882,0.0389,0.03882,0.03883,9071.0
2026-03-28 19:45:00,1774727100000,0.03883,0.03884,0.03878,0.03882,123814.3
2026-03-28 20:00:00,1774728000000,0.03882,0.03891,0.0388,0.0388,28729.2
2026-03-28 20:15:00,1774728900000,0.0388,0.03883,0.03876,0.03878,16016.2
2026-03-28 20:30:00,1774729800000,0.03878,0.0388,0.03875,0.0388,32784.4
2026-03-28 20:45:00,1774730700000,0.0388,0.03886,0.03879,0.03883,18887.4
2026-03-28 21:00:00,1774731600000,0.03883,0.0389,0.03877,0.03877,19746.2
2026-03-28 21:15:00,1774732500000,0.03877,0.03883,0.03876,0.03883,6908.0
2026-03-28 21:30:00,1774733400000,0.03883,0.0389,0.03878,0.03888,70971.5
2026-03-28 21:45:00,1774734300000,0.03888,0.03888,0.03857,0.0387,69816.9
2026-03-28 22:00:00,1774735200000,0.0387,0.0387,0.03862,0.03863,52797.7
2026-03-28 22:15:00,1774736100000,0.03863,0.03876,0.0386,0.03872,193249.6
2026-03-28 22:30:00,1774737000000,0.03872,0.03872,0.03851,0.03859,28833.7
2026-03-28 22:45:00,1774737900000,0.03859,0.03866,0.03859,0.03866,9451.0
2026-03-28 23:00:00,1774738800000,0.03866,0.03866,0.03829,0.03836,72385.0
2026-03-28 23:15:00,1774739700000,0.03836,0.03838,0.03828,0.03838,13197.8
2026-03-28 23:30:00,1774740600000,0.03838,0.03841,0.03826,0.03826,12925.1
2026-03-28 23:45:00,1774741500000,0.03826,0.0383,0.03817,0.03821,29569.7
2026-03-29 00:00:00,1774742400000,0.03821,0.03832,0.03812,0.03813,19849.1
2026-03-29 00:15:00,1774743300000,0.03813,0.03817,0.03792,0.03801,42131.2
2026-03-29 00:30:00,1774744200000,0.03801,0.03808,0.03796,0.03799,19541.9
2026-03-29 00:45:00,1774745100000,0.03799,0.03807,0.03799,0.03807,7842.7
2026-03-29 01:00:00,1774746000000,0.03807,0.0383,0.03807,0.03828,77594.2
2026-03-29 01:15:00,1774746900000,0.03828,0.03834,0.03826,0.03831,16327.1
2026-03-29 01:30:00,1774747800000,0.03831,0.03834,0.03821,0.03834,30321.9
2026-03-29 01:45:00,1774748700000,0.03834,0.03835,0.03819,0.03826,36100.9
2026-03-29 02:00:00,1774749600000,0.03826,0.03828,0.03823,0.03828,18511.7
2026-03-29 02:15:00,1774750500000,0.03828,0.03836,0.03823,0.03836,9205.9
2026-03-29 02:30:00,1774751400000,0.03836,0.03837,0.03827,0.03836,2527.1
2026-03-29 02:45:00,1774752300000,0.03836,0.03836,0.03831,0.03831,2035.6
2026-03-29 03:00:00,1774753200000,0.03831,0.03833,0.0383,0.0383,2132.3
2026-03-29 03:15:00,1774754100000,0.0383,0.03855,0.0383,0.03851,47421.0
2026-03-29 03:30:00,1774755000000,0.03851,0.03861,0.03848,0.03849,32173.9
2026-03-29 03:45:00,1774755900000,0.03849,0.03861,0.03849,0.03859,10891.5
2026-03-29 04:00:00,1774756800000,0.03859,0.03859,0.03847,0.03847,8523.3
2026-03-29 04:15:00,1774757700000,0.03847,0.03847,0.03841,0.03843,8366.9
2026-03-29 04:30:00,1774758600000,0.03843,0.03844,0.03837,0.03837,4659.1
2026-03-29 04:45:00,1774759500000,0.03837,0.03838,0.03835,0.03835,2700.6
2026-03-29 05:00:00,1774760400000,0.03835,0.03837,0.03831,0.03831,2119.1
2026-03-29 05:15:00,1774761300000,0.03831,0.03835,0.03826,0.03835,32212.5
2026-03-29 05:30:00,1774762200000,0.03835,0.03835,0.0383,0.03833,2790.6
2026-03-29 05:45:00,1774763100000,0.03833,0.03848,0.03831,0.03841,50494.2
2026-03-29 06:00:00,1774764000000,0.03841,0.03848,0.03839,0.03846,13024.9
2026-03-29 06:15:00,1774764900000,0.03846,0.03846,0.03839,0.03845,3852.9
2026-03-29 06:30:00,1774765800000,0.03845,0.03845,0.03838,0.0384,22766.2
2026-03-29 06:45:00,1774766700000,0.0384,0.03858,0.03837,0.03844,443116.3
2026-03-29 07:00:00,1774767600000,0.03844,0.03844,0.03823,0.03832,75699.2
2026-03-29 07:15:00,1774768500000,0.03832,0.03841,0.03832,0.03838,18912.3
2026-03-29 07:30:00,1774769400000,0.03838,0.03843,0.03838,0.03839,14062.1
2026-03-29 07:45:00,1774770300000,0.03839,0.03841,0.03836,0.03839,14062.6
2026-03-29 08:00:00,1774771200000,0.03839,0.03844,0.03835,0.03838,31020.4
2026-03-29 08:15:00,1774772100000,0.03838,0.03846,0.03835,0.03846,24422.3
2026-03-29 08:30:00,1774773000000,0.03846,0.03847,0.03845,0.03845,341.5
2026-03-29 08:45:00,1774773900000,0.03845,0.03845,0.0384,0.03841,4937.0
2026-03-29 09:00:00,1774774800000,0.03841,0.03847,0.03837,0.03841,141070.0
2026-03-29 09:15:00,1774775700000,0.03841,0.03847,0.03841,0.03845,4316.6
2026-03-29 09:30:00,1774776600000,0.03845,0.03849,0.03842,0.03846,44306.1
2026-03-29 09:45:00,1774777500000,0.03846,0.03849,0.03844,0.03844,14344.9
2026-03-29 10:00:00,1774778400000,0.03844,0.03844,0.03828,0.0383,32956.5
2026-03-29 10:15:00,1774779300000,0.0383,0.0383,0.03809,0.03809,38824.9
2026-03-29 10:30:00,1774780200000,0.03809,0.03812,0.03798,0.03806,24496.6
2026-03-29 10:45:00,1774781100000,0.03806,0.03815,0.03806,0.03809,4498.1
2026-03-29 11:00:00,1774782000000,0.03809,0.0383,0.03809,0.03813,62021.8
2026-03-29 11:15:00,1774782900000,0.03813,0.03815,0.03808,0.0381,15887.9
2026-03-29 11:30:00,1774783800000,0.0381,0.03818,0.03809,0.03815,9062.7
2026-03-29 11:45:00,1774784700000,0.03815,0.0382,0.03809,0.03809,4728.0
2026-03-29 12:00:00,1774785600000,0.03809,0.0381,0.03802,0.03802,8759.0
2026-03-29 12:15:00,1774786500000,0.03802,0.03802,0.03792,0.03792,9871.3
2026-03-29 12:30:00,1774787400000,0.03792,0.03795,0.03771,0.03771,28180.0
2026-03-29 12:45:00,1774788300000,0.03771,0.03781,0.03755,0.03773,75215.7
2026-03-29 13:00:00,1774789200000,0.03773,0.0379,0.03762,0.03769,121690.1
2026-03-29 13:15:00,1774790100000,0.03769,0.03804,0.03763,0.03787,143398.4
2026-03-29 13:30:00,1774791000000,0.03787,0.03804,0.03787,0.03803,83808.4
2026-03-29 13:45:00,1774791900000,0.03803,0.03803,0.03788,0.03788,31680.3
2026-03-29 14:00:00,1774792800000,0.03788,0.03801,0.0378,0.03791,37237.8
2026-03-29 14:15:00,1774793700000,0.03791,0.03794,0.03783,0.03786,10927.3
2026-03-29 14:30:00,1774794600000,0.03786,0.03798,0.03786,0.03791,131176.6
2026-03-29 14:45:00,1774795500000,0.03791,0.03791,0.03777,0.03781,33556.0
2026-03-29 15:00:00,1774796400000,0.03781,0.03788,0.03777,0.03777,39566.5
2026-03-29 15:15:00,1774797300000,0.03777,0.03784,0.03761,0.03767,72288.5
2026-03-29 15:30:00,1774798200000,0.03767,0.03769,0.0376,0.03761,20208.6
2026-03-29 15:45:00,1774799100000,0.03761,0.03768,0.03757,0.03766,87921.1
2026-03-29 16:00:00,1774800000000,0.03766,0.03774,0.03759,0.03761,56972.5
2026-03-29 16:15:00,1774800900000,0.03761,0.03778,0.03761,0.03778,55826.0
2026-03-29 16:30:00,1774801800000,0.03778,0.03778,0.03758,0.03758,16099.6
2026-03-29 16:45:00,1774802700000,0.03758,0.0376,0.03758,0.0376,4308.5
2026-03-29 17:00:00,1774803600000,0.0376,0.03772,0.0376,0.03765,29912.9
2026-03-29 17:15:00,1774804500000,0.03765,0.03765,0.03756,0.0376,22049.0
2026-03-29 17:30:00,1774805400000,0.0376,0.03785,0.0376,0.03785,136461.4
2026-03-29 17:45:00,1774806300000,0.03785,0.03785,0.0378,0.03782,9570.3
2026-03-29 18:00:00,1774807200000,0.03782,0.03782,0.03772,0.03777,23559.7
2026-03-29 18:15:00,1774808100000,0.03777,0.03778,0.03765,0.03772,28121.3
2026-03-29 18:30:00,1774809000000,0.03772,0.03785,0.03771,0.03778,46405.2
2026-03-29 18:45:00,1774809900000,0.03778,0.03779,0.03778,0.03779,2956.9
2026-03-29 19:00:00,1774810800000,0.03779,0.03779,0.03763,0.03767,39879.5
2026-03-29 19:15:00,1774811700000,0.03767,0.03776,0.03767,0.03769,30473.0
2026-03-29 19:30:00,1774812600000,0.03769,0.03769,0.03759,0.0376,8736.3
2026-03-29 19:45:00,1774813500000,0.0376,0.03764,0.0376,0.03761,1501.3
2026-03-29 20:00:00,1774814400000,0.03761,0.03778,0.0376,0.03773,13376.9
2026-03-29 20:15:00,1774815300000,0.03773,0.03799,0.03773,0.03794,33699.5
2026-03-29 20:30:00,1774816200000,0.03794,0.03794,0.03782,0.03782,18432.4
2026-03-29 20:45:00,1774817100000,0.03782,0.03783,0.03776,0.03783,1428.5
2026-03-29 21:00:00,1774818000000,0.03783,0.03791,0.03782,0.03784,43094.9
2026-03-29 21:15:00,1774818900000,0.03784,0.03784,0.03783,0.03784,966.7
2026-03-29 21:30:00,1774819800000,0.03784,0.03796,0.03784,0.03794,12037.2
2026-03-29 21:45:00,1774820700000,0.03794,0.03794,0.0379,0.03794,1913.8
2026-03-29 22:00:00,1774821600000,0.03794,0.03795,0.03765,0.0377,56837.3
2026-03-29 22:15:00,1774822500000,0.0377,0.03782,0.0377,0.03774,3781.4
2026-03-29 22:30:00,1774823400000,0.03774,0.03774,0.03719,0.0372,313045.6
2026-03-29 22:45:00,1774824300000,0.0372,0.0374,0.0366,0.03732,780876.2
2026-03-29 23:00:00,1774825200000,0.03732,0.03754,0.0373,0.03738,57627.0
2026-03-29 23:15:00,1774826100000,0.03738,0.03756,0.03732,0.03732,46082.0
2026-03-29 23:30:00,1774827000000,0.03732,0.03738,0.03724,0.03734,77496.6
2026-03-29 23:45:00,1774827900000,0.03734,0.03742,0.03724,0.03734,68679.7
2026-03-30 00:00:00,1774828800000,0.03734,0.03756,0.03734,0.03755,75514.7
2026-03-30 00:15:00,1774829700000,0.03755,0.03808,0.03751,0.0379,201779.4
2026-03-30 00:30:00,1774830600000,0.0379,0.03797,0.03776,0.03778,48730.9
2026-03-30 00:45:00,1774831500000,0.03778,0.03781,0.03767,0.0378,12752.8
2026-03-30 01:00:00,1774832400000,0.0378,0.03798,0.03777,0.03789,11066.8
2026-03-30 01:15:00,1774833300000,0.03789,0.03795,0.03788,0.03795,25063.7
2026-03-30 01:30:00,1774834200000,0.03795,0.03796,0.03788,0.0379,5002.6
2026-03-30 01:45:00,1774835100000,0.0379,0.03807,0.0379,0.03804,21616.9
2026-03-30 02:00:00,1774836000000,0.03804,0.03817,0.03804,0.03812,45262.8
2026-03-30 02:15:00,1774836900000,0.03812,0.03813,0.03801,0.03804,6662.2
2026-03-30 02:30:00,1774837800000,0.03804,0.03809,0.03791,0.03809,26677.9
2026-03-30 02:45:00,1774838700000,0.03809,0.03829,0.03809,0.03813,134658.6
2026-03-30 03:00:00,1774839600000,0.03813,0.03813,0.03803,0.03803,15031.6
2026-03-30 03:15:00,1774840500000,0.03803,0.03812,0.03801,0.03812,6501.0
2026-03-30 03:30:00,1774841400000,0.03812,0.03814,0.03809,0.03813,5435.1
2026-03-30 03:45:00,1774842300000,0.03813,0.03819,0.03808,0.03815,14318.9
2026-03-30 04:00:00,1774843200000,0.03815,0.03834,0.03812,0.03832,27340.5
2026-03-30 04:15:00,1774844100000,0.03832,0.03835,0.03826,0.03831,8951.1
2026-03-30 04:30:00,1774845000000,0.03831,0.03834,0.0383,0.03833,2441.7
2026-03-30 04:45:00,1774845900000,0.03833,0.03834,0.03828,0.03828,8056.3
2026-03-30 05:00:00,1774846800000,0.03828,0.03842,0.03828,0.03832,24807.9
2026-03-30 05:15:00,1774847700000,0.03832,0.03834,0.03831,0.03832,10718.5
2026-03-30 05:30:00,1774848600000,0.03832,0.03834,0.03822,0.03825,34223.1
2026-03-30 05:45:00,1774849500000,0.03825,0.03825,0.03818,0.03823,26460.0
2026-03-30 06:00:00,1774850400000,0.03823,0.03828,0.03818,0.0382,16643.3
2026-03-30 06:15:00,1774851300000,0.0382,0.03823,0.03812,0.03812,16620.9
2026-03-30 06:30:00,1774852200000,0.03812,0.03813,0.03807,0.03809,37356.4
2026-03-30 06:45:00,1774853100000,0.03809,0.03813,0.03809,0.0381,6806.4
2026-03-30 07:00:00,1774854000000,0.0381,0.03819,0.0381,0.03819,15195.0
2026-03-30 07:15:00,1774854900000,0.03819,0.03819,0.03814,0.03814,41031.1
2026-03-30 07:30:00,1774855800000,0.03814,0.03815,0.03808,0.03808,38477.7
2026-03-30 07:45:00,1774856700000,0.03808,0.03835,0.03808,0.0383,44359.8
2026-03-30 08:00:00,1774857600000,0.0383,0.03854,0.0383,0.03854,197593.7
2026-03-30 08:15:00,1774858500000,0.03854,0.03858,0.0384,0.03845,132634.1
2026-03-30 08:30:00,1774859400000,0.03845,0.03857,0.03844,0.03844,15518.1
2026-03-30 08:45:00,1774860300000,0.03844,0.03849,0.03838,0.0384,19793.7
2026-03-30 09:00:00,1774861200000,0.0384,0.0384,0.03829,0.03829,9737.0
2026-03-30 09:15:00,1774862100000,0.03829,0.03829,0.0382,0.03821,110061.5
2026-03-30 09:30:00,1774863000000,0.03821,0.03822,0.03811,0.03814,23844.4
2026-03-30 09:45:00,1774863900000,0.03814,0.03816,0.03814,0.03816,2062.9
2026-03-30 10:00:00,1774864800000,0.03816,0.03816,0.0381,0.03812,15507.5
2026-03-30 10:15:00,1774865700000,0.03812,0.03821,0.03812,0.0382,61765.2
2026-03-30 10:30:00,1774866600000,0.0382,0.03832,0.03816,0.03832,34067.8
2026-03-30 10:45:00,1774867500000,0.03832,0.03834,0.03827,0.03834,17823.4
2026-03-30 11:00:00,1774868400000,0.03834,0.03849,0.03834,0.03847,39606.5
2026-03-30 11:15:00,1774869300000,0.03847,0.0388,0.03843,0.03848,138643.4
2026-03-30 11:30:00,1774870200000,0.03848,0.03858,0.03846,0.03856,16258.5
2026-03-30 11:45:00,1774871100000,0.03856,0.03877,0.03855,0.03863,47415.4
2026-03-30 12:00:00,1774872000000,0.03863,0.03874,0.03857,0.03873,18957.7
2026-03-30 12:15:00,1774872900000,0.03873,0.03874,0.0386,0.03861,13228.6
2026-03-30 12:30:00,1774873800000,0.03861,0.03871,0.03859,0.03865,15214.5
2026-03-30 12:45:00,1774874700000,0.03865,0.03875,0.03863,0.0387,50516.9
2026-03-30 13:00:00,1774875600000,0.0387,0.03872,0.03862,0.0387,15201.6
2026-03-30 13:15:00,1774876500000,0.0387,0.03871,0.03861,0.03861,47396.2
2026-03-30 13:30:00,1774877400000,0.03861,0.03866,0.03848,0.03853,145949.5
2026-03-30 13:45:00,1774878300000,0.03853,0.03854,0.03833,0.03834,47264.2
2026-03-30 14:00:00,1774879200000,0.03834,0.03847,0.03833,0.03843,20612.3
2026-03-30 14:15:00,1774880100000,0.03843,0.03843,0.03824,0.03824,25483.4
2026-03-30 14:30:00,1774881000000,0.03824,0.0383,0.03809,0.03816,115025.1
2026-03-30 14:45:00,1774881900000,0.03816,0.03844,0.03811,0.03838,31330.2
2026-03-30 15:00:00,1774882800000,0.03838,0.03838,0.0382,0.03823,138924.9
2026-03-30 15:15:00,1774883700000,0.03823,0.03826,0.03808,0.03823,48379.3
2026-03-30 15:30:00,1774884600000,0.03823,0.03838,0.03823,0.03828,45713.1
2026-03-30 15:45:00,1774885500000,0.03828,0.03832,0.03824,0.03824,13993.0
2026-03-30 16:00:00,1774886400000,0.03824,0.03824,0.0382,0.03823,9187.9
2026-03-30 16:15:00,1774887300000,0.03823,0.03823,0.03809,0.03813,24093.1
2026-03-30 16:30:00,1774888200000,0.03813,0.03814,0.03806,0.03806,65580.3
2026-03-30 16:45:00,1774889100000,0.03806,0.0381,0.03798,0.03805,35646.6
2026-03-30 17:00:00,1774890000000,0.03805,0.03807,0.0379,0.03792,33897.9
2026-03-30 17:15:00,1774890900000,0.03792,0.03795,0.03771,0.03774,34513.1
2026-03-30 17:30:00,1774891800000,0.03774,0.03787,0.03774,0.03787,22878.2
2026-03-30 17:45:00,1774892700000,0.03787,0.03789,0.03772,0.03775,42641.9
2026-03-30 18:00:00,1774893600000,0.03775,0.03776,0.0375,0.0375,25243.9
2026-03-30 18:15:00,1774894500000,0.0375,0.03754,0.03735,0.03737,33206.0
2026-03-30 18:30:00,1774895400000,0.03737,0.03748,0.03729,0.03746,51646.4
2026-03-30 18:45:00,1774896300000,0.03746,0.0375,0.03729,0.03741,130579.7
2026-03-30 19:00:00,1774897200000,0.03741,0.03741,0.03716,0.03729,104567.7
2026-03-30 19:15:00,1774898100000,0.03729,0.03729,0.03715,0.0372,61630.4
2026-03-30 19:30:00,1774899000000,0.0372,0.0372,0.03701,0.03709,142580.4
2026-03-30 19:45:00,1774899900000,0.03709,0.03723,0.03708,0.03721,26969.7
2026-03-30 20:00:00,1774900800000,0.03721,0.03726,0.03719,0.03726,33915.4
2026-03-30 20:15:00,1774901700000,0.03726,0.03726,0.03721,0.03721,62443.1
2026-03-30 20:30:00,1774902600000,0.03721,0.03722,0.03716,0.03722,37874.1
2026-03-30 20:45:00,1774903500000,0.03722,0.03722,0.03713,0.03716,13118.2
2026-03-30 21:00:00,1774904400000,0.03716,0.03716,0.03706,0.03714,32998.6
2026-03-30 21:15:00,1774905300000,0.03714,0.0373,0.03714,0.03722,76412.3
2026-03-30 21:30:00,1774906200000,0.03722,0.03734,0.03722,0.03732,93845.0
2026-03-30 21:45:00,1774907100000,0.03732,0.03732,0.0373,0.0373,4209.2
2026-03-30 22:00:00,1774908000000,0.0373,0.03734,0.0372,0.03727,22848.7
2026-03-30 22:15:00,1774908900000,0.03727,0.03732,0.03723,0.03728,18106.0
2026-03-30 22:30:00,1774909800000,0.03728,0.0373,0.03726,0.03729,9493.2
2026-03-30 22:45:00,1774910700000,0.03729,0.03729,0.03712,0.03716,17513.1
2026-03-30 23:00:00,1774911600000,0.03716,0.03716,0.03686,0.03689,69118.6
2026-03-30 23:15:00,1774912500000,0.03689,0.03697,0.03684,0.03689,82102.9
2026-03-30 23:30:00,1774913400000,0.03689,0.03689,0.03682,0.03686,20469.4
2026-03-30 23:45:00,1774914300000,0.03686,0.03686,0.03676,0.03684,9205.1
2026-03-31 00:00:00,1774915200000,0.03684,0.03691,0.03667,0.03672,105964.2
2026-03-31 00:15:00,1774916100000,0.03672,0.03683,0.03672,0.03681,47121.4
2026-03-31 00:30:00,1774917000000,0.03681,0.03686,0.03679,0.03685,23575.9
2026-03-31 00:45:00,1774917900000,0.03685,0.03704,0.0368,0.03691,63435.8
2026-03-31 01:00:00,1774918800000,0.03691,0.03695,0.03681,0.03692,75383.6
2026-03-31 01:15:00,1774919700000,0.03692,0.0371,0.03691,0.03707,46316.7
2026-03-31 01:30:00,1774920600000,0.03707,0.0374,0.03707,0.03724,133793.6
2026-03-31 01:45:00,1774921500000,0.03724,0.03736,0.03718,0.03736,31582.6
2026-03-31 02:00:00,1774922400000,0.03736,0.03745,0.03732,0.03745,34399.6
2026-03-31 02:15:00,1774923300000,0.03745,0.03762,0.03745,0.03762,24543.7
2026-03-31 02:30:00,1774924200000,0.03762,0.03763,0.03748,0.03752,28464.0
2026-03-31 02:45:00,1774925100000,0.03752,0.03752,0.03741,0.0375,224811.5
2026-03-31 03:00:00,1774926000000,0.0375,0.03751,0.03738,0.03738,130472.6
2026-03-31 03:15:00,1774926900000,0.03738,0.03738,0.03717,0.03722,42430.6
2026-03-31 03:30:00,1774927800000,0.03722,0.03724,0.03714,0.0372,17202.0
2026-03-31 03:45:00,1774928700000,0.0372,0.03722,0.03714,0.03714,7757.2
2026-03-31 04:00:00,1774929600000,0.03714,0.03717,0.03701,0.03701,42884.5
2026-03-31 04:15:00,1774930500000,0.03701,0.03706,0.03694,0.03694,79020.6
2026-03-31 04:30:00,1774931400000,0.03694,0.03698,0.03691,0.03696,42301.0
2026-03-31 04:45:00,1774932300000,0.03696,0.03696,0.03686,0.03687,5307.5
2026-03-31 05:00:00,1774933200000,0.03687,0.03687,0.03674,0.03674,32651.2
2026-03-31 05:15:00,1774934100000,0.03674,0.03693,0.03673,0.03692,19832.8
2026-03-31 05:30:00,1774935000000,0.03692,0.03696,0.03683,0.03684,502492.2
2026-03-31 05:45:00,1774935900000,0.03684,0.03705,0.03684,0.03701,615791.8
2026-03-31 06:00:00,1774936800000,0.03701,0.03709,0.03699,0.03708,64613.4
2026-03-31 06:15:00,1774937700000,0.03708,0.03714,0.03697,0.03708,25502.6
2026-03-31 06:30:00,1774938600000,0.03708,0.03718,0.03701,0.03718,65189.1
2026-03-31 06:45:00,1774939500000,0.03718,0.03723,0.03713,0.03719,8888.6
2026-03-31 07:00:00,1774940400000,0.03719,0.0372,0.03707,0.03709,43236.1
2026-03-31 07:15:00,1774941300000,0.03709,0.03711,0.03695,0.03707,30928.3
2026-03-31 07:30:00,1774942200000,0.03707,0.03707,0.03699,0.03701,30760.1
2026-03-31 07:45:00,1774943100000,0.03701,0.03717,0.03701,0.03716,24613.1
2026-03-31 08:00:00,1774944000000,0.03716,0.03722,0.03715,0.03719,26063.3
2026-03-31 08:15:00,1774944900000,0.03719,0.03729,0.03716,0.03726,10099.1
2026-03-31 08:30:00,1774945800000,0.03726,0.03727,0.0369,0.03694,59232.7
2026-03-31 08:45:00,1774946700000,0.03694,0.03701,0.03685,0.03685,77961.2
2026-03-31 09:00:00,1774947600000,0.03685,0.03694,0.03675,0.03675,79202.8
2026-03-31 09:15:00,1774948500000,0.03675,0.03676,0.03657,0.03665,336756.0
2026-03-31 09:30:00,1774949400000,0.03665,0.03674,0.03663,0.03669,158688.6
2026-03-31 09:45:00,1774950300000,0.03669,0.03671,0.03641,0.03656,310952.0
2026-03-31 10:00:00,1774951200000,0.03656,0.03679,0.03656,0.03677,99759.2
2026-03-31 10:15:00,1774952100000,0.03677,0.03687,0.03671,0.03681,72682.1
2026-03-31 10:30:00,1774953000000,0.03681,0.0369,0.03679,0.03688,37538.3
2026-03-31 10:45:00,1774953900000,0.03688,0.0369,0.03679,0.03679,6643.8
2026-03-31 11:00:00,1774954800000,0.03679,0.03699,0.03675,0.03695,268325.6
2026-03-31 11:15:00,1774955700000,0.03695,0.03705,0.03687,0.03696,37203.3
2026-03-31 11:30:00,1774956600000,0.03696,0.03704,0.03694,0.03704,24588.0
2026-03-31 11:45:00,1774957500000,0.03704,0.03714,0.03703,0.03714,25312.7
2026-03-31 12:00:00,1774958400000,0.03714,0.03738,0.03714,0.03731,141335.5
2026-03-31 12:15:00,1774959300000,0.03731,0.03741,0.03723,0.03734,69238.4
2026-03-31 12:30:00,1774960200000,0.03734,0.03748,0.03734,0.03748,47511.0
2026-03-31 12:45:00,1774961100000,0.03748,0.03749,0.03738,0.03739,14018.1
2026-03-31 13:00:00,1774962000000,0.03739,0.03761,0.03739,0.03755,36583.3
2026-03-31 13:15:00,1774962900000,0.03755,0.03766,0.03755,0.03761,72271.9
2026-03-31 13:30:00,1774963800000,0.03761,0.03773,0.03747,0.0375,150577.3
2026-03-31 13:45:00,1774964700000,0.0375,0.03774,0.03749,0.03771,77431.8
2026-03-31 14:00:00,1774965600000,0.03771,0.03781,0.03771,0.0378,110932.5
2026-03-31 14:15:00,1774966500000,0.0378,0.03796,0.0378,0.03792,51129.2
2026-03-31 14:30:00,1774967400000,0.03792,0.03797,0.03771,0.03777,26309.9
2026-03-31 14:45:00,1774968300000,0.03777,0.0378,0.0374,0.03749,213050.3
2026-03-31 15:00:00,1774969200000,0.03749,0.03775,0.03749,0.03775,54549.0
2026-03-31 15:15:00,1774970100000,0.03775,0.03775,0.0375,0.0375,38185.7
2026-03-31 15:30:00,1774971000000,0.0375,0.0375,0.03714,0.03716,55356.0
2026-03-31 15:45:00,1774971900000,0.03716,0.03723,0.03696,0.03697,103664.8
2026-03-31 16:00:00,1774972800000,0.03697,0.03722,0.03697,0.03717,67289.2
2026-03-31 16:15:00,1774973700000,0.03717,0.03725,0.03713,0.03725,15419.4
2026-03-31 16:30:00,1774974600000,0.03725,0.03749,0.03712,0.03737,99993.0
2026-03-31 16:45:00,1774975500000,0.03737,0.03752,0.03736,0.03751,34321.9
2026-03-31 17:00:00,1774976400000,0.03751,0.0379,0.03751,0.0379,76604.0
2026-03-31 17:15:00,1774977300000,0.0379,0.03802,0.03788,0.03794,89262.5
2026-03-31 17:30:00,1774978200000,0.03794,0.03794,0.03773,0.03773,78908.1
2026-03-31 17:45:00,1774979100000,0.03773,0.03781,0.03761,0.03767,20051.5
2026-03-31 18:00:00,1774980000000,0.03767,0.03778,0.03766,0.03777,27242.5
2026-03-31 18:15:00,1774980900000,0.03777,0.03777,0.03755,0.03756,11816.8
2026-03-31 18:30:00,1774981800000,0.03756,0.03766,0.03755,0.03755,14428.7
2026-03-31 18:45:00,1774982700000,0.03755,0.03755,0.0375,0.03755,3870.0
2026-03-31 19:00:00,1774983600000,0.03755,0.03766,0.03755,0.03761,33202.6
2026-03-31 19:15:00,1774984500000,0.03761,0.03762,0.03751,0.03752,15022.6
2026-03-31 19:30:00,1774985400000,0.03752,0.03765,0.03752,0.03754,20290.4
2026-03-31 19:45:00,1774986300000,0.03754,0.03761,0.0375,0.03761,35833.5
2026-03-31 20:00:00,1774987200000,0.03761,0.03772,0.03758,0.03772,23675.2
2026-03-31 20:15:00,1774988100000,0.03772,0.03773,0.03766,0.03767,8741.9
2026-03-31 20:30:00,1774989000000,0.03767,0.03774,0.03765,0.03767,105959.3
2026-03-31 20:45:00,1774989900000,0.03767,0.03772,0.03764,0.03769,51533.8
2026-03-31 21:00:00,1774990800000,0.03769,0.0377,0.03754,0.03759,60670.1
2026-03-31 21:15:00,1774991700000,0.03759,0.03772,0.03752,0.03772,80235.3
2026-03-31 21:30:00,1774992600000,0.03772,0.03776,0.03769,0.03776,30795.4
2026-03-31 21:45:00,1774993500000,0.03776,0.0378,0.03772,0.03772,25471.2
2026-03-31 22:00:00,1774994400000,0.03772,0.0379,0.03762,0.03782,155048.6
2026-03-31 22:15:00,1774995300000,0.03782,0.03791,0.03782,0.03789,45974.0
2026-03-31 22:30:00,1774996200000,0.03789,0.03811,0.03781,0.03808,105253.0
2026-03-31 22:45:00,1774997100000,0.03808,0.03825,0.03807,0.03813,241784.9
2026-03-31 23:00:00,1774998000000,0.03813,0.03831,0.03801,0.03822,111738.9
2026-03-31 23:15:00,1774998900000,0.03822,0.03832,0.03813,0.03832,23774.7
2026-03-31 23:30:00,1774999800000,0.03832,0.03841,0.03827,0.03835,62196.6
2026-03-31 23:45:00,1775000700000,0.03835,0.03835,0.03821,0.0383,239013.4
2026-04-01 00:00:00,1775001600000,0.0383,0.03841,0.03819,0.03819,88685.0
2026-04-01 00:15:00,1775002500000,0.03819,0.03836,0.03812,0.03836,30516.9
2026-04-01 00:30:00,1775003400000,0.03836,0.03852,0.03826,0.03843,76310.0
2026-04-01 00:45:00,1775004300000,0.03843,0.03846,0.03831,0.03845,24871.4
2026-04-01 01:00:00,1775005200000,0.03845,0.03867,0.03838,0.03865,140570.1
2026-04-01 01:15:00,1775006100000,0.03865,0.03873,0.03856,0.03865,107747.5
2026-04-01 01:30:00,1775007000000,0.03865,0.03865,0.03855,0.03857,23700.5
2026-04-01 01:45:00,1775007900000,0.03857,0.03859,0.03845,0.03853,15997.6
2026-04-01 02:00:00,1775008800000,0.03853,0.03863,0.03849,0.03853,34408.0
2026-04-01 02:15:00,1775009700000,0.03853,0.03854,0.03839,0.03841,63236.4
2026-04-01 02:30:00,1775010600000,0.03841,0.03864,0.03841,0.03864,56079.2
2026-04-01 02:45:00,1775011500000,0.03864,0.039,0.03862,0.03891,329255.4
2026-04-01 03:00:00,1775012400000,0.03891,0.03923,0.03884,0.03917,231975.6
2026-04-01 03:15:00,1775013300000,0.03917,0.03918,0.03908,0.03914,36061.2
2026-04-01 03:30:00,1775014200000,0.03914,0.03964,0.03914,0.0396,231317.9
2026-04-01 03:45:00,1775015100000,0.0396,0.03992,0.03952,0.03987,211203.3
2026-04-01 04:00:00,1775016000000,0.03987,0.04013,0.0398,0.04004,435850.2
2026-04-01 04:15:00,1775016900000,0.04004,0.04031,0.03977,0.04011,707467.6
2026-04-01 04:30:00,1775017800000,0.04011,0.04083,0.04003,0.04057,951478.2
2026-04-01 04:45:00,1775018700000,0.04057,0.04073,0.04013,0.04043,868211.7
2026-04-01 05:00:00,1775019600000,0.04043,0.04054,0.04,0.04005,179817.7
2026-04-01 05:15:00,1775020500000,0.04005,0.04034,0.03993,0.04034,393696.8
2026-04-01 05:30:00,1775021400000,0.04034,0.0405,0.03985,0.03996,270147.9
2026-04-01 05:45:00,1775022300000,0.03996,0.04004,0.03984,0.03991,67153.2
2026-04-01 06:00:00,1775023200000,0.03991,0.04002,0.03978,0.03978,75666.9
2026-04-01 06:15:00,1775024100000,0.03978,0.03991,0.03967,0.03978,92280.1
2026-04-01 06:30:00,1775025000000,0.03978,0.03982,0.0394,0.0396,326425.6
2026-04-01 06:45:00,1775025900000,0.0396,0.03964,0.03938,0.03947,157443.5
2026-04-01 07:00:00,1775026800000,0.03947,0.03958,0.03941,0.03946,91844.1
2026-04-01 07:15:00,1775027700000,0.03946,0.03973,0.03931,0.03958,156066.4
2026-04-01 07:30:00,1775028600000,0.03958,0.0396,0.03943,0.03944,17347.1
2026-04-01 07:45:00,1775029500000,0.03944,0.03947,0.03935,0.03941,34313.8
2026-04-01 08:00:00,1775030400000,0.03941,0.03979,0.03941,0.03963,60591.7
2026-04-01 08:15:00,1775031300000,0.03963,0.04004,0.0395,0.04,244902.0
2026-04-01 08:30:00,1775032200000,0.04,0.04021,0.03992,0.04009,172288.3
2026-04-01 08:45:00,1775033100000,0.04009,0.04023,0.0399,0.03997,160442.1
2026-04-01 09:00:00,1775034000000,0.03997,0.03997,0.03969,0.03979,71482.6
2026-04-01 09:15:00,1775034900000,0.03979,0.03979,0.03943,0.03954,158943.2
2026-04-01 09:30:00,1775035800000,0.03954,0.03979,0.03954,0.03973,31666.5
2026-04-01 09:45:00,1775036700000,0.03973,0.03992,0.03971,0.03986,56382.9
2026-04-01 10:00:00,1775037600000,0.03986,0.03998,0.03947,0.03948,212744.3
2026-04-01 10:15:00,1775038500000,0.03948,0.03959,0.03938,0.03948,70987.7
2026-04-01 10:30:00,1775039400000,0.03948,0.03979,0.03948,0.03968,113512.9
2026-04-01 10:45:00,1775040300000,0.03968,0.03979,0.03958,0.03958,92059.8
2026-04-01 11:00:00,1775041200000,0.03958,0.0396,0.03943,0.03944,56953.3
2026-04-01 11:15:00,1775042100000,0.03944,0.03958,0.03942,0.03946,175809.4
2026-04-01 11:30:00,1775043000000,0.03946,0.03955,0.03943,0.03954,23140.9
2026-04-01 11:45:00,1775043900000,0.03954,0.03961,0.03948,0.03958,28431.8
2026-04-01 12:00:00,1775044800000,0.03958,0.03968,0.03939,0.03954,299571.1
2026-04-01 12:15:00,1775045700000,0.03954,0.03958,0.03939,0.03947,163329.3
2026-04-01 12:30:00,1775046600000,0.03947,0.03992,0.03942,0.03985,353844.6
2026-04-01 12:45:00,1775047500000,0.03985,0.03986,0.03947,0.03949,303691.0
2026-04-01 13:00:00,1775048400000,0.03949,0.03966,0.03944,0.03963,78206.6
2026-04-01 13:15:00,1775049300000,0.03963,0.03969,0.03953,0.03957,91389.2
2026-04-01 13:30:00,1775050200000,0.03957,0.03957,0.03892,0.03902,663075.1
2026-04-01 13:45:00,1775051100000,0.03902,0.03906,0.03895,0.03895,43905.8
2026-04-01 14:00:00,1775052000000,0.03895,0.03913,0.03895,0.03911,285673.6
2026-04-01 14:15:00,1775052900000,0.03911,0.0393,0.03911,0.03928,36359.3
2026-04-01 14:30:00,1775053800000,0.03928,0.03929,0.03913,0.03927,72503.1
2026-04-01 14:45:00,1775054700000,0.03927,0.03933,0.03924,0.03926,61161.7
2026-04-01 15:00:00,1775055600000,0.03926,0.03934,0.03919,0.03919,86116.5
2026-04-01 15:15:00,1775056500000,0.03919,0.03933,0.03918,0.03928,11425.9
2026-04-01 15:30:00,1775057400000,0.03928,0.03934,0.03927,0.03927,3777.5
2026-04-01 15:45:00,1775058300000,0.03927,0.03929,0.03919,0.03925,36101.4
2026-04-01 16:00:00,1775059200000,0.03925,0.03927,0.03914,0.03914,118303.9
2026-04-01 16:15:00,1775060100000,0.03914,0.03932,0.039,0.03925,861855.2
2026-04-01 16:30:00,1775061000000,0.03925,0.03934,0.03911,0.03915,151785.3
2026-04-01 16:45:00,1775061900000,0.03915,0.0393,0.03912,0.03927,195929.6
2026-04-01 17:00:00,1775062800000,0.03927,0.03938,0.03905,0.03906,222935.9
2026-04-01 17:15:00,1775063700000,0.03906,0.03914,0.03897,0.03904,169683.8
2026-04-01 17:30:00,1775064600000,0.03904,0.03909,0.03868,0.03897,587698.9
2026-04-01 17:45:00,1775065500000,0.03897,0.03898,0.0389,0.03895,99903.6
2026-04-01 18:00:00,1775066400000,0.03895,0.03895,0.03873,0.03885,188113.1
2026-04-01 18:15:00,1775067300000,0.03885,0.03888,0.03875,0.03876,85872.4
2026-04-01 18:30:00,1775068200000,0.03876,0.03891,0.03869,0.03889,323853.0
2026-04-01 18:45:00,1775069100000,0.03889,0.03891,0.03874,0.03876,49290.1
2026-04-01 19:00:00,1775070000000,0.03876,0.03881,0.03872,0.03876,77273.9
2026-04-01 19:15:00,1775070900000,0.03876,0.0388,0.03871,0.0388,19471.1
2026-04-01 19:30:00,1775071800000,0.0388,0.03882,0.03879,0.03879,17821.1
2026-04-01 19:45:00,1775072700000,0.03879,0.03887,0.03879,0.03883,18503.9
2026-04-01 20:00:00,1775073600000,0.03883,0.03883,0.03868,0.03869,58053.2
2026-04-01 20:15:00,1775074500000,0.03869,0.03878,0.03868,0.03875,6623.3
2026-04-01 20:30:00,1775075400000,0.03875,0.03875,0.03867,0.03871,4385.0
2026-04-01 20:45:00,1775076300000,0.03871,0.03876,0.03867,0.0387,35836.4
2026-04-01 21:00:00,1775077200000,0.0387,0.03881,0.0387,0.03881,31835.1
2026-04-01 21:15:00,1775078100000,0.03881,0.03891,0.03876,0.0389,64209.3
2026-04-01 21:30:00,1775079000000,0.0389,0.0389,0.03878,0.03878,11238.7
2026-04-01 21:45:00,1775079900000,0.03878,0.03878,0.03865,0.0387,41648.4
2026-04-01 22:00:00,1775080800000,0.0387,0.0387,0.03848,0.03858,315529.1
2026-04-01 22:15:00,1775081700000,0.03858,0.03866,0.03852,0.03858,18656.0
2026-04-01 22:30:00,1775082600000,0.03858,0.03861,0.03848,0.03861,58267.7
2026-04-01 22:45:00,1775083500000,0.03861,0.03861,0.03851,0.03858,13072.4
2026-04-01 23:00:00,1775084400000,0.03858,0.03859,0.03851,0.03854,44832.0
2026-04-01 23:15:00,1775085300000,0.03854,0.03858,0.03851,0.03857,48818.7
2026-04-01 23:30:00,1775086200000,0.03857,0.03859,0.03844,0.03853,288426.3
2026-04-01 23:45:00,1775087100000,0.03853,0.03857,0.0385,0.03853,67219.8
2026-04-02 00:00:00,1775088000000,0.03853,0.03856,0.03845,0.03852,110200.6
2026-04-02 00:15:00,1775088900000,0.03852,0.03856,0.03852,0.03854,14597.9
2026-04-02 00:30:00,1775089800000,0.03854,0.0388,0.03851,0.03873,318624.5
2026-04-02 00:45:00,1775090700000,0.03873,0.03883,0.03864,0.03868,121757.8
2026-04-02 01:00:00,1775091600000,0.03868,0.0387,0.0383,0.03855,392769.7
2026-04-02 01:15:00,1775092500000,0.03855,0.03855,0.03799,0.03809,191458.6
2026-04-02 01:30:00,1775093400000,0.03809,0.03809,0.03772,0.0378,290790.9
2026-04-02 01:45:00,1775094300000,0.0378,0.03813,0.03774,0.03807,158419.7
2026-04-02 02:00:00,1775095200000,0.03807,0.03807,0.0377,0.03773,102821.6
2026-04-02 02:15:00,1775096100000,0.03773,0.03779,0.03754,0.03762,294077.8
2026-04-02 02:30:00,1775097000000,0.03762,0.03769,0.03747,0.03749,29287.2
2026-04-02 02:45:00,1775097900000,0.03749,0.03764,0.03747,0.03761,20391.0
2026-04-02 03:00:00,1775098800000,0.03761,0.0377,0.03755,0.03758,21923.8
2026-04-02 03:15:00,1775099700000,0.03758,0.03793,0.03755,0.03791,69103.0
2026-04-02 03:30:00,1775100600000,0.03791,0.03793,0.03767,0.03776,72108.4
2026-04-02 03:45:00,1775101500000,0.03776,0.03788,0.03776,0.03783,39906.9
2026-04-02 04:00:00,1775102400000,0.03783,0.03786,0.0377,0.03772,19362.7
2026-04-02 04:15:00,1775103300000,0.03772,0.03781,0.03756,0.03756,56158.3
2026-04-02 04:30:00,1775104200000,0.03756,0.03762,0.0375,0.03756,26944.8
2026-04-02 04:45:00,1775105100000,0.03756,0.03762,0.03745,0.03752,18601.3
2026-04-02 05:00:00,1775106000000,0.03752,0.0377,0.03748,0.03766,64265.2
2026-04-02 05:15:00,1775106900000,0.03766,0.03772,0.03759,0.03763,91936.5
2026-04-02 05:30:00,1775107800000,0.03763,0.03783,0.03755,0.03781,63628.1
2026-04-02 05:45:00,1775108700000,0.03781,0.03804,0.03773,0.03798,26516.8
2026-04-02 06:00:00,1775109600000,0.03798,0.03821,0.03783,0.03801,70775.5
2026-04-02 06:15:00,1775110500000,0.03801,0.03821,0.03801,0.03809,37780.3
2026-04-02 06:30:00,1775111400000,0.03809,0.03838,0.03802,0.03831,153316.0
2026-04-02 06:45:00,1775112300000,0.03831,0.0385,0.03819,0.0383,34881.2
2026-04-02 07:00:00,1775113200000,0.0383,0.03854,0.03828,0.03853,115687.5
2026-04-02 07:15:00,1775114100000,0.03853,0.03855,0.03831,0.03843,30727.6
2026-04-02 07:30:00,1775115000000,0.03843,0.03843,0.0383,0.0383,19561.5
2026-04-02 07:45:00,1775115900000,0.0383,0.03851,0.0383,0.03851,12720.7
2026-04-02 08:00:00,1775116800000,0.03851,0.03857,0.03838,0.03843,63254.1
2026-04-02 08:15:00,1775117700000,0.03843,0.03861,0.03832,0.03851,35226.0
2026-04-02 08:30:00,1775118600000,0.03851,0.03855,0.03828,0.0383,60032.8
2026-04-02 08:45:00,1775119500000,0.0383,0.03838,0.0383,0.03833,8548.9
2026-04-02 09:00:00,1775120400000,0.03833,0.03834,0.03788,0.03809,373644.6
2026-04-02 09:15:00,1775121300000,0.03809,0.03809,0.03774,0.03782,161155.9
2026-04-02 09:30:00,1775122200000,0.03782,0.03783,0.03772,0.03781,34858.7
2026-04-02 09:45:00,1775123100000,0.03781,0.03784,0.03748,0.03761,338835.5
2026-04-02 10:00:00,1775124000000,0.03761,0.03774,0.03747,0.03765,191379.4
2026-04-02 10:15:00,1775124900000,0.03765,0.03774,0.03758,0.03768,44706.6
2026-04-02 10:30:00,1775125800000,0.03768,0.03784,0.03767,0.03775,45517.7
2026-04-02 10:45:00,1775126700000,0.03775,0.03775,0.03763,0.03765,9068.2
2026-04-02 11:00:00,1775127600000,0.03765,0.03766,0.03742,0.03747,122560.9
2026-04-02 11:15:00,1775128500000,0.03747,0.03759,0.03739,0.03753,38728.2
2026-04-02 11:30:00,1775129400000,0.03753,0.03764,0.03751,0.03764,5097.8
2026-04-02 11:45:00,1775130300000,0.03764,0.03786,0.03764,0.03772,29061.8
2026-04-02 12:00:00,1775131200000,0.03772,0.03773,0.03749,0.03755,62846.3
2026-04-02 12:15:00,1775132100000,0.03755,0.03761,0.03748,0.03756,11451.9
2026-04-02 12:30:00,1775133000000,0.03756,0.0376,0.03748,0.03759,26952.0
2026-04-02 12:45:00,1775133900000,0.03759,0.03761,0.03743,0.03746,100203.1
2026-04-02 13:00:00,1775134800000,0.03746,0.03746,0.03716,0.03717,80000.2
2026-04-02 13:15:00,1775135700000,0.03717,0.03724,0.03702,0.03723,113893.6
2026-04-02 13:30:00,1775136600000,0.03723,0.0373,0.03689,0.03706,286453.2
2026-04-02 13:45:00,1775137500000,0.03706,0.03718,0.03703,0.03715,67937.1
2026-04-02 14:00:00,1775138400000,0.03715,0.03719,0.03703,0.03717,114591.4
2026-04-02 14:15:00,1775139300000,0.03717,0.03733,0.0371,0.03716,61178.0
2026-04-02 14:30:00,1775140200000,0.03716,0.03751,0.03715,0.03737,282574.3
2026-04-02 14:45:00,1775141100000,0.03737,0.03755,0.03724,0.03751,45677.6
2026-04-02 15:00:00,1775142000000,0.03751,0.03751,0.03734,0.03734,27844.5
2026-04-02 15:15:00,1775142900000,0.03734,0.03734,0.03717,0.03733,67941.8
2026-04-02 15:30:00,1775143800000,0.03733,0.03761,0.03732,0.03751,24897.4
2026-04-02 15:45:00,1775144700000,0.03751,0.03764,0.03745,0.03751,109651.7
2026-04-02 16:00:00,1775145600000,0.03751,0.03757,0.03741,0.03746,79739.0
2026-04-02 16:15:00,1775146500000,0.03746,0.03756,0.03744,0.03747,20204.7
2026-04-02 16:30:00,1775147400000,0.03747,0.03781,0.03744,0.03767,90040.9
2026-04-02 16:45:00,1775148300000,0.03767,0.03783,0.03757,0.03771,117076.2
2026-04-02 17:00:00,1775149200000,0.03771,0.03783,0.03759,0.0378,42455.2
2026-04-02 17:15:00,1775150100000,0.0378,0.03791,0.0378,0.03784,48367.1
2026-04-02 17:30:00,1775151000000,0.03784,0.03784,0.03747,0.0375,107956.6
2026-04-02 17:45:00,1775151900000,0.0375,0.03756,0.0373,0.0373,84923.0
2026-04-02 18:00:00,1775152800000,0.0373,0.03746,0.0373,0.03737,12452.5
2026-04-02 18:15:00,1775153700000,0.03737,0.0374,0.03726,0.03726,4210.9
2026-04-02 18:30:00,1775154600000,0.03726,0.03739,0.03726,0.03738,11449.5
2026-04-02 18:45:00,1775155500000,0.03738,0.03762,0.03738,0.03748,33687.0
2026-04-02 19:00:00,1775156400000,0.03748,0.03748,0.03741,0.03746,20693.5
2026-04-02 19:15:00,1775157300000,0.03746,0.03749,0.03741,0.03742,12359.9
2026-04-02 19:30:00,1775158200000,0.03742,0.03745,0.03731,0.03735,16514.0
2026-04-02 19:45:00,1775159100000,0.03735,0.03735,0.0371,0.03718,109457.9
2026-04-02 20:00:00,1775160000000,0.03718,0.0372,0.03712,0.03712,18757.4
2026-04-02 20:15:00,1775160900000,0.03712,0.03724,0.0371,0.03724,21039.4
2026-04-02 20:30:00,1775161800000,0.03724,0.03732,0.03724,0.03728,7817.0
2026-04-02 20:45:00,1775162700000,0.03728,0.03733,0.03724,0.03729,32341.0
2026-04-02 21:00:00,1775163600000,0.03729,0.03729,0.03709,0.03723,46197.6
2026-04-02 21:15:00,1775164500000,0.03723,0.03727,0.03718,0.03724,9226.5
2026-04-02 21:30:00,1775165400000,0.03724,0.03733,0.03712,0.03719,38454.0
2026-04-02 21:45:00,1775166300000,0.03719,0.03732,0.03719,0.03725,14996.5
2026-04-02 22:00:00,1775167200000,0.03725,0.03732,0.03722,0.0373,55841.1
2026-04-02 22:15:00,1775168100000,0.0373,0.03739,0.0372,0.03726,40465.1
2026-04-02 22:30:00,1775169000000,0.03726,0.03737,0.03724,0.03733,12817.0
2026-04-02 22:45:00,1775169900000,0.03733,0.03734,0.03727,0.03728,11534.6
2026-04-02 23:00:00,1775170800000,0.03728,0.03742,0.03726,0.03731,38352.3
2026-04-02 23:15:00,1775171700000,0.03731,0.0374,0.0373,0.0373,13026.1
2026-04-02 23:30:00,1775172600000,0.0373,0.03735,0.0373,0.03733,17404.6
2026-04-02 23:45:00,1775173500000,0.03733,0.03742,0.03732,0.0374,2142.3
2026-04-03 00:00:00,1775174400000,0.0374,0.03744,0.03731,0.03733,52981.4
2026-04-03 00:15:00,1775175300000,0.03733,0.0374,0.03732,0.03734,2805.1
2026-04-03 00:30:00,1775176200000,0.03734,0.03738,0.03731,0.03735,4694.5
2026-04-03 00:45:00,1775177100000,0.03735,0.03735,0.03728,0.03731,70847.8
2026-04-03 01:00:00,1775178000000,0.03731,0.03735,0.03727,0.03735,19534.8
2026-04-03 01:15:00,1775178900000,0.03735,0.03745,0.03731,0.03742,88534.3
2026-04-03 01:30:00,1775179800000,0.03742,0.03743,0.03729,0.03731,23448.6
2026-04-03 01:45:00,1775180700000,0.03731,0.03734,0.0373,0.03734,3596.7
2026-04-03 02:00:00,1775181600000,0.03734,0.03735,0.03724,0.03725,22904.2
2026-04-03 02:15:00,1775182500000,0.03725,0.0375,0.03725,0.03725,62515.7
2026-04-03 02:30:00,1775183400000,0.03725,0.03725,0.03713,0.03716,20670.9
2026-04-03 02:45:00,1775184300000,0.03716,0.03739,0.03714,0.03738,23884.6
2026-04-03 03:00:00,1775185200000,0.03738,0.03738,0.03727,0.03737,10322.9
2026-04-03 03:15:00,1775186100000,0.03737,0.03746,0.03737,0.03746,21156.1
2026-04-03 03:30:00,1775187000000,0.03746,0.03746,0.0374,0.03742,14939.3
2026-04-03 03:45:00,1775187900000,0.03742,0.03747,0.0374,0.03742,6894.6
2026-04-03 04:00:00,1775188800000,0.03742,0.03751,0.0374,0.03747,28120.6
2026-04-03 04:15:00,1775189700000,0.03747,0.03756,0.03745,0.03745,103079.4
2026-04-03 04:30:00,1775190600000,0.03745,0.03756,0.03741,0.03755,4801.9
2026-04-03 04:45:00,1775191500000,0.03755,0.03774,0.03755,0.03774,54182.2
2026-04-03 05:00:00,1775192400000,0.03774,0.03787,0.0377,0.03784,14545.0
2026-04-03 05:15:00,1775193300000,0.03784,0.03796,0.03769,0.03796,28005.5
2026-04-03 05:30:00,1775194200000,0.03796,0.03811,0.03787,0.03795,32782.7
2026-04-03 05:45:00,1775195100000,0.03795,0.03795,0.03784,0.03793,30641.2
2026-04-03 06:00:00,1775196000000,0.03793,0.03793,0.03773,0.03793,22517.5
2026-04-03 06:15:00,1775196900000,0.03793,0.03795,0.03785,0.03789,16196.2
2026-04-03 06:30:00,1775197800000,0.03789,0.03804,0.03782,0.03793,19299.2
2026-04-03 06:45:00,1775198700000,0.03793,0.03803,0.0379,0.03795,20963.6
2026-04-03 07:00:00,1775199600000,0.03795,0.03804,0.03794,0.038,28328.5
2026-04-03 07:15:00,1775200500000,0.038,0.03804,0.03795,0.03802,25813.2
2026-04-03 07:30:00,1775201400000,0.03802,0.03811,0.0379,0.03792,45785.0
2026-04-03 07:45:00,1775202300000,0.03792,0.03793,0.03787,0.03791,20914.7
2026-04-03 08:00:00,1775203200000,0.03791,0.03808,0.03791,0.03803,10769.8
2026-04-03 08:15:00,1775204100000,0.03803,0.03803,0.03793,0.03797,3538.0
2026-04-03 08:30:00,1775205000000,0.03797,0.03812,0.03797,0.03807,7075.7
2026-04-03 08:45:00,1775205900000,0.03807,0.03808,0.03798,0.03805,27156.5
2026-04-03 09:00:00,1775206800000,0.03805,0.03817,0.03805,0.03808,28464.5
2026-04-03 09:15:00,1775207700000,0.03808,0.03828,0.03808,0.03812,53502.3
2026-04-03 09:30:00,1775208600000,0.03812,0.03854,0.03812,0.03852,84022.9
2026-04-03 09:45:00,1775209500000,0.03852,0.03852,0.03826,0.03845,167056.3
2026-04-03 10:00:00,1775210400000,0.03845,0.0385,0.03823,0.03823,30737.5
2026-04-03 10:15:00,1775211300000,0.03823,0.03839,0.03815,0.03824,432685.2
2026-04-03 10:30:00,1775212200000,0.03824,0.03826,0.03801,0.03819,690399.0
2026-04-03 10:45:00,1775213100000,0.03819,0.03825,0.03813,0.03825,39534.5
2026-04-03 11:00:00,1775214000000,0.03825,0.03831,0.03817,0.03817,40808.6
2026-04-03 11:15:00,1775214900000,0.03817,0.03819,0.03812,0.03812,15825.7
2026-04-03 11:30:00,1775215800000,0.03812,0.03821,0.03812,0.03818,38586.7
2026-04-03 11:45:00,1775216700000,0.03818,0.03819,0.03815,0.03818,12900.7
2026-04-03 12:00:00,1775217600000,0.03818,0.03818,0.03801,0.03802,18379.4
2026-04-03 12:15:00,1775218500000,0.03802,0.0381,0.03793,0.03802,69541.4
2026-04-03 12:30:00,1775219400000,0.03802,0.03841,0.0378,0.03781,780523.5
2026-04-03 12:45:00,1775220300000,0.03781,0.03786,0.0377,0.03778,39110.7
2026-04-03 13:00:00,1775221200000,0.03778,0.03779,0.03765,0.03775,49101.2
2026-04-03 13:15:00,1775222100000,0.03775,0.03783,0.03767,0.03782,31365.9
2026-04-03 13:30:00,1775223000000,0.03782,0.03782,0.03769,0.03777,17381.4
2026-04-03 13:45:00,1775223900000,0.03777,0.03778,0.03766,0.03777,24970.2
2026-04-03 14:00:00,1775224800000,0.03777,0.03782,0.03764,0.03769,51907.2
2026-04-03 14:15:00,1775225700000,0.03769,0.03783,0.03768,0.03781,20340.8
2026-04-03 14:30:00,1775226600000,0.03781,0.03783,0.03739,0.03755,562588.6
2026-04-03 14:45:00,1775227500000,0.03755,0.03755,0.03743,0.03743,71903.7
2026-04-03 15:00:00,1775228400000,0.03743,0.03743,0.03725,0.03728,103649.0
2026-04-03 15:15:00,1775229300000,0.03728,0.03733,0.03721,0.03726,55368.3
2026-04-03 15:30:00,1775230200000,0.03726,0.03728,0.03708,0.03708,49347.7
2026-04-03 15:45:00,1775231100000,0.03708,0.03715,0.037,0.037,106160.0
2026-04-03 16:00:00,1775232000000,0.037,0.03736,0.03692,0.03727,359383.8
2026-04-03 16:15:00,1775232900000,0.03727,0.03731,0.03717,0.03718,16167.5
2026-04-03 16:30:00,1775233800000,0.03718,0.0372,0.03699,0.03709,25388.6
2026-04-03 16:45:00,1775234700000,0.03709,0.03734,0.03708,0.03724,27819.3
2026-04-03 17:00:00,1775235600000,0.03724,0.03727,0.03721,0.03723,12340.9
2026-04-03 17:15:00,1775236500000,0.03723,0.03731,0.03715,0.03715,41613.2
2026-04-03 17:30:00,1775237400000,0.03715,0.03733,0.03715,0.03732,32255.8
2026-04-03 17:45:00,1775238300000,0.03732,0.03737,0.03713,0.03729,231772.7
2026-04-03 18:00:00,1775239200000,0.03729,0.03729,0.03722,0.03728,14152.3
2026-04-03 18:15:00,1775240100000,0.03728,0.0373,0.03719,0.03719,3328.7
2026-04-03 18:30:00,1775241000000,0.03719,0.03719,0.03712,0.03719,21766.2
2026-04-03 18:45:00,1775241900000,0.03719,0.03719,0.03712,0.03712,9926.6
2026-04-03 19:00:00,1775242800000,0.03712,0.03712,0.03698,0.037,18020.9
2026-04-03 19:15:00,1775243700000,0.037,0.03704,0.03699,0.03703,11249.8
2026-04-03 19:30:00,1775244600000,0.03703,0.03703,0.03696,0.03699,7876.8
