Open_time,Open_time,Open,High,Low,Close,Volume
2026-03-14 00:00:00,1773446400000,0.01724,0.017311,0.017201,0.017238,3178406.4
2026-03-14 00:15:00,1773447300000,0.017238,0.017259,0.017206,0.017238,1493379.1
2026-03-14 00:30:00,1773448200000,0.017238,0.01724,0.016965,0.017034,9050295.8
2026-03-14 00:45:00,1773449100000,0.017034,0.017072,0.016951,0.017038,6747012.7
2026-03-14 01:00:00,1773450000000,0.017038,0.017096,0.016969,0.01698,2878946.0
2026-03-14 01:15:00,1773450900000,0.01698,0.017103,0.01698,0.017071,1970500.7
2026-03-14 01:30:00,1773451800000,0.017071,0.017118,0.017019,0.01706,1550564.4
2026-03-14 01:45:00,1773452700000,0.01706,0.017114,0.017043,0.0171,1099025.8
2026-03-14 02:00:00,1773453600000,0.0171,0.017155,0.017082,0.017097,1357590.8
2026-03-14 02:15:00,1773454500000,0.017097,0.017137,0.017034,0.017061,1527229.3
2026-03-14 02:30:00,1773455400000,0.017061,0.017084,0.017017,0.017047,429224.9
2026-03-14 02:45:00,1773456300000,0.017047,0.017134,0.017042,0.017117,609622.7
2026-03-14 03:00:00,1773457200000,0.017117,0.017177,0.017109,0.017115,1903305.8
2026-03-14 03:15:00,1773458100000,0.017115,0.017185,0.017115,0.017172,848520.0
2026-03-14 03:30:00,1773459000000,0.017172,0.017218,0.017165,0.017205,966298.9
2026-03-14 03:45:00,1773459900000,0.017205,0.017226,0.017162,0.017224,1024969.8
2026-03-14 04:00:00,1773460800000,0.017224,0.017224,0.017177,0.017186,846499.8
2026-03-14 04:15:00,1773461700000,0.017186,0.017215,0.017133,0.017203,653468.3
2026-03-14 04:30:00,1773462600000,0.017203,0.017267,0.017194,0.017267,636755.3
2026-03-14 04:45:00,1773463500000,0.017267,0.017267,0.017111,0.017116,1390631.0
2026-03-14 05:00:00,1773464400000,0.017116,0.017116,0.016979,0.017018,2040292.7
2026-03-14 05:15:00,1773465300000,0.017018,0.017029,0.016858,0.01693,6724417.4
2026-03-14 05:30:00,1773466200000,0.01693,0.016936,0.016739,0.016818,11165444.4
2026-03-14 05:45:00,1773467100000,0.016818,0.016825,0.016767,0.016785,2429305.9
2026-03-14 06:00:00,1773468000000,0.016785,0.01681,0.016758,0.016781,3670498.3
2026-03-14 06:15:00,1773468900000,0.016781,0.016794,0.016642,0.016675,5633912.5
2026-03-14 06:30:00,1773469800000,0.016675,0.016731,0.016669,0.016672,2311967.7
2026-03-14 06:45:00,1773470700000,0.016672,0.016785,0.016649,0.01675,3533322.7
2026-03-14 07:00:00,1773471600000,0.01675,0.016755,0.016684,0.016722,2729690.6
2026-03-14 07:15:00,1773472500000,0.016722,0.016757,0.016704,0.01674,786942.2
2026-03-14 07:30:00,1773473400000,0.01674,0.016774,0.016706,0.016743,4092522.7
2026-03-14 07:45:00,1773474300000,0.016743,0.016781,0.016678,0.01671,2687909.0
2026-03-14 08:00:00,1773475200000,0.01671,0.01675,0.016648,0.016741,3521991.0
2026-03-14 08:15:00,1773476100000,0.016741,0.016773,0.016709,0.016754,1514882.8
2026-03-14 08:30:00,1773477000000,0.016754,0.016788,0.016712,0.016729,1443998.8
2026-03-14 08:45:00,1773477900000,0.016729,0.016739,0.01671,0.016737,946705.7
2026-03-14 09:00:00,1773478800000,0.016737,0.016768,0.016728,0.016758,1938033.3
2026-03-14 09:15:00,1773479700000,0.016758,0.016763,0.016704,0.016745,1060527.9
2026-03-14 09:30:00,1773480600000,0.016745,0.01679,0.016723,0.016755,2201489.7
2026-03-14 09:45:00,1773481500000,0.016755,0.016756,0.016686,0.016727,1233413.3
2026-03-14 10:00:00,1773482400000,0.016727,0.016732,0.016657,0.016719,3175668.9
2026-03-14 10:15:00,1773483300000,0.016719,0.016719,0.016462,0.016609,12938297.9
2026-03-14 10:30:00,1773484200000,0.016609,0.016619,0.01654,0.01658,5239495.9
2026-03-14 10:45:00,1773485100000,0.01658,0.01665,0.016574,0.016605,2345765.2
2026-03-14 11:00:00,1773486000000,0.016605,0.01665,0.016605,0.016625,1647587.4
2026-03-14 11:15:00,1773486900000,0.016625,0.016692,0.016623,0.016655,1079471.5
2026-03-14 11:30:00,1773487800000,0.016655,0.01673,0.01664,0.016718,1693695.5
2026-03-14 11:45:00,1773488700000,0.016718,0.01674,0.016708,0.016721,797828.9
2026-03-14 12:00:00,1773489600000,0.016721,0.016734,0.016685,0.016718,641170.6
2026-03-14 12:15:00,1773490500000,0.016718,0.016758,0.016704,0.016736,577546.3
2026-03-14 12:30:00,1773491400000,0.016736,0.016764,0.01668,0.016705,864678.1
2026-03-14 12:45:00,1773492300000,0.016705,0.016739,0.016678,0.016739,447665.2
2026-03-14 13:00:00,1773493200000,0.016739,0.016743,0.016703,0.016719,1237498.8
2026-03-14 13:15:00,1773494100000,0.016719,0.016736,0.016685,0.016699,1330092.3
2026-03-14 13:30:00,1773495000000,0.016699,0.016734,0.016694,0.01671,753297.2
2026-03-14 13:45:00,1773495900000,0.01671,0.016734,0.016661,0.016731,1579443.2
2026-03-14 14:00:00,1773496800000,0.016731,0.016736,0.016662,0.016684,1126334.0
2026-03-14 14:15:00,1773497700000,0.016684,0.016688,0.016611,0.016666,2882804.7
2026-03-14 14:30:00,1773498600000,0.016666,0.016667,0.016316,0.01644,17299914.2
2026-03-14 14:45:00,1773499500000,0.01644,0.016493,0.016387,0.016483,5519741.3
2026-03-14 15:00:00,1773500400000,0.016483,0.016506,0.016369,0.016416,6747874.9
2026-03-14 15:15:00,1773501300000,0.016416,0.016454,0.016395,0.016451,4509260.9
2026-03-14 15:30:00,1773502200000,0.016451,0.016452,0.016371,0.016419,2462974.3
2026-03-14 15:45:00,1773503100000,0.016419,0.016518,0.016403,0.016496,4744229.0
2026-03-14 16:00:00,1773504000000,0.016496,0.016496,0.016377,0.016464,8160668.9
2026-03-14 16:15:00,1773504900000,0.016464,0.016526,0.016421,0.016512,3021862.9
2026-03-14 16:30:00,1773505800000,0.016512,0.01654,0.016483,0.016534,1942076.3
2026-03-14 16:45:00,1773506700000,0.016534,0.016539,0.016508,0.016525,558048.5
2026-03-14 17:00:00,1773507600000,0.016525,0.016544,0.016498,0.016509,611772.9
2026-03-14 17:15:00,1773508500000,0.016509,0.016533,0.016486,0.016511,1187128.1
2026-03-14 17:30:00,1773509400000,0.016511,0.016521,0.01645,0.016501,1021580.9
2026-03-14 17:45:00,1773510300000,0.016501,0.016564,0.016478,0.016548,1372772.6
2026-03-14 18:00:00,1773511200000,0.016548,0.016553,0.016508,0.016544,617804.1
2026-03-14 18:15:00,1773512100000,0.016544,0.016544,0.016493,0.01651,727387.1
2026-03-14 18:30:00,1773513000000,0.01651,0.016533,0.016491,0.016507,535082.9
2026-03-14 18:45:00,1773513900000,0.016507,0.016523,0.016434,0.016435,2053298.8
2026-03-14 19:00:00,1773514800000,0.016435,0.016448,0.016381,0.016408,2988432.5
2026-03-14 19:15:00,1773515700000,0.016408,0.016428,0.01629,0.016351,6118332.2
2026-03-14 19:30:00,1773516600000,0.016351,0.016383,0.016339,0.016353,790315.1
2026-03-14 19:45:00,1773517500000,0.016353,0.01636,0.016133,0.016184,10542978.8
2026-03-14 20:00:00,1773518400000,0.016184,0.016215,0.015885,0.015999,28236150.2
2026-03-14 20:15:00,1773519300000,0.015999,0.016121,0.015957,0.016105,3223681.9
2026-03-14 20:30:00,1773520200000,0.016105,0.01613,0.016048,0.016117,2545226.3
2026-03-14 20:45:00,1773521100000,0.016117,0.0162,0.016064,0.016168,8814612.7
2026-03-14 21:00:00,1773522000000,0.016168,0.016255,0.01613,0.016178,5525269.3
2026-03-14 21:15:00,1773522900000,0.016178,0.016278,0.016147,0.01623,3745588.4
2026-03-14 21:30:00,1773523800000,0.01623,0.016321,0.016221,0.016312,1704959.7
2026-03-14 21:45:00,1773524700000,0.016312,0.016359,0.016309,0.01635,1654200.4
2026-03-14 22:00:00,1773525600000,0.01635,0.01637,0.016327,0.01634,711579.9
2026-03-14 22:15:00,1773526500000,0.01634,0.016461,0.016325,0.016451,1678960.9
2026-03-14 22:30:00,1773527400000,0.016451,0.016503,0.016416,0.016503,1552923.8
2026-03-14 22:45:00,1773528300000,0.016503,0.016508,0.016417,0.016437,1099691.8
2026-03-14 23:00:00,1773529200000,0.016437,0.016472,0.016393,0.016428,2403209.1
2026-03-14 23:15:00,1773530100000,0.016428,0.016525,0.016389,0.01652,2654102.9
2026-03-14 23:30:00,1773531000000,0.01652,0.016594,0.016514,0.016543,3050424.0
2026-03-14 23:45:00,1773531900000,0.016543,0.01658,0.016474,0.016516,2004912.4
2026-03-15 00:00:00,1773532800000,0.016516,0.016556,0.01643,0.016444,2317146.3
2026-03-15 00:15:00,1773533700000,0.016444,0.016447,0.016371,0.016382,1010284.8
2026-03-15 00:30:00,1773534600000,0.016382,0.016402,0.016338,0.016375,600455.5
2026-03-15 00:45:00,1773535500000,0.016375,0.016379,0.016327,0.016373,642209.5
2026-03-15 01:00:00,1773536400000,0.016373,0.016425,0.016356,0.016425,846515.9
2026-03-15 01:15:00,1773537300000,0.016425,0.016551,0.016413,0.016551,2847185.2
2026-03-15 01:30:00,1773538200000,0.016551,0.016721,0.016551,0.016689,3168689.5
2026-03-15 01:45:00,1773539100000,0.016689,0.016832,0.016667,0.016767,5627509.7
2026-03-15 02:00:00,1773540000000,0.016767,0.016881,0.016656,0.016723,13260235.2
2026-03-15 02:15:00,1773540900000,0.016723,0.016757,0.016628,0.016629,1636167.4
2026-03-15 02:30:00,1773541800000,0.016629,0.016816,0.016615,0.016816,1932714.2
2026-03-15 02:45:00,1773542700000,0.016816,0.016829,0.016681,0.016699,3911141.3
2026-03-15 03:00:00,1773543600000,0.016699,0.016734,0.016632,0.016726,2476389.1
2026-03-15 03:15:00,1773544500000,0.016726,0.016743,0.016675,0.016719,1431715.5
2026-03-15 03:30:00,1773545400000,0.016719,0.016759,0.016672,0.016677,1635114.6
2026-03-15 03:45:00,1773546300000,0.016677,0.01687,0.016652,0.016821,3989679.5
2026-03-15 04:00:00,1773547200000,0.016821,0.016882,0.016728,0.016822,2956896.6
2026-03-15 04:15:00,1773548100000,0.016822,0.016869,0.01666,0.016742,3651939.0
2026-03-15 04:30:00,1773549000000,0.016742,0.016871,0.016728,0.01685,1512451.1
2026-03-15 04:45:00,1773549900000,0.01685,0.016918,0.016808,0.016871,1596299.6
2026-03-15 05:00:00,1773550800000,0.016871,0.016956,0.016857,0.016932,2471219.3
2026-03-15 05:15:00,1773551700000,0.016932,0.016953,0.016869,0.016909,2558873.1
2026-03-15 05:30:00,1773552600000,0.016909,0.016947,0.016854,0.016863,1037453.1
2026-03-15 05:45:00,1773553500000,0.016863,0.016899,0.016793,0.016861,1749161.9
2026-03-15 06:00:00,1773554400000,0.016861,0.016877,0.016821,0.016841,643867.5
2026-03-15 06:15:00,1773555300000,0.016841,0.016849,0.016743,0.016749,1145630.8
2026-03-15 06:30:00,1773556200000,0.016749,0.016751,0.01666,0.016673,2040582.8
2026-03-15 06:45:00,1773557100000,0.016673,0.016694,0.016647,0.016666,645334.2
2026-03-15 07:00:00,1773558000000,0.016666,0.016666,0.016572,0.016608,2264861.4
2026-03-15 07:15:00,1773558900000,0.016608,0.01663,0.016548,0.0166,1994273.0
2026-03-15 07:30:00,1773559800000,0.0166,0.016639,0.016576,0.016631,434397.8
2026-03-15 07:45:00,1773560700000,0.016631,0.016699,0.016628,0.016652,1464009.0
2026-03-15 08:00:00,1773561600000,0.016652,0.016692,0.016642,0.016648,1460196.7
2026-03-15 08:15:00,1773562500000,0.016648,0.016669,0.016614,0.016631,781566.9
2026-03-15 08:30:00,1773563400000,0.016631,0.016641,0.016601,0.016626,274145.3
2026-03-15 08:45:00,1773564300000,0.016626,0.016635,0.016568,0.016609,682543.2
2026-03-15 09:00:00,1773565200000,0.016609,0.016687,0.0166,0.016624,2693957.9
2026-03-15 09:15:00,1773566100000,0.016624,0.016696,0.016619,0.016645,778521.4
2026-03-15 09:30:00,1773567000000,0.016645,0.016654,0.016601,0.016609,449695.9
2026-03-15 09:45:00,1773567900000,0.016609,0.016639,0.016584,0.016634,626147.2
2026-03-15 10:00:00,1773568800000,0.016634,0.016634,0.016591,0.016632,794789.5
2026-03-15 10:15:00,1773569700000,0.016632,0.016739,0.016631,0.016732,1927014.9
2026-03-15 10:30:00,1773570600000,0.016732,0.016826,0.016715,0.016758,2184777.7
2026-03-15 10:45:00,1773571500000,0.016758,0.016792,0.016738,0.016751,550945.2
2026-03-15 11:00:00,1773572400000,0.016751,0.016772,0.016735,0.016735,987344.8
2026-03-15 11:15:00,1773573300000,0.016735,0.016752,0.01671,0.01672,1670923.6
2026-03-15 11:30:00,1773574200000,0.01672,0.016731,0.016649,0.016716,3808280.0
2026-03-15 11:45:00,1773575100000,0.016716,0.016789,0.01671,0.016743,1596490.1
2026-03-15 12:00:00,1773576000000,0.016743,0.016808,0.01671,0.016808,1145721.9
2026-03-15 12:15:00,1773576900000,0.016808,0.016871,0.016808,0.016844,2071332.0
2026-03-15 12:30:00,1773577800000,0.016844,0.016844,0.016808,0.016829,403965.4
2026-03-15 12:45:00,1773578700000,0.016829,0.016831,0.016736,0.016756,779445.8
2026-03-15 13:00:00,1773579600000,0.016756,0.01676,0.016573,0.016616,3716431.4
2026-03-15 13:15:00,1773580500000,0.016616,0.016663,0.016501,0.016636,5518263.1
2026-03-15 13:30:00,1773581400000,0.016636,0.016658,0.016585,0.016631,1333175.9
2026-03-15 13:45:00,1773582300000,0.016631,0.016655,0.016588,0.016643,1907984.2
2026-03-15 14:00:00,1773583200000,0.016643,0.016691,0.016623,0.01666,1387506.4
2026-03-15 14:15:00,1773584100000,0.01666,0.016671,0.01658,0.016607,1300399.2
2026-03-15 14:30:00,1773585000000,0.016607,0.016768,0.016594,0.016768,1821854.7
2026-03-15 14:45:00,1773585900000,0.016768,0.016851,0.016723,0.016759,7887334.9
2026-03-15 15:00:00,1773586800000,0.016759,0.016799,0.01674,0.01676,1159393.8
2026-03-15 15:15:00,1773587700000,0.01676,0.016783,0.016711,0.016711,862909.7
2026-03-15 15:30:00,1773588600000,0.016711,0.016778,0.016702,0.016747,714684.7
2026-03-15 15:45:00,1773589500000,0.016747,0.016779,0.016738,0.016772,101470.5
2026-03-15 16:00:00,1773590400000,0.016772,0.016943,0.016763,0.016943,7898954.8
2026-03-15 16:15:00,1773591300000,0.016943,0.016954,0.016865,0.016932,2430948.1
2026-03-15 16:30:00,1773592200000,0.016932,0.016989,0.016871,0.016952,2923631.8
2026-03-15 16:45:00,1773593100000,0.016952,0.016979,0.016885,0.016948,1817143.0
2026-03-15 17:00:00,1773594000000,0.016948,0.017034,0.016935,0.017034,1908189.8
2026-03-15 17:15:00,1773594900000,0.017034,0.017037,0.016958,0.01696,1728491.9
2026-03-15 17:30:00,1773595800000,0.01696,0.016972,0.016901,0.01694,1008995.0
2026-03-15 17:45:00,1773596700000,0.01694,0.016979,0.016908,0.016965,609089.9
2026-03-15 18:00:00,1773597600000,0.016965,0.017049,0.01694,0.016999,3419218.1
2026-03-15 18:15:00,1773598500000,0.016999,0.017108,0.016972,0.01709,1923663.0
2026-03-15 18:30:00,1773599400000,0.01709,0.017107,0.01704,0.017055,946006.1
2026-03-15 18:45:00,1773600300000,0.017055,0.017066,0.016922,0.016962,1244335.1
2026-03-15 19:00:00,1773601200000,0.016962,0.016974,0.016929,0.016973,838000.1
2026-03-15 19:15:00,1773602100000,0.016973,0.017018,0.016938,0.017014,1473428.6
2026-03-15 19:30:00,1773603000000,0.017014,0.017014,0.016957,0.016971,341082.9
2026-03-15 19:45:00,1773603900000,0.016971,0.017078,0.016965,0.017018,1177385.2
2026-03-15 20:00:00,1773604800000,0.017018,0.017279,0.017009,0.017254,4876736.5
2026-03-15 20:15:00,1773605700000,0.017254,0.017283,0.017134,0.017175,4219113.2
2026-03-15 20:30:00,1773606600000,0.017175,0.017447,0.017169,0.017321,7798807.7
2026-03-15 20:45:00,1773607500000,0.017321,0.017326,0.017199,0.017239,2010053.3
2026-03-15 21:00:00,1773608400000,0.017239,0.017256,0.017065,0.017127,3768121.5
2026-03-15 21:15:00,1773609300000,0.017127,0.017133,0.017049,0.017113,875112.0
2026-03-15 21:30:00,1773610200000,0.017113,0.017138,0.017043,0.017079,1003546.1
2026-03-15 21:45:00,1773611100000,0.017079,0.017119,0.017057,0.017082,976701.3
2026-03-15 22:00:00,1773612000000,0.017082,0.017112,0.016859,0.016867,12012135.4
2026-03-15 22:15:00,1773612900000,0.016867,0.016951,0.016822,0.016938,2066448.0
2026-03-15 22:30:00,1773613800000,0.016938,0.01701,0.01692,0.01694,3724728.1
2026-03-15 22:45:00,1773614700000,0.01694,0.017019,0.016925,0.01694,6228064.5
2026-03-15 23:00:00,1773615600000,0.01694,0.016961,0.016915,0.016939,2213280.8
2026-03-15 23:15:00,1773616500000,0.016939,0.016963,0.016801,0.016809,2889332.3
2026-03-15 23:30:00,1773617400000,0.016809,0.016844,0.016797,0.016827,2058728.5
2026-03-15 23:45:00,1773618300000,0.016827,0.016966,0.016811,0.016946,1774820.6
2026-03-16 00:00:00,1773619200000,0.016946,0.017035,0.016939,0.016954,3356656.6
2026-03-16 00:15:00,1773620100000,0.016954,0.016978,0.016841,0.01686,2129013.6
2026-03-16 00:30:00,1773621000000,0.01686,0.016865,0.016741,0.016775,3441165.7
2026-03-16 00:45:00,1773621900000,0.016775,0.016864,0.016733,0.016862,1481943.2
2026-03-16 01:00:00,1773622800000,0.016862,0.016873,0.016802,0.016816,1534935.8
2026-03-16 01:15:00,1773623700000,0.016816,0.016937,0.016816,0.016869,795534.3
2026-03-16 01:30:00,1773624600000,0.016869,0.016869,0.016776,0.016776,872883.5
2026-03-16 01:45:00,1773625500000,0.016776,0.016897,0.016761,0.016881,915326.5
2026-03-16 02:00:00,1773626400000,0.016881,0.017005,0.01686,0.016964,1393971.5
2026-03-16 02:15:00,1773627300000,0.016964,0.016969,0.016883,0.0169,884623.9
2026-03-16 02:30:00,1773628200000,0.0169,0.01695,0.016842,0.01693,1217025.1
2026-03-16 02:45:00,1773629100000,0.01693,0.016982,0.016905,0.016959,549010.4
2026-03-16 03:00:00,1773630000000,0.016959,0.017164,0.016926,0.017141,2113417.2
2026-03-16 03:15:00,1773630900000,0.017141,0.017141,0.017029,0.017029,1561893.2
2026-03-16 03:30:00,1773631800000,0.017029,0.017269,0.017029,0.017106,6065131.1
2026-03-16 03:45:00,1773632700000,0.017106,0.017145,0.017054,0.017088,1099680.0
2026-03-16 04:00:00,1773633600000,0.017088,0.017142,0.017081,0.017135,1396519.1
2026-03-16 04:15:00,1773634500000,0.017135,0.017185,0.017081,0.017113,1267765.4
2026-03-16 04:30:00,1773635400000,0.017113,0.017174,0.017105,0.017112,2397943.8
2026-03-16 04:45:00,1773636300000,0.017112,0.017292,0.017112,0.017209,2845353.8
2026-03-16 05:00:00,1773637200000,0.017209,0.017397,0.017206,0.017348,2254157.6
2026-03-16 05:15:00,1773638100000,0.017348,0.017348,0.017269,0.017274,2453381.7
2026-03-16 05:30:00,1773639000000,0.017274,0.017285,0.017216,0.017253,938841.9
2026-03-16 05:45:00,1773639900000,0.017253,0.017277,0.017208,0.017255,1529690.5
2026-03-16 06:00:00,1773640800000,0.017255,0.017311,0.017149,0.017205,2075850.1
2026-03-16 06:15:00,1773641700000,0.017205,0.017256,0.017164,0.017217,3273529.2
2026-03-16 06:30:00,1773642600000,0.017217,0.017257,0.017177,0.017257,1066755.6
2026-03-16 06:45:00,1773643500000,0.017257,0.017264,0.017208,0.017208,277294.3
2026-03-16 07:00:00,1773644400000,0.017208,0.017384,0.017208,0.017342,2119193.4
2026-03-16 07:15:00,1773645300000,0.017342,0.017347,0.017168,0.017312,5143751.2
2026-03-16 07:30:00,1773646200000,0.017312,0.017346,0.017267,0.017283,797033.9
2026-03-16 07:45:00,1773647100000,0.017283,0.01731,0.01724,0.017269,496903.4
2026-03-16 08:00:00,1773648000000,0.017269,0.017506,0.017269,0.017396,2419524.9
2026-03-16 08:15:00,1773648900000,0.017396,0.017455,0.017323,0.017365,1774156.3
2026-03-16 08:30:00,1773649800000,0.017365,0.017428,0.017306,0.017306,2783728.4
2026-03-16 08:45:00,1773650700000,0.017306,0.017663,0.017306,0.017605,7604364.9
2026-03-16 09:00:00,1773651600000,0.017605,0.017745,0.017581,0.017739,6248222.7
2026-03-16 09:15:00,1773652500000,0.017739,0.017789,0.017638,0.017789,4338378.8
2026-03-16 09:30:00,1773653400000,0.017789,0.017818,0.017638,0.017645,4338034.7
2026-03-16 09:45:00,1773654300000,0.017645,0.017727,0.017581,0.017582,2577156.5
2026-03-16 10:00:00,1773655200000,0.017582,0.017619,0.017542,0.017584,3835548.6
2026-03-16 10:15:00,1773656100000,0.017584,0.017881,0.017584,0.017756,4436231.9
2026-03-16 10:30:00,1773657000000,0.017756,0.017756,0.017463,0.01754,2870142.6
2026-03-16 10:45:00,1773657900000,0.01754,0.017606,0.017437,0.017462,2962769.6
2026-03-16 11:00:00,1773658800000,0.017462,0.017487,0.017332,0.017343,2208663.4
2026-03-16 11:15:00,1773659700000,0.017343,0.017436,0.017329,0.017397,2186069.3
2026-03-16 11:30:00,1773660600000,0.017397,0.017531,0.017318,0.017505,2878060.9
2026-03-16 11:45:00,1773661500000,0.017505,0.017573,0.01747,0.017503,2409134.7
2026-03-16 12:00:00,1773662400000,0.017503,0.017657,0.017494,0.017618,5266672.4
2026-03-16 12:15:00,1773663300000,0.017618,0.017833,0.017587,0.017785,5886572.8
2026-03-16 12:30:00,1773664200000,0.017785,0.017856,0.017699,0.01782,3088383.1
2026-03-16 12:45:00,1773665100000,0.01782,0.017947,0.017754,0.017791,4903949.7
2026-03-16 13:00:00,1773666000000,0.017791,0.017954,0.017779,0.017944,5581292.5
2026-03-16 13:15:00,1773666900000,0.017944,0.017944,0.017624,0.017665,3475552.7
2026-03-16 13:30:00,1773667800000,0.017665,0.017668,0.017501,0.017532,5048337.1
2026-03-16 13:45:00,1773668700000,0.017532,0.017655,0.017528,0.017603,2913378.3
2026-03-16 14:00:00,1773669600000,0.017603,0.01787,0.017592,0.017788,4456693.4
2026-03-16 14:15:00,1773670500000,0.017788,0.017788,0.017583,0.017589,1914763.5
2026-03-16 14:30:00,1773671400000,0.017589,0.017667,0.017435,0.017568,5604437.5
2026-03-16 14:45:00,1773672300000,0.017568,0.017719,0.017557,0.0177,2837376.2
2026-03-16 15:00:00,1773673200000,0.0177,0.017722,0.017617,0.017656,2298009.7
2026-03-16 15:15:00,1773674100000,0.017656,0.017669,0.017615,0.017664,758619.7
2026-03-16 15:30:00,1773675000000,0.017664,0.01771,0.017534,0.01754,2486003.2
2026-03-16 15:45:00,1773675900000,0.01754,0.017607,0.017523,0.017566,1690333.8
2026-03-16 16:00:00,1773676800000,0.017566,0.017769,0.017552,0.017763,2843788.6
2026-03-16 16:15:00,1773677700000,0.017763,0.017841,0.01769,0.017756,3615022.2
2026-03-16 16:30:00,1773678600000,0.017756,0.017965,0.017732,0.017942,2085118.9
2026-03-16 16:45:00,1773679500000,0.017942,0.018049,0.017915,0.017926,3572307.1
2026-03-16 17:00:00,1773680400000,0.017926,0.018109,0.017904,0.018074,4230944.5
2026-03-16 17:15:00,1773681300000,0.018074,0.018095,0.017993,0.018015,2089125.5
2026-03-16 17:30:00,1773682200000,0.018015,0.018035,0.01792,0.017925,2530720.0
2026-03-16 17:45:00,1773683100000,0.017925,0.018054,0.017869,0.01792,6034317.6
2026-03-16 18:00:00,1773684000000,0.01792,0.017965,0.017861,0.01793,2088085.5
2026-03-16 18:15:00,1773684900000,0.01793,0.018004,0.017869,0.017869,2529904.0
2026-03-16 18:30:00,1773685800000,0.017869,0.017951,0.017852,0.017881,3263386.8
2026-03-16 18:45:00,1773686700000,0.017881,0.017909,0.017793,0.017797,1643096.1
2026-03-16 19:00:00,1773687600000,0.017797,0.017914,0.017755,0.017905,3712008.8
2026-03-16 19:15:00,1773688500000,0.017905,0.017984,0.017844,0.017891,2326833.7
2026-03-16 19:30:00,1773689400000,0.017891,0.017942,0.017873,0.017906,1643859.1
2026-03-16 19:45:00,1773690300000,0.017906,0.017911,0.017807,0.017848,3868700.5
2026-03-16 20:00:00,1773691200000,0.017848,0.017872,0.017793,0.017858,1708245.2
2026-03-16 20:15:00,1773692100000,0.017858,0.01794,0.017795,0.017926,2457674.5
2026-03-16 20:30:00,1773693000000,0.017926,0.017934,0.017848,0.017884,2009819.2
2026-03-16 20:45:00,1773693900000,0.017884,0.018024,0.01787,0.017973,1983252.0
2026-03-16 21:00:00,1773694800000,0.017973,0.018066,0.017951,0.018035,2455090.3
2026-03-16 21:15:00,1773695700000,0.018035,0.018035,0.01795,0.018,1657604.9
2026-03-16 21:30:00,1773696600000,0.018,0.018149,0.017997,0.018115,1784169.4
2026-03-16 21:45:00,1773697500000,0.018115,0.018116,0.018005,0.01801,938501.0
2026-03-16 22:00:00,1773698400000,0.01801,0.018131,0.017992,0.018076,3836665.7
2026-03-16 22:15:00,1773699300000,0.018076,0.018096,0.017995,0.018053,1417489.8
2026-03-16 22:30:00,1773700200000,0.018053,0.018093,0.01803,0.018044,849448.1
2026-03-16 22:45:00,1773701100000,0.018044,0.018046,0.017915,0.017989,1454352.3
2026-03-16 23:00:00,1773702000000,0.017989,0.017998,0.017814,0.017935,5935443.5
2026-03-16 23:15:00,1773702900000,0.017935,0.017996,0.0179,0.017996,1432552.3
2026-03-16 23:30:00,1773703800000,0.017996,0.018071,0.017988,0.01805,1854286.9
2026-03-16 23:45:00,1773704700000,0.01805,0.018089,0.017963,0.017972,2930420.4
2026-03-17 00:00:00,1773705600000,0.017972,0.018039,0.017919,0.017992,4728867.5
2026-03-17 00:15:00,1773706500000,0.017992,0.018006,0.01786,0.017934,4547256.7
2026-03-17 00:30:00,1773707400000,0.017934,0.018109,0.017934,0.017996,2526134.8
2026-03-17 00:45:00,1773708300000,0.017996,0.018051,0.017982,0.018018,734018.3
2026-03-17 01:00:00,1773709200000,0.018018,0.018096,0.017933,0.018023,1773422.5
2026-03-17 01:15:00,1773710100000,0.018023,0.01807,0.01796,0.018064,1699902.0
2026-03-17 01:30:00,1773711000000,0.018064,0.018106,0.018015,0.018065,1688619.7
2026-03-17 01:45:00,1773711900000,0.018065,0.018079,0.017971,0.018008,801019.0
2026-03-17 02:00:00,1773712800000,0.018008,0.018022,0.017901,0.017967,1584863.7
2026-03-17 02:15:00,1773713700000,0.017967,0.01797,0.017869,0.017886,850190.9
2026-03-17 02:30:00,1773714600000,0.017886,0.017998,0.017861,0.017969,1379606.6
2026-03-17 02:45:00,1773715500000,0.017969,0.017983,0.017928,0.017939,929954.1
2026-03-17 03:00:00,1773716400000,0.017939,0.017976,0.017801,0.017844,3044822.2
2026-03-17 03:15:00,1773717300000,0.017844,0.017884,0.017783,0.017863,1331939.4
2026-03-17 03:30:00,1773718200000,0.017863,0.017863,0.017607,0.017619,5162375.3
2026-03-17 03:45:00,1773719100000,0.017619,0.01768,0.017592,0.017674,2729716.4
2026-03-17 04:00:00,1773720000000,0.017674,0.0177,0.017615,0.017625,1514923.2
2026-03-17 04:15:00,1773720900000,0.017625,0.017632,0.017497,0.017533,5376484.6
2026-03-17 04:30:00,1773721800000,0.017533,0.017578,0.017449,0.017459,5007199.1
2026-03-17 04:45:00,1773722700000,0.017459,0.017553,0.017449,0.017525,1145674.9
2026-03-17 05:00:00,1773723600000,0.017525,0.017562,0.017455,0.017551,2592217.4
2026-03-17 05:15:00,1773724500000,0.017551,0.017605,0.017536,0.017558,827326.7
2026-03-17 05:30:00,1773725400000,0.017558,0.017664,0.017541,0.017573,2179942.3
2026-03-17 05:45:00,1773726300000,0.017573,0.017646,0.017543,0.017634,1609153.3
2026-03-17 06:00:00,1773727200000,0.017634,0.017666,0.017557,0.017655,1792028.1
2026-03-17 06:15:00,1773728100000,0.017655,0.017765,0.017635,0.017694,2800229.7
2026-03-17 06:30:00,1773729000000,0.017694,0.017745,0.017644,0.017652,1641243.8
2026-03-17 06:45:00,1773729900000,0.017652,0.017686,0.017631,0.017651,957361.0
2026-03-17 07:00:00,1773730800000,0.017651,0.017703,0.017648,0.0177,1572408.4
2026-03-17 07:15:00,1773731700000,0.0177,0.017702,0.017653,0.01768,1176082.8
2026-03-17 07:30:00,1773732600000,0.01768,0.017696,0.017646,0.017674,772409.3
2026-03-17 07:45:00,1773733500000,0.017674,0.017684,0.017636,0.01765,412483.3
2026-03-17 08:00:00,1773734400000,0.01765,0.017787,0.017641,0.017712,3585874.0
2026-03-17 08:15:00,1773735300000,0.017712,0.017793,0.017675,0.017793,689818.6
2026-03-17 08:30:00,1773736200000,0.017793,0.017793,0.017702,0.017724,1025388.4
2026-03-17 08:45:00,1773737100000,0.017724,0.017729,0.017621,0.017655,722452.9
2026-03-17 09:00:00,1773738000000,0.017655,0.017681,0.017552,0.017582,2099215.6
2026-03-17 09:15:00,1773738900000,0.017582,0.017686,0.017582,0.017673,1483852.3
2026-03-17 09:30:00,1773739800000,0.017673,0.017817,0.017642,0.017811,1240116.3
2026-03-17 09:45:00,1773740700000,0.017811,0.017811,0.017718,0.017723,2029584.7
2026-03-17 10:00:00,1773741600000,0.017723,0.017819,0.01767,0.017773,2662731.5
2026-03-17 10:15:00,1773742500000,0.017773,0.017782,0.017705,0.017711,1425819.6
2026-03-17 10:30:00,1773743400000,0.017711,0.017831,0.017703,0.017828,1136858.8
2026-03-17 10:45:00,1773744300000,0.017828,0.017843,0.017767,0.017821,1122227.5
2026-03-17 11:00:00,1773745200000,0.017821,0.017872,0.017799,0.01785,1218702.1
2026-03-17 11:15:00,1773746100000,0.01785,0.017868,0.017826,0.017849,434410.4
2026-03-17 11:30:00,1773747000000,0.017849,0.017849,0.017753,0.017757,1217095.7
2026-03-17 11:45:00,1773747900000,0.017757,0.017788,0.017733,0.017758,695967.0
2026-03-17 12:00:00,1773748800000,0.017758,0.017758,0.017627,0.01764,1333594.8
2026-03-17 12:15:00,1773749700000,0.01764,0.017661,0.017552,0.017562,1334000.0
2026-03-17 12:30:00,1773750600000,0.017562,0.017564,0.017461,0.017501,1653791.3
2026-03-17 12:45:00,1773751500000,0.017501,0.017527,0.017451,0.017512,1209104.7
2026-03-17 13:00:00,1773752400000,0.017512,0.017532,0.01749,0.017532,489108.6
2026-03-17 13:15:00,1773753300000,0.017532,0.017567,0.017515,0.017557,709475.8
2026-03-17 13:30:00,1773754200000,0.017557,0.017666,0.0175,0.017513,2249737.9
2026-03-17 13:45:00,1773755100000,0.017513,0.017542,0.017399,0.017492,3116538.9
2026-03-17 14:00:00,1773756000000,0.017492,0.017537,0.017398,0.017521,1418410.5
2026-03-17 14:15:00,1773756900000,0.017521,0.017553,0.017462,0.017546,668698.8
2026-03-17 14:30:00,1773757800000,0.017546,0.017636,0.01752,0.017544,1541144.1
2026-03-17 14:45:00,1773758700000,0.017544,0.01758,0.0175,0.017577,559392.3
2026-03-17 15:00:00,1773759600000,0.017577,0.017682,0.017534,0.017549,1959486.2
2026-03-17 15:15:00,1773760500000,0.017549,0.01756,0.0175,0.017517,826915.2
2026-03-17 15:30:00,1773761400000,0.017517,0.017558,0.017414,0.017467,2172395.0
2026-03-17 15:45:00,1773762300000,0.017467,0.01755,0.017447,0.017546,1020236.6
2026-03-17 16:00:00,1773763200000,0.017546,0.01757,0.017505,0.017529,609397.0
2026-03-17 16:15:00,1773764100000,0.017529,0.017621,0.017514,0.017526,1122516.9
2026-03-17 16:30:00,1773765000000,0.017526,0.017547,0.017461,0.017513,2410665.0
2026-03-17 16:45:00,1773765900000,0.017513,0.017539,0.017463,0.017514,923184.5
2026-03-17 17:00:00,1773766800000,0.017514,0.017831,0.017513,0.01763,12731446.4
2026-03-17 17:15:00,1773767700000,0.01763,0.017669,0.017619,0.017625,1405319.7
2026-03-17 17:30:00,1773768600000,0.017625,0.017708,0.017583,0.01763,11305476.5
2026-03-17 17:45:00,1773769500000,0.01763,0.01784,0.01761,0.01777,6510250.4
2026-03-17 18:00:00,1773770400000,0.01777,0.017868,0.017734,0.01781,5101699.4
2026-03-17 18:15:00,1773771300000,0.01781,0.017876,0.017786,0.017799,2291781.6
2026-03-17 18:30:00,1773772200000,0.017799,0.017865,0.017799,0.017829,1586593.1
2026-03-17 18:45:00,1773773100000,0.017829,0.017866,0.01781,0.017823,1213831.5
2026-03-17 19:00:00,1773774000000,0.017823,0.01784,0.017773,0.017801,2241655.2
2026-03-17 19:15:00,1773774900000,0.017801,0.018344,0.017743,0.018281,37034969.6
2026-03-17 19:30:00,1773775800000,0.018281,0.018525,0.018256,0.018331,16801891.2
2026-03-17 19:45:00,1773776700000,0.018331,0.018428,0.018053,0.018107,11056068.8
2026-03-17 20:00:00,1773777600000,0.018107,0.018372,0.018094,0.018094,5566863.4
2026-03-17 20:15:00,1773778500000,0.018094,0.018432,0.01805,0.018431,9929225.7
2026-03-17 20:30:00,1773779400000,0.018431,0.018665,0.018427,0.018552,10699285.9
2026-03-17 20:45:00,1773780300000,0.018552,0.018652,0.018251,0.018636,18369244.0
2026-03-17 21:00:00,1773781200000,0.018636,0.018782,0.01857,0.018773,25461004.2
2026-03-17 21:15:00,1773782100000,0.018773,0.01896,0.018625,0.01896,10194981.0
2026-03-17 21:30:00,1773783000000,0.01896,0.019278,0.018813,0.018849,24892003.4
2026-03-17 21:45:00,1773783900000,0.018849,0.018858,0.01855,0.018609,12453053.5
2026-03-17 22:00:00,1773784800000,0.018609,0.018665,0.01837,0.018419,12816351.9
2026-03-17 22:15:00,1773785700000,0.018419,0.018533,0.018316,0.018369,8840946.1
2026-03-17 22:30:00,1773786600000,0.018369,0.018455,0.018291,0.018434,10995601.2
2026-03-17 22:45:00,1773787500000,0.018434,0.018479,0.018292,0.018479,3186310.1
2026-03-17 23:00:00,1773788400000,0.018479,0.018671,0.018465,0.018573,5877297.9
2026-03-17 23:15:00,1773789300000,0.018573,0.01863,0.018377,0.018499,5895791.2
2026-03-17 23:30:00,1773790200000,0.018499,0.01852,0.018365,0.01844,4713739.0
2026-03-17 23:45:00,1773791100000,0.01844,0.018658,0.018375,0.018586,9595067.2
2026-03-18 00:00:00,1773792000000,0.018586,0.018652,0.018313,0.018319,9843340.0
2026-03-18 00:15:00,1773792900000,0.018319,0.018386,0.018185,0.018309,6297230.9
2026-03-18 00:30:00,1773793800000,0.018309,0.018344,0.017992,0.018106,13170029.2
2026-03-18 00:45:00,1773794700000,0.018106,0.018262,0.018098,0.018242,2556763.7
2026-03-18 01:00:00,1773795600000,0.018242,0.018344,0.018208,0.018291,5932041.3
2026-03-18 01:15:00,1773796500000,0.018291,0.018359,0.018223,0.01828,3666711.7
2026-03-18 01:30:00,1773797400000,0.01828,0.018629,0.018273,0.018532,9446568.1
2026-03-18 01:45:00,1773798300000,0.018532,0.018621,0.01848,0.018501,2461436.3
2026-03-18 02:00:00,1773799200000,0.018501,0.018714,0.018344,0.018711,10678796.9
2026-03-18 02:15:00,1773800100000,0.018711,0.018744,0.018581,0.018634,4079106.9
2026-03-18 02:30:00,1773801000000,0.018634,0.018996,0.018595,0.018945,7643786.6
2026-03-18 02:45:00,1773801900000,0.018945,0.019074,0.018894,0.019043,6062620.5
2026-03-18 03:00:00,1773802800000,0.019043,0.01919,0.018961,0.019142,11325933.8
2026-03-18 03:15:00,1773803700000,0.019142,0.019382,0.019058,0.019352,7325057.4
2026-03-18 03:30:00,1773804600000,0.019352,0.019539,0.019327,0.019359,12664379.0
2026-03-18 03:45:00,1773805500000,0.019359,0.019508,0.0192,0.019258,10444437.4
2026-03-18 04:00:00,1773806400000,0.019258,0.019318,0.018957,0.018971,12638250.4
2026-03-18 04:15:00,1773807300000,0.018971,0.01898,0.018749,0.018778,6735889.8
2026-03-18 04:30:00,1773808200000,0.018778,0.018799,0.018667,0.018735,4641780.0
2026-03-18 04:45:00,1773809100000,0.018735,0.018976,0.018735,0.018948,5604810.1
2026-03-18 05:00:00,1773810000000,0.018948,0.019386,0.018948,0.019247,8581670.0
2026-03-18 05:15:00,1773810900000,0.019247,0.019259,0.018915,0.019029,5829732.2
2026-03-18 05:30:00,1773811800000,0.019029,0.019184,0.018972,0.019018,4210770.1
2026-03-18 05:45:00,1773812700000,0.019018,0.019123,0.01871,0.018784,7322650.8
2026-03-18 06:00:00,1773813600000,0.018784,0.018894,0.018679,0.018864,4739571.8
2026-03-18 06:15:00,1773814500000,0.018864,0.018871,0.018776,0.018835,2655773.9
2026-03-18 06:30:00,1773815400000,0.018835,0.018935,0.018672,0.018698,5406499.6
2026-03-18 06:45:00,1773816300000,0.018698,0.018758,0.018633,0.018655,2790523.9
2026-03-18 07:00:00,1773817200000,0.018655,0.018693,0.018539,0.018619,5254767.3
2026-03-18 07:15:00,1773818100000,0.018619,0.018897,0.018613,0.018741,6212366.0
2026-03-18 07:30:00,1773819000000,0.018741,0.018939,0.018592,0.018913,5189610.0
2026-03-18 07:45:00,1773819900000,0.018913,0.019108,0.018904,0.018988,8642265.6
2026-03-18 08:00:00,1773820800000,0.018988,0.019151,0.018907,0.019024,4912026.9
2026-03-18 08:15:00,1773821700000,0.019024,0.019274,0.019024,0.019142,9423374.1
2026-03-18 08:30:00,1773822600000,0.019142,0.019207,0.019005,0.019207,5345885.1
2026-03-18 08:45:00,1773823500000,0.019207,0.019526,0.019186,0.019408,11226999.3
2026-03-18 09:00:00,1773824400000,0.019408,0.019507,0.019298,0.019308,11971645.9
2026-03-18 09:15:00,1773825300000,0.019308,0.019334,0.019007,0.019051,10653892.0
2026-03-18 09:30:00,1773826200000,0.019051,0.01919,0.019036,0.019071,3912427.0
2026-03-18 09:45:00,1773827100000,0.019071,0.019104,0.018978,0.019028,3710458.0
2026-03-18 10:00:00,1773828000000,0.019028,0.01914,0.018887,0.018957,8624565.8
2026-03-18 10:15:00,1773828900000,0.018957,0.018957,0.018801,0.018843,4811066.0
2026-03-18 10:30:00,1773829800000,0.018843,0.018843,0.018507,0.018512,11634691.2
2026-03-18 10:45:00,1773830700000,0.018512,0.01862,0.018511,0.018598,4643627.8
2026-03-18 11:00:00,1773831600000,0.018598,0.018625,0.018428,0.018515,4865553.3
2026-03-18 11:15:00,1773832500000,0.018515,0.018557,0.018323,0.01833,9974697.1
2026-03-18 11:30:00,1773833400000,0.01833,0.01833,0.017838,0.018118,27563307.5
2026-03-18 11:45:00,1773834300000,0.018118,0.018152,0.017995,0.018024,8264820.4
2026-03-18 12:00:00,1773835200000,0.018024,0.018024,0.01779,0.017865,11648783.3
2026-03-18 12:15:00,1773836100000,0.017865,0.017922,0.017809,0.017847,4425219.9
2026-03-18 12:30:00,1773837000000,0.017847,0.017847,0.017578,0.017691,19913749.0
2026-03-18 12:45:00,1773837900000,0.017691,0.017752,0.017642,0.017681,10303387.8
2026-03-18 13:00:00,1773838800000,0.017681,0.017824,0.017541,0.01775,13560841.2
2026-03-18 13:15:00,1773839700000,0.01775,0.017763,0.017626,0.017693,5606962.1
2026-03-18 13:30:00,1773840600000,0.017693,0.017778,0.01761,0.017656,6458380.2
2026-03-18 13:45:00,1773841500000,0.017656,0.017692,0.017547,0.017633,4111567.0
2026-03-18 14:00:00,1773842400000,0.017633,0.01764,0.017502,0.017511,5437607.3
2026-03-18 14:15:00,1773843300000,0.017511,0.017577,0.017359,0.017396,7216290.1
2026-03-18 14:30:00,1773844200000,0.017396,0.017432,0.017218,0.01723,10612853.3
2026-03-18 14:45:00,1773845100000,0.01723,0.01731,0.017152,0.017199,9646615.3
2026-03-18 15:00:00,1773846000000,0.017199,0.017317,0.017083,0.017204,8558128.4
2026-03-18 15:15:00,1773846900000,0.017204,0.017258,0.017176,0.017245,3564956.5
2026-03-18 15:30:00,1773847800000,0.017245,0.017349,0.017207,0.017317,5846517.9
2026-03-18 15:45:00,1773848700000,0.017317,0.017353,0.017266,0.017316,1907431.8
2026-03-18 16:00:00,1773849600000,0.017316,0.017353,0.017219,0.017222,4114079.7
2026-03-18 16:15:00,1773850500000,0.017222,0.017225,0.016863,0.016956,18182597.0
2026-03-18 16:30:00,1773851400000,0.016956,0.017007,0.016916,0.016981,4403550.2
2026-03-18 16:45:00,1773852300000,0.016981,0.016995,0.016842,0.01692,3655006.0
2026-03-18 17:00:00,1773853200000,0.01692,0.016979,0.016884,0.016921,4024906.3
2026-03-18 17:15:00,1773854100000,0.016921,0.0171,0.016904,0.0171,2068579.0
2026-03-18 17:30:00,1773855000000,0.0171,0.017209,0.017072,0.01714,5665101.6
2026-03-18 17:45:00,1773855900000,0.01714,0.017181,0.017068,0.017083,4909927.2
2026-03-18 18:00:00,1773856800000,0.017083,0.017299,0.017079,0.017288,5374537.5
2026-03-18 18:15:00,1773857700000,0.017288,0.017288,0.01704,0.017064,3496277.5
2026-03-18 18:30:00,1773858600000,0.017064,0.017156,0.017045,0.017069,3047706.2
2026-03-18 18:45:00,1773859500000,0.017069,0.017094,0.016903,0.016978,3715603.4
2026-03-18 19:00:00,1773860400000,0.016978,0.017129,0.016966,0.017066,3845545.9
2026-03-18 19:15:00,1773861300000,0.017066,0.017129,0.017018,0.017038,1021678.0
2026-03-18 19:30:00,1773862200000,0.017038,0.017141,0.017027,0.017075,2340084.1
2026-03-18 19:45:00,1773863100000,0.017075,0.017079,0.017033,0.017046,833476.9
2026-03-18 20:00:00,1773864000000,0.017046,0.017056,0.016887,0.017026,5396259.7
2026-03-18 20:15:00,1773864900000,0.017026,0.017082,0.017004,0.017069,1908275.3
2026-03-18 20:30:00,1773865800000,0.017069,0.017149,0.017049,0.017134,1913979.1
2026-03-18 20:45:00,1773866700000,0.017134,0.017201,0.017107,0.017143,1559626.6
2026-03-18 21:00:00,1773867600000,0.017143,0.017308,0.017126,0.017258,2726379.9
2026-03-18 21:15:00,1773868500000,0.017258,0.017288,0.017209,0.017228,867285.4
2026-03-18 21:30:00,1773869400000,0.017228,0.017244,0.01721,0.017211,264969.3
2026-03-18 21:45:00,1773870300000,0.017211,0.017262,0.017188,0.017188,972556.1
2026-03-18 22:00:00,1773871200000,0.017188,0.0172,0.017098,0.017148,2570765.5
2026-03-18 22:15:00,1773872100000,0.017148,0.017155,0.017081,0.017155,1035410.3
2026-03-18 22:30:00,1773873000000,0.017155,0.01718,0.017099,0.017125,917212.2
2026-03-18 22:45:00,1773873900000,0.017125,0.017199,0.01711,0.017186,1820254.3
2026-03-18 23:00:00,1773874800000,0.017186,0.017242,0.01717,0.017218,1877514.0
2026-03-18 23:15:00,1773875700000,0.017218,0.017235,0.017143,0.017163,2094062.2
2026-03-18 23:30:00,1773876600000,0.017163,0.017236,0.01716,0.017187,1615069.5
2026-03-18 23:45:00,1773877500000,0.017187,0.017227,0.017155,0.017213,1772120.9
2026-03-19 00:00:00,1773878400000,0.017213,0.017254,0.017167,0.017254,2614376.6
2026-03-19 00:15:00,1773879300000,0.017254,0.017296,0.01723,0.017267,3146239.9
2026-03-19 00:30:00,1773880200000,0.017267,0.017274,0.017212,0.017264,1044157.4
2026-03-19 00:45:00,1773881100000,0.017264,0.017269,0.017125,0.017146,1797451.2
2026-03-19 01:00:00,1773882000000,0.017146,0.017177,0.017107,0.017162,3552930.9
2026-03-19 01:15:00,1773882900000,0.017162,0.017179,0.017114,0.017125,2109948.9
2026-03-19 01:30:00,1773883800000,0.017125,0.017176,0.01704,0.017101,3765123.6
2026-03-19 01:45:00,1773884700000,0.017101,0.017114,0.01707,0.017083,1430046.7
2026-03-19 02:00:00,1773885600000,0.017083,0.01709,0.01699,0.01706,2860148.4
2026-03-19 02:15:00,1773886500000,0.01706,0.01712,0.017057,0.017104,1228252.5
2026-03-19 02:30:00,1773887400000,0.017104,0.017137,0.017072,0.017137,660590.1
2026-03-19 02:45:00,1773888300000,0.017137,0.017174,0.017081,0.017089,1509893.8
2026-03-19 03:00:00,1773889200000,0.017089,0.017201,0.017082,0.017201,2647710.0
2026-03-19 03:15:00,1773890100000,0.017201,0.017368,0.017196,0.017348,2076744.9
2026-03-19 03:30:00,1773891000000,0.017348,0.017368,0.017235,0.017251,2584221.7
2026-03-19 03:45:00,1773891900000,0.017251,0.017269,0.017147,0.017173,3823680.9
2026-03-19 04:00:00,1773892800000,0.017173,0.017176,0.017089,0.017097,2944096.6
2026-03-19 04:15:00,1773893700000,0.017097,0.017134,0.017081,0.017126,1122285.1
2026-03-19 04:30:00,1773894600000,0.017126,0.017151,0.017013,0.01703,4090436.4
2026-03-19 04:45:00,1773895500000,0.01703,0.017095,0.017014,0.017036,2080569.5
2026-03-19 05:00:00,1773896400000,0.017036,0.017036,0.01695,0.016971,2253381.0
2026-03-19 05:15:00,1773897300000,0.016971,0.017014,0.016919,0.016929,951349.0
2026-03-19 05:30:00,1773898200000,0.016929,0.016962,0.01689,0.016931,1193174.5
2026-03-19 05:45:00,1773899100000,0.016931,0.016981,0.01692,0.016971,732248.5
2026-03-19 06:00:00,1773900000000,0.016971,0.017058,0.016964,0.017009,3550210.0
2026-03-19 06:15:00,1773900900000,0.017009,0.017053,0.016971,0.016981,1624284.7
2026-03-19 06:30:00,1773901800000,0.016981,0.017053,0.016947,0.017046,1581494.5
2026-03-19 06:45:00,1773902700000,0.017046,0.017057,0.01699,0.017,558926.0
2026-03-19 07:00:00,1773903600000,0.017,0.017029,0.016909,0.016914,2427542.5
2026-03-19 07:15:00,1773904500000,0.016914,0.016918,0.016677,0.016782,10034758.3
2026-03-19 07:30:00,1773905400000,0.016782,0.016914,0.016753,0.01684,4238718.3
2026-03-19 07:45:00,1773906300000,0.01684,0.016843,0.016739,0.016744,2044781.4
2026-03-19 08:00:00,1773907200000,0.016744,0.016779,0.016697,0.016741,3895888.6
2026-03-19 08:15:00,1773908100000,0.016741,0.01677,0.016703,0.016737,2213087.5
2026-03-19 08:30:00,1773909000000,0.016737,0.01692,0.016734,0.016855,3663558.2
2026-03-19 08:45:00,1773909900000,0.016855,0.016899,0.01682,0.016829,2680297.1
2026-03-19 09:00:00,1773910800000,0.016829,0.016902,0.016825,0.016902,2782980.9
2026-03-19 09:15:00,1773911700000,0.016902,0.017021,0.016877,0.016954,3671105.4
2026-03-19 09:30:00,1773912600000,0.016954,0.016999,0.016916,0.016959,1611413.0
2026-03-19 09:45:00,1773913500000,0.016959,0.016995,0.016939,0.016975,1020148.3
2026-03-19 10:00:00,1773914400000,0.016975,0.016975,0.01692,0.016937,785997.7
2026-03-19 10:15:00,1773915300000,0.016937,0.016954,0.016863,0.016871,4486120.6
2026-03-19 10:30:00,1773916200000,0.016871,0.016874,0.016797,0.016825,1683158.0
2026-03-19 10:45:00,1773917100000,0.016825,0.016832,0.016792,0.016813,1793169.2
2026-03-19 11:00:00,1773918000000,0.016813,0.016875,0.016811,0.016851,1326784.4
2026-03-19 11:15:00,1773918900000,0.016851,0.016851,0.016814,0.01682,490649.3
2026-03-19 11:30:00,1773919800000,0.01682,0.016831,0.016713,0.01672,2602076.5
2026-03-19 11:45:00,1773920700000,0.01672,0.016739,0.016685,0.016701,1764082.9
2026-03-19 12:00:00,1773921600000,0.016701,0.016704,0.01664,0.016691,2865400.0
2026-03-19 12:15:00,1773922500000,0.016691,0.016692,0.016611,0.016634,2435955.8
2026-03-19 12:30:00,1773923400000,0.016634,0.016659,0.016618,0.016639,1038180.5
2026-03-19 12:45:00,1773924300000,0.016639,0.016639,0.016474,0.016485,4901659.2
2026-03-19 13:00:00,1773925200000,0.016485,0.016566,0.016392,0.01641,6245505.5
2026-03-19 13:15:00,1773926100000,0.01641,0.016536,0.016368,0.016483,6273955.5
2026-03-19 13:30:00,1773927000000,0.016483,0.016599,0.016425,0.016573,3295363.1
2026-03-19 13:45:00,1773927900000,0.016573,0.016653,0.016528,0.01659,2798313.5
2026-03-19 14:00:00,1773928800000,0.01659,0.016675,0.016506,0.016512,2184098.1
2026-03-19 14:15:00,1773929700000,0.016512,0.016539,0.016466,0.016476,2496354.2
2026-03-19 14:30:00,1773930600000,0.016476,0.016527,0.016454,0.016505,2719198.4
2026-03-19 14:45:00,1773931500000,0.016505,0.016566,0.016467,0.016532,1040208.9
2026-03-19 15:00:00,1773932400000,0.016532,0.016614,0.016469,0.016516,2034754.5
2026-03-19 15:15:00,1773933300000,0.016516,0.016541,0.016369,0.016411,1335907.3
2026-03-19 15:30:00,1773934200000,0.016411,0.016483,0.016387,0.016389,1328415.2
2026-03-19 15:45:00,1773935100000,0.016389,0.016495,0.016332,0.01647,4011141.9
2026-03-19 16:00:00,1773936000000,0.01647,0.01647,0.016402,0.016431,1726436.8
2026-03-19 16:15:00,1773936900000,0.016431,0.016441,0.016383,0.016393,1142915.5
2026-03-19 16:30:00,1773937800000,0.016393,0.016397,0.016325,0.016355,826882.2
2026-03-19 16:45:00,1773938700000,0.016355,0.016403,0.016314,0.01636,1720748.3
2026-03-19 17:00:00,1773939600000,0.01636,0.016374,0.016273,0.016336,4273142.8
2026-03-19 17:15:00,1773940500000,0.016336,0.016571,0.016329,0.016563,8929889.1
2026-03-19 17:30:00,1773941400000,0.016563,0.01658,0.016486,0.016554,3416833.4
2026-03-19 17:45:00,1773942300000,0.016554,0.016633,0.016524,0.016618,1058302.9
2026-03-19 18:00:00,1773943200000,0.016618,0.016618,0.016551,0.016556,1111351.2
2026-03-19 18:15:00,1773944100000,0.016556,0.016556,0.016464,0.016466,1324559.0
2026-03-19 18:30:00,1773945000000,0.016466,0.016479,0.016397,0.016408,719997.0
2026-03-19 18:45:00,1773945900000,0.016408,0.016452,0.016383,0.01644,1148158.9
2026-03-19 19:00:00,1773946800000,0.01644,0.01668,0.016431,0.016634,8363230.3
2026-03-19 19:15:00,1773947700000,0.016634,0.016679,0.016547,0.016564,2583784.2
2026-03-19 19:30:00,1773948600000,0.016564,0.01664,0.016521,0.016631,1576306.1
2026-03-19 19:45:00,1773949500000,0.016631,0.01665,0.016583,0.016633,535416.8
2026-03-19 20:00:00,1773950400000,0.016633,0.016658,0.016621,0.016649,1067903.8
2026-03-19 20:15:00,1773951300000,0.016649,0.016671,0.016616,0.01664,1183801.7
2026-03-19 20:30:00,1773952200000,0.01664,0.016725,0.01664,0.016684,1404622.9
2026-03-19 20:45:00,1773953100000,0.016684,0.0167,0.016642,0.01665,666457.9
2026-03-19 21:00:00,1773954000000,0.01665,0.016695,0.016642,0.01668,2329878.8
2026-03-19 21:15:00,1773954900000,0.01668,0.016683,0.016656,0.016668,389649.6
2026-03-19 21:30:00,1773955800000,0.016668,0.016681,0.016642,0.016655,415940.7
2026-03-19 21:45:00,1773956700000,0.016655,0.016655,0.016589,0.016633,4341085.7
2026-03-19 22:00:00,1773957600000,0.016633,0.01664,0.016554,0.016615,1874937.0
2026-03-19 22:15:00,1773958500000,0.016615,0.01662,0.016569,0.016585,894322.9
2026-03-19 22:30:00,1773959400000,0.016585,0.016585,0.016468,0.016488,1612639.0
2026-03-19 22:45:00,1773960300000,0.016488,0.016586,0.016485,0.016583,782730.0
2026-03-19 23:00:00,1773961200000,0.016583,0.016634,0.016583,0.016604,1754298.2
2026-03-19 23:15:00,1773962100000,0.016604,0.016617,0.016569,0.016617,795304.4
2026-03-19 23:30:00,1773963000000,0.016617,0.016637,0.016557,0.016591,3610985.7
2026-03-19 23:45:00,1773963900000,0.016591,0.016649,0.016555,0.016617,2669001.8
2026-03-20 00:00:00,1773964800000,0.016617,0.01665,0.016562,0.016599,3652161.7
2026-03-20 00:15:00,1773965700000,0.016599,0.016711,0.016596,0.016704,2798328.9
2026-03-20 00:30:00,1773966600000,0.016704,0.016932,0.016695,0.016832,7211025.8
2026-03-20 00:45:00,1773967500000,0.016832,0.016875,0.016815,0.016835,1709627.5
2026-03-20 01:00:00,1773968400000,0.016835,0.016967,0.01682,0.016964,2833015.6
2026-03-20 01:15:00,1773969300000,0.016964,0.017069,0.016923,0.016923,4702020.0
2026-03-20 01:30:00,1773970200000,0.016923,0.017041,0.016898,0.017006,1646057.3
2026-03-20 01:45:00,1773971100000,0.017006,0.01701,0.016927,0.01694,1187663.4
2026-03-20 02:00:00,1773972000000,0.01694,0.017015,0.01694,0.016953,1084001.8
2026-03-20 02:15:00,1773972900000,0.016953,0.016973,0.016884,0.016893,1508812.3
2026-03-20 02:30:00,1773973800000,0.016893,0.016901,0.016785,0.01688,2317579.4
2026-03-20 02:45:00,1773974700000,0.01688,0.0169,0.016844,0.016858,1567445.9
2026-03-20 03:00:00,1773975600000,0.016858,0.016894,0.016817,0.016831,925347.8
2026-03-20 03:15:00,1773976500000,0.016831,0.016878,0.016829,0.016837,395486.8
2026-03-20 03:30:00,1773977400000,0.016837,0.016886,0.016753,0.016763,1346554.3
2026-03-20 03:45:00,1773978300000,0.016763,0.016805,0.016762,0.016769,1444297.4
2026-03-20 04:00:00,1773979200000,0.016769,0.016821,0.016757,0.016812,1349835.9
2026-03-20 04:15:00,1773980100000,0.016812,0.016812,0.016738,0.016764,371327.9
2026-03-20 04:30:00,1773981000000,0.016764,0.016764,0.016643,0.016652,1347466.4
2026-03-20 04:45:00,1773981900000,0.016652,0.016749,0.016642,0.01674,577853.2
2026-03-20 05:00:00,1773982800000,0.01674,0.01676,0.016702,0.016753,1184387.0
2026-03-20 05:15:00,1773983700000,0.016753,0.016794,0.016721,0.016743,980290.1
2026-03-20 05:30:00,1773984600000,0.016743,0.016941,0.016722,0.016926,1254924.3
2026-03-20 05:45:00,1773985500000,0.016926,0.01694,0.016844,0.016881,1227185.9
2026-03-20 06:00:00,1773986400000,0.016881,0.016958,0.016865,0.016957,2009770.8
2026-03-20 06:15:00,1773987300000,0.016957,0.016957,0.016849,0.016897,1874160.7
2026-03-20 06:30:00,1773988200000,0.016897,0.016927,0.016852,0.016889,1390752.5
2026-03-20 06:45:00,1773989100000,0.016889,0.01691,0.016751,0.016776,3644919.1
2026-03-20 07:00:00,1773990000000,0.016776,0.016776,0.016626,0.016631,3063633.4
2026-03-20 07:15:00,1773990900000,0.016631,0.016686,0.016624,0.016659,2478101.0
2026-03-20 07:30:00,1773991800000,0.016659,0.017029,0.016638,0.017023,10203144.6
2026-03-20 07:45:00,1773992700000,0.017023,0.017068,0.016913,0.017,8545275.0
2026-03-20 08:00:00,1773993600000,0.017,0.01705,0.016933,0.016992,5705764.5
2026-03-20 08:15:00,1773994500000,0.016992,0.017155,0.016947,0.01707,4830669.4
2026-03-20 08:30:00,1773995400000,0.01707,0.017074,0.016969,0.017004,2890622.7
2026-03-20 08:45:00,1773996300000,0.017004,0.017156,0.017004,0.017139,3190880.3
2026-03-20 09:00:00,1773997200000,0.017139,0.017166,0.017053,0.017132,4258300.3
2026-03-20 09:15:00,1773998100000,0.017132,0.017137,0.016944,0.016965,4690325.3
2026-03-20 09:30:00,1773999000000,0.016965,0.017183,0.016965,0.017172,2861585.6
2026-03-20 09:45:00,1773999900000,0.017172,0.01722,0.017115,0.017152,1287715.0
2026-03-20 10:00:00,1774000800000,0.017152,0.017189,0.017092,0.017127,1666744.4
2026-03-20 10:15:00,1774001700000,0.017127,0.017141,0.016957,0.016963,2382977.3
2026-03-20 10:30:00,1774002600000,0.016963,0.017107,0.016957,0.017049,1932996.3
2026-03-20 10:45:00,1774003500000,0.017049,0.017226,0.017032,0.017221,2966868.2
2026-03-20 11:00:00,1774004400000,0.017221,0.017227,0.017116,0.017181,1980894.0
2026-03-20 11:15:00,1774005300000,0.017181,0.01719,0.017056,0.017056,862276.7
2026-03-20 11:30:00,1774006200000,0.017056,0.017063,0.016875,0.016967,2846356.0
2026-03-20 11:45:00,1774007100000,0.016967,0.017048,0.016937,0.017031,841018.4
2026-03-20 12:00:00,1774008000000,0.017031,0.017124,0.017026,0.017052,2365064.5
2026-03-20 12:15:00,1774008900000,0.017052,0.017143,0.017032,0.017073,1762372.0
2026-03-20 12:30:00,1774009800000,0.017073,0.017183,0.017044,0.017105,2160154.0
2026-03-20 12:45:00,1774010700000,0.017105,0.017114,0.017046,0.017075,1892504.0
2026-03-20 13:00:00,1774011600000,0.017075,0.017127,0.017027,0.017055,980250.3
2026-03-20 13:15:00,1774012500000,0.017055,0.017087,0.017011,0.017057,820217.4
2026-03-20 13:30:00,1774013400000,0.017057,0.017101,0.016887,0.017004,3612310.0
2026-03-20 13:45:00,1774014300000,0.017004,0.017022,0.01684,0.016896,3466194.4
2026-03-20 14:00:00,1774015200000,0.016896,0.017039,0.01681,0.016905,4983978.6
2026-03-20 14:15:00,1774016100000,0.016905,0.017063,0.016887,0.017036,3339766.7
2026-03-20 14:30:00,1774017000000,0.017036,0.017118,0.017004,0.017012,2266247.7
2026-03-20 14:45:00,1774017900000,0.017012,0.017039,0.016901,0.016914,1032231.4
2026-03-20 15:00:00,1774018800000,0.016914,0.017035,0.016879,0.017025,2594055.9
2026-03-20 15:15:00,1774019700000,0.017025,0.017161,0.016997,0.017067,2994156.5
2026-03-20 15:30:00,1774020600000,0.017067,0.017237,0.017053,0.017071,5244631.1
2026-03-20 15:45:00,1774021500000,0.017071,0.017126,0.017051,0.017095,2071250.2
2026-03-20 16:00:00,1774022400000,0.017095,0.017145,0.017076,0.017107,2418828.4
2026-03-20 16:15:00,1774023300000,0.017107,0.017228,0.017053,0.017158,3563759.4
2026-03-20 16:30:00,1774024200000,0.017158,0.017179,0.017058,0.01712,1937976.9
2026-03-20 16:45:00,1774025100000,0.01712,0.017311,0.017114,0.017217,3569494.1
2026-03-20 17:00:00,1774026000000,0.017217,0.017308,0.017145,0.017158,5280575.8
2026-03-20 17:15:00,1774026900000,0.017158,0.017185,0.017129,0.017157,751136.3
2026-03-20 17:30:00,1774027800000,0.017157,0.017219,0.017141,0.017166,1583298.0
2026-03-20 17:45:00,1774028700000,0.017166,0.017296,0.017139,0.017273,1498347.5
2026-03-20 18:00:00,1774029600000,0.017273,0.017294,0.017163,0.017169,1673365.4
2026-03-20 18:15:00,1774030500000,0.017169,0.017195,0.017081,0.017086,1764424.0
2026-03-20 18:30:00,1774031400000,0.017086,0.017097,0.016996,0.017006,834026.9
2026-03-20 18:45:00,1774032300000,0.017006,0.017067,0.016942,0.016986,1938636.0
2026-03-20 19:00:00,1774033200000,0.016986,0.017021,0.016928,0.016979,1556196.7
2026-03-20 19:15:00,1774034100000,0.016979,0.017033,0.016921,0.016953,2410706.7
2026-03-20 19:30:00,1774035000000,0.016953,0.017029,0.016872,0.017029,1964820.1
2026-03-20 19:45:00,1774035900000,0.017029,0.017036,0.016962,0.017029,941297.9
2026-03-20 20:00:00,1774036800000,0.017029,0.017038,0.016923,0.016937,4073085.0
2026-03-20 20:15:00,1774037700000,0.016937,0.016947,0.016863,0.016895,2917249.4
2026-03-20 20:30:00,1774038600000,0.016895,0.016922,0.0168,0.016888,2272765.8
2026-03-20 20:45:00,1774039500000,0.016888,0.016931,0.016881,0.016909,565178.6
2026-03-20 21:00:00,1774040400000,0.016909,0.016928,0.016863,0.016905,1165280.7
2026-03-20 21:15:00,1774041300000,0.016905,0.017054,0.01689,0.01702,4728305.1
2026-03-20 21:30:00,1774042200000,0.01702,0.017088,0.016997,0.017012,1975680.5
2026-03-20 21:45:00,1774043100000,0.017012,0.017122,0.01701,0.017117,694499.1
2026-03-20 22:00:00,1774044000000,0.017117,0.01719,0.017117,0.017184,3016540.5
2026-03-20 22:15:00,1774044900000,0.017184,0.017184,0.017104,0.017107,488174.5
2026-03-20 22:30:00,1774045800000,0.017107,0.017133,0.017106,0.017118,581752.4
2026-03-20 22:45:00,1774046700000,0.017118,0.017161,0.017112,0.017115,353528.4
2026-03-20 23:00:00,1774047600000,0.017115,0.017119,0.017023,0.017034,1355104.2
2026-03-20 23:15:00,1774048500000,0.017034,0.017074,0.017006,0.017069,375093.5
2026-03-20 23:30:00,1774049400000,0.017069,0.017129,0.017069,0.017124,683052.7
2026-03-20 23:45:00,1774050300000,0.017124,0.017158,0.017115,0.017129,204216.5
2026-03-21 00:00:00,1774051200000,0.017129,0.017227,0.017107,0.017227,2583794.8
2026-03-21 00:15:00,1774052100000,0.017227,0.017329,0.017215,0.017238,5208657.3
2026-03-21 00:30:00,1774053000000,0.017238,0.017463,0.017238,0.017366,4662120.0
2026-03-21 00:45:00,1774053900000,0.017366,0.01756,0.017366,0.01756,11231507.0
2026-03-21 01:00:00,1774054800000,0.01756,0.017987,0.017548,0.017913,17974392.1
2026-03-21 01:15:00,1774055700000,0.017913,0.017969,0.017614,0.017833,10663610.6
2026-03-21 01:30:00,1774056600000,0.017833,0.017835,0.017638,0.017691,8394325.0
2026-03-21 01:45:00,1774057500000,0.017691,0.017821,0.017574,0.017792,4657644.5
2026-03-21 02:00:00,1774058400000,0.017792,0.017836,0.017657,0.017814,4551878.4
2026-03-21 02:15:00,1774059300000,0.017814,0.017918,0.017601,0.017672,5312713.3
2026-03-21 02:30:00,1774060200000,0.017672,0.01778,0.017637,0.017688,2395585.7
2026-03-21 02:45:00,1774061100000,0.017688,0.017734,0.017653,0.017728,913354.2
2026-03-21 03:00:00,1774062000000,0.017728,0.017745,0.017402,0.017407,8085753.9
2026-03-21 03:15:00,1774062900000,0.017407,0.017551,0.017403,0.017486,8088398.1
2026-03-21 03:30:00,1774063800000,0.017486,0.017539,0.017393,0.017528,1791558.7
2026-03-21 03:45:00,1774064700000,0.017528,0.017528,0.017407,0.017497,2477433.1
2026-03-21 04:00:00,1774065600000,0.017497,0.017515,0.017357,0.017369,3566372.6
2026-03-21 04:15:00,1774066500000,0.017369,0.017438,0.017338,0.017388,2124706.2
2026-03-21 04:30:00,1774067400000,0.017388,0.017461,0.017354,0.01745,2526631.6
2026-03-21 04:45:00,1774068300000,0.01745,0.017468,0.017383,0.017409,1760401.6
2026-03-21 05:00:00,1774069200000,0.017409,0.017526,0.017366,0.017524,4318647.8
2026-03-21 05:15:00,1774070100000,0.017524,0.017637,0.017479,0.017578,6203166.8
2026-03-21 05:30:00,1774071000000,0.017578,0.017591,0.017501,0.017572,4149537.8
2026-03-21 05:45:00,1774071900000,0.017572,0.017667,0.017485,0.017515,5324129.1
2026-03-21 06:00:00,1774072800000,0.017515,0.017646,0.017501,0.017502,4321184.5
2026-03-21 06:15:00,1774073700000,0.017502,0.017512,0.017458,0.017499,1749711.7
2026-03-21 06:30:00,1774074600000,0.017499,0.017501,0.017419,0.01743,3142330.5
2026-03-21 06:45:00,1774075500000,0.01743,0.01743,0.017218,0.017379,21035714.4
2026-03-21 07:00:00,1774076400000,0.017379,0.017414,0.017307,0.017307,3884951.1
2026-03-21 07:15:00,1774077300000,0.017307,0.017371,0.017298,0.017343,3120477.3
2026-03-21 07:30:00,1774078200000,0.017343,0.017481,0.017343,0.017455,3536885.7
2026-03-21 07:45:00,1774079100000,0.017455,0.017496,0.017393,0.017454,3962845.8
2026-03-21 08:00:00,1774080000000,0.017454,0.017484,0.017418,0.017475,7668612.9
2026-03-21 08:15:00,1774080900000,0.017475,0.01751,0.017422,0.01744,3003313.9
2026-03-21 08:30:00,1774081800000,0.01744,0.01745,0.017331,0.017394,2176871.1
2026-03-21 08:45:00,1774082700000,0.017394,0.017405,0.01734,0.017357,1327130.3
2026-03-21 09:00:00,1774083600000,0.017357,0.017357,0.017315,0.017332,3022105.4
2026-03-21 09:15:00,1774084500000,0.017332,0.017337,0.017199,0.017201,7808872.3
2026-03-21 09:30:00,1774085400000,0.017201,0.017209,0.017131,0.017159,7942492.2
2026-03-21 09:45:00,1774086300000,0.017159,0.017255,0.017154,0.017247,4161378.7
2026-03-21 10:00:00,1774087200000,0.017247,0.017253,0.017197,0.017238,2721261.2
2026-03-21 10:15:00,1774088100000,0.017238,0.017311,0.017233,0.017291,4489065.1
2026-03-21 10:30:00,1774089000000,0.017291,0.017436,0.017278,0.017433,3127741.2
2026-03-21 10:45:00,1774089900000,0.017433,0.017556,0.017382,0.017436,12750457.0
2026-03-21 11:00:00,1774090800000,0.017436,0.017473,0.017275,0.017443,7722981.5
2026-03-21 11:15:00,1774091700000,0.017443,0.01752,0.017441,0.017519,1876965.6
2026-03-21 11:30:00,1774092600000,0.017519,0.017534,0.01741,0.017528,4018701.9
2026-03-21 11:45:00,1774093500000,0.017528,0.017539,0.017407,0.017434,5746128.9
2026-03-21 12:00:00,1774094400000,0.017434,0.017621,0.017434,0.017617,4511017.4
2026-03-21 12:15:00,1774095300000,0.017617,0.017699,0.017503,0.017527,5253936.0
2026-03-21 12:30:00,1774096200000,0.017527,0.017643,0.017496,0.017511,4877166.7
2026-03-21 12:45:00,1774097100000,0.017511,0.017555,0.017477,0.017526,5556930.6
2026-03-21 13:00:00,1774098000000,0.017526,0.017583,0.017438,0.017501,3686017.3
2026-03-21 13:15:00,1774098900000,0.017501,0.017564,0.017477,0.017477,1678182.6
2026-03-21 13:30:00,1774099800000,0.017477,0.017564,0.017476,0.017511,1563818.1
2026-03-21 13:45:00,1774100700000,0.017511,0.017628,0.0175,0.017617,3353206.8
2026-03-21 14:00:00,1774101600000,0.017617,0.01779,0.0176,0.017761,3632176.6
2026-03-21 14:15:00,1774102500000,0.017761,0.017902,0.017729,0.017817,4017924.6
2026-03-21 14:30:00,1774103400000,0.017817,0.017929,0.017763,0.017773,7689030.5
2026-03-21 14:45:00,1774104300000,0.017773,0.017826,0.017623,0.017629,5599912.4
2026-03-21 15:00:00,1774105200000,0.017629,0.017639,0.017458,0.017476,2490837.0
2026-03-21 15:15:00,1774106100000,0.017476,0.017557,0.017446,0.017538,3515674.3
2026-03-21 15:30:00,1774107000000,0.017538,0.017605,0.017516,0.017552,3536199.1
2026-03-21 15:45:00,1774107900000,0.017552,0.017631,0.017542,0.017625,1100462.3
2026-03-21 16:00:00,1774108800000,0.017625,0.017666,0.017575,0.017593,1726996.4
2026-03-21 16:15:00,1774109700000,0.017593,0.01761,0.017508,0.01753,2201412.0
2026-03-21 16:30:00,1774110600000,0.01753,0.017569,0.017459,0.017528,3107154.3
2026-03-21 16:45:00,1774111500000,0.017528,0.017528,0.017475,0.017499,1431542.9
2026-03-21 17:00:00,1774112400000,0.017499,0.017526,0.017469,0.017508,2470179.3
2026-03-21 17:15:00,1774113300000,0.017508,0.017535,0.017483,0.01751,1736819.3
2026-03-21 17:30:00,1774114200000,0.01751,0.017619,0.01751,0.017593,1449216.8
2026-03-21 17:45:00,1774115100000,0.017593,0.017625,0.017542,0.017551,953467.0
2026-03-21 18:00:00,1774116000000,0.017551,0.017606,0.01751,0.017566,1356196.4
2026-03-21 18:15:00,1774116900000,0.017566,0.017609,0.017559,0.017582,1275310.7
2026-03-21 18:30:00,1774117800000,0.017582,0.01764,0.017534,0.01762,815845.9
2026-03-21 18:45:00,1774118700000,0.01762,0.01762,0.017507,0.017517,967011.6
2026-03-21 19:00:00,1774119600000,0.017517,0.017522,0.017457,0.017488,1308902.1
2026-03-21 19:15:00,1774120500000,0.017488,0.017489,0.017449,0.017472,575493.9
2026-03-21 19:30:00,1774121400000,0.017472,0.017474,0.017445,0.017458,153410.0
2026-03-21 19:45:00,1774122300000,0.017458,0.017461,0.017357,0.017409,4018914.3
2026-03-21 20:00:00,1774123200000,0.017409,0.017513,0.017409,0.0175,1455058.5
2026-03-21 20:15:00,1774124100000,0.0175,0.017502,0.01743,0.017457,1115587.5
2026-03-21 20:30:00,1774125000000,0.017457,0.01749,0.01743,0.017466,835637.5
2026-03-21 20:45:00,1774125900000,0.017466,0.017549,0.017463,0.017543,1223371.8
2026-03-21 21:00:00,1774126800000,0.017543,0.017546,0.017477,0.017497,5414383.9
2026-03-21 21:15:00,1774127700000,0.017497,0.0175,0.017276,0.017455,12011984.1
2026-03-21 21:30:00,1774128600000,0.017455,0.017553,0.017454,0.017502,2323805.0
2026-03-21 21:45:00,1774129500000,0.017502,0.017504,0.017431,0.017469,861474.6
2026-03-21 22:00:00,1774130400000,0.017469,0.017491,0.017433,0.01744,1003702.7
2026-03-21 22:15:00,1774131300000,0.01744,0.017485,0.017421,0.017478,523516.5
2026-03-21 22:30:00,1774132200000,0.017478,0.017525,0.017462,0.017469,1255840.1
2026-03-21 22:45:00,1774133100000,0.017469,0.017503,0.017428,0.01746,961553.9
2026-03-21 23:00:00,1774134000000,0.01746,0.01746,0.017406,0.017437,1981697.4
2026-03-21 23:15:00,1774134900000,0.017437,0.017444,0.017362,0.017381,766483.0
2026-03-21 23:30:00,1774135800000,0.017381,0.017404,0.017358,0.017389,828176.9
2026-03-21 23:45:00,1774136700000,0.017389,0.017413,0.01675,0.016915,28130992.8
2026-03-22 00:00:00,1774137600000,0.016915,0.016915,0.016471,0.016769,32514677.8
2026-03-22 00:15:00,1774138500000,0.016769,0.016894,0.016741,0.016822,2474977.8
2026-03-22 00:30:00,1774139400000,0.016822,0.016907,0.016822,0.016879,1804342.2
2026-03-22 00:45:00,1774140300000,0.016879,0.016909,0.016769,0.016808,2490073.1
2026-03-22 01:00:00,1774141200000,0.016808,0.016888,0.016783,0.016875,1871674.9
2026-03-22 01:15:00,1774142100000,0.016875,0.016899,0.016836,0.016858,1238008.8
2026-03-22 01:30:00,1774143000000,0.016858,0.016885,0.016733,0.01675,2461147.1
2026-03-22 01:45:00,1774143900000,0.01675,0.016833,0.016744,0.016821,1466796.4
2026-03-22 02:00:00,1774144800000,0.016821,0.016886,0.016821,0.016853,892669.1
2026-03-22 02:15:00,1774145700000,0.016853,0.01704,0.016814,0.016959,1894164.0
2026-03-22 02:30:00,1774146600000,0.016959,0.016977,0.01688,0.016899,1080908.2
2026-03-22 02:45:00,1774147500000,0.016899,0.016966,0.016879,0.016939,997877.1
2026-03-22 03:00:00,1774148400000,0.016939,0.016979,0.016862,0.016963,1361017.3
2026-03-22 03:15:00,1774149300000,0.016963,0.017115,0.016956,0.017068,1614002.7
2026-03-22 03:30:00,1774150200000,0.017068,0.017158,0.017021,0.017034,1813828.7
2026-03-22 03:45:00,1774151100000,0.017034,0.017055,0.016955,0.01697,878446.0
2026-03-22 04:00:00,1774152000000,0.01697,0.017071,0.016943,0.017035,1490294.1
2026-03-22 04:15:00,1774152900000,0.017035,0.017103,0.01699,0.017029,560452.9
2026-03-22 04:30:00,1774153800000,0.017029,0.017112,0.017017,0.017066,1394775.2
2026-03-22 04:45:00,1774154700000,0.017066,0.017096,0.01704,0.017045,685404.7
2026-03-22 05:00:00,1774155600000,0.017045,0.017048,0.016968,0.016972,1097916.2
2026-03-22 05:15:00,1774156500000,0.016972,0.017002,0.016946,0.016957,1334702.9
2026-03-22 05:30:00,1774157400000,0.016957,0.017032,0.016955,0.017015,883515.8
2026-03-22 05:45:00,1774158300000,0.017015,0.017036,0.016993,0.01701,321266.0
2026-03-22 06:00:00,1774159200000,0.01701,0.01701,0.016916,0.016988,2319247.4
2026-03-22 06:15:00,1774160100000,0.016988,0.017016,0.01697,0.017012,1972043.8
2026-03-22 06:30:00,1774161000000,0.017012,0.017026,0.016958,0.016958,1070103.0
2026-03-22 06:45:00,1774161900000,0.016958,0.017032,0.016945,0.01702,924349.4
2026-03-22 07:00:00,1774162800000,0.01702,0.017026,0.016947,0.016952,2313897.1
2026-03-22 07:15:00,1774163700000,0.016952,0.016964,0.016942,0.016957,1147048.5
2026-03-22 07:30:00,1774164600000,0.016957,0.016958,0.016866,0.0169,3001542.7
2026-03-22 07:45:00,1774165500000,0.0169,0.016905,0.016713,0.016737,10366772.5
2026-03-22 08:00:00,1774166400000,0.016737,0.016739,0.016581,0.016635,5357412.9
2026-03-22 08:15:00,1774167300000,0.016635,0.016661,0.016536,0.016571,4213260.5
2026-03-22 08:30:00,1774168200000,0.016571,0.016707,0.016565,0.016691,1775060.5
2026-03-22 08:45:00,1774169100000,0.016691,0.016739,0.016647,0.016726,903021.8
2026-03-22 09:00:00,1774170000000,0.016726,0.016769,0.016711,0.016736,1951326.3
2026-03-22 09:15:00,1774170900000,0.016736,0.016738,0.016641,0.01666,1778051.8
2026-03-22 09:30:00,1774171800000,0.01666,0.016731,0.016659,0.016703,1269561.5
2026-03-22 09:45:00,1774172700000,0.016703,0.016703,0.016662,0.016679,620438.5
2026-03-22 10:00:00,1774173600000,0.016679,0.016692,0.01661,0.016631,1579327.1
2026-03-22 10:15:00,1774174500000,0.016631,0.016661,0.016601,0.01662,700924.3
2026-03-22 10:30:00,1774175400000,0.01662,0.016641,0.016516,0.016528,2768727.1
2026-03-22 10:45:00,1774176300000,0.016528,0.016545,0.016514,0.016516,917463.3
2026-03-22 11:00:00,1774177200000,0.016516,0.016537,0.016431,0.016455,3361114.0
2026-03-22 11:15:00,1774178100000,0.016455,0.016469,0.016395,0.016417,2405395.6
2026-03-22 11:30:00,1774179000000,0.016417,0.01645,0.016375,0.016413,2140238.2
2026-03-22 11:45:00,1774179900000,0.016413,0.016432,0.01635,0.016387,2436338.2
2026-03-22 12:00:00,1774180800000,0.016387,0.016426,0.016375,0.016402,1252616.7
2026-03-22 12:15:00,1774181700000,0.016402,0.016604,0.016387,0.016577,3241988.0
2026-03-22 12:30:00,1774182600000,0.016577,0.016616,0.016539,0.016542,702460.4
2026-03-22 12:45:00,1774183500000,0.016542,0.016559,0.016496,0.016533,2080862.3
2026-03-22 13:00:00,1774184400000,0.016533,0.016615,0.016506,0.016515,1949913.2
2026-03-22 13:15:00,1774185300000,0.016515,0.016537,0.016483,0.016524,796627.0
2026-03-22 13:30:00,1774186200000,0.016524,0.016566,0.016435,0.016452,1284228.4
2026-03-22 13:45:00,1774187100000,0.016452,0.016515,0.016439,0.01651,191689.3
2026-03-22 14:00:00,1774188000000,0.01651,0.016543,0.016436,0.016541,1388893.9
2026-03-22 14:15:00,1774188900000,0.016541,0.016595,0.016467,0.016546,2749987.4
2026-03-22 14:30:00,1774189800000,0.016546,0.016567,0.01651,0.016524,665985.1
2026-03-22 14:45:00,1774190700000,0.016524,0.016527,0.016439,0.016457,1242198.7
2026-03-22 15:00:00,1774191600000,0.016457,0.016543,0.016457,0.01651,1288263.0
2026-03-22 15:15:00,1774192500000,0.01651,0.016531,0.016468,0.016492,894765.1
2026-03-22 15:30:00,1774193400000,0.016492,0.016532,0.016474,0.016501,1452961.4
2026-03-22 15:45:00,1774194300000,0.016501,0.016553,0.016491,0.016549,3406320.8
2026-03-22 16:00:00,1774195200000,0.016549,0.016549,0.016474,0.016519,2099139.6
2026-03-22 16:15:00,1774196100000,0.016519,0.016532,0.016496,0.01651,832320.2
2026-03-22 16:30:00,1774197000000,0.01651,0.016572,0.016495,0.016518,1320765.3
2026-03-22 16:45:00,1774197900000,0.016518,0.016592,0.016518,0.016549,2427661.2
2026-03-22 17:00:00,1774198800000,0.016549,0.01655,0.016501,0.016549,1084011.5
2026-03-22 17:15:00,1774199700000,0.016549,0.016553,0.016468,0.016489,2068907.7
2026-03-22 17:30:00,1774200600000,0.016489,0.01652,0.016469,0.016484,757021.9
2026-03-22 17:45:00,1774201500000,0.016484,0.016504,0.016474,0.016474,539337.7
2026-03-22 18:00:00,1774202400000,0.016474,0.016493,0.016436,0.016493,1369145.9
2026-03-22 18:15:00,1774203300000,0.016493,0.016506,0.016474,0.016494,668522.3
2026-03-22 18:30:00,1774204200000,0.016494,0.01652,0.016273,0.016398,13736552.2
2026-03-22 18:45:00,1774205100000,0.016398,0.016426,0.016383,0.016414,1365802.7
2026-03-22 19:00:00,1774206000000,0.016414,0.016418,0.0163,0.016311,2156781.6
2026-03-22 19:15:00,1774206900000,0.016311,0.016336,0.016266,0.016279,2260610.7
2026-03-22 19:30:00,1774207800000,0.016279,0.016339,0.016229,0.016334,2369757.2
2026-03-22 19:45:00,1774208700000,0.016334,0.016338,0.016253,0.016294,1493288.5
2026-03-22 20:00:00,1774209600000,0.016294,0.016347,0.016285,0.016336,1968915.5
2026-03-22 20:15:00,1774210500000,0.016336,0.016373,0.0163,0.016302,635797.0
2026-03-22 20:30:00,1774211400000,0.016302,0.016326,0.016269,0.016322,482255.6
2026-03-22 20:45:00,1774212300000,0.016322,0.016322,0.016232,0.01628,1515662.8
2026-03-22 21:00:00,1774213200000,0.01628,0.016317,0.016092,0.016172,10550759.3
2026-03-22 21:15:00,1774214100000,0.016172,0.016223,0.016021,0.016218,4019907.1
2026-03-22 21:30:00,1774215000000,0.016218,0.016257,0.016154,0.016224,1538123.9
2026-03-22 21:45:00,1774215900000,0.016224,0.01623,0.016163,0.016194,1554530.0
2026-03-22 22:00:00,1774216800000,0.016194,0.016235,0.016086,0.016167,2912484.8
2026-03-22 22:15:00,1774217700000,0.016167,0.016382,0.016154,0.016341,3116252.8
2026-03-22 22:30:00,1774218600000,0.016341,0.016352,0.016281,0.016292,1741115.6
2026-03-22 22:45:00,1774219500000,0.016292,0.016355,0.016285,0.016349,1001596.8
2026-03-22 23:00:00,1774220400000,0.016349,0.016402,0.016306,0.016346,2006126.3
2026-03-22 23:15:00,1774221300000,0.016346,0.016365,0.016323,0.016337,1338755.4
2026-03-22 23:30:00,1774222200000,0.016337,0.016356,0.016324,0.016353,739798.2
2026-03-22 23:45:00,1774223100000,0.016353,0.016353,0.016243,0.016259,1465422.7
2026-03-23 00:00:00,1774224000000,0.016259,0.016354,0.016196,0.016238,2485001.1
2026-03-23 00:15:00,1774224900000,0.016238,0.016269,0.016207,0.016221,1738015.4
2026-03-23 00:30:00,1774225800000,0.016221,0.016226,0.016095,0.016199,6052900.1
2026-03-23 00:45:00,1774226700000,0.016199,0.016266,0.016199,0.016224,956982.4
2026-03-23 01:00:00,1774227600000,0.016224,0.016274,0.016162,0.016243,2404433.2
2026-03-23 01:15:00,1774228500000,0.016243,0.016305,0.016238,0.016283,2929402.6
2026-03-23 01:30:00,1774229400000,0.016283,0.01637,0.016244,0.016329,4537112.7
2026-03-23 01:45:00,1774230300000,0.016329,0.016355,0.016299,0.016304,993811.4
2026-03-23 02:00:00,1774231200000,0.016304,0.016363,0.016297,0.016301,1162423.9
2026-03-23 02:15:00,1774232100000,0.016301,0.016416,0.016268,0.01641,1908229.3
2026-03-23 02:30:00,1774233000000,0.01641,0.016413,0.016346,0.016346,1035435.7
2026-03-23 02:45:00,1774233900000,0.016346,0.016354,0.016321,0.016354,440521.5
2026-03-23 03:00:00,1774234800000,0.016354,0.016445,0.016326,0.016332,1342798.0
2026-03-23 03:15:00,1774235700000,0.016332,0.016371,0.016322,0.016363,371090.4
2026-03-23 03:30:00,1774236600000,0.016363,0.016366,0.016327,0.016328,483684.9
2026-03-23 03:45:00,1774237500000,0.016328,0.016328,0.016259,0.016267,525429.0
2026-03-23 04:00:00,1774238400000,0.016267,0.016317,0.016267,0.016312,1156148.7
2026-03-23 04:15:00,1774239300000,0.016312,0.016328,0.016297,0.016317,594221.5
2026-03-23 04:30:00,1774240200000,0.016317,0.016355,0.016315,0.01633,1267710.7
2026-03-23 04:45:00,1774241100000,0.01633,0.016399,0.016329,0.016395,481052.2
2026-03-23 05:00:00,1774242000000,0.016395,0.016434,0.016363,0.016418,2183353.4
2026-03-23 05:15:00,1774242900000,0.016418,0.01642,0.016369,0.016389,760321.3
2026-03-23 05:30:00,1774243800000,0.016389,0.016458,0.016349,0.016433,2538333.8
2026-03-23 05:45:00,1774244700000,0.016433,0.016479,0.016397,0.016454,899587.7
2026-03-23 06:00:00,1774245600000,0.016454,0.01649,0.016413,0.016458,4606357.4
2026-03-23 06:15:00,1774246500000,0.016458,0.016578,0.016448,0.016535,2620854.1
2026-03-23 06:30:00,1774247400000,0.016535,0.016573,0.016441,0.016485,4448074.0
2026-03-23 06:45:00,1774248300000,0.016485,0.016492,0.016415,0.016465,2521097.7
2026-03-23 07:00:00,1774249200000,0.016465,0.016493,0.01632,0.016347,4145447.6
2026-03-23 07:15:00,1774250100000,0.016347,0.016358,0.01614,0.016189,5509441.0
2026-03-23 07:30:00,1774251000000,0.016189,0.016375,0.016175,0.016327,3491581.2
2026-03-23 07:45:00,1774251900000,0.016327,0.016342,0.01624,0.016247,1640375.0
2026-03-23 08:00:00,1774252800000,0.016247,0.016272,0.016219,0.016233,1078217.4
2026-03-23 08:15:00,1774253700000,0.016233,0.016254,0.016213,0.016219,987424.8
2026-03-23 08:30:00,1774254600000,0.016219,0.016256,0.016203,0.016233,985482.9
2026-03-23 08:45:00,1774255500000,0.016233,0.016254,0.016141,0.016184,2030722.2
2026-03-23 09:00:00,1774256400000,0.016184,0.01621,0.016128,0.016194,1528022.6
2026-03-23 09:15:00,1774257300000,0.016194,0.016236,0.016144,0.016211,1274325.0
2026-03-23 09:30:00,1774258200000,0.016211,0.016211,0.0161,0.01616,1712131.0
2026-03-23 09:45:00,1774259100000,0.01616,0.016238,0.01616,0.016226,700384.9
2026-03-23 10:00:00,1774260000000,0.016226,0.016349,0.016221,0.016305,1150458.0
2026-03-23 10:15:00,1774260900000,0.016305,0.016306,0.016217,0.016228,951594.5
2026-03-23 10:30:00,1774261800000,0.016228,0.016257,0.016222,0.016255,443026.6
2026-03-23 10:45:00,1774262700000,0.016255,0.016294,0.016227,0.016271,587189.4
2026-03-23 11:00:00,1774263600000,0.016271,0.017028,0.016271,0.01689,37905274.2
2026-03-23 11:15:00,1774264500000,0.01689,0.016953,0.016733,0.016874,7502744.8
2026-03-23 11:30:00,1774265400000,0.016874,0.016969,0.016764,0.016854,4809685.3
2026-03-23 11:45:00,1774266300000,0.016854,0.016861,0.016696,0.01675,3043300.6
2026-03-23 12:00:00,1774267200000,0.01675,0.01683,0.016648,0.016742,3829109.3
2026-03-23 12:15:00,1774268100000,0.016742,0.01679,0.016712,0.016757,1261192.8
2026-03-23 12:30:00,1774269000000,0.016757,0.016797,0.016672,0.016786,1711833.3
2026-03-23 12:45:00,1774269900000,0.016786,0.016819,0.016761,0.016799,929854.1
2026-03-23 13:00:00,1774270800000,0.016799,0.016842,0.016754,0.016754,1046885.1
2026-03-23 13:15:00,1774271700000,0.016754,0.016762,0.016736,0.016738,364826.1
2026-03-23 13:30:00,1774272600000,0.016738,0.016818,0.016685,0.016788,1372999.4
2026-03-23 13:45:00,1774273500000,0.016788,0.016896,0.01677,0.016887,1632542.3
2026-03-23 14:00:00,1774274400000,0.016887,0.01693,0.01683,0.01686,3608595.8
2026-03-23 14:15:00,1774275300000,0.01686,0.016906,0.016827,0.016837,1100597.8
2026-03-23 14:30:00,1774276200000,0.016837,0.016929,0.016816,0.016848,1872692.2
2026-03-23 14:45:00,1774277100000,0.016848,0.016883,0.016808,0.016867,1908269.7
2026-03-23 15:00:00,1774278000000,0.016867,0.016944,0.01679,0.016806,3330503.0
2026-03-23 15:15:00,1774278900000,0.016806,0.016826,0.016706,0.016716,2795098.4
2026-03-23 15:30:00,1774279800000,0.016716,0.016717,0.016604,0.016624,4142027.3
2026-03-23 15:45:00,1774280700000,0.016624,0.016686,0.016536,0.016554,3643456.1
2026-03-23 16:00:00,1774281600000,0.016554,0.016639,0.016554,0.016617,2839304.8
2026-03-23 16:15:00,1774282500000,0.016617,0.016628,0.016492,0.016503,2400576.0
2026-03-23 16:30:00,1774283400000,0.016503,0.016586,0.016484,0.016564,2100665.7
2026-03-23 16:45:00,1774284300000,0.016564,0.016619,0.016554,0.016595,1455483.8
2026-03-23 17:00:00,1774285200000,0.016595,0.016649,0.016595,0.016621,2983312.0
2026-03-23 17:15:00,1774286100000,0.016621,0.016652,0.016554,0.016626,1783459.3
2026-03-23 17:30:00,1774287000000,0.016626,0.016775,0.01661,0.016708,3652482.0
2026-03-23 17:45:00,1774287900000,0.016708,0.016727,0.016689,0.016722,1739185.0
2026-03-23 18:00:00,1774288800000,0.016722,0.016745,0.016679,0.016701,2290863.2
2026-03-23 18:15:00,1774289700000,0.016701,0.016701,0.016632,0.016689,3046213.6
2026-03-23 18:30:00,1774290600000,0.016689,0.016756,0.016689,0.01673,1922793.7
2026-03-23 18:45:00,1774291500000,0.01673,0.016811,0.01673,0.016806,2144267.3
2026-03-23 19:00:00,1774292400000,0.016806,0.016828,0.016724,0.016737,2595385.8
2026-03-23 19:15:00,1774293300000,0.016737,0.016747,0.016709,0.016743,1139478.0
2026-03-23 19:30:00,1774294200000,0.016743,0.016745,0.016704,0.016712,675711.3
2026-03-23 19:45:00,1774295100000,0.016712,0.016731,0.016638,0.016673,1566965.6
2026-03-23 20:00:00,1774296000000,0.016673,0.016732,0.016652,0.016731,2652535.5
2026-03-23 20:15:00,1774296900000,0.016731,0.01675,0.016723,0.016724,233200.7
2026-03-23 20:30:00,1774297800000,0.016724,0.016842,0.016724,0.016841,470289.0
2026-03-23 20:45:00,1774298700000,0.016841,0.016866,0.016835,0.016862,341359.2
2026-03-23 21:00:00,1774299600000,0.016862,0.016879,0.016771,0.016771,1065680.5
2026-03-23 21:15:00,1774300500000,0.016771,0.016779,0.016756,0.016762,229218.8
2026-03-23 21:30:00,1774301400000,0.016762,0.016775,0.016742,0.016759,435585.2
2026-03-23 21:45:00,1774302300000,0.016759,0.016759,0.016724,0.016724,338827.0
2026-03-23 22:00:00,1774303200000,0.016724,0.016727,0.016619,0.016674,2119250.4
2026-03-23 22:15:00,1774304100000,0.016674,0.016674,0.016628,0.016645,395577.0
2026-03-23 22:30:00,1774305000000,0.016645,0.016663,0.016613,0.016648,398988.8
2026-03-23 22:45:00,1774305900000,0.016648,0.01668,0.016633,0.016661,931921.3
2026-03-23 23:00:00,1774306800000,0.016661,0.016661,0.016536,0.016546,1607274.7
2026-03-23 23:15:00,1774307700000,0.016546,0.016596,0.016505,0.016577,1467306.4
2026-03-23 23:30:00,1774308600000,0.016577,0.016616,0.016526,0.016616,1228508.5
2026-03-23 23:45:00,1774309500000,0.016616,0.016665,0.016583,0.016633,1070703.2
2026-03-24 00:00:00,1774310400000,0.016633,0.016687,0.016604,0.016639,1667189.3
2026-03-24 00:15:00,1774311300000,0.016639,0.016658,0.016615,0.016615,2737673.9
2026-03-24 00:30:00,1774312200000,0.016615,0.016618,0.016508,0.016547,5859863.6
2026-03-24 00:45:00,1774313100000,0.016547,0.016646,0.016542,0.016588,1329066.6
2026-03-24 01:00:00,1774314000000,0.016588,0.0166,0.016441,0.016465,3416693.4
2026-03-24 01:15:00,1774314900000,0.016465,0.016518,0.016429,0.016501,2212133.1
2026-03-24 01:30:00,1774315800000,0.016501,0.016511,0.016394,0.01643,2506793.9
2026-03-24 01:45:00,1774316700000,0.01643,0.016523,0.01641,0.016511,1742813.8
2026-03-24 02:00:00,1774317600000,0.016511,0.016617,0.016493,0.016548,3002923.7
2026-03-24 02:15:00,1774318500000,0.016548,0.016646,0.016526,0.016611,1580129.7
2026-03-24 02:30:00,1774319400000,0.016611,0.01669,0.01656,0.016632,851337.2
2026-03-24 02:45:00,1774320300000,0.016632,0.016655,0.016601,0.01661,734609.8
2026-03-24 03:00:00,1774321200000,0.01661,0.016635,0.016568,0.016589,653660.1
2026-03-24 03:15:00,1774322100000,0.016589,0.016651,0.016574,0.016644,274552.1
2026-03-24 03:30:00,1774323000000,0.016644,0.016655,0.016601,0.016632,253344.7
2026-03-24 03:45:00,1774323900000,0.016632,0.016679,0.016608,0.016653,413989.0
2026-03-24 04:00:00,1774324800000,0.016653,0.016678,0.016567,0.016627,1489063.2
2026-03-24 04:15:00,1774325700000,0.016627,0.016629,0.01657,0.01657,647578.0
2026-03-24 04:30:00,1774326600000,0.01657,0.016577,0.016525,0.016546,664980.2
2026-03-24 04:45:00,1774327500000,0.016546,0.016606,0.016526,0.016576,921636.1
2026-03-24 05:00:00,1774328400000,0.016576,0.016639,0.016546,0.016627,1173296.1
2026-03-24 05:15:00,1774329300000,0.016627,0.016709,0.016611,0.016661,1892382.7
2026-03-24 05:30:00,1774330200000,0.016661,0.016756,0.016661,0.016741,1419807.2
2026-03-24 05:45:00,1774331100000,0.016741,0.016767,0.016729,0.016746,677289.4
2026-03-24 06:00:00,1774332000000,0.016746,0.016833,0.016719,0.016793,3703997.7
2026-03-24 06:15:00,1774332900000,0.016793,0.016799,0.016725,0.016765,746999.9
2026-03-24 06:30:00,1774333800000,0.016765,0.016798,0.016728,0.016728,1188774.6
2026-03-24 06:45:00,1774334700000,0.016728,0.016767,0.016717,0.016744,530220.2
2026-03-24 07:00:00,1774335600000,0.016744,0.01684,0.016721,0.01679,3388431.4
2026-03-24 07:15:00,1774336500000,0.01679,0.01679,0.016692,0.016706,2928472.6
2026-03-24 07:30:00,1774337400000,0.016706,0.016727,0.016644,0.016689,1609313.6
2026-03-24 07:45:00,1774338300000,0.016689,0.016826,0.016659,0.0168,1779361.5
2026-03-24 08:00:00,1774339200000,0.0168,0.01682,0.016705,0.016746,5032839.3
2026-03-24 08:15:00,1774340100000,0.016746,0.016746,0.016686,0.01671,771946.8
2026-03-24 08:30:00,1774341000000,0.01671,0.016769,0.01669,0.016769,722282.7
2026-03-24 08:45:00,1774341900000,0.016769,0.016799,0.016728,0.016728,1578425.1
2026-03-24 09:00:00,1774342800000,0.016728,0.016728,0.016619,0.016621,1716085.2
2026-03-24 09:15:00,1774343700000,0.016621,0.01665,0.016598,0.016613,875425.9
2026-03-24 09:30:00,1774344600000,0.016613,0.016686,0.016591,0.016673,1509248.1
2026-03-24 09:45:00,1774345500000,0.016673,0.016673,0.016603,0.016612,1462251.0
2026-03-24 10:00:00,1774346400000,0.016612,0.016625,0.016549,0.016584,2580924.5
2026-03-24 10:15:00,1774347300000,0.016584,0.016622,0.016525,0.016525,1961259.7
2026-03-24 10:30:00,1774348200000,0.016525,0.016605,0.016525,0.016605,2000749.2
2026-03-24 10:45:00,1774349100000,0.016605,0.016621,0.016573,0.016605,809134.3
2026-03-24 11:00:00,1774350000000,0.016605,0.016622,0.016526,0.016538,2365726.3
2026-03-24 11:15:00,1774350900000,0.016538,0.016545,0.016449,0.016543,3129521.7
2026-03-24 11:30:00,1774351800000,0.016543,0.016571,0.016516,0.016532,935012.7
2026-03-24 11:45:00,1774352700000,0.016532,0.01657,0.016481,0.016531,1258837.6
2026-03-24 12:00:00,1774353600000,0.016531,0.016573,0.016501,0.016544,503918.0
2026-03-24 12:15:00,1774354500000,0.016544,0.016548,0.016522,0.016531,1243664.0
2026-03-24 12:30:00,1774355400000,0.016531,0.016548,0.01646,0.016545,3054315.1
2026-03-24 12:45:00,1774356300000,0.016545,0.01656,0.01652,0.01652,418950.6
2026-03-24 13:00:00,1774357200000,0.01652,0.016523,0.01644,0.016488,1940781.3
2026-03-24 13:15:00,1774358100000,0.016488,0.016525,0.016468,0.016509,1233665.4
2026-03-24 13:30:00,1774359000000,0.016509,0.016531,0.01644,0.016454,3256424.6
2026-03-24 13:45:00,1774359900000,0.016454,0.016552,0.016433,0.016544,1685479.9
2026-03-24 14:00:00,1774360800000,0.016544,0.01666,0.016497,0.016517,2767940.1
2026-03-24 14:15:00,1774361700000,0.016517,0.016566,0.016481,0.016521,860725.8
2026-03-24 14:30:00,1774362600000,0.016521,0.016554,0.01641,0.016447,1882679.6
2026-03-24 14:45:00,1774363500000,0.016447,0.016561,0.016374,0.016514,3891697.8
2026-03-24 15:00:00,1774364400000,0.016514,0.016552,0.016474,0.01649,1613066.2
2026-03-24 15:15:00,1774365300000,0.01649,0.016559,0.016473,0.016525,1580441.6
2026-03-24 15:30:00,1774366200000,0.016525,0.016564,0.016474,0.016538,848374.2
2026-03-24 15:45:00,1774367100000,0.016538,0.016561,0.016493,0.016508,302329.7
2026-03-24 16:00:00,1774368000000,0.016508,0.016522,0.01648,0.016517,577273.5
2026-03-24 16:15:00,1774368900000,0.016517,0.016534,0.016473,0.016499,410747.1
2026-03-24 16:30:00,1774369800000,0.016499,0.01655,0.016477,0.016527,935795.5
2026-03-24 16:45:00,1774370700000,0.016527,0.016541,0.016489,0.016525,497570.1
2026-03-24 17:00:00,1774371600000,0.016525,0.01655,0.01647,0.016498,1730394.1
2026-03-24 17:15:00,1774372500000,0.016498,0.016516,0.016472,0.016478,503313.8
2026-03-24 17:30:00,1774373400000,0.016478,0.016536,0.016446,0.016451,1093289.9
2026-03-24 17:45:00,1774374300000,0.016451,0.016508,0.016441,0.016493,739132.1
2026-03-24 18:00:00,1774375200000,0.016493,0.016545,0.016487,0.01653,1003024.2
2026-03-24 18:15:00,1774376100000,0.01653,0.016558,0.016487,0.016533,185815.8
2026-03-24 18:30:00,1774377000000,0.016533,0.016622,0.016533,0.016593,583381.3
2026-03-24 18:45:00,1774377900000,0.016593,0.016593,0.016519,0.01656,1384198.2
2026-03-24 19:00:00,1774378800000,0.01656,0.016626,0.01656,0.016605,584575.1
2026-03-24 19:15:00,1774379700000,0.016605,0.01663,0.016584,0.016585,412755.7
2026-03-24 19:30:00,1774380600000,0.016585,0.016588,0.016532,0.016558,409917.0
2026-03-24 19:45:00,1774381500000,0.016558,0.016579,0.016528,0.016564,1052792.4
2026-03-24 20:00:00,1774382400000,0.016564,0.016574,0.01649,0.016529,1518399.8
2026-03-24 20:15:00,1774383300000,0.016529,0.016749,0.016522,0.016655,2891840.4
2026-03-24 20:30:00,1774384200000,0.016655,0.016744,0.016649,0.01666,2563878.3
2026-03-24 20:45:00,1774385100000,0.01666,0.016707,0.016639,0.016691,841407.7
2026-03-24 21:00:00,1774386000000,0.016691,0.016706,0.016545,0.016567,8782063.8
2026-03-24 21:15:00,1774386900000,0.016567,0.016571,0.016525,0.016565,404769.3
2026-03-24 21:30:00,1774387800000,0.016565,0.01663,0.016521,0.016616,1007356.6
2026-03-24 21:45:00,1774388700000,0.016616,0.016661,0.016604,0.016657,314703.5
2026-03-24 22:00:00,1774389600000,0.016657,0.016701,0.016612,0.016666,929909.6
2026-03-24 22:15:00,1774390500000,0.016666,0.016666,0.016601,0.016601,537545.7
2026-03-24 22:30:00,1774391400000,0.016601,0.016619,0.016569,0.0166,809855.1
2026-03-24 22:45:00,1774392300000,0.0166,0.016633,0.016593,0.016629,623686.7
2026-03-24 23:00:00,1774393200000,0.016629,0.016644,0.016599,0.016626,443777.9
2026-03-24 23:15:00,1774394100000,0.016626,0.016684,0.016613,0.016675,1074201.0
2026-03-24 23:30:00,1774395000000,0.016675,0.016677,0.016625,0.016628,467273.1
2026-03-24 23:45:00,1774395900000,0.016628,0.016646,0.016621,0.016631,168306.5
2026-03-25 00:00:00,1774396800000,0.016631,0.016657,0.016627,0.016655,549070.7
2026-03-25 00:15:00,1774397700000,0.016655,0.016655,0.016621,0.016621,297414.0
2026-03-25 00:30:00,1774398600000,0.016621,0.016698,0.016554,0.016681,2161401.4
2026-03-25 00:45:00,1774399500000,0.016681,0.016708,0.016637,0.016643,751973.5
2026-03-25 01:00:00,1774400400000,0.016643,0.016727,0.016626,0.016686,425768.9
2026-03-25 01:15:00,1774401300000,0.016686,0.016691,0.016663,0.016669,396342.3
2026-03-25 01:30:00,1774402200000,0.016669,0.016722,0.016648,0.016704,998246.0
2026-03-25 01:45:00,1774403100000,0.016704,0.016714,0.016665,0.016665,878255.2
2026-03-25 02:00:00,1774404000000,0.016665,0.016722,0.016651,0.016717,695756.1
2026-03-25 02:15:00,1774404900000,0.016717,0.016745,0.016703,0.01674,170532.9
2026-03-25 02:30:00,1774405800000,0.01674,0.016797,0.016737,0.016763,735057.9
2026-03-25 02:45:00,1774406700000,0.016763,0.01677,0.016725,0.016727,198581.3
2026-03-25 03:00:00,1774407600000,0.016727,0.01674,0.016669,0.016681,1006973.7
2026-03-25 03:15:00,1774408500000,0.016681,0.016724,0.016659,0.016724,510041.6
2026-03-25 03:30:00,1774409400000,0.016724,0.01676,0.016722,0.016735,245102.8
2026-03-25 03:45:00,1774410300000,0.016735,0.016772,0.016735,0.016748,452763.5
2026-03-25 04:00:00,1774411200000,0.016748,0.01681,0.016721,0.016774,2277518.2
2026-03-25 04:15:00,1774412100000,0.016774,0.016774,0.016736,0.016755,631434.9
2026-03-25 04:30:00,1774413000000,0.016755,0.016782,0.01672,0.016781,396468.1
2026-03-25 04:45:00,1774413900000,0.016781,0.016868,0.01678,0.016844,935284.8
2026-03-25 05:00:00,1774414800000,0.016844,0.016848,0.016769,0.016769,1079541.5
2026-03-25 05:15:00,1774415700000,0.016769,0.016796,0.01669,0.016734,4686505.5
2026-03-25 05:30:00,1774416600000,0.016734,0.016751,0.016719,0.016732,838159.7
2026-03-25 05:45:00,1774417500000,0.016732,0.016744,0.016704,0.016708,1196478.4
2026-03-25 06:00:00,1774418400000,0.016708,0.016716,0.016657,0.016665,824495.9
2026-03-25 06:15:00,1774419300000,0.016665,0.016731,0.016663,0.016725,919316.2
2026-03-25 06:30:00,1774420200000,0.016725,0.016746,0.016703,0.016719,530981.4
2026-03-25 06:45:00,1774421100000,0.016719,0.016726,0.016643,0.016645,687348.6
2026-03-25 07:00:00,1774422000000,0.016645,0.01668,0.016643,0.01667,542848.4
2026-03-25 07:15:00,1774422900000,0.01667,0.0167,0.016659,0.016673,437420.0
2026-03-25 07:30:00,1774423800000,0.016673,0.016832,0.016673,0.016769,1731381.1
2026-03-25 07:45:00,1774424700000,0.016769,0.01678,0.016731,0.016774,1378096.6
2026-03-25 08:00:00,1774425600000,0.016774,0.016855,0.016769,0.016798,1939750.1
2026-03-25 08:15:00,1774426500000,0.016798,0.016839,0.016788,0.016808,1334265.0
2026-03-25 08:30:00,1774427400000,0.016808,0.016846,0.016758,0.016759,1715287.1
2026-03-25 08:45:00,1774428300000,0.016759,0.016768,0.016705,0.016709,1530254.9
2026-03-25 09:00:00,1774429200000,0.016709,0.016739,0.016659,0.016736,1721686.3
2026-03-25 09:15:00,1774430100000,0.016736,0.016756,0.016724,0.016732,388769.9
2026-03-25 09:30:00,1774431000000,0.016732,0.016742,0.016709,0.016742,850533.6
2026-03-25 09:45:00,1774431900000,0.016742,0.016761,0.016717,0.016736,685186.8
2026-03-25 10:00:00,1774432800000,0.016736,0.016755,0.016718,0.016743,707179.8
2026-03-25 10:15:00,1774433700000,0.016743,0.016771,0.016735,0.016765,583218.2
2026-03-25 10:30:00,1774434600000,0.016765,0.016807,0.016751,0.016793,242532.0
2026-03-25 10:45:00,1774435500000,0.016793,0.016814,0.016776,0.016793,778404.8
2026-03-25 11:00:00,1774436400000,0.016793,0.016806,0.016751,0.016758,715587.3
2026-03-25 11:15:00,1774437300000,0.016758,0.016774,0.016726,0.016747,664640.8
2026-03-25 11:30:00,1774438200000,0.016747,0.016771,0.016711,0.016733,1084646.7
2026-03-25 11:45:00,1774439100000,0.016733,0.01674,0.016649,0.016724,1798826.9
2026-03-25 12:00:00,1774440000000,0.016724,0.016796,0.016716,0.016766,1129050.0
2026-03-25 12:15:00,1774440900000,0.016766,0.016766,0.016652,0.016729,1412842.3
2026-03-25 12:30:00,1774441800000,0.016729,0.016749,0.016703,0.016716,1037391.9
2026-03-25 12:45:00,1774442700000,0.016716,0.016825,0.0167,0.016779,785184.5
2026-03-25 13:00:00,1774443600000,0.016779,0.016852,0.016751,0.016837,1512561.4
2026-03-25 13:15:00,1774444500000,0.016837,0.0169,0.016816,0.016823,2326567.0
2026-03-25 13:30:00,1774445400000,0.016823,0.016836,0.016773,0.016784,1320717.7
2026-03-25 13:45:00,1774446300000,0.016784,0.016802,0.01673,0.01673,449131.2
2026-03-25 14:00:00,1774447200000,0.01673,0.01675,0.016697,0.016725,1178524.9
2026-03-25 14:15:00,1774448100000,0.016725,0.01679,0.016724,0.016761,1119040.2
2026-03-25 14:30:00,1774449000000,0.016761,0.016781,0.016715,0.01674,1241582.4
2026-03-25 14:45:00,1774449900000,0.01674,0.016787,0.016736,0.016769,378289.1
2026-03-25 15:00:00,1774450800000,0.016769,0.016788,0.016694,0.016702,702855.3
2026-03-25 15:15:00,1774451700000,0.016702,0.016725,0.01661,0.016721,2345351.2
2026-03-25 15:30:00,1774452600000,0.016721,0.016747,0.016654,0.016687,1252488.0
2026-03-25 15:45:00,1774453500000,0.016687,0.016741,0.016686,0.016713,403336.4
2026-03-25 16:00:00,1774454400000,0.016713,0.01675,0.016703,0.016743,638767.9
2026-03-25 16:15:00,1774455300000,0.016743,0.016833,0.016686,0.016789,2565961.5
2026-03-25 16:30:00,1774456200000,0.016789,0.016819,0.016761,0.016819,1191743.2
2026-03-25 16:45:00,1774457100000,0.016819,0.016819,0.016736,0.016738,342875.8
2026-03-25 17:00:00,1774458000000,0.016738,0.01679,0.016736,0.016739,603615.4
2026-03-25 17:15:00,1774458900000,0.016739,0.01678,0.016717,0.016762,840314.0
2026-03-25 17:30:00,1774459800000,0.016762,0.016796,0.016743,0.016779,1592585.3
2026-03-25 17:45:00,1774460700000,0.016779,0.016784,0.016718,0.016742,509504.6
2026-03-25 18:00:00,1774461600000,0.016742,0.016798,0.016742,0.016777,749509.4
2026-03-25 18:15:00,1774462500000,0.016777,0.016791,0.016767,0.016774,448773.8
2026-03-25 18:30:00,1774463400000,0.016774,0.016786,0.016752,0.016753,167208.7
2026-03-25 18:45:00,1774464300000,0.016753,0.016794,0.016732,0.01676,418627.4
2026-03-25 19:00:00,1774465200000,0.01676,0.016774,0.016734,0.016752,836197.2
2026-03-25 19:15:00,1774466100000,0.016752,0.016769,0.016735,0.016756,415677.9
2026-03-25 19:30:00,1774467000000,0.016756,0.016765,0.016718,0.016719,273454.1
2026-03-25 19:45:00,1774467900000,0.016719,0.016739,0.016694,0.016727,775811.1
2026-03-25 20:00:00,1774468800000,0.016727,0.016728,0.016669,0.01668,2046164.9
2026-03-25 20:15:00,1774469700000,0.01668,0.016705,0.016583,0.016598,1671271.7
2026-03-25 20:30:00,1774470600000,0.016598,0.016613,0.016564,0.01661,1907906.0
2026-03-25 20:45:00,1774471500000,0.01661,0.016633,0.016599,0.016621,998874.0
2026-03-25 21:00:00,1774472400000,0.016621,0.016659,0.016601,0.016656,1475652.0
2026-03-25 21:15:00,1774473300000,0.016656,0.016682,0.016609,0.016618,1015038.5
2026-03-25 21:30:00,1774474200000,0.016618,0.016679,0.016618,0.01667,871701.4
2026-03-25 21:45:00,1774475100000,0.01667,0.01667,0.01662,0.016625,551550.5
2026-03-25 22:00:00,1774476000000,0.016625,0.016655,0.016576,0.016595,1318172.9
2026-03-25 22:15:00,1774476900000,0.016595,0.016704,0.016595,0.016672,1230193.4
2026-03-25 22:30:00,1774477800000,0.016672,0.016807,0.016671,0.016737,2731808.6
2026-03-25 22:45:00,1774478700000,0.016737,0.016737,0.016693,0.016713,391926.2
2026-03-25 23:00:00,1774479600000,0.016713,0.016756,0.016708,0.016742,645755.7
2026-03-25 23:15:00,1774480500000,0.016742,0.016749,0.016717,0.016729,250439.4
2026-03-25 23:30:00,1774481400000,0.016729,0.016737,0.016692,0.016701,1238325.2
2026-03-25 23:45:00,1774482300000,0.016701,0.016712,0.016663,0.016706,1789978.0
2026-03-26 00:00:00,1774483200000,0.016706,0.016725,0.016656,0.016664,796526.3
2026-03-26 00:15:00,1774484100000,0.016664,0.016686,0.016642,0.016663,1023945.6
2026-03-26 00:30:00,1774485000000,0.016663,0.016673,0.016635,0.016651,727207.6
2026-03-26 00:45:00,1774485900000,0.016651,0.016669,0.016611,0.016662,1234853.6
2026-03-26 01:00:00,1774486800000,0.016662,0.016681,0.016601,0.016625,1235437.8
2026-03-26 01:15:00,1774487700000,0.016625,0.016631,0.016569,0.016629,1250999.2
2026-03-26 01:30:00,1774488600000,0.016629,0.016637,0.016555,0.01657,778426.1
2026-03-26 01:45:00,1774489500000,0.01657,0.01658,0.01654,0.016543,560402.6
2026-03-26 02:00:00,1774490400000,0.016543,0.016549,0.016486,0.0165,718073.7
2026-03-26 02:15:00,1774491300000,0.0165,0.0165,0.016441,0.016447,1089002.8
2026-03-26 02:30:00,1774492200000,0.016447,0.016447,0.016394,0.01642,1300159.3
2026-03-26 02:45:00,1774493100000,0.01642,0.016483,0.016419,0.016463,671467.8
2026-03-26 03:00:00,1774494000000,0.016463,0.016466,0.016353,0.016417,2138881.4
2026-03-26 03:15:00,1774494900000,0.016417,0.016417,0.016256,0.01627,3897337.5
2026-03-26 03:30:00,1774495800000,0.01627,0.01633,0.016268,0.016306,1248470.1
2026-03-26 03:45:00,1774496700000,0.016306,0.016317,0.016263,0.016312,1047656.5
2026-03-26 04:00:00,1774497600000,0.016312,0.016312,0.016211,0.016217,1197149.7
2026-03-26 04:15:00,1774498500000,0.016217,0.016233,0.016201,0.016233,339998.4
2026-03-26 04:30:00,1774499400000,0.016233,0.016238,0.016204,0.016229,288742.4
2026-03-26 04:45:00,1774500300000,0.016229,0.016294,0.016223,0.01627,420589.5
2026-03-26 05:00:00,1774501200000,0.01627,0.016279,0.016228,0.016247,908630.4
2026-03-26 05:15:00,1774502100000,0.016247,0.016315,0.016242,0.016245,1039710.6
2026-03-26 05:30:00,1774503000000,0.016245,0.01626,0.016155,0.016162,1324096.1
2026-03-26 05:45:00,1774503900000,0.016162,0.016179,0.016071,0.0161,3113538.0
2026-03-26 06:00:00,1774504800000,0.0161,0.016137,0.01605,0.016126,2228090.8
2026-03-26 06:15:00,1774505700000,0.016126,0.016133,0.015994,0.016107,6266848.8
2026-03-26 06:30:00,1774506600000,0.016107,0.016113,0.016071,0.016092,1284284.3
2026-03-26 06:45:00,1774507500000,0.016092,0.016129,0.016084,0.016125,392141.5
2026-03-26 07:00:00,1774508400000,0.016125,0.016156,0.016103,0.01611,987520.4
2026-03-26 07:15:00,1774509300000,0.01611,0.01615,0.016088,0.01614,1962599.0
2026-03-26 07:30:00,1774510200000,0.01614,0.016167,0.016125,0.016138,1985655.9
2026-03-26 07:45:00,1774511100000,0.016138,0.016169,0.016132,0.016143,1318346.1
2026-03-26 08:00:00,1774512000000,0.016143,0.016145,0.01606,0.016066,2112228.7
2026-03-26 08:15:00,1774512900000,0.016066,0.016103,0.016043,0.016046,1174960.5
2026-03-26 08:30:00,1774513800000,0.016046,0.01606,0.016024,0.016044,1588626.0
2026-03-26 08:45:00,1774514700000,0.016044,0.016081,0.016022,0.016051,1295758.9
2026-03-26 09:00:00,1774515600000,0.016051,0.016061,0.016007,0.016023,1679360.3
2026-03-26 09:15:00,1774516500000,0.016023,0.016055,0.015985,0.016045,2025530.7
2026-03-26 09:30:00,1774517400000,0.016045,0.016045,0.015748,0.015799,22013504.5
2026-03-26 09:45:00,1774518300000,0.015799,0.015805,0.015734,0.015751,2695162.7
2026-03-26 10:00:00,1774519200000,0.015751,0.015753,0.01565,0.015667,5664180.4
2026-03-26 10:15:00,1774520100000,0.015667,0.015733,0.015667,0.015709,1339810.2
2026-03-26 10:30:00,1774521000000,0.015709,0.015744,0.015617,0.015637,2309777.0
2026-03-26 10:45:00,1774521900000,0.015637,0.015693,0.015633,0.015693,1064278.6
2026-03-26 11:00:00,1774522800000,0.015693,0.015727,0.01563,0.015665,3215501.0
2026-03-26 11:15:00,1774523700000,0.015665,0.015667,0.015562,0.015602,2672342.5
2026-03-26 11:30:00,1774524600000,0.015602,0.015636,0.015589,0.015595,4019535.8
2026-03-26 11:45:00,1774525500000,0.015595,0.015613,0.01558,0.0156,1984037.2
2026-03-26 12:00:00,1774526400000,0.0156,0.015612,0.015549,0.015612,4166303.9
2026-03-26 12:15:00,1774527300000,0.015612,0.015672,0.015594,0.015658,4130097.3
2026-03-26 12:30:00,1774528200000,0.015658,0.015684,0.015635,0.015652,2262876.3
2026-03-26 12:45:00,1774529100000,0.015652,0.01571,0.015652,0.0157,1435271.4
2026-03-26 13:00:00,1774530000000,0.0157,0.015748,0.015693,0.0157,1812091.9
2026-03-26 13:15:00,1774530900000,0.0157,0.015709,0.015642,0.015643,1143535.1
2026-03-26 13:30:00,1774531800000,0.015643,0.015728,0.015634,0.015728,4192134.0
2026-03-26 13:45:00,1774532700000,0.015728,0.015904,0.015728,0.015827,6572919.5
2026-03-26 14:00:00,1774533600000,0.015827,0.015889,0.015745,0.015784,9017220.3
2026-03-26 14:15:00,1774534500000,0.015784,0.015793,0.015721,0.015768,2237799.1
2026-03-26 14:30:00,1774535400000,0.015768,0.01581,0.015703,0.015703,986328.7
2026-03-26 14:45:00,1774536300000,0.015703,0.015711,0.015623,0.015654,2051589.2
2026-03-26 15:00:00,1774537200000,0.015654,0.015663,0.015511,0.015521,6581526.8
2026-03-26 15:15:00,1774538100000,0.015521,0.015558,0.015413,0.01553,7120006.6
2026-03-26 15:30:00,1774539000000,0.01553,0.015568,0.015506,0.015538,1778323.9
2026-03-26 15:45:00,1774539900000,0.015538,0.015586,0.01553,0.015554,2583921.2
2026-03-26 16:00:00,1774540800000,0.015554,0.015664,0.015552,0.015646,3036935.5
2026-03-26 16:15:00,1774541700000,0.015646,0.015658,0.015582,0.015595,1706642.1
2026-03-26 16:30:00,1774542600000,0.015595,0.015635,0.015564,0.015618,2602033.4
2026-03-26 16:45:00,1774543500000,0.015618,0.015618,0.015562,0.015571,738789.5
2026-03-26 17:00:00,1774544400000,0.015571,0.015636,0.015558,0.015596,613212.4
2026-03-26 17:15:00,1774545300000,0.015596,0.015622,0.015559,0.01562,2192837.2
2026-03-26 17:30:00,1774546200000,0.01562,0.015678,0.015618,0.015656,1218544.6
2026-03-26 17:45:00,1774547100000,0.015656,0.015656,0.015526,0.015556,2652976.9
2026-03-26 18:00:00,1774548000000,0.015556,0.015575,0.015435,0.015503,5591620.9
2026-03-26 18:15:00,1774548900000,0.015503,0.015505,0.015404,0.015456,2236353.3
2026-03-26 18:30:00,1774549800000,0.015456,0.015485,0.015432,0.015432,2864325.2
2026-03-26 18:45:00,1774550700000,0.015432,0.01548,0.015428,0.015478,753447.0
2026-03-26 19:00:00,1774551600000,0.015478,0.015496,0.015435,0.015443,1246714.9
2026-03-26 19:15:00,1774552500000,0.015443,0.015458,0.015381,0.015401,1521213.7
2026-03-26 19:30:00,1774553400000,0.015401,0.015412,0.015331,0.015373,3224514.8
2026-03-26 19:45:00,1774554300000,0.015373,0.015407,0.015339,0.015343,2305821.1
2026-03-26 20:00:00,1774555200000,0.015343,0.01564,0.015293,0.015566,9352620.5
2026-03-26 20:15:00,1774556100000,0.015566,0.015648,0.01552,0.01556,6109159.4
2026-03-26 20:30:00,1774557000000,0.01556,0.01559,0.015517,0.01553,1456372.2
2026-03-26 20:45:00,1774557900000,0.01553,0.01553,0.015433,0.01544,775281.2
2026-03-26 21:00:00,1774558800000,0.01544,0.015466,0.015411,0.015449,1952301.5
2026-03-26 21:15:00,1774559700000,0.015449,0.015539,0.015432,0.015512,1323684.1
2026-03-26 21:30:00,1774560600000,0.015512,0.015552,0.015484,0.015547,689328.3
2026-03-26 21:45:00,1774561500000,0.015547,0.015557,0.015521,0.015524,743977.2
2026-03-26 22:00:00,1774562400000,0.015524,0.015557,0.015516,0.015542,919662.5
2026-03-26 22:15:00,1774563300000,0.015542,0.015545,0.015448,0.015499,999303.9
2026-03-26 22:30:00,1774564200000,0.015499,0.015543,0.015494,0.01552,976286.4
2026-03-26 22:45:00,1774565100000,0.01552,0.015525,0.015498,0.015524,287844.9
2026-03-26 23:00:00,1774566000000,0.015524,0.015557,0.015523,0.015525,965889.1
2026-03-26 23:15:00,1774566900000,0.015525,0.015539,0.015461,0.015478,1204738.4
2026-03-26 23:30:00,1774567800000,0.015478,0.015501,0.015454,0.015501,1103703.7
2026-03-26 23:45:00,1774568700000,0.015501,0.015541,0.015497,0.015529,275508.4
2026-03-27 00:00:00,1774569600000,0.015529,0.01564,0.01551,0.015626,3936991.5
2026-03-27 00:15:00,1774570500000,0.015626,0.015629,0.01555,0.015599,1031295.7
2026-03-27 00:30:00,1774571400000,0.015599,0.015638,0.015576,0.015591,712437.7
2026-03-27 00:45:00,1774572300000,0.015591,0.015643,0.015573,0.015637,435885.9
2026-03-27 01:00:00,1774573200000,0.015637,0.015666,0.0156,0.015637,570665.3
2026-03-27 01:15:00,1774574100000,0.015637,0.015656,0.015618,0.015634,403261.3
2026-03-27 01:30:00,1774575000000,0.015634,0.015661,0.015631,0.015656,257247.7
2026-03-27 01:45:00,1774575900000,0.015656,0.015693,0.01564,0.01569,1315071.2
2026-03-27 02:00:00,1774576800000,0.01569,0.015729,0.01569,0.015712,377938.4
2026-03-27 02:15:00,1774577700000,0.015712,0.015712,0.01564,0.015666,620133.0
2026-03-27 02:30:00,1774578600000,0.015666,0.015734,0.015637,0.015637,556822.5
2026-03-27 02:45:00,1774579500000,0.015637,0.015657,0.015624,0.015633,755635.3
2026-03-27 03:00:00,1774580400000,0.015633,0.015643,0.015554,0.01557,1417885.3
2026-03-27 03:15:00,1774581300000,0.01557,0.015594,0.015542,0.015562,477828.8
2026-03-27 03:30:00,1774582200000,0.015562,0.015566,0.015483,0.015483,2150505.6
2026-03-27 03:45:00,1774583100000,0.015483,0.015488,0.015461,0.015476,1214586.2
2026-03-27 04:00:00,1774584000000,0.015476,0.015511,0.015333,0.015397,2887187.4
2026-03-27 04:15:00,1774584900000,0.015397,0.015501,0.015387,0.015482,1569362.5
2026-03-27 04:30:00,1774585800000,0.015482,0.015482,0.015432,0.015435,509537.9
2026-03-27 04:45:00,1774586700000,0.015435,0.015462,0.015428,0.015447,986382.6
2026-03-27 05:00:00,1774587600000,0.015447,0.015542,0.015426,0.015535,1037902.7
2026-03-27 05:15:00,1774588500000,0.015535,0.015551,0.015437,0.015444,1634233.0
2026-03-27 05:30:00,1774589400000,0.015444,0.015501,0.01542,0.015484,328892.3
2026-03-27 05:45:00,1774590300000,0.015484,0.015488,0.015445,0.015468,447613.1
2026-03-27 06:00:00,1774591200000,0.015468,0.015513,0.015449,0.015458,2622980.9
2026-03-27 06:15:00,1774592100000,0.015458,0.015499,0.015458,0.015475,507819.9
2026-03-27 06:30:00,1774593000000,0.015475,0.015534,0.015471,0.015534,809381.0
2026-03-27 06:45:00,1774593900000,0.015534,0.01554,0.015503,0.015514,1072148.4
2026-03-27 07:00:00,1774594800000,0.015514,0.015538,0.015461,0.015519,1014680.2
2026-03-27 07:15:00,1774595700000,0.015519,0.015549,0.015482,0.015521,1815986.8
2026-03-27 07:30:00,1774596600000,0.015521,0.015528,0.015439,0.015449,799216.5
2026-03-27 07:45:00,1774597500000,0.015449,0.015498,0.015447,0.015465,829506.3
2026-03-27 08:00:00,1774598400000,0.015465,0.015507,0.015421,0.015425,711841.3
2026-03-27 08:15:00,1774599300000,0.015425,0.015497,0.015378,0.015464,6581855.5
2026-03-27 08:30:00,1774600200000,0.015464,0.015555,0.015382,0.015443,6140423.3
2026-03-27 08:45:00,1774601100000,0.015443,0.015639,0.015432,0.015566,4025097.4
2026-03-27 09:00:00,1774602000000,0.015566,0.015586,0.01539,0.01545,2573700.6
2026-03-27 09:15:00,1774602900000,0.01545,0.015552,0.015448,0.015542,520750.7
2026-03-27 09:30:00,1774603800000,0.015542,0.01555,0.015481,0.015522,850782.6
2026-03-27 09:45:00,1774604700000,0.015522,0.015619,0.01552,0.015572,2143975.7
2026-03-27 10:00:00,1774605600000,0.015572,0.015611,0.015542,0.015591,986262.7
2026-03-27 10:15:00,1774606500000,0.015591,0.015718,0.015573,0.015698,1266282.8
2026-03-27 10:30:00,1774607400000,0.015698,0.015778,0.01539,0.015399,12831282.7
2026-03-27 10:45:00,1774608300000,0.015399,0.015406,0.015128,0.015195,20741994.9
2026-03-27 11:00:00,1774609200000,0.015195,0.015235,0.015131,0.01517,5127787.7
2026-03-27 11:15:00,1774610100000,0.01517,0.015245,0.015166,0.015214,1634340.5
2026-03-27 11:30:00,1774611000000,0.015214,0.015247,0.015196,0.015227,1526716.7
2026-03-27 11:45:00,1774611900000,0.015227,0.015267,0.015206,0.015235,753732.4
2026-03-27 12:00:00,1774612800000,0.015235,0.015235,0.015113,0.015158,3474077.0
2026-03-27 12:15:00,1774613700000,0.015158,0.015187,0.015126,0.015153,956449.5
2026-03-27 12:30:00,1774614600000,0.015153,0.015173,0.015087,0.015156,2972706.1
2026-03-27 12:45:00,1774615500000,0.015156,0.015215,0.015124,0.015193,1442289.7
2026-03-27 13:00:00,1774616400000,0.015193,0.015231,0.015143,0.015145,786378.9
2026-03-27 13:15:00,1774617300000,0.015145,0.015236,0.015122,0.015217,731418.7
2026-03-27 13:30:00,1774618200000,0.015217,0.015217,0.015012,0.015155,9306368.1
2026-03-27 13:45:00,1774619100000,0.015155,0.015173,0.015028,0.015077,2700497.7
2026-03-27 14:00:00,1774620000000,0.015077,0.015186,0.015055,0.01518,1384611.5
2026-03-27 14:15:00,1774620900000,0.01518,0.01518,0.015014,0.015041,1542135.0
2026-03-27 14:30:00,1774621800000,0.015041,0.01522,0.015041,0.015206,2026500.2
2026-03-27 14:45:00,1774622700000,0.015206,0.01525,0.01516,0.015183,1810769.7
2026-03-27 15:00:00,1774623600000,0.015183,0.015288,0.015179,0.015271,1785686.1
2026-03-27 15:15:00,1774624500000,0.015271,0.015343,0.015178,0.015267,2994168.5
2026-03-27 15:30:00,1774625400000,0.015267,0.015323,0.015218,0.015228,1013477.1
2026-03-27 15:45:00,1774626300000,0.015228,0.015251,0.0151,0.015101,1268284.5
2026-03-27 16:00:00,1774627200000,0.015101,0.015157,0.01508,0.01515,1205854.4
2026-03-27 16:15:00,1774628100000,0.01515,0.015156,0.015096,0.015131,732327.1
2026-03-27 16:30:00,1774629000000,0.015131,0.015146,0.015049,0.015111,1037935.5
2026-03-27 16:45:00,1774629900000,0.015111,0.01515,0.015087,0.015094,619861.3
2026-03-27 17:00:00,1774630800000,0.015094,0.015211,0.015076,0.01515,2680069.6
2026-03-27 17:15:00,1774631700000,0.01515,0.01516,0.015028,0.015029,1366191.3
2026-03-27 17:30:00,1774632600000,0.015029,0.015069,0.014992,0.015004,1723951.7
2026-03-27 17:45:00,1774633500000,0.015004,0.015016,0.014942,0.014994,2723594.7
2026-03-27 18:00:00,1774634400000,0.014994,0.015025,0.014972,0.014993,570776.7
2026-03-27 18:15:00,1774635300000,0.014993,0.015061,0.014968,0.01502,698466.2
2026-03-27 18:30:00,1774636200000,0.01502,0.015029,0.014972,0.015001,1056323.8
2026-03-27 18:45:00,1774637100000,0.015001,0.015031,0.014973,0.015013,1596940.1
2026-03-27 19:00:00,1774638000000,0.015013,0.01502,0.014967,0.015011,863781.1
2026-03-27 19:15:00,1774638900000,0.015011,0.015117,0.014989,0.015091,1974825.9
2026-03-27 19:30:00,1774639800000,0.015091,0.015136,0.015082,0.015102,854999.0
2026-03-27 19:45:00,1774640700000,0.015102,0.015122,0.015072,0.015111,827930.0
2026-03-27 20:00:00,1774641600000,0.015111,0.01515,0.015094,0.015095,1162442.0
2026-03-27 20:15:00,1774642500000,0.015095,0.015123,0.015029,0.015041,1528760.5
2026-03-27 20:30:00,1774643400000,0.015041,0.015089,0.015026,0.015065,1095992.4
2026-03-27 20:45:00,1774644300000,0.015065,0.015103,0.015058,0.015069,232044.3
2026-03-27 21:00:00,1774645200000,0.015069,0.015129,0.015063,0.015118,948095.5
2026-03-27 21:15:00,1774646100000,0.015118,0.015167,0.015094,0.015161,2037943.3
2026-03-27 21:30:00,1774647000000,0.015161,0.015161,0.015124,0.015135,243895.0
2026-03-27 21:45:00,1774647900000,0.015135,0.015137,0.015044,0.015057,376740.3
2026-03-27 22:00:00,1774648800000,0.015057,0.015095,0.015051,0.015083,687604.8
2026-03-27 22:15:00,1774649700000,0.015083,0.015085,0.015033,0.015047,766721.3
2026-03-27 22:30:00,1774650600000,0.015047,0.015064,0.015024,0.015058,787130.8
2026-03-27 22:45:00,1774651500000,0.015058,0.015082,0.015037,0.015037,538850.1
2026-03-27 23:00:00,1774652400000,0.015037,0.015038,0.015007,0.015038,393428.4
2026-03-27 23:15:00,1774653300000,0.015038,0.015038,0.015005,0.015033,293582.8
2026-03-27 23:30:00,1774654200000,0.015033,0.015054,0.015027,0.015054,243831.4
2026-03-27 23:45:00,1774655100000,0.015054,0.015071,0.015021,0.015043,819458.7
2026-03-28 00:00:00,1774656000000,0.015043,0.015058,0.014992,0.014994,1363972.7
2026-03-28 00:15:00,1774656900000,0.014994,0.015013,0.014934,0.014959,1623509.2
2026-03-28 00:30:00,1774657800000,0.014959,0.014986,0.014901,0.014934,2006200.5
2026-03-28 00:45:00,1774658700000,0.014934,0.014946,0.014908,0.014925,1012833.9
2026-03-28 01:00:00,1774659600000,0.014925,0.014936,0.014826,0.014845,2546713.1
2026-03-28 01:15:00,1774660500000,0.014845,0.014861,0.01479,0.014799,740726.4
2026-03-28 01:30:00,1774661400000,0.014799,0.0148,0.014698,0.014747,3614196.3
2026-03-28 01:45:00,1774662300000,0.014747,0.014834,0.014747,0.014831,1320057.2
2026-03-28 02:00:00,1774663200000,0.014831,0.014918,0.014831,0.014851,1777008.9
2026-03-28 02:15:00,1774664100000,0.014851,0.014852,0.014814,0.014837,328016.8
2026-03-28 02:30:00,1774665000000,0.014837,0.014843,0.014783,0.014832,590111.6
2026-03-28 02:45:00,1774665900000,0.014832,0.014871,0.01483,0.014859,1277252.3
2026-03-28 03:00:00,1774666800000,0.014859,0.014878,0.014832,0.014843,1118900.9
2026-03-28 03:15:00,1774667700000,0.014843,0.014853,0.014828,0.01485,265848.5
2026-03-28 03:30:00,1774668600000,0.01485,0.014855,0.014829,0.014852,169377.3
2026-03-28 03:45:00,1774669500000,0.014852,0.014865,0.014818,0.014861,547604.7
2026-03-28 04:00:00,1774670400000,0.014861,0.014869,0.014813,0.01484,1419696.9
2026-03-28 04:15:00,1774671300000,0.01484,0.01487,0.014812,0.014857,593955.5
2026-03-28 04:30:00,1774672200000,0.014857,0.014858,0.014826,0.014843,133171.5
2026-03-28 04:45:00,1774673100000,0.014843,0.014865,0.014815,0.014824,679729.3
2026-03-28 05:00:00,1774674000000,0.014824,0.014849,0.014798,0.014839,1577683.9
2026-03-28 05:15:00,1774674900000,0.014839,0.014911,0.014839,0.014907,965598.6
2026-03-28 05:30:00,1774675800000,0.014907,0.014909,0.014875,0.01489,479019.5
2026-03-28 05:45:00,1774676700000,0.01489,0.01491,0.014885,0.014897,261330.5
2026-03-28 06:00:00,1774677600000,0.014897,0.014909,0.014865,0.014907,1122875.1
2026-03-28 06:15:00,1774678500000,0.014907,0.014981,0.014907,0.014948,900315.1
2026-03-28 06:30:00,1774679400000,0.014948,0.014948,0.014898,0.014901,551582.0
2026-03-28 06:45:00,1774680300000,0.014901,0.014965,0.014893,0.014955,814581.3
2026-03-28 07:00:00,1774681200000,0.014955,0.015046,0.014954,0.015046,808506.7
2026-03-28 07:15:00,1774682100000,0.015046,0.015069,0.01503,0.015055,748559.5
2026-03-28 07:30:00,1774683000000,0.015055,0.01508,0.015048,0.015063,1304513.0
2026-03-28 07:45:00,1774683900000,0.015063,0.015085,0.01506,0.015076,465465.3
2026-03-28 08:00:00,1774684800000,0.015076,0.015105,0.015061,0.01507,922847.7
2026-03-28 08:15:00,1774685700000,0.01507,0.015085,0.015045,0.015055,952881.2
2026-03-28 08:30:00,1774686600000,0.015055,0.015055,0.015008,0.015015,2404003.8
2026-03-28 08:45:00,1774687500000,0.015015,0.015035,0.014992,0.015014,208880.6
2026-03-28 09:00:00,1774688400000,0.015014,0.015015,0.01499,0.01499,497231.5
2026-03-28 09:15:00,1774689300000,0.01499,0.015005,0.014962,0.014963,652073.3
2026-03-28 09:30:00,1774690200000,0.014963,0.014965,0.014935,0.014953,252180.6
2026-03-28 09:45:00,1774691100000,0.014953,0.014978,0.014934,0.014968,246559.3
2026-03-28 10:00:00,1774692000000,0.014968,0.015078,0.01496,0.015042,6002752.4
2026-03-28 10:15:00,1774692900000,0.015042,0.015044,0.01496,0.014985,2116061.2
2026-03-28 10:30:00,1774693800000,0.014985,0.015042,0.01497,0.015017,4274210.3
2026-03-28 10:45:00,1774694700000,0.015017,0.015054,0.015012,0.015054,601491.6
2026-03-28 11:00:00,1774695600000,0.015054,0.015054,0.015003,0.015038,938408.7
2026-03-28 11:15:00,1774696500000,0.015038,0.015039,0.015015,0.015036,123718.9
2026-03-28 11:30:00,1774697400000,0.015036,0.015108,0.015036,0.015077,879247.3
2026-03-28 11:45:00,1774698300000,0.015077,0.015107,0.015075,0.015093,595940.0
2026-03-28 12:00:00,1774699200000,0.015093,0.015093,0.015045,0.015076,1185033.6
2026-03-28 12:15:00,1774700100000,0.015076,0.015123,0.015075,0.01509,1408732.9
2026-03-28 12:30:00,1774701000000,0.01509,0.015094,0.014978,0.01503,7154768.2
2026-03-28 12:45:00,1774701900000,0.01503,0.015047,0.015014,0.015014,2834352.7
2026-03-28 13:00:00,1774702800000,0.015014,0.01508,0.015013,0.01505,3698306.8
2026-03-28 13:15:00,1774703700000,0.01505,0.015064,0.015033,0.015061,1885805.1
2026-03-28 13:30:00,1774704600000,0.015061,0.015308,0.015057,0.015212,24661302.7
2026-03-28 13:45:00,1774705500000,0.015212,0.015239,0.015162,0.015191,1769081.7
2026-03-28 14:00:00,1774706400000,0.015191,0.015198,0.015148,0.015148,547060.2
2026-03-28 14:15:00,1774707300000,0.015148,0.015154,0.015119,0.015131,475868.8
2026-03-28 14:30:00,1774708200000,0.015131,0.015194,0.015118,0.015182,590332.5
2026-03-28 14:45:00,1774709100000,0.015182,0.015195,0.01508,0.015097,956524.0
2026-03-28 15:00:00,1774710000000,0.015097,0.015115,0.015086,0.015105,390397.1
2026-03-28 15:15:00,1774710900000,0.015105,0.015258,0.015094,0.015115,12267512.3
2026-03-28 15:30:00,1774711800000,0.015115,0.015158,0.015106,0.015139,1353961.6
2026-03-28 15:45:00,1774712700000,0.015139,0.015147,0.015087,0.015098,2873102.9
2026-03-28 16:00:00,1774713600000,0.015098,0.015146,0.015098,0.015138,1381114.7
2026-03-28 16:15:00,1774714500000,0.015138,0.015182,0.015138,0.015148,2789124.8
2026-03-28 16:30:00,1774715400000,0.015148,0.015156,0.015114,0.015122,2560996.3
2026-03-28 16:45:00,1774716300000,0.015122,0.015187,0.015095,0.015183,3249791.5
2026-03-28 17:00:00,1774717200000,0.015183,0.015185,0.015152,0.015158,1196135.1
2026-03-28 17:15:00,1774718100000,0.015158,0.015158,0.015123,0.015132,478699.5
2026-03-28 17:30:00,1774719000000,0.015132,0.015157,0.015079,0.015136,793749.7
2026-03-28 17:45:00,1774719900000,0.015136,0.015161,0.015118,0.015142,538830.9
2026-03-28 18:00:00,1774720800000,0.015142,0.015167,0.015135,0.015154,332610.4
2026-03-28 18:15:00,1774721700000,0.015154,0.015162,0.015121,0.015121,152799.7
2026-03-28 18:30:00,1774722600000,0.015121,0.015155,0.0151,0.015147,1804409.9
2026-03-28 18:45:00,1774723500000,0.015147,0.015159,0.015137,0.015137,199234.9
2026-03-28 19:00:00,1774724400000,0.015137,0.015174,0.015107,0.015123,512282.3
2026-03-28 19:15:00,1774725300000,0.015123,0.015134,0.01511,0.015133,122760.5
2026-03-28 19:30:00,1774726200000,0.015133,0.015147,0.015124,0.015132,189656.9
2026-03-28 19:45:00,1774727100000,0.015132,0.015155,0.015128,0.015155,83353.4
2026-03-28 20:00:00,1774728000000,0.015155,0.015165,0.015128,0.015141,535856.6
2026-03-28 20:15:00,1774728900000,0.015141,0.015141,0.015097,0.0151,885808.5
2026-03-28 20:30:00,1774729800000,0.0151,0.015106,0.015037,0.015037,646046.1
2026-03-28 20:45:00,1774730700000,0.015037,0.015057,0.015037,0.015047,150097.8
2026-03-28 21:00:00,1774731600000,0.015047,0.015047,0.014978,0.015002,679484.7
2026-03-28 21:15:00,1774732500000,0.015002,0.015033,0.014981,0.015033,156961.9
2026-03-28 21:30:00,1774733400000,0.015033,0.015039,0.015,0.015032,267577.6
2026-03-28 21:45:00,1774734300000,0.015032,0.015036,0.014915,0.01495,1575196.5
2026-03-28 22:00:00,1774735200000,0.01495,0.01495,0.014907,0.014907,697835.7
2026-03-28 22:15:00,1774736100000,0.014907,0.014953,0.014903,0.014937,519974.7
2026-03-28 22:30:00,1774737000000,0.014937,0.014942,0.014888,0.014897,1409794.9
2026-03-28 22:45:00,1774737900000,0.014897,0.014939,0.014893,0.014928,839810.3
2026-03-28 23:00:00,1774738800000,0.014928,0.014943,0.014774,0.014819,1993453.8
2026-03-28 23:15:00,1774739700000,0.014819,0.014857,0.014764,0.014849,1258779.2
2026-03-28 23:30:00,1774740600000,0.014849,0.014907,0.014811,0.014811,1106382.1
2026-03-28 23:45:00,1774741500000,0.014811,0.014827,0.014777,0.014797,625427.4
2026-03-29 00:00:00,1774742400000,0.014797,0.014798,0.014729,0.014748,1131125.0
2026-03-29 00:15:00,1774743300000,0.014748,0.014787,0.014697,0.014784,1030560.4
2026-03-29 00:30:00,1774744200000,0.014784,0.014816,0.01474,0.014769,1564552.6
2026-03-29 00:45:00,1774745100000,0.014769,0.014799,0.014745,0.014788,1114425.1
2026-03-29 01:00:00,1774746000000,0.014788,0.014865,0.014788,0.014838,1085524.5
2026-03-29 01:15:00,1774746900000,0.014838,0.014854,0.014823,0.014837,249002.7
2026-03-29 01:30:00,1774747800000,0.014837,0.014839,0.0148,0.014823,355554.7
2026-03-29 01:45:00,1774748700000,0.014823,0.014849,0.014793,0.014823,356658.9
2026-03-29 02:00:00,1774749600000,0.014823,0.014844,0.01482,0.014833,434121.7
2026-03-29 02:15:00,1774750500000,0.014833,0.014862,0.014822,0.014841,317798.5
2026-03-29 02:30:00,1774751400000,0.014841,0.014906,0.014823,0.014905,958868.8
2026-03-29 02:45:00,1774752300000,0.014905,0.014986,0.014894,0.014929,6238052.2
2026-03-29 03:00:00,1774753200000,0.014929,0.014953,0.014929,0.01494,430372.3
2026-03-29 03:15:00,1774754100000,0.01494,0.015031,0.014933,0.014995,1540372.5
2026-03-29 03:30:00,1774755000000,0.014995,0.015001,0.014949,0.014956,553143.5
2026-03-29 03:45:00,1774755900000,0.014956,0.014988,0.014955,0.014967,656533.9
2026-03-29 04:00:00,1774756800000,0.014967,0.014984,0.014947,0.014972,793609.4
2026-03-29 04:15:00,1774757700000,0.014972,0.014973,0.014927,0.014929,767672.6
2026-03-29 04:30:00,1774758600000,0.014929,0.014937,0.014894,0.014908,1339128.0
2026-03-29 04:45:00,1774759500000,0.014908,0.014942,0.0149,0.01493,817340.1
2026-03-29 05:00:00,1774760400000,0.01493,0.01493,0.014879,0.014903,1285380.4
2026-03-29 05:15:00,1774761300000,0.014903,0.014908,0.014858,0.014875,1107451.9
2026-03-29 05:30:00,1774762200000,0.014875,0.014876,0.014857,0.01486,239329.8
2026-03-29 05:45:00,1774763100000,0.01486,0.014905,0.014838,0.014857,2511904.3
2026-03-29 06:00:00,1774764000000,0.014857,0.014975,0.014856,0.014961,2142426.1
2026-03-29 06:15:00,1774764900000,0.014961,0.014999,0.014947,0.01496,810400.3
2026-03-29 06:30:00,1774765800000,0.01496,0.014999,0.014951,0.014972,2712740.3
2026-03-29 06:45:00,1774766700000,0.014972,0.015001,0.014963,0.014963,847446.5
2026-03-29 07:00:00,1774767600000,0.014963,0.014973,0.014924,0.014971,245334.3
2026-03-29 07:15:00,1774768500000,0.014971,0.01499,0.01496,0.014983,350813.5
2026-03-29 07:30:00,1774769400000,0.014983,0.014994,0.01491,0.014927,348891.2
2026-03-29 07:45:00,1774770300000,0.014927,0.014952,0.014883,0.014889,429469.9
2026-03-29 08:00:00,1774771200000,0.014889,0.014907,0.014847,0.014863,688083.9
2026-03-29 08:15:00,1774772100000,0.014863,0.014887,0.014847,0.014884,306390.0
2026-03-29 08:30:00,1774773000000,0.014884,0.014901,0.014865,0.014866,704348.4
2026-03-29 08:45:00,1774773900000,0.014866,0.01487,0.014854,0.014866,445024.8
2026-03-29 09:00:00,1774774800000,0.014866,0.014873,0.014818,0.014848,835832.1
2026-03-29 09:15:00,1774775700000,0.014848,0.014849,0.014817,0.014828,453608.4
2026-03-29 09:30:00,1774776600000,0.014828,0.014867,0.014821,0.01486,1397274.6
2026-03-29 09:45:00,1774777500000,0.01486,0.014872,0.01485,0.014854,319053.1
2026-03-29 10:00:00,1774778400000,0.014854,0.014856,0.014731,0.014741,884525.4
2026-03-29 10:15:00,1774779300000,0.014741,0.014742,0.014664,0.014678,2511598.5
2026-03-29 10:30:00,1774780200000,0.014678,0.014714,0.014625,0.014695,5859700.1
2026-03-29 10:45:00,1774781100000,0.014695,0.014733,0.014686,0.014711,511227.6
2026-03-29 11:00:00,1774782000000,0.014711,0.014796,0.014708,0.01474,1568284.2
2026-03-29 11:15:00,1774782900000,0.01474,0.014761,0.014706,0.014721,1724537.4
2026-03-29 11:30:00,1774783800000,0.014721,0.014752,0.014708,0.014725,1093364.8
2026-03-29 11:45:00,1774784700000,0.014725,0.014731,0.014676,0.014689,497117.5
2026-03-29 12:00:00,1774785600000,0.014689,0.014698,0.014629,0.014632,1849640.2
2026-03-29 12:15:00,1774786500000,0.014632,0.014648,0.014608,0.014612,2394351.3
2026-03-29 12:30:00,1774787400000,0.014612,0.014624,0.014496,0.014504,6010839.6
2026-03-29 12:45:00,1774788300000,0.014504,0.014633,0.014475,0.014614,3587373.2
2026-03-29 13:00:00,1774789200000,0.014614,0.01462,0.014527,0.01457,3224312.6
2026-03-29 13:15:00,1774790100000,0.01457,0.014653,0.014565,0.014633,4139983.0
2026-03-29 13:30:00,1774791000000,0.014633,0.014682,0.014624,0.014631,1457262.0
2026-03-29 13:45:00,1774791900000,0.014631,0.01464,0.014584,0.014614,1869851.9
2026-03-29 14:00:00,1774792800000,0.014614,0.014707,0.0146,0.014654,2750481.0
2026-03-29 14:15:00,1774793700000,0.014654,0.014675,0.014611,0.014626,3126720.2
2026-03-29 14:30:00,1774794600000,0.014626,0.014661,0.01461,0.01462,1136753.8
2026-03-29 14:45:00,1774795500000,0.01462,0.01462,0.014572,0.014601,2100055.5
2026-03-29 15:00:00,1774796400000,0.014601,0.014652,0.014572,0.014598,1789081.0
2026-03-29 15:15:00,1774797300000,0.014598,0.014635,0.014536,0.01456,1517195.2
2026-03-29 15:30:00,1774798200000,0.01456,0.014573,0.014536,0.014539,855634.0
2026-03-29 15:45:00,1774799100000,0.014539,0.014581,0.014532,0.014581,303253.5
2026-03-29 16:00:00,1774800000000,0.014581,0.014581,0.014536,0.014543,478407.2
2026-03-29 16:15:00,1774800900000,0.014543,0.014612,0.014533,0.014584,3629344.3
2026-03-29 16:30:00,1774801800000,0.014584,0.014584,0.014516,0.014523,870231.4
2026-03-29 16:45:00,1774802700000,0.014523,0.014544,0.014507,0.014538,811823.9
2026-03-29 17:00:00,1774803600000,0.014538,0.014623,0.014538,0.014576,960570.1
2026-03-29 17:15:00,1774804500000,0.014576,0.014588,0.014525,0.014585,1337317.0
2026-03-29 17:30:00,1774805400000,0.014585,0.014644,0.01457,0.014636,1454021.3
2026-03-29 17:45:00,1774806300000,0.014636,0.014641,0.014613,0.014624,910570.6
2026-03-29 18:00:00,1774807200000,0.014624,0.014627,0.014587,0.014618,556481.6
2026-03-29 18:15:00,1774808100000,0.014618,0.014636,0.014588,0.014615,362807.9
2026-03-29 18:30:00,1774809000000,0.014615,0.014664,0.014614,0.014654,700874.3
2026-03-29 18:45:00,1774809900000,0.014654,0.014654,0.014607,0.014607,526640.6
2026-03-29 19:00:00,1774810800000,0.014607,0.014617,0.014589,0.01461,576542.2
2026-03-29 19:15:00,1774811700000,0.01461,0.014633,0.0146,0.0146,498383.9
2026-03-29 19:30:00,1774812600000,0.0146,0.01462,0.014589,0.014617,320721.6
2026-03-29 19:45:00,1774813500000,0.014617,0.014641,0.014615,0.014636,317040.0
2026-03-29 20:00:00,1774814400000,0.014636,0.014678,0.01463,0.014647,1065206.5
2026-03-29 20:15:00,1774815300000,0.014647,0.01472,0.014641,0.014691,859507.3
2026-03-29 20:30:00,1774816200000,0.014691,0.014705,0.014633,0.014639,617339.8
2026-03-29 20:45:00,1774817100000,0.014639,0.014704,0.014639,0.01469,1769947.4
2026-03-29 21:00:00,1774818000000,0.01469,0.014705,0.014655,0.014672,1673573.8
2026-03-29 21:15:00,1774818900000,0.014672,0.014672,0.014656,0.014671,37527.3
2026-03-29 21:30:00,1774819800000,0.014671,0.014697,0.014667,0.014694,1048533.7
2026-03-29 21:45:00,1774820700000,0.014694,0.014727,0.014683,0.014726,2345607.3
2026-03-29 22:00:00,1774821600000,0.014726,0.014726,0.014613,0.014633,3241674.2
2026-03-29 22:15:00,1774822500000,0.014633,0.014719,0.014633,0.014716,1813795.8
2026-03-29 22:30:00,1774823400000,0.014716,0.014813,0.014616,0.014637,8307049.7
2026-03-29 22:45:00,1774824300000,0.014637,0.014665,0.014345,0.014576,16096670.1
2026-03-29 23:00:00,1774825200000,0.014576,0.014673,0.01457,0.014649,2311840.2
2026-03-29 23:15:00,1774826100000,0.014649,0.014665,0.014584,0.014584,2481994.9
2026-03-29 23:30:00,1774827000000,0.014584,0.014623,0.014578,0.014623,1348973.1
2026-03-29 23:45:00,1774827900000,0.014623,0.014674,0.014618,0.01466,1843557.9
2026-03-30 00:00:00,1774828800000,0.01466,0.014732,0.014654,0.014721,1787122.4
2026-03-30 00:15:00,1774829700000,0.014721,0.014983,0.01471,0.014983,6063020.1
2026-03-30 00:30:00,1774830600000,0.014983,0.015087,0.014836,0.014855,2905818.7
2026-03-30 00:45:00,1774831500000,0.014855,0.014925,0.014843,0.014876,3082867.4
2026-03-30 01:00:00,1774832400000,0.014876,0.015013,0.014873,0.014946,1631292.3
2026-03-30 01:15:00,1774833300000,0.014946,0.015049,0.014924,0.015029,1146894.1
2026-03-30 01:30:00,1774834200000,0.015029,0.015051,0.01494,0.014977,1086307.9
2026-03-30 01:45:00,1774835100000,0.014977,0.015023,0.014977,0.015005,491217.0
2026-03-30 02:00:00,1774836000000,0.015005,0.015054,0.014962,0.015014,520817.0
2026-03-30 02:15:00,1774836900000,0.015014,0.01503,0.014985,0.015002,512153.2
2026-03-30 02:30:00,1774837800000,0.015002,0.015039,0.014939,0.015039,2093046.1
2026-03-30 02:45:00,1774838700000,0.015039,0.015107,0.015003,0.015028,2579928.0
2026-03-30 03:00:00,1774839600000,0.015028,0.015038,0.014993,0.014995,324585.9
2026-03-30 03:15:00,1774840500000,0.014995,0.015016,0.014966,0.015016,1300421.8
2026-03-30 03:30:00,1774841400000,0.015016,0.01502,0.014992,0.015006,314012.9
2026-03-30 03:45:00,1774842300000,0.015006,0.015048,0.014998,0.015034,137536.7
2026-03-30 04:00:00,1774843200000,0.015034,0.015149,0.015034,0.015149,2836579.8
2026-03-30 04:15:00,1774844100000,0.015149,0.015249,0.015149,0.01523,785105.4
2026-03-30 04:30:00,1774845000000,0.01523,0.015304,0.01523,0.015261,2070008.5
2026-03-30 04:45:00,1774845900000,0.015261,0.015274,0.015229,0.015264,434949.3
2026-03-30 05:00:00,1774846800000,0.015264,0.015294,0.015194,0.015194,1578801.8
2026-03-30 05:15:00,1774847700000,0.015194,0.015208,0.015157,0.015163,2978394.7
2026-03-30 05:30:00,1774848600000,0.015163,0.015175,0.015096,0.015118,1518151.9
2026-03-30 05:45:00,1774849500000,0.015118,0.015157,0.015104,0.015114,1343077.8
2026-03-30 06:00:00,1774850400000,0.015114,0.015155,0.015109,0.015131,1043388.5
2026-03-30 06:15:00,1774851300000,0.015131,0.015148,0.015114,0.015146,474610.2
2026-03-30 06:30:00,1774852200000,0.015146,0.01521,0.015141,0.01521,643385.2
2026-03-30 06:45:00,1774853100000,0.01521,0.015264,0.01521,0.015233,1172535.8
2026-03-30 07:00:00,1774854000000,0.015233,0.015354,0.015233,0.015334,3018940.1
2026-03-30 07:15:00,1774854900000,0.015334,0.015344,0.015274,0.015293,709006.0
2026-03-30 07:30:00,1774855800000,0.015293,0.015325,0.015242,0.015262,921326.5
2026-03-30 07:45:00,1774856700000,0.015262,0.015349,0.015242,0.015341,1267420.4
2026-03-30 08:00:00,1774857600000,0.015341,0.015398,0.015326,0.015347,2219535.0
2026-03-30 08:15:00,1774858500000,0.015347,0.015365,0.015315,0.015332,1379637.8
2026-03-30 08:30:00,1774859400000,0.015332,0.01536,0.015304,0.015314,864110.5
2026-03-30 08:45:00,1774860300000,0.015314,0.01534,0.015297,0.015297,496206.9
2026-03-30 09:00:00,1774861200000,0.015297,0.015323,0.015278,0.015283,685622.2
2026-03-30 09:15:00,1774862100000,0.015283,0.0153,0.015196,0.015216,1478140.8
2026-03-30 09:30:00,1774863000000,0.015216,0.015216,0.01516,0.015199,1003121.5
2026-03-30 09:45:00,1774863900000,0.015199,0.0152,0.015163,0.015179,266183.3
2026-03-30 10:00:00,1774864800000,0.015179,0.0152,0.015159,0.015194,334914.0
2026-03-30 10:15:00,1774865700000,0.015194,0.015224,0.015186,0.015192,386268.5
2026-03-30 10:30:00,1774866600000,0.015192,0.015224,0.015184,0.015224,551995.4
2026-03-30 10:45:00,1774867500000,0.015224,0.015394,0.015224,0.015337,2458821.4
2026-03-30 11:00:00,1774868400000,0.015337,0.015357,0.015316,0.015336,1220346.8
2026-03-30 11:15:00,1774869300000,0.015336,0.01543,0.01526,0.015288,6497355.8
2026-03-30 11:30:00,1774870200000,0.015288,0.015385,0.015284,0.015385,985409.6
2026-03-30 11:45:00,1774871100000,0.015385,0.015387,0.015321,0.015333,457756.6
2026-03-30 12:00:00,1774872000000,0.015333,0.015354,0.01528,0.01528,1020614.6
2026-03-30 12:15:00,1774872900000,0.01528,0.015305,0.015256,0.015278,528723.2
2026-03-30 12:30:00,1774873800000,0.015278,0.015338,0.015278,0.015312,687322.1
2026-03-30 12:45:00,1774874700000,0.015312,0.015374,0.015305,0.015359,1491169.2
2026-03-30 13:00:00,1774875600000,0.015359,0.015387,0.01534,0.015375,1409958.8
2026-03-30 13:15:00,1774876500000,0.015375,0.015392,0.015329,0.015353,681200.1
2026-03-30 13:30:00,1774877400000,0.015353,0.015374,0.015294,0.015308,923327.5
2026-03-30 13:45:00,1774878300000,0.015308,0.015326,0.015237,0.015251,919525.2
2026-03-30 14:00:00,1774879200000,0.015251,0.01532,0.015241,0.015277,1810363.8
2026-03-30 14:15:00,1774880100000,0.015277,0.015278,0.015133,0.01514,1367112.6
2026-03-30 14:30:00,1774881000000,0.01514,0.015162,0.015033,0.015078,4316254.6
2026-03-30 14:45:00,1774881900000,0.015078,0.015117,0.015018,0.015103,2478923.9
2026-03-30 15:00:00,1774882800000,0.015103,0.015127,0.01495,0.01495,2597474.5
2026-03-30 15:15:00,1774883700000,0.01495,0.014976,0.0149,0.014974,3091163.8
2026-03-30 15:30:00,1774884600000,0.014974,0.015079,0.014935,0.014939,5108762.6
2026-03-30 15:45:00,1774885500000,0.014939,0.014973,0.014935,0.014963,2821063.7
2026-03-30 16:00:00,1774886400000,0.014963,0.014988,0.01491,0.014913,2909311.1
2026-03-30 16:15:00,1774887300000,0.014913,0.014968,0.014913,0.014944,1245387.5
2026-03-30 16:30:00,1774888200000,0.014944,0.014985,0.014928,0.014938,2189823.9
2026-03-30 16:45:00,1774889100000,0.014938,0.014985,0.014912,0.014984,968937.0
2026-03-30 17:00:00,1774890000000,0.014984,0.015021,0.014916,0.014934,1878425.8
2026-03-30 17:15:00,1774890900000,0.014934,0.014949,0.014814,0.01485,2255423.0
2026-03-30 17:30:00,1774891800000,0.01485,0.014881,0.014824,0.014858,2128939.1
2026-03-30 17:45:00,1774892700000,0.014858,0.014894,0.014817,0.014833,1067725.8
2026-03-30 18:00:00,1774893600000,0.014833,0.014833,0.014714,0.014725,2601686.8
2026-03-30 18:15:00,1774894500000,0.014725,0.01481,0.014705,0.014736,3804605.5
2026-03-30 18:30:00,1774895400000,0.014736,0.014773,0.014707,0.014733,1840245.8
2026-03-30 18:45:00,1774896300000,0.014733,0.014738,0.014662,0.014675,2624728.5
2026-03-30 19:00:00,1774897200000,0.014675,0.014681,0.014558,0.0146,3551683.6
2026-03-30 19:15:00,1774898100000,0.0146,0.014611,0.014536,0.01455,2424329.7
2026-03-30 19:30:00,1774899000000,0.01455,0.014618,0.014543,0.014599,2345738.1
2026-03-30 19:45:00,1774899900000,0.014599,0.014682,0.014588,0.014668,2248332.1
2026-03-30 20:00:00,1774900800000,0.014668,0.014707,0.014646,0.014702,1897091.6
2026-03-30 20:15:00,1774901700000,0.014702,0.014703,0.014654,0.014654,1002312.9
2026-03-30 20:30:00,1774902600000,0.014654,0.014654,0.014625,0.014627,474255.6
2026-03-30 20:45:00,1774903500000,0.014627,0.01465,0.014612,0.014635,267979.2
2026-03-30 21:00:00,1774904400000,0.014635,0.014758,0.01462,0.014751,2852435.7
2026-03-30 21:15:00,1774905300000,0.014751,0.014808,0.014742,0.01477,1124629.0
2026-03-30 21:30:00,1774906200000,0.01477,0.01485,0.014767,0.014828,1424811.7
2026-03-30 21:45:00,1774907100000,0.014828,0.014836,0.014801,0.014801,1347114.7
2026-03-30 22:00:00,1774908000000,0.014801,0.01481,0.014711,0.014735,1898632.4
2026-03-30 22:15:00,1774908900000,0.014735,0.01474,0.01468,0.014707,937941.4
2026-03-30 22:30:00,1774909800000,0.014707,0.014711,0.01467,0.014676,969483.8
2026-03-30 22:45:00,1774910700000,0.014676,0.014695,0.014623,0.014631,1199940.5
2026-03-30 23:00:00,1774911600000,0.014631,0.014632,0.01451,0.014533,4231947.2
2026-03-30 23:15:00,1774912500000,0.014533,0.014567,0.014512,0.014548,968175.4
2026-03-30 23:30:00,1774913400000,0.014548,0.014573,0.014521,0.014552,2044877.1
2026-03-30 23:45:00,1774914300000,0.014552,0.014552,0.014525,0.014547,404610.1
2026-03-31 00:00:00,1774915200000,0.014547,0.014574,0.01452,0.014532,1439105.2
2026-03-31 00:15:00,1774916100000,0.014532,0.014565,0.014515,0.014561,1099010.1
2026-03-31 00:30:00,1774917000000,0.014561,0.014569,0.014481,0.014531,1824818.3
2026-03-31 00:45:00,1774917900000,0.014531,0.014566,0.014486,0.014508,1840860.7
2026-03-31 01:00:00,1774918800000,0.014508,0.014562,0.014494,0.014528,1116156.2
2026-03-31 01:15:00,1774919700000,0.014528,0.014704,0.014528,0.014704,4079951.8
2026-03-31 01:30:00,1774920600000,0.014704,0.014771,0.014638,0.014647,3025330.1
2026-03-31 01:45:00,1774921500000,0.014647,0.014665,0.014618,0.014664,581587.8
2026-03-31 02:00:00,1774922400000,0.014664,0.014722,0.014651,0.01472,1903543.1
2026-03-31 02:15:00,1774923300000,0.01472,0.014778,0.01472,0.014772,918025.6
2026-03-31 02:30:00,1774924200000,0.014772,0.014776,0.014711,0.014726,1180948.9
2026-03-31 02:45:00,1774925100000,0.014726,0.014741,0.014703,0.014711,810462.5
2026-03-31 03:00:00,1774926000000,0.014711,0.014711,0.014627,0.014627,1426338.9
2026-03-31 03:15:00,1774926900000,0.014627,0.014642,0.014526,0.014536,2925692.1
2026-03-31 03:30:00,1774927800000,0.014536,0.014566,0.014485,0.014497,1632370.2
2026-03-31 03:45:00,1774928700000,0.014497,0.014528,0.014493,0.014501,736770.1
2026-03-31 04:00:00,1774929600000,0.014501,0.014537,0.014485,0.014524,2003873.1
2026-03-31 04:15:00,1774930500000,0.014524,0.014642,0.014522,0.014547,7998266.5
2026-03-31 04:30:00,1774931400000,0.014547,0.014565,0.01453,0.014537,957031.9
2026-03-31 04:45:00,1774932300000,0.014537,0.014556,0.014522,0.014537,1065045.2
2026-03-31 05:00:00,1774933200000,0.014537,0.01455,0.014513,0.014533,715621.2
2026-03-31 05:15:00,1774934100000,0.014533,0.014578,0.01452,0.014569,899560.4
2026-03-31 05:30:00,1774935000000,0.014569,0.014579,0.014548,0.014572,824941.6
2026-03-31 05:45:00,1774935900000,0.014572,0.014622,0.014572,0.014613,474034.9
2026-03-31 06:00:00,1774936800000,0.014613,0.014616,0.01454,0.01456,1678618.4
2026-03-31 06:15:00,1774937700000,0.01456,0.01457,0.014524,0.014548,961520.6
2026-03-31 06:30:00,1774938600000,0.014548,0.014592,0.014542,0.014583,2096796.2
2026-03-31 06:45:00,1774939500000,0.014583,0.014638,0.01458,0.014616,1953757.4
2026-03-31 07:00:00,1774940400000,0.014616,0.014616,0.014554,0.014567,2056480.0
2026-03-31 07:15:00,1774941300000,0.014567,0.014574,0.014511,0.014557,794878.2
2026-03-31 07:30:00,1774942200000,0.014557,0.014557,0.014522,0.014539,1368580.2
2026-03-31 07:45:00,1774943100000,0.014539,0.014569,0.014536,0.014569,580818.6
2026-03-31 08:00:00,1774944000000,0.014569,0.014575,0.014528,0.014532,1023036.5
2026-03-31 08:15:00,1774944900000,0.014532,0.014563,0.014518,0.014543,708669.5
2026-03-31 08:30:00,1774945800000,0.014543,0.014545,0.01436,0.014372,6287552.5
2026-03-31 08:45:00,1774946700000,0.014372,0.014427,0.01435,0.014375,4696805.8
2026-03-31 09:00:00,1774947600000,0.014375,0.014516,0.014375,0.014502,4151428.4
2026-03-31 09:15:00,1774948500000,0.014502,0.014506,0.014383,0.014396,2971610.6
2026-03-31 09:30:00,1774949400000,0.014396,0.014443,0.014381,0.014423,4139183.0
2026-03-31 09:45:00,1774950300000,0.014423,0.01443,0.014305,0.01436,5506085.0
2026-03-31 10:00:00,1774951200000,0.01436,0.014533,0.014354,0.014522,3086249.9
2026-03-31 10:15:00,1774952100000,0.014522,0.014549,0.01446,0.014461,1139971.0
2026-03-31 10:30:00,1774953000000,0.014461,0.014468,0.014418,0.014428,1568456.0
2026-03-31 10:45:00,1774953900000,0.014428,0.014451,0.014356,0.014363,1805818.9
2026-03-31 11:00:00,1774954800000,0.014363,0.01452,0.014339,0.014476,5872768.4
2026-03-31 11:15:00,1774955700000,0.014476,0.014492,0.014451,0.01448,2191056.1
2026-03-31 11:30:00,1774956600000,0.01448,0.01448,0.014419,0.01445,1645612.1
2026-03-31 11:45:00,1774957500000,0.01445,0.014452,0.014415,0.014429,203041.0
2026-03-31 12:00:00,1774958400000,0.014429,0.014485,0.014427,0.014437,1118440.1
2026-03-31 12:15:00,1774959300000,0.014437,0.014484,0.014367,0.014418,3575979.1
2026-03-31 12:30:00,1774960200000,0.014418,0.014442,0.014375,0.014388,1974627.8
2026-03-31 12:45:00,1774961100000,0.014388,0.014424,0.014355,0.014411,1266874.2
2026-03-31 13:00:00,1774962000000,0.014411,0.014472,0.014402,0.014455,842164.1
2026-03-31 13:15:00,1774962900000,0.014455,0.014474,0.014431,0.01444,651429.9
2026-03-31 13:30:00,1774963800000,0.01444,0.014486,0.014424,0.014434,1570545.7
2026-03-31 13:45:00,1774964700000,0.014434,0.014573,0.014434,0.014546,6480997.8
2026-03-31 14:00:00,1774965600000,0.014546,0.014593,0.014499,0.014551,5383698.9
2026-03-31 14:15:00,1774966500000,0.014551,0.014604,0.014545,0.014592,2290403.6
2026-03-31 14:30:00,1774967400000,0.014592,0.014638,0.014493,0.014532,2550562.4
2026-03-31 14:45:00,1774968300000,0.014532,0.014532,0.014372,0.014431,2186717.4
2026-03-31 15:00:00,1774969200000,0.014431,0.01455,0.01443,0.014538,1115211.4
2026-03-31 15:15:00,1774970100000,0.014538,0.014541,0.014444,0.014452,1149991.0
2026-03-31 15:30:00,1774971000000,0.014452,0.014454,0.014406,0.014408,658090.0
2026-03-31 15:45:00,1774971900000,0.014408,0.014424,0.014308,0.014317,3143816.8
2026-03-31 16:00:00,1774972800000,0.014317,0.014428,0.014316,0.014428,1837853.4
2026-03-31 16:15:00,1774973700000,0.014428,0.014449,0.014414,0.01444,635237.7
2026-03-31 16:30:00,1774974600000,0.01444,0.014551,0.014363,0.014512,2585733.0
2026-03-31 16:45:00,1774975500000,0.014512,0.014563,0.014479,0.014563,2477361.3
2026-03-31 17:00:00,1774976400000,0.014563,0.014593,0.014489,0.014593,3428026.3
2026-03-31 17:15:00,1774977300000,0.014593,0.014617,0.014537,0.014538,2610074.3
2026-03-31 17:30:00,1774978200000,0.014538,0.014561,0.014393,0.014412,2103337.0
2026-03-31 17:45:00,1774979100000,0.014412,0.014422,0.01434,0.014376,3732176.2
2026-03-31 18:00:00,1774980000000,0.014376,0.014454,0.014375,0.014445,846454.8
2026-03-31 18:15:00,1774980900000,0.014445,0.014456,0.014361,0.014403,1583199.1
2026-03-31 18:30:00,1774981800000,0.014403,0.01442,0.014353,0.01438,1560241.3
2026-03-31 18:45:00,1774982700000,0.01438,0.014439,0.01438,0.014434,1785124.4
2026-03-31 19:00:00,1774983600000,0.014434,0.014474,0.014433,0.014442,449303.5
2026-03-31 19:15:00,1774984500000,0.014442,0.014478,0.01443,0.01444,1426345.3
2026-03-31 19:30:00,1774985400000,0.01444,0.014446,0.014416,0.014437,445261.1
2026-03-31 19:45:00,1774986300000,0.014437,0.014449,0.014406,0.01444,774982.0
2026-03-31 20:00:00,1774987200000,0.01444,0.014473,0.014433,0.014462,1121763.7
2026-03-31 20:15:00,1774988100000,0.014462,0.014479,0.01444,0.014448,894286.6
2026-03-31 20:30:00,1774989000000,0.014448,0.014456,0.01443,0.014434,907336.6
2026-03-31 20:45:00,1774989900000,0.014434,0.014473,0.014432,0.014463,884317.9
2026-03-31 21:00:00,1774990800000,0.014463,0.014471,0.014354,0.014383,2107012.8
2026-03-31 21:15:00,1774991700000,0.014383,0.014393,0.014356,0.014359,995104.1
2026-03-31 21:30:00,1774992600000,0.014359,0.014371,0.014334,0.014347,680011.5
2026-03-31 21:45:00,1774993500000,0.014347,0.014416,0.014338,0.014346,3036980.1
2026-03-31 22:00:00,1774994400000,0.014346,0.01436,0.014216,0.014248,11043797.0
2026-03-31 22:15:00,1774995300000,0.014248,0.014283,0.014231,0.014245,1004630.8
2026-03-31 22:30:00,1774996200000,0.014245,0.014275,0.014199,0.014242,2290218.8
2026-03-31 22:45:00,1774997100000,0.014242,0.014252,0.014147,0.014193,4072564.5
2026-03-31 23:00:00,1774998000000,0.014193,0.014281,0.014117,0.01427,10221122.9
2026-03-31 23:15:00,1774998900000,0.01427,0.014344,0.014265,0.014319,3186302.0
2026-03-31 23:30:00,1774999800000,0.014319,0.014347,0.01429,0.01431,1112907.0
2026-03-31 23:45:00,1775000700000,0.01431,0.014337,0.014243,0.01432,1460658.3
2026-04-01 00:00:00,1775001600000,0.01432,0.014378,0.01422,0.01422,2335553.4
2026-04-01 00:15:00,1775002500000,0.01422,0.014257,0.014201,0.014248,1784307.9
2026-04-01 00:30:00,1775003400000,0.014248,0.014254,0.014214,0.014238,457380.8
2026-04-01 00:45:00,1775004300000,0.014238,0.01434,0.014229,0.014335,534456.3
2026-04-01 01:00:00,1775005200000,0.014335,0.014379,0.014319,0.014321,1285588.4
2026-04-01 01:15:00,1775006100000,0.014321,0.014325,0.014251,0.014251,760866.6
2026-04-01 01:30:00,1775007000000,0.014251,0.014289,0.014216,0.014264,1233023.8
2026-04-01 01:45:00,1775007900000,0.014264,0.014275,0.014234,0.014239,614508.8
2026-04-01 02:00:00,1775008800000,0.014239,0.014266,0.014218,0.014243,1048252.3
2026-04-01 02:15:00,1775009700000,0.014243,0.014253,0.014172,0.014194,1453460.1
2026-04-01 02:30:00,1775010600000,0.014194,0.014228,0.014191,0.014226,907267.7
2026-04-01 02:45:00,1775011500000,0.014226,0.014267,0.014222,0.014262,650898.6
2026-04-01 03:00:00,1775012400000,0.014262,0.0144,0.014257,0.014365,2753375.7
2026-04-01 03:15:00,1775013300000,0.014365,0.014365,0.014269,0.014355,1740783.5
2026-04-01 03:30:00,1775014200000,0.014355,0.014374,0.014307,0.014346,1662091.3
2026-04-01 03:45:00,1775015100000,0.014346,0.014464,0.014344,0.014462,3770642.9
2026-04-01 04:00:00,1775016000000,0.014462,0.0145,0.014422,0.014422,2091865.7
2026-04-01 04:15:00,1775016900000,0.014422,0.014439,0.014413,0.014422,828389.4
2026-04-01 04:30:00,1775017800000,0.014422,0.014502,0.014394,0.014495,767757.3
2026-04-01 04:45:00,1775018700000,0.014495,0.014536,0.01447,0.014475,1250099.3
2026-04-01 05:00:00,1775019600000,0.014475,0.014494,0.01445,0.014485,1621116.8
2026-04-01 05:15:00,1775020500000,0.014485,0.014545,0.014474,0.014545,1741546.0
2026-04-01 05:30:00,1775021400000,0.014545,0.014561,0.014511,0.014531,1423548.8
2026-04-01 05:45:00,1775022300000,0.014531,0.014557,0.014526,0.014537,758698.4
2026-04-01 06:00:00,1775023200000,0.014537,0.01462,0.01453,0.014571,2059638.7
2026-04-01 06:15:00,1775024100000,0.014571,0.014617,0.014566,0.014617,1370038.8
2026-04-01 06:30:00,1775025000000,0.014617,0.014636,0.014541,0.014552,1558050.0
2026-04-01 06:45:00,1775025900000,0.014552,0.014574,0.01451,0.014568,1216556.7
2026-04-01 07:00:00,1775026800000,0.014568,0.014571,0.014505,0.014525,1193398.6
2026-04-01 07:15:00,1775027700000,0.014525,0.01453,0.014495,0.014513,760413.6
2026-04-01 07:30:00,1775028600000,0.014513,0.014571,0.014509,0.014539,513233.5
2026-04-01 07:45:00,1775029500000,0.014539,0.014562,0.014528,0.014562,559419.7
2026-04-01 08:00:00,1775030400000,0.014562,0.014663,0.014557,0.014599,8290470.1
2026-04-01 08:15:00,1775031300000,0.014599,0.014682,0.014566,0.014668,2659599.6
2026-04-01 08:30:00,1775032200000,0.014668,0.014752,0.014653,0.014733,1275319.5
2026-04-01 08:45:00,1775033100000,0.014733,0.014751,0.014651,0.014671,1771111.7
2026-04-01 09:00:00,1775034000000,0.014671,0.014717,0.014593,0.014598,2836869.3
2026-04-01 09:15:00,1775034900000,0.014598,0.014652,0.014598,0.014647,672977.3
2026-04-01 09:30:00,1775035800000,0.014647,0.014721,0.014635,0.014644,933591.9
2026-04-01 09:45:00,1775036700000,0.014644,0.014667,0.014626,0.01465,686429.4
2026-04-01 10:00:00,1775037600000,0.01465,0.014666,0.014614,0.01462,972462.0
2026-04-01 10:15:00,1775038500000,0.01462,0.014645,0.014608,0.014616,831745.3
2026-04-01 10:30:00,1775039400000,0.014616,0.01464,0.014471,0.014587,13572053.5
2026-04-01 10:45:00,1775040300000,0.014587,0.014659,0.014517,0.014585,8745036.6
2026-04-01 11:00:00,1775041200000,0.014585,0.014585,0.014522,0.014551,2089546.2
2026-04-01 11:15:00,1775042100000,0.014551,0.014551,0.014466,0.014517,2457653.2
2026-04-01 11:30:00,1775043000000,0.014517,0.014525,0.0145,0.014525,576433.4
2026-04-01 11:45:00,1775043900000,0.014525,0.014584,0.014525,0.014578,791029.9
2026-04-01 12:00:00,1775044800000,0.014578,0.014596,0.014537,0.014545,938643.3
2026-04-01 12:15:00,1775045700000,0.014545,0.014585,0.014545,0.014557,388444.8
2026-04-01 12:30:00,1775046600000,0.014557,0.014795,0.014518,0.014764,5383828.2
2026-04-01 12:45:00,1775047500000,0.014764,0.014764,0.014604,0.014652,6875649.7
2026-04-01 13:00:00,1775048400000,0.014652,0.014707,0.01459,0.01469,2112615.7
2026-04-01 13:15:00,1775049300000,0.01469,0.014744,0.014689,0.014706,952481.9
2026-04-01 13:30:00,1775050200000,0.014706,0.014715,0.014426,0.014475,5672353.4
2026-04-01 13:45:00,1775051100000,0.014475,0.01455,0.014434,0.014515,4728778.6
2026-04-01 14:00:00,1775052000000,0.014515,0.014633,0.014502,0.014633,2186799.6
2026-04-01 14:15:00,1775052900000,0.014633,0.014719,0.014626,0.01471,2280103.6
2026-04-01 14:30:00,1775053800000,0.01471,0.014891,0.01469,0.014733,10682933.7
2026-04-01 14:45:00,1775054700000,0.014733,0.014772,0.014722,0.014745,1534849.9
2026-04-01 15:00:00,1775055600000,0.014745,0.014878,0.014745,0.01483,8597757.0
2026-04-01 15:15:00,1775056500000,0.01483,0.014856,0.014771,0.014794,4115110.9
2026-04-01 15:30:00,1775057400000,0.014794,0.014887,0.014785,0.014869,1028357.2
2026-04-01 15:45:00,1775058300000,0.014869,0.015062,0.014869,0.015046,7823769.6
2026-04-01 16:00:00,1775059200000,0.015046,0.015138,0.015027,0.015072,3795237.1
2026-04-01 16:15:00,1775060100000,0.015072,0.015174,0.014984,0.015076,9647666.9
2026-04-01 16:30:00,1775061000000,0.015076,0.015088,0.01484,0.014952,13431016.8
2026-04-01 16:45:00,1775061900000,0.014952,0.014981,0.014901,0.014969,1343347.0
2026-04-01 17:00:00,1775062800000,0.014969,0.015017,0.0149,0.014906,4048949.9
2026-04-01 17:15:00,1775063700000,0.014906,0.014937,0.014859,0.014862,1360748.2
2026-04-01 17:30:00,1775064600000,0.014862,0.014877,0.01481,0.014851,1318531.2
2026-04-01 17:45:00,1775065500000,0.014851,0.014859,0.014803,0.01482,634473.2
2026-04-01 18:00:00,1775066400000,0.01482,0.014837,0.014745,0.014788,1324139.0
2026-04-01 18:15:00,1775067300000,0.014788,0.014801,0.014737,0.014739,1100806.2
2026-04-01 18:30:00,1775068200000,0.014739,0.015192,0.014721,0.015075,23085985.7
2026-04-01 18:45:00,1775069100000,0.015075,0.015076,0.014923,0.014977,3848687.3
2026-04-01 19:00:00,1775070000000,0.014977,0.015043,0.014929,0.01494,1817999.9
2026-04-01 19:15:00,1775070900000,0.01494,0.014957,0.014926,0.014948,1188569.2
2026-04-01 19:30:00,1775071800000,0.014948,0.015075,0.014948,0.015065,1928991.6
2026-04-01 19:45:00,1775072700000,0.015065,0.015083,0.015027,0.015034,889377.2
2026-04-01 20:00:00,1775073600000,0.015034,0.015039,0.014943,0.014975,1241132.0
2026-04-01 20:15:00,1775074500000,0.014975,0.015053,0.014935,0.014935,1634053.3
2026-04-01 20:30:00,1775075400000,0.014935,0.014987,0.014935,0.014972,1246317.8
2026-04-01 20:45:00,1775076300000,0.014972,0.014986,0.014927,0.014929,486788.1
2026-04-01 21:00:00,1775077200000,0.014929,0.015067,0.014926,0.01502,1572031.1
2026-04-01 21:15:00,1775078100000,0.01502,0.01513,0.014968,0.015128,790172.5
2026-04-01 21:30:00,1775079000000,0.015128,0.01514,0.015027,0.015049,552395.6
2026-04-01 21:45:00,1775079900000,0.015049,0.015067,0.01501,0.015057,367341.4
2026-04-01 22:00:00,1775080800000,0.015057,0.015057,0.014933,0.014949,1627028.7
2026-04-01 22:15:00,1775081700000,0.014949,0.014952,0.014892,0.014921,1469847.1
2026-04-01 22:30:00,1775082600000,0.014921,0.014921,0.01477,0.014856,5938731.7
2026-04-01 22:45:00,1775083500000,0.014856,0.014864,0.014822,0.014846,928751.4
2026-04-01 23:00:00,1775084400000,0.014846,0.014861,0.014826,0.014861,759392.7
2026-04-01 23:15:00,1775085300000,0.014861,0.014907,0.014833,0.014887,3190975.7
2026-04-01 23:30:00,1775086200000,0.014887,0.014909,0.014853,0.01487,1137632.0
2026-04-01 23:45:00,1775087100000,0.01487,0.014938,0.014857,0.014911,1657249.2
2026-04-02 00:00:00,1775088000000,0.014911,0.014945,0.014896,0.014944,1115036.1
2026-04-02 00:15:00,1775088900000,0.014944,0.014991,0.014943,0.014951,1007462.1
2026-04-02 00:30:00,1775089800000,0.014951,0.015046,0.014937,0.015041,1161416.6
2026-04-02 00:45:00,1775090700000,0.015041,0.015055,0.014922,0.014948,1505170.0
2026-04-02 01:00:00,1775091600000,0.014948,0.014952,0.014681,0.014785,7261963.0
2026-04-02 01:15:00,1775092500000,0.014785,0.014789,0.014523,0.014596,6883058.9
2026-04-02 01:30:00,1775093400000,0.014596,0.014596,0.014443,0.014449,2692031.5
2026-04-02 01:45:00,1775094300000,0.014449,0.014517,0.014423,0.0145,1074764.4
2026-04-02 02:00:00,1775095200000,0.0145,0.014512,0.01435,0.014372,3920964.0
2026-04-02 02:15:00,1775096100000,0.014372,0.014396,0.014303,0.014359,4954850.8
2026-04-02 02:30:00,1775097000000,0.014359,0.01443,0.014302,0.014342,4268950.6
2026-04-02 02:45:00,1775097900000,0.014342,0.014389,0.014321,0.014373,748208.3
2026-04-02 03:00:00,1775098800000,0.014373,0.014413,0.014341,0.01436,638895.6
2026-04-02 03:15:00,1775099700000,0.01436,0.014388,0.014302,0.014373,1427197.0
2026-04-02 03:30:00,1775100600000,0.014373,0.014442,0.014236,0.014307,3640185.6
2026-04-02 03:45:00,1775101500000,0.014307,0.014342,0.014275,0.014322,1352381.0
2026-04-02 04:00:00,1775102400000,0.014322,0.014328,0.014286,0.014314,1656557.1
2026-04-02 04:15:00,1775103300000,0.014314,0.014373,0.014312,0.01434,1947045.5
2026-04-02 04:30:00,1775104200000,0.01434,0.014343,0.014245,0.014256,2634301.2
2026-04-02 04:45:00,1775105100000,0.014256,0.014286,0.01423,0.01426,1913156.6
2026-04-02 05:00:00,1775106000000,0.01426,0.014317,0.014223,0.014297,2709920.0
2026-04-02 05:15:00,1775106900000,0.014297,0.014328,0.014275,0.014311,1430855.1
2026-04-02 05:30:00,1775107800000,0.014311,0.014417,0.014311,0.014417,2161376.2
2026-04-02 05:45:00,1775108700000,0.014417,0.01445,0.014379,0.014423,2187210.1
2026-04-02 06:00:00,1775109600000,0.014423,0.014443,0.014387,0.014443,1388253.3
2026-04-02 06:15:00,1775110500000,0.014443,0.014504,0.014328,0.014348,11424203.9
2026-04-02 06:30:00,1775111400000,0.014348,0.014372,0.014325,0.014325,1533541.4
2026-04-02 06:45:00,1775112300000,0.014325,0.014394,0.014325,0.014373,2036285.6
2026-04-02 07:00:00,1775113200000,0.014373,0.014403,0.014354,0.014369,1533451.8
2026-04-02 07:15:00,1775114100000,0.014369,0.014395,0.014317,0.01434,1170510.9
2026-04-02 07:30:00,1775115000000,0.01434,0.014375,0.014331,0.014364,666708.7
2026-04-02 07:45:00,1775115900000,0.014364,0.014418,0.01435,0.014391,1484614.9
2026-04-02 08:00:00,1775116800000,0.014391,0.014391,0.014318,0.014357,1238890.5
2026-04-02 08:15:00,1775117700000,0.014357,0.014368,0.014303,0.01432,779751.0
2026-04-02 08:30:00,1775118600000,0.01432,0.014332,0.014228,0.014245,4142998.7
2026-04-02 08:45:00,1775119500000,0.014245,0.01427,0.014239,0.014239,1566099.9
2026-04-02 09:00:00,1775120400000,0.014239,0.014255,0.014131,0.01421,5724410.3
2026-04-02 09:15:00,1775121300000,0.01421,0.014221,0.014147,0.01419,1761695.2
2026-04-02 09:30:00,1775122200000,0.01419,0.01419,0.014124,0.014148,1575832.5
2026-04-02 09:45:00,1775123100000,0.014148,0.014171,0.01412,0.014156,1303136.7
2026-04-02 10:00:00,1775124000000,0.014156,0.014182,0.014135,0.014164,1586110.6
2026-04-02 10:15:00,1775124900000,0.014164,0.014164,0.014126,0.014135,262630.9
2026-04-02 10:30:00,1775125800000,0.014135,0.014156,0.014083,0.014132,2818370.1
2026-04-02 10:45:00,1775126700000,0.014132,0.01415,0.014111,0.014148,878237.7
2026-04-02 11:00:00,1775127600000,0.014148,0.01417,0.014105,0.014108,1365207.0
2026-04-02 11:15:00,1775128500000,0.014108,0.014155,0.014046,0.014119,4816039.5
2026-04-02 11:30:00,1775129400000,0.014119,0.014145,0.014105,0.014142,1077356.1
2026-04-02 11:45:00,1775130300000,0.014142,0.014196,0.014124,0.014147,2549659.9
2026-04-02 12:00:00,1775131200000,0.014147,0.014173,0.014119,0.014146,2706116.3
2026-04-02 12:15:00,1775132100000,0.014146,0.014185,0.014119,0.014143,743248.1
2026-04-02 12:30:00,1775133000000,0.014143,0.01418,0.014086,0.014171,2054102.8
2026-04-02 12:45:00,1775133900000,0.014171,0.01422,0.014157,0.014166,2017923.7
2026-04-02 13:00:00,1775134800000,0.014166,0.014171,0.014092,0.014112,1927365.0
2026-04-02 13:15:00,1775135700000,0.014112,0.014139,0.014084,0.014123,565395.0
2026-04-02 13:30:00,1775136600000,0.014123,0.014158,0.01401,0.01413,4172150.5
2026-04-02 13:45:00,1775137500000,0.01413,0.014173,0.014106,0.014126,1012527.4
2026-04-02 14:00:00,1775138400000,0.014126,0.014145,0.014054,0.01406,1520959.0
2026-04-02 14:15:00,1775139300000,0.01406,0.014118,0.014032,0.014101,2874445.4
2026-04-02 14:30:00,1775140200000,0.014101,0.014293,0.014101,0.014285,5677996.1
2026-04-02 14:45:00,1775141100000,0.014285,0.014356,0.014208,0.014304,2207840.0
2026-04-02 15:00:00,1775142000000,0.014304,0.014311,0.014239,0.014266,1464233.9
2026-04-02 15:15:00,1775142900000,0.014266,0.014266,0.014156,0.014252,1599450.1
2026-04-02 15:30:00,1775143800000,0.014252,0.014311,0.014242,0.014291,680697.3
2026-04-02 15:45:00,1775144700000,0.014291,0.014317,0.014252,0.014277,873920.6
2026-04-02 16:00:00,1775145600000,0.014277,0.014281,0.014244,0.014261,1125665.3
2026-04-02 16:15:00,1775146500000,0.014261,0.014358,0.014233,0.014315,3832801.3
2026-04-02 16:30:00,1775147400000,0.014315,0.014445,0.014312,0.014382,3302730.2
2026-04-02 16:45:00,1775148300000,0.014382,0.014386,0.014324,0.014331,1169670.2
2026-04-02 17:00:00,1775149200000,0.014331,0.014421,0.014275,0.014419,3745580.3
2026-04-02 17:15:00,1775150100000,0.014419,0.014461,0.01435,0.014355,2445939.2
2026-04-02 17:30:00,1775151000000,0.014355,0.014355,0.014253,0.014262,1207839.5
2026-04-02 17:45:00,1775151900000,0.014262,0.014264,0.014179,0.01419,1166369.8
2026-04-02 18:00:00,1775152800000,0.01419,0.014233,0.014184,0.014205,1237060.7
2026-04-02 18:15:00,1775153700000,0.014205,0.014243,0.014189,0.014205,729609.6
2026-04-02 18:30:00,1775154600000,0.014205,0.014233,0.0142,0.014206,398255.6
2026-04-02 18:45:00,1775155500000,0.014206,0.014252,0.014202,0.01423,1263930.2
2026-04-02 19:00:00,1775156400000,0.01423,0.014235,0.014189,0.014223,667412.3
2026-04-02 19:15:00,1775157300000,0.014223,0.014228,0.014198,0.014201,734382.1
2026-04-02 19:30:00,1775158200000,0.014201,0.014216,0.014151,0.014158,1356481.5
2026-04-02 19:45:00,1775159100000,0.014158,0.014195,0.014154,0.014163,589745.0
2026-04-02 20:00:00,1775160000000,0.014163,0.014163,0.014038,0.014052,5691010.3
2026-04-02 20:15:00,1775160900000,0.014052,0.014124,0.014052,0.014123,1584142.4
2026-04-02 20:30:00,1775161800000,0.014123,0.01415,0.014096,0.014106,974209.5
2026-04-02 20:45:00,1775162700000,0.014106,0.014121,0.014044,0.01407,2217469.9
2026-04-02 21:00:00,1775163600000,0.01407,0.014088,0.014019,0.014045,1915862.6
2026-04-02 21:15:00,1775164500000,0.014045,0.014086,0.013856,0.013978,10226894.3
2026-04-02 21:30:00,1775165400000,0.013978,0.014034,0.013908,0.013946,6236090.2
2026-04-02 21:45:00,1775166300000,0.013946,0.014018,0.013938,0.013989,2868991.4
2026-04-02 22:00:00,1775167200000,0.013989,0.014047,0.013966,0.013971,2375203.5
2026-04-02 22:15:00,1775168100000,0.013971,0.013988,0.0139,0.013914,1687067.6
2026-04-02 22:30:00,1775169000000,0.013914,0.013965,0.013914,0.013956,1225136.3
2026-04-02 22:45:00,1775169900000,0.013956,0.013974,0.013913,0.013941,903288.1
2026-04-02 23:00:00,1775170800000,0.013941,0.013948,0.013893,0.013921,992388.8
2026-04-02 23:15:00,1775171700000,0.013921,0.013982,0.013921,0.013957,474888.7
2026-04-02 23:30:00,1775172600000,0.013957,0.013987,0.01395,0.013972,90398.8
2026-04-02 23:45:00,1775173500000,0.013972,0.013994,0.013959,0.013968,588014.4
2026-04-03 00:00:00,1775174400000,0.013968,0.014005,0.01392,0.013943,1020996.2
2026-04-03 00:15:00,1775175300000,0.013943,0.013975,0.01391,0.013913,710030.8
2026-04-03 00:30:00,1775176200000,0.013913,0.013948,0.01377,0.0138,9725858.7
2026-04-03 00:45:00,1775177100000,0.0138,0.013869,0.013793,0.013862,2232382.4
2026-04-03 01:00:00,1775178000000,0.013862,0.01387,0.013745,0.013779,2176723.1
2026-04-03 01:15:00,1775178900000,0.013779,0.013814,0.013755,0.013763,1751643.5
2026-04-03 01:30:00,1775179800000,0.013763,0.013782,0.013694,0.013766,2460545.6
2026-04-03 01:45:00,1775180700000,0.013766,0.013823,0.013717,0.013822,1348438.7
2026-04-03 02:00:00,1775181600000,0.013822,0.013822,0.013689,0.013726,1484636.7
2026-04-03 02:15:00,1775182500000,0.013726,0.013807,0.013715,0.013715,1960403.2
2026-04-03 02:30:00,1775183400000,0.013715,0.013748,0.013682,0.013713,1349477.5
2026-04-03 02:45:00,1775184300000,0.013713,0.013813,0.013695,0.013765,2038923.3
2026-04-03 03:00:00,1775185200000,0.013765,0.013813,0.013737,0.013779,2113734.6
2026-04-03 03:15:00,1775186100000,0.013779,0.013803,0.013767,0.013795,2175672.9
2026-04-03 03:30:00,1775187000000,0.013795,0.013811,0.013739,0.013773,1195864.8
2026-04-03 03:45:00,1775187900000,0.013773,0.013815,0.013738,0.013738,1795229.7
2026-04-03 04:00:00,1775188800000,0.013738,0.01376,0.01369,0.013746,3736175.7
2026-04-03 04:15:00,1775189700000,0.013746,0.01375,0.013702,0.013716,1227046.4
2026-04-03 04:30:00,1775190600000,0.013716,0.013754,0.013658,0.013754,3467408.5
2026-04-03 04:45:00,1775191500000,0.013754,0.013799,0.013746,0.013767,1862122.5
2026-04-03 05:00:00,1775192400000,0.013767,0.013767,0.013727,0.013734,1362064.9
2026-04-03 05:15:00,1775193300000,0.013734,0.013753,0.013671,0.013746,2338233.2
2026-04-03 05:30:00,1775194200000,0.013746,0.013803,0.013736,0.01376,1753201.8
2026-04-03 05:45:00,1775195100000,0.01376,0.013763,0.013709,0.013751,1231486.2
2026-04-03 06:00:00,1775196000000,0.013751,0.013777,0.013716,0.013742,1180079.9
2026-04-03 06:15:00,1775196900000,0.013742,0.013778,0.013726,0.013736,583958.9
2026-04-03 06:30:00,1775197800000,0.013736,0.013807,0.013722,0.013733,2310073.1
2026-04-03 06:45:00,1775198700000,0.013733,0.013739,0.01366,0.013721,3569063.7
2026-04-03 07:00:00,1775199600000,0.013721,0.013777,0.013685,0.013749,2485716.1
2026-04-03 07:15:00,1775200500000,0.013749,0.013763,0.013704,0.013728,1903698.7
2026-04-03 07:30:00,1775201400000,0.013728,0.013769,0.013689,0.013703,1757978.8
2026-04-03 07:45:00,1775202300000,0.013703,0.013708,0.013608,0.013634,2865953.3
2026-04-03 08:00:00,1775203200000,0.013634,0.013689,0.013622,0.01364,1700006.9
2026-04-03 08:15:00,1775204100000,0.01364,0.013668,0.01362,0.013654,3294293.0
2026-04-03 08:30:00,1775205000000,0.013654,0.013709,0.013654,0.013704,2204422.1
2026-04-03 08:45:00,1775205900000,0.013704,0.013752,0.013697,0.013735,1495743.6
2026-04-03 09:00:00,1775206800000,0.013735,0.01374,0.013653,0.013668,1203963.5
2026-04-03 09:15:00,1775207700000,0.013668,0.013733,0.01366,0.013706,1865241.9
2026-04-03 09:30:00,1775208600000,0.013706,0.013824,0.013701,0.013793,5190503.2
2026-04-03 09:45:00,1775209500000,0.013793,0.013826,0.013741,0.013792,2275832.2
2026-04-03 10:00:00,1775210400000,0.013792,0.013818,0.013713,0.013718,3657425.9
2026-04-03 10:15:00,1775211300000,0.013718,0.013737,0.013703,0.013713,1449458.3
2026-04-03 10:30:00,1775212200000,0.013713,0.013767,0.013707,0.013767,814376.5
2026-04-03 10:45:00,1775213100000,0.013767,0.013812,0.013754,0.013811,1525301.6
2026-04-03 11:00:00,1775214000000,0.013811,0.013822,0.013712,0.013716,1648949.4
2026-04-03 11:15:00,1775214900000,0.013716,0.013747,0.013672,0.013726,1823900.2
2026-04-03 11:30:00,1775215800000,0.013726,0.013763,0.013683,0.013763,987776.6
2026-04-03 11:45:00,1775216700000,0.013763,0.013802,0.013743,0.013764,1438877.3
2026-04-03 12:00:00,1775217600000,0.013764,0.013779,0.013678,0.013716,1554269.1
2026-04-03 12:15:00,1775218500000,0.013716,0.013729,0.013503,0.013607,15083799.4
2026-04-03 12:30:00,1775219400000,0.013607,0.013737,0.013537,0.013585,8631304.1
2026-04-03 12:45:00,1775220300000,0.013585,0.01363,0.013582,0.013586,3085569.4
2026-04-03 13:00:00,1775221200000,0.013586,0.013593,0.013466,0.013495,7830265.9
2026-04-03 13:15:00,1775222100000,0.013495,0.013521,0.013345,0.013456,17493256.2
2026-04-03 13:30:00,1775223000000,0.013456,0.013456,0.013398,0.013403,2923975.3
2026-04-03 13:45:00,1775223900000,0.013403,0.013507,0.013372,0.013485,6735947.8
2026-04-03 14:00:00,1775224800000,0.013485,0.013491,0.013435,0.013441,1663367.5
2026-04-03 14:15:00,1775225700000,0.013441,0.013477,0.013416,0.013477,2737443.0
2026-04-03 14:30:00,1775226600000,0.013477,0.013477,0.013421,0.013451,536150.7
2026-04-03 14:45:00,1775227500000,0.013451,0.01361,0.013451,0.013566,4312368.3
2026-04-03 15:00:00,1775228400000,0.013566,0.013586,0.013537,0.013561,1192152.6
2026-04-03 15:15:00,1775229300000,0.013561,0.013562,0.013523,0.013538,3358798.5
2026-04-03 15:30:00,1775230200000,0.013538,0.013551,0.013464,0.013509,3989196.0
2026-04-03 15:45:00,1775231100000,0.013509,0.013522,0.013429,0.013445,7026284.9
2026-04-03 16:00:00,1775232000000,0.013445,0.013477,0.013414,0.013476,4589242.7
2026-04-03 16:15:00,1775232900000,0.013476,0.01356,0.013463,0.013554,2761430.1
2026-04-03 16:30:00,1775233800000,0.013554,0.013554,0.013426,0.013465,5943453.6
2026-04-03 16:45:00,1775234700000,0.013465,0.013552,0.013439,0.013509,6168836.0
2026-04-03 17:00:00,1775235600000,0.013509,0.013538,0.013462,0.013467,2325491.7
2026-04-03 17:15:00,1775236500000,0.013467,0.01347,0.013364,0.013435,11404671.7
2026-04-03 17:30:00,1775237400000,0.013435,0.013504,0.013435,0.01348,2281223.9
2026-04-03 17:45:00,1775238300000,0.01348,0.013538,0.013465,0.013523,3131342.3
2026-04-03 18:00:00,1775239200000,0.013523,0.013552,0.013506,0.013535,645648.8
2026-04-03 18:15:00,1775240100000,0.013535,0.013571,0.013482,0.013499,1873594.7
2026-04-03 18:30:00,1775241000000,0.013499,0.013527,0.013487,0.013507,713460.8
2026-04-03 18:45:00,1775241900000,0.013507,0.013517,0.013467,0.013505,2631351.3
2026-04-03 19:00:00,1775242800000,0.013505,0.013516,0.013435,0.013472,3849911.5
2026-04-03 19:15:00,1775243700000,0.013472,0.013502,0.013453,0.013484,1511482.0
2026-04-03 19:30:00,1775244600000,0.013484,0.01349,0.01343,0.013454,2662194.9
2026-04-03 19:45:00,1775245500000,0.013454,0.01347,0.01342,0.01345,1440267.5
2026-04-03 20:00:00,1775246400000,0.01345,0.01348,0.013435,0.01344,854858.6
2026-04-03 20:15:00,1775247300000,0.01344,0.013443,0.013332,0.013389,6137051.5
2026-04-03 20:30:00,1775248200000,0.013389,0.013413,0.01335,0.013402,5665938.0
2026-04-03 20:45:00,1775249100000,0.013402,0.013428,0.013333,0.013411,7977742.8
2026-04-03 21:00:00,1775250000000,0.013411,0.013429,0.013368,0.013405,9152756.1
2026-04-03 21:15:00,1775250900000,0.013405,0.013434,0.013381,0.013431,2245686.6
2026-04-03 21:30:00,1775251800000,0.013431,0.013445,0.013384,0.013418,427770.5
2026-04-03 21:45:00,1775252700000,0.013418,0.013452,0.013416,0.013425,760088.7
2026-04-03 22:00:00,1775253600000,0.013425,0.013427,0.013338,0.013343,4862657.5
2026-04-03 22:15:00,1775254500000,0.013343,0.01335,0.013169,0.013248,21359057.1
2026-04-03 22:30:00,1775255400000,0.013248,0.013283,0.013198,0.013199,9466061.3
2026-04-03 22:45:00,1775256300000,0.013199,0.013223,0.013174,0.013205,4516842.7
2026-04-03 23:00:00,1775257200000,0.013205,0.013205,0.013092,0.013137,5614385.1
2026-04-03 23:15:00,1775258100000,0.013137,0.013148,0.013022,0.01307,15548256.1
2026-04-03 23:30:00,1775259000000,0.01307,0.013155,0.013055,0.013151,5799729.6
2026-04-03 23:45:00,1775259900000,0.013151,0.013208,0.013145,0.013157,5302027.4
2026-04-04 00:00:00,1775260800000,0.013157,0.013229,0.01315,0.01315,9387785.2
2026-04-04 00:15:00,1775261700000,0.01315,0.013171,0.013057,0.01309,2438611.5
2026-04-04 00:30:00,1775262600000,0.01309,0.013103,0.013022,0.013048,6146966.2
2026-04-04 00:45:00,1775263500000,0.013048,0.013162,0.013029,0.013124,5840999.0
2026-04-04 01:00:00,1775264400000,0.013124,0.013177,0.013074,0.01313,10223877.8
2026-04-04 01:15:00,1775265300000,0.01313,0.013155,0.013065,0.01312,3953316.6
2026-04-04 01:30:00,1775266200000,0.01312,0.013137,0.013095,0.013095,2647327.8
2026-04-04 01:45:00,1775267100000,0.013095,0.013096,0.012973,0.01301,4100570.9
2026-04-04 02:00:00,1775268000000,0.01301,0.013085,0.012994,0.01306,3240765.0
2026-04-04 02:15:00,1775268900000,0.01306,0.013088,0.013034,0.013041,1642851.3
2026-04-04 02:30:00,1775269800000,0.013041,0.013099,0.013033,0.013038,3348074.8
2026-04-04 02:45:00,1775270700000,0.013038,0.013053,0.012991,0.013036,2630448.7
2026-04-04 03:00:00,1775271600000,0.013036,0.01309,0.01301,0.013081,1345120.5
2026-04-04 03:15:00,1775272500000,0.013081,0.01309,0.013051,0.01308,784403.8
2026-04-04 03:30:00,1775273400000,0.01308,0.013151,0.01307,0.013151,1289621.5
2026-04-04 03:45:00,1775274300000,0.013151,0.013154,0.013124,0.013132,733570.7
2026-04-04 04:00:00,1775275200000,0.013132,0.013161,0.013118,0.013142,1909033.1
2026-04-04 04:15:00,1775276100000,0.013142,0.013171,0.01312,0.013137,1552622.0
2026-04-04 04:30:00,1775277000000,0.013137,0.013174,0.01313,0.013169,865323.5
2026-04-04 04:45:00,1775277900000,0.013169,0.013211,0.013143,0.013151,3103679.7
2026-04-04 05:00:00,1775278800000,0.013151,0.013151,0.013057,0.013099,1764263.2
2026-04-04 05:15:00,1775279700000,0.013099,0.013106,0.013051,0.013067,927345.2
2026-04-04 05:30:00,1775280600000,0.013067,0.013107,0.013017,0.013025,1256838.9
2026-04-04 05:45:00,1775281500000,0.013025,0.013067,0.013,0.013019,2461285.3
2026-04-04 06:00:00,1775282400000,0.013019,0.013066,0.012997,0.013041,3639433.9
2026-04-04 06:15:00,1775283300000,0.013041,0.013084,0.012951,0.013026,10332705.3
2026-04-04 06:30:00,1775284200000,0.013026,0.013094,0.013026,0.013069,2645711.9
2026-04-04 06:45:00,1775285100000,0.013069,0.013139,0.013061,0.013139,1657794.5
2026-04-04 07:00:00,1775286000000,0.013139,0.013143,0.013071,0.013136,2445391.2
2026-04-04 07:15:00,1775286900000,0.013136,0.013136,0.013071,0.013109,3173999.0
2026-04-04 07:30:00,1775287800000,0.013109,0.013137,0.013095,0.01311,701797.9
2026-04-04 07:45:00,1775288700000,0.01311,0.013142,0.013071,0.013078,1864110.1
2026-04-04 08:00:00,1775289600000,0.013078,0.013129,0.013073,0.013116,988313.1
2026-04-04 08:15:00,1775290500000,0.013116,0.013122,0.01302,0.013037,3388667.9
2026-04-04 08:30:00,1775291400000,0.013037,0.013069,0.013026,0.013057,1413779.0
2026-04-04 08:45:00,1775292300000,0.013057,0.013068,0.01302,0.013052,3554452.3
2026-04-04 09:00:00,1775293200000,0.013052,0.013097,0.013033,0.013048,2763787.4
2026-04-04 09:15:00,1775294100000,0.013048,0.013053,0.013032,0.013049,860453.9
2026-04-04 09:30:00,1775295000000,0.013049,0.013076,0.013037,0.013058,1781800.9
2026-04-04 09:45:00,1775295900000,0.013058,0.013109,0.013058,0.01308,4033750.8
2026-04-04 10:00:00,1775296800000,0.01308,0.013156,0.01308,0.013123,1988528.4
2026-04-04 10:15:00,1775297700000,0.013123,0.01317,0.013117,0.013165,1039461.1
2026-04-04 10:30:00,1775298600000,0.013165,0.013276,0.013152,0.01324,10694665.1
2026-04-04 10:45:00,1775299500000,0.01324,0.013283,0.013226,0.013253,4602078.5
2026-04-04 11:00:00,1775300400000,0.013253,0.013285,0.013227,0.013245,1485869.5
2026-04-04 11:15:00,1775301300000,0.013245,0.013256,0.01317,0.013236,4023993.8
2026-04-04 11:30:00,1775302200000,0.013236,0.013251,0.01319,0.013198,1518529.1
2026-04-04 11:45:00,1775303100000,0.013198,0.013261,0.013198,0.013234,1971673.3
2026-04-04 12:00:00,1775304000000,0.013234,0.013291,0.013222,0.013239,1643554.2
2026-04-04 12:15:00,1775304900000,0.013239,0.013281,0.013223,0.013235,3885544.9
2026-04-04 12:30:00,1775305800000,0.013235,0.013253,0.013234,0.013245,787003.7
2026-04-04 12:45:00,1775306700000,0.013245,0.013302,0.013245,0.013277,797297.8
2026-04-04 13:00:00,1775307600000,0.013277,0.013277,0.013236,0.013238,323263.9
2026-04-04 13:15:00,1775308500000,0.013238,0.013245,0.013213,0.013236,655101.9
2026-04-04 13:30:00,1775309400000,0.013236,0.01324,0.013193,0.013205,2904717.2
2026-04-04 13:45:00,1775310300000,0.013205,0.013205,0.01313,0.01315,2582941.7
2026-04-04 14:00:00,1775311200000,0.01315,0.013156,0.013126,0.01314,694597.1
2026-04-04 14:15:00,1775312100000,0.01314,0.013168,0.013124,0.013131,2543685.4
2026-04-04 14:30:00,1775313000000,0.013131,0.013135,0.013021,0.013084,7476500.1
2026-04-04 14:45:00,1775313900000,0.013084,0.013238,0.013075,0.013226,4402312.0
2026-04-04 15:00:00,1775314800000,0.013226,0.013287,0.013213,0.013253,4575877.3
2026-04-04 15:15:00,1775315700000,0.013253,0.013265,0.013184,0.013197,3651563.6
2026-04-04 15:30:00,1775316600000,0.013197,0.013208,0.01313,0.013141,3227281.3
2026-04-04 15:45:00,1775317500000,0.013141,0.013154,0.013122,0.013154,1256927.5
2026-04-04 16:00:00,1775318400000,0.013154,0.013175,0.0131,0.01313,2136928.2
2026-04-04 16:15:00,1775319300000,0.01313,0.013184,0.013112,0.013174,2340882.0
2026-04-04 16:30:00,1775320200000,0.013174,0.013178,0.013123,0.013129,449041.1
2026-04-04 16:45:00,1775321100000,0.013129,0.013137,0.013045,0.013049,4375195.0
2026-04-04 17:00:00,1775322000000,0.013049,0.013152,0.013049,0.013152,1971654.5
2026-04-04 17:15:00,1775322900000,0.013152,0.013246,0.013148,0.013222,2389891.0
2026-04-04 17:30:00,1775323800000,0.013222,0.013239,0.013147,0.013159,3897067.1
2026-04-04 17:45:00,1775324700000,0.013159,0.013169,0.013132,0.013156,533523.5
2026-04-04 18:00:00,1775325600000,0.013156,0.013185,0.013133,0.013162,1502404.1
2026-04-04 18:15:00,1775326500000,0.013162,0.013175,0.01314,0.013145,688779.0
2026-04-04 18:30:00,1775327400000,0.013145,0.013158,0.013128,0.013138,455701.5
2026-04-04 18:45:00,1775328300000,0.013138,0.013143,0.013119,0.013127,634811.7
2026-04-04 19:00:00,1775329200000,0.013127,0.013213,0.013119,0.013206,758101.1
2026-04-04 19:15:00,1775330100000,0.013206,0.01322,0.013095,0.013107,1356369.2
2026-04-04 19:30:00,1775331000000,0.013107,0.013143,0.013093,0.0131,1264090.7
2026-04-04 19:45:00,1775331900000,0.0131,0.013171,0.0131,0.013133,2231636.2
2026-04-04 20:00:00,1775332800000,0.013133,0.013152,0.013102,0.01315,1001683.3
2026-04-04 20:15:00,1775333700000,0.01315,0.013162,0.013137,0.013146,804812.3
2026-04-04 20:30:00,1775334600000,0.013146,0.013153,0.013134,0.013134,102659.1
2026-04-04 20:45:00,1775335500000,0.013134,0.013165,0.013126,0.013151,302216.7
2026-04-04 21:00:00,1775336400000,0.013151,0.013248,0.013137,0.013206,4863780.7
2026-04-04 21:15:00,1775337300000,0.013206,0.013263,0.013206,0.01325,829340.2
2026-04-04 21:30:00,1775338200000,0.01325,0.013254,0.013167,0.01321,1562051.1
2026-04-04 21:45:00,1775339100000,0.01321,0.013222,0.013161,0.013165,542083.9
2026-04-04 22:00:00,1775340000000,0.013165,0.01322,0.013142,0.01322,1975058.5
2026-04-04 22:15:00,1775340900000,0.01322,0.013263,0.013206,0.013255,590657.3
2026-04-04 22:30:00,1775341800000,0.013255,0.013289,0.013239,0.013277,864670.2
2026-04-04 22:45:00,1775342700000,0.013277,0.013287,0.01325,0.013276,467714.4
2026-04-04 23:00:00,1775343600000,0.013276,0.01337,0.013272,0.01337,2315279.6
2026-04-04 23:15:00,1775344500000,0.01337,0.013376,0.013313,0.013317,1824913.8
2026-04-04 23:30:00,1775345400000,0.013317,0.01339,0.013315,0.013364,1381731.0
2026-04-04 23:45:00,1775346300000,0.013364,0.013414,0.013324,0.013355,1976701.3
2026-04-05 00:00:00,1775347200000,0.013355,0.013386,0.013254,0.013264,5260199.2
2026-04-05 00:15:00,1775348100000,0.013264,0.013273,0.013222,0.013252,1198175.5
2026-04-05 00:30:00,1775349000000,0.013252,0.013252,0.013121,0.013142,5024301.3
2026-04-05 00:45:00,1775349900000,0.013142,0.013167,0.013095,0.013163,2568792.1
2026-04-05 01:00:00,1775350800000,0.013163,0.01333,0.013156,0.013303,5451391.0
2026-04-05 01:15:00,1775351700000,0.013303,0.013336,0.013216,0.013227,3573961.8
2026-04-05 01:30:00,1775352600000,0.013227,0.013252,0.013182,0.013235,844774.4
2026-04-05 01:45:00,1775353500000,0.013235,0.013325,0.013235,0.013261,3929893.0
2026-04-05 02:00:00,1775354400000,0.013261,0.013265,0.013211,0.013231,1012037.5
2026-04-05 02:15:00,1775355300000,0.013231,0.013259,0.01323,0.01323,751672.7
2026-04-05 02:30:00,1775356200000,0.01323,0.013254,0.013218,0.013235,1349694.0
2026-04-05 02:45:00,1775357100000,0.013235,0.01324,0.013191,0.013204,1525563.8
2026-04-05 03:00:00,1775358000000,0.013204,0.013308,0.013185,0.013248,1381014.6
2026-04-05 03:15:00,1775358900000,0.013248,0.013266,0.013229,0.013255,490642.5
2026-04-05 03:30:00,1775359800000,0.013255,0.013257,0.013234,0.013241,112988.7
2026-04-05 03:45:00,1775360700000,0.013241,0.013284,0.013241,0.013255,644492.6
2026-04-05 04:00:00,1775361600000,0.013255,0.013333,0.013254,0.013308,1027313.3
2026-04-05 04:15:00,1775362500000,0.013308,0.013308,0.013257,0.013268,211099.8
2026-04-05 04:30:00,1775363400000,0.013268,0.013268,0.013143,0.01315,1302416.1
2026-04-05 04:45:00,1775364300000,0.01315,0.013179,0.013129,0.01314,1198229.2
2026-04-05 05:00:00,1775365200000,0.01314,0.013255,0.013136,0.013217,2146357.5
2026-04-05 05:15:00,1775366100000,0.013217,0.013226,0.013159,0.013163,888120.1
2026-04-05 05:30:00,1775367000000,0.013163,0.013167,0.013059,0.013102,2386759.6
2026-04-05 05:45:00,1775367900000,0.013102,0.013102,0.012991,0.013029,2146562.0
2026-04-05 06:00:00,1775368800000,0.013029,0.013146,0.012914,0.01297,11233987.2
2026-04-05 06:15:00,1775369700000,0.01297,0.013035,0.012882,0.013035,4999542.7
2026-04-05 06:30:00,1775370600000,0.013035,0.013043,0.012991,0.013002,1067861.2
2026-04-05 06:45:00,1775371500000,0.013002,0.013048,0.012985,0.013033,1887060.1
2026-04-05 07:00:00,1775372400000,0.013033,0.013082,0.013023,0.013082,2256451.4
2026-04-05 07:15:00,1775373300000,0.013082,0.013084,0.012929,0.012958,7349907.1
2026-04-05 07:30:00,1775374200000,0.012958,0.012963,0.012745,0.012813,18432854.7
2026-04-05 07:45:00,1775375100000,0.012813,0.012865,0.012802,0.01283,4339250.7
2026-04-05 08:00:00,1775376000000,0.01283,0.012859,0.012811,0.012843,2472552.8
2026-04-05 08:15:00,1775376900000,0.012843,0.012865,0.012826,0.012837,1384491.0
2026-04-05 08:30:00,1775377800000,0.012837,0.012882,0.012833,0.012881,1493349.2
2026-04-05 08:45:00,1775378700000,0.012881,0.0129,0.012861,0.012887,1115993.6
2026-04-05 09:00:00,1775379600000,0.012887,0.012979,0.012882,0.012936,1562918.6
2026-04-05 09:15:00,1775380500000,0.012936,0.01295,0.012927,0.01294,618001.3
2026-04-05 09:30:00,1775381400000,0.01294,0.012966,0.012917,0.012964,909739.2
2026-04-05 09:45:00,1775382300000,0.012964,0.012967,0.012942,0.012946,344139.9
2026-04-05 10:00:00,1775383200000,0.012946,0.012958,0.01288,0.012896,1232028.2
2026-04-05 10:15:00,1775384100000,0.012896,0.012896,0.012848,0.012858,1025647.0
2026-04-05 10:30:00,1775385000000,0.012858,0.012919,0.012842,0.01285,1056973.1
2026-04-05 10:45:00,1775385900000,0.01285,0.012853,0.012774,0.012834,3704193.5
2026-04-05 11:00:00,1775386800000,0.012834,0.012857,0.012827,0.01283,518851.9
2026-04-05 11:15:00,1775387700000,0.01283,0.012856,0.012793,0.012809,683673.1
2026-04-05 11:30:00,1775388600000,0.012809,0.012906,0.012807,0.012886,2300350.7
2026-04-05 11:45:00,1775389500000,0.012886,0.012946,0.012884,0.012927,1604337.6
2026-04-05 12:00:00,1775390400000,0.012927,0.012951,0.012909,0.012939,952475.3
2026-04-05 12:15:00,1775391300000,0.012939,0.012948,0.012897,0.012936,1417180.9
2026-04-05 12:30:00,1775392200000,0.012936,0.012952,0.012768,0.012799,5008752.0
2026-04-05 12:45:00,1775393100000,0.012799,0.012857,0.012782,0.012837,973718.7
2026-04-05 13:00:00,1775394000000,0.012837,0.012854,0.012791,0.012798,1635243.6
2026-04-05 13:15:00,1775394900000,0.012798,0.012809,0.012724,0.012736,8414675.3
2026-04-05 13:30:00,1775395800000,0.012736,0.012841,0.01266,0.012829,16811556.1
2026-04-05 13:45:00,1775396700000,0.012829,0.012913,0.012822,0.012896,2370874.8
2026-04-05 14:00:00,1775397600000,0.012896,0.012979,0.01289,0.012907,2806606.9
2026-04-05 14:15:00,1775398500000,0.012907,0.01294,0.012869,0.012928,893035.5
2026-04-05 14:30:00,1775399400000,0.012928,0.012933,0.012901,0.012919,892867.8
2026-04-05 14:45:00,1775400300000,0.012919,0.012921,0.012887,0.012905,351933.1
2026-04-05 15:00:00,1775401200000,0.012905,0.012905,0.012804,0.012828,4469585.6
2026-04-05 15:15:00,1775402100000,0.012828,0.012973,0.012824,0.012958,2193848.6
2026-04-05 15:30:00,1775403000000,0.012958,0.013,0.012915,0.012942,2107252.6
2026-04-05 15:45:00,1775403900000,0.012942,0.012951,0.012915,0.012915,1153983.0
2026-04-05 16:00:00,1775404800000,0.012915,0.012987,0.01291,0.012977,3803769.5
2026-04-05 16:15:00,1775405700000,0.012977,0.013003,0.012932,0.012941,1243861.5
2026-04-05 16:30:00,1775406600000,0.012941,0.012962,0.012932,0.012949,260775.7
2026-04-05 16:45:00,1775407500000,0.012949,0.012949,0.012844,0.012887,3619063.2
2026-04-05 17:00:00,1775408400000,0.012887,0.013034,0.012887,0.013034,2482350.4
2026-04-05 17:15:00,1775409300000,0.013034,0.013056,0.013007,0.013043,1649798.3
2026-04-05 17:30:00,1775410200000,0.013043,0.013196,0.013041,0.013191,3347360.5
2026-04-05 17:45:00,1775411100000,0.013191,0.013197,0.013047,0.013065,2347088.7
2026-04-05 18:00:00,1775412000000,0.013065,0.013077,0.013046,0.01306,521183.5
2026-04-05 18:15:00,1775412900000,0.01306,0.01306,0.012972,0.013008,3809972.8
2026-04-05 18:30:00,1775413800000,0.013008,0.01305,0.013008,0.013028,1195097.9
2026-04-05 18:45:00,1775414700000,0.013028,0.013034,0.01298,0.012986,386204.6
2026-04-05 19:00:00,1775415600000,0.012986,0.013065,0.012983,0.013057,1117000.3
2026-04-05 19:15:00,1775416500000,0.013057,0.013108,0.013049,0.01309,1784697.9
2026-04-05 19:30:00,1775417400000,0.01309,0.01309,0.013011,0.013038,1507781.0
2026-04-05 19:45:00,1775418300000,0.013038,0.013094,0.013013,0.013072,2188736.5
2026-04-05 20:00:00,1775419200000,0.013072,0.013147,0.013068,0.013111,1509798.9
2026-04-05 20:15:00,1775420100000,0.013111,0.013128,0.013097,0.01311,915216.8
2026-04-05 20:30:00,1775421000000,0.01311,0.013119,0.01301,0.01302,4009343.3
2026-04-05 20:45:00,1775421900000,0.01302,0.013048,0.013015,0.013048,981733.2
2026-04-05 21:00:00,1775422800000,0.013048,0.013048,0.012973,0.012988,1938369.1
2026-04-05 21:15:00,1775423700000,0.012988,0.012989,0.012924,0.012948,2395611.8
2026-04-05 21:30:00,1775424600000,0.012948,0.01297,0.012941,0.012966,571811.8
2026-04-05 21:45:00,1775425500000,0.012966,0.013067,0.012966,0.013001,4381067.1
2026-04-05 22:00:00,1775426400000,0.013001,0.013056,0.012973,0.013016,1394121.5
2026-04-05 22:15:00,1775427300000,0.013016,0.013021,0.012957,0.013008,854086.5
2026-04-05 22:30:00,1775428200000,0.013008,0.013102,0.013007,0.013088,756460.8
2026-04-05 22:45:00,1775429100000,0.013088,0.013168,0.013056,0.013085,5207227.2
2026-04-05 23:00:00,1775430000000,0.013085,0.013158,0.013074,0.013153,3032551.0
2026-04-05 23:15:00,1775430900000,0.013153,0.013237,0.013153,0.013206,1864385.4
2026-04-05 23:30:00,1775431800000,0.013206,0.013248,0.013206,0.013234,706770.2
2026-04-05 23:45:00,1775432700000,0.013234,0.013269,0.013215,0.013228,2580383.6
2026-04-06 00:00:00,1775433600000,0.013228,0.013391,0.013228,0.013328,2082788.2
2026-04-06 00:15:00,1775434500000,0.013328,0.013377,0.013328,0.013365,1688093.6
2026-04-06 00:30:00,1775435400000,0.013365,0.013451,0.01335,0.013442,2463121.6
2026-04-06 00:45:00,1775436300000,0.013442,0.013449,0.013383,0.013391,475847.9
2026-04-06 01:00:00,1775437200000,0.013391,0.013401,0.013287,0.013287,592346.1
2026-04-06 01:15:00,1775438100000,0.013287,0.013345,0.013257,0.01333,1378171.3
2026-04-06 01:30:00,1775439000000,0.01333,0.013345,0.013306,0.013313,480057.4
2026-04-06 01:45:00,1775439900000,0.013313,0.013327,0.013297,0.013311,551235.2
2026-04-06 02:00:00,1775440800000,0.013311,0.013467,0.013311,0.013433,953562.6
2026-04-06 02:15:00,1775441700000,0.013433,0.013489,0.013401,0.013441,811686.8
2026-04-06 02:30:00,1775442600000,0.013441,0.013471,0.013402,0.013402,515997.9
2026-04-06 02:45:00,1775443500000,0.013402,0.013465,0.013402,0.013444,170943.0
2026-04-06 03:00:00,1775444400000,0.013444,0.013455,0.013376,0.013386,981669.4
2026-04-06 03:15:00,1775445300000,0.013386,0.013406,0.013312,0.013338,2797895.2
2026-04-06 03:30:00,1775446200000,0.013338,0.013356,0.013308,0.013328,484124.5
2026-04-06 03:45:00,1775447100000,0.013328,0.013337,0.013315,0.013321,213152.4
2026-04-06 04:00:00,1775448000000,0.013321,0.013357,0.013281,0.013303,862022.5
2026-04-06 04:15:00,1775448900000,0.013303,0.013351,0.0133,0.013351,478691.4
2026-04-06 04:30:00,1775449800000,0.013351,0.013414,0.01334,0.013372,1029438.6
2026-04-06 04:45:00,1775450700000,0.013372,0.013372,0.013299,0.013302,746211.8
2026-04-06 05:00:00,1775451600000,0.013302,0.013339,0.0133,0.013314,1005924.4
2026-04-06 05:15:00,1775452500000,0.013314,0.013347,0.013296,0.013309,535814.4
2026-04-06 05:30:00,1775453400000,0.013309,0.013368,0.013309,0.013366,468286.4
2026-04-06 05:45:00,1775454300000,0.013366,0.013377,0.01333,0.013357,1326366.8
2026-04-06 06:00:00,1775455200000,0.013357,0.01338,0.013306,0.013375,1584269.8
2026-04-06 06:15:00,1775456100000,0.013375,0.013375,0.013276,0.013294,1106288.3
2026-04-06 06:30:00,1775457000000,0.013294,0.013364,0.013277,0.013336,1709836.4
2026-04-06 06:45:00,1775457900000,0.013336,0.013376,0.013326,0.013363,2050902.3
2026-04-06 07:00:00,1775458800000,0.013363,0.01338,0.013344,0.01337,643687.7
2026-04-06 07:15:00,1775459700000,0.01337,0.013517,0.013368,0.013445,5084286.1
2026-04-06 07:30:00,1775460600000,0.013445,0.01348,0.013423,0.013472,802261.5
2026-04-06 07:45:00,1775461500000,0.013472,0.013536,0.013443,0.013518,1813480.2
2026-04-06 08:00:00,1775462400000,0.013518,0.013571,0.013501,0.013521,1912988.7
2026-04-06 08:15:00,1775463300000,0.013521,0.013567,0.013511,0.013564,1437529.0
2026-04-06 08:30:00,1775464200000,0.013564,0.013576,0.013514,0.013543,1113606.5
2026-04-06 08:45:00,1775465100000,0.013543,0.013546,0.013502,0.013517,2450810.9
2026-04-06 09:00:00,1775466000000,0.013517,0.013581,0.013516,0.013545,2752168.2
2026-04-06 09:15:00,1775466900000,0.013545,0.013552,0.01344,0.013477,9564293.9
2026-04-06 09:30:00,1775467800000,0.013477,0.013519,0.013448,0.013484,3832278.6
2026-04-06 09:45:00,1775468700000,0.013484,0.013624,0.013484,0.013616,2613558.8
2026-04-06 10:00:00,1775469600000,0.013616,0.013718,0.013616,0.013688,3891433.0
2026-04-06 10:15:00,1775470500000,0.013688,0.013724,0.013658,0.013673,3995284.6
2026-04-06 10:30:00,1775471400000,0.013673,0.013728,0.013649,0.0137,3198483.5
2026-04-06 10:45:00,1775472300000,0.0137,0.013701,0.013595,0.013671,6589810.3
2026-04-06 11:00:00,1775473200000,0.013671,0.013707,0.013647,0.013649,933747.1
2026-04-06 11:15:00,1775474100000,0.013649,0.013656,0.01361,0.01361,1447148.0
2026-04-06 11:30:00,1775475000000,0.01361,0.01361,0.013525,0.013542,1617419.3
2026-04-06 11:45:00,1775475900000,0.013542,0.013567,0.013542,0.013555,914296.0
2026-04-06 12:00:00,1775476800000,0.013555,0.013565,0.013533,0.013559,837183.8
2026-04-06 12:15:00,1775477700000,0.013559,0.013616,0.013528,0.013545,5953742.6
2026-04-06 12:30:00,1775478600000,0.013545,0.01364,0.013526,0.01364,3641970.8
2026-04-06 12:45:00,1775479500000,0.01364,0.013725,0.013549,0.013579,12259531.6
2026-04-06 13:00:00,1775480400000,0.013579,0.013622,0.013523,0.013601,2518194.8
2026-04-06 13:15:00,1775481300000,0.013601,0.013601,0.013548,0.013553,1597159.7
2026-04-06 13:30:00,1775482200000,0.013553,0.013619,0.013537,0.013597,1582739.5
2026-04-06 13:45:00,1775483100000,0.013597,0.013635,0.013594,0.013602,643230.6
2026-04-06 14:00:00,1775484000000,0.013602,0.013621,0.013507,0.013621,3884342.8
2026-04-06 14:15:00,1775484900000,0.013621,0.013676,0.013621,0.013659,1004190.4
2026-04-06 14:30:00,1775485800000,0.013659,0.013659,0.013526,0.013535,1859951.0
2026-04-06 14:45:00,1775486700000,0.013535,0.013623,0.013524,0.013623,591580.6
2026-04-06 15:00:00,1775487600000,0.013623,0.013653,0.013601,0.013615,387116.2
2026-04-06 15:15:00,1775488500000,0.013615,0.01365,0.013604,0.01365,271994.9
2026-04-06 15:30:00,1775489400000,0.01365,0.013669,0.013632,0.013642,520080.1
2026-04-06 15:45:00,1775490300000,0.013642,0.013644,0.013551,0.013561,1224534.5
2026-04-06 16:00:00,1775491200000,0.013561,0.013574,0.013513,0.013574,2011871.4
2026-04-06 16:15:00,1775492100000,0.013574,0.013584,0.013546,0.013555,556111.0
2026-04-06 16:30:00,1775493000000,0.013555,0.013574,0.013539,0.013544,704473.7
2026-04-06 16:45:00,1775493900000,0.013544,0.013569,0.01351,0.01353,968514.0
2026-04-06 17:00:00,1775494800000,0.01353,0.013562,0.013463,0.013479,3990307.2
2026-04-06 17:15:00,1775495700000,0.013479,0.013551,0.013466,0.013541,754759.0
2026-04-06 17:30:00,1775496600000,0.013541,0.013568,0.013532,0.013544,311653.6
2026-04-06 17:45:00,1775497500000,0.013544,0.013625,0.013544,0.013589,642266.6
2026-04-06 18:00:00,1775498400000,0.013589,0.013684,0.013583,0.013667,1313511.2
2026-04-06 18:15:00,1775499300000,0.013667,0.013672,0.013619,0.013659,182019.0
2026-04-06 18:30:00,1775500200000,0.013659,0.013661,0.013631,0.013636,241168.7
2026-04-06 18:45:00,1775501100000,0.013636,0.013641,0.013628,0.013632,55773.3
2026-04-06 19:00:00,1775502000000,0.013632,0.013634,0.013561,0.013573,1176343.1
2026-04-06 19:15:00,1775502900000,0.013573,0.013617,0.013563,0.013617,770375.5
2026-04-06 19:30:00,1775503800000,0.013617,0.013623,0.013592,0.013597,382482.7
2026-04-06 19:45:00,1775504700000,0.013597,0.013597,0.013502,0.013565,7200474.6
2026-04-06 20:00:00,1775505600000,0.013565,0.013602,0.013553,0.013558,1029151.7
2026-04-06 20:15:00,1775506500000,0.013558,0.0136,0.013558,0.013598,596194.2
2026-04-06 20:30:00,1775507400000,0.013598,0.013641,0.013586,0.013632,1317805.1
2026-04-06 20:45:00,1775508300000,0.013632,0.013632,0.013618,0.013624,76063.0
2026-04-06 21:00:00,1775509200000,0.013624,0.013649,0.013604,0.013622,1043707.9
2026-04-06 21:15:00,1775510100000,0.013622,0.013664,0.013583,0.013634,1940146.0
2026-04-06 21:30:00,1775511000000,0.013634,0.013634,0.013606,0.013621,379536.8
2026-04-06 21:45:00,1775511900000,0.013621,0.013621,0.013568,0.013571,564195.6
2026-04-06 22:00:00,1775512800000,0.013571,0.013607,0.013561,0.013593,1397259.2
2026-04-06 22:15:00,1775513700000,0.013593,0.013617,0.013563,0.013579,915714.3
2026-04-06 22:30:00,1775514600000,0.013579,0.013581,0.013502,0.013506,1583427.4
2026-04-06 22:45:00,1775515500000,0.013506,0.013506,0.01337,0.01337,5199111.0
2026-04-06 23:00:00,1775516400000,0.01337,0.013392,0.01326,0.013347,5481178.8
2026-04-06 23:15:00,1775517300000,0.013347,0.013379,0.013295,0.013317,1549073.2
2026-04-06 23:30:00,1775518200000,0.013317,0.013352,0.013288,0.01335,1470951.9
2026-04-06 23:45:00,1775519100000,0.01335,0.013382,0.013321,0.013336,1007724.6
2026-04-07 00:00:00,1775520000000,0.013336,0.013368,0.013297,0.013302,829557.1
2026-04-07 00:15:00,1775520900000,0.013302,0.013334,0.01329,0.013331,657964.7
2026-04-07 00:30:00,1775521800000,0.013331,0.013344,0.013296,0.013339,617989.7
2026-04-07 00:45:00,1775522700000,0.013339,0.013351,0.013327,0.013343,377709.9
2026-04-07 01:00:00,1775523600000,0.013343,0.013343,0.013308,0.013335,496805.1
2026-04-07 01:15:00,1775524500000,0.013335,0.013386,0.013335,0.013346,867472.3
2026-04-07 01:30:00,1775525400000,0.013346,0.013366,0.013303,0.013339,584654.5
2026-04-07 01:45:00,1775526300000,0.013339,0.013339,0.013251,0.013277,1401300.3
2026-04-07 02:00:00,1775527200000,0.013277,0.013317,0.013246,0.013303,1813303.8
2026-04-07 02:15:00,1775528100000,0.013303,0.01337,0.013292,0.013365,643769.6
2026-04-07 02:30:00,1775529000000,0.013365,0.013375,0.013329,0.013343,674224.5
2026-04-07 02:45:00,1775529900000,0.013343,0.013361,0.013322,0.013345,283175.7
2026-04-07 03:00:00,1775530800000,0.013345,0.013408,0.013338,0.013399,956685.4
2026-04-07 03:15:00,1775531700000,0.013399,0.01343,0.013389,0.013419,382106.0
2026-04-07 03:30:00,1775532600000,0.013419,0.013444,0.013411,0.013437,489034.4
2026-04-07 03:45:00,1775533500000,0.013437,0.013446,0.013429,0.013429,606949.3
2026-04-07 04:00:00,1775534400000,0.013429,0.013429,0.013409,0.01342,651213.4
2026-04-07 04:15:00,1775535300000,0.01342,0.013442,0.0134,0.013432,425232.0
2026-04-07 04:30:00,1775536200000,0.013432,0.013472,0.013427,0.013468,557679.7
2026-04-07 04:45:00,1775537100000,0.013468,0.013527,0.013456,0.01348,903471.1
2026-04-07 05:00:00,1775538000000,0.01348,0.013498,0.013452,0.01349,1820090.1
2026-04-07 05:15:00,1775538900000,0.01349,0.013509,0.013441,0.013441,1407422.6
2026-04-07 05:30:00,1775539800000,0.013441,0.013525,0.013423,0.013493,3389498.0
2026-04-07 05:45:00,1775540700000,0.013493,0.013512,0.013423,0.013437,3789142.1
2026-04-07 06:00:00,1775541600000,0.013437,0.01345,0.013401,0.013415,936209.1
2026-04-07 06:15:00,1775542500000,0.013415,0.013415,0.013327,0.01335,1061423.8
2026-04-07 06:30:00,1775543400000,0.01335,0.013361,0.013308,0.013341,1028627.8
2026-04-07 06:45:00,1775544300000,0.013341,0.01339,0.013341,0.013348,787044.5
2026-04-07 07:00:00,1775545200000,0.013348,0.013348,0.013306,0.013336,1051125.3
2026-04-07 07:15:00,1775546100000,0.013336,0.013446,0.013336,0.013437,2255895.3
2026-04-07 07:30:00,1775547000000,0.013437,0.013533,0.013433,0.01353,900541.6
2026-04-07 07:45:00,1775547900000,0.01353,0.013581,0.013507,0.013536,1496783.5
2026-04-07 08:00:00,1775548800000,0.013536,0.013693,0.013536,0.013556,4360603.0
2026-04-07 08:15:00,1775549700000,0.013556,0.013576,0.013515,0.013527,893397.6
2026-04-07 08:30:00,1775550600000,0.013527,0.013557,0.013511,0.013546,882645.0
2026-04-07 08:45:00,1775551500000,0.013546,0.013589,0.013535,0.013535,1451400.4
2026-04-07 09:00:00,1775552400000,0.013535,0.013562,0.013476,0.013506,4133738.7
2026-04-07 09:15:00,1775553300000,0.013506,0.013506,0.013398,0.013443,4185293.8
2026-04-07 09:30:00,1775554200000,0.013443,0.013493,0.013433,0.013473,1608903.0
2026-04-07 09:45:00,1775555100000,0.013473,0.013532,0.013451,0.013491,3983962.2
2026-04-07 10:00:00,1775556000000,0.013491,0.013522,0.013367,0.013388,5436593.8
2026-04-07 10:15:00,1775556900000,0.013388,0.013402,0.013331,0.013363,2027176.8
2026-04-07 10:30:00,1775557800000,0.013363,0.013366,0.013298,0.013317,2453760.4
2026-04-07 10:45:00,1775558700000,0.013317,0.01332,0.013218,0.013294,5676510.2
2026-04-07 11:00:00,1775559600000,0.013294,0.013303,0.013263,0.013291,732717.5
2026-04-07 11:15:00,1775560500000,0.013291,0.013303,0.013244,0.013291,686194.9
2026-04-07 11:30:00,1775561400000,0.013291,0.013295,0.013209,0.013293,2166540.4
2026-04-07 11:45:00,1775562300000,0.013293,0.013293,0.013243,0.013285,756426.2
2026-04-07 12:00:00,1775563200000,0.013285,0.013285,0.013131,0.013181,6031221.0
2026-04-07 12:15:00,1775564100000,0.013181,0.013207,0.013159,0.013173,1567605.6
2026-04-07 12:30:00,1775565000000,0.013173,0.013205,0.013111,0.013134,2085870.0
2026-04-07 12:45:00,1775565900000,0.013134,0.013223,0.013121,0.013178,2257594.9
2026-04-07 13:00:00,1775566800000,0.013178,0.013254,0.013163,0.013229,2475552.0
2026-04-07 13:15:00,1775567700000,0.013229,0.013229,0.013159,0.013175,1019447.6
2026-04-07 13:30:00,1775568600000,0.013175,0.013224,0.013175,0.013203,1247094.8
2026-04-07 13:45:00,1775569500000,0.013203,0.013214,0.01317,0.01317,822368.0
2026-04-07 14:00:00,1775570400000,0.01317,0.013204,0.013118,0.013189,3658099.2
2026-04-07 14:15:00,1775571300000,0.013189,0.013288,0.01318,0.013281,1088300.5
2026-04-07 14:30:00,1775572200000,0.013281,0.013281,0.013172,0.013195,1247304.8
2026-04-07 14:45:00,1775573100000,0.013195,0.013227,0.013157,0.013158,1021085.7
2026-04-07 15:00:00,1775574000000,0.013158,0.013217,0.01315,0.013217,804223.6
2026-04-07 15:15:00,1775574900000,0.013217,0.013288,0.013216,0.013272,1087963.9
2026-04-07 15:30:00,1775575800000,0.013272,0.013302,0.013239,0.013256,3174447.9
2026-04-07 15:45:00,1775576700000,0.013256,0.013256,0.0132,0.01322,2297719.0
2026-04-07 16:00:00,1775577600000,0.01322,0.013237,0.013202,0.013222,742443.3
2026-04-07 16:15:00,1775578500000,0.013222,0.013242,0.013196,0.013236,859627.3
2026-04-07 16:30:00,1775579400000,0.013236,0.013243,0.013226,0.013229,197958.4
2026-04-07 16:45:00,1775580300000,0.013229,0.013238,0.013209,0.013209,112960.2
2026-04-07 17:00:00,1775581200000,0.013209,0.013241,0.013196,0.013213,442694.8
2026-04-07 17:15:00,1775582100000,0.013213,0.0133,0.013211,0.013272,1568977.9
2026-04-07 17:30:00,1775583000000,0.013272,0.013411,0.013272,0.013363,1430507.5
2026-04-07 17:45:00,1775583900000,0.013363,0.01339,0.013363,0.013374,550537.4
2026-04-07 18:00:00,1775584800000,0.013374,0.01342,0.013351,0.013377,805438.3
2026-04-07 18:15:00,1775585700000,0.013377,0.013389,0.013362,0.013376,674054.8
2026-04-07 18:30:00,1775586600000,0.013376,0.013387,0.013338,0.013338,841863.4
2026-04-07 18:45:00,1775587500000,0.013338,0.013345,0.013298,0.013322,1060801.8
2026-04-07 19:00:00,1775588400000,0.013322,0.013349,0.013314,0.013343,490541.7
2026-04-07 19:15:00,1775589300000,0.013343,0.013375,0.013321,0.013351,378520.2
2026-04-07 19:30:00,1775590200000,0.013351,0.013353,0.013324,0.01334,469362.9
2026-04-07 19:45:00,1775591100000,0.01334,0.013429,0.01334,0.013429,1337734.5
2026-04-07 20:00:00,1775592000000,0.013429,0.013481,0.013424,0.01345,2380864.3
2026-04-07 20:15:00,1775592900000,0.01345,0.013479,0.013431,0.013461,1312634.9
2026-04-07 20:30:00,1775593800000,0.013461,0.01347,0.013428,0.013428,1130110.1
2026-04-07 20:45:00,1775594700000,0.013428,0.013443,0.013419,0.013437,824469.8
2026-04-07 21:00:00,1775595600000,0.013437,0.013592,0.013423,0.013556,1839275.4
2026-04-07 21:15:00,1775596500000,0.013556,0.013565,0.0135,0.013528,802045.6
2026-04-07 21:30:00,1775597400000,0.013528,0.013633,0.013526,0.013632,1109718.6
2026-04-07 21:45:00,1775598300000,0.013632,0.013725,0.013632,0.013712,2005783.3
2026-04-07 22:00:00,1775599200000,0.013712,0.013773,0.013701,0.013756,2143675.9
2026-04-07 22:15:00,1775600100000,0.013756,0.013774,0.01373,0.013747,840699.1
2026-04-07 22:30:00,1775601000000,0.013747,0.013897,0.013742,0.013867,6193808.0
2026-04-07 22:45:00,1775601900000,0.013867,0.014019,0.013862,0.014019,3129745.0
2026-04-07 23:00:00,1775602800000,0.014019,0.014064,0.013966,0.014002,3176548.8
2026-04-07 23:15:00,1775603700000,0.014002,0.014154,0.013995,0.014152,2770321.3
2026-04-07 23:30:00,1775604600000,0.014152,0.014184,0.014126,0.014154,3402550.8
2026-04-07 23:45:00,1775605500000,0.014154,0.014187,0.014129,0.014134,3181249.3
2026-04-08 00:00:00,1775606400000,0.014134,0.014159,0.014083,0.014145,2267129.1
2026-04-08 00:15:00,1775607300000,0.014145,0.014152,0.014067,0.014072,907441.7
2026-04-08 00:30:00,1775608200000,0.014072,0.014076,0.014029,0.01406,1274757.8
2026-04-08 00:45:00,1775609100000,0.01406,0.014063,0.014003,0.014034,1116683.2
2026-04-08 01:00:00,1775610000000,0.014034,0.014041,0.013977,0.014,1255823.9
2026-04-08 01:15:00,1775610900000,0.014,0.014007,0.013977,0.013991,243400.7
2026-04-08 01:30:00,1775611800000,0.013991,0.014086,0.013954,0.01405,2029903.6
2026-04-08 01:45:00,1775612700000,0.01405,0.014095,0.013994,0.014073,2170957.6
2026-04-08 02:00:00,1775613600000,0.014073,0.014138,0.014043,0.014101,1290319.5
2026-04-08 02:15:00,1775614500000,0.014101,0.014105,0.014003,0.014009,1547264.7
2026-04-08 02:30:00,1775615400000,0.014009,0.014011,0.013931,0.013937,1910350.0
2026-04-08 02:45:00,1775616300000,0.013937,0.013953,0.01392,0.013923,1229452.3
2026-04-08 03:00:00,1775617200000,0.013923,0.013947,0.013908,0.013936,1254812.2
2026-04-08 03:15:00,1775618100000,0.013936,0.013936,0.013894,0.013915,959364.4
2026-04-08 03:30:00,1775619000000,0.013915,0.013919,0.013845,0.01386,1243184.6
2026-04-08 03:45:00,1775619900000,0.01386,0.013877,0.013839,0.013851,941053.8
2026-04-08 04:00:00,1775620800000,0.013851,0.013875,0.013791,0.013818,2764228.0
2026-04-08 04:15:00,1775621700000,0.013818,0.01384,0.01379,0.013815,785591.4
2026-04-08 04:30:00,1775622600000,0.013815,0.013815,0.013748,0.013749,1328546.8
2026-04-08 04:45:00,1775623500000,0.013749,0.013757,0.013714,0.01372,2560526.7
2026-04-08 05:00:00,1775624400000,0.01372,0.013731,0.013684,0.013702,1404514.1
2026-04-08 05:15:00,1775625300000,0.013702,0.01372,0.013681,0.013701,913867.8
2026-04-08 05:30:00,1775626200000,0.013701,0.013798,0.013696,0.013766,3710188.3
2026-04-08 05:45:00,1775627100000,0.013766,0.013779,0.013734,0.013742,979482.7
2026-04-08 06:00:00,1775628000000,0.013742,0.013747,0.013649,0.013661,3149794.8
2026-04-08 06:15:00,1775628900000,0.013661,0.013744,0.013656,0.013672,4948420.6
2026-04-08 06:30:00,1775629800000,0.013672,0.013815,0.013646,0.013761,6654240.7
2026-04-08 06:45:00,1775630700000,0.013761,0.013773,0.013718,0.013735,3786983.1
2026-04-08 07:00:00,1775631600000,0.013735,0.013755,0.013605,0.013653,4334603.0
2026-04-08 07:15:00,1775632500000,0.013653,0.013787,0.013653,0.013761,2881779.0
2026-04-08 07:30:00,1775633400000,0.013761,0.013799,0.013735,0.013774,1336708.5
2026-04-08 07:45:00,1775634300000,0.013774,0.01383,0.013771,0.01382,723689.8
2026-04-08 08:00:00,1775635200000,0.01382,0.013839,0.013768,0.01378,1847506.8
2026-04-08 08:15:00,1775636100000,0.01378,0.013792,0.013768,0.013773,343209.4
2026-04-08 08:30:00,1775637000000,0.013773,0.013857,0.01374,0.013856,2723606.5
2026-04-08 08:45:00,1775637900000,0.013856,0.013889,0.013835,0.01384,3367539.4
2026-04-08 09:00:00,1775638800000,0.01384,0.013844,0.013749,0.013755,1644570.9
2026-04-08 09:15:00,1775639700000,0.013755,0.01386,0.013751,0.013834,1014787.0
2026-04-08 09:30:00,1775640600000,0.013834,0.013859,0.013773,0.013777,1137780.2
2026-04-08 09:45:00,1775641500000,0.013777,0.013831,0.013775,0.013811,889711.6
2026-04-08 10:00:00,1775642400000,0.013811,0.013842,0.013768,0.013781,1276151.7
2026-04-08 10:15:00,1775643300000,0.013781,0.013781,0.013741,0.013755,263625.1
2026-04-08 10:30:00,1775644200000,0.013755,0.013757,0.013711,0.013731,884679.1
2026-04-08 10:45:00,1775645100000,0.013731,0.013741,0.013718,0.013718,242487.9
2026-04-08 11:00:00,1775646000000,0.013718,0.013762,0.013689,0.013736,1946368.3
2026-04-08 11:15:00,1775646900000,0.013736,0.013749,0.013708,0.013729,559095.4
2026-04-08 11:30:00,1775647800000,0.013729,0.013729,0.013624,0.013665,1933904.7
2026-04-08 11:45:00,1775648700000,0.013665,0.013715,0.013652,0.013694,523189.5
2026-04-08 12:00:00,1775649600000,0.013694,0.013733,0.013682,0.013713,1889691.9
2026-04-08 12:15:00,1775650500000,0.013713,0.013725,0.013648,0.013667,668311.5
2026-04-08 12:30:00,1775651400000,0.013667,0.013717,0.013652,0.013675,1227769.8
2026-04-08 12:45:00,1775652300000,0.013675,0.013686,0.013657,0.013667,636618.8
2026-04-08 13:00:00,1775653200000,0.013667,0.013778,0.013657,0.013746,1864062.8
2026-04-08 13:15:00,1775654100000,0.013746,0.013754,0.013702,0.013723,577477.2
2026-04-08 13:30:00,1775655000000,0.013723,0.013766,0.013691,0.013734,954507.0
2026-04-08 13:45:00,1775655900000,0.013734,0.0138,0.013718,0.013727,1347078.3
2026-04-08 14:00:00,1775656800000,0.013727,0.013751,0.013658,0.013709,2075364.2
2026-04-08 14:15:00,1775657700000,0.013709,0.013742,0.013629,0.013651,1794969.4
2026-04-08 14:30:00,1775658600000,0.013651,0.013651,0.013519,0.013534,2630183.4
2026-04-08 14:45:00,1775659500000,0.013534,0.013545,0.01341,0.013459,5945414.4
2026-04-08 15:00:00,1775660400000,0.013459,0.013499,0.013443,0.013459,2203814.6
2026-04-08 15:15:00,1775661300000,0.013459,0.013548,0.013449,0.013476,1243596.0
2026-04-08 15:30:00,1775662200000,0.013476,0.013536,0.01346,0.013518,594813.1
2026-04-08 15:45:00,1775663100000,0.013518,0.013539,0.013511,0.01353,847428.9
2026-04-08 16:00:00,1775664000000,0.01353,0.013548,0.013479,0.013481,1743186.5
2026-04-08 16:15:00,1775664900000,0.013481,0.013482,0.013446,0.013468,2389568.2
2026-04-08 16:30:00,1775665800000,0.013468,0.013528,0.013455,0.013484,2661634.9
2026-04-08 16:45:00,1775666700000,0.013484,0.013512,0.013477,0.013495,1485208.3
2026-04-08 17:00:00,1775667600000,0.013495,0.013563,0.013495,0.013562,1591547.7
2026-04-08 17:15:00,1775668500000,0.013562,0.013562,0.013458,0.013466,2104993.3
2026-04-08 17:30:00,1775669400000,0.013466,0.013499,0.013429,0.013459,2091637.2
2026-04-08 17:45:00,1775670300000,0.013459,0.013484,0.01344,0.013445,596546.7
2026-04-08 18:00:00,1775671200000,0.013445,0.013471,0.013424,0.013444,2503486.2
2026-04-08 18:15:00,1775672100000,0.013444,0.013453,0.013324,0.01334,4951935.6
2026-04-08 18:30:00,1775673000000,0.01334,0.013409,0.013328,0.013332,1817610.3
2026-04-08 18:45:00,1775673900000,0.013332,0.013353,0.013238,0.013245,2833228.5
2026-04-08 19:00:00,1775674800000,0.013245,0.013293,0.013236,0.013291,2493797.4
2026-04-08 19:15:00,1775675700000,0.013291,0.013314,0.013245,0.013253,1379683.0
2026-04-08 19:30:00,1775676600000,0.013253,0.013319,0.013232,0.013279,2661177.0
2026-04-08 19:45:00,1775677500000,0.013279,0.013322,0.013267,0.013322,2003072.2
2026-04-08 20:00:00,1775678400000,0.013322,0.013379,0.013318,0.013335,1325699.3
2026-04-08 20:15:00,1775679300000,0.013335,0.01334,0.01326,0.01327,1076371.4
2026-04-08 20:30:00,1775680200000,0.01327,0.013277,0.0132,0.013227,1357396.2
2026-04-08 20:45:00,1775681100000,0.013227,0.013231,0.013203,0.01322,1215409.5
2026-04-08 21:00:00,1775682000000,0.01322,0.013224,0.013167,0.013197,4226163.4
2026-04-08 21:15:00,1775682900000,0.013197,0.013315,0.013195,0.013273,966833.6
2026-04-08 21:30:00,1775683800000,0.013273,0.013288,0.013231,0.013234,835065.4
2026-04-08 21:45:00,1775684700000,0.013234,0.013259,0.013215,0.013252,896613.4
2026-04-08 22:00:00,1775685600000,0.013252,0.013252,0.013184,0.013207,1025708.6
2026-04-08 22:15:00,1775686500000,0.013207,0.013225,0.01309,0.013117,3731455.8
2026-04-08 22:30:00,1775687400000,0.013117,0.013167,0.013082,0.01311,2307278.4
2026-04-08 22:45:00,1775688300000,0.01311,0.01314,0.012962,0.013015,10552174.5
2026-04-08 23:00:00,1775689200000,0.013015,0.013032,0.012916,0.013026,6132602.6
2026-04-08 23:15:00,1775690100000,0.013026,0.013048,0.012985,0.013009,2085541.8
2026-04-08 23:30:00,1775691000000,0.013009,0.013064,0.012983,0.013006,6078221.2
2026-04-08 23:45:00,1775691900000,0.013006,0.013066,0.013,0.013021,2037628.4
2026-04-09 00:00:00,1775692800000,0.013021,0.013047,0.012934,0.012962,4800727.8
2026-04-09 00:15:00,1775693700000,0.012962,0.01298,0.012872,0.01289,5589038.2
2026-04-09 00:30:00,1775694600000,0.01289,0.012941,0.012884,0.012911,6768907.9
2026-04-09 00:45:00,1775695500000,0.012911,0.012939,0.012879,0.01293,2160989.6
2026-04-09 01:00:00,1775696400000,0.01293,0.012938,0.012833,0.012868,3754080.2
2026-04-09 01:15:00,1775697300000,0.012868,0.01292,0.012826,0.012898,5473101.8
2026-04-09 01:30:00,1775698200000,0.012898,0.012954,0.012866,0.012866,1531138.1
2026-04-09 01:45:00,1775699100000,0.012866,0.012907,0.01283,0.012896,2035681.1
2026-04-09 02:00:00,1775700000000,0.012896,0.012921,0.012848,0.012856,4082764.6
2026-04-09 02:15:00,1775700900000,0.012856,0.012941,0.01285,0.01294,1427782.8
2026-04-09 02:30:00,1775701800000,0.01294,0.012962,0.012907,0.012962,875105.1
2026-04-09 02:45:00,1775702700000,0.012962,0.013013,0.012949,0.012983,1274045.8
2026-04-09 03:00:00,1775703600000,0.012983,0.012996,0.012922,0.012945,1788091.6
2026-04-09 03:15:00,1775704500000,0.012945,0.012961,0.01292,0.012939,1352157.0
2026-04-09 03:30:00,1775705400000,0.012939,0.013092,0.012939,0.013027,6488397.0
2026-04-09 03:45:00,1775706300000,0.013027,0.013036,0.013003,0.013008,1568789.6
2026-04-09 04:00:00,1775707200000,0.013008,0.013112,0.012979,0.013076,3633948.5
2026-04-09 04:15:00,1775708100000,0.013076,0.013138,0.013072,0.013131,1483240.7
2026-04-09 04:30:00,1775709000000,0.013131,0.013173,0.01305,0.013113,5394958.8
2026-04-09 04:45:00,1775709900000,0.013113,0.013126,0.013028,0.01304,1341606.9
2026-04-09 05:00:00,1775710800000,0.01304,0.013046,0.013007,0.013023,617175.5
2026-04-09 05:15:00,1775711700000,0.013023,0.013103,0.013022,0.013103,1068099.9
2026-04-09 05:30:00,1775712600000,0.013103,0.01318,0.013103,0.013133,1412082.7
2026-04-09 05:45:00,1775713500000,0.013133,0.013133,0.013028,0.01305,1190820.7
2026-04-09 06:00:00,1775714400000,0.01305,0.013119,0.012947,0.012962,6160081.2
2026-04-09 06:15:00,1775715300000,0.012962,0.013012,0.012932,0.013012,3047651.5
2026-04-09 06:30:00,1775716200000,0.013012,0.013034,0.012994,0.013018,1174599.5
2026-04-09 06:45:00,1775717100000,0.013018,0.013084,0.013018,0.013069,1376050.5
2026-04-09 07:00:00,1775718000000,0.013069,0.013132,0.013036,0.013112,1439931.4
2026-04-09 07:15:00,1775718900000,0.013112,0.013113,0.013001,0.013057,5727988.0
2026-04-09 07:30:00,1775719800000,0.013057,0.01306,0.012906,0.012927,5565891.2
2026-04-09 07:45:00,1775720700000,0.012927,0.012975,0.012899,0.012948,2038743.7
2026-04-09 08:00:00,1775721600000,0.012948,0.013074,0.012947,0.013032,3721336.3
2026-04-09 08:15:00,1775722500000,0.013032,0.01304,0.012994,0.013007,969173.5
2026-04-09 08:30:00,1775723400000,0.013007,0.013057,0.013004,0.013057,988511.7
2026-04-09 08:45:00,1775724300000,0.013057,0.013057,0.013003,0.013016,462256.9
2026-04-09 09:00:00,1775725200000,0.013016,0.013025,0.01293,0.012963,3815962.1
2026-04-09 09:15:00,1775726100000,0.012963,0.013008,0.012961,0.012996,3493653.7
2026-04-09 09:30:00,1775727000000,0.012996,0.013042,0.012975,0.013023,1503852.0
2026-04-09 09:45:00,1775727900000,0.013023,0.013072,0.013019,0.013058,979411.7
2026-04-09 10:00:00,1775728800000,0.013058,0.013126,0.013046,0.013118,2622752.7
2026-04-09 10:15:00,1775729700000,0.013118,0.013141,0.013102,0.013116,853442.5
2026-04-09 10:30:00,1775730600000,0.013116,0.013117,0.01305,0.013074,1512639.9
2026-04-09 10:45:00,1775731500000,0.013074,0.01313,0.01306,0.013106,1318308.6
2026-04-09 11:00:00,1775732400000,0.013106,0.01312,0.013048,0.013077,1991327.4
2026-04-09 11:15:00,1775733300000,0.013077,0.01308,0.013028,0.013054,1716104.9
2026-04-09 11:30:00,1775734200000,0.013054,0.01309,0.013046,0.013072,682281.7
2026-04-09 11:45:00,1775735100000,0.013072,0.013077,0.013044,0.013059,460365.7
2026-04-09 12:00:00,1775736000000,0.013059,0.013149,0.013059,0.013114,1461868.9
2026-04-09 12:15:00,1775736900000,0.013114,0.013226,0.0131,0.013215,2269645.8
2026-04-09 12:30:00,1775737800000,0.013215,0.013215,0.013148,0.01318,1665405.8
2026-04-09 12:45:00,1775738700000,0.01318,0.013243,0.01318,0.013224,2423290.3
2026-04-09 13:00:00,1775739600000,0.013224,0.013245,0.013186,0.013215,1509186.5
2026-04-09 13:15:00,1775740500000,0.013215,0.013227,0.013146,0.013194,3386004.4
2026-04-09 13:30:00,1775741400000,0.013194,0.013253,0.013194,0.013226,1512801.8
2026-04-09 13:45:00,1775742300000,0.013226,0.013236,0.013142,0.013211,2446940.2
2026-04-09 14:00:00,1775743200000,0.013211,0.01323,0.013143,0.01317,4013704.0
2026-04-09 14:15:00,1775744100000,0.01317,0.013179,0.01313,0.013159,1608310.9
2026-04-09 14:30:00,1775745000000,0.013159,0.013223,0.013157,0.013213,2163783.4
2026-04-09 14:45:00,1775745900000,0.013213,0.013252,0.013193,0.013201,785654.9
2026-04-09 15:00:00,1775746800000,0.013201,0.013282,0.013156,0.013282,2482665.7
2026-04-09 15:15:00,1775747700000,0.013282,0.013339,0.013244,0.013256,2686899.3
2026-04-09 15:30:00,1775748600000,0.013256,0.013354,0.013211,0.013338,2201666.4
2026-04-09 15:45:00,1775749500000,0.013338,0.01344,0.013329,0.013367,3380199.5
2026-04-09 16:00:00,1775750400000,0.013367,0.013498,0.013367,0.013464,4059795.7
2026-04-09 16:15:00,1775751300000,0.013464,0.013482,0.013416,0.013442,2414958.9
2026-04-09 16:30:00,1775752200000,0.013442,0.013448,0.013355,0.013413,1257814.6
2026-04-09 16:45:00,1775753100000,0.013413,0.01344,0.013376,0.013428,1870717.7
2026-04-09 17:00:00,1775754000000,0.013428,0.013498,0.013423,0.013481,1610180.9
2026-04-09 17:15:00,1775754900000,0.013481,0.013531,0.013418,0.013438,2649011.6
2026-04-09 17:30:00,1775755800000,0.013438,0.013483,0.013379,0.013474,2719390.9
2026-04-09 17:45:00,1775756700000,0.013474,0.013554,0.013468,0.013554,1415185.1
2026-04-09 18:00:00,1775757600000,0.013554,0.013557,0.013429,0.013439,1154654.6
2026-04-09 18:15:00,1775758500000,0.013439,0.013475,0.013403,0.013461,1081228.2
2026-04-09 18:30:00,1775759400000,0.013461,0.013461,0.013413,0.013454,568352.1
2026-04-09 18:45:00,1775760300000,0.013454,0.013468,0.013445,0.013456,364518.9
2026-04-09 19:00:00,1775761200000,0.013456,0.013485,0.013426,0.013453,1177829.3
2026-04-09 19:15:00,1775762100000,0.013453,0.013459,0.013408,0.013427,553316.0
2026-04-09 19:30:00,1775763000000,0.013427,0.013459,0.013408,0.013454,1172368.1
2026-04-09 19:45:00,1775763900000,0.013454,0.013481,0.013433,0.013445,766392.1
2026-04-09 20:00:00,1775764800000,0.013445,0.01351,0.013432,0.013501,1364496.9
2026-04-09 20:15:00,1775765700000,0.013501,0.01354,0.01348,0.013496,746570.4
2026-04-09 20:30:00,1775766600000,0.013496,0.013496,0.013451,0.013453,924063.9
2026-04-09 20:45:00,1775767500000,0.013453,0.01355,0.013447,0.013538,1548340.6
2026-04-09 21:00:00,1775768400000,0.013538,0.013587,0.013497,0.013522,1629170.9
2026-04-09 21:15:00,1775769300000,0.013522,0.013542,0.013504,0.013516,419758.9
2026-04-09 21:30:00,1775770200000,0.013516,0.013549,0.0135,0.013541,530483.8
2026-04-09 21:45:00,1775771100000,0.013541,0.013563,0.01352,0.01352,648451.0
2026-04-09 22:00:00,1775772000000,0.01352,0.013596,0.01352,0.013586,985342.1
2026-04-09 22:15:00,1775772900000,0.013586,0.013741,0.013578,0.013589,4984517.2
2026-04-09 22:30:00,1775773800000,0.013589,0.013657,0.013562,0.013624,2291501.8
2026-04-09 22:45:00,1775774700000,0.013624,0.013641,0.01353,0.013548,1923201.8
2026-04-09 23:00:00,1775775600000,0.013548,0.013552,0.013459,0.013489,3735470.3
2026-04-09 23:15:00,1775776500000,0.013489,0.013514,0.013425,0.01343,1663923.6
2026-04-09 23:30:00,1775777400000,0.01343,0.013431,0.013262,0.013326,7734614.4
2026-04-09 23:45:00,1775778300000,0.013326,0.013338,0.013268,0.013289,1563869.1
2026-04-10 00:00:00,1775779200000,0.013289,0.013348,0.013172,0.013194,6412825.1
2026-04-10 00:15:00,1775780100000,0.013194,0.013206,0.013075,0.013146,3751321.9
2026-04-10 00:30:00,1775781000000,0.013146,0.013194,0.013105,0.013154,1072509.7
2026-04-10 00:45:00,1775781900000,0.013154,0.013175,0.013119,0.013142,1242842.6
2026-04-10 01:00:00,1775782800000,0.013142,0.013142,0.01311,0.013118,1662396.3
2026-04-10 01:15:00,1775783700000,0.013118,0.013133,0.013028,0.013073,2331040.2
2026-04-10 01:30:00,1775784600000,0.013073,0.013174,0.01307,0.013133,1395770.0
2026-04-10 01:45:00,1775785500000,0.013133,0.013135,0.013051,0.013053,1121212.7
2026-04-10 02:00:00,1775786400000,0.013053,0.013123,0.013041,0.01306,4614206.6
2026-04-10 02:15:00,1775787300000,0.01306,0.013123,0.013026,0.013123,2053801.2
2026-04-10 02:30:00,1775788200000,0.013123,0.01315,0.013108,0.013131,893452.4
2026-04-10 02:45:00,1775789100000,0.013131,0.013142,0.013085,0.013085,591899.1
2026-04-10 03:00:00,1775790000000,0.013085,0.013092,0.012991,0.013003,2346316.2
2026-04-10 03:15:00,1775790900000,0.013003,0.013003,0.012919,0.01292,2186339.4
2026-04-10 03:30:00,1775791800000,0.01292,0.012963,0.012898,0.012925,1392068.8
2026-04-10 03:45:00,1775792700000,0.012925,0.012967,0.012895,0.012897,2560124.5
2026-04-10 04:00:00,1775793600000,0.012897,0.012937,0.012863,0.012881,3327205.7
2026-04-10 04:15:00,1775794500000,0.012881,0.01293,0.01287,0.01287,2544400.3
2026-04-10 04:30:00,1775795400000,0.01287,0.012945,0.012864,0.012894,2502513.7
2026-04-10 04:45:00,1775796300000,0.012894,0.013041,0.012883,0.013013,6709700.5
2026-04-10 05:00:00,1775797200000,0.013013,0.013023,0.01293,0.012948,2092248.2
2026-04-10 05:15:00,1775798100000,0.012948,0.013022,0.012923,0.013022,2534372.3
2026-04-10 05:30:00,1775799000000,0.013022,0.01308,0.013022,0.013027,1663321.7
2026-04-10 05:45:00,1775799900000,0.013027,0.013081,0.013018,0.013018,2118512.1
2026-04-10 06:00:00,1775800800000,0.013018,0.013053,0.012962,0.012998,4131804.9
2026-04-10 06:15:00,1775801700000,0.012998,0.013001,0.012918,0.012927,1847750.6
2026-04-10 06:30:00,1775802600000,0.012927,0.012972,0.012918,0.012943,1112968.0
2026-04-10 06:45:00,1775803500000,0.012943,0.012943,0.012837,0.012925,3813882.0
2026-04-10 07:00:00,1775804400000,0.012925,0.012946,0.012909,0.012918,1385019.3
2026-04-10 07:15:00,1775805300000,0.012918,0.012935,0.012908,0.012927,366414.7
2026-04-10 07:30:00,1775806200000,0.012927,0.012999,0.012915,0.01293,1275754.6
2026-04-10 07:45:00,1775807100000,0.01293,0.01293,0.012851,0.012866,3077665.7
2026-04-10 08:00:00,1775808000000,0.012866,0.012871,0.012838,0.012856,743129.0
2026-04-10 08:15:00,1775808900000,0.012856,0.012927,0.012838,0.012919,3476442.5
2026-04-10 08:30:00,1775809800000,0.012919,0.012982,0.012917,0.012926,1585847.0
2026-04-10 08:45:00,1775810700000,0.012926,0.012926,0.012818,0.012832,1979708.8
2026-04-10 09:00:00,1775811600000,0.012832,0.012905,0.012832,0.012868,2516951.4
2026-04-10 09:15:00,1775812500000,0.012868,0.012906,0.012842,0.012859,2134426.1
2026-04-10 09:30:00,1775813400000,0.012859,0.01291,0.012848,0.01286,3067548.5
2026-04-10 09:45:00,1775814300000,0.01286,0.012917,0.012829,0.012901,2881078.0
2026-04-10 10:00:00,1775815200000,0.012901,0.012901,0.012838,0.012848,1510420.5
2026-04-10 10:15:00,1775816100000,0.012848,0.012866,0.012822,0.012847,1390619.6
2026-04-10 10:30:00,1775817000000,0.012847,0.012848,0.012705,0.012717,15233870.9
2026-04-10 10:45:00,1775817900000,0.012717,0.012778,0.012692,0.012761,9948486.8
2026-04-10 11:00:00,1775818800000,0.012761,0.012801,0.012748,0.012786,2690618.9
2026-04-10 11:15:00,1775819700000,0.012786,0.012828,0.01275,0.012823,1944236.2
2026-04-10 11:30:00,1775820600000,0.012823,0.012845,0.012776,0.012788,1715491.1
2026-04-10 11:45:00,1775821500000,0.012788,0.012814,0.012773,0.012811,1303504.0
2026-04-10 12:00:00,1775822400000,0.012811,0.01295,0.012811,0.012902,4966660.3
2026-04-10 12:15:00,1775823300000,0.012902,0.012976,0.012883,0.012935,3951585.5
2026-04-10 12:30:00,1775824200000,0.012935,0.012976,0.012888,0.012942,6020280.3
2026-04-10 12:45:00,1775825100000,0.012942,0.012942,0.012873,0.012906,2669320.9
2026-04-10 13:00:00,1775826000000,0.012906,0.012973,0.0129,0.012954,1295826.7
2026-04-10 13:15:00,1775826900000,0.012954,0.012968,0.012912,0.012923,2793707.9
2026-04-10 13:30:00,1775827800000,0.012923,0.012959,0.012872,0.012941,1527432.8
2026-04-10 13:45:00,1775828700000,0.012941,0.013022,0.012922,0.01295,2312088.2
2026-04-10 14:00:00,1775829600000,0.01295,0.012966,0.012897,0.012949,1431349.4
2026-04-10 14:15:00,1775830500000,0.012949,0.012979,0.012929,0.012973,2172496.7
2026-04-10 14:30:00,1775831400000,0.012973,0.013041,0.012973,0.013041,3804114.5
2026-04-10 14:45:00,1775832300000,0.013041,0.013068,0.01301,0.013067,1403731.7
2026-04-10 15:00:00,1775833200000,0.013067,0.01316,0.013066,0.013146,3611600.2
2026-04-10 15:15:00,1775834100000,0.013146,0.013146,0.013017,0.013042,3815848.5
2026-04-10 15:30:00,1775835000000,0.013042,0.013072,0.012978,0.013043,3576010.0
2026-04-10 15:45:00,1775835900000,0.013043,0.013048,0.012988,0.013018,2233157.2
2026-04-10 16:00:00,1775836800000,0.013018,0.013112,0.013005,0.013101,3182748.2
2026-04-10 16:15:00,1775837700000,0.013101,0.013184,0.013098,0.013145,993857.5
2026-04-10 16:30:00,1775838600000,0.013145,0.01318,0.013109,0.013115,3847803.6
2026-04-10 16:45:00,1775839500000,0.013115,0.01314,0.013048,0.013057,3432150.7
2026-04-10 17:00:00,1775840400000,0.013057,0.013078,0.012949,0.012998,8960833.9
2026-04-10 17:15:00,1775841300000,0.012998,0.013079,0.012986,0.013062,4675658.5
2026-04-10 17:30:00,1775842200000,0.013062,0.013168,0.013061,0.013167,1865648.0
2026-04-10 17:45:00,1775843100000,0.013167,0.013173,0.013049,0.013066,3260278.0
2026-04-10 18:00:00,1775844000000,0.013066,0.013126,0.013054,0.013125,1576959.9
2026-04-10 18:15:00,1775844900000,0.013125,0.013237,0.013125,0.013224,5062423.8
2026-04-10 18:30:00,1775845800000,0.013224,0.01325,0.013152,0.013213,2668782.4
2026-04-10 18:45:00,1775846700000,0.013213,0.013245,0.013193,0.013238,1389305.3
2026-04-10 19:00:00,1775847600000,0.013238,0.013346,0.013234,0.013334,3172713.9
2026-04-10 19:15:00,1775848500000,0.013334,0.013334,0.013236,0.013236,1613925.2
2026-04-10 19:30:00,1775849400000,0.013236,0.013236,0.013187,0.013212,1937705.6
2026-04-10 19:45:00,1775850300000,0.013212,0.01326,0.013212,0.013255,981126.0
2026-04-10 20:00:00,1775851200000,0.013255,0.013352,0.013255,0.013271,2710005.9
2026-04-10 20:15:00,1775852100000,0.013271,0.013271,0.013213,0.013228,1084064.8
2026-04-10 20:30:00,1775853000000,0.013228,0.013236,0.01311,0.013125,5072254.3
2026-04-10 20:45:00,1775853900000,0.013125,0.013214,0.013103,0.013204,2881275.1
2026-04-10 21:00:00,1775854800000,0.013204,0.013211,0.01303,0.013112,9105938.4
2026-04-10 21:15:00,1775855700000,0.013112,0.013123,0.013054,0.013116,2467992.0
2026-04-10 21:30:00,1775856600000,0.013116,0.01314,0.013075,0.013111,1460302.9
2026-04-10 21:45:00,1775857500000,0.013111,0.013155,0.01311,0.013138,386391.6
2026-04-10 22:00:00,1775858400000,0.013138,0.013145,0.013085,0.013088,815431.3
2026-04-10 22:15:00,1775859300000,0.013088,0.013089,0.013008,0.013012,7581015.6
2026-04-10 22:30:00,1775860200000,0.013012,0.013014,0.012961,0.012999,2868477.1
2026-04-10 22:45:00,1775861100000,0.012999,0.013047,0.012999,0.013023,2507268.3
2026-04-10 23:00:00,1775862000000,0.013023,0.013036,0.01294,0.012957,3760271.9
2026-04-10 23:15:00,1775862900000,0.012957,0.012986,0.012948,0.012972,932716.9
2026-04-10 23:30:00,1775863800000,0.012972,0.013019,0.012965,0.013018,1217781.8
2026-04-10 23:45:00,1775864700000,0.013018,0.01302,0.012959,0.012981,1916462.3
2026-04-11 00:00:00,1775865600000,0.012981,0.013004,0.012846,0.01289,9363553.7
2026-04-11 00:15:00,1775866500000,0.01289,0.012915,0.012885,0.012915,1395003.9
2026-04-11 00:30:00,1775867400000,0.012915,0.012954,0.012908,0.01292,1480138.4
2026-04-11 00:45:00,1775868300000,0.01292,0.012992,0.012871,0.012935,2646438.5
2026-04-11 01:00:00,1775869200000,0.012935,0.012955,0.012849,0.01286,1549028.1
2026-04-11 01:15:00,1775870100000,0.01286,0.01286,0.012778,0.012804,3395444.2
2026-04-11 01:30:00,1775871000000,0.012804,0.012828,0.012773,0.012822,1519943.9
2026-04-11 01:45:00,1775871900000,0.012822,0.012887,0.012814,0.012836,2597578.9
2026-04-11 02:00:00,1775872800000,0.012836,0.012844,0.012806,0.012821,1108837.6
2026-04-11 02:15:00,1775873700000,0.012821,0.012893,0.012816,0.01284,2973713.4
2026-04-11 02:30:00,1775874600000,0.01284,0.012872,0.01282,0.012825,983396.5
2026-04-11 02:45:00,1775875500000,0.012825,0.012826,0.012783,0.012813,969608.6
2026-04-11 03:00:00,1775876400000,0.012813,0.01284,0.012795,0.012821,1612505.9
2026-04-11 03:15:00,1775877300000,0.012821,0.012826,0.012741,0.012792,3111305.1
2026-04-11 03:30:00,1775878200000,0.012792,0.012838,0.012764,0.012824,3841695.2
2026-04-11 03:45:00,1775879100000,0.012824,0.01284,0.012697,0.01272,9206737.3
2026-04-11 04:00:00,1775880000000,0.01272,0.0128,0.01263,0.012697,17636920.2
2026-04-11 04:15:00,1775880900000,0.012697,0.012715,0.012568,0.012685,19361274.8
2026-04-11 04:30:00,1775881800000,0.012685,0.012689,0.01261,0.012654,9470270.7
2026-04-11 04:45:00,1775882700000,0.012654,0.012663,0.012623,0.012635,2503921.8
2026-04-11 05:00:00,1775883600000,0.012635,0.012669,0.012543,0.012575,5698356.5
2026-04-11 05:15:00,1775884500000,0.012575,0.012676,0.012562,0.012671,4915685.7
2026-04-11 05:30:00,1775885400000,0.012671,0.01274,0.012658,0.012702,2686108.0
2026-04-11 05:45:00,1775886300000,0.012702,0.012702,0.012635,0.012638,3278680.9
2026-04-11 06:00:00,1775887200000,0.012638,0.012638,0.012472,0.012503,9788394.3
2026-04-11 06:15:00,1775888100000,0.012503,0.012545,0.01248,0.012522,3246283.0
2026-04-11 06:30:00,1775889000000,0.012522,0.012558,0.012511,0.01255,1396220.6
2026-04-11 06:45:00,1775889900000,0.01255,0.012582,0.012509,0.012567,5761332.3
2026-04-11 07:00:00,1775890800000,0.012567,0.012568,0.012506,0.012541,3060747.2
2026-04-11 07:15:00,1775891700000,0.012541,0.0126,0.012531,0.012576,5333768.3
2026-04-11 07:30:00,1775892600000,0.012576,0.012716,0.012548,0.012675,3666849.7
2026-04-11 07:45:00,1775893500000,0.012675,0.01269,0.012647,0.012661,1728736.5
2026-04-11 08:00:00,1775894400000,0.012661,0.012671,0.012602,0.01265,3194454.2
2026-04-11 08:15:00,1775895300000,0.01265,0.012734,0.012634,0.012714,2305341.2
2026-04-11 08:30:00,1775896200000,0.012714,0.012826,0.0127,0.012723,6831379.8
2026-04-11 08:45:00,1775897100000,0.012723,0.012772,0.01269,0.012729,3309692.7
2026-04-11 09:00:00,1775898000000,0.012729,0.012762,0.01272,0.012741,1397787.2
2026-04-11 09:15:00,1775898900000,0.012741,0.012791,0.012702,0.012729,2603826.5
2026-04-11 09:30:00,1775899800000,0.012729,0.012737,0.012679,0.012687,1162287.4
2026-04-11 09:45:00,1775900700000,0.012687,0.012714,0.012677,0.012706,1183846.7
2026-04-11 10:00:00,1775901600000,0.012706,0.012717,0.012666,0.01269,1524740.7
2026-04-11 10:15:00,1775902500000,0.01269,0.01269,0.012641,0.012658,3368194.8
2026-04-11 10:30:00,1775903400000,0.012658,0.012663,0.012617,0.012648,3086585.8
2026-04-11 10:45:00,1775904300000,0.012648,0.012684,0.012643,0.012681,2138507.0
2026-04-11 11:00:00,1775905200000,0.012681,0.012726,0.012665,0.012724,2093554.0
2026-04-11 11:15:00,1775906100000,0.012724,0.012724,0.012623,0.012623,1689208.9
2026-04-11 11:30:00,1775907000000,0.012623,0.012661,0.01262,0.012654,1276533.9
2026-04-11 11:45:00,1775907900000,0.012654,0.012663,0.012637,0.012637,389177.2
2026-04-11 12:00:00,1775908800000,0.012637,0.01271,0.012626,0.012655,4358179.2
2026-04-11 12:15:00,1775909700000,0.012655,0.012658,0.012584,0.012626,1958557.2
2026-04-11 12:30:00,1775910600000,0.012626,0.01268,0.012626,0.012644,2046157.1
2026-04-11 12:45:00,1775911500000,0.012644,0.012721,0.01264,0.012702,2058057.9
2026-04-11 13:00:00,1775912400000,0.012702,0.012702,0.012548,0.01261,4926761.3
2026-04-11 13:15:00,1775913300000,0.01261,0.012651,0.012597,0.012613,2428669.8
2026-04-11 13:30:00,1775914200000,0.012613,0.012742,0.012599,0.012711,3480997.8
2026-04-11 13:45:00,1775915100000,0.012711,0.012781,0.012711,0.012757,3063189.3
2026-04-11 14:00:00,1775916000000,0.012757,0.012799,0.012735,0.012783,1121404.1
2026-04-11 14:15:00,1775916900000,0.012783,0.0128,0.012756,0.012763,1022322.6
2026-04-11 14:30:00,1775917800000,0.012763,0.012763,0.012665,0.012685,2635209.1
2026-04-11 14:45:00,1775918700000,0.012685,0.012727,0.012684,0.012699,941239.0
2026-04-11 15:00:00,1775919600000,0.012699,0.012737,0.012698,0.012717,674173.3
2026-04-11 15:15:00,1775920500000,0.012717,0.012806,0.012717,0.012777,2655809.1
2026-04-11 15:30:00,1775921400000,0.012777,0.012777,0.012721,0.012746,1559153.6
2026-04-11 15:45:00,1775922300000,0.012746,0.012757,0.012735,0.012741,997353.5
2026-04-11 16:00:00,1775923200000,0.012741,0.012771,0.012735,0.012767,1003318.0
2026-04-11 16:15:00,1775924100000,0.012767,0.012773,0.012731,0.012748,2527720.3
2026-04-11 16:30:00,1775925000000,0.012748,0.012868,0.012728,0.012844,1430828.3
2026-04-11 16:45:00,1775925900000,0.012844,0.012885,0.012811,0.01284,5715519.0
2026-04-11 17:00:00,1775926800000,0.01284,0.012856,0.012821,0.012832,1466810.6
2026-04-11 17:15:00,1775927700000,0.012832,0.01285,0.012813,0.012822,553341.8
2026-04-11 17:30:00,1775928600000,0.012822,0.012905,0.012822,0.012901,1687947.9
2026-04-11 17:45:00,1775929500000,0.012901,0.012909,0.012829,0.012834,2031055.4
2026-04-11 18:00:00,1775930400000,0.012834,0.012937,0.012809,0.012934,2295847.4
2026-04-11 18:15:00,1775931300000,0.012934,0.013047,0.01292,0.012994,5673288.5
2026-04-11 18:30:00,1775932200000,0.012994,0.013114,0.012994,0.013041,5082397.2
2026-04-11 18:45:00,1775933100000,0.013041,0.013098,0.013038,0.013067,3225954.8
2026-04-11 19:00:00,1775934000000,0.013067,0.013114,0.013048,0.013083,3345050.0
2026-04-11 19:15:00,1775934900000,0.013083,0.013145,0.013079,0.013122,2785709.3
2026-04-11 19:30:00,1775935800000,0.013122,0.013145,0.013066,0.013138,5465434.1
2026-04-11 19:45:00,1775936700000,0.013138,0.013233,0.013123,0.013203,4484762.3
2026-04-11 20:00:00,1775937600000,0.013203,0.013229,0.01314,0.013219,3694602.9
2026-04-11 20:15:00,1775938500000,0.013219,0.013236,0.013123,0.013201,4234806.1
2026-04-11 20:30:00,1775939400000,0.013201,0.013212,0.013134,0.01318,4034720.2
2026-04-11 20:45:00,1775940300000,0.01318,0.013187,0.013103,0.013125,2565746.2
2026-04-11 21:00:00,1775941200000,0.013125,0.01315,0.013026,0.013099,10373756.7
2026-04-11 21:15:00,1775942100000,0.013099,0.013146,0.013052,0.013125,4401316.1
2026-04-11 21:30:00,1775943000000,0.013125,0.013157,0.013113,0.013135,479560.8
2026-04-11 21:45:00,1775943900000,0.013135,0.013153,0.013115,0.013116,543529.2
2026-04-11 22:00:00,1775944800000,0.013116,0.013144,0.013106,0.013115,963389.6
2026-04-11 22:15:00,1775945700000,0.013115,0.013136,0.013096,0.0131,828589.4
2026-04-11 22:30:00,1775946600000,0.0131,0.0131,0.012979,0.013001,5787809.2
2026-04-11 22:45:00,1775947500000,0.013001,0.013029,0.012992,0.013003,972998.6
2026-04-11 23:00:00,1775948400000,0.013003,0.013003,0.012879,0.012946,7169574.5
2026-04-11 23:15:00,1775949300000,0.012946,0.013006,0.012937,0.012955,4133020.0
2026-04-11 23:30:00,1775950200000,0.012955,0.01301,0.012935,0.012994,3464833.2
2026-04-11 23:45:00,1775951100000,0.012994,0.013038,0.012989,0.013021,1490053.6
2026-04-12 00:00:00,1775952000000,0.013021,0.013046,0.012931,0.012944,3193254.3
2026-04-12 00:15:00,1775952900000,0.012944,0.012945,0.012889,0.012925,1773569.6
2026-04-12 00:30:00,1775953800000,0.012925,0.012939,0.012907,0.012926,550508.6
2026-04-12 00:45:00,1775954700000,0.012926,0.012937,0.01291,0.012923,338220.2
2026-04-12 01:00:00,1775955600000,0.012923,0.012944,0.012859,0.012874,4374083.0
2026-04-12 01:15:00,1775956500000,0.012874,0.012891,0.012852,0.012864,1400585.3
2026-04-12 01:30:00,1775957400000,0.012864,0.012864,0.01251,0.012562,12895125.8
2026-04-12 01:45:00,1775958300000,0.012562,0.012563,0.012334,0.012448,20789381.5
2026-04-12 02:00:00,1775959200000,0.012448,0.01253,0.01239,0.012517,5586408.2
2026-04-12 02:15:00,1775960100000,0.012517,0.012561,0.012464,0.012489,4042867.4
2026-04-12 02:30:00,1775961000000,0.012489,0.012539,0.012488,0.012513,1601271.2
2026-04-12 02:45:00,1775961900000,0.012513,0.012515,0.012473,0.012476,1269768.8
2026-04-12 03:00:00,1775962800000,0.012476,0.012522,0.012472,0.012514,2396712.8
2026-04-12 03:15:00,1775963700000,0.012514,0.012514,0.01246,0.01248,1739664.2
2026-04-12 03:30:00,1775964600000,0.01248,0.012496,0.012443,0.012483,1773353.1
2026-04-12 03:45:00,1775965500000,0.012483,0.012489,0.01244,0.01244,1412147.6
2026-04-12 04:00:00,1775966400000,0.01244,0.012464,0.012394,0.012427,3826671.4
2026-04-12 04:15:00,1775967300000,0.012427,0.012445,0.012368,0.012419,5948804.1
2026-04-12 04:30:00,1775968200000,0.012419,0.01244,0.012401,0.01243,601208.9
2026-04-12 04:45:00,1775969100000,0.01243,0.012487,0.012422,0.012443,1111131.3
2026-04-12 05:00:00,1775970000000,0.012443,0.012484,0.012421,0.012425,1673747.2
2026-04-12 05:15:00,1775970900000,0.012425,0.012465,0.012411,0.012445,1102121.1
2026-04-12 05:30:00,1775971800000,0.012445,0.012462,0.012422,0.012423,1909626.8
2026-04-12 05:45:00,1775972700000,0.012423,0.01248,0.012422,0.012446,920086.9
2026-04-12 06:00:00,1775973600000,0.012446,0.012458,0.012442,0.012445,245838.4
2026-04-12 06:15:00,1775974500000,0.012445,0.012445,0.012405,0.012421,1418207.1
2026-04-12 06:30:00,1775975400000,0.012421,0.012421,0.012348,0.012394,2541794.9
2026-04-12 06:45:00,1775976300000,0.012394,0.0124,0.012341,0.01235,2587160.4
2026-04-12 07:00:00,1775977200000,0.01235,0.012353,0.012266,0.012319,13082719.6
2026-04-12 07:15:00,1775978100000,0.012319,0.012347,0.012294,0.012341,2194230.9
2026-04-12 07:30:00,1775979000000,0.012341,0.012386,0.01234,0.012348,2030912.0
2026-04-12 07:45:00,1775979900000,0.012348,0.012372,0.012332,0.012349,4267954.0
2026-04-12 08:00:00,1775980800000,0.012349,0.012374,0.012318,0.012336,2165317.1
2026-04-12 08:15:00,1775981700000,0.012336,0.012392,0.012335,0.012385,2709424.9
2026-04-12 08:30:00,1775982600000,0.012385,0.01239,0.012349,0.012353,1258120.2
2026-04-12 08:45:00,1775983500000,0.012353,0.012375,0.01234,0.012356,1542460.9
2026-04-12 09:00:00,1775984400000,0.012356,0.012362,0.012325,0.012335,1466953.8
2026-04-12 09:15:00,1775985300000,0.012335,0.01235,0.012256,0.012308,10242573.3
2026-04-12 09:30:00,1775986200000,0.012308,0.012331,0.012284,0.012291,3032392.5
2026-04-12 09:45:00,1775987100000,0.012291,0.012309,0.012222,0.01225,4028989.3
2026-04-12 10:00:00,1775988000000,0.01225,0.012314,0.01225,0.012287,3042458.8
2026-04-12 10:15:00,1775988900000,0.012287,0.012299,0.012242,0.012255,2586405.6
2026-04-12 10:30:00,1775989800000,0.012255,0.012261,0.012242,0.012261,998353.9
2026-04-12 10:45:00,1775990700000,0.012261,0.012264,0.012173,0.012203,7033674.0
2026-04-12 11:00:00,1775991600000,0.012203,0.01223,0.012115,0.012218,10280355.8
2026-04-12 11:15:00,1775992500000,0.012218,0.012235,0.012209,0.012218,1484542.8
2026-04-12 11:30:00,1775993400000,0.012218,0.012229,0.0122,0.012205,808320.0
2026-04-12 11:45:00,1775994300000,0.012205,0.012211,0.012185,0.012191,313886.3
2026-04-12 12:00:00,1775995200000,0.012191,0.012218,0.012159,0.012215,2187438.2
2026-04-12 12:15:00,1775996100000,0.012215,0.012215,0.012173,0.012187,1457337.4
2026-04-12 12:30:00,1775997000000,0.012187,0.012301,0.012176,0.012288,2316349.2
2026-04-12 12:45:00,1775997900000,0.012288,0.012296,0.012217,0.012219,2522959.3
2026-04-12 13:00:00,1775998800000,0.012219,0.012267,0.012169,0.012214,2646927.4
2026-04-12 13:15:00,1775999700000,0.012214,0.012236,0.012186,0.012197,2431173.0
2026-04-12 13:30:00,1776000600000,0.012197,0.012197,0.012053,0.012091,12626751.8
2026-04-12 13:45:00,1776001500000,0.012091,0.01213,0.012072,0.012115,3755018.0
2026-04-12 14:00:00,1776002400000,0.012115,0.012161,0.012115,0.012136,2096008.6
2026-04-12 14:15:00,1776003300000,0.012136,0.012171,0.012121,0.01213,3046418.6
2026-04-12 14:30:00,1776004200000,0.01213,0.012143,0.012081,0.012095,1922116.7
2026-04-12 14:45:00,1776005100000,0.012095,0.012095,0.012038,0.012055,3836031.5
2026-04-12 15:00:00,1776006000000,0.012055,0.012062,0.012036,0.01204,1931927.4
2026-04-12 15:15:00,1776006900000,0.01204,0.01206,0.012025,0.012038,1398323.7
2026-04-12 15:30:00,1776007800000,0.012038,0.012087,0.01202,0.012059,1661232.8
2026-04-12 15:45:00,1776008700000,0.012059,0.012089,0.012034,0.012083,1593139.1
2026-04-12 16:00:00,1776009600000,0.012083,0.012156,0.012065,0.012153,3060214.9
2026-04-12 16:15:00,1776010500000,0.012153,0.012172,0.01211,0.012139,2049899.9
2026-04-12 16:30:00,1776011400000,0.012139,0.012231,0.012131,0.012178,7009368.4
2026-04-12 16:45:00,1776012300000,0.012178,0.012202,0.012164,0.012195,1813861.5
2026-04-12 17:00:00,1776013200000,0.012195,0.012226,0.012185,0.012212,1443913.0
2026-04-12 17:15:00,1776014100000,0.012212,0.012234,0.0122,0.0122,1593307.6
2026-04-12 17:30:00,1776015000000,0.0122,0.012217,0.012193,0.012214,456552.4
2026-04-12 17:45:00,1776015900000,0.012214,0.012324,0.012198,0.012324,2147257.2
2026-04-12 18:00:00,1776016800000,0.012324,0.01237,0.012313,0.012363,3784175.0
2026-04-12 18:15:00,1776017700000,0.012363,0.012395,0.012363,0.012373,1502736.4
2026-04-12 18:30:00,1776018600000,0.012373,0.012441,0.012369,0.012403,803632.3
2026-04-12 18:45:00,1776019500000,0.012403,0.012416,0.01237,0.012385,604750.6
2026-04-12 19:00:00,1776020400000,0.012385,0.012407,0.012361,0.012391,933874.2
2026-04-12 19:15:00,1776021300000,0.012391,0.012396,0.012333,0.012338,621465.9
2026-04-12 19:30:00,1776022200000,0.012338,0.012342,0.012322,0.012324,532591.8
2026-04-12 19:45:00,1776023100000,0.012324,0.012399,0.012324,0.012377,4592327.9
2026-04-12 20:00:00,1776024000000,0.012377,0.012399,0.012377,0.012389,833158.3
2026-04-12 20:15:00,1776024900000,0.012389,0.012389,0.012323,0.01233,687846.2
2026-04-12 20:30:00,1776025800000,0.01233,0.012426,0.012329,0.012392,1519127.9
2026-04-12 20:45:00,1776026700000,0.012392,0.012405,0.012363,0.01239,997078.1
2026-04-12 21:00:00,1776027600000,0.01239,0.012396,0.012306,0.012317,1255525.4
2026-04-12 21:15:00,1776028500000,0.012317,0.012325,0.012307,0.012307,246561.4
2026-04-12 21:30:00,1776029400000,0.012307,0.012307,0.012246,0.012275,1503412.7
2026-04-12 21:45:00,1776030300000,0.012275,0.012281,0.012221,0.012251,1219116.6
2026-04-12 22:00:00,1776031200000,0.012251,0.012251,0.012131,0.012157,5116530.1
2026-04-12 22:15:00,1776032100000,0.012157,0.012163,0.01207,0.012111,1403015.9
2026-04-12 22:30:00,1776033000000,0.012111,0.01216,0.012078,0.012147,1750028.7
2026-04-12 22:45:00,1776033900000,0.012147,0.012172,0.012121,0.012152,1659398.9
2026-04-12 23:00:00,1776034800000,0.012152,0.012152,0.012101,0.012115,868294.1
2026-04-12 23:15:00,1776035700000,0.012115,0.012119,0.01205,0.012078,2112728.8
2026-04-12 23:30:00,1776036600000,0.012078,0.012133,0.012043,0.012124,2536242.9
2026-04-12 23:45:00,1776037500000,0.012124,0.012139,0.012099,0.012122,1127416.4
2026-04-13 00:00:00,1776038400000,0.012122,0.012165,0.012114,0.012143,2016883.6
2026-04-13 00:15:00,1776039300000,0.012143,0.012217,0.012127,0.012207,1127349.9
2026-04-13 00:30:00,1776040200000,0.012207,0.012242,0.012162,0.012167,2208494.0
2026-04-13 00:45:00,1776041100000,0.012167,0.012239,0.012161,0.012215,2502208.8
2026-04-13 01:00:00,1776042000000,0.012215,0.012244,0.012175,0.012231,1397611.7
2026-04-13 01:15:00,1776042900000,0.012231,0.012262,0.012218,0.012222,1484835.5
2026-04-13 01:30:00,1776043800000,0.012222,0.012246,0.012204,0.012231,1548088.7
2026-04-13 01:45:00,1776044700000,0.012231,0.012255,0.01222,0.012243,834946.0
2026-04-13 02:00:00,1776045600000,0.012243,0.012247,0.012116,0.012125,931801.6
2026-04-13 02:15:00,1776046500000,0.012125,0.012179,0.012117,0.012127,3183411.8
2026-04-13 02:30:00,1776047400000,0.012127,0.01214,0.012093,0.012107,829080.2
2026-04-13 02:45:00,1776048300000,0.012107,0.012184,0.012107,0.012153,2549950.0
2026-04-13 03:00:00,1776049200000,0.012153,0.012169,0.012116,0.012133,1531653.1
2026-04-13 03:15:00,1776050100000,0.012133,0.012193,0.012128,0.012155,951379.3
2026-04-13 03:30:00,1776051000000,0.012155,0.012157,0.012095,0.012141,3513036.1
2026-04-13 03:45:00,1776051900000,0.012141,0.012144,0.012118,0.012122,586337.4
2026-04-13 04:00:00,1776052800000,0.012122,0.012128,0.012073,0.012119,5191040.0
2026-04-13 04:15:00,1776053700000,0.012119,0.012119,0.012091,0.0121,510967.9
2026-04-13 04:30:00,1776054600000,0.0121,0.012132,0.012083,0.012109,3581512.4
2026-04-13 04:45:00,1776055500000,0.012109,0.012116,0.012011,0.01204,3992118.3
2026-04-13 05:00:00,1776056400000,0.01204,0.01204,0.01195,0.011973,14420786.1
2026-04-13 05:15:00,1776057300000,0.011973,0.012035,0.011935,0.012025,6586554.1
2026-04-13 05:30:00,1776058200000,0.012025,0.012032,0.01199,0.012017,1413040.2
2026-04-13 05:45:00,1776059100000,0.012017,0.01204,0.012005,0.01204,2018834.0
2026-04-13 06:00:00,1776060000000,0.01204,0.012104,0.01204,0.012088,3355721.9
2026-04-13 06:15:00,1776060900000,0.012088,0.012101,0.012059,0.012085,2776923.0
2026-04-13 06:30:00,1776061800000,0.012085,0.012113,0.012044,0.012104,4811456.9
2026-04-13 06:45:00,1776062700000,0.012104,0.012112,0.01206,0.012112,2710353.0
2026-04-13 07:00:00,1776063600000,0.012112,0.01212,0.012046,0.012062,1078098.5
2026-04-13 07:15:00,1776064500000,0.012062,0.012065,0.012027,0.012058,1383615.3
2026-04-13 07:30:00,1776065400000,0.012058,0.01209,0.012012,0.012034,2403774.7
2026-04-13 07:45:00,1776066300000,0.012034,0.012036,0.011947,0.011954,2262286.4
2026-04-13 08:00:00,1776067200000,0.011954,0.011977,0.011943,0.011954,1540222.7
2026-04-13 08:15:00,1776068100000,0.011954,0.011969,0.011938,0.011962,2935085.4
2026-04-13 08:30:00,1776069000000,0.011962,0.012007,0.011885,0.011931,7220194.8
2026-04-13 08:45:00,1776069900000,0.011931,0.011991,0.011925,0.011987,3508420.0
2026-04-13 09:00:00,1776070800000,0.011987,0.01204,0.011987,0.012025,4092056.0
2026-04-13 09:15:00,1776071700000,0.012025,0.012062,0.012016,0.012046,1658380.8
2026-04-13 09:30:00,1776072600000,0.012046,0.012132,0.012031,0.012108,4407814.5
2026-04-13 09:45:00,1776073500000,0.012108,0.01211,0.012068,0.012105,2767040.0
2026-04-13 10:00:00,1776074400000,0.012105,0.012133,0.012067,0.012069,1296461.2
2026-04-13 10:15:00,1776075300000,0.012069,0.012122,0.012051,0.01211,1476073.7
2026-04-13 10:30:00,1776076200000,0.01211,0.012112,0.012075,0.012101,861492.7
2026-04-13 10:45:00,1776077100000,0.012101,0.012116,0.012049,0.012057,878849.9
2026-04-13 11:00:00,1776078000000,0.012057,0.012078,0.011997,0.012017,5116069.1
2026-04-13 11:15:00,1776078900000,0.012017,0.012017,0.011949,0.01198,3394479.2
2026-04-13 11:30:00,1776079800000,0.01198,0.011981,0.011942,0.011957,2197161.0
2026-04-13 11:45:00,1776080700000,0.011957,0.011964,0.011937,0.011942,834965.6
2026-04-13 12:00:00,1776081600000,0.011942,0.012024,0.011861,0.011981,10290547.3
2026-04-13 12:15:00,1776082500000,0.011981,0.011999,0.011927,0.011945,6081758.9
2026-04-13 12:30:00,1776083400000,0.011945,0.012046,0.011939,0.012031,2971505.5
2026-04-13 12:45:00,1776084300000,0.012031,0.012101,0.012029,0.012033,1850471.1
2026-04-13 13:00:00,1776085200000,0.012033,0.012057,0.012004,0.012038,2006787.7
2026-04-13 13:15:00,1776086100000,0.012038,0.01205,0.012007,0.012037,1468781.1
2026-04-13 13:30:00,1776087000000,0.012037,0.012037,0.011947,0.011962,2822099.5
2026-04-13 13:45:00,1776087900000,0.011962,0.012117,0.011954,0.012094,4638524.1
2026-04-13 14:00:00,1776088800000,0.012094,0.012102,0.01204,0.012049,766553.1
2026-04-13 14:15:00,1776089700000,0.012049,0.012067,0.012019,0.01206,961011.0
2026-04-13 14:30:00,1776090600000,0.01206,0.012131,0.01206,0.012092,1463050.8
2026-04-13 14:45:00,1776091500000,0.012092,0.01211,0.012058,0.012108,1014624.6
2026-04-13 15:00:00,1776092400000,0.012108,0.01212,0.012042,0.012049,1937187.9
2026-04-13 15:15:00,1776093300000,0.012049,0.012083,0.012017,0.012062,2630720.4
2026-04-13 15:30:00,1776094200000,0.012062,0.012062,0.011975,0.012012,2873550.5
2026-04-13 15:45:00,1776095100000,0.012012,0.012012,0.011947,0.011988,3557205.9
2026-04-13 16:00:00,1776096000000,0.011988,0.012002,0.011933,0.011994,3716974.0
2026-04-13 16:15:00,1776096900000,0.011994,0.012019,0.011967,0.012011,1630596.4
2026-04-13 16:30:00,1776097800000,0.012011,0.012024,0.011982,0.012018,2521487.3
2026-04-13 16:45:00,1776098700000,0.012018,0.012029,0.011967,0.011988,1664659.1
2026-04-13 17:00:00,1776099600000,0.011988,0.01201,0.011961,0.012003,1777363.9
2026-04-13 17:15:00,1776100500000,0.012003,0.012047,0.011989,0.012043,2344496.9
2026-04-13 17:30:00,1776101400000,0.012043,0.012095,0.011997,0.012011,3427963.6
2026-04-13 17:45:00,1776102300000,0.012011,0.012011,0.011932,0.011953,2667144.2
2026-04-13 18:00:00,1776103200000,0.011953,0.011959,0.011918,0.011932,990545.1
2026-04-13 18:15:00,1776104100000,0.011932,0.011949,0.011895,0.011917,1268521.1
2026-04-13 18:30:00,1776105000000,0.011917,0.011941,0.011908,0.011916,901539.5
2026-04-13 18:45:00,1776105900000,0.011916,0.011955,0.011909,0.011953,1124246.9
2026-04-13 19:00:00,1776106800000,0.011953,0.011979,0.011906,0.011928,2958221.5
2026-04-13 19:15:00,1776107700000,0.011928,0.011997,0.011893,0.0119,5676249.5
2026-04-13 19:30:00,1776108600000,0.0119,0.0119,0.011754,0.011832,24285370.4
2026-04-13 19:45:00,1776109500000,0.011832,0.012007,0.011823,0.011956,10905542.8
2026-04-13 20:00:00,1776110400000,0.011956,0.012002,0.011916,0.011941,6860284.8
2026-04-13 20:15:00,1776111300000,0.011941,0.011942,0.011886,0.011892,2758539.0
2026-04-13 20:30:00,1776112200000,0.011892,0.011999,0.011874,0.011991,4535476.8
2026-04-13 20:45:00,1776113100000,0.011991,0.012004,0.011954,0.011995,2889892.7
2026-04-13 21:00:00,1776114000000,0.011995,0.011999,0.011964,0.011989,2518412.7
2026-04-13 21:15:00,1776114900000,0.011989,0.012071,0.011989,0.012031,2528439.6
2026-04-13 21:30:00,1776115800000,0.012031,0.01209,0.012029,0.012062,1573113.5
2026-04-13 21:45:00,1776116700000,0.012062,0.012126,0.012052,0.012119,2035684.9
2026-04-13 22:00:00,1776117600000,0.012119,0.01223,0.012112,0.01221,2919365.5
2026-04-13 22:15:00,1776118500000,0.01221,0.012347,0.012205,0.012286,4607644.0
2026-04-13 22:30:00,1776119400000,0.012286,0.012383,0.012286,0.012334,3875705.9
2026-04-13 22:45:00,1776120300000,0.012334,0.012363,0.012271,0.012327,2194444.5
2026-04-13 23:00:00,1776121200000,0.012327,0.012336,0.012256,0.012326,2447131.4
2026-04-13 23:15:00,1776122100000,0.012326,0.012501,0.012292,0.012475,5573124.2
2026-04-13 23:30:00,1776123000000,0.012475,0.012495,0.012396,0.012399,4634808.6
2026-04-13 23:45:00,1776123900000,0.012399,0.012467,0.012352,0.01245,3085355.2
2026-04-14 00:00:00,1776124800000,0.01245,0.012476,0.012367,0.01239,3028714.9
2026-04-14 00:15:00,1776125700000,0.01239,0.012401,0.01232,0.012338,1341794.3
2026-04-14 00:30:00,1776126600000,0.012338,0.012348,0.012308,0.012334,1174332.8
2026-04-14 00:45:00,1776127500000,0.012334,0.012337,0.012274,0.012289,868159.5
2026-04-14 01:00:00,1776128400000,0.012289,0.012319,0.012252,0.012312,1366875.8
2026-04-14 01:15:00,1776129300000,0.012312,0.012331,0.0123,0.012308,767203.8
2026-04-14 01:30:00,1776130200000,0.012308,0.012325,0.012291,0.012325,565307.1
2026-04-14 01:45:00,1776131100000,0.012325,0.012339,0.012312,0.012319,459742.1
2026-04-14 02:00:00,1776132000000,0.012319,0.012424,0.012314,0.012424,1065979.5
2026-04-14 02:15:00,1776132900000,0.012424,0.012435,0.012345,0.012356,2102916.1
2026-04-14 02:30:00,1776133800000,0.012356,0.012356,0.012279,0.012313,2670464.1
2026-04-14 02:45:00,1776134700000,0.012313,0.012313,0.012235,0.012235,1306460.8
2026-04-14 03:00:00,1776135600000,0.012235,0.012278,0.012206,0.01222,3399885.9
2026-04-14 03:15:00,1776136500000,0.01222,0.01224,0.012207,0.01224,1312793.8
2026-04-14 03:30:00,1776137400000,0.01224,0.012246,0.01221,0.012213,1229336.3
2026-04-14 03:45:00,1776138300000,0.012213,0.012247,0.012192,0.012214,1580532.7
2026-04-14 04:00:00,1776139200000,0.012214,0.012221,0.012167,0.012207,1898451.3
2026-04-14 04:15:00,1776140100000,0.012207,0.012244,0.012178,0.01224,2349408.3
2026-04-14 04:30:00,1776141000000,0.01224,0.012241,0.012146,0.012154,2401392.0
2026-04-14 04:45:00,1776141900000,0.012154,0.012164,0.012111,0.012146,2012471.0
2026-04-14 05:00:00,1776142800000,0.012146,0.012199,0.01214,0.012192,4162352.7
2026-04-14 05:15:00,1776143700000,0.012192,0.012225,0.012154,0.012167,3099451.7
2026-04-14 05:30:00,1776144600000,0.012167,0.012167,0.01206,0.012076,8014637.9
2026-04-14 05:45:00,1776145500000,0.012076,0.012087,0.012033,0.012058,1625703.3
2026-04-14 06:00:00,1776146400000,0.012058,0.012111,0.012045,0.012104,3684196.3
2026-04-14 06:15:00,1776147300000,0.012104,0.012128,0.012082,0.012084,2094470.8
2026-04-14 06:30:00,1776148200000,0.012084,0.012143,0.01206,0.012131,2370696.5
2026-04-14 06:45:00,1776149100000,0.012131,0.012165,0.012122,0.012139,1347339.1
2026-04-14 07:00:00,1776150000000,0.012139,0.012192,0.012125,0.012148,1245853.7
2026-04-14 07:15:00,1776150900000,0.012148,0.012172,0.012137,0.012163,1560052.2
2026-04-14 07:30:00,1776151800000,0.012163,0.012176,0.012135,0.012135,840292.7
2026-04-14 07:45:00,1776152700000,0.012135,0.012143,0.012109,0.012134,2585535.2
2026-04-14 08:00:00,1776153600000,0.012134,0.012164,0.012099,0.012156,2170564.5
2026-04-14 08:15:00,1776154500000,0.012156,0.012169,0.01213,0.012137,1266353.8
2026-04-14 08:30:00,1776155400000,0.012137,0.012166,0.012125,0.012136,3392105.7
2026-04-14 08:45:00,1776156300000,0.012136,0.012162,0.01212,0.012143,1485633.8
2026-04-14 09:00:00,1776157200000,0.012143,0.012159,0.012133,0.012134,578031.1
2026-04-14 09:15:00,1776158100000,0.012134,0.012144,0.012102,0.012128,1187616.9
2026-04-14 09:30:00,1776159000000,0.012128,0.012158,0.01212,0.012122,810439.4
2026-04-14 09:45:00,1776159900000,0.012122,0.012209,0.01212,0.012179,1366864.0
2026-04-14 10:00:00,1776160800000,0.012179,0.01218,0.012112,0.012143,1506585.3
2026-04-14 10:15:00,1776161700000,0.012143,0.012165,0.012115,0.012122,1979911.7
2026-04-14 10:30:00,1776162600000,0.012122,0.012137,0.012095,0.012122,789006.8
2026-04-14 10:45:00,1776163500000,0.012122,0.012153,0.012111,0.012124,790859.4
2026-04-14 11:00:00,1776164400000,0.012124,0.012138,0.01211,0.012132,786506.2
2026-04-14 11:15:00,1776165300000,0.012132,0.012143,0.012116,0.012121,1421185.5
2026-04-14 11:30:00,1776166200000,0.012121,0.012163,0.012114,0.012145,1232297.0
2026-04-14 11:45:00,1776167100000,0.012145,0.012153,0.012129,0.012138,1182989.7
2026-04-14 12:00:00,1776168000000,0.012138,0.012235,0.012128,0.012215,1934793.5
2026-04-14 12:15:00,1776168900000,0.012215,0.012254,0.012183,0.01221,1897167.9
2026-04-14 12:30:00,1776169800000,0.01221,0.012225,0.012183,0.012186,1198545.8
2026-04-14 12:45:00,1776170700000,0.012186,0.012186,0.012075,0.012105,6214041.4
2026-04-14 13:00:00,1776171600000,0.012105,0.012131,0.01209,0.012103,1875557.6
2026-04-14 13:15:00,1776172500000,0.012103,0.012125,0.012055,0.012055,2195068.6
2026-04-14 13:30:00,1776173400000,0.012055,0.012133,0.01204,0.012103,4520613.8
2026-04-14 13:45:00,1776174300000,0.012103,0.012143,0.012089,0.012143,2073431.2
2026-04-14 14:00:00,1776175200000,0.012143,0.012151,0.012089,0.012151,2095124.9
2026-04-14 14:15:00,1776176100000,0.012151,0.012209,0.012129,0.012167,2703821.7
2026-04-14 14:30:00,1776177000000,0.012167,0.012219,0.012068,0.012093,10308578.0
2026-04-14 14:45:00,1776177900000,0.012093,0.012149,0.012067,0.012109,4072671.2
2026-04-14 15:00:00,1776178800000,0.012109,0.012149,0.01205,0.012096,6487873.7
2026-04-14 15:15:00,1776179700000,0.012096,0.012132,0.012069,0.012071,3857957.5
2026-04-14 15:30:00,1776180600000,0.012071,0.012159,0.012064,0.012124,3667382.8
2026-04-14 15:45:00,1776181500000,0.012124,0.012148,0.012094,0.012101,1069907.8
2026-04-14 16:00:00,1776182400000,0.012101,0.012246,0.012081,0.012165,5363821.6
2026-04-14 16:15:00,1776183300000,0.012165,0.012165,0.012101,0.012121,2915798.6
2026-04-14 16:30:00,1776184200000,0.012121,0.012147,0.012103,0.012126,470380.8
2026-04-14 16:45:00,1776185100000,0.012126,0.012156,0.012064,0.012122,3489591.2
2026-04-14 17:00:00,1776186000000,0.012122,0.012162,0.012109,0.012127,1418202.5
2026-04-14 17:15:00,1776186900000,0.012127,0.012145,0.012102,0.012111,2581502.1
2026-04-14 17:30:00,1776187800000,0.012111,0.012121,0.011938,0.012064,15170818.3
2026-04-14 17:45:00,1776188700000,0.012064,0.012064,0.012021,0.012029,1158472.7
2026-04-14 18:00:00,1776189600000,0.012029,0.012079,0.01196,0.011992,4460904.1
2026-04-14 18:15:00,1776190500000,0.011992,0.011993,0.011836,0.011891,12132742.1
2026-04-14 18:30:00,1776191400000,0.011891,0.01192,0.011802,0.011845,7817775.1
2026-04-14 18:45:00,1776192300000,0.011845,0.011851,0.011701,0.011743,14001164.3
2026-04-14 19:00:00,1776193200000,0.011743,0.011795,0.011728,0.011741,3012236.4
2026-04-14 19:15:00,1776194100000,0.011741,0.011796,0.011634,0.011727,8870209.5
2026-04-14 19:30:00,1776195000000,0.011727,0.011768,0.011715,0.011753,3304680.2
2026-04-14 19:45:00,1776195900000,0.011753,0.01184,0.011744,0.011812,5582635.0
2026-04-14 20:00:00,1776196800000,0.011812,0.011831,0.011788,0.011822,3114406.8
2026-04-14 20:15:00,1776197700000,0.011822,0.011828,0.011753,0.011771,3067920.8
2026-04-14 20:30:00,1776198600000,0.011771,0.011774,0.011691,0.011733,2653386.3
2026-04-14 20:45:00,1776199500000,0.011733,0.011733,0.011695,0.011709,1046107.0
2026-04-14 21:00:00,1776200400000,0.011709,0.011768,0.011691,0.011744,2729594.0
2026-04-14 21:15:00,1776201300000,0.011744,0.011752,0.011711,0.01172,1472493.3
2026-04-14 21:30:00,1776202200000,0.01172,0.011754,0.011701,0.011748,1943845.2
2026-04-14 21:45:00,1776203100000,0.011748,0.011816,0.011729,0.011774,4967230.4
2026-04-14 22:00:00,1776204000000,0.011774,0.011816,0.011757,0.011765,3192985.4
2026-04-14 22:15:00,1776204900000,0.011765,0.011765,0.011724,0.011724,1095444.8
2026-04-14 22:30:00,1776205800000,0.011724,0.011753,0.011691,0.011694,1338272.4
2026-04-14 22:45:00,1776206700000,0.011694,0.011851,0.011688,0.01182,9141756.3
2026-04-14 23:00:00,1776207600000,0.01182,0.011838,0.011791,0.011812,1491258.9
2026-04-14 23:15:00,1776208500000,0.011812,0.011832,0.011794,0.011831,1472057.8
2026-04-14 23:30:00,1776209400000,0.011831,0.01185,0.011811,0.01184,943042.5
2026-04-14 23:45:00,1776210300000,0.01184,0.011905,0.011825,0.01185,5903450.4
2026-04-15 00:00:00,1776211200000,0.01185,0.011919,0.011828,0.011828,7965649.8
2026-04-15 00:15:00,1776212100000,0.011828,0.011843,0.011804,0.011816,2468872.6
2026-04-15 00:30:00,1776213000000,0.011816,0.011831,0.011795,0.011807,1789710.4
2026-04-15 00:45:00,1776213900000,0.011807,0.011809,0.011695,0.011708,6236923.8
2026-04-15 01:00:00,1776214800000,0.011708,0.011744,0.011643,0.011739,5773068.5
2026-04-15 01:15:00,1776215700000,0.011739,0.011872,0.011726,0.011833,7367086.0
2026-04-15 01:30:00,1776216600000,0.011833,0.011947,0.011819,0.011934,6761587.5
2026-04-15 01:45:00,1776217500000,0.011934,0.011978,0.011878,0.011926,8530026.4
2026-04-15 02:00:00,1776218400000,0.011926,0.011946,0.011864,0.011907,4790511.3
2026-04-15 02:15:00,1776219300000,0.011907,0.011954,0.011876,0.011887,2846842.3
2026-04-15 02:30:00,1776220200000,0.011887,0.011887,0.011834,0.011862,2117341.2
2026-04-15 02:45:00,1776221100000,0.011862,0.011891,0.011844,0.01186,1761958.1
2026-04-15 03:00:00,1776222000000,0.01186,0.011871,0.011811,0.011837,3558197.3
2026-04-15 03:15:00,1776222900000,0.011837,0.011862,0.011828,0.011858,2113533.8
2026-04-15 03:30:00,1776223800000,0.011858,0.01187,0.011764,0.011826,8417661.4
2026-04-15 03:45:00,1776224700000,0.011826,0.011865,0.011819,0.011846,1568321.8
2026-04-15 04:00:00,1776225600000,0.011846,0.011913,0.011823,0.011913,3631646.0
2026-04-15 04:15:00,1776226500000,0.011913,0.011964,0.011857,0.011964,4151639.8
2026-04-15 04:30:00,1776227400000,0.011964,0.011976,0.011907,0.011907,1957104.6
2026-04-15 04:45:00,1776228300000,0.011907,0.011966,0.011904,0.01195,1071659.2
2026-04-15 05:00:00,1776229200000,0.01195,0.011974,0.011849,0.011889,6204708.0
2026-04-15 05:15:00,1776230100000,0.011889,0.011889,0.011815,0.011825,2035775.9
2026-04-15 05:30:00,1776231000000,0.011825,0.011825,0.011762,0.011769,3246304.2
2026-04-15 05:45:00,1776231900000,0.011769,0.011778,0.011727,0.011752,3264554.6
2026-04-15 06:00:00,1776232800000,0.011752,0.011753,0.011672,0.011705,4444101.1
2026-04-15 06:15:00,1776233700000,0.011705,0.011803,0.011695,0.011766,2766209.9
2026-04-15 06:30:00,1776234600000,0.011766,0.011945,0.011756,0.011895,9071978.6
2026-04-15 06:45:00,1776235500000,0.011895,0.011974,0.011858,0.011953,5209362.1
2026-04-15 07:00:00,1776236400000,0.011953,0.011989,0.011942,0.011966,2022415.7
2026-04-15 07:15:00,1776237300000,0.011966,0.011971,0.011866,0.011915,2901172.8
2026-04-15 07:30:00,1776238200000,0.011915,0.012037,0.011892,0.012026,5560681.6
2026-04-15 07:45:00,1776239100000,0.012026,0.012054,0.012,0.01204,5164007.1
2026-04-15 08:00:00,1776240000000,0.01204,0.012114,0.012008,0.012064,5033949.2
2026-04-15 08:15:00,1776240900000,0.012064,0.012211,0.01205,0.012164,8499229.9
2026-04-15 08:30:00,1776241800000,0.012164,0.01224,0.012155,0.012212,5882871.7
2026-04-15 08:45:00,1776242700000,0.012212,0.012223,0.012155,0.012175,8030044.4
2026-04-15 09:00:00,1776243600000,0.012175,0.012214,0.012091,0.012122,5193198.3
2026-04-15 09:15:00,1776244500000,0.012122,0.012139,0.012026,0.012027,2372839.3
2026-04-15 09:30:00,1776245400000,0.012027,0.012036,0.011958,0.011996,6307637.0
2026-04-15 09:45:00,1776246300000,0.011996,0.012056,0.011983,0.012043,1684494.4
2026-04-15 10:00:00,1776247200000,0.012043,0.012088,0.011977,0.01199,4369644.8
2026-04-15 10:15:00,1776248100000,0.01199,0.012016,0.01196,0.012,2068167.5
2026-04-15 10:30:00,1776249000000,0.012,0.012057,0.011989,0.012047,2483135.1
2026-04-15 10:45:00,1776249900000,0.012047,0.012101,0.012018,0.012023,3106077.8
2026-04-15 11:00:00,1776250800000,0.012023,0.012059,0.011992,0.012028,1663744.8
2026-04-15 11:15:00,1776251700000,0.012028,0.012086,0.012005,0.012058,4961656.8
2026-04-15 11:30:00,1776252600000,0.012058,0.012063,0.012027,0.012054,1314830.4
2026-04-15 11:45:00,1776253500000,0.012054,0.012101,0.012041,0.012043,3103953.9
2026-04-15 12:00:00,1776254400000,0.012043,0.012047,0.012015,0.012042,1530856.0
2026-04-15 12:15:00,1776255300000,0.012042,0.012047,0.011974,0.011997,4686391.3
2026-04-15 12:30:00,1776256200000,0.011997,0.012053,0.011976,0.012044,3032739.7
2026-04-15 12:45:00,1776257100000,0.012044,0.012057,0.012029,0.012044,1147842.3
2026-04-15 13:00:00,1776258000000,0.012044,0.012097,0.012029,0.012044,2630188.2
2026-04-15 13:15:00,1776258900000,0.012044,0.012112,0.01204,0.012081,1257025.4
2026-04-15 13:30:00,1776259800000,0.012081,0.012123,0.012028,0.012049,6500298.3
2026-04-15 13:45:00,1776260700000,0.012049,0.0121,0.01204,0.012061,2012626.3
2026-04-15 14:00:00,1776261600000,0.012061,0.012136,0.012041,0.012136,3705966.2
2026-04-15 14:15:00,1776262500000,0.012136,0.012199,0.012125,0.012154,3355431.1
2026-04-15 14:30:00,1776263400000,0.012154,0.012179,0.012109,0.012133,4446432.2
2026-04-15 14:45:00,1776264300000,0.012133,0.012284,0.012133,0.012246,6816200.8
2026-04-15 15:00:00,1776265200000,0.012246,0.012252,0.012123,0.012164,3512477.8
2026-04-15 15:15:00,1776266100000,0.012164,0.012164,0.012077,0.012144,2741246.9
2026-04-15 15:30:00,1776267000000,0.012144,0.012191,0.012068,0.012152,3494623.1
2026-04-15 15:45:00,1776267900000,0.012152,0.012165,0.012085,0.0121,1902661.1
2026-04-15 16:00:00,1776268800000,0.0121,0.012165,0.012097,0.012161,1983886.7
2026-04-15 16:15:00,1776269700000,0.012161,0.012175,0.012132,0.012154,1849814.7
2026-04-15 16:30:00,1776270600000,0.012154,0.012211,0.012145,0.012211,2093784.3
2026-04-15 16:45:00,1776271500000,0.012211,0.012319,0.012211,0.012308,3933303.9
2026-04-15 17:00:00,1776272400000,0.012308,0.012388,0.012285,0.012346,6229429.4
2026-04-15 17:15:00,1776273300000,0.012346,0.012372,0.012337,0.01234,1968891.6
2026-04-15 17:30:00,1776274200000,0.01234,0.012351,0.012251,0.012271,3936122.2
2026-04-15 17:45:00,1776275100000,0.012271,0.012277,0.012224,0.01223,2782954.3
2026-04-15 18:00:00,1776276000000,0.01223,0.012293,0.012225,0.012256,3014261.7
2026-04-15 18:15:00,1776276900000,0.012256,0.012288,0.012226,0.012226,1943349.8
2026-04-15 18:30:00,1776277800000,0.012226,0.012244,0.012182,0.012189,1333047.1
2026-04-15 18:45:00,1776278700000,0.012189,0.012214,0.01217,0.012197,1875274.9
2026-04-15 19:00:00,1776279600000,0.012197,0.012255,0.012186,0.012222,5791185.8
2026-04-15 19:15:00,1776280500000,0.012222,0.01226,0.012213,0.012256,2061505.4
2026-04-15 19:30:00,1776281400000,0.012256,0.012373,0.012224,0.012356,5157409.1
2026-04-15 19:45:00,1776282300000,0.012356,0.012359,0.012316,0.012329,2379017.4
2026-04-15 20:00:00,1776283200000,0.012329,0.012367,0.012301,0.012363,4300849.5
2026-04-15 20:15:00,1776284100000,0.012363,0.012367,0.012327,0.012331,2862010.0
2026-04-15 20:30:00,1776285000000,0.012331,0.012347,0.012262,0.012334,3781235.4
2026-04-15 20:45:00,1776285900000,0.012334,0.012412,0.012321,0.012364,3203798.4
2026-04-15 21:00:00,1776286800000,0.012364,0.012394,0.012333,0.012333,2580693.2
2026-04-15 21:15:00,1776287700000,0.012333,0.012336,0.0123,0.012336,672733.9
2026-04-15 21:30:00,1776288600000,0.012336,0.012392,0.012325,0.012385,793568.0
2026-04-15 21:45:00,1776289500000,0.012385,0.012445,0.012377,0.012445,1567223.3
2026-04-15 22:00:00,1776290400000,0.012445,0.012518,0.012444,0.012454,2470686.6
2026-04-15 22:15:00,1776291300000,0.012454,0.012456,0.012382,0.012403,906149.4
2026-04-15 22:30:00,1776292200000,0.012403,0.012417,0.012326,0.012362,1650053.1
2026-04-15 22:45:00,1776293100000,0.012362,0.012377,0.012316,0.012336,954045.6
2026-04-15 23:00:00,1776294000000,0.012336,0.012336,0.012284,0.012297,1954364.7
2026-04-15 23:15:00,1776294900000,0.012297,0.012297,0.012248,0.012268,1645931.7
2026-04-15 23:30:00,1776295800000,0.012268,0.012279,0.012222,0.012222,965429.1
2026-04-15 23:45:00,1776296700000,0.012222,0.012314,0.012222,0.012314,1254984.4
2026-04-16 00:00:00,1776297600000,0.012314,0.012367,0.012256,0.012256,3577048.7
2026-04-16 00:15:00,1776298500000,0.012256,0.012294,0.012245,0.012267,1880878.6
2026-04-16 00:30:00,1776299400000,0.012267,0.012294,0.012235,0.012275,608775.2
2026-04-16 00:45:00,1776300300000,0.012275,0.012317,0.012241,0.012292,1413146.2
2026-04-16 01:00:00,1776301200000,0.012292,0.012302,0.012241,0.012245,813678.9
2026-04-16 01:15:00,1776302100000,0.012245,0.012273,0.012229,0.012248,1040162.0
2026-04-16 01:30:00,1776303000000,0.012248,0.012287,0.012241,0.012287,618483.8
2026-04-16 01:45:00,1776303900000,0.012287,0.012338,0.012285,0.012338,774299.3
2026-04-16 02:00:00,1776304800000,0.012338,0.0125,0.012338,0.012479,5395459.2
2026-04-16 02:15:00,1776305700000,0.012479,0.012509,0.01244,0.012509,2386437.7
2026-04-16 02:30:00,1776306600000,0.012509,0.012562,0.012509,0.012531,1901031.1
2026-04-16 02:45:00,1776307500000,0.012531,0.012532,0.012448,0.012466,796234.8
2026-04-16 03:00:00,1776308400000,0.012466,0.012491,0.012437,0.012447,813332.2
2026-04-16 03:15:00,1776309300000,0.012447,0.012516,0.012447,0.0125,1028563.3
2026-04-16 03:30:00,1776310200000,0.0125,0.012586,0.01249,0.012551,1666404.1
2026-04-16 03:45:00,1776311100000,0.012551,0.012574,0.012528,0.012537,904391.0
2026-04-16 04:00:00,1776312000000,0.012537,0.012674,0.012529,0.012673,1905616.7
2026-04-16 04:15:00,1776312900000,0.012673,0.012713,0.012635,0.012693,6887099.5
2026-04-16 04:30:00,1776313800000,0.012693,0.012814,0.012658,0.012751,6033474.6
2026-04-16 04:45:00,1776314700000,0.012751,0.012788,0.01266,0.01271,6539246.6
2026-04-16 05:00:00,1776315600000,0.01271,0.012774,0.012645,0.012655,4884850.1
2026-04-16 05:15:00,1776316500000,0.012655,0.012673,0.012622,0.012648,857925.7
2026-04-16 05:30:00,1776317400000,0.012648,0.012655,0.012577,0.012596,882845.7
2026-04-16 05:45:00,1776318300000,0.012596,0.012721,0.012589,0.012668,2654726.0
2026-04-16 06:00:00,1776319200000,0.012668,0.012686,0.012626,0.012626,1073188.1
2026-04-16 06:15:00,1776320100000,0.012626,0.012825,0.012626,0.012818,4199779.4
2026-04-16 06:30:00,1776321000000,0.012818,0.012909,0.012796,0.012878,5913288.0
2026-04-16 06:45:00,1776321900000,0.012878,0.01292,0.012792,0.012814,7202897.0
2026-04-16 07:00:00,1776322800000,0.012814,0.012928,0.012807,0.012924,3371552.6
2026-04-16 07:15:00,1776323700000,0.012924,0.012953,0.012909,0.012916,2029021.1
2026-04-16 07:30:00,1776324600000,0.012916,0.012923,0.0128,0.012846,2289686.0
2026-04-16 07:45:00,1776325500000,0.012846,0.012961,0.012816,0.0129,4211454.8
2026-04-16 08:00:00,1776326400000,0.0129,0.012934,0.012793,0.012821,4174259.7
2026-04-16 08:15:00,1776327300000,0.012821,0.012889,0.012727,0.012852,3992524.2
2026-04-16 08:30:00,1776328200000,0.012852,0.012858,0.012724,0.012824,15025805.9
2026-04-16 08:45:00,1776329100000,0.012824,0.012913,0.012814,0.012821,7713067.8
2026-04-16 09:00:00,1776330000000,0.012821,0.012895,0.012792,0.012883,3593106.7
2026-04-16 09:15:00,1776330900000,0.012883,0.012953,0.012834,0.012941,2379690.7
2026-04-16 09:30:00,1776331800000,0.012941,0.013003,0.012881,0.01292,5997149.4
2026-04-16 09:45:00,1776332700000,0.01292,0.012975,0.012913,0.012924,3297752.7
2026-04-16 10:00:00,1776333600000,0.012924,0.013022,0.012801,0.012876,6715156.6
2026-04-16 10:15:00,1776334500000,0.012876,0.012908,0.012821,0.012896,4234431.3
2026-04-16 10:30:00,1776335400000,0.012896,0.012932,0.012802,0.012828,2741646.3
2026-04-16 10:45:00,1776336300000,0.012828,0.012865,0.012735,0.012757,4151016.6
2026-04-16 11:00:00,1776337200000,0.012757,0.012772,0.012703,0.012731,4460392.8
2026-04-16 11:15:00,1776338100000,0.012731,0.012821,0.012721,0.012816,3240040.6
2026-04-16 11:30:00,1776339000000,0.012816,0.012907,0.012786,0.012867,2906354.8
2026-04-16 11:45:00,1776339900000,0.012867,0.012867,0.012796,0.012807,1561957.5
2026-04-16 12:00:00,1776340800000,0.012807,0.012917,0.012807,0.012882,2812576.5
2026-04-16 12:15:00,1776341700000,0.012882,0.012927,0.012842,0.012927,2121684.6
2026-04-16 12:30:00,1776342600000,0.012927,0.012928,0.012853,0.012907,4208576.7
2026-04-16 12:45:00,1776343500000,0.012907,0.012915,0.012749,0.012784,6836950.5
2026-04-16 13:00:00,1776344400000,0.012784,0.012875,0.012737,0.012842,3949337.7
2026-04-16 13:15:00,1776345300000,0.012842,0.012873,0.012798,0.012813,3069250.3
2026-04-16 13:30:00,1776346200000,0.012813,0.012814,0.012745,0.012777,3494689.5
2026-04-16 13:45:00,1776347100000,0.012777,0.012778,0.012432,0.0126,13096119.9
2026-04-16 14:00:00,1776348000000,0.0126,0.012611,0.012512,0.012529,4658660.9
2026-04-16 14:15:00,1776348900000,0.012529,0.012543,0.012344,0.01242,9487522.7
2026-04-16 14:30:00,1776349800000,0.01242,0.01256,0.01242,0.012506,4329839.6
2026-04-16 14:45:00,1776350700000,0.012506,0.012631,0.012505,0.012588,3717369.4
2026-04-16 15:00:00,1776351600000,0.012588,0.012731,0.012554,0.012717,5264772.4
2026-04-16 15:15:00,1776352500000,0.012717,0.012746,0.012601,0.012601,2812654.9
2026-04-16 15:30:00,1776353400000,0.012601,0.012814,0.012599,0.012797,4920239.9
2026-04-16 15:45:00,1776354300000,0.012797,0.012844,0.012773,0.012812,3012257.2
2026-04-16 16:00:00,1776355200000,0.012812,0.012977,0.012802,0.012899,7261048.4
2026-04-16 16:15:00,1776356100000,0.012899,0.012985,0.012826,0.012826,7530385.4
2026-04-16 16:30:00,1776357000000,0.012826,0.012937,0.012826,0.012914,6735975.4
2026-04-16 16:45:00,1776357900000,0.012914,0.012928,0.012781,0.012892,4801286.5
2026-04-16 17:00:00,1776358800000,0.012892,0.012951,0.012836,0.012864,4076180.5
2026-04-16 17:15:00,1776359700000,0.012864,0.013013,0.012855,0.01295,8513565.8
2026-04-16 17:30:00,1776360600000,0.01295,0.013127,0.012893,0.013029,15818883.6
2026-04-16 17:45:00,1776361500000,0.013029,0.013071,0.012994,0.013017,3242318.8
2026-04-16 18:00:00,1776362400000,0.013017,0.013108,0.013014,0.013072,4614861.9
2026-04-16 18:15:00,1776363300000,0.013072,0.013081,0.013006,0.013024,2378780.3
2026-04-16 18:30:00,1776364200000,0.013024,0.013113,0.013016,0.013099,2695443.8
2026-04-16 18:45:00,1776365100000,0.013099,0.013316,0.013066,0.013225,13754820.6
2026-04-16 19:00:00,1776366000000,0.013225,0.013263,0.013175,0.013236,4134537.7
2026-04-16 19:15:00,1776366900000,0.013236,0.013245,0.013151,0.0132,2800719.8
2026-04-16 19:30:00,1776367800000,0.0132,0.013261,0.013152,0.013234,3976938.1
2026-04-16 19:45:00,1776368700000,0.013234,0.01325,0.013194,0.013212,1000581.8
2026-04-16 20:00:00,1776369600000,0.013212,0.013234,0.013136,0.01317,2693253.3
2026-04-16 20:15:00,1776370500000,0.01317,0.013197,0.013046,0.013111,11289764.4
2026-04-16 20:30:00,1776371400000,0.013111,0.013111,0.013041,0.013085,1738321.9
2026-04-16 20:45:00,1776372300000,0.013085,0.013103,0.013022,0.013063,1184053.5
2026-04-16 21:00:00,1776373200000,0.013063,0.013079,0.01302,0.01304,1755192.5
2026-04-16 21:15:00,1776374100000,0.01304,0.013045,0.012917,0.012947,1730415.3
2026-04-16 21:30:00,1776375000000,0.012947,0.013055,0.012932,0.013043,1454788.7
2026-04-16 21:45:00,1776375900000,0.013043,0.013116,0.013033,0.013096,1116534.5
2026-04-16 22:00:00,1776376800000,0.013096,0.013191,0.013096,0.013138,2394613.8
2026-04-16 22:15:00,1776377700000,0.013138,0.013245,0.013112,0.013225,2304808.4
2026-04-16 22:30:00,1776378600000,0.013225,0.013264,0.01319,0.013208,2298430.8
2026-04-16 22:45:00,1776379500000,0.013208,0.01322,0.013138,0.013138,1246483.2
2026-04-16 23:00:00,1776380400000,0.013138,0.013152,0.013124,0.013125,843005.9
2026-04-16 23:15:00,1776381300000,0.013125,0.013141,0.013108,0.013138,3604896.1
2026-04-16 23:30:00,1776382200000,0.013138,0.013266,0.013127,0.013165,7190182.3
2026-04-16 23:45:00,1776383100000,0.013165,0.013224,0.013141,0.013202,3290281.4
2026-04-17 00:00:00,1776384000000,0.013202,0.013244,0.013008,0.013045,8174466.7
2026-04-17 00:15:00,1776384900000,0.013045,0.013107,0.013019,0.013028,3512603.0
2026-04-17 00:30:00,1776385800000,0.013028,0.013167,0.013005,0.013155,4540714.7
2026-04-17 00:45:00,1776386700000,0.013155,0.013242,0.013136,0.013151,3062106.4
2026-04-17 01:00:00,1776387600000,0.013151,0.013211,0.013144,0.013184,3695830.4
2026-04-17 01:15:00,1776388500000,0.013184,0.013215,0.013064,0.013099,4640686.1
2026-04-17 01:30:00,1776389400000,0.013099,0.013226,0.013066,0.013133,5589465.0
2026-04-17 01:45:00,1776390300000,0.013133,0.013142,0.013048,0.013133,1704615.0
2026-04-17 02:00:00,1776391200000,0.013133,0.013183,0.013105,0.013121,2353258.1
2026-04-17 02:15:00,1776392100000,0.013121,0.01313,0.012956,0.012956,2764031.1
2026-04-17 02:30:00,1776393000000,0.012956,0.013014,0.012941,0.012995,1702563.4
2026-04-17 02:45:00,1776393900000,0.012995,0.013083,0.012949,0.01308,3989999.7
2026-04-17 03:00:00,1776394800000,0.01308,0.013084,0.01297,0.013008,2614211.3
2026-04-17 03:15:00,1776395700000,0.013008,0.013052,0.012998,0.013005,1466043.5
2026-04-17 03:30:00,1776396600000,0.013005,0.013088,0.013005,0.013066,1187535.5
2026-04-17 03:45:00,1776397500000,0.013066,0.013066,0.013008,0.013008,348738.6
2026-04-17 04:00:00,1776398400000,0.013008,0.013101,0.01297,0.013055,4920683.7
2026-04-17 04:15:00,1776399300000,0.013055,0.013063,0.012957,0.012972,2118054.1
2026-04-17 04:30:00,1776400200000,0.012972,0.012977,0.012919,0.012952,1545280.9
2026-04-17 04:45:00,1776401100000,0.012952,0.012962,0.012896,0.01292,2576079.6
2026-04-17 05:00:00,1776402000000,0.01292,0.012932,0.012734,0.012774,6235562.2
2026-04-17 05:15:00,1776402900000,0.012774,0.012822,0.012713,0.012732,4185216.7
2026-04-17 05:30:00,1776403800000,0.012732,0.012759,0.012709,0.012738,2822949.9
2026-04-17 05:45:00,1776404700000,0.012738,0.012758,0.012713,0.012746,1727084.0
2026-04-17 06:00:00,1776405600000,0.012746,0.012823,0.012716,0.012746,5411923.7
2026-04-17 06:15:00,1776406500000,0.012746,0.012819,0.012744,0.012819,931428.3
2026-04-17 06:30:00,1776407400000,0.012819,0.01288,0.012805,0.012879,1521709.1
2026-04-17 06:45:00,1776408300000,0.012879,0.012962,0.012869,0.012919,2197096.4
2026-04-17 07:00:00,1776409200000,0.012919,0.01298,0.012878,0.012912,4612935.2
2026-04-17 07:15:00,1776410100000,0.012912,0.013001,0.012881,0.012931,4395770.6
2026-04-17 07:30:00,1776411000000,0.012931,0.013012,0.012921,0.012953,3314349.8
2026-04-17 07:45:00,1776411900000,0.012953,0.013011,0.012927,0.012994,4802115.0
2026-04-17 08:00:00,1776412800000,0.012994,0.013151,0.012987,0.01308,10064863.4
2026-04-17 08:15:00,1776413700000,0.01308,0.013117,0.013054,0.013057,2286184.2
2026-04-17 08:30:00,1776414600000,0.013057,0.013086,0.013023,0.013038,3266849.3
2026-04-17 08:45:00,1776415500000,0.013038,0.013157,0.01303,0.013089,9987339.7
2026-04-17 09:00:00,1776416400000,0.013089,0.013091,0.013021,0.013084,2880493.1
2026-04-17 09:15:00,1776417300000,0.013084,0.013263,0.013055,0.013148,7411603.7
2026-04-17 09:30:00,1776418200000,0.013148,0.013149,0.013019,0.013044,2444916.6
2026-04-17 09:45:00,1776419100000,0.013044,0.01311,0.013035,0.013089,1532230.1
2026-04-17 10:00:00,1776420000000,0.013089,0.013129,0.013035,0.013062,2565423.0
2026-04-17 10:15:00,1776420900000,0.013062,0.013064,0.012944,0.012961,2788551.2
2026-04-17 10:30:00,1776421800000,0.012961,0.012996,0.012917,0.012932,1548179.0
2026-04-17 10:45:00,1776422700000,0.012932,0.012999,0.012908,0.012999,2293653.7
2026-04-17 11:00:00,1776423600000,0.012999,0.013128,0.012995,0.013094,2400492.4
2026-04-17 11:15:00,1776424500000,0.013094,0.013189,0.013087,0.013145,4234811.8
2026-04-17 11:30:00,1776425400000,0.013145,0.013229,0.013122,0.013125,3792517.5
2026-04-17 11:45:00,1776426300000,0.013125,0.013149,0.013078,0.013081,3306640.7
2026-04-17 12:00:00,1776427200000,0.013081,0.013128,0.013035,0.013126,3561418.8
2026-04-17 12:15:00,1776428100000,0.013126,0.013165,0.013084,0.013122,1408891.6
2026-04-17 12:30:00,1776429000000,0.013122,0.013147,0.013081,0.013133,2571882.7
2026-04-17 12:45:00,1776429900000,0.013133,0.013198,0.013116,0.013134,2865272.1
2026-04-17 13:00:00,1776430800000,0.013134,0.013254,0.013122,0.013254,3136557.8
2026-04-17 13:15:00,1776431700000,0.013254,0.013309,0.013169,0.013263,8196668.7
2026-04-17 13:30:00,1776432600000,0.013263,0.013398,0.013162,0.013339,10725061.9
2026-04-17 13:45:00,1776433500000,0.013339,0.013445,0.013309,0.013353,8558101.3
2026-04-17 14:00:00,1776434400000,0.013353,0.013369,0.013301,0.013314,2404894.0
2026-04-17 14:15:00,1776435300000,0.013314,0.013359,0.013311,0.013326,2041063.3
2026-04-17 14:30:00,1776436200000,0.013326,0.01338,0.013317,0.013356,1894608.1
2026-04-17 14:45:00,1776437100000,0.013356,0.013436,0.013336,0.01337,2927786.7
2026-04-17 15:00:00,1776438000000,0.01337,0.01337,0.013292,0.013297,3195714.9
2026-04-17 15:15:00,1776438900000,0.013297,0.013333,0.013268,0.013295,1513345.8
2026-04-17 15:30:00,1776439800000,0.013295,0.013297,0.013188,0.013208,6565488.9
2026-04-17 15:45:00,1776440700000,0.013208,0.01332,0.013208,0.013309,5320874.4
2026-04-17 16:00:00,1776441600000,0.013309,0.013357,0.01328,0.013292,5956958.3
2026-04-17 16:15:00,1776442500000,0.013292,0.013364,0.013279,0.013364,2012377.1
2026-04-17 16:30:00,1776443400000,0.013364,0.013453,0.01335,0.013444,6361506.7
2026-04-17 16:45:00,1776444300000,0.013444,0.013477,0.013414,0.013423,1030247.1
2026-04-17 17:00:00,1776445200000,0.013423,0.013441,0.013349,0.013388,2914435.5
2026-04-17 17:15:00,1776446100000,0.013388,0.013423,0.013326,0.013356,2826159.0
2026-04-17 17:30:00,1776447000000,0.013356,0.013412,0.013339,0.013379,1106867.2
2026-04-17 17:45:00,1776447900000,0.013379,0.013407,0.013315,0.013326,781170.6
2026-04-17 18:00:00,1776448800000,0.013326,0.013328,0.013149,0.013171,4658833.6
2026-04-17 18:15:00,1776449700000,0.013171,0.013276,0.013171,0.013254,3187935.0
2026-04-17 18:30:00,1776450600000,0.013254,0.013265,0.013216,0.013227,1718877.5
2026-04-17 18:45:00,1776451500000,0.013227,0.013261,0.013215,0.013224,1505741.4
2026-04-17 19:00:00,1776452400000,0.013224,0.013339,0.013224,0.013258,4980634.3
2026-04-17 19:15:00,1776453300000,0.013258,0.013362,0.013258,0.013324,1864029.0
2026-04-17 19:30:00,1776454200000,0.013324,0.01339,0.013324,0.013352,1555874.1
2026-04-17 19:45:00,1776455100000,0.013352,0.013352,0.013306,0.013314,613998.8
2026-04-17 20:00:00,1776456000000,0.013314,0.013335,0.013281,0.013316,759712.6
2026-04-17 20:15:00,1776456900000,0.013316,0.013355,0.013249,0.013257,2524820.7
2026-04-17 20:30:00,1776457800000,0.013257,0.013262,0.013167,0.013183,2946914.1
2026-04-17 20:45:00,1776458700000,0.013183,0.013232,0.013174,0.013227,755459.3
2026-04-17 21:00:00,1776459600000,0.013227,0.01325,0.013202,0.013209,1417542.9
2026-04-17 21:15:00,1776460500000,0.013209,0.013271,0.013202,0.013236,1344407.1
2026-04-17 21:30:00,1776461400000,0.013236,0.013253,0.013179,0.013218,854925.8
2026-04-17 21:45:00,1776462300000,0.013218,0.013252,0.013187,0.013236,519548.2
2026-04-17 22:00:00,1776463200000,0.013236,0.01325,0.013191,0.013192,1395939.1
2026-04-17 22:15:00,1776464100000,0.013192,0.013203,0.013155,0.013176,2566259.6
2026-04-17 22:30:00,1776465000000,0.013176,0.013247,0.013151,0.013219,3331726.5
2026-04-17 22:45:00,1776465900000,0.013219,0.013254,0.013201,0.013221,750686.6
2026-04-17 23:00:00,1776466800000,0.013221,0.013247,0.013173,0.013224,5676505.7
2026-04-17 23:15:00,1776467700000,0.013224,0.013228,0.013098,0.013138,2486213.3
2026-04-17 23:30:00,1776468600000,0.013138,0.013155,0.013115,0.013123,902854.7
2026-04-17 23:45:00,1776469500000,0.013123,0.013132,0.013096,0.013111,745088.0
2026-04-18 00:00:00,1776470400000,0.013111,0.013174,0.012955,0.012994,6057568.8
2026-04-18 00:15:00,1776471300000,0.012994,0.013053,0.012989,0.013041,2158112.6
2026-04-18 00:30:00,1776472200000,0.013041,0.013047,0.012914,0.01292,2600512.3
2026-04-18 00:45:00,1776473100000,0.01292,0.012988,0.012916,0.012962,1346107.5
2026-04-18 01:00:00,1776474000000,0.012962,0.012978,0.012934,0.012955,1146848.0
2026-04-18 01:15:00,1776474900000,0.012955,0.012968,0.012917,0.012921,434631.6
2026-04-18 01:30:00,1776475800000,0.012921,0.012927,0.012854,0.012869,5868034.5
2026-04-18 01:45:00,1776476700000,0.012869,0.012923,0.012866,0.012896,1992603.5
2026-04-18 02:00:00,1776477600000,0.012896,0.012902,0.012847,0.012889,2684831.6
2026-04-18 02:15:00,1776478500000,0.012889,0.01294,0.012881,0.012939,903360.0
2026-04-18 02:30:00,1776479400000,0.012939,0.013006,0.012919,0.012945,3111121.6
2026-04-18 02:45:00,1776480300000,0.012945,0.012979,0.012926,0.012962,1100279.8
2026-04-18 03:00:00,1776481200000,0.012962,0.012962,0.012873,0.012928,1242107.3
2026-04-18 03:15:00,1776482100000,0.012928,0.012988,0.012911,0.012913,2279710.5
2026-04-18 03:30:00,1776483000000,0.012913,0.012996,0.012904,0.012912,7787190.8
2026-04-18 03:45:00,1776483900000,0.012912,0.01294,0.012766,0.012813,8791384.4
2026-04-18 04:00:00,1776484800000,0.012813,0.012859,0.012773,0.012857,2479623.3
2026-04-18 04:15:00,1776485700000,0.012857,0.012891,0.012827,0.012837,2606966.1
2026-04-18 04:30:00,1776486600000,0.012837,0.012885,0.012803,0.012816,1678788.6
2026-04-18 04:45:00,1776487500000,0.012816,0.01285,0.012804,0.012806,825823.2
2026-04-18 05:00:00,1776488400000,0.012806,0.012922,0.012805,0.012915,1577898.0
2026-04-18 05:15:00,1776489300000,0.012915,0.012926,0.012895,0.012913,1430815.7
2026-04-18 05:30:00,1776490200000,0.012913,0.012929,0.012883,0.01291,1014866.2
2026-04-18 05:45:00,1776491100000,0.01291,0.012985,0.012891,0.01294,3646885.7
2026-04-18 06:00:00,1776492000000,0.01294,0.01298,0.012932,0.012949,1463956.0
2026-04-18 06:15:00,1776492900000,0.012949,0.012966,0.012885,0.012919,1400089.4
2026-04-18 06:30:00,1776493800000,0.012919,0.013041,0.012917,0.013041,3172405.0
2026-04-18 06:45:00,1776494700000,0.013041,0.013107,0.013033,0.013102,2417787.8
2026-04-18 07:00:00,1776495600000,0.013102,0.013159,0.013082,0.013135,5080169.5
2026-04-18 07:15:00,1776496500000,0.013135,0.013193,0.013126,0.013136,2529808.4
2026-04-18 07:30:00,1776497400000,0.013136,0.013186,0.013072,0.013124,3182262.9
2026-04-18 07:45:00,1776498300000,0.013124,0.01314,0.013069,0.013093,8893725.6
2026-04-18 08:00:00,1776499200000,0.013093,0.013126,0.013059,0.013074,2888322.1
2026-04-18 08:15:00,1776500100000,0.013074,0.013074,0.012929,0.01298,9284724.7
2026-04-18 08:30:00,1776501000000,0.01298,0.013007,0.012793,0.0129,10230703.0
2026-04-18 08:45:00,1776501900000,0.0129,0.012985,0.012881,0.012975,5054144.3
2026-04-18 09:00:00,1776502800000,0.012975,0.012975,0.012768,0.012849,5836944.1
2026-04-18 09:15:00,1776503700000,0.012849,0.012909,0.012803,0.012909,1610472.6
2026-04-18 09:30:00,1776504600000,0.012909,0.012937,0.012859,0.012869,1619325.9
2026-04-18 09:45:00,1776505500000,0.012869,0.012905,0.012836,0.012841,923282.0
2026-04-18 10:00:00,1776506400000,0.012841,0.012841,0.012691,0.012752,5721040.3
2026-04-18 10:15:00,1776507300000,0.012752,0.012842,0.01275,0.012777,3553493.5
2026-04-18 10:30:00,1776508200000,0.012777,0.012855,0.012746,0.012795,5510226.0
2026-04-18 10:45:00,1776509100000,0.012795,0.01281,0.012664,0.012681,3871617.5
2026-04-18 11:00:00,1776510000000,0.012681,0.012681,0.012564,0.012617,9425344.0
2026-04-18 11:15:00,1776510900000,0.012617,0.012667,0.012556,0.012651,4006186.8
2026-04-18 11:30:00,1776511800000,0.012651,0.012659,0.01253,0.012555,5223866.7
2026-04-18 11:45:00,1776512700000,0.012555,0.012691,0.012547,0.012673,4000695.9
2026-04-18 12:00:00,1776513600000,0.012673,0.012767,0.012663,0.012717,5559615.0
2026-04-18 12:15:00,1776514500000,0.012717,0.012719,0.012662,0.012677,1804274.8
2026-04-18 12:30:00,1776515400000,0.012677,0.012701,0.012584,0.01263,3720241.2
2026-04-18 12:45:00,1776516300000,0.01263,0.012675,0.012583,0.012643,6856233.4
2026-04-18 13:00:00,1776517200000,0.012643,0.012687,0.012621,0.012641,3678432.6
2026-04-18 13:15:00,1776518100000,0.012641,0.012648,0.012552,0.012572,2930361.8
2026-04-18 13:30:00,1776519000000,0.012572,0.012573,0.0125,0.01255,5134563.6
2026-04-18 13:45:00,1776519900000,0.01255,0.012685,0.012547,0.012655,2487339.5
2026-04-18 14:00:00,1776520800000,0.012655,0.012679,0.012628,0.012655,3284340.5
2026-04-18 14:15:00,1776521700000,0.012655,0.012696,0.01262,0.012671,1611392.5
2026-04-18 14:30:00,1776522600000,0.012671,0.012743,0.01267,0.012723,1694491.9
2026-04-18 14:45:00,1776523500000,0.012723,0.012753,0.012712,0.012737,1994823.6
2026-04-18 15:00:00,1776524400000,0.012737,0.012808,0.012722,0.012766,2268233.3
2026-04-18 15:15:00,1776525300000,0.012766,0.012781,0.012721,0.012721,1385174.5
2026-04-18 15:30:00,1776526200000,0.012721,0.012826,0.012715,0.012749,7004303.5
2026-04-18 15:45:00,1776527100000,0.012749,0.012788,0.012716,0.012745,2529113.9
2026-04-18 16:00:00,1776528000000,0.012745,0.012745,0.012629,0.012722,3771916.9
2026-04-18 16:15:00,1776528900000,0.012722,0.012751,0.012565,0.012697,10723058.3
2026-04-18 16:30:00,1776529800000,0.012697,0.012711,0.012619,0.012647,3167402.2
2026-04-18 16:45:00,1776530700000,0.012647,0.01266,0.012561,0.012602,2755258.8
2026-04-18 17:00:00,1776531600000,0.012602,0.012612,0.012501,0.012536,3152946.5
2026-04-18 17:15:00,1776532500000,0.012536,0.012656,0.012536,0.012633,3054206.4
2026-04-18 17:30:00,1776533400000,0.012633,0.012647,0.012609,0.012637,944857.1
2026-04-18 17:45:00,1776534300000,0.012637,0.012685,0.012575,0.01258,3323205.6
2026-04-18 18:00:00,1776535200000,0.01258,0.012612,0.01255,0.01256,2690237.9
2026-04-18 18:15:00,1776536100000,0.01256,0.01256,0.012475,0.012508,2694711.5
2026-04-18 18:30:00,1776537000000,0.012508,0.012513,0.01234,0.012382,13422752.4
2026-04-18 18:45:00,1776537900000,0.012382,0.012415,0.012265,0.012303,14803196.2
2026-04-18 19:00:00,1776538800000,0.012303,0.012388,0.012302,0.012343,6667596.2
2026-04-18 19:15:00,1776539700000,0.012343,0.012374,0.012297,0.012314,2514432.0
2026-04-18 19:30:00,1776540600000,0.012314,0.012393,0.012282,0.012339,3706148.7
2026-04-18 19:45:00,1776541500000,0.012339,0.012399,0.012324,0.01239,2185830.6
2026-04-18 20:00:00,1776542400000,0.01239,0.012399,0.012325,0.012369,6682665.2
2026-04-18 20:15:00,1776543300000,0.012369,0.012465,0.012369,0.012447,5276726.5
2026-04-18 20:30:00,1776544200000,0.012447,0.012497,0.012444,0.012469,3938889.7
2026-04-18 20:45:00,1776545100000,0.012469,0.012503,0.012424,0.012431,3280415.4
2026-04-18 21:00:00,1776546000000,0.012431,0.012481,0.0124,0.012417,3799375.0
2026-04-18 21:15:00,1776546900000,0.012417,0.012418,0.012396,0.012414,1255320.9
2026-04-18 21:30:00,1776547800000,0.012414,0.012438,0.012407,0.012437,565834.1
2026-04-18 21:45:00,1776548700000,0.012437,0.012437,0.012379,0.012406,581208.5
2026-04-18 22:00:00,1776549600000,0.012406,0.01243,0.012354,0.012377,4181980.2
2026-04-18 22:15:00,1776550500000,0.012377,0.01238,0.012324,0.012348,1092121.8
2026-04-18 22:30:00,1776551400000,0.012348,0.012404,0.012341,0.012399,1616343.0
2026-04-18 22:45:00,1776552300000,0.012399,0.012484,0.012396,0.012458,1754857.0
2026-04-18 23:00:00,1776553200000,0.012458,0.012469,0.01242,0.01242,1505359.5
2026-04-18 23:15:00,1776554100000,0.01242,0.012446,0.012359,0.012364,1264099.9
2026-04-18 23:30:00,1776555000000,0.012364,0.012364,0.012294,0.012317,2760481.6
2026-04-18 23:45:00,1776555900000,0.012317,0.01233,0.012215,0.012236,5745173.9
2026-04-19 00:00:00,1776556800000,0.012236,0.012259,0.01212,0.012149,8866457.3
2026-04-19 00:15:00,1776557700000,0.012149,0.01216,0.012096,0.012122,3529091.4
2026-04-19 00:30:00,1776558600000,0.012122,0.012171,0.012086,0.012109,9492402.0
2026-04-19 00:45:00,1776559500000,0.012109,0.012193,0.012109,0.012156,4108479.0
2026-04-19 01:00:00,1776560400000,0.012156,0.012207,0.012122,0.012133,2889853.2
2026-04-19 01:15:00,1776561300000,0.012133,0.012159,0.012089,0.012094,2265731.5
2026-04-19 01:30:00,1776562200000,0.012094,0.012106,0.01199,0.012036,8688288.4
2026-04-19 01:45:00,1776563100000,0.012036,0.01218,0.012035,0.012132,5115558.9
2026-04-19 02:00:00,1776564000000,0.012132,0.012138,0.012095,0.012119,2631663.4
2026-04-19 02:15:00,1776564900000,0.012119,0.012124,0.011968,0.011981,2737075.2
2026-04-19 02:30:00,1776565800000,0.011981,0.012097,0.011943,0.01208,3826258.5
2026-04-19 02:45:00,1776566700000,0.01208,0.012098,0.012022,0.012057,2788706.8
2026-04-19 03:00:00,1776567600000,0.012057,0.012126,0.011998,0.01212,1454652.9
2026-04-19 03:15:00,1776568500000,0.01212,0.012144,0.012096,0.012133,973001.7
2026-04-19 03:30:00,1776569400000,0.012133,0.012175,0.012105,0.012159,1831623.7
2026-04-19 03:45:00,1776570300000,0.012159,0.012164,0.012092,0.012099,2290802.0
2026-04-19 04:00:00,1776571200000,0.012099,0.012202,0.01207,0.012187,2853785.6
2026-04-19 04:15:00,1776572100000,0.012187,0.012207,0.012154,0.012205,1345293.3
2026-04-19 04:30:00,1776573000000,0.012205,0.012206,0.012059,0.012145,6309403.1
2026-04-19 04:45:00,1776573900000,0.012145,0.012277,0.01214,0.012233,6463414.7
2026-04-19 05:00:00,1776574800000,0.012233,0.012287,0.012213,0.012256,4239991.0
2026-04-19 05:15:00,1776575700000,0.012256,0.012309,0.01223,0.012237,4248538.1
2026-04-19 05:30:00,1776576600000,0.012237,0.012252,0.012178,0.012198,1995817.5
2026-04-19 05:45:00,1776577500000,0.012198,0.012225,0.012155,0.012161,3314921.6
2026-04-19 06:00:00,1776578400000,0.012161,0.012169,0.012091,0.012106,2452108.6
2026-04-19 06:15:00,1776579300000,0.012106,0.01231,0.012092,0.012255,3368309.0
2026-04-19 06:30:00,1776580200000,0.012255,0.012374,0.012245,0.012308,5990908.2
2026-04-19 06:45:00,1776581100000,0.012308,0.01239,0.012295,0.012328,6088927.7
2026-04-19 07:00:00,1776582000000,0.012328,0.012377,0.012264,0.012366,4814048.2
2026-04-19 07:15:00,1776582900000,0.012366,0.012404,0.012282,0.012321,2671928.8
2026-04-19 07:30:00,1776583800000,0.012321,0.012391,0.012296,0.012379,3540634.2
2026-04-19 07:45:00,1776584700000,0.012379,0.012472,0.012377,0.012386,8965683.5
2026-04-19 08:00:00,1776585600000,0.012386,0.012434,0.012333,0.012383,5148335.6
2026-04-19 08:15:00,1776586500000,0.012383,0.012513,0.012375,0.012438,7958654.9
2026-04-19 08:30:00,1776587400000,0.012438,0.012471,0.012406,0.012428,4371893.5
2026-04-19 08:45:00,1776588300000,0.012428,0.012447,0.012378,0.012392,1828349.2
2026-04-19 09:00:00,1776589200000,0.012392,0.01245,0.012332,0.01243,4264597.0
2026-04-19 09:15:00,1776590100000,0.01243,0.01243,0.012288,0.012359,3592952.1
2026-04-19 09:30:00,1776591000000,0.012359,0.012431,0.012332,0.012403,3845166.5
2026-04-19 09:45:00,1776591900000,0.012403,0.012552,0.012368,0.012445,10869222.2
2026-04-19 10:00:00,1776592800000,0.012445,0.012449,0.01219,0.012251,14938199.0
2026-04-19 10:15:00,1776593700000,0.012251,0.012304,0.012216,0.012301,4583718.4
2026-04-19 10:30:00,1776594600000,0.012301,0.012507,0.012299,0.012447,5346598.8
2026-04-19 10:45:00,1776595500000,0.012447,0.012476,0.012346,0.012351,8155754.2
2026-04-19 11:00:00,1776596400000,0.012351,0.01239,0.012246,0.012348,6728383.3
2026-04-19 11:15:00,1776597300000,0.012348,0.012455,0.012348,0.012453,1682065.8
2026-04-19 11:30:00,1776598200000,0.012453,0.012473,0.012414,0.012438,1043127.2
2026-04-19 11:45:00,1776599100000,0.012438,0.012476,0.012416,0.012416,2155477.5
2026-04-19 12:00:00,1776600000000,0.012416,0.012643,0.012411,0.012637,5074218.0
2026-04-19 12:15:00,1776600900000,0.012637,0.012762,0.012625,0.012728,9696773.6
2026-04-19 12:30:00,1776601800000,0.012728,0.012773,0.012642,0.012698,7455472.4
2026-04-19 12:45:00,1776602700000,0.012698,0.012811,0.012663,0.012754,11309352.5
2026-04-19 13:00:00,1776603600000,0.012754,0.012876,0.012753,0.012852,9786210.5
2026-04-19 13:15:00,1776604500000,0.012852,0.013075,0.012821,0.012935,20515680.2
2026-04-19 13:30:00,1776605400000,0.012935,0.013005,0.012852,0.012926,6179956.0
2026-04-19 13:45:00,1776606300000,0.012926,0.012943,0.012784,0.012801,3978009.5
2026-04-19 14:00:00,1776607200000,0.012801,0.012808,0.012676,0.012808,7488159.1
2026-04-19 14:15:00,1776608100000,0.012808,0.012923,0.012796,0.01289,6931648.6
2026-04-19 14:30:00,1776609000000,0.01289,0.013015,0.012884,0.012921,3541027.7
2026-04-19 14:45:00,1776609900000,0.012921,0.013096,0.012911,0.013009,7508940.7
2026-04-19 15:00:00,1776610800000,0.013009,0.013042,0.01293,0.012935,11038571.0
2026-04-19 15:15:00,1776611700000,0.012935,0.013041,0.012783,0.012833,10893629.6
2026-04-19 15:30:00,1776612600000,0.012833,0.01292,0.012686,0.012883,8456428.7
2026-04-19 15:45:00,1776613500000,0.012883,0.013009,0.012856,0.012928,6912698.0
2026-04-19 16:00:00,1776614400000,0.012928,0.012996,0.012873,0.012895,8564681.6
2026-04-19 16:15:00,1776615300000,0.012895,0.012925,0.012686,0.012775,10120207.4
2026-04-19 16:30:00,1776616200000,0.012775,0.012799,0.012667,0.012716,6284175.7
2026-04-19 16:45:00,1776617100000,0.012716,0.012827,0.012714,0.012734,4945718.9
2026-04-19 17:00:00,1776618000000,0.012734,0.012753,0.012627,0.012696,6534710.9
2026-04-19 17:15:00,1776618900000,0.012696,0.012741,0.012675,0.012717,2755450.0
2026-04-19 17:30:00,1776619800000,0.012717,0.012775,0.012623,0.012648,2453143.1
2026-04-19 17:45:00,1776620700000,0.012648,0.012694,0.012561,0.012596,4497818.9
2026-04-19 18:00:00,1776621600000,0.012596,0.012632,0.012507,0.012569,5606963.2
2026-04-19 18:15:00,1776622500000,0.012569,0.012609,0.012534,0.012587,2818213.6
2026-04-19 18:30:00,1776623400000,0.012587,0.012621,0.012568,0.012592,1440874.3
2026-04-19 18:45:00,1776624300000,0.012592,0.012644,0.012575,0.012608,1465838.8
2026-04-19 19:00:00,1776625200000,0.012608,0.012822,0.012608,0.012765,4643720.4
2026-04-19 19:15:00,1776626100000,0.012765,0.012806,0.012737,0.012778,1247902.4
2026-04-19 19:30:00,1776627000000,0.012778,0.0129,0.012751,0.012757,5265405.2
2026-04-19 19:45:00,1776627900000,0.012757,0.012798,0.012727,0.012734,5372278.4
2026-04-19 20:00:00,1776628800000,0.012734,0.012743,0.012617,0.012678,3546939.1
2026-04-19 20:15:00,1776629700000,0.012678,0.012744,0.012618,0.012725,3973731.3
2026-04-19 20:30:00,1776630600000,0.012725,0.012786,0.012698,0.012719,3729193.8
2026-04-19 20:45:00,1776631500000,0.012719,0.012738,0.012621,0.012622,1993995.5
2026-04-19 21:00:00,1776632400000,0.012622,0.012678,0.012571,0.012638,1591188.9
2026-04-19 21:15:00,1776633300000,0.012638,0.01267,0.012599,0.01263,1243437.3
2026-04-19 21:30:00,1776634200000,0.01263,0.012785,0.01263,0.01278,742744.7
2026-04-19 21:45:00,1776635100000,0.01278,0.012817,0.012576,0.012576,5531081.6
2026-04-19 22:00:00,1776636000000,0.012576,0.012576,0.012368,0.012392,13723275.4
2026-04-19 22:15:00,1776636900000,0.012392,0.012403,0.01227,0.012375,10865507.5
2026-04-19 22:30:00,1776637800000,0.012375,0.012466,0.012351,0.012441,4208357.6
2026-04-19 22:45:00,1776638700000,0.012441,0.012477,0.012393,0.012393,2192599.9
2026-04-19 23:00:00,1776639600000,0.012393,0.012393,0.01226,0.012285,6851535.9
2026-04-19 23:15:00,1776640500000,0.012285,0.012323,0.012198,0.012263,8401546.5
2026-04-19 23:30:00,1776641400000,0.012263,0.012287,0.012231,0.012263,2710297.3
2026-04-19 23:45:00,1776642300000,0.012263,0.012332,0.012243,0.012316,2578189.5
2026-04-20 00:00:00,1776643200000,0.012316,0.012338,0.012234,0.012294,7230028.4
2026-04-20 00:15:00,1776644100000,0.012294,0.012447,0.012288,0.012435,5950728.4
2026-04-20 00:30:00,1776645000000,0.012435,0.012441,0.012349,0.01238,2652801.1
2026-04-20 00:45:00,1776645900000,0.01238,0.012506,0.012376,0.012489,3945419.8
2026-04-20 01:00:00,1776646800000,0.012489,0.012604,0.012486,0.012532,7316682.5
2026-04-20 01:15:00,1776647700000,0.012532,0.012632,0.01243,0.0126,11418647.6
2026-04-20 01:30:00,1776648600000,0.0126,0.01266,0.01256,0.012579,4843567.6
2026-04-20 01:45:00,1776649500000,0.012579,0.012628,0.012527,0.012534,3177355.2
2026-04-20 02:00:00,1776650400000,0.012534,0.012535,0.012411,0.012431,2497062.9
2026-04-20 02:15:00,1776651300000,0.012431,0.01252,0.012415,0.01251,2363926.5
2026-04-20 02:30:00,1776652200000,0.01251,0.012517,0.012456,0.012479,2864685.3
2026-04-20 02:45:00,1776653100000,0.012479,0.012596,0.012448,0.012593,3555652.7
2026-04-20 03:00:00,1776654000000,0.012593,0.012668,0.012562,0.012566,4215046.5
2026-04-20 03:15:00,1776654900000,0.012566,0.012698,0.012556,0.012626,3130569.4
2026-04-20 03:30:00,1776655800000,0.012626,0.012671,0.012559,0.012562,3939725.5
2026-04-20 03:45:00,1776656700000,0.012562,0.012665,0.012543,0.012638,4084823.1
2026-04-20 04:00:00,1776657600000,0.012638,0.012654,0.012581,0.012603,3593707.5
2026-04-20 04:15:00,1776658500000,0.012603,0.012674,0.012568,0.012673,4765200.5
2026-04-20 04:30:00,1776659400000,0.012673,0.012753,0.012633,0.012695,3451486.5
2026-04-20 04:45:00,1776660300000,0.012695,0.012733,0.012683,0.012683,1786931.8
2026-04-20 05:00:00,1776661200000,0.012683,0.012684,0.012499,0.012546,6716023.4
2026-04-20 05:15:00,1776662100000,0.012546,0.01258,0.012462,0.012483,6441916.0
2026-04-20 05:30:00,1776663000000,0.012483,0.012526,0.012411,0.012414,6625911.9
2026-04-20 05:45:00,1776663900000,0.012414,0.012464,0.012401,0.01245,2513765.2
2026-04-20 06:00:00,1776664800000,0.01245,0.012492,0.012407,0.012451,4594701.0
2026-04-20 06:15:00,1776665700000,0.012451,0.01268,0.012447,0.01263,15161475.0
2026-04-20 06:30:00,1776666600000,0.01263,0.012861,0.012627,0.012803,16497570.1
2026-04-20 06:45:00,1776667500000,0.012803,0.012859,0.012726,0.0128,4234053.9
2026-04-20 07:00:00,1776668400000,0.0128,0.012903,0.012751,0.012751,6078966.7
2026-04-20 07:15:00,1776669300000,0.012751,0.012792,0.012654,0.012738,6240444.9
2026-04-20 07:30:00,1776670200000,0.012738,0.01276,0.012571,0.012596,4588423.3
2026-04-20 07:45:00,1776671100000,0.012596,0.012653,0.01255,0.012624,3933212.5
2026-04-20 08:00:00,1776672000000,0.012624,0.012624,0.0125,0.012545,4132066.5
2026-04-20 08:15:00,1776672900000,0.012545,0.012586,0.012471,0.012507,3396103.4
2026-04-20 08:30:00,1776673800000,0.012507,0.012567,0.012497,0.012556,4281066.5
2026-04-20 08:45:00,1776674700000,0.012556,0.012561,0.012426,0.012493,5179555.5
2026-04-20 09:00:00,1776675600000,0.012493,0.012597,0.012479,0.012542,2649802.8
2026-04-20 09:15:00,1776676500000,0.012542,0.01261,0.012523,0.012588,1713779.1
2026-04-20 09:30:00,1776677400000,0.012588,0.012653,0.012562,0.012636,3944611.4
2026-04-20 09:45:00,1776678300000,0.012636,0.012695,0.012628,0.012676,3966844.4
2026-04-20 10:00:00,1776679200000,0.012676,0.01278,0.012675,0.012758,4957269.2
2026-04-20 10:15:00,1776680100000,0.012758,0.012766,0.012657,0.012726,2399486.9
2026-04-20 10:30:00,1776681000000,0.012726,0.012761,0.012686,0.012761,2846295.6
2026-04-20 10:45:00,1776681900000,0.012761,0.012804,0.012719,0.012731,3460930.6
2026-04-20 11:00:00,1776682800000,0.012731,0.012769,0.012673,0.012768,2201768.8
2026-04-20 11:15:00,1776683700000,0.012768,0.012789,0.012706,0.012706,3424947.7
2026-04-20 11:30:00,1776684600000,0.012706,0.012716,0.012653,0.012653,1351124.3
2026-04-20 11:45:00,1776685500000,0.012653,0.012661,0.012589,0.012604,3067053.6
2026-04-20 12:00:00,1776686400000,0.012604,0.01268,0.012544,0.012641,4359535.9
2026-04-20 12:15:00,1776687300000,0.012641,0.012695,0.012612,0.012635,4746779.3
2026-04-20 12:30:00,1776688200000,0.012635,0.01271,0.012613,0.012663,6958651.3
2026-04-20 12:45:00,1776689100000,0.012663,0.012805,0.012655,0.012766,5674667.2
2026-04-20 13:00:00,1776690000000,0.012766,0.012878,0.012755,0.012792,6305902.9
2026-04-20 13:15:00,1776690900000,0.012792,0.01282,0.012754,0.012773,4360080.9
2026-04-20 13:30:00,1776691800000,0.012773,0.012804,0.012686,0.012747,5545664.6
2026-04-20 13:45:00,1776692700000,0.012747,0.012842,0.012719,0.012794,4805681.4
2026-04-20 14:00:00,1776693600000,0.012794,0.012803,0.012687,0.012704,4505951.1
2026-04-20 14:15:00,1776694500000,0.012704,0.012799,0.012688,0.012733,2921817.7
2026-04-20 14:30:00,1776695400000,0.012733,0.012833,0.01269,0.012747,4859643.4
2026-04-20 14:45:00,1776696300000,0.012747,0.012814,0.012604,0.012635,6411576.9
2026-04-20 15:00:00,1776697200000,0.012635,0.012659,0.012542,0.012608,4709594.2
2026-04-20 15:15:00,1776698100000,0.012608,0.012762,0.012608,0.012757,4143568.9
2026-04-20 15:30:00,1776699000000,0.012757,0.012757,0.012681,0.012696,3443070.2
2026-04-20 15:45:00,1776699900000,0.012696,0.012698,0.012628,0.012692,1200259.5
2026-04-20 16:00:00,1776700800000,0.012692,0.012726,0.012639,0.012641,2813911.9
2026-04-20 16:15:00,1776701700000,0.012641,0.012729,0.01262,0.012722,2973183.1
2026-04-20 16:30:00,1776702600000,0.012722,0.01278,0.012696,0.012766,2220878.5
2026-04-20 16:45:00,1776703500000,0.012766,0.012793,0.012703,0.012718,2011764.1
2026-04-20 17:00:00,1776704400000,0.012718,0.012781,0.012716,0.012727,3838202.1
2026-04-20 17:15:00,1776705300000,0.012727,0.012815,0.0127,0.012756,2680112.4
2026-04-20 17:30:00,1776706200000,0.012756,0.01279,0.012707,0.012783,4630005.6
2026-04-20 17:45:00,1776707100000,0.012783,0.012874,0.012778,0.012851,3956890.9
2026-04-20 18:00:00,1776708000000,0.012851,0.012884,0.012826,0.012866,3229519.0
2026-04-20 18:15:00,1776708900000,0.012866,0.012866,0.012814,0.012829,2571697.8
2026-04-20 18:30:00,1776709800000,0.012829,0.012877,0.012775,0.01287,3353476.4
2026-04-20 18:45:00,1776710700000,0.01287,0.012927,0.012795,0.0129,5549052.7
2026-04-20 19:00:00,1776711600000,0.0129,0.012958,0.012869,0.012893,5074983.1
2026-04-20 19:15:00,1776712500000,0.012893,0.012906,0.012851,0.012865,3567732.8
2026-04-20 19:30:00,1776713400000,0.012865,0.012868,0.012818,0.012824,1732644.3
2026-04-20 19:45:00,1776714300000,0.012824,0.012861,0.012804,0.012849,1216366.0
2026-04-20 20:00:00,1776715200000,0.012849,0.012851,0.01276,0.012794,2109282.2
2026-04-20 20:15:00,1776716100000,0.012794,0.012906,0.012782,0.012859,3639809.5
2026-04-20 20:30:00,1776717000000,0.012859,0.012889,0.012833,0.012878,1503489.5
2026-04-20 20:45:00,1776717900000,0.012878,0.012974,0.012867,0.012953,3795941.3
2026-04-20 21:00:00,1776718800000,0.012953,0.013023,0.012902,0.01295,6403832.3
2026-04-20 21:15:00,1776719700000,0.01295,0.012962,0.012866,0.012909,4229060.8
2026-04-20 21:30:00,1776720600000,0.012909,0.012943,0.012899,0.01294,521035.7
2026-04-20 21:45:00,1776721500000,0.01294,0.012968,0.01293,0.012953,771914.8
2026-04-20 22:00:00,1776722400000,0.012953,0.01296,0.012842,0.012858,3207784.7
2026-04-20 22:15:00,1776723300000,0.012858,0.01286,0.012786,0.01285,3413794.5
2026-04-20 22:30:00,1776724200000,0.01285,0.012867,0.012703,0.012756,5579256.2
2026-04-20 22:45:00,1776725100000,0.012756,0.012784,0.01274,0.012763,1166250.8
2026-04-20 23:00:00,1776726000000,0.012763,0.012763,0.012691,0.012704,2210776.5
2026-04-20 23:15:00,1776726900000,0.012704,0.012706,0.012661,0.012661,1636004.5
2026-04-20 23:30:00,1776727800000,0.012661,0.0127,0.012654,0.012668,3425293.0
2026-04-20 23:45:00,1776728700000,0.012668,0.012728,0.01266,0.012713,3247301.0
2026-04-21 00:00:00,1776729600000,0.012713,0.01273,0.012622,0.01263,2902403.8
2026-04-21 00:15:00,1776730500000,0.01263,0.012667,0.012572,0.012661,3761689.5
2026-04-21 00:30:00,1776731400000,0.012661,0.012696,0.012633,0.012649,3010867.5
2026-04-21 00:45:00,1776732300000,0.012649,0.012716,0.012644,0.012689,4878405.0
2026-04-21 01:00:00,1776733200000,0.012689,0.01272,0.01264,0.012713,2341499.7
2026-04-21 01:15:00,1776734100000,0.012713,0.01284,0.012683,0.012763,8632412.5
2026-04-21 01:30:00,1776735000000,0.012763,0.012783,0.012702,0.012724,4230882.6
2026-04-21 01:45:00,1776735900000,0.012724,0.012735,0.012656,0.012683,2932437.0
2026-04-21 02:00:00,1776736800000,0.012683,0.012713,0.012611,0.012613,3749722.8
2026-04-21 02:15:00,1776737700000,0.012613,0.012638,0.012558,0.012604,4740697.4
2026-04-21 02:30:00,1776738600000,0.012604,0.012647,0.012571,0.012625,4763900.1
2026-04-21 02:45:00,1776739500000,0.012625,0.012651,0.012597,0.012599,1560984.7
2026-04-21 03:00:00,1776740400000,0.012599,0.012615,0.012566,0.01258,2210961.6
2026-04-21 03:15:00,1776741300000,0.01258,0.012609,0.012509,0.01259,3972125.7
2026-04-21 03:30:00,1776742200000,0.01259,0.012609,0.012555,0.012569,1204993.7
2026-04-21 03:45:00,1776743100000,0.012569,0.012651,0.012564,0.01261,1972790.5
2026-04-21 04:00:00,1776744000000,0.01261,0.012643,0.012534,0.012534,1367969.9
2026-04-21 04:15:00,1776744900000,0.012534,0.012599,0.012513,0.012582,2957332.7
2026-04-21 04:30:00,1776745800000,0.012582,0.012649,0.012582,0.012649,3998194.0
2026-04-21 04:45:00,1776746700000,0.012649,0.012651,0.012601,0.012625,2259935.2
2026-04-21 05:00:00,1776747600000,0.012625,0.01272,0.0126,0.012697,4272949.6
2026-04-21 05:15:00,1776748500000,0.012697,0.012733,0.012672,0.012672,4580265.1
2026-04-21 05:30:00,1776749400000,0.012672,0.012672,0.012615,0.012636,2196247.5
2026-04-21 05:45:00,1776750300000,0.012636,0.012673,0.012612,0.01264,2377889.8
2026-04-21 06:00:00,1776751200000,0.01264,0.012642,0.012511,0.012532,5818559.5
2026-04-21 06:15:00,1776752100000,0.012532,0.012546,0.012467,0.012505,2777370.3
2026-04-21 06:30:00,1776753000000,0.012505,0.012589,0.012496,0.012522,2849346.3
2026-04-21 06:45:00,1776753900000,0.012522,0.012562,0.012513,0.012536,2302956.6
2026-04-21 07:00:00,1776754800000,0.012536,0.012537,0.012473,0.012504,1874571.3
2026-04-21 07:15:00,1776755700000,0.012504,0.012592,0.012488,0.01254,2439927.0
2026-04-21 07:30:00,1776756600000,0.01254,0.012549,0.012516,0.012522,564694.6
2026-04-21 07:45:00,1776757500000,0.012522,0.012532,0.012467,0.012467,1495585.0
2026-04-21 08:00:00,1776758400000,0.012467,0.012467,0.012419,0.012439,3741294.1
2026-04-21 08:15:00,1776759300000,0.012439,0.012511,0.012439,0.012481,4510750.6
2026-04-21 08:30:00,1776760200000,0.012481,0.012481,0.012412,0.012464,3724013.4
2026-04-21 08:45:00,1776761100000,0.012464,0.012523,0.012437,0.012437,2851930.9
2026-04-21 09:00:00,1776762000000,0.012437,0.012458,0.012375,0.012429,4214097.9
2026-04-21 09:15:00,1776762900000,0.012429,0.01247,0.012429,0.01246,2090726.6
2026-04-21 09:30:00,1776763800000,0.01246,0.012522,0.012439,0.012511,4691239.1
2026-04-21 09:45:00,1776764700000,0.012511,0.012535,0.01251,0.012518,1108859.8
2026-04-21 10:00:00,1776765600000,0.012518,0.012534,0.012472,0.012488,2969211.9
2026-04-21 10:15:00,1776766500000,0.012488,0.01258,0.012488,0.012493,5000244.2
2026-04-21 10:30:00,1776767400000,0.012493,0.012545,0.012479,0.012521,3998113.3
2026-04-21 10:45:00,1776768300000,0.012521,0.01255,0.012494,0.0125,2586664.2
2026-04-21 11:00:00,1776769200000,0.0125,0.012503,0.01241,0.012449,5172406.2
2026-04-21 11:15:00,1776770100000,0.012449,0.012529,0.01244,0.012525,1711200.7
2026-04-21 11:30:00,1776771000000,0.012525,0.01258,0.012513,0.012515,2992723.8
2026-04-21 11:45:00,1776771900000,0.012515,0.012522,0.012493,0.0125,1329729.1
2026-04-21 12:00:00,1776772800000,0.0125,0.0125,0.012402,0.012412,5761793.0
2026-04-21 12:15:00,1776773700000,0.012412,0.01243,0.0124,0.01242,1077196.7
2026-04-21 12:30:00,1776774600000,0.01242,0.012443,0.012287,0.012307,7719154.5
2026-04-21 12:45:00,1776775500000,0.012307,0.012369,0.012252,0.012327,13709938.8
2026-04-21 13:00:00,1776776400000,0.012327,0.012337,0.012275,0.012313,4598572.6
2026-04-21 13:15:00,1776777300000,0.012313,0.012326,0.012286,0.012314,1380496.9
2026-04-21 13:30:00,1776778200000,0.012314,0.01233,0.012196,0.012272,12512836.9
2026-04-21 13:45:00,1776779100000,0.012272,0.012336,0.012252,0.012331,4942247.0
2026-04-21 14:00:00,1776780000000,0.012331,0.012362,0.012282,0.012306,1823981.0
2026-04-21 14:15:00,1776780900000,0.012306,0.0124,0.0123,0.012371,3167822.2
2026-04-21 14:30:00,1776781800000,0.012371,0.012491,0.012367,0.012437,2509181.9
2026-04-21 14:45:00,1776782700000,0.012437,0.012438,0.012324,0.012346,4647694.3
2026-04-21 15:00:00,1776783600000,0.012346,0.012369,0.012297,0.012352,3102098.3
2026-04-21 15:15:00,1776784500000,0.012352,0.012408,0.012327,0.012337,3388099.3
2026-04-21 15:30:00,1776785400000,0.012337,0.012358,0.012307,0.01233,754502.2
2026-04-21 15:45:00,1776786300000,0.01233,0.012381,0.01232,0.012361,1674176.2
2026-04-21 16:00:00,1776787200000,0.012361,0.012405,0.012339,0.012373,4588156.2
2026-04-21 16:15:00,1776788100000,0.012373,0.012415,0.012362,0.012391,4151475.2
2026-04-21 16:30:00,1776789000000,0.012391,0.012453,0.012382,0.012412,3892494.4
2026-04-21 16:45:00,1776789900000,0.012412,0.012441,0.012282,0.012318,5534406.5
2026-04-21 17:00:00,1776790800000,0.012318,0.01234,0.012274,0.012301,2349159.3
2026-04-21 17:15:00,1776791700000,0.012301,0.012304,0.012148,0.012195,7394365.2
2026-04-21 17:30:00,1776792600000,0.012195,0.01236,0.012177,0.012332,8109549.7
2026-04-21 17:45:00,1776793500000,0.012332,0.012338,0.012255,0.01226,1926124.3
2026-04-21 18:00:00,1776794400000,0.01226,0.012267,0.012222,0.012237,1782407.0
2026-04-21 18:15:00,1776795300000,0.012237,0.012258,0.012164,0.012193,5702464.0
2026-04-21 18:30:00,1776796200000,0.012193,0.012232,0.012189,0.012211,731795.1
2026-04-21 18:45:00,1776797100000,0.012211,0.012247,0.012149,0.01224,6494551.4
2026-04-21 19:00:00,1776798000000,0.01224,0.012277,0.012168,0.012193,5515700.1
2026-04-21 19:15:00,1776798900000,0.012193,0.012301,0.012193,0.012243,3150270.7
2026-04-21 19:30:00,1776799800000,0.012243,0.012283,0.012011,0.012034,18233802.0
2026-04-21 19:45:00,1776800700000,0.012034,0.012098,0.01202,0.012082,7999705.6
2026-04-21 20:00:00,1776801600000,0.012082,0.012319,0.012051,0.012308,16032691.7
2026-04-21 20:15:00,1776802500000,0.012308,0.012379,0.012285,0.01231,10992081.1
2026-04-21 20:30:00,1776803400000,0.01231,0.012355,0.012296,0.0123,2749059.1
2026-04-21 20:45:00,1776804300000,0.0123,0.012322,0.012246,0.012251,1658712.4
2026-04-21 21:00:00,1776805200000,0.012251,0.012268,0.012211,0.012223,1701600.2
2026-04-21 21:15:00,1776806100000,0.012223,0.0123,0.012222,0.012266,1144872.6
2026-04-21 21:30:00,1776807000000,0.012266,0.012281,0.012237,0.012243,762305.5
2026-04-21 21:45:00,1776807900000,0.012243,0.01227,0.01223,0.012238,607868.7
2026-04-21 22:00:00,1776808800000,0.012238,0.012267,0.01222,0.01224,599656.8
2026-04-21 22:15:00,1776809700000,0.01224,0.012244,0.012192,0.012201,828061.0
2026-04-21 22:30:00,1776810600000,0.012201,0.012234,0.012164,0.012234,1286706.1
2026-04-21 22:45:00,1776811500000,0.012234,0.012267,0.012219,0.012262,1263691.9
2026-04-21 23:00:00,1776812400000,0.012262,0.012289,0.012248,0.012261,1849501.6
2026-04-21 23:15:00,1776813300000,0.012261,0.012343,0.01225,0.012343,1408077.5
2026-04-21 23:30:00,1776814200000,0.012343,0.012449,0.012338,0.012447,6090788.9
2026-04-21 23:45:00,1776815100000,0.012447,0.012462,0.012414,0.012432,1963102.8
2026-04-22 00:00:00,1776816000000,0.012432,0.012474,0.012432,0.012471,2367790.9
2026-04-22 00:15:00,1776816900000,0.012471,0.012574,0.012454,0.012523,6014456.7
2026-04-22 00:30:00,1776817800000,0.012523,0.012559,0.012482,0.012541,5003129.2
2026-04-22 00:45:00,1776818700000,0.012541,0.01258,0.012519,0.012531,4235962.8
2026-04-22 01:00:00,1776819600000,0.012531,0.012556,0.012515,0.012524,2471763.2
2026-04-22 01:15:00,1776820500000,0.012524,0.012525,0.012449,0.012472,3636210.8
2026-04-22 01:30:00,1776821400000,0.012472,0.012488,0.012418,0.012432,2046725.2
2026-04-22 01:45:00,1776822300000,0.012432,0.012518,0.012428,0.012499,2884199.8
2026-04-22 02:00:00,1776823200000,0.012499,0.012716,0.012497,0.012677,6396293.2
2026-04-22 02:15:00,1776824100000,0.012677,0.012862,0.012677,0.012852,11026985.6
2026-04-22 02:30:00,1776825000000,0.012852,0.012913,0.01278,0.012866,15154114.8
2026-04-22 02:45:00,1776825900000,0.012866,0.013009,0.012839,0.012985,13978355.4
2026-04-22 03:00:00,1776826800000,0.012985,0.013051,0.012954,0.01298,13411347.9
2026-04-22 03:15:00,1776827700000,0.01298,0.013015,0.012942,0.012942,8445050.7
2026-04-22 03:30:00,1776828600000,0.012942,0.012979,0.012874,0.012927,9137378.5
2026-04-22 03:45:00,1776829500000,0.012927,0.012948,0.012857,0.012866,6709159.8
2026-04-22 04:00:00,1776830400000,0.012866,0.012904,0.012815,0.012828,5176703.4
2026-04-22 04:15:00,1776831300000,0.012828,0.013057,0.012828,0.013029,10607358.5
2026-04-22 04:30:00,1776832200000,0.013029,0.013137,0.013029,0.01308,11306302.1
2026-04-22 04:45:00,1776833100000,0.01308,0.013144,0.013014,0.013125,12868284.2
2026-04-22 05:00:00,1776834000000,0.013125,0.01316,0.013069,0.013117,8839334.6
2026-04-22 05:15:00,1776834900000,0.013117,0.013227,0.013117,0.013206,7202871.1
2026-04-22 05:30:00,1776835800000,0.013206,0.013279,0.01315,0.013253,9650580.6
2026-04-22 05:45:00,1776836700000,0.013253,0.013293,0.01313,0.013151,7352380.9
2026-04-22 06:00:00,1776837600000,0.013151,0.013154,0.01308,0.013083,3805984.5
2026-04-22 06:15:00,1776838500000,0.013083,0.013096,0.013022,0.013029,5442940.5
2026-04-22 06:30:00,1776839400000,0.013029,0.013147,0.013018,0.013118,4097899.5
2026-04-22 06:45:00,1776840300000,0.013118,0.01315,0.013105,0.013136,2849854.4
2026-04-22 07:00:00,1776841200000,0.013136,0.013243,0.013104,0.013207,4107788.4
2026-04-22 07:15:00,1776842100000,0.013207,0.01321,0.013058,0.013102,6450883.4
2026-04-22 07:30:00,1776843000000,0.013102,0.013197,0.013098,0.013183,5458967.4
2026-04-22 07:45:00,1776843900000,0.013183,0.013281,0.013183,0.013227,8657222.7
2026-04-22 08:00:00,1776844800000,0.013227,0.013251,0.013175,0.013197,3816173.5
2026-04-22 08:15:00,1776845700000,0.013197,0.013242,0.013177,0.013226,6690634.0
2026-04-22 08:30:00,1776846600000,0.013226,0.013252,0.013163,0.013245,3674705.5
2026-04-22 08:45:00,1776847500000,0.013245,0.01325,0.013175,0.013182,2807495.7
2026-04-22 09:00:00,1776848400000,0.013182,0.013309,0.013172,0.013266,5986110.7
2026-04-22 09:15:00,1776849300000,0.013266,0.013312,0.013242,0.01327,3071923.8
2026-04-22 09:30:00,1776850200000,0.01327,0.01327,0.013174,0.013239,7786525.4
2026-04-22 09:45:00,1776851100000,0.013239,0.013254,0.013134,0.013148,8230229.4
2026-04-22 10:00:00,1776852000000,0.013148,0.013155,0.013081,0.013122,4525134.8
2026-04-22 10:15:00,1776852900000,0.013122,0.01323,0.013121,0.01323,7394252.6
2026-04-22 10:30:00,1776853800000,0.01323,0.013314,0.013227,0.013243,6936723.2
2026-04-22 10:45:00,1776854700000,0.013243,0.013263,0.013209,0.01322,2639808.4
2026-04-22 11:00:00,1776855600000,0.01322,0.013222,0.013069,0.013103,4066325.2
2026-04-22 11:15:00,1776856500000,0.013103,0.013158,0.013101,0.013124,2139594.6
2026-04-22 11:30:00,1776857400000,0.013124,0.013134,0.01309,0.013096,1461336.7
2026-04-22 11:45:00,1776858300000,0.013096,0.013131,0.013096,0.013119,591136.4
2026-04-22 12:00:00,1776859200000,0.013119,0.0132,0.013113,0.013168,3429767.9
2026-04-22 12:15:00,1776860100000,0.013168,0.01319,0.013082,0.01312,3084743.5
2026-04-22 12:30:00,1776861000000,0.01312,0.01312,0.013076,0.013096,2489227.0
2026-04-22 12:45:00,1776861900000,0.013096,0.013111,0.013067,0.01309,1050406.6
2026-04-22 13:00:00,1776862800000,0.01309,0.013204,0.013033,0.013195,8117411.2
2026-04-22 13:15:00,1776863700000,0.013195,0.013203,0.01312,0.01312,3900734.1
2026-04-22 13:30:00,1776864600000,0.01312,0.013159,0.013101,0.013103,1982117.4
2026-04-22 13:45:00,1776865500000,0.013103,0.013134,0.013049,0.013052,1515313.1
2026-04-22 14:00:00,1776866400000,0.013052,0.013086,0.013013,0.013083,3170269.1
2026-04-22 14:15:00,1776867300000,0.013083,0.013129,0.013062,0.013067,4013795.9
2026-04-22 14:30:00,1776868200000,0.013067,0.013109,0.013019,0.013031,6273193.9
2026-04-22 14:45:00,1776869100000,0.013031,0.013093,0.013031,0.01305,1658598.8
2026-04-22 15:00:00,1776870000000,0.01305,0.013057,0.012994,0.013048,2556663.1
2026-04-22 15:15:00,1776870900000,0.013048,0.01315,0.013011,0.013147,5023322.1
2026-04-22 15:30:00,1776871800000,0.013147,0.013147,0.013044,0.013089,4970664.4
2026-04-22 15:45:00,1776872700000,0.013089,0.013143,0.013032,0.013037,3020652.8
2026-04-22 16:00:00,1776873600000,0.013037,0.01308,0.013003,0.01306,2419908.7
2026-04-22 16:15:00,1776874500000,0.01306,0.013087,0.013041,0.013055,3811600.1
2026-04-22 16:30:00,1776875400000,0.013055,0.013123,0.013015,0.013088,7108264.8
2026-04-22 16:45:00,1776876300000,0.013088,0.013164,0.013067,0.013121,4974527.1
2026-04-22 17:00:00,1776877200000,0.013121,0.013201,0.013121,0.013146,5308919.5
2026-04-22 17:15:00,1776878100000,0.013146,0.013156,0.013103,0.013103,1994174.7
2026-04-22 17:30:00,1776879000000,0.013103,0.013142,0.013088,0.013114,2758753.8
2026-04-22 17:45:00,1776879900000,0.013114,0.013183,0.013102,0.013154,2394712.0
2026-04-22 18:00:00,1776880800000,0.013154,0.013256,0.013152,0.013253,2812563.1
2026-04-22 18:15:00,1776881700000,0.013253,0.013268,0.013229,0.013244,2495183.6
2026-04-22 18:30:00,1776882600000,0.013244,0.013257,0.013211,0.013221,2980572.0
2026-04-22 18:45:00,1776883500000,0.013221,0.01325,0.013164,0.013164,2465231.5
2026-04-22 19:00:00,1776884400000,0.013164,0.013164,0.013087,0.013096,6624042.2
2026-04-22 19:15:00,1776885300000,0.013096,0.013096,0.013017,0.01303,5051726.9
2026-04-22 19:30:00,1776886200000,0.01303,0.01303,0.012935,0.012995,5532477.8
2026-04-22 19:45:00,1776887100000,0.012995,0.013043,0.012983,0.013034,2028797.9
2026-04-22 20:00:00,1776888000000,0.013034,0.013036,0.012976,0.012993,1474027.1
2026-04-22 20:15:00,1776888900000,0.012993,0.012997,0.012929,0.012956,2399852.7
2026-04-22 20:30:00,1776889800000,0.012956,0.012962,0.012924,0.012941,1395537.3
2026-04-22 20:45:00,1776890700000,0.012941,0.012943,0.01287,0.012885,1985581.2
2026-04-22 21:00:00,1776891600000,0.012885,0.012953,0.012885,0.01294,876302.2
2026-04-22 21:15:00,1776892500000,0.01294,0.012989,0.012931,0.012977,1112463.5
2026-04-22 21:30:00,1776893400000,0.012977,0.013035,0.012977,0.013009,660575.1
2026-04-22 21:45:00,1776894300000,0.013009,0.013078,0.013009,0.013048,1240590.5
2026-04-22 22:00:00,1776895200000,0.013048,0.01306,0.013005,0.013006,2651141.9
2026-04-22 22:15:00,1776896100000,0.013006,0.013008,0.01295,0.012953,1312223.9
2026-04-22 22:30:00,1776897000000,0.012953,0.012963,0.012934,0.012944,1381215.3
2026-04-22 22:45:00,1776897900000,0.012944,0.012944,0.012891,0.012914,2970525.6
2026-04-22 23:00:00,1776898800000,0.012914,0.012916,0.012829,0.012869,3312934.6
2026-04-22 23:15:00,1776899700000,0.012869,0.012873,0.012779,0.012843,2982628.3
2026-04-22 23:30:00,1776900600000,0.012843,0.012843,0.012734,0.012749,4713297.2
2026-04-22 23:45:00,1776901500000,0.012749,0.01281,0.012749,0.0128,2224986.8
2026-04-23 00:00:00,1776902400000,0.0128,0.012816,0.012667,0.012671,4110348.4
2026-04-23 00:15:00,1776903300000,0.012671,0.012757,0.012579,0.012734,10390013.4
2026-04-23 00:30:00,1776904200000,0.012734,0.01279,0.012722,0.012757,2045796.3
2026-04-23 00:45:00,1776905100000,0.012757,0.012764,0.012718,0.012747,1684303.7
2026-04-23 01:00:00,1776906000000,0.012747,0.01279,0.012703,0.012713,1973901.0
2026-04-23 01:15:00,1776906900000,0.012713,0.012724,0.012655,0.012655,3650528.5
2026-04-23 01:30:00,1776907800000,0.012655,0.012696,0.012635,0.012689,1400075.1
2026-04-23 01:45:00,1776908700000,0.012689,0.012751,0.012689,0.012746,2712929.2
2026-04-23 02:00:00,1776909600000,0.012746,0.012749,0.012659,0.012667,3483780.0
2026-04-23 02:15:00,1776910500000,0.012667,0.012689,0.0126,0.0126,4670520.1
2026-04-23 02:30:00,1776911400000,0.0126,0.012606,0.012533,0.012554,4462824.7
2026-04-23 02:45:00,1776912300000,0.012554,0.012615,0.012552,0.012572,1367217.8
2026-04-23 03:00:00,1776913200000,0.012572,0.012611,0.012527,0.012527,3504605.9
2026-04-23 03:15:00,1776914100000,0.012527,0.012541,0.012502,0.012522,2225616.6
2026-04-23 03:30:00,1776915000000,0.012522,0.012522,0.012419,0.012479,6156660.4
2026-04-23 03:45:00,1776915900000,0.012479,0.012496,0.012463,0.012495,2012872.3
2026-04-23 04:00:00,1776916800000,0.012495,0.012512,0.012453,0.012502,1962460.1
2026-04-23 04:15:00,1776917700000,0.012502,0.012558,0.012498,0.012538,3767200.7
2026-04-23 04:30:00,1776918600000,0.012538,0.01257,0.012526,0.012547,2289362.3
2026-04-23 04:45:00,1776919500000,0.012547,0.012568,0.012544,0.012561,999749.7
2026-04-23 05:00:00,1776920400000,0.012561,0.012679,0.012561,0.012627,8403647.3
2026-04-23 05:15:00,1776921300000,0.012627,0.012633,0.01256,0.012616,3747718.7
2026-04-23 05:30:00,1776922200000,0.012616,0.012616,0.012546,0.012608,1513162.5
2026-04-23 05:45:00,1776923100000,0.012608,0.01264,0.012589,0.012592,1650071.6
2026-04-23 06:00:00,1776924000000,0.012592,0.01267,0.012591,0.012638,4813146.4
2026-04-23 06:15:00,1776924900000,0.012638,0.012705,0.012638,0.012644,4403616.0
2026-04-23 06:30:00,1776925800000,0.012644,0.012691,0.012641,0.01267,2615938.5
2026-04-23 06:45:00,1776926700000,0.01267,0.012695,0.01264,0.012693,2543518.0
2026-04-23 07:00:00,1776927600000,0.012693,0.012726,0.012671,0.012698,2498493.5
2026-04-23 07:15:00,1776928500000,0.012698,0.012711,0.012644,0.012689,3988780.2
2026-04-23 07:30:00,1776929400000,0.012689,0.012718,0.012668,0.012707,1587600.3
2026-04-23 07:45:00,1776930300000,0.012707,0.012759,0.012707,0.01273,2252308.5
2026-04-23 08:00:00,1776931200000,0.01273,0.012775,0.0127,0.012719,1381341.5
2026-04-23 08:15:00,1776932100000,0.012719,0.012749,0.01267,0.012673,5005659.7
2026-04-23 08:30:00,1776933000000,0.012673,0.012728,0.012671,0.0127,1830926.6
2026-04-23 08:45:00,1776933900000,0.0127,0.012721,0.012681,0.012715,1097865.0
2026-04-23 09:00:00,1776934800000,0.012715,0.012715,0.012579,0.012631,4355668.1
2026-04-23 09:15:00,1776935700000,0.012631,0.01266,0.012596,0.012637,5479307.4
2026-04-23 09:30:00,1776936600000,0.012637,0.01267,0.012634,0.012634,793177.1
2026-04-23 09:45:00,1776937500000,0.012634,0.012634,0.012552,0.012599,3820589.7
2026-04-23 10:00:00,1776938400000,0.012599,0.012616,0.0125,0.012501,6066688.5
2026-04-23 10:15:00,1776939300000,0.012501,0.012533,0.012482,0.012522,2644855.9
2026-04-23 10:30:00,1776940200000,0.012522,0.012548,0.012483,0.012484,1107971.0
2026-04-23 10:45:00,1776941100000,0.012484,0.01253,0.012478,0.012529,572500.5
2026-04-23 11:00:00,1776942000000,0.012529,0.012644,0.012526,0.012642,4259626.3
2026-04-23 11:15:00,1776942900000,0.012642,0.012651,0.012595,0.012608,1886541.1
2026-04-23 11:30:00,1776943800000,0.012608,0.012646,0.012581,0.012611,2895124.5
2026-04-23 11:45:00,1776944700000,0.012611,0.012679,0.012611,0.012627,1179777.8
2026-04-23 12:00:00,1776945600000,0.012627,0.012702,0.012623,0.012652,3122683.6
2026-04-23 12:15:00,1776946500000,0.012652,0.012663,0.012633,0.012642,2016728.6
2026-04-23 12:30:00,1776947400000,0.012642,0.012684,0.012638,0.01264,2421810.7
2026-04-23 12:45:00,1776948300000,0.01264,0.012656,0.012585,0.012645,5175381.3
2026-04-23 13:00:00,1776949200000,0.012645,0.012686,0.012607,0.012614,2129650.3
2026-04-23 13:15:00,1776950100000,0.012614,0.012646,0.012612,0.012638,891499.4
2026-04-23 13:30:00,1776951000000,0.012638,0.012696,0.012632,0.012645,2698114.0
2026-04-23 13:45:00,1776951900000,0.012645,0.012692,0.012633,0.012674,1296094.1
2026-04-23 14:00:00,1776952800000,0.012674,0.012677,0.012623,0.012659,2679976.1
2026-04-23 14:15:00,1776953700000,0.012659,0.012696,0.012658,0.012673,2091910.5
2026-04-23 14:30:00,1776954600000,0.012673,0.012738,0.012665,0.012726,5047832.8
2026-04-23 14:45:00,1776955500000,0.012726,0.012791,0.012717,0.012777,2866635.2
2026-04-23 15:00:00,1776956400000,0.012777,0.01279,0.012724,0.012744,2339455.7
2026-04-23 15:15:00,1776957300000,0.012744,0.012899,0.012733,0.012829,8148905.8
2026-04-23 15:30:00,1776958200000,0.012829,0.012899,0.01282,0.012854,2816831.4
2026-04-23 15:45:00,1776959100000,0.012854,0.012916,0.012836,0.012885,4257545.9
2026-04-23 16:00:00,1776960000000,0.012885,0.012936,0.012856,0.012861,4009280.1
2026-04-23 16:15:00,1776960900000,0.012861,0.0129,0.012837,0.012871,2822179.4
2026-04-23 16:30:00,1776961800000,0.012871,0.012894,0.01285,0.01287,1477473.3
2026-04-23 16:45:00,1776962700000,0.01287,0.012915,0.012843,0.012859,1905364.8
2026-04-23 17:00:00,1776963600000,0.012859,0.012875,0.012753,0.012796,4343586.2
2026-04-23 17:15:00,1776964500000,0.012796,0.012801,0.012721,0.012721,3232141.1
2026-04-23 17:30:00,1776965400000,0.012721,0.012735,0.012581,0.012629,6699775.7
2026-04-23 17:45:00,1776966300000,0.012629,0.012712,0.012546,0.012686,9503676.2
2026-04-23 18:00:00,1776967200000,0.012686,0.012711,0.012648,0.012648,2931897.2
2026-04-23 18:15:00,1776968100000,0.012648,0.01267,0.012624,0.012631,1047578.9
2026-04-23 18:30:00,1776969000000,0.012631,0.012713,0.01263,0.012707,4288127.4
2026-04-23 18:45:00,1776969900000,0.012707,0.012728,0.012641,0.012653,10313085.3
2026-04-23 19:00:00,1776970800000,0.012653,0.012683,0.01262,0.012674,1860624.2
2026-04-23 19:15:00,1776971700000,0.012674,0.012762,0.012667,0.012731,2493813.3
2026-04-23 19:30:00,1776972600000,0.012731,0.012739,0.012654,0.012654,1523313.3
2026-04-23 19:45:00,1776973500000,0.012654,0.01271,0.012624,0.012683,4644457.1
2026-04-23 20:00:00,1776974400000,0.012683,0.012739,0.012681,0.01272,2706413.6
2026-04-23 20:15:00,1776975300000,0.01272,0.012726,0.012688,0.012692,2677312.1
2026-04-23 20:30:00,1776976200000,0.012692,0.012803,0.012675,0.012803,2904773.1
2026-04-23 20:45:00,1776977100000,0.012803,0.012826,0.012755,0.012759,2298268.6
2026-04-23 21:00:00,1776978000000,0.012759,0.012774,0.012718,0.012754,1127051.9
2026-04-23 21:15:00,1776978900000,0.012754,0.012809,0.012754,0.012809,619311.3
2026-04-23 21:30:00,1776979800000,0.012809,0.012961,0.012809,0.012951,3193057.7
2026-04-23 21:45:00,1776980700000,0.012951,0.013016,0.012939,0.012945,3736423.3
2026-04-23 22:00:00,1776981600000,0.012945,0.012992,0.01293,0.012974,3053614.3
2026-04-23 22:15:00,1776982500000,0.012974,0.013042,0.01297,0.012987,3742430.8
2026-04-23 22:30:00,1776983400000,0.012987,0.013042,0.012966,0.013007,1816248.3
2026-04-23 22:45:00,1776984300000,0.013007,0.013018,0.01295,0.012963,3662251.8
2026-04-23 23:00:00,1776985200000,0.012963,0.012994,0.012922,0.012969,2032863.6
2026-04-23 23:15:00,1776986100000,0.012969,0.013094,0.012969,0.013031,5791040.0
2026-04-23 23:30:00,1776987000000,0.013031,0.013067,0.013001,0.013061,3150003.8
2026-04-23 23:45:00,1776987900000,0.013061,0.013147,0.013061,0.013137,5025814.2
2026-04-24 00:00:00,1776988800000,0.013137,0.01316,0.01307,0.013139,5113083.3
2026-04-24 00:15:00,1776989700000,0.013139,0.013158,0.013065,0.013118,6152283.0
2026-04-24 00:30:00,1776990600000,0.013118,0.013175,0.013118,0.013149,3898396.1
2026-04-24 00:45:00,1776991500000,0.013149,0.013173,0.013123,0.013137,2508329.6
2026-04-24 01:00:00,1776992400000,0.013137,0.01314,0.01304,0.013059,1817845.1
2026-04-24 01:15:00,1776993300000,0.013059,0.01307,0.01301,0.013051,2584110.4
2026-04-24 01:30:00,1776994200000,0.013051,0.013063,0.013017,0.013036,1415959.5
2026-04-24 01:45:00,1776995100000,0.013036,0.013121,0.013034,0.013107,1619927.4
2026-04-24 02:00:00,1776996000000,0.013107,0.013126,0.013042,0.013061,2997551.8
2026-04-24 02:15:00,1776996900000,0.013061,0.013106,0.013025,0.013027,3391734.5
2026-04-24 02:30:00,1776997800000,0.013027,0.013095,0.013026,0.013075,2299514.6
2026-04-24 02:45:00,1776998700000,0.013075,0.013091,0.012983,0.013031,3938267.7
2026-04-24 03:00:00,1776999600000,0.013031,0.013042,0.012969,0.013007,2497896.3
2026-04-24 03:15:00,1777000500000,0.013007,0.013033,0.012944,0.012979,3204106.1
2026-04-24 03:30:00,1777001400000,0.012979,0.012984,0.012911,0.012947,3619022.5
2026-04-24 03:45:00,1777002300000,0.012947,0.012996,0.012939,0.012948,1358724.1
2026-04-24 04:00:00,1777003200000,0.012948,0.012948,0.012883,0.012934,2516711.9
2026-04-24 04:15:00,1777004100000,0.012934,0.012967,0.012911,0.012919,1320318.8
2026-04-24 04:30:00,1777005000000,0.012919,0.01294,0.012893,0.012893,1027734.5
2026-04-24 04:45:00,1777005900000,0.012893,0.012943,0.012886,0.012911,1564228.0
2026-04-24 05:00:00,1777006800000,0.012911,0.012917,0.012849,0.012911,4369610.7
2026-04-24 05:15:00,1777007700000,0.012911,0.012933,0.012897,0.01293,990179.5
2026-04-24 05:30:00,1777008600000,0.01293,0.012982,0.012926,0.012972,3259966.2
2026-04-24 05:45:00,1777009500000,0.012972,0.013101,0.012972,0.013083,1723759.3
2026-04-24 06:00:00,1777010400000,0.013083,0.013083,0.013041,0.013072,1907017.7
2026-04-24 06:15:00,1777011300000,0.013072,0.013131,0.013061,0.013068,2985048.2
2026-04-24 06:30:00,1777012200000,0.013068,0.01308,0.013027,0.013029,1324047.0
2026-04-24 06:45:00,1777013100000,0.013029,0.013045,0.013015,0.013021,657412.2
2026-04-24 07:00:00,1777014000000,0.013021,0.013103,0.013012,0.013061,4757964.4
2026-04-24 07:15:00,1777014900000,0.013061,0.013101,0.01305,0.013086,2558892.9
2026-04-24 07:30:00,1777015800000,0.013086,0.013195,0.01308,0.013128,4268622.9
2026-04-24 07:45:00,1777016700000,0.013128,0.013145,0.013036,0.013085,4921171.3
2026-04-24 08:00:00,1777017600000,0.013085,0.013119,0.013042,0.013082,3139506.7
2026-04-24 08:15:00,1777018500000,0.013082,0.013209,0.013081,0.01314,4879541.4
2026-04-24 08:30:00,1777019400000,0.01314,0.013154,0.01312,0.013126,2135095.6
2026-04-24 08:45:00,1777020300000,0.013126,0.013172,0.013117,0.013129,2862025.1
2026-04-24 09:00:00,1777021200000,0.013129,0.013162,0.013058,0.013083,3002630.2
2026-04-24 09:15:00,1777022100000,0.013083,0.013125,0.013074,0.013118,1650965.1
2026-04-24 09:30:00,1777023000000,0.013118,0.013175,0.013118,0.013139,1481110.7
2026-04-24 09:45:00,1777023900000,0.013139,0.013163,0.013125,0.013133,2264746.7
2026-04-24 10:00:00,1777024800000,0.013133,0.013133,0.013026,0.013113,3657900.4
2026-04-24 10:15:00,1777025700000,0.013113,0.013147,0.01308,0.013147,3064249.8
2026-04-24 10:30:00,1777026600000,0.013147,0.013172,0.013112,0.013144,1507941.9
2026-04-24 10:45:00,1777027500000,0.013144,0.013194,0.013144,0.013154,1776846.6
2026-04-24 11:00:00,1777028400000,0.013154,0.013212,0.013123,0.013145,7804771.6
2026-04-24 11:15:00,1777029300000,0.013145,0.01322,0.01308,0.013193,4805942.8
2026-04-24 11:30:00,1777030200000,0.013193,0.013197,0.013157,0.013184,2380955.5
2026-04-24 11:45:00,1777031100000,0.013184,0.01321,0.013152,0.013205,1391084.8
2026-04-24 12:00:00,1777032000000,0.013205,0.013352,0.013199,0.013343,9206356.5
2026-04-24 12:15:00,1777032900000,0.013343,0.013359,0.013287,0.013335,5088827.2
2026-04-24 12:30:00,1777033800000,0.013335,0.01334,0.013246,0.013251,2664457.2
2026-04-24 12:45:00,1777034700000,0.013251,0.01327,0.013201,0.013252,3960504.7
2026-04-24 13:00:00,1777035600000,0.013252,0.013291,0.013233,0.013238,2270343.0
2026-04-24 13:15:00,1777036500000,0.013238,0.013326,0.013222,0.013299,1808319.4
2026-04-24 13:30:00,1777037400000,0.013299,0.013398,0.013257,0.013334,8027015.0
2026-04-24 13:45:00,1777038300000,0.013334,0.013385,0.013303,0.013385,5213336.9
2026-04-24 14:00:00,1777039200000,0.013385,0.01339,0.013231,0.013244,5809501.9
2026-04-24 14:15:00,1777040100000,0.013244,0.013279,0.013166,0.013195,5521864.4
2026-04-24 14:30:00,1777041000000,0.013195,0.013275,0.013193,0.013255,4162625.8
2026-04-24 14:45:00,1777041900000,0.013255,0.013327,0.013182,0.013237,9593959.3
2026-04-24 15:00:00,1777042800000,0.013237,0.013252,0.013083,0.013154,9090710.1
2026-04-24 15:15:00,1777043700000,0.013154,0.013226,0.013126,0.013219,4970892.5
2026-04-24 15:30:00,1777044600000,0.013219,0.013276,0.01317,0.013251,3441030.9
2026-04-24 15:45:00,1777045500000,0.013251,0.013355,0.013233,0.013321,3623103.0
2026-04-24 16:00:00,1777046400000,0.013321,0.013349,0.013283,0.013337,2983762.5
2026-04-24 16:15:00,1777047300000,0.013337,0.01346,0.013313,0.013405,13284167.7
2026-04-24 16:30:00,1777048200000,0.013405,0.013463,0.013355,0.01342,11099958.3
2026-04-24 16:45:00,1777049100000,0.01342,0.01343,0.013358,0.013413,5492243.1
2026-04-24 17:00:00,1777050000000,0.013413,0.013494,0.013408,0.013479,7812686.7
2026-04-24 17:15:00,1777050900000,0.013479,0.013629,0.013453,0.013611,18367686.7
2026-04-24 17:30:00,1777051800000,0.013611,0.013827,0.013543,0.013826,20352244.6
2026-04-24 17:45:00,1777052700000,0.013826,0.013892,0.01362,0.013826,31030294.8
2026-04-24 18:00:00,1777053600000,0.013826,0.013857,0.013701,0.013725,15802955.3
2026-04-24 18:15:00,1777054500000,0.013725,0.013979,0.013688,0.013965,24713038.2
2026-04-24 18:30:00,1777055400000,0.013965,0.014144,0.013895,0.014119,22438103.1
2026-04-24 18:45:00,1777056300000,0.014119,0.014183,0.013991,0.014067,22039747.0
2026-04-24 19:00:00,1777057200000,0.014067,0.014107,0.013859,0.01392,23201246.2
2026-04-24 19:15:00,1777058100000,0.01392,0.01396,0.013729,0.01383,17007740.2
2026-04-24 19:30:00,1777059000000,0.01383,0.014001,0.01381,0.013934,13895692.7
2026-04-24 19:45:00,1777059900000,0.013934,0.014093,0.013931,0.013979,9865912.3
2026-04-24 20:00:00,1777060800000,0.013979,0.014103,0.01384,0.014072,13726347.4
2026-04-24 20:15:00,1777061700000,0.014072,0.014206,0.013929,0.01398,20276068.7
2026-04-24 20:30:00,1777062600000,0.01398,0.014273,0.01387,0.01422,14972871.9
2026-04-24 20:45:00,1777063500000,0.01422,0.014378,0.014055,0.014159,17010939.2
2026-04-24 21:00:00,1777064400000,0.014159,0.014369,0.014134,0.014152,15822732.1
2026-04-24 21:15:00,1777065300000,0.014152,0.014184,0.014005,0.01407,10538974.3
2026-04-24 21:30:00,1777066200000,0.01407,0.014162,0.014024,0.014053,6137092.1
2026-04-24 21:45:00,1777067100000,0.014053,0.014262,0.014009,0.014244,6579824.9
2026-04-24 22:00:00,1777068000000,0.014244,0.014259,0.014077,0.01411,6506428.0
2026-04-24 22:15:00,1777068900000,0.01411,0.014279,0.014103,0.014265,6652050.8
2026-04-24 22:30:00,1777069800000,0.014265,0.014285,0.014048,0.014071,5472674.9
2026-04-24 22:45:00,1777070700000,0.014071,0.014116,0.014027,0.014065,3752246.0
2026-04-24 23:00:00,1777071600000,0.014065,0.014191,0.014026,0.014178,6609988.2
2026-04-24 23:15:00,1777072500000,0.014178,0.014418,0.014163,0.014345,25767132.6
2026-04-24 23:30:00,1777073400000,0.014345,0.014428,0.014248,0.014345,11535679.0
2026-04-24 23:45:00,1777074300000,0.014345,0.014405,0.014219,0.014219,9072207.5
2026-04-25 00:00:00,1777075200000,0.014219,0.014356,0.014154,0.014265,14237517.0
2026-04-25 00:15:00,1777076100000,0.014265,0.014713,0.014212,0.014707,32994760.6
2026-04-25 00:30:00,1777077000000,0.014707,0.014768,0.014283,0.014391,45858841.0
2026-04-25 00:45:00,1777077900000,0.014391,0.014647,0.014227,0.014578,17790262.1
2026-04-25 01:00:00,1777078800000,0.014578,0.014651,0.014452,0.014543,18668316.4
2026-04-25 01:15:00,1777079700000,0.014543,0.014916,0.014537,0.014904,22288003.6
2026-04-25 01:30:00,1777080600000,0.014904,0.015163,0.014847,0.015072,14162169.6
2026-04-25 01:45:00,1777081500000,0.015072,0.01517,0.014893,0.015092,17456142.3
2026-04-25 02:00:00,1777082400000,0.015092,0.015299,0.014914,0.015257,21518486.3
2026-04-25 02:15:00,1777083300000,0.015257,0.015263,0.015034,0.015228,17921225.9
2026-04-25 02:30:00,1777084200000,0.015228,0.015449,0.015155,0.01536,19900113.5
2026-04-25 02:45:00,1777085100000,0.01536,0.01536,0.015044,0.01514,18690094.9
2026-04-25 03:00:00,1777086000000,0.01514,0.01519,0.014728,0.014769,23869325.7
2026-04-25 03:15:00,1777086900000,0.014769,0.014804,0.014404,0.014583,42541984.4
2026-04-25 03:30:00,1777087800000,0.014583,0.014716,0.014494,0.014525,13867898.9
2026-04-25 03:45:00,1777088700000,0.014525,0.014595,0.014476,0.014562,15600695.6
2026-04-25 04:00:00,1777089600000,0.014562,0.014614,0.014452,0.014591,15242026.1
2026-04-25 04:15:00,1777090500000,0.014591,0.014609,0.014433,0.014467,8889952.9
2026-04-25 04:30:00,1777091400000,0.014467,0.014482,0.014366,0.014391,11004858.9
2026-04-25 04:45:00,1777092300000,0.014391,0.014507,0.014352,0.014428,12006558.9
2026-04-25 05:00:00,1777093200000,0.014428,0.014428,0.014293,0.014346,10109146.2
2026-04-25 05:15:00,1777094100000,0.014346,0.014371,0.014251,0.014342,6079479.6
2026-04-25 05:30:00,1777095000000,0.014342,0.014441,0.014236,0.01424,10749019.1
2026-04-25 05:45:00,1777095900000,0.01424,0.014273,0.014182,0.014269,12566414.7
2026-04-25 06:00:00,1777096800000,0.014269,0.014358,0.014229,0.014281,11869496.1
2026-04-25 06:15:00,1777097700000,0.014281,0.014288,0.014129,0.014183,12679005.9
2026-04-25 06:30:00,1777098600000,0.014183,0.014188,0.014016,0.014075,18786057.1
2026-04-25 06:45:00,1777099500000,0.014075,0.01409,0.013952,0.013967,16591084.4
2026-04-25 07:00:00,1777100400000,0.013967,0.013984,0.01388,0.01394,13286198.8
2026-04-25 07:15:00,1777101300000,0.01394,0.013998,0.013896,0.013953,7756778.7
2026-04-25 07:30:00,1777102200000,0.013953,0.014029,0.013916,0.01396,4590651.0
2026-04-25 07:45:00,1777103100000,0.01396,0.014024,0.013947,0.013974,4291656.1
2026-04-25 08:00:00,1777104000000,0.013974,0.013979,0.013849,0.013931,5686034.2
2026-04-25 08:15:00,1777104900000,0.013931,0.013996,0.013905,0.013951,3017257.9
2026-04-25 08:30:00,1777105800000,0.013951,0.013989,0.013911,0.01393,1735057.8
2026-04-25 08:45:00,1777106700000,0.01393,0.013959,0.013893,0.013894,3369552.4
2026-04-25 09:00:00,1777107600000,0.013894,0.013969,0.013852,0.013951,3903456.2
2026-04-25 09:15:00,1777108500000,0.013951,0.013966,0.013916,0.013917,2408455.2
2026-04-25 09:30:00,1777109400000,0.013917,0.013985,0.013917,0.013929,5083169.3
2026-04-25 09:45:00,1777110300000,0.013929,0.013939,0.013788,0.013842,7680509.8
2026-04-25 10:00:00,1777111200000,0.013842,0.013871,0.013765,0.013834,3669667.5
2026-04-25 10:15:00,1777112100000,0.013834,0.013879,0.013827,0.013828,3153767.5
2026-04-25 10:30:00,1777113000000,0.013828,0.013835,0.013723,0.013759,5493527.9
2026-04-25 10:45:00,1777113900000,0.013759,0.013762,0.013692,0.013738,4969186.0
2026-04-25 11:00:00,1777114800000,0.013738,0.013753,0.013681,0.01373,3539816.5
2026-04-25 11:15:00,1777115700000,0.01373,0.013741,0.013653,0.013663,2387398.0
2026-04-25 11:30:00,1777116600000,0.013663,0.013682,0.013621,0.013656,3241181.8
2026-04-25 11:45:00,1777117500000,0.013656,0.01368,0.013556,0.01364,7336506.5
2026-04-25 12:00:00,1777118400000,0.01364,0.01374,0.013568,0.013686,8944620.1
2026-04-25 12:15:00,1777119300000,0.013686,0.013697,0.013624,0.013642,3281633.8
2026-04-25 12:30:00,1777120200000,0.013642,0.013642,0.013529,0.013552,7131814.1
2026-04-25 12:45:00,1777121100000,0.013552,0.013561,0.013485,0.013506,3769071.4
2026-04-25 13:00:00,1777122000000,0.013506,0.013604,0.013495,0.01356,2666906.1
2026-04-25 13:15:00,1777122900000,0.01356,0.013612,0.013536,0.013543,3504514.1
2026-04-25 13:30:00,1777123800000,0.013543,0.013557,0.013514,0.013545,2484494.7
2026-04-25 13:45:00,1777124700000,0.013545,0.013563,0.013473,0.013476,1399454.1
2026-04-25 14:00:00,1777125600000,0.013476,0.013477,0.013327,0.013362,10732410.3
2026-04-25 14:15:00,1777126500000,0.013362,0.013416,0.013284,0.013389,10547436.5
2026-04-25 14:30:00,1777127400000,0.013389,0.013463,0.013386,0.013431,6822917.8
2026-04-25 14:45:00,1777128300000,0.013431,0.013431,0.013343,0.013363,2254714.3
2026-04-25 15:00:00,1777129200000,0.013363,0.013384,0.01335,0.013356,1626896.6
2026-04-25 15:15:00,1777130100000,0.013356,0.013415,0.013345,0.013364,3675547.3
2026-04-25 15:30:00,1777131000000,0.013364,0.013416,0.013331,0.01337,4856186.5
2026-04-25 15:45:00,1777131900000,0.01337,0.01337,0.013238,0.013285,6362343.6
2026-04-25 16:00:00,1777132800000,0.013285,0.013345,0.01324,0.013292,8354208.8
2026-04-25 16:15:00,1777133700000,0.013292,0.013322,0.013171,0.013222,12179250.1
2026-04-25 16:30:00,1777134600000,0.013222,0.01323,0.013098,0.013177,24175636.9
2026-04-25 16:45:00,1777135500000,0.013177,0.01322,0.013146,0.013188,5975802.6
2026-04-25 17:00:00,1777136400000,0.013188,0.013251,0.013136,0.01321,5594440.4
2026-04-25 17:15:00,1777137300000,0.01321,0.013256,0.013156,0.013219,9151602.5
2026-04-25 17:30:00,1777138200000,0.013219,0.013362,0.013213,0.013323,22932262.7
2026-04-25 17:45:00,1777139100000,0.013323,0.013372,0.013311,0.013351,4739094.7
2026-04-25 18:00:00,1777140000000,0.013351,0.013434,0.013341,0.013408,4757400.4
2026-04-25 18:15:00,1777140900000,0.013408,0.01351,0.013408,0.01349,8451535.2
2026-04-25 18:30:00,1777141800000,0.01349,0.0136,0.01349,0.013546,5600157.6
2026-04-25 18:45:00,1777142700000,0.013546,0.013643,0.013492,0.013573,4361667.1
2026-04-25 19:00:00,1777143600000,0.013573,0.013655,0.013567,0.013652,3919891.8
2026-04-25 19:15:00,1777144500000,0.013652,0.013689,0.013559,0.013641,10382217.2
2026-04-25 19:30:00,1777145400000,0.013641,0.013648,0.013565,0.013596,4826862.6
2026-04-25 19:45:00,1777146300000,0.013596,0.013597,0.013507,0.013507,3196330.6
2026-04-25 20:00:00,1777147200000,0.013507,0.013537,0.013394,0.013442,8250103.0
2026-04-25 20:15:00,1777148100000,0.013442,0.013486,0.013371,0.01344,6886578.7
2026-04-25 20:30:00,1777149000000,0.01344,0.01347,0.013425,0.013445,2111053.1
2026-04-25 20:45:00,1777149900000,0.013445,0.013542,0.013443,0.013522,6235281.9
2026-04-25 21:00:00,1777150800000,0.013522,0.013643,0.013518,0.013605,5453339.3
2026-04-25 21:15:00,1777151700000,0.013605,0.013637,0.013547,0.013617,2259563.9
2026-04-25 21:30:00,1777152600000,0.013617,0.013703,0.013617,0.013656,2200822.1
2026-04-25 21:45:00,1777153500000,0.013656,0.01367,0.01362,0.01362,963347.7
2026-04-25 22:00:00,1777154400000,0.01362,0.013635,0.01355,0.01355,3842303.9
2026-04-25 22:15:00,1777155300000,0.01355,0.013575,0.013543,0.013561,1818115.8
2026-04-25 22:30:00,1777156200000,0.013561,0.013586,0.01353,0.013544,1663917.2
2026-04-25 22:45:00,1777157100000,0.013544,0.013556,0.013522,0.013522,722640.6
2026-04-25 23:00:00,1777158000000,0.013522,0.013595,0.013466,0.013584,5277958.4
2026-04-25 23:15:00,1777158900000,0.013584,0.013593,0.013546,0.013561,2200624.4
2026-04-25 23:30:00,1777159800000,0.013561,0.013606,0.013522,0.013585,2551055.3
2026-04-25 23:45:00,1777160700000,0.013585,0.013595,0.013547,0.013566,2291615.2
2026-04-26 00:00:00,1777161600000,0.013566,0.013566,0.013327,0.013372,15074964.8
2026-04-26 00:15:00,1777162500000,0.013372,0.013442,0.013346,0.013373,8084006.5
2026-04-26 00:30:00,1777163400000,0.013373,0.013451,0.013347,0.013425,3787765.5
2026-04-26 00:45:00,1777164300000,0.013425,0.01347,0.013314,0.013343,7157474.3
2026-04-26 01:00:00,1777165200000,0.013343,0.013416,0.013333,0.013375,5557389.6
2026-04-26 01:15:00,1777166100000,0.013375,0.013377,0.013334,0.013368,938447.3
2026-04-26 01:30:00,1777167000000,0.013368,0.013434,0.013361,0.013394,3405252.1
2026-04-26 01:45:00,1777167900000,0.013394,0.01343,0.013335,0.013339,5507861.6
2026-04-26 02:00:00,1777168800000,0.013339,0.01346,0.013332,0.013453,3203531.7
2026-04-26 02:15:00,1777169700000,0.013453,0.013477,0.013417,0.013477,2302365.2
2026-04-26 02:30:00,1777170600000,0.013477,0.013499,0.013418,0.013476,5321409.0
2026-04-26 02:45:00,1777171500000,0.013476,0.013479,0.013381,0.013441,4093892.3
2026-04-26 03:00:00,1777172400000,0.013441,0.01345,0.013374,0.013446,3373794.8
2026-04-26 03:15:00,1777173300000,0.013446,0.013473,0.013368,0.013368,3378050.8
2026-04-26 03:30:00,1777174200000,0.013368,0.01343,0.013337,0.013426,3382988.1
2026-04-26 03:45:00,1777175100000,0.013426,0.013494,0.013379,0.01343,12831533.5
2026-04-26 04:00:00,1777176000000,0.01343,0.013494,0.013421,0.013445,3011467.8
2026-04-26 04:15:00,1777176900000,0.013445,0.013671,0.013445,0.013581,11292496.2
2026-04-26 04:30:00,1777177800000,0.013581,0.013662,0.013525,0.013656,3226300.7
2026-04-26 04:45:00,1777178700000,0.013656,0.013896,0.013655,0.013857,16942892.6
2026-04-26 05:00:00,1777179600000,0.013857,0.013983,0.013786,0.013904,19201060.2
2026-04-26 05:15:00,1777180500000,0.013904,0.013995,0.013861,0.01395,16643012.6
2026-04-26 05:30:00,1777181400000,0.01395,0.014046,0.013925,0.014015,9339478.9
2026-04-26 05:45:00,1777182300000,0.014015,0.014108,0.013852,0.013866,9065596.9
2026-04-26 06:00:00,1777183200000,0.013866,0.013904,0.01384,0.013868,3890623.2
2026-04-26 06:15:00,1777184100000,0.013868,0.013888,0.013803,0.013876,4534075.5
2026-04-26 06:30:00,1777185000000,0.013876,0.01393,0.013834,0.013838,5419097.2
2026-04-26 06:45:00,1777185900000,0.013838,0.014007,0.013838,0.013971,7008083.7
2026-04-26 07:00:00,1777186800000,0.013971,0.013993,0.013842,0.013869,3532309.2
2026-04-26 07:15:00,1777187700000,0.013869,0.013884,0.013784,0.0138,1775129.6
2026-04-26 07:30:00,1777188600000,0.0138,0.013887,0.0138,0.013841,3648694.1
2026-04-26 07:45:00,1777189500000,0.013841,0.013876,0.013814,0.013834,2663741.2
2026-04-26 08:00:00,1777190400000,0.013834,0.013837,0.013744,0.013836,5531703.0
2026-04-26 08:15:00,1777191300000,0.013836,0.013846,0.013767,0.013829,2436648.1
2026-04-26 08:30:00,1777192200000,0.013829,0.013863,0.013772,0.013779,9532367.1
2026-04-26 08:45:00,1777193100000,0.013779,0.013851,0.013751,0.013842,2394639.4
2026-04-26 09:00:00,1777194000000,0.013842,0.013926,0.013823,0.013823,4443660.1
2026-04-26 09:15:00,1777194900000,0.013823,0.013895,0.013823,0.013837,3830190.2
2026-04-26 09:30:00,1777195800000,0.013837,0.013837,0.013765,0.013787,3174452.7
2026-04-26 09:45:00,1777196700000,0.013787,0.013858,0.013781,0.013853,1964644.6
2026-04-26 10:00:00,1777197600000,0.013853,0.013891,0.013777,0.013803,3168087.8
2026-04-26 10:15:00,1777198500000,0.013803,0.013824,0.013732,0.01374,6557812.9
2026-04-26 10:30:00,1777199400000,0.01374,0.013768,0.013702,0.013766,2595126.2
2026-04-26 10:45:00,1777200300000,0.013766,0.013798,0.013712,0.01376,2070514.0
2026-04-26 11:00:00,1777201200000,0.01376,0.013778,0.01368,0.013713,1284904.7
2026-04-26 11:15:00,1777202100000,0.013713,0.013758,0.013713,0.013746,1205241.7
2026-04-26 11:30:00,1777203000000,0.013746,0.013824,0.013725,0.013815,6898749.7
2026-04-26 11:45:00,1777203900000,0.013815,0.013875,0.013793,0.013865,2361563.9
2026-04-26 12:00:00,1777204800000,0.013865,0.013877,0.013664,0.013677,6463368.3
2026-04-26 12:15:00,1777205700000,0.013677,0.013701,0.013556,0.01359,14460633.3
2026-04-26 12:30:00,1777206600000,0.01359,0.013609,0.013496,0.0135,4865818.7
2026-04-26 12:45:00,1777207500000,0.0135,0.013514,0.013437,0.013506,8500296.9
2026-04-26 13:00:00,1777208400000,0.013506,0.013544,0.013463,0.013466,3391651.1
2026-04-26 13:15:00,1777209300000,0.013466,0.013477,0.013358,0.013419,14266702.0
2026-04-26 13:30:00,1777210200000,0.013419,0.01343,0.013321,0.013398,7894756.2
2026-04-26 13:45:00,1777211100000,0.013398,0.013401,0.01332,0.013356,4176302.3
2026-04-26 14:00:00,1777212000000,0.013356,0.01346,0.013325,0.013437,7421357.3
2026-04-26 14:15:00,1777212900000,0.013437,0.013475,0.013417,0.013429,2347901.3
2026-04-26 14:30:00,1777213800000,0.013429,0.013477,0.013388,0.013453,3705961.5
2026-04-26 14:45:00,1777214700000,0.013453,0.013485,0.013408,0.013436,2481602.6
2026-04-26 15:00:00,1777215600000,0.013436,0.013451,0.013363,0.013447,4870740.3
2026-04-26 15:15:00,1777216500000,0.013447,0.013508,0.013439,0.013466,4350321.4
2026-04-26 15:30:00,1777217400000,0.013466,0.013466,0.01342,0.013422,1514011.0
2026-04-26 15:45:00,1777218300000,0.013422,0.013459,0.013397,0.013456,1853216.6
2026-04-26 16:00:00,1777219200000,0.013456,0.013459,0.013402,0.013422,4275016.9
2026-04-26 16:15:00,1777220100000,0.013422,0.01352,0.013417,0.013497,4427588.1
2026-04-26 16:30:00,1777221000000,0.013497,0.013497,0.013442,0.013455,1586779.8
2026-04-26 16:45:00,1777221900000,0.013455,0.013489,0.013426,0.01346,1971586.8
2026-04-26 17:00:00,1777222800000,0.01346,0.01347,0.013418,0.013434,1793298.6
2026-04-26 17:15:00,1777223700000,0.013434,0.013441,0.013412,0.013438,1166684.6
2026-04-26 17:30:00,1777224600000,0.013438,0.013438,0.013329,0.013349,7503799.1
2026-04-26 17:45:00,1777225500000,0.013349,0.013414,0.013349,0.013405,2993495.2
2026-04-26 18:00:00,1777226400000,0.013405,0.01344,0.013369,0.013426,3131665.6
2026-04-26 18:15:00,1777227300000,0.013426,0.013449,0.013419,0.013424,1714031.3
2026-04-26 18:30:00,1777228200000,0.013424,0.013476,0.013424,0.013435,1934710.9
2026-04-26 18:45:00,1777229100000,0.013435,0.013471,0.01343,0.013443,719878.7
2026-04-26 19:00:00,1777230000000,0.013443,0.013482,0.013436,0.013477,3516334.8
2026-04-26 19:15:00,1777230900000,0.013477,0.013516,0.013431,0.01345,1922235.6
2026-04-26 19:30:00,1777231800000,0.01345,0.013495,0.013449,0.013489,2542524.3
2026-04-26 19:45:00,1777232700000,0.013489,0.013489,0.013436,0.013436,1115009.0
2026-04-26 20:00:00,1777233600000,0.013436,0.013468,0.013423,0.013451,2828276.9
2026-04-26 20:15:00,1777234500000,0.013451,0.013512,0.013444,0.013512,1323664.3
2026-04-26 20:30:00,1777235400000,0.013512,0.013532,0.013466,0.013467,5550226.8
2026-04-26 20:45:00,1777236300000,0.013467,0.013482,0.013443,0.013456,2200234.6
2026-04-26 21:00:00,1777237200000,0.013456,0.013481,0.013455,0.013467,2062995.6
2026-04-26 21:15:00,1777238100000,0.013467,0.013474,0.01344,0.013441,640055.1
2026-04-26 21:30:00,1777239000000,0.013441,0.013441,0.013302,0.013316,5658680.7
2026-04-26 21:45:00,1777239900000,0.013316,0.01343,0.013252,0.01341,5145979.5
2026-04-26 22:00:00,1777240800000,0.01341,0.013438,0.013369,0.013411,4581608.7
2026-04-26 22:15:00,1777241700000,0.013411,0.013489,0.013411,0.013447,2939429.1
2026-04-26 22:30:00,1777242600000,0.013447,0.013464,0.013415,0.013444,1524251.2
2026-04-26 22:45:00,1777243500000,0.013444,0.01346,0.01342,0.013437,958135.4
2026-04-26 23:00:00,1777244400000,0.013437,0.01347,0.013404,0.013463,1125165.1
2026-04-26 23:15:00,1777245300000,0.013463,0.013507,0.013421,0.013421,4772743.5
2026-04-26 23:30:00,1777246200000,0.013421,0.013536,0.0134,0.013535,2809040.1
2026-04-26 23:45:00,1777247100000,0.013535,0.013541,0.013457,0.013457,1751640.6
2026-04-27 00:00:00,1777248000000,0.013457,0.013457,0.013348,0.013353,6067737.1
2026-04-27 00:15:00,1777248900000,0.013353,0.013398,0.013327,0.013339,1860780.5
2026-04-27 00:30:00,1777249800000,0.013339,0.013443,0.013329,0.013443,4405498.0
2026-04-27 00:45:00,1777250700000,0.013443,0.013494,0.013411,0.013464,2795243.0
2026-04-27 01:00:00,1777251600000,0.013464,0.013555,0.013464,0.013544,3642942.9
2026-04-27 01:15:00,1777252500000,0.013544,0.013555,0.0135,0.013523,3031739.9
2026-04-27 01:30:00,1777253400000,0.013523,0.013624,0.013523,0.013597,2271762.6
2026-04-27 01:45:00,1777254300000,0.013597,0.013675,0.013597,0.013649,1449416.2
2026-04-27 02:00:00,1777255200000,0.013649,0.013654,0.013548,0.013574,3044554.1
2026-04-27 02:15:00,1777256100000,0.013574,0.013623,0.013541,0.013572,1945182.1
2026-04-27 02:30:00,1777257000000,0.013572,0.013612,0.013553,0.013612,1184448.6
2026-04-27 02:45:00,1777257900000,0.013612,0.013718,0.013606,0.013671,2462660.4
2026-04-27 03:00:00,1777258800000,0.013671,0.013735,0.013638,0.013734,2577610.3
2026-04-27 03:15:00,1777259700000,0.013734,0.013744,0.013678,0.013717,1877482.3
2026-04-27 03:30:00,1777260600000,0.013717,0.013747,0.013689,0.013731,2888029.1
2026-04-27 03:45:00,1777261500000,0.013731,0.013743,0.013686,0.013689,1135199.8
2026-04-27 04:00:00,1777262400000,0.013689,0.013785,0.013671,0.013728,12746074.6
2026-04-27 04:15:00,1777263300000,0.013728,0.013728,0.013634,0.013651,1851434.1
2026-04-27 04:30:00,1777264200000,0.013651,0.01366,0.013604,0.013641,1983198.3
2026-04-27 04:45:00,1777265100000,0.013641,0.013654,0.013592,0.013602,820118.9
2026-04-27 05:00:00,1777266000000,0.013602,0.013623,0.013398,0.013398,9381525.0
2026-04-27 05:15:00,1777266900000,0.013398,0.013398,0.013225,0.01332,16770041.7
2026-04-27 05:30:00,1777267800000,0.01332,0.013329,0.01318,0.013256,8136559.4
2026-04-27 05:45:00,1777268700000,0.013256,0.013394,0.013155,0.013301,14709376.5
2026-04-27 06:00:00,1777269600000,0.013301,0.013301,0.013169,0.013196,6858901.2
2026-04-27 06:15:00,1777270500000,0.013196,0.013229,0.013122,0.013139,3390472.7
2026-04-27 06:30:00,1777271400000,0.013139,0.013139,0.012993,0.013062,11226661.5
2026-04-27 06:45:00,1777272300000,0.013062,0.013072,0.012995,0.013041,2943638.2
2026-04-27 07:00:00,1777273200000,0.013041,0.013051,0.012971,0.013028,3632983.8
2026-04-27 07:15:00,1777274100000,0.013028,0.013057,0.013009,0.01303,2870520.0
2026-04-27 07:30:00,1777275000000,0.01303,0.01307,0.012995,0.013027,5367412.6
2026-04-27 07:45:00,1777275900000,0.013027,0.013048,0.012956,0.012967,2769612.6
2026-04-27 08:00:00,1777276800000,0.012967,0.013011,0.012939,0.012972,1962313.2
2026-04-27 08:15:00,1777277700000,0.012972,0.013002,0.012885,0.012904,4726269.3
2026-04-27 08:30:00,1777278600000,0.012904,0.012948,0.012831,0.012938,8330223.3
2026-04-27 08:45:00,1777279500000,0.012938,0.013006,0.012937,0.01299,1207101.4
2026-04-27 09:00:00,1777280400000,0.01299,0.013032,0.012989,0.013032,805916.7
2026-04-27 09:15:00,1777281300000,0.013032,0.013036,0.01299,0.012996,2749397.4
2026-04-27 09:30:00,1777282200000,0.012996,0.013063,0.012996,0.013044,3312477.4
2026-04-27 09:45:00,1777283100000,0.013044,0.013053,0.013021,0.013027,974143.6
2026-04-27 10:00:00,1777284000000,0.013027,0.013047,0.012994,0.012998,7647782.7
2026-04-27 10:15:00,1777284900000,0.012998,0.013015,0.012924,0.012931,2310939.8
2026-04-27 10:30:00,1777285800000,0.012931,0.012962,0.01293,0.012938,893899.3
2026-04-27 10:45:00,1777286700000,0.012938,0.012943,0.012918,0.012921,603444.0
2026-04-27 11:00:00,1777287600000,0.012921,0.012924,0.01285,0.01291,4471950.1
2026-04-27 11:15:00,1777288500000,0.01291,0.01291,0.012852,0.01286,2513026.5
2026-04-27 11:30:00,1777289400000,0.01286,0.012873,0.012837,0.012842,1754677.1
2026-04-27 11:45:00,1777290300000,0.012842,0.012856,0.012834,0.012856,717207.9
2026-04-27 12:00:00,1777291200000,0.012856,0.012934,0.012821,0.012892,7303129.9
2026-04-27 12:15:00,1777292100000,0.012892,0.012923,0.012863,0.012923,3601764.3
2026-04-27 12:30:00,1777293000000,0.012923,0.012926,0.012843,0.01286,4657408.1
2026-04-27 12:45:00,1777293900000,0.01286,0.01286,0.012829,0.012839,619169.9
2026-04-27 13:00:00,1777294800000,0.012839,0.012858,0.012782,0.012819,2599289.0
2026-04-27 13:15:00,1777295700000,0.012819,0.012837,0.012819,0.012833,821367.0
2026-04-27 13:30:00,1777296600000,0.012833,0.012841,0.012791,0.012835,1147812.4
2026-04-27 13:45:00,1777297500000,0.012835,0.012839,0.012733,0.01278,7412654.7
2026-04-27 14:00:00,1777298400000,0.01278,0.012859,0.012779,0.012827,2406406.3
2026-04-27 14:15:00,1777299300000,0.012827,0.012835,0.012727,0.01273,3057043.2
2026-04-27 14:30:00,1777300200000,0.01273,0.012831,0.012709,0.012805,9962106.5
2026-04-27 14:45:00,1777301100000,0.012805,0.012805,0.012715,0.012736,3834403.8
2026-04-27 15:00:00,1777302000000,0.012736,0.012737,0.012614,0.012635,12390684.3
2026-04-27 15:15:00,1777302900000,0.012635,0.012635,0.012463,0.012579,23706347.8
2026-04-27 15:30:00,1777303800000,0.012579,0.0126,0.012529,0.012549,3666534.9
2026-04-27 15:45:00,1777304700000,0.012549,0.012549,0.012464,0.01254,4449080.9
2026-04-27 16:00:00,1777305600000,0.01254,0.012598,0.012491,0.012584,6620306.5
2026-04-27 16:15:00,1777306500000,0.012584,0.012619,0.012558,0.012561,5752534.9
2026-04-27 16:30:00,1777307400000,0.012561,0.012583,0.012546,0.012567,1403535.7
2026-04-27 16:45:00,1777308300000,0.012567,0.012615,0.012567,0.012596,4393913.9
2026-04-27 17:00:00,1777309200000,0.012596,0.012658,0.012596,0.012631,2095779.5
2026-04-27 17:15:00,1777310100000,0.012631,0.012634,0.012573,0.012609,4519493.7
2026-04-27 17:30:00,1777311000000,0.012609,0.012656,0.012603,0.012653,2259037.0
2026-04-27 17:45:00,1777311900000,0.012653,0.012668,0.012621,0.012629,1761979.3
2026-04-27 18:00:00,1777312800000,0.012629,0.012649,0.012596,0.01264,3155298.2
2026-04-27 18:15:00,1777313700000,0.01264,0.012666,0.012577,0.012596,3507064.8
2026-04-27 18:30:00,1777314600000,0.012596,0.012616,0.012543,0.012578,2249880.4
2026-04-27 18:45:00,1777315500000,0.012578,0.012602,0.012561,0.012561,2719613.7
2026-04-27 19:00:00,1777316400000,0.012561,0.012729,0.012545,0.012729,23800413.3
2026-04-27 19:15:00,1777317300000,0.012729,0.01276,0.012622,0.012626,13126145.6
2026-04-27 19:30:00,1777318200000,0.012626,0.012751,0.012605,0.012745,4448499.2
2026-04-27 19:45:00,1777319100000,0.012745,0.012745,0.012693,0.012719,3338135.5
2026-04-27 20:00:00,1777320000000,0.012719,0.012814,0.012715,0.01273,4653258.7
2026-04-27 20:15:00,1777320900000,0.01273,0.012745,0.012716,0.012728,1341009.2
2026-04-27 20:30:00,1777321800000,0.012728,0.012756,0.012725,0.012752,1933170.8
2026-04-27 20:45:00,1777322700000,0.012752,0.012752,0.012685,0.012731,2158079.2
2026-04-27 21:00:00,1777323600000,0.012731,0.012779,0.012726,0.012771,3112064.6
2026-04-27 21:15:00,1777324500000,0.012771,0.012812,0.012747,0.012808,2855897.6
2026-04-27 21:30:00,1777325400000,0.012808,0.012841,0.012808,0.012838,937078.9
2026-04-27 21:45:00,1777326300000,0.012838,0.012838,0.012742,0.012772,2395723.9
2026-04-27 22:00:00,1777327200000,0.012772,0.012795,0.012745,0.012753,1434230.5
2026-04-27 22:15:00,1777328100000,0.012753,0.012753,0.012695,0.012748,3476222.3
2026-04-27 22:30:00,1777329000000,0.012748,0.012778,0.012734,0.012773,1591239.7
2026-04-27 22:45:00,1777329900000,0.012773,0.01281,0.012767,0.01281,1478713.9
2026-04-27 23:00:00,1777330800000,0.01281,0.012846,0.01281,0.012823,1951147.2
2026-04-27 23:15:00,1777331700000,0.012823,0.012863,0.012823,0.012836,1497521.5
2026-04-27 23:30:00,1777332600000,0.012836,0.012873,0.012818,0.012866,2283839.7
2026-04-27 23:45:00,1777333500000,0.012866,0.012946,0.01283,0.012934,3864166.3
2026-04-28 00:00:00,1777334400000,0.012934,0.013016,0.012893,0.012962,6146399.5
2026-04-28 00:15:00,1777335300000,0.012962,0.013003,0.012913,0.012915,2400918.0
2026-04-28 00:30:00,1777336200000,0.012915,0.012982,0.012908,0.012973,1343772.3
2026-04-28 00:45:00,1777337100000,0.012973,0.013021,0.012949,0.012952,1671701.0
2026-04-28 01:00:00,1777338000000,0.012952,0.012975,0.012924,0.01293,2181630.1
2026-04-28 01:15:00,1777338900000,0.01293,0.012938,0.01288,0.012893,2336116.8
2026-04-28 01:30:00,1777339800000,0.012893,0.012895,0.012868,0.012878,942857.2
2026-04-28 01:45:00,1777340700000,0.012878,0.012915,0.012863,0.012864,877095.4
2026-04-28 02:00:00,1777341600000,0.012864,0.012887,0.012853,0.012864,1273768.1
2026-04-28 02:15:00,1777342500000,0.012864,0.012912,0.012847,0.012847,2705139.9
2026-04-28 02:30:00,1777343400000,0.012847,0.012847,0.012769,0.012831,1636277.0
2026-04-28 02:45:00,1777344300000,0.012831,0.012896,0.012818,0.012876,1401320.4
2026-04-28 03:00:00,1777345200000,0.012876,0.012895,0.012855,0.012864,2379906.8
2026-04-28 03:15:00,1777346100000,0.012864,0.012867,0.012826,0.01283,2460996.1
2026-04-28 03:30:00,1777347000000,0.01283,0.012929,0.012829,0.0129,1971170.3
2026-04-28 03:45:00,1777347900000,0.0129,0.012944,0.012853,0.012878,3893805.6
2026-04-28 04:00:00,1777348800000,0.012878,0.012934,0.012877,0.012934,669464.7
2026-04-28 04:15:00,1777349700000,0.012934,0.012954,0.012867,0.012924,6205593.7
2026-04-28 04:30:00,1777350600000,0.012924,0.013052,0.012924,0.013032,3555970.8
2026-04-28 04:45:00,1777351500000,0.013032,0.013045,0.012975,0.012976,3719235.6
2026-04-28 05:00:00,1777352400000,0.012976,0.012995,0.012948,0.012959,1518166.7
2026-04-28 05:15:00,1777353300000,0.012959,0.012988,0.012945,0.012966,621651.7
2026-04-28 05:30:00,1777354200000,0.012966,0.012966,0.012897,0.012907,2594936.4
2026-04-28 05:45:00,1777355100000,0.012907,0.01295,0.012898,0.012924,1401950.5
2026-04-28 06:00:00,1777356000000,0.012924,0.012984,0.012923,0.012976,907437.6
2026-04-28 06:15:00,1777356900000,0.012976,0.013026,0.012953,0.012956,3613806.5
2026-04-28 06:30:00,1777357800000,0.012956,0.013041,0.012956,0.012971,6928398.1
2026-04-28 06:45:00,1777358700000,0.012971,0.012973,0.012912,0.012948,991439.0
2026-04-28 07:00:00,1777359600000,0.012948,0.012956,0.012847,0.01288,3346788.7
2026-04-28 07:15:00,1777360500000,0.01288,0.012887,0.012802,0.012879,4285602.8
2026-04-28 07:30:00,1777361400000,0.012879,0.012984,0.012874,0.012951,2277591.6
2026-04-28 07:45:00,1777362300000,0.012951,0.012966,0.012907,0.012907,795196.7
2026-04-28 08:00:00,1777363200000,0.012907,0.012929,0.012875,0.012925,1973055.6
2026-04-28 08:15:00,1777364100000,0.012925,0.012977,0.012925,0.012963,826303.1
2026-04-28 08:30:00,1777365000000,0.012963,0.012968,0.012909,0.012917,944089.0
2026-04-28 08:45:00,1777365900000,0.012917,0.012918,0.012879,0.012899,1205011.0
2026-04-28 09:00:00,1777366800000,0.012899,0.012947,0.012884,0.012947,3132824.0
2026-04-28 09:15:00,1777367700000,0.012947,0.012992,0.012942,0.012952,4647205.6
2026-04-28 09:30:00,1777368600000,0.012952,0.012952,0.012866,0.012872,1214936.9
2026-04-28 09:45:00,1777369500000,0.012872,0.012883,0.012842,0.01286,638886.2
2026-04-28 10:00:00,1777370400000,0.01286,0.012932,0.012837,0.012838,2035490.5
2026-04-28 10:15:00,1777371300000,0.012838,0.012859,0.012822,0.012833,522287.0
2026-04-28 10:30:00,1777372200000,0.012833,0.01287,0.012813,0.01286,844271.9
2026-04-28 10:45:00,1777373100000,0.01286,0.012863,0.012836,0.012836,705470.9
2026-04-28 11:00:00,1777374000000,0.012836,0.012852,0.012771,0.012803,1884962.1
2026-04-28 11:15:00,1777374900000,0.012803,0.012831,0.012795,0.012819,1483296.0
2026-04-28 11:30:00,1777375800000,0.012819,0.012853,0.01279,0.012807,2140401.4
2026-04-28 11:45:00,1777376700000,0.012807,0.012807,0.012724,0.012771,5608503.8
2026-04-28 12:00:00,1777377600000,0.012771,0.0128,0.012748,0.012783,1460481.2
2026-04-28 12:15:00,1777378500000,0.012783,0.012805,0.012736,0.012753,5581515.7
2026-04-28 12:30:00,1777379400000,0.012753,0.01283,0.01274,0.012826,2940181.7
2026-04-28 12:45:00,1777380300000,0.012826,0.012875,0.012816,0.01287,1919529.1
2026-04-28 13:00:00,1777381200000,0.01287,0.012884,0.012739,0.012757,2020721.3
2026-04-28 13:15:00,1777382100000,0.012757,0.012811,0.012735,0.012795,3651914.9
2026-04-28 13:30:00,1777383000000,0.012795,0.012808,0.012761,0.012792,2513427.3
2026-04-28 13:45:00,1777383900000,0.012792,0.012833,0.012764,0.012812,4709729.6
2026-04-28 14:00:00,1777384800000,0.012812,0.012839,0.012748,0.012826,2960839.7
2026-04-28 14:15:00,1777385700000,0.012826,0.012843,0.012736,0.012752,2681172.4
2026-04-28 14:30:00,1777386600000,0.012752,0.01279,0.012716,0.01279,1939599.6
2026-04-28 14:45:00,1777387500000,0.01279,0.012844,0.012744,0.012844,3099092.3
2026-04-28 15:00:00,1777388400000,0.012844,0.012878,0.012829,0.01286,980544.3
2026-04-28 15:15:00,1777389300000,0.01286,0.012872,0.012839,0.012846,566945.5
2026-04-28 15:30:00,1777390200000,0.012846,0.012903,0.012829,0.012838,1421201.9
2026-04-28 15:45:00,1777391100000,0.012838,0.012949,0.012838,0.012938,1964751.4
2026-04-28 16:00:00,1777392000000,0.012938,0.012945,0.012909,0.012938,1552193.5
2026-04-28 16:15:00,1777392900000,0.012938,0.012947,0.012915,0.012942,832922.1
2026-04-28 16:30:00,1777393800000,0.012942,0.012973,0.012852,0.012867,2915818.2
2026-04-28 16:45:00,1777394700000,0.012867,0.012887,0.012835,0.012848,3530829.4
2026-04-28 17:00:00,1777395600000,0.012848,0.012884,0.012845,0.012851,1442238.9
2026-04-28 17:15:00,1777396500000,0.012851,0.012867,0.012819,0.012856,808042.2
2026-04-28 17:30:00,1777397400000,0.012856,0.012925,0.012848,0.012851,939626.0
2026-04-28 17:45:00,1777398300000,0.012851,0.012866,0.012841,0.012844,418885.0
2026-04-28 18:00:00,1777399200000,0.012844,0.01287,0.012826,0.012863,993956.5
2026-04-28 18:15:00,1777400100000,0.012863,0.012909,0.012859,0.012893,594444.9
2026-04-28 18:30:00,1777401000000,0.012893,0.012924,0.012893,0.012913,1069054.5
2026-04-28 18:45:00,1777401900000,0.012913,0.012948,0.012893,0.012948,1815580.2
2026-04-28 19:00:00,1777402800000,0.012948,0.01296,0.012894,0.012899,1253206.6
2026-04-28 19:15:00,1777403700000,0.012899,0.012929,0.012859,0.012904,3455207.0
2026-04-28 19:30:00,1777404600000,0.012904,0.012949,0.012888,0.012949,2040811.7
2026-04-28 19:45:00,1777405500000,0.012949,0.012966,0.012886,0.012887,1502670.1
2026-04-28 20:00:00,1777406400000,0.012887,0.012927,0.012831,0.012851,3233692.8
2026-04-28 20:15:00,1777407300000,0.012851,0.012864,0.012813,0.012833,1961149.3
2026-04-28 20:30:00,1777408200000,0.012833,0.012863,0.012831,0.012841,1092067.1
2026-04-28 20:45:00,1777409100000,0.012841,0.012885,0.012838,0.012846,2903069.0
2026-04-28 21:00:00,1777410000000,0.012846,0.012852,0.012794,0.012826,4437289.4
2026-04-28 21:15:00,1777410900000,0.012826,0.012846,0.012809,0.012809,471208.9
2026-04-28 21:30:00,1777411800000,0.012809,0.01282,0.01279,0.01279,706577.5
2026-04-28 21:45:00,1777412700000,0.01279,0.012825,0.012768,0.012823,777817.8
2026-04-28 22:00:00,1777413600000,0.012823,0.012835,0.012795,0.012803,504189.4
2026-04-28 22:15:00,1777414500000,0.012803,0.012816,0.012799,0.0128,923832.9
2026-04-28 22:30:00,1777415400000,0.0128,0.0128,0.01275,0.012765,4882426.9
2026-04-28 22:45:00,1777416300000,0.012765,0.012774,0.012749,0.012759,983269.5
2026-04-28 23:00:00,1777417200000,0.012759,0.012759,0.01274,0.012743,554452.2
2026-04-28 23:15:00,1777418100000,0.012743,0.012749,0.012723,0.012736,762905.9
2026-04-28 23:30:00,1777419000000,0.012736,0.012758,0.012725,0.012756,502287.1
2026-04-28 23:45:00,1777419900000,0.012756,0.012823,0.012756,0.012787,2791220.7
2026-04-29 00:00:00,1777420800000,0.012787,0.012788,0.012748,0.012758,746115.9
2026-04-29 00:15:00,1777421700000,0.012758,0.012766,0.012726,0.012728,679122.5
2026-04-29 00:30:00,1777422600000,0.012728,0.012784,0.012728,0.01278,2957906.8
2026-04-29 00:45:00,1777423500000,0.01278,0.01279,0.012763,0.012781,1441746.2
2026-04-29 01:00:00,1777424400000,0.012781,0.012782,0.012725,0.012746,595638.6
2026-04-29 01:15:00,1777425300000,0.012746,0.01276,0.012706,0.012707,584744.1
2026-04-29 01:30:00,1777426200000,0.012707,0.012751,0.012666,0.012745,2907289.0
2026-04-29 01:45:00,1777427100000,0.012745,0.012806,0.012742,0.0128,909837.2
2026-04-29 02:00:00,1777428000000,0.0128,0.012867,0.0128,0.012853,887570.2
2026-04-29 02:15:00,1777428900000,0.012853,0.012859,0.012821,0.012828,944895.1
2026-04-29 02:30:00,1777429800000,0.012828,0.012852,0.012782,0.012841,1713246.8
2026-04-29 02:45:00,1777430700000,0.012841,0.012867,0.012833,0.012844,528044.4
2026-04-29 03:00:00,1777431600000,0.012844,0.012894,0.012837,0.012869,1144637.6
2026-04-29 03:15:00,1777432500000,0.012869,0.012933,0.012867,0.012918,1177825.9
2026-04-29 03:30:00,1777433400000,0.012918,0.012981,0.012902,0.01296,2164021.8
2026-04-29 03:45:00,1777434300000,0.01296,0.01296,0.012921,0.012952,763838.4
2026-04-29 04:00:00,1777435200000,0.012952,0.012961,0.012926,0.012928,671812.1
2026-04-29 04:15:00,1777436100000,0.012928,0.012953,0.012922,0.01294,1359213.4
2026-04-29 04:30:00,1777437000000,0.01294,0.013017,0.01294,0.012973,2360635.3
2026-04-29 04:45:00,1777437900000,0.012973,0.013045,0.012973,0.013027,1187581.6
2026-04-29 05:00:00,1777438800000,0.013027,0.013036,0.012995,0.013013,1033359.8
2026-04-29 05:15:00,1777439700000,0.013013,0.0131,0.013006,0.013093,6116738.3
2026-04-29 05:30:00,1777440600000,0.013093,0.013096,0.013035,0.013038,909272.5
2026-04-29 05:45:00,1777441500000,0.013038,0.013046,0.013015,0.013024,816639.8
2026-04-29 06:00:00,1777442400000,0.013024,0.013047,0.012982,0.012997,1255322.2
2026-04-29 06:15:00,1777443300000,0.012997,0.013028,0.01299,0.013027,1393340.0
2026-04-29 06:30:00,1777444200000,0.013027,0.013047,0.012995,0.012995,803278.5
2026-04-29 06:45:00,1777445100000,0.012995,0.013036,0.012945,0.012969,4710079.3
2026-04-29 07:00:00,1777446000000,0.012969,0.012977,0.012907,0.012932,1298575.3
2026-04-29 07:15:00,1777446900000,0.012932,0.01297,0.012925,0.012968,698249.3
2026-04-29 07:30:00,1777447800000,0.012968,0.013024,0.012933,0.012951,1477545.5
2026-04-29 07:45:00,1777448700000,0.012951,0.012956,0.012885,0.012914,1812724.2
2026-04-29 08:00:00,1777449600000,0.012914,0.012967,0.012914,0.012916,1803270.0
2026-04-29 08:15:00,1777450500000,0.012916,0.012955,0.012905,0.012914,1824185.0
2026-04-29 08:30:00,1777451400000,0.012914,0.012928,0.012892,0.012916,777452.7
2026-04-29 08:45:00,1777452300000,0.012916,0.012943,0.012878,0.012895,1167300.6
2026-04-29 09:00:00,1777453200000,0.012895,0.012908,0.012852,0.012881,1765433.9
2026-04-29 09:15:00,1777454100000,0.012881,0.012907,0.012859,0.012866,1388247.8
2026-04-29 09:30:00,1777455000000,0.012866,0.012904,0.012864,0.012889,876519.5
2026-04-29 09:45:00,1777455900000,0.012889,0.013045,0.012878,0.013037,3312430.5
2026-04-29 10:00:00,1777456800000,0.013037,0.013097,0.013032,0.01304,3260654.6
2026-04-29 10:15:00,1777457700000,0.01304,0.013082,0.013035,0.013037,2301802.7
2026-04-29 10:30:00,1777458600000,0.013037,0.013057,0.012988,0.013017,1063436.7
2026-04-29 10:45:00,1777459500000,0.013017,0.013031,0.012994,0.012994,586486.3
2026-04-29 11:00:00,1777460400000,0.012994,0.013028,0.012981,0.01302,1175483.4
2026-04-29 11:15:00,1777461300000,0.01302,0.013032,0.012991,0.012993,1174440.6
2026-04-29 11:30:00,1777462200000,0.012993,0.012993,0.01293,0.012956,2993576.7
2026-04-29 11:45:00,1777463100000,0.012956,0.013146,0.012953,0.013056,26702365.6
2026-04-29 12:00:00,1777464000000,0.013056,0.013067,0.012929,0.012929,5648012.4
2026-04-29 12:15:00,1777464900000,0.012929,0.012971,0.012884,0.012931,8096823.4
2026-04-29 12:30:00,1777465800000,0.012931,0.012968,0.012892,0.012964,1699031.0
2026-04-29 12:45:00,1777466700000,0.012964,0.012973,0.012927,0.012945,1030667.0
2026-04-29 13:00:00,1777467600000,0.012945,0.012967,0.012897,0.012912,1051617.0
2026-04-29 13:15:00,1777468500000,0.012912,0.012912,0.01282,0.01286,3689389.2
2026-04-29 13:30:00,1777469400000,0.01286,0.012864,0.012792,0.012803,3036771.5
2026-04-29 13:45:00,1777470300000,0.012803,0.012832,0.01274,0.012821,2195177.2
2026-04-29 14:00:00,1777471200000,0.012821,0.012821,0.012753,0.012797,1627922.6
2026-04-29 14:15:00,1777472100000,0.012797,0.012875,0.012775,0.012869,1208107.7
2026-04-29 14:30:00,1777473000000,0.012869,0.012899,0.012847,0.01286,922682.3
2026-04-29 14:45:00,1777473900000,0.01286,0.012869,0.012798,0.012798,1585408.8
2026-04-29 15:00:00,1777474800000,0.012798,0.012808,0.01263,0.012649,4821247.0
2026-04-29 15:15:00,1777475700000,0.012649,0.012758,0.012631,0.012747,4771827.8
2026-04-29 15:30:00,1777476600000,0.012747,0.012764,0.012443,0.012509,31097878.1
2026-04-29 15:45:00,1777477500000,0.012509,0.012542,0.012489,0.012522,8125940.0
2026-04-29 16:00:00,1777478400000,0.012522,0.012567,0.012498,0.012529,3571302.4
2026-04-29 16:15:00,1777479300000,0.012529,0.012544,0.012449,0.012504,5647350.7
2026-04-29 16:30:00,1777480200000,0.012504,0.012504,0.012318,0.012422,18056274.9
2026-04-29 16:45:00,1777481100000,0.012422,0.012441,0.01239,0.012406,1351210.0
2026-04-29 17:00:00,1777482000000,0.012406,0.012482,0.012406,0.012462,1654450.2
2026-04-29 17:15:00,1777482900000,0.012462,0.012516,0.01243,0.012455,2544787.8
2026-04-29 17:30:00,1777483800000,0.012455,0.012463,0.012422,0.012447,1586063.9
2026-04-29 17:45:00,1777484700000,0.012447,0.0125,0.012432,0.012494,1444874.6
2026-04-29 18:00:00,1777485600000,0.012494,0.012512,0.012132,0.012239,16735039.8
2026-04-29 18:15:00,1777486500000,0.012239,0.012273,0.012134,0.012174,11780293.0
2026-04-29 18:30:00,1777487400000,0.012174,0.012264,0.012093,0.01224,8045457.0
2026-04-29 18:45:00,1777488300000,0.01224,0.012331,0.012238,0.01233,3010861.7
2026-04-29 19:00:00,1777489200000,0.01233,0.012345,0.012272,0.012326,2473139.9
2026-04-29 19:15:00,1777490100000,0.012326,0.012339,0.01229,0.01231,1728058.2
2026-04-29 19:30:00,1777491000000,0.01231,0.012319,0.012222,0.012304,4407027.9
2026-04-29 19:45:00,1777491900000,0.012304,0.012343,0.012302,0.012321,1373258.7
2026-04-29 20:00:00,1777492800000,0.012321,0.012389,0.012299,0.012337,5586216.8
2026-04-29 20:15:00,1777493700000,0.012337,0.012413,0.012337,0.012412,918420.1
2026-04-29 20:30:00,1777494600000,0.012412,0.012483,0.01241,0.012455,1115621.1
2026-04-29 20:45:00,1777495500000,0.012455,0.012458,0.012413,0.012415,1611654.0
2026-04-29 21:00:00,1777496400000,0.012415,0.012449,0.012403,0.012433,1832094.2
2026-04-29 21:15:00,1777497300000,0.012433,0.012504,0.012432,0.01249,1695309.7
2026-04-29 21:30:00,1777498200000,0.01249,0.012512,0.012484,0.012485,458673.7
2026-04-29 21:45:00,1777499100000,0.012485,0.01252,0.012462,0.012486,960693.7
2026-04-29 22:00:00,1777500000000,0.012486,0.012522,0.012463,0.012522,2019474.6
2026-04-29 22:15:00,1777500900000,0.012522,0.012522,0.012444,0.012452,1422496.0
2026-04-29 22:30:00,1777501800000,0.012452,0.012465,0.012447,0.012463,405509.1
2026-04-29 22:45:00,1777502700000,0.012463,0.012484,0.012442,0.012443,476252.3
2026-04-29 23:00:00,1777503600000,0.012443,0.012453,0.012424,0.012453,1101473.1
2026-04-29 23:15:00,1777504500000,0.012453,0.012455,0.012417,0.012443,997992.4
2026-04-29 23:30:00,1777505400000,0.012443,0.012477,0.012441,0.012459,712699.5
2026-04-29 23:45:00,1777506300000,0.012459,0.012484,0.012459,0.012465,455463.4
2026-04-30 00:00:00,1777507200000,0.012465,0.012477,0.012448,0.012457,1396505.2
2026-04-30 00:15:00,1777508100000,0.012457,0.012474,0.01243,0.012458,580824.0
2026-04-30 00:30:00,1777509000000,0.012458,0.012521,0.012458,0.012515,3018710.8
2026-04-30 00:45:00,1777509900000,0.012515,0.012611,0.012515,0.012589,3274154.0
2026-04-30 01:00:00,1777510800000,0.012589,0.012611,0.012539,0.012555,1736496.8
2026-04-30 01:15:00,1777511700000,0.012555,0.012575,0.012539,0.012572,1039991.5
2026-04-30 01:30:00,1777512600000,0.012572,0.012607,0.012552,0.012559,1261175.7
2026-04-30 01:45:00,1777513500000,0.012559,0.012576,0.012534,0.012534,688304.1
2026-04-30 02:00:00,1777514400000,0.012534,0.012597,0.012534,0.012595,1229339.5
2026-04-30 02:15:00,1777515300000,0.012595,0.012598,0.012537,0.012538,1088959.2
2026-04-30 02:30:00,1777516200000,0.012538,0.012538,0.012383,0.012396,2065683.9
2026-04-30 02:45:00,1777517100000,0.012396,0.012429,0.012356,0.012409,1242952.5
2026-04-30 03:00:00,1777518000000,0.012409,0.012419,0.012347,0.012361,1495777.6
2026-04-30 03:15:00,1777518900000,0.012361,0.012396,0.012355,0.012396,949052.2
2026-04-30 03:30:00,1777519800000,0.012396,0.012443,0.012374,0.012431,801000.0
2026-04-30 03:45:00,1777520700000,0.012431,0.012437,0.01241,0.012411,305914.3
2026-04-30 04:00:00,1777521600000,0.012411,0.012411,0.01235,0.012365,1130686.1
2026-04-30 04:15:00,1777522500000,0.012365,0.012389,0.012345,0.012374,631275.6
2026-04-30 04:30:00,1777523400000,0.012374,0.012374,0.012298,0.0123,2447304.0
2026-04-30 04:45:00,1777524300000,0.0123,0.012333,0.012298,0.012304,829179.5
2026-04-30 05:00:00,1777525200000,0.012304,0.012389,0.012304,0.012379,2666625.8
2026-04-30 05:15:00,1777526100000,0.012379,0.012385,0.012304,0.012324,2247620.7
2026-04-30 05:30:00,1777527000000,0.012324,0.01239,0.012324,0.01239,838472.5
2026-04-30 05:45:00,1777527900000,0.01239,0.012395,0.01235,0.012351,589218.7
2026-04-30 06:00:00,1777528800000,0.012351,0.01237,0.012339,0.012345,523551.3
2026-04-30 06:15:00,1777529700000,0.012345,0.012351,0.012329,0.012332,899747.5
2026-04-30 06:30:00,1777530600000,0.012332,0.012457,0.012332,0.012435,2669289.8
2026-04-30 06:45:00,1777531500000,0.012435,0.012453,0.012429,0.01244,459199.3
2026-04-30 07:00:00,1777532400000,0.01244,0.012448,0.012422,0.012429,703030.3
2026-04-30 07:15:00,1777533300000,0.012429,0.012464,0.012429,0.012448,1014349.3
2026-04-30 07:30:00,1777534200000,0.012448,0.012516,0.012436,0.012495,1955971.0
2026-04-30 07:45:00,1777535100000,0.012495,0.012516,0.012467,0.01249,1974711.8
2026-04-30 08:00:00,1777536000000,0.01249,0.0125,0.012461,0.01249,1454713.7
2026-04-30 08:15:00,1777536900000,0.01249,0.012494,0.012467,0.012483,1017315.4
2026-04-30 08:30:00,1777537800000,0.012483,0.012516,0.012448,0.012509,1955432.1
2026-04-30 08:45:00,1777538700000,0.012509,0.01256,0.012496,0.012553,1060461.7
2026-04-30 09:00:00,1777539600000,0.012553,0.012593,0.012536,0.012577,1002866.3
2026-04-30 09:15:00,1777540500000,0.012577,0.012639,0.012562,0.012639,2121930.4
2026-04-30 09:30:00,1777541400000,0.012639,0.012683,0.012639,0.012671,997129.4
2026-04-30 09:45:00,1777542300000,0.012671,0.012674,0.012635,0.012645,501846.0
2026-04-30 10:00:00,1777543200000,0.012645,0.012646,0.012551,0.012551,1769010.1
2026-04-30 10:15:00,1777544100000,0.012551,0.012558,0.012526,0.012528,556717.2
2026-04-30 10:30:00,1777545000000,0.012528,0.012558,0.012517,0.012547,1096128.8
2026-04-30 10:45:00,1777545900000,0.012547,0.012554,0.012517,0.012531,271619.9
2026-04-30 11:00:00,1777546800000,0.012531,0.01257,0.012496,0.01257,1643455.7
2026-04-30 11:15:00,1777547700000,0.01257,0.012599,0.012541,0.012554,1276840.5
2026-04-30 11:30:00,1777548600000,0.012554,0.012569,0.012474,0.012479,650162.2
2026-04-30 11:45:00,1777549500000,0.012479,0.012534,0.01244,0.012525,1286771.8
2026-04-30 12:00:00,1777550400000,0.012525,0.012557,0.012524,0.012557,643309.5
2026-04-30 12:15:00,1777551300000,0.012557,0.012606,0.01255,0.012555,1719428.6
2026-04-30 12:30:00,1777552200000,0.012555,0.01258,0.012539,0.012539,1267538.2
2026-04-30 12:45:00,1777553100000,0.012539,0.012546,0.012472,0.012472,1623063.8
2026-04-30 13:00:00,1777554000000,0.012472,0.012536,0.012472,0.012473,1740379.7
2026-04-30 13:15:00,1777554900000,0.012473,0.012522,0.012472,0.01248,2294019.1
2026-04-30 13:30:00,1777555800000,0.01248,0.012504,0.012434,0.012504,2456844.3
2026-04-30 13:45:00,1777556700000,0.012504,0.012504,0.012433,0.01245,1268070.4
2026-04-30 14:00:00,1777557600000,0.01245,0.01249,0.012415,0.01244,2787358.3
2026-04-30 14:15:00,1777558500000,0.01244,0.012461,0.012385,0.012446,1270319.0
2026-04-30 14:30:00,1777559400000,0.012446,0.012519,0.012442,0.012448,1339842.8
2026-04-30 14:45:00,1777560300000,0.012448,0.012495,0.012439,0.012455,828632.3
2026-04-30 15:00:00,1777561200000,0.012455,0.012468,0.012424,0.012456,1232497.0
2026-04-30 15:15:00,1777562100000,0.012456,0.012459,0.012421,0.012459,727028.6
2026-04-30 15:30:00,1777563000000,0.012459,0.012514,0.012415,0.012422,1075654.9
2026-04-30 15:45:00,1777563900000,0.012422,0.012484,0.012401,0.01247,1170737.6
2026-04-30 16:00:00,1777564800000,0.01247,0.012503,0.012443,0.012499,1035704.6
2026-04-30 16:15:00,1777565700000,0.012499,0.012505,0.012442,0.012459,1347253.2
2026-04-30 16:30:00,1777566600000,0.012459,0.012475,0.012423,0.012443,1038346.8
2026-04-30 16:45:00,1777567500000,0.012443,0.012461,0.012416,0.01244,1029267.0
2026-04-30 17:00:00,1777568400000,0.01244,0.012455,0.012424,0.012437,446649.6
2026-04-30 17:15:00,1777569300000,0.012437,0.012437,0.012398,0.012417,573587.9
2026-04-30 17:30:00,1777570200000,0.012417,0.012439,0.01241,0.01243,570555.5
2026-04-30 17:45:00,1777571100000,0.01243,0.012458,0.01243,0.012438,306166.7
2026-04-30 18:00:00,1777572000000,0.012438,0.012465,0.01243,0.012439,646661.5
2026-04-30 18:15:00,1777572900000,0.012439,0.012481,0.01242,0.01242,420390.0
2026-04-30 18:30:00,1777573800000,0.01242,0.012455,0.012391,0.012445,2072810.7
2026-04-30 18:45:00,1777574700000,0.012445,0.01245,0.012408,0.012408,708326.4
2026-04-30 19:00:00,1777575600000,0.012408,0.012469,0.012401,0.012456,645916.1
2026-04-30 19:15:00,1777576500000,0.012456,0.012464,0.012438,0.012438,288997.9
2026-04-30 19:30:00,1777577400000,0.012438,0.012457,0.012424,0.012425,722405.5
2026-04-30 19:45:00,1777578300000,0.012425,0.012425,0.012397,0.012397,604152.1
2026-04-30 20:00:00,1777579200000,0.012397,0.012397,0.012344,0.012372,2322999.2
2026-04-30 20:15:00,1777580100000,0.012372,0.012403,0.012365,0.01237,1129590.8
2026-04-30 20:30:00,1777581000000,0.01237,0.012376,0.012345,0.012372,1155178.9
2026-04-30 20:45:00,1777581900000,0.012372,0.012372,0.012336,0.012336,724052.2
2026-04-30 21:00:00,1777582800000,0.012336,0.012383,0.012334,0.012382,680316.1
2026-04-30 21:15:00,1777583700000,0.012382,0.012392,0.012352,0.012354,448556.1
2026-04-30 21:30:00,1777584600000,0.012354,0.012385,0.012349,0.012361,740401.9
2026-04-30 21:45:00,1777585500000,0.012361,0.012362,0.012326,0.012326,619564.2
2026-04-30 22:00:00,1777586400000,0.012326,0.012341,0.012318,0.012333,624407.5
2026-04-30 22:15:00,1777587300000,0.012333,0.012352,0.012326,0.012333,516514.3
2026-04-30 22:30:00,1777588200000,0.012333,0.012333,0.01229,0.01231,409809.3
2026-04-30 22:45:00,1777589100000,0.01231,0.012323,0.012296,0.012302,115344.0
2026-04-30 23:00:00,1777590000000,0.012302,0.012314,0.012296,0.012308,262388.7
2026-04-30 23:15:00,1777590900000,0.012308,0.012329,0.012307,0.012329,242065.6
2026-04-30 23:30:00,1777591800000,0.012329,0.01236,0.012329,0.012342,278614.8
