Open_time,Open_time,Open,High,Low,Close,Volume
2026-01-14 00:00:00,1768348800000,5.726,5.761,5.725,5.73,67180.7
2026-01-14 00:15:00,1768349700000,5.73,5.745,5.715,5.725,29635.7
2026-01-14 00:30:00,1768350600000,5.725,5.737,5.694,5.724,38774.3
2026-01-14 00:45:00,1768351500000,5.724,5.75,5.715,5.741,44263.4
2026-01-14 01:00:00,1768352400000,5.741,5.771,5.732,5.766,53321.9
2026-01-14 01:15:00,1768353300000,5.766,5.766,5.74,5.746,20016.9
2026-01-14 01:30:00,1768354200000,5.746,5.763,5.728,5.74,38798.6
2026-01-14 01:45:00,1768355100000,5.74,5.755,5.733,5.748,20714.4
2026-01-14 02:00:00,1768356000000,5.748,5.782,5.739,5.781,48659.0
2026-01-14 02:15:00,1768356900000,5.781,5.787,5.751,5.766,47126.9
2026-01-14 02:30:00,1768357800000,5.766,5.767,5.752,5.761,18905.6
2026-01-14 02:45:00,1768358700000,5.761,5.775,5.736,5.747,43740.3
2026-01-14 03:00:00,1768359600000,5.747,5.747,5.721,5.732,30744.2
2026-01-14 03:15:00,1768360500000,5.732,5.751,5.731,5.738,23074.8
2026-01-14 03:30:00,1768361400000,5.738,5.768,5.738,5.761,25653.6
2026-01-14 03:45:00,1768362300000,5.761,5.768,5.753,5.767,21534.4
2026-01-14 04:00:00,1768363200000,5.767,5.778,5.737,5.744,53031.4
2026-01-14 04:15:00,1768364100000,5.744,5.771,5.744,5.771,24073.1
2026-01-14 04:30:00,1768365000000,5.771,5.771,5.749,5.749,28541.3
2026-01-14 04:45:00,1768365900000,5.749,5.758,5.746,5.746,19087.8
2026-01-14 05:00:00,1768366800000,5.746,5.746,5.726,5.742,46015.6
2026-01-14 05:15:00,1768367700000,5.742,5.747,5.711,5.717,41553.7
2026-01-14 05:30:00,1768368600000,5.717,5.737,5.709,5.725,52373.0
2026-01-14 05:45:00,1768369500000,5.725,5.74,5.722,5.739,27643.0
2026-01-14 06:00:00,1768370400000,5.739,5.739,5.708,5.732,31438.0
2026-01-14 06:15:00,1768371300000,5.732,5.741,5.712,5.713,21529.1
2026-01-14 06:30:00,1768372200000,5.713,5.734,5.693,5.733,48645.9
2026-01-14 06:45:00,1768373100000,5.733,5.77,5.733,5.765,41362.5
2026-01-14 07:00:00,1768374000000,5.765,5.772,5.754,5.758,20274.4
2026-01-14 07:15:00,1768374900000,5.758,5.762,5.731,5.732,35894.8
2026-01-14 07:30:00,1768375800000,5.732,5.749,5.73,5.741,28204.2
2026-01-14 07:45:00,1768376700000,5.741,5.762,5.741,5.755,17104.6
2026-01-14 08:00:00,1768377600000,5.755,5.8,5.752,5.8,56032.0
2026-01-14 08:15:00,1768378500000,5.8,5.819,5.795,5.816,62173.9
2026-01-14 08:30:00,1768379400000,5.816,5.821,5.776,5.784,59618.5
2026-01-14 08:45:00,1768380300000,5.784,5.806,5.779,5.788,29264.8
2026-01-14 09:00:00,1768381200000,5.788,5.831,5.781,5.787,133384.7
2026-01-14 09:15:00,1768382100000,5.787,5.791,5.772,5.782,19275.0
2026-01-14 09:30:00,1768383000000,5.782,5.8,5.779,5.786,16859.0
2026-01-14 09:45:00,1768383900000,5.786,5.798,5.781,5.785,21366.6
2026-01-14 10:00:00,1768384800000,5.785,5.818,5.781,5.813,34780.6
2026-01-14 10:15:00,1768385700000,5.813,5.814,5.743,5.761,70991.7
2026-01-14 10:30:00,1768386600000,5.761,5.772,5.747,5.761,19473.7
2026-01-14 10:45:00,1768387500000,5.761,5.764,5.747,5.752,23212.0
2026-01-14 11:00:00,1768388400000,5.752,5.752,5.718,5.722,36485.6
2026-01-14 11:15:00,1768389300000,5.722,5.725,5.696,5.719,41425.2
2026-01-14 11:30:00,1768390200000,5.719,5.735,5.711,5.719,32701.2
2026-01-14 11:45:00,1768391100000,5.719,5.72,5.695,5.708,24350.9
2026-01-14 12:00:00,1768392000000,5.708,5.732,5.699,5.728,23570.3
2026-01-14 12:15:00,1768392900000,5.728,5.732,5.715,5.724,23186.0
2026-01-14 12:30:00,1768393800000,5.724,5.724,5.707,5.711,9605.3
2026-01-14 12:45:00,1768394700000,5.711,5.716,5.708,5.716,8759.9
2026-01-14 13:00:00,1768395600000,5.716,5.716,5.686,5.701,25407.6
2026-01-14 13:15:00,1768396500000,5.701,5.732,5.698,5.725,21164.8
2026-01-14 13:30:00,1768397400000,5.725,5.73,5.7,5.705,28374.0
2026-01-14 13:45:00,1768398300000,5.705,5.705,5.672,5.683,36285.5
2026-01-14 14:00:00,1768399200000,5.683,5.739,5.68,5.728,36176.8
2026-01-14 14:15:00,1768400100000,5.728,5.749,5.719,5.726,34657.9
2026-01-14 14:30:00,1768401000000,5.726,5.744,5.706,5.732,67314.6
2026-01-14 14:45:00,1768401900000,5.732,5.797,5.729,5.765,78948.9
2026-01-14 15:00:00,1768402800000,5.765,5.796,5.729,5.796,102664.0
2026-01-14 15:15:00,1768403700000,5.796,5.814,5.782,5.791,72427.6
2026-01-14 15:30:00,1768404600000,5.791,5.808,5.757,5.767,34397.1
2026-01-14 15:45:00,1768405500000,5.767,5.785,5.756,5.781,35614.6
2026-01-14 16:00:00,1768406400000,5.781,5.825,5.778,5.815,78418.2
2026-01-14 16:15:00,1768407300000,5.815,5.83,5.796,5.811,71941.1
2026-01-14 16:30:00,1768408200000,5.811,5.847,5.773,5.824,251678.4
2026-01-14 16:45:00,1768409100000,5.824,5.829,5.776,5.79,83010.5
2026-01-14 17:00:00,1768410000000,5.79,5.819,5.776,5.817,96656.5
2026-01-14 17:15:00,1768410900000,5.817,5.82,5.791,5.796,38287.8
2026-01-14 17:30:00,1768411800000,5.796,5.796,5.734,5.765,99464.8
2026-01-14 17:45:00,1768412700000,5.765,5.781,5.737,5.741,46613.6
2026-01-14 18:00:00,1768413600000,5.741,5.75,5.729,5.738,67328.5
2026-01-14 18:15:00,1768414500000,5.738,5.747,5.697,5.745,40284.5
2026-01-14 18:30:00,1768415400000,5.745,5.752,5.647,5.665,102213.7
2026-01-14 18:45:00,1768416300000,5.665,5.712,5.651,5.7,39625.1
2026-01-14 19:00:00,1768417200000,5.7,5.729,5.687,5.727,55456.8
2026-01-14 19:15:00,1768418100000,5.727,5.795,5.722,5.793,120035.3
2026-01-14 19:30:00,1768419000000,5.793,5.805,5.736,5.762,67308.5
2026-01-14 19:45:00,1768419900000,5.762,5.771,5.751,5.758,34712.0
2026-01-14 20:00:00,1768420800000,5.758,5.786,5.742,5.764,44378.7
2026-01-14 20:15:00,1768421700000,5.764,5.764,5.725,5.731,15632.5
2026-01-14 20:30:00,1768422600000,5.731,5.761,5.731,5.748,21508.2
2026-01-14 20:45:00,1768423500000,5.748,5.758,5.731,5.757,10917.9
2026-01-14 21:00:00,1768424400000,5.757,5.766,5.744,5.754,13412.6
2026-01-14 21:15:00,1768425300000,5.754,5.766,5.741,5.76,10237.6
2026-01-14 21:30:00,1768426200000,5.76,5.769,5.748,5.752,13367.5
2026-01-14 21:45:00,1768427100000,5.752,5.764,5.73,5.755,22616.5
2026-01-14 22:00:00,1768428000000,5.755,5.757,5.738,5.751,41892.5
2026-01-14 22:15:00,1768428900000,5.751,5.754,5.729,5.731,15062.5
2026-01-14 22:30:00,1768429800000,5.731,5.734,5.689,5.702,26581.1
2026-01-14 22:45:00,1768430700000,5.702,5.72,5.692,5.692,27520.5
2026-01-14 23:00:00,1768431600000,5.692,5.721,5.692,5.717,9850.6
2026-01-14 23:15:00,1768432500000,5.717,5.729,5.69,5.69,36714.8
2026-01-14 23:30:00,1768433400000,5.69,5.69,5.673,5.677,23355.5
2026-01-14 23:45:00,1768434300000,5.677,5.683,5.673,5.676,18906.3
2026-01-15 00:00:00,1768435200000,5.676,5.68,5.637,5.669,128819.8
2026-01-15 00:15:00,1768436100000,5.669,5.669,5.65,5.653,16019.6
2026-01-15 00:30:00,1768437000000,5.653,5.656,5.631,5.642,28703.6
2026-01-15 00:45:00,1768437900000,5.642,5.644,5.619,5.628,82568.7
2026-01-15 01:00:00,1768438800000,5.628,5.662,5.628,5.642,34261.4
2026-01-15 01:15:00,1768439700000,5.642,5.645,5.618,5.625,38694.9
2026-01-15 01:30:00,1768440600000,5.625,5.642,5.603,5.629,46936.8
2026-01-15 01:45:00,1768441500000,5.629,5.634,5.61,5.617,11730.7
2026-01-15 02:00:00,1768442400000,5.617,5.633,5.609,5.609,18211.9
2026-01-15 02:15:00,1768443300000,5.609,5.633,5.608,5.616,17834.0
2026-01-15 02:30:00,1768444200000,5.616,5.633,5.575,5.604,74067.3
2026-01-15 02:45:00,1768445100000,5.604,5.604,5.561,5.57,33766.4
2026-01-15 03:00:00,1768446000000,5.57,5.581,5.56,5.57,33468.2
2026-01-15 03:15:00,1768446900000,5.57,5.582,5.478,5.491,135101.6
2026-01-15 03:30:00,1768447800000,5.491,5.511,5.475,5.492,111208.6
2026-01-15 03:45:00,1768448700000,5.492,5.507,5.48,5.487,36617.0
2026-01-15 04:00:00,1768449600000,5.487,5.507,5.478,5.496,35121.2
2026-01-15 04:15:00,1768450500000,5.496,5.506,5.48,5.497,53110.3
2026-01-15 04:30:00,1768451400000,5.497,5.506,5.49,5.501,26074.7
2026-01-15 04:45:00,1768452300000,5.501,5.508,5.486,5.498,24223.3
2026-01-15 05:00:00,1768453200000,5.498,5.512,5.488,5.488,45194.8
2026-01-15 05:15:00,1768454100000,5.488,5.499,5.488,5.493,19651.2
2026-01-15 05:30:00,1768455000000,5.493,5.504,5.487,5.504,30812.6
2026-01-15 05:45:00,1768455900000,5.504,5.508,5.498,5.5,20699.5
2026-01-15 06:00:00,1768456800000,5.5,5.51,5.493,5.5,26350.0
2026-01-15 06:15:00,1768457700000,5.5,5.519,5.499,5.508,41034.1
2026-01-15 06:30:00,1768458600000,5.508,5.513,5.449,5.456,80609.3
2026-01-15 06:45:00,1768459500000,5.456,5.477,5.45,5.456,48875.6
2026-01-15 07:00:00,1768460400000,5.456,5.48,5.453,5.47,22341.3
2026-01-15 07:15:00,1768461300000,5.47,5.506,5.466,5.502,45750.6
2026-01-15 07:30:00,1768462200000,5.502,5.526,5.494,5.508,66905.0
2026-01-15 07:45:00,1768463100000,5.508,5.518,5.494,5.505,36714.6
2026-01-15 08:00:00,1768464000000,5.505,5.511,5.489,5.494,33252.5
2026-01-15 08:15:00,1768464900000,5.494,5.505,5.478,5.479,36203.3
2026-01-15 08:30:00,1768465800000,5.479,5.505,5.478,5.501,27194.0
2026-01-15 08:45:00,1768466700000,5.501,5.516,5.497,5.51,21954.9
2026-01-15 09:00:00,1768467600000,5.51,5.518,5.495,5.496,28906.5
2026-01-15 09:15:00,1768468500000,5.496,5.526,5.494,5.518,28983.5
2026-01-15 09:30:00,1768469400000,5.518,5.578,5.51,5.574,82415.1
2026-01-15 09:45:00,1768470300000,5.574,5.581,5.555,5.558,57103.7
2026-01-15 10:00:00,1768471200000,5.558,5.561,5.543,5.546,58479.7
2026-01-15 10:15:00,1768472100000,5.546,5.567,5.535,5.536,24028.7
2026-01-15 10:30:00,1768473000000,5.536,5.547,5.532,5.538,18538.4
2026-01-15 10:45:00,1768473900000,5.538,5.54,5.516,5.523,20849.7
2026-01-15 11:00:00,1768474800000,5.523,5.536,5.521,5.521,14571.8
2026-01-15 11:15:00,1768475700000,5.521,5.53,5.508,5.527,25965.0
2026-01-15 11:30:00,1768476600000,5.527,5.534,5.501,5.526,88713.0
2026-01-15 11:45:00,1768477500000,5.526,5.532,5.518,5.524,66794.7
2026-01-15 12:00:00,1768478400000,5.524,5.542,5.488,5.498,380774.9
2026-01-15 12:15:00,1768479300000,5.498,5.498,5.475,5.489,90866.3
2026-01-15 12:30:00,1768480200000,5.489,5.499,5.475,5.482,80869.3
2026-01-15 12:45:00,1768481100000,5.482,5.498,5.477,5.495,42903.9
2026-01-15 13:00:00,1768482000000,5.495,5.496,5.483,5.488,29855.9
2026-01-15 13:15:00,1768482900000,5.488,5.498,5.488,5.498,24215.1
2026-01-15 13:30:00,1768483800000,5.498,5.502,5.473,5.493,29032.1
2026-01-15 13:45:00,1768484700000,5.493,5.504,5.486,5.489,37924.6
2026-01-15 14:00:00,1768485600000,5.489,5.503,5.484,5.503,21311.4
2026-01-15 14:15:00,1768486500000,5.503,5.509,5.47,5.477,25769.7
2026-01-15 14:30:00,1768487400000,5.477,5.493,5.415,5.417,139030.4
2026-01-15 14:45:00,1768488300000,5.417,5.465,5.392,5.436,157098.3
2026-01-15 15:00:00,1768489200000,5.436,5.455,5.42,5.433,35724.0
2026-01-15 15:15:00,1768490100000,5.433,5.438,5.363,5.381,136459.8
2026-01-15 15:30:00,1768491000000,5.381,5.399,5.349,5.365,141917.1
2026-01-15 15:45:00,1768491900000,5.365,5.398,5.312,5.395,276431.4
2026-01-15 16:00:00,1768492800000,5.395,5.401,5.349,5.369,81352.2
2026-01-15 16:15:00,1768493700000,5.369,5.39,5.364,5.372,47090.0
2026-01-15 16:30:00,1768494600000,5.372,5.429,5.37,5.409,86104.1
2026-01-15 16:45:00,1768495500000,5.409,5.42,5.399,5.405,31305.1
2026-01-15 17:00:00,1768496400000,5.405,5.418,5.387,5.392,44520.2
2026-01-15 17:15:00,1768497300000,5.392,5.414,5.384,5.41,32069.4
2026-01-15 17:30:00,1768498200000,5.41,5.433,5.405,5.422,32766.7
2026-01-15 17:45:00,1768499100000,5.422,5.432,5.368,5.378,83193.3
2026-01-15 18:00:00,1768500000000,5.378,5.389,5.332,5.348,92500.8
2026-01-15 18:15:00,1768500900000,5.348,5.354,5.326,5.349,58778.3
2026-01-15 18:30:00,1768501800000,5.349,5.356,5.303,5.331,65373.5
2026-01-15 18:45:00,1768502700000,5.331,5.334,5.29,5.317,120518.7
2026-01-15 19:00:00,1768503600000,5.317,5.319,5.283,5.302,111116.0
2026-01-15 19:15:00,1768504500000,5.302,5.325,5.281,5.289,66847.7
2026-01-15 19:30:00,1768505400000,5.289,5.315,5.271,5.282,100892.9
2026-01-15 19:45:00,1768506300000,5.282,5.321,5.282,5.301,40293.7
2026-01-15 20:00:00,1768507200000,5.301,5.307,5.278,5.287,55033.5
2026-01-15 20:15:00,1768508100000,5.287,5.292,5.24,5.245,158590.9
2026-01-15 20:30:00,1768509000000,5.245,5.265,5.245,5.249,50476.6
2026-01-15 20:45:00,1768509900000,5.249,5.251,5.224,5.237,69922.9
2026-01-15 21:00:00,1768510800000,5.237,5.276,5.235,5.274,45393.2
2026-01-15 21:15:00,1768511700000,5.274,5.285,5.272,5.278,19470.9
2026-01-15 21:30:00,1768512600000,5.278,5.282,5.268,5.276,12306.4
2026-01-15 21:45:00,1768513500000,5.276,5.293,5.274,5.282,48133.3
2026-01-15 22:00:00,1768514400000,5.282,5.298,5.279,5.296,63915.3
2026-01-15 22:15:00,1768515300000,5.296,5.327,5.29,5.324,18956.8
2026-01-15 22:30:00,1768516200000,5.324,5.335,5.312,5.322,33449.4
2026-01-15 22:45:00,1768517100000,5.322,5.324,5.313,5.319,17170.4
2026-01-15 23:00:00,1768518000000,5.319,5.329,5.307,5.328,30924.1
2026-01-15 23:15:00,1768518900000,5.328,5.344,5.326,5.332,24194.9
2026-01-15 23:30:00,1768519800000,5.332,5.346,5.33,5.342,14078.8
2026-01-15 23:45:00,1768520700000,5.342,5.354,5.339,5.347,32284.4
2026-01-16 00:00:00,1768521600000,5.347,5.356,5.328,5.328,43395.0
2026-01-16 00:15:00,1768522500000,5.328,5.345,5.328,5.336,22933.3
2026-01-16 00:30:00,1768523400000,5.336,5.35,5.334,5.344,26495.0
2026-01-16 00:45:00,1768524300000,5.344,5.347,5.324,5.326,13420.7
2026-01-16 01:00:00,1768525200000,5.326,5.331,5.303,5.309,31114.2
2026-01-16 01:15:00,1768526100000,5.309,5.316,5.3,5.309,20830.7
2026-01-16 01:30:00,1768527000000,5.309,5.334,5.307,5.307,13826.9
2026-01-16 01:45:00,1768527900000,5.307,5.314,5.306,5.306,13931.3
2026-01-16 02:00:00,1768528800000,5.306,5.306,5.279,5.292,43901.9
2026-01-16 02:15:00,1768529700000,5.292,5.319,5.277,5.319,71053.9
2026-01-16 02:30:00,1768530600000,5.319,5.319,5.308,5.314,14875.9
2026-01-16 02:45:00,1768531500000,5.314,5.329,5.314,5.328,19487.2
2026-01-16 03:00:00,1768532400000,5.328,5.33,5.318,5.318,12873.5
2026-01-16 03:15:00,1768533300000,5.318,5.32,5.309,5.314,6387.9
2026-01-16 03:30:00,1768534200000,5.314,5.314,5.296,5.307,18098.4
2026-01-16 03:45:00,1768535100000,5.307,5.312,5.304,5.308,5923.2
2026-01-16 04:00:00,1768536000000,5.308,5.316,5.307,5.315,10570.2
2026-01-16 04:15:00,1768536900000,5.315,5.33,5.312,5.315,15098.8
2026-01-16 04:30:00,1768537800000,5.315,5.321,5.286,5.292,52677.3
2026-01-16 04:45:00,1768538700000,5.292,5.295,5.268,5.288,33716.4
2026-01-16 05:00:00,1768539600000,5.288,5.297,5.282,5.292,14668.9
2026-01-16 05:15:00,1768540500000,5.292,5.298,5.28,5.286,24049.1
2026-01-16 05:30:00,1768541400000,5.286,5.323,5.285,5.313,51799.8
2026-01-16 05:45:00,1768542300000,5.313,5.332,5.31,5.315,38133.1
2026-01-16 06:00:00,1768543200000,5.315,5.319,5.302,5.303,13140.4
2026-01-16 06:15:00,1768544100000,5.303,5.314,5.296,5.309,12925.9
2026-01-16 06:30:00,1768545000000,5.309,5.326,5.306,5.32,14150.1
2026-01-16 06:45:00,1768545900000,5.32,5.323,5.312,5.319,17468.7
2026-01-16 07:00:00,1768546800000,5.319,5.336,5.316,5.327,12914.4
2026-01-16 07:15:00,1768547700000,5.327,5.327,5.305,5.307,17941.9
2026-01-16 07:30:00,1768548600000,5.307,5.314,5.295,5.297,22139.7
2026-01-16 07:45:00,1768549500000,5.297,5.311,5.296,5.308,17054.9
2026-01-16 08:00:00,1768550400000,5.308,5.318,5.302,5.316,13272.6
2026-01-16 08:15:00,1768551300000,5.316,5.325,5.311,5.325,25497.3
2026-01-16 08:30:00,1768552200000,5.325,5.33,5.318,5.329,35749.1
2026-01-16 08:45:00,1768553100000,5.329,5.331,5.32,5.323,13684.8
2026-01-16 09:00:00,1768554000000,5.323,5.333,5.321,5.333,16446.2
2026-01-16 09:15:00,1768554900000,5.333,5.333,5.321,5.331,18041.3
2026-01-16 09:30:00,1768555800000,5.331,5.334,5.322,5.329,12771.8
2026-01-16 09:45:00,1768556700000,5.329,5.33,5.319,5.321,22453.1
2026-01-16 10:00:00,1768557600000,5.321,5.324,5.308,5.319,31135.5
2026-01-16 10:15:00,1768558500000,5.319,5.322,5.309,5.313,10520.2
2026-01-16 10:30:00,1768559400000,5.313,5.313,5.302,5.309,20407.0
2026-01-16 10:45:00,1768560300000,5.309,5.312,5.3,5.302,10888.7
2026-01-16 11:00:00,1768561200000,5.302,5.313,5.3,5.303,10674.4
2026-01-16 11:15:00,1768562100000,5.303,5.312,5.292,5.306,35208.6
2026-01-16 11:30:00,1768563000000,5.306,5.316,5.301,5.301,25580.5
2026-01-16 11:45:00,1768563900000,5.301,5.32,5.299,5.32,14470.9
2026-01-16 12:00:00,1768564800000,5.32,5.326,5.317,5.32,8526.9
2026-01-16 12:15:00,1768565700000,5.32,5.328,5.319,5.325,10703.2
2026-01-16 12:30:00,1768566600000,5.325,5.325,5.304,5.307,19814.9
2026-01-16 12:45:00,1768567500000,5.307,5.309,5.292,5.302,18182.0
2026-01-16 13:00:00,1768568400000,5.302,5.302,5.281,5.289,14527.8
2026-01-16 13:15:00,1768569300000,5.289,5.29,5.258,5.271,84606.7
2026-01-16 13:30:00,1768570200000,5.271,5.276,5.246,5.268,51305.2
2026-01-16 13:45:00,1768571100000,5.268,5.273,5.261,5.267,18787.0
2026-01-16 14:00:00,1768572000000,5.267,5.283,5.266,5.267,17310.6
2026-01-16 14:15:00,1768572900000,5.267,5.285,5.258,5.285,33052.3
2026-01-16 14:30:00,1768573800000,5.285,5.288,5.257,5.265,42104.9
2026-01-16 14:45:00,1768574700000,5.265,5.286,5.255,5.26,44284.7
2026-01-16 15:00:00,1768575600000,5.26,5.284,5.249,5.276,24554.4
2026-01-16 15:15:00,1768576500000,5.276,5.276,5.201,5.204,157661.2
2026-01-16 15:30:00,1768577400000,5.204,5.207,5.136,5.162,319267.2
2026-01-16 15:45:00,1768578300000,5.162,5.168,5.124,5.163,113804.7
2026-01-16 16:00:00,1768579200000,5.163,5.178,5.15,5.178,62116.7
2026-01-16 16:15:00,1768580100000,5.178,5.21,5.162,5.2,96851.5
2026-01-16 16:30:00,1768581000000,5.2,5.221,5.187,5.216,59971.3
2026-01-16 16:45:00,1768581900000,5.216,5.225,5.198,5.202,49364.0
2026-01-16 17:00:00,1768582800000,5.202,5.21,5.184,5.196,26951.1
2026-01-16 17:15:00,1768583700000,5.196,5.21,5.185,5.207,30281.4
2026-01-16 17:30:00,1768584600000,5.207,5.229,5.204,5.228,32310.7
2026-01-16 17:45:00,1768585500000,5.228,5.233,5.217,5.231,20873.0
2026-01-16 18:00:00,1768586400000,5.231,5.238,5.225,5.23,39510.7
2026-01-16 18:15:00,1768587300000,5.23,5.238,5.22,5.234,24782.3
2026-01-16 18:30:00,1768588200000,5.234,5.241,5.226,5.235,25948.5
2026-01-16 18:45:00,1768589100000,5.235,5.238,5.217,5.225,24196.6
2026-01-16 19:00:00,1768590000000,5.225,5.225,5.207,5.214,24424.5
2026-01-16 19:15:00,1768590900000,5.214,5.221,5.201,5.209,14996.4
2026-01-16 19:30:00,1768591800000,5.209,5.244,5.208,5.232,19155.0
2026-01-16 19:45:00,1768592700000,5.232,5.242,5.231,5.238,11272.4
2026-01-16 20:00:00,1768593600000,5.238,5.239,5.212,5.23,12793.2
2026-01-16 20:15:00,1768594500000,5.23,5.264,5.23,5.264,111332.8
2026-01-16 20:30:00,1768595400000,5.264,5.284,5.257,5.284,51514.8
2026-01-16 20:45:00,1768596300000,5.284,5.317,5.283,5.315,64726.6
2026-01-16 21:00:00,1768597200000,5.315,5.349,5.305,5.324,128844.3
2026-01-16 21:15:00,1768598100000,5.324,5.34,5.314,5.34,67720.8
2026-01-16 21:30:00,1768599000000,5.34,5.344,5.329,5.336,27970.3
2026-01-16 21:45:00,1768599900000,5.336,5.34,5.324,5.324,22806.1
2026-01-16 22:00:00,1768600800000,5.324,5.332,5.308,5.327,40975.8
2026-01-16 22:15:00,1768601700000,5.327,5.337,5.316,5.323,9653.2
2026-01-16 22:30:00,1768602600000,5.323,5.332,5.315,5.323,9939.3
2026-01-16 22:45:00,1768603500000,5.323,5.334,5.318,5.331,12768.2
2026-01-16 23:00:00,1768604400000,5.331,5.332,5.315,5.322,16074.2
2026-01-16 23:15:00,1768605300000,5.322,5.325,5.313,5.314,15653.7
2026-01-16 23:30:00,1768606200000,5.314,5.319,5.301,5.306,31087.1
2026-01-16 23:45:00,1768607100000,5.306,5.317,5.306,5.312,9940.7
2026-01-17 00:00:00,1768608000000,5.312,5.315,5.302,5.313,10877.8
2026-01-17 00:15:00,1768608900000,5.313,5.329,5.311,5.324,34405.4
2026-01-17 00:30:00,1768609800000,5.324,5.324,5.31,5.318,16041.9
2026-01-17 00:45:00,1768610700000,5.318,5.336,5.315,5.326,26088.0
2026-01-17 01:00:00,1768611600000,5.326,5.343,5.325,5.336,31071.6
2026-01-17 01:15:00,1768612500000,5.336,5.341,5.332,5.334,3663.6
2026-01-17 01:30:00,1768613400000,5.334,5.339,5.321,5.327,61437.0
2026-01-17 01:45:00,1768614300000,5.327,5.329,5.323,5.325,6240.1
2026-01-17 02:00:00,1768615200000,5.325,5.328,5.31,5.313,32775.0
2026-01-17 02:15:00,1768616100000,5.313,5.322,5.31,5.32,13762.2
2026-01-17 02:30:00,1768617000000,5.32,5.33,5.312,5.325,15636.1
2026-01-17 02:45:00,1768617900000,5.325,5.337,5.323,5.336,9486.2
2026-01-17 03:00:00,1768618800000,5.336,5.338,5.326,5.326,19566.2
2026-01-17 03:15:00,1768619700000,5.326,5.335,5.324,5.328,4478.4
2026-01-17 03:30:00,1768620600000,5.328,5.331,5.317,5.331,4292.6
2026-01-17 03:45:00,1768621500000,5.331,5.338,5.328,5.333,8687.6
2026-01-17 04:00:00,1768622400000,5.333,5.333,5.322,5.326,7383.1
2026-01-17 04:15:00,1768623300000,5.326,5.329,5.321,5.328,8728.1
2026-01-17 04:30:00,1768624200000,5.328,5.337,5.328,5.335,16485.7
2026-01-17 04:45:00,1768625100000,5.335,5.346,5.334,5.341,14830.4
2026-01-17 05:00:00,1768626000000,5.341,5.362,5.341,5.357,32546.1
2026-01-17 05:15:00,1768626900000,5.357,5.364,5.346,5.348,23659.6
2026-01-17 05:30:00,1768627800000,5.348,5.359,5.34,5.357,6231.6
2026-01-17 05:45:00,1768628700000,5.357,5.365,5.348,5.348,18344.4
2026-01-17 06:00:00,1768629600000,5.348,5.349,5.339,5.343,10102.0
2026-01-17 06:15:00,1768630500000,5.343,5.343,5.331,5.334,10001.1
2026-01-17 06:30:00,1768631400000,5.334,5.342,5.331,5.332,7675.3
2026-01-17 06:45:00,1768632300000,5.332,5.341,5.328,5.337,12826.4
2026-01-17 07:00:00,1768633200000,5.337,5.337,5.318,5.324,19366.5
2026-01-17 07:15:00,1768634100000,5.324,5.347,5.322,5.347,6812.0
2026-01-17 07:30:00,1768635000000,5.347,5.356,5.346,5.351,6034.0
2026-01-17 07:45:00,1768635900000,5.351,5.361,5.348,5.36,11464.2
2026-01-17 08:00:00,1768636800000,5.36,5.375,5.357,5.362,22748.0
2026-01-17 08:15:00,1768637700000,5.362,5.366,5.356,5.356,11407.4
2026-01-17 08:30:00,1768638600000,5.356,5.363,5.349,5.356,11184.0
2026-01-17 08:45:00,1768639500000,5.356,5.376,5.356,5.368,10415.5
2026-01-17 09:00:00,1768640400000,5.368,5.374,5.366,5.37,7971.4
2026-01-17 09:15:00,1768641300000,5.37,5.384,5.364,5.378,12860.0
2026-01-17 09:30:00,1768642200000,5.378,5.382,5.367,5.372,29992.2
2026-01-17 09:45:00,1768643100000,5.372,5.388,5.369,5.385,15220.6
2026-01-17 10:00:00,1768644000000,5.385,5.394,5.372,5.392,27908.1
2026-01-17 10:15:00,1768644900000,5.392,5.409,5.389,5.407,22053.7
2026-01-17 10:30:00,1768645800000,5.407,5.413,5.385,5.386,36973.3
2026-01-17 10:45:00,1768646700000,5.386,5.386,5.376,5.379,10587.1
2026-01-17 11:00:00,1768647600000,5.379,5.381,5.363,5.376,48767.6
2026-01-17 11:15:00,1768648500000,5.376,5.389,5.374,5.385,16491.7
2026-01-17 11:30:00,1768649400000,5.385,5.385,5.357,5.357,10160.2
2026-01-17 11:45:00,1768650300000,5.357,5.357,5.344,5.345,16984.7
2026-01-17 12:00:00,1768651200000,5.345,5.349,5.331,5.348,21537.5
2026-01-17 12:15:00,1768652100000,5.348,5.365,5.343,5.363,24279.2
2026-01-17 12:30:00,1768653000000,5.363,5.369,5.36,5.369,16405.0
2026-01-17 12:45:00,1768653900000,5.369,5.37,5.36,5.369,7662.9
2026-01-17 13:00:00,1768654800000,5.369,5.381,5.367,5.38,15701.1
2026-01-17 13:15:00,1768655700000,5.38,5.409,5.378,5.391,45596.8
2026-01-17 13:30:00,1768656600000,5.391,5.402,5.38,5.395,25207.0
2026-01-17 13:45:00,1768657500000,5.395,5.398,5.383,5.387,9131.8
2026-01-17 14:00:00,1768658400000,5.387,5.389,5.376,5.389,18144.7
2026-01-17 14:15:00,1768659300000,5.389,5.392,5.377,5.384,6644.9
2026-01-17 14:30:00,1768660200000,5.384,5.424,5.382,5.404,43312.5
2026-01-17 14:45:00,1768661100000,5.404,5.417,5.4,5.416,24386.5
2026-01-17 15:00:00,1768662000000,5.416,5.439,5.413,5.43,45757.3
2026-01-17 15:15:00,1768662900000,5.43,5.431,5.402,5.405,21563.3
2026-01-17 15:30:00,1768663800000,5.405,5.432,5.401,5.424,29455.0
2026-01-17 15:45:00,1768664700000,5.424,5.431,5.417,5.429,10827.7
2026-01-17 16:00:00,1768665600000,5.429,5.434,5.422,5.433,36209.2
2026-01-17 16:15:00,1768666500000,5.433,5.437,5.393,5.411,65036.5
2026-01-17 16:30:00,1768667400000,5.411,5.411,5.372,5.379,46657.9
2026-01-17 16:45:00,1768668300000,5.379,5.386,5.368,5.384,34059.2
2026-01-17 17:00:00,1768669200000,5.384,5.399,5.374,5.393,9877.6
2026-01-17 17:15:00,1768670100000,5.393,5.397,5.383,5.386,11366.1
2026-01-17 17:30:00,1768671000000,5.386,5.388,5.371,5.376,15863.1
2026-01-17 17:45:00,1768671900000,5.376,5.378,5.364,5.375,30144.6
2026-01-17 18:00:00,1768672800000,5.375,5.382,5.367,5.376,19760.1
2026-01-17 18:15:00,1768673700000,5.376,5.387,5.376,5.38,13529.6
2026-01-17 18:30:00,1768674600000,5.38,5.383,5.374,5.374,1939.7
2026-01-17 18:45:00,1768675500000,5.374,5.38,5.372,5.38,14490.4
2026-01-17 19:00:00,1768676400000,5.38,5.404,5.379,5.4,32287.5
2026-01-17 19:15:00,1768677300000,5.4,5.404,5.396,5.402,18103.9
2026-01-17 19:30:00,1768678200000,5.402,5.402,5.384,5.388,9257.3
2026-01-17 19:45:00,1768679100000,5.388,5.388,5.378,5.387,15194.3
2026-01-17 20:00:00,1768680000000,5.387,5.397,5.384,5.392,12829.4
2026-01-17 20:15:00,1768680900000,5.392,5.405,5.392,5.392,16100.1
2026-01-17 20:30:00,1768681800000,5.392,5.392,5.382,5.384,4253.0
2026-01-17 20:45:00,1768682700000,5.384,5.392,5.383,5.389,6522.5
2026-01-17 21:00:00,1768683600000,5.389,5.389,5.375,5.377,9875.6
2026-01-17 21:15:00,1768684500000,5.377,5.394,5.375,5.39,13187.8
2026-01-17 21:30:00,1768685400000,5.39,5.39,5.376,5.385,12024.6
2026-01-17 21:45:00,1768686300000,5.385,5.393,5.385,5.393,4378.2
2026-01-17 22:00:00,1768687200000,5.393,5.393,5.366,5.375,44313.0
2026-01-17 22:15:00,1768688100000,5.375,5.381,5.356,5.362,29781.9
2026-01-17 22:30:00,1768689000000,5.362,5.364,5.338,5.356,50179.3
2026-01-17 22:45:00,1768689900000,5.356,5.36,5.338,5.355,7905.2
2026-01-17 23:00:00,1768690800000,5.355,5.361,5.348,5.356,9059.5
2026-01-17 23:15:00,1768691700000,5.356,5.358,5.342,5.346,7714.9
2026-01-17 23:30:00,1768692600000,5.346,5.356,5.342,5.355,7144.9
2026-01-17 23:45:00,1768693500000,5.355,5.355,5.344,5.347,8827.8
2026-01-18 00:00:00,1768694400000,5.347,5.379,5.343,5.373,30207.2
2026-01-18 00:15:00,1768695300000,5.373,5.383,5.37,5.37,16917.7
2026-01-18 00:30:00,1768696200000,5.37,5.384,5.353,5.358,12681.1
2026-01-18 00:45:00,1768697100000,5.358,5.367,5.35,5.365,16794.5
2026-01-18 01:00:00,1768698000000,5.365,5.369,5.32,5.327,81987.5
2026-01-18 01:15:00,1768698900000,5.327,5.344,5.321,5.333,25556.7
2026-01-18 01:30:00,1768699800000,5.333,5.338,5.312,5.314,22421.1
2026-01-18 01:45:00,1768700700000,5.314,5.315,5.277,5.301,93668.8
2026-01-18 02:00:00,1768701600000,5.301,5.329,5.3,5.325,28732.2
2026-01-18 02:15:00,1768702500000,5.325,5.338,5.313,5.318,19790.2
2026-01-18 02:30:00,1768703400000,5.318,5.319,5.293,5.306,41176.4
2026-01-18 02:45:00,1768704300000,5.306,5.311,5.298,5.306,5270.3
2026-01-18 03:00:00,1768705200000,5.306,5.321,5.305,5.318,10336.3
2026-01-18 03:15:00,1768706100000,5.318,5.326,5.315,5.324,12950.7
2026-01-18 03:30:00,1768707000000,5.324,5.343,5.324,5.337,15240.7
2026-01-18 03:45:00,1768707900000,5.337,5.341,5.326,5.327,17735.1
2026-01-18 04:00:00,1768708800000,5.327,5.331,5.312,5.321,24277.3
2026-01-18 04:15:00,1768709700000,5.321,5.324,5.311,5.32,22779.1
2026-01-18 04:30:00,1768710600000,5.32,5.324,5.312,5.319,5233.5
2026-01-18 04:45:00,1768711500000,5.319,5.325,5.317,5.322,3751.7
2026-01-18 05:00:00,1768712400000,5.322,5.322,5.309,5.322,6524.6
2026-01-18 05:15:00,1768713300000,5.322,5.325,5.317,5.318,4760.0
2026-01-18 05:30:00,1768714200000,5.318,5.318,5.305,5.313,13997.1
2026-01-18 05:45:00,1768715100000,5.313,5.324,5.309,5.324,14599.3
2026-01-18 06:00:00,1768716000000,5.324,5.337,5.32,5.33,14722.3
2026-01-18 06:15:00,1768716900000,5.33,5.33,5.316,5.317,3393.6
2026-01-18 06:30:00,1768717800000,5.317,5.318,5.306,5.313,11697.7
2026-01-18 06:45:00,1768718700000,5.313,5.32,5.304,5.31,22432.5
2026-01-18 07:00:00,1768719600000,5.31,5.31,5.286,5.289,14537.4
2026-01-18 07:15:00,1768720500000,5.289,5.307,5.287,5.307,11737.5
2026-01-18 07:30:00,1768721400000,5.307,5.314,5.294,5.313,8343.6
2026-01-18 07:45:00,1768722300000,5.313,5.321,5.305,5.308,8963.1
2026-01-18 08:00:00,1768723200000,5.308,5.313,5.301,5.311,10949.5
2026-01-18 08:15:00,1768724100000,5.311,5.317,5.308,5.311,9136.3
2026-01-18 08:30:00,1768725000000,5.311,5.32,5.307,5.316,15250.1
2026-01-18 08:45:00,1768725900000,5.316,5.324,5.307,5.316,11318.1
2026-01-18 09:00:00,1768726800000,5.316,5.323,5.311,5.315,6932.3
2026-01-18 09:15:00,1768727700000,5.315,5.319,5.307,5.312,6170.6
2026-01-18 09:30:00,1768728600000,5.312,5.322,5.31,5.315,8366.8
2026-01-18 09:45:00,1768729500000,5.315,5.327,5.31,5.325,14813.2
2026-01-18 10:00:00,1768730400000,5.325,5.328,5.303,5.311,31173.3
2026-01-18 10:15:00,1768731300000,5.311,5.316,5.309,5.311,6613.8
2026-01-18 10:30:00,1768732200000,5.311,5.315,5.306,5.313,4872.1
2026-01-18 10:45:00,1768733100000,5.313,5.317,5.303,5.316,6539.0
2026-01-18 11:00:00,1768734000000,5.316,5.318,5.307,5.315,12520.8
2026-01-18 11:15:00,1768734900000,5.315,5.317,5.312,5.312,2176.5
2026-01-18 11:30:00,1768735800000,5.312,5.324,5.31,5.323,13546.1
2026-01-18 11:45:00,1768736700000,5.323,5.33,5.318,5.323,12580.5
2026-01-18 12:00:00,1768737600000,5.323,5.323,5.313,5.321,7961.4
2026-01-18 12:15:00,1768738500000,5.321,5.324,5.315,5.321,4817.5
2026-01-18 12:30:00,1768739400000,5.321,5.321,5.307,5.315,11554.4
2026-01-18 12:45:00,1768740300000,5.315,5.317,5.293,5.298,29544.0
2026-01-18 13:00:00,1768741200000,5.298,5.302,5.25,5.279,152733.3
2026-01-18 13:15:00,1768742100000,5.279,5.285,5.268,5.274,18712.9
2026-01-18 13:30:00,1768743000000,5.274,5.297,5.271,5.292,29361.3
2026-01-18 13:45:00,1768743900000,5.292,5.295,5.283,5.284,14666.9
2026-01-18 14:00:00,1768744800000,5.284,5.291,5.271,5.289,16957.1
2026-01-18 14:15:00,1768745700000,5.289,5.317,5.289,5.293,74400.3
2026-01-18 14:30:00,1768746600000,5.293,5.306,5.279,5.279,23462.8
2026-01-18 14:45:00,1768747500000,5.279,5.285,5.261,5.266,24451.1
2026-01-18 15:00:00,1768748400000,5.266,5.273,5.254,5.272,25071.6
2026-01-18 15:15:00,1768749300000,5.272,5.289,5.268,5.286,9122.0
2026-01-18 15:30:00,1768750200000,5.286,5.313,5.286,5.313,20263.9
2026-01-18 15:45:00,1768751100000,5.313,5.333,5.305,5.333,39205.8
2026-01-18 16:00:00,1768752000000,5.333,5.357,5.325,5.352,57354.0
2026-01-18 16:15:00,1768752900000,5.352,5.375,5.34,5.348,53384.1
2026-01-18 16:30:00,1768753800000,5.348,5.355,5.342,5.351,7829.1
2026-01-18 16:45:00,1768754700000,5.351,5.351,5.332,5.34,10811.8
2026-01-18 17:00:00,1768755600000,5.34,5.353,5.325,5.327,27203.2
2026-01-18 17:15:00,1768756500000,5.327,5.353,5.327,5.35,30607.4
2026-01-18 17:30:00,1768757400000,5.35,5.36,5.333,5.336,29197.9
2026-01-18 17:45:00,1768758300000,5.336,5.356,5.335,5.353,33023.5
2026-01-18 18:00:00,1768759200000,5.353,5.355,5.343,5.354,14916.9
2026-01-18 18:15:00,1768760100000,5.354,5.387,5.351,5.386,30570.5
2026-01-18 18:30:00,1768761000000,5.386,5.391,5.373,5.376,48029.1
2026-01-18 18:45:00,1768761900000,5.376,5.393,5.373,5.378,22371.8
2026-01-18 19:00:00,1768762800000,5.378,5.386,5.369,5.37,16416.7
2026-01-18 19:15:00,1768763700000,5.37,5.374,5.36,5.361,13949.2
2026-01-18 19:30:00,1768764600000,5.361,5.363,5.348,5.358,12728.2
2026-01-18 19:45:00,1768765500000,5.358,5.359,5.34,5.353,13077.0
2026-01-18 20:00:00,1768766400000,5.353,5.353,5.34,5.346,7145.9
2026-01-18 20:15:00,1768767300000,5.346,5.379,5.346,5.378,12261.5
2026-01-18 20:30:00,1768768200000,5.378,5.382,5.354,5.362,34283.5
2026-01-18 20:45:00,1768769100000,5.362,5.366,5.358,5.363,2080.1
2026-01-18 21:00:00,1768770000000,5.363,5.37,5.359,5.366,7170.4
2026-01-18 21:15:00,1768770900000,5.366,5.367,5.356,5.36,5109.4
2026-01-18 21:30:00,1768771800000,5.36,5.362,5.355,5.355,9557.3
2026-01-18 21:45:00,1768772700000,5.355,5.366,5.351,5.362,6208.7
2026-01-18 22:00:00,1768773600000,5.362,5.384,5.361,5.372,38064.4
2026-01-18 22:15:00,1768774500000,5.372,5.372,5.35,5.357,9787.9
2026-01-18 22:30:00,1768775400000,5.357,5.367,5.351,5.356,10628.8
2026-01-18 22:45:00,1768776300000,5.356,5.364,5.355,5.36,3183.2
2026-01-18 23:00:00,1768777200000,5.36,5.36,5.287,5.294,115928.5
2026-01-18 23:15:00,1768778100000,5.294,5.3,5.214,5.217,124492.8
2026-01-18 23:30:00,1768779000000,5.217,5.242,5.168,5.18,192108.5
2026-01-18 23:45:00,1768779900000,5.18,5.18,5.085,5.092,518329.6
2026-01-19 00:00:00,1768780800000,5.092,5.092,4.587,4.857,3532877.6
2026-01-19 00:15:00,1768781700000,4.857,4.905,4.828,4.87,773508.6
2026-01-19 00:30:00,1768782600000,4.87,4.94,4.842,4.928,348559.0
2026-01-19 00:45:00,1768783500000,4.928,4.944,4.902,4.914,141022.7
2026-01-19 01:00:00,1768784400000,4.914,4.963,4.886,4.952,140081.1
2026-01-19 01:15:00,1768785300000,4.952,4.966,4.93,4.941,68298.8
2026-01-19 01:30:00,1768786200000,4.941,4.971,4.939,4.941,80068.4
2026-01-19 01:45:00,1768787100000,4.941,4.955,4.928,4.949,69351.7
2026-01-19 02:00:00,1768788000000,4.949,4.963,4.931,4.957,56856.2
2026-01-19 02:15:00,1768788900000,4.957,4.997,4.954,4.973,52112.6
2026-01-19 02:30:00,1768789800000,4.973,4.979,4.967,4.974,18889.9
2026-01-19 02:45:00,1768790700000,4.974,4.978,4.965,4.974,19486.9
2026-01-19 03:00:00,1768791600000,4.974,5.018,4.967,5.009,434311.3
2026-01-19 03:15:00,1768792500000,5.009,5.015,4.991,5.003,168484.0
2026-01-19 03:30:00,1768793400000,5.003,5.022,4.996,5.015,57179.1
2026-01-19 03:45:00,1768794300000,5.015,5.03,5.014,5.02,14213.5
2026-01-19 04:00:00,1768795200000,5.02,5.036,5.013,5.013,36074.4
2026-01-19 04:15:00,1768796100000,5.013,5.013,4.989,4.995,77912.6
2026-01-19 04:30:00,1768797000000,4.995,5.001,4.987,4.991,31334.2
2026-01-19 04:45:00,1768797900000,4.991,4.997,4.978,4.989,42115.3
2026-01-19 05:00:00,1768798800000,4.989,5.0,4.976,4.977,26675.9
2026-01-19 05:15:00,1768799700000,4.977,4.977,4.961,4.966,58152.5
2026-01-19 05:30:00,1768800600000,4.966,4.992,4.966,4.97,83630.6
2026-01-19 05:45:00,1768801500000,4.97,4.983,4.954,4.966,56995.6
2026-01-19 06:00:00,1768802400000,4.966,4.975,4.951,4.952,52292.9
2026-01-19 06:15:00,1768803300000,4.952,4.991,4.947,4.984,60439.3
2026-01-19 06:30:00,1768804200000,4.984,4.989,4.958,4.961,84592.1
2026-01-19 06:45:00,1768805100000,4.961,4.985,4.96,4.985,41481.7
2026-01-19 07:00:00,1768806000000,4.985,4.995,4.975,4.986,65846.4
2026-01-19 07:15:00,1768806900000,4.986,4.994,4.978,4.98,70643.4
2026-01-19 07:30:00,1768807800000,4.98,4.98,4.962,4.971,127488.0
2026-01-19 07:45:00,1768808700000,4.971,4.973,4.957,4.961,37789.9
2026-01-19 08:00:00,1768809600000,4.961,4.962,4.941,4.941,41423.3
2026-01-19 08:15:00,1768810500000,4.941,4.977,4.94,4.954,58893.1
2026-01-19 08:30:00,1768811400000,4.954,4.979,4.932,4.968,180564.3
2026-01-19 08:45:00,1768812300000,4.968,4.993,4.968,4.977,47517.6
2026-01-19 09:00:00,1768813200000,4.977,4.977,4.963,4.965,25020.2
2026-01-19 09:15:00,1768814100000,4.965,4.983,4.964,4.982,22804.4
2026-01-19 09:30:00,1768815000000,4.982,4.992,4.978,4.986,14548.6
2026-01-19 09:45:00,1768815900000,4.986,4.995,4.983,4.994,23518.5
2026-01-19 10:00:00,1768816800000,4.994,4.997,4.971,4.981,29951.1
2026-01-19 10:15:00,1768817700000,4.981,4.993,4.969,4.971,30148.9
2026-01-19 10:30:00,1768818600000,4.971,4.987,4.965,4.983,38763.1
2026-01-19 10:45:00,1768819500000,4.983,4.986,4.97,4.971,9995.6
2026-01-19 11:00:00,1768820400000,4.971,4.977,4.969,4.974,14085.8
2026-01-19 11:15:00,1768821300000,4.974,4.995,4.967,4.99,55402.5
2026-01-19 11:30:00,1768822200000,4.99,5.014,4.986,5.011,29310.0
2026-01-19 11:45:00,1768823100000,5.011,5.018,4.992,4.993,15283.1
2026-01-19 12:00:00,1768824000000,4.993,4.994,4.969,4.973,52660.8
2026-01-19 12:15:00,1768824900000,4.973,4.986,4.968,4.975,31961.9
2026-01-19 12:30:00,1768825800000,4.975,4.996,4.975,4.985,16882.2
2026-01-19 12:45:00,1768826700000,4.985,5.016,4.979,4.979,95017.3
2026-01-19 13:00:00,1768827600000,4.979,4.997,4.971,4.991,19800.4
2026-01-19 13:15:00,1768828500000,4.991,4.998,4.972,4.973,13279.4
2026-01-19 13:30:00,1768829400000,4.973,4.997,4.97,4.984,19325.9
2026-01-19 13:45:00,1768830300000,4.984,4.991,4.977,4.98,11043.5
2026-01-19 14:00:00,1768831200000,4.98,4.987,4.966,4.985,28354.3
2026-01-19 14:15:00,1768832100000,4.985,5.003,4.984,4.986,17265.8
2026-01-19 14:30:00,1768833000000,4.986,5.0,4.983,4.991,18483.5
2026-01-19 14:45:00,1768833900000,4.991,4.998,4.984,4.992,13100.8
2026-01-19 15:00:00,1768834800000,4.992,5.005,4.992,5.005,13626.7
2026-01-19 15:15:00,1768835700000,5.005,5.005,4.981,4.985,9507.3
2026-01-19 15:30:00,1768836600000,4.985,4.991,4.972,4.977,23170.7
2026-01-19 15:45:00,1768837500000,4.977,4.98,4.971,4.973,7728.8
2026-01-19 16:00:00,1768838400000,4.973,4.988,4.97,4.983,23880.4
2026-01-19 16:15:00,1768839300000,4.983,5.011,4.982,5.004,10923.3
2026-01-19 16:30:00,1768840200000,5.004,5.008,4.993,4.998,20507.1
2026-01-19 16:45:00,1768841100000,4.998,5.018,4.989,5.013,64268.6
2026-01-19 17:00:00,1768842000000,5.013,5.015,4.996,5.003,27947.6
2026-01-19 17:15:00,1768842900000,5.003,5.013,5.0,5.007,9400.9
2026-01-19 17:30:00,1768843800000,5.007,5.008,4.994,5.0,11913.7
2026-01-19 17:45:00,1768844700000,5.0,5.006,4.996,5.001,7916.8
2026-01-19 18:00:00,1768845600000,5.001,5.001,4.984,4.985,50012.5
2026-01-19 18:15:00,1768846500000,4.985,4.996,4.978,4.979,46961.4
2026-01-19 18:30:00,1768847400000,4.979,4.998,4.979,4.998,8433.5
2026-01-19 18:45:00,1768848300000,4.998,5.002,4.99,4.999,7131.3
2026-01-19 19:00:00,1768849200000,4.999,5.018,4.999,5.013,27189.1
2026-01-19 19:15:00,1768850100000,5.013,5.046,5.011,5.033,54119.7
2026-01-19 19:30:00,1768851000000,5.033,5.037,5.023,5.034,39590.2
2026-01-19 19:45:00,1768851900000,5.034,5.037,5.025,5.031,11791.3
2026-01-19 20:00:00,1768852800000,5.031,5.041,5.028,5.03,14914.5
2026-01-19 20:15:00,1768853700000,5.03,5.046,5.023,5.045,30321.8
2026-01-19 20:30:00,1768854600000,5.045,5.046,5.027,5.028,6911.0
2026-01-19 20:45:00,1768855500000,5.028,5.035,5.022,5.026,9210.3
2026-01-19 21:00:00,1768856400000,5.026,5.042,5.02,5.024,14329.2
2026-01-19 21:15:00,1768857300000,5.024,5.024,5.006,5.009,18423.0
2026-01-19 21:30:00,1768858200000,5.009,5.014,5.002,5.012,6301.2
2026-01-19 21:45:00,1768859100000,5.012,5.012,4.996,4.996,22931.7
2026-01-19 22:00:00,1768860000000,4.996,5.004,4.977,4.987,55373.4
2026-01-19 22:15:00,1768860900000,4.987,5.009,4.986,5.003,11560.8
2026-01-19 22:30:00,1768861800000,5.003,5.003,4.977,4.98,28082.8
2026-01-19 22:45:00,1768862700000,4.98,4.989,4.97,4.972,22012.2
2026-01-19 23:00:00,1768863600000,4.972,4.995,4.968,4.984,68266.4
2026-01-19 23:15:00,1768864500000,4.984,5.0,4.975,4.998,30508.1
2026-01-19 23:30:00,1768865400000,4.998,5.029,4.998,5.023,27454.2
2026-01-19 23:45:00,1768866300000,5.023,5.031,5.015,5.023,23386.6
2026-01-20 00:00:00,1768867200000,5.023,5.025,5.0,5.004,53295.5
2026-01-20 00:15:00,1768868100000,5.004,5.008,4.995,5.005,36064.8
2026-01-20 00:30:00,1768869000000,5.005,5.012,4.997,5.005,14148.6
2026-01-20 00:45:00,1768869900000,5.005,5.006,4.985,4.992,28363.5
2026-01-20 01:00:00,1768870800000,4.992,4.998,4.976,4.992,19883.9
2026-01-20 01:15:00,1768871700000,4.992,5.024,4.991,5.02,24191.2
2026-01-20 01:30:00,1768872600000,5.02,5.022,4.999,5.0,9148.3
2026-01-20 01:45:00,1768873500000,5.0,5.023,5.0,5.014,42220.0
2026-01-20 02:00:00,1768874400000,5.014,5.016,4.988,4.989,44427.1
2026-01-20 02:15:00,1768875300000,4.989,4.998,4.984,4.993,15152.2
2026-01-20 02:30:00,1768876200000,4.993,5.009,4.991,5.007,10884.4
2026-01-20 02:45:00,1768877100000,5.007,5.019,5.006,5.015,28156.9
2026-01-20 03:00:00,1768878000000,5.015,5.022,5.005,5.012,14315.6
2026-01-20 03:15:00,1768878900000,5.012,5.015,5.0,5.002,16505.6
2026-01-20 03:30:00,1768879800000,5.002,5.002,4.984,5.0,33708.0
2026-01-20 03:45:00,1768880700000,5.0,5.004,4.995,4.997,6148.1
2026-01-20 04:00:00,1768881600000,4.997,4.997,4.983,4.985,9243.6
2026-01-20 04:15:00,1768882500000,4.985,4.99,4.981,4.989,13994.5
2026-01-20 04:30:00,1768883400000,4.989,5.003,4.983,4.988,12194.7
2026-01-20 04:45:00,1768884300000,4.988,4.998,4.977,4.978,25911.3
2026-01-20 05:00:00,1768885200000,4.978,4.998,4.948,4.96,150505.5
2026-01-20 05:15:00,1768886100000,4.96,4.979,4.944,4.962,86661.1
2026-01-20 05:30:00,1768887000000,4.962,4.969,4.952,4.956,21654.9
2026-01-20 05:45:00,1768887900000,4.956,4.979,4.955,4.968,35812.3
2026-01-20 06:00:00,1768888800000,4.968,4.97,4.949,4.952,5553.0
2026-01-20 06:15:00,1768889700000,4.952,4.958,4.909,4.957,149409.4
2026-01-20 06:30:00,1768890600000,4.957,5.0,4.925,4.965,604066.0
2026-01-20 06:45:00,1768891500000,4.965,4.966,4.941,4.954,112079.8
2026-01-20 07:00:00,1768892400000,4.954,4.97,4.947,4.97,33119.8
2026-01-20 07:15:00,1768893300000,4.97,4.978,4.961,4.975,58735.4
2026-01-20 07:30:00,1768894200000,4.975,4.978,4.963,4.971,18148.3
2026-01-20 07:45:00,1768895100000,4.971,4.971,4.939,4.939,77637.4
2026-01-20 08:00:00,1768896000000,4.939,4.95,4.905,4.918,114537.3
2026-01-20 08:15:00,1768896900000,4.918,4.934,4.912,4.922,59179.5
2026-01-20 08:30:00,1768897800000,4.922,4.923,4.87,4.885,175863.2
2026-01-20 08:45:00,1768898700000,4.885,4.907,4.877,4.907,95398.0
2026-01-20 09:00:00,1768899600000,4.907,4.91,4.898,4.907,47540.8
2026-01-20 09:15:00,1768900500000,4.907,4.909,4.893,4.899,19266.6
2026-01-20 09:30:00,1768901400000,4.899,4.901,4.883,4.888,21621.0
2026-01-20 09:45:00,1768902300000,4.888,4.904,4.884,4.9,12501.8
2026-01-20 10:00:00,1768903200000,4.9,4.926,4.899,4.924,32859.5
2026-01-20 10:15:00,1768904100000,4.924,4.925,4.91,4.922,28765.7
2026-01-20 10:30:00,1768905000000,4.922,4.926,4.91,4.911,12364.5
2026-01-20 10:45:00,1768905900000,4.911,4.919,4.908,4.914,7870.5
2026-01-20 11:00:00,1768906800000,4.914,4.934,4.914,4.917,33862.3
2026-01-20 11:15:00,1768907700000,4.917,4.922,4.907,4.915,19339.5
2026-01-20 11:30:00,1768908600000,4.915,4.915,4.888,4.899,15788.9
2026-01-20 11:45:00,1768909500000,4.899,4.901,4.889,4.892,15035.9
2026-01-20 12:00:00,1768910400000,4.892,4.915,4.887,4.909,31363.1
2026-01-20 12:15:00,1768911300000,4.909,4.916,4.898,4.913,24258.9
2026-01-20 12:30:00,1768912200000,4.913,4.917,4.903,4.916,8617.5
2026-01-20 12:45:00,1768913100000,4.916,4.922,4.91,4.913,14237.9
2026-01-20 13:00:00,1768914000000,4.913,4.919,4.884,4.887,47685.6
2026-01-20 13:15:00,1768914900000,4.887,4.893,4.872,4.873,125149.3
2026-01-20 13:30:00,1768915800000,4.873,4.884,4.855,4.858,152515.6
2026-01-20 13:45:00,1768916700000,4.858,4.859,4.778,4.794,341653.3
2026-01-20 14:00:00,1768917600000,4.794,4.825,4.792,4.812,143888.7
2026-01-20 14:15:00,1768918500000,4.812,4.826,4.798,4.821,74842.7
2026-01-20 14:30:00,1768919400000,4.821,4.879,4.808,4.858,134449.5
2026-01-20 14:45:00,1768920300000,4.858,4.858,4.817,4.831,117596.9
2026-01-20 15:00:00,1768921200000,4.831,4.834,4.758,4.796,260246.9
2026-01-20 15:15:00,1768922100000,4.796,4.824,4.783,4.818,105215.2
2026-01-20 15:30:00,1768923000000,4.818,4.829,4.798,4.8,49973.3
2026-01-20 15:45:00,1768923900000,4.8,4.805,4.778,4.805,87602.0
2026-01-20 16:00:00,1768924800000,4.805,4.835,4.803,4.826,73150.8
2026-01-20 16:15:00,1768925700000,4.826,4.834,4.794,4.799,33581.4
2026-01-20 16:30:00,1768926600000,4.799,4.804,4.744,4.746,88565.5
2026-01-20 16:45:00,1768927500000,4.746,4.77,4.733,4.761,94292.1
2026-01-20 17:00:00,1768928400000,4.761,4.808,4.752,4.794,66715.9
2026-01-20 17:15:00,1768929300000,4.794,4.796,4.769,4.773,31558.9
2026-01-20 17:30:00,1768930200000,4.773,4.777,4.739,4.753,70625.8
2026-01-20 17:45:00,1768931100000,4.753,4.76,4.722,4.749,92609.2
2026-01-20 18:00:00,1768932000000,4.749,4.764,4.745,4.754,66742.0
2026-01-20 18:15:00,1768932900000,4.754,4.755,4.724,4.735,42326.8
2026-01-20 18:30:00,1768933800000,4.735,4.743,4.71,4.724,42980.4
2026-01-20 18:45:00,1768934700000,4.724,4.74,4.715,4.737,25033.5
2026-01-20 19:00:00,1768935600000,4.737,4.767,4.737,4.751,19010.0
2026-01-20 19:15:00,1768936500000,4.751,4.761,4.742,4.743,7319.1
2026-01-20 19:30:00,1768937400000,4.743,4.756,4.734,4.752,19512.0
2026-01-20 19:45:00,1768938300000,4.752,4.764,4.746,4.761,12239.2
2026-01-20 20:00:00,1768939200000,4.761,4.767,4.749,4.756,13825.1
2026-01-20 20:15:00,1768940100000,4.756,4.796,4.756,4.79,82793.4
2026-01-20 20:30:00,1768941000000,4.79,4.791,4.777,4.786,21963.4
2026-01-20 20:45:00,1768941900000,4.786,4.803,4.785,4.794,28505.6
2026-01-20 21:00:00,1768942800000,4.794,4.803,4.786,4.787,16657.2
2026-01-20 21:15:00,1768943700000,4.787,4.787,4.771,4.774,11958.9
2026-01-20 21:30:00,1768944600000,4.774,4.774,4.76,4.765,13296.1
2026-01-20 21:45:00,1768945500000,4.765,4.769,4.756,4.762,26072.1
2026-01-20 22:00:00,1768946400000,4.762,4.773,4.758,4.772,29763.4
2026-01-20 22:15:00,1768947300000,4.772,4.797,4.772,4.786,51130.2
2026-01-20 22:30:00,1768948200000,4.786,4.789,4.687,4.776,422040.5
2026-01-20 22:45:00,1768949100000,4.776,4.785,4.768,4.777,46924.9
2026-01-20 23:00:00,1768950000000,4.777,4.794,4.753,4.792,72654.3
2026-01-20 23:15:00,1768950900000,4.792,4.807,4.775,4.798,115255.1
2026-01-20 23:30:00,1768951800000,4.798,4.817,4.795,4.814,60350.9
2026-01-20 23:45:00,1768952700000,4.814,4.817,4.786,4.798,35473.4
2026-01-21 00:00:00,1768953600000,4.798,4.831,4.789,4.802,67976.4
2026-01-21 00:15:00,1768954500000,4.802,4.831,4.789,4.817,64878.9
2026-01-21 00:30:00,1768955400000,4.817,4.847,4.805,4.844,53157.8
2026-01-21 00:45:00,1768956300000,4.844,4.864,4.839,4.858,53096.6
2026-01-21 01:00:00,1768957200000,4.858,4.885,4.855,4.882,41716.4
2026-01-21 01:15:00,1768958100000,4.882,4.892,4.869,4.892,37389.2
2026-01-21 01:30:00,1768959000000,4.892,4.903,4.874,4.882,47121.2
2026-01-21 01:45:00,1768959900000,4.882,4.89,4.87,4.882,12350.7
2026-01-21 02:00:00,1768960800000,4.882,4.908,4.882,4.905,23106.6
2026-01-21 02:15:00,1768961700000,4.905,4.922,4.899,4.9,40584.3
2026-01-21 02:30:00,1768962600000,4.9,4.905,4.887,4.9,17989.2
2026-01-21 02:45:00,1768963500000,4.9,4.912,4.898,4.905,11379.8
2026-01-21 03:00:00,1768964400000,4.905,4.921,4.904,4.919,11451.3
2026-01-21 03:15:00,1768965300000,4.919,4.935,4.914,4.93,23205.2
2026-01-21 03:30:00,1768966200000,4.93,4.938,4.909,4.936,26627.8
2026-01-21 03:45:00,1768967100000,4.936,4.938,4.918,4.918,19758.6
2026-01-21 04:00:00,1768968000000,4.918,4.929,4.91,4.912,18694.2
2026-01-21 04:15:00,1768968900000,4.912,4.926,4.911,4.926,12996.5
2026-01-21 04:30:00,1768969800000,4.926,4.929,4.914,4.926,29521.1
2026-01-21 04:45:00,1768970700000,4.926,4.926,4.916,4.916,10703.4
2026-01-21 05:00:00,1768971600000,4.916,4.942,4.914,4.941,16481.8
2026-01-21 05:15:00,1768972500000,4.941,4.942,4.929,4.936,6863.9
2026-01-21 05:30:00,1768973400000,4.936,4.951,4.927,4.948,37149.7
2026-01-21 05:45:00,1768974300000,4.948,4.961,4.944,4.948,25349.5
2026-01-21 06:00:00,1768975200000,4.948,4.949,4.93,4.934,16588.1
2026-01-21 06:15:00,1768976100000,4.934,4.935,4.92,4.925,8972.5
2026-01-21 06:30:00,1768977000000,4.925,4.925,4.904,4.908,27044.3
2026-01-21 06:45:00,1768977900000,4.908,4.912,4.9,4.911,13292.5
2026-01-21 07:00:00,1768978800000,4.911,4.917,4.891,4.908,65697.2
2026-01-21 07:15:00,1768979700000,4.908,4.92,4.908,4.917,18231.9
2026-01-21 07:30:00,1768980600000,4.917,4.917,4.886,4.889,26958.2
2026-01-21 07:45:00,1768981500000,4.889,4.89,4.87,4.882,97796.1
2026-01-21 08:00:00,1768982400000,4.882,4.885,4.873,4.874,29372.4
2026-01-21 08:15:00,1768983300000,4.874,4.889,4.874,4.874,15222.6
2026-01-21 08:30:00,1768984200000,4.874,4.877,4.846,4.853,38552.9
2026-01-21 08:45:00,1768985100000,4.853,4.871,4.85,4.867,29875.1
2026-01-21 09:00:00,1768986000000,4.867,4.872,4.856,4.867,12619.1
2026-01-21 09:15:00,1768986900000,4.867,4.895,4.867,4.889,34729.8
2026-01-21 09:30:00,1768987800000,4.889,4.894,4.88,4.892,26490.7
2026-01-21 09:45:00,1768988700000,4.892,4.894,4.873,4.875,25135.9
2026-01-21 10:00:00,1768989600000,4.875,4.897,4.873,4.885,26713.4
2026-01-21 10:15:00,1768990500000,4.885,4.893,4.885,4.888,8848.8
2026-01-21 10:30:00,1768991400000,4.888,4.898,4.884,4.891,15544.8
2026-01-21 10:45:00,1768992300000,4.891,4.901,4.889,4.891,11199.7
2026-01-21 11:00:00,1768993200000,4.891,4.899,4.881,4.899,21427.8
2026-01-21 11:15:00,1768994100000,4.899,4.917,4.896,4.911,15142.3
2026-01-21 11:30:00,1768995000000,4.911,4.911,4.892,4.893,16170.5
2026-01-21 11:45:00,1768995900000,4.893,4.895,4.84,4.846,115546.1
2026-01-21 12:00:00,1768996800000,4.846,4.85,4.8,4.817,201009.4
2026-01-21 12:15:00,1768997700000,4.817,4.82,4.783,4.807,246750.0
2026-01-21 12:30:00,1768998600000,4.807,4.846,4.796,4.839,38772.3
2026-01-21 12:45:00,1768999500000,4.839,4.858,4.83,4.853,44117.9
2026-01-21 13:00:00,1769000400000,4.853,4.876,4.847,4.868,26300.9
2026-01-21 13:15:00,1769001300000,4.868,4.868,4.838,4.84,45218.9
2026-01-21 13:30:00,1769002200000,4.84,4.847,4.815,4.818,37296.0
2026-01-21 13:45:00,1769003100000,4.818,4.839,4.805,4.818,40322.4
2026-01-21 14:00:00,1769004000000,4.818,4.906,4.817,4.897,246372.9
2026-01-21 14:15:00,1769004900000,4.897,4.922,4.89,4.913,113837.1
2026-01-21 14:30:00,1769005800000,4.913,4.945,4.899,4.935,122237.2
2026-01-21 14:45:00,1769006700000,4.935,4.945,4.909,4.932,62791.7
2026-01-21 15:00:00,1769007600000,4.932,4.962,4.927,4.958,67583.8
2026-01-21 15:15:00,1769008500000,4.958,4.996,4.941,4.942,154177.3
2026-01-21 15:30:00,1769009400000,4.942,4.947,4.916,4.944,52571.2
2026-01-21 15:45:00,1769010300000,4.944,4.977,4.936,4.968,33884.3
2026-01-21 16:00:00,1769011200000,4.968,4.973,4.953,4.958,28276.5
2026-01-21 16:15:00,1769012100000,4.958,4.96,4.924,4.945,108919.8
2026-01-21 16:30:00,1769013000000,4.945,4.954,4.823,4.825,169984.4
2026-01-21 16:45:00,1769013900000,4.825,4.876,4.795,4.801,125973.1
2026-01-21 17:00:00,1769014800000,4.801,4.851,4.771,4.774,250550.1
2026-01-21 17:15:00,1769015700000,4.774,4.811,4.76,4.791,121074.0
2026-01-21 17:30:00,1769016600000,4.791,4.815,4.754,4.8,75671.4
2026-01-21 17:45:00,1769017500000,4.8,4.825,4.791,4.819,49492.3
2026-01-21 18:00:00,1769018400000,4.819,4.853,4.801,4.839,44409.4
2026-01-21 18:15:00,1769019300000,4.839,4.846,4.821,4.829,32635.9
2026-01-21 18:30:00,1769020200000,4.829,4.848,4.825,4.841,22878.8
2026-01-21 18:45:00,1769021100000,4.841,4.887,4.837,4.862,42768.7
2026-01-21 19:00:00,1769022000000,4.862,4.88,4.843,4.855,36016.4
2026-01-21 19:15:00,1769022900000,4.855,4.955,4.853,4.954,110262.4
2026-01-21 19:30:00,1769023800000,4.954,5.024,4.942,5.02,225606.4
2026-01-21 19:45:00,1769024700000,5.02,5.061,5.017,5.058,150238.6
2026-01-21 20:00:00,1769025600000,5.058,5.065,5.009,5.011,71844.6
2026-01-21 20:15:00,1769026500000,5.011,5.012,4.968,4.979,73781.6
2026-01-21 20:30:00,1769027400000,4.979,4.992,4.97,4.978,36541.4
2026-01-21 20:45:00,1769028300000,4.978,5.018,4.977,5.017,33138.3
2026-01-21 21:00:00,1769029200000,5.017,5.031,4.996,5.015,27209.8
2026-01-21 21:15:00,1769030100000,5.015,5.046,4.998,4.999,41445.0
2026-01-21 21:30:00,1769031000000,4.999,5.019,4.999,5.016,18839.0
2026-01-21 21:45:00,1769031900000,5.016,5.022,4.996,4.999,12201.1
2026-01-21 22:00:00,1769032800000,4.999,5.034,4.996,5.006,25233.2
2026-01-21 22:15:00,1769033700000,5.006,5.006,4.98,4.981,19455.8
2026-01-21 22:30:00,1769034600000,4.981,4.983,4.947,4.966,60393.1
2026-01-21 22:45:00,1769035500000,4.966,4.981,4.966,4.969,6636.6
2026-01-21 23:00:00,1769036400000,4.969,4.99,4.961,4.987,28853.5
2026-01-21 23:15:00,1769037300000,4.987,4.987,4.959,4.976,28424.3
2026-01-21 23:30:00,1769038200000,4.976,4.976,4.937,4.937,37831.9
2026-01-21 23:45:00,1769039100000,4.937,4.944,4.921,4.935,31050.3
2026-01-22 00:00:00,1769040000000,4.935,4.959,4.935,4.957,31130.6
2026-01-22 00:15:00,1769040900000,4.957,4.967,4.948,4.962,32788.3
2026-01-22 00:30:00,1769041800000,4.962,4.98,4.962,4.97,19772.1
2026-01-22 00:45:00,1769042700000,4.97,4.98,4.965,4.967,44896.8
2026-01-22 01:00:00,1769043600000,4.967,4.985,4.963,4.97,16818.4
2026-01-22 01:15:00,1769044500000,4.97,4.987,4.97,4.98,11078.0
2026-01-22 01:30:00,1769045400000,4.98,4.981,4.962,4.965,25585.2
2026-01-22 01:45:00,1769046300000,4.965,4.984,4.96,4.98,26383.3
2026-01-22 02:00:00,1769047200000,4.98,4.986,4.97,4.981,23501.7
2026-01-22 02:15:00,1769048100000,4.981,4.991,4.977,4.988,14070.9
2026-01-22 02:30:00,1769049000000,4.988,4.988,4.974,4.985,9015.8
2026-01-22 02:45:00,1769049900000,4.985,4.986,4.959,4.964,7792.4
2026-01-22 03:00:00,1769050800000,4.964,4.982,4.964,4.976,12709.8
2026-01-22 03:15:00,1769051700000,4.976,4.977,4.961,4.966,8362.6
2026-01-22 03:30:00,1769052600000,4.966,4.966,4.935,4.948,19465.6
2026-01-22 03:45:00,1769053500000,4.948,4.951,4.939,4.945,15199.1
2026-01-22 04:00:00,1769054400000,4.945,4.953,4.942,4.945,7866.0
2026-01-22 04:15:00,1769055300000,4.945,4.953,4.943,4.95,7127.0
2026-01-22 04:30:00,1769056200000,4.95,4.963,4.944,4.959,9626.2
2026-01-22 04:45:00,1769057100000,4.959,4.96,4.952,4.953,9734.2
2026-01-22 05:00:00,1769058000000,4.953,4.96,4.948,4.951,10109.9
2026-01-22 05:15:00,1769058900000,4.951,4.954,4.939,4.94,6202.5
2026-01-22 05:30:00,1769059800000,4.94,4.945,4.934,4.942,15580.1
2026-01-22 05:45:00,1769060700000,4.942,4.945,4.929,4.936,6197.6
2026-01-22 06:00:00,1769061600000,4.936,4.947,4.922,4.931,13801.6
2026-01-22 06:15:00,1769062500000,4.931,4.939,4.916,4.919,16615.0
2026-01-22 06:30:00,1769063400000,4.919,4.937,4.918,4.935,9652.6
2026-01-22 06:45:00,1769064300000,4.935,4.944,4.933,4.94,13269.5
2026-01-22 07:00:00,1769065200000,4.94,4.949,4.93,4.93,19862.7
2026-01-22 07:15:00,1769066100000,4.93,4.935,4.917,4.926,10385.5
2026-01-22 07:30:00,1769067000000,4.926,4.939,4.922,4.935,9459.4
2026-01-22 07:45:00,1769067900000,4.935,4.937,4.923,4.925,6179.3
2026-01-22 08:00:00,1769068800000,4.925,4.949,4.923,4.927,34677.0
2026-01-22 08:15:00,1769069700000,4.927,4.936,4.922,4.925,24332.0
2026-01-22 08:30:00,1769070600000,4.925,4.931,4.917,4.925,7430.3
2026-01-22 08:45:00,1769071500000,4.925,4.948,4.924,4.948,20354.4
2026-01-22 09:00:00,1769072400000,4.948,4.962,4.939,4.96,20961.2
2026-01-22 09:15:00,1769073300000,4.96,4.966,4.945,4.946,15880.0
2026-01-22 09:30:00,1769074200000,4.946,4.961,4.946,4.961,11669.6
2026-01-22 09:45:00,1769075100000,4.961,4.964,4.954,4.961,12532.2
2026-01-22 10:00:00,1769076000000,4.961,4.964,4.948,4.953,16095.2
2026-01-22 10:15:00,1769076900000,4.953,4.956,4.946,4.951,26623.5
2026-01-22 10:30:00,1769077800000,4.951,4.954,4.944,4.95,18067.2
2026-01-22 10:45:00,1769078700000,4.95,4.954,4.946,4.948,7044.6
2026-01-22 11:00:00,1769079600000,4.948,4.95,4.932,4.934,9303.1
2026-01-22 11:15:00,1769080500000,4.934,4.937,4.922,4.928,15390.4
2026-01-22 11:30:00,1769081400000,4.928,4.933,4.922,4.929,21445.8
2026-01-22 11:45:00,1769082300000,4.929,4.931,4.908,4.912,43875.3
2026-01-22 12:00:00,1769083200000,4.912,4.92,4.905,4.916,23037.8
2026-01-22 12:15:00,1769084100000,4.916,4.925,4.915,4.925,26808.5
2026-01-22 12:30:00,1769085000000,4.925,4.927,4.914,4.916,17878.3
2026-01-22 12:45:00,1769085900000,4.916,4.919,4.913,4.917,2833.6
2026-01-22 13:00:00,1769086800000,4.917,4.92,4.91,4.913,7066.6
2026-01-22 13:15:00,1769087700000,4.913,4.93,4.913,4.93,8347.5
2026-01-22 13:30:00,1769088600000,4.93,4.947,4.884,4.888,62655.5
2026-01-22 13:45:00,1769089500000,4.888,4.9,4.876,4.892,26521.8
2026-01-22 14:00:00,1769090400000,4.892,4.895,4.873,4.89,16136.2
2026-01-22 14:15:00,1769091300000,4.89,4.891,4.851,4.865,40276.3
2026-01-22 14:30:00,1769092200000,4.865,4.883,4.839,4.859,106153.6
2026-01-22 14:45:00,1769093100000,4.859,4.86,4.82,4.834,54065.3
2026-01-22 15:00:00,1769094000000,4.834,4.848,4.824,4.838,45536.6
2026-01-22 15:15:00,1769094900000,4.838,4.846,4.768,4.78,110008.3
2026-01-22 15:30:00,1769095800000,4.78,4.821,4.764,4.818,142535.3
2026-01-22 15:45:00,1769096700000,4.818,4.843,4.804,4.812,73336.5
2026-01-22 16:00:00,1769097600000,4.812,4.839,4.81,4.815,37172.1
2026-01-22 16:15:00,1769098500000,4.815,4.838,4.804,4.822,33819.6
2026-01-22 16:30:00,1769099400000,4.822,4.834,4.812,4.831,25066.1
2026-01-22 16:45:00,1769100300000,4.831,4.862,4.83,4.851,30968.8
2026-01-22 17:00:00,1769101200000,4.851,4.863,4.845,4.85,22965.6
2026-01-22 17:15:00,1769102100000,4.85,4.858,4.83,4.836,18570.9
2026-01-22 17:30:00,1769103000000,4.836,4.846,4.833,4.842,21400.6
2026-01-22 17:45:00,1769103900000,4.842,4.88,4.842,4.875,28464.5
2026-01-22 18:00:00,1769104800000,4.875,4.875,4.851,4.851,45590.1
2026-01-22 18:15:00,1769105700000,4.851,4.87,4.85,4.857,16627.1
2026-01-22 18:30:00,1769106600000,4.857,4.874,4.857,4.858,22543.0
2026-01-22 18:45:00,1769107500000,4.858,4.861,4.825,4.831,45158.5
2026-01-22 19:00:00,1769108400000,4.831,4.841,4.818,4.834,16037.4
2026-01-22 19:15:00,1769109300000,4.834,4.839,4.821,4.83,13548.2
2026-01-22 19:30:00,1769110200000,4.83,4.862,4.83,4.856,20603.8
2026-01-22 19:45:00,1769111100000,4.856,4.863,4.842,4.849,21967.2
2026-01-22 20:00:00,1769112000000,4.849,4.854,4.837,4.854,17405.7
2026-01-22 20:15:00,1769112900000,4.854,4.86,4.819,4.824,38798.1
2026-01-22 20:30:00,1769113800000,4.824,4.833,4.808,4.812,27373.4
2026-01-22 20:45:00,1769114700000,4.812,4.824,4.812,4.818,24885.5
2026-01-22 21:00:00,1769115600000,4.818,4.841,4.817,4.83,31040.3
2026-01-22 21:15:00,1769116500000,4.83,4.849,4.83,4.843,16445.7
2026-01-22 21:30:00,1769117400000,4.843,4.843,4.83,4.83,14050.3
2026-01-22 21:45:00,1769118300000,4.83,4.841,4.824,4.832,12981.4
2026-01-22 22:00:00,1769119200000,4.832,4.855,4.828,4.842,36698.4
2026-01-22 22:15:00,1769120100000,4.842,4.844,4.83,4.835,17706.2
2026-01-22 22:30:00,1769121000000,4.835,4.836,4.82,4.827,9684.0
2026-01-22 22:45:00,1769121900000,4.827,4.837,4.827,4.829,10789.8
2026-01-22 23:00:00,1769122800000,4.829,4.829,4.81,4.824,25437.1
2026-01-22 23:15:00,1769123700000,4.824,4.833,4.818,4.829,14885.8
2026-01-22 23:30:00,1769124600000,4.829,4.841,4.824,4.828,15246.8
2026-01-22 23:45:00,1769125500000,4.828,4.836,4.828,4.833,6177.9
2026-01-23 00:00:00,1769126400000,4.833,4.839,4.824,4.836,29996.9
2026-01-23 00:15:00,1769127300000,4.836,4.844,4.832,4.833,13489.4
2026-01-23 00:30:00,1769128200000,4.833,4.835,4.823,4.829,18345.8
2026-01-23 00:45:00,1769129100000,4.829,4.842,4.816,4.82,37344.1
2026-01-23 01:00:00,1769130000000,4.82,4.836,4.82,4.828,8897.5
2026-01-23 01:15:00,1769130900000,4.828,4.84,4.828,4.84,10385.2
2026-01-23 01:30:00,1769131800000,4.84,4.861,4.84,4.858,22896.9
2026-01-23 01:45:00,1769132700000,4.858,4.871,4.858,4.871,12263.4
2026-01-23 02:00:00,1769133600000,4.871,4.876,4.861,4.869,29908.6
2026-01-23 02:15:00,1769134500000,4.869,4.869,4.855,4.856,12221.1
2026-01-23 02:30:00,1769135400000,4.856,4.864,4.851,4.857,28252.3
2026-01-23 02:45:00,1769136300000,4.857,4.862,4.847,4.848,5864.8
2026-01-23 03:00:00,1769137200000,4.848,4.863,4.847,4.863,6419.4
2026-01-23 03:15:00,1769138100000,4.863,4.886,4.863,4.885,23595.7
2026-01-23 03:30:00,1769139000000,4.885,4.892,4.87,4.881,20047.8
2026-01-23 03:45:00,1769139900000,4.881,4.882,4.872,4.875,6757.4
2026-01-23 04:00:00,1769140800000,4.875,4.891,4.869,4.891,6693.7
2026-01-23 04:15:00,1769141700000,4.891,4.895,4.884,4.892,9200.7
2026-01-23 04:30:00,1769142600000,4.892,4.899,4.886,4.897,7723.0
2026-01-23 04:45:00,1769143500000,4.897,4.905,4.892,4.892,10113.1
2026-01-23 05:00:00,1769144400000,4.892,4.894,4.884,4.887,8020.8
2026-01-23 05:15:00,1769145300000,4.887,4.887,4.865,4.872,11925.1
2026-01-23 05:30:00,1769146200000,4.872,4.878,4.869,4.871,8061.3
2026-01-23 05:45:00,1769147100000,4.871,4.871,4.853,4.864,10098.2
2026-01-23 06:00:00,1769148000000,4.864,4.878,4.863,4.875,19957.4
2026-01-23 06:15:00,1769148900000,4.875,4.887,4.84,4.849,27033.6
2026-01-23 06:30:00,1769149800000,4.849,4.875,4.849,4.868,17745.2
2026-01-23 06:45:00,1769150700000,4.868,4.869,4.838,4.839,10011.0
2026-01-23 07:00:00,1769151600000,4.839,4.847,4.834,4.844,11330.2
2026-01-23 07:15:00,1769152500000,4.844,4.859,4.842,4.851,9951.1
2026-01-23 07:30:00,1769153400000,4.851,4.865,4.848,4.864,16801.0
2026-01-23 07:45:00,1769154300000,4.864,4.872,4.85,4.867,22005.8
2026-01-23 08:00:00,1769155200000,4.867,4.88,4.863,4.875,32255.8
2026-01-23 08:15:00,1769156100000,4.875,4.882,4.863,4.866,30669.5
2026-01-23 08:30:00,1769157000000,4.866,4.87,4.828,4.845,58307.7
2026-01-23 08:45:00,1769157900000,4.845,4.851,4.826,4.836,27060.0
2026-01-23 09:00:00,1769158800000,4.836,4.857,4.834,4.849,22571.9
2026-01-23 09:15:00,1769159700000,4.849,4.853,4.837,4.84,40728.1
2026-01-23 09:30:00,1769160600000,4.84,4.853,4.826,4.845,41783.8
2026-01-23 09:45:00,1769161500000,4.845,4.849,4.834,4.84,25197.8
2026-01-23 10:00:00,1769162400000,4.84,4.851,4.828,4.848,16035.6
2026-01-23 10:15:00,1769163300000,4.848,4.851,4.837,4.838,14405.4
2026-01-23 10:30:00,1769164200000,4.838,4.843,4.828,4.842,19521.9
2026-01-23 10:45:00,1769165100000,4.842,4.845,4.836,4.839,13498.0
2026-01-23 11:00:00,1769166000000,4.839,4.859,4.837,4.856,19014.7
2026-01-23 11:15:00,1769166900000,4.856,4.865,4.85,4.865,9971.6
2026-01-23 11:30:00,1769167800000,4.865,4.878,4.865,4.866,23108.9
2026-01-23 11:45:00,1769168700000,4.866,4.87,4.862,4.868,10081.9
2026-01-23 12:00:00,1769169600000,4.868,4.87,4.86,4.86,10274.6
2026-01-23 12:15:00,1769170500000,4.86,4.869,4.857,4.864,8844.8
2026-01-23 12:30:00,1769171400000,4.864,4.864,4.852,4.863,17237.1
2026-01-23 12:45:00,1769172300000,4.863,4.878,4.862,4.872,13333.8
2026-01-23 13:00:00,1769173200000,4.872,4.878,4.869,4.877,10892.6
2026-01-23 13:15:00,1769174100000,4.877,4.883,4.874,4.874,25989.4
2026-01-23 13:30:00,1769175000000,4.874,4.879,4.865,4.877,14014.9
2026-01-23 13:45:00,1769175900000,4.877,4.881,4.864,4.866,11688.6
2026-01-23 14:00:00,1769176800000,4.866,4.873,4.855,4.866,19895.3
2026-01-23 14:15:00,1769177700000,4.866,4.875,4.859,4.874,23858.0
2026-01-23 14:30:00,1769178600000,4.874,4.877,4.786,4.799,122168.6
2026-01-23 14:45:00,1769179500000,4.799,4.818,4.763,4.804,81668.6
2026-01-23 15:00:00,1769180400000,4.804,4.827,4.799,4.804,33018.2
2026-01-23 15:15:00,1769181300000,4.804,4.849,4.781,4.843,64063.7
2026-01-23 15:30:00,1769182200000,4.843,4.884,4.843,4.861,62538.2
2026-01-23 15:45:00,1769183100000,4.861,4.902,4.856,4.891,78739.3
2026-01-23 16:00:00,1769184000000,4.891,4.902,4.884,4.896,40128.4
2026-01-23 16:15:00,1769184900000,4.896,4.896,4.861,4.866,17347.8
2026-01-23 16:30:00,1769185800000,4.866,4.931,4.854,4.92,59788.0
2026-01-23 16:45:00,1769186700000,4.92,4.927,4.893,4.895,32694.7
2026-01-23 17:00:00,1769187600000,4.895,4.896,4.87,4.882,17108.6
2026-01-23 17:15:00,1769188500000,4.882,4.945,4.882,4.944,45353.2
2026-01-23 17:30:00,1769189400000,4.944,4.98,4.933,4.937,93922.8
2026-01-23 17:45:00,1769190300000,4.937,4.946,4.91,4.915,26190.2
2026-01-23 18:00:00,1769191200000,4.915,4.949,4.904,4.929,49561.0
2026-01-23 18:15:00,1769192100000,4.929,4.944,4.918,4.937,17224.5
2026-01-23 18:30:00,1769193000000,4.937,4.951,4.93,4.935,17381.6
2026-01-23 18:45:00,1769193900000,4.935,4.935,4.919,4.928,15292.2
2026-01-23 19:00:00,1769194800000,4.928,4.928,4.9,4.904,44891.4
2026-01-23 19:15:00,1769195700000,4.904,4.904,4.864,4.871,66755.1
2026-01-23 19:30:00,1769196600000,4.871,4.872,4.846,4.871,40797.7
2026-01-23 19:45:00,1769197500000,4.871,4.876,4.854,4.867,23078.8
2026-01-23 20:00:00,1769198400000,4.867,4.875,4.856,4.87,16969.6
2026-01-23 20:15:00,1769199300000,4.87,4.874,4.848,4.849,13525.7
2026-01-23 20:30:00,1769200200000,4.849,4.849,4.814,4.827,38774.8
2026-01-23 20:45:00,1769201100000,4.827,4.842,4.817,4.832,27440.1
2026-01-23 21:00:00,1769202000000,4.832,4.857,4.828,4.853,16733.2
2026-01-23 21:15:00,1769202900000,4.853,4.864,4.844,4.856,12078.7
2026-01-23 21:30:00,1769203800000,4.856,4.857,4.844,4.848,3475.2
2026-01-23 21:45:00,1769204700000,4.848,4.855,4.846,4.848,6275.5
2026-01-23 22:00:00,1769205600000,4.848,4.876,4.846,4.867,36399.9
2026-01-23 22:15:00,1769206500000,4.867,4.883,4.864,4.879,14666.8
2026-01-23 22:30:00,1769207400000,4.879,4.887,4.873,4.875,12316.4
2026-01-23 22:45:00,1769208300000,4.875,4.887,4.875,4.884,15309.3
2026-01-23 23:00:00,1769209200000,4.884,4.884,4.863,4.872,14866.7
2026-01-23 23:15:00,1769210100000,4.872,4.878,4.863,4.865,7740.5
2026-01-23 23:30:00,1769211000000,4.865,4.871,4.863,4.868,2843.7
2026-01-23 23:45:00,1769211900000,4.868,4.874,4.865,4.868,4121.4
2026-01-24 00:00:00,1769212800000,4.868,4.882,4.859,4.862,30954.2
2026-01-24 00:15:00,1769213700000,4.862,4.868,4.859,4.859,15317.0
2026-01-24 00:30:00,1769214600000,4.859,4.869,4.856,4.857,9108.7
2026-01-24 00:45:00,1769215500000,4.857,4.858,4.85,4.85,9896.7
2026-01-24 01:00:00,1769216400000,4.85,4.858,4.846,4.848,10545.0
2026-01-24 01:15:00,1769217300000,4.848,4.856,4.846,4.851,11504.0
2026-01-24 01:30:00,1769218200000,4.851,4.853,4.837,4.851,11150.9
2026-01-24 01:45:00,1769219100000,4.851,4.859,4.851,4.859,5249.3
2026-01-24 02:00:00,1769220000000,4.859,4.872,4.859,4.867,5194.9
2026-01-24 02:15:00,1769220900000,4.867,4.873,4.865,4.868,3278.9
2026-01-24 02:30:00,1769221800000,4.868,4.871,4.864,4.868,3090.1
2026-01-24 02:45:00,1769222700000,4.868,4.869,4.863,4.865,2882.4
2026-01-24 03:00:00,1769223600000,4.865,4.873,4.854,4.869,11826.3
2026-01-24 03:15:00,1769224500000,4.869,4.877,4.86,4.877,11770.0
2026-01-24 03:30:00,1769225400000,4.877,4.888,4.866,4.884,11830.6
2026-01-24 03:45:00,1769226300000,4.884,4.885,4.875,4.881,8580.5
2026-01-24 04:00:00,1769227200000,4.881,4.892,4.878,4.885,10822.9
2026-01-24 04:15:00,1769228100000,4.885,4.886,4.871,4.873,6670.0
2026-01-24 04:30:00,1769229000000,4.873,4.874,4.869,4.874,3839.3
2026-01-24 04:45:00,1769229900000,4.874,4.881,4.869,4.88,13646.2
2026-01-24 05:00:00,1769230800000,4.88,4.881,4.873,4.877,7811.2
2026-01-24 05:15:00,1769231700000,4.877,4.89,4.875,4.885,6488.6
2026-01-24 05:30:00,1769232600000,4.885,4.89,4.88,4.883,11707.5
2026-01-24 05:45:00,1769233500000,4.883,4.907,4.883,4.906,62777.8
2026-01-24 06:00:00,1769234400000,4.906,4.907,4.887,4.898,24801.7
2026-01-24 06:15:00,1769235300000,4.898,4.9,4.892,4.897,16849.8
2026-01-24 06:30:00,1769236200000,4.897,4.905,4.897,4.903,7601.3
2026-01-24 06:45:00,1769237100000,4.903,4.904,4.896,4.897,10816.7
2026-01-24 07:00:00,1769238000000,4.897,4.897,4.89,4.891,5767.5
2026-01-24 07:15:00,1769238900000,4.891,4.893,4.878,4.88,17869.8
2026-01-24 07:30:00,1769239800000,4.88,4.883,4.875,4.879,12423.7
2026-01-24 07:45:00,1769240700000,4.879,4.891,4.879,4.883,16376.0
2026-01-24 08:00:00,1769241600000,4.883,4.884,4.877,4.88,11111.3
2026-01-24 08:15:00,1769242500000,4.88,4.887,4.88,4.886,6062.7
2026-01-24 08:30:00,1769243400000,4.886,4.905,4.886,4.903,6318.6
2026-01-24 08:45:00,1769244300000,4.903,4.911,4.9,4.904,16567.1
2026-01-24 09:00:00,1769245200000,4.904,4.905,4.896,4.9,6110.9
2026-01-24 09:15:00,1769246100000,4.9,4.9,4.892,4.893,6565.5
2026-01-24 09:30:00,1769247000000,4.893,4.897,4.887,4.89,11329.7
2026-01-24 09:45:00,1769247900000,4.89,4.891,4.876,4.879,12610.9
2026-01-24 10:00:00,1769248800000,4.879,4.889,4.877,4.888,9652.4
2026-01-24 10:15:00,1769249700000,4.888,4.888,4.883,4.886,2716.6
2026-01-24 10:30:00,1769250600000,4.886,4.891,4.885,4.889,2612.4
2026-01-24 10:45:00,1769251500000,4.889,4.891,4.886,4.889,1857.3
2026-01-24 11:00:00,1769252400000,4.889,4.897,4.888,4.896,3782.4
2026-01-24 11:15:00,1769253300000,4.896,4.898,4.887,4.887,4763.3
2026-01-24 11:30:00,1769254200000,4.887,4.891,4.887,4.889,4020.6
2026-01-24 11:45:00,1769255100000,4.889,4.891,4.884,4.889,9586.0
2026-01-24 12:00:00,1769256000000,4.889,4.897,4.889,4.895,7238.9
2026-01-24 12:15:00,1769256900000,4.895,4.904,4.895,4.901,10331.4
2026-01-24 12:30:00,1769257800000,4.901,4.909,4.899,4.902,7986.3
2026-01-24 12:45:00,1769258700000,4.902,4.905,4.896,4.899,11004.5
2026-01-24 13:00:00,1769259600000,4.899,4.901,4.892,4.893,5430.7
2026-01-24 13:15:00,1769260500000,4.893,4.893,4.88,4.884,22616.8
2026-01-24 13:30:00,1769261400000,4.884,4.888,4.882,4.882,2259.0
2026-01-24 13:45:00,1769262300000,4.882,4.884,4.85,4.852,79788.4
2026-01-24 14:00:00,1769263200000,4.852,4.873,4.851,4.872,43156.9
2026-01-24 14:15:00,1769264100000,4.872,4.877,4.863,4.869,52784.8
2026-01-24 14:30:00,1769265000000,4.869,4.88,4.869,4.877,6101.9
2026-01-24 14:45:00,1769265900000,4.877,4.877,4.865,4.866,14130.1
2026-01-24 15:00:00,1769266800000,4.866,4.873,4.866,4.872,11883.7
2026-01-24 15:15:00,1769267700000,4.872,4.872,4.859,4.861,6570.8
2026-01-24 15:30:00,1769268600000,4.861,4.861,4.839,4.842,35608.7
2026-01-24 15:45:00,1769269500000,4.842,4.848,4.835,4.838,23064.7
2026-01-24 16:00:00,1769270400000,4.838,4.845,4.834,4.836,17474.6
2026-01-24 16:15:00,1769271300000,4.836,4.837,4.822,4.836,29534.0
2026-01-24 16:30:00,1769272200000,4.836,4.838,4.832,4.837,5119.3
2026-01-24 16:45:00,1769273100000,4.837,4.851,4.837,4.845,5957.4
2026-01-24 17:00:00,1769274000000,4.845,4.851,4.837,4.85,11971.8
2026-01-24 17:15:00,1769274900000,4.85,4.854,4.844,4.853,6852.8
2026-01-24 17:30:00,1769275800000,4.853,4.865,4.849,4.857,36186.2
2026-01-24 17:45:00,1769276700000,4.857,4.862,4.854,4.86,3499.6
2026-01-24 18:00:00,1769277600000,4.86,4.862,4.852,4.856,10964.2
2026-01-24 18:15:00,1769278500000,4.856,4.858,4.852,4.858,8215.9
2026-01-24 18:30:00,1769279400000,4.858,4.867,4.854,4.86,5851.7
2026-01-24 18:45:00,1769280300000,4.86,4.861,4.855,4.855,1578.5
2026-01-24 19:00:00,1769281200000,4.855,4.856,4.851,4.851,2571.7
2026-01-24 19:15:00,1769282100000,4.851,4.851,4.845,4.849,2777.0
2026-01-24 19:30:00,1769283000000,4.849,4.85,4.847,4.849,2976.6
2026-01-24 19:45:00,1769283900000,4.849,4.852,4.841,4.842,6197.7
2026-01-24 20:00:00,1769284800000,4.842,4.849,4.842,4.849,1932.9
2026-01-24 20:15:00,1769285700000,4.849,4.858,4.849,4.852,15162.0
2026-01-24 20:30:00,1769286600000,4.852,4.857,4.852,4.854,1818.1
2026-01-24 20:45:00,1769287500000,4.854,4.862,4.853,4.86,7476.5
2026-01-24 21:00:00,1769288400000,4.86,4.86,4.843,4.85,8083.9
2026-01-24 21:15:00,1769289300000,4.85,4.853,4.849,4.853,927.3
2026-01-24 21:30:00,1769290200000,4.853,4.856,4.847,4.855,4162.5
2026-01-24 21:45:00,1769291100000,4.855,4.855,4.852,4.854,776.3
2026-01-24 22:00:00,1769292000000,4.854,4.868,4.852,4.865,31844.5
2026-01-24 22:15:00,1769292900000,4.865,4.869,4.863,4.864,11922.8
2026-01-24 22:30:00,1769293800000,4.864,4.865,4.856,4.856,4268.4
2026-01-24 22:45:00,1769294700000,4.856,4.863,4.856,4.863,2317.5
2026-01-24 23:00:00,1769295600000,4.863,4.867,4.853,4.857,11631.6
2026-01-24 23:15:00,1769296500000,4.857,4.86,4.852,4.858,9052.6
2026-01-24 23:30:00,1769297400000,4.858,4.858,4.849,4.85,1712.8
2026-01-24 23:45:00,1769298300000,4.85,4.853,4.848,4.849,2824.3
2026-01-25 00:00:00,1769299200000,4.849,4.859,4.849,4.857,5783.5
2026-01-25 00:15:00,1769300100000,4.857,4.865,4.852,4.858,23079.6
2026-01-25 00:30:00,1769301000000,4.858,4.863,4.853,4.858,32098.0
2026-01-25 00:45:00,1769301900000,4.858,4.87,4.855,4.869,5108.8
2026-01-25 01:00:00,1769302800000,4.869,4.874,4.86,4.862,5979.8
2026-01-25 01:15:00,1769303700000,4.862,4.862,4.851,4.852,6463.7
2026-01-25 01:30:00,1769304600000,4.852,4.856,4.845,4.851,13572.9
2026-01-25 01:45:00,1769305500000,4.851,4.858,4.85,4.855,5776.9
2026-01-25 02:00:00,1769306400000,4.855,4.861,4.851,4.861,22189.3
2026-01-25 02:15:00,1769307300000,4.861,4.862,4.856,4.858,11268.9
2026-01-25 02:30:00,1769308200000,4.858,4.863,4.848,4.848,4798.1
2026-01-25 02:45:00,1769309100000,4.848,4.86,4.848,4.859,9819.7
2026-01-25 03:00:00,1769310000000,4.859,4.862,4.852,4.855,4821.0
2026-01-25 03:15:00,1769310900000,4.855,4.855,4.841,4.844,7032.0
2026-01-25 03:30:00,1769311800000,4.844,4.844,4.819,4.832,55502.2
2026-01-25 03:45:00,1769312700000,4.832,4.839,4.823,4.833,12840.1
2026-01-25 04:00:00,1769313600000,4.833,4.839,4.825,4.826,8185.0
2026-01-25 04:15:00,1769314500000,4.826,4.839,4.826,4.839,10277.7
2026-01-25 04:30:00,1769315400000,4.839,4.854,4.839,4.846,11829.1
2026-01-25 04:45:00,1769316300000,4.846,4.849,4.841,4.842,3074.7
2026-01-25 05:00:00,1769317200000,4.842,4.852,4.84,4.85,2397.8
2026-01-25 05:15:00,1769318100000,4.85,4.853,4.846,4.853,2710.6
2026-01-25 05:30:00,1769319000000,4.853,4.853,4.826,4.831,34202.7
2026-01-25 05:45:00,1769319900000,4.831,4.841,4.814,4.839,72980.2
2026-01-25 06:00:00,1769320800000,4.839,4.839,4.812,4.816,21388.2
2026-01-25 06:15:00,1769321700000,4.816,4.828,4.809,4.824,14969.3
2026-01-25 06:30:00,1769322600000,4.824,4.835,4.819,4.832,11805.5
2026-01-25 06:45:00,1769323500000,4.832,4.833,4.824,4.826,5094.4
2026-01-25 07:00:00,1769324400000,4.826,4.826,4.802,4.809,14525.6
2026-01-25 07:15:00,1769325300000,4.809,4.818,4.8,4.814,12724.8
2026-01-25 07:30:00,1769326200000,4.814,4.825,4.811,4.822,4107.9
2026-01-25 07:45:00,1769327100000,4.822,4.826,4.817,4.824,14517.1
2026-01-25 08:00:00,1769328000000,4.824,4.838,4.82,4.837,9790.9
2026-01-25 08:15:00,1769328900000,4.837,4.844,4.832,4.837,6976.0
2026-01-25 08:30:00,1769329800000,4.837,4.839,4.8,4.814,42124.5
2026-01-25 08:45:00,1769330700000,4.814,4.817,4.798,4.812,19128.4
2026-01-25 09:00:00,1769331600000,4.812,4.819,4.806,4.816,10543.5
2026-01-25 09:15:00,1769332500000,4.816,4.829,4.816,4.824,15983.7
2026-01-25 09:30:00,1769333400000,4.824,4.849,4.824,4.845,18523.1
2026-01-25 09:45:00,1769334300000,4.845,4.851,4.835,4.842,11688.4
2026-01-25 10:00:00,1769335200000,4.842,4.86,4.841,4.86,20176.2
2026-01-25 10:15:00,1769336100000,4.86,4.879,4.858,4.879,26407.8
2026-01-25 10:30:00,1769337000000,4.879,4.887,4.869,4.885,41938.8
2026-01-25 10:45:00,1769337900000,4.885,4.894,4.857,4.864,114662.7
2026-01-25 11:00:00,1769338800000,4.864,4.867,4.853,4.861,13186.4
2026-01-25 11:15:00,1769339700000,4.861,4.877,4.861,4.871,21468.8
2026-01-25 11:30:00,1769340600000,4.871,4.878,4.854,4.854,12003.1
2026-01-25 11:45:00,1769341500000,4.854,4.857,4.846,4.854,8271.5
2026-01-25 12:00:00,1769342400000,4.854,4.854,4.841,4.848,9975.7
2026-01-25 12:15:00,1769343300000,4.848,4.852,4.829,4.836,19846.7
2026-01-25 12:30:00,1769344200000,4.836,4.839,4.831,4.837,5551.9
2026-01-25 12:45:00,1769345100000,4.837,4.845,4.832,4.845,14406.5
2026-01-25 13:00:00,1769346000000,4.845,4.853,4.839,4.842,5343.6
2026-01-25 13:15:00,1769346900000,4.842,4.855,4.832,4.832,16169.8
2026-01-25 13:30:00,1769347800000,4.832,4.851,4.831,4.85,9667.5
2026-01-25 13:45:00,1769348700000,4.85,4.874,4.85,4.866,26897.8
2026-01-25 14:00:00,1769349600000,4.866,4.866,4.839,4.842,24201.4
2026-01-25 14:15:00,1769350500000,4.842,4.847,4.803,4.817,45536.6
2026-01-25 14:30:00,1769351400000,4.817,4.821,4.806,4.813,22891.0
2026-01-25 14:45:00,1769352300000,4.813,4.822,4.802,4.816,22722.8
2026-01-25 15:00:00,1769353200000,4.816,4.831,4.81,4.829,10966.1
2026-01-25 15:15:00,1769354100000,4.829,4.846,4.818,4.837,15656.2
2026-01-25 15:30:00,1769355000000,4.837,4.837,4.813,4.815,13003.6
2026-01-25 15:45:00,1769355900000,4.815,4.818,4.801,4.813,15441.7
2026-01-25 16:00:00,1769356800000,4.813,4.813,4.719,4.729,361261.5
2026-01-25 16:15:00,1769357700000,4.729,4.729,4.657,4.689,217172.6
2026-01-25 16:30:00,1769358600000,4.689,4.708,4.67,4.689,67952.0
2026-01-25 16:45:00,1769359500000,4.689,4.727,4.683,4.723,71658.9
2026-01-25 17:00:00,1769360400000,4.723,4.736,4.716,4.716,36349.1
2026-01-25 17:15:00,1769361300000,4.716,4.716,4.687,4.698,45196.4
2026-01-25 17:30:00,1769362200000,4.698,4.723,4.692,4.723,37700.0
2026-01-25 17:45:00,1769363100000,4.723,4.728,4.706,4.71,18499.5
2026-01-25 18:00:00,1769364000000,4.71,4.713,4.646,4.688,136794.1
2026-01-25 18:15:00,1769364900000,4.688,4.705,4.673,4.677,72438.4
2026-01-25 18:30:00,1769365800000,4.677,4.677,4.627,4.642,168139.2
2026-01-25 18:45:00,1769366700000,4.642,4.658,4.633,4.652,41281.4
2026-01-25 19:00:00,1769367600000,4.652,4.658,4.643,4.643,44011.5
2026-01-25 19:15:00,1769368500000,4.643,4.643,4.582,4.591,167307.5
2026-01-25 19:30:00,1769369400000,4.591,4.622,4.586,4.615,64089.0
2026-01-25 19:45:00,1769370300000,4.615,4.615,4.553,4.579,152284.8
2026-01-25 20:00:00,1769371200000,4.579,4.614,4.578,4.595,61539.9
2026-01-25 20:15:00,1769372100000,4.595,4.605,4.583,4.598,46142.3
2026-01-25 20:30:00,1769373000000,4.598,4.598,4.568,4.577,60941.8
2026-01-25 20:45:00,1769373900000,4.577,4.605,4.569,4.603,61673.3
2026-01-25 21:00:00,1769374800000,4.603,4.639,4.602,4.634,72094.4
2026-01-25 21:15:00,1769375700000,4.634,4.649,4.632,4.643,33482.6
2026-01-25 21:30:00,1769376600000,4.643,4.646,4.616,4.629,23084.2
2026-01-25 21:45:00,1769377500000,4.629,4.643,4.625,4.635,12532.3
2026-01-25 22:00:00,1769378400000,4.635,4.638,4.622,4.629,16355.5
2026-01-25 22:15:00,1769379300000,4.629,4.631,4.591,4.597,20946.7
2026-01-25 22:30:00,1769380200000,4.597,4.615,4.581,4.598,34584.1
2026-01-25 22:45:00,1769381100000,4.598,4.6,4.565,4.594,39187.8
2026-01-25 23:00:00,1769382000000,4.594,4.618,4.576,4.611,33945.7
2026-01-25 23:15:00,1769382900000,4.611,4.629,4.599,4.619,39593.5
2026-01-25 23:30:00,1769383800000,4.619,4.629,4.602,4.613,32949.3
2026-01-25 23:45:00,1769384700000,4.613,4.64,4.613,4.632,27339.8
2026-01-26 00:00:00,1769385600000,4.632,4.646,4.62,4.645,78728.9
2026-01-26 00:15:00,1769386500000,4.645,4.666,4.639,4.646,54335.4
2026-01-26 00:30:00,1769387400000,4.646,4.646,4.484,4.493,613635.9
2026-01-26 00:45:00,1769388300000,4.493,4.566,4.491,4.558,241893.7
2026-01-26 01:00:00,1769389200000,4.558,4.647,4.556,4.618,137744.9
2026-01-26 01:15:00,1769390100000,4.618,4.646,4.618,4.629,66023.2
2026-01-26 01:30:00,1769391000000,4.629,4.644,4.624,4.634,49480.1
2026-01-26 01:45:00,1769391900000,4.634,4.656,4.627,4.643,89795.2
2026-01-26 02:00:00,1769392800000,4.643,4.649,4.601,4.606,41959.2
2026-01-26 02:15:00,1769393700000,4.606,4.643,4.6,4.642,25152.4
2026-01-26 02:30:00,1769394600000,4.642,4.683,4.641,4.648,197132.9
2026-01-26 02:45:00,1769395500000,4.648,4.66,4.606,4.619,160143.6
2026-01-26 03:00:00,1769396400000,4.619,4.636,4.618,4.631,58120.3
2026-01-26 03:15:00,1769397300000,4.631,4.635,4.616,4.618,54062.9
2026-01-26 03:30:00,1769398200000,4.618,4.619,4.591,4.595,78444.1
2026-01-26 03:45:00,1769399100000,4.595,4.598,4.576,4.592,52169.2
2026-01-26 04:00:00,1769400000000,4.592,4.605,4.586,4.593,62793.8
2026-01-26 04:15:00,1769400900000,4.593,4.63,4.586,4.617,65807.0
2026-01-26 04:30:00,1769401800000,4.617,4.623,4.598,4.598,38749.2
2026-01-26 04:45:00,1769402700000,4.598,4.606,4.594,4.6,37784.2
2026-01-26 05:00:00,1769403600000,4.6,4.61,4.57,4.573,81045.6
2026-01-26 05:15:00,1769404500000,4.573,4.587,4.571,4.577,198918.7
2026-01-26 05:30:00,1769405400000,4.577,4.586,4.549,4.558,408875.6
2026-01-26 05:45:00,1769406300000,4.558,4.566,4.554,4.56,82341.2
2026-01-26 06:00:00,1769407200000,4.56,4.571,4.552,4.565,45909.9
2026-01-26 06:15:00,1769408100000,4.565,4.587,4.562,4.585,36157.9
2026-01-26 06:30:00,1769409000000,4.585,4.588,4.562,4.587,53647.8
2026-01-26 06:45:00,1769409900000,4.587,4.603,4.586,4.6,62371.8
2026-01-26 07:00:00,1769410800000,4.6,4.607,4.594,4.605,28943.5
2026-01-26 07:15:00,1769411700000,4.605,4.621,4.598,4.598,71413.5
2026-01-26 07:30:00,1769412600000,4.598,4.598,4.581,4.594,30382.1
2026-01-26 07:45:00,1769413500000,4.594,4.628,4.594,4.616,153158.9
2026-01-26 08:00:00,1769414400000,4.616,4.638,4.615,4.627,53017.4
2026-01-26 08:15:00,1769415300000,4.627,4.688,4.627,4.665,136576.4
2026-01-26 08:30:00,1769416200000,4.665,4.685,4.658,4.664,76826.5
2026-01-26 08:45:00,1769417100000,4.664,4.666,4.651,4.659,27875.3
2026-01-26 09:00:00,1769418000000,4.659,4.662,4.637,4.64,49001.5
2026-01-26 09:15:00,1769418900000,4.64,4.642,4.634,4.634,32984.8
2026-01-26 09:30:00,1769419800000,4.634,4.638,4.622,4.633,24559.1
2026-01-26 09:45:00,1769420700000,4.633,4.637,4.613,4.624,24368.5
2026-01-26 10:00:00,1769421600000,4.624,4.637,4.62,4.632,23943.6
2026-01-26 10:15:00,1769422500000,4.632,4.636,4.625,4.633,35641.2
2026-01-26 10:30:00,1769423400000,4.633,4.633,4.626,4.632,7117.9
2026-01-26 10:45:00,1769424300000,4.632,4.637,4.631,4.637,10712.2
2026-01-26 11:00:00,1769425200000,4.637,4.656,4.637,4.655,27916.1
2026-01-26 11:15:00,1769426100000,4.655,4.656,4.636,4.636,13833.9
2026-01-26 11:30:00,1769427000000,4.636,4.637,4.627,4.631,13745.8
2026-01-26 11:45:00,1769427900000,4.631,4.632,4.624,4.626,8645.0
2026-01-26 12:00:00,1769428800000,4.626,4.656,4.626,4.653,18852.4
2026-01-26 12:15:00,1769429700000,4.653,4.662,4.648,4.648,22214.0
2026-01-26 12:30:00,1769430600000,4.648,4.651,4.638,4.639,24316.4
2026-01-26 12:45:00,1769431500000,4.639,4.646,4.639,4.639,15869.2
2026-01-26 13:00:00,1769432400000,4.639,4.653,4.639,4.649,27541.9
2026-01-26 13:15:00,1769433300000,4.649,4.669,4.647,4.66,16807.4
2026-01-26 13:30:00,1769434200000,4.66,4.668,4.654,4.66,12447.7
2026-01-26 13:45:00,1769435100000,4.66,4.667,4.656,4.66,13526.7
2026-01-26 14:00:00,1769436000000,4.66,4.664,4.625,4.629,27363.8
2026-01-26 14:15:00,1769436900000,4.629,4.641,4.625,4.629,39038.9
2026-01-26 14:30:00,1769437800000,4.629,4.705,4.612,4.674,241650.5
2026-01-26 14:45:00,1769438700000,4.674,4.709,4.671,4.703,57132.4
2026-01-26 15:00:00,1769439600000,4.703,4.752,4.68,4.75,174125.8
2026-01-26 15:15:00,1769440500000,4.75,4.757,4.71,4.717,104760.4
2026-01-26 15:30:00,1769441400000,4.717,4.721,4.656,4.665,155833.9
2026-01-26 15:45:00,1769442300000,4.665,4.693,4.655,4.685,42163.0
2026-01-26 16:00:00,1769443200000,4.685,4.704,4.667,4.692,51542.5
2026-01-26 16:15:00,1769444100000,4.692,4.718,4.672,4.7,41722.0
2026-01-26 16:30:00,1769445000000,4.7,4.709,4.689,4.699,21592.1
2026-01-26 16:45:00,1769445900000,4.699,4.741,4.696,4.706,58186.1
2026-01-26 17:00:00,1769446800000,4.706,4.717,4.692,4.694,59116.6
2026-01-26 17:15:00,1769447700000,4.694,4.707,4.679,4.679,50822.5
2026-01-26 17:30:00,1769448600000,4.679,4.695,4.657,4.688,41833.6
2026-01-26 17:45:00,1769449500000,4.688,4.71,4.688,4.702,14139.6
2026-01-26 18:00:00,1769450400000,4.702,4.707,4.695,4.704,16555.3
2026-01-26 18:15:00,1769451300000,4.704,4.721,4.691,4.717,27046.0
2026-01-26 18:30:00,1769452200000,4.717,4.742,4.705,4.719,100339.8
2026-01-26 18:45:00,1769453100000,4.719,4.728,4.711,4.725,29159.3
2026-01-26 19:00:00,1769454000000,4.725,4.739,4.714,4.718,33853.1
2026-01-26 19:15:00,1769454900000,4.718,4.729,4.711,4.713,20618.1
2026-01-26 19:30:00,1769455800000,4.713,4.723,4.704,4.716,21598.3
2026-01-26 19:45:00,1769456700000,4.716,4.72,4.695,4.701,16229.9
2026-01-26 20:00:00,1769457600000,4.701,4.714,4.7,4.7,12720.3
2026-01-26 20:15:00,1769458500000,4.7,4.706,4.69,4.694,17505.2
2026-01-26 20:30:00,1769459400000,4.694,4.697,4.684,4.689,20632.0
2026-01-26 20:45:00,1769460300000,4.689,4.695,4.672,4.68,30198.6
2026-01-26 21:00:00,1769461200000,4.68,4.686,4.668,4.685,10065.9
2026-01-26 21:15:00,1769462100000,4.685,4.692,4.677,4.692,11724.6
2026-01-26 21:30:00,1769463000000,4.692,4.742,4.692,4.727,66867.2
2026-01-26 21:45:00,1769463900000,4.727,4.754,4.72,4.72,61378.0
2026-01-26 22:00:00,1769464800000,4.72,4.734,4.719,4.722,60040.2
2026-01-26 22:15:00,1769465700000,4.722,4.727,4.705,4.708,11267.2
2026-01-26 22:30:00,1769466600000,4.708,4.729,4.705,4.717,8254.3
2026-01-26 22:45:00,1769467500000,4.717,4.721,4.707,4.708,7132.2
2026-01-26 23:00:00,1769468400000,4.708,4.708,4.694,4.703,13192.3
2026-01-26 23:15:00,1769469300000,4.703,4.712,4.698,4.712,5700.5
2026-01-26 23:30:00,1769470200000,4.712,4.729,4.712,4.717,9500.3
2026-01-26 23:45:00,1769471100000,4.717,4.719,4.707,4.707,24521.2
2026-01-27 00:00:00,1769472000000,4.707,4.708,4.692,4.696,15041.5
2026-01-27 00:15:00,1769472900000,4.696,4.708,4.695,4.698,11240.1
2026-01-27 00:30:00,1769473800000,4.698,4.698,4.686,4.694,8080.7
2026-01-27 00:45:00,1769474700000,4.694,4.703,4.692,4.703,6106.7
2026-01-27 01:00:00,1769475600000,4.703,4.703,4.685,4.687,9440.1
2026-01-27 01:15:00,1769476500000,4.687,4.709,4.682,4.708,25564.9
2026-01-27 01:30:00,1769477400000,4.708,4.725,4.703,4.717,31292.3
2026-01-27 01:45:00,1769478300000,4.717,4.728,4.707,4.711,16524.0
2026-01-27 02:00:00,1769479200000,4.711,4.733,4.711,4.718,23557.6
2026-01-27 02:15:00,1769480100000,4.718,4.718,4.699,4.7,19146.0
2026-01-27 02:30:00,1769481000000,4.7,4.719,4.698,4.711,19887.7
2026-01-27 02:45:00,1769481900000,4.711,4.723,4.711,4.722,16362.7
2026-01-27 03:00:00,1769482800000,4.722,4.728,4.703,4.706,66746.2
2026-01-27 03:15:00,1769483700000,4.706,4.72,4.704,4.718,33677.8
2026-01-27 03:30:00,1769484600000,4.718,4.731,4.713,4.726,16840.6
2026-01-27 03:45:00,1769485500000,4.726,4.729,4.717,4.719,13265.4
2026-01-27 04:00:00,1769486400000,4.719,4.749,4.716,4.739,39335.2
2026-01-27 04:15:00,1769487300000,4.739,4.742,4.727,4.731,31091.1
2026-01-27 04:30:00,1769488200000,4.731,4.732,4.721,4.721,5306.0
2026-01-27 04:45:00,1769489100000,4.721,4.732,4.716,4.73,11576.1
2026-01-27 05:00:00,1769490000000,4.73,4.734,4.723,4.724,11494.6
2026-01-27 05:15:00,1769490900000,4.724,4.73,4.715,4.727,17731.0
2026-01-27 05:30:00,1769491800000,4.727,4.732,4.724,4.727,14511.7
2026-01-27 05:45:00,1769492700000,4.727,4.732,4.722,4.725,15066.6
2026-01-27 06:00:00,1769493600000,4.725,4.725,4.701,4.705,34287.3
2026-01-27 06:15:00,1769494500000,4.705,4.707,4.688,4.689,39195.3
2026-01-27 06:30:00,1769495400000,4.689,4.7,4.682,4.683,57477.7
2026-01-27 06:45:00,1769496300000,4.683,4.686,4.677,4.679,17014.4
2026-01-27 07:00:00,1769497200000,4.679,4.695,4.677,4.692,13734.3
2026-01-27 07:15:00,1769498100000,4.692,4.695,4.688,4.692,8435.9
2026-01-27 07:30:00,1769499000000,4.692,4.699,4.692,4.696,6885.9
2026-01-27 07:45:00,1769499900000,4.696,4.696,4.68,4.687,16386.7
2026-01-27 08:00:00,1769500800000,4.687,4.702,4.685,4.694,12855.4
2026-01-27 08:15:00,1769501700000,4.694,4.695,4.688,4.689,4982.9
2026-01-27 08:30:00,1769502600000,4.689,4.689,4.674,4.678,18914.5
2026-01-27 08:45:00,1769503500000,4.678,4.688,4.675,4.679,7841.4
2026-01-27 09:00:00,1769504400000,4.679,4.679,4.655,4.657,45158.2
2026-01-27 09:15:00,1769505300000,4.657,4.658,4.645,4.65,22227.0
2026-01-27 09:30:00,1769506200000,4.65,4.664,4.649,4.66,19467.7
2026-01-27 09:45:00,1769507100000,4.66,4.66,4.648,4.65,22129.9
2026-01-27 10:00:00,1769508000000,4.65,4.655,4.639,4.651,56157.0
2026-01-27 10:15:00,1769508900000,4.651,4.656,4.649,4.653,10771.4
2026-01-27 10:30:00,1769509800000,4.653,4.653,4.64,4.649,10871.9
2026-01-27 10:45:00,1769510700000,4.649,4.653,4.643,4.652,37162.7
2026-01-27 11:00:00,1769511600000,4.652,4.653,4.642,4.648,20533.8
2026-01-27 11:15:00,1769512500000,4.648,4.657,4.648,4.657,14537.0
2026-01-27 11:30:00,1769513400000,4.657,4.673,4.656,4.672,13453.1
2026-01-27 11:45:00,1769514300000,4.672,4.672,4.659,4.659,5135.5
2026-01-27 12:00:00,1769515200000,4.659,4.663,4.654,4.658,8785.0
2026-01-27 12:15:00,1769516100000,4.658,4.667,4.655,4.659,37026.1
2026-01-27 12:30:00,1769517000000,4.659,4.661,4.645,4.645,7866.0
2026-01-27 12:45:00,1769517900000,4.645,4.654,4.644,4.65,5322.0
2026-01-27 13:00:00,1769518800000,4.65,4.658,4.65,4.656,6659.6
2026-01-27 13:15:00,1769519700000,4.656,4.659,4.644,4.646,10572.2
2026-01-27 13:30:00,1769520600000,4.646,4.661,4.64,4.652,10920.8
2026-01-27 13:45:00,1769521500000,4.652,4.652,4.627,4.64,28793.7
2026-01-27 14:00:00,1769522400000,4.64,4.674,4.639,4.673,20436.3
2026-01-27 14:15:00,1769523300000,4.673,4.696,4.672,4.679,77002.9
2026-01-27 14:30:00,1769524200000,4.679,4.688,4.644,4.645,72095.0
2026-01-27 14:45:00,1769525100000,4.645,4.666,4.64,4.654,32971.5
2026-01-27 15:00:00,1769526000000,4.654,4.689,4.644,4.673,52889.5
2026-01-27 15:15:00,1769526900000,4.673,4.679,4.654,4.654,16193.7
2026-01-27 15:30:00,1769527800000,4.654,4.674,4.652,4.661,21903.2
2026-01-27 15:45:00,1769528700000,4.661,4.715,4.661,4.709,38861.8
2026-01-27 16:00:00,1769529600000,4.709,4.765,4.701,4.753,135931.9
2026-01-27 16:15:00,1769530500000,4.753,4.77,4.727,4.732,69835.1
2026-01-27 16:30:00,1769531400000,4.732,4.767,4.732,4.76,82729.6
2026-01-27 16:45:00,1769532300000,4.76,4.762,4.741,4.753,23804.3
2026-01-27 17:00:00,1769533200000,4.753,4.757,4.689,4.691,98394.1
2026-01-27 17:15:00,1769534100000,4.691,4.691,4.649,4.681,90124.1
2026-01-27 17:30:00,1769535000000,4.681,4.692,4.636,4.638,48742.4
2026-01-27 17:45:00,1769535900000,4.638,4.646,4.634,4.646,34123.0
2026-01-27 18:00:00,1769536800000,4.646,4.668,4.628,4.653,30761.5
2026-01-27 18:15:00,1769537700000,4.653,4.667,4.652,4.662,18584.7
2026-01-27 18:30:00,1769538600000,4.662,4.677,4.653,4.67,32658.8
2026-01-27 18:45:00,1769539500000,4.67,4.735,4.67,4.721,48036.7
2026-01-27 19:00:00,1769540400000,4.721,4.725,4.704,4.723,50139.3
2026-01-27 19:15:00,1769541300000,4.723,4.734,4.723,4.726,24473.0
2026-01-27 19:30:00,1769542200000,4.726,4.749,4.711,4.747,22396.0
2026-01-27 19:45:00,1769543100000,4.747,4.748,4.73,4.738,36672.1
2026-01-27 20:00:00,1769544000000,4.738,4.761,4.728,4.761,35168.8
2026-01-27 20:15:00,1769544900000,4.761,4.804,4.754,4.797,68602.4
2026-01-27 20:30:00,1769545800000,4.797,4.811,4.76,4.768,186936.0
2026-01-27 20:45:00,1769546700000,4.768,4.811,4.768,4.799,90232.8
2026-01-27 21:00:00,1769547600000,4.799,4.811,4.788,4.795,20523.5
2026-01-27 21:15:00,1769548500000,4.795,4.801,4.776,4.776,16630.6
2026-01-27 21:30:00,1769549400000,4.776,4.78,4.761,4.771,49865.5
2026-01-27 21:45:00,1769550300000,4.771,4.777,4.765,4.769,14000.1
2026-01-27 22:00:00,1769551200000,4.769,4.786,4.768,4.781,44281.7
2026-01-27 22:15:00,1769552100000,4.781,4.783,4.77,4.772,10195.7
2026-01-27 22:30:00,1769553000000,4.772,4.806,4.771,4.806,47458.3
2026-01-27 22:45:00,1769553900000,4.806,4.806,4.786,4.792,21753.7
2026-01-27 23:00:00,1769554800000,4.792,4.798,4.787,4.796,8170.1
2026-01-27 23:15:00,1769555700000,4.796,4.809,4.788,4.808,8861.8
2026-01-27 23:30:00,1769556600000,4.808,4.811,4.795,4.802,9227.2
2026-01-27 23:45:00,1769557500000,4.802,4.815,4.795,4.797,16617.8
2026-01-28 00:00:00,1769558400000,4.797,4.806,4.792,4.801,25877.9
2026-01-28 00:15:00,1769559300000,4.801,4.811,4.791,4.797,43679.6
2026-01-28 00:30:00,1769560200000,4.797,4.797,4.78,4.784,34472.9
2026-01-28 00:45:00,1769561100000,4.784,4.809,4.783,4.807,10449.3
2026-01-28 01:00:00,1769562000000,4.807,4.808,4.788,4.789,12742.5
2026-01-28 01:15:00,1769562900000,4.789,4.797,4.776,4.778,9608.7
2026-01-28 01:30:00,1769563800000,4.778,4.783,4.767,4.777,12325.0
2026-01-28 01:45:00,1769564700000,4.777,4.793,4.775,4.788,5237.9
2026-01-28 02:00:00,1769565600000,4.788,4.794,4.778,4.781,24697.6
2026-01-28 02:15:00,1769566500000,4.781,4.803,4.777,4.793,73226.0
2026-01-28 02:30:00,1769567400000,4.793,4.799,4.776,4.776,11339.2
2026-01-28 02:45:00,1769568300000,4.776,4.796,4.774,4.794,16759.1
2026-01-28 03:00:00,1769569200000,4.794,4.796,4.783,4.786,26711.2
2026-01-28 03:15:00,1769570100000,4.786,4.792,4.777,4.786,27148.6
2026-01-28 03:30:00,1769571000000,4.786,4.795,4.777,4.785,9331.7
2026-01-28 03:45:00,1769571900000,4.785,4.792,4.777,4.777,18857.0
2026-01-28 04:00:00,1769572800000,4.777,4.782,4.755,4.757,26942.2
2026-01-28 04:15:00,1769573700000,4.757,4.759,4.749,4.757,24353.9
2026-01-28 04:30:00,1769574600000,4.757,4.773,4.755,4.761,8569.9
2026-01-28 04:45:00,1769575500000,4.761,4.765,4.757,4.764,6219.8
2026-01-28 05:00:00,1769576400000,4.764,4.776,4.76,4.76,8462.9
2026-01-28 05:15:00,1769577300000,4.76,4.765,4.757,4.759,6034.9
2026-01-28 05:30:00,1769578200000,4.759,4.781,4.759,4.77,6474.3
2026-01-28 05:45:00,1769579100000,4.77,4.779,4.767,4.775,16501.2
2026-01-28 06:00:00,1769580000000,4.775,4.795,4.775,4.785,32571.1
2026-01-28 06:15:00,1769580900000,4.785,4.791,4.78,4.786,8530.1
2026-01-28 06:30:00,1769581800000,4.786,4.794,4.781,4.784,13826.5
2026-01-28 06:45:00,1769582700000,4.784,4.804,4.782,4.802,7066.0
2026-01-28 07:00:00,1769583600000,4.802,4.805,4.792,4.793,6233.9
2026-01-28 07:15:00,1769584500000,4.793,4.803,4.791,4.8,4130.2
2026-01-28 07:30:00,1769585400000,4.8,4.8,4.784,4.794,6127.0
2026-01-28 07:45:00,1769586300000,4.794,4.8,4.786,4.794,10243.2
2026-01-28 08:00:00,1769587200000,4.794,4.818,4.786,4.795,98277.0
2026-01-28 08:15:00,1769588100000,4.795,4.811,4.793,4.8,22006.9
2026-01-28 08:30:00,1769589000000,4.8,4.802,4.782,4.791,15988.9
2026-01-28 08:45:00,1769589900000,4.791,4.793,4.781,4.785,9865.0
2026-01-28 09:00:00,1769590800000,4.785,4.798,4.783,4.788,5943.9
2026-01-28 09:15:00,1769591700000,4.788,4.799,4.785,4.793,31189.9
2026-01-28 09:30:00,1769592600000,4.793,4.84,4.793,4.834,43118.7
2026-01-28 09:45:00,1769593500000,4.834,4.846,4.834,4.845,31839.3
2026-01-28 10:00:00,1769594400000,4.845,4.858,4.835,4.85,72342.4
2026-01-28 10:15:00,1769595300000,4.85,4.864,4.833,4.836,70151.8
2026-01-28 10:30:00,1769596200000,4.836,4.844,4.834,4.84,21551.1
2026-01-28 10:45:00,1769597100000,4.84,4.842,4.83,4.834,15201.2
2026-01-28 11:00:00,1769598000000,4.834,4.837,4.818,4.828,45792.1
2026-01-28 11:15:00,1769598900000,4.828,4.835,4.825,4.829,32893.7
2026-01-28 11:30:00,1769599800000,4.829,4.833,4.816,4.833,33521.7
2026-01-28 11:45:00,1769600700000,4.833,4.87,4.827,4.868,118870.7
2026-01-28 12:00:00,1769601600000,4.868,4.873,4.845,4.851,93097.9
2026-01-28 12:15:00,1769602500000,4.851,4.856,4.841,4.85,28553.0
2026-01-28 12:30:00,1769603400000,4.85,4.856,4.839,4.842,21424.9
2026-01-28 12:45:00,1769604300000,4.842,4.851,4.831,4.842,39288.1
2026-01-28 13:00:00,1769605200000,4.842,4.866,4.842,4.854,63067.8
2026-01-28 13:15:00,1769606100000,4.854,4.861,4.841,4.85,20614.7
2026-01-28 13:30:00,1769607000000,4.85,4.862,4.844,4.853,26319.9
2026-01-28 13:45:00,1769607900000,4.853,4.856,4.832,4.838,18528.8
2026-01-28 14:00:00,1769608800000,4.838,4.845,4.829,4.831,29800.0
2026-01-28 14:15:00,1769609700000,4.831,4.831,4.803,4.815,38121.7
2026-01-28 14:30:00,1769610600000,4.815,4.843,4.81,4.828,46052.6
2026-01-28 14:45:00,1769611500000,4.828,4.831,4.805,4.817,23597.8
2026-01-28 15:00:00,1769612400000,4.817,4.837,4.784,4.786,56525.4
2026-01-28 15:15:00,1769613300000,4.786,4.817,4.772,4.813,73811.5
2026-01-28 15:30:00,1769614200000,4.813,4.829,4.81,4.825,57006.2
2026-01-28 15:45:00,1769615100000,4.825,4.833,4.804,4.811,30263.2
2026-01-28 16:00:00,1769616000000,4.811,4.813,4.781,4.784,29798.2
2026-01-28 16:15:00,1769616900000,4.784,4.821,4.782,4.819,16265.1
2026-01-28 16:30:00,1769617800000,4.819,4.824,4.785,4.79,21593.1
2026-01-28 16:45:00,1769618700000,4.79,4.809,4.789,4.793,18400.7
2026-01-28 17:00:00,1769619600000,4.793,4.809,4.793,4.804,27275.0
2026-01-28 17:15:00,1769620500000,4.804,4.807,4.791,4.793,11947.6
2026-01-28 17:30:00,1769621400000,4.793,4.818,4.771,4.812,46619.4
2026-01-28 17:45:00,1769622300000,4.812,4.854,4.811,4.833,69826.6
2026-01-28 18:00:00,1769623200000,4.833,4.833,4.799,4.822,78656.9
2026-01-28 18:15:00,1769624100000,4.822,4.832,4.811,4.818,13222.0
2026-01-28 18:30:00,1769625000000,4.818,4.822,4.805,4.811,9806.3
2026-01-28 18:45:00,1769625900000,4.811,4.821,4.803,4.82,15005.0
2026-01-28 19:00:00,1769626800000,4.82,4.838,4.802,4.816,65686.0
2026-01-28 19:15:00,1769627700000,4.816,4.832,4.81,4.814,23961.3
2026-01-28 19:30:00,1769628600000,4.814,4.826,4.796,4.799,30455.1
2026-01-28 19:45:00,1769629500000,4.799,4.834,4.799,4.821,58433.1
2026-01-28 20:00:00,1769630400000,4.821,4.842,4.816,4.84,16629.5
2026-01-28 20:15:00,1769631300000,4.84,4.869,4.835,4.86,84340.4
2026-01-28 20:30:00,1769632200000,4.86,4.86,4.821,4.823,38120.7
2026-01-28 20:45:00,1769633100000,4.823,4.833,4.812,4.822,27208.2
2026-01-28 21:00:00,1769634000000,4.822,4.846,4.787,4.826,105853.4
2026-01-28 21:15:00,1769634900000,4.826,4.833,4.818,4.82,9018.1
2026-01-28 21:30:00,1769635800000,4.82,4.834,4.803,4.829,24420.2
2026-01-28 21:45:00,1769636700000,4.829,4.841,4.823,4.833,17047.4
2026-01-28 22:00:00,1769637600000,4.833,4.836,4.817,4.819,22554.7
2026-01-28 22:15:00,1769638500000,4.819,4.827,4.81,4.827,5272.3
2026-01-28 22:30:00,1769639400000,4.827,4.84,4.821,4.836,19601.7
2026-01-28 22:45:00,1769640300000,4.836,4.851,4.836,4.848,30626.8
2026-01-28 23:00:00,1769641200000,4.848,4.86,4.838,4.843,36949.4
2026-01-28 23:15:00,1769642100000,4.843,4.857,4.835,4.837,15959.3
2026-01-28 23:30:00,1769643000000,4.837,4.84,4.817,4.832,33156.2
2026-01-28 23:45:00,1769643900000,4.832,4.836,4.814,4.817,11105.0
2026-01-29 00:00:00,1769644800000,4.817,4.831,4.802,4.802,29533.3
2026-01-29 00:15:00,1769645700000,4.802,4.812,4.792,4.796,15716.4
2026-01-29 00:30:00,1769646600000,4.796,4.806,4.783,4.785,34121.2
2026-01-29 00:45:00,1769647500000,4.785,4.805,4.782,4.803,24067.8
2026-01-29 01:00:00,1769648400000,4.803,4.807,4.793,4.799,11461.2
2026-01-29 01:15:00,1769649300000,4.799,4.801,4.755,4.78,84650.5
2026-01-29 01:30:00,1769650200000,4.78,4.785,4.767,4.775,27742.4
2026-01-29 01:45:00,1769651100000,4.775,4.779,4.753,4.761,16960.2
2026-01-29 02:00:00,1769652000000,4.761,4.772,4.754,4.763,15511.0
2026-01-29 02:15:00,1769652900000,4.763,4.776,4.754,4.766,22020.6
2026-01-29 02:30:00,1769653800000,4.766,4.766,4.695,4.718,319036.7
2026-01-29 02:45:00,1769654700000,4.718,4.719,4.684,4.701,139553.0
2026-01-29 03:00:00,1769655600000,4.701,4.736,4.688,4.727,44569.2
2026-01-29 03:15:00,1769656500000,4.727,4.734,4.708,4.708,28745.5
2026-01-29 03:30:00,1769657400000,4.708,4.718,4.703,4.718,20721.9
2026-01-29 03:45:00,1769658300000,4.718,4.723,4.705,4.71,14723.8
2026-01-29 04:00:00,1769659200000,4.71,4.711,4.691,4.696,33914.9
2026-01-29 04:15:00,1769660100000,4.696,4.709,4.682,4.709,24551.8
2026-01-29 04:30:00,1769661000000,4.709,4.723,4.708,4.72,17443.8
2026-01-29 04:45:00,1769661900000,4.72,4.733,4.719,4.724,16939.1
2026-01-29 05:00:00,1769662800000,4.724,4.735,4.718,4.725,16651.4
2026-01-29 05:15:00,1769663700000,4.725,4.729,4.72,4.722,5987.4
2026-01-29 05:30:00,1769664600000,4.722,4.733,4.72,4.724,6748.0
2026-01-29 05:45:00,1769665500000,4.724,4.726,4.714,4.717,5383.0
2026-01-29 06:00:00,1769666400000,4.717,4.725,4.715,4.718,11622.8
2026-01-29 06:15:00,1769667300000,4.718,4.733,4.718,4.728,32890.9
2026-01-29 06:30:00,1769668200000,4.728,4.735,4.725,4.733,11542.0
2026-01-29 06:45:00,1769669100000,4.733,4.735,4.721,4.735,7847.8
2026-01-29 07:00:00,1769670000000,4.735,4.749,4.733,4.737,18234.6
2026-01-29 07:15:00,1769670900000,4.737,4.742,4.73,4.73,4822.2
2026-01-29 07:30:00,1769671800000,4.73,4.734,4.727,4.731,5312.2
2026-01-29 07:45:00,1769672700000,4.731,4.734,4.722,4.724,16505.8
2026-01-29 08:00:00,1769673600000,4.724,4.724,4.697,4.7,42344.9
2026-01-29 08:15:00,1769674500000,4.7,4.734,4.694,4.732,24107.2
2026-01-29 08:30:00,1769675400000,4.732,4.732,4.704,4.71,11725.1
2026-01-29 08:45:00,1769676300000,4.71,4.714,4.696,4.705,31857.4
2026-01-29 09:00:00,1769677200000,4.705,4.707,4.696,4.696,7607.1
2026-01-29 09:15:00,1769678100000,4.696,4.7,4.694,4.696,6962.0
2026-01-29 09:30:00,1769679000000,4.696,4.707,4.695,4.7,22928.8
2026-01-29 09:45:00,1769679900000,4.7,4.703,4.691,4.695,21754.7
2026-01-29 10:00:00,1769680800000,4.695,4.704,4.694,4.698,16447.1
2026-01-29 10:15:00,1769681700000,4.698,4.699,4.687,4.692,8855.3
2026-01-29 10:30:00,1769682600000,4.692,4.692,4.675,4.682,37013.5
2026-01-29 10:45:00,1769683500000,4.682,4.692,4.678,4.684,11110.9
2026-01-29 11:00:00,1769684400000,4.684,4.684,4.663,4.676,42998.7
2026-01-29 11:15:00,1769685300000,4.676,4.677,4.658,4.661,64732.1
2026-01-29 11:30:00,1769686200000,4.661,4.668,4.645,4.648,58692.2
2026-01-29 11:45:00,1769687100000,4.648,4.658,4.645,4.65,24650.6
2026-01-29 12:00:00,1769688000000,4.65,4.661,4.649,4.654,13873.6
2026-01-29 12:15:00,1769688900000,4.654,4.663,4.652,4.659,39216.1
2026-01-29 12:30:00,1769689800000,4.659,4.666,4.635,4.649,56320.9
2026-01-29 12:45:00,1769690700000,4.649,4.655,4.643,4.652,18807.2
2026-01-29 13:00:00,1769691600000,4.652,4.672,4.65,4.671,39469.5
2026-01-29 13:15:00,1769692500000,4.671,4.684,4.668,4.683,17823.4
2026-01-29 13:30:00,1769693400000,4.683,4.683,4.67,4.673,20389.4
2026-01-29 13:45:00,1769694300000,4.673,4.686,4.671,4.684,21660.0
2026-01-29 14:00:00,1769695200000,4.684,4.691,4.68,4.681,6667.1
2026-01-29 14:15:00,1769696100000,4.681,4.688,4.657,4.659,15734.2
2026-01-29 14:30:00,1769697000000,4.659,4.681,4.63,4.635,147786.7
2026-01-29 14:45:00,1769697900000,4.635,4.645,4.567,4.569,243884.8
2026-01-29 15:00:00,1769698800000,4.569,4.571,4.423,4.442,816653.8
2026-01-29 15:15:00,1769699700000,4.442,4.486,4.415,4.48,434812.5
2026-01-29 15:30:00,1769700600000,4.48,4.493,4.409,4.417,343982.0
2026-01-29 15:45:00,1769701500000,4.417,4.465,4.408,4.45,165910.4
2026-01-29 16:00:00,1769702400000,4.45,4.454,4.41,4.442,123612.8
2026-01-29 16:15:00,1769703300000,4.442,4.463,4.404,4.411,155228.8
2026-01-29 16:30:00,1769704200000,4.411,4.425,4.395,4.41,114692.6
2026-01-29 16:45:00,1769705100000,4.41,4.439,4.41,4.433,86002.7
2026-01-29 17:00:00,1769706000000,4.433,4.481,4.432,4.467,98031.9
2026-01-29 17:15:00,1769706900000,4.467,4.502,4.45,4.453,119610.1
2026-01-29 17:30:00,1769707800000,4.453,4.457,4.419,4.426,33787.2
2026-01-29 17:45:00,1769708700000,4.426,4.429,4.394,4.397,79852.3
2026-01-29 18:00:00,1769709600000,4.397,4.418,4.395,4.405,41995.9
2026-01-29 18:15:00,1769710500000,4.405,4.409,4.346,4.353,281389.8
2026-01-29 18:30:00,1769711400000,4.353,4.381,4.326,4.364,139393.3
2026-01-29 18:45:00,1769712300000,4.364,4.364,4.315,4.319,196749.8
2026-01-29 19:00:00,1769713200000,4.319,4.331,4.288,4.301,167650.7
2026-01-29 19:15:00,1769714100000,4.301,4.312,4.282,4.309,103886.2
2026-01-29 19:30:00,1769715000000,4.309,4.358,4.309,4.346,120420.9
2026-01-29 19:45:00,1769715900000,4.346,4.358,4.337,4.339,35920.4
2026-01-29 20:00:00,1769716800000,4.339,4.343,4.323,4.326,42134.0
2026-01-29 20:15:00,1769717700000,4.326,4.341,4.316,4.333,63350.2
2026-01-29 20:30:00,1769718600000,4.333,4.361,4.332,4.357,53853.0
2026-01-29 20:45:00,1769719500000,4.357,4.387,4.35,4.378,71373.5
2026-01-29 21:00:00,1769720400000,4.378,4.4,4.376,4.393,42846.2
2026-01-29 21:15:00,1769721300000,4.393,4.393,4.366,4.372,20567.5
2026-01-29 21:30:00,1769722200000,4.372,4.381,4.361,4.374,42577.2
2026-01-29 21:45:00,1769723100000,4.374,4.391,4.373,4.387,73607.5
2026-01-29 22:00:00,1769724000000,4.387,4.397,4.364,4.367,72281.1
2026-01-29 22:15:00,1769724900000,4.367,4.385,4.36,4.384,32873.1
2026-01-29 22:30:00,1769725800000,4.384,4.391,4.375,4.378,40022.2
2026-01-29 22:45:00,1769726700000,4.378,4.387,4.374,4.378,7037.4
2026-01-29 23:00:00,1769727600000,4.378,4.383,4.354,4.37,26916.9
2026-01-29 23:15:00,1769728500000,4.37,4.382,4.363,4.371,45996.8
2026-01-29 23:30:00,1769729400000,4.371,4.395,4.371,4.393,27173.5
2026-01-29 23:45:00,1769730300000,4.393,4.403,4.388,4.394,26505.7
2026-01-30 00:00:00,1769731200000,4.394,4.417,4.39,4.39,90304.4
2026-01-30 00:15:00,1769732100000,4.39,4.396,4.381,4.381,94341.2
2026-01-30 00:30:00,1769733000000,4.381,4.391,4.375,4.39,29682.7
2026-01-30 00:45:00,1769733900000,4.39,4.407,4.387,4.389,26173.3
2026-01-30 01:00:00,1769734800000,4.389,4.393,4.379,4.392,19164.1
2026-01-30 01:15:00,1769735700000,4.392,4.4,4.368,4.391,47237.9
2026-01-30 01:30:00,1769736600000,4.391,4.396,4.192,4.269,1724805.6
2026-01-30 01:45:00,1769737500000,4.269,4.329,4.262,4.321,327826.9
2026-01-30 02:00:00,1769738400000,4.321,4.324,4.257,4.26,123571.3
2026-01-30 02:15:00,1769739300000,4.26,4.269,4.198,4.217,182027.2
2026-01-30 02:30:00,1769740200000,4.217,4.275,4.203,4.26,121820.4
2026-01-30 02:45:00,1769741100000,4.26,4.267,4.228,4.239,58614.1
2026-01-30 03:00:00,1769742000000,4.239,4.264,4.239,4.26,54674.3
2026-01-30 03:15:00,1769742900000,4.26,4.267,4.251,4.257,61746.5
2026-01-30 03:30:00,1769743800000,4.257,4.262,4.241,4.247,23953.6
2026-01-30 03:45:00,1769744700000,4.247,4.25,4.236,4.247,27318.1
2026-01-30 04:00:00,1769745600000,4.247,4.28,4.246,4.27,37169.7
2026-01-30 04:15:00,1769746500000,4.27,4.31,4.265,4.301,54673.0
2026-01-30 04:30:00,1769747400000,4.301,4.311,4.292,4.299,30213.0
2026-01-30 04:45:00,1769748300000,4.299,4.305,4.283,4.287,28280.7
2026-01-30 05:00:00,1769749200000,4.287,4.29,4.26,4.263,17845.3
2026-01-30 05:15:00,1769750100000,4.263,4.285,4.255,4.28,34504.5
2026-01-30 05:30:00,1769751000000,4.28,4.283,4.264,4.269,33368.2
2026-01-30 05:45:00,1769751900000,4.269,4.28,4.265,4.265,8449.7
2026-01-30 06:00:00,1769752800000,4.265,4.271,4.25,4.25,22778.9
2026-01-30 06:15:00,1769753700000,4.25,4.253,4.216,4.221,91877.8
2026-01-30 06:30:00,1769754600000,4.221,4.226,4.2,4.202,147851.6
2026-01-30 06:45:00,1769755500000,4.202,4.217,4.173,4.204,221710.6
2026-01-30 07:00:00,1769756400000,4.204,4.269,4.204,4.258,110403.2
2026-01-30 07:15:00,1769757300000,4.258,4.269,4.246,4.254,50912.3
2026-01-30 07:30:00,1769758200000,4.254,4.256,4.228,4.236,45549.8
2026-01-30 07:45:00,1769759100000,4.236,4.261,4.236,4.253,26504.0
2026-01-30 08:00:00,1769760000000,4.253,4.26,4.24,4.258,23499.2
2026-01-30 08:15:00,1769760900000,4.258,4.263,4.242,4.242,17854.5
2026-01-30 08:30:00,1769761800000,4.242,4.242,4.2,4.216,90472.8
2026-01-30 08:45:00,1769762700000,4.216,4.217,4.194,4.199,84678.3
2026-01-30 09:00:00,1769763600000,4.199,4.215,4.198,4.204,74164.7
2026-01-30 09:15:00,1769764500000,4.204,4.209,4.19,4.2,54423.9
2026-01-30 09:30:00,1769765400000,4.2,4.224,4.2,4.218,72280.9
2026-01-30 09:45:00,1769766300000,4.218,4.218,4.181,4.215,84111.7
2026-01-30 10:00:00,1769767200000,4.215,4.221,4.196,4.21,26777.1
2026-01-30 10:15:00,1769768100000,4.21,4.233,4.205,4.226,28522.4
2026-01-30 10:30:00,1769769000000,4.226,4.23,4.216,4.225,31188.1
2026-01-30 10:45:00,1769769900000,4.225,4.247,4.225,4.246,14614.3
2026-01-30 11:00:00,1769770800000,4.246,4.256,4.242,4.249,25176.0
2026-01-30 11:15:00,1769771700000,4.249,4.255,4.242,4.248,27054.9
2026-01-30 11:30:00,1769772600000,4.248,4.266,4.245,4.257,27100.0
2026-01-30 11:45:00,1769773500000,4.257,4.327,4.254,4.309,69595.0
2026-01-30 12:00:00,1769774400000,4.309,4.315,4.29,4.295,37588.1
2026-01-30 12:15:00,1769775300000,4.295,4.302,4.284,4.29,37085.5
2026-01-30 12:30:00,1769776200000,4.29,4.297,4.279,4.279,25784.5
2026-01-30 12:45:00,1769777100000,4.279,4.293,4.275,4.291,25493.6
2026-01-30 13:00:00,1769778000000,4.291,4.301,4.269,4.29,53840.2
2026-01-30 13:15:00,1769778900000,4.29,4.295,4.27,4.281,30741.4
2026-01-30 13:30:00,1769779800000,4.281,4.299,4.245,4.276,151811.7
2026-01-30 13:45:00,1769780700000,4.276,4.277,4.24,4.253,43041.5
2026-01-30 14:00:00,1769781600000,4.253,4.294,4.253,4.278,54668.5
2026-01-30 14:15:00,1769782500000,4.278,4.278,4.254,4.259,35118.1
2026-01-30 14:30:00,1769783400000,4.259,4.313,4.244,4.302,121573.1
2026-01-30 14:45:00,1769784300000,4.302,4.308,4.247,4.276,100938.5
2026-01-30 15:00:00,1769785200000,4.276,4.308,4.268,4.286,110770.1
2026-01-30 15:15:00,1769786100000,4.286,4.297,4.217,4.221,76675.5
2026-01-30 15:30:00,1769787000000,4.221,4.289,4.203,4.279,157308.6
2026-01-30 15:45:00,1769787900000,4.279,4.279,4.255,4.259,36139.4
2026-01-30 16:00:00,1769788800000,4.259,4.269,4.235,4.266,44604.1
2026-01-30 16:15:00,1769789700000,4.266,4.283,4.225,4.27,89023.2
2026-01-30 16:30:00,1769790600000,4.27,4.304,4.264,4.294,66972.1
2026-01-30 16:45:00,1769791500000,4.294,4.294,4.259,4.264,35534.8
2026-01-30 17:00:00,1769792400000,4.264,4.27,4.237,4.24,45595.8
2026-01-30 17:15:00,1769793300000,4.24,4.299,4.233,4.294,50251.8
2026-01-30 17:30:00,1769794200000,4.294,4.294,4.26,4.277,37572.1
2026-01-30 17:45:00,1769795100000,4.277,4.279,4.254,4.258,26488.2
2026-01-30 18:00:00,1769796000000,4.258,4.274,4.235,4.246,45771.7
2026-01-30 18:15:00,1769796900000,4.246,4.246,4.136,4.207,521668.6
2026-01-30 18:30:00,1769797800000,4.207,4.269,4.191,4.267,133859.7
2026-01-30 18:45:00,1769798700000,4.267,4.333,4.257,4.315,245918.5
2026-01-30 19:00:00,1769799600000,4.315,4.34,4.303,4.314,156645.5
2026-01-30 19:15:00,1769800500000,4.314,4.345,4.308,4.336,333443.2
2026-01-30 19:30:00,1769801400000,4.336,4.34,4.303,4.305,120711.5
2026-01-30 19:45:00,1769802300000,4.305,4.332,4.297,4.307,70158.1
2026-01-30 20:00:00,1769803200000,4.307,4.307,4.267,4.279,78514.8
2026-01-30 20:15:00,1769804100000,4.279,4.292,4.241,4.255,158363.0
2026-01-30 20:30:00,1769805000000,4.255,4.276,4.22,4.245,190554.7
2026-01-30 20:45:00,1769805900000,4.245,4.26,4.222,4.233,103970.8
2026-01-30 21:00:00,1769806800000,4.233,4.254,4.229,4.245,66715.5
2026-01-30 21:15:00,1769807700000,4.245,4.283,4.245,4.253,122312.5
2026-01-30 21:30:00,1769808600000,4.253,4.27,4.24,4.251,21776.0
2026-01-30 21:45:00,1769809500000,4.251,4.279,4.249,4.274,161115.2
2026-01-30 22:00:00,1769810400000,4.274,4.284,4.267,4.268,237360.8
2026-01-30 22:15:00,1769811300000,4.268,4.274,4.263,4.264,240262.9
2026-01-30 22:30:00,1769812200000,4.264,4.281,4.264,4.274,43824.6
2026-01-30 22:45:00,1769813100000,4.274,4.284,4.264,4.279,21185.3
2026-01-30 23:00:00,1769814000000,4.279,4.284,4.263,4.265,33335.3
2026-01-30 23:15:00,1769814900000,4.265,4.272,4.26,4.265,144719.4
2026-01-30 23:30:00,1769815800000,4.265,4.275,4.262,4.274,24820.9
2026-01-30 23:45:00,1769816700000,4.274,4.277,4.271,4.274,11829.5
2026-01-31 00:00:00,1769817600000,4.274,4.282,4.268,4.282,16833.0
2026-01-31 00:15:00,1769818500000,4.282,4.287,4.277,4.282,34173.8
2026-01-31 00:30:00,1769819400000,4.282,4.295,4.279,4.29,41469.2
2026-01-31 00:45:00,1769820300000,4.29,4.29,4.279,4.283,23955.4
2026-01-31 01:00:00,1769821200000,4.283,4.302,4.282,4.302,29599.2
2026-01-31 01:15:00,1769822100000,4.302,4.305,4.29,4.291,15960.4
2026-01-31 01:30:00,1769823000000,4.291,4.291,4.268,4.281,13671.3
2026-01-31 01:45:00,1769823900000,4.281,4.285,4.271,4.279,15246.5
2026-01-31 02:00:00,1769824800000,4.279,4.279,4.264,4.274,11010.2
2026-01-31 02:15:00,1769825700000,4.274,4.274,4.26,4.268,43382.7
2026-01-31 02:30:00,1769826600000,4.268,4.294,4.267,4.289,59901.0
2026-01-31 02:45:00,1769827500000,4.289,4.295,4.281,4.281,7413.9
2026-01-31 03:00:00,1769828400000,4.281,4.285,4.269,4.278,8055.0
2026-01-31 03:15:00,1769829300000,4.278,4.278,4.27,4.275,6548.8
2026-01-31 03:30:00,1769830200000,4.275,4.278,4.265,4.27,6545.6
2026-01-31 03:45:00,1769831100000,4.27,4.272,4.26,4.265,54592.2
2026-01-31 04:00:00,1769832000000,4.265,4.278,4.264,4.278,6671.9
2026-01-31 04:15:00,1769832900000,4.278,4.284,4.271,4.276,5315.0
2026-01-31 04:30:00,1769833800000,4.276,4.276,4.261,4.262,9979.6
2026-01-31 04:45:00,1769834700000,4.262,4.265,4.258,4.259,87717.1
2026-01-31 05:00:00,1769835600000,4.259,4.272,4.257,4.272,70228.0
2026-01-31 05:15:00,1769836500000,4.272,4.279,4.265,4.274,36846.5
2026-01-31 05:30:00,1769837400000,4.274,4.281,4.27,4.276,14942.7
2026-01-31 05:45:00,1769838300000,4.276,4.283,4.273,4.282,5905.4
2026-01-31 06:00:00,1769839200000,4.282,4.285,4.272,4.276,10814.5
2026-01-31 06:15:00,1769840100000,4.276,4.278,4.252,4.255,244773.7
2026-01-31 06:30:00,1769841000000,4.255,4.263,4.251,4.255,70384.2
2026-01-31 06:45:00,1769841900000,4.255,4.263,4.252,4.259,17681.6
2026-01-31 07:00:00,1769842800000,4.259,4.262,4.252,4.255,17548.2
2026-01-31 07:15:00,1769843700000,4.255,4.259,4.251,4.253,9919.7
2026-01-31 07:30:00,1769844600000,4.253,4.253,4.208,4.215,165757.6
2026-01-31 07:45:00,1769845500000,4.215,4.233,4.214,4.224,62209.8
2026-01-31 08:00:00,1769846400000,4.224,4.233,4.201,4.211,85468.6
2026-01-31 08:15:00,1769847300000,4.211,4.211,4.162,4.18,208714.3
2026-01-31 08:30:00,1769848200000,4.18,4.18,4.117,4.141,466346.2
2026-01-31 08:45:00,1769849100000,4.141,4.182,4.127,4.172,134352.5
2026-01-31 09:00:00,1769850000000,4.172,4.183,4.167,4.179,44486.4
2026-01-31 09:15:00,1769850900000,4.179,4.183,4.152,4.159,36784.2
2026-01-31 09:30:00,1769851800000,4.159,4.193,4.159,4.179,40393.3
2026-01-31 09:45:00,1769852700000,4.179,4.179,4.166,4.168,19366.2
2026-01-31 10:00:00,1769853600000,4.168,4.172,4.145,4.148,40123.8
2026-01-31 10:15:00,1769854500000,4.148,4.172,4.148,4.172,27922.1
2026-01-31 10:30:00,1769855400000,4.172,4.191,4.172,4.179,22198.7
2026-01-31 10:45:00,1769856300000,4.179,4.18,4.165,4.166,25452.2
2026-01-31 11:00:00,1769857200000,4.166,4.166,4.145,4.15,29848.7
2026-01-31 11:15:00,1769858100000,4.15,4.162,4.148,4.16,12929.6
2026-01-31 11:30:00,1769859000000,4.16,4.165,4.148,4.149,12522.0
2026-01-31 11:45:00,1769859900000,4.149,4.151,4.136,4.14,32019.0
2026-01-31 12:00:00,1769860800000,4.14,4.148,4.116,4.123,93163.9
2026-01-31 12:15:00,1769861700000,4.123,4.14,4.121,4.132,26500.6
2026-01-31 12:30:00,1769862600000,4.132,4.134,4.119,4.131,37746.9
2026-01-31 12:45:00,1769863500000,4.131,4.134,4.111,4.118,106354.2
2026-01-31 13:00:00,1769864400000,4.118,4.12,4.098,4.104,88200.1
2026-01-31 13:15:00,1769865300000,4.104,4.11,4.092,4.097,52015.6
2026-01-31 13:30:00,1769866200000,4.097,4.104,4.074,4.091,313787.1
2026-01-31 13:45:00,1769867100000,4.091,4.098,4.087,4.098,41580.1
2026-01-31 14:00:00,1769868000000,4.098,4.106,4.053,4.071,131528.3
2026-01-31 14:15:00,1769868900000,4.071,4.077,3.945,3.975,1334068.3
2026-01-31 14:30:00,1769869800000,3.975,3.997,3.892,3.904,763249.5
2026-01-31 14:45:00,1769870700000,3.904,3.981,3.887,3.972,184107.6
2026-01-31 15:00:00,1769871600000,3.972,4.02,3.965,3.996,153140.7
2026-01-31 15:15:00,1769872500000,3.996,4.005,3.978,4.003,86271.5
2026-01-31 15:30:00,1769873400000,4.003,4.019,3.99,4.008,83528.4
2026-01-31 15:45:00,1769874300000,4.008,4.022,3.986,3.989,67632.9
2026-01-31 16:00:00,1769875200000,3.989,4.01,3.976,3.999,138417.5
2026-01-31 16:15:00,1769876100000,3.999,4.067,3.973,4.024,374832.5
2026-01-31 16:30:00,1769877000000,4.024,4.03,3.996,4.005,107726.1
2026-01-31 16:45:00,1769877900000,4.005,4.007,3.943,3.955,246561.4
2026-01-31 17:00:00,1769878800000,3.955,3.968,3.68,3.81,3108750.6
2026-01-31 17:15:00,1769879700000,3.81,3.849,3.794,3.821,752972.0
2026-01-31 17:30:00,1769880600000,3.821,3.853,3.782,3.817,248521.8
2026-01-31 17:45:00,1769881500000,3.817,3.833,3.79,3.825,223349.5
2026-01-31 18:00:00,1769882400000,3.825,3.839,3.801,3.828,300595.9
2026-01-31 18:15:00,1769883300000,3.828,3.83,3.783,3.818,176603.5
2026-01-31 18:30:00,1769884200000,3.818,3.825,3.616,3.758,2384596.6
2026-01-31 18:45:00,1769885100000,3.758,3.83,3.738,3.792,1303618.9
2026-01-31 19:00:00,1769886000000,3.792,3.866,3.786,3.849,329284.0
2026-01-31 19:15:00,1769886900000,3.849,3.872,3.824,3.84,170714.5
2026-01-31 19:30:00,1769887800000,3.84,3.845,3.787,3.805,143220.0
2026-01-31 19:45:00,1769888700000,3.805,3.833,3.796,3.821,65433.7
2026-01-31 20:00:00,1769889600000,3.821,3.838,3.781,3.783,136340.5
2026-01-31 20:15:00,1769890500000,3.783,3.838,3.775,3.791,111293.1
2026-01-31 20:30:00,1769891400000,3.791,3.814,3.777,3.812,80791.5
2026-01-31 20:45:00,1769892300000,3.812,3.833,3.793,3.827,116376.7
2026-01-31 21:00:00,1769893200000,3.827,3.857,3.812,3.82,145167.4
2026-01-31 21:15:00,1769894100000,3.82,3.872,3.82,3.866,156050.7
2026-01-31 21:30:00,1769895000000,3.866,3.903,3.852,3.891,108767.6
2026-01-31 21:45:00,1769895900000,3.891,3.901,3.878,3.891,43576.0
2026-01-31 22:00:00,1769896800000,3.891,3.903,3.879,3.882,90192.4
2026-01-31 22:15:00,1769897700000,3.882,3.894,3.875,3.89,22455.5
2026-01-31 22:30:00,1769898600000,3.89,3.895,3.869,3.874,51742.2
2026-01-31 22:45:00,1769899500000,3.874,3.892,3.872,3.886,17525.7
2026-01-31 23:00:00,1769900400000,3.886,3.905,3.882,3.884,53144.5
2026-01-31 23:15:00,1769901300000,3.884,3.97,3.881,3.954,181422.8
2026-01-31 23:30:00,1769902200000,3.954,3.966,3.936,3.939,52983.8
2026-01-31 23:45:00,1769903100000,3.939,3.961,3.927,3.957,73393.4
2026-02-01 00:00:00,1769904000000,3.957,3.985,3.948,3.982,110592.2
2026-02-01 00:15:00,1769904900000,3.982,4.003,3.978,3.989,109027.3
2026-02-01 00:30:00,1769905800000,3.989,3.998,3.97,3.981,41728.2
2026-02-01 00:45:00,1769906700000,3.981,4.002,3.979,3.985,45820.9
2026-02-01 01:00:00,1769907600000,3.985,3.985,3.943,3.956,50309.3
2026-02-01 01:15:00,1769908500000,3.956,3.978,3.937,3.976,47471.8
2026-02-01 01:30:00,1769909400000,3.976,3.979,3.959,3.968,56786.7
2026-02-01 01:45:00,1769910300000,3.968,3.99,3.968,3.977,47526.1
2026-02-01 02:00:00,1769911200000,3.977,4.003,3.976,3.999,38817.5
2026-02-01 02:15:00,1769912100000,3.999,4.002,3.973,3.976,19603.4
2026-02-01 02:30:00,1769913000000,3.976,4.001,3.976,3.998,31779.1
2026-02-01 02:45:00,1769913900000,3.998,4.023,3.998,4.013,59154.1
2026-02-01 03:00:00,1769914800000,4.013,4.016,4.0,4.006,16349.4
2026-02-01 03:15:00,1769915700000,4.006,4.006,3.988,3.994,36435.6
2026-02-01 03:30:00,1769916600000,3.994,3.995,3.978,3.983,15878.8
2026-02-01 03:45:00,1769917500000,3.983,3.99,3.982,3.988,14832.3
2026-02-01 04:00:00,1769918400000,3.988,4.011,3.988,4.0,35211.3
2026-02-01 04:15:00,1769919300000,4.0,4.007,3.983,3.987,21508.6
2026-02-01 04:30:00,1769920200000,3.987,4.0,3.981,4.0,25091.1
2026-02-01 04:45:00,1769921100000,4.0,4.001,3.994,3.994,14291.4
2026-02-01 05:00:00,1769922000000,3.994,4.002,3.982,3.992,50233.3
2026-02-01 05:15:00,1769922900000,3.992,4.009,3.983,4.005,37074.4
2026-02-01 05:30:00,1769923800000,4.005,4.005,3.96,3.962,54962.7
2026-02-01 05:45:00,1769924700000,3.962,3.968,3.959,3.965,37869.1
2026-02-01 06:00:00,1769925600000,3.965,3.981,3.964,3.977,27737.4
2026-02-01 06:15:00,1769926500000,3.977,3.984,3.969,3.97,9975.7
2026-02-01 06:30:00,1769927400000,3.97,3.974,3.938,3.954,52747.5
2026-02-01 06:45:00,1769928300000,3.954,3.958,3.944,3.952,24036.8
2026-02-01 07:00:00,1769929200000,3.952,3.957,3.933,3.937,124422.6
2026-02-01 07:15:00,1769930100000,3.937,3.945,3.929,3.943,32715.9
2026-02-01 07:30:00,1769931000000,3.943,3.985,3.935,3.98,119616.8
2026-02-01 07:45:00,1769931900000,3.98,3.98,3.952,3.955,34509.3
2026-02-01 08:00:00,1769932800000,3.955,3.966,3.948,3.948,45874.8
2026-02-01 08:15:00,1769933700000,3.948,3.958,3.939,3.951,70377.8
2026-02-01 08:30:00,1769934600000,3.951,3.986,3.948,3.986,40107.7
2026-02-01 08:45:00,1769935500000,3.986,3.986,3.951,3.955,51616.6
2026-02-01 09:00:00,1769936400000,3.955,3.966,3.949,3.956,22835.8
2026-02-01 09:15:00,1769937300000,3.956,3.957,3.935,3.936,26999.8
2026-02-01 09:30:00,1769938200000,3.936,3.967,3.933,3.965,74464.4
2026-02-01 09:45:00,1769939100000,3.965,3.976,3.955,3.967,90886.9
2026-02-01 10:00:00,1769940000000,3.967,3.979,3.961,3.974,38602.5
2026-02-01 10:15:00,1769940900000,3.974,3.974,3.956,3.96,23163.6
2026-02-01 10:30:00,1769941800000,3.96,3.963,3.911,3.912,169788.5
2026-02-01 10:45:00,1769942700000,3.912,3.924,3.897,3.903,67311.9
2026-02-01 11:00:00,1769943600000,3.903,3.918,3.903,3.918,21364.9
2026-02-01 11:15:00,1769944500000,3.918,3.919,3.898,3.907,38486.1
2026-02-01 11:30:00,1769945400000,3.907,3.955,3.907,3.952,41548.4
2026-02-01 11:45:00,1769946300000,3.952,3.954,3.934,3.939,16701.2
2026-02-01 12:00:00,1769947200000,3.939,3.94,3.921,3.924,13105.0
2026-02-01 12:15:00,1769948100000,3.924,3.924,3.885,3.901,90084.7
2026-02-01 12:30:00,1769949000000,3.901,3.92,3.896,3.897,29936.4
2026-02-01 12:45:00,1769949900000,3.897,3.903,3.887,3.889,31492.8
2026-02-01 13:00:00,1769950800000,3.889,3.924,3.889,3.92,121702.7
2026-02-01 13:15:00,1769951700000,3.92,3.92,3.891,3.897,33758.8
2026-02-01 13:30:00,1769952600000,3.897,3.9,3.88,3.891,24721.5
2026-02-01 13:45:00,1769953500000,3.891,3.896,3.86,3.874,65715.3
2026-02-01 14:00:00,1769954400000,3.874,3.884,3.858,3.859,55801.7
2026-02-01 14:15:00,1769955300000,3.859,3.865,3.84,3.843,90501.8
2026-02-01 14:30:00,1769956200000,3.843,3.872,3.813,3.855,255538.6
2026-02-01 14:45:00,1769957100000,3.855,3.913,3.851,3.877,136628.7
2026-02-01 15:00:00,1769958000000,3.877,3.878,3.832,3.835,71830.1
2026-02-01 15:15:00,1769958900000,3.835,3.84,3.782,3.786,167534.9
2026-02-01 15:30:00,1769959800000,3.786,3.816,3.759,3.795,236412.5
2026-02-01 15:45:00,1769960700000,3.795,3.849,3.786,3.826,143732.5
2026-02-01 16:00:00,1769961600000,3.826,3.854,3.806,3.836,171585.9
2026-02-01 16:15:00,1769962500000,3.836,3.871,3.793,3.855,152667.7
2026-02-01 16:30:00,1769963400000,3.855,3.872,3.82,3.827,76925.2
2026-02-01 16:45:00,1769964300000,3.827,3.849,3.819,3.84,64468.4
2026-02-01 17:00:00,1769965200000,3.84,3.857,3.834,3.851,78849.7
2026-02-01 17:15:00,1769966100000,3.851,3.851,3.821,3.833,435042.9
2026-02-01 17:30:00,1769967000000,3.833,3.844,3.813,3.834,107775.3
2026-02-01 17:45:00,1769967900000,3.834,3.854,3.825,3.853,41177.5
2026-02-01 18:00:00,1769968800000,3.853,3.92,3.852,3.909,157703.5
2026-02-01 18:15:00,1769969700000,3.909,3.928,3.886,3.903,89760.6
2026-02-01 18:30:00,1769970600000,3.903,3.903,3.881,3.885,38642.7
2026-02-01 18:45:00,1769971500000,3.885,3.893,3.872,3.891,39427.1
2026-02-01 19:00:00,1769972400000,3.891,3.901,3.868,3.877,35290.6
2026-02-01 19:15:00,1769973300000,3.877,3.883,3.859,3.877,25816.0
2026-02-01 19:30:00,1769974200000,3.877,3.888,3.867,3.869,26935.5
2026-02-01 19:45:00,1769975100000,3.869,3.869,3.836,3.859,137883.4
2026-02-01 20:00:00,1769976000000,3.859,3.866,3.845,3.849,47391.6
2026-02-01 20:15:00,1769976900000,3.849,3.865,3.814,3.821,109917.1
2026-02-01 20:30:00,1769977800000,3.821,3.902,3.821,3.881,84141.2
2026-02-01 20:45:00,1769978700000,3.881,3.883,3.855,3.859,27249.9
2026-02-01 21:00:00,1769979600000,3.859,3.861,3.823,3.839,41155.3
2026-02-01 21:15:00,1769980500000,3.839,3.844,3.825,3.838,40878.9
2026-02-01 21:30:00,1769981400000,3.838,3.863,3.83,3.852,62419.7
2026-02-01 21:45:00,1769982300000,3.852,3.857,3.824,3.841,80046.4
2026-02-01 22:00:00,1769983200000,3.841,3.904,3.836,3.892,103265.7
2026-02-01 22:15:00,1769984100000,3.892,3.893,3.838,3.869,53206.3
2026-02-01 22:30:00,1769985000000,3.869,3.898,3.869,3.879,18050.0
2026-02-01 22:45:00,1769985900000,3.879,3.888,3.86,3.871,22289.9
2026-02-01 23:00:00,1769986800000,3.871,3.873,3.75,3.827,464890.2
2026-02-01 23:15:00,1769987700000,3.827,3.855,3.791,3.844,304449.3
2026-02-01 23:30:00,1769988600000,3.844,3.901,3.829,3.873,146952.6
2026-02-01 23:45:00,1769989500000,3.873,3.873,3.831,3.834,108899.9
2026-02-02 00:00:00,1769990400000,3.834,3.894,3.813,3.885,244167.4
2026-02-02 00:15:00,1769991300000,3.885,3.923,3.88,3.909,357592.4
2026-02-02 00:30:00,1769992200000,3.909,3.929,3.897,3.915,87876.8
2026-02-02 00:45:00,1769993100000,3.915,3.924,3.89,3.894,63078.0
2026-02-02 01:00:00,1769994000000,3.894,3.919,3.848,3.861,97306.0
2026-02-02 01:15:00,1769994900000,3.861,3.959,3.849,3.95,201899.7
2026-02-02 01:30:00,1769995800000,3.95,3.951,3.92,3.937,58033.9
2026-02-02 01:45:00,1769996700000,3.937,3.941,3.912,3.922,47089.6
2026-02-02 02:00:00,1769997600000,3.922,3.927,3.896,3.906,57225.7
2026-02-02 02:15:00,1769998500000,3.906,3.937,3.905,3.919,57007.0
2026-02-02 02:30:00,1769999400000,3.919,3.925,3.887,3.899,42531.0
2026-02-02 02:45:00,1770000300000,3.899,3.902,3.878,3.881,45688.3
2026-02-02 03:00:00,1770001200000,3.881,3.888,3.827,3.83,79576.9
2026-02-02 03:15:00,1770002100000,3.83,3.835,3.74,3.747,377303.4
2026-02-02 03:30:00,1770003000000,3.747,3.774,3.711,3.734,293351.6
2026-02-02 03:45:00,1770003900000,3.734,3.867,3.733,3.846,302122.0
2026-02-02 04:00:00,1770004800000,3.846,3.849,3.776,3.784,107566.6
2026-02-02 04:15:00,1770005700000,3.784,3.872,3.78,3.87,192854.2
2026-02-02 04:30:00,1770006600000,3.87,3.879,3.849,3.854,98563.6
2026-02-02 04:45:00,1770007500000,3.854,3.856,3.836,3.843,75709.4
2026-02-02 05:00:00,1770008400000,3.843,3.85,3.788,3.793,267075.7
2026-02-02 05:15:00,1770009300000,3.793,3.795,3.729,3.741,147603.0
2026-02-02 05:30:00,1770010200000,3.741,3.765,3.723,3.75,105055.6
2026-02-02 05:45:00,1770011100000,3.75,3.783,3.74,3.755,118619.2
2026-02-02 06:00:00,1770012000000,3.755,3.77,3.713,3.761,175988.3
2026-02-02 06:15:00,1770012900000,3.761,3.804,3.753,3.764,163281.6
2026-02-02 06:30:00,1770013800000,3.764,3.866,3.702,3.817,737149.5
2026-02-02 06:45:00,1770014700000,3.817,3.849,3.796,3.824,195428.9
2026-02-02 07:00:00,1770015600000,3.824,3.867,3.817,3.836,113795.3
2026-02-02 07:15:00,1770016500000,3.836,3.855,3.822,3.836,72717.3
2026-02-02 07:30:00,1770017400000,3.836,3.868,3.834,3.857,82747.7
2026-02-02 07:45:00,1770018300000,3.857,3.883,3.846,3.847,80170.1
2026-02-02 08:00:00,1770019200000,3.847,3.877,3.847,3.868,50964.3
2026-02-02 08:15:00,1770020100000,3.868,3.885,3.853,3.86,46260.1
2026-02-02 08:30:00,1770021000000,3.86,3.882,3.86,3.868,41810.4
2026-02-02 08:45:00,1770021900000,3.868,3.878,3.861,3.869,26625.0
2026-02-02 09:00:00,1770022800000,3.869,3.875,3.855,3.86,43723.5
2026-02-02 09:15:00,1770023700000,3.86,3.902,3.85,3.902,77336.7
2026-02-02 09:30:00,1770024600000,3.902,3.917,3.877,3.891,122163.1
2026-02-02 09:45:00,1770025500000,3.891,3.923,3.89,3.905,132495.2
2026-02-02 10:00:00,1770026400000,3.905,3.923,3.902,3.914,38115.1
2026-02-02 10:15:00,1770027300000,3.914,3.918,3.897,3.912,76547.2
2026-02-02 10:30:00,1770028200000,3.912,3.928,3.898,3.903,84648.2
2026-02-02 10:45:00,1770029100000,3.903,3.921,3.902,3.909,48331.2
2026-02-02 11:00:00,1770030000000,3.909,3.926,3.904,3.914,59451.1
2026-02-02 11:15:00,1770030900000,3.914,3.914,3.898,3.909,37600.5
2026-02-02 11:30:00,1770031800000,3.909,3.92,3.905,3.912,78616.2
2026-02-02 11:45:00,1770032700000,3.912,3.929,3.904,3.909,102539.1
2026-02-02 12:00:00,1770033600000,3.909,3.934,3.909,3.93,47388.8
2026-02-02 12:15:00,1770034500000,3.93,3.951,3.923,3.928,104904.3
2026-02-02 12:30:00,1770035400000,3.928,3.931,3.919,3.924,16678.3
2026-02-02 12:45:00,1770036300000,3.924,3.943,3.924,3.932,31248.1
2026-02-02 13:00:00,1770037200000,3.932,3.933,3.918,3.925,21311.3
2026-02-02 13:15:00,1770038100000,3.925,3.939,3.915,3.926,38073.1
2026-02-02 13:30:00,1770039000000,3.926,3.935,3.919,3.929,25508.8
2026-02-02 13:45:00,1770039900000,3.929,3.944,3.923,3.932,59190.9
2026-02-02 14:00:00,1770040800000,3.932,3.934,3.894,3.908,102065.8
2026-02-02 14:15:00,1770041700000,3.908,3.917,3.894,3.907,95489.5
2026-02-02 14:30:00,1770042600000,3.907,3.962,3.907,3.932,258369.6
2026-02-02 14:45:00,1770043500000,3.932,3.948,3.908,3.912,124252.0
2026-02-02 15:00:00,1770044400000,3.912,3.942,3.902,3.935,105500.2
2026-02-02 15:15:00,1770045300000,3.935,3.973,3.926,3.958,137581.3
2026-02-02 15:30:00,1770046200000,3.958,3.996,3.948,3.975,159192.4
2026-02-02 15:45:00,1770047100000,3.975,3.983,3.947,3.965,58064.0
2026-02-02 16:00:00,1770048000000,3.965,3.976,3.952,3.967,43517.4
2026-02-02 16:15:00,1770048900000,3.967,3.982,3.96,3.982,53684.4
2026-02-02 16:30:00,1770049800000,3.982,3.984,3.963,3.972,32759.2
2026-02-02 16:45:00,1770050700000,3.972,3.972,3.941,3.946,28504.7
2026-02-02 17:00:00,1770051600000,3.946,3.966,3.944,3.964,37104.7
2026-02-02 17:15:00,1770052500000,3.964,3.971,3.952,3.953,30926.3
2026-02-02 17:30:00,1770053400000,3.953,3.962,3.925,3.933,75630.7
2026-02-02 17:45:00,1770054300000,3.933,3.942,3.924,3.938,17634.3
2026-02-02 18:00:00,1770055200000,3.938,3.94,3.926,3.93,21536.2
2026-02-02 18:15:00,1770056100000,3.93,3.932,3.916,3.923,35013.3
2026-02-02 18:30:00,1770057000000,3.923,3.956,3.923,3.934,57934.6
2026-02-02 18:45:00,1770057900000,3.934,3.939,3.933,3.936,8940.7
2026-02-02 19:00:00,1770058800000,3.936,3.94,3.928,3.936,24724.0
2026-02-02 19:15:00,1770059700000,3.936,3.939,3.924,3.93,15941.8
2026-02-02 19:30:00,1770060600000,3.93,3.93,3.919,3.929,21272.6
2026-02-02 19:45:00,1770061500000,3.929,3.931,3.916,3.918,14416.0
2026-02-02 20:00:00,1770062400000,3.918,3.929,3.905,3.917,37694.6
2026-02-02 20:15:00,1770063300000,3.917,3.924,3.912,3.917,20193.9
2026-02-02 20:30:00,1770064200000,3.917,3.917,3.901,3.904,16032.5
2026-02-02 20:45:00,1770065100000,3.904,3.916,3.896,3.908,27604.2
2026-02-02 21:00:00,1770066000000,3.908,3.933,3.906,3.929,33835.4
2026-02-02 21:15:00,1770066900000,3.929,3.931,3.914,3.918,18890.4
2026-02-02 21:30:00,1770067800000,3.918,3.93,3.917,3.922,20495.6
2026-02-02 21:45:00,1770068700000,3.922,3.932,3.922,3.924,15305.1
2026-02-02 22:00:00,1770069600000,3.924,3.94,3.924,3.932,21494.6
2026-02-02 22:15:00,1770070500000,3.932,3.932,3.922,3.929,9569.2
2026-02-02 22:30:00,1770071400000,3.929,3.94,3.928,3.937,9068.1
2026-02-02 22:45:00,1770072300000,3.937,3.94,3.928,3.934,11226.5
2026-02-02 23:00:00,1770073200000,3.934,3.939,3.928,3.932,13321.8
2026-02-02 23:15:00,1770074100000,3.932,3.934,3.918,3.918,35227.9
2026-02-02 23:30:00,1770075000000,3.918,3.934,3.917,3.926,10345.1
2026-02-02 23:45:00,1770075900000,3.926,3.929,3.919,3.923,8328.0
2026-02-03 00:00:00,1770076800000,3.923,3.93,3.88,3.897,76084.4
2026-02-03 00:15:00,1770077700000,3.897,3.907,3.894,3.904,43856.0
2026-02-03 00:30:00,1770078600000,3.904,3.906,3.887,3.9,60789.1
2026-02-03 00:45:00,1770079500000,3.9,3.913,3.895,3.912,43128.1
2026-02-03 01:00:00,1770080400000,3.912,3.916,3.895,3.903,29238.4
2026-02-03 01:15:00,1770081300000,3.903,3.907,3.89,3.904,17208.6
2026-02-03 01:30:00,1770082200000,3.904,3.904,3.89,3.902,22834.4
2026-02-03 01:45:00,1770083100000,3.902,3.909,3.899,3.907,14207.7
2026-02-03 02:00:00,1770084000000,3.907,3.908,3.869,3.874,25080.1
2026-02-03 02:15:00,1770084900000,3.874,3.889,3.872,3.877,16477.1
2026-02-03 02:30:00,1770085800000,3.877,3.88,3.862,3.869,48705.3
2026-02-03 02:45:00,1770086700000,3.869,3.875,3.843,3.845,95218.4
2026-02-03 03:00:00,1770087600000,3.845,3.861,3.834,3.851,44228.8
2026-02-03 03:15:00,1770088500000,3.851,3.864,3.833,3.863,56201.8
2026-02-03 03:30:00,1770089400000,3.863,3.899,3.859,3.899,50540.0
2026-02-03 03:45:00,1770090300000,3.899,3.926,3.893,3.92,47733.8
2026-02-03 04:00:00,1770091200000,3.92,3.93,3.911,3.927,50684.8
2026-02-03 04:15:00,1770092100000,3.927,3.932,3.915,3.917,37425.9
2026-02-03 04:30:00,1770093000000,3.917,3.952,3.916,3.95,32932.5
2026-02-03 04:45:00,1770093900000,3.95,3.953,3.939,3.939,20795.3
2026-02-03 05:00:00,1770094800000,3.939,3.945,3.916,3.918,16695.7
2026-02-03 05:15:00,1770095700000,3.918,3.929,3.914,3.92,15925.7
2026-02-03 05:30:00,1770096600000,3.92,3.93,3.918,3.925,28612.4
2026-02-03 05:45:00,1770097500000,3.925,3.93,3.907,3.91,11494.3
2026-02-03 06:00:00,1770098400000,3.91,3.914,3.881,3.883,78278.0
2026-02-03 06:15:00,1770099300000,3.883,3.916,3.88,3.911,42829.7
2026-02-03 06:30:00,1770100200000,3.911,3.914,3.9,3.904,12917.2
2026-02-03 06:45:00,1770101100000,3.904,3.913,3.901,3.904,14294.5
2026-02-03 07:00:00,1770102000000,3.904,3.915,3.891,3.902,28691.7
2026-02-03 07:15:00,1770102900000,3.902,3.907,3.894,3.9,15108.0
2026-02-03 07:30:00,1770103800000,3.9,3.929,3.899,3.916,27899.7
2026-02-03 07:45:00,1770104700000,3.916,3.917,3.901,3.904,21565.8
2026-02-03 08:00:00,1770105600000,3.904,3.91,3.89,3.892,23314.1
2026-02-03 08:15:00,1770106500000,3.892,3.932,3.891,3.923,21416.5
2026-02-03 08:30:00,1770107400000,3.923,3.928,3.912,3.927,13264.5
2026-02-03 08:45:00,1770108300000,3.927,3.928,3.899,3.902,12738.9
2026-02-03 09:00:00,1770109200000,3.902,3.91,3.863,3.865,132052.6
2026-02-03 09:15:00,1770110100000,3.865,3.876,3.846,3.85,168558.3
2026-02-03 09:30:00,1770111000000,3.85,3.88,3.847,3.874,78113.4
2026-02-03 09:45:00,1770111900000,3.874,3.879,3.869,3.877,15328.8
2026-02-03 10:00:00,1770112800000,3.877,3.91,3.872,3.9,86393.0
2026-02-03 10:15:00,1770113700000,3.9,3.902,3.89,3.899,25668.9
2026-02-03 10:30:00,1770114600000,3.899,3.899,3.876,3.88,35579.0
2026-02-03 10:45:00,1770115500000,3.88,3.887,3.876,3.882,16145.8
2026-02-03 11:00:00,1770116400000,3.882,3.892,3.879,3.882,13988.6
2026-02-03 11:15:00,1770117300000,3.882,3.891,3.879,3.888,11822.3
2026-02-03 11:30:00,1770118200000,3.888,3.901,3.886,3.895,30938.1
2026-02-03 11:45:00,1770119100000,3.895,3.905,3.892,3.894,27164.6
2026-02-03 12:00:00,1770120000000,3.894,3.917,3.884,3.908,34327.9
2026-02-03 12:15:00,1770120900000,3.908,3.917,3.897,3.915,25566.4
2026-02-03 12:30:00,1770121800000,3.915,3.924,3.908,3.92,22016.0
2026-02-03 12:45:00,1770122700000,3.92,3.936,3.92,3.927,29030.5
2026-02-03 13:00:00,1770123600000,3.927,3.935,3.919,3.928,14412.6
2026-02-03 13:15:00,1770124500000,3.928,3.932,3.915,3.932,36798.4
2026-02-03 13:30:00,1770125400000,3.932,3.932,3.919,3.92,17134.6
2026-02-03 13:45:00,1770126300000,3.92,3.939,3.918,3.933,52928.9
2026-02-03 14:00:00,1770127200000,3.933,3.946,3.929,3.939,33734.9
2026-02-03 14:15:00,1770128100000,3.939,3.946,3.919,3.937,28682.4
2026-02-03 14:30:00,1770129000000,3.937,3.938,3.887,3.9,108921.5
2026-02-03 14:45:00,1770129900000,3.9,3.918,3.859,3.861,78017.0
2026-02-03 15:00:00,1770130800000,3.861,3.902,3.856,3.861,77717.4
2026-02-03 15:15:00,1770131700000,3.861,3.95,3.855,3.921,259032.3
2026-02-03 15:30:00,1770132600000,3.921,3.948,3.903,3.905,82167.8
2026-02-03 15:45:00,1770133500000,3.905,3.969,3.901,3.962,80948.0
2026-02-03 16:00:00,1770134400000,3.962,3.963,3.914,3.917,63686.7
2026-02-03 16:15:00,1770135300000,3.917,3.92,3.884,3.885,215819.8
2026-02-03 16:30:00,1770136200000,3.885,3.893,3.868,3.88,170500.4
2026-02-03 16:45:00,1770137100000,3.88,3.883,3.862,3.872,98060.7
2026-02-03 17:00:00,1770138000000,3.872,3.881,3.842,3.848,83089.1
2026-02-03 17:15:00,1770138900000,3.848,3.866,3.841,3.853,63745.9
2026-02-03 17:30:00,1770139800000,3.853,3.853,3.807,3.808,70310.0
2026-02-03 17:45:00,1770140700000,3.808,3.847,3.797,3.799,151897.6
2026-02-03 18:00:00,1770141600000,3.799,3.818,3.777,3.778,167726.3
2026-02-03 18:15:00,1770142500000,3.778,3.785,3.714,3.73,361850.3
2026-02-03 18:30:00,1770143400000,3.73,3.755,3.703,3.725,198691.1
2026-02-03 18:45:00,1770144300000,3.725,3.726,3.69,3.71,264220.8
2026-02-03 19:00:00,1770145200000,3.71,3.838,3.698,3.83,279832.6
2026-02-03 19:15:00,1770146100000,3.83,3.883,3.826,3.87,179810.8
2026-02-03 19:30:00,1770147000000,3.87,3.928,3.868,3.88,144182.7
2026-02-03 19:45:00,1770147900000,3.88,3.889,3.857,3.878,97700.3
2026-02-03 20:00:00,1770148800000,3.878,3.884,3.831,3.839,57121.7
2026-02-03 20:15:00,1770149700000,3.839,3.928,3.832,3.91,175298.1
2026-02-03 20:30:00,1770150600000,3.91,4.024,3.91,3.981,504037.2
2026-02-03 20:45:00,1770151500000,3.981,4.013,3.966,3.981,99621.8
2026-02-03 21:00:00,1770152400000,3.981,4.014,3.979,3.988,129866.3
2026-02-03 21:15:00,1770153300000,3.988,3.99,3.933,3.933,74589.9
2026-02-03 21:30:00,1770154200000,3.933,3.941,3.909,3.926,63774.7
2026-02-03 21:45:00,1770155100000,3.926,3.933,3.913,3.918,32696.7
2026-02-03 22:00:00,1770156000000,3.918,3.92,3.884,3.887,40313.8
2026-02-03 22:15:00,1770156900000,3.887,3.9,3.868,3.895,31478.4
2026-02-03 22:30:00,1770157800000,3.895,3.913,3.893,3.903,21347.6
2026-02-03 22:45:00,1770158700000,3.903,3.903,3.863,3.874,37498.8
2026-02-03 23:00:00,1770159600000,3.874,3.877,3.844,3.877,48439.5
2026-02-03 23:15:00,1770160500000,3.877,3.881,3.861,3.866,27920.2
2026-02-03 23:30:00,1770161400000,3.866,3.873,3.858,3.861,28680.3
2026-02-03 23:45:00,1770162300000,3.861,3.862,3.832,3.857,89963.0
2026-02-04 00:00:00,1770163200000,3.857,3.858,3.845,3.85,39254.8
2026-02-04 00:15:00,1770164100000,3.85,3.884,3.85,3.883,46903.1
2026-02-04 00:30:00,1770165000000,3.883,3.899,3.877,3.89,20063.0
2026-02-04 00:45:00,1770165900000,3.89,3.898,3.881,3.885,10933.2
2026-02-04 01:00:00,1770166800000,3.885,3.942,3.884,3.941,48687.5
2026-02-04 01:15:00,1770167700000,3.941,3.941,3.922,3.923,24306.7
2026-02-04 01:30:00,1770168600000,3.923,3.931,3.918,3.925,17550.3
2026-02-04 01:45:00,1770169500000,3.925,3.925,3.901,3.91,28756.0
2026-02-04 02:00:00,1770170400000,3.91,3.919,3.9,3.909,32289.8
2026-02-04 02:15:00,1770171300000,3.909,3.921,3.903,3.907,25892.6
2026-02-04 02:30:00,1770172200000,3.907,3.909,3.884,3.901,28063.8
2026-02-04 02:45:00,1770173100000,3.901,3.905,3.888,3.9,26967.9
2026-02-04 03:00:00,1770174000000,3.9,3.941,3.893,3.936,57364.8
2026-02-04 03:15:00,1770174900000,3.936,3.936,3.918,3.919,17497.7
2026-02-04 03:30:00,1770175800000,3.919,3.959,3.919,3.94,74212.1
2026-02-04 03:45:00,1770176700000,3.94,3.948,3.938,3.943,15846.0
2026-02-04 04:00:00,1770177600000,3.943,3.951,3.934,3.947,18833.5
2026-02-04 04:15:00,1770178500000,3.947,3.948,3.93,3.935,22795.8
2026-02-04 04:30:00,1770179400000,3.935,3.94,3.927,3.929,27157.0
2026-02-04 04:45:00,1770180300000,3.929,3.93,3.92,3.923,18142.1
2026-02-04 05:00:00,1770181200000,3.923,3.929,3.921,3.924,7338.4
2026-02-04 05:15:00,1770182100000,3.924,3.928,3.913,3.917,14969.7
2026-02-04 05:30:00,1770183000000,3.917,3.918,3.905,3.906,12485.0
2026-02-04 05:45:00,1770183900000,3.906,3.913,3.888,3.902,27716.7
2026-02-04 06:00:00,1770184800000,3.902,3.923,3.899,3.918,29265.1
2026-02-04 06:15:00,1770185700000,3.918,3.919,3.901,3.904,13628.0
2026-02-04 06:30:00,1770186600000,3.904,3.927,3.901,3.923,13758.1
2026-02-04 06:45:00,1770187500000,3.923,3.932,3.919,3.921,25043.2
2026-02-04 07:00:00,1770188400000,3.921,3.921,3.895,3.921,46711.3
2026-02-04 07:15:00,1770189300000,3.921,3.921,3.907,3.92,37701.0
2026-02-04 07:30:00,1770190200000,3.92,3.938,3.916,3.931,39054.2
2026-02-04 07:45:00,1770191100000,3.931,3.932,3.921,3.923,31969.6
2026-02-04 08:00:00,1770192000000,3.923,3.926,3.909,3.92,65312.1
2026-02-04 08:15:00,1770192900000,3.92,3.931,3.903,3.909,30336.4
2026-02-04 08:30:00,1770193800000,3.909,3.918,3.904,3.917,17686.8
2026-02-04 08:45:00,1770194700000,3.917,3.932,3.87,3.872,251434.6
2026-02-04 09:00:00,1770195600000,3.872,3.891,3.856,3.87,208280.7
2026-02-04 09:15:00,1770196500000,3.87,3.877,3.859,3.865,73051.9
2026-02-04 09:30:00,1770197400000,3.865,3.87,3.853,3.863,33198.6
2026-02-04 09:45:00,1770198300000,3.863,3.875,3.862,3.867,37813.2
2026-02-04 10:00:00,1770199200000,3.867,3.871,3.859,3.863,11691.4
2026-02-04 10:15:00,1770200100000,3.863,3.87,3.856,3.86,21165.6
2026-02-04 10:30:00,1770201000000,3.86,3.869,3.856,3.863,19439.3
2026-02-04 10:45:00,1770201900000,3.863,3.866,3.86,3.863,14045.8
2026-02-04 11:00:00,1770202800000,3.863,3.864,3.821,3.826,170213.7
2026-02-04 11:15:00,1770203700000,3.826,3.856,3.823,3.845,56250.6
2026-02-04 11:30:00,1770204600000,3.845,3.874,3.843,3.851,65962.9
2026-02-04 11:45:00,1770205500000,3.851,3.858,3.848,3.849,36052.2
2026-02-04 12:00:00,1770206400000,3.849,3.857,3.845,3.849,11931.5
2026-02-04 12:15:00,1770207300000,3.849,3.856,3.823,3.826,51395.6
2026-02-04 12:30:00,1770208200000,3.826,3.841,3.825,3.833,8044.7
2026-02-04 12:45:00,1770209100000,3.833,3.844,3.828,3.84,17895.2
2026-02-04 13:00:00,1770210000000,3.84,3.844,3.834,3.839,14419.2
2026-02-04 13:15:00,1770210900000,3.839,3.841,3.822,3.827,21616.3
2026-02-04 13:30:00,1770211800000,3.827,3.833,3.806,3.811,55356.0
2026-02-04 13:45:00,1770212700000,3.811,3.818,3.779,3.78,89826.7
2026-02-04 14:00:00,1770213600000,3.78,3.797,3.773,3.787,59476.2
2026-02-04 14:15:00,1770214500000,3.787,3.792,3.77,3.775,40077.7
2026-02-04 14:30:00,1770215400000,3.775,3.802,3.737,3.767,233361.4
2026-02-04 14:45:00,1770216300000,3.767,3.792,3.713,3.717,120209.6
2026-02-04 15:00:00,1770217200000,3.717,3.765,3.696,3.754,361400.0
2026-02-04 15:15:00,1770218100000,3.754,3.769,3.729,3.739,123984.6
2026-02-04 15:30:00,1770219000000,3.739,3.743,3.672,3.713,259086.6
2026-02-04 15:45:00,1770219900000,3.713,3.724,3.693,3.716,121009.7
2026-02-04 16:00:00,1770220800000,3.716,3.741,3.696,3.721,177814.0
2026-02-04 16:15:00,1770221700000,3.721,3.725,3.678,3.714,292418.6
2026-02-04 16:30:00,1770222600000,3.714,3.717,3.661,3.676,243181.9
2026-02-04 16:45:00,1770223500000,3.676,3.717,3.669,3.707,105999.3
2026-02-04 17:00:00,1770224400000,3.707,3.731,3.68,3.719,213382.5
2026-02-04 17:15:00,1770225300000,3.719,3.738,3.674,3.675,106637.0
2026-02-04 17:30:00,1770226200000,3.675,3.715,3.67,3.71,194802.2
2026-02-04 17:45:00,1770227100000,3.71,3.736,3.696,3.726,72136.9
2026-02-04 18:00:00,1770228000000,3.726,3.727,3.668,3.668,174983.9
2026-02-04 18:15:00,1770228900000,3.668,3.719,3.639,3.698,304031.8
2026-02-04 18:30:00,1770229800000,3.698,3.789,3.687,3.776,297663.7
2026-02-04 18:45:00,1770230700000,3.776,3.778,3.742,3.749,62282.5
2026-02-04 19:00:00,1770231600000,3.749,3.775,3.737,3.744,55646.9
2026-02-04 19:15:00,1770232500000,3.744,3.766,3.727,3.751,69462.3
2026-02-04 19:30:00,1770233400000,3.751,3.822,3.751,3.814,149157.9
2026-02-04 19:45:00,1770234300000,3.814,3.884,3.802,3.86,279183.9
2026-02-04 20:00:00,1770235200000,3.86,3.865,3.82,3.823,94227.9
2026-02-04 20:15:00,1770236100000,3.823,3.841,3.82,3.821,47716.1
2026-02-04 20:30:00,1770237000000,3.821,3.824,3.809,3.811,24897.5
2026-02-04 20:45:00,1770237900000,3.811,3.819,3.799,3.809,18707.4
2026-02-04 21:00:00,1770238800000,3.809,3.823,3.789,3.8,38603.1
2026-02-04 21:15:00,1770239700000,3.8,3.8,3.779,3.789,20800.9
2026-02-04 21:30:00,1770240600000,3.789,3.803,3.765,3.774,38968.6
2026-02-04 21:45:00,1770241500000,3.774,3.781,3.744,3.78,55439.8
2026-02-04 22:00:00,1770242400000,3.78,3.781,3.712,3.734,88720.0
2026-02-04 22:15:00,1770243300000,3.734,3.833,3.733,3.828,86038.1
2026-02-04 22:30:00,1770244200000,3.828,3.832,3.754,3.761,57991.6
2026-02-04 22:45:00,1770245100000,3.761,3.782,3.745,3.749,26977.5
2026-02-04 23:00:00,1770246000000,3.749,3.77,3.748,3.77,40733.9
2026-02-04 23:15:00,1770246900000,3.77,3.817,3.762,3.803,170981.5
2026-02-04 23:30:00,1770247800000,3.803,3.825,3.799,3.806,62169.7
2026-02-04 23:45:00,1770248700000,3.806,3.819,3.791,3.798,42404.1
2026-02-05 00:00:00,1770249600000,3.798,3.8,3.781,3.786,42749.7
2026-02-05 00:15:00,1770250500000,3.786,3.823,3.786,3.822,31571.2
2026-02-05 00:30:00,1770251400000,3.822,3.822,3.786,3.807,21570.6
2026-02-05 00:45:00,1770252300000,3.807,3.814,3.795,3.798,11901.7
2026-02-05 01:00:00,1770253200000,3.798,3.823,3.792,3.814,37560.2
2026-02-05 01:15:00,1770254100000,3.814,3.831,3.758,3.82,64081.7
2026-02-05 01:30:00,1770255000000,3.82,3.834,3.778,3.803,170301.6
2026-02-05 01:45:00,1770255900000,3.803,3.805,3.78,3.788,31323.7
2026-02-05 02:00:00,1770256800000,3.788,3.798,3.769,3.77,45181.1
2026-02-05 02:15:00,1770257700000,3.77,3.795,3.757,3.792,67548.2
2026-02-05 02:30:00,1770258600000,3.792,3.824,3.79,3.813,119437.5
2026-02-05 02:45:00,1770259500000,3.813,3.813,3.753,3.759,107092.7
2026-02-05 03:00:00,1770260400000,3.759,3.79,3.751,3.767,87198.1
2026-02-05 03:15:00,1770261300000,3.767,3.787,3.738,3.771,72371.4
2026-02-05 03:30:00,1770262200000,3.771,3.771,3.745,3.753,58814.1
2026-02-05 03:45:00,1770263100000,3.753,3.756,3.741,3.747,26792.1
2026-02-05 04:00:00,1770264000000,3.747,3.767,3.722,3.732,120678.6
2026-02-05 04:15:00,1770264900000,3.732,3.76,3.717,3.74,106532.7
2026-02-05 04:30:00,1770265800000,3.74,3.762,3.725,3.76,91907.5
2026-02-05 04:45:00,1770266700000,3.76,3.761,3.729,3.735,46089.6
2026-02-05 05:00:00,1770267600000,3.735,3.753,3.719,3.74,49270.0
2026-02-05 05:15:00,1770268500000,3.74,3.75,3.696,3.723,120437.5
2026-02-05 05:30:00,1770269400000,3.723,3.79,3.71,3.777,146004.1
2026-02-05 05:45:00,1770270300000,3.777,3.78,3.742,3.743,94997.8
2026-02-05 06:00:00,1770271200000,3.743,3.748,3.706,3.724,104557.6
2026-02-05 06:15:00,1770272100000,3.724,3.737,3.707,3.711,50923.3
2026-02-05 06:30:00,1770273000000,3.711,3.736,3.711,3.722,49964.9
2026-02-05 06:45:00,1770273900000,3.722,3.732,3.693,3.707,105543.9
2026-02-05 07:00:00,1770274800000,3.707,3.754,3.701,3.712,113123.4
2026-02-05 07:15:00,1770275700000,3.712,3.747,3.708,3.738,50628.6
2026-02-05 07:30:00,1770276600000,3.738,3.74,3.702,3.713,68528.2
2026-02-05 07:45:00,1770277500000,3.713,3.716,3.691,3.698,36474.5
2026-02-05 08:00:00,1770278400000,3.698,3.722,3.698,3.706,36280.1
2026-02-05 08:15:00,1770279300000,3.706,3.73,3.699,3.723,52931.8
2026-02-05 08:30:00,1770280200000,3.723,3.748,3.722,3.735,39588.3
2026-02-05 08:45:00,1770281100000,3.735,3.748,3.725,3.725,25914.3
2026-02-05 09:00:00,1770282000000,3.725,3.768,3.724,3.755,88889.2
2026-02-05 09:15:00,1770282900000,3.755,3.77,3.744,3.749,37688.5
2026-02-05 09:30:00,1770283800000,3.749,3.752,3.725,3.727,43723.0
2026-02-05 09:45:00,1770284700000,3.727,3.737,3.722,3.734,27791.8
2026-02-05 10:00:00,1770285600000,3.734,3.737,3.709,3.724,25552.6
2026-02-05 10:15:00,1770286500000,3.724,3.744,3.723,3.737,19373.5
2026-02-05 10:30:00,1770287400000,3.737,3.738,3.703,3.703,16111.9
2026-02-05 10:45:00,1770288300000,3.703,3.707,3.645,3.658,165437.6
2026-02-05 11:00:00,1770289200000,3.658,3.678,3.636,3.641,82954.8
2026-02-05 11:15:00,1770290100000,3.641,3.664,3.6,3.608,434071.6
2026-02-05 11:30:00,1770291000000,3.608,3.677,3.605,3.667,211625.1
2026-02-05 11:45:00,1770291900000,3.667,3.67,3.624,3.637,108775.6
2026-02-05 12:00:00,1770292800000,3.637,3.657,3.632,3.634,106936.2
2026-02-05 12:15:00,1770293700000,3.634,3.648,3.6,3.631,618763.2
2026-02-05 12:30:00,1770294600000,3.631,3.647,3.61,3.618,292005.6
2026-02-05 12:45:00,1770295500000,3.618,3.634,3.603,3.623,183487.5
2026-02-05 13:00:00,1770296400000,3.623,3.648,3.618,3.618,115996.5
2026-02-05 13:15:00,1770297300000,3.618,3.62,3.6,3.605,382715.5
2026-02-05 13:30:00,1770298200000,3.605,3.63,3.603,3.619,164908.2
2026-02-05 13:45:00,1770299100000,3.619,3.625,3.603,3.612,62972.3
2026-02-05 14:00:00,1770300000000,3.612,3.659,3.611,3.637,221999.0
2026-02-05 14:15:00,1770300900000,3.637,3.664,3.62,3.661,57024.6
2026-02-05 14:30:00,1770301800000,3.661,3.713,3.652,3.685,328241.6
2026-02-05 14:45:00,1770302700000,3.685,3.702,3.617,3.625,175636.1
2026-02-05 15:00:00,1770303600000,3.625,3.638,3.492,3.506,1120418.5
2026-02-05 15:15:00,1770304500000,3.506,3.552,3.338,3.381,2827589.4
2026-02-05 15:30:00,1770305400000,3.381,3.439,3.3,3.364,3073658.6
2026-02-05 15:45:00,1770306300000,3.364,3.43,3.315,3.351,710034.9
2026-02-05 16:00:00,1770307200000,3.351,3.397,3.34,3.366,543229.3
2026-02-05 16:15:00,1770308100000,3.366,3.47,3.357,3.445,724847.4
2026-02-05 16:30:00,1770309000000,3.445,3.475,3.423,3.428,282595.0
2026-02-05 16:45:00,1770309900000,3.428,3.477,3.401,3.437,369307.3
2026-02-05 17:00:00,1770310800000,3.437,3.464,3.355,3.364,277168.5
2026-02-05 17:15:00,1770311700000,3.364,3.412,3.287,3.386,677023.8
2026-02-05 17:30:00,1770312600000,3.386,3.398,3.329,3.343,451431.9
2026-02-05 17:45:00,1770313500000,3.343,3.354,3.313,3.32,283958.5
2026-02-05 18:00:00,1770314400000,3.32,3.348,3.313,3.325,200915.5
2026-02-05 18:15:00,1770315300000,3.325,3.331,3.243,3.296,735813.9
2026-02-05 18:30:00,1770316200000,3.296,3.304,3.25,3.28,230102.7
2026-02-05 18:45:00,1770317100000,3.28,3.343,3.269,3.333,185833.8
2026-02-05 19:00:00,1770318000000,3.333,3.338,3.299,3.307,123068.0
2026-02-05 19:15:00,1770318900000,3.307,3.329,3.277,3.293,106183.5
2026-02-05 19:30:00,1770319800000,3.293,3.318,3.286,3.29,124307.0
2026-02-05 19:45:00,1770320700000,3.29,3.296,3.258,3.275,82998.6
2026-02-05 20:00:00,1770321600000,3.275,3.299,3.248,3.256,202458.8
2026-02-05 20:15:00,1770322500000,3.256,3.259,3.115,3.163,2305722.4
2026-02-05 20:30:00,1770323400000,3.163,3.244,3.142,3.213,957424.5
2026-02-05 20:45:00,1770324300000,3.213,3.219,3.13,3.181,737805.7
2026-02-05 21:00:00,1770325200000,3.181,3.27,3.176,3.192,974526.4
2026-02-05 21:15:00,1770326100000,3.192,3.247,3.149,3.232,449825.5
2026-02-05 21:30:00,1770327000000,3.232,3.246,3.174,3.189,223422.3
2026-02-05 21:45:00,1770327900000,3.189,3.205,3.153,3.174,229333.3
2026-02-05 22:00:00,1770328800000,3.174,3.213,3.141,3.186,310112.4
2026-02-05 22:15:00,1770329700000,3.186,3.233,3.128,3.225,240589.9
2026-02-05 22:30:00,1770330600000,3.225,3.247,3.187,3.207,111220.1
2026-02-05 22:45:00,1770331500000,3.207,3.234,3.195,3.195,49516.4
2026-02-05 23:00:00,1770332400000,3.195,3.268,3.192,3.257,258413.4
2026-02-05 23:15:00,1770333300000,3.257,3.266,3.216,3.235,131489.7
2026-02-05 23:30:00,1770334200000,3.235,3.25,3.184,3.19,229227.4
2026-02-05 23:45:00,1770335100000,3.19,3.202,3.154,3.164,239361.3
2026-02-06 00:00:00,1770336000000,3.164,3.183,2.906,2.948,2677373.6
2026-02-06 00:15:00,1770336900000,2.948,3.027,2.839,2.981,3814990.0
2026-02-06 00:30:00,1770337800000,2.981,3.161,2.972,3.133,607225.1
2026-02-06 00:45:00,1770338700000,3.133,3.194,3.119,3.142,324454.4
2026-02-06 01:00:00,1770339600000,3.142,3.218,3.122,3.181,475531.6
2026-02-06 01:15:00,1770340500000,3.181,3.218,3.167,3.178,113773.5
2026-02-06 01:30:00,1770341400000,3.178,3.206,3.166,3.197,131742.6
2026-02-06 01:45:00,1770342300000,3.197,3.242,3.191,3.236,188002.6
2026-02-06 02:00:00,1770343200000,3.236,3.259,3.186,3.189,139367.4
2026-02-06 02:15:00,1770344100000,3.189,3.196,3.141,3.159,100037.6
2026-02-06 02:30:00,1770345000000,3.159,3.199,3.155,3.184,104296.6
2026-02-06 02:45:00,1770345900000,3.184,3.193,3.136,3.158,100652.0
2026-02-06 03:00:00,1770346800000,3.158,3.16,3.09,3.096,339889.6
2026-02-06 03:15:00,1770347700000,3.096,3.111,3.076,3.105,223921.0
2026-02-06 03:30:00,1770348600000,3.105,3.123,3.085,3.09,106055.8
2026-02-06 03:45:00,1770349500000,3.09,3.096,3.063,3.076,272304.6
2026-02-06 04:00:00,1770350400000,3.076,3.091,3.065,3.081,184011.7
2026-02-06 04:15:00,1770351300000,3.081,3.156,3.081,3.143,129682.7
2026-02-06 04:30:00,1770352200000,3.143,3.154,3.122,3.136,90527.6
2026-02-06 04:45:00,1770353100000,3.136,3.16,3.127,3.138,80279.4
2026-02-06 05:00:00,1770354000000,3.138,3.194,3.132,3.19,104405.2
2026-02-06 05:15:00,1770354900000,3.19,3.196,3.173,3.186,60051.6
2026-02-06 05:30:00,1770355800000,3.186,3.224,3.183,3.22,82600.6
2026-02-06 05:45:00,1770356700000,3.22,3.271,3.215,3.255,247134.3
2026-02-06 06:00:00,1770357600000,3.255,3.27,3.25,3.26,138941.2
2026-02-06 06:15:00,1770358500000,3.26,3.266,3.227,3.241,102353.9
2026-02-06 06:30:00,1770359400000,3.241,3.243,3.212,3.222,143947.2
2026-02-06 06:45:00,1770360300000,3.222,3.236,3.207,3.212,97745.6
2026-02-06 07:00:00,1770361200000,3.212,3.213,3.175,3.193,80656.0
2026-02-06 07:15:00,1770362100000,3.193,3.201,3.174,3.197,126518.4
2026-02-06 07:30:00,1770363000000,3.197,3.219,3.194,3.203,69551.3
2026-02-06 07:45:00,1770363900000,3.203,3.211,3.183,3.19,59271.3
2026-02-06 08:00:00,1770364800000,3.19,3.213,3.179,3.201,76245.1
2026-02-06 08:15:00,1770365700000,3.201,3.203,3.171,3.189,142699.5
2026-02-06 08:30:00,1770366600000,3.189,3.203,3.172,3.188,122898.3
2026-02-06 08:45:00,1770367500000,3.188,3.214,3.185,3.203,77119.8
2026-02-06 09:00:00,1770368400000,3.203,3.208,3.194,3.202,45030.6
2026-02-06 09:15:00,1770369300000,3.202,3.23,3.192,3.228,120151.9
2026-02-06 09:30:00,1770370200000,3.228,3.266,3.225,3.266,80035.3
2026-02-06 09:45:00,1770371100000,3.266,3.286,3.251,3.273,87029.1
2026-02-06 10:00:00,1770372000000,3.273,3.294,3.263,3.279,110815.5
2026-02-06 10:15:00,1770372900000,3.279,3.313,3.279,3.299,63203.8
2026-02-06 10:30:00,1770373800000,3.299,3.313,3.293,3.308,83127.6
2026-02-06 10:45:00,1770374700000,3.308,3.321,3.295,3.317,52212.6
2026-02-06 11:00:00,1770375600000,3.317,3.335,3.31,3.333,65556.8
2026-02-06 11:15:00,1770376500000,3.333,3.341,3.312,3.326,58503.3
2026-02-06 11:30:00,1770377400000,3.326,3.343,3.323,3.334,53297.7
2026-02-06 11:45:00,1770378300000,3.334,3.344,3.326,3.334,52747.5
2026-02-06 12:00:00,1770379200000,3.334,3.334,3.312,3.329,72148.0
2026-02-06 12:15:00,1770380100000,3.329,3.341,3.317,3.337,41262.2
2026-02-06 12:30:00,1770381000000,3.337,3.346,3.331,3.34,44818.8
2026-02-06 12:45:00,1770381900000,3.34,3.344,3.329,3.339,38218.6
2026-02-06 13:00:00,1770382800000,3.339,3.36,3.335,3.357,95328.4
2026-02-06 13:15:00,1770383700000,3.357,3.399,3.344,3.371,126250.5
2026-02-06 13:30:00,1770384600000,3.371,3.394,3.366,3.385,75709.3
2026-02-06 13:45:00,1770385500000,3.385,3.39,3.371,3.372,63350.4
2026-02-06 14:00:00,1770386400000,3.372,3.375,3.35,3.36,68550.7
2026-02-06 14:15:00,1770387300000,3.36,3.361,3.334,3.355,72701.3
2026-02-06 14:30:00,1770388200000,3.355,3.418,3.354,3.413,254046.7
2026-02-06 14:45:00,1770389100000,3.413,3.441,3.4,3.43,198499.9
2026-02-06 15:00:00,1770390000000,3.43,3.431,3.391,3.391,158442.9
2026-02-06 15:15:00,1770390900000,3.391,3.423,3.386,3.409,72132.4
2026-02-06 15:30:00,1770391800000,3.409,3.452,3.407,3.445,111244.5
2026-02-06 15:45:00,1770392700000,3.445,3.457,3.435,3.444,71388.6
2026-02-06 16:00:00,1770393600000,3.444,3.496,3.43,3.49,130553.5
2026-02-06 16:15:00,1770394500000,3.49,3.534,3.482,3.521,169569.4
2026-02-06 16:30:00,1770395400000,3.521,3.536,3.515,3.531,97603.7
2026-02-06 16:45:00,1770396300000,3.531,3.552,3.519,3.532,110316.0
2026-02-06 17:00:00,1770397200000,3.532,3.571,3.516,3.563,127387.9
2026-02-06 17:15:00,1770398100000,3.563,3.605,3.555,3.597,172473.9
2026-02-06 17:30:00,1770399000000,3.597,3.626,3.579,3.605,154211.8
2026-02-06 17:45:00,1770399900000,3.605,3.617,3.56,3.573,111935.5
2026-02-06 18:00:00,1770400800000,3.573,3.581,3.505,3.53,157777.9
2026-02-06 18:15:00,1770401700000,3.53,3.531,3.493,3.508,69021.2
2026-02-06 18:30:00,1770402600000,3.508,3.544,3.501,3.536,47924.8
2026-02-06 18:45:00,1770403500000,3.536,3.55,3.525,3.529,39035.9
2026-02-06 19:00:00,1770404400000,3.529,3.54,3.512,3.516,36687.9
2026-02-06 19:15:00,1770405300000,3.516,3.539,3.504,3.525,69227.1
2026-02-06 19:30:00,1770406200000,3.525,3.537,3.518,3.535,27116.1
2026-02-06 19:45:00,1770407100000,3.535,3.553,3.529,3.543,68111.9
2026-02-06 20:00:00,1770408000000,3.543,3.55,3.518,3.525,32249.3
2026-02-06 20:15:00,1770408900000,3.525,3.535,3.515,3.534,33416.5
2026-02-06 20:30:00,1770409800000,3.534,3.575,3.528,3.546,111231.1
2026-02-06 20:45:00,1770410700000,3.546,3.556,3.525,3.533,35671.5
2026-02-06 21:00:00,1770411600000,3.533,3.538,3.506,3.526,60681.3
2026-02-06 21:15:00,1770412500000,3.526,3.553,3.521,3.547,15897.9
2026-02-06 21:30:00,1770413400000,3.547,3.553,3.531,3.538,30201.3
2026-02-06 21:45:00,1770414300000,3.538,3.543,3.532,3.539,11691.6
2026-02-06 22:00:00,1770415200000,3.539,3.558,3.535,3.547,49739.0
2026-02-06 22:15:00,1770416100000,3.547,3.56,3.542,3.556,17061.9
2026-02-06 22:30:00,1770417000000,3.556,3.584,3.552,3.565,36266.7
2026-02-06 22:45:00,1770417900000,3.565,3.586,3.56,3.576,22640.0
2026-02-06 23:00:00,1770418800000,3.576,3.595,3.556,3.556,105451.7
2026-02-06 23:15:00,1770419700000,3.556,3.562,3.54,3.561,109686.7
2026-02-06 23:30:00,1770420600000,3.561,3.572,3.555,3.555,28157.7
2026-02-06 23:45:00,1770421500000,3.555,3.559,3.541,3.548,41864.7
2026-02-07 00:00:00,1770422400000,3.548,3.548,3.517,3.54,108659.0
2026-02-07 00:15:00,1770423300000,3.54,3.544,3.514,3.514,68175.6
2026-02-07 00:30:00,1770424200000,3.514,3.516,3.497,3.499,42224.9
2026-02-07 00:45:00,1770425100000,3.499,3.532,3.499,3.515,46284.0
2026-02-07 01:00:00,1770426000000,3.515,3.522,3.489,3.491,38232.7
2026-02-07 01:15:00,1770426900000,3.491,3.518,3.486,3.508,47299.4
2026-02-07 01:30:00,1770427800000,3.508,3.524,3.504,3.513,12644.7
2026-02-07 01:45:00,1770428700000,3.513,3.539,3.512,3.531,24871.5
2026-02-07 02:00:00,1770429600000,3.531,3.534,3.519,3.529,13937.8
2026-02-07 02:15:00,1770430500000,3.529,3.549,3.524,3.54,19739.4
2026-02-07 02:30:00,1770431400000,3.54,3.546,3.529,3.532,20063.5
2026-02-07 02:45:00,1770432300000,3.532,3.539,3.518,3.539,17116.7
2026-02-07 03:00:00,1770433200000,3.539,3.573,3.537,3.562,92140.7
2026-02-07 03:15:00,1770434100000,3.562,3.58,3.553,3.574,27695.6
2026-02-07 03:30:00,1770435000000,3.574,3.581,3.568,3.576,59840.0
2026-02-07 03:45:00,1770435900000,3.576,3.576,3.557,3.567,38173.7
2026-02-07 04:00:00,1770436800000,3.567,3.592,3.562,3.59,57994.4
2026-02-07 04:15:00,1770437700000,3.59,3.614,3.575,3.579,165124.2
2026-02-07 04:30:00,1770438600000,3.579,3.595,3.553,3.555,40023.4
2026-02-07 04:45:00,1770439500000,3.555,3.568,3.551,3.567,31716.0
2026-02-07 05:00:00,1770440400000,3.567,3.584,3.563,3.581,17021.7
2026-02-07 05:15:00,1770441300000,3.581,3.594,3.562,3.562,55828.7
2026-02-07 05:30:00,1770442200000,3.562,3.575,3.558,3.571,29194.5
2026-02-07 05:45:00,1770443100000,3.571,3.572,3.553,3.565,27647.0
2026-02-07 06:00:00,1770444000000,3.565,3.572,3.555,3.564,42802.4
2026-02-07 06:15:00,1770444900000,3.564,3.574,3.547,3.567,39286.2
2026-02-07 06:30:00,1770445800000,3.567,3.576,3.553,3.554,30477.8
2026-02-07 06:45:00,1770446700000,3.554,3.556,3.499,3.5,80742.5
2026-02-07 07:00:00,1770447600000,3.5,3.519,3.461,3.462,218232.1
2026-02-07 07:15:00,1770448500000,3.462,3.48,3.429,3.475,262153.1
2026-02-07 07:30:00,1770449400000,3.475,3.505,3.443,3.488,101674.0
2026-02-07 07:45:00,1770450300000,3.488,3.489,3.46,3.461,77704.4
2026-02-07 08:00:00,1770451200000,3.461,3.479,3.45,3.465,81267.3
2026-02-07 08:15:00,1770452100000,3.465,3.48,3.455,3.473,33885.8
2026-02-07 08:30:00,1770453000000,3.473,3.492,3.47,3.48,59269.7
2026-02-07 08:45:00,1770453900000,3.48,3.495,3.48,3.487,14960.2
2026-02-07 09:00:00,1770454800000,3.487,3.495,3.482,3.495,25505.5
2026-02-07 09:15:00,1770455700000,3.495,3.495,3.477,3.478,13355.8
2026-02-07 09:30:00,1770456600000,3.478,3.482,3.459,3.462,36464.5
2026-02-07 09:45:00,1770457500000,3.462,3.468,3.45,3.465,60253.1
2026-02-07 10:00:00,1770458400000,3.465,3.473,3.447,3.45,58376.5
2026-02-07 10:15:00,1770459300000,3.45,3.455,3.442,3.446,24215.5
2026-02-07 10:30:00,1770460200000,3.446,3.449,3.426,3.439,44986.3
2026-02-07 10:45:00,1770461100000,3.439,3.45,3.431,3.448,26129.0
2026-02-07 11:00:00,1770462000000,3.448,3.454,3.441,3.441,17638.6
2026-02-07 11:15:00,1770462900000,3.441,3.455,3.438,3.444,14649.5
2026-02-07 11:30:00,1770463800000,3.444,3.454,3.442,3.447,16560.5
2026-02-07 11:45:00,1770464700000,3.447,3.463,3.447,3.46,29165.3
2026-02-07 12:00:00,1770465600000,3.46,3.518,3.455,3.51,102390.2
2026-02-07 12:15:00,1770466500000,3.51,3.569,3.503,3.54,144994.0
2026-02-07 12:30:00,1770467400000,3.54,3.564,3.52,3.523,71047.8
2026-02-07 12:45:00,1770468300000,3.523,3.534,3.514,3.525,26036.0
2026-02-07 13:00:00,1770469200000,3.525,3.538,3.507,3.509,22537.0
2026-02-07 13:15:00,1770470100000,3.509,3.515,3.506,3.509,7658.8
2026-02-07 13:30:00,1770471000000,3.509,3.511,3.483,3.486,32127.9
2026-02-07 13:45:00,1770471900000,3.486,3.501,3.485,3.5,23846.2
2026-02-07 14:00:00,1770472800000,3.5,3.505,3.492,3.498,6828.1
2026-02-07 14:15:00,1770473700000,3.498,3.509,3.491,3.496,11098.6
2026-02-07 14:30:00,1770474600000,3.496,3.498,3.466,3.484,44860.9
2026-02-07 14:45:00,1770475500000,3.484,3.485,3.456,3.465,32885.5
2026-02-07 15:00:00,1770476400000,3.465,3.498,3.46,3.495,50856.2
2026-02-07 15:15:00,1770477300000,3.495,3.521,3.49,3.509,63056.0
2026-02-07 15:30:00,1770478200000,3.509,3.531,3.507,3.511,46221.2
2026-02-07 15:45:00,1770479100000,3.511,3.522,3.506,3.517,42254.2
2026-02-07 16:00:00,1770480000000,3.517,3.605,3.503,3.57,2673761.5
2026-02-07 16:15:00,1770480900000,3.57,3.607,3.518,3.548,1360325.0
2026-02-07 16:30:00,1770481800000,3.548,3.553,3.532,3.54,31720.0
2026-02-07 16:45:00,1770482700000,3.54,3.546,3.529,3.538,21955.7
2026-02-07 17:00:00,1770483600000,3.538,3.544,3.517,3.524,22858.7
2026-02-07 17:15:00,1770484500000,3.524,3.543,3.519,3.54,18009.8
2026-02-07 17:30:00,1770485400000,3.54,3.563,3.531,3.549,22632.2
2026-02-07 17:45:00,1770486300000,3.549,3.552,3.538,3.546,20785.1
2026-02-07 18:00:00,1770487200000,3.546,3.551,3.54,3.543,29295.2
2026-02-07 18:15:00,1770488100000,3.543,3.582,3.543,3.574,35183.0
2026-02-07 18:30:00,1770489000000,3.574,3.597,3.569,3.585,47413.2
2026-02-07 18:45:00,1770489900000,3.585,3.594,3.572,3.573,21609.7
2026-02-07 19:00:00,1770490800000,3.573,3.576,3.552,3.557,41071.8
2026-02-07 19:15:00,1770491700000,3.557,3.567,3.557,3.562,12102.9
2026-02-07 19:30:00,1770492600000,3.562,3.562,3.546,3.554,10667.4
2026-02-07 19:45:00,1770493500000,3.554,3.56,3.548,3.553,10630.8
2026-02-07 20:00:00,1770494400000,3.553,3.558,3.546,3.549,9778.5
2026-02-07 20:15:00,1770495300000,3.549,3.56,3.544,3.557,15309.2
2026-02-07 20:30:00,1770496200000,3.557,3.564,3.548,3.556,35555.4
2026-02-07 20:45:00,1770497100000,3.556,3.577,3.555,3.571,49661.2
2026-02-07 21:00:00,1770498000000,3.571,3.579,3.558,3.564,20643.9
2026-02-07 21:15:00,1770498900000,3.564,3.57,3.559,3.566,22664.4
2026-02-07 21:30:00,1770499800000,3.566,3.573,3.56,3.56,8449.4
2026-02-07 21:45:00,1770500700000,3.56,3.561,3.551,3.558,28139.3
2026-02-07 22:00:00,1770501600000,3.558,3.57,3.551,3.557,17158.6
2026-02-07 22:15:00,1770502500000,3.557,3.558,3.546,3.556,3792.4
2026-02-07 22:30:00,1770503400000,3.556,3.558,3.547,3.55,6250.5
2026-02-07 22:45:00,1770504300000,3.55,3.552,3.542,3.546,7463.1
2026-02-07 23:00:00,1770505200000,3.546,3.553,3.522,3.538,61863.8
2026-02-07 23:15:00,1770506100000,3.538,3.543,3.521,3.532,23742.9
2026-02-07 23:30:00,1770507000000,3.532,3.54,3.531,3.539,8015.8
2026-02-07 23:45:00,1770507900000,3.539,3.547,3.533,3.534,23412.4
2026-02-08 00:00:00,1770508800000,3.534,3.539,3.529,3.534,41697.8
2026-02-08 00:15:00,1770509700000,3.534,3.534,3.518,3.52,31383.1
2026-02-08 00:30:00,1770510600000,3.52,3.527,3.515,3.516,11942.5
2026-02-08 00:45:00,1770511500000,3.516,3.527,3.511,3.525,18696.9
2026-02-08 01:00:00,1770512400000,3.525,3.54,3.523,3.54,8262.0
2026-02-08 01:15:00,1770513300000,3.54,3.54,3.52,3.523,9557.8
2026-02-08 01:30:00,1770514200000,3.523,3.536,3.523,3.529,9182.7
2026-02-08 01:45:00,1770515100000,3.529,3.536,3.524,3.53,6357.8
2026-02-08 02:00:00,1770516000000,3.53,3.538,3.526,3.531,11464.2
2026-02-08 02:15:00,1770516900000,3.531,3.543,3.524,3.527,45494.1
2026-02-08 02:30:00,1770517800000,3.527,3.533,3.512,3.517,28851.3
2026-02-08 02:45:00,1770518700000,3.517,3.52,3.508,3.518,13004.6
2026-02-08 03:00:00,1770519600000,3.518,3.523,3.507,3.512,17090.2
2026-02-08 03:15:00,1770520500000,3.512,3.514,3.503,3.51,12654.1
2026-02-08 03:30:00,1770521400000,3.51,3.516,3.503,3.504,7262.2
2026-02-08 03:45:00,1770522300000,3.504,3.508,3.495,3.498,11615.6
2026-02-08 04:00:00,1770523200000,3.498,3.504,3.489,3.49,13245.1
2026-02-08 04:15:00,1770524100000,3.49,3.508,3.482,3.506,26738.5
2026-02-08 04:30:00,1770525000000,3.506,3.51,3.493,3.504,28218.7
2026-02-08 04:45:00,1770525900000,3.504,3.515,3.501,3.514,8019.6
2026-02-08 05:00:00,1770526800000,3.514,3.517,3.505,3.516,14441.7
2026-02-08 05:15:00,1770527700000,3.516,3.519,3.507,3.51,25493.4
2026-02-08 05:30:00,1770528600000,3.51,3.51,3.5,3.502,13471.4
2026-02-08 05:45:00,1770529500000,3.502,3.502,3.497,3.499,3592.3
2026-02-08 06:00:00,1770530400000,3.499,3.502,3.487,3.501,16575.6
2026-02-08 06:15:00,1770531300000,3.501,3.502,3.496,3.501,35518.2
2026-02-08 06:30:00,1770532200000,3.501,3.501,3.488,3.493,15826.3
2026-02-08 06:45:00,1770533100000,3.493,3.496,3.481,3.483,19255.5
2026-02-08 07:00:00,1770534000000,3.483,3.489,3.474,3.481,29648.2
2026-02-08 07:15:00,1770534900000,3.481,3.484,3.467,3.472,38229.9
2026-02-08 07:30:00,1770535800000,3.472,3.479,3.468,3.475,18210.9
2026-02-08 07:45:00,1770536700000,3.475,3.487,3.474,3.486,15109.5
2026-02-08 08:00:00,1770537600000,3.486,3.497,3.477,3.48,17180.4
2026-02-08 08:15:00,1770538500000,3.48,3.518,3.474,3.514,45563.3
2026-02-08 08:30:00,1770539400000,3.514,3.541,3.502,3.511,55090.2
2026-02-08 08:45:00,1770540300000,3.511,3.535,3.508,3.529,17190.8
2026-02-08 09:00:00,1770541200000,3.529,3.535,3.508,3.51,29737.9
2026-02-08 09:15:00,1770542100000,3.51,3.511,3.501,3.503,30731.7
2026-02-08 09:30:00,1770543000000,3.503,3.508,3.476,3.478,34872.0
2026-02-08 09:45:00,1770543900000,3.478,3.494,3.477,3.486,20602.7
2026-02-08 10:00:00,1770544800000,3.486,3.505,3.486,3.498,20433.0
2026-02-08 10:15:00,1770545700000,3.498,3.503,3.463,3.474,45968.5
2026-02-08 10:30:00,1770546600000,3.474,3.485,3.471,3.48,6373.9
2026-02-08 10:45:00,1770547500000,3.48,3.489,3.478,3.479,11437.1
2026-02-08 11:00:00,1770548400000,3.479,3.506,3.478,3.506,16198.8
2026-02-08 11:15:00,1770549300000,3.506,3.525,3.505,3.511,33509.2
2026-02-08 11:30:00,1770550200000,3.511,3.538,3.51,3.531,42800.5
2026-02-08 11:45:00,1770551100000,3.531,3.543,3.529,3.536,42966.4
2026-02-08 12:00:00,1770552000000,3.536,3.539,3.524,3.526,11853.1
2026-02-08 12:15:00,1770552900000,3.526,3.534,3.514,3.532,44102.3
2026-02-08 12:30:00,1770553800000,3.532,3.538,3.517,3.522,13175.7
2026-02-08 12:45:00,1770554700000,3.522,3.544,3.517,3.543,37586.5
2026-02-08 13:00:00,1770555600000,3.543,3.548,3.516,3.52,43254.6
2026-02-08 13:15:00,1770556500000,3.52,3.542,3.519,3.538,15948.6
2026-02-08 13:30:00,1770557400000,3.538,3.539,3.52,3.52,70948.1
2026-02-08 13:45:00,1770558300000,3.52,3.534,3.52,3.533,31714.8
2026-02-08 14:00:00,1770559200000,3.533,3.54,3.526,3.528,12834.0
2026-02-08 14:15:00,1770560100000,3.528,3.53,3.517,3.521,15916.0
2026-02-08 14:30:00,1770561000000,3.521,3.536,3.521,3.533,7269.9
2026-02-08 14:45:00,1770561900000,3.533,3.542,3.529,3.536,7463.2
2026-02-08 15:00:00,1770562800000,3.536,3.545,3.53,3.537,13543.0
2026-02-08 15:15:00,1770563700000,3.537,3.537,3.492,3.498,55422.5
2026-02-08 15:30:00,1770564600000,3.498,3.518,3.494,3.508,39688.6
2026-02-08 15:45:00,1770565500000,3.508,3.509,3.494,3.506,29407.8
2026-02-08 16:00:00,1770566400000,3.506,3.515,3.5,3.507,42767.8
2026-02-08 16:15:00,1770567300000,3.507,3.52,3.507,3.51,22334.7
2026-02-08 16:30:00,1770568200000,3.51,3.51,3.468,3.471,52360.5
2026-02-08 16:45:00,1770569100000,3.471,3.471,3.434,3.444,100221.9
2026-02-08 17:00:00,1770570000000,3.444,3.47,3.444,3.462,44976.5
2026-02-08 17:15:00,1770570900000,3.462,3.482,3.459,3.466,22610.3
2026-02-08 17:30:00,1770571800000,3.466,3.479,3.466,3.477,11566.2
2026-02-08 17:45:00,1770572700000,3.477,3.481,3.469,3.477,5671.0
2026-02-08 18:00:00,1770573600000,3.477,3.489,3.474,3.479,33313.7
2026-02-08 18:15:00,1770574500000,3.479,3.487,3.474,3.482,15019.6
2026-02-08 18:30:00,1770575400000,3.482,3.52,3.482,3.507,43239.3
2026-02-08 18:45:00,1770576300000,3.507,3.514,3.498,3.5,7134.9
2026-02-08 19:00:00,1770577200000,3.5,3.507,3.493,3.498,13987.2
2026-02-08 19:15:00,1770578100000,3.498,3.507,3.497,3.501,11132.1
2026-02-08 19:30:00,1770579000000,3.501,3.506,3.497,3.506,7179.3
2026-02-08 19:45:00,1770579900000,3.506,3.517,3.5,3.513,22217.7
2026-02-08 20:00:00,1770580800000,3.513,3.516,3.489,3.492,20168.1
2026-02-08 20:15:00,1770581700000,3.492,3.499,3.481,3.485,16003.9
2026-02-08 20:30:00,1770582600000,3.485,3.489,3.482,3.485,3220.7
2026-02-08 20:45:00,1770583500000,3.485,3.486,3.464,3.468,19348.8
2026-02-08 21:00:00,1770584400000,3.468,3.476,3.465,3.474,9418.9
2026-02-08 21:15:00,1770585300000,3.474,3.477,3.47,3.471,10342.7
2026-02-08 21:30:00,1770586200000,3.471,3.474,3.443,3.45,33034.1
2026-02-08 21:45:00,1770587100000,3.45,3.458,3.441,3.455,14277.1
2026-02-08 22:00:00,1770588000000,3.455,3.471,3.455,3.47,35364.5
2026-02-08 22:15:00,1770588900000,3.47,3.482,3.465,3.466,29645.7
2026-02-08 22:30:00,1770589800000,3.466,3.468,3.454,3.464,8785.4
2026-02-08 22:45:00,1770590700000,3.464,3.482,3.462,3.478,9584.2
2026-02-08 23:00:00,1770591600000,3.478,3.547,3.478,3.496,84373.1
2026-02-08 23:15:00,1770592500000,3.496,3.504,3.454,3.463,62525.6
2026-02-08 23:30:00,1770593400000,3.463,3.468,3.437,3.465,83517.6
2026-02-08 23:45:00,1770594300000,3.465,3.487,3.461,3.465,38435.0
2026-02-09 00:00:00,1770595200000,3.465,3.475,3.459,3.473,43003.2
2026-02-09 00:15:00,1770596100000,3.473,3.478,3.454,3.455,29070.8
2026-02-09 00:30:00,1770597000000,3.455,3.461,3.439,3.449,27784.3
2026-02-09 00:45:00,1770597900000,3.449,3.467,3.442,3.465,14305.8
2026-02-09 01:00:00,1770598800000,3.465,3.47,3.452,3.458,10551.2
2026-02-09 01:15:00,1770599700000,3.458,3.495,3.453,3.479,37918.4
2026-02-09 01:30:00,1770600600000,3.479,3.48,3.435,3.441,67611.2
2026-02-09 01:45:00,1770601500000,3.441,3.46,3.427,3.451,85656.6
2026-02-09 02:00:00,1770602400000,3.451,3.455,3.442,3.443,16555.2
2026-02-09 02:15:00,1770603300000,3.443,3.45,3.442,3.449,13506.3
2026-02-09 02:30:00,1770604200000,3.449,3.487,3.447,3.484,37225.3
2026-02-09 02:45:00,1770605100000,3.484,3.486,3.468,3.469,9601.4
2026-02-09 03:00:00,1770606000000,3.469,3.48,3.469,3.473,7349.8
2026-02-09 03:15:00,1770606900000,3.473,3.488,3.472,3.482,14532.7
2026-02-09 03:30:00,1770607800000,3.482,3.509,3.482,3.501,18615.0
2026-02-09 03:45:00,1770608700000,3.501,3.507,3.493,3.504,14236.6
2026-02-09 04:00:00,1770609600000,3.504,3.504,3.481,3.483,23466.6
2026-02-09 04:15:00,1770610500000,3.483,3.49,3.477,3.478,13373.7
2026-02-09 04:30:00,1770611400000,3.478,3.478,3.463,3.471,17848.7
2026-02-09 04:45:00,1770612300000,3.471,3.475,3.465,3.468,10818.2
2026-02-09 05:00:00,1770613200000,3.468,3.468,3.461,3.461,7870.9
2026-02-09 05:15:00,1770614100000,3.461,3.476,3.461,3.476,6635.5
2026-02-09 05:30:00,1770615000000,3.476,3.484,3.475,3.476,7152.1
2026-02-09 05:45:00,1770615900000,3.476,3.486,3.472,3.483,16886.6
2026-02-09 06:00:00,1770616800000,3.483,3.483,3.463,3.469,26130.5
2026-02-09 06:15:00,1770617700000,3.469,3.469,3.439,3.443,33929.1
2026-02-09 06:30:00,1770618600000,3.443,3.457,3.44,3.455,7885.9
2026-02-09 06:45:00,1770619500000,3.455,3.464,3.453,3.461,15502.0
2026-02-09 07:00:00,1770620400000,3.461,3.48,3.459,3.479,11855.5
2026-02-09 07:15:00,1770621300000,3.479,3.482,3.47,3.473,15814.0
2026-02-09 07:30:00,1770622200000,3.473,3.473,3.452,3.456,31621.2
2026-02-09 07:45:00,1770623100000,3.456,3.461,3.449,3.451,15182.6
2026-02-09 08:00:00,1770624000000,3.451,3.46,3.444,3.445,46186.1
2026-02-09 08:15:00,1770624900000,3.445,3.447,3.415,3.417,65986.4
2026-02-09 08:30:00,1770625800000,3.417,3.418,3.379,3.404,149046.2
2026-02-09 08:45:00,1770626700000,3.404,3.415,3.403,3.404,29566.4
2026-02-09 09:00:00,1770627600000,3.404,3.412,3.398,3.398,23820.6
2026-02-09 09:15:00,1770628500000,3.398,3.402,3.389,3.398,24394.3
2026-02-09 09:30:00,1770629400000,3.398,3.398,3.37,3.378,26430.1
2026-02-09 09:45:00,1770630300000,3.378,3.387,3.368,3.374,74785.9
2026-02-09 10:00:00,1770631200000,3.374,3.379,3.364,3.368,28191.1
2026-02-09 10:15:00,1770632100000,3.368,3.369,3.34,3.343,30691.9
2026-02-09 10:30:00,1770633000000,3.343,3.343,3.315,3.323,69300.9
2026-02-09 10:45:00,1770633900000,3.323,3.335,3.32,3.332,30619.1
2026-02-09 11:00:00,1770634800000,3.332,3.358,3.331,3.34,44612.3
2026-02-09 11:15:00,1770635700000,3.34,3.345,3.33,3.343,44742.2
2026-02-09 11:30:00,1770636600000,3.343,3.35,3.334,3.337,17526.3
2026-02-09 11:45:00,1770637500000,3.337,3.339,3.329,3.338,31256.1
2026-02-09 12:00:00,1770638400000,3.338,3.354,3.336,3.353,22035.9
2026-02-09 12:15:00,1770639300000,3.353,3.356,3.348,3.35,25217.1
2026-02-09 12:30:00,1770640200000,3.35,3.363,3.348,3.357,12385.9
2026-02-09 12:45:00,1770641100000,3.357,3.357,3.348,3.351,16538.4
2026-02-09 13:00:00,1770642000000,3.351,3.359,3.342,3.356,22705.8
2026-02-09 13:15:00,1770642900000,3.356,3.359,3.344,3.352,18468.1
2026-02-09 13:30:00,1770643800000,3.352,3.352,3.336,3.339,11616.8
2026-02-09 13:45:00,1770644700000,3.339,3.342,3.316,3.317,21904.8
2026-02-09 14:00:00,1770645600000,3.317,3.328,3.304,3.313,54735.5
2026-02-09 14:15:00,1770646500000,3.313,3.326,3.307,3.319,43028.5
2026-02-09 14:30:00,1770647400000,3.319,3.378,3.308,3.353,97678.9
2026-02-09 14:45:00,1770648300000,3.353,3.378,3.351,3.367,84118.0
2026-02-09 15:00:00,1770649200000,3.367,3.402,3.367,3.388,89208.7
2026-02-09 15:15:00,1770650100000,3.388,3.401,3.365,3.376,43966.4
2026-02-09 15:30:00,1770651000000,3.376,3.441,3.376,3.433,110768.0
2026-02-09 15:45:00,1770651900000,3.433,3.439,3.418,3.431,40279.7
2026-02-09 16:00:00,1770652800000,3.431,3.437,3.402,3.408,48644.9
2026-02-09 16:15:00,1770653700000,3.408,3.434,3.405,3.433,24461.2
2026-02-09 16:30:00,1770654600000,3.433,3.482,3.418,3.471,52306.0
2026-02-09 16:45:00,1770655500000,3.471,3.511,3.467,3.473,86614.4
2026-02-09 17:00:00,1770656400000,3.473,3.487,3.455,3.459,50166.3
2026-02-09 17:15:00,1770657300000,3.459,3.482,3.459,3.482,16793.1
2026-02-09 17:30:00,1770658200000,3.482,3.58,3.48,3.539,246685.5
2026-02-09 17:45:00,1770659100000,3.539,3.546,3.518,3.53,87879.9
2026-02-09 18:00:00,1770660000000,3.53,3.542,3.508,3.51,27652.1
2026-02-09 18:15:00,1770660900000,3.51,3.515,3.477,3.491,60335.4
2026-02-09 18:30:00,1770661800000,3.491,3.51,3.483,3.506,57241.2
2026-02-09 18:45:00,1770662700000,3.506,3.512,3.493,3.512,26989.9
2026-02-09 19:00:00,1770663600000,3.512,3.513,3.498,3.506,15630.9
2026-02-09 19:15:00,1770664500000,3.506,3.512,3.496,3.504,15622.5
2026-02-09 19:30:00,1770665400000,3.504,3.528,3.502,3.516,24311.8
2026-02-09 19:45:00,1770666300000,3.516,3.528,3.51,3.515,17838.7
2026-02-09 20:00:00,1770667200000,3.515,3.532,3.505,3.516,27212.9
2026-02-09 20:15:00,1770668100000,3.516,3.516,3.484,3.485,30087.5
2026-02-09 20:30:00,1770669000000,3.485,3.499,3.48,3.497,18354.5
2026-02-09 20:45:00,1770669900000,3.497,3.502,3.491,3.497,17318.7
2026-02-09 21:00:00,1770670800000,3.497,3.502,3.493,3.496,14760.7
2026-02-09 21:15:00,1770671700000,3.496,3.5,3.484,3.49,25471.9
2026-02-09 21:30:00,1770672600000,3.49,3.492,3.456,3.467,45928.3
2026-02-09 21:45:00,1770673500000,3.467,3.509,3.459,3.493,61278.6
2026-02-09 22:00:00,1770674400000,3.493,3.508,3.49,3.508,16112.5
2026-02-09 22:15:00,1770675300000,3.508,3.508,3.487,3.497,15539.5
2026-02-09 22:30:00,1770676200000,3.497,3.509,3.497,3.507,35903.3
2026-02-09 22:45:00,1770677100000,3.507,3.51,3.495,3.5,5315.1
2026-02-09 23:00:00,1770678000000,3.5,3.516,3.497,3.503,24403.2
2026-02-09 23:15:00,1770678900000,3.503,3.506,3.489,3.493,10786.2
2026-02-09 23:30:00,1770679800000,3.493,3.504,3.493,3.5,6307.9
2026-02-09 23:45:00,1770680700000,3.5,3.5,3.486,3.491,10064.8
2026-02-10 00:00:00,1770681600000,3.491,3.496,3.472,3.488,42569.2
2026-02-10 00:15:00,1770682500000,3.488,3.491,3.466,3.467,23025.0
2026-02-10 00:30:00,1770683400000,3.467,3.472,3.449,3.45,18813.2
2026-02-10 00:45:00,1770684300000,3.45,3.454,3.442,3.448,14372.0
2026-02-10 01:00:00,1770685200000,3.448,3.466,3.448,3.462,11896.9
2026-02-10 01:15:00,1770686100000,3.462,3.478,3.457,3.474,17396.4
2026-02-10 01:30:00,1770687000000,3.474,3.484,3.465,3.48,6876.6
2026-02-10 01:45:00,1770687900000,3.48,3.484,3.47,3.474,6989.5
2026-02-10 02:00:00,1770688800000,3.474,3.475,3.462,3.463,24499.8
2026-02-10 02:15:00,1770689700000,3.463,3.469,3.459,3.459,15296.1
2026-02-10 02:30:00,1770690600000,3.459,3.464,3.448,3.45,4877.9
2026-02-10 02:45:00,1770691500000,3.45,3.455,3.442,3.449,9005.6
2026-02-10 03:00:00,1770692400000,3.449,3.452,3.427,3.435,15181.6
2026-02-10 03:15:00,1770693300000,3.435,3.438,3.402,3.402,88308.4
2026-02-10 03:30:00,1770694200000,3.402,3.404,3.378,3.395,78378.4
2026-02-10 03:45:00,1770695100000,3.395,3.404,3.392,3.402,12442.3
2026-02-10 04:00:00,1770696000000,3.402,3.425,3.398,3.425,19615.3
2026-02-10 04:15:00,1770696900000,3.425,3.432,3.421,3.43,25080.1
2026-02-10 04:30:00,1770697800000,3.43,3.432,3.414,3.42,15229.5
2026-02-10 04:45:00,1770698700000,3.42,3.435,3.419,3.43,6915.9
2026-02-10 05:00:00,1770699600000,3.43,3.432,3.422,3.428,6165.6
2026-02-10 05:15:00,1770700500000,3.428,3.428,3.413,3.414,6988.0
2026-02-10 05:30:00,1770701400000,3.414,3.425,3.4,3.401,20531.8
2026-02-10 05:45:00,1770702300000,3.401,3.403,3.387,3.396,21490.2
2026-02-10 06:00:00,1770703200000,3.396,3.399,3.385,3.388,25651.3
2026-02-10 06:15:00,1770704100000,3.388,3.396,3.374,3.38,47372.5
2026-02-10 06:30:00,1770705000000,3.38,3.386,3.363,3.37,100185.2
2026-02-10 06:45:00,1770705900000,3.37,3.37,3.33,3.342,154336.6
2026-02-10 07:00:00,1770706800000,3.342,3.368,3.34,3.354,56805.1
2026-02-10 07:15:00,1770707700000,3.354,3.357,3.343,3.357,23387.3
2026-02-10 07:30:00,1770708600000,3.357,3.359,3.349,3.354,6364.3
2026-02-10 07:45:00,1770709500000,3.354,3.361,3.348,3.358,10762.2
2026-02-10 08:00:00,1770710400000,3.358,3.365,3.352,3.354,32067.4
2026-02-10 08:15:00,1770711300000,3.354,3.372,3.348,3.369,20182.1
2026-02-10 08:30:00,1770712200000,3.369,3.374,3.359,3.368,14975.2
2026-02-10 08:45:00,1770713100000,3.368,3.375,3.365,3.373,12149.0
2026-02-10 09:00:00,1770714000000,3.373,3.393,3.37,3.389,35464.7
2026-02-10 09:15:00,1770714900000,3.389,3.392,3.382,3.384,10627.0
2026-02-10 09:30:00,1770715800000,3.384,3.385,3.376,3.385,8490.6
2026-02-10 09:45:00,1770716700000,3.385,3.389,3.367,3.379,42299.8
2026-02-10 10:00:00,1770717600000,3.379,3.386,3.374,3.376,12473.7
2026-02-10 10:15:00,1770718500000,3.376,3.389,3.37,3.381,7968.8
2026-02-10 10:30:00,1770719400000,3.381,3.381,3.369,3.37,3883.0
2026-02-10 10:45:00,1770720300000,3.37,3.372,3.359,3.36,20752.8
2026-02-10 11:00:00,1770721200000,3.36,3.372,3.36,3.37,8859.2
2026-02-10 11:15:00,1770722100000,3.37,3.374,3.367,3.373,3164.2
2026-02-10 11:30:00,1770723000000,3.373,3.38,3.356,3.365,43396.3
2026-02-10 11:45:00,1770723900000,3.365,3.365,3.348,3.35,42971.2
2026-02-10 12:00:00,1770724800000,3.35,3.364,3.35,3.356,30779.3
2026-02-10 12:15:00,1770725700000,3.356,3.358,3.35,3.355,3896.2
2026-02-10 12:30:00,1770726600000,3.355,3.359,3.32,3.333,104562.4
2026-02-10 12:45:00,1770727500000,3.333,3.337,3.33,3.336,30365.2
2026-02-10 13:00:00,1770728400000,3.336,3.34,3.325,3.335,52064.8
2026-02-10 13:15:00,1770729300000,3.335,3.34,3.329,3.337,33466.9
2026-02-10 13:30:00,1770730200000,3.337,3.353,3.334,3.349,33834.1
2026-02-10 13:45:00,1770731100000,3.349,3.35,3.339,3.346,17563.9
2026-02-10 14:00:00,1770732000000,3.346,3.346,3.336,3.342,22324.8
2026-02-10 14:15:00,1770732900000,3.342,3.369,3.341,3.353,52065.9
2026-02-10 14:30:00,1770733800000,3.353,3.372,3.316,3.338,119798.6
2026-02-10 14:45:00,1770734700000,3.338,3.347,3.314,3.336,38434.3
2026-02-10 15:00:00,1770735600000,3.336,3.364,3.326,3.339,46533.5
2026-02-10 15:15:00,1770736500000,3.339,3.373,3.334,3.365,25801.0
2026-02-10 15:30:00,1770737400000,3.365,3.378,3.361,3.367,26648.7
2026-02-10 15:45:00,1770738300000,3.367,3.373,3.356,3.363,31553.8
2026-02-10 16:00:00,1770739200000,3.363,3.388,3.344,3.385,36881.3
2026-02-10 16:15:00,1770740100000,3.385,3.389,3.364,3.374,21999.1
2026-02-10 16:30:00,1770741000000,3.374,3.393,3.365,3.384,17099.5
2026-02-10 16:45:00,1770741900000,3.384,3.387,3.366,3.374,12969.4
2026-02-10 17:00:00,1770742800000,3.374,3.375,3.36,3.363,17374.5
2026-02-10 17:15:00,1770743700000,3.363,3.391,3.363,3.379,15905.5
2026-02-10 17:30:00,1770744600000,3.379,3.401,3.375,3.39,23079.0
2026-02-10 17:45:00,1770745500000,3.39,3.394,3.381,3.389,11198.2
2026-02-10 18:00:00,1770746400000,3.389,3.393,3.369,3.376,17128.1
2026-02-10 18:15:00,1770747300000,3.376,3.383,3.343,3.347,49497.2
2026-02-10 18:30:00,1770748200000,3.347,3.353,3.332,3.343,31565.8
2026-02-10 18:45:00,1770749100000,3.343,3.345,3.319,3.337,32883.4
2026-02-10 19:00:00,1770750000000,3.337,3.345,3.33,3.34,16693.9
2026-02-10 19:15:00,1770750900000,3.34,3.34,3.326,3.336,10462.1
2026-02-10 19:30:00,1770751800000,3.336,3.361,3.336,3.355,24590.4
2026-02-10 19:45:00,1770752700000,3.355,3.36,3.342,3.347,13226.4
2026-02-10 20:00:00,1770753600000,3.347,3.352,3.332,3.332,5114.5
2026-02-10 20:15:00,1770754500000,3.332,3.342,3.331,3.336,14266.6
2026-02-10 20:30:00,1770755400000,3.336,3.346,3.328,3.344,122577.5
2026-02-10 20:45:00,1770756300000,3.344,3.348,3.333,3.339,39482.3
2026-02-10 21:00:00,1770757200000,3.339,3.35,3.337,3.343,10155.0
2026-02-10 21:15:00,1770758100000,3.343,3.351,3.336,3.336,8285.7
2026-02-10 21:30:00,1770759000000,3.336,3.336,3.322,3.328,33826.1
2026-02-10 21:45:00,1770759900000,3.328,3.343,3.327,3.336,9977.2
2026-02-10 22:00:00,1770760800000,3.336,3.345,3.334,3.339,41708.6
2026-02-10 22:15:00,1770761700000,3.339,3.351,3.339,3.349,11365.0
2026-02-10 22:30:00,1770762600000,3.349,3.371,3.348,3.358,17857.7
2026-02-10 22:45:00,1770763500000,3.358,3.361,3.346,3.351,12651.3
2026-02-10 23:00:00,1770764400000,3.351,3.353,3.339,3.343,13203.7
2026-02-10 23:15:00,1770765300000,3.343,3.357,3.341,3.354,11643.6
2026-02-10 23:30:00,1770766200000,3.354,3.362,3.354,3.361,8902.6
2026-02-10 23:45:00,1770767100000,3.361,3.364,3.355,3.358,21825.4
2026-02-11 00:00:00,1770768000000,3.358,3.368,3.356,3.357,39334.1
2026-02-11 00:15:00,1770768900000,3.357,3.373,3.356,3.37,20274.7
2026-02-11 00:30:00,1770769800000,3.37,3.37,3.358,3.367,11414.3
2026-02-11 00:45:00,1770770700000,3.367,3.372,3.361,3.367,19105.4
2026-02-11 01:00:00,1770771600000,3.367,3.373,3.363,3.368,10185.9
2026-02-11 01:15:00,1770772500000,3.368,3.375,3.354,3.358,10826.9
2026-02-11 01:30:00,1770773400000,3.358,3.371,3.357,3.368,9872.8
2026-02-11 01:45:00,1770774300000,3.368,3.371,3.358,3.361,9245.2
2026-02-11 02:00:00,1770775200000,3.361,3.381,3.361,3.372,17863.4
2026-02-11 02:15:00,1770776100000,3.372,3.383,3.372,3.381,6695.0
2026-02-11 02:30:00,1770777000000,3.381,3.383,3.376,3.376,12009.5
2026-02-11 02:45:00,1770777900000,3.376,3.376,3.36,3.36,12814.6
2026-02-11 03:00:00,1770778800000,3.36,3.365,3.347,3.349,10843.7
2026-02-11 03:15:00,1770779700000,3.349,3.359,3.326,3.352,49885.9
2026-02-11 03:30:00,1770780600000,3.352,3.378,3.35,3.37,22014.6
2026-02-11 03:45:00,1770781500000,3.37,3.37,3.356,3.357,10173.5
2026-02-11 04:00:00,1770782400000,3.357,3.362,3.347,3.347,10041.0
2026-02-11 04:15:00,1770783300000,3.347,3.351,3.323,3.323,76964.8
2026-02-11 04:30:00,1770784200000,3.323,3.33,3.29,3.303,129765.9
2026-02-11 04:45:00,1770785100000,3.303,3.317,3.295,3.303,39017.4
2026-02-11 05:00:00,1770786000000,3.303,3.318,3.297,3.302,24934.0
2026-02-11 05:15:00,1770786900000,3.302,3.309,3.29,3.295,20570.5
2026-02-11 05:30:00,1770787800000,3.295,3.299,3.283,3.285,22810.2
2026-02-11 05:45:00,1770788700000,3.285,3.292,3.28,3.284,14408.8
2026-02-11 06:00:00,1770789600000,3.284,3.288,3.253,3.258,86634.9
2026-02-11 06:15:00,1770790500000,3.258,3.278,3.239,3.276,145426.0
2026-02-11 06:30:00,1770791400000,3.276,3.282,3.263,3.264,24781.6
2026-02-11 06:45:00,1770792300000,3.264,3.264,3.238,3.245,30227.6
2026-02-11 07:00:00,1770793200000,3.245,3.263,3.243,3.251,24343.3
2026-02-11 07:15:00,1770794100000,3.251,3.255,3.239,3.249,19853.4
2026-02-11 07:30:00,1770795000000,3.249,3.267,3.247,3.262,20285.7
2026-02-11 07:45:00,1770795900000,3.262,3.268,3.254,3.254,32565.8
2026-02-11 08:00:00,1770796800000,3.254,3.256,3.236,3.244,66438.2
2026-02-11 08:15:00,1770797700000,3.244,3.251,3.237,3.248,47483.7
2026-02-11 08:30:00,1770798600000,3.248,3.256,3.243,3.251,17955.4
2026-02-11 08:45:00,1770799500000,3.251,3.253,3.241,3.247,14593.6
2026-02-11 09:00:00,1770800400000,3.247,3.255,3.244,3.251,23440.6
2026-02-11 09:15:00,1770801300000,3.251,3.254,3.244,3.254,17160.7
2026-02-11 09:30:00,1770802200000,3.254,3.258,3.228,3.234,42098.4
2026-02-11 09:45:00,1770803100000,3.234,3.236,3.226,3.235,30655.7
2026-02-11 10:00:00,1770804000000,3.235,3.243,3.225,3.234,23268.9
2026-02-11 10:15:00,1770804900000,3.234,3.244,3.233,3.241,13953.6
2026-02-11 10:30:00,1770805800000,3.241,3.243,3.219,3.225,25597.7
2026-02-11 10:45:00,1770806700000,3.225,3.234,3.219,3.231,43651.9
2026-02-11 11:00:00,1770807600000,3.231,3.249,3.231,3.245,16283.9
2026-02-11 11:15:00,1770808500000,3.245,3.269,3.241,3.266,28634.3
2026-02-11 11:30:00,1770809400000,3.266,3.266,3.255,3.256,13318.2
2026-02-11 11:45:00,1770810300000,3.256,3.267,3.253,3.261,33302.6
2026-02-11 12:00:00,1770811200000,3.261,3.268,3.246,3.254,40343.7
2026-02-11 12:15:00,1770812100000,3.254,3.274,3.254,3.266,24593.2
2026-02-11 12:30:00,1770813000000,3.266,3.266,3.255,3.255,18298.3
2026-02-11 12:45:00,1770813900000,3.255,3.256,3.251,3.254,8595.7
2026-02-11 13:00:00,1770814800000,3.254,3.258,3.245,3.247,17612.3
2026-02-11 13:15:00,1770815700000,3.247,3.257,3.242,3.253,10831.2
2026-02-11 13:30:00,1770816600000,3.253,3.294,3.25,3.278,192720.0
2026-02-11 13:45:00,1770817500000,3.278,3.401,3.272,3.393,745204.1
2026-02-11 14:00:00,1770818400000,3.393,4.552,3.392,4.267,13737319.2
2026-02-11 14:15:00,1770819300000,4.267,4.336,4.008,4.043,5321020.3
2026-02-11 14:30:00,1770820200000,4.043,4.269,3.922,3.941,3574612.7
2026-02-11 14:45:00,1770821100000,3.941,4.077,3.905,3.958,2530786.1
2026-02-11 15:00:00,1770822000000,3.958,3.963,3.793,3.83,2019919.5
2026-02-11 15:15:00,1770822900000,3.83,3.845,3.753,3.807,1225073.3
2026-02-11 15:30:00,1770823800000,3.807,3.9,3.8,3.888,1304673.9
2026-02-11 15:45:00,1770824700000,3.888,3.892,3.776,3.821,1092871.7
2026-02-11 16:00:00,1770825600000,3.821,3.902,3.757,3.873,1129423.1
2026-02-11 16:15:00,1770826500000,3.873,3.88,3.816,3.839,863656.4
2026-02-11 16:30:00,1770827400000,3.839,3.878,3.829,3.843,507559.1
2026-02-11 16:45:00,1770828300000,3.843,3.846,3.738,3.76,637028.4
2026-02-11 17:00:00,1770829200000,3.76,3.773,3.644,3.669,1890815.5
2026-02-11 17:15:00,1770830100000,3.669,3.721,3.651,3.665,690719.9
2026-02-11 17:30:00,1770831000000,3.665,3.694,3.625,3.634,546088.8
2026-02-11 17:45:00,1770831900000,3.634,3.661,3.59,3.592,1196987.5
2026-02-11 18:00:00,1770832800000,3.592,3.61,3.5,3.546,2075274.0
2026-02-11 18:15:00,1770833700000,3.546,3.612,3.534,3.592,872405.3
2026-02-11 18:30:00,1770834600000,3.592,3.597,3.458,3.511,1561569.4
2026-02-11 18:45:00,1770835500000,3.511,3.543,3.492,3.513,508686.9
2026-02-11 19:00:00,1770836400000,3.513,3.527,3.44,3.473,1095665.1
2026-02-11 19:15:00,1770837300000,3.473,3.539,3.435,3.481,1128647.8
2026-02-11 19:30:00,1770838200000,3.481,3.506,3.465,3.495,301892.2
2026-02-11 19:45:00,1770839100000,3.495,3.502,3.487,3.489,149884.5
2026-02-11 20:00:00,1770840000000,3.489,3.507,3.451,3.492,387997.5
2026-02-11 20:15:00,1770840900000,3.492,3.499,3.455,3.458,242115.7
2026-02-11 20:30:00,1770841800000,3.458,3.487,3.449,3.481,280505.5
2026-02-11 20:45:00,1770842700000,3.481,3.512,3.476,3.501,218834.6
2026-02-11 21:00:00,1770843600000,3.501,3.534,3.498,3.52,296785.1
2026-02-11 21:15:00,1770844500000,3.52,3.58,3.518,3.568,362240.3
2026-02-11 21:30:00,1770845400000,3.568,3.575,3.527,3.548,261428.4
2026-02-11 21:45:00,1770846300000,3.548,3.563,3.504,3.509,218900.6
2026-02-11 22:00:00,1770847200000,3.509,3.514,3.468,3.483,253959.0
2026-02-11 22:15:00,1770848100000,3.483,3.499,3.475,3.491,113023.0
2026-02-11 22:30:00,1770849000000,3.491,3.504,3.454,3.465,150942.3
2026-02-11 22:45:00,1770849900000,3.465,3.481,3.43,3.435,259053.4
2026-02-11 23:00:00,1770850800000,3.435,3.459,3.425,3.443,208825.9
2026-02-11 23:15:00,1770851700000,3.443,3.458,3.37,3.385,724900.7
2026-02-11 23:30:00,1770852600000,3.385,3.4,3.368,3.395,235531.0
2026-02-11 23:45:00,1770853500000,3.395,3.399,3.337,3.363,508719.4
2026-02-12 00:00:00,1770854400000,3.363,3.409,3.35,3.407,381560.8
2026-02-12 00:15:00,1770855300000,3.407,3.407,3.373,3.38,314556.7
2026-02-12 00:30:00,1770856200000,3.38,3.428,3.372,3.417,305352.8
2026-02-12 00:45:00,1770857100000,3.417,3.423,3.385,3.395,143760.3
2026-02-12 01:00:00,1770858000000,3.395,3.42,3.395,3.403,126612.9
2026-02-12 01:15:00,1770858900000,3.403,3.408,3.369,3.393,157362.4
2026-02-12 01:30:00,1770859800000,3.393,3.432,3.392,3.422,163489.0
2026-02-12 01:45:00,1770860700000,3.422,3.426,3.402,3.412,94524.2
2026-02-12 02:00:00,1770861600000,3.412,3.425,3.407,3.41,94244.7
2026-02-12 02:15:00,1770862500000,3.41,3.428,3.401,3.421,140208.4
2026-02-12 02:30:00,1770863400000,3.421,3.47,3.419,3.462,260899.9
2026-02-12 02:45:00,1770864300000,3.462,3.47,3.449,3.467,154912.8
2026-02-12 03:00:00,1770865200000,3.467,3.492,3.459,3.478,188184.2
2026-02-12 03:15:00,1770866100000,3.478,3.483,3.436,3.458,206979.6
2026-02-12 03:30:00,1770867000000,3.458,3.481,3.456,3.476,153962.3
2026-02-12 03:45:00,1770867900000,3.476,3.478,3.464,3.47,102357.0
2026-02-12 04:00:00,1770868800000,3.47,3.476,3.45,3.466,87606.2
2026-02-12 04:15:00,1770869700000,3.466,3.467,3.394,3.407,406741.0
2026-02-12 04:30:00,1770870600000,3.407,3.438,3.406,3.431,85320.6
2026-02-12 04:45:00,1770871500000,3.431,3.437,3.411,3.416,86540.0
2026-02-12 05:00:00,1770872400000,3.416,3.43,3.388,3.393,127529.6
2026-02-12 05:15:00,1770873300000,3.393,3.417,3.393,3.405,98490.8
2026-02-12 05:30:00,1770874200000,3.405,3.427,3.399,3.42,80562.9
2026-02-12 05:45:00,1770875100000,3.42,3.426,3.406,3.416,93586.2
2026-02-12 06:00:00,1770876000000,3.416,3.423,3.402,3.412,127831.1
2026-02-12 06:15:00,1770876900000,3.412,3.435,3.407,3.42,127630.2
2026-02-12 06:30:00,1770877800000,3.42,3.426,3.405,3.406,89385.0
2026-02-12 06:45:00,1770878700000,3.406,3.415,3.402,3.411,97732.4
2026-02-12 07:00:00,1770879600000,3.411,3.412,3.37,3.382,119575.0
2026-02-12 07:15:00,1770880500000,3.382,3.421,3.381,3.418,100794.9
2026-02-12 07:30:00,1770881400000,3.418,3.43,3.411,3.417,106021.1
2026-02-12 07:45:00,1770882300000,3.417,3.417,3.401,3.408,84622.4
2026-02-12 08:00:00,1770883200000,3.408,3.411,3.393,3.4,75943.4
2026-02-12 08:15:00,1770884100000,3.4,3.401,3.367,3.371,179624.8
2026-02-12 08:30:00,1770885000000,3.371,3.371,3.345,3.353,195917.5
2026-02-12 08:45:00,1770885900000,3.353,3.362,3.342,3.359,110541.0
2026-02-12 09:00:00,1770886800000,3.359,3.364,3.343,3.348,98245.7
2026-02-12 09:15:00,1770887700000,3.348,3.353,3.313,3.333,258108.0
2026-02-12 09:30:00,1770888600000,3.333,3.356,3.33,3.356,114876.2
2026-02-12 09:45:00,1770889500000,3.356,3.384,3.348,3.372,196942.7
2026-02-12 10:00:00,1770890400000,3.372,3.387,3.365,3.384,137924.2
2026-02-12 10:15:00,1770891300000,3.384,3.386,3.355,3.37,184287.1
2026-02-12 10:30:00,1770892200000,3.37,3.384,3.363,3.366,93024.1
2026-02-12 10:45:00,1770893100000,3.366,3.404,3.36,3.403,191910.6
2026-02-12 11:00:00,1770894000000,3.403,3.415,3.385,3.391,158450.5
2026-02-12 11:15:00,1770894900000,3.391,3.418,3.381,3.413,139496.0
2026-02-12 11:30:00,1770895800000,3.413,3.425,3.393,3.399,173986.7
2026-02-12 11:45:00,1770896700000,3.399,3.413,3.394,3.408,71622.6
2026-02-12 12:00:00,1770897600000,3.408,3.412,3.397,3.409,122933.8
2026-02-12 12:15:00,1770898500000,3.409,3.417,3.388,3.4,92788.5
2026-02-12 12:30:00,1770899400000,3.4,3.425,3.386,3.416,115840.8
2026-02-12 12:45:00,1770900300000,3.416,3.434,3.394,3.41,179047.5
2026-02-12 13:00:00,1770901200000,3.41,3.412,3.377,3.393,459408.7
2026-02-12 13:15:00,1770902100000,3.393,3.411,3.385,3.393,140639.9
2026-02-12 13:30:00,1770903000000,3.393,3.428,3.393,3.427,173705.7
2026-02-12 13:45:00,1770903900000,3.427,3.46,3.425,3.454,282953.7
2026-02-12 14:00:00,1770904800000,3.454,3.454,3.388,3.397,239006.8
2026-02-12 14:15:00,1770905700000,3.397,3.408,3.372,3.387,205755.2
2026-02-12 14:30:00,1770906600000,3.387,3.404,3.345,3.351,417899.3
2026-02-12 14:45:00,1770907500000,3.351,3.376,3.342,3.36,187014.1
2026-02-12 15:00:00,1770908400000,3.36,3.376,3.327,3.355,351273.8
2026-02-12 15:15:00,1770909300000,3.355,3.387,3.343,3.381,220144.0
2026-02-12 15:30:00,1770910200000,3.381,3.389,3.34,3.355,222972.2
2026-02-12 15:45:00,1770911100000,3.355,3.36,3.323,3.34,156204.4
2026-02-12 16:00:00,1770912000000,3.34,3.344,3.27,3.279,861011.5
2026-02-12 16:15:00,1770912900000,3.279,3.299,3.244,3.251,575396.7
2026-02-12 16:30:00,1770913800000,3.251,3.282,3.237,3.269,351399.0
2026-02-12 16:45:00,1770914700000,3.269,3.274,3.207,3.235,557122.1
2026-02-12 17:00:00,1770915600000,3.235,3.256,3.222,3.24,175612.4
2026-02-12 17:15:00,1770916500000,3.24,3.258,3.223,3.237,181195.9
2026-02-12 17:30:00,1770917400000,3.237,3.261,3.232,3.242,110078.1
2026-02-12 17:45:00,1770918300000,3.242,3.246,3.21,3.221,246337.0
2026-02-12 18:00:00,1770919200000,3.221,3.237,3.211,3.225,181161.8
2026-02-12 18:15:00,1770920100000,3.225,3.227,3.186,3.197,381961.0
2026-02-12 18:30:00,1770921000000,3.197,3.209,3.187,3.202,193536.6
2026-02-12 18:45:00,1770921900000,3.202,3.219,3.196,3.201,153241.4
2026-02-12 19:00:00,1770922800000,3.201,3.222,3.2,3.213,117230.8
2026-02-12 19:15:00,1770923700000,3.213,3.257,3.212,3.254,150107.2
2026-02-12 19:30:00,1770924600000,3.254,3.272,3.238,3.243,124298.5
2026-02-12 19:45:00,1770925500000,3.243,3.252,3.215,3.219,104465.5
2026-02-12 20:00:00,1770926400000,3.219,3.231,3.2,3.204,58483.6
2026-02-12 20:15:00,1770927300000,3.204,3.21,3.183,3.194,128918.8
2026-02-12 20:30:00,1770928200000,3.194,3.198,3.157,3.178,299651.7
2026-02-12 20:45:00,1770929100000,3.178,3.179,3.137,3.163,245381.9
2026-02-12 21:00:00,1770930000000,3.163,3.187,3.163,3.187,80813.2
2026-02-12 21:15:00,1770930900000,3.187,3.192,3.176,3.185,69926.2
2026-02-12 21:30:00,1770931800000,3.185,3.195,3.179,3.192,48242.2
2026-02-12 21:45:00,1770932700000,3.192,3.195,3.183,3.192,74589.1
2026-02-12 22:00:00,1770933600000,3.192,3.202,3.184,3.195,108289.2
2026-02-12 22:15:00,1770934500000,3.195,3.208,3.179,3.208,75497.7
2026-02-12 22:30:00,1770935400000,3.208,3.213,3.196,3.208,54011.3
2026-02-12 22:45:00,1770936300000,3.208,3.245,3.207,3.24,155164.1
2026-02-12 23:00:00,1770937200000,3.24,3.244,3.218,3.229,107138.9
2026-02-12 23:15:00,1770938100000,3.229,3.249,3.224,3.244,29635.1
2026-02-12 23:30:00,1770939000000,3.244,3.249,3.234,3.242,99640.9
2026-02-12 23:45:00,1770939900000,3.242,3.25,3.238,3.244,29239.1
2026-02-13 00:00:00,1770940800000,3.244,3.251,3.227,3.228,98327.2
2026-02-13 00:15:00,1770941700000,3.228,3.234,3.222,3.222,78764.7
2026-02-13 00:30:00,1770942600000,3.222,3.226,3.207,3.215,85472.5
2026-02-13 00:45:00,1770943500000,3.215,3.23,3.208,3.225,45846.8
2026-02-13 01:00:00,1770944400000,3.225,3.254,3.221,3.24,48191.2
2026-02-13 01:15:00,1770945300000,3.24,3.264,3.24,3.258,233036.4
2026-02-13 01:30:00,1770946200000,3.258,3.272,3.249,3.267,43626.2
2026-02-13 01:45:00,1770947100000,3.267,3.28,3.248,3.256,103436.4
2026-02-13 02:00:00,1770948000000,3.256,3.278,3.251,3.265,79228.0
2026-02-13 02:15:00,1770948900000,3.265,3.274,3.252,3.267,66501.4
2026-02-13 02:30:00,1770949800000,3.267,3.28,3.264,3.268,55175.5
2026-02-13 02:45:00,1770950700000,3.268,3.273,3.256,3.271,32620.9
2026-02-13 03:00:00,1770951600000,3.271,3.271,3.243,3.254,114975.1
2026-02-13 03:15:00,1770952500000,3.254,3.275,3.253,3.265,52941.3
2026-02-13 03:30:00,1770953400000,3.265,3.277,3.262,3.262,57806.1
2026-02-13 03:45:00,1770954300000,3.262,3.272,3.257,3.27,55681.9
2026-02-13 04:00:00,1770955200000,3.27,3.293,3.269,3.288,104004.2
2026-02-13 04:15:00,1770956100000,3.288,3.303,3.277,3.297,155950.7
2026-02-13 04:30:00,1770957000000,3.297,3.308,3.281,3.291,92548.5
2026-02-13 04:45:00,1770957900000,3.291,3.294,3.276,3.282,139463.8
2026-02-13 05:00:00,1770958800000,3.282,3.288,3.263,3.265,58666.8
2026-02-13 05:15:00,1770959700000,3.265,3.279,3.261,3.276,36043.3
2026-02-13 05:30:00,1770960600000,3.276,3.302,3.275,3.301,51850.8
2026-02-13 05:45:00,1770961500000,3.301,3.302,3.273,3.274,73563.3
2026-02-13 06:00:00,1770962400000,3.274,3.283,3.249,3.258,168066.9
2026-02-13 06:15:00,1770963300000,3.258,3.267,3.249,3.258,84661.7
2026-02-13 06:30:00,1770964200000,3.258,3.275,3.255,3.271,46868.6
2026-02-13 06:45:00,1770965100000,3.271,3.297,3.266,3.294,62282.5
2026-02-13 07:00:00,1770966000000,3.294,3.327,3.292,3.326,139761.2
2026-02-13 07:15:00,1770966900000,3.326,3.332,3.315,3.328,95345.9
2026-02-13 07:30:00,1770967800000,3.328,3.328,3.284,3.285,69220.2
2026-02-13 07:45:00,1770968700000,3.285,3.302,3.28,3.299,45103.6
2026-02-13 08:00:00,1770969600000,3.299,3.311,3.295,3.296,48226.5
2026-02-13 08:15:00,1770970500000,3.296,3.321,3.291,3.314,31921.0
2026-02-13 08:30:00,1770971400000,3.314,3.319,3.305,3.313,30285.9
2026-02-13 08:45:00,1770972300000,3.313,3.328,3.309,3.323,60627.0
2026-02-13 09:00:00,1770973200000,3.323,3.324,3.285,3.292,97754.2
2026-02-13 09:15:00,1770974100000,3.292,3.305,3.284,3.3,49592.4
2026-02-13 09:30:00,1770975000000,3.3,3.309,3.297,3.302,51836.2
2026-02-13 09:45:00,1770975900000,3.302,3.318,3.301,3.315,64359.0
2026-02-13 10:00:00,1770976800000,3.315,3.321,3.303,3.312,41045.5
2026-02-13 10:15:00,1770977700000,3.312,3.316,3.301,3.304,44654.7
2026-02-13 10:30:00,1770978600000,3.304,3.328,3.299,3.32,42506.6
2026-02-13 10:45:00,1770979500000,3.32,3.328,3.32,3.321,37476.2
2026-02-13 11:00:00,1770980400000,3.321,3.325,3.311,3.317,27940.0
2026-02-13 11:15:00,1770981300000,3.317,3.327,3.313,3.325,46095.6
2026-02-13 11:30:00,1770982200000,3.325,3.329,3.309,3.323,55171.6
2026-02-13 11:45:00,1770983100000,3.323,3.333,3.303,3.319,164841.0
2026-02-13 12:00:00,1770984000000,3.319,3.324,3.312,3.316,43422.5
2026-02-13 12:15:00,1770984900000,3.316,3.332,3.316,3.331,44944.2
2026-02-13 12:30:00,1770985800000,3.331,3.335,3.31,3.316,44204.3
2026-02-13 12:45:00,1770986700000,3.316,3.321,3.304,3.318,89228.7
2026-02-13 13:00:00,1770987600000,3.318,3.349,3.317,3.342,174986.9
2026-02-13 13:15:00,1770988500000,3.342,3.382,3.342,3.364,156644.0
2026-02-13 13:30:00,1770989400000,3.364,3.382,3.341,3.362,214146.3
2026-02-13 13:45:00,1770990300000,3.362,3.366,3.343,3.346,137913.3
2026-02-13 14:00:00,1770991200000,3.346,3.358,3.344,3.347,49822.4
2026-02-13 14:15:00,1770992100000,3.347,3.385,3.346,3.382,69612.8
2026-02-13 14:30:00,1770993000000,3.382,3.417,3.367,3.392,362491.6
2026-02-13 14:45:00,1770993900000,3.392,3.426,3.383,3.41,312002.5
2026-02-13 15:00:00,1770994800000,3.41,3.456,3.391,3.433,328533.0
2026-02-13 15:15:00,1770995700000,3.433,3.445,3.407,3.435,137557.7
2026-02-13 15:30:00,1770996600000,3.435,3.468,3.43,3.432,325934.2
2026-02-13 15:45:00,1770997500000,3.432,3.434,3.384,3.405,360335.0
2026-02-13 16:00:00,1770998400000,3.405,3.474,3.402,3.452,657562.0
2026-02-13 16:15:00,1770999300000,3.452,3.47,3.429,3.465,295939.5
2026-02-13 16:30:00,1771000200000,3.465,3.493,3.462,3.489,240527.0
2026-02-13 16:45:00,1771001100000,3.489,3.489,3.466,3.473,94253.7
2026-02-13 17:00:00,1771002000000,3.473,3.475,3.441,3.458,184328.1
2026-02-13 17:15:00,1771002900000,3.458,3.471,3.454,3.457,73275.6
2026-02-13 17:30:00,1771003800000,3.457,3.466,3.45,3.459,42580.5
2026-02-13 17:45:00,1771004700000,3.459,3.464,3.443,3.445,93190.3
2026-02-13 18:00:00,1771005600000,3.445,3.454,3.434,3.436,136442.7
2026-02-13 18:15:00,1771006500000,3.436,3.454,3.432,3.443,41263.8
2026-02-13 18:30:00,1771007400000,3.443,3.458,3.437,3.45,60115.6
2026-02-13 18:45:00,1771008300000,3.45,3.458,3.438,3.451,144861.1
2026-02-13 19:00:00,1771009200000,3.451,3.455,3.437,3.446,118603.4
2026-02-13 19:15:00,1771010100000,3.446,3.447,3.424,3.429,114129.3
2026-02-13 19:30:00,1771011000000,3.429,3.438,3.416,3.417,96049.0
2026-02-13 19:45:00,1771011900000,3.417,3.428,3.417,3.42,18845.7
2026-02-13 20:00:00,1771012800000,3.42,3.424,3.413,3.414,51576.4
2026-02-13 20:15:00,1771013700000,3.414,3.424,3.413,3.417,41588.9
2026-02-13 20:30:00,1771014600000,3.417,3.418,3.405,3.411,54284.0
2026-02-13 20:45:00,1771015500000,3.411,3.418,3.405,3.414,31168.0
2026-02-13 21:00:00,1771016400000,3.414,3.443,3.413,3.441,86354.4
2026-02-13 21:15:00,1771017300000,3.441,3.441,3.424,3.424,56987.6
2026-02-13 21:30:00,1771018200000,3.424,3.426,3.415,3.419,26778.5
2026-02-13 21:45:00,1771019100000,3.419,3.421,3.41,3.419,65825.7
2026-02-13 22:00:00,1771020000000,3.419,3.431,3.401,3.402,76127.0
2026-02-13 22:15:00,1771020900000,3.402,3.415,3.396,3.413,47063.4
2026-02-13 22:30:00,1771021800000,3.413,3.413,3.395,3.401,40275.3
2026-02-13 22:45:00,1771022700000,3.401,3.403,3.384,3.403,59743.2
2026-02-13 23:00:00,1771023600000,3.403,3.403,3.394,3.398,21237.6
2026-02-13 23:15:00,1771024500000,3.398,3.404,3.393,3.401,21857.1
2026-02-13 23:30:00,1771025400000,3.401,3.404,3.391,3.393,52431.2
2026-02-13 23:45:00,1771026300000,3.393,3.403,3.386,3.396,81333.4
2026-02-14 00:00:00,1771027200000,3.396,3.41,3.379,3.4,102562.0
2026-02-14 00:15:00,1771028100000,3.4,3.406,3.393,3.398,52951.4
2026-02-14 00:30:00,1771029000000,3.398,3.409,3.389,3.404,85877.6
2026-02-14 00:45:00,1771029900000,3.404,3.41,3.396,3.398,66210.1
2026-02-14 01:00:00,1771030800000,3.398,3.405,3.386,3.405,64379.3
2026-02-14 01:15:00,1771031700000,3.405,3.407,3.386,3.402,67479.9
2026-02-14 01:30:00,1771032600000,3.402,3.402,3.392,3.401,17954.7
2026-02-14 01:45:00,1771033500000,3.401,3.404,3.396,3.404,14679.4
2026-02-14 02:00:00,1771034400000,3.404,3.404,3.392,3.398,19756.5
2026-02-14 02:15:00,1771035300000,3.398,3.399,3.374,3.378,55283.5
2026-02-14 02:30:00,1771036200000,3.378,3.387,3.374,3.384,27366.4
2026-02-14 02:45:00,1771037100000,3.384,3.393,3.384,3.389,47438.4
2026-02-14 03:00:00,1771038000000,3.389,3.402,3.389,3.401,37699.3
2026-02-14 03:15:00,1771038900000,3.401,3.402,3.39,3.396,34301.5
2026-02-14 03:30:00,1771039800000,3.396,3.402,3.395,3.399,31873.2
2026-02-14 03:45:00,1771040700000,3.399,3.403,3.394,3.4,23454.8
2026-02-14 04:00:00,1771041600000,3.4,3.407,3.399,3.404,23018.8
2026-02-14 04:15:00,1771042500000,3.404,3.427,3.4,3.423,46608.8
2026-02-14 04:30:00,1771043400000,3.423,3.424,3.412,3.417,45799.6
2026-02-14 04:45:00,1771044300000,3.417,3.419,3.4,3.401,47051.3
2026-02-14 05:00:00,1771045200000,3.401,3.408,3.395,3.406,21159.8
2026-02-14 05:15:00,1771046100000,3.406,3.409,3.399,3.4,16977.4
2026-02-14 05:30:00,1771047000000,3.4,3.4,3.389,3.395,24239.1
2026-02-14 05:45:00,1771047900000,3.395,3.403,3.394,3.394,34999.4
2026-02-14 06:00:00,1771048800000,3.394,3.399,3.38,3.389,55846.0
2026-02-14 06:15:00,1771049700000,3.389,3.398,3.389,3.398,15577.3
2026-02-14 06:30:00,1771050600000,3.398,3.403,3.388,3.39,38665.5
2026-02-14 06:45:00,1771051500000,3.39,3.396,3.387,3.389,29366.8
2026-02-14 07:00:00,1771052400000,3.389,3.394,3.386,3.391,17063.2
2026-02-14 07:15:00,1771053300000,3.391,3.4,3.386,3.399,18071.3
2026-02-14 07:30:00,1771054200000,3.399,3.406,3.395,3.401,25647.8
2026-02-14 07:45:00,1771055100000,3.401,3.406,3.396,3.401,36630.3
2026-02-14 08:00:00,1771056000000,3.401,3.483,3.401,3.466,745235.4
2026-02-14 08:15:00,1771056900000,3.466,3.489,3.455,3.478,264873.7
2026-02-14 08:30:00,1771057800000,3.478,3.492,3.472,3.475,172965.6
2026-02-14 08:45:00,1771058700000,3.475,3.485,3.467,3.482,134349.9
2026-02-14 09:00:00,1771059600000,3.482,3.498,3.477,3.48,113221.5
2026-02-14 09:15:00,1771060500000,3.48,3.49,3.472,3.478,76581.6
2026-02-14 09:30:00,1771061400000,3.478,3.511,3.477,3.5,99038.1
2026-02-14 09:45:00,1771062300000,3.5,3.5,3.488,3.493,45051.3
2026-02-14 10:00:00,1771063200000,3.493,3.493,3.443,3.461,213451.8
2026-02-14 10:15:00,1771064100000,3.461,3.468,3.456,3.459,40289.9
2026-02-14 10:30:00,1771065000000,3.459,3.472,3.453,3.467,21944.8
2026-02-14 10:45:00,1771065900000,3.467,3.471,3.465,3.467,35604.7
2026-02-14 11:00:00,1771066800000,3.467,3.482,3.465,3.482,57881.2
2026-02-14 11:15:00,1771067700000,3.482,3.516,3.479,3.512,132363.0
2026-02-14 11:30:00,1771068600000,3.512,3.515,3.491,3.505,86542.9
2026-02-14 11:45:00,1771069500000,3.505,3.521,3.502,3.516,91740.1
2026-02-14 12:00:00,1771070400000,3.516,3.52,3.51,3.516,69751.6
2026-02-14 12:15:00,1771071300000,3.516,3.517,3.495,3.499,105418.8
2026-02-14 12:30:00,1771072200000,3.499,3.499,3.474,3.483,88615.0
2026-02-14 12:45:00,1771073100000,3.483,3.483,3.442,3.451,175012.9
2026-02-14 13:00:00,1771074000000,3.451,3.468,3.443,3.467,71035.2
2026-02-14 13:15:00,1771074900000,3.467,3.474,3.454,3.465,47390.0
2026-02-14 13:30:00,1771075800000,3.465,3.489,3.459,3.48,57069.6
2026-02-14 13:45:00,1771076700000,3.48,3.493,3.476,3.484,54518.0
2026-02-14 14:00:00,1771077600000,3.484,3.5,3.484,3.5,51112.1
2026-02-14 14:15:00,1771078500000,3.5,3.521,3.498,3.507,145361.7
2026-02-14 14:30:00,1771079400000,3.507,3.537,3.507,3.521,168105.8
2026-02-14 14:45:00,1771080300000,3.521,3.562,3.519,3.558,118957.8
2026-02-14 15:00:00,1771081200000,3.558,3.57,3.536,3.563,140029.5
2026-02-14 15:15:00,1771082100000,3.563,3.584,3.556,3.57,159009.8
2026-02-14 15:30:00,1771083000000,3.57,3.591,3.566,3.582,87084.1
2026-02-14 15:45:00,1771083900000,3.582,3.595,3.579,3.58,104620.3
2026-02-14 16:00:00,1771084800000,3.58,3.586,3.557,3.562,183797.9
2026-02-14 16:15:00,1771085700000,3.562,3.573,3.545,3.558,158672.0
2026-02-14 16:30:00,1771086600000,3.558,3.596,3.547,3.595,136441.0
2026-02-14 16:45:00,1771087500000,3.595,3.63,3.589,3.626,120743.0
2026-02-14 17:00:00,1771088400000,3.626,3.683,3.607,3.681,293953.8
2026-02-14 17:15:00,1771089300000,3.681,3.723,3.664,3.712,275876.8
2026-02-14 17:30:00,1771090200000,3.712,3.73,3.675,3.69,306657.0
2026-02-14 17:45:00,1771091100000,3.69,3.693,3.652,3.657,239373.4
2026-02-14 18:00:00,1771092000000,3.657,3.681,3.646,3.671,142225.2
2026-02-14 18:15:00,1771092900000,3.671,3.686,3.66,3.671,92818.4
2026-02-14 18:30:00,1771093800000,3.671,3.687,3.669,3.672,91265.4
2026-02-14 18:45:00,1771094700000,3.672,3.679,3.659,3.667,36850.8
2026-02-14 19:00:00,1771095600000,3.667,3.673,3.661,3.662,39737.4
2026-02-14 19:15:00,1771096500000,3.662,3.681,3.642,3.679,103142.8
2026-02-14 19:30:00,1771097400000,3.679,3.684,3.661,3.665,60871.1
2026-02-14 19:45:00,1771098300000,3.665,3.673,3.655,3.665,28102.2
2026-02-14 20:00:00,1771099200000,3.665,3.686,3.66,3.662,88560.5
2026-02-14 20:15:00,1771100100000,3.662,3.666,3.65,3.652,36961.3
2026-02-14 20:30:00,1771101000000,3.652,3.661,3.635,3.658,61128.6
2026-02-14 20:45:00,1771101900000,3.658,3.676,3.658,3.67,35907.0
2026-02-14 21:00:00,1771102800000,3.67,3.696,3.668,3.683,127102.3
2026-02-14 21:15:00,1771103700000,3.683,3.686,3.658,3.662,48630.8
2026-02-14 21:30:00,1771104600000,3.662,3.668,3.636,3.651,113316.8
2026-02-14 21:45:00,1771105500000,3.651,3.658,3.645,3.655,21894.5
2026-02-14 22:00:00,1771106400000,3.655,3.672,3.651,3.671,44186.2
2026-02-14 22:15:00,1771107300000,3.671,3.673,3.651,3.668,61377.8
2026-02-14 22:30:00,1771108200000,3.668,3.679,3.664,3.669,41805.7
2026-02-14 22:45:00,1771109100000,3.669,3.68,3.665,3.665,25940.8
2026-02-14 23:00:00,1771110000000,3.665,3.679,3.638,3.645,141003.2
2026-02-14 23:15:00,1771110900000,3.645,3.653,3.582,3.619,310104.8
2026-02-14 23:30:00,1771111800000,3.619,3.629,3.614,3.62,142970.5
2026-02-14 23:45:00,1771112700000,3.62,3.632,3.619,3.626,29618.6
2026-02-15 00:00:00,1771113600000,3.626,3.638,3.603,3.612,265410.1
2026-02-15 00:15:00,1771114500000,3.612,3.641,3.61,3.623,140693.4
2026-02-15 00:30:00,1771115400000,3.623,3.627,3.615,3.618,41326.5
2026-02-15 00:45:00,1771116300000,3.618,3.649,3.595,3.642,186838.8
2026-02-15 01:00:00,1771117200000,3.642,3.674,3.64,3.658,112414.0
2026-02-15 01:15:00,1771118100000,3.658,3.658,3.611,3.619,72815.4
2026-02-15 01:30:00,1771119000000,3.619,3.625,3.602,3.614,71744.9
2026-02-15 01:45:00,1771119900000,3.614,3.631,3.604,3.629,61274.3
2026-02-15 02:00:00,1771120800000,3.629,3.658,3.628,3.634,119342.4
2026-02-15 02:15:00,1771121700000,3.634,3.644,3.611,3.622,43364.7
2026-02-15 02:30:00,1771122600000,3.622,3.638,3.601,3.619,119558.4
2026-02-15 02:45:00,1771123500000,3.619,3.623,3.604,3.607,103216.5
2026-02-15 03:00:00,1771124400000,3.607,3.622,3.571,3.585,408028.1
2026-02-15 03:15:00,1771125300000,3.585,3.608,3.585,3.592,52505.8
2026-02-15 03:30:00,1771126200000,3.592,3.596,3.551,3.572,399573.0
2026-02-15 03:45:00,1771127100000,3.572,3.624,3.572,3.619,142655.3
2026-02-15 04:00:00,1771128000000,3.619,3.663,3.617,3.657,216169.3
2026-02-15 04:15:00,1771128900000,3.657,3.67,3.618,3.626,161582.3
2026-02-15 04:30:00,1771129800000,3.626,3.65,3.622,3.645,77101.5
2026-02-15 04:45:00,1771130700000,3.645,3.651,3.626,3.633,33496.0
2026-02-15 05:00:00,1771131600000,3.633,3.656,3.624,3.647,72364.2
2026-02-15 05:15:00,1771132500000,3.647,3.659,3.639,3.645,24265.1
2026-02-15 05:30:00,1771133400000,3.645,3.657,3.641,3.652,31663.6
2026-02-15 05:45:00,1771134300000,3.652,3.658,3.639,3.647,30586.0
2026-02-15 06:00:00,1771135200000,3.647,3.647,3.631,3.636,31641.6
2026-02-15 06:15:00,1771136100000,3.636,3.643,3.63,3.633,27068.0
2026-02-15 06:30:00,1771137000000,3.633,3.639,3.612,3.617,75602.8
2026-02-15 06:45:00,1771137900000,3.617,3.617,3.6,3.611,53542.0
2026-02-15 07:00:00,1771138800000,3.611,3.623,3.607,3.621,24528.6
2026-02-15 07:15:00,1771139700000,3.621,3.629,3.615,3.617,58552.3
2026-02-15 07:30:00,1771140600000,3.617,3.644,3.614,3.621,98153.5
2026-02-15 07:45:00,1771141500000,3.621,3.623,3.61,3.62,34240.4
2026-02-15 08:00:00,1771142400000,3.62,3.635,3.612,3.613,85202.1
2026-02-15 08:15:00,1771143300000,3.613,3.63,3.592,3.599,48060.2
2026-02-15 08:30:00,1771144200000,3.599,3.601,3.545,3.566,216054.7
2026-02-15 08:45:00,1771145100000,3.566,3.579,3.56,3.575,32499.4
2026-02-15 09:00:00,1771146000000,3.575,3.611,3.57,3.607,43896.8
2026-02-15 09:15:00,1771146900000,3.607,3.612,3.598,3.607,36605.4
2026-02-15 09:30:00,1771147800000,3.607,3.612,3.586,3.597,14658.4
2026-02-15 09:45:00,1771148700000,3.597,3.599,3.58,3.594,42629.7
2026-02-15 10:00:00,1771149600000,3.594,3.596,3.56,3.573,106635.4
2026-02-15 10:15:00,1771150500000,3.573,3.58,3.559,3.573,40511.5
2026-02-15 10:30:00,1771151400000,3.573,3.581,3.561,3.579,54559.7
2026-02-15 10:45:00,1771152300000,3.579,3.591,3.578,3.585,56698.1
2026-02-15 11:00:00,1771153200000,3.585,3.599,3.585,3.59,17861.1
2026-02-15 11:15:00,1771154100000,3.59,3.599,3.588,3.591,21945.4
2026-02-15 11:30:00,1771155000000,3.591,3.594,3.581,3.588,9660.5
2026-02-15 11:45:00,1771155900000,3.588,3.592,3.581,3.586,18929.5
2026-02-15 12:00:00,1771156800000,3.586,3.591,3.563,3.57,76533.6
2026-02-15 12:15:00,1771157700000,3.57,3.588,3.564,3.585,46969.8
2026-02-15 12:30:00,1771158600000,3.585,3.592,3.567,3.582,144866.8
2026-02-15 12:45:00,1771159500000,3.582,3.583,3.493,3.5,472691.5
2026-02-15 13:00:00,1771160400000,3.5,3.539,3.5,3.526,223009.2
2026-02-15 13:15:00,1771161300000,3.526,3.534,3.502,3.504,165392.8
2026-02-15 13:30:00,1771162200000,3.504,3.51,3.48,3.488,240556.0
2026-02-15 13:45:00,1771163100000,3.488,3.498,3.46,3.477,150304.1
2026-02-15 14:00:00,1771164000000,3.477,3.529,3.475,3.514,326767.3
2026-02-15 14:15:00,1771164900000,3.514,3.528,3.497,3.503,115103.3
2026-02-15 14:30:00,1771165800000,3.503,3.518,3.499,3.516,55074.9
2026-02-15 14:45:00,1771166700000,3.516,3.523,3.509,3.518,62459.1
2026-02-15 15:00:00,1771167600000,3.518,3.525,3.51,3.519,62255.2
2026-02-15 15:15:00,1771168500000,3.519,3.519,3.497,3.499,32518.2
2026-02-15 15:30:00,1771169400000,3.499,3.507,3.49,3.507,36089.9
2026-02-15 15:45:00,1771170300000,3.507,3.51,3.499,3.506,51815.8
2026-02-15 16:00:00,1771171200000,3.506,3.506,3.472,3.492,127394.9
2026-02-15 16:15:00,1771172100000,3.492,3.503,3.486,3.493,55660.5
2026-02-15 16:30:00,1771173000000,3.493,3.497,3.482,3.491,65505.9
2026-02-15 16:45:00,1771173900000,3.491,3.498,3.486,3.487,41163.4
2026-02-15 17:00:00,1771174800000,3.487,3.501,3.487,3.495,62203.0
2026-02-15 17:15:00,1771175700000,3.495,3.497,3.471,3.481,83259.6
2026-02-15 17:30:00,1771176600000,3.481,3.483,3.457,3.457,224439.8
2026-02-15 17:45:00,1771177500000,3.457,3.457,3.403,3.448,560456.3
2026-02-15 18:00:00,1771178400000,3.448,3.448,3.423,3.437,93468.3
2026-02-15 18:15:00,1771179300000,3.437,3.454,3.429,3.429,66733.0
2026-02-15 18:30:00,1771180200000,3.429,3.43,3.389,3.427,252215.3
2026-02-15 18:45:00,1771181100000,3.427,3.429,3.406,3.416,51853.2
2026-02-15 19:00:00,1771182000000,3.416,3.427,3.394,3.414,112608.2
2026-02-15 19:15:00,1771182900000,3.414,3.442,3.405,3.432,70767.3
2026-02-15 19:30:00,1771183800000,3.432,3.433,3.401,3.407,52893.1
2026-02-15 19:45:00,1771184700000,3.407,3.424,3.407,3.421,49490.7
2026-02-15 20:00:00,1771185600000,3.421,3.432,3.404,3.43,44723.9
2026-02-15 20:15:00,1771186500000,3.43,3.434,3.417,3.434,21675.4
2026-02-15 20:30:00,1771187400000,3.434,3.449,3.431,3.438,59161.0
2026-02-15 20:45:00,1771188300000,3.438,3.443,3.426,3.438,15569.5
2026-02-15 21:00:00,1771189200000,3.438,3.457,3.438,3.452,34979.4
2026-02-15 21:15:00,1771190100000,3.452,3.456,3.445,3.449,19858.0
2026-02-15 21:30:00,1771191000000,3.449,3.462,3.448,3.451,41399.0
2026-02-15 21:45:00,1771191900000,3.451,3.462,3.446,3.457,14510.8
2026-02-15 22:00:00,1771192800000,3.457,3.462,3.447,3.451,37646.7
2026-02-15 22:15:00,1771193700000,3.451,3.469,3.451,3.461,29211.2
2026-02-15 22:30:00,1771194600000,3.461,3.468,3.456,3.456,17835.1
2026-02-15 22:45:00,1771195500000,3.456,3.468,3.453,3.465,17958.9
2026-02-15 23:00:00,1771196400000,3.465,3.465,3.421,3.435,56960.2
2026-02-15 23:15:00,1771197300000,3.435,3.455,3.432,3.455,27428.9
2026-02-15 23:30:00,1771198200000,3.455,3.472,3.455,3.46,21851.6
2026-02-15 23:45:00,1771199100000,3.46,3.473,3.46,3.468,13371.6
2026-02-16 00:00:00,1771200000000,3.468,3.498,3.461,3.49,71036.5
2026-02-16 00:15:00,1771200900000,3.49,3.502,3.472,3.478,25778.7
2026-02-16 00:30:00,1771201800000,3.478,3.485,3.473,3.478,27737.2
2026-02-16 00:45:00,1771202700000,3.478,3.499,3.474,3.488,27393.6
2026-02-16 01:00:00,1771203600000,3.488,3.523,3.488,3.52,114959.6
2026-02-16 01:15:00,1771204500000,3.52,3.524,3.501,3.51,32556.0
2026-02-16 01:30:00,1771205400000,3.51,3.513,3.48,3.495,59045.5
2026-02-16 01:45:00,1771206300000,3.495,3.509,3.495,3.505,30620.8
2026-02-16 02:00:00,1771207200000,3.505,3.524,3.502,3.522,43727.0
2026-02-16 02:15:00,1771208100000,3.522,3.536,3.511,3.514,53102.3
2026-02-16 02:30:00,1771209000000,3.514,3.522,3.508,3.515,34634.8
2026-02-16 02:45:00,1771209900000,3.515,3.524,3.504,3.518,18177.3
2026-02-16 03:00:00,1771210800000,3.518,3.527,3.507,3.512,11936.5
2026-02-16 03:15:00,1771211700000,3.512,3.52,3.494,3.509,54354.7
2026-02-16 03:30:00,1771212600000,3.509,3.519,3.505,3.511,14229.5
2026-02-16 03:45:00,1771213500000,3.511,3.518,3.507,3.518,6297.4
2026-02-16 04:00:00,1771214400000,3.518,3.551,3.517,3.539,53789.2
2026-02-16 04:15:00,1771215300000,3.539,3.562,3.539,3.543,51832.6
2026-02-16 04:30:00,1771216200000,3.543,3.547,3.533,3.546,20698.3
2026-02-16 04:45:00,1771217100000,3.546,3.58,3.545,3.578,79627.3
2026-02-16 05:00:00,1771218000000,3.578,3.584,3.533,3.534,93184.4
2026-02-16 05:15:00,1771218900000,3.534,3.536,3.513,3.528,44851.3
2026-02-16 05:30:00,1771219800000,3.528,3.549,3.526,3.548,33508.3
2026-02-16 05:45:00,1771220700000,3.548,3.557,3.536,3.547,49914.7
2026-02-16 06:00:00,1771221600000,3.547,3.567,3.545,3.55,37676.7
2026-02-16 06:15:00,1771222500000,3.55,3.562,3.527,3.543,81374.1
2026-02-16 06:30:00,1771223400000,3.543,3.56,3.539,3.54,30808.6
2026-02-16 06:45:00,1771224300000,3.54,3.554,3.539,3.547,63931.9
2026-02-16 07:00:00,1771225200000,3.547,3.555,3.536,3.553,38001.5
2026-02-16 07:15:00,1771226100000,3.553,3.563,3.547,3.549,15337.8
2026-02-16 07:30:00,1771227000000,3.549,3.552,3.524,3.528,25742.6
2026-02-16 07:45:00,1771227900000,3.528,3.539,3.526,3.532,17890.6
2026-02-16 08:00:00,1771228800000,3.532,3.54,3.527,3.533,21049.9
2026-02-16 08:15:00,1771229700000,3.533,3.554,3.532,3.545,25373.9
2026-02-16 08:30:00,1771230600000,3.545,3.545,3.535,3.542,26164.3
2026-02-16 08:45:00,1771231500000,3.542,3.552,3.541,3.545,25907.4
2026-02-16 09:00:00,1771232400000,3.545,3.581,3.543,3.561,120985.3
2026-02-16 09:15:00,1771233300000,3.561,3.563,3.548,3.551,53114.8
2026-02-16 09:30:00,1771234200000,3.551,3.56,3.534,3.536,99410.5
2026-02-16 09:45:00,1771235100000,3.536,3.542,3.531,3.535,50195.1
2026-02-16 10:00:00,1771236000000,3.535,3.539,3.521,3.532,75759.8
2026-02-16 10:15:00,1771236900000,3.532,3.533,3.511,3.518,98488.4
2026-02-16 10:30:00,1771237800000,3.518,3.522,3.498,3.508,102075.4
2026-02-16 10:45:00,1771238700000,3.508,3.512,3.502,3.507,49277.3
2026-02-16 11:00:00,1771239600000,3.507,3.52,3.475,3.487,214191.2
2026-02-16 11:15:00,1771240500000,3.487,3.499,3.462,3.496,225314.7
2026-02-16 11:30:00,1771241400000,3.496,3.496,3.481,3.484,22571.3
2026-02-16 11:45:00,1771242300000,3.484,3.502,3.484,3.492,38428.6
2026-02-16 12:00:00,1771243200000,3.492,3.497,3.485,3.49,24806.2
2026-02-16 12:15:00,1771244100000,3.49,3.539,3.482,3.528,87877.2
2026-02-16 12:30:00,1771245000000,3.528,3.547,3.513,3.542,67005.0
2026-02-16 12:45:00,1771245900000,3.542,3.567,3.532,3.55,158653.3
2026-02-16 13:00:00,1771246800000,3.55,3.575,3.547,3.559,86376.4
2026-02-16 13:15:00,1771247700000,3.559,3.568,3.492,3.504,128010.9
2026-02-16 13:30:00,1771248600000,3.504,3.531,3.501,3.517,94688.3
2026-02-16 13:45:00,1771249500000,3.517,3.521,3.483,3.496,136042.9
2026-02-16 14:00:00,1771250400000,3.496,3.509,3.48,3.496,73322.4
2026-02-16 14:15:00,1771251300000,3.496,3.509,3.477,3.483,69270.7
2026-02-16 14:30:00,1771252200000,3.483,3.52,3.481,3.509,54652.3
2026-02-16 14:45:00,1771253100000,3.509,3.529,3.497,3.5,79193.6
2026-02-16 15:00:00,1771254000000,3.5,3.529,3.499,3.502,71220.3
2026-02-16 15:15:00,1771254900000,3.502,3.508,3.484,3.49,55965.6
2026-02-16 15:30:00,1771255800000,3.49,3.49,3.421,3.436,416615.0
2026-02-16 15:45:00,1771256700000,3.436,3.453,3.428,3.451,112984.7
2026-02-16 16:00:00,1771257600000,3.451,3.505,3.445,3.497,156582.5
2026-02-16 16:15:00,1771258500000,3.497,3.506,3.474,3.489,86725.5
2026-02-16 16:30:00,1771259400000,3.489,3.491,3.457,3.482,87385.9
2026-02-16 16:45:00,1771260300000,3.482,3.493,3.475,3.493,32211.5
2026-02-16 17:00:00,1771261200000,3.493,3.508,3.482,3.494,43821.5
2026-02-16 17:15:00,1771262100000,3.494,3.504,3.473,3.499,59129.3
2026-02-16 17:30:00,1771263000000,3.499,3.526,3.495,3.524,67278.8
2026-02-16 17:45:00,1771263900000,3.524,3.524,3.498,3.505,24738.7
2026-02-16 18:00:00,1771264800000,3.505,3.517,3.504,3.514,30224.5
2026-02-16 18:15:00,1771265700000,3.514,3.525,3.496,3.498,32978.4
2026-02-16 18:30:00,1771266600000,3.498,3.502,3.486,3.494,53620.4
2026-02-16 18:45:00,1771267500000,3.494,3.499,3.487,3.492,38654.7
2026-02-16 19:00:00,1771268400000,3.492,3.504,3.491,3.5,15069.6
2026-02-16 19:15:00,1771269300000,3.5,3.51,3.486,3.502,24248.9
2026-02-16 19:30:00,1771270200000,3.502,3.518,3.5,3.515,13337.4
2026-02-16 19:45:00,1771271100000,3.515,3.518,3.508,3.509,17969.6
2026-02-16 20:00:00,1771272000000,3.509,3.515,3.506,3.514,11066.3
2026-02-16 20:15:00,1771272900000,3.514,3.535,3.505,3.532,18871.4
2026-02-16 20:30:00,1771273800000,3.532,3.535,3.521,3.529,29547.4
2026-02-16 20:45:00,1771274700000,3.529,3.551,3.524,3.543,102066.6
2026-02-16 21:00:00,1771275600000,3.543,3.544,3.528,3.544,21133.8
2026-02-16 21:15:00,1771276500000,3.544,3.554,3.538,3.546,30718.1
2026-02-16 21:30:00,1771277400000,3.546,3.566,3.543,3.565,60544.7
2026-02-16 21:45:00,1771278300000,3.565,3.587,3.563,3.582,116590.2
2026-02-16 22:00:00,1771279200000,3.582,3.586,3.561,3.567,115255.0
2026-02-16 22:15:00,1771280100000,3.567,3.577,3.555,3.558,15579.6
2026-02-16 22:30:00,1771281000000,3.558,3.581,3.552,3.578,31665.5
2026-02-16 22:45:00,1771281900000,3.578,3.585,3.565,3.581,38935.6
2026-02-16 23:00:00,1771282800000,3.581,3.613,3.578,3.608,86191.4
2026-02-16 23:15:00,1771283700000,3.608,3.625,3.603,3.604,55181.6
2026-02-16 23:30:00,1771284600000,3.604,3.611,3.586,3.592,31757.1
2026-02-16 23:45:00,1771285500000,3.592,3.606,3.592,3.597,37179.0
2026-02-17 00:00:00,1771286400000,3.597,3.612,3.593,3.612,32174.4
2026-02-17 00:15:00,1771287300000,3.612,3.623,3.592,3.616,63847.2
2026-02-17 00:30:00,1771288200000,3.616,3.627,3.606,3.615,50660.4
2026-02-17 00:45:00,1771289100000,3.615,3.616,3.597,3.602,39404.5
2026-02-17 01:00:00,1771290000000,3.602,3.612,3.589,3.607,34451.1
2026-02-17 01:15:00,1771290900000,3.607,3.613,3.598,3.6,15938.4
2026-02-17 01:30:00,1771291800000,3.6,3.61,3.594,3.6,21984.4
2026-02-17 01:45:00,1771292700000,3.6,3.603,3.565,3.568,139493.8
2026-02-17 02:00:00,1771293600000,3.568,3.602,3.549,3.595,105771.1
2026-02-17 02:15:00,1771294500000,3.595,3.6,3.585,3.59,55914.5
2026-02-17 02:30:00,1771295400000,3.59,3.599,3.588,3.599,15759.7
2026-02-17 02:45:00,1771296300000,3.599,3.605,3.591,3.591,20685.4
2026-02-17 03:00:00,1771297200000,3.591,3.592,3.572,3.577,23021.7
2026-02-17 03:15:00,1771298100000,3.577,3.589,3.576,3.589,14103.2
2026-02-17 03:30:00,1771299000000,3.589,3.589,3.577,3.586,12854.3
2026-02-17 03:45:00,1771299900000,3.586,3.595,3.58,3.588,15845.4
2026-02-17 04:00:00,1771300800000,3.588,3.591,3.577,3.586,9839.1
2026-02-17 04:15:00,1771301700000,3.586,3.602,3.58,3.598,13737.8
2026-02-17 04:30:00,1771302600000,3.598,3.598,3.567,3.586,41312.3
2026-02-17 04:45:00,1771303500000,3.586,3.597,3.582,3.592,8043.7
2026-02-17 05:00:00,1771304400000,3.592,3.594,3.576,3.578,14729.5
2026-02-17 05:15:00,1771305300000,3.578,3.581,3.542,3.544,79380.9
2026-02-17 05:30:00,1771306200000,3.544,3.556,3.518,3.55,85172.4
2026-02-17 05:45:00,1771307100000,3.55,3.57,3.55,3.567,17463.2
2026-02-17 06:00:00,1771308000000,3.567,3.575,3.565,3.567,13945.6
2026-02-17 06:15:00,1771308900000,3.567,3.577,3.564,3.572,26181.3
2026-02-17 06:30:00,1771309800000,3.572,3.576,3.565,3.569,15936.6
2026-02-17 06:45:00,1771310700000,3.569,3.571,3.562,3.562,10285.0
2026-02-17 07:00:00,1771311600000,3.562,3.566,3.558,3.562,13634.8
2026-02-17 07:15:00,1771312500000,3.562,3.568,3.559,3.561,8609.0
2026-02-17 07:30:00,1771313400000,3.561,3.579,3.56,3.575,21076.9
2026-02-17 07:45:00,1771314300000,3.575,3.577,3.56,3.563,15421.1
2026-02-17 08:00:00,1771315200000,3.563,3.577,3.563,3.576,12216.1
2026-02-17 08:15:00,1771316100000,3.576,3.577,3.562,3.564,37163.5
2026-02-17 08:30:00,1771317000000,3.564,3.568,3.536,3.558,83408.0
2026-02-17 08:45:00,1771317900000,3.558,3.564,3.554,3.558,34182.3
2026-02-17 09:00:00,1771318800000,3.558,3.561,3.542,3.544,23100.7
2026-02-17 09:15:00,1771319700000,3.544,3.549,3.537,3.543,17744.5
2026-02-17 09:30:00,1771320600000,3.543,3.543,3.531,3.536,46671.1
2026-02-17 09:45:00,1771321500000,3.536,3.552,3.536,3.55,18637.7
2026-02-17 10:00:00,1771322400000,3.55,3.553,3.534,3.537,70296.9
2026-02-17 10:15:00,1771323300000,3.537,3.537,3.512,3.522,45536.7
2026-02-17 10:30:00,1771324200000,3.522,3.527,3.518,3.527,51532.8
2026-02-17 10:45:00,1771325100000,3.527,3.53,3.519,3.522,22100.2
2026-02-17 11:00:00,1771326000000,3.522,3.531,3.513,3.527,40397.1
2026-02-17 11:15:00,1771326900000,3.527,3.528,3.512,3.518,40925.0
2026-02-17 11:30:00,1771327800000,3.518,3.523,3.505,3.509,20174.2
2026-02-17 11:45:00,1771328700000,3.509,3.52,3.505,3.517,21526.0
2026-02-17 12:00:00,1771329600000,3.517,3.543,3.516,3.538,37762.6
2026-02-17 12:15:00,1771330500000,3.538,3.539,3.528,3.535,35323.1
2026-02-17 12:30:00,1771331400000,3.535,3.549,3.531,3.549,52561.0
2026-02-17 12:45:00,1771332300000,3.549,3.553,3.522,3.531,51473.9
2026-02-17 13:00:00,1771333200000,3.531,3.567,3.527,3.56,58025.6
2026-02-17 13:15:00,1771334100000,3.56,3.569,3.548,3.548,47189.6
2026-02-17 13:30:00,1771335000000,3.548,3.552,3.531,3.537,78558.5
2026-02-17 13:45:00,1771335900000,3.537,3.572,3.533,3.555,86488.3
2026-02-17 14:00:00,1771336800000,3.555,3.571,3.549,3.549,62488.5
2026-02-17 14:15:00,1771337700000,3.549,3.554,3.542,3.543,36782.9
2026-02-17 14:30:00,1771338600000,3.543,3.569,3.488,3.5,275006.3
2026-02-17 14:45:00,1771339500000,3.5,3.5,3.461,3.471,365043.8
2026-02-17 15:00:00,1771340400000,3.471,3.504,3.456,3.481,345591.2
2026-02-17 15:15:00,1771341300000,3.481,3.509,3.464,3.471,118293.0
2026-02-17 15:30:00,1771342200000,3.471,3.476,3.449,3.476,156318.5
2026-02-17 15:45:00,1771343100000,3.476,3.501,3.475,3.499,67455.1
2026-02-17 16:00:00,1771344000000,3.499,3.571,3.493,3.542,233033.4
2026-02-17 16:15:00,1771344900000,3.542,3.559,3.515,3.519,59674.5
2026-02-17 16:30:00,1771345800000,3.519,3.573,3.516,3.542,89221.0
2026-02-17 16:45:00,1771346700000,3.542,3.547,3.52,3.521,73883.6
2026-02-17 17:00:00,1771347600000,3.521,3.527,3.478,3.493,142100.7
2026-02-17 17:15:00,1771348500000,3.493,3.522,3.493,3.52,53034.4
2026-02-17 17:30:00,1771349400000,3.52,3.522,3.48,3.482,69487.9
2026-02-17 17:45:00,1771350300000,3.482,3.503,3.471,3.498,68612.9
2026-02-17 18:00:00,1771351200000,3.498,3.509,3.492,3.507,35632.1
2026-02-17 18:15:00,1771352100000,3.507,3.55,3.497,3.547,96637.8
2026-02-17 18:30:00,1771353000000,3.547,3.563,3.526,3.55,73179.0
2026-02-17 18:45:00,1771353900000,3.55,3.564,3.542,3.557,64007.7
2026-02-17 19:00:00,1771354800000,3.557,3.566,3.546,3.562,69016.4
2026-02-17 19:15:00,1771355700000,3.562,3.564,3.532,3.537,60359.5
2026-02-17 19:30:00,1771356600000,3.537,3.544,3.528,3.542,56833.2
2026-02-17 19:45:00,1771357500000,3.542,3.55,3.523,3.53,35167.6
2026-02-17 20:00:00,1771358400000,3.53,3.541,3.521,3.524,28037.0
2026-02-17 20:15:00,1771359300000,3.524,3.531,3.516,3.525,53583.6
2026-02-17 20:30:00,1771360200000,3.525,3.537,3.508,3.535,20709.4
2026-02-17 20:45:00,1771361100000,3.535,3.543,3.532,3.537,46531.6
2026-02-17 21:00:00,1771362000000,3.537,3.55,3.528,3.547,15686.7
2026-02-17 21:15:00,1771362900000,3.547,3.549,3.529,3.536,50425.5
2026-02-17 21:30:00,1771363800000,3.536,3.538,3.531,3.537,9642.0
2026-02-17 21:45:00,1771364700000,3.537,3.543,3.529,3.542,15052.8
2026-02-17 22:00:00,1771365600000,3.542,3.55,3.531,3.537,42242.6
2026-02-17 22:15:00,1771366500000,3.537,3.541,3.533,3.538,12853.2
2026-02-17 22:30:00,1771367400000,3.538,3.548,3.535,3.537,13502.0
2026-02-17 22:45:00,1771368300000,3.537,3.541,3.521,3.526,14816.5
2026-02-17 23:00:00,1771369200000,3.526,3.526,3.514,3.519,17929.1
2026-02-17 23:15:00,1771370100000,3.519,3.529,3.515,3.515,6699.9
2026-02-17 23:30:00,1771371000000,3.515,3.526,3.503,3.524,42110.2
2026-02-17 23:45:00,1771371900000,3.524,3.528,3.519,3.521,19372.6
2026-02-18 00:00:00,1771372800000,3.521,3.534,3.521,3.525,37817.9
2026-02-18 00:15:00,1771373700000,3.525,3.532,3.513,3.52,33996.7
2026-02-18 00:30:00,1771374600000,3.52,3.526,3.512,3.513,17053.1
2026-02-18 00:45:00,1771375500000,3.513,3.514,3.501,3.507,18327.5
2026-02-18 01:00:00,1771376400000,3.507,3.515,3.494,3.504,36585.9
2026-02-18 01:15:00,1771377300000,3.504,3.514,3.502,3.504,16626.2
2026-02-18 01:30:00,1771378200000,3.504,3.506,3.489,3.505,33831.7
2026-02-18 01:45:00,1771379100000,3.505,3.51,3.5,3.51,8442.1
2026-02-18 02:00:00,1771380000000,3.51,3.535,3.508,3.528,17168.3
2026-02-18 02:15:00,1771380900000,3.528,3.532,3.516,3.516,14144.5
2026-02-18 02:30:00,1771381800000,3.516,3.533,3.513,3.527,9370.8
2026-02-18 02:45:00,1771382700000,3.527,3.538,3.524,3.529,37293.1
2026-02-18 03:00:00,1771383600000,3.529,3.538,3.527,3.534,10576.9
2026-02-18 03:15:00,1771384500000,3.534,3.546,3.534,3.545,12156.4
2026-02-18 03:30:00,1771385400000,3.545,3.551,3.538,3.542,17300.6
2026-02-18 03:45:00,1771386300000,3.542,3.545,3.538,3.545,8706.7
2026-02-18 04:00:00,1771387200000,3.545,3.548,3.535,3.539,13588.9
2026-02-18 04:15:00,1771388100000,3.539,3.545,3.539,3.54,15007.8
2026-02-18 04:30:00,1771389000000,3.54,3.55,3.539,3.543,23996.5
2026-02-18 04:45:00,1771389900000,3.543,3.55,3.537,3.545,17120.0
2026-02-18 05:00:00,1771390800000,3.545,3.55,3.537,3.548,14288.4
2026-02-18 05:15:00,1771391700000,3.548,3.553,3.54,3.54,13422.0
2026-02-18 05:30:00,1771392600000,3.54,3.544,3.532,3.544,31835.2
2026-02-18 05:45:00,1771393500000,3.544,3.55,3.539,3.54,7932.1
2026-02-18 06:00:00,1771394400000,3.54,3.545,3.537,3.545,5125.6
2026-02-18 06:15:00,1771395300000,3.545,3.551,3.542,3.551,9033.0
2026-02-18 06:30:00,1771396200000,3.551,3.561,3.548,3.557,24405.0
2026-02-18 06:45:00,1771397100000,3.557,3.562,3.545,3.548,14341.7
2026-02-18 07:00:00,1771398000000,3.548,3.559,3.547,3.548,10378.7
2026-02-18 07:15:00,1771398900000,3.548,3.555,3.544,3.554,9847.1
2026-02-18 07:30:00,1771399800000,3.554,3.577,3.554,3.573,24143.7
2026-02-18 07:45:00,1771400700000,3.573,3.592,3.566,3.57,69069.2
2026-02-18 08:00:00,1771401600000,3.57,3.576,3.565,3.573,28349.3
2026-02-18 08:15:00,1771402500000,3.573,3.585,3.566,3.566,77895.2
2026-02-18 08:30:00,1771403400000,3.566,3.571,3.562,3.563,63316.0
2026-02-18 08:45:00,1771404300000,3.563,3.568,3.555,3.562,33315.4
2026-02-18 09:00:00,1771405200000,3.562,3.567,3.556,3.567,11912.3
2026-02-18 09:15:00,1771406100000,3.567,3.576,3.566,3.574,10860.0
2026-02-18 09:30:00,1771407000000,3.574,3.586,3.572,3.584,24840.4
2026-02-18 09:45:00,1771407900000,3.584,3.588,3.577,3.585,21139.9
2026-02-18 10:00:00,1771408800000,3.585,3.604,3.577,3.596,62588.0
2026-02-18 10:15:00,1771409700000,3.596,3.599,3.584,3.586,25581.1
2026-02-18 10:30:00,1771410600000,3.586,3.586,3.564,3.566,48329.4
2026-02-18 10:45:00,1771411500000,3.566,3.574,3.564,3.574,21521.0
2026-02-18 11:00:00,1771412400000,3.574,3.576,3.517,3.539,109631.9
2026-02-18 11:15:00,1771413300000,3.539,3.552,3.536,3.548,60093.0
2026-02-18 11:30:00,1771414200000,3.548,3.56,3.544,3.558,32597.4
2026-02-18 11:45:00,1771415100000,3.558,3.568,3.544,3.546,26182.1
2026-02-18 12:00:00,1771416000000,3.546,3.567,3.544,3.556,33042.1
2026-02-18 12:15:00,1771416900000,3.556,3.561,3.548,3.56,30603.8
2026-02-18 12:30:00,1771417800000,3.56,3.561,3.533,3.555,49662.9
2026-02-18 12:45:00,1771418700000,3.555,3.573,3.553,3.561,38069.9
2026-02-18 13:00:00,1771419600000,3.561,3.568,3.546,3.548,23862.9
2026-02-18 13:15:00,1771420500000,3.548,3.553,3.536,3.543,26322.2
2026-02-18 13:30:00,1771421400000,3.543,3.543,3.516,3.518,35208.1
2026-02-18 13:45:00,1771422300000,3.518,3.521,3.492,3.514,84339.5
2026-02-18 14:00:00,1771423200000,3.514,3.528,3.514,3.525,70942.8
2026-02-18 14:15:00,1771424100000,3.525,3.526,3.506,3.506,21326.8
2026-02-18 14:30:00,1771425000000,3.506,3.545,3.502,3.531,86014.8
2026-02-18 14:45:00,1771425900000,3.531,3.55,3.504,3.535,110768.7
2026-02-18 15:00:00,1771426800000,3.535,3.564,3.529,3.548,76868.2
2026-02-18 15:15:00,1771427700000,3.548,3.563,3.539,3.543,28560.5
2026-02-18 15:30:00,1771428600000,3.543,3.602,3.538,3.581,128135.5
2026-02-18 15:45:00,1771429500000,3.581,3.588,3.551,3.555,89277.1
2026-02-18 16:00:00,1771430400000,3.555,3.555,3.511,3.519,99505.3
2026-02-18 16:15:00,1771431300000,3.519,3.537,3.514,3.532,42091.6
2026-02-18 16:30:00,1771432200000,3.532,3.535,3.512,3.526,20627.2
2026-02-18 16:45:00,1771433100000,3.526,3.528,3.507,3.513,20235.8
2026-02-18 17:00:00,1771434000000,3.513,3.552,3.512,3.524,41267.6
2026-02-18 17:15:00,1771434900000,3.524,3.529,3.513,3.516,12134.1
2026-02-18 17:30:00,1771435800000,3.516,3.521,3.511,3.513,17287.0
2026-02-18 17:45:00,1771436700000,3.513,3.517,3.505,3.512,12617.7
2026-02-18 18:00:00,1771437600000,3.512,3.517,3.5,3.508,36768.9
2026-02-18 18:15:00,1771438500000,3.508,3.511,3.469,3.48,188204.5
2026-02-18 18:30:00,1771439400000,3.48,3.482,3.433,3.434,187050.6
2026-02-18 18:45:00,1771440300000,3.434,3.454,3.432,3.436,85142.8
2026-02-18 19:00:00,1771441200000,3.436,3.452,3.423,3.433,66271.1
2026-02-18 19:15:00,1771442100000,3.433,3.434,3.408,3.419,139240.4
2026-02-18 19:30:00,1771443000000,3.419,3.421,3.363,3.39,261887.7
2026-02-18 19:45:00,1771443900000,3.39,3.406,3.382,3.395,72762.6
2026-02-18 20:00:00,1771444800000,3.395,3.402,3.383,3.386,46776.1
2026-02-18 20:15:00,1771445700000,3.386,3.393,3.377,3.385,33853.2
2026-02-18 20:30:00,1771446600000,3.385,3.443,3.385,3.435,958390.5
2026-02-18 20:45:00,1771447500000,3.435,3.436,3.404,3.404,303953.8
2026-02-18 21:00:00,1771448400000,3.404,3.414,3.386,3.403,334428.9
2026-02-18 21:15:00,1771449300000,3.403,3.411,3.394,3.41,76759.8
2026-02-18 21:30:00,1771450200000,3.41,3.412,3.396,3.402,64916.1
2026-02-18 21:45:00,1771451100000,3.402,3.403,3.376,3.381,75515.6
2026-02-18 22:00:00,1771452000000,3.381,3.386,3.367,3.376,123227.0
2026-02-18 22:15:00,1771452900000,3.376,3.386,3.361,3.366,133868.9
2026-02-18 22:30:00,1771453800000,3.366,3.381,3.365,3.378,19165.9
2026-02-18 22:45:00,1771454700000,3.378,3.383,3.374,3.374,18648.8
2026-02-18 23:00:00,1771455600000,3.374,3.386,3.369,3.386,18136.9
2026-02-18 23:15:00,1771456500000,3.386,3.387,3.375,3.382,19432.4
2026-02-18 23:30:00,1771457400000,3.382,3.393,3.381,3.386,22056.3
2026-02-18 23:45:00,1771458300000,3.386,3.406,3.384,3.399,21986.3
2026-02-19 00:00:00,1771459200000,3.399,3.41,3.392,3.399,38008.5
2026-02-19 00:15:00,1771460100000,3.399,3.414,3.388,3.398,30693.4
2026-02-19 00:30:00,1771461000000,3.398,3.41,3.392,3.406,71225.5
2026-02-19 00:45:00,1771461900000,3.406,3.41,3.394,3.395,18533.3
2026-02-19 01:00:00,1771462800000,3.395,3.441,3.395,3.434,52352.0
2026-02-19 01:15:00,1771463700000,3.434,3.442,3.424,3.44,26973.2
2026-02-19 01:30:00,1771464600000,3.44,3.462,3.436,3.444,112053.4
2026-02-19 01:45:00,1771465500000,3.444,3.452,3.422,3.449,156093.1
2026-02-19 02:00:00,1771466400000,3.449,3.46,3.443,3.459,29336.6
2026-02-19 02:15:00,1771467300000,3.459,3.463,3.443,3.444,72111.8
2026-02-19 02:30:00,1771468200000,3.444,3.445,3.409,3.412,53425.8
2026-02-19 02:45:00,1771469100000,3.412,3.425,3.411,3.423,35189.3
2026-02-19 03:00:00,1771470000000,3.423,3.428,3.411,3.417,20071.0
2026-02-19 03:15:00,1771470900000,3.417,3.427,3.417,3.426,12291.8
2026-02-19 03:30:00,1771471800000,3.426,3.427,3.41,3.413,11035.5
2026-02-19 03:45:00,1771472700000,3.413,3.418,3.409,3.417,10643.7
2026-02-19 04:00:00,1771473600000,3.417,3.429,3.414,3.424,21568.0
2026-02-19 04:15:00,1771474500000,3.424,3.425,3.415,3.417,13483.2
2026-02-19 04:30:00,1771475400000,3.417,3.424,3.415,3.415,12216.5
2026-02-19 04:45:00,1771476300000,3.415,3.418,3.405,3.407,21662.9
2026-02-19 05:00:00,1771477200000,3.407,3.415,3.402,3.409,17653.6
2026-02-19 05:15:00,1771478100000,3.409,3.411,3.386,3.387,36827.0
2026-02-19 05:30:00,1771479000000,3.387,3.402,3.383,3.396,17242.9
2026-02-19 05:45:00,1771479900000,3.396,3.401,3.391,3.399,9748.6
2026-02-19 06:00:00,1771480800000,3.399,3.414,3.397,3.412,17484.2
2026-02-19 06:15:00,1771481700000,3.412,3.428,3.41,3.428,43014.1
2026-02-19 06:30:00,1771482600000,3.428,3.437,3.422,3.423,21186.8
2026-02-19 06:45:00,1771483500000,3.423,3.438,3.423,3.432,30978.1
2026-02-19 07:00:00,1771484400000,3.432,3.437,3.423,3.432,34322.8
2026-02-19 07:15:00,1771485300000,3.432,3.432,3.419,3.428,18598.0
2026-02-19 07:30:00,1771486200000,3.428,3.434,3.417,3.424,40932.5
2026-02-19 07:45:00,1771487100000,3.424,3.437,3.416,3.431,22383.9
2026-02-19 08:00:00,1771488000000,3.431,3.431,3.421,3.422,29560.9
2026-02-19 08:15:00,1771488900000,3.422,3.43,3.411,3.412,29135.0
2026-02-19 08:30:00,1771489800000,3.412,3.412,3.388,3.395,42478.0
2026-02-19 08:45:00,1771490700000,3.395,3.403,3.389,3.402,18151.4
2026-02-19 09:00:00,1771491600000,3.402,3.411,3.398,3.408,19962.1
2026-02-19 09:15:00,1771492500000,3.408,3.431,3.404,3.429,24010.1
2026-02-19 09:30:00,1771493400000,3.429,3.43,3.417,3.423,17166.7
2026-02-19 09:45:00,1771494300000,3.423,3.424,3.396,3.397,22651.9
2026-02-19 10:00:00,1771495200000,3.397,3.406,3.381,3.405,41852.2
2026-02-19 10:15:00,1771496100000,3.405,3.414,3.4,3.404,30104.3
2026-02-19 10:30:00,1771497000000,3.404,3.409,3.398,3.408,15390.3
2026-02-19 10:45:00,1771497900000,3.408,3.408,3.375,3.384,39089.5
2026-02-19 11:00:00,1771498800000,3.384,3.392,3.38,3.391,14983.2
2026-02-19 11:15:00,1771499700000,3.391,3.398,3.39,3.39,10214.4
2026-02-19 11:30:00,1771500600000,3.39,3.397,3.385,3.393,19948.7
2026-02-19 11:45:00,1771501500000,3.393,3.396,3.382,3.385,31578.3
2026-02-19 12:00:00,1771502400000,3.385,3.39,3.378,3.384,31759.5
2026-02-19 12:15:00,1771503300000,3.384,3.392,3.376,3.39,22462.1
2026-02-19 12:30:00,1771504200000,3.39,3.39,3.371,3.372,27667.7
2026-02-19 12:45:00,1771505100000,3.372,3.374,3.341,3.354,157201.5
2026-02-19 13:00:00,1771506000000,3.354,3.356,3.321,3.337,116289.3
2026-02-19 13:15:00,1771506900000,3.337,3.342,3.329,3.332,46636.6
2026-02-19 13:30:00,1771507800000,3.332,3.337,3.296,3.304,115125.2
2026-02-19 13:45:00,1771508700000,3.304,3.321,3.291,3.317,56916.8
2026-02-19 14:00:00,1771509600000,3.317,3.336,3.316,3.326,82229.1
2026-02-19 14:15:00,1771510500000,3.326,3.337,3.315,3.324,92493.4
2026-02-19 14:30:00,1771511400000,3.324,3.355,3.312,3.349,130506.8
2026-02-19 14:45:00,1771512300000,3.349,3.375,3.339,3.359,75106.7
2026-02-19 15:00:00,1771513200000,3.359,3.373,3.319,3.324,57334.3
2026-02-19 15:15:00,1771514100000,3.324,3.345,3.314,3.318,40999.0
2026-02-19 15:30:00,1771515000000,3.318,3.345,3.309,3.343,34601.9
2026-02-19 15:45:00,1771515900000,3.343,3.348,3.315,3.328,48139.1
2026-02-19 16:00:00,1771516800000,3.328,3.328,3.293,3.317,75070.1
2026-02-19 16:15:00,1771517700000,3.317,3.344,3.312,3.326,78537.7
2026-02-19 16:30:00,1771518600000,3.326,3.357,3.326,3.346,48916.2
2026-02-19 16:45:00,1771519500000,3.346,3.35,3.326,3.335,17244.7
2026-02-19 17:00:00,1771520400000,3.335,3.361,3.332,3.358,31055.7
2026-02-19 17:15:00,1771521300000,3.358,3.387,3.349,3.351,93972.5
2026-02-19 17:30:00,1771522200000,3.351,3.354,3.331,3.34,27643.3
2026-02-19 17:45:00,1771523100000,3.34,3.343,3.31,3.332,47861.2
2026-02-19 18:00:00,1771524000000,3.332,3.354,3.328,3.353,47056.9
2026-02-19 18:15:00,1771524900000,3.353,3.366,3.337,3.364,36954.2
2026-02-19 18:30:00,1771525800000,3.364,3.379,3.353,3.378,31803.1
2026-02-19 18:45:00,1771526700000,3.378,3.38,3.362,3.368,19684.4
2026-02-19 19:00:00,1771527600000,3.368,3.376,3.356,3.359,28103.1
2026-02-19 19:15:00,1771528500000,3.359,3.362,3.346,3.349,15245.9
2026-02-19 19:30:00,1771529400000,3.349,3.351,3.336,3.348,20998.1
2026-02-19 19:45:00,1771530300000,3.348,3.37,3.343,3.362,24788.4
2026-02-19 20:00:00,1771531200000,3.362,3.368,3.352,3.356,38614.2
2026-02-19 20:15:00,1771532100000,3.356,3.357,3.345,3.353,7757.7
2026-02-19 20:30:00,1771533000000,3.353,3.361,3.35,3.357,19252.5
2026-02-19 20:45:00,1771533900000,3.357,3.375,3.357,3.369,32985.3
2026-02-19 21:00:00,1771534800000,3.369,3.379,3.366,3.37,38799.8
2026-02-19 21:15:00,1771535700000,3.37,3.377,3.368,3.371,20912.9
2026-02-19 21:30:00,1771536600000,3.371,3.372,3.361,3.365,24826.3
2026-02-19 21:45:00,1771537500000,3.365,3.369,3.354,3.357,17604.1
2026-02-19 22:00:00,1771538400000,3.357,3.366,3.347,3.362,26668.5
2026-02-19 22:15:00,1771539300000,3.362,3.363,3.345,3.352,9665.7
2026-02-19 22:30:00,1771540200000,3.352,3.352,3.339,3.344,24159.7
2026-02-19 22:45:00,1771541100000,3.344,3.363,3.342,3.362,6588.6
2026-02-19 23:00:00,1771542000000,3.362,3.369,3.36,3.366,6707.0
2026-02-19 23:15:00,1771542900000,3.366,3.379,3.364,3.373,12463.0
2026-02-19 23:30:00,1771543800000,3.373,3.386,3.37,3.384,14193.9
2026-02-19 23:45:00,1771544700000,3.384,3.392,3.381,3.39,14610.4
2026-02-20 00:00:00,1771545600000,3.39,3.401,3.379,3.399,43843.9
2026-02-20 00:15:00,1771546500000,3.399,3.421,3.388,3.418,83563.8
2026-02-20 00:30:00,1771547400000,3.418,3.42,3.408,3.41,33450.2
2026-02-20 00:45:00,1771548300000,3.41,3.412,3.4,3.402,56085.2
2026-02-20 01:00:00,1771549200000,3.402,3.41,3.397,3.41,12962.8
2026-02-20 01:15:00,1771550100000,3.41,3.41,3.395,3.404,10309.5
2026-02-20 01:30:00,1771551000000,3.404,3.41,3.401,3.406,12349.7
2026-02-20 01:45:00,1771551900000,3.406,3.407,3.394,3.396,18780.4
2026-02-20 02:00:00,1771552800000,3.396,3.406,3.389,3.392,13536.8
2026-02-20 02:15:00,1771553700000,3.392,3.392,3.383,3.387,9738.0
2026-02-20 02:30:00,1771554600000,3.387,3.39,3.383,3.39,6675.2
2026-02-20 02:45:00,1771555500000,3.39,3.39,3.377,3.378,14581.6
2026-02-20 03:00:00,1771556400000,3.378,3.383,3.373,3.378,4906.1
2026-02-20 03:15:00,1771557300000,3.378,3.397,3.375,3.391,7701.0
2026-02-20 03:30:00,1771558200000,3.391,3.396,3.387,3.389,13720.7
2026-02-20 03:45:00,1771559100000,3.389,3.395,3.389,3.392,14485.0
2026-02-20 04:00:00,1771560000000,3.392,3.395,3.379,3.384,19939.7
2026-02-20 04:15:00,1771560900000,3.384,3.386,3.357,3.368,38996.4
2026-02-20 04:30:00,1771561800000,3.368,3.387,3.364,3.385,23428.6
2026-02-20 04:45:00,1771562700000,3.385,3.385,3.37,3.375,16770.8
2026-02-20 05:00:00,1771563600000,3.375,3.378,3.362,3.366,11255.1
2026-02-20 05:15:00,1771564500000,3.366,3.374,3.36,3.372,17100.6
2026-02-20 05:30:00,1771565400000,3.372,3.413,3.372,3.408,62981.1
2026-02-20 05:45:00,1771566300000,3.408,3.413,3.394,3.396,27327.9
2026-02-20 06:00:00,1771567200000,3.396,3.402,3.392,3.395,12592.1
2026-02-20 06:15:00,1771568100000,3.395,3.4,3.385,3.385,11272.3
2026-02-20 06:30:00,1771569000000,3.385,3.396,3.379,3.39,23531.0
2026-02-20 06:45:00,1771569900000,3.39,3.401,3.389,3.4,18669.7
2026-02-20 07:00:00,1771570800000,3.4,3.402,3.39,3.396,37711.0
2026-02-20 07:15:00,1771571700000,3.396,3.413,3.396,3.403,27241.3
2026-02-20 07:30:00,1771572600000,3.403,3.405,3.396,3.4,7243.2
2026-02-20 07:45:00,1771573500000,3.4,3.41,3.391,3.396,9324.5
2026-02-20 08:00:00,1771574400000,3.396,3.402,3.393,3.399,17164.8
2026-02-20 08:15:00,1771575300000,3.399,3.417,3.398,3.417,19406.4
2026-02-20 08:30:00,1771576200000,3.417,3.422,3.406,3.412,20325.3
2026-02-20 08:45:00,1771577100000,3.412,3.414,3.405,3.408,14409.4
2026-02-20 09:00:00,1771578000000,3.408,3.433,3.407,3.426,47316.0
2026-02-20 09:15:00,1771578900000,3.426,3.433,3.417,3.418,17940.5
2026-02-20 09:30:00,1771579800000,3.418,3.427,3.412,3.42,17181.9
2026-02-20 09:45:00,1771580700000,3.42,3.428,3.418,3.427,9852.6
2026-02-20 10:00:00,1771581600000,3.427,3.446,3.426,3.436,17875.5
2026-02-20 10:15:00,1771582500000,3.436,3.445,3.429,3.441,17719.7
2026-02-20 10:30:00,1771583400000,3.441,3.446,3.433,3.434,17445.5
2026-02-20 10:45:00,1771584300000,3.434,3.437,3.416,3.421,54828.1
2026-02-20 11:00:00,1771585200000,3.421,3.432,3.408,3.412,83368.3
2026-02-20 11:15:00,1771586100000,3.412,3.416,3.403,3.412,36210.5
2026-02-20 11:30:00,1771587000000,3.412,3.414,3.385,3.385,59160.8
2026-02-20 11:45:00,1771587900000,3.385,3.398,3.381,3.39,77111.1
2026-02-20 12:00:00,1771588800000,3.39,3.397,3.384,3.395,15166.8
2026-02-20 12:15:00,1771589700000,3.395,3.397,3.385,3.388,41749.0
2026-02-20 12:30:00,1771590600000,3.388,3.396,3.386,3.392,17114.6
2026-02-20 12:45:00,1771591500000,3.392,3.411,3.39,3.397,67357.8
2026-02-20 13:00:00,1771592400000,3.397,3.397,3.375,3.39,55641.1
2026-02-20 13:15:00,1771593300000,3.39,3.395,3.363,3.374,64785.2
2026-02-20 13:30:00,1771594200000,3.374,3.375,3.306,3.326,260359.9
2026-02-20 13:45:00,1771595100000,3.326,3.347,3.321,3.337,61416.0
2026-02-20 14:00:00,1771596000000,3.337,3.353,3.33,3.344,33655.7
2026-02-20 14:15:00,1771596900000,3.344,3.364,3.334,3.358,61628.5
2026-02-20 14:30:00,1771597800000,3.358,3.395,3.348,3.385,106150.6
2026-02-20 14:45:00,1771598700000,3.385,3.392,3.371,3.381,67892.1
2026-02-20 15:00:00,1771599600000,3.381,3.471,3.381,3.403,410249.0
2026-02-20 15:15:00,1771600500000,3.403,3.46,3.39,3.45,167783.4
2026-02-20 15:30:00,1771601400000,3.45,3.452,3.398,3.408,98861.8
2026-02-20 15:45:00,1771602300000,3.408,3.456,3.401,3.452,120222.0
2026-02-20 16:00:00,1771603200000,3.452,3.479,3.445,3.457,116152.4
2026-02-20 16:15:00,1771604100000,3.457,3.472,3.433,3.433,144561.3
2026-02-20 16:30:00,1771605000000,3.433,3.439,3.421,3.43,74934.0
2026-02-20 16:45:00,1771605900000,3.43,3.472,3.427,3.462,41504.2
2026-02-20 17:00:00,1771606800000,3.462,3.463,3.395,3.395,116167.2
2026-02-20 17:15:00,1771607700000,3.395,3.404,3.379,3.399,101471.0
2026-02-20 17:30:00,1771608600000,3.399,3.435,3.397,3.431,61730.3
2026-02-20 17:45:00,1771609500000,3.431,3.467,3.425,3.461,193001.3
2026-02-20 18:00:00,1771610400000,3.461,3.462,3.442,3.443,75098.4
2026-02-20 18:15:00,1771611300000,3.443,3.459,3.437,3.459,50006.9
2026-02-20 18:30:00,1771612200000,3.459,3.488,3.442,3.463,136566.3
2026-02-20 18:45:00,1771613100000,3.463,3.476,3.45,3.462,55819.3
2026-02-20 19:00:00,1771614000000,3.462,3.47,3.448,3.456,32403.8
2026-02-20 19:15:00,1771614900000,3.456,3.461,3.446,3.451,20641.8
2026-02-20 19:30:00,1771615800000,3.451,3.467,3.446,3.448,18662.6
2026-02-20 19:45:00,1771616700000,3.448,3.459,3.443,3.453,17173.9
2026-02-20 20:00:00,1771617600000,3.453,3.465,3.453,3.465,15926.3
2026-02-20 20:15:00,1771618500000,3.465,3.465,3.443,3.443,9537.6
2026-02-20 20:30:00,1771619400000,3.443,3.454,3.434,3.454,39233.3
2026-02-20 20:45:00,1771620300000,3.454,3.455,3.441,3.449,20669.4
2026-02-20 21:00:00,1771621200000,3.449,3.453,3.44,3.446,27790.1
2026-02-20 21:15:00,1771622100000,3.446,3.456,3.443,3.455,5919.0
2026-02-20 21:30:00,1771623000000,3.455,3.462,3.448,3.457,13241.7
2026-02-20 21:45:00,1771623900000,3.457,3.462,3.452,3.456,15036.9
2026-02-20 22:00:00,1771624800000,3.456,3.459,3.45,3.453,15143.4
2026-02-20 22:15:00,1771625700000,3.453,3.471,3.445,3.467,22590.5
2026-02-20 22:30:00,1771626600000,3.467,3.481,3.462,3.465,11289.9
2026-02-20 22:45:00,1771627500000,3.465,3.483,3.46,3.481,15774.9
2026-02-20 23:00:00,1771628400000,3.481,3.49,3.479,3.482,18238.7
2026-02-20 23:15:00,1771629300000,3.482,3.485,3.476,3.482,21961.9
2026-02-20 23:30:00,1771630200000,3.482,3.489,3.476,3.479,11202.6
2026-02-20 23:45:00,1771631100000,3.479,3.494,3.479,3.489,22155.3
2026-02-21 00:00:00,1771632000000,3.489,3.5,3.483,3.495,35607.1
2026-02-21 00:15:00,1771632900000,3.495,3.495,3.483,3.485,11221.7
2026-02-21 00:30:00,1771633800000,3.485,3.488,3.473,3.476,16374.7
2026-02-21 00:45:00,1771634700000,3.476,3.478,3.463,3.47,7941.2
2026-02-21 01:00:00,1771635600000,3.47,3.487,3.47,3.487,6645.0
2026-02-21 01:15:00,1771636500000,3.487,3.496,3.487,3.496,6752.8
2026-02-21 01:30:00,1771637400000,3.496,3.505,3.492,3.503,14918.9
2026-02-21 01:45:00,1771638300000,3.503,3.516,3.5,3.503,40717.7
2026-02-21 02:00:00,1771639200000,3.503,3.515,3.5,3.512,7076.0
2026-02-21 02:15:00,1771640100000,3.512,3.519,3.508,3.516,12398.9
2026-02-21 02:30:00,1771641000000,3.516,3.527,3.515,3.524,29503.3
2026-02-21 02:45:00,1771641900000,3.524,3.524,3.517,3.522,5729.8
2026-02-21 03:00:00,1771642800000,3.522,3.523,3.49,3.497,35478.4
2026-02-21 03:15:00,1771643700000,3.497,3.513,3.494,3.511,30401.3
2026-02-21 03:30:00,1771644600000,3.511,3.519,3.5,3.506,12250.8
2026-02-21 03:45:00,1771645500000,3.506,3.514,3.504,3.514,6322.7
2026-02-21 04:00:00,1771646400000,3.514,3.522,3.512,3.521,9829.9
2026-02-21 04:15:00,1771647300000,3.521,3.534,3.518,3.534,25254.3
2026-02-21 04:30:00,1771648200000,3.534,3.541,3.53,3.532,26063.9
2026-02-21 04:45:00,1771649100000,3.532,3.544,3.528,3.543,8273.7
2026-02-21 05:00:00,1771650000000,3.543,3.557,3.542,3.553,19618.7
2026-02-21 05:15:00,1771650900000,3.553,3.558,3.543,3.548,16807.4
2026-02-21 05:30:00,1771651800000,3.548,3.552,3.537,3.542,20208.0
2026-02-21 05:45:00,1771652700000,3.542,3.542,3.532,3.54,6525.9
2026-02-21 06:00:00,1771653600000,3.54,3.557,3.534,3.556,14647.5
2026-02-21 06:15:00,1771654500000,3.556,3.56,3.545,3.551,22701.6
2026-02-21 06:30:00,1771655400000,3.551,3.551,3.527,3.533,16036.3
2026-02-21 06:45:00,1771656300000,3.533,3.537,3.527,3.535,6581.7
2026-02-21 07:00:00,1771657200000,3.535,3.538,3.521,3.538,11913.7
2026-02-21 07:15:00,1771658100000,3.538,3.544,3.537,3.543,4679.4
2026-02-21 07:30:00,1771659000000,3.543,3.549,3.54,3.546,15290.8
2026-02-21 07:45:00,1771659900000,3.546,3.546,3.536,3.536,2725.4
2026-02-21 08:00:00,1771660800000,3.536,3.539,3.533,3.536,12582.2
2026-02-21 08:15:00,1771661700000,3.536,3.542,3.532,3.541,14083.2
2026-02-21 08:30:00,1771662600000,3.541,3.55,3.538,3.548,6911.0
2026-02-21 08:45:00,1771663500000,3.548,3.577,3.54,3.574,50432.2
2026-02-21 09:00:00,1771664400000,3.574,3.579,3.565,3.571,20434.4
2026-02-21 09:15:00,1771665300000,3.571,3.642,3.571,3.628,240985.0
2026-02-21 09:30:00,1771666200000,3.628,3.645,3.619,3.625,136338.7
2026-02-21 09:45:00,1771667100000,3.625,3.631,3.605,3.608,42956.8
2026-02-21 10:00:00,1771668000000,3.608,3.685,3.607,3.633,345556.2
2026-02-21 10:15:00,1771668900000,3.633,3.659,3.633,3.643,85742.2
2026-02-21 10:30:00,1771669800000,3.643,3.643,3.626,3.633,58933.5
2026-02-21 10:45:00,1771670700000,3.633,3.643,3.625,3.641,25462.5
2026-02-21 11:00:00,1771671600000,3.641,3.659,3.634,3.649,51776.2
2026-02-21 11:15:00,1771672500000,3.649,3.649,3.63,3.636,44680.1
2026-02-21 11:30:00,1771673400000,3.636,3.64,3.635,3.637,17969.7
2026-02-21 11:45:00,1771674300000,3.637,3.647,3.635,3.645,16748.2
2026-02-21 12:00:00,1771675200000,3.645,3.662,3.639,3.659,47315.8
2026-02-21 12:15:00,1771676100000,3.659,3.671,3.621,3.64,154130.9
2026-02-21 12:30:00,1771677000000,3.64,3.645,3.614,3.615,38354.4
2026-02-21 12:45:00,1771677900000,3.615,3.626,3.614,3.626,27877.0
2026-02-21 13:00:00,1771678800000,3.626,3.635,3.621,3.635,16790.4
2026-02-21 13:15:00,1771679700000,3.635,3.644,3.632,3.637,30291.5
2026-02-21 13:30:00,1771680600000,3.637,3.642,3.629,3.635,11159.7
2026-02-21 13:45:00,1771681500000,3.635,3.644,3.634,3.641,23117.8
2026-02-21 14:00:00,1771682400000,3.641,3.655,3.637,3.65,55360.4
2026-02-21 14:15:00,1771683300000,3.65,3.679,3.648,3.651,115266.9
2026-02-21 14:30:00,1771684200000,3.651,3.661,3.643,3.647,31203.0
2026-02-21 14:45:00,1771685100000,3.647,3.648,3.632,3.635,25615.5
2026-02-21 15:00:00,1771686000000,3.635,3.662,3.633,3.653,40795.7
2026-02-21 15:15:00,1771686900000,3.653,3.661,3.642,3.643,30903.9
2026-02-21 15:30:00,1771687800000,3.643,3.66,3.632,3.655,48047.8
2026-02-21 15:45:00,1771688700000,3.655,3.659,3.637,3.637,23250.3
2026-02-21 16:00:00,1771689600000,3.637,3.641,3.607,3.608,59704.4
2026-02-21 16:15:00,1771690500000,3.608,3.618,3.597,3.612,40330.6
2026-02-21 16:30:00,1771691400000,3.612,3.623,3.601,3.616,21516.5
2026-02-21 16:45:00,1771692300000,3.616,3.619,3.61,3.611,11942.9
2026-02-21 17:00:00,1771693200000,3.611,3.617,3.607,3.611,14411.1
2026-02-21 17:15:00,1771694100000,3.611,3.611,3.6,3.605,23910.1
2026-02-21 17:30:00,1771695000000,3.605,3.621,3.603,3.616,14958.0
2026-02-21 17:45:00,1771695900000,3.616,3.62,3.611,3.615,17038.7
2026-02-21 18:00:00,1771696800000,3.615,3.626,3.612,3.616,60893.1
2026-02-21 18:15:00,1771697700000,3.616,3.62,3.611,3.614,7779.4
2026-02-21 18:30:00,1771698600000,3.614,3.632,3.613,3.631,25886.8
2026-02-21 18:45:00,1771699500000,3.631,3.643,3.63,3.636,38602.3
2026-02-21 19:00:00,1771700400000,3.636,3.645,3.632,3.642,19390.5
2026-02-21 19:15:00,1771701300000,3.642,3.647,3.633,3.634,13436.7
2026-02-21 19:30:00,1771702200000,3.634,3.639,3.63,3.635,6435.0
2026-02-21 19:45:00,1771703100000,3.635,3.637,3.615,3.624,50582.6
2026-02-21 20:00:00,1771704000000,3.624,3.627,3.619,3.619,6322.9
2026-02-21 20:15:00,1771704900000,3.619,3.635,3.619,3.633,22521.3
2026-02-21 20:30:00,1771705800000,3.633,3.635,3.619,3.623,20691.3
2026-02-21 20:45:00,1771706700000,3.623,3.631,3.614,3.614,30225.2
2026-02-21 21:00:00,1771707600000,3.614,3.62,3.608,3.614,32713.6
2026-02-21 21:15:00,1771708500000,3.614,3.625,3.614,3.622,14910.0
2026-02-21 21:30:00,1771709400000,3.622,3.632,3.621,3.621,14117.8
2026-02-21 21:45:00,1771710300000,3.621,3.634,3.62,3.63,24802.3
2026-02-21 22:00:00,1771711200000,3.63,3.632,3.617,3.618,51898.9
2026-02-21 22:15:00,1771712100000,3.618,3.628,3.618,3.626,7692.4
2026-02-21 22:30:00,1771713000000,3.626,3.627,3.613,3.616,12837.4
2026-02-21 22:45:00,1771713900000,3.616,3.618,3.611,3.613,13276.6
2026-02-21 23:00:00,1771714800000,3.613,3.618,3.603,3.615,13519.0
2026-02-21 23:15:00,1771715700000,3.615,3.626,3.614,3.619,20231.3
2026-02-21 23:30:00,1771716600000,3.619,3.619,3.613,3.613,20230.3
2026-02-21 23:45:00,1771717500000,3.613,3.613,3.604,3.606,12474.4
2026-02-22 00:00:00,1771718400000,3.606,3.608,3.595,3.601,38585.5
2026-02-22 00:15:00,1771719300000,3.601,3.602,3.572,3.578,63829.2
2026-02-22 00:30:00,1771720200000,3.578,3.582,3.566,3.568,25398.3
2026-02-22 00:45:00,1771721100000,3.568,3.596,3.551,3.583,155345.5
2026-02-22 01:00:00,1771722000000,3.583,3.597,3.581,3.582,64896.7
2026-02-22 01:15:00,1771722900000,3.582,3.598,3.581,3.597,21619.5
2026-02-22 01:30:00,1771723800000,3.597,3.607,3.597,3.607,14926.8
2026-02-22 01:45:00,1771724700000,3.607,3.618,3.601,3.604,25442.8
2026-02-22 02:00:00,1771725600000,3.604,3.625,3.603,3.618,58626.5
2026-02-22 02:15:00,1771726500000,3.618,3.618,3.586,3.586,29343.1
2026-02-22 02:30:00,1771727400000,3.586,3.604,3.585,3.595,26412.4
2026-02-22 02:45:00,1771728300000,3.595,3.597,3.579,3.589,25440.0
2026-02-22 03:00:00,1771729200000,3.589,3.595,3.579,3.582,23699.0
2026-02-22 03:15:00,1771730100000,3.582,3.586,3.559,3.571,60846.2
2026-02-22 03:30:00,1771731000000,3.571,3.603,3.569,3.591,83677.5
2026-02-22 03:45:00,1771731900000,3.591,3.594,3.564,3.571,71362.9
2026-02-22 04:00:00,1771732800000,3.571,3.598,3.568,3.573,104179.6
2026-02-22 04:15:00,1771733700000,3.573,3.58,3.563,3.566,17640.7
2026-02-22 04:30:00,1771734600000,3.566,3.575,3.565,3.569,12805.3
2026-02-22 04:45:00,1771735500000,3.569,3.574,3.564,3.566,13618.8
2026-02-22 05:00:00,1771736400000,3.566,3.574,3.563,3.569,9563.3
2026-02-22 05:15:00,1771737300000,3.569,3.582,3.568,3.577,9960.7
2026-02-22 05:30:00,1771738200000,3.577,3.577,3.558,3.559,9106.1
2026-02-22 05:45:00,1771739100000,3.559,3.564,3.557,3.564,7282.7
2026-02-22 06:00:00,1771740000000,3.564,3.571,3.559,3.564,19848.9
2026-02-22 06:15:00,1771740900000,3.564,3.569,3.537,3.554,89237.6
2026-02-22 06:30:00,1771741800000,3.554,3.564,3.553,3.56,26552.1
2026-02-22 06:45:00,1771742700000,3.56,3.565,3.559,3.563,14003.1
2026-02-22 07:00:00,1771743600000,3.563,3.571,3.562,3.571,5629.9
2026-02-22 07:15:00,1771744500000,3.571,3.598,3.566,3.575,130196.9
2026-02-22 07:30:00,1771745400000,3.575,3.584,3.556,3.574,45874.9
2026-02-22 07:45:00,1771746300000,3.574,3.582,3.572,3.577,18907.4
2026-02-22 08:00:00,1771747200000,3.577,3.581,3.574,3.581,8391.9
2026-02-22 08:15:00,1771748100000,3.581,3.585,3.572,3.575,14129.3
2026-02-22 08:30:00,1771749000000,3.575,3.575,3.56,3.562,23846.2
2026-02-22 08:45:00,1771749900000,3.562,3.562,3.549,3.552,15798.5
2026-02-22 09:00:00,1771750800000,3.552,3.556,3.54,3.545,52517.4
2026-02-22 09:15:00,1771751700000,3.545,3.549,3.539,3.548,38139.7
2026-02-22 09:30:00,1771752600000,3.548,3.552,3.543,3.55,9779.7
2026-02-22 09:45:00,1771753500000,3.55,3.556,3.548,3.554,6292.7
2026-02-22 10:00:00,1771754400000,3.554,3.558,3.549,3.552,22740.7
2026-02-22 10:15:00,1771755300000,3.552,3.559,3.551,3.554,7825.9
2026-02-22 10:30:00,1771756200000,3.554,3.557,3.55,3.552,14276.7
2026-02-22 10:45:00,1771757100000,3.552,3.553,3.547,3.553,15711.3
2026-02-22 11:00:00,1771758000000,3.553,3.564,3.552,3.562,12787.0
2026-02-22 11:15:00,1771758900000,3.562,3.565,3.553,3.554,5955.2
2026-02-22 11:30:00,1771759800000,3.554,3.555,3.544,3.545,11973.3
2026-02-22 11:45:00,1771760700000,3.545,3.556,3.545,3.553,15001.6
2026-02-22 12:00:00,1771761600000,3.553,3.555,3.511,3.514,119120.7
2026-02-22 12:15:00,1771762500000,3.514,3.516,3.492,3.503,69405.0
2026-02-22 12:30:00,1771763400000,3.503,3.505,3.482,3.486,95604.5
2026-02-22 12:45:00,1771764300000,3.486,3.507,3.485,3.506,12890.8
2026-02-22 13:00:00,1771765200000,3.506,3.509,3.497,3.502,24821.6
2026-02-22 13:15:00,1771766100000,3.502,3.51,3.501,3.507,7264.4
2026-02-22 13:30:00,1771767000000,3.507,3.51,3.475,3.483,48343.1
2026-02-22 13:45:00,1771767900000,3.483,3.486,3.474,3.486,23334.0
2026-02-22 14:00:00,1771768800000,3.486,3.487,3.47,3.477,24300.1
2026-02-22 14:15:00,1771769700000,3.477,3.48,3.466,3.47,23626.1
2026-02-22 14:30:00,1771770600000,3.47,3.477,3.456,3.459,32235.5
2026-02-22 14:45:00,1771771500000,3.459,3.472,3.453,3.471,27353.6
2026-02-22 15:00:00,1771772400000,3.471,3.474,3.453,3.458,16002.6
2026-02-22 15:15:00,1771773300000,3.458,3.475,3.447,3.475,20847.4
2026-02-22 15:30:00,1771774200000,3.475,3.488,3.471,3.487,19620.2
2026-02-22 15:45:00,1771775100000,3.487,3.487,3.469,3.47,10497.2
2026-02-22 16:00:00,1771776000000,3.47,3.474,3.46,3.46,20803.9
2026-02-22 16:15:00,1771776900000,3.46,3.467,3.456,3.456,14767.6
2026-02-22 16:30:00,1771777800000,3.456,3.468,3.454,3.466,6670.9
2026-02-22 16:45:00,1771778700000,3.466,3.484,3.466,3.479,8365.0
2026-02-22 17:00:00,1771779600000,3.479,3.479,3.467,3.473,12812.2
2026-02-22 17:15:00,1771780500000,3.473,3.477,3.467,3.471,7489.4
2026-02-22 17:30:00,1771781400000,3.471,3.472,3.448,3.457,35481.9
2026-02-22 17:45:00,1771782300000,3.457,3.465,3.456,3.461,11773.8
2026-02-22 18:00:00,1771783200000,3.461,3.462,3.445,3.457,25860.4
2026-02-22 18:15:00,1771784100000,3.457,3.462,3.453,3.456,4448.1
2026-02-22 18:30:00,1771785000000,3.456,3.459,3.454,3.458,2254.3
2026-02-22 18:45:00,1771785900000,3.458,3.46,3.454,3.456,9209.7
2026-02-22 19:00:00,1771786800000,3.456,3.461,3.448,3.45,27536.0
2026-02-22 19:15:00,1771787700000,3.45,3.457,3.448,3.451,11492.9
2026-02-22 19:30:00,1771788600000,3.451,3.463,3.447,3.462,36050.9
2026-02-22 19:45:00,1771789500000,3.462,3.463,3.458,3.46,4814.7
2026-02-22 20:00:00,1771790400000,3.46,3.46,3.45,3.451,11695.3
2026-02-22 20:15:00,1771791300000,3.451,3.458,3.447,3.454,10634.7
2026-02-22 20:30:00,1771792200000,3.454,3.455,3.448,3.449,8316.9
2026-02-22 20:45:00,1771793100000,3.449,3.451,3.425,3.433,60191.1
2026-02-22 21:00:00,1771794000000,3.433,3.442,3.433,3.439,19303.9
2026-02-22 21:15:00,1771794900000,3.439,3.448,3.434,3.435,22550.5
2026-02-22 21:30:00,1771795800000,3.435,3.454,3.435,3.454,16891.1
2026-02-22 21:45:00,1771796700000,3.454,3.469,3.452,3.457,70897.8
2026-02-22 22:00:00,1771797600000,3.457,3.458,3.447,3.453,40868.6
2026-02-22 22:15:00,1771798500000,3.453,3.477,3.453,3.469,15280.3
2026-02-22 22:30:00,1771799400000,3.469,3.482,3.468,3.48,20125.1
2026-02-22 22:45:00,1771800300000,3.48,3.483,3.478,3.482,3409.1
2026-02-22 23:00:00,1771801200000,3.482,3.492,3.478,3.478,22288.1
2026-02-22 23:15:00,1771802100000,3.478,3.484,3.468,3.484,18569.4
2026-02-22 23:30:00,1771803000000,3.484,3.488,3.471,3.475,19524.1
2026-02-22 23:45:00,1771803900000,3.475,3.49,3.475,3.487,27208.3
2026-02-23 00:00:00,1771804800000,3.487,3.492,3.482,3.485,36720.6
2026-02-23 00:15:00,1771805700000,3.485,3.485,3.464,3.464,17494.5
2026-02-23 00:30:00,1771806600000,3.464,3.465,3.444,3.45,22700.3
2026-02-23 00:45:00,1771807500000,3.45,3.461,3.432,3.433,52508.5
2026-02-23 01:00:00,1771808400000,3.433,3.436,3.334,3.349,497861.7
2026-02-23 01:15:00,1771809300000,3.349,3.349,3.278,3.287,351914.7
2026-02-23 01:30:00,1771810200000,3.287,3.32,3.275,3.305,193309.6
2026-02-23 01:45:00,1771811100000,3.305,3.311,3.274,3.279,486671.4
2026-02-23 02:00:00,1771812000000,3.279,3.307,3.273,3.298,127124.4
2026-02-23 02:15:00,1771812900000,3.298,3.302,3.283,3.292,75454.5
2026-02-23 02:30:00,1771813800000,3.292,3.312,3.292,3.31,107853.6
2026-02-23 02:45:00,1771814700000,3.31,3.312,3.292,3.297,28833.3
2026-02-23 03:00:00,1771815600000,3.297,3.316,3.293,3.308,32919.4
2026-02-23 03:15:00,1771816500000,3.308,3.308,3.283,3.284,65603.0
2026-02-23 03:30:00,1771817400000,3.284,3.314,3.284,3.312,45627.8
2026-02-23 03:45:00,1771818300000,3.312,3.316,3.306,3.308,23182.9
2026-02-23 04:00:00,1771819200000,3.308,3.318,3.295,3.301,45005.4
2026-02-23 04:15:00,1771820100000,3.301,3.302,3.291,3.293,69422.6
2026-02-23 04:30:00,1771821000000,3.293,3.298,3.285,3.291,23571.7
2026-02-23 04:45:00,1771821900000,3.291,3.298,3.289,3.295,20897.8
2026-02-23 05:00:00,1771822800000,3.295,3.318,3.294,3.312,47013.6
2026-02-23 05:15:00,1771823700000,3.312,3.333,3.312,3.33,56502.9
2026-02-23 05:30:00,1771824600000,3.33,3.334,3.318,3.332,30286.8
2026-02-23 05:45:00,1771825500000,3.332,3.336,3.322,3.323,26341.0
2026-02-23 06:00:00,1771826400000,3.323,3.363,3.316,3.357,50186.5
2026-02-23 06:15:00,1771827300000,3.357,3.359,3.345,3.347,32444.3
2026-02-23 06:30:00,1771828200000,3.347,3.359,3.34,3.349,48022.5
2026-02-23 06:45:00,1771829100000,3.349,3.362,3.348,3.358,34849.9
2026-02-23 07:00:00,1771830000000,3.358,3.367,3.348,3.356,48029.8
2026-02-23 07:15:00,1771830900000,3.356,3.357,3.338,3.344,50518.5
2026-02-23 07:30:00,1771831800000,3.344,3.364,3.341,3.356,41079.2
2026-02-23 07:45:00,1771832700000,3.356,3.363,3.351,3.353,14337.3
2026-02-23 08:00:00,1771833600000,3.353,3.358,3.341,3.358,32345.3
2026-02-23 08:15:00,1771834500000,3.358,3.366,3.356,3.365,31031.4
2026-02-23 08:30:00,1771835400000,3.365,3.371,3.362,3.368,24276.0
2026-02-23 08:45:00,1771836300000,3.368,3.386,3.368,3.385,32874.6
2026-02-23 09:00:00,1771837200000,3.385,3.417,3.385,3.412,66493.1
2026-02-23 09:15:00,1771838100000,3.412,3.415,3.398,3.412,29560.9
2026-02-23 09:30:00,1771839000000,3.412,3.485,3.411,3.471,155478.9
2026-02-23 09:45:00,1771839900000,3.471,3.544,3.471,3.542,202190.7
2026-02-23 10:00:00,1771840800000,3.542,3.563,3.489,3.505,527639.5
2026-02-23 10:15:00,1771841700000,3.505,3.53,3.486,3.487,164470.0
2026-02-23 10:30:00,1771842600000,3.487,3.49,3.462,3.474,212189.7
2026-02-23 10:45:00,1771843500000,3.474,3.482,3.464,3.465,34240.7
2026-02-23 11:00:00,1771844400000,3.465,3.47,3.452,3.457,75376.0
2026-02-23 11:15:00,1771845300000,3.457,3.467,3.443,3.444,36786.4
2026-02-23 11:30:00,1771846200000,3.444,3.446,3.426,3.432,79719.6
2026-02-23 11:45:00,1771847100000,3.432,3.44,3.425,3.431,34658.8
2026-02-23 12:00:00,1771848000000,3.431,3.438,3.428,3.438,33327.3
2026-02-23 12:15:00,1771848900000,3.438,3.442,3.429,3.437,33105.8
2026-02-23 12:30:00,1771849800000,3.437,3.477,3.424,3.471,77933.5
2026-02-23 12:45:00,1771850700000,3.471,3.474,3.457,3.46,44977.5
2026-02-23 13:00:00,1771851600000,3.46,3.464,3.449,3.451,31396.9
2026-02-23 13:15:00,1771852500000,3.451,3.46,3.447,3.457,14289.9
2026-02-23 13:30:00,1771853400000,3.457,3.484,3.454,3.484,40846.4
2026-02-23 13:45:00,1771854300000,3.484,3.488,3.448,3.452,56738.6
2026-02-23 14:00:00,1771855200000,3.452,3.455,3.443,3.451,25647.3
2026-02-23 14:15:00,1771856100000,3.451,3.451,3.433,3.437,36721.4
2026-02-23 14:30:00,1771857000000,3.437,3.463,3.412,3.439,145361.8
2026-02-23 14:45:00,1771857900000,3.439,3.476,3.427,3.455,135713.8
2026-02-23 15:00:00,1771858800000,3.455,3.46,3.422,3.43,103275.5
2026-02-23 15:15:00,1771859700000,3.43,3.446,3.406,3.41,98018.3
2026-02-23 15:30:00,1771860600000,3.41,3.421,3.403,3.415,61206.0
2026-02-23 15:45:00,1771861500000,3.415,3.422,3.382,3.39,73331.6
2026-02-23 16:00:00,1771862400000,3.39,3.392,3.363,3.364,116633.7
2026-02-23 16:15:00,1771863300000,3.364,3.406,3.363,3.4,87354.7
2026-02-23 16:30:00,1771864200000,3.4,3.404,3.381,3.387,38541.1
2026-02-23 16:45:00,1771865100000,3.387,3.389,3.364,3.37,43179.7
2026-02-23 17:00:00,1771866000000,3.37,3.383,3.35,3.353,57020.6
2026-02-23 17:15:00,1771866900000,3.353,3.361,3.32,3.32,163944.5
2026-02-23 17:30:00,1771867800000,3.32,3.336,3.306,3.327,138790.6
2026-02-23 17:45:00,1771868700000,3.327,3.351,3.306,3.351,170403.2
2026-02-23 18:00:00,1771869600000,3.351,3.366,3.341,3.35,89268.6
2026-02-23 18:15:00,1771870500000,3.35,3.354,3.34,3.344,40771.7
2026-02-23 18:30:00,1771871400000,3.344,3.363,3.336,3.348,37839.5
2026-02-23 18:45:00,1771872300000,3.348,3.348,3.321,3.326,20468.2
2026-02-23 19:00:00,1771873200000,3.326,3.333,3.322,3.328,22872.2
2026-02-23 19:15:00,1771874100000,3.328,3.33,3.306,3.315,65404.1
2026-02-23 19:30:00,1771875000000,3.315,3.331,3.312,3.323,33252.9
2026-02-23 19:45:00,1771875900000,3.323,3.33,3.313,3.32,32046.9
2026-02-23 20:00:00,1771876800000,3.32,3.328,3.311,3.313,39046.1
2026-02-23 20:15:00,1771877700000,3.313,3.329,3.308,3.319,32597.8
2026-02-23 20:30:00,1771878600000,3.319,3.338,3.318,3.334,23738.5
2026-02-23 20:45:00,1771879500000,3.334,3.351,3.331,3.348,29131.6
2026-02-23 21:00:00,1771880400000,3.348,3.363,3.347,3.36,29298.0
2026-02-23 21:15:00,1771881300000,3.36,3.372,3.356,3.359,26763.9
2026-02-23 21:30:00,1771882200000,3.359,3.376,3.35,3.364,33274.4
2026-02-23 21:45:00,1771883100000,3.364,3.37,3.361,3.366,24432.1
2026-02-23 22:00:00,1771884000000,3.366,3.381,3.358,3.375,68865.2
2026-02-23 22:15:00,1771884900000,3.375,3.381,3.366,3.372,34243.2
2026-02-23 22:30:00,1771885800000,3.372,3.375,3.366,3.367,9867.0
2026-02-23 22:45:00,1771886700000,3.367,3.37,3.355,3.36,24797.2
2026-02-23 23:00:00,1771887600000,3.36,3.381,3.357,3.372,16500.6
2026-02-23 23:15:00,1771888500000,3.372,3.372,3.344,3.35,24086.6
2026-02-23 23:30:00,1771889400000,3.35,3.352,3.326,3.33,69076.8
2026-02-23 23:45:00,1771890300000,3.33,3.345,3.33,3.344,33028.2
2026-02-24 00:00:00,1771891200000,3.344,3.37,3.34,3.369,149529.9
2026-02-24 00:15:00,1771892100000,3.369,3.378,3.365,3.37,68462.8
2026-02-24 00:30:00,1771893000000,3.37,3.383,3.362,3.377,85337.0
2026-02-24 00:45:00,1771893900000,3.377,3.392,3.375,3.377,51619.5
2026-02-24 01:00:00,1771894800000,3.377,3.377,3.344,3.349,49174.0
2026-02-24 01:15:00,1771895700000,3.349,3.375,3.289,3.368,392817.4
2026-02-24 01:30:00,1771896600000,3.368,3.38,3.346,3.348,99954.4
2026-02-24 01:45:00,1771897500000,3.348,3.352,3.314,3.32,144217.8
2026-02-24 02:00:00,1771898400000,3.32,3.33,3.31,3.324,34559.8
2026-02-24 02:15:00,1771899300000,3.324,3.342,3.317,3.341,22936.1
2026-02-24 02:30:00,1771900200000,3.341,3.351,3.318,3.319,27470.0
2026-02-24 02:45:00,1771901100000,3.319,3.33,3.317,3.328,21686.2
2026-02-24 03:00:00,1771902000000,3.328,3.328,3.3,3.312,83552.4
2026-02-24 03:15:00,1771902900000,3.312,3.325,3.301,3.321,25182.7
2026-02-24 03:30:00,1771903800000,3.321,3.332,3.31,3.315,29642.7
2026-02-24 03:45:00,1771904700000,3.315,3.322,3.303,3.317,34258.0
2026-02-24 04:00:00,1771905600000,3.317,3.331,3.298,3.299,96255.2
2026-02-24 04:15:00,1771906500000,3.299,3.332,3.289,3.323,65875.8
2026-02-24 04:30:00,1771907400000,3.323,3.325,3.304,3.321,24922.7
2026-02-24 04:45:00,1771908300000,3.321,3.326,3.313,3.32,22310.1
2026-02-24 05:00:00,1771909200000,3.32,3.336,3.315,3.33,24877.9
2026-02-24 05:15:00,1771910100000,3.33,3.33,3.286,3.295,66610.3
2026-02-24 05:30:00,1771911000000,3.295,3.313,3.289,3.3,42649.8
2026-02-24 05:45:00,1771911900000,3.3,3.305,3.296,3.3,19209.4
2026-02-24 06:00:00,1771912800000,3.3,3.318,3.295,3.308,21451.3
2026-02-24 06:15:00,1771913700000,3.308,3.318,3.307,3.312,14655.4
2026-02-24 06:30:00,1771914600000,3.312,3.315,3.304,3.314,12199.1
2026-02-24 06:45:00,1771915500000,3.314,3.314,3.292,3.301,26989.6
2026-02-24 07:00:00,1771916400000,3.301,3.314,3.294,3.31,21516.4
2026-02-24 07:15:00,1771917300000,3.31,3.315,3.302,3.314,26098.1
2026-02-24 07:30:00,1771918200000,3.314,3.324,3.306,3.315,42527.2
2026-02-24 07:45:00,1771919100000,3.315,3.321,3.308,3.317,18959.6
2026-02-24 08:00:00,1771920000000,3.317,3.317,3.296,3.307,35202.9
2026-02-24 08:15:00,1771920900000,3.307,3.315,3.291,3.311,27367.0
2026-02-24 08:30:00,1771921800000,3.311,3.321,3.308,3.314,18896.3
2026-02-24 08:45:00,1771922700000,3.314,3.33,3.312,3.329,34015.7
2026-02-24 09:00:00,1771923600000,3.329,3.342,3.32,3.33,49408.5
2026-02-24 09:15:00,1771924500000,3.33,3.333,3.313,3.319,21196.7
2026-02-24 09:30:00,1771925400000,3.319,3.327,3.295,3.322,57140.1
2026-02-24 09:45:00,1771926300000,3.322,3.326,3.311,3.32,23674.8
2026-02-24 10:00:00,1771927200000,3.32,3.321,3.304,3.313,26615.9
2026-02-24 10:15:00,1771928100000,3.313,3.319,3.306,3.312,17374.6
2026-02-24 10:30:00,1771929000000,3.312,3.316,3.301,3.313,57185.1
2026-02-24 10:45:00,1771929900000,3.313,3.319,3.302,3.308,30992.1
2026-02-24 11:00:00,1771930800000,3.308,3.31,3.299,3.302,14915.8
2026-02-24 11:15:00,1771931700000,3.302,3.304,3.298,3.298,21933.4
2026-02-24 11:30:00,1771932600000,3.298,3.306,3.293,3.303,48645.7
2026-02-24 11:45:00,1771933500000,3.303,3.312,3.301,3.312,15651.0
2026-02-24 12:00:00,1771934400000,3.312,3.323,3.304,3.32,36530.2
2026-02-24 12:15:00,1771935300000,3.32,3.326,3.31,3.324,19590.8
2026-02-24 12:30:00,1771936200000,3.324,3.328,3.304,3.308,37783.2
2026-02-24 12:45:00,1771937100000,3.308,3.315,3.303,3.308,17731.1
2026-02-24 13:00:00,1771938000000,3.308,3.312,3.303,3.306,29382.8
2026-02-24 13:15:00,1771938900000,3.306,3.307,3.288,3.292,30371.9
2026-02-24 13:30:00,1771939800000,3.292,3.296,3.256,3.282,221466.3
2026-02-24 13:45:00,1771940700000,3.282,3.298,3.275,3.286,60009.9
2026-02-24 14:00:00,1771941600000,3.286,3.297,3.275,3.278,49798.7
2026-02-24 14:15:00,1771942500000,3.278,3.287,3.268,3.279,45633.5
2026-02-24 14:30:00,1771943400000,3.279,3.324,3.26,3.323,151919.4
2026-02-24 14:45:00,1771944300000,3.323,3.371,3.321,3.349,179635.7
2026-02-24 15:00:00,1771945200000,3.349,3.363,3.335,3.352,61328.6
2026-02-24 15:15:00,1771946100000,3.352,3.377,3.35,3.371,70007.5
2026-02-24 15:30:00,1771947000000,3.371,3.375,3.347,3.357,28366.3
2026-02-24 15:45:00,1771947900000,3.357,3.367,3.348,3.357,18966.2
2026-02-24 16:00:00,1771948800000,3.357,3.4,3.357,3.374,95396.0
2026-02-24 16:15:00,1771949700000,3.374,3.378,3.36,3.364,31258.5
2026-02-24 16:30:00,1771950600000,3.364,3.373,3.337,3.368,66423.7
2026-02-24 16:45:00,1771951500000,3.368,3.388,3.35,3.386,54021.5
2026-02-24 17:00:00,1771952400000,3.386,3.396,3.371,3.389,68575.0
2026-02-24 17:15:00,1771953300000,3.389,3.393,3.382,3.385,104042.0
2026-02-24 17:30:00,1771954200000,3.385,3.393,3.381,3.384,30193.5
2026-02-24 17:45:00,1771955100000,3.384,3.389,3.366,3.376,83394.2
2026-02-24 18:00:00,1771956000000,3.376,3.393,3.361,3.364,71899.4
2026-02-24 18:15:00,1771956900000,3.364,3.384,3.362,3.381,19840.4
2026-02-24 18:30:00,1771957800000,3.381,3.394,3.38,3.387,21325.5
2026-02-24 18:45:00,1771958700000,3.387,3.39,3.373,3.373,10133.9
2026-02-24 19:00:00,1771959600000,3.373,3.387,3.35,3.35,43426.6
2026-02-24 19:15:00,1771960500000,3.35,3.352,3.339,3.341,56772.8
2026-02-24 19:30:00,1771961400000,3.341,3.349,3.338,3.345,33504.8
2026-02-24 19:45:00,1771962300000,3.345,3.353,3.339,3.34,24668.3
2026-02-24 20:00:00,1771963200000,3.34,3.346,3.322,3.328,46781.3
2026-02-24 20:15:00,1771964100000,3.328,3.342,3.312,3.332,287843.7
2026-02-24 20:30:00,1771965000000,3.332,3.344,3.327,3.344,21740.5
2026-02-24 20:45:00,1771965900000,3.344,3.347,3.335,3.342,22967.5
2026-02-24 21:00:00,1771966800000,3.342,3.343,3.317,3.326,23682.5
2026-02-24 21:15:00,1771967700000,3.326,3.326,3.308,3.317,38672.8
2026-02-24 21:30:00,1771968600000,3.317,3.33,3.316,3.327,19121.6
2026-02-24 21:45:00,1771969500000,3.327,3.336,3.327,3.334,10707.2
2026-02-24 22:00:00,1771970400000,3.334,3.364,3.331,3.356,53789.7
2026-02-24 22:15:00,1771971300000,3.356,3.356,3.347,3.353,14453.3
2026-02-24 22:30:00,1771972200000,3.353,3.353,3.337,3.344,22439.9
2026-02-24 22:45:00,1771973100000,3.344,3.35,3.337,3.348,8625.4
2026-02-24 23:00:00,1771974000000,3.348,3.352,3.326,3.34,20760.2
2026-02-24 23:15:00,1771974900000,3.34,3.344,3.335,3.344,10230.6
2026-02-24 23:30:00,1771975800000,3.344,3.349,3.338,3.338,23967.9
2026-02-24 23:45:00,1771976700000,3.338,3.339,3.331,3.335,14968.8
2026-02-25 00:00:00,1771977600000,3.335,3.342,3.333,3.339,28631.5
2026-02-25 00:15:00,1771978500000,3.339,3.348,3.326,3.329,10946.9
2026-02-25 00:30:00,1771979400000,3.329,3.355,3.329,3.355,13161.5
2026-02-25 00:45:00,1771980300000,3.355,3.358,3.348,3.351,15532.4
2026-02-25 01:00:00,1771981200000,3.351,3.471,3.347,3.465,259353.1
2026-02-25 01:15:00,1771982100000,3.465,3.532,3.451,3.507,309238.1
2026-02-25 01:30:00,1771983000000,3.507,3.516,3.483,3.486,73672.2
2026-02-25 01:45:00,1771983900000,3.486,3.523,3.486,3.517,122866.5
2026-02-25 02:00:00,1771984800000,3.517,3.557,3.516,3.541,239073.8
2026-02-25 02:15:00,1771985700000,3.541,3.544,3.508,3.517,124385.3
2026-02-25 02:30:00,1771986600000,3.517,3.53,3.497,3.499,72660.9
2026-02-25 02:45:00,1771987500000,3.499,3.513,3.498,3.502,65405.1
2026-02-25 03:00:00,1771988400000,3.502,3.508,3.495,3.499,53881.0
2026-02-25 03:15:00,1771989300000,3.499,3.5,3.462,3.472,66467.2
2026-02-25 03:30:00,1771990200000,3.472,3.482,3.465,3.475,46505.2
2026-02-25 03:45:00,1771991100000,3.475,3.481,3.465,3.47,26899.4
2026-02-25 04:00:00,1771992000000,3.47,3.481,3.449,3.479,63018.9
2026-02-25 04:15:00,1771992900000,3.479,3.489,3.466,3.482,75168.5
2026-02-25 04:30:00,1771993800000,3.482,3.498,3.478,3.493,17756.1
2026-02-25 04:45:00,1771994700000,3.493,3.493,3.481,3.485,41072.6
2026-02-25 05:00:00,1771995600000,3.485,3.503,3.481,3.491,38413.2
2026-02-25 05:15:00,1771996500000,3.491,3.491,3.46,3.463,44370.8
2026-02-25 05:30:00,1771997400000,3.463,3.468,3.418,3.45,128088.3
2026-02-25 05:45:00,1771998300000,3.45,3.47,3.448,3.465,44198.2
2026-02-25 06:00:00,1771999200000,3.465,3.476,3.462,3.472,21857.5
2026-02-25 06:15:00,1772000100000,3.472,3.483,3.461,3.474,17478.2
2026-02-25 06:30:00,1772001000000,3.474,3.489,3.471,3.473,31069.0
2026-02-25 06:45:00,1772001900000,3.473,3.473,3.452,3.46,27683.3
2026-02-25 07:00:00,1772002800000,3.46,3.47,3.451,3.464,22540.9
2026-02-25 07:15:00,1772003700000,3.464,3.481,3.462,3.474,35383.0
2026-02-25 07:30:00,1772004600000,3.474,3.498,3.473,3.485,80834.3
2026-02-25 07:45:00,1772005500000,3.485,3.498,3.484,3.495,11276.2
2026-02-25 08:00:00,1772006400000,3.495,3.497,3.485,3.486,32411.4
2026-02-25 08:15:00,1772007300000,3.486,3.501,3.481,3.491,42612.4
2026-02-25 08:30:00,1772008200000,3.491,3.506,3.488,3.503,30811.8
2026-02-25 08:45:00,1772009100000,3.503,3.536,3.503,3.534,68792.2
2026-02-25 09:00:00,1772010000000,3.534,3.553,3.524,3.547,74384.7
2026-02-25 09:15:00,1772010900000,3.547,3.554,3.535,3.547,52109.8
2026-02-25 09:30:00,1772011800000,3.547,3.549,3.534,3.538,39398.4
2026-02-25 09:45:00,1772012700000,3.538,3.549,3.535,3.542,38568.5
2026-02-25 10:00:00,1772013600000,3.542,3.55,3.533,3.545,33383.1
2026-02-25 10:15:00,1772014500000,3.545,3.554,3.541,3.547,31139.8
2026-02-25 10:30:00,1772015400000,3.547,3.549,3.54,3.544,23088.5
2026-02-25 10:45:00,1772016300000,3.544,3.552,3.541,3.548,37984.2
2026-02-25 11:00:00,1772017200000,3.548,3.548,3.53,3.539,72090.0
2026-02-25 11:15:00,1772018100000,3.539,3.565,3.535,3.557,63358.4
2026-02-25 11:30:00,1772019000000,3.557,3.566,3.555,3.56,28950.6
2026-02-25 11:45:00,1772019900000,3.56,3.567,3.551,3.558,39743.4
2026-02-25 12:00:00,1772020800000,3.558,3.577,3.555,3.574,64767.2
2026-02-25 12:15:00,1772021700000,3.574,3.625,3.571,3.617,298429.6
2026-02-25 12:30:00,1772022600000,3.617,3.689,3.612,3.655,684440.6
2026-02-25 12:45:00,1772023500000,3.655,3.691,3.65,3.667,362523.8
2026-02-25 13:00:00,1772024400000,3.667,3.795,3.667,3.775,872755.4
2026-02-25 13:15:00,1772025300000,3.775,3.781,3.713,3.741,515524.3
2026-02-25 13:30:00,1772026200000,3.741,3.755,3.724,3.746,156656.3
2026-02-25 13:45:00,1772027100000,3.746,3.748,3.699,3.713,229267.7
2026-02-25 14:00:00,1772028000000,3.713,3.733,3.712,3.73,81687.9
2026-02-25 14:15:00,1772028900000,3.73,3.744,3.722,3.742,76430.0
2026-02-25 14:30:00,1772029800000,3.742,3.754,3.713,3.752,213673.7
2026-02-25 14:45:00,1772030700000,3.752,3.819,3.751,3.795,304500.3
2026-02-25 15:00:00,1772031600000,3.795,3.827,3.785,3.814,165587.2
2026-02-25 15:15:00,1772032500000,3.814,3.843,3.809,3.826,191547.5
2026-02-25 15:30:00,1772033400000,3.826,4.005,3.819,3.999,850464.1
2026-02-25 15:45:00,1772034300000,3.999,4.021,3.925,3.934,765560.5
2026-02-25 16:00:00,1772035200000,3.934,3.977,3.92,3.932,290507.2
2026-02-25 16:15:00,1772036100000,3.932,4.015,3.931,3.998,471293.8
2026-02-25 16:30:00,1772037000000,3.998,4.01,3.975,4.001,171477.4
2026-02-25 16:45:00,1772037900000,4.001,4.032,3.991,4.022,165698.9
2026-02-25 17:00:00,1772038800000,4.022,4.045,4.002,4.044,300915.8
2026-02-25 17:15:00,1772039700000,4.044,4.083,4.041,4.062,289773.3
2026-02-25 17:30:00,1772040600000,4.062,4.078,4.04,4.066,202866.3
2026-02-25 17:45:00,1772041500000,4.066,4.081,4.047,4.061,92639.9
2026-02-25 18:00:00,1772042400000,4.061,4.081,4.034,4.071,131622.2
2026-02-25 18:15:00,1772043300000,4.071,4.112,4.048,4.093,174750.4
2026-02-25 18:30:00,1772044200000,4.093,4.118,4.075,4.102,85399.6
2026-02-25 18:45:00,1772045100000,4.102,4.136,4.082,4.104,145029.1
2026-02-25 19:00:00,1772046000000,4.104,4.104,4.064,4.071,149307.1
2026-02-25 19:15:00,1772046900000,4.071,4.108,4.071,4.101,59514.6
2026-02-25 19:30:00,1772047800000,4.101,4.113,4.079,4.095,47684.4
2026-02-25 19:45:00,1772048700000,4.095,4.107,4.081,4.094,63229.3
2026-02-25 20:00:00,1772049600000,4.094,4.098,4.058,4.058,146456.2
2026-02-25 20:15:00,1772050500000,4.058,4.077,4.055,4.063,68084.1
2026-02-25 20:30:00,1772051400000,4.063,4.096,4.063,4.066,66547.6
2026-02-25 20:45:00,1772052300000,4.066,4.076,4.05,4.057,89052.0
2026-02-25 21:00:00,1772053200000,4.057,4.087,4.044,4.083,71987.9
2026-02-25 21:15:00,1772054100000,4.083,4.1,4.071,4.08,108736.9
2026-02-25 21:30:00,1772055000000,4.08,4.165,4.076,4.122,479251.0
2026-02-25 21:45:00,1772055900000,4.122,4.129,4.103,4.11,96593.1
2026-02-25 22:00:00,1772056800000,4.11,4.295,4.109,4.225,1206312.6
2026-02-25 22:15:00,1772057700000,4.225,4.234,4.192,4.2,176318.2
2026-02-25 22:30:00,1772058600000,4.2,4.209,4.121,4.127,160926.9
2026-02-25 22:45:00,1772059500000,4.127,4.138,4.071,4.085,134076.4
2026-02-25 23:00:00,1772060400000,4.085,4.095,4.059,4.081,127884.6
2026-02-25 23:15:00,1772061300000,4.081,4.101,4.019,4.044,196338.0
2026-02-25 23:30:00,1772062200000,4.044,4.061,3.983,3.992,282563.1
2026-02-25 23:45:00,1772063100000,3.992,4.054,3.985,4.052,173379.7
2026-02-26 00:00:00,1772064000000,4.052,4.071,4.022,4.06,200595.3
2026-02-26 00:15:00,1772064900000,4.06,4.087,4.041,4.062,252160.2
2026-02-26 00:30:00,1772065800000,4.062,4.074,3.978,4.007,226342.9
2026-02-26 00:45:00,1772066700000,4.007,4.024,4.0,4.016,108964.8
2026-02-26 01:00:00,1772067600000,4.016,4.047,4.006,4.034,63597.9
2026-02-26 01:15:00,1772068500000,4.034,4.036,3.992,3.997,108342.6
2026-02-26 01:30:00,1772069400000,3.997,4.014,3.992,3.993,70538.2
2026-02-26 01:45:00,1772070300000,3.993,4.002,3.98,3.989,81468.9
2026-02-26 02:00:00,1772071200000,3.989,3.997,3.981,3.99,63480.9
2026-02-26 02:15:00,1772072100000,3.99,4.031,3.99,4.002,86508.4
2026-02-26 02:30:00,1772073000000,4.002,4.046,4.002,4.045,74802.3
2026-02-26 02:45:00,1772073900000,4.045,4.054,4.029,4.04,43296.8
2026-02-26 03:00:00,1772074800000,4.04,4.044,4.014,4.02,67799.2
2026-02-26 03:15:00,1772075700000,4.02,4.021,3.989,4.007,51082.6
2026-02-26 03:30:00,1772076600000,4.007,4.02,4.004,4.016,22617.2
2026-02-26 03:45:00,1772077500000,4.016,4.022,4.012,4.012,21338.4
2026-02-26 04:00:00,1772078400000,4.012,4.047,4.007,4.031,58397.9
2026-02-26 04:15:00,1772079300000,4.031,4.046,4.017,4.027,48703.1
2026-02-26 04:30:00,1772080200000,4.027,4.051,4.026,4.05,51345.6
2026-02-26 04:45:00,1772081100000,4.05,4.051,4.035,4.051,25776.3
2026-02-26 05:00:00,1772082000000,4.051,4.052,4.004,4.01,56129.1
2026-02-26 05:15:00,1772082900000,4.01,4.011,3.96,3.999,315086.1
2026-02-26 05:30:00,1772083800000,3.999,4.002,3.98,3.985,36979.1
2026-02-26 05:45:00,1772084700000,3.985,4.005,3.979,3.999,25155.9
2026-02-26 06:00:00,1772085600000,3.999,4.011,3.982,4.001,62292.7
2026-02-26 06:15:00,1772086500000,4.001,4.008,3.989,3.991,45260.2
2026-02-26 06:30:00,1772087400000,3.991,4.005,3.974,4.0,44492.5
2026-02-26 06:45:00,1772088300000,4.0,4.012,3.992,3.992,29090.4
2026-02-26 07:00:00,1772089200000,3.992,4.01,3.988,4.004,27866.0
2026-02-26 07:15:00,1772090100000,4.004,4.012,3.986,3.992,41490.1
2026-02-26 07:30:00,1772091000000,3.992,3.998,3.973,3.977,40885.0
2026-02-26 07:45:00,1772091900000,3.977,3.99,3.969,3.986,43632.5
2026-02-26 08:00:00,1772092800000,3.986,4.031,3.982,4.022,94248.7
2026-02-26 08:15:00,1772093700000,4.022,4.045,4.02,4.025,105709.7
2026-02-26 08:30:00,1772094600000,4.025,4.046,4.013,4.031,55909.3
2026-02-26 08:45:00,1772095500000,4.031,4.056,4.019,4.026,85408.5
2026-02-26 09:00:00,1772096400000,4.026,4.084,4.019,4.061,114122.1
2026-02-26 09:15:00,1772097300000,4.061,4.064,4.037,4.038,58831.8
2026-02-26 09:30:00,1772098200000,4.038,4.063,4.033,4.056,97510.9
2026-02-26 09:45:00,1772099100000,4.056,4.062,4.021,4.036,127818.9
2026-02-26 10:00:00,1772100000000,4.036,4.042,4.021,4.024,55198.2
2026-02-26 10:15:00,1772100900000,4.024,4.032,4.005,4.008,76379.4
2026-02-26 10:30:00,1772101800000,4.008,4.011,3.986,3.998,90418.6
2026-02-26 10:45:00,1772102700000,3.998,4.005,3.979,4.005,59385.3
2026-02-26 11:00:00,1772103600000,4.005,4.013,3.996,4.0,17827.7
2026-02-26 11:15:00,1772104500000,4.0,4.005,3.986,3.997,50052.4
2026-02-26 11:30:00,1772105400000,3.997,4.016,3.993,4.01,56283.1
2026-02-26 11:45:00,1772106300000,4.01,4.011,3.994,4.007,47495.5
2026-02-26 12:00:00,1772107200000,4.007,4.023,4.004,4.016,24273.9
2026-02-26 12:15:00,1772108100000,4.016,4.024,4.003,4.014,36586.0
2026-02-26 12:30:00,1772109000000,4.014,4.036,4.005,4.017,55360.1
2026-02-26 12:45:00,1772109900000,4.017,4.022,4.008,4.012,34411.5
2026-02-26 13:00:00,1772110800000,4.012,4.013,3.994,3.998,34249.3
2026-02-26 13:15:00,1772111700000,3.998,4.017,3.996,4.014,15901.0
2026-02-26 13:30:00,1772112600000,4.014,4.014,3.987,3.992,65101.3
2026-02-26 13:45:00,1772113500000,3.992,3.999,3.937,3.961,220240.9
2026-02-26 14:00:00,1772114400000,3.961,3.97,3.937,3.948,158664.5
2026-02-26 14:15:00,1772115300000,3.948,3.958,3.935,3.952,120189.7
2026-02-26 14:30:00,1772116200000,3.952,3.954,3.902,3.913,245713.0
2026-02-26 14:45:00,1772117100000,3.913,3.916,3.78,3.846,1114513.3
2026-02-26 15:00:00,1772118000000,3.846,3.855,3.818,3.831,263921.9
2026-02-26 15:15:00,1772118900000,3.831,3.837,3.799,3.807,255555.0
2026-02-26 15:30:00,1772119800000,3.807,3.839,3.793,3.82,212931.4
2026-02-26 15:45:00,1772120700000,3.82,3.831,3.79,3.8,132693.6
2026-02-26 16:00:00,1772121600000,3.8,3.808,3.77,3.778,124415.5
2026-02-26 16:15:00,1772122500000,3.778,3.822,3.775,3.807,107997.1
2026-02-26 16:30:00,1772123400000,3.807,3.809,3.76,3.768,215745.5
2026-02-26 16:45:00,1772124300000,3.768,3.769,3.711,3.73,450547.6
2026-02-26 17:00:00,1772125200000,3.73,3.768,3.725,3.752,129549.7
2026-02-26 17:15:00,1772126100000,3.752,3.771,3.748,3.755,58989.9
2026-02-26 17:30:00,1772127000000,3.755,3.772,3.737,3.749,53178.6
2026-02-26 17:45:00,1772127900000,3.749,3.756,3.739,3.75,25990.7
2026-02-26 18:00:00,1772128800000,3.75,3.755,3.729,3.743,72665.4
2026-02-26 18:15:00,1772129700000,3.743,3.751,3.734,3.74,43951.6
2026-02-26 18:30:00,1772130600000,3.74,3.779,3.739,3.768,78805.3
2026-02-26 18:45:00,1772131500000,3.768,3.772,3.76,3.766,27926.1
2026-02-26 19:00:00,1772132400000,3.766,3.819,3.762,3.805,252889.4
2026-02-26 19:15:00,1772133300000,3.805,3.827,3.801,3.819,74262.3
2026-02-26 19:30:00,1772134200000,3.819,3.823,3.808,3.818,56213.3
2026-02-26 19:45:00,1772135100000,3.818,3.838,3.816,3.831,60084.2
2026-02-26 20:00:00,1772136000000,3.831,3.857,3.827,3.841,95139.0
2026-02-26 20:15:00,1772136900000,3.841,3.853,3.837,3.838,33144.1
2026-02-26 20:30:00,1772137800000,3.838,3.844,3.817,3.832,42737.0
2026-02-26 20:45:00,1772138700000,3.832,3.833,3.816,3.822,27331.6
2026-02-26 21:00:00,1772139600000,3.822,3.836,3.811,3.836,37375.6
2026-02-26 21:15:00,1772140500000,3.836,3.849,3.834,3.846,39391.0
2026-02-26 21:30:00,1772141400000,3.846,3.856,3.841,3.85,41539.2
2026-02-26 21:45:00,1772142300000,3.85,3.855,3.842,3.847,28431.0
2026-02-26 22:00:00,1772143200000,3.847,3.859,3.84,3.851,87360.2
2026-02-26 22:15:00,1772144100000,3.851,3.866,3.845,3.864,48610.3
2026-02-26 22:30:00,1772145000000,3.864,3.897,3.863,3.887,81412.6
2026-02-26 22:45:00,1772145900000,3.887,3.888,3.87,3.877,22447.7
2026-02-26 23:00:00,1772146800000,3.877,3.877,3.858,3.86,18397.2
2026-02-26 23:15:00,1772147700000,3.86,3.878,3.85,3.875,26447.1
2026-02-26 23:30:00,1772148600000,3.875,3.878,3.863,3.867,21647.7
2026-02-26 23:45:00,1772149500000,3.867,3.874,3.866,3.874,12883.2
2026-02-27 00:00:00,1772150400000,3.874,3.886,3.87,3.876,38602.7
2026-02-27 00:15:00,1772151300000,3.876,3.877,3.862,3.866,40785.6
2026-02-27 00:30:00,1772152200000,3.866,3.869,3.853,3.858,30519.4
2026-02-27 00:45:00,1772153100000,3.858,3.87,3.845,3.864,58709.6
2026-02-27 01:00:00,1772154000000,3.864,3.866,3.837,3.846,31460.6
2026-02-27 01:15:00,1772154900000,3.846,3.854,3.842,3.846,44044.2
2026-02-27 01:30:00,1772155800000,3.846,3.873,3.84,3.856,50335.9
2026-02-27 01:45:00,1772156700000,3.856,3.861,3.85,3.86,14469.5
2026-02-27 02:00:00,1772157600000,3.86,3.867,3.854,3.854,9625.6
2026-02-27 02:15:00,1772158500000,3.854,3.868,3.848,3.864,20372.7
2026-02-27 02:30:00,1772159400000,3.864,3.88,3.853,3.859,39221.8
2026-02-27 02:45:00,1772160300000,3.859,3.877,3.859,3.863,15450.9
2026-02-27 03:00:00,1772161200000,3.863,3.868,3.852,3.861,22119.6
2026-02-27 03:15:00,1772162100000,3.861,3.872,3.861,3.864,9888.0
2026-02-27 03:30:00,1772163000000,3.864,3.899,3.864,3.892,31419.1
2026-02-27 03:45:00,1772163900000,3.892,3.911,3.879,3.903,61769.3
2026-02-27 04:00:00,1772164800000,3.903,3.935,3.902,3.926,93946.7
2026-02-27 04:15:00,1772165700000,3.926,3.932,3.911,3.919,71245.3
2026-02-27 04:30:00,1772166600000,3.919,3.919,3.892,3.899,36286.3
2026-02-27 04:45:00,1772167500000,3.899,3.918,3.899,3.908,21531.2
2026-02-27 05:00:00,1772168400000,3.908,3.929,3.908,3.926,28069.0
2026-02-27 05:15:00,1772169300000,3.926,3.931,3.914,3.929,20523.2
2026-02-27 05:30:00,1772170200000,3.929,3.944,3.928,3.934,36876.3
2026-02-27 05:45:00,1772171100000,3.934,3.935,3.926,3.934,20005.8
2026-02-27 06:00:00,1772172000000,3.934,3.934,3.904,3.909,53855.8
2026-02-27 06:15:00,1772172900000,3.909,3.91,3.882,3.897,59397.3
2026-02-27 06:30:00,1772173800000,3.897,3.914,3.892,3.91,19042.1
2026-02-27 06:45:00,1772174700000,3.91,3.913,3.906,3.906,7899.2
2026-02-27 07:00:00,1772175600000,3.906,3.906,3.876,3.884,44504.5
2026-02-27 07:15:00,1772176500000,3.884,3.885,3.872,3.874,18137.6
2026-02-27 07:30:00,1772177400000,3.874,3.879,3.86,3.868,56900.7
2026-02-27 07:45:00,1772178300000,3.868,3.901,3.867,3.89,78884.6
2026-02-27 08:00:00,1772179200000,3.89,3.907,3.888,3.892,39093.6
2026-02-27 08:15:00,1772180100000,3.892,3.893,3.881,3.885,22408.2
2026-02-27 08:30:00,1772181000000,3.885,3.896,3.869,3.878,72100.1
2026-02-27 08:45:00,1772181900000,3.878,3.888,3.874,3.878,20355.0
2026-02-27 09:00:00,1772182800000,3.878,3.883,3.872,3.878,24910.2
2026-02-27 09:15:00,1772183700000,3.878,3.886,3.863,3.872,18614.8
2026-02-27 09:30:00,1772184600000,3.872,3.876,3.841,3.844,86224.4
2026-02-27 09:45:00,1772185500000,3.844,3.847,3.825,3.837,65873.5
2026-02-27 10:00:00,1772186400000,3.837,3.842,3.786,3.788,135299.4
2026-02-27 10:15:00,1772187300000,3.788,3.813,3.783,3.805,116231.9
2026-02-27 10:30:00,1772188200000,3.805,3.817,3.798,3.808,54013.2
2026-02-27 10:45:00,1772189100000,3.808,3.811,3.774,3.778,65074.3
2026-02-27 11:00:00,1772190000000,3.778,3.792,3.778,3.788,43167.4
2026-02-27 11:15:00,1772190900000,3.788,3.805,3.768,3.798,85548.5
2026-02-27 11:30:00,1772191800000,3.798,3.801,3.747,3.753,204335.5
2026-02-27 11:45:00,1772192700000,3.753,3.769,3.75,3.756,90640.0
2026-02-27 12:00:00,1772193600000,3.756,3.783,3.75,3.775,53340.8
2026-02-27 12:15:00,1772194500000,3.775,3.782,3.761,3.767,47488.2
2026-02-27 12:30:00,1772195400000,3.767,3.773,3.757,3.766,44764.2
2026-02-27 12:45:00,1772196300000,3.766,3.776,3.755,3.776,41110.2
2026-02-27 13:00:00,1772197200000,3.776,3.805,3.775,3.793,110750.8
2026-02-27 13:15:00,1772198100000,3.793,3.809,3.781,3.785,82001.4
2026-02-27 13:30:00,1772199000000,3.785,3.791,3.736,3.788,236259.0
2026-02-27 13:45:00,1772199900000,3.788,3.806,3.787,3.795,49861.5
2026-02-27 14:00:00,1772200800000,3.795,3.8,3.781,3.79,19906.1
2026-02-27 14:15:00,1772201700000,3.79,3.79,3.77,3.78,25840.6
2026-02-27 14:30:00,1772202600000,3.78,3.799,3.777,3.788,58355.5
2026-02-27 14:45:00,1772203500000,3.788,3.796,3.769,3.773,58781.1
2026-02-27 15:00:00,1772204400000,3.773,3.806,3.77,3.79,71439.1
2026-02-27 15:15:00,1772205300000,3.79,3.806,3.779,3.801,47165.6
2026-02-27 15:30:00,1772206200000,3.801,3.82,3.789,3.816,51056.8
2026-02-27 15:45:00,1772207100000,3.816,3.828,3.787,3.793,90033.7
2026-02-27 16:00:00,1772208000000,3.793,3.795,3.749,3.768,116037.4
2026-02-27 16:15:00,1772208900000,3.768,3.78,3.752,3.765,56694.3
2026-02-27 16:30:00,1772209800000,3.765,3.771,3.751,3.756,30264.5
2026-02-27 16:45:00,1772210700000,3.756,3.765,3.742,3.75,73980.3
2026-02-27 17:00:00,1772211600000,3.75,3.761,3.728,3.735,75472.3
2026-02-27 17:15:00,1772212500000,3.735,3.746,3.727,3.734,91833.9
2026-02-27 17:30:00,1772213400000,3.734,3.765,3.727,3.756,92716.2
2026-02-27 17:45:00,1772214300000,3.756,3.78,3.743,3.774,40042.7
2026-02-27 18:00:00,1772215200000,3.774,3.776,3.756,3.759,20588.6
2026-02-27 18:15:00,1772216100000,3.759,3.767,3.752,3.762,17737.3
2026-02-27 18:30:00,1772217000000,3.762,3.775,3.752,3.76,31751.1
2026-02-27 18:45:00,1772217900000,3.76,3.762,3.747,3.752,22920.6
2026-02-27 19:00:00,1772218800000,3.752,3.755,3.729,3.738,30176.9
2026-02-27 19:15:00,1772219700000,3.738,3.747,3.733,3.734,23646.7
2026-02-27 19:30:00,1772220600000,3.734,3.74,3.718,3.721,26514.5
2026-02-27 19:45:00,1772221500000,3.721,3.743,3.721,3.737,14537.0
2026-02-27 20:00:00,1772222400000,3.737,3.754,3.734,3.75,29748.3
2026-02-27 20:15:00,1772223300000,3.75,3.76,3.745,3.748,36103.7
2026-02-27 20:30:00,1772224200000,3.748,3.751,3.742,3.744,11862.9
2026-02-27 20:45:00,1772225100000,3.744,3.747,3.69,3.694,234347.1
2026-02-27 21:00:00,1772226000000,3.694,3.727,3.694,3.719,69404.6
2026-02-27 21:15:00,1772226900000,3.719,3.735,3.719,3.724,44749.1
2026-02-27 21:30:00,1772227800000,3.724,3.724,3.707,3.713,29019.7
2026-02-27 21:45:00,1772228700000,3.713,3.718,3.708,3.713,22329.9
2026-02-27 22:00:00,1772229600000,3.713,3.717,3.706,3.713,40855.7
2026-02-27 22:15:00,1772230500000,3.713,3.723,3.705,3.707,19142.5
2026-02-27 22:30:00,1772231400000,3.707,3.723,3.67,3.72,77893.0
2026-02-27 22:45:00,1772232300000,3.72,3.74,3.717,3.729,45651.3
2026-02-27 23:00:00,1772233200000,3.729,3.741,3.722,3.722,27020.6
2026-02-27 23:15:00,1772234100000,3.722,3.749,3.72,3.745,37545.5
2026-02-27 23:30:00,1772235000000,3.745,3.748,3.728,3.731,18369.7
2026-02-27 23:45:00,1772235900000,3.731,3.746,3.728,3.739,24628.7
2026-02-28 00:00:00,1772236800000,3.739,3.76,3.736,3.76,47533.9
2026-02-28 00:15:00,1772237700000,3.76,3.762,3.74,3.745,40041.3
2026-02-28 00:30:00,1772238600000,3.745,3.755,3.736,3.754,13204.6
2026-02-28 00:45:00,1772239500000,3.754,3.76,3.746,3.756,13441.7
2026-02-28 01:00:00,1772240400000,3.756,3.769,3.744,3.745,32826.3
2026-02-28 01:15:00,1772241300000,3.745,3.747,3.724,3.724,39771.2
2026-02-28 01:30:00,1772242200000,3.724,3.733,3.717,3.733,71627.7
2026-02-28 01:45:00,1772243100000,3.733,3.735,3.722,3.722,23722.0
2026-02-28 02:00:00,1772244000000,3.722,3.725,3.711,3.716,43671.5
2026-02-28 02:15:00,1772244900000,3.716,3.728,3.715,3.722,17498.7
2026-02-28 02:30:00,1772245800000,3.722,3.725,3.717,3.718,7906.8
2026-02-28 02:45:00,1772246700000,3.718,3.728,3.718,3.723,22517.4
2026-02-28 03:00:00,1772247600000,3.723,3.723,3.712,3.718,7523.2
2026-02-28 03:15:00,1772248500000,3.718,3.734,3.717,3.724,18492.6
2026-02-28 03:30:00,1772249400000,3.724,3.725,3.703,3.707,34227.0
2026-02-28 03:45:00,1772250300000,3.707,3.716,3.703,3.709,15880.2
2026-02-28 04:00:00,1772251200000,3.709,3.713,3.702,3.712,24042.8
2026-02-28 04:15:00,1772252100000,3.712,3.723,3.708,3.708,23068.7
2026-02-28 04:30:00,1772253000000,3.708,3.722,3.691,3.718,58960.0
2026-02-28 04:45:00,1772253900000,3.718,3.722,3.712,3.717,13024.8
2026-02-28 05:00:00,1772254800000,3.717,3.72,3.713,3.716,5930.0
2026-02-28 05:15:00,1772255700000,3.716,3.716,3.701,3.704,32162.0
2026-02-28 05:30:00,1772256600000,3.704,3.705,3.687,3.694,31227.5
2026-02-28 05:45:00,1772257500000,3.694,3.698,3.68,3.698,46070.2
2026-02-28 06:00:00,1772258400000,3.698,3.699,3.685,3.686,37106.7
2026-02-28 06:15:00,1772259300000,3.686,3.703,3.612,3.647,534163.8
2026-02-28 06:30:00,1772260200000,3.647,3.651,3.586,3.626,500314.9
2026-02-28 06:45:00,1772261100000,3.626,3.631,3.557,3.573,268386.6
2026-02-28 07:00:00,1772262000000,3.573,3.628,3.553,3.622,231748.4
2026-02-28 07:15:00,1772262900000,3.622,3.637,3.602,3.618,94109.6
2026-02-28 07:30:00,1772263800000,3.618,3.688,3.61,3.675,235844.2
2026-02-28 07:45:00,1772264700000,3.675,3.675,3.63,3.632,56305.6
2026-02-28 08:00:00,1772265600000,3.632,3.632,3.605,3.608,89947.9
2026-02-28 08:15:00,1772266500000,3.608,3.629,3.597,3.616,82581.1
2026-02-28 08:30:00,1772267400000,3.616,3.623,3.599,3.6,44161.1
2026-02-28 08:45:00,1772268300000,3.6,3.604,3.579,3.587,100328.8
2026-02-28 09:00:00,1772269200000,3.587,3.607,3.579,3.6,86742.4
2026-02-28 09:15:00,1772270100000,3.6,3.617,3.589,3.612,90730.3
2026-02-28 09:30:00,1772271000000,3.612,3.612,3.576,3.582,67169.7
2026-02-28 09:45:00,1772271900000,3.582,3.587,3.569,3.58,57077.7
2026-02-28 10:00:00,1772272800000,3.58,3.582,3.542,3.544,133519.8
2026-02-28 10:15:00,1772273700000,3.544,3.557,3.536,3.545,94680.0
2026-02-28 10:30:00,1772274600000,3.545,3.567,3.545,3.551,75075.1
2026-02-28 10:45:00,1772275500000,3.551,3.557,3.541,3.546,63656.3
2026-02-28 11:00:00,1772276400000,3.546,3.564,3.542,3.55,60074.9
2026-02-28 11:15:00,1772277300000,3.55,3.57,3.545,3.564,155871.1
2026-02-28 11:30:00,1772278200000,3.564,3.583,3.54,3.545,90702.2
2026-02-28 11:45:00,1772279100000,3.545,3.564,3.542,3.55,72503.2
2026-02-28 12:00:00,1772280000000,3.55,3.559,3.547,3.554,40162.0
2026-02-28 12:15:00,1772280900000,3.554,3.567,3.55,3.565,64845.9
2026-02-28 12:30:00,1772281800000,3.565,3.583,3.563,3.581,40002.4
2026-02-28 12:45:00,1772282700000,3.581,3.585,3.571,3.585,41880.8
2026-02-28 13:00:00,1772283600000,3.585,3.599,3.578,3.596,59914.5
2026-02-28 13:15:00,1772284500000,3.596,3.606,3.586,3.591,59511.1
2026-02-28 13:30:00,1772285400000,3.591,3.603,3.584,3.602,62568.5
2026-02-28 13:45:00,1772286300000,3.602,3.701,3.602,3.683,416325.0
2026-02-28 14:00:00,1772287200000,3.683,3.707,3.638,3.652,195401.4
2026-02-28 14:15:00,1772288100000,3.652,3.675,3.647,3.669,50281.6
2026-02-28 14:30:00,1772289000000,3.669,3.685,3.651,3.671,76019.6
2026-02-28 14:45:00,1772289900000,3.671,3.679,3.62,3.626,140032.2
2026-02-28 15:00:00,1772290800000,3.626,3.64,3.603,3.605,65080.5
2026-02-28 15:15:00,1772291700000,3.605,3.665,3.605,3.662,91787.7
2026-02-28 15:30:00,1772292600000,3.662,3.67,3.651,3.663,66389.9
2026-02-28 15:45:00,1772293500000,3.663,3.667,3.653,3.655,49898.7
2026-02-28 16:00:00,1772294400000,3.655,3.656,3.636,3.654,59232.4
2026-02-28 16:15:00,1772295300000,3.654,3.667,3.643,3.661,102374.4
2026-02-28 16:30:00,1772296200000,3.661,3.691,3.652,3.686,37707.8
2026-02-28 16:45:00,1772297100000,3.686,3.694,3.67,3.687,48924.0
2026-02-28 17:00:00,1772298000000,3.687,3.689,3.669,3.675,41362.8
2026-02-28 17:15:00,1772298900000,3.675,3.692,3.67,3.691,31053.5
2026-02-28 17:30:00,1772299800000,3.691,3.694,3.654,3.66,63551.9
2026-02-28 17:45:00,1772300700000,3.66,3.699,3.654,3.692,118535.2
2026-02-28 18:00:00,1772301600000,3.692,3.705,3.684,3.693,52201.0
2026-02-28 18:15:00,1772302500000,3.693,3.709,3.68,3.704,69567.9
2026-02-28 18:30:00,1772303400000,3.704,3.758,3.704,3.741,194919.4
2026-02-28 18:45:00,1772304300000,3.741,3.776,3.738,3.752,115884.1
2026-02-28 19:00:00,1772305200000,3.752,3.755,3.731,3.732,55708.4
2026-02-28 19:15:00,1772306100000,3.732,3.744,3.725,3.734,46977.7
2026-02-28 19:30:00,1772307000000,3.734,3.813,3.734,3.785,206006.3
2026-02-28 19:45:00,1772307900000,3.785,3.815,3.782,3.791,73230.1
2026-02-28 20:00:00,1772308800000,3.791,3.817,3.772,3.811,81200.9
2026-02-28 20:15:00,1772309700000,3.811,3.827,3.793,3.814,134768.3
2026-02-28 20:30:00,1772310600000,3.814,3.826,3.782,3.799,92961.9
2026-02-28 20:45:00,1772311500000,3.799,3.835,3.797,3.822,99710.0
2026-02-28 21:00:00,1772312400000,3.822,3.825,3.782,3.802,77793.8
2026-02-28 21:15:00,1772313300000,3.802,3.802,3.784,3.793,21672.4
2026-02-28 21:30:00,1772314200000,3.793,3.822,3.788,3.809,63430.4
2026-02-28 21:45:00,1772315100000,3.809,3.824,3.806,3.817,29625.8
2026-02-28 22:00:00,1772316000000,3.817,3.837,3.815,3.83,64741.4
2026-02-28 22:15:00,1772316900000,3.83,3.855,3.825,3.839,87551.1
2026-02-28 22:30:00,1772317800000,3.839,3.89,3.836,3.847,103079.2
2026-02-28 22:45:00,1772318700000,3.847,3.857,3.825,3.826,49281.4
2026-02-28 23:00:00,1772319600000,3.826,3.832,3.812,3.813,40739.3
2026-02-28 23:15:00,1772320500000,3.813,3.821,3.803,3.805,41967.5
2026-02-28 23:30:00,1772321400000,3.805,3.819,3.797,3.806,43116.6
2026-02-28 23:45:00,1772322300000,3.806,3.818,3.806,3.808,22868.3
2026-03-01 00:00:00,1772323200000,3.808,3.822,3.804,3.81,35476.8
2026-03-01 00:15:00,1772324100000,3.81,3.821,3.806,3.809,60804.9
2026-03-01 00:30:00,1772325000000,3.809,3.813,3.795,3.808,30987.4
2026-03-01 00:45:00,1772325900000,3.808,3.815,3.803,3.804,19937.8
2026-03-01 01:00:00,1772326800000,3.804,3.806,3.771,3.781,115709.1
2026-03-01 01:15:00,1772327700000,3.781,3.807,3.774,3.8,23918.0
2026-03-01 01:30:00,1772328600000,3.8,3.837,3.792,3.833,82357.9
2026-03-01 01:45:00,1772329500000,3.833,3.923,3.833,3.888,236504.9
2026-03-01 02:00:00,1772330400000,3.888,3.967,3.885,3.965,739976.0
2026-03-01 02:15:00,1772331300000,3.965,3.974,3.925,3.926,354898.6
2026-03-01 02:30:00,1772332200000,3.926,3.944,3.911,3.938,86702.1
2026-03-01 02:45:00,1772333100000,3.938,3.944,3.898,3.899,75965.1
2026-03-01 03:00:00,1772334000000,3.899,3.911,3.887,3.887,55682.2
2026-03-01 03:15:00,1772334900000,3.887,3.895,3.868,3.878,85336.7
2026-03-01 03:30:00,1772335800000,3.878,3.879,3.859,3.879,45172.7
2026-03-01 03:45:00,1772336700000,3.879,3.883,3.843,3.855,98799.6
2026-03-01 04:00:00,1772337600000,3.855,3.864,3.832,3.832,72924.3
2026-03-01 04:15:00,1772338500000,3.832,3.842,3.813,3.828,97518.2
2026-03-01 04:30:00,1772339400000,3.828,3.841,3.823,3.838,70751.9
2026-03-01 04:45:00,1772340300000,3.838,3.84,3.829,3.833,15062.7
2026-03-01 05:00:00,1772341200000,3.833,3.837,3.817,3.818,39491.0
2026-03-01 05:15:00,1772342100000,3.818,3.834,3.817,3.827,30076.8
2026-03-01 05:30:00,1772343000000,3.827,3.839,3.827,3.831,35376.1
2026-03-01 05:45:00,1772343900000,3.831,3.834,3.823,3.823,16131.5
2026-03-01 06:00:00,1772344800000,3.823,3.824,3.78,3.797,104867.7
2026-03-01 06:15:00,1772345700000,3.797,3.824,3.796,3.811,33086.0
2026-03-01 06:30:00,1772346600000,3.811,3.813,3.794,3.81,108103.0
2026-03-01 06:45:00,1772347500000,3.81,3.823,3.792,3.797,164920.7
2026-03-01 07:00:00,1772348400000,3.797,3.8,3.769,3.794,91050.9
2026-03-01 07:15:00,1772349300000,3.794,3.8,3.786,3.795,34692.7
2026-03-01 07:30:00,1772350200000,3.795,3.817,3.788,3.809,35891.4
2026-03-01 07:45:00,1772351100000,3.809,3.813,3.804,3.809,29398.9
2026-03-01 08:00:00,1772352000000,3.809,3.813,3.793,3.809,35754.0
2026-03-01 08:15:00,1772352900000,3.809,3.81,3.791,3.795,28276.2
2026-03-01 08:30:00,1772353800000,3.795,3.828,3.789,3.822,158256.1
2026-03-01 08:45:00,1772354700000,3.822,3.825,3.767,3.783,156631.3
2026-03-01 09:00:00,1772355600000,3.783,3.799,3.767,3.794,58044.3
2026-03-01 09:15:00,1772356500000,3.794,3.812,3.794,3.799,50384.7
2026-03-01 09:30:00,1772357400000,3.799,3.801,3.769,3.784,38559.0
2026-03-01 09:45:00,1772358300000,3.784,3.788,3.773,3.778,29460.8
2026-03-01 10:00:00,1772359200000,3.778,3.782,3.751,3.772,142529.6
2026-03-01 10:15:00,1772360100000,3.772,3.776,3.762,3.773,28475.5
2026-03-01 10:30:00,1772361000000,3.773,3.796,3.77,3.774,28609.4
2026-03-01 10:45:00,1772361900000,3.774,3.783,3.77,3.781,18868.1
2026-03-01 11:00:00,1772362800000,3.781,3.784,3.774,3.778,17878.1
2026-03-01 11:15:00,1772363700000,3.778,3.785,3.771,3.775,14967.2
2026-03-01 11:30:00,1772364600000,3.775,3.777,3.741,3.755,129760.6
2026-03-01 11:45:00,1772365500000,3.755,3.765,3.743,3.761,138989.5
2026-03-01 12:00:00,1772366400000,3.761,3.767,3.754,3.759,25863.0
2026-03-01 12:15:00,1772367300000,3.759,3.772,3.758,3.76,20937.0
2026-03-01 12:30:00,1772368200000,3.76,3.766,3.746,3.755,42110.5
2026-03-01 12:45:00,1772369100000,3.755,3.756,3.733,3.742,74743.6
2026-03-01 13:00:00,1772370000000,3.742,3.754,3.739,3.748,18221.1
2026-03-01 13:15:00,1772370900000,3.748,3.754,3.729,3.744,41791.3
2026-03-01 13:30:00,1772371800000,3.744,3.745,3.732,3.74,18685.1
2026-03-01 13:45:00,1772372700000,3.74,3.827,3.736,3.801,312012.5
2026-03-01 14:00:00,1772373600000,3.801,3.832,3.789,3.808,155199.4
2026-03-01 14:15:00,1772374500000,3.808,3.813,3.785,3.792,58229.8
2026-03-01 14:30:00,1772375400000,3.792,3.804,3.76,3.766,130612.9
2026-03-01 14:45:00,1772376300000,3.766,3.781,3.764,3.777,24081.2
2026-03-01 15:00:00,1772377200000,3.777,3.795,3.774,3.795,40074.8
2026-03-01 15:15:00,1772378100000,3.795,3.809,3.788,3.792,45753.1
2026-03-01 15:30:00,1772379000000,3.792,3.816,3.792,3.812,40383.3
2026-03-01 15:45:00,1772379900000,3.812,3.812,3.778,3.78,91385.8
2026-03-01 16:00:00,1772380800000,3.78,3.813,3.769,3.805,58269.4
2026-03-01 16:15:00,1772381700000,3.805,3.827,3.799,3.826,66594.7
2026-03-01 16:30:00,1772382600000,3.826,3.827,3.807,3.809,23350.0
2026-03-01 16:45:00,1772383500000,3.809,3.81,3.739,3.771,245596.2
2026-03-01 17:00:00,1772384400000,3.771,3.774,3.749,3.765,125994.9
2026-03-01 17:15:00,1772385300000,3.765,3.765,3.712,3.741,163333.2
2026-03-01 17:30:00,1772386200000,3.741,3.755,3.737,3.747,30093.8
2026-03-01 17:45:00,1772387100000,3.747,3.755,3.736,3.738,61934.0
2026-03-01 18:00:00,1772388000000,3.738,3.8,3.737,3.785,129384.6
2026-03-01 18:15:00,1772388900000,3.785,3.798,3.775,3.778,46116.8
2026-03-01 18:30:00,1772389800000,3.778,3.78,3.764,3.77,29838.0
2026-03-01 18:45:00,1772390700000,3.77,3.778,3.758,3.762,80085.4
2026-03-01 19:00:00,1772391600000,3.762,3.766,3.752,3.752,31178.1
2026-03-01 19:15:00,1772392500000,3.752,3.756,3.741,3.745,15902.4
2026-03-01 19:30:00,1772393400000,3.745,3.76,3.727,3.732,81802.4
2026-03-01 19:45:00,1772394300000,3.732,3.741,3.725,3.729,27493.1
2026-03-01 20:00:00,1772395200000,3.729,3.735,3.699,3.706,76086.6
2026-03-01 20:15:00,1772396100000,3.706,3.716,3.695,3.696,55865.7
2026-03-01 20:30:00,1772397000000,3.696,3.703,3.664,3.675,160828.1
2026-03-01 20:45:00,1772397900000,3.675,3.691,3.672,3.686,49832.2
2026-03-01 21:00:00,1772398800000,3.686,3.709,3.685,3.707,40567.9
2026-03-01 21:15:00,1772399700000,3.707,3.72,3.703,3.72,53008.6
2026-03-01 21:30:00,1772400600000,3.72,3.723,3.709,3.716,19872.4
2026-03-01 21:45:00,1772401500000,3.716,3.725,3.716,3.717,12697.4
2026-03-01 22:00:00,1772402400000,3.717,3.784,3.716,3.759,192403.0
2026-03-01 22:15:00,1772403300000,3.759,3.77,3.735,3.739,49268.2
2026-03-01 22:30:00,1772404200000,3.739,3.746,3.707,3.737,48586.8
2026-03-01 22:45:00,1772405100000,3.737,3.737,3.715,3.721,15614.8
2026-03-01 23:00:00,1772406000000,3.721,3.774,3.712,3.752,48905.8
2026-03-01 23:15:00,1772406900000,3.752,3.754,3.725,3.728,41278.7
2026-03-01 23:30:00,1772407800000,3.728,3.75,3.728,3.747,29033.4
2026-03-01 23:45:00,1772408700000,3.747,3.755,3.734,3.743,19542.6
2026-03-02 00:00:00,1772409600000,3.743,3.766,3.74,3.76,44923.0
2026-03-02 00:15:00,1772410500000,3.76,3.774,3.753,3.762,52286.3
2026-03-02 00:30:00,1772411400000,3.762,3.794,3.759,3.794,55422.5
2026-03-02 00:45:00,1772412300000,3.794,3.807,3.78,3.785,45148.1
2026-03-02 01:00:00,1772413200000,3.785,3.852,3.783,3.838,99559.2
2026-03-02 01:15:00,1772414100000,3.838,3.845,3.811,3.816,25995.3
2026-03-02 01:30:00,1772415000000,3.816,3.832,3.812,3.812,10770.5
2026-03-02 01:45:00,1772415900000,3.812,3.822,3.8,3.815,61994.0
2026-03-02 02:00:00,1772416800000,3.815,3.825,3.772,3.787,56285.0
2026-03-02 02:15:00,1772417700000,3.787,3.804,3.781,3.8,34337.8
2026-03-02 02:30:00,1772418600000,3.8,3.828,3.796,3.812,22158.1
2026-03-02 02:45:00,1772419500000,3.812,3.815,3.798,3.804,22898.1
2026-03-02 03:00:00,1772420400000,3.804,3.817,3.789,3.812,49374.9
2026-03-02 03:15:00,1772421300000,3.812,3.846,3.81,3.843,41077.6
2026-03-02 03:30:00,1772422200000,3.843,3.846,3.822,3.826,47928.2
2026-03-02 03:45:00,1772423100000,3.826,3.842,3.825,3.834,33963.4
2026-03-02 04:00:00,1772424000000,3.834,3.837,3.823,3.826,10080.9
2026-03-02 04:15:00,1772424900000,3.826,3.832,3.808,3.827,23572.0
2026-03-02 04:30:00,1772425800000,3.827,3.831,3.812,3.82,31711.4
2026-03-02 04:45:00,1772426700000,3.82,3.82,3.805,3.815,21193.2
2026-03-02 05:00:00,1772427600000,3.815,3.818,3.794,3.806,23050.5
2026-03-02 05:15:00,1772428500000,3.806,3.823,3.806,3.819,45513.5
2026-03-02 05:30:00,1772429400000,3.819,3.847,3.819,3.846,29236.2
2026-03-02 05:45:00,1772430300000,3.846,3.847,3.823,3.828,42398.0
2026-03-02 06:00:00,1772431200000,3.828,3.83,3.811,3.819,56302.7
2026-03-02 06:15:00,1772432100000,3.819,3.821,3.767,3.794,71828.7
2026-03-02 06:30:00,1772433000000,3.794,3.8,3.789,3.794,13861.9
2026-03-02 06:45:00,1772433900000,3.794,3.795,3.772,3.78,19306.3
2026-03-02 07:00:00,1772434800000,3.78,3.78,3.736,3.747,81349.0
2026-03-02 07:15:00,1772435700000,3.747,3.764,3.736,3.761,23992.8
2026-03-02 07:30:00,1772436600000,3.761,3.774,3.757,3.767,23390.9
2026-03-02 07:45:00,1772437500000,3.767,3.769,3.758,3.761,9278.1
2026-03-02 08:00:00,1772438400000,3.761,3.762,3.727,3.753,51721.4
2026-03-02 08:15:00,1772439300000,3.753,3.756,3.712,3.72,62297.6
2026-03-02 08:30:00,1772440200000,3.72,3.748,3.719,3.747,22922.5
2026-03-02 08:45:00,1772441100000,3.747,3.805,3.747,3.785,134146.7
2026-03-02 09:00:00,1772442000000,3.785,3.814,3.78,3.802,134870.7
2026-03-02 09:15:00,1772442900000,3.802,3.82,3.794,3.796,95676.2
2026-03-02 09:30:00,1772443800000,3.796,3.81,3.795,3.803,26655.1
2026-03-02 09:45:00,1772444700000,3.803,3.803,3.789,3.79,44139.1
2026-03-02 10:00:00,1772445600000,3.79,3.804,3.783,3.789,25917.1
2026-03-02 10:15:00,1772446500000,3.789,3.792,3.778,3.787,24727.1
2026-03-02 10:30:00,1772447400000,3.787,3.79,3.773,3.781,23266.7
2026-03-02 10:45:00,1772448300000,3.781,3.788,3.771,3.788,24309.1
2026-03-02 11:00:00,1772449200000,3.788,3.788,3.764,3.767,33781.4
2026-03-02 11:15:00,1772450100000,3.767,3.784,3.763,3.774,36791.1
2026-03-02 11:30:00,1772451000000,3.774,3.781,3.77,3.776,14416.6
2026-03-02 11:45:00,1772451900000,3.776,3.789,3.772,3.775,35045.2
2026-03-02 12:00:00,1772452800000,3.775,3.781,3.771,3.777,9579.5
2026-03-02 12:15:00,1772453700000,3.777,3.778,3.758,3.773,32509.1
2026-03-02 12:30:00,1772454600000,3.773,3.776,3.758,3.764,32854.2
2026-03-02 12:45:00,1772455500000,3.764,3.771,3.758,3.761,34021.7
2026-03-02 13:00:00,1772456400000,3.761,3.766,3.75,3.759,20866.9
2026-03-02 13:15:00,1772457300000,3.759,3.782,3.754,3.759,63417.3
2026-03-02 13:30:00,1772458200000,3.759,3.773,3.752,3.763,45722.3
2026-03-02 13:45:00,1772459100000,3.763,3.764,3.735,3.748,75907.5
2026-03-02 14:00:00,1772460000000,3.748,3.774,3.741,3.769,33071.0
2026-03-02 14:15:00,1772460900000,3.769,3.778,3.754,3.767,46611.4
2026-03-02 14:30:00,1772461800000,3.767,3.84,3.765,3.838,192374.1
2026-03-02 14:45:00,1772462700000,3.838,3.888,3.829,3.877,278994.9
2026-03-02 15:00:00,1772463600000,3.877,3.966,3.871,3.958,235409.2
2026-03-02 15:15:00,1772464500000,3.958,3.985,3.941,3.973,166744.1
2026-03-02 15:30:00,1772465400000,3.973,4.002,3.94,3.993,184974.2
2026-03-02 15:45:00,1772466300000,3.993,4.036,3.961,3.981,348767.3
2026-03-02 16:00:00,1772467200000,3.981,4.027,3.964,4.025,134829.7
2026-03-02 16:15:00,1772468100000,4.025,4.044,3.989,3.995,122743.9
2026-03-02 16:30:00,1772469000000,3.995,4.014,3.948,4.008,110290.2
2026-03-02 16:45:00,1772469900000,4.008,4.025,3.984,3.984,71333.5
2026-03-02 17:00:00,1772470800000,3.984,3.987,3.947,3.954,87121.4
2026-03-02 17:15:00,1772471700000,3.954,3.963,3.932,3.947,44709.4
2026-03-02 17:30:00,1772472600000,3.947,3.95,3.891,3.896,100989.0
2026-03-02 17:45:00,1772473500000,3.896,3.936,3.891,3.935,59564.2
2026-03-02 18:00:00,1772474400000,3.935,3.935,3.9,3.931,52790.8
2026-03-02 18:15:00,1772475300000,3.931,3.931,3.909,3.914,29517.8
2026-03-02 18:30:00,1772476200000,3.914,3.927,3.908,3.922,38011.6
2026-03-02 18:45:00,1772477100000,3.922,3.936,3.908,3.916,49359.6
2026-03-02 19:00:00,1772478000000,3.916,3.918,3.885,3.904,72496.0
2026-03-02 19:15:00,1772478900000,3.904,3.919,3.901,3.919,33682.1
2026-03-02 19:30:00,1772479800000,3.919,3.953,3.913,3.935,48129.8
2026-03-02 19:45:00,1772480700000,3.935,3.947,3.934,3.938,79204.1
2026-03-02 20:00:00,1772481600000,3.938,3.959,3.896,3.912,86970.7
2026-03-02 20:15:00,1772482500000,3.912,3.924,3.906,3.918,23248.2
2026-03-02 20:30:00,1772483400000,3.918,3.937,3.913,3.933,124772.9
2026-03-02 20:45:00,1772484300000,3.933,3.943,3.92,3.92,53322.3
2026-03-02 21:00:00,1772485200000,3.92,3.923,3.899,3.922,37950.9
2026-03-02 21:15:00,1772486100000,3.922,3.927,3.909,3.92,46172.4
2026-03-02 21:30:00,1772487000000,3.92,3.934,3.913,3.933,34238.0
2026-03-02 21:45:00,1772487900000,3.933,3.938,3.922,3.928,20970.5
2026-03-02 22:00:00,1772488800000,3.928,3.955,3.928,3.946,46878.9
2026-03-02 22:15:00,1772489700000,3.946,3.969,3.938,3.965,18093.4
2026-03-02 22:30:00,1772490600000,3.965,3.972,3.952,3.957,18972.5
2026-03-02 22:45:00,1772491500000,3.957,3.967,3.953,3.962,11204.0
2026-03-02 23:00:00,1772492400000,3.962,3.963,3.935,3.943,22544.7
2026-03-02 23:15:00,1772493300000,3.943,3.951,3.924,3.926,26061.1
2026-03-02 23:30:00,1772494200000,3.926,3.926,3.905,3.911,39822.6
