Open_time,Open_time,Open,High,Low,Close,Volume
2026-01-14 00:00:00,1768348800000,616.6,618.0,614.5,614.5,1380.84
2026-01-14 00:15:00,1768349700000,614.5,615.1,612.0,612.8,1753.34
2026-01-14 00:30:00,1768350600000,612.8,612.8,610.1,612.6,1039.2
2026-01-14 00:45:00,1768351500000,612.6,613.7,611.9,612.4,630.03
2026-01-14 01:00:00,1768352400000,612.4,614.8,611.3,613.9,1219.14
2026-01-14 01:15:00,1768353300000,613.9,616.1,613.8,615.2,1374.94
2026-01-14 01:30:00,1768354200000,615.2,616.1,614.5,616.0,452.16
2026-01-14 01:45:00,1768355100000,616.0,618.2,616.0,617.4,596.62
2026-01-14 02:00:00,1768356000000,617.4,618.4,615.9,617.3,547.52
2026-01-14 02:15:00,1768356900000,617.3,617.4,614.7,615.6,1177.86
2026-01-14 02:30:00,1768357800000,615.6,615.7,613.7,614.4,529.94
2026-01-14 02:45:00,1768358700000,614.4,614.8,612.7,613.8,566.86
2026-01-14 03:00:00,1768359600000,613.8,615.2,612.9,615.0,573.98
2026-01-14 03:15:00,1768360500000,615.0,617.8,614.7,617.5,977.18
2026-01-14 03:30:00,1768361400000,617.5,618.8,617.3,617.7,489.93
2026-01-14 03:45:00,1768362300000,617.7,618.5,617.4,618.4,409.89
2026-01-14 04:00:00,1768363200000,618.4,618.8,615.4,616.8,679.02
2026-01-14 04:15:00,1768364100000,616.8,618.3,616.1,617.7,377.82
2026-01-14 04:30:00,1768365000000,617.7,618.6,616.3,616.3,376.5
2026-01-14 04:45:00,1768365900000,616.3,616.5,614.8,615.7,394.22
2026-01-14 05:00:00,1768366800000,615.7,616.7,614.6,616.7,334.6
2026-01-14 05:15:00,1768367700000,616.7,618.1,615.6,616.3,528.67
2026-01-14 05:30:00,1768368600000,616.3,616.8,613.7,613.9,700.82
2026-01-14 05:45:00,1768369500000,613.9,615.0,613.8,614.5,466.71
2026-01-14 06:00:00,1768370400000,614.5,614.5,612.0,613.7,1166.7
2026-01-14 06:15:00,1768371300000,613.7,614.0,612.2,612.6,299.74
2026-01-14 06:30:00,1768372200000,612.6,614.7,612.3,613.9,493.87
2026-01-14 06:45:00,1768373100000,613.9,614.4,613.3,614.3,152.32
2026-01-14 07:00:00,1768374000000,614.3,616.0,614.2,614.4,419.37
2026-01-14 07:15:00,1768374900000,614.4,615.1,613.3,613.5,191.16
2026-01-14 07:30:00,1768375800000,613.5,614.5,613.3,614.5,97.16
2026-01-14 07:45:00,1768376700000,614.5,614.8,613.5,613.9,206.15
2026-01-14 08:00:00,1768377600000,613.9,615.4,613.3,614.9,227.42
2026-01-14 08:15:00,1768378500000,614.9,615.2,613.3,613.3,177.51
2026-01-14 08:30:00,1768379400000,613.3,614.0,600.1,604.9,9492.49
2026-01-14 08:45:00,1768380300000,604.9,606.2,595.3,601.0,10239.11
2026-01-14 09:00:00,1768381200000,601.0,603.0,598.9,602.6,3149.37
2026-01-14 09:15:00,1768382100000,602.6,603.9,601.4,603.7,2169.22
2026-01-14 09:30:00,1768383000000,603.7,604.5,602.0,602.9,811.73
2026-01-14 09:45:00,1768383900000,602.9,603.4,600.7,602.6,966.56
2026-01-14 10:00:00,1768384800000,602.6,604.6,602.2,604.4,785.2
2026-01-14 10:15:00,1768385700000,604.4,604.8,602.7,603.8,931.53
2026-01-14 10:30:00,1768386600000,603.8,604.6,602.3,602.9,814.48
2026-01-14 10:45:00,1768387500000,602.9,603.1,602.1,602.5,409.19
2026-01-14 11:00:00,1768388400000,602.5,603.5,601.1,603.1,1000.8
2026-01-14 11:15:00,1768389300000,603.1,603.6,602.1,603.0,510.81
2026-01-14 11:30:00,1768390200000,603.0,603.0,599.3,600.3,1715.92
2026-01-14 11:45:00,1768391100000,600.3,601.3,598.3,599.2,1298.62
2026-01-14 12:00:00,1768392000000,599.2,601.3,598.5,601.1,591.78
2026-01-14 12:15:00,1768392900000,601.1,602.8,601.1,601.6,1237.83
2026-01-14 12:30:00,1768393800000,601.6,602.2,601.0,601.3,516.5
2026-01-14 12:45:00,1768394700000,601.3,601.4,599.7,599.7,477.4
2026-01-14 13:00:00,1768395600000,599.7,600.2,597.1,599.1,1808.16
2026-01-14 13:15:00,1768396500000,599.1,600.4,591.5,595.5,4034.86
2026-01-14 13:30:00,1768397400000,595.5,600.2,595.1,599.8,1694.57
2026-01-14 13:45:00,1768398300000,599.8,599.8,598.3,599.7,1410.48
2026-01-14 14:00:00,1768399200000,599.7,604.5,599.1,602.0,2422.81
2026-01-14 14:15:00,1768400100000,602.0,605.9,601.7,604.7,3049.05
2026-01-14 14:30:00,1768401000000,604.7,606.5,602.7,606.1,1735.36
2026-01-14 14:45:00,1768401900000,606.1,609.0,605.2,605.4,3026.64
2026-01-14 15:00:00,1768402800000,605.4,608.9,603.9,608.2,2480.57
2026-01-14 15:15:00,1768403700000,608.2,608.7,606.9,606.9,2053.76
2026-01-14 15:30:00,1768404600000,606.9,607.7,604.1,604.6,961.94
2026-01-14 15:45:00,1768405500000,604.6,607.2,604.6,607.2,1389.27
2026-01-14 16:00:00,1768406400000,607.2,608.6,606.3,608.1,1539.87
2026-01-14 16:15:00,1768407300000,608.1,610.3,607.2,609.7,2216.06
2026-01-14 16:30:00,1768408200000,609.7,612.2,605.7,607.6,4744.01
2026-01-14 16:45:00,1768409100000,607.6,607.9,601.3,603.6,3868.29
2026-01-14 17:00:00,1768410000000,603.6,606.6,603.5,605.9,2309.6
2026-01-14 17:15:00,1768410900000,605.9,606.9,604.4,604.8,972.75
2026-01-14 17:30:00,1768411800000,604.8,605.0,602.4,604.6,729.29
2026-01-14 17:45:00,1768412700000,604.6,605.1,602.2,602.8,544.85
2026-01-14 18:00:00,1768413600000,602.8,603.0,601.6,603.0,703.7
2026-01-14 18:15:00,1768414500000,603.0,604.7,602.2,604.5,960.19
2026-01-14 18:30:00,1768415400000,604.5,604.8,600.8,601.7,1277.15
2026-01-14 18:45:00,1768416300000,601.7,603.5,601.3,602.9,518.98
2026-01-14 19:00:00,1768417200000,602.9,606.6,602.5,604.7,1426.79
2026-01-14 19:15:00,1768418100000,604.7,606.8,604.6,606.8,678.01
2026-01-14 19:30:00,1768419000000,606.8,607.4,604.0,605.2,342.68
2026-01-14 19:45:00,1768419900000,605.2,605.8,603.8,603.9,337.44
2026-01-14 20:00:00,1768420800000,603.9,605.7,603.7,604.2,560.85
2026-01-14 20:15:00,1768421700000,604.2,604.2,602.1,602.8,383.88
2026-01-14 20:30:00,1768422600000,602.8,603.4,602.2,602.4,527.73
2026-01-14 20:45:00,1768423500000,602.4,602.7,601.7,602.6,333.27
2026-01-14 21:00:00,1768424400000,602.6,603.1,602.1,602.3,454.74
2026-01-14 21:15:00,1768425300000,602.3,603.0,602.0,602.4,180.79
2026-01-14 21:30:00,1768426200000,602.4,602.5,601.3,601.4,268.04
2026-01-14 21:45:00,1768427100000,601.4,602.0,600.9,602.0,412.7
2026-01-14 22:00:00,1768428000000,602.0,602.1,598.8,599.9,2679.49
2026-01-14 22:15:00,1768428900000,599.9,601.5,596.2,599.0,2860.31
2026-01-14 22:30:00,1768429800000,599.0,599.1,597.6,598.5,691.9
2026-01-14 22:45:00,1768430700000,598.5,600.0,595.4,596.6,3705.07
2026-01-14 23:00:00,1768431600000,596.6,598.7,595.9,598.7,545.05
2026-01-14 23:15:00,1768432500000,598.7,599.7,595.7,595.7,814.73
2026-01-14 23:30:00,1768433400000,595.7,596.5,595.0,596.3,1238.58
2026-01-14 23:45:00,1768434300000,596.3,597.8,596.1,597.0,458.11
2026-01-15 00:00:00,1768435200000,597.0,598.2,596.9,597.6,554.38
2026-01-15 00:15:00,1768436100000,597.6,597.9,595.1,595.7,773.34
2026-01-15 00:30:00,1768437000000,595.7,596.1,593.1,595.0,1811.52
2026-01-15 00:45:00,1768437900000,595.0,595.0,589.5,591.4,4080.21
2026-01-15 01:00:00,1768438800000,591.4,593.4,591.2,592.4,1088.86
2026-01-15 01:15:00,1768439700000,592.4,593.0,590.1,590.4,1339.02
2026-01-15 01:30:00,1768440600000,590.4,599.1,585.6,597.9,9031.59
2026-01-15 01:45:00,1768441500000,597.9,600.1,597.8,599.6,852.19
2026-01-15 02:00:00,1768442400000,599.6,599.8,598.2,599.8,917.26
2026-01-15 02:15:00,1768443300000,599.8,600.6,598.0,598.4,1334.94
2026-01-15 02:30:00,1768444200000,598.4,598.9,597.7,598.3,1579.62
2026-01-15 02:45:00,1768445100000,598.3,599.4,597.4,598.7,1220.37
2026-01-15 03:00:00,1768446000000,598.7,599.1,598.2,598.7,255.85
2026-01-15 03:15:00,1768446900000,598.7,598.8,597.2,598.0,721.09
2026-01-15 03:30:00,1768447800000,598.0,599.5,597.9,599.3,767.61
2026-01-15 03:45:00,1768448700000,599.3,600.4,599.1,599.1,1116.25
2026-01-15 04:00:00,1768449600000,599.1,599.1,598.3,599.1,289.91
2026-01-15 04:15:00,1768450500000,599.1,616.9,598.8,612.5,9444.66
2026-01-15 04:30:00,1768451400000,612.5,622.9,611.3,617.3,7103.89
2026-01-15 04:45:00,1768452300000,617.3,624.0,615.5,618.1,3961.51
2026-01-15 05:00:00,1768453200000,618.1,619.5,616.1,617.0,1592.31
2026-01-15 05:15:00,1768454100000,617.0,617.6,615.3,616.2,985.38
2026-01-15 05:30:00,1768455000000,616.2,616.6,613.1,613.2,857.09
2026-01-15 05:45:00,1768455900000,613.2,614.6,612.5,614.0,602.29
2026-01-15 06:00:00,1768456800000,614.0,614.3,607.7,611.2,2601.58
2026-01-15 06:15:00,1768457700000,611.2,612.5,610.8,612.2,371.27
2026-01-15 06:30:00,1768458600000,612.2,613.3,610.9,611.0,665.59
2026-01-15 06:45:00,1768459500000,611.0,611.0,607.1,609.6,1474.4
2026-01-15 07:00:00,1768460400000,609.6,611.5,609.1,611.0,470.71
2026-01-15 07:15:00,1768461300000,611.0,612.8,611.0,612.1,480.85
2026-01-15 07:30:00,1768462200000,612.1,613.6,612.0,612.4,452.38
2026-01-15 07:45:00,1768463100000,612.4,613.9,609.3,611.0,1609.66
2026-01-15 08:00:00,1768464000000,611.0,614.1,610.3,611.9,1127.8
2026-01-15 08:15:00,1768464900000,611.9,612.4,610.6,610.8,621.11
2026-01-15 08:30:00,1768465800000,610.8,612.0,610.2,611.4,438.73
2026-01-15 08:45:00,1768466700000,611.4,614.7,611.4,613.8,358.66
2026-01-15 09:00:00,1768467600000,613.8,614.0,611.9,612.6,601.45
2026-01-15 09:15:00,1768468500000,612.6,614.8,612.4,614.5,534.93
2026-01-15 09:30:00,1768469400000,614.5,619.8,614.3,619.8,1599.69
2026-01-15 09:45:00,1768470300000,619.8,629.3,615.1,624.2,8627.93
2026-01-15 10:00:00,1768471200000,624.2,628.6,624.0,626.2,2564.82
2026-01-15 10:15:00,1768472100000,626.2,626.9,621.5,622.4,2884.53
2026-01-15 10:30:00,1768473000000,622.4,625.7,621.0,625.2,2367.3
2026-01-15 10:45:00,1768473900000,625.2,628.7,624.7,625.4,1796.35
2026-01-15 11:00:00,1768474800000,625.4,627.9,624.3,627.4,703.13
2026-01-15 11:15:00,1768475700000,627.4,629.0,624.1,624.1,2018.62
2026-01-15 11:30:00,1768476600000,624.1,624.4,621.2,622.7,1716.35
2026-01-15 11:45:00,1768477500000,622.7,623.2,621.2,621.5,381.69
2026-01-15 12:00:00,1768478400000,621.5,623.5,621.3,623.2,513.45
2026-01-15 12:15:00,1768479300000,623.2,623.2,620.6,620.7,477.24
2026-01-15 12:30:00,1768480200000,620.7,620.9,616.9,618.6,2672.89
2026-01-15 12:45:00,1768481100000,618.6,619.5,616.8,617.2,562.41
2026-01-15 13:00:00,1768482000000,617.2,617.8,615.1,616.5,1126.48
2026-01-15 13:15:00,1768482900000,616.5,617.4,613.6,614.5,1694.48
2026-01-15 13:30:00,1768483800000,614.5,614.5,610.5,613.3,2427.57
2026-01-15 13:45:00,1768484700000,613.3,616.0,612.0,612.0,1927.0
2026-01-15 14:00:00,1768485600000,612.0,612.9,610.8,611.3,1160.59
2026-01-15 14:15:00,1768486500000,611.3,611.6,608.5,608.8,1428.49
2026-01-15 14:30:00,1768487400000,608.8,610.0,603.6,603.7,3988.14
2026-01-15 14:45:00,1768488300000,603.7,608.3,602.3,604.5,1871.48
2026-01-15 15:00:00,1768489200000,604.5,606.0,601.1,602.5,1619.39
2026-01-15 15:15:00,1768490100000,602.5,603.9,598.7,599.3,1706.54
2026-01-15 15:30:00,1768491000000,599.3,600.4,598.0,599.1,1802.68
2026-01-15 15:45:00,1768491900000,599.1,601.2,595.6,600.9,3718.08
2026-01-15 16:00:00,1768492800000,600.9,602.3,594.6,595.0,2535.81
2026-01-15 16:15:00,1768493700000,595.0,597.1,591.4,592.1,2303.89
2026-01-15 16:30:00,1768494600000,592.1,593.6,591.2,592.2,1466.8
2026-01-15 16:45:00,1768495500000,592.2,594.2,591.3,591.9,1878.78
2026-01-15 17:00:00,1768496400000,591.9,594.1,586.8,587.2,3472.15
2026-01-15 17:15:00,1768497300000,587.2,594.6,580.8,591.5,9980.19
2026-01-15 17:30:00,1768498200000,591.5,594.6,591.1,592.0,1928.27
2026-01-15 17:45:00,1768499100000,592.0,593.9,587.0,587.9,2689.74
2026-01-15 18:00:00,1768500000000,587.9,589.2,583.7,585.4,1808.64
2026-01-15 18:15:00,1768500900000,585.4,586.5,585.2,585.6,798.57
2026-01-15 18:30:00,1768501800000,585.6,586.8,577.4,581.5,6729.04
2026-01-15 18:45:00,1768502700000,581.5,581.7,578.3,579.0,1369.22
2026-01-15 19:00:00,1768503600000,579.0,579.9,574.1,574.9,2618.73
2026-01-15 19:15:00,1768504500000,574.9,581.0,574.5,579.1,3453.91
2026-01-15 19:30:00,1768505400000,579.1,581.8,577.9,580.5,1689.09
2026-01-15 19:45:00,1768506300000,580.5,582.7,580.1,581.5,455.4
2026-01-15 20:00:00,1768507200000,581.5,583.6,581.1,582.7,1004.95
2026-01-15 20:15:00,1768508100000,582.7,583.1,579.0,579.2,946.19
2026-01-15 20:30:00,1768509000000,579.2,582.1,579.2,581.0,555.27
2026-01-15 20:45:00,1768509900000,581.0,581.9,579.8,580.8,477.09
2026-01-15 21:00:00,1768510800000,580.8,584.1,580.5,584.1,698.2
2026-01-15 21:15:00,1768511700000,584.1,585.3,583.9,584.4,498.62
2026-01-15 21:30:00,1768512600000,584.4,585.1,583.7,584.8,391.01
2026-01-15 21:45:00,1768513500000,584.8,585.4,584.0,584.3,483.4
2026-01-15 22:00:00,1768514400000,584.3,586.4,584.0,585.4,923.35
2026-01-15 22:15:00,1768515300000,585.4,586.5,585.0,586.3,309.75
2026-01-15 22:30:00,1768516200000,586.3,586.5,583.4,583.5,398.26
2026-01-15 22:45:00,1768517100000,583.5,585.7,583.0,585.5,385.37
2026-01-15 23:00:00,1768518000000,585.5,588.3,584.4,588.1,569.17
2026-01-15 23:15:00,1768518900000,588.1,590.2,587.9,589.3,1270.99
2026-01-15 23:30:00,1768519800000,589.3,590.9,589.3,589.5,438.04
2026-01-15 23:45:00,1768520700000,589.5,593.3,589.5,590.2,1131.31
2026-01-16 00:00:00,1768521600000,590.2,593.4,589.8,592.3,795.06
2026-01-16 00:15:00,1768522500000,592.3,592.3,589.4,589.9,396.43
2026-01-16 00:30:00,1768523400000,589.9,592.1,589.4,590.7,589.86
2026-01-16 00:45:00,1768524300000,590.7,593.2,590.2,591.6,526.86
2026-01-16 01:00:00,1768525200000,591.6,591.7,589.2,589.9,425.71
2026-01-16 01:15:00,1768526100000,589.9,590.6,589.3,590.5,194.56
2026-01-16 01:30:00,1768527000000,590.5,591.1,589.2,589.6,383.0
2026-01-16 01:45:00,1768527900000,589.6,590.8,589.6,590.5,207.46
2026-01-16 02:00:00,1768528800000,590.5,592.1,590.1,591.7,392.23
2026-01-16 02:15:00,1768529700000,591.7,593.2,590.7,592.9,788.55
2026-01-16 02:30:00,1768530600000,592.9,593.9,589.3,590.8,1081.59
2026-01-16 02:45:00,1768531500000,590.8,598.3,590.4,597.9,2132.25
2026-01-16 03:00:00,1768532400000,597.9,598.3,594.3,594.8,1108.43
2026-01-16 03:15:00,1768533300000,594.8,595.4,593.8,595.0,317.65
2026-01-16 03:30:00,1768534200000,595.0,595.1,592.7,594.5,383.71
2026-01-16 03:45:00,1768535100000,594.5,594.5,592.5,593.1,512.47
2026-01-16 04:00:00,1768536000000,593.1,594.4,593.1,594.4,210.49
2026-01-16 04:15:00,1768536900000,594.4,594.7,593.5,593.5,145.36
2026-01-16 04:30:00,1768537800000,593.5,593.5,591.7,592.5,410.54
2026-01-16 04:45:00,1768538700000,592.5,593.4,591.2,592.3,492.97
2026-01-16 05:00:00,1768539600000,592.3,593.1,591.4,592.1,793.28
2026-01-16 05:15:00,1768540500000,592.1,597.9,590.9,597.7,1442.28
2026-01-16 05:30:00,1768541400000,597.7,602.0,597.5,600.9,3230.81
2026-01-16 05:45:00,1768542300000,600.9,601.4,598.3,599.1,1763.26
2026-01-16 06:00:00,1768543200000,599.1,600.0,598.8,599.0,530.13
2026-01-16 06:15:00,1768544100000,599.0,600.4,598.9,600.1,581.14
2026-01-16 06:30:00,1768545000000,600.1,601.8,599.8,601.5,985.85
2026-01-16 06:45:00,1768545900000,601.5,601.5,598.8,599.2,680.41
2026-01-16 07:00:00,1768546800000,599.2,600.0,599.0,599.1,241.06
2026-01-16 07:15:00,1768547700000,599.1,599.4,597.7,598.6,2011.15
2026-01-16 07:30:00,1768548600000,598.6,599.7,598.4,599.0,642.77
2026-01-16 07:45:00,1768549500000,599.0,601.1,599.0,600.6,437.13
2026-01-16 08:00:00,1768550400000,600.6,600.6,598.1,598.6,334.05
2026-01-16 08:15:00,1768551300000,598.6,599.6,596.4,599.4,480.85
2026-01-16 08:30:00,1768552200000,599.4,599.6,598.8,599.4,155.77
2026-01-16 08:45:00,1768553100000,599.4,600.3,598.9,599.2,266.93
2026-01-16 09:00:00,1768554000000,599.2,599.9,598.7,599.2,249.42
2026-01-16 09:15:00,1768554900000,599.2,599.9,599.0,599.9,137.01
2026-01-16 09:30:00,1768555800000,599.9,600.0,599.2,599.5,186.79
2026-01-16 09:45:00,1768556700000,599.5,599.8,599.0,599.5,194.71
2026-01-16 10:00:00,1768557600000,599.5,600.0,599.2,599.4,247.13
2026-01-16 10:15:00,1768558500000,599.4,599.4,597.6,598.8,1838.19
2026-01-16 10:30:00,1768559400000,598.8,599.2,598.8,599.0,328.6
2026-01-16 10:45:00,1768560300000,599.0,601.2,598.9,600.6,886.88
2026-01-16 11:00:00,1768561200000,600.6,600.6,598.4,598.7,2021.1
2026-01-16 11:15:00,1768562100000,598.7,599.8,598.7,599.1,378.85
2026-01-16 11:30:00,1768563000000,599.1,599.4,598.9,598.9,80.92
2026-01-16 11:45:00,1768563900000,598.9,599.4,598.7,599.4,353.13
2026-01-16 12:00:00,1768564800000,599.4,599.9,598.8,599.1,415.48
2026-01-16 12:15:00,1768565700000,599.1,599.6,598.9,599.5,184.4
2026-01-16 12:30:00,1768566600000,599.5,599.6,598.9,599.2,281.21
2026-01-16 12:45:00,1768567500000,599.2,599.6,598.9,599.4,221.55
2026-01-16 13:00:00,1768568400000,599.4,599.9,598.8,599.8,144.59
2026-01-16 13:15:00,1768569300000,599.8,600.8,599.8,600.4,445.73
2026-01-16 13:30:00,1768570200000,600.4,600.6,598.6,599.0,375.05
2026-01-16 13:45:00,1768571100000,599.0,599.1,598.6,599.1,198.75
2026-01-16 14:00:00,1768572000000,599.1,599.6,598.8,599.0,191.2
2026-01-16 14:15:00,1768572900000,599.0,599.4,598.7,599.3,208.57
2026-01-16 14:30:00,1768573800000,599.3,599.6,598.7,599.0,392.05
2026-01-16 14:45:00,1768574700000,599.0,600.0,598.6,599.0,609.48
2026-01-16 15:00:00,1768575600000,599.0,600.1,598.7,599.0,416.6
2026-01-16 15:15:00,1768576500000,599.0,599.8,596.6,598.9,2052.32
2026-01-16 15:30:00,1768577400000,598.9,600.0,594.1,599.7,3311.49
2026-01-16 15:45:00,1768578300000,599.7,601.4,598.0,599.2,1591.21
2026-01-16 16:00:00,1768579200000,599.2,602.2,599.0,602.0,1219.37
2026-01-16 16:15:00,1768580100000,602.0,605.4,600.6,603.6,5010.69
2026-01-16 16:30:00,1768581000000,603.6,606.7,602.5,605.3,2131.1
2026-01-16 16:45:00,1768581900000,605.3,605.8,602.0,602.5,1332.81
2026-01-16 17:00:00,1768582800000,602.5,604.3,601.4,604.3,1248.55
2026-01-16 17:15:00,1768583700000,604.3,605.2,602.5,603.3,1074.28
2026-01-16 17:30:00,1768584600000,603.3,604.3,599.9,601.9,1497.8
2026-01-16 17:45:00,1768585500000,601.9,602.8,601.1,602.7,383.23
2026-01-16 18:00:00,1768586400000,602.7,602.9,601.2,602.3,325.75
2026-01-16 18:15:00,1768587300000,602.3,603.8,602.2,603.5,322.0
2026-01-16 18:30:00,1768588200000,603.5,604.1,602.2,603.6,865.25
2026-01-16 18:45:00,1768589100000,603.6,604.2,601.3,601.6,993.52
2026-01-16 19:00:00,1768590000000,601.6,602.2,599.4,599.6,1322.77
2026-01-16 19:15:00,1768590900000,599.6,599.8,597.8,599.0,2556.3
2026-01-16 19:30:00,1768591800000,599.0,599.3,597.0,598.8,646.12
2026-01-16 19:45:00,1768592700000,598.8,600.5,598.8,600.3,156.79
2026-01-16 20:00:00,1768593600000,600.3,600.4,598.8,599.6,491.83
2026-01-16 20:15:00,1768594500000,599.6,600.8,598.8,600.8,352.5
2026-01-16 20:30:00,1768595400000,600.8,601.9,599.8,599.8,303.66
2026-01-16 20:45:00,1768596300000,599.8,599.8,598.6,599.1,392.92
2026-01-16 21:00:00,1768597200000,599.1,599.8,598.2,599.0,585.73
2026-01-16 21:15:00,1768598100000,599.0,600.1,598.6,600.0,454.73
2026-01-16 21:30:00,1768599000000,600.0,600.0,599.0,599.4,229.95
2026-01-16 21:45:00,1768599900000,599.4,599.4,598.8,598.9,153.35
2026-01-16 22:00:00,1768600800000,598.9,600.0,598.7,599.4,617.31
2026-01-16 22:15:00,1768601700000,599.4,599.7,598.9,599.1,125.66
2026-01-16 22:30:00,1768602600000,599.1,599.7,598.7,599.6,303.41
2026-01-16 22:45:00,1768603500000,599.6,602.0,599.6,601.8,321.86
2026-01-16 23:00:00,1768604400000,601.8,601.8,600.2,600.8,204.48
2026-01-16 23:15:00,1768605300000,600.8,600.8,599.4,599.7,229.46
2026-01-16 23:30:00,1768606200000,599.7,600.1,598.4,598.9,609.68
2026-01-16 23:45:00,1768607100000,598.9,599.8,598.7,598.8,507.26
2026-01-17 00:00:00,1768608000000,598.8,599.8,598.5,599.4,467.14
2026-01-17 00:15:00,1768608900000,599.4,602.1,599.3,600.9,620.71
2026-01-17 00:30:00,1768609800000,600.9,601.0,599.7,599.7,292.87
2026-01-17 00:45:00,1768610700000,599.7,599.7,597.8,599.2,620.07
2026-01-17 01:00:00,1768611600000,599.2,599.3,598.8,599.0,72.39
2026-01-17 01:15:00,1768612500000,599.0,599.3,598.3,599.0,404.64
2026-01-17 01:30:00,1768613400000,599.0,599.2,598.8,598.9,67.39
2026-01-17 01:45:00,1768614300000,598.9,599.1,598.9,598.9,41.01
2026-01-17 02:00:00,1768615200000,598.9,599.3,598.7,599.0,266.83
2026-01-17 02:15:00,1768616100000,599.0,599.1,598.8,599.0,195.48
2026-01-17 02:30:00,1768617000000,599.0,599.4,598.8,599.0,142.52
2026-01-17 02:45:00,1768617900000,599.0,599.2,598.9,598.9,50.76
2026-01-17 03:00:00,1768618800000,598.9,599.7,598.8,599.0,228.36
2026-01-17 03:15:00,1768619700000,599.0,599.1,598.7,599.1,97.13
2026-01-17 03:30:00,1768620600000,599.1,599.1,598.8,598.9,52.17
2026-01-17 03:45:00,1768621500000,598.9,599.2,595.5,595.9,966.72
2026-01-17 04:00:00,1768622400000,595.9,596.0,592.3,593.7,1486.34
2026-01-17 04:15:00,1768623300000,593.7,593.9,589.7,591.1,2390.0
2026-01-17 04:30:00,1768624200000,591.1,591.5,588.6,589.1,828.21
2026-01-17 04:45:00,1768625100000,589.1,593.8,588.9,592.7,779.16
2026-01-17 05:00:00,1768626000000,592.7,593.7,592.7,593.1,320.66
2026-01-17 05:15:00,1768626900000,593.1,593.2,592.3,592.6,246.4
2026-01-17 05:30:00,1768627800000,592.6,592.9,591.3,592.8,164.89
2026-01-17 05:45:00,1768628700000,592.8,594.9,592.4,594.6,480.97
2026-01-17 06:00:00,1768629600000,594.6,594.6,593.3,594.0,282.58
2026-01-17 06:15:00,1768630500000,594.0,594.4,592.0,592.1,563.25
2026-01-17 06:30:00,1768631400000,592.1,594.3,592.1,593.5,313.3
2026-01-17 06:45:00,1768632300000,593.5,594.0,593.1,593.1,90.47
2026-01-17 07:00:00,1768633200000,593.1,593.5,591.7,592.1,184.81
2026-01-17 07:15:00,1768634100000,592.1,593.1,591.7,593.1,201.89
2026-01-17 07:30:00,1768635000000,593.1,593.8,593.0,593.3,176.44
2026-01-17 07:45:00,1768635900000,593.3,593.4,592.0,592.1,105.54
2026-01-17 08:00:00,1768636800000,592.1,593.9,591.8,593.8,448.64
2026-01-17 08:15:00,1768637700000,593.8,593.8,592.7,593.1,134.77
2026-01-17 08:30:00,1768638600000,593.1,593.3,591.6,591.6,108.92
2026-01-17 08:45:00,1768639500000,591.6,594.2,591.5,594.2,781.96
2026-01-17 09:00:00,1768640400000,594.2,595.8,593.5,593.6,973.5
2026-01-17 09:15:00,1768641300000,593.6,594.8,593.5,594.7,320.57
2026-01-17 09:30:00,1768642200000,594.7,596.5,594.7,595.9,588.7
2026-01-17 09:45:00,1768643100000,595.9,596.6,595.9,596.3,229.27
2026-01-17 10:00:00,1768644000000,596.3,596.7,595.9,596.3,177.31
2026-01-17 10:15:00,1768644900000,596.3,596.7,595.7,596.0,133.73
2026-01-17 10:30:00,1768645800000,596.0,596.0,594.4,595.0,260.67
2026-01-17 10:45:00,1768646700000,595.0,595.0,594.4,594.6,87.98
2026-01-17 11:00:00,1768647600000,594.6,595.1,593.9,595.0,180.85
2026-01-17 11:15:00,1768648500000,595.0,595.1,594.7,594.7,106.04
2026-01-17 11:30:00,1768649400000,594.7,595.1,594.3,594.3,65.29
2026-01-17 11:45:00,1768650300000,594.3,595.4,594.2,595.3,94.62
2026-01-17 12:00:00,1768651200000,595.3,600.2,594.5,597.0,1166.95
2026-01-17 12:15:00,1768652100000,597.0,597.5,596.0,596.4,244.16
2026-01-17 12:30:00,1768653000000,596.4,597.4,595.3,595.7,304.53
2026-01-17 12:45:00,1768653900000,595.7,597.1,595.4,597.0,420.11
2026-01-17 13:00:00,1768654800000,597.0,597.1,596.4,596.5,171.37
2026-01-17 13:15:00,1768655700000,596.5,597.5,596.3,597.4,150.07
2026-01-17 13:30:00,1768656600000,597.4,598.2,596.8,597.9,299.54
2026-01-17 13:45:00,1768657500000,597.9,598.0,597.5,597.6,115.07
2026-01-17 14:00:00,1768658400000,597.6,597.6,596.2,597.1,330.91
2026-01-17 14:15:00,1768659300000,597.1,599.7,596.2,597.7,565.73
2026-01-17 14:30:00,1768660200000,597.7,598.0,596.6,596.6,161.53
2026-01-17 14:45:00,1768661100000,596.6,597.3,596.4,597.3,196.24
2026-01-17 15:00:00,1768662000000,597.3,597.3,596.5,597.1,229.11
2026-01-17 15:15:00,1768662900000,597.1,598.2,596.7,597.6,325.56
2026-01-17 15:30:00,1768663800000,597.6,597.6,596.3,597.3,287.67
2026-01-17 15:45:00,1768664700000,597.3,597.8,596.8,597.6,440.18
2026-01-17 16:00:00,1768665600000,597.6,597.6,595.6,596.1,874.29
2026-01-17 16:15:00,1768666500000,596.1,596.2,593.3,594.4,564.17
2026-01-17 16:30:00,1768667400000,594.4,594.4,593.0,593.9,275.99
2026-01-17 16:45:00,1768668300000,593.9,593.9,592.6,592.8,287.83
2026-01-17 17:00:00,1768669200000,592.8,593.8,592.1,593.4,288.2
2026-01-17 17:15:00,1768670100000,593.4,593.7,592.1,592.2,264.4
2026-01-17 17:30:00,1768671000000,592.2,593.0,592.2,592.6,71.66
2026-01-17 17:45:00,1768671900000,592.6,592.6,591.7,592.6,270.66
2026-01-17 18:00:00,1768672800000,592.6,593.1,592.1,593.1,137.11
2026-01-17 18:15:00,1768673700000,593.1,594.2,593.1,593.9,138.71
2026-01-17 18:30:00,1768674600000,593.9,594.2,593.3,594.1,112.24
2026-01-17 18:45:00,1768675500000,594.1,594.1,593.0,593.7,98.24
2026-01-17 19:00:00,1768676400000,593.7,593.7,592.6,593.0,217.39
2026-01-17 19:15:00,1768677300000,593.0,593.1,592.6,593.0,36.91
2026-01-17 19:30:00,1768678200000,593.0,593.9,592.7,593.2,211.48
2026-01-17 19:45:00,1768679100000,593.2,593.3,592.5,593.3,92.51
2026-01-17 20:00:00,1768680000000,593.3,593.8,593.3,593.8,42.2
2026-01-17 20:15:00,1768680900000,593.8,594.0,593.5,593.6,62.87
2026-01-17 20:30:00,1768681800000,593.6,593.6,593.2,593.5,77.45
2026-01-17 20:45:00,1768682700000,593.5,593.6,593.2,593.3,40.21
2026-01-17 21:00:00,1768683600000,593.3,593.5,593.0,593.2,133.83
2026-01-17 21:15:00,1768684500000,593.2,593.7,593.1,593.6,68.8
2026-01-17 21:30:00,1768685400000,593.6,594.0,593.3,593.9,87.76
2026-01-17 21:45:00,1768686300000,593.9,594.3,593.7,594.0,32.82
2026-01-17 22:00:00,1768687200000,594.0,594.0,592.3,592.3,482.5
2026-01-17 22:15:00,1768688100000,592.3,592.8,592.3,592.7,78.42
2026-01-17 22:30:00,1768689000000,592.7,592.7,590.8,592.0,399.86
2026-01-17 22:45:00,1768689900000,592.0,592.9,591.1,592.7,112.01
2026-01-17 23:00:00,1768690800000,592.7,593.3,591.9,593.3,102.93
2026-01-17 23:15:00,1768691700000,593.3,593.5,592.7,593.0,91.0
2026-01-17 23:30:00,1768692600000,593.0,593.8,592.9,593.8,81.02
2026-01-17 23:45:00,1768693500000,593.8,593.8,593.3,593.5,76.2
2026-01-18 00:00:00,1768694400000,593.5,593.7,592.7,592.9,179.67
2026-01-18 00:15:00,1768695300000,592.9,593.4,591.8,592.4,562.12
2026-01-18 00:30:00,1768696200000,592.4,594.2,591.8,592.7,773.2
2026-01-18 00:45:00,1768697100000,592.7,593.0,592.3,593.0,82.94
2026-01-18 01:00:00,1768698000000,593.0,593.2,592.2,592.5,374.04
2026-01-18 01:15:00,1768698900000,592.5,593.4,592.2,592.6,184.92
2026-01-18 01:30:00,1768699800000,592.6,592.8,590.7,590.8,246.17
2026-01-18 01:45:00,1768700700000,590.8,591.2,590.2,591.0,377.3
2026-01-18 02:00:00,1768701600000,591.0,591.8,591.0,591.3,131.55
2026-01-18 02:15:00,1768702500000,591.3,592.4,591.0,592.1,380.41
2026-01-18 02:30:00,1768703400000,592.1,592.2,591.3,591.5,192.33
2026-01-18 02:45:00,1768704300000,591.5,591.8,590.7,591.6,159.73
2026-01-18 03:00:00,1768705200000,591.6,593.1,591.6,592.9,134.86
2026-01-18 03:15:00,1768706100000,592.9,593.7,592.9,593.6,206.68
2026-01-18 03:30:00,1768707000000,593.6,594.9,593.5,594.7,301.32
2026-01-18 03:45:00,1768707900000,594.7,595.4,594.0,594.5,310.68
2026-01-18 04:00:00,1768708800000,594.5,594.6,593.6,594.4,108.69
2026-01-18 04:15:00,1768709700000,594.4,594.7,593.9,594.0,126.93
2026-01-18 04:30:00,1768710600000,594.0,594.1,593.3,593.3,170.08
2026-01-18 04:45:00,1768711500000,593.3,593.6,593.0,593.1,187.32
2026-01-18 05:00:00,1768712400000,593.1,594.5,593.1,594.5,171.22
2026-01-18 05:15:00,1768713300000,594.5,594.9,594.4,594.7,102.51
2026-01-18 05:30:00,1768714200000,594.7,594.7,593.4,594.6,139.14
2026-01-18 05:45:00,1768715100000,594.6,595.0,594.4,594.9,90.49
2026-01-18 06:00:00,1768716000000,594.9,595.8,593.4,593.6,208.54
2026-01-18 06:15:00,1768716900000,593.6,593.9,593.0,593.4,92.47
2026-01-18 06:30:00,1768717800000,593.4,594.1,593.3,593.7,74.95
2026-01-18 06:45:00,1768718700000,593.7,594.6,593.7,594.6,18.6
2026-01-18 07:00:00,1768719600000,594.6,595.9,594.5,595.1,421.53
2026-01-18 07:15:00,1768720500000,595.1,595.5,595.1,595.3,45.56
2026-01-18 07:30:00,1768721400000,595.3,595.4,594.9,595.3,102.23
2026-01-18 07:45:00,1768722300000,595.3,595.7,594.2,594.9,360.29
2026-01-18 08:00:00,1768723200000,594.9,595.7,594.8,595.1,182.49
2026-01-18 08:15:00,1768724100000,595.1,596.6,595.1,595.7,130.2
2026-01-18 08:30:00,1768725000000,595.7,596.3,595.6,595.8,51.86
2026-01-18 08:45:00,1768725900000,595.8,596.2,593.2,593.5,466.12
2026-01-18 09:00:00,1768726800000,593.5,594.2,593.5,594.0,227.06
2026-01-18 09:15:00,1768727700000,594.0,594.5,593.5,593.6,304.78
2026-01-18 09:30:00,1768728600000,593.6,594.3,593.0,593.1,291.57
2026-01-18 09:45:00,1768729500000,593.1,594.6,593.0,594.5,321.83
2026-01-18 10:00:00,1768730400000,594.5,594.8,592.6,593.0,308.24
2026-01-18 10:15:00,1768731300000,593.0,593.0,591.4,591.6,199.31
2026-01-18 10:30:00,1768732200000,591.6,592.4,591.5,592.4,121.64
2026-01-18 10:45:00,1768733100000,592.4,593.3,591.7,592.7,355.71
2026-01-18 11:00:00,1768734000000,592.7,592.7,591.9,592.2,48.19
2026-01-18 11:15:00,1768734900000,592.2,592.2,591.7,591.7,53.8
2026-01-18 11:30:00,1768735800000,591.7,591.7,591.3,591.6,410.54
2026-01-18 11:45:00,1768736700000,591.6,591.8,591.1,591.3,83.61
2026-01-18 12:00:00,1768737600000,591.3,591.8,591.3,591.7,142.97
2026-01-18 12:15:00,1768738500000,591.7,591.9,591.2,591.9,148.97
2026-01-18 12:30:00,1768739400000,591.9,592.0,591.3,591.4,191.99
2026-01-18 12:45:00,1768740300000,591.4,591.5,590.4,591.0,141.38
2026-01-18 13:00:00,1768741200000,591.0,591.6,590.1,591.5,491.33
2026-01-18 13:15:00,1768742100000,591.5,591.5,590.5,591.4,146.15
2026-01-18 13:30:00,1768743000000,591.4,592.4,590.8,592.2,196.26
2026-01-18 13:45:00,1768743900000,592.2,592.5,592.0,592.3,188.36
2026-01-18 14:00:00,1768744800000,592.3,592.3,591.8,592.1,108.85
2026-01-18 14:15:00,1768745700000,592.1,592.9,590.4,590.4,265.39
2026-01-18 14:30:00,1768746600000,590.4,591.2,589.6,590.0,279.82
2026-01-18 14:45:00,1768747500000,590.0,590.0,588.3,588.5,667.57
2026-01-18 15:00:00,1768748400000,588.5,589.1,587.3,588.3,655.33
2026-01-18 15:15:00,1768749300000,588.3,589.8,588.2,589.6,246.38
2026-01-18 15:30:00,1768750200000,589.6,592.9,589.3,591.2,1277.34
2026-01-18 15:45:00,1768751100000,591.2,593.0,590.8,592.2,265.8
2026-01-18 16:00:00,1768752000000,592.2,593.5,591.8,593.1,290.54
2026-01-18 16:15:00,1768752900000,593.1,593.7,591.1,591.1,172.59
2026-01-18 16:30:00,1768753800000,591.1,591.5,590.8,591.3,37.98
2026-01-18 16:45:00,1768754700000,591.3,591.3,589.7,589.8,77.7
2026-01-18 17:00:00,1768755600000,589.8,590.5,588.9,588.9,110.78
2026-01-18 17:15:00,1768756500000,588.9,590.5,588.9,590.4,110.47
2026-01-18 17:30:00,1768757400000,590.4,590.5,588.9,589.5,138.16
2026-01-18 17:45:00,1768758300000,589.5,591.1,589.3,591.1,421.85
2026-01-18 18:00:00,1768759200000,591.1,591.3,590.4,591.3,53.64
2026-01-18 18:15:00,1768760100000,591.3,593.5,590.9,593.5,182.4
2026-01-18 18:30:00,1768761000000,593.5,594.3,593.1,593.1,294.43
2026-01-18 18:45:00,1768761900000,593.1,594.0,592.9,593.1,141.65
2026-01-18 19:00:00,1768762800000,593.1,593.8,593.0,593.6,66.53
2026-01-18 19:15:00,1768763700000,593.6,594.1,592.8,593.3,200.56
2026-01-18 19:30:00,1768764600000,593.3,593.3,592.8,592.8,58.96
2026-01-18 19:45:00,1768765500000,592.8,592.8,591.8,592.5,51.92
2026-01-18 20:00:00,1768766400000,592.5,592.5,592.0,592.3,65.36
2026-01-18 20:15:00,1768767300000,592.3,593.3,591.9,593.3,118.09
2026-01-18 20:30:00,1768768200000,593.3,593.5,592.6,592.6,210.73
2026-01-18 20:45:00,1768769100000,592.6,592.9,592.1,592.9,172.62
2026-01-18 21:00:00,1768770000000,592.9,593.5,592.3,593.4,78.4
2026-01-18 21:15:00,1768770900000,593.4,593.5,592.9,593.3,37.81
2026-01-18 21:30:00,1768771800000,593.3,593.6,593.0,593.2,53.5
2026-01-18 21:45:00,1768772700000,593.2,594.1,592.8,592.9,297.42
2026-01-18 22:00:00,1768773600000,592.9,594.1,592.9,594.1,451.22
2026-01-18 22:15:00,1768774500000,594.1,594.1,593.1,593.2,34.12
2026-01-18 22:30:00,1768775400000,593.2,601.4,593.2,598.9,2797.12
2026-01-18 22:45:00,1768776300000,598.9,600.0,598.4,598.6,454.16
2026-01-18 23:00:00,1768777200000,598.6,601.4,596.7,598.8,2281.45
2026-01-18 23:15:00,1768778100000,598.8,601.3,594.1,595.0,3064.34
2026-01-18 23:30:00,1768779000000,595.0,596.7,593.8,595.8,2395.58
2026-01-18 23:45:00,1768779900000,595.8,596.0,590.5,591.0,1913.97
2026-01-19 00:00:00,1768780800000,591.0,591.2,562.0,578.4,29694.98
2026-01-19 00:15:00,1768781700000,578.4,580.4,573.7,576.2,4631.41
2026-01-19 00:30:00,1768782600000,576.2,594.0,573.2,586.6,6328.78
2026-01-19 00:45:00,1768783500000,586.6,586.8,584.3,585.7,1747.78
2026-01-19 01:00:00,1768784400000,585.7,587.0,584.7,585.8,1211.07
2026-01-19 01:15:00,1768785300000,585.8,587.3,585.0,585.5,1336.54
2026-01-19 01:30:00,1768786200000,585.5,587.2,584.3,584.3,573.18
2026-01-19 01:45:00,1768787100000,584.3,584.4,581.3,583.9,1903.78
2026-01-19 02:00:00,1768788000000,583.9,589.5,583.8,589.0,1376.58
2026-01-19 02:15:00,1768788900000,589.0,591.3,588.8,590.5,427.65
2026-01-19 02:30:00,1768789800000,590.5,590.6,588.7,589.2,159.58
2026-01-19 02:45:00,1768790700000,589.2,590.2,588.6,589.5,276.3
2026-01-19 03:00:00,1768791600000,589.5,591.2,589.5,589.8,447.53
2026-01-19 03:15:00,1768792500000,589.8,589.8,588.4,589.0,441.85
2026-01-19 03:30:00,1768793400000,589.0,590.1,588.9,589.2,353.37
2026-01-19 03:45:00,1768794300000,589.2,590.5,588.7,589.3,336.36
2026-01-19 04:00:00,1768795200000,589.3,590.5,588.6,588.9,584.48
2026-01-19 04:15:00,1768796100000,588.9,589.7,587.4,589.5,928.59
2026-01-19 04:30:00,1768797000000,589.5,589.5,588.6,589.0,268.46
2026-01-19 04:45:00,1768797900000,589.0,589.9,588.4,588.9,436.07
2026-01-19 05:00:00,1768798800000,588.9,589.2,588.5,588.8,369.59
2026-01-19 05:15:00,1768799700000,588.8,589.4,588.6,589.4,257.8
2026-01-19 05:30:00,1768800600000,589.4,590.5,588.9,589.0,412.95
2026-01-19 05:45:00,1768801500000,589.0,589.6,588.7,589.0,165.23
2026-01-19 06:00:00,1768802400000,589.0,589.3,588.8,589.2,103.45
2026-01-19 06:15:00,1768803300000,589.2,590.2,588.5,590.0,285.81
2026-01-19 06:30:00,1768804200000,590.0,590.6,589.7,590.6,446.91
2026-01-19 06:45:00,1768805100000,590.6,590.9,590.3,590.6,143.67
2026-01-19 07:00:00,1768806000000,590.6,591.0,588.5,589.4,477.9
2026-01-19 07:15:00,1768806900000,589.4,590.2,589.0,589.3,663.57
2026-01-19 07:30:00,1768807800000,589.3,590.6,588.8,589.0,1815.91
2026-01-19 07:45:00,1768808700000,589.0,590.8,588.8,590.6,1692.89
2026-01-19 08:00:00,1768809600000,590.6,590.8,589.6,589.8,212.62
2026-01-19 08:15:00,1768810500000,589.8,592.2,589.8,590.6,1543.92
2026-01-19 08:30:00,1768811400000,590.6,590.6,588.9,589.2,366.18
2026-01-19 08:45:00,1768812300000,589.2,589.8,589.0,589.2,294.68
2026-01-19 09:00:00,1768813200000,589.2,589.5,588.0,588.9,1472.01
2026-01-19 09:15:00,1768814100000,588.9,589.3,588.8,589.0,340.92
2026-01-19 09:30:00,1768815000000,589.0,589.3,588.6,589.0,494.51
2026-01-19 09:45:00,1768815900000,589.0,589.1,588.6,589.0,454.38
2026-01-19 10:00:00,1768816800000,589.0,589.3,588.6,589.1,840.21
2026-01-19 10:15:00,1768817700000,589.1,589.1,588.9,589.1,83.73
2026-01-19 10:30:00,1768818600000,589.1,590.3,588.8,589.5,406.6
2026-01-19 10:45:00,1768819500000,589.5,590.2,589.0,590.0,291.27
2026-01-19 11:00:00,1768820400000,590.0,590.6,589.1,589.1,170.92
2026-01-19 11:15:00,1768821300000,589.1,590.0,589.1,589.7,510.94
2026-01-19 11:30:00,1768822200000,589.7,590.6,589.5,590.3,358.7
2026-01-19 11:45:00,1768823100000,590.3,590.6,589.5,589.6,238.47
2026-01-19 12:00:00,1768824000000,589.6,589.6,588.6,588.8,749.22
2026-01-19 12:15:00,1768824900000,588.8,589.4,588.6,589.0,465.91
2026-01-19 12:30:00,1768825800000,589.0,589.3,588.7,589.0,73.51
2026-01-19 12:45:00,1768826700000,589.0,589.7,588.8,589.7,137.85
2026-01-19 13:00:00,1768827600000,589.7,590.2,588.9,589.7,263.51
2026-01-19 13:15:00,1768828500000,589.7,590.5,589.2,589.6,192.91
2026-01-19 13:30:00,1768829400000,589.6,590.3,589.6,590.2,136.66
2026-01-19 13:45:00,1768830300000,590.2,590.5,589.0,589.5,878.52
2026-01-19 14:00:00,1768831200000,589.5,589.6,588.4,589.2,420.7
2026-01-19 14:15:00,1768832100000,589.2,590.3,589.2,590.1,387.1
2026-01-19 14:30:00,1768833000000,590.1,590.2,589.0,589.4,158.94
2026-01-19 14:45:00,1768833900000,589.4,591.3,589.2,591.2,133.54
2026-01-19 15:00:00,1768834800000,591.2,594.2,591.2,593.9,1067.3
2026-01-19 15:15:00,1768835700000,593.9,594.4,592.3,592.3,843.75
2026-01-19 15:30:00,1768836600000,592.3,592.7,591.1,591.2,472.62
2026-01-19 15:45:00,1768837500000,591.2,591.2,590.2,590.4,460.06
2026-01-19 16:00:00,1768838400000,590.4,591.4,590.3,590.8,213.51
2026-01-19 16:15:00,1768839300000,590.8,591.2,590.4,590.7,191.48
2026-01-19 16:30:00,1768840200000,590.7,591.0,590.3,590.9,118.76
2026-01-19 16:45:00,1768841100000,590.9,591.8,590.3,590.7,272.96
2026-01-19 17:00:00,1768842000000,590.7,590.8,589.5,590.1,208.83
2026-01-19 17:15:00,1768842900000,590.1,590.5,588.6,590.2,515.17
2026-01-19 17:30:00,1768843800000,590.2,590.4,589.5,590.2,363.26
2026-01-19 17:45:00,1768844700000,590.2,590.4,589.3,589.3,601.46
2026-01-19 18:00:00,1768845600000,589.3,589.7,588.9,589.1,192.95
2026-01-19 18:15:00,1768846500000,589.1,589.9,588.9,589.5,91.37
2026-01-19 18:30:00,1768847400000,589.5,590.3,589.4,590.3,74.28
2026-01-19 18:45:00,1768848300000,590.3,590.3,589.2,589.8,108.31
2026-01-19 19:00:00,1768849200000,589.8,589.9,589.3,589.6,106.72
2026-01-19 19:15:00,1768850100000,589.6,590.9,589.6,590.7,862.28
2026-01-19 19:30:00,1768851000000,590.7,590.7,589.6,589.8,156.42
2026-01-19 19:45:00,1768851900000,589.8,589.8,588.7,589.1,544.8
2026-01-19 20:00:00,1768852800000,589.1,589.7,589.1,589.2,82.0
2026-01-19 20:15:00,1768853700000,589.2,590.3,589.1,590.3,131.5
2026-01-19 20:30:00,1768854600000,590.3,590.3,589.4,589.7,58.9
2026-01-19 20:45:00,1768855500000,589.7,589.7,588.9,589.4,80.31
2026-01-19 21:00:00,1768856400000,589.4,589.7,588.8,589.1,170.26
2026-01-19 21:15:00,1768857300000,589.1,589.4,589.0,589.3,61.53
2026-01-19 21:30:00,1768858200000,589.3,589.4,589.1,589.3,76.74
2026-01-19 21:45:00,1768859100000,589.3,589.5,588.8,589.1,190.88
2026-01-19 22:00:00,1768860000000,589.1,589.2,586.4,587.0,1167.57
2026-01-19 22:15:00,1768860900000,587.0,588.7,587.0,587.2,300.77
2026-01-19 22:30:00,1768861800000,587.2,587.3,580.2,581.9,2603.45
2026-01-19 22:45:00,1768862700000,581.9,583.1,580.3,581.3,923.89
2026-01-19 23:00:00,1768863600000,581.3,582.8,579.8,582.6,588.87
2026-01-19 23:15:00,1768864500000,582.6,584.5,581.5,584.4,377.75
2026-01-19 23:30:00,1768865400000,584.4,586.1,584.3,585.2,749.12
2026-01-19 23:45:00,1768866300000,585.2,585.2,583.4,583.5,552.88
2026-01-20 00:00:00,1768867200000,583.5,584.3,582.7,583.4,349.04
2026-01-20 00:15:00,1768868100000,583.4,583.4,582.1,582.5,144.17
2026-01-20 00:30:00,1768869000000,582.5,584.8,582.4,584.8,444.07
2026-01-20 00:45:00,1768869900000,584.8,585.1,584.3,585.1,279.94
2026-01-20 01:00:00,1768870800000,585.1,585.8,584.6,585.6,241.0
2026-01-20 01:15:00,1768871700000,585.6,586.6,585.2,586.6,270.1
2026-01-20 01:30:00,1768872600000,586.6,586.6,586.1,586.1,41.93
2026-01-20 01:45:00,1768873500000,586.1,586.3,585.6,585.6,184.28
2026-01-20 02:00:00,1768874400000,585.6,585.7,582.7,582.7,318.98
2026-01-20 02:15:00,1768875300000,582.7,582.9,577.2,581.3,2716.03
2026-01-20 02:30:00,1768876200000,581.3,582.0,581.1,581.6,615.08
2026-01-20 02:45:00,1768877100000,581.6,582.1,580.1,580.6,555.15
2026-01-20 03:00:00,1768878000000,580.6,581.4,579.9,580.7,376.46
2026-01-20 03:15:00,1768878900000,580.7,581.6,580.6,581.5,256.94
2026-01-20 03:30:00,1768879800000,581.5,581.9,580.4,581.8,502.1
2026-01-20 03:45:00,1768880700000,581.8,582.8,581.3,581.5,230.0
2026-01-20 04:00:00,1768881600000,581.5,581.9,580.9,581.0,222.51
2026-01-20 04:15:00,1768882500000,581.0,581.1,580.5,580.9,120.92
2026-01-20 04:30:00,1768883400000,580.9,582.3,580.9,581.7,104.92
2026-01-20 04:45:00,1768884300000,581.7,581.7,578.8,579.2,498.9
2026-01-20 05:00:00,1768885200000,579.2,581.5,578.2,579.2,780.51
2026-01-20 05:15:00,1768886100000,579.2,581.3,579.1,580.6,302.71
2026-01-20 05:30:00,1768887000000,580.6,581.4,578.9,578.9,185.13
2026-01-20 05:45:00,1768887900000,578.9,580.4,578.9,579.1,495.09
2026-01-20 06:00:00,1768888800000,579.1,579.5,578.8,579.0,408.74
2026-01-20 06:15:00,1768889700000,579.0,581.1,573.3,580.6,3741.36
2026-01-20 06:30:00,1768890600000,580.6,580.6,578.1,579.5,433.73
2026-01-20 06:45:00,1768891500000,579.5,579.5,575.4,578.6,1454.2
2026-01-20 07:00:00,1768892400000,578.6,580.4,578.4,580.0,337.83
2026-01-20 07:15:00,1768893300000,580.0,580.2,578.4,579.1,286.52
2026-01-20 07:30:00,1768894200000,579.1,580.0,578.9,579.2,170.0
2026-01-20 07:45:00,1768895100000,579.2,579.2,577.2,578.7,718.86
2026-01-20 08:00:00,1768896000000,578.7,579.2,578.0,579.0,1466.64
2026-01-20 08:15:00,1768896900000,579.0,579.4,578.8,579.0,396.95
2026-01-20 08:30:00,1768897800000,579.0,579.2,577.7,578.8,1903.33
2026-01-20 08:45:00,1768898700000,578.8,579.1,577.2,578.6,1006.56
2026-01-20 09:00:00,1768899600000,578.6,578.9,576.2,577.0,810.66
2026-01-20 09:15:00,1768900500000,577.0,577.1,575.5,575.8,377.86
2026-01-20 09:30:00,1768901400000,575.8,575.8,573.5,573.9,762.78
2026-01-20 09:45:00,1768902300000,573.9,574.6,572.2,572.8,841.23
2026-01-20 10:00:00,1768903200000,572.8,575.0,572.6,574.9,387.16
2026-01-20 10:15:00,1768904100000,574.9,575.7,574.2,575.0,476.08
2026-01-20 10:30:00,1768905000000,575.0,575.0,573.3,573.7,361.25
2026-01-20 10:45:00,1768905900000,573.7,575.0,573.7,574.8,276.83
2026-01-20 11:00:00,1768906800000,574.8,576.5,574.7,575.6,289.27
2026-01-20 11:15:00,1768907700000,575.6,578.2,575.4,577.7,332.75
2026-01-20 11:30:00,1768908600000,577.7,577.7,576.9,577.3,187.91
2026-01-20 11:45:00,1768909500000,577.3,578.3,576.4,577.7,331.0
2026-01-20 12:00:00,1768910400000,577.7,578.4,577.3,577.5,228.9
2026-01-20 12:15:00,1768911300000,577.5,578.0,573.0,574.0,545.41
2026-01-20 12:30:00,1768912200000,574.0,574.5,573.7,573.7,287.96
2026-01-20 12:45:00,1768913100000,573.7,574.1,572.7,572.7,397.29
2026-01-20 13:00:00,1768914000000,572.7,573.3,571.1,571.4,1216.38
2026-01-20 13:15:00,1768914900000,571.4,571.9,569.4,570.3,950.02
2026-01-20 13:30:00,1768915800000,570.3,571.4,568.9,570.5,529.97
2026-01-20 13:45:00,1768916700000,570.5,571.0,568.3,569.3,719.26
2026-01-20 14:00:00,1768917600000,569.3,571.0,569.2,570.0,616.59
2026-01-20 14:15:00,1768918500000,570.0,570.7,568.4,570.5,598.12
2026-01-20 14:30:00,1768919400000,570.5,573.6,570.0,572.2,1260.52
2026-01-20 14:45:00,1768920300000,572.2,572.2,569.0,570.0,1210.48
2026-01-20 15:00:00,1768921200000,570.0,572.5,568.4,571.4,1522.14
2026-01-20 15:15:00,1768922100000,571.4,573.4,570.2,572.5,1407.18
2026-01-20 15:30:00,1768923000000,572.5,573.1,571.4,571.7,466.05
2026-01-20 15:45:00,1768923900000,571.7,571.7,569.1,570.9,793.46
2026-01-20 16:00:00,1768924800000,570.9,571.2,569.1,570.1,542.82
2026-01-20 16:15:00,1768925700000,570.1,572.2,569.0,569.3,923.51
2026-01-20 16:30:00,1768926600000,569.3,569.8,568.1,568.9,902.84
2026-01-20 16:45:00,1768927500000,568.9,570.0,568.6,569.3,425.71
2026-01-20 17:00:00,1768928400000,569.3,571.2,568.8,570.6,555.41
2026-01-20 17:15:00,1768929300000,570.6,570.9,568.2,569.1,1445.07
2026-01-20 17:30:00,1768930200000,569.1,569.6,568.5,569.0,776.55
2026-01-20 17:45:00,1768931100000,569.0,570.0,568.2,569.1,670.08
2026-01-20 18:00:00,1768932000000,569.1,570.8,569.0,569.4,695.53
2026-01-20 18:15:00,1768932900000,569.4,570.1,568.7,569.3,351.21
2026-01-20 18:30:00,1768933800000,569.3,570.3,569.0,569.2,461.19
2026-01-20 18:45:00,1768934700000,569.2,569.7,568.9,569.3,146.36
2026-01-20 19:00:00,1768935600000,569.3,570.5,569.0,570.0,655.13
2026-01-20 19:15:00,1768936500000,570.0,570.4,567.4,568.1,6891.16
2026-01-20 19:30:00,1768937400000,568.1,569.4,567.9,569.0,2414.46
2026-01-20 19:45:00,1768938300000,569.0,570.6,568.7,570.6,303.02
2026-01-20 20:00:00,1768939200000,570.6,570.6,569.5,569.8,332.73
2026-01-20 20:15:00,1768940100000,569.8,571.3,569.4,570.8,330.26
2026-01-20 20:30:00,1768941000000,570.8,570.9,569.7,569.9,145.85
2026-01-20 20:45:00,1768941900000,569.9,570.5,569.5,570.3,148.16
2026-01-20 21:00:00,1768942800000,570.3,570.5,569.4,570.0,232.1
2026-01-20 21:15:00,1768943700000,570.0,570.0,569.2,569.4,144.1
2026-01-20 21:30:00,1768944600000,569.4,569.5,567.7,568.8,3257.88
2026-01-20 21:45:00,1768945500000,568.8,569.3,568.0,569.1,467.28
2026-01-20 22:00:00,1768946400000,569.1,569.3,568.2,569.1,1386.81
2026-01-20 22:15:00,1768947300000,569.1,569.3,568.7,568.9,112.91
2026-01-20 22:30:00,1768948200000,568.9,569.5,563.7,569.2,3808.38
2026-01-20 22:45:00,1768949100000,569.2,580.1,568.8,572.3,2472.51
2026-01-20 23:00:00,1768950000000,572.3,576.5,570.4,574.7,2039.09
2026-01-20 23:15:00,1768950900000,574.7,574.7,572.5,573.7,1231.81
2026-01-20 23:30:00,1768951800000,573.7,573.9,572.6,573.5,474.17
2026-01-20 23:45:00,1768952700000,573.5,573.9,572.3,572.7,521.11
2026-01-21 00:00:00,1768953600000,572.7,575.0,572.1,574.2,792.55
2026-01-21 00:15:00,1768954500000,574.2,574.8,572.9,574.6,346.86
2026-01-21 00:30:00,1768955400000,574.6,587.6,573.8,579.8,5677.16
2026-01-21 00:45:00,1768956300000,579.8,581.7,578.7,581.1,1103.04
2026-01-21 01:00:00,1768957200000,581.1,581.5,579.5,580.3,616.45
2026-01-21 01:15:00,1768958100000,580.3,581.9,580.3,581.9,819.19
2026-01-21 01:30:00,1768959000000,581.9,583.0,580.7,580.8,690.57
2026-01-21 01:45:00,1768959900000,580.8,581.4,579.7,579.7,447.68
2026-01-21 02:00:00,1768960800000,579.7,588.6,579.7,588.5,3465.96
2026-01-21 02:15:00,1768961700000,588.5,589.1,587.4,588.8,809.38
2026-01-21 02:30:00,1768962600000,588.8,589.3,588.2,588.8,703.45
2026-01-21 02:45:00,1768963500000,588.8,589.7,588.5,589.3,690.36
2026-01-21 03:00:00,1768964400000,589.3,589.6,588.2,589.3,2022.53
2026-01-21 03:15:00,1768965300000,589.3,589.4,585.0,588.7,2985.02
2026-01-21 03:30:00,1768966200000,588.7,591.4,588.6,591.2,1696.54
2026-01-21 03:45:00,1768967100000,591.2,591.2,589.1,589.2,213.11
2026-01-21 04:00:00,1768968000000,589.2,589.5,587.4,588.9,962.99
2026-01-21 04:15:00,1768968900000,588.9,591.0,588.9,590.8,285.13
2026-01-21 04:30:00,1768969800000,590.8,590.9,589.7,590.2,307.18
2026-01-21 04:45:00,1768970700000,590.2,590.2,589.2,589.6,252.51
2026-01-21 05:00:00,1768971600000,589.6,591.6,589.6,591.6,719.71
2026-01-21 05:15:00,1768972500000,591.6,592.7,591.2,592.4,343.54
2026-01-21 05:30:00,1768973400000,592.4,595.5,592.4,594.8,993.48
2026-01-21 05:45:00,1768974300000,594.8,597.6,594.4,595.5,889.78
2026-01-21 06:00:00,1768975200000,595.5,596.2,594.1,595.9,683.38
2026-01-21 06:15:00,1768976100000,595.9,596.1,593.3,594.5,799.83
2026-01-21 06:30:00,1768977000000,594.5,595.6,588.1,589.0,3007.75
2026-01-21 06:45:00,1768977900000,589.0,591.0,585.9,589.1,2070.45
2026-01-21 07:00:00,1768978800000,589.1,589.6,587.3,587.3,990.26
2026-01-21 07:15:00,1768979700000,587.3,590.6,587.3,590.6,591.25
2026-01-21 07:30:00,1768980600000,590.6,590.6,589.1,590.2,494.84
2026-01-21 07:45:00,1768981500000,590.2,593.9,590.2,592.0,941.03
2026-01-21 08:00:00,1768982400000,592.0,593.4,591.4,592.4,848.28
2026-01-21 08:15:00,1768983300000,592.4,594.1,592.4,593.3,342.75
2026-01-21 08:30:00,1768984200000,593.3,593.4,591.7,592.1,643.98
2026-01-21 08:45:00,1768985100000,592.1,592.2,590.9,591.5,248.5
2026-01-21 09:00:00,1768986000000,591.5,593.0,591.5,592.7,215.07
2026-01-21 09:15:00,1768986900000,592.7,595.1,592.7,595.0,478.9
2026-01-21 09:30:00,1768987800000,595.0,595.4,594.3,594.9,310.54
2026-01-21 09:45:00,1768988700000,594.9,595.1,594.2,594.6,238.33
2026-01-21 10:00:00,1768989600000,594.6,596.3,594.4,596.1,311.47
2026-01-21 10:15:00,1768990500000,596.1,596.1,594.9,595.9,246.92
2026-01-21 10:30:00,1768991400000,595.9,597.3,595.8,595.8,281.62
2026-01-21 10:45:00,1768992300000,595.8,595.9,593.4,594.1,370.65
2026-01-21 11:00:00,1768993200000,594.1,594.7,592.9,593.0,261.63
2026-01-21 11:15:00,1768994100000,593.0,594.9,592.5,594.7,458.62
2026-01-21 11:30:00,1768995000000,594.7,595.7,594.6,595.6,191.4
2026-01-21 11:45:00,1768995900000,595.6,596.3,591.9,592.5,847.49
2026-01-21 12:00:00,1768996800000,592.5,592.7,586.5,588.7,2880.17
2026-01-21 12:15:00,1768997700000,588.7,589.1,581.4,583.4,3957.34
2026-01-21 12:30:00,1768998600000,583.4,585.1,582.5,584.2,675.64
2026-01-21 12:45:00,1768999500000,584.2,585.6,583.0,585.5,743.48
2026-01-21 13:00:00,1769000400000,585.5,588.0,585.2,587.4,458.43
2026-01-21 13:15:00,1769001300000,587.4,587.5,584.8,585.8,427.13
2026-01-21 13:30:00,1769002200000,585.8,587.6,584.3,584.4,443.43
2026-01-21 13:45:00,1769003100000,584.4,585.6,583.0,584.9,466.17
2026-01-21 14:00:00,1769004000000,584.9,591.5,584.5,590.7,1308.46
2026-01-21 14:15:00,1769004900000,590.7,591.6,589.0,590.1,664.12
2026-01-21 14:30:00,1769005800000,590.1,592.4,589.8,591.6,1401.28
2026-01-21 14:45:00,1769006700000,591.6,591.8,589.2,590.1,458.59
2026-01-21 15:00:00,1769007600000,590.1,592.3,590.0,592.2,364.67
2026-01-21 15:15:00,1769008500000,592.2,593.3,590.7,591.3,580.07
2026-01-21 15:30:00,1769009400000,591.3,591.3,589.0,590.2,533.43
2026-01-21 15:45:00,1769010300000,590.2,591.3,589.2,590.8,167.86
2026-01-21 16:00:00,1769011200000,590.8,591.0,588.1,588.1,503.59
2026-01-21 16:15:00,1769012100000,588.1,588.5,586.5,587.6,848.38
2026-01-21 16:30:00,1769013000000,587.6,587.6,576.0,576.0,1997.77
2026-01-21 16:45:00,1769013900000,576.0,577.5,570.6,572.5,3398.05
2026-01-21 17:00:00,1769014800000,572.5,577.2,570.7,570.8,2121.51
2026-01-21 17:15:00,1769015700000,570.8,575.6,569.5,574.6,1408.03
2026-01-21 17:30:00,1769016600000,574.6,576.3,572.3,575.7,716.69
2026-01-21 17:45:00,1769017500000,575.7,577.3,575.2,577.3,798.9
2026-01-21 18:00:00,1769018400000,577.3,579.0,576.2,577.9,326.55
2026-01-21 18:15:00,1769019300000,577.9,578.5,576.8,577.3,164.19
2026-01-21 18:30:00,1769020200000,577.3,577.8,576.5,577.2,408.7
2026-01-21 18:45:00,1769021100000,577.2,580.5,576.9,578.2,541.73
2026-01-21 19:00:00,1769022000000,578.2,579.4,577.0,578.1,320.56
2026-01-21 19:15:00,1769022900000,578.1,584.4,576.5,583.6,2987.04
2026-01-21 19:30:00,1769023800000,583.6,587.9,583.2,587.2,1836.83
2026-01-21 19:45:00,1769024700000,587.2,589.0,586.0,588.6,1348.26
2026-01-21 20:00:00,1769025600000,588.6,589.1,586.4,588.3,693.07
2026-01-21 20:15:00,1769026500000,588.3,589.7,586.8,588.8,1635.28
2026-01-21 20:30:00,1769027400000,588.8,590.2,587.7,588.5,434.41
2026-01-21 20:45:00,1769028300000,588.5,590.4,588.3,590.0,259.71
2026-01-21 21:00:00,1769029200000,590.0,591.3,589.3,589.6,343.59
2026-01-21 21:15:00,1769030100000,589.6,591.8,589.3,591.7,283.76
2026-01-21 21:30:00,1769031000000,591.7,592.4,591.7,592.3,143.04
2026-01-21 21:45:00,1769031900000,592.3,592.5,590.7,591.6,196.37
2026-01-21 22:00:00,1769032800000,591.6,591.6,590.2,590.2,286.69
2026-01-21 22:15:00,1769033700000,590.2,590.2,587.6,588.5,183.04
2026-01-21 22:30:00,1769034600000,588.5,588.9,586.3,587.0,277.12
2026-01-21 22:45:00,1769035500000,587.0,588.0,586.0,586.7,794.7
2026-01-21 23:00:00,1769036400000,586.7,589.4,585.9,589.4,386.44
2026-01-21 23:15:00,1769037300000,589.4,589.4,587.2,587.6,183.88
2026-01-21 23:30:00,1769038200000,587.6,587.6,584.9,585.1,537.27
2026-01-21 23:45:00,1769039100000,585.1,585.3,583.5,584.2,560.56
2026-01-22 00:00:00,1769040000000,584.2,585.6,584.1,585.2,390.32
2026-01-22 00:15:00,1769040900000,585.2,591.6,584.5,588.0,1752.97
2026-01-22 00:30:00,1769041800000,588.0,588.7,587.5,587.8,365.85
2026-01-22 00:45:00,1769042700000,587.8,589.3,587.6,588.0,443.33
2026-01-22 01:00:00,1769043600000,588.0,589.3,587.4,588.6,425.21
2026-01-22 01:15:00,1769044500000,588.6,591.8,588.6,591.3,510.86
2026-01-22 01:30:00,1769045400000,591.3,594.0,590.6,591.6,824.54
2026-01-22 01:45:00,1769046300000,591.6,592.8,591.3,592.6,425.08
2026-01-22 02:00:00,1769047200000,592.6,600.0,591.7,593.9,2883.01
2026-01-22 02:15:00,1769048100000,593.9,596.6,593.9,595.9,440.14
2026-01-22 02:30:00,1769049000000,595.9,595.9,593.4,594.8,447.12
2026-01-22 02:45:00,1769049900000,594.8,595.7,593.9,594.6,763.28
2026-01-22 03:00:00,1769050800000,594.6,594.8,592.6,592.9,223.15
2026-01-22 03:15:00,1769051700000,592.9,593.4,592.4,593.3,178.1
2026-01-22 03:30:00,1769052600000,593.3,593.3,591.6,592.5,449.49
2026-01-22 03:45:00,1769053500000,592.5,593.2,592.4,593.0,102.92
2026-01-22 04:00:00,1769054400000,593.0,595.3,592.8,594.4,286.64
2026-01-22 04:15:00,1769055300000,594.4,595.4,593.8,595.3,183.69
2026-01-22 04:30:00,1769056200000,595.3,595.4,592.6,593.6,241.15
2026-01-22 04:45:00,1769057100000,593.6,593.6,591.2,591.2,805.62
2026-01-22 05:00:00,1769058000000,591.2,592.1,590.9,591.1,222.33
2026-01-22 05:15:00,1769058900000,591.1,591.1,589.6,590.1,513.38
2026-01-22 05:30:00,1769059800000,590.1,591.1,590.0,591.0,228.78
2026-01-22 05:45:00,1769060700000,591.0,591.1,590.5,591.0,164.38
2026-01-22 06:00:00,1769061600000,591.0,594.0,591.0,594.0,276.19
2026-01-22 06:15:00,1769062500000,594.0,594.6,593.3,593.9,280.68
2026-01-22 06:30:00,1769063400000,593.9,595.8,593.9,594.5,481.22
2026-01-22 06:45:00,1769064300000,594.5,595.7,593.9,594.7,466.13
2026-01-22 07:00:00,1769065200000,594.7,596.3,594.6,595.0,536.34
2026-01-22 07:15:00,1769066100000,595.0,595.7,594.0,595.0,443.86
2026-01-22 07:30:00,1769067000000,595.0,600.0,595.0,596.8,2661.0
2026-01-22 07:45:00,1769067900000,596.8,597.9,595.5,596.4,859.83
2026-01-22 08:00:00,1769068800000,596.4,597.5,595.3,595.3,374.19
2026-01-22 08:15:00,1769069700000,595.3,596.2,594.2,596.2,274.78
2026-01-22 08:30:00,1769070600000,596.2,596.2,595.1,595.2,162.72
2026-01-22 08:45:00,1769071500000,595.2,596.8,594.8,596.6,209.2
2026-01-22 09:00:00,1769072400000,596.6,597.7,596.0,597.6,319.47
2026-01-22 09:15:00,1769073300000,597.6,598.7,597.0,597.7,407.81
2026-01-22 09:30:00,1769074200000,597.7,599.6,597.7,599.6,313.49
2026-01-22 09:45:00,1769075100000,599.6,599.6,598.0,598.4,219.55
2026-01-22 10:00:00,1769076000000,598.4,599.5,598.0,598.1,383.66
2026-01-22 10:15:00,1769076900000,598.1,599.4,597.5,599.3,454.65
2026-01-22 10:30:00,1769077800000,599.3,599.3,597.8,598.3,330.02
2026-01-22 10:45:00,1769078700000,598.3,598.6,597.9,598.4,108.16
2026-01-22 11:00:00,1769079600000,598.4,598.6,597.1,597.7,183.96
2026-01-22 11:15:00,1769080500000,597.7,598.3,597.0,597.2,204.65
2026-01-22 11:30:00,1769081400000,597.2,598.0,595.7,596.3,398.19
2026-01-22 11:45:00,1769082300000,596.3,596.7,594.5,594.8,400.13
2026-01-22 12:00:00,1769083200000,594.8,595.8,594.3,595.1,172.16
2026-01-22 12:15:00,1769084100000,595.1,595.4,594.6,594.7,107.15
2026-01-22 12:30:00,1769085000000,594.7,595.4,594.7,595.4,233.01
2026-01-22 12:45:00,1769085900000,595.4,596.4,595.0,596.1,254.17
2026-01-22 13:00:00,1769086800000,596.1,596.3,594.4,595.1,203.63
2026-01-22 13:15:00,1769087700000,595.1,598.6,595.1,598.5,521.74
2026-01-22 13:30:00,1769088600000,598.5,598.8,593.9,594.2,1094.33
2026-01-22 13:45:00,1769089500000,594.2,594.8,592.8,594.2,296.41
2026-01-22 14:00:00,1769090400000,594.2,595.3,592.5,595.2,296.87
2026-01-22 14:15:00,1769091300000,595.2,595.3,592.9,594.8,462.46
2026-01-22 14:30:00,1769092200000,594.8,595.1,591.8,593.6,596.65
2026-01-22 14:45:00,1769093100000,593.6,593.6,591.4,591.9,657.62
2026-01-22 15:00:00,1769094000000,591.9,593.7,591.5,593.0,499.26
2026-01-22 15:15:00,1769094900000,593.0,594.0,589.2,589.9,716.35
2026-01-22 15:30:00,1769095800000,589.9,594.6,589.6,594.4,1136.2
2026-01-22 15:45:00,1769096700000,594.4,595.3,593.9,594.2,493.5
2026-01-22 16:00:00,1769097600000,594.2,595.6,593.7,594.8,1360.66
2026-01-22 16:15:00,1769098500000,594.8,595.8,592.3,594.3,1819.89
2026-01-22 16:30:00,1769099400000,594.3,595.5,593.9,595.1,315.6
2026-01-22 16:45:00,1769100300000,595.1,596.8,595.0,595.2,251.13
2026-01-22 17:00:00,1769101200000,595.2,597.4,595.2,596.0,236.95
2026-01-22 17:15:00,1769102100000,596.0,597.2,595.9,595.9,196.09
2026-01-22 17:30:00,1769103000000,595.9,597.4,595.0,596.1,927.27
2026-01-22 17:45:00,1769103900000,596.1,601.7,596.1,600.9,1240.56
2026-01-22 18:00:00,1769104800000,600.9,601.8,599.9,600.2,958.44
2026-01-22 18:15:00,1769105700000,600.2,600.3,597.2,597.5,564.72
2026-01-22 18:30:00,1769106600000,597.5,599.5,596.9,598.4,309.19
2026-01-22 18:45:00,1769107500000,598.4,599.7,597.0,598.0,670.87
2026-01-22 19:00:00,1769108400000,598.0,600.0,597.0,600.0,231.63
2026-01-22 19:15:00,1769109300000,600.0,601.7,598.9,601.6,384.05
2026-01-22 19:30:00,1769110200000,601.6,603.2,601.3,602.9,1288.59
2026-01-22 19:45:00,1769111100000,602.9,603.4,601.8,602.5,707.0
2026-01-22 20:00:00,1769112000000,602.5,602.9,600.7,601.1,444.81
2026-01-22 20:15:00,1769112900000,601.1,601.2,598.5,598.7,347.03
2026-01-22 20:30:00,1769113800000,598.7,599.2,598.2,598.7,205.82
2026-01-22 20:45:00,1769114700000,598.7,598.9,598.1,598.2,214.58
2026-01-22 21:00:00,1769115600000,598.2,599.4,597.9,598.8,148.4
2026-01-22 21:15:00,1769116500000,598.8,599.1,598.4,598.9,147.26
2026-01-22 21:30:00,1769117400000,598.9,598.9,596.8,597.0,122.65
2026-01-22 21:45:00,1769118300000,597.0,597.0,596.3,596.7,213.21
2026-01-22 22:00:00,1769119200000,596.7,596.8,595.5,595.5,584.03
2026-01-22 22:15:00,1769120100000,595.5,596.5,594.5,595.9,754.95
2026-01-22 22:30:00,1769121000000,595.9,597.6,595.7,596.8,375.64
2026-01-22 22:45:00,1769121900000,596.8,596.9,596.0,596.0,143.73
2026-01-22 23:00:00,1769122800000,596.0,597.1,595.0,597.0,102.7
2026-01-22 23:15:00,1769123700000,597.0,598.0,596.7,597.4,250.36
2026-01-22 23:30:00,1769124600000,597.4,598.7,597.0,597.9,138.36
2026-01-22 23:45:00,1769125500000,597.9,599.2,597.9,598.6,203.48
2026-01-23 00:00:00,1769126400000,598.6,598.7,596.7,597.6,249.71
2026-01-23 00:15:00,1769127300000,597.6,600.1,597.4,599.5,494.52
2026-01-23 00:30:00,1769128200000,599.5,600.7,598.9,599.3,588.08
2026-01-23 00:45:00,1769129100000,599.3,600.6,598.9,600.1,323.67
2026-01-23 01:00:00,1769130000000,600.1,600.4,599.1,599.5,647.68
2026-01-23 01:15:00,1769130900000,599.5,600.8,599.5,600.0,777.9
2026-01-23 01:30:00,1769131800000,600.0,600.4,598.5,598.9,240.4
2026-01-23 01:45:00,1769132700000,598.9,598.9,598.3,598.9,180.18
2026-01-23 02:00:00,1769133600000,598.9,599.3,597.6,597.8,435.92
2026-01-23 02:15:00,1769134500000,597.8,597.8,596.6,596.8,465.03
2026-01-23 02:30:00,1769135400000,596.8,597.0,595.3,595.5,285.8
2026-01-23 02:45:00,1769136300000,595.5,595.9,595.2,595.8,89.21
2026-01-23 03:00:00,1769137200000,595.8,597.8,595.8,597.8,226.31
2026-01-23 03:15:00,1769138100000,597.8,598.8,597.3,597.7,502.11
2026-01-23 03:30:00,1769139000000,597.7,597.7,597.1,597.1,43.56
2026-01-23 03:45:00,1769139900000,597.1,598.3,596.6,598.3,148.42
2026-01-23 04:00:00,1769140800000,598.3,598.7,597.1,598.1,640.93
2026-01-23 04:15:00,1769141700000,598.1,598.4,597.6,597.6,143.25
2026-01-23 04:30:00,1769142600000,597.6,597.7,596.9,597.3,75.62
2026-01-23 04:45:00,1769143500000,597.3,597.5,596.5,596.5,79.37
2026-01-23 05:00:00,1769144400000,596.5,596.5,595.6,596.4,173.54
2026-01-23 05:15:00,1769145300000,596.4,596.4,594.6,595.1,1016.1
2026-01-23 05:30:00,1769146200000,595.1,595.5,594.7,594.7,131.96
2026-01-23 05:45:00,1769147100000,594.7,595.4,594.2,595.3,361.4
2026-01-23 06:00:00,1769148000000,595.3,595.3,594.5,594.7,245.1
2026-01-23 06:15:00,1769148900000,594.7,595.4,593.8,595.0,265.22
2026-01-23 06:30:00,1769149800000,595.0,596.5,595.0,596.2,127.09
2026-01-23 06:45:00,1769150700000,596.2,596.6,595.4,595.6,106.62
2026-01-23 07:00:00,1769151600000,595.6,595.9,594.9,595.0,245.74
2026-01-23 07:15:00,1769152500000,595.0,595.9,594.2,595.9,135.81
2026-01-23 07:30:00,1769153400000,595.9,596.0,595.5,595.6,170.9
2026-01-23 07:45:00,1769154300000,595.6,595.7,594.1,594.1,115.51
2026-01-23 08:00:00,1769155200000,594.1,594.9,593.6,593.9,324.66
2026-01-23 08:15:00,1769156100000,593.9,594.4,593.3,593.3,204.66
2026-01-23 08:30:00,1769157000000,593.3,594.0,591.4,593.4,801.84
2026-01-23 08:45:00,1769157900000,593.4,594.2,591.7,592.0,931.52
2026-01-23 09:00:00,1769158800000,592.0,593.4,592.0,593.0,151.33
2026-01-23 09:15:00,1769159700000,593.0,594.0,592.8,593.9,344.21
2026-01-23 09:30:00,1769160600000,593.9,594.7,593.0,594.5,239.5
2026-01-23 09:45:00,1769161500000,594.5,594.6,593.8,593.9,269.32
2026-01-23 10:00:00,1769162400000,593.9,593.9,591.8,592.8,346.35
2026-01-23 10:15:00,1769163300000,592.8,593.4,592.3,593.4,120.7
2026-01-23 10:30:00,1769164200000,593.4,593.4,592.1,592.7,65.88
2026-01-23 10:45:00,1769165100000,592.7,592.9,592.1,592.2,105.31
2026-01-23 11:00:00,1769166000000,592.2,594.2,592.0,594.2,476.5
2026-01-23 11:15:00,1769166900000,594.2,595.0,594.1,595.0,150.22
2026-01-23 11:30:00,1769167800000,595.0,596.1,594.9,595.0,295.27
2026-01-23 11:45:00,1769168700000,595.0,595.2,594.3,594.7,77.51
2026-01-23 12:00:00,1769169600000,594.7,596.0,594.6,595.4,257.34
2026-01-23 12:15:00,1769170500000,595.4,595.5,594.8,595.1,161.71
2026-01-23 12:30:00,1769171400000,595.1,596.1,594.4,596.1,161.37
2026-01-23 12:45:00,1769172300000,596.1,598.7,596.1,597.7,1122.38
2026-01-23 13:00:00,1769173200000,597.7,598.8,597.5,597.9,348.64
2026-01-23 13:15:00,1769174100000,597.9,597.9,596.1,596.1,121.25
2026-01-23 13:30:00,1769175000000,596.1,596.3,595.2,595.8,101.12
2026-01-23 13:45:00,1769175900000,595.8,596.8,595.8,596.7,125.91
2026-01-23 14:00:00,1769176800000,596.7,597.9,596.4,597.0,305.43
2026-01-23 14:15:00,1769177700000,597.0,598.4,596.3,598.2,194.04
2026-01-23 14:30:00,1769178600000,598.2,598.5,594.7,595.8,887.6
2026-01-23 14:45:00,1769179500000,595.8,596.1,592.8,594.3,843.66
2026-01-23 15:00:00,1769180400000,594.3,594.5,591.9,591.9,990.62
2026-01-23 15:15:00,1769181300000,591.9,593.8,589.7,591.6,2888.78
2026-01-23 15:30:00,1769182200000,591.6,593.2,591.3,593.1,375.45
2026-01-23 15:45:00,1769183100000,593.1,594.3,591.9,593.7,1523.93
2026-01-23 16:00:00,1769184000000,593.7,595.3,593.1,594.3,753.35
2026-01-23 16:15:00,1769184900000,594.3,594.3,591.7,592.6,211.99
2026-01-23 16:30:00,1769185800000,592.6,595.7,591.4,595.0,930.18
2026-01-23 16:45:00,1769186700000,595.0,595.8,593.3,593.4,322.37
2026-01-23 17:00:00,1769187600000,593.4,594.2,592.3,593.5,193.46
2026-01-23 17:15:00,1769188500000,593.5,597.5,593.5,597.3,706.29
2026-01-23 17:30:00,1769189400000,597.3,599.2,596.7,597.1,769.97
2026-01-23 17:45:00,1769190300000,597.1,598.6,595.6,595.7,264.9
2026-01-23 18:00:00,1769191200000,595.7,597.9,594.9,596.1,375.48
2026-01-23 18:15:00,1769192100000,596.1,597.4,595.7,596.9,228.34
2026-01-23 18:30:00,1769193000000,596.9,597.7,595.8,596.2,813.44
2026-01-23 18:45:00,1769193900000,596.2,596.7,595.3,595.9,168.45
2026-01-23 19:00:00,1769194800000,595.9,595.9,594.6,595.3,227.6
2026-01-23 19:15:00,1769195700000,595.3,595.3,591.9,593.6,1242.98
2026-01-23 19:30:00,1769196600000,593.6,593.6,591.9,592.5,355.06
2026-01-23 19:45:00,1769197500000,592.5,593.2,591.9,592.7,130.73
2026-01-23 20:00:00,1769198400000,592.7,592.8,590.2,590.7,531.03
2026-01-23 20:15:00,1769199300000,590.7,591.1,589.5,589.8,233.87
2026-01-23 20:30:00,1769200200000,589.8,589.8,585.9,587.3,746.26
2026-01-23 20:45:00,1769201100000,587.3,587.5,586.0,587.0,250.93
2026-01-23 21:00:00,1769202000000,587.0,590.0,586.6,590.0,432.76
2026-01-23 21:15:00,1769202900000,590.0,591.5,589.7,590.7,312.06
2026-01-23 21:30:00,1769203800000,590.7,590.7,589.0,589.5,79.6
2026-01-23 21:45:00,1769204700000,589.5,590.7,589.5,590.0,105.41
2026-01-23 22:00:00,1769205600000,590.0,593.7,590.0,593.0,648.17
2026-01-23 22:15:00,1769206500000,593.0,593.8,592.6,593.6,126.41
2026-01-23 22:30:00,1769207400000,593.6,593.8,592.9,593.1,127.71
2026-01-23 22:45:00,1769208300000,593.1,595.0,593.1,593.3,422.14
2026-01-23 23:00:00,1769209200000,593.3,594.0,592.8,593.6,158.96
2026-01-23 23:15:00,1769210100000,593.6,593.8,592.9,593.3,146.33
2026-01-23 23:30:00,1769211000000,593.3,594.8,593.2,594.8,81.49
2026-01-23 23:45:00,1769211900000,594.8,595.5,594.7,595.1,184.71
2026-01-24 00:00:00,1769212800000,595.1,595.5,594.2,594.4,179.73
2026-01-24 00:15:00,1769213700000,594.4,594.7,593.9,594.2,186.35
2026-01-24 00:30:00,1769214600000,594.2,596.4,594.2,595.2,280.78
2026-01-24 00:45:00,1769215500000,595.2,595.3,594.5,594.5,71.56
2026-01-24 01:00:00,1769216400000,594.5,594.7,593.9,594.7,153.21
2026-01-24 01:15:00,1769217300000,594.7,595.0,594.0,594.6,71.86
2026-01-24 01:30:00,1769218200000,594.6,594.6,591.8,592.3,295.35
2026-01-24 01:45:00,1769219100000,592.3,593.3,592.3,593.3,62.27
2026-01-24 02:00:00,1769220000000,593.3,593.5,592.6,593.1,141.27
2026-01-24 02:15:00,1769220900000,593.1,593.5,592.9,593.1,66.81
2026-01-24 02:30:00,1769221800000,593.1,593.6,593.0,593.5,76.52
2026-01-24 02:45:00,1769222700000,593.5,593.8,592.6,593.4,292.41
2026-01-24 03:00:00,1769223600000,593.4,594.4,592.5,594.0,367.09
2026-01-24 03:15:00,1769224500000,594.0,594.0,592.8,593.3,182.91
2026-01-24 03:30:00,1769225400000,593.3,593.3,592.7,593.0,79.58
2026-01-24 03:45:00,1769226300000,593.0,593.4,592.8,593.1,203.88
2026-01-24 04:00:00,1769227200000,593.1,595.8,593.1,595.5,244.81
2026-01-24 04:15:00,1769228100000,595.5,596.5,595.1,595.6,255.82
2026-01-24 04:30:00,1769229000000,595.6,596.0,594.9,595.1,85.7
2026-01-24 04:45:00,1769229900000,595.1,597.1,594.7,596.1,413.88
2026-01-24 05:00:00,1769230800000,596.1,596.6,595.6,595.9,163.19
2026-01-24 05:15:00,1769231700000,595.9,596.6,595.0,595.0,181.92
2026-01-24 05:30:00,1769232600000,595.0,595.2,592.4,592.5,316.78
2026-01-24 05:45:00,1769233500000,592.5,593.2,592.5,593.2,190.69
2026-01-24 06:00:00,1769234400000,593.2,593.2,592.2,592.5,182.44
2026-01-24 06:15:00,1769235300000,592.5,592.5,591.4,592.0,271.23
2026-01-24 06:30:00,1769236200000,592.0,592.7,592.0,592.4,107.08
2026-01-24 06:45:00,1769237100000,592.4,592.6,592.1,592.5,74.63
2026-01-24 07:00:00,1769238000000,592.5,593.0,591.2,591.2,110.75
2026-01-24 07:15:00,1769238900000,591.2,591.2,590.1,590.8,151.04
2026-01-24 07:30:00,1769239800000,590.8,592.7,590.6,592.7,237.02
2026-01-24 07:45:00,1769240700000,592.7,593.8,592.6,593.1,110.25
2026-01-24 08:00:00,1769241600000,593.1,593.2,592.3,593.2,104.71
2026-01-24 08:15:00,1769242500000,593.2,593.5,592.7,593.4,99.4
2026-01-24 08:30:00,1769243400000,593.4,595.7,593.4,595.1,571.49
2026-01-24 08:45:00,1769244300000,595.1,595.9,594.9,595.4,233.04
2026-01-24 09:00:00,1769245200000,595.4,595.6,594.8,595.0,110.25
2026-01-24 09:15:00,1769246100000,595.0,595.4,594.9,595.1,93.4
2026-01-24 09:30:00,1769247000000,595.1,595.5,594.9,595.2,281.72
2026-01-24 09:45:00,1769247900000,595.2,595.2,594.2,595.1,96.63
2026-01-24 10:00:00,1769248800000,595.1,596.6,595.0,596.1,249.28
2026-01-24 10:15:00,1769249700000,596.1,596.5,595.7,595.8,176.01
2026-01-24 10:30:00,1769250600000,595.8,596.7,595.7,596.5,182.59
2026-01-24 10:45:00,1769251500000,596.5,596.8,596.5,596.5,48.87
2026-01-24 11:00:00,1769252400000,596.5,598.1,596.5,597.7,295.13
2026-01-24 11:15:00,1769253300000,597.7,598.6,597.7,597.7,269.98
2026-01-24 11:30:00,1769254200000,597.7,598.4,597.3,598.2,219.9
2026-01-24 11:45:00,1769255100000,598.2,598.3,597.0,597.2,129.92
2026-01-24 12:00:00,1769256000000,597.2,597.7,596.7,597.3,134.61
2026-01-24 12:15:00,1769256900000,597.3,598.1,596.8,598.0,245.08
2026-01-24 12:30:00,1769257800000,598.0,598.6,597.8,597.8,206.23
2026-01-24 12:45:00,1769258700000,597.8,597.8,596.0,597.1,252.42
2026-01-24 13:00:00,1769259600000,597.1,597.2,595.9,596.5,228.24
2026-01-24 13:15:00,1769260500000,596.5,596.5,595.6,596.3,129.37
2026-01-24 13:30:00,1769261400000,596.3,596.9,596.3,596.9,125.55
2026-01-24 13:45:00,1769262300000,596.9,598.2,596.7,596.7,346.17
2026-01-24 14:00:00,1769263200000,596.7,597.3,595.7,595.8,406.55
2026-01-24 14:15:00,1769264100000,595.8,596.3,595.3,595.9,204.37
2026-01-24 14:30:00,1769265000000,595.9,596.6,595.9,596.2,147.59
2026-01-24 14:45:00,1769265900000,596.2,596.7,596.2,596.4,26.75
2026-01-24 15:00:00,1769266800000,596.4,598.0,596.4,597.7,212.62
2026-01-24 15:15:00,1769267700000,597.7,597.7,596.2,596.3,73.54
2026-01-24 15:30:00,1769268600000,596.3,596.5,594.7,595.0,315.16
2026-01-24 15:45:00,1769269500000,595.0,595.9,594.9,595.9,94.23
2026-01-24 16:00:00,1769270400000,595.9,596.2,593.2,593.4,609.15
2026-01-24 16:15:00,1769271300000,593.4,593.6,592.1,593.4,362.03
2026-01-24 16:30:00,1769272200000,593.4,594.1,592.7,592.8,434.91
2026-01-24 16:45:00,1769273100000,592.8,594.3,592.7,594.2,359.82
2026-01-24 17:00:00,1769274000000,594.2,594.4,593.5,594.3,223.66
2026-01-24 17:15:00,1769274900000,594.3,594.7,594.0,594.3,106.25
2026-01-24 17:30:00,1769275800000,594.3,594.3,593.7,593.8,155.18
2026-01-24 17:45:00,1769276700000,593.8,594.6,593.4,594.5,180.72
2026-01-24 18:00:00,1769277600000,594.5,594.9,594.2,594.6,104.58
2026-01-24 18:15:00,1769278500000,594.6,594.7,594.1,594.1,93.18
2026-01-24 18:30:00,1769279400000,594.1,595.7,594.1,595.6,216.18
2026-01-24 18:45:00,1769280300000,595.6,596.1,595.6,595.8,168.52
2026-01-24 19:00:00,1769281200000,595.8,596.5,595.6,595.7,346.39
2026-01-24 19:15:00,1769282100000,595.7,596.0,593.9,594.4,330.54
2026-01-24 19:30:00,1769283000000,594.4,595.0,594.3,594.7,142.81
2026-01-24 19:45:00,1769283900000,594.7,594.8,594.3,594.3,78.91
2026-01-24 20:00:00,1769284800000,594.3,594.4,593.1,593.8,226.42
2026-01-24 20:15:00,1769285700000,593.8,594.8,593.7,594.5,89.66
2026-01-24 20:30:00,1769286600000,594.5,594.5,594.1,594.3,27.91
2026-01-24 20:45:00,1769287500000,594.3,594.4,593.5,593.9,36.54
2026-01-24 21:00:00,1769288400000,593.9,594.4,593.0,594.4,99.3
2026-01-24 21:15:00,1769289300000,594.4,594.4,593.7,593.9,63.18
2026-01-24 21:30:00,1769290200000,593.9,594.6,593.7,594.6,51.21
2026-01-24 21:45:00,1769291100000,594.6,594.6,593.9,594.2,27.74
2026-01-24 22:00:00,1769292000000,594.2,594.5,593.9,594.5,134.98
2026-01-24 22:15:00,1769292900000,594.5,594.6,593.9,594.1,31.72
2026-01-24 22:30:00,1769293800000,594.1,594.9,593.6,594.4,100.9
2026-01-24 22:45:00,1769294700000,594.4,594.6,594.1,594.6,118.13
2026-01-24 23:00:00,1769295600000,594.6,594.8,593.8,594.1,271.77
2026-01-24 23:15:00,1769296500000,594.1,595.0,593.8,594.8,263.09
2026-01-24 23:30:00,1769297400000,594.8,594.9,593.7,593.8,255.36
2026-01-24 23:45:00,1769298300000,593.8,594.2,593.0,593.1,122.44
2026-01-25 00:00:00,1769299200000,593.1,593.9,593.1,593.9,62.67
2026-01-25 00:15:00,1769300100000,593.9,595.5,593.5,594.1,450.64
2026-01-25 00:30:00,1769301000000,594.1,594.1,593.1,593.5,375.84
2026-01-25 00:45:00,1769301900000,593.5,594.6,593.5,594.6,53.85
2026-01-25 01:00:00,1769302800000,594.6,595.1,594.2,594.3,75.07
2026-01-25 01:15:00,1769303700000,594.3,594.6,593.5,593.7,288.77
2026-01-25 01:30:00,1769304600000,593.7,593.7,593.1,593.2,77.4
2026-01-25 01:45:00,1769305500000,593.2,593.5,592.4,592.6,132.28
2026-01-25 02:00:00,1769306400000,592.6,593.3,592.4,592.6,78.0
2026-01-25 02:15:00,1769307300000,592.6,592.6,591.4,592.0,618.62
2026-01-25 02:30:00,1769308200000,592.0,592.8,591.9,592.5,403.9
2026-01-25 02:45:00,1769309100000,592.5,593.1,592.1,592.3,179.35
2026-01-25 03:00:00,1769310000000,592.3,593.5,592.2,593.2,256.4
2026-01-25 03:15:00,1769310900000,593.2,593.2,592.2,592.3,220.15
2026-01-25 03:30:00,1769311800000,592.3,592.6,590.7,591.6,578.21
2026-01-25 03:45:00,1769312700000,591.6,591.8,591.2,591.7,65.54
2026-01-25 04:00:00,1769313600000,591.7,592.1,590.8,590.9,159.54
2026-01-25 04:15:00,1769314500000,590.9,591.5,590.4,591.5,216.37
2026-01-25 04:30:00,1769315400000,591.5,592.7,591.4,592.1,239.02
2026-01-25 04:45:00,1769316300000,592.1,592.5,591.7,591.7,144.4
2026-01-25 05:00:00,1769317200000,591.7,592.3,591.5,592.2,56.35
2026-01-25 05:15:00,1769318100000,592.2,592.4,591.4,591.5,64.25
2026-01-25 05:30:00,1769319000000,591.5,592.0,591.1,591.8,58.06
2026-01-25 05:45:00,1769319900000,591.8,592.6,591.8,592.6,227.37
2026-01-25 06:00:00,1769320800000,592.6,592.6,591.5,591.5,83.56
2026-01-25 06:15:00,1769321700000,591.5,592.3,591.3,592.3,135.88
2026-01-25 06:30:00,1769322600000,592.3,593.8,592.2,593.8,175.64
2026-01-25 06:45:00,1769323500000,593.8,594.2,593.3,593.4,104.83
2026-01-25 07:00:00,1769324400000,593.4,593.4,591.2,591.2,43.76
2026-01-25 07:15:00,1769325300000,591.2,591.3,590.7,591.0,194.3
2026-01-25 07:30:00,1769326200000,591.0,591.9,590.7,591.1,113.81
2026-01-25 07:45:00,1769327100000,591.1,591.4,590.6,590.9,107.06
2026-01-25 08:00:00,1769328000000,590.9,591.6,590.7,591.3,211.88
2026-01-25 08:15:00,1769328900000,591.3,592.5,591.3,592.2,61.17
2026-01-25 08:30:00,1769329800000,592.2,592.2,588.1,590.1,1074.68
2026-01-25 08:45:00,1769330700000,590.1,590.1,589.2,589.2,94.94
2026-01-25 09:00:00,1769331600000,589.2,590.2,588.9,590.1,200.45
2026-01-25 09:15:00,1769332500000,590.1,590.4,589.5,590.1,352.7
2026-01-25 09:30:00,1769333400000,590.1,591.8,590.0,591.8,153.84
2026-01-25 09:45:00,1769334300000,591.8,591.8,590.1,590.3,332.55
2026-01-25 10:00:00,1769335200000,590.3,590.3,587.8,588.2,749.43
2026-01-25 10:15:00,1769336100000,588.2,590.6,588.2,590.6,339.87
2026-01-25 10:30:00,1769337000000,590.6,590.8,589.3,589.6,122.97
2026-01-25 10:45:00,1769337900000,589.6,589.6,588.6,588.6,179.28
2026-01-25 11:00:00,1769338800000,588.6,588.6,587.6,588.0,481.35
2026-01-25 11:15:00,1769339700000,588.0,588.4,587.9,588.2,307.73
2026-01-25 11:30:00,1769340600000,588.2,588.2,586.1,586.5,698.99
2026-01-25 11:45:00,1769341500000,586.5,587.0,586.2,586.6,528.79
2026-01-25 12:00:00,1769342400000,586.6,587.4,586.4,587.1,423.35
2026-01-25 12:15:00,1769343300000,587.1,587.1,585.6,586.1,313.55
2026-01-25 12:30:00,1769344200000,586.1,586.5,585.6,586.3,136.06
2026-01-25 12:45:00,1769345100000,586.3,586.9,585.2,586.7,347.85
2026-01-25 13:00:00,1769346000000,586.7,587.3,585.8,586.1,256.43
2026-01-25 13:15:00,1769346900000,586.1,587.3,585.9,586.2,737.31
2026-01-25 13:30:00,1769347800000,586.2,586.4,586.0,586.1,104.72
2026-01-25 13:45:00,1769348700000,586.1,587.2,586.1,586.7,125.61
2026-01-25 14:00:00,1769349600000,586.7,587.0,585.3,585.5,188.93
2026-01-25 14:15:00,1769350500000,585.5,586.0,584.7,585.6,343.95
2026-01-25 14:30:00,1769351400000,585.6,585.7,583.6,583.7,559.87
2026-01-25 14:45:00,1769352300000,583.7,583.7,581.9,582.8,721.38
2026-01-25 15:00:00,1769353200000,582.8,582.9,582.0,582.6,237.03
2026-01-25 15:15:00,1769354100000,582.6,582.8,579.9,582.0,3042.36
2026-01-25 15:30:00,1769355000000,582.0,582.0,581.1,581.2,154.7
2026-01-25 15:45:00,1769355900000,581.2,582.1,578.5,581.9,2247.37
2026-01-25 16:00:00,1769356800000,581.9,581.9,579.1,579.2,1113.6
2026-01-25 16:15:00,1769357700000,579.2,579.2,576.0,578.5,2504.92
2026-01-25 16:30:00,1769358600000,578.5,579.5,576.2,576.2,493.99
2026-01-25 16:45:00,1769359500000,576.2,577.5,575.9,577.3,220.87
2026-01-25 17:00:00,1769360400000,577.3,578.3,576.9,576.9,297.7
2026-01-25 17:15:00,1769361300000,576.9,577.7,576.4,577.2,154.81
2026-01-25 17:30:00,1769362200000,577.2,579.2,576.6,579.2,217.04
2026-01-25 17:45:00,1769363100000,579.2,579.4,577.8,577.9,389.04
2026-01-25 18:00:00,1769364000000,577.9,578.0,574.7,577.0,825.21
2026-01-25 18:15:00,1769364900000,577.0,578.3,575.3,575.6,436.94
2026-01-25 18:30:00,1769365800000,575.6,575.7,572.4,573.6,1586.44
2026-01-25 18:45:00,1769366700000,573.6,575.2,573.2,574.6,620.25
2026-01-25 19:00:00,1769367600000,574.6,574.8,573.0,573.2,427.58
2026-01-25 19:15:00,1769368500000,573.2,573.2,567.6,568.1,2041.41
2026-01-25 19:30:00,1769369400000,568.1,571.6,567.9,570.6,772.98
2026-01-25 19:45:00,1769370300000,570.6,570.6,566.2,568.5,1093.81
2026-01-25 20:00:00,1769371200000,568.5,570.4,566.0,568.3,2494.95
2026-01-25 20:15:00,1769372100000,568.3,569.0,566.0,567.7,1040.42
2026-01-25 20:30:00,1769373000000,567.7,567.9,563.1,566.9,2407.31
2026-01-25 20:45:00,1769373900000,566.9,567.6,564.6,567.1,1393.23
2026-01-25 21:00:00,1769374800000,567.1,569.7,567.1,569.6,838.24
2026-01-25 21:15:00,1769375700000,569.6,570.7,568.5,568.9,530.54
2026-01-25 21:30:00,1769376600000,568.9,569.4,566.3,567.0,458.74
2026-01-25 21:45:00,1769377500000,567.0,570.1,567.0,569.9,437.81
2026-01-25 22:00:00,1769378400000,569.9,570.0,568.0,569.6,831.54
2026-01-25 22:15:00,1769379300000,569.6,569.7,567.1,567.2,422.37
2026-01-25 22:30:00,1769380200000,567.2,568.9,566.9,568.0,269.04
2026-01-25 22:45:00,1769381100000,568.0,568.7,566.4,567.7,202.22
2026-01-25 23:00:00,1769382000000,567.7,568.3,565.3,568.2,404.3
2026-01-25 23:15:00,1769382900000,568.2,570.3,567.1,569.0,501.78
2026-01-25 23:30:00,1769383800000,569.0,569.9,568.6,569.8,138.95
2026-01-25 23:45:00,1769384700000,569.8,572.4,569.7,571.8,372.57
2026-01-26 00:00:00,1769385600000,571.8,573.3,570.7,572.9,519.43
2026-01-26 00:15:00,1769386500000,572.9,577.8,572.8,574.1,1420.36
2026-01-26 00:30:00,1769387400000,574.1,574.5,572.9,573.3,1224.03
2026-01-26 00:45:00,1769388300000,573.3,575.5,573.0,574.8,443.79
2026-01-26 01:00:00,1769389200000,574.8,581.1,574.8,578.3,2129.67
2026-01-26 01:15:00,1769390100000,578.3,580.4,578.2,578.9,342.28
2026-01-26 01:30:00,1769391000000,578.9,580.7,578.8,579.8,313.31
2026-01-26 01:45:00,1769391900000,579.8,582.6,579.8,580.7,883.73
2026-01-26 02:00:00,1769392800000,580.7,580.8,578.1,578.4,280.4
2026-01-26 02:15:00,1769393700000,578.4,580.0,577.1,579.8,567.57
2026-01-26 02:30:00,1769394600000,579.8,580.2,578.2,578.2,245.82
2026-01-26 02:45:00,1769395500000,578.2,579.0,578.0,578.2,175.47
2026-01-26 03:00:00,1769396400000,578.2,580.1,578.2,578.5,798.31
2026-01-26 03:15:00,1769397300000,578.5,578.5,575.7,575.8,624.92
2026-01-26 03:30:00,1769398200000,575.8,576.0,573.4,574.7,767.55
2026-01-26 03:45:00,1769399100000,574.7,574.7,573.4,574.7,205.03
2026-01-26 04:00:00,1769400000000,574.7,577.0,574.4,576.6,220.67
2026-01-26 04:15:00,1769400900000,576.6,580.2,576.5,579.4,311.4
2026-01-26 04:30:00,1769401800000,579.4,579.5,578.0,578.1,204.26
2026-01-26 04:45:00,1769402700000,578.1,578.8,577.9,578.3,252.92
2026-01-26 05:00:00,1769403600000,578.3,578.6,577.0,577.0,259.79
2026-01-26 05:15:00,1769404500000,577.0,578.3,576.8,578.3,231.39
2026-01-26 05:30:00,1769405400000,578.3,578.5,577.7,578.3,65.86
2026-01-26 05:45:00,1769406300000,578.3,579.2,577.9,578.7,158.29
2026-01-26 06:00:00,1769407200000,578.7,578.8,577.5,577.6,117.49
2026-01-26 06:15:00,1769408100000,577.6,578.2,577.1,578.1,160.21
2026-01-26 06:30:00,1769409000000,578.1,578.4,577.4,578.3,312.63
2026-01-26 06:45:00,1769409900000,578.3,579.7,578.3,579.0,327.99
2026-01-26 07:00:00,1769410800000,579.0,579.1,578.0,578.9,236.5
2026-01-26 07:15:00,1769411700000,578.9,579.5,578.3,578.3,237.83
2026-01-26 07:30:00,1769412600000,578.3,579.9,577.9,579.3,92.8
2026-01-26 07:45:00,1769413500000,579.3,580.5,579.2,580.1,72.35
2026-01-26 08:00:00,1769414400000,580.1,580.4,579.6,579.7,164.08
2026-01-26 08:15:00,1769415300000,579.7,583.0,579.1,581.5,653.07
2026-01-26 08:30:00,1769416200000,581.5,581.8,580.8,580.9,137.14
2026-01-26 08:45:00,1769417100000,580.9,581.0,579.5,579.5,173.48
2026-01-26 09:00:00,1769418000000,579.5,579.5,577.0,577.0,388.84
2026-01-26 09:15:00,1769418900000,577.0,577.0,576.0,576.5,200.27
2026-01-26 09:30:00,1769419800000,576.5,576.6,575.4,575.8,125.65
2026-01-26 09:45:00,1769420700000,575.8,576.3,575.0,575.1,194.81
2026-01-26 10:00:00,1769421600000,575.1,577.0,575.1,576.2,161.45
2026-01-26 10:15:00,1769422500000,576.2,576.9,575.7,576.9,316.81
2026-01-26 10:30:00,1769423400000,576.9,577.4,576.9,577.2,236.37
2026-01-26 10:45:00,1769424300000,577.2,577.4,575.6,575.6,236.71
2026-01-26 11:00:00,1769425200000,575.6,577.6,575.5,577.4,411.85
2026-01-26 11:15:00,1769426100000,577.4,577.4,576.3,576.4,61.72
2026-01-26 11:30:00,1769427000000,576.4,576.5,576.2,576.4,87.11
2026-01-26 11:45:00,1769427900000,576.4,577.0,576.4,576.8,92.37
2026-01-26 12:00:00,1769428800000,576.8,578.3,576.7,578.0,210.57
2026-01-26 12:15:00,1769429700000,578.0,578.5,576.6,577.0,211.62
2026-01-26 12:30:00,1769430600000,577.0,577.3,575.6,575.8,317.61
2026-01-26 12:45:00,1769431500000,575.8,576.3,575.6,576.3,95.91
2026-01-26 13:00:00,1769432400000,576.3,576.9,575.1,576.0,193.65
2026-01-26 13:15:00,1769433300000,576.0,577.4,575.9,577.0,138.4
2026-01-26 13:30:00,1769434200000,577.0,578.0,576.9,577.7,170.29
2026-01-26 13:45:00,1769435100000,577.7,577.8,577.0,577.5,153.43
2026-01-26 14:00:00,1769436000000,577.5,578.3,575.7,576.0,272.01
2026-01-26 14:15:00,1769436900000,576.0,576.9,576.0,576.2,127.38
2026-01-26 14:30:00,1769437800000,576.2,581.2,575.5,579.5,1392.11
2026-01-26 14:45:00,1769438700000,579.5,580.0,578.1,579.5,234.2
2026-01-26 15:00:00,1769439600000,579.5,583.0,578.2,582.5,1877.2
2026-01-26 15:15:00,1769440500000,582.5,582.8,580.2,580.4,534.12
2026-01-26 15:30:00,1769441400000,580.4,580.7,576.1,576.5,611.91
2026-01-26 15:45:00,1769442300000,576.5,578.1,576.3,577.2,169.44
2026-01-26 16:00:00,1769443200000,577.2,577.8,575.4,575.9,384.87
2026-01-26 16:15:00,1769444100000,575.9,577.3,574.2,576.4,400.7
2026-01-26 16:30:00,1769445000000,576.4,577.8,575.7,576.1,191.11
2026-01-26 16:45:00,1769445900000,576.1,579.0,575.9,577.3,298.79
2026-01-26 17:00:00,1769446800000,577.3,578.4,576.0,576.0,435.66
2026-01-26 17:15:00,1769447700000,576.0,576.7,574.7,575.3,657.84
2026-01-26 17:30:00,1769448600000,575.3,576.2,573.3,576.2,396.84
2026-01-26 17:45:00,1769449500000,576.2,577.0,575.3,576.5,319.24
2026-01-26 18:00:00,1769450400000,576.5,578.4,576.2,578.4,287.7
2026-01-26 18:15:00,1769451300000,578.4,580.7,577.7,580.5,394.02
2026-01-26 18:30:00,1769452200000,580.5,581.8,579.3,579.5,665.13
2026-01-26 18:45:00,1769453100000,579.5,580.9,579.1,580.8,299.73
2026-01-26 19:00:00,1769454000000,580.8,581.2,579.5,579.8,218.13
2026-01-26 19:15:00,1769454900000,579.8,580.1,578.2,578.2,86.52
2026-01-26 19:30:00,1769455800000,578.2,580.0,577.9,579.9,531.18
2026-01-26 19:45:00,1769456700000,579.9,580.1,576.9,577.1,253.64
2026-01-26 20:00:00,1769457600000,577.1,578.5,577.0,577.2,207.54
2026-01-26 20:15:00,1769458500000,577.2,577.6,576.3,577.3,238.96
2026-01-26 20:30:00,1769459400000,577.3,577.3,576.0,576.1,93.36
2026-01-26 20:45:00,1769460300000,576.1,576.2,574.9,575.3,112.48
2026-01-26 21:00:00,1769461200000,575.3,576.2,575.0,576.0,161.02
2026-01-26 21:15:00,1769462100000,576.0,576.3,575.2,576.3,50.55
2026-01-26 21:30:00,1769463000000,576.3,579.7,576.1,578.9,515.89
2026-01-26 21:45:00,1769463900000,578.9,579.5,578.5,578.8,150.23
2026-01-26 22:00:00,1769464800000,578.8,579.3,578.2,578.2,562.08
2026-01-26 22:15:00,1769465700000,578.2,578.3,577.3,577.8,179.78
2026-01-26 22:30:00,1769466600000,577.8,578.6,576.8,578.2,249.32
2026-01-26 22:45:00,1769467500000,578.2,579.2,578.1,578.4,63.4
2026-01-26 23:00:00,1769468400000,578.4,579.7,577.9,579.1,230.3
2026-01-26 23:15:00,1769469300000,579.1,580.2,578.6,579.7,84.79
2026-01-26 23:30:00,1769470200000,579.7,580.6,579.3,579.9,487.36
2026-01-26 23:45:00,1769471100000,579.9,580.3,578.2,578.2,253.94
2026-01-27 00:00:00,1769472000000,578.2,578.4,577.1,577.3,289.13
2026-01-27 00:15:00,1769472900000,577.3,578.4,577.2,578.2,134.69
2026-01-27 00:30:00,1769473800000,578.2,578.7,578.0,578.0,70.47
2026-01-27 00:45:00,1769474700000,578.0,579.6,577.7,579.5,63.76
2026-01-27 01:00:00,1769475600000,579.5,579.5,577.5,578.4,253.98
2026-01-27 01:15:00,1769476500000,578.4,580.1,578.4,579.7,168.26
2026-01-27 01:30:00,1769477400000,579.7,581.2,579.3,580.5,316.64
2026-01-27 01:45:00,1769478300000,580.5,581.1,579.9,580.4,482.7
2026-01-27 02:00:00,1769479200000,580.4,582.2,580.4,581.3,718.91
2026-01-27 02:15:00,1769480100000,581.3,581.4,579.9,579.9,107.56
2026-01-27 02:30:00,1769481000000,579.9,588.8,579.7,586.6,3769.97
2026-01-27 02:45:00,1769481900000,586.6,598.6,585.6,594.6,6582.14
2026-01-27 03:00:00,1769482800000,594.6,595.1,591.9,594.6,4357.07
2026-01-27 03:15:00,1769483700000,594.6,595.6,593.5,593.5,2561.56
2026-01-27 03:30:00,1769484600000,593.5,596.3,593.5,595.4,578.5
2026-01-27 03:45:00,1769485500000,595.4,595.6,592.4,592.7,471.33
2026-01-27 04:00:00,1769486400000,592.7,593.1,591.0,591.3,531.51
2026-01-27 04:15:00,1769487300000,591.3,591.9,590.5,591.1,372.87
2026-01-27 04:30:00,1769488200000,591.1,591.2,589.0,589.6,355.89
2026-01-27 04:45:00,1769489100000,589.6,590.2,588.3,588.8,243.24
2026-01-27 05:00:00,1769490000000,588.8,588.9,587.1,588.0,306.06
2026-01-27 05:15:00,1769490900000,588.0,588.5,587.0,588.3,379.14
2026-01-27 05:30:00,1769491800000,588.3,589.7,588.3,589.0,209.45
2026-01-27 05:45:00,1769492700000,589.0,590.2,588.7,589.9,144.41
2026-01-27 06:00:00,1769493600000,589.9,590.7,589.7,590.6,195.81
2026-01-27 06:15:00,1769494500000,590.6,590.8,589.4,590.2,191.35
2026-01-27 06:30:00,1769495400000,590.2,590.2,589.1,589.6,360.57
2026-01-27 06:45:00,1769496300000,589.6,590.2,589.5,589.8,114.89
2026-01-27 07:00:00,1769497200000,589.8,591.0,588.9,590.2,246.37
2026-01-27 07:15:00,1769498100000,590.2,591.9,590.2,591.9,161.2
2026-01-27 07:30:00,1769499000000,591.9,592.5,590.9,591.0,361.02
2026-01-27 07:45:00,1769499900000,591.0,591.3,588.5,589.1,255.33
2026-01-27 08:00:00,1769500800000,589.1,590.2,588.5,588.5,491.47
2026-01-27 08:15:00,1769501700000,588.5,588.9,588.0,588.4,674.42
2026-01-27 08:30:00,1769502600000,588.4,588.8,587.9,588.4,120.84
2026-01-27 08:45:00,1769503500000,588.4,589.0,588.4,588.4,61.13
2026-01-27 09:00:00,1769504400000,588.4,588.4,587.0,587.7,289.94
2026-01-27 09:15:00,1769505300000,587.7,590.4,587.7,588.9,608.58
2026-01-27 09:30:00,1769506200000,588.9,591.1,588.9,591.0,214.86
2026-01-27 09:45:00,1769507100000,591.0,591.4,590.3,591.2,478.46
2026-01-27 10:00:00,1769508000000,591.2,593.9,590.7,593.5,839.76
2026-01-27 10:15:00,1769508900000,593.5,593.9,592.0,592.4,419.66
2026-01-27 10:30:00,1769509800000,592.4,592.7,591.3,591.5,279.56
2026-01-27 10:45:00,1769510700000,591.5,591.7,590.5,591.1,300.57
2026-01-27 11:00:00,1769511600000,591.1,591.2,589.9,590.0,407.29
2026-01-27 11:15:00,1769512500000,590.0,590.3,589.1,589.2,295.5
2026-01-27 11:30:00,1769513400000,589.2,589.6,588.8,589.6,107.25
2026-01-27 11:45:00,1769514300000,589.6,590.2,589.4,590.0,129.62
2026-01-27 12:00:00,1769515200000,590.0,590.5,589.5,589.6,159.58
2026-01-27 12:15:00,1769516100000,589.6,590.1,589.3,589.6,164.3
2026-01-27 12:30:00,1769517000000,589.6,589.6,588.5,588.6,171.36
2026-01-27 12:45:00,1769517900000,588.6,589.0,587.8,588.9,327.09
2026-01-27 13:00:00,1769518800000,588.9,590.7,588.8,589.8,462.96
2026-01-27 13:15:00,1769519700000,589.8,589.8,587.3,587.3,422.83
2026-01-27 13:30:00,1769520600000,587.3,589.0,587.2,587.7,348.97
2026-01-27 13:45:00,1769521500000,587.7,588.0,586.2,587.3,500.35
2026-01-27 14:00:00,1769522400000,587.3,589.6,587.2,589.3,197.64
2026-01-27 14:15:00,1769523300000,589.3,591.7,589.3,590.6,936.67
2026-01-27 14:30:00,1769524200000,590.6,591.1,589.0,589.0,567.48
2026-01-27 14:45:00,1769525100000,589.0,589.9,588.3,588.5,432.89
2026-01-27 15:00:00,1769526000000,588.5,589.4,587.1,587.6,436.97
2026-01-27 15:15:00,1769526900000,587.6,587.8,585.7,586.0,277.25
2026-01-27 15:30:00,1769527800000,586.0,586.7,585.7,586.3,521.63
2026-01-27 15:45:00,1769528700000,586.3,589.7,586.0,589.1,1706.33
2026-01-27 16:00:00,1769529600000,589.1,592.1,589.0,591.6,742.28
2026-01-27 16:15:00,1769530500000,591.6,593.3,590.9,590.9,485.88
2026-01-27 16:30:00,1769531400000,590.9,594.3,590.9,593.9,275.33
2026-01-27 16:45:00,1769532300000,593.9,594.3,593.2,594.1,240.63
2026-01-27 17:00:00,1769533200000,594.1,594.1,590.4,590.4,394.77
2026-01-27 17:15:00,1769534100000,590.4,592.0,588.9,591.8,878.09
2026-01-27 17:30:00,1769535000000,591.8,591.8,588.0,588.1,394.0
2026-01-27 17:45:00,1769535900000,588.1,589.6,587.8,589.4,163.0
2026-01-27 18:00:00,1769536800000,589.4,591.3,588.7,590.1,256.53
2026-01-27 18:15:00,1769537700000,590.1,591.3,590.1,590.5,144.86
2026-01-27 18:30:00,1769538600000,590.5,591.1,589.8,590.5,118.9
2026-01-27 18:45:00,1769539500000,590.5,595.3,590.4,594.2,392.37
2026-01-27 19:00:00,1769540400000,594.2,595.4,593.5,595.1,375.26
2026-01-27 19:15:00,1769541300000,595.1,596.4,594.6,595.2,650.23
2026-01-27 19:30:00,1769542200000,595.2,596.1,594.1,596.1,304.04
2026-01-27 19:45:00,1769543100000,596.1,596.4,595.1,595.4,306.2
2026-01-27 20:00:00,1769544000000,595.4,597.4,595.1,597.1,344.31
2026-01-27 20:15:00,1769544900000,597.1,600.2,596.9,598.1,1537.3
2026-01-27 20:30:00,1769545800000,598.1,598.8,597.2,597.4,337.6
2026-01-27 20:45:00,1769546700000,597.4,599.8,597.4,599.6,348.77
2026-01-27 21:00:00,1769547600000,599.6,600.3,599.1,599.2,985.03
2026-01-27 21:15:00,1769548500000,599.2,599.5,598.2,598.4,259.08
2026-01-27 21:30:00,1769549400000,598.4,599.5,597.8,598.8,281.04
2026-01-27 21:45:00,1769550300000,598.8,599.3,598.1,598.5,212.65
2026-01-27 22:00:00,1769551200000,598.5,599.3,597.7,598.2,675.76
2026-01-27 22:15:00,1769552100000,598.2,601.0,597.5,600.3,569.36
2026-01-27 22:30:00,1769553000000,600.3,603.7,599.9,602.1,1142.04
2026-01-27 22:45:00,1769553900000,602.1,602.9,601.1,602.9,617.39
2026-01-27 23:00:00,1769554800000,602.9,602.9,600.2,602.4,671.39
2026-01-27 23:15:00,1769555700000,602.4,603.2,601.8,602.4,234.26
2026-01-27 23:30:00,1769556600000,602.4,602.7,601.3,601.9,170.85
2026-01-27 23:45:00,1769557500000,601.9,602.0,599.6,599.6,365.28
2026-01-28 00:00:00,1769558400000,599.6,600.3,598.9,599.3,670.33
2026-01-28 00:15:00,1769559300000,599.3,601.4,598.4,600.9,758.89
2026-01-28 00:30:00,1769560200000,600.9,601.6,598.7,598.7,345.57
2026-01-28 00:45:00,1769561100000,598.7,599.7,598.1,599.5,340.99
2026-01-28 01:00:00,1769562000000,599.5,600.4,598.5,599.5,419.22
2026-01-28 01:15:00,1769562900000,599.5,600.0,597.9,598.2,199.13
2026-01-28 01:30:00,1769563800000,598.2,599.6,597.7,599.1,346.44
2026-01-28 01:45:00,1769564700000,599.1,599.8,597.9,599.0,144.09
2026-01-28 02:00:00,1769565600000,599.0,599.0,596.5,597.1,520.6
2026-01-28 02:15:00,1769566500000,597.1,598.5,596.7,598.1,195.97
2026-01-28 02:30:00,1769567400000,598.1,598.7,595.7,595.8,363.07
2026-01-28 02:45:00,1769568300000,595.8,597.5,595.1,597.3,1034.51
2026-01-28 03:00:00,1769569200000,597.3,597.5,595.0,595.2,554.33
2026-01-28 03:15:00,1769570100000,595.2,597.2,595.1,596.8,502.97
2026-01-28 03:30:00,1769571000000,596.8,598.9,596.4,598.5,326.18
2026-01-28 03:45:00,1769571900000,598.5,599.0,597.9,598.7,194.8
2026-01-28 04:00:00,1769572800000,598.7,599.2,597.1,598.1,993.1
2026-01-28 04:15:00,1769573700000,598.1,598.4,597.0,598.1,259.99
2026-01-28 04:30:00,1769574600000,598.1,598.6,597.1,597.1,112.05
2026-01-28 04:45:00,1769575500000,597.1,597.2,596.7,596.8,193.08
2026-01-28 05:00:00,1769576400000,596.8,598.3,596.8,597.3,185.16
2026-01-28 05:15:00,1769577300000,597.3,597.3,590.3,592.2,3630.82
2026-01-28 05:30:00,1769578200000,592.2,593.9,591.3,593.0,1417.69
2026-01-28 05:45:00,1769579100000,593.0,594.1,592.6,594.0,1674.95
2026-01-28 06:00:00,1769580000000,594.0,594.7,593.7,594.2,560.21
2026-01-28 06:15:00,1769580900000,594.2,594.9,593.8,594.1,167.58
2026-01-28 06:30:00,1769581800000,594.1,595.1,593.9,594.7,176.04
2026-01-28 06:45:00,1769582700000,594.7,595.8,594.7,595.1,177.88
2026-01-28 07:00:00,1769583600000,595.1,595.3,594.4,594.6,105.22
2026-01-28 07:15:00,1769584500000,594.6,594.7,593.2,593.9,173.77
2026-01-28 07:30:00,1769585400000,593.9,593.9,592.7,593.0,117.36
2026-01-28 07:45:00,1769586300000,593.0,593.4,592.1,592.7,243.9
2026-01-28 08:00:00,1769587200000,592.7,593.5,592.1,593.4,204.01
2026-01-28 08:15:00,1769588100000,593.4,593.6,592.4,592.7,156.24
2026-01-28 08:30:00,1769589000000,592.7,592.7,592.0,592.2,95.08
2026-01-28 08:45:00,1769589900000,592.2,592.2,590.9,591.8,570.2
2026-01-28 09:00:00,1769590800000,591.8,593.5,591.8,592.9,132.59
2026-01-28 09:15:00,1769591700000,592.9,593.0,592.3,592.9,89.58
2026-01-28 09:30:00,1769592600000,592.9,595.3,592.7,595.0,301.63
2026-01-28 09:45:00,1769593500000,595.0,595.2,594.3,595.2,178.01
2026-01-28 10:00:00,1769594400000,595.2,595.9,594.7,595.9,223.25
2026-01-28 10:15:00,1769595300000,595.9,598.1,594.4,594.5,1136.52
2026-01-28 10:30:00,1769596200000,594.5,595.3,594.5,594.7,200.23
2026-01-28 10:45:00,1769597100000,594.7,595.2,594.6,594.8,80.27
2026-01-28 11:00:00,1769598000000,594.8,595.4,594.1,594.3,189.6
2026-01-28 11:15:00,1769598900000,594.3,595.1,594.1,594.8,125.14
2026-01-28 11:30:00,1769599800000,594.8,596.0,594.5,596.0,178.57
2026-01-28 11:45:00,1769600700000,596.0,597.9,594.5,597.5,1034.62
2026-01-28 12:00:00,1769601600000,597.5,597.7,595.2,595.5,757.12
2026-01-28 12:15:00,1769602500000,595.5,595.5,594.3,594.6,713.36
2026-01-28 12:30:00,1769603400000,594.6,594.7,593.3,593.8,326.48
2026-01-28 12:45:00,1769604300000,593.8,596.0,593.3,595.5,508.28
2026-01-28 13:00:00,1769605200000,595.5,598.2,595.4,597.4,2249.41
2026-01-28 13:15:00,1769606100000,597.4,598.6,597.4,598.1,978.69
2026-01-28 13:30:00,1769607000000,598.1,599.4,597.0,598.7,536.18
2026-01-28 13:45:00,1769607900000,598.7,598.8,597.1,597.4,273.81
2026-01-28 14:00:00,1769608800000,597.4,597.8,597.0,597.2,314.6
2026-01-28 14:15:00,1769609700000,597.2,597.4,596.1,596.9,347.39
2026-01-28 14:30:00,1769610600000,596.9,596.9,592.2,593.2,2584.55
2026-01-28 14:45:00,1769611500000,593.2,594.0,592.2,593.0,745.95
2026-01-28 15:00:00,1769612400000,593.0,593.9,590.6,590.6,1343.82
2026-01-28 15:15:00,1769613300000,590.6,592.4,589.8,592.0,1469.4
2026-01-28 15:30:00,1769614200000,592.0,592.2,590.7,591.8,442.88
2026-01-28 15:45:00,1769615100000,591.8,592.5,591.1,591.7,252.3
2026-01-28 16:00:00,1769616000000,591.7,592.0,589.0,589.5,612.68
2026-01-28 16:15:00,1769616900000,589.5,592.0,589.4,591.9,334.88
2026-01-28 16:30:00,1769617800000,591.9,592.1,589.8,590.6,418.1
2026-01-28 16:45:00,1769618700000,590.6,591.8,590.6,591.1,141.5
2026-01-28 17:00:00,1769619600000,591.1,592.8,591.0,592.3,195.33
2026-01-28 17:15:00,1769620500000,592.3,592.7,591.2,591.5,118.45
2026-01-28 17:30:00,1769621400000,591.5,593.0,590.0,592.5,238.57
2026-01-28 17:45:00,1769622300000,592.5,595.6,592.4,593.2,942.91
2026-01-28 18:00:00,1769623200000,593.2,593.2,590.9,592.2,661.98
2026-01-28 18:15:00,1769624100000,592.2,593.7,591.9,593.1,354.2
2026-01-28 18:30:00,1769625000000,593.1,593.4,591.8,591.9,143.97
2026-01-28 18:45:00,1769625900000,591.9,592.0,590.6,592.0,158.51
2026-01-28 19:00:00,1769626800000,592.0,593.4,590.6,591.7,319.38
2026-01-28 19:15:00,1769627700000,591.7,592.6,591.2,591.5,165.47
2026-01-28 19:30:00,1769628600000,591.5,592.1,589.6,590.0,470.1
2026-01-28 19:45:00,1769629500000,590.0,593.4,590.0,592.2,206.53
2026-01-28 20:00:00,1769630400000,592.2,593.2,591.9,592.5,184.27
2026-01-28 20:15:00,1769631300000,592.5,594.2,592.0,593.4,543.96
2026-01-28 20:30:00,1769632200000,593.4,593.6,590.5,591.1,270.08
2026-01-28 20:45:00,1769633100000,591.1,591.3,590.1,590.3,287.52
2026-01-28 21:00:00,1769634000000,590.3,592.6,589.0,591.7,577.83
2026-01-28 21:15:00,1769634900000,591.7,592.5,591.3,591.3,98.14
2026-01-28 21:30:00,1769635800000,591.3,591.8,590.3,591.3,92.06
2026-01-28 21:45:00,1769636700000,591.3,591.6,590.8,590.9,91.74
2026-01-28 22:00:00,1769637600000,590.9,591.2,589.6,589.7,297.55
2026-01-28 22:15:00,1769638500000,589.7,591.2,589.7,591.1,112.64
2026-01-28 22:30:00,1769639400000,591.1,591.1,590.1,590.3,95.26
2026-01-28 22:45:00,1769640300000,590.3,591.8,590.1,591.8,147.07
2026-01-28 23:00:00,1769641200000,591.8,592.0,589.5,591.2,997.76
2026-01-28 23:15:00,1769642100000,591.2,592.2,590.5,590.7,409.25
2026-01-28 23:30:00,1769643000000,590.7,591.1,590.1,590.9,120.44
2026-01-28 23:45:00,1769643900000,590.9,591.3,590.5,590.8,159.89
2026-01-29 00:00:00,1769644800000,590.8,591.2,589.5,589.7,238.99
2026-01-29 00:15:00,1769645700000,589.7,590.7,589.5,589.5,271.5
2026-01-29 00:30:00,1769646600000,589.5,590.1,589.2,589.6,212.16
2026-01-29 00:45:00,1769647500000,589.6,590.3,589.3,590.1,113.08
2026-01-29 01:00:00,1769648400000,590.1,590.8,589.7,590.1,121.12
2026-01-29 01:15:00,1769649300000,590.1,590.5,588.7,590.4,581.04
2026-01-29 01:30:00,1769650200000,590.4,590.4,588.9,589.4,527.1
2026-01-29 01:45:00,1769651100000,589.4,589.6,587.5,587.9,515.96
2026-01-29 02:00:00,1769652000000,587.9,588.2,587.2,587.6,304.5
2026-01-29 02:15:00,1769652900000,587.6,588.0,586.5,587.2,734.52
2026-01-29 02:30:00,1769653800000,587.2,588.5,583.3,585.0,2911.28
2026-01-29 02:45:00,1769654700000,585.0,585.1,582.1,584.2,1210.56
2026-01-29 03:00:00,1769655600000,584.2,585.8,583.0,584.8,717.21
2026-01-29 03:15:00,1769656500000,584.8,585.4,583.3,583.5,923.13
2026-01-29 03:30:00,1769657400000,583.5,583.6,582.5,583.1,472.96
2026-01-29 03:45:00,1769658300000,583.1,583.4,580.2,581.3,1423.89
2026-01-29 04:00:00,1769659200000,581.3,581.3,580.3,580.5,587.89
2026-01-29 04:15:00,1769660100000,580.5,580.6,578.9,580.2,531.54
2026-01-29 04:30:00,1769661000000,580.2,581.0,580.0,580.9,238.45
2026-01-29 04:45:00,1769661900000,580.9,582.3,580.9,581.5,406.45
2026-01-29 05:00:00,1769662800000,581.5,582.7,580.7,581.3,210.11
2026-01-29 05:15:00,1769663700000,581.3,581.8,580.4,580.5,143.44
2026-01-29 05:30:00,1769664600000,580.5,582.0,579.9,579.9,460.2
2026-01-29 05:45:00,1769665500000,579.9,579.9,578.2,579.0,1261.62
2026-01-29 06:00:00,1769666400000,579.0,579.7,578.8,579.4,149.74
2026-01-29 06:15:00,1769667300000,579.4,580.1,579.0,579.9,149.21
2026-01-29 06:30:00,1769668200000,579.9,579.9,578.3,579.2,284.91
2026-01-29 06:45:00,1769669100000,579.2,579.2,578.2,578.8,356.68
2026-01-29 07:00:00,1769670000000,578.8,579.3,578.4,579.3,162.23
2026-01-29 07:15:00,1769670900000,579.3,580.2,578.9,579.6,252.59
2026-01-29 07:30:00,1769671800000,579.6,581.9,579.6,581.9,216.3
2026-01-29 07:45:00,1769672700000,581.9,582.9,581.8,582.1,578.6
2026-01-29 08:00:00,1769673600000,582.1,582.3,580.3,580.3,276.0
2026-01-29 08:15:00,1769674500000,580.3,583.3,580.1,583.3,283.84
2026-01-29 08:30:00,1769675400000,583.3,583.3,581.4,581.6,276.54
2026-01-29 08:45:00,1769676300000,581.6,581.9,579.9,580.1,204.24
2026-01-29 09:00:00,1769677200000,580.1,580.1,579.1,579.4,118.98
2026-01-29 09:15:00,1769678100000,579.4,580.0,579.0,579.1,53.01
2026-01-29 09:30:00,1769679000000,579.1,579.9,579.0,579.2,211.63
2026-01-29 09:45:00,1769679900000,579.2,579.2,578.5,578.6,96.13
2026-01-29 10:00:00,1769680800000,578.6,579.9,577.7,579.4,656.41
2026-01-29 10:15:00,1769681700000,579.4,580.4,578.9,579.0,278.73
2026-01-29 10:30:00,1769682600000,579.0,579.6,578.5,579.5,520.56
2026-01-29 10:45:00,1769683500000,579.5,580.1,579.1,580.0,1102.48
2026-01-29 11:00:00,1769684400000,580.0,580.0,578.6,579.8,208.35
2026-01-29 11:15:00,1769685300000,579.8,579.8,577.3,577.5,352.02
2026-01-29 11:30:00,1769686200000,577.5,577.8,577.1,577.5,153.33
2026-01-29 11:45:00,1769687100000,577.5,577.5,576.5,576.8,598.6
2026-01-29 12:00:00,1769688000000,576.8,577.4,576.4,577.0,409.08
2026-01-29 12:15:00,1769688900000,577.0,577.3,572.8,575.5,4896.72
2026-01-29 12:30:00,1769689800000,575.5,575.9,574.0,574.8,393.49
2026-01-29 12:45:00,1769690700000,574.8,575.1,573.6,574.3,338.97
2026-01-29 13:00:00,1769691600000,574.3,575.1,573.9,574.7,279.85
2026-01-29 13:15:00,1769692500000,574.7,575.0,573.8,575.0,367.94
2026-01-29 13:30:00,1769693400000,575.0,575.7,574.6,575.0,315.72
2026-01-29 13:45:00,1769694300000,575.0,575.6,574.4,575.6,152.78
2026-01-29 14:00:00,1769695200000,575.6,576.6,575.4,575.9,187.25
2026-01-29 14:15:00,1769696100000,575.9,576.6,573.5,573.5,390.72
2026-01-29 14:30:00,1769697000000,573.5,574.9,571.5,571.7,1427.55
2026-01-29 14:45:00,1769697900000,571.7,571.9,566.1,566.5,2501.15
2026-01-29 15:00:00,1769698800000,566.5,566.6,555.1,555.3,15696.1
2026-01-29 15:15:00,1769699700000,555.3,560.6,553.3,554.3,8639.71
2026-01-29 15:30:00,1769700600000,554.3,555.7,546.9,548.8,6949.37
2026-01-29 15:45:00,1769701500000,548.8,553.8,548.4,552.3,5058.2
2026-01-29 16:00:00,1769702400000,552.3,552.7,549.6,552.6,2112.17
2026-01-29 16:15:00,1769703300000,552.6,555.8,552.6,554.9,2067.96
2026-01-29 16:30:00,1769704200000,554.9,557.0,554.4,556.3,2888.36
2026-01-29 16:45:00,1769705100000,556.3,559.0,556.1,558.7,1308.71
2026-01-29 17:00:00,1769706000000,558.7,562.2,558.6,560.3,1188.4
2026-01-29 17:15:00,1769706900000,560.3,562.7,559.3,559.3,781.13
2026-01-29 17:30:00,1769707800000,559.3,559.6,556.2,557.1,501.84
2026-01-29 17:45:00,1769708700000,557.1,557.2,555.1,555.6,612.84
2026-01-29 18:00:00,1769709600000,555.6,558.5,555.5,557.0,624.61
2026-01-29 18:15:00,1769710500000,557.0,557.6,553.5,554.0,1618.6
2026-01-29 18:30:00,1769711400000,554.0,555.8,551.7,554.3,1797.89
2026-01-29 18:45:00,1769712300000,554.3,554.3,549.7,550.6,1689.24
2026-01-29 19:00:00,1769713200000,550.6,552.2,550.1,551.3,589.91
2026-01-29 19:15:00,1769714100000,551.3,552.7,549.7,551.3,474.32
2026-01-29 19:30:00,1769715000000,551.3,554.6,551.3,554.5,1485.53
2026-01-29 19:45:00,1769715900000,554.5,555.1,553.6,553.6,278.11
2026-01-29 20:00:00,1769716800000,553.6,555.5,553.2,555.3,240.19
2026-01-29 20:15:00,1769717700000,555.3,556.9,555.3,556.0,285.77
2026-01-29 20:30:00,1769718600000,556.0,556.7,554.1,556.4,537.6
2026-01-29 20:45:00,1769719500000,556.4,556.9,555.7,556.1,365.77
2026-01-29 21:00:00,1769720400000,556.1,558.3,556.0,558.0,298.13
2026-01-29 21:15:00,1769721300000,558.0,558.0,556.1,557.0,564.85
2026-01-29 21:30:00,1769722200000,557.0,557.8,556.3,557.3,316.0
2026-01-29 21:45:00,1769723100000,557.3,558.1,556.6,557.4,175.04
2026-01-29 22:00:00,1769724000000,557.4,558.4,556.5,556.5,602.16
2026-01-29 22:15:00,1769724900000,556.5,557.0,556.5,556.7,150.37
2026-01-29 22:30:00,1769725800000,556.7,557.5,556.1,556.1,128.17
2026-01-29 22:45:00,1769726700000,556.1,556.2,555.6,555.6,93.07
2026-01-29 23:00:00,1769727600000,555.6,555.6,552.9,553.6,958.6
2026-01-29 23:15:00,1769728500000,553.6,555.1,553.5,554.1,751.69
2026-01-29 23:30:00,1769729400000,554.1,555.1,554.1,554.6,133.03
2026-01-29 23:45:00,1769730300000,554.6,555.0,553.8,553.8,141.95
2026-01-30 00:00:00,1769731200000,553.8,554.9,553.7,554.0,408.62
2026-01-30 00:15:00,1769732100000,554.0,554.5,553.6,553.9,458.11
2026-01-30 00:30:00,1769733000000,553.9,553.9,551.3,552.8,383.35
2026-01-30 00:45:00,1769733900000,552.8,553.6,551.3,551.6,377.63
2026-01-30 01:00:00,1769734800000,551.6,553.1,551.1,552.6,402.56
2026-01-30 01:15:00,1769735700000,552.6,553.1,549.9,550.0,938.79
2026-01-30 01:30:00,1769736600000,550.0,550.9,535.1,541.1,14360.01
2026-01-30 01:45:00,1769737500000,541.1,544.3,539.8,542.0,4692.31
2026-01-30 02:00:00,1769738400000,542.0,542.2,538.5,539.6,3503.86
2026-01-30 02:15:00,1769739300000,539.6,541.1,534.6,535.4,3030.62
2026-01-30 02:30:00,1769740200000,535.4,541.0,533.2,539.4,2116.98
2026-01-30 02:45:00,1769741100000,539.4,540.6,537.3,539.7,1114.15
2026-01-30 03:00:00,1769742000000,539.7,544.1,539.6,543.4,1461.23
2026-01-30 03:15:00,1769742900000,543.4,544.4,542.6,543.0,1031.64
2026-01-30 03:30:00,1769743800000,543.0,544.9,542.7,543.8,387.2
2026-01-30 03:45:00,1769744700000,543.8,545.3,543.0,544.6,333.83
2026-01-30 04:00:00,1769745600000,544.6,547.1,544.6,546.8,1264.82
2026-01-30 04:15:00,1769746500000,546.8,549.9,546.3,547.7,939.19
2026-01-30 04:30:00,1769747400000,547.7,548.1,546.6,547.1,273.73
2026-01-30 04:45:00,1769748300000,547.1,547.5,545.3,545.4,545.97
2026-01-30 05:00:00,1769749200000,545.4,545.9,544.5,545.6,631.42
2026-01-30 05:15:00,1769750100000,545.6,548.5,545.6,548.4,345.17
2026-01-30 05:30:00,1769751000000,548.4,549.1,547.4,547.6,296.9
2026-01-30 05:45:00,1769751900000,547.6,548.4,546.3,546.7,286.18
2026-01-30 06:00:00,1769752800000,546.7,546.8,543.4,543.6,479.91
2026-01-30 06:15:00,1769753700000,543.6,543.8,541.7,542.1,855.17
2026-01-30 06:30:00,1769754600000,542.1,543.2,539.5,539.7,1632.0
2026-01-30 06:45:00,1769755500000,539.7,543.1,538.7,542.2,2121.13
2026-01-30 07:00:00,1769756400000,542.2,548.2,541.9,547.3,1159.76
2026-01-30 07:15:00,1769757300000,547.3,548.0,545.5,545.5,586.31
2026-01-30 07:30:00,1769758200000,545.5,546.7,544.6,546.6,677.78
2026-01-30 07:45:00,1769759100000,546.6,550.4,546.2,548.7,2390.43
2026-01-30 08:00:00,1769760000000,548.7,549.3,546.8,549.3,513.85
2026-01-30 08:15:00,1769760900000,549.3,550.1,548.5,549.2,917.5
2026-01-30 08:30:00,1769761800000,549.2,549.2,545.4,546.4,625.69
2026-01-30 08:45:00,1769762700000,546.4,547.6,545.5,546.9,274.76
2026-01-30 09:00:00,1769763600000,546.9,548.5,546.5,547.0,372.59
2026-01-30 09:15:00,1769764500000,547.0,547.0,543.4,543.6,472.02
2026-01-30 09:30:00,1769765400000,543.6,546.6,543.6,545.9,282.32
2026-01-30 09:45:00,1769766300000,545.9,545.9,543.1,545.3,573.98
2026-01-30 10:00:00,1769767200000,545.3,545.7,543.1,544.9,325.37
2026-01-30 10:15:00,1769768100000,544.9,546.5,544.2,546.1,450.13
2026-01-30 10:30:00,1769769000000,546.1,546.4,544.9,545.2,204.08
2026-01-30 10:45:00,1769769900000,545.2,547.2,545.1,546.7,477.46
2026-01-30 11:00:00,1769770800000,546.7,547.5,546.4,547.5,128.97
2026-01-30 11:15:00,1769771700000,547.5,547.8,546.9,547.7,227.1
2026-01-30 11:30:00,1769772600000,547.7,549.6,547.7,548.7,222.77
2026-01-30 11:45:00,1769773500000,548.7,552.9,547.6,552.3,3068.0
2026-01-30 12:00:00,1769774400000,552.3,552.8,549.6,550.2,865.77
2026-01-30 12:15:00,1769775300000,550.2,550.4,548.2,548.6,548.45
2026-01-30 12:30:00,1769776200000,548.6,551.1,548.6,550.0,1927.17
2026-01-30 12:45:00,1769777100000,550.0,551.2,549.7,550.7,583.67
2026-01-30 13:00:00,1769778000000,550.7,551.4,548.5,550.9,704.06
2026-01-30 13:15:00,1769778900000,550.9,551.4,550.0,551.0,239.7
2026-01-30 13:30:00,1769779800000,551.0,553.3,547.3,551.6,1409.97
2026-01-30 13:45:00,1769780700000,551.6,551.6,549.6,550.8,297.03
2026-01-30 14:00:00,1769781600000,550.8,555.3,550.8,554.5,1572.74
2026-01-30 14:15:00,1769782500000,554.5,554.9,552.1,552.5,627.7
2026-01-30 14:30:00,1769783400000,552.5,556.0,551.4,555.5,718.22
2026-01-30 14:45:00,1769784300000,555.5,556.6,551.6,553.2,783.44
2026-01-30 15:00:00,1769785200000,553.2,555.4,552.7,553.0,1014.92
2026-01-30 15:15:00,1769786100000,553.0,554.1,548.4,549.1,1739.5
2026-01-30 15:30:00,1769787000000,549.1,554.1,547.7,553.2,2362.32
2026-01-30 15:45:00,1769787900000,553.2,553.2,550.2,551.1,658.0
2026-01-30 16:00:00,1769788800000,551.1,551.9,549.2,551.5,979.7
2026-01-30 16:15:00,1769789700000,551.5,552.8,548.3,551.8,745.11
2026-01-30 16:30:00,1769790600000,551.8,554.6,551.5,553.7,877.31
2026-01-30 16:45:00,1769791500000,553.7,553.7,551.2,551.9,862.07
2026-01-30 17:00:00,1769792400000,551.9,552.7,550.2,551.7,937.96
2026-01-30 17:15:00,1769793300000,551.7,554.9,551.0,554.3,1532.41
2026-01-30 17:30:00,1769794200000,554.3,554.4,551.4,552.6,1116.78
2026-01-30 17:45:00,1769795100000,552.6,552.8,550.7,550.8,868.06
2026-01-30 18:00:00,1769796000000,550.8,553.3,550.4,551.4,2631.11
2026-01-30 18:15:00,1769796900000,551.4,551.6,543.8,548.2,4015.7
2026-01-30 18:30:00,1769797800000,548.2,552.7,547.0,552.6,2200.58
2026-01-30 18:45:00,1769798700000,552.6,558.5,552.2,557.5,3049.59
2026-01-30 19:00:00,1769799600000,557.5,559.2,556.9,557.9,1368.94
2026-01-30 19:15:00,1769800500000,557.9,559.4,557.7,558.1,603.71
2026-01-30 19:30:00,1769801400000,558.1,558.2,555.4,556.0,462.08
2026-01-30 19:45:00,1769802300000,556.0,557.7,555.1,556.0,317.09
2026-01-30 20:00:00,1769803200000,556.0,556.1,553.5,554.8,623.25
2026-01-30 20:15:00,1769804100000,554.8,555.4,552.4,553.5,892.22
2026-01-30 20:30:00,1769805000000,553.5,554.8,550.5,553.0,764.96
2026-01-30 20:45:00,1769805900000,553.0,554.0,551.0,551.6,604.86
2026-01-30 21:00:00,1769806800000,551.6,552.4,550.5,551.5,353.35
2026-01-30 21:15:00,1769807700000,551.5,554.6,551.5,552.9,912.37
2026-01-30 21:30:00,1769808600000,552.9,553.7,550.9,551.9,144.16
2026-01-30 21:45:00,1769809500000,551.9,554.2,551.9,553.6,392.28
2026-01-30 22:00:00,1769810400000,553.6,554.1,552.5,552.5,212.37
2026-01-30 22:15:00,1769811300000,552.5,552.9,551.5,551.5,95.37
2026-01-30 22:30:00,1769812200000,551.5,553.6,551.5,553.2,123.02
2026-01-30 22:45:00,1769813100000,553.2,554.2,552.7,554.2,92.26
2026-01-30 23:00:00,1769814000000,554.2,554.2,551.9,552.0,175.63
2026-01-30 23:15:00,1769814900000,552.0,552.7,551.2,551.7,93.78
2026-01-30 23:30:00,1769815800000,551.7,553.2,551.3,553.1,148.62
2026-01-30 23:45:00,1769816700000,553.1,553.5,552.7,552.9,84.99
2026-01-31 00:00:00,1769817600000,552.9,553.5,552.4,553.3,272.12
2026-01-31 00:15:00,1769818500000,553.3,553.7,552.2,552.2,302.79
2026-01-31 00:30:00,1769819400000,552.2,553.1,551.9,552.8,336.84
2026-01-31 00:45:00,1769820300000,552.8,552.8,551.4,551.5,292.57
2026-01-31 01:00:00,1769821200000,551.5,552.9,551.2,552.9,121.71
2026-01-31 01:15:00,1769822100000,552.9,553.4,552.4,552.5,76.57
2026-01-31 01:30:00,1769823000000,552.5,552.5,550.4,551.2,98.02
2026-01-31 01:45:00,1769823900000,551.2,551.6,550.5,551.3,144.01
2026-01-31 02:00:00,1769824800000,551.3,551.3,549.6,550.1,386.94
2026-01-31 02:15:00,1769825700000,550.1,550.1,548.4,549.5,344.56
2026-01-31 02:30:00,1769826600000,549.5,551.9,548.9,551.5,193.97
2026-01-31 02:45:00,1769827500000,551.5,551.7,550.6,550.7,163.01
2026-01-31 03:00:00,1769828400000,550.7,551.5,550.5,550.8,94.21
2026-01-31 03:15:00,1769829300000,550.8,551.0,549.6,549.6,89.24
2026-01-31 03:30:00,1769830200000,549.6,549.7,548.5,548.6,291.08
2026-01-31 03:45:00,1769831100000,548.6,548.6,547.4,548.0,709.53
2026-01-31 04:00:00,1769832000000,548.0,549.2,547.9,549.0,315.67
2026-01-31 04:15:00,1769832900000,549.0,549.2,548.0,549.1,301.58
2026-01-31 04:30:00,1769833800000,549.1,549.1,547.8,547.8,65.9
2026-01-31 04:45:00,1769834700000,547.8,548.4,547.5,548.1,147.64
2026-01-31 05:00:00,1769835600000,548.1,548.3,546.9,547.1,189.88
2026-01-31 05:15:00,1769836500000,547.1,547.2,545.7,546.6,747.28
2026-01-31 05:30:00,1769837400000,546.6,546.7,546.2,546.4,60.73
2026-01-31 05:45:00,1769838300000,546.4,546.4,545.1,545.4,205.61
2026-01-31 06:00:00,1769839200000,545.4,545.9,544.9,545.4,198.33
2026-01-31 06:15:00,1769840100000,545.4,545.4,541.7,541.9,523.05
2026-01-31 06:30:00,1769841000000,541.9,542.7,541.2,541.9,372.16
2026-01-31 06:45:00,1769841900000,541.9,543.7,541.7,543.3,499.52
2026-01-31 07:00:00,1769842800000,543.3,544.7,543.1,543.9,1199.72
2026-01-31 07:15:00,1769843700000,543.9,543.9,542.1,542.3,276.45
2026-01-31 07:30:00,1769844600000,542.3,542.5,539.0,540.0,1217.12
2026-01-31 07:45:00,1769845500000,540.0,542.4,539.7,542.2,408.24
2026-01-31 08:00:00,1769846400000,542.2,542.3,537.2,538.5,2285.35
2026-01-31 08:15:00,1769847300000,538.5,538.5,535.0,537.1,1310.73
2026-01-31 08:30:00,1769848200000,537.1,537.4,532.3,533.9,3399.3
2026-01-31 08:45:00,1769849100000,533.9,539.4,533.3,539.3,1114.65
2026-01-31 09:00:00,1769850000000,539.3,540.6,538.7,539.0,340.77
2026-01-31 09:15:00,1769850900000,539.0,539.6,536.6,537.1,238.5
2026-01-31 09:30:00,1769851800000,537.1,539.2,536.8,536.8,316.53
2026-01-31 09:45:00,1769852700000,536.8,537.6,535.6,536.9,274.6
2026-01-31 10:00:00,1769853600000,536.9,537.0,535.1,535.8,283.92
2026-01-31 10:15:00,1769854500000,535.8,536.4,535.3,536.2,229.36
2026-01-31 10:30:00,1769855400000,536.2,538.3,536.2,538.2,208.99
2026-01-31 10:45:00,1769856300000,538.2,538.2,537.0,537.0,171.65
2026-01-31 11:00:00,1769857200000,537.0,537.1,534.3,534.5,176.41
2026-01-31 11:15:00,1769858100000,534.5,535.4,534.1,534.8,195.45
2026-01-31 11:30:00,1769859000000,534.8,535.1,533.6,534.0,342.4
2026-01-31 11:45:00,1769859900000,534.0,534.1,532.8,534.0,328.77
2026-01-31 12:00:00,1769860800000,534.0,536.9,533.4,533.8,755.06
2026-01-31 12:15:00,1769861700000,533.8,536.2,533.7,535.5,129.98
2026-01-31 12:30:00,1769862600000,535.5,535.5,534.1,534.5,318.11
2026-01-31 12:45:00,1769863500000,534.5,535.3,532.9,533.2,351.96
2026-01-31 13:00:00,1769864400000,533.2,533.4,531.6,532.0,428.42
2026-01-31 13:15:00,1769865300000,532.0,532.9,531.0,531.3,502.59
2026-01-31 13:30:00,1769866200000,531.3,532.1,528.3,529.8,1896.97
2026-01-31 13:45:00,1769867100000,529.8,530.7,529.0,529.8,261.54
2026-01-31 14:00:00,1769868000000,529.8,530.7,525.6,526.8,1397.2
2026-01-31 14:15:00,1769868900000,526.8,528.0,519.0,520.2,6572.93
2026-01-31 14:30:00,1769869800000,520.2,521.7,516.6,517.3,6511.4
2026-01-31 14:45:00,1769870700000,517.3,521.4,515.3,520.3,4296.51
2026-01-31 15:00:00,1769871600000,520.3,524.9,519.5,522.1,1242.03
2026-01-31 15:15:00,1769872500000,522.1,522.1,519.6,520.3,462.71
2026-01-31 15:30:00,1769873400000,520.3,522.6,518.3,521.7,3889.32
2026-01-31 15:45:00,1769874300000,521.7,522.3,519.0,519.4,495.56
2026-01-31 16:00:00,1769875200000,519.4,520.2,516.5,519.1,1345.78
2026-01-31 16:15:00,1769876100000,519.1,524.7,515.7,517.5,3235.39
2026-01-31 16:30:00,1769877000000,517.5,518.1,514.2,515.1,1798.26
2026-01-31 16:45:00,1769877900000,515.1,515.4,508.2,510.1,4566.57
2026-01-31 17:00:00,1769878800000,510.1,511.6,480.0,496.2,29462.05
2026-01-31 17:15:00,1769879700000,496.2,498.0,491.0,496.7,7506.92
2026-01-31 17:30:00,1769880600000,496.7,498.3,489.8,491.7,5915.31
2026-01-31 17:45:00,1769881500000,491.7,493.6,486.3,487.7,3985.05
2026-01-31 18:00:00,1769882400000,487.7,489.6,484.3,488.7,2040.35
2026-01-31 18:15:00,1769883300000,488.7,488.7,481.8,485.5,3600.4
2026-01-31 18:30:00,1769884200000,485.5,487.5,465.8,484.8,12671.58
2026-01-31 18:45:00,1769885100000,484.8,492.1,483.4,488.4,6905.42
2026-01-31 19:00:00,1769886000000,488.4,490.6,486.4,489.3,2590.93
2026-01-31 19:15:00,1769886900000,489.3,493.1,486.8,489.6,1915.77
2026-01-31 19:30:00,1769887800000,489.6,490.3,483.0,485.1,1615.67
2026-01-31 19:45:00,1769888700000,485.1,488.3,484.4,486.4,906.87
2026-01-31 20:00:00,1769889600000,486.4,489.7,485.3,485.5,980.53
2026-01-31 20:15:00,1769890500000,485.5,489.2,482.6,482.6,842.5
2026-01-31 20:30:00,1769891400000,482.6,484.8,480.2,484.6,1730.99
2026-01-31 20:45:00,1769892300000,484.6,486.2,482.6,485.2,968.33
2026-01-31 21:00:00,1769893200000,485.2,487.6,483.3,483.9,1054.05
2026-01-31 21:15:00,1769894100000,483.9,488.1,482.5,486.9,1184.04
2026-01-31 21:30:00,1769895000000,486.9,491.5,485.4,489.5,1674.49
2026-01-31 21:45:00,1769895900000,489.5,490.7,487.9,489.3,487.89
2026-01-31 22:00:00,1769896800000,489.3,490.3,488.0,488.7,1178.73
2026-01-31 22:15:00,1769897700000,488.7,490.0,488.4,489.9,256.61
2026-01-31 22:30:00,1769898600000,489.9,490.9,489.1,490.1,338.43
2026-01-31 22:45:00,1769899500000,490.1,495.6,490.1,493.6,715.09
2026-01-31 23:00:00,1769900400000,493.6,502.1,493.5,498.7,3445.68
2026-01-31 23:15:00,1769901300000,498.7,507.3,498.6,505.1,1768.41
2026-01-31 23:30:00,1769902200000,505.1,506.9,503.3,505.1,3004.01
2026-01-31 23:45:00,1769903100000,505.1,509.2,503.4,507.1,2557.68
2026-02-01 00:00:00,1769904000000,507.1,510.9,505.8,510.5,1492.82
2026-02-01 00:15:00,1769904900000,510.5,513.6,509.8,511.9,1519.46
2026-02-01 00:30:00,1769905800000,511.9,513.1,510.2,511.8,1058.52
2026-02-01 00:45:00,1769906700000,511.8,513.9,511.6,513.8,680.32
2026-02-01 01:00:00,1769907600000,513.8,514.0,506.9,509.6,2078.99
2026-02-01 01:15:00,1769908500000,509.6,514.3,508.3,514.1,1153.37
2026-02-01 01:30:00,1769909400000,514.1,515.4,512.6,513.2,932.61
2026-02-01 01:45:00,1769910300000,513.2,515.6,512.1,514.9,689.3
2026-02-01 02:00:00,1769911200000,514.9,519.4,514.1,519.3,1374.01
2026-02-01 02:15:00,1769912100000,519.3,519.9,509.2,509.7,3003.23
2026-02-01 02:30:00,1769913000000,509.7,515.2,509.6,514.8,1088.9
2026-02-01 02:45:00,1769913900000,514.8,518.5,514.8,516.5,1207.97
2026-02-01 03:00:00,1769914800000,516.5,517.8,516.0,517.8,518.53
2026-02-01 03:15:00,1769915700000,517.8,518.9,516.3,517.3,769.37
2026-02-01 03:30:00,1769916600000,517.3,518.2,515.0,515.0,751.92
2026-02-01 03:45:00,1769917500000,515.0,517.7,515.0,517.6,488.11
2026-02-01 04:00:00,1769918400000,517.6,521.5,513.5,518.2,2466.58
2026-02-01 04:15:00,1769919300000,518.2,520.5,518.2,520.0,762.74
2026-02-01 04:30:00,1769920200000,520.0,521.3,519.4,521.1,501.89
2026-02-01 04:45:00,1769921100000,521.1,522.0,520.4,520.9,607.24
2026-02-01 05:00:00,1769922000000,520.9,522.0,519.0,522.0,992.13
2026-02-01 05:15:00,1769922900000,522.0,523.4,519.5,522.9,869.19
2026-02-01 05:30:00,1769923800000,522.9,522.9,521.1,521.5,633.48
2026-02-01 05:45:00,1769924700000,521.5,523.7,520.7,521.5,822.64
2026-02-01 06:00:00,1769925600000,521.5,524.7,521.5,521.8,970.36
2026-02-01 06:15:00,1769926500000,521.8,524.4,521.2,524.1,470.95
2026-02-01 06:30:00,1769927400000,524.1,525.4,518.2,521.1,2186.12
2026-02-01 06:45:00,1769928300000,521.1,522.6,519.5,521.8,570.77
2026-02-01 07:00:00,1769929200000,521.8,523.1,519.7,520.3,961.61
2026-02-01 07:15:00,1769930100000,520.3,524.5,520.1,524.4,763.69
2026-02-01 07:30:00,1769931000000,524.4,528.6,519.3,526.2,4007.13
2026-02-01 07:45:00,1769931900000,526.2,526.6,524.6,525.7,541.31
2026-02-01 08:00:00,1769932800000,525.7,528.6,525.3,525.8,952.86
2026-02-01 08:15:00,1769933700000,525.8,528.2,525.1,526.5,901.59
2026-02-01 08:30:00,1769934600000,526.5,529.8,526.1,529.3,959.74
2026-02-01 08:45:00,1769935500000,529.3,530.0,528.7,529.1,621.73
2026-02-01 09:00:00,1769936400000,529.1,530.4,527.1,527.4,1651.2
2026-02-01 09:15:00,1769937300000,527.4,528.0,522.1,523.0,2790.82
2026-02-01 09:30:00,1769938200000,523.0,527.1,522.1,526.8,987.01
2026-02-01 09:45:00,1769939100000,526.8,530.1,526.4,529.0,3774.8
2026-02-01 10:00:00,1769940000000,529.0,530.8,527.8,530.3,1027.4
2026-02-01 10:15:00,1769940900000,530.3,531.8,528.0,530.8,1192.89
2026-02-01 10:30:00,1769941800000,530.8,531.3,526.3,526.8,1579.37
2026-02-01 10:45:00,1769942700000,526.8,529.1,526.2,527.1,951.65
2026-02-01 11:00:00,1769943600000,527.1,530.2,527.0,530.2,484.46
2026-02-01 11:15:00,1769944500000,530.2,531.0,529.2,530.6,1348.42
2026-02-01 11:30:00,1769945400000,530.6,536.5,530.5,536.0,3885.8
2026-02-01 11:45:00,1769946300000,536.0,536.3,533.3,535.2,817.37
2026-02-01 12:00:00,1769947200000,535.2,535.8,532.6,533.1,527.59
2026-02-01 12:15:00,1769948100000,533.1,533.1,527.5,530.2,1442.01
2026-02-01 12:30:00,1769949000000,530.2,534.5,530.0,532.7,863.52
2026-02-01 12:45:00,1769949900000,532.7,534.4,532.4,533.7,456.05
2026-02-01 13:00:00,1769950800000,533.7,538.1,533.2,535.3,893.1
2026-02-01 13:15:00,1769951700000,535.3,536.1,534.2,535.2,631.33
2026-02-01 13:30:00,1769952600000,535.2,535.6,531.4,533.2,1110.67
2026-02-01 13:45:00,1769953500000,533.2,534.1,529.1,531.9,970.94
2026-02-01 14:00:00,1769954400000,531.9,533.9,530.1,531.6,821.56
2026-02-01 14:15:00,1769955300000,531.6,532.0,526.3,527.2,2170.83
2026-02-01 14:30:00,1769956200000,527.2,529.6,522.2,527.7,2836.23
2026-02-01 14:45:00,1769957100000,527.7,534.0,526.5,530.5,2769.15
2026-02-01 15:00:00,1769958000000,530.5,530.7,525.0,525.7,1648.71
2026-02-01 15:15:00,1769958900000,525.7,526.5,518.6,518.8,2657.81
2026-02-01 15:30:00,1769959800000,518.8,522.0,516.8,518.6,2247.32
2026-02-01 15:45:00,1769960700000,518.6,524.8,518.5,521.6,2253.8
2026-02-01 16:00:00,1769961600000,521.6,523.6,518.7,522.3,1638.93
2026-02-01 16:15:00,1769962500000,522.3,525.9,517.9,523.0,2203.97
2026-02-01 16:30:00,1769963400000,523.0,523.7,517.8,518.1,892.33
2026-02-01 16:45:00,1769964300000,518.1,520.3,515.8,519.6,2004.31
2026-02-01 17:00:00,1769965200000,519.6,522.0,518.5,521.5,862.79
2026-02-01 17:15:00,1769966100000,521.5,521.5,517.1,519.3,305.94
2026-02-01 17:30:00,1769967000000,519.3,520.0,517.2,518.7,596.39
2026-02-01 17:45:00,1769967900000,518.7,523.3,518.2,523.1,794.16
2026-02-01 18:00:00,1769968800000,523.1,531.3,523.0,528.8,2247.32
2026-02-01 18:15:00,1769969700000,528.8,529.9,525.2,525.9,1156.85
2026-02-01 18:30:00,1769970600000,525.9,526.2,523.4,523.5,586.7
2026-02-01 18:45:00,1769971500000,523.5,523.8,521.5,523.6,350.23
2026-02-01 19:00:00,1769972400000,523.6,524.6,521.9,522.8,489.25
2026-02-01 19:15:00,1769973300000,522.8,523.4,521.3,522.7,178.49
2026-02-01 19:30:00,1769974200000,522.7,523.0,520.8,522.2,230.54
2026-02-01 19:45:00,1769975100000,522.2,522.4,517.1,520.0,1799.71
2026-02-01 20:00:00,1769976000000,520.0,521.6,518.2,519.5,494.55
2026-02-01 20:15:00,1769976900000,519.5,521.9,517.3,517.5,407.48
2026-02-01 20:30:00,1769977800000,517.5,526.1,517.4,524.1,1578.67
2026-02-01 20:45:00,1769978700000,524.1,524.3,520.7,521.4,795.72
2026-02-01 21:00:00,1769979600000,521.4,521.4,516.6,518.0,1707.48
2026-02-01 21:15:00,1769980500000,518.0,518.3,514.4,516.8,1036.21
2026-02-01 21:30:00,1769981400000,516.8,519.9,515.8,517.0,1016.0
2026-02-01 21:45:00,1769982300000,517.0,518.2,514.6,516.5,1258.56
2026-02-01 22:00:00,1769983200000,516.5,524.5,515.5,521.7,1317.1
2026-02-01 22:15:00,1769984100000,521.7,522.0,517.1,520.8,740.49
2026-02-01 22:30:00,1769985000000,520.8,524.9,520.4,523.0,559.15
2026-02-01 22:45:00,1769985900000,523.0,524.0,520.7,522.1,462.53
2026-02-01 23:00:00,1769986800000,522.1,522.6,508.9,516.2,5774.42
2026-02-01 23:15:00,1769987700000,516.2,519.1,511.1,517.2,3277.84
2026-02-01 23:30:00,1769988600000,517.2,523.3,515.9,519.8,2564.16
2026-02-01 23:45:00,1769989500000,519.8,519.8,514.6,515.6,1700.76
2026-02-02 00:00:00,1769990400000,515.6,521.1,513.0,519.6,1468.33
2026-02-02 00:15:00,1769991300000,519.6,524.3,519.1,523.5,1562.73
2026-02-02 00:30:00,1769992200000,523.5,526.3,522.0,524.0,1579.37
2026-02-02 00:45:00,1769993100000,524.0,524.9,520.9,521.0,928.49
2026-02-02 01:00:00,1769994000000,521.0,522.8,514.9,515.6,761.86
2026-02-02 01:15:00,1769994900000,515.6,524.4,514.3,523.6,1847.86
2026-02-02 01:30:00,1769995800000,523.6,523.7,519.4,520.8,1012.21
2026-02-02 01:45:00,1769996700000,520.8,522.2,519.6,520.8,206.4
2026-02-02 02:00:00,1769997600000,520.8,520.8,516.6,517.8,484.63
2026-02-02 02:15:00,1769998500000,517.8,520.4,516.6,516.8,490.54
2026-02-02 02:30:00,1769999400000,516.8,517.8,514.4,516.7,531.97
2026-02-02 02:45:00,1770000300000,516.7,517.1,513.0,513.3,706.35
2026-02-02 03:00:00,1770001200000,513.3,514.2,508.6,508.8,1310.06
2026-02-02 03:15:00,1770002100000,508.8,510.3,500.6,501.3,4857.66
2026-02-02 03:30:00,1770003000000,501.3,504.7,496.8,499.5,4523.48
2026-02-02 03:45:00,1770003900000,499.5,510.5,498.6,510.3,3783.62
2026-02-02 04:00:00,1770004800000,510.3,510.7,504.7,505.6,930.36
2026-02-02 04:15:00,1770005700000,505.6,516.0,505.3,515.5,1348.13
2026-02-02 04:30:00,1770006600000,515.5,516.5,512.9,513.0,1117.92
2026-02-02 04:45:00,1770007500000,513.0,513.0,509.3,509.7,388.33
2026-02-02 05:00:00,1770008400000,509.7,511.9,505.3,506.0,834.62
2026-02-02 05:15:00,1770009300000,506.0,506.2,500.4,501.7,1191.61
2026-02-02 05:30:00,1770010200000,501.7,504.9,499.7,502.5,1443.49
2026-02-02 05:45:00,1770011100000,502.5,506.3,501.8,504.2,1131.63
2026-02-02 06:00:00,1770012000000,504.2,504.9,500.1,503.6,1643.12
2026-02-02 06:15:00,1770012900000,503.6,507.9,502.1,503.9,765.91
2026-02-02 06:30:00,1770013800000,503.9,514.8,497.4,509.7,5473.61
2026-02-02 06:45:00,1770014700000,509.7,512.6,507.0,510.6,1795.16
2026-02-02 07:00:00,1770015600000,510.6,514.4,508.6,510.6,1226.24
2026-02-02 07:15:00,1770016500000,510.6,513.0,509.2,511.1,468.69
2026-02-02 07:30:00,1770017400000,511.1,514.3,510.8,513.6,672.08
2026-02-02 07:45:00,1770018300000,513.6,516.3,511.5,511.5,921.97
2026-02-02 08:00:00,1770019200000,511.5,515.7,511.5,514.9,559.48
2026-02-02 08:15:00,1770020100000,514.9,517.6,512.4,513.0,1075.7
2026-02-02 08:30:00,1770021000000,513.0,514.7,511.9,514.2,542.32
2026-02-02 08:45:00,1770021900000,514.2,517.0,513.2,515.3,637.45
2026-02-02 09:00:00,1770022800000,515.3,515.5,512.6,513.3,316.39
2026-02-02 09:15:00,1770023700000,513.3,518.2,512.4,518.1,734.95
2026-02-02 09:30:00,1770024600000,518.1,519.5,515.7,516.9,1633.64
2026-02-02 09:45:00,1770025500000,516.9,519.8,516.0,517.4,1492.54
2026-02-02 10:00:00,1770026400000,517.4,530.8,516.4,527.0,9103.82
2026-02-02 10:15:00,1770027300000,527.0,527.6,525.7,527.5,1220.41
2026-02-02 10:30:00,1770028200000,527.5,529.0,525.8,526.6,1578.44
2026-02-02 10:45:00,1770029100000,526.6,528.1,525.7,526.0,1709.57
2026-02-02 11:00:00,1770030000000,526.0,526.7,524.4,525.6,650.19
2026-02-02 11:15:00,1770030900000,525.6,525.7,524.1,524.8,669.7
2026-02-02 11:30:00,1770031800000,524.8,526.8,524.4,525.6,687.35
2026-02-02 11:45:00,1770032700000,525.6,526.7,523.7,524.1,824.94
2026-02-02 12:00:00,1770033600000,524.1,525.8,523.8,525.7,320.16
2026-02-02 12:15:00,1770034500000,525.7,527.5,525.5,526.2,535.89
2026-02-02 12:30:00,1770035400000,526.2,526.7,523.9,524.0,460.47
2026-02-02 12:45:00,1770036300000,524.0,525.5,523.1,524.8,597.26
2026-02-02 13:00:00,1770037200000,524.8,525.1,523.6,524.7,397.46
2026-02-02 13:15:00,1770038100000,524.7,535.6,523.5,530.8,6727.82
2026-02-02 13:30:00,1770039000000,530.8,532.9,530.5,532.1,754.18
2026-02-02 13:45:00,1770039900000,532.1,533.7,531.9,532.8,872.12
2026-02-02 14:00:00,1770040800000,532.8,532.9,526.4,529.7,3590.11
2026-02-02 14:15:00,1770041700000,529.7,530.5,528.2,530.4,928.26
2026-02-02 14:30:00,1770042600000,530.4,534.8,530.2,533.0,1746.77
2026-02-02 14:45:00,1770043500000,533.0,536.4,530.8,531.2,1565.94
2026-02-02 15:00:00,1770044400000,531.2,534.4,529.8,533.5,987.46
2026-02-02 15:15:00,1770045300000,533.5,539.4,532.5,536.4,1700.34
2026-02-02 15:30:00,1770046200000,536.4,542.9,535.2,540.1,3667.84
2026-02-02 15:45:00,1770047100000,540.1,541.1,538.9,540.1,1097.04
2026-02-02 16:00:00,1770048000000,540.1,543.9,538.4,540.4,2695.42
2026-02-02 16:15:00,1770048900000,540.4,543.0,538.8,540.6,1977.35
2026-02-02 16:30:00,1770049800000,540.6,540.8,538.3,539.3,1052.73
2026-02-02 16:45:00,1770050700000,539.3,539.4,536.9,538.0,670.35
2026-02-02 17:00:00,1770051600000,538.0,541.1,537.7,539.7,445.93
2026-02-02 17:15:00,1770052500000,539.7,540.0,538.5,538.9,257.57
2026-02-02 17:30:00,1770053400000,538.9,539.5,535.9,536.7,401.52
2026-02-02 17:45:00,1770054300000,536.7,537.8,536.1,537.5,206.6
2026-02-02 18:00:00,1770055200000,537.5,537.6,535.8,536.4,319.37
2026-02-02 18:15:00,1770056100000,536.4,536.7,534.2,534.6,733.18
2026-02-02 18:30:00,1770057000000,534.6,538.1,534.6,535.6,793.77
2026-02-02 18:45:00,1770057900000,535.6,535.8,534.1,535.2,299.05
2026-02-02 19:00:00,1770058800000,535.2,536.3,534.6,536.0,136.51
2026-02-02 19:15:00,1770059700000,536.0,536.6,535.7,536.5,306.03
2026-02-02 19:30:00,1770060600000,536.5,536.7,535.1,536.7,178.95
2026-02-02 19:45:00,1770061500000,536.7,537.1,535.1,535.8,228.71
2026-02-02 20:00:00,1770062400000,535.8,536.2,534.2,535.2,332.34
2026-02-02 20:15:00,1770063300000,535.2,536.8,535.1,535.8,288.86
2026-02-02 20:30:00,1770064200000,535.8,535.8,533.6,533.6,274.84
2026-02-02 20:45:00,1770065100000,533.6,536.1,533.5,534.8,1340.43
2026-02-02 21:00:00,1770066000000,534.8,536.7,534.5,536.2,297.02
2026-02-02 21:15:00,1770066900000,536.2,536.8,534.0,534.5,197.13
2026-02-02 21:30:00,1770067800000,534.5,536.2,534.3,535.5,258.3
2026-02-02 21:45:00,1770068700000,535.5,537.4,535.4,537.0,309.18
2026-02-02 22:00:00,1770069600000,537.0,539.2,537.0,538.7,957.54
2026-02-02 22:15:00,1770070500000,538.7,539.4,537.8,538.4,283.85
2026-02-02 22:30:00,1770071400000,538.4,540.8,538.3,539.8,453.75
2026-02-02 22:45:00,1770072300000,539.8,540.2,538.5,539.1,230.62
2026-02-02 23:00:00,1770073200000,539.1,540.1,538.1,539.7,359.69
2026-02-02 23:15:00,1770074100000,539.7,540.3,537.5,537.6,377.33
2026-02-02 23:30:00,1770075000000,537.6,541.0,537.5,540.6,484.86
2026-02-02 23:45:00,1770075900000,540.6,541.2,539.2,539.3,602.13
2026-02-03 00:00:00,1770076800000,539.3,540.4,536.3,537.4,652.52
2026-02-03 00:15:00,1770077700000,537.4,539.4,536.9,538.9,519.37
2026-02-03 00:30:00,1770078600000,538.9,539.0,536.1,537.1,1145.44
2026-02-03 00:45:00,1770079500000,537.1,537.3,536.0,536.3,616.06
2026-02-03 01:00:00,1770080400000,536.3,536.4,532.8,534.1,1825.83
2026-02-03 01:15:00,1770081300000,534.1,534.8,532.2,534.2,837.69
2026-02-03 01:30:00,1770082200000,534.2,534.2,532.2,534.1,202.54
2026-02-03 01:45:00,1770083100000,534.1,534.1,532.6,533.3,223.49
2026-02-03 02:00:00,1770084000000,533.3,533.3,528.9,529.5,932.38
2026-02-03 02:15:00,1770084900000,529.5,531.6,529.3,530.1,221.96
2026-02-03 02:30:00,1770085800000,530.1,530.9,528.5,529.4,319.63
2026-02-03 02:45:00,1770086700000,529.4,529.4,526.0,526.4,1269.21
2026-02-03 03:00:00,1770087600000,526.4,529.1,525.9,528.7,698.71
2026-02-03 03:15:00,1770088500000,528.7,529.6,526.8,529.6,871.39
2026-02-03 03:30:00,1770089400000,529.6,531.4,529.1,531.1,293.15
2026-02-03 03:45:00,1770090300000,531.1,533.5,530.9,532.5,346.95
2026-02-03 04:00:00,1770091200000,532.5,533.0,531.2,533.0,511.53
2026-02-03 04:15:00,1770092100000,533.0,533.6,531.0,531.0,228.71
2026-02-03 04:30:00,1770093000000,531.0,535.0,531.0,535.0,497.26
2026-02-03 04:45:00,1770093900000,535.0,535.2,533.0,533.0,266.53
2026-02-03 05:00:00,1770094800000,533.0,533.3,528.9,529.0,1142.3
2026-02-03 05:15:00,1770095700000,529.0,529.0,526.5,528.2,1552.79
2026-02-03 05:30:00,1770096600000,528.2,528.2,525.3,526.5,506.2
2026-02-03 05:45:00,1770097500000,526.5,527.2,525.6,525.8,391.58
2026-02-03 06:00:00,1770098400000,525.8,526.9,524.2,526.5,1116.91
2026-02-03 06:15:00,1770099300000,526.5,530.0,525.9,529.4,596.62
2026-02-03 06:30:00,1770100200000,529.4,529.4,527.2,527.2,94.15
2026-02-03 06:45:00,1770101100000,527.2,528.8,526.9,528.6,116.18
2026-02-03 07:00:00,1770102000000,528.6,531.0,528.0,530.2,230.9
2026-02-03 07:15:00,1770102900000,530.2,530.5,529.0,529.4,84.31
2026-02-03 07:30:00,1770103800000,529.4,531.6,529.0,530.2,314.54
2026-02-03 07:45:00,1770104700000,530.2,530.5,529.5,529.7,205.07
2026-02-03 08:00:00,1770105600000,529.7,530.8,528.5,528.5,363.24
2026-02-03 08:15:00,1770106500000,528.5,532.3,528.3,531.6,405.22
2026-02-03 08:30:00,1770107400000,531.6,532.1,530.5,532.1,127.22
2026-02-03 08:45:00,1770108300000,532.1,532.1,529.1,529.1,165.04
2026-02-03 09:00:00,1770109200000,529.1,531.1,526.4,526.5,1019.56
2026-02-03 09:15:00,1770110100000,526.5,527.6,524.1,525.3,1237.16
2026-02-03 09:30:00,1770111000000,525.3,528.2,524.8,527.7,505.96
2026-02-03 09:45:00,1770111900000,527.7,528.3,526.7,526.9,191.77
2026-02-03 10:00:00,1770112800000,526.9,529.1,526.6,528.6,355.05
2026-02-03 10:15:00,1770113700000,528.6,528.9,527.4,527.8,259.91
2026-02-03 10:30:00,1770114600000,527.8,527.8,525.0,525.6,323.39
2026-02-03 10:45:00,1770115500000,525.6,525.9,524.7,525.4,345.44
2026-02-03 11:00:00,1770116400000,525.4,526.4,525.2,525.7,295.9
2026-02-03 11:15:00,1770117300000,525.7,526.6,525.3,526.1,151.12
2026-02-03 11:30:00,1770118200000,526.1,527.4,525.7,526.5,246.45
2026-02-03 11:45:00,1770119100000,526.5,527.4,526.2,526.2,138.12
2026-02-03 12:00:00,1770120000000,526.2,528.8,525.3,527.8,380.25
2026-02-03 12:15:00,1770120900000,527.8,527.8,526.5,527.5,203.57
2026-02-03 12:30:00,1770121800000,527.5,527.5,526.2,526.5,224.75
2026-02-03 12:45:00,1770122700000,526.5,528.1,526.3,527.0,742.37
2026-02-03 13:00:00,1770123600000,527.0,529.3,526.6,528.3,355.15
2026-02-03 13:15:00,1770124500000,528.3,528.8,527.0,528.4,384.7
2026-02-03 13:30:00,1770125400000,528.4,528.4,526.9,527.5,204.25
2026-02-03 13:45:00,1770126300000,527.5,528.6,527.1,527.9,180.98
2026-02-03 14:00:00,1770127200000,527.9,528.2,526.6,526.8,231.26
2026-02-03 14:15:00,1770128100000,526.8,527.2,524.3,525.9,437.5
2026-02-03 14:30:00,1770129000000,525.9,526.0,521.9,524.4,1600.89
2026-02-03 14:45:00,1770129900000,524.4,527.1,520.8,520.9,1968.62
2026-02-03 15:00:00,1770130800000,520.9,524.0,519.7,520.6,1084.13
2026-02-03 15:15:00,1770131700000,520.6,529.0,520.0,527.1,1966.67
2026-02-03 15:30:00,1770132600000,527.1,530.6,525.5,526.3,1221.96
2026-02-03 15:45:00,1770133500000,526.3,532.9,525.7,532.7,1326.98
2026-02-03 16:00:00,1770134400000,532.7,533.0,527.7,529.3,1245.05
2026-02-03 16:15:00,1770135300000,529.3,529.8,526.0,526.2,1087.7
2026-02-03 16:30:00,1770136200000,526.2,527.9,524.5,527.2,993.09
2026-02-03 16:45:00,1770137100000,527.2,527.7,525.5,525.8,460.5
2026-02-03 17:00:00,1770138000000,525.8,526.6,522.3,522.5,485.66
2026-02-03 17:15:00,1770138900000,522.5,524.5,521.9,523.8,643.99
2026-02-03 17:30:00,1770139800000,523.8,524.0,518.6,518.7,1602.51
2026-02-03 17:45:00,1770140700000,518.7,526.8,518.5,518.8,3728.52
2026-02-03 18:00:00,1770141600000,518.8,521.3,517.2,517.2,1583.13
2026-02-03 18:15:00,1770142500000,517.2,518.0,511.4,512.7,2712.58
2026-02-03 18:30:00,1770143400000,512.7,515.2,510.7,511.9,1221.68
2026-02-03 18:45:00,1770144300000,511.9,514.2,509.1,511.6,2769.7
2026-02-03 19:00:00,1770145200000,511.6,523.1,510.2,522.1,2607.24
2026-02-03 19:15:00,1770146100000,522.1,526.7,520.8,524.2,2678.72
2026-02-03 19:30:00,1770147000000,524.2,527.1,523.3,525.6,1512.48
2026-02-03 19:45:00,1770147900000,525.6,528.6,523.3,527.6,1126.86
2026-02-03 20:00:00,1770148800000,527.6,527.7,523.9,524.8,570.05
2026-02-03 20:15:00,1770149700000,524.8,532.3,524.5,531.5,2704.59
2026-02-03 20:30:00,1770150600000,531.5,541.5,531.2,538.9,5479.54
2026-02-03 20:45:00,1770151500000,538.9,542.2,537.3,538.3,2307.26
2026-02-03 21:00:00,1770152400000,538.3,541.0,536.5,537.2,1449.86
2026-02-03 21:15:00,1770153300000,537.2,537.4,533.4,533.6,863.78
2026-02-03 21:30:00,1770154200000,533.6,534.9,531.6,532.3,873.09
2026-02-03 21:45:00,1770155100000,532.3,532.7,529.9,530.6,1054.58
2026-02-03 22:00:00,1770156000000,530.6,531.0,527.7,528.5,922.43
2026-02-03 22:15:00,1770156900000,528.5,531.2,526.4,528.9,1047.69
2026-02-03 22:30:00,1770157800000,528.9,529.9,527.8,528.3,405.16
2026-02-03 22:45:00,1770158700000,528.3,528.3,524.8,526.2,794.43
2026-02-03 23:00:00,1770159600000,526.2,526.9,523.3,526.3,723.79
2026-02-03 23:15:00,1770160500000,526.3,526.8,524.7,525.2,632.86
2026-02-03 23:30:00,1770161400000,525.2,526.6,524.9,525.7,432.02
2026-02-03 23:45:00,1770162300000,525.7,526.4,522.7,526.4,1006.9
2026-02-04 00:00:00,1770163200000,526.4,526.7,525.2,526.3,789.97
2026-02-04 00:15:00,1770164100000,526.3,530.3,526.3,529.0,1490.68
2026-02-04 00:30:00,1770165000000,529.0,530.9,528.9,529.0,740.23
2026-02-04 00:45:00,1770165900000,529.0,532.9,528.4,532.6,1327.93
2026-02-04 01:00:00,1770166800000,532.6,537.1,532.1,536.0,1236.7
2026-02-04 01:15:00,1770167700000,536.0,537.5,534.8,536.6,511.68
2026-02-04 01:30:00,1770168600000,536.6,537.1,535.2,535.4,410.38
2026-02-04 01:45:00,1770169500000,535.4,535.6,533.2,533.7,335.5
2026-02-04 02:00:00,1770170400000,533.7,535.8,532.8,533.2,667.47
2026-02-04 02:15:00,1770171300000,533.2,534.9,531.5,531.7,592.63
2026-02-04 02:30:00,1770172200000,531.7,533.7,529.4,530.9,671.82
2026-02-04 02:45:00,1770173100000,530.9,531.6,528.8,530.5,692.11
2026-02-04 03:00:00,1770174000000,530.5,533.8,530.1,533.5,593.19
2026-02-04 03:15:00,1770174900000,533.5,533.8,531.1,531.3,380.75
2026-02-04 03:30:00,1770175800000,531.3,533.6,530.9,531.7,427.58
2026-02-04 03:45:00,1770176700000,531.7,533.8,531.6,533.4,343.09
2026-02-04 04:00:00,1770177600000,533.4,533.9,532.5,533.3,199.35
2026-02-04 04:15:00,1770178500000,533.3,533.4,531.7,532.1,228.2
2026-02-04 04:30:00,1770179400000,532.1,532.7,531.4,531.4,51.28
2026-02-04 04:45:00,1770180300000,531.4,531.7,530.9,531.3,246.85
2026-02-04 05:00:00,1770181200000,531.3,531.7,530.7,531.0,125.06
2026-02-04 05:15:00,1770182100000,531.0,531.6,530.1,531.4,82.36
2026-02-04 05:30:00,1770183000000,531.4,531.5,529.7,529.9,74.3
2026-02-04 05:45:00,1770183900000,529.9,530.3,528.1,529.5,173.69
2026-02-04 06:00:00,1770184800000,529.5,530.2,528.0,529.7,187.03
2026-02-04 06:15:00,1770185700000,529.7,529.8,528.1,528.2,126.8
2026-02-04 06:30:00,1770186600000,528.2,530.4,528.0,530.0,174.2
2026-02-04 06:45:00,1770187500000,530.0,531.0,529.7,530.0,270.48
2026-02-04 07:00:00,1770188400000,530.0,530.9,528.2,530.8,181.05
2026-02-04 07:15:00,1770189300000,530.8,531.2,529.7,530.6,105.45
2026-02-04 07:30:00,1770190200000,530.6,531.8,529.9,531.6,173.12
2026-02-04 07:45:00,1770191100000,531.6,531.6,530.6,530.9,202.84
2026-02-04 08:00:00,1770192000000,530.9,531.4,529.2,529.4,162.93
2026-02-04 08:15:00,1770192900000,529.4,530.5,528.1,528.5,231.03
2026-02-04 08:30:00,1770193800000,528.5,529.8,527.7,529.8,152.0
2026-02-04 08:45:00,1770194700000,529.8,530.6,529.8,530.4,96.99
2026-02-04 09:00:00,1770195600000,530.4,530.8,529.9,529.9,111.29
2026-02-04 09:15:00,1770196500000,529.9,530.0,528.0,528.1,105.57
2026-02-04 09:30:00,1770197400000,528.1,528.6,526.6,527.2,273.53
2026-02-04 09:45:00,1770198300000,527.2,527.6,526.8,526.8,135.41
2026-02-04 10:00:00,1770199200000,526.8,527.3,526.2,527.3,460.71
2026-02-04 10:15:00,1770200100000,527.3,528.0,525.1,525.3,378.82
2026-02-04 10:30:00,1770201000000,525.3,526.5,525.1,526.0,429.6
2026-02-04 10:45:00,1770201900000,526.0,526.4,525.8,525.9,306.96
2026-02-04 11:00:00,1770202800000,525.9,526.0,521.4,523.0,1087.32
2026-02-04 11:15:00,1770203700000,523.0,525.8,522.7,524.7,279.84
2026-02-04 11:30:00,1770204600000,524.7,529.9,524.2,529.0,1473.46
2026-02-04 11:45:00,1770205500000,529.0,530.2,528.8,529.0,278.38
2026-02-04 12:00:00,1770206400000,529.0,530.0,527.9,527.9,184.86
2026-02-04 12:15:00,1770207300000,527.9,528.5,525.3,525.7,634.2
2026-02-04 12:30:00,1770208200000,525.7,527.3,525.7,526.7,274.52
2026-02-04 12:45:00,1770209100000,526.7,527.8,526.1,527.7,331.29
2026-02-04 13:00:00,1770210000000,527.7,527.9,526.9,527.3,167.86
2026-02-04 13:15:00,1770210900000,527.3,527.4,526.0,526.4,172.7
2026-02-04 13:30:00,1770211800000,526.4,527.2,524.7,525.2,365.19
2026-02-04 13:45:00,1770212700000,525.2,525.6,522.1,522.4,519.85
2026-02-04 14:00:00,1770213600000,522.4,524.8,522.3,523.5,365.33
2026-02-04 14:15:00,1770214500000,523.5,523.5,521.5,522.0,353.43
2026-02-04 14:30:00,1770215400000,522.0,525.7,518.6,522.7,1955.78
2026-02-04 14:45:00,1770216300000,522.7,525.0,517.9,518.3,863.98
2026-02-04 15:00:00,1770217200000,518.3,521.5,516.1,520.6,1629.42
2026-02-04 15:15:00,1770218100000,520.6,522.5,518.4,519.8,925.2
2026-02-04 15:30:00,1770219000000,519.8,522.0,514.9,521.4,3020.53
2026-02-04 15:45:00,1770219900000,521.4,523.7,518.9,520.2,1082.59
2026-02-04 16:00:00,1770220800000,520.2,524.5,519.9,522.2,1249.67
2026-02-04 16:15:00,1770221700000,522.2,522.2,516.9,521.3,1087.12
2026-02-04 16:30:00,1770222600000,521.3,521.5,516.0,517.0,1245.09
2026-02-04 16:45:00,1770223500000,517.0,520.9,516.2,519.7,960.41
2026-02-04 17:00:00,1770224400000,519.7,521.2,516.9,520.6,855.54
2026-02-04 17:15:00,1770225300000,520.6,522.2,516.2,516.4,1356.68
2026-02-04 17:30:00,1770226200000,516.4,519.4,514.6,518.7,1677.46
2026-02-04 17:45:00,1770227100000,518.7,520.9,517.7,519.7,1147.72
2026-02-04 18:00:00,1770228000000,519.7,521.6,517.2,520.0,1055.96
2026-02-04 18:15:00,1770228900000,520.0,525.9,518.3,524.0,3320.94
2026-02-04 18:30:00,1770229800000,524.0,531.3,523.2,530.5,1894.9
2026-02-04 18:45:00,1770230700000,530.5,530.9,528.2,528.2,821.88
2026-02-04 19:00:00,1770231600000,528.2,533.9,528.1,531.3,892.15
2026-02-04 19:15:00,1770232500000,531.3,534.5,530.8,533.4,874.0
2026-02-04 19:30:00,1770233400000,533.4,537.0,532.3,536.9,724.37
2026-02-04 19:45:00,1770234300000,536.9,539.6,534.6,538.5,1702.77
2026-02-04 20:00:00,1770235200000,538.5,539.0,535.7,535.7,782.17
2026-02-04 20:15:00,1770236100000,535.7,538.2,535.3,537.3,699.52
2026-02-04 20:30:00,1770237000000,537.3,538.7,536.3,537.7,450.02
2026-02-04 20:45:00,1770237900000,537.7,538.1,535.8,535.9,291.81
2026-02-04 21:00:00,1770238800000,535.9,536.9,532.6,533.4,562.04
2026-02-04 21:15:00,1770239700000,533.4,533.4,530.1,530.8,356.42
2026-02-04 21:30:00,1770240600000,530.8,531.5,527.6,528.7,477.68
2026-02-04 21:45:00,1770241500000,528.7,530.2,527.1,530.0,774.06
2026-02-04 22:00:00,1770242400000,530.0,530.3,524.4,526.3,987.95
2026-02-04 22:15:00,1770243300000,526.3,536.6,526.1,535.2,702.05
2026-02-04 22:30:00,1770244200000,535.2,535.2,528.9,529.1,589.82
2026-02-04 22:45:00,1770245100000,529.1,532.3,527.1,528.0,1207.98
2026-02-04 23:00:00,1770246000000,528.0,529.2,526.5,529.2,513.11
2026-02-04 23:15:00,1770246900000,529.2,532.8,528.5,532.1,1012.44
2026-02-04 23:30:00,1770247800000,532.1,533.8,531.4,533.2,614.14
2026-02-04 23:45:00,1770248700000,533.2,534.2,531.8,531.9,460.25
2026-02-05 00:00:00,1770249600000,531.9,532.0,529.0,529.0,536.57
2026-02-05 00:15:00,1770250500000,529.0,532.9,529.0,532.8,421.73
2026-02-05 00:30:00,1770251400000,532.8,532.8,528.9,530.4,657.07
2026-02-05 00:45:00,1770252300000,530.4,534.6,529.8,534.3,1654.49
2026-02-05 01:00:00,1770253200000,534.3,539.6,534.1,539.1,1802.29
2026-02-05 01:15:00,1770254100000,539.1,542.4,533.2,540.2,2678.64
2026-02-05 01:30:00,1770255000000,540.2,542.0,534.9,535.9,1464.92
2026-02-05 01:45:00,1770255900000,535.9,537.6,534.4,535.1,1091.52
2026-02-05 02:00:00,1770256800000,535.1,537.6,533.4,534.2,993.6
2026-02-05 02:15:00,1770257700000,534.2,537.3,532.1,536.6,935.37
2026-02-05 02:30:00,1770258600000,536.6,539.2,535.9,538.6,891.65
2026-02-05 02:45:00,1770259500000,538.6,538.7,532.7,533.7,818.54
2026-02-05 03:00:00,1770260400000,533.7,534.4,530.0,530.8,1199.24
2026-02-05 03:15:00,1770261300000,530.8,532.4,529.1,530.4,841.47
2026-02-05 03:30:00,1770262200000,530.4,530.7,528.6,529.5,446.51
2026-02-05 03:45:00,1770263100000,529.5,532.4,528.3,529.3,721.33
2026-02-05 04:00:00,1770264000000,529.3,530.7,525.6,526.7,949.21
2026-02-05 04:15:00,1770264900000,526.7,529.4,525.1,526.6,814.4
2026-02-05 04:30:00,1770265800000,526.6,529.1,525.9,528.5,1104.29
2026-02-05 04:45:00,1770266700000,528.5,528.5,524.5,525.6,487.48
2026-02-05 05:00:00,1770267600000,525.6,525.9,521.8,524.1,643.43
2026-02-05 05:15:00,1770268500000,524.1,524.6,518.9,520.6,2185.71
2026-02-05 05:30:00,1770269400000,520.6,525.2,519.3,524.3,1271.37
2026-02-05 05:45:00,1770270300000,524.3,524.5,521.0,521.2,1632.25
2026-02-05 06:00:00,1770271200000,521.2,521.5,516.3,517.9,1569.02
2026-02-05 06:15:00,1770272100000,517.9,518.9,515.0,517.3,2169.76
2026-02-05 06:30:00,1770273000000,517.3,522.7,517.3,521.9,1005.1
2026-02-05 06:45:00,1770273900000,521.9,523.1,518.8,521.3,717.21
2026-02-05 07:00:00,1770274800000,521.3,528.2,520.7,525.0,2110.26
2026-02-05 07:15:00,1770275700000,525.0,532.3,524.3,531.7,1310.2
2026-02-05 07:30:00,1770276600000,531.7,532.6,527.3,528.4,1339.42
2026-02-05 07:45:00,1770277500000,528.4,530.0,525.7,526.2,1115.97
2026-02-05 08:00:00,1770278400000,526.2,528.2,525.2,527.9,744.23
2026-02-05 08:15:00,1770279300000,527.9,531.3,527.0,529.1,875.87
2026-02-05 08:30:00,1770280200000,529.1,533.0,529.1,531.6,575.95
2026-02-05 08:45:00,1770281100000,531.6,532.0,529.5,529.7,365.9
2026-02-05 09:00:00,1770282000000,529.7,531.9,528.3,530.8,884.67
2026-02-05 09:15:00,1770282900000,530.8,532.5,527.5,527.5,587.73
2026-02-05 09:30:00,1770283800000,527.5,528.4,523.2,523.5,992.47
2026-02-05 09:45:00,1770284700000,523.5,524.2,521.7,522.0,917.77
2026-02-05 10:00:00,1770285600000,522.0,524.3,519.8,523.8,997.48
2026-02-05 10:15:00,1770286500000,523.8,526.9,523.7,525.0,789.23
2026-02-05 10:30:00,1770287400000,525.0,525.1,520.3,520.6,910.11
2026-02-05 10:45:00,1770288300000,520.6,520.6,516.0,517.3,1168.2
2026-02-05 11:00:00,1770289200000,517.3,519.5,513.0,513.3,1818.37
2026-02-05 11:15:00,1770290100000,513.3,515.6,508.5,509.4,2734.74
2026-02-05 11:30:00,1770291000000,509.4,516.3,508.2,514.8,1446.47
2026-02-05 11:45:00,1770291900000,514.8,515.5,510.7,511.2,722.56
2026-02-05 12:00:00,1770292800000,511.2,513.4,510.3,510.9,833.06
2026-02-05 12:15:00,1770293700000,510.9,511.2,499.7,501.7,7425.63
2026-02-05 12:30:00,1770294600000,501.7,504.9,500.9,502.5,2425.19
2026-02-05 12:45:00,1770295500000,502.5,505.6,501.3,502.9,2477.53
2026-02-05 13:00:00,1770296400000,502.9,507.4,502.8,504.6,1147.42
2026-02-05 13:15:00,1770297300000,504.6,505.4,501.6,502.1,443.1
2026-02-05 13:30:00,1770298200000,502.1,504.2,500.3,500.6,868.69
2026-02-05 13:45:00,1770299100000,500.6,503.7,499.9,502.3,993.93
2026-02-05 14:00:00,1770300000000,502.3,507.8,502.3,504.6,1641.26
2026-02-05 14:15:00,1770300900000,504.6,507.2,502.5,506.8,959.73
2026-02-05 14:30:00,1770301800000,506.8,511.5,505.8,507.6,1857.68
2026-02-05 14:45:00,1770302700000,507.6,509.3,500.4,501.9,1474.8
2026-02-05 15:00:00,1770303600000,501.9,502.7,489.9,491.1,5662.17
2026-02-05 15:15:00,1770304500000,491.1,495.4,482.3,485.0,7016.03
2026-02-05 15:30:00,1770305400000,485.0,491.9,482.5,491.2,4979.55
2026-02-05 15:45:00,1770306300000,491.2,495.9,487.1,489.0,2543.22
2026-02-05 16:00:00,1770307200000,489.0,490.0,484.5,486.0,1977.74
2026-02-05 16:15:00,1770308100000,486.0,496.2,485.7,495.4,3024.68
2026-02-05 16:30:00,1770309000000,495.4,497.9,491.4,491.6,2873.09
2026-02-05 16:45:00,1770309900000,491.6,498.4,489.5,495.0,1986.6
2026-02-05 17:00:00,1770310800000,495.0,496.2,484.9,486.1,1544.48
2026-02-05 17:15:00,1770311700000,486.1,490.3,480.3,488.9,2916.78
2026-02-05 17:30:00,1770312600000,488.9,489.8,482.9,484.6,1595.53
2026-02-05 17:45:00,1770313500000,484.6,486.7,480.4,480.6,1043.95
2026-02-05 18:00:00,1770314400000,480.6,483.7,479.1,481.2,1584.94
2026-02-05 18:15:00,1770315300000,481.2,483.9,474.7,478.7,3602.98
2026-02-05 18:30:00,1770316200000,478.7,479.3,473.4,474.5,2590.95
2026-02-05 18:45:00,1770317100000,474.5,481.7,474.3,480.0,1856.65
2026-02-05 19:00:00,1770318000000,480.0,480.3,475.9,477.4,1024.56
2026-02-05 19:15:00,1770318900000,477.4,479.7,473.1,475.4,706.83
2026-02-05 19:30:00,1770319800000,475.4,477.5,474.5,475.0,718.37
2026-02-05 19:45:00,1770320700000,475.0,475.9,472.0,474.1,1103.52
2026-02-05 20:00:00,1770321600000,474.1,478.1,473.6,474.8,1308.92
2026-02-05 20:15:00,1770322500000,474.8,475.0,462.1,464.5,10444.36
2026-02-05 20:30:00,1770323400000,464.5,471.9,463.1,469.1,5864.19
2026-02-05 20:45:00,1770324300000,469.1,470.0,460.3,468.0,5969.74
2026-02-05 21:00:00,1770325200000,468.0,476.6,466.9,467.0,4772.26
2026-02-05 21:15:00,1770326100000,467.0,472.4,463.3,470.1,2609.93
2026-02-05 21:30:00,1770327000000,470.1,471.7,465.4,466.1,1964.31
2026-02-05 21:45:00,1770327900000,466.1,467.4,461.0,462.2,1892.98
2026-02-05 22:00:00,1770328800000,462.2,466.7,459.9,464.4,2890.82
2026-02-05 22:15:00,1770329700000,464.4,469.4,458.1,468.0,2458.24
2026-02-05 22:30:00,1770330600000,468.0,471.0,463.6,465.3,1460.32
2026-02-05 22:45:00,1770331500000,465.3,468.3,464.5,465.2,1672.35
2026-02-05 23:00:00,1770332400000,465.2,470.9,463.5,468.8,2262.39
2026-02-05 23:15:00,1770333300000,468.8,469.3,463.3,466.3,766.56
2026-02-05 23:30:00,1770334200000,466.3,467.4,457.9,458.5,2342.61
2026-02-05 23:45:00,1770335100000,458.5,461.0,452.3,453.5,3726.15
2026-02-06 00:00:00,1770336000000,453.5,465.0,430.4,434.4,20087.01
2026-02-06 00:15:00,1770336900000,434.4,441.6,422.7,436.2,29240.52
2026-02-06 00:30:00,1770337800000,436.2,455.5,435.2,452.3,6678.7
2026-02-06 00:45:00,1770338700000,452.3,457.1,448.1,451.3,5559.46
2026-02-06 01:00:00,1770339600000,451.3,458.3,449.3,453.4,5744.48
2026-02-06 01:15:00,1770340500000,453.4,456.4,448.3,448.6,3208.59
2026-02-06 01:30:00,1770341400000,448.6,454.3,447.5,452.9,2256.42
2026-02-06 01:45:00,1770342300000,452.9,460.3,451.6,459.8,3316.18
2026-02-06 02:00:00,1770343200000,459.8,464.7,452.2,452.5,4463.24
2026-02-06 02:15:00,1770344100000,452.5,452.7,445.0,448.9,2827.7
2026-02-06 02:30:00,1770345000000,448.9,453.2,448.3,451.2,1723.86
2026-02-06 02:45:00,1770345900000,451.2,452.0,446.9,448.3,777.16
2026-02-06 03:00:00,1770346800000,448.3,449.2,443.7,444.0,1134.82
2026-02-06 03:15:00,1770347700000,444.0,449.1,443.9,448.3,1056.73
2026-02-06 03:30:00,1770348600000,448.3,453.0,448.0,450.7,845.67
2026-02-06 03:45:00,1770349500000,450.7,451.9,448.2,451.1,1126.24
2026-02-06 04:00:00,1770350400000,451.1,455.2,449.1,453.8,1591.97
2026-02-06 04:15:00,1770351300000,453.8,457.0,453.7,455.5,967.24
2026-02-06 04:30:00,1770352200000,455.5,455.5,450.7,451.5,612.29
2026-02-06 04:45:00,1770353100000,451.5,455.2,451.5,454.9,776.09
2026-02-06 05:00:00,1770354000000,454.9,461.1,454.5,460.9,1092.61
2026-02-06 05:15:00,1770354900000,460.9,463.1,459.2,461.1,631.61
2026-02-06 05:30:00,1770355800000,461.1,469.4,460.4,469.0,1465.27
2026-02-06 05:45:00,1770356700000,469.0,473.9,467.8,470.4,3794.46
2026-02-06 06:00:00,1770357600000,470.4,472.4,468.7,469.7,1643.82
2026-02-06 06:15:00,1770358500000,469.7,469.9,465.7,467.9,1618.41
2026-02-06 06:30:00,1770359400000,467.9,468.6,463.4,464.1,1435.11
2026-02-06 06:45:00,1770360300000,464.1,465.7,462.8,464.5,1174.98
2026-02-06 07:00:00,1770361200000,464.5,465.4,460.4,462.2,2494.8
2026-02-06 07:15:00,1770362100000,462.2,463.5,460.8,463.0,1020.42
2026-02-06 07:30:00,1770363000000,463.0,467.7,462.5,466.5,787.6
2026-02-06 07:45:00,1770363900000,466.5,467.2,464.0,465.7,509.08
2026-02-06 08:00:00,1770364800000,465.7,470.4,464.9,469.5,971.65
2026-02-06 08:15:00,1770365700000,469.5,469.7,465.5,467.7,1405.41
2026-02-06 08:30:00,1770366600000,467.7,469.7,465.2,468.9,1128.21
2026-02-06 08:45:00,1770367500000,468.9,470.6,467.7,468.3,693.98
2026-02-06 09:00:00,1770368400000,468.3,468.6,465.7,467.7,1009.93
2026-02-06 09:15:00,1770369300000,467.7,471.3,466.5,470.6,1587.6
2026-02-06 09:30:00,1770370200000,470.6,474.8,470.5,472.0,1376.77
2026-02-06 09:45:00,1770371100000,472.0,474.0,470.8,471.4,501.38
2026-02-06 10:00:00,1770372000000,471.4,473.0,469.7,471.1,685.19
2026-02-06 10:15:00,1770372900000,471.1,474.7,471.1,472.5,522.47
2026-02-06 10:30:00,1770373800000,472.5,473.9,471.8,472.6,598.38
2026-02-06 10:45:00,1770374700000,472.6,473.1,470.6,471.8,421.29
2026-02-06 11:00:00,1770375600000,471.8,472.9,471.5,472.6,383.22
2026-02-06 11:15:00,1770376500000,472.6,473.3,470.5,471.6,462.35
2026-02-06 11:30:00,1770377400000,471.6,473.9,471.5,472.1,414.31
2026-02-06 11:45:00,1770378300000,472.1,473.6,470.9,472.4,388.66
2026-02-06 12:00:00,1770379200000,472.4,472.4,469.2,470.2,564.38
2026-02-06 12:15:00,1770380100000,470.2,471.1,468.8,471.0,301.5
2026-02-06 12:30:00,1770381000000,471.0,471.0,469.4,470.0,246.68
2026-02-06 12:45:00,1770381900000,470.0,471.2,469.8,470.9,366.41
2026-02-06 13:00:00,1770382800000,470.9,476.5,470.5,476.5,820.1
2026-02-06 13:15:00,1770383700000,476.5,481.0,474.7,478.1,1928.33
2026-02-06 13:30:00,1770384600000,478.1,480.9,477.8,479.8,557.68
2026-02-06 13:45:00,1770385500000,479.8,491.1,479.5,485.7,5105.46
2026-02-06 14:00:00,1770386400000,485.7,487.2,483.7,487.2,2857.22
2026-02-06 14:15:00,1770387300000,487.2,487.2,483.4,486.1,743.98
2026-02-06 14:30:00,1770388200000,486.1,497.0,485.8,496.5,2704.77
2026-02-06 14:45:00,1770389100000,496.5,504.1,496.0,501.7,2989.85
2026-02-06 15:00:00,1770390000000,501.7,501.9,493.5,493.5,2051.53
2026-02-06 15:15:00,1770390900000,493.5,495.3,492.1,492.1,804.24
2026-02-06 15:30:00,1770391800000,492.1,494.7,492.0,493.3,557.65
2026-02-06 15:45:00,1770392700000,493.3,494.6,490.0,491.2,955.9
2026-02-06 16:00:00,1770393600000,491.2,497.7,489.5,493.7,4388.18
2026-02-06 16:15:00,1770394500000,493.7,495.5,491.5,493.5,1459.39
2026-02-06 16:30:00,1770395400000,493.5,495.2,492.2,494.3,1521.93
2026-02-06 16:45:00,1770396300000,494.3,496.8,493.8,495.7,741.61
2026-02-06 17:00:00,1770397200000,495.7,498.6,493.8,496.7,1241.11
2026-02-06 17:15:00,1770398100000,496.7,499.0,496.3,497.1,2012.88
2026-02-06 17:30:00,1770399000000,497.1,500.6,495.1,499.2,3711.7
2026-02-06 17:45:00,1770399900000,499.2,500.8,496.6,498.5,2107.69
2026-02-06 18:00:00,1770400800000,498.5,500.4,495.8,499.5,1926.22
2026-02-06 18:15:00,1770401700000,499.5,500.8,496.3,498.2,1392.54
2026-02-06 18:30:00,1770402600000,498.2,503.9,498.1,503.3,1067.55
2026-02-06 18:45:00,1770403500000,503.3,506.2,502.8,504.4,2718.74
2026-02-06 19:00:00,1770404400000,504.4,505.4,502.3,504.0,532.35
2026-02-06 19:15:00,1770405300000,504.0,505.0,501.7,503.8,677.7
2026-02-06 19:30:00,1770406200000,503.8,503.8,498.6,499.6,2308.8
2026-02-06 19:45:00,1770407100000,499.6,502.8,499.4,501.3,723.04
2026-02-06 20:00:00,1770408000000,501.3,501.3,498.0,498.5,417.42
2026-02-06 20:15:00,1770408900000,498.5,499.1,497.2,498.7,358.17
2026-02-06 20:30:00,1770409800000,498.7,503.1,497.6,497.8,906.28
2026-02-06 20:45:00,1770410700000,497.8,501.0,497.4,499.1,499.46
2026-02-06 21:00:00,1770411600000,499.1,501.3,497.1,500.1,679.8
2026-02-06 21:15:00,1770412500000,500.1,502.2,500.0,502.1,236.84
2026-02-06 21:30:00,1770413400000,502.1,502.4,500.6,501.9,114.58
2026-02-06 21:45:00,1770414300000,501.9,505.4,501.9,503.8,711.31
2026-02-06 22:00:00,1770415200000,503.8,505.0,502.1,503.1,1111.09
2026-02-06 22:15:00,1770416100000,503.1,503.5,502.5,502.8,233.63
2026-02-06 22:30:00,1770417000000,502.8,526.6,502.6,524.1,6508.13
2026-02-06 22:45:00,1770417900000,524.1,539.5,521.4,531.9,5947.26
2026-02-06 23:00:00,1770418800000,531.9,541.9,530.8,535.3,8588.87
2026-02-06 23:15:00,1770419700000,535.3,536.8,529.6,530.3,3869.75
2026-02-06 23:30:00,1770420600000,530.3,531.0,520.9,523.4,3105.19
2026-02-06 23:45:00,1770421500000,523.4,525.6,521.5,522.7,1764.04
2026-02-07 00:00:00,1770422400000,522.7,525.9,519.2,520.2,3292.35
2026-02-07 00:15:00,1770423300000,520.2,523.7,519.1,521.0,4658.33
2026-02-07 00:30:00,1770424200000,521.0,522.0,518.7,519.0,1205.62
2026-02-07 00:45:00,1770425100000,519.0,524.3,518.3,522.3,2186.64
2026-02-07 01:00:00,1770426000000,522.3,522.5,519.0,519.3,526.53
2026-02-07 01:15:00,1770426900000,519.3,526.2,519.3,524.4,838.85
2026-02-07 01:30:00,1770427800000,524.4,528.6,524.4,528.3,1266.48
2026-02-07 01:45:00,1770428700000,528.3,532.2,526.5,528.5,1572.47
2026-02-07 02:00:00,1770429600000,528.5,535.4,526.4,528.7,3991.45
2026-02-07 02:15:00,1770430500000,528.7,529.9,526.4,529.3,927.77
2026-02-07 02:30:00,1770431400000,529.3,530.2,527.9,528.0,322.95
2026-02-07 02:45:00,1770432300000,528.0,528.0,525.8,527.1,333.09
2026-02-07 03:00:00,1770433200000,527.1,529.7,526.5,529.5,818.62
2026-02-07 03:15:00,1770434100000,529.5,529.7,524.6,526.6,463.19
2026-02-07 03:30:00,1770435000000,526.6,528.1,524.9,526.5,606.56
2026-02-07 03:45:00,1770435900000,526.5,526.6,523.7,525.7,702.12
2026-02-07 04:00:00,1770436800000,525.7,527.5,524.9,527.1,680.86
2026-02-07 04:15:00,1770437700000,527.1,530.2,524.4,525.5,1471.66
2026-02-07 04:30:00,1770438600000,525.5,527.6,522.8,522.8,502.85
2026-02-07 04:45:00,1770439500000,522.8,524.7,522.0,524.6,453.72
2026-02-07 05:00:00,1770440400000,524.6,529.5,524.4,529.5,376.95
2026-02-07 05:15:00,1770441300000,529.5,533.1,528.1,528.4,1183.17
2026-02-07 05:30:00,1770442200000,528.4,528.8,526.7,527.9,689.66
2026-02-07 05:45:00,1770443100000,527.9,528.8,525.3,527.3,594.3
2026-02-07 06:00:00,1770444000000,527.3,528.9,526.4,527.7,418.99
2026-02-07 06:15:00,1770444900000,527.7,529.5,525.7,528.1,927.98
2026-02-07 06:30:00,1770445800000,528.1,528.1,523.9,524.1,496.67
2026-02-07 06:45:00,1770446700000,524.1,524.1,519.7,520.1,1296.71
2026-02-07 07:00:00,1770447600000,520.1,522.5,512.5,515.2,6468.62
2026-02-07 07:15:00,1770448500000,515.2,519.0,513.5,519.0,3690.69
2026-02-07 07:30:00,1770449400000,519.0,524.2,515.7,523.7,2902.36
2026-02-07 07:45:00,1770450300000,523.7,524.9,518.7,519.7,1809.47
2026-02-07 08:00:00,1770451200000,519.7,522.8,517.0,521.3,1275.98
2026-02-07 08:15:00,1770452100000,521.3,523.6,520.2,521.0,899.52
2026-02-07 08:30:00,1770453000000,521.0,523.5,520.3,521.1,710.6
2026-02-07 08:45:00,1770453900000,521.1,525.6,521.0,524.1,1082.63
2026-02-07 09:00:00,1770454800000,524.1,525.1,523.1,525.1,790.14
2026-02-07 09:15:00,1770455700000,525.1,525.1,518.7,519.9,1046.28
2026-02-07 09:30:00,1770456600000,519.9,520.1,516.8,517.5,669.25
2026-02-07 09:45:00,1770457500000,517.5,517.9,515.3,516.2,486.68
2026-02-07 10:00:00,1770458400000,516.2,517.7,514.0,515.5,946.11
2026-02-07 10:15:00,1770459300000,515.5,517.8,515.0,516.1,535.6
2026-02-07 10:30:00,1770460200000,516.1,517.1,514.5,516.4,412.27
2026-02-07 10:45:00,1770461100000,516.4,519.9,516.0,519.0,906.11
2026-02-07 11:00:00,1770462000000,519.0,519.4,517.2,517.2,546.12
2026-02-07 11:15:00,1770462900000,517.2,517.9,515.7,516.1,374.15
2026-02-07 11:30:00,1770463800000,516.1,518.5,516.1,517.9,444.37
2026-02-07 11:45:00,1770464700000,517.9,518.7,516.2,517.8,844.26
2026-02-07 12:00:00,1770465600000,517.8,523.5,517.5,522.8,1440.2
2026-02-07 12:15:00,1770466500000,522.8,528.3,522.1,526.1,2148.14
2026-02-07 12:30:00,1770467400000,526.1,528.9,522.5,523.4,2004.18
2026-02-07 12:45:00,1770468300000,523.4,527.4,523.4,525.8,1239.61
2026-02-07 13:00:00,1770469200000,525.8,528.1,525.1,526.4,571.56
2026-02-07 13:15:00,1770470100000,526.4,527.4,525.6,526.4,414.96
2026-02-07 13:30:00,1770471000000,526.4,526.9,523.7,524.7,613.43
2026-02-07 13:45:00,1770471900000,524.7,525.6,523.4,525.6,584.13
2026-02-07 14:00:00,1770472800000,525.6,527.0,524.9,525.5,394.72
2026-02-07 14:15:00,1770473700000,525.5,527.0,524.7,526.8,371.26
2026-02-07 14:30:00,1770474600000,526.8,527.5,522.8,526.5,850.5
2026-02-07 14:45:00,1770475500000,526.5,526.7,523.6,523.9,413.41
2026-02-07 15:00:00,1770476400000,523.9,527.1,523.3,526.8,726.2
2026-02-07 15:15:00,1770477300000,526.8,528.3,524.7,525.9,990.89
2026-02-07 15:30:00,1770478200000,525.9,530.6,525.6,527.4,1940.54
2026-02-07 15:45:00,1770479100000,527.4,527.6,525.9,526.9,571.28
2026-02-07 16:00:00,1770480000000,526.9,532.5,523.2,526.4,26979.77
2026-02-07 16:15:00,1770480900000,526.4,529.2,522.0,523.6,15849.55
2026-02-07 16:30:00,1770481800000,523.6,524.6,520.9,522.0,986.59
2026-02-07 16:45:00,1770482700000,522.0,524.3,521.0,523.5,817.5
2026-02-07 17:00:00,1770483600000,523.5,527.9,521.2,523.4,2216.57
2026-02-07 17:15:00,1770484500000,523.4,528.4,523.3,528.2,756.08
2026-02-07 17:30:00,1770485400000,528.2,530.8,526.7,529.2,596.87
2026-02-07 17:45:00,1770486300000,529.2,529.2,527.1,528.0,600.74
2026-02-07 18:00:00,1770487200000,528.0,532.3,527.8,531.9,977.89
2026-02-07 18:15:00,1770488100000,531.9,534.2,530.9,531.5,826.71
2026-02-07 18:30:00,1770489000000,531.5,533.0,530.1,532.7,504.33
2026-02-07 18:45:00,1770489900000,532.7,534.9,532.0,533.5,973.09
2026-02-07 19:00:00,1770490800000,533.5,535.7,532.9,534.4,659.21
2026-02-07 19:15:00,1770491700000,534.4,534.6,533.1,534.2,324.65
2026-02-07 19:30:00,1770492600000,534.2,535.6,533.1,535.1,412.0
2026-02-07 19:45:00,1770493500000,535.1,535.6,533.6,534.1,270.81
2026-02-07 20:00:00,1770494400000,534.1,536.3,532.1,532.8,903.38
2026-02-07 20:15:00,1770495300000,532.8,533.1,531.4,532.9,251.26
2026-02-07 20:30:00,1770496200000,532.9,534.1,531.1,532.9,429.49
2026-02-07 20:45:00,1770497100000,532.9,538.2,532.9,537.8,1414.12
2026-02-07 21:00:00,1770498000000,537.8,538.9,536.1,538.5,1092.88
2026-02-07 21:15:00,1770498900000,538.5,539.8,537.0,539.3,818.03
2026-02-07 21:30:00,1770499800000,539.3,539.3,536.7,536.7,212.03
2026-02-07 21:45:00,1770500700000,536.7,536.7,535.1,536.0,403.61
2026-02-07 22:00:00,1770501600000,536.0,537.3,534.2,535.6,1082.94
2026-02-07 22:15:00,1770502500000,535.6,536.3,534.3,536.3,345.84
2026-02-07 22:30:00,1770503400000,536.3,536.3,533.7,534.1,191.61
2026-02-07 22:45:00,1770504300000,534.1,534.2,532.2,533.3,333.26
2026-02-07 23:00:00,1770505200000,533.3,533.3,529.4,530.0,884.54
2026-02-07 23:15:00,1770506100000,530.0,530.6,519.9,523.7,4066.19
2026-02-07 23:30:00,1770507000000,523.7,525.9,523.4,524.9,2494.48
2026-02-07 23:45:00,1770507900000,524.9,525.7,524.3,524.8,697.85
2026-02-08 00:00:00,1770508800000,524.8,526.5,524.3,526.0,545.76
2026-02-08 00:15:00,1770509700000,526.0,526.1,522.3,523.0,851.76
2026-02-08 00:30:00,1770510600000,523.0,524.4,521.5,521.9,339.1
2026-02-08 00:45:00,1770511500000,521.9,523.9,521.8,523.7,252.15
2026-02-08 01:00:00,1770512400000,523.7,523.9,522.5,523.4,427.6
2026-02-08 01:15:00,1770513300000,523.4,523.4,521.3,521.6,188.65
2026-02-08 01:30:00,1770514200000,521.6,522.6,521.1,521.3,222.03
2026-02-08 01:45:00,1770515100000,521.3,522.7,521.3,521.7,123.91
2026-02-08 02:00:00,1770516000000,521.7,522.5,521.1,521.7,283.77
2026-02-08 02:15:00,1770516900000,521.7,524.0,521.1,521.9,885.15
2026-02-08 02:30:00,1770517800000,521.9,523.1,520.5,521.8,881.75
2026-02-08 02:45:00,1770518700000,521.8,522.6,521.0,522.5,277.46
2026-02-08 03:00:00,1770519600000,522.5,523.1,521.9,522.5,201.36
2026-02-08 03:15:00,1770520500000,522.5,522.8,521.3,522.4,433.36
2026-02-08 03:30:00,1770521400000,522.4,522.9,520.6,520.8,242.37
2026-02-08 03:45:00,1770522300000,520.8,521.4,518.6,519.1,797.54
2026-02-08 04:00:00,1770523200000,519.1,519.5,518.1,518.5,357.71
2026-02-08 04:15:00,1770524100000,518.5,521.0,518.0,520.6,237.26
2026-02-08 04:30:00,1770525000000,520.6,521.2,520.1,520.3,132.99
2026-02-08 04:45:00,1770525900000,520.3,521.3,519.3,521.2,141.93
2026-02-08 05:00:00,1770526800000,521.2,521.3,520.3,521.1,211.14
2026-02-08 05:15:00,1770527700000,521.1,521.1,520.0,520.3,169.18
2026-02-08 05:30:00,1770528600000,520.3,520.3,518.4,518.5,321.47
2026-02-08 05:45:00,1770529500000,518.5,520.3,518.4,520.0,460.98
2026-02-08 06:00:00,1770530400000,520.0,520.4,516.4,518.9,1149.5
2026-02-08 06:15:00,1770531300000,518.9,519.3,518.1,519.0,485.13
2026-02-08 06:30:00,1770532200000,519.0,519.0,517.5,517.6,104.88
2026-02-08 06:45:00,1770533100000,517.6,519.4,517.5,518.8,317.64
2026-02-08 07:00:00,1770534000000,518.8,521.0,517.8,520.7,525.57
2026-02-08 07:15:00,1770534900000,520.7,524.0,520.3,520.8,1431.54
2026-02-08 07:30:00,1770535800000,520.8,523.2,520.6,522.5,318.91
2026-02-08 07:45:00,1770536700000,522.5,523.4,522.3,523.4,160.43
2026-02-08 08:00:00,1770537600000,523.4,526.8,523.2,526.6,566.76
2026-02-08 08:15:00,1770538500000,526.6,530.3,526.0,529.4,1075.3
2026-02-08 08:30:00,1770539400000,529.4,532.1,528.7,529.1,569.76
2026-02-08 08:45:00,1770540300000,529.1,530.8,528.7,530.3,302.97
2026-02-08 09:00:00,1770541200000,530.3,531.7,529.7,530.5,183.42
2026-02-08 09:15:00,1770542100000,530.5,530.6,527.8,528.2,649.29
2026-02-08 09:30:00,1770543000000,528.2,528.9,525.5,525.7,338.36
2026-02-08 09:45:00,1770543900000,525.7,527.1,525.6,525.8,205.76
2026-02-08 10:00:00,1770544800000,525.8,526.9,525.1,525.2,102.55
2026-02-08 10:15:00,1770545700000,525.2,525.7,522.0,523.0,891.33
2026-02-08 10:30:00,1770546600000,523.0,524.3,522.5,523.9,182.23
2026-02-08 10:45:00,1770547500000,523.9,524.6,521.0,521.3,698.25
2026-02-08 11:00:00,1770548400000,521.3,522.9,520.9,522.8,571.36
2026-02-08 11:15:00,1770549300000,522.8,524.6,522.7,524.6,467.09
2026-02-08 11:30:00,1770550200000,524.6,526.5,524.2,525.9,389.39
2026-02-08 11:45:00,1770551100000,525.9,527.4,525.7,526.7,303.12
2026-02-08 12:00:00,1770552000000,526.7,527.9,525.4,525.4,525.87
2026-02-08 12:15:00,1770552900000,525.4,526.0,524.5,526.0,451.38
2026-02-08 12:30:00,1770553800000,526.0,527.1,524.5,524.7,362.69
2026-02-08 12:45:00,1770554700000,524.7,540.3,524.7,535.4,6156.54
2026-02-08 13:00:00,1770555600000,535.4,535.7,529.5,533.1,3939.09
2026-02-08 13:15:00,1770556500000,533.1,535.3,532.6,534.2,1666.77
2026-02-08 13:30:00,1770557400000,534.2,534.3,530.5,530.9,1424.74
2026-02-08 13:45:00,1770558300000,530.9,532.3,530.6,532.1,1522.92
2026-02-08 14:00:00,1770559200000,532.1,535.8,531.8,534.8,558.13
2026-02-08 14:15:00,1770560100000,534.8,535.9,534.1,535.6,592.29
2026-02-08 14:30:00,1770561000000,535.6,535.7,534.8,535.6,365.06
2026-02-08 14:45:00,1770561900000,535.6,536.0,534.7,535.9,565.31
2026-02-08 15:00:00,1770562800000,535.9,536.0,534.3,534.9,768.69
2026-02-08 15:15:00,1770563700000,534.9,535.0,529.8,530.7,1205.24
2026-02-08 15:30:00,1770564600000,530.7,531.6,529.5,530.8,393.4
2026-02-08 15:45:00,1770565500000,530.8,531.2,529.7,530.3,376.91
2026-02-08 16:00:00,1770566400000,530.3,530.6,527.9,528.2,496.44
2026-02-08 16:15:00,1770567300000,528.2,529.7,528.2,529.0,179.81
2026-02-08 16:30:00,1770568200000,529.0,529.3,525.1,525.2,1087.11
2026-02-08 16:45:00,1770569100000,525.2,525.7,522.6,524.2,822.38
2026-02-08 17:00:00,1770570000000,524.2,527.8,524.2,527.3,578.34
2026-02-08 17:15:00,1770570900000,527.3,529.0,526.4,526.6,945.31
2026-02-08 17:30:00,1770571800000,526.6,527.1,525.8,525.9,185.16
2026-02-08 17:45:00,1770572700000,525.9,526.4,525.3,525.9,176.5
2026-02-08 18:00:00,1770573600000,525.9,527.7,525.6,527.7,131.18
2026-02-08 18:15:00,1770574500000,527.7,528.4,526.8,528.3,75.14
2026-02-08 18:30:00,1770575400000,528.3,531.2,527.8,530.0,594.03
2026-02-08 18:45:00,1770576300000,530.0,530.7,528.9,529.4,155.27
2026-02-08 19:00:00,1770577200000,529.4,530.3,527.9,530.0,707.26
2026-02-08 19:15:00,1770578100000,530.0,530.5,529.2,529.9,129.79
2026-02-08 19:30:00,1770579000000,529.9,530.4,529.6,530.0,76.67
2026-02-08 19:45:00,1770579900000,530.0,532.9,530.0,532.0,234.4
2026-02-08 20:00:00,1770580800000,532.0,532.2,529.5,530.5,175.56
2026-02-08 20:15:00,1770581700000,530.5,532.7,530.5,531.8,206.72
2026-02-08 20:30:00,1770582600000,531.8,532.5,530.9,530.9,104.43
2026-02-08 20:45:00,1770583500000,530.9,531.3,529.4,530.3,141.99
2026-02-08 21:00:00,1770584400000,530.3,531.6,529.7,531.6,116.77
2026-02-08 21:15:00,1770585300000,531.6,532.1,529.0,529.0,196.62
2026-02-08 21:30:00,1770586200000,529.0,529.2,524.9,525.4,448.01
2026-02-08 21:45:00,1770587100000,525.4,526.8,525.2,526.0,183.45
2026-02-08 22:00:00,1770588000000,526.0,527.1,525.7,526.5,522.52
2026-02-08 22:15:00,1770588900000,526.5,527.7,526.1,526.6,240.64
2026-02-08 22:30:00,1770589800000,526.6,527.1,525.1,527.0,69.46
2026-02-08 22:45:00,1770590700000,527.0,528.1,526.6,527.8,150.44
2026-02-08 23:00:00,1770591600000,527.8,535.5,527.8,530.4,1241.0
2026-02-08 23:15:00,1770592500000,530.4,530.6,524.5,526.1,863.36
2026-02-08 23:30:00,1770593400000,526.1,527.2,523.3,527.2,810.88
2026-02-08 23:45:00,1770594300000,527.2,529.4,526.0,526.5,574.76
2026-02-09 00:00:00,1770595200000,526.5,528.1,525.7,528.1,658.72
2026-02-09 00:15:00,1770596100000,528.1,529.5,527.0,527.3,1312.17
2026-02-09 00:30:00,1770597000000,527.3,527.6,525.6,526.3,409.08
2026-02-09 00:45:00,1770597900000,526.3,528.1,525.5,526.7,333.96
2026-02-09 01:00:00,1770598800000,526.7,527.5,525.0,525.3,366.26
2026-02-09 01:15:00,1770599700000,525.3,528.8,524.5,526.7,471.95
2026-02-09 01:30:00,1770600600000,526.7,527.3,522.0,522.9,607.15
2026-02-09 01:45:00,1770601500000,522.9,524.8,521.4,524.2,807.44
2026-02-09 02:00:00,1770602400000,524.2,525.8,522.9,524.0,963.62
2026-02-09 02:15:00,1770603300000,524.0,525.6,523.5,525.0,277.84
2026-02-09 02:30:00,1770604200000,525.0,529.2,524.8,528.4,551.66
2026-02-09 02:45:00,1770605100000,528.4,528.7,526.2,527.0,503.66
2026-02-09 03:00:00,1770606000000,527.0,527.5,525.8,526.1,210.9
2026-02-09 03:15:00,1770606900000,526.1,528.7,526.1,527.9,235.89
2026-02-09 03:30:00,1770607800000,527.9,531.1,527.9,529.9,362.24
2026-02-09 03:45:00,1770608700000,529.9,530.5,527.8,528.9,763.38
2026-02-09 04:00:00,1770609600000,528.9,530.4,528.4,528.9,648.26
2026-02-09 04:15:00,1770610500000,528.9,529.9,528.2,529.0,152.28
2026-02-09 04:30:00,1770611400000,529.0,529.2,527.4,527.8,157.01
2026-02-09 04:45:00,1770612300000,527.8,529.1,527.4,528.9,151.05
2026-02-09 05:00:00,1770613200000,528.9,528.9,527.3,527.4,328.73
2026-02-09 05:15:00,1770614100000,527.4,528.9,527.0,527.4,578.71
2026-02-09 05:30:00,1770615000000,527.4,528.7,527.1,527.4,217.65
2026-02-09 05:45:00,1770615900000,527.4,527.8,526.1,526.8,407.35
2026-02-09 06:00:00,1770616800000,526.8,526.9,524.4,526.0,402.87
2026-02-09 06:15:00,1770617700000,526.0,526.1,521.9,522.7,352.89
2026-02-09 06:30:00,1770618600000,522.7,523.5,522.5,523.2,226.12
2026-02-09 06:45:00,1770619500000,523.2,524.4,522.9,524.0,174.13
2026-02-09 07:00:00,1770620400000,524.0,525.0,522.6,524.6,348.57
2026-02-09 07:15:00,1770621300000,524.6,524.7,523.5,523.6,174.89
2026-02-09 07:30:00,1770622200000,523.6,524.1,521.7,522.1,349.74
2026-02-09 07:45:00,1770623100000,522.1,522.6,520.7,521.0,274.53
2026-02-09 08:00:00,1770624000000,521.0,521.9,519.1,519.4,1118.38
2026-02-09 08:15:00,1770624900000,519.4,519.7,516.7,517.1,1077.01
2026-02-09 08:30:00,1770625800000,517.1,517.4,513.9,517.0,1769.55
2026-02-09 08:45:00,1770626700000,517.0,519.1,516.7,518.7,983.22
2026-02-09 09:00:00,1770627600000,518.7,520.8,518.3,518.5,983.41
2026-02-09 09:15:00,1770628500000,518.5,520.4,517.0,519.5,1588.83
2026-02-09 09:30:00,1770629400000,519.5,519.6,517.0,517.6,355.33
2026-02-09 09:45:00,1770630300000,517.6,517.6,515.8,516.0,320.86
2026-02-09 10:00:00,1770631200000,516.0,517.6,514.9,515.7,640.31
2026-02-09 10:15:00,1770632100000,515.7,515.8,512.3,513.0,947.39
2026-02-09 10:30:00,1770633000000,513.0,513.0,510.7,512.4,1278.12
2026-02-09 10:45:00,1770633900000,512.4,514.4,512.3,512.7,999.73
2026-02-09 11:00:00,1770634800000,512.7,515.0,512.7,513.5,1068.08
2026-02-09 11:15:00,1770635700000,513.5,518.5,513.5,518.3,2773.43
2026-02-09 11:30:00,1770636600000,518.3,519.6,516.9,517.5,1189.35
2026-02-09 11:45:00,1770637500000,517.5,518.0,516.3,517.6,451.02
2026-02-09 12:00:00,1770638400000,517.6,518.9,517.1,517.5,650.38
2026-02-09 12:15:00,1770639300000,517.5,517.5,514.0,515.5,953.48
2026-02-09 12:30:00,1770640200000,515.5,517.8,515.4,517.3,561.28
2026-02-09 12:45:00,1770641100000,517.3,517.7,516.1,516.7,266.15
2026-02-09 13:00:00,1770642000000,516.7,519.2,516.1,518.9,332.41
2026-02-09 13:15:00,1770642900000,518.9,519.1,517.0,518.4,526.17
2026-02-09 13:30:00,1770643800000,518.4,518.4,516.3,517.0,690.4
2026-02-09 13:45:00,1770644700000,517.0,517.9,513.5,513.7,1040.53
2026-02-09 14:00:00,1770645600000,513.7,515.5,513.7,515.0,906.18
2026-02-09 14:15:00,1770646500000,515.0,517.6,513.9,517.5,1072.44
2026-02-09 14:30:00,1770647400000,517.5,523.3,515.8,519.7,2675.86
2026-02-09 14:45:00,1770648300000,519.7,520.8,517.9,519.6,1073.76
2026-02-09 15:00:00,1770649200000,519.6,522.8,519.2,519.7,1330.46
2026-02-09 15:15:00,1770650100000,519.7,521.7,519.7,520.6,677.78
2026-02-09 15:30:00,1770651000000,520.6,524.4,519.6,523.9,747.66
2026-02-09 15:45:00,1770651900000,523.9,524.7,521.5,524.4,835.2
2026-02-09 16:00:00,1770652800000,524.4,527.4,523.6,524.4,1807.46
2026-02-09 16:15:00,1770653700000,524.4,526.7,523.6,525.0,593.19
2026-02-09 16:30:00,1770654600000,525.0,528.4,523.3,528.2,653.52
2026-02-09 16:45:00,1770655500000,528.2,530.6,526.6,526.6,913.67
2026-02-09 17:00:00,1770656400000,526.6,529.9,526.5,527.6,733.86
2026-02-09 17:15:00,1770657300000,527.6,529.2,527.6,528.9,547.27
2026-02-09 17:30:00,1770658200000,528.9,534.8,528.7,534.2,1373.18
2026-02-09 17:45:00,1770659100000,534.2,534.9,532.7,534.1,1644.24
2026-02-09 18:00:00,1770660000000,534.1,534.9,532.7,533.5,1201.77
2026-02-09 18:15:00,1770660900000,533.5,533.6,530.1,530.9,837.65
2026-02-09 18:30:00,1770661800000,530.9,532.7,530.2,532.0,498.2
2026-02-09 18:45:00,1770662700000,532.0,533.2,531.6,532.9,163.66
2026-02-09 19:00:00,1770663600000,532.9,533.9,532.1,533.2,322.31
2026-02-09 19:15:00,1770664500000,533.2,534.1,532.8,533.5,303.41
2026-02-09 19:30:00,1770665400000,533.5,534.9,533.1,534.4,582.0
2026-02-09 19:45:00,1770666300000,534.4,535.0,533.9,534.9,255.5
2026-02-09 20:00:00,1770667200000,534.9,537.7,534.3,537.1,842.69
2026-02-09 20:15:00,1770668100000,537.1,537.4,533.5,533.7,953.88
2026-02-09 20:30:00,1770669000000,533.7,534.8,532.9,534.1,377.01
2026-02-09 20:45:00,1770669900000,534.1,536.8,533.8,534.9,1530.58
2026-02-09 21:00:00,1770670800000,534.9,535.8,532.9,533.7,659.58
2026-02-09 21:15:00,1770671700000,533.7,533.7,531.8,532.3,805.95
2026-02-09 21:30:00,1770672600000,532.3,532.7,528.5,530.8,975.22
2026-02-09 21:45:00,1770673500000,530.8,534.7,529.8,532.9,869.06
2026-02-09 22:00:00,1770674400000,532.9,534.7,532.4,533.9,1323.02
2026-02-09 22:15:00,1770675300000,533.9,533.9,532.4,532.5,150.69
2026-02-09 22:30:00,1770676200000,532.5,535.0,532.4,535.0,250.76
2026-02-09 22:45:00,1770677100000,535.0,535.0,532.4,533.7,283.19
2026-02-09 23:00:00,1770678000000,533.7,535.8,533.2,534.3,755.84
2026-02-09 23:15:00,1770678900000,534.3,534.8,532.9,533.2,173.81
2026-02-09 23:30:00,1770679800000,533.2,534.2,532.2,534.1,158.94
2026-02-09 23:45:00,1770680700000,534.1,534.1,532.2,532.6,150.07
2026-02-10 00:00:00,1770681600000,532.6,533.9,530.2,531.6,1449.4
2026-02-10 00:15:00,1770682500000,531.6,531.7,528.2,529.3,842.87
2026-02-10 00:30:00,1770683400000,529.3,530.1,527.5,527.8,561.29
2026-02-10 00:45:00,1770684300000,527.8,527.9,526.6,526.9,543.55
2026-02-10 01:00:00,1770685200000,526.9,529.9,526.6,529.2,243.55
2026-02-10 01:15:00,1770686100000,529.2,531.5,528.9,531.1,272.23
2026-02-10 01:30:00,1770687000000,531.1,531.4,529.5,531.3,199.06
2026-02-10 01:45:00,1770687900000,531.3,532.1,530.6,531.7,518.92
2026-02-10 02:00:00,1770688800000,531.7,532.1,530.7,530.9,260.01
2026-02-10 02:15:00,1770689700000,530.9,531.1,528.3,529.1,618.97
2026-02-10 02:30:00,1770690600000,529.1,529.5,528.1,528.7,283.26
2026-02-10 02:45:00,1770691500000,528.7,529.4,527.8,528.2,223.75
2026-02-10 03:00:00,1770692400000,528.2,528.6,524.6,525.5,475.66
2026-02-10 03:15:00,1770693300000,525.5,525.8,521.3,521.9,989.22
2026-02-10 03:30:00,1770694200000,521.9,522.7,519.7,522.4,888.72
2026-02-10 03:45:00,1770695100000,522.4,523.7,522.3,523.2,332.89
2026-02-10 04:00:00,1770696000000,523.2,527.4,523.0,526.6,1132.45
2026-02-10 04:15:00,1770696900000,526.6,526.6,524.2,524.8,581.93
2026-02-10 04:30:00,1770697800000,524.8,525.7,524.4,525.0,212.74
2026-02-10 04:45:00,1770698700000,525.0,525.8,523.9,525.2,489.16
2026-02-10 05:00:00,1770699600000,525.2,525.3,524.5,525.2,101.01
2026-02-10 05:15:00,1770700500000,525.2,525.2,523.6,524.3,113.28
2026-02-10 05:30:00,1770701400000,524.3,525.2,522.3,522.8,412.08
2026-02-10 05:45:00,1770702300000,522.8,523.3,521.0,523.1,384.03
2026-02-10 06:00:00,1770703200000,523.1,524.0,522.6,523.0,422.72
2026-02-10 06:15:00,1770704100000,523.0,523.8,522.0,522.8,329.39
2026-02-10 06:30:00,1770705000000,522.8,523.1,520.3,520.5,625.34
2026-02-10 06:45:00,1770705900000,520.5,523.8,517.7,521.5,4572.57
2026-02-10 07:00:00,1770706800000,521.5,523.6,519.1,522.2,2279.78
2026-02-10 07:15:00,1770707700000,522.2,522.2,519.5,520.3,1443.98
2026-02-10 07:30:00,1770708600000,520.3,520.5,519.0,519.4,97.22
2026-02-10 07:45:00,1770709500000,519.4,520.1,519.0,520.0,464.66
2026-02-10 08:00:00,1770710400000,520.0,521.9,519.8,521.1,393.85
2026-02-10 08:15:00,1770711300000,521.1,522.1,519.7,521.5,463.31
2026-02-10 08:30:00,1770712200000,521.5,521.5,519.3,520.8,324.68
2026-02-10 08:45:00,1770713100000,520.8,524.4,520.8,523.4,1070.72
2026-02-10 09:00:00,1770714000000,523.4,525.5,523.0,523.1,744.64
2026-02-10 09:15:00,1770714900000,523.1,524.5,523.0,523.4,373.23
2026-02-10 09:30:00,1770715800000,523.4,523.4,522.2,522.4,279.0
2026-02-10 09:45:00,1770716700000,522.4,522.7,520.5,522.0,417.37
2026-02-10 10:00:00,1770717600000,522.0,522.8,521.7,521.8,215.19
2026-02-10 10:15:00,1770718500000,521.8,522.8,520.2,521.8,530.01
2026-02-10 10:30:00,1770719400000,521.8,522.3,520.1,521.9,267.99
2026-02-10 10:45:00,1770720300000,521.9,527.9,521.9,525.4,2281.75
2026-02-10 11:00:00,1770721200000,525.4,527.6,525.3,527.4,587.7
2026-02-10 11:15:00,1770722100000,527.4,529.3,526.9,527.3,1406.92
2026-02-10 11:30:00,1770723000000,527.3,531.3,527.3,529.8,1362.51
2026-02-10 11:45:00,1770723900000,529.8,531.9,528.6,529.1,1251.93
2026-02-10 12:00:00,1770724800000,529.1,531.4,527.8,528.4,683.55
2026-02-10 12:15:00,1770725700000,528.4,529.8,528.1,529.3,295.68
2026-02-10 12:30:00,1770726600000,529.3,530.3,527.7,527.7,332.34
2026-02-10 12:45:00,1770727500000,527.7,528.0,526.3,526.4,650.31
2026-02-10 13:00:00,1770728400000,526.4,527.1,523.9,524.7,994.43
2026-02-10 13:15:00,1770729300000,524.7,524.7,522.4,522.8,966.27
2026-02-10 13:30:00,1770730200000,522.8,524.9,521.3,521.8,1085.46
2026-02-10 13:45:00,1770731100000,521.8,522.6,520.8,522.2,597.33
2026-02-10 14:00:00,1770732000000,522.2,522.2,518.8,519.7,1253.47
2026-02-10 14:15:00,1770732900000,519.7,522.3,518.0,518.7,2020.59
2026-02-10 14:30:00,1770733800000,518.7,520.4,514.3,516.2,4527.82
2026-02-10 14:45:00,1770734700000,516.2,516.6,511.2,513.8,6744.34
2026-02-10 15:00:00,1770735600000,513.8,521.3,512.3,514.8,2905.58
2026-02-10 15:15:00,1770736500000,514.8,517.5,513.1,516.7,861.79
2026-02-10 15:30:00,1770737400000,516.7,517.8,515.9,516.2,946.23
2026-02-10 15:45:00,1770738300000,516.2,517.7,515.6,517.3,701.12
2026-02-10 16:00:00,1770739200000,517.3,520.8,516.4,520.2,624.81
2026-02-10 16:15:00,1770740100000,520.2,522.3,519.1,519.6,1697.44
2026-02-10 16:30:00,1770741000000,519.6,521.7,519.0,520.8,315.07
2026-02-10 16:45:00,1770741900000,520.8,521.2,518.5,519.4,436.85
2026-02-10 17:00:00,1770742800000,519.4,520.8,518.9,520.3,190.09
2026-02-10 17:15:00,1770743700000,520.3,522.7,514.7,520.8,5292.02
2026-02-10 17:30:00,1770744600000,520.8,522.3,520.0,521.2,649.63
2026-02-10 17:45:00,1770745500000,521.2,521.9,519.9,521.0,651.08
2026-02-10 18:00:00,1770746400000,521.0,521.7,519.9,520.0,416.87
2026-02-10 18:15:00,1770747300000,520.0,520.2,516.2,517.1,809.99
2026-02-10 18:30:00,1770748200000,517.1,517.7,515.4,516.9,437.12
2026-02-10 18:45:00,1770749100000,516.9,518.9,512.8,518.2,3273.34
2026-02-10 19:00:00,1770750000000,518.2,518.6,517.0,518.6,1092.92
2026-02-10 19:15:00,1770750900000,518.6,519.1,516.8,518.3,1512.16
2026-02-10 19:30:00,1770751800000,518.3,520.4,518.2,519.3,391.9
2026-02-10 19:45:00,1770752700000,519.3,521.0,518.8,520.0,287.48
2026-02-10 20:00:00,1770753600000,520.0,520.4,518.7,518.7,104.23
2026-02-10 20:15:00,1770754500000,518.7,520.1,518.5,519.6,202.15
2026-02-10 20:30:00,1770755400000,519.6,521.1,518.9,521.1,234.2
2026-02-10 20:45:00,1770756300000,521.1,521.4,518.4,518.6,323.48
2026-02-10 21:00:00,1770757200000,518.6,519.6,517.8,517.8,249.24
2026-02-10 21:15:00,1770758100000,517.8,519.8,517.8,518.9,428.96
2026-02-10 21:30:00,1770759000000,518.9,523.6,518.1,521.9,1682.52
2026-02-10 21:45:00,1770759900000,521.9,523.1,521.2,522.0,310.17
2026-02-10 22:00:00,1770760800000,522.0,523.4,521.6,522.7,615.44
2026-02-10 22:15:00,1770761700000,522.7,524.5,522.0,523.9,197.62
2026-02-10 22:30:00,1770762600000,523.9,524.5,523.1,524.3,136.34
2026-02-10 22:45:00,1770763500000,524.3,526.1,523.7,524.6,248.12
2026-02-10 23:00:00,1770764400000,524.6,525.8,523.4,523.9,1169.3
2026-02-10 23:15:00,1770765300000,523.9,524.3,523.1,524.1,352.1
2026-02-10 23:30:00,1770766200000,524.1,524.8,523.7,524.5,345.26
2026-02-10 23:45:00,1770767100000,524.5,524.8,523.8,524.1,207.59
2026-02-11 00:00:00,1770768000000,524.1,524.6,523.0,523.0,700.23
2026-02-11 00:15:00,1770768900000,523.0,526.2,522.4,526.1,902.47
2026-02-11 00:30:00,1770769800000,526.1,527.5,524.7,525.0,2116.52
2026-02-11 00:45:00,1770770700000,525.0,525.5,524.7,524.8,591.26
2026-02-11 01:00:00,1770771600000,524.8,527.2,524.0,527.2,1098.4
2026-02-11 01:15:00,1770772500000,527.2,527.8,524.6,524.6,991.35
2026-02-11 01:30:00,1770773400000,524.6,526.2,524.1,524.3,793.73
2026-02-11 01:45:00,1770774300000,524.3,524.6,522.9,523.4,530.26
2026-02-11 02:00:00,1770775200000,523.4,524.6,523.2,523.2,213.9
2026-02-11 02:15:00,1770776100000,523.2,527.1,523.2,526.6,295.75
2026-02-11 02:30:00,1770777000000,526.6,527.5,525.4,525.4,384.09
2026-02-11 02:45:00,1770777900000,525.4,525.7,524.3,524.6,258.27
2026-02-11 03:00:00,1770778800000,524.6,524.7,522.0,522.2,465.68
2026-02-11 03:15:00,1770779700000,522.2,522.2,517.9,520.3,1871.53
2026-02-11 03:30:00,1770780600000,520.3,522.8,520.1,521.4,383.5
2026-02-11 03:45:00,1770781500000,521.4,522.6,520.4,520.6,366.53
2026-02-11 04:00:00,1770782400000,520.6,522.3,520.2,520.9,282.57
2026-02-11 04:15:00,1770783300000,520.9,520.9,518.1,518.3,1056.54
2026-02-11 04:30:00,1770784200000,518.3,518.7,516.8,517.7,982.87
2026-02-11 04:45:00,1770785100000,517.7,518.8,516.6,518.0,328.91
2026-02-11 05:00:00,1770786000000,518.0,519.1,517.9,518.8,313.95
2026-02-11 05:15:00,1770786900000,518.8,519.7,518.4,518.8,236.87
2026-02-11 05:30:00,1770787800000,518.8,519.3,518.0,518.2,207.28
2026-02-11 05:45:00,1770788700000,518.2,519.0,517.8,518.0,136.0
2026-02-11 06:00:00,1770789600000,518.0,518.3,514.5,514.9,1380.22
2026-02-11 06:15:00,1770790500000,514.9,517.1,513.3,517.1,1607.67
2026-02-11 06:30:00,1770791400000,517.1,519.6,516.8,516.9,1457.79
2026-02-11 06:45:00,1770792300000,516.9,518.9,515.3,518.2,1591.12
2026-02-11 07:00:00,1770793200000,518.2,518.9,515.0,515.8,823.41
2026-02-11 07:15:00,1770794100000,515.8,517.4,515.1,517.1,223.04
2026-02-11 07:30:00,1770795000000,517.1,519.9,517.0,519.6,493.55
2026-02-11 07:45:00,1770795900000,519.6,520.0,517.1,517.3,446.07
2026-02-11 08:00:00,1770796800000,517.3,517.4,513.1,514.0,679.56
2026-02-11 08:15:00,1770797700000,514.0,515.0,512.8,514.7,428.19
2026-02-11 08:30:00,1770798600000,514.7,515.5,514.2,515.2,203.65
2026-02-11 08:45:00,1770799500000,515.2,515.9,514.7,515.4,151.06
2026-02-11 09:00:00,1770800400000,515.4,515.9,514.7,515.5,358.34
2026-02-11 09:15:00,1770801300000,515.5,515.9,514.1,515.5,120.45
2026-02-11 09:30:00,1770802200000,515.5,516.5,513.3,513.5,774.74
2026-02-11 09:45:00,1770803100000,513.5,513.6,512.7,513.2,530.48
2026-02-11 10:00:00,1770804000000,513.2,513.5,510.3,512.3,571.44
2026-02-11 10:15:00,1770804900000,512.3,512.4,509.1,511.8,1287.08
2026-02-11 10:30:00,1770805800000,511.8,512.0,509.2,509.7,825.35
2026-02-11 10:45:00,1770806700000,509.7,510.1,507.9,509.9,1498.04
2026-02-11 11:00:00,1770807600000,509.9,511.1,509.5,510.1,682.52
2026-02-11 11:15:00,1770808500000,510.1,513.4,509.8,513.0,1080.6
2026-02-11 11:30:00,1770809400000,513.0,513.5,511.1,511.5,452.6
2026-02-11 11:45:00,1770810300000,511.5,513.6,511.5,513.5,309.51
2026-02-11 12:00:00,1770811200000,513.5,516.2,512.7,514.1,1508.26
2026-02-11 12:15:00,1770812100000,514.1,516.1,513.8,515.3,691.84
2026-02-11 12:30:00,1770813000000,515.3,515.3,513.2,514.0,286.43
2026-02-11 12:45:00,1770813900000,514.0,515.7,512.8,515.3,449.03
2026-02-11 13:00:00,1770814800000,515.3,515.9,513.5,514.0,858.87
2026-02-11 13:15:00,1770815700000,514.0,515.9,513.6,515.9,1756.81
2026-02-11 13:30:00,1770816600000,515.9,521.0,515.3,516.7,4431.81
2026-02-11 13:45:00,1770817500000,516.7,518.8,515.1,518.4,668.2
2026-02-11 14:00:00,1770818400000,518.4,522.8,518.3,521.3,4032.97
2026-02-11 14:15:00,1770819300000,521.3,521.9,518.5,519.7,1478.0
2026-02-11 14:30:00,1770820200000,519.7,521.0,514.7,517.0,3336.25
2026-02-11 14:45:00,1770821100000,517.0,518.0,513.5,514.7,1964.19
2026-02-11 15:00:00,1770822000000,514.7,516.0,509.3,512.7,2487.52
2026-02-11 15:15:00,1770822900000,512.7,514.3,508.7,510.1,1545.35
2026-02-11 15:30:00,1770823800000,510.1,512.7,509.2,511.7,1110.28
2026-02-11 15:45:00,1770824700000,511.7,512.0,506.8,510.6,1818.02
2026-02-11 16:00:00,1770825600000,510.6,516.5,510.1,516.5,1100.33
2026-02-11 16:15:00,1770826500000,516.5,517.2,512.3,512.6,889.65
2026-02-11 16:30:00,1770827400000,512.6,514.2,510.1,510.9,1030.63
2026-02-11 16:45:00,1770828300000,510.9,514.0,510.3,510.9,1218.31
2026-02-11 17:00:00,1770829200000,510.9,511.9,509.6,511.5,754.95
2026-02-11 17:15:00,1770830100000,511.5,516.0,511.0,515.7,436.22
2026-02-11 17:30:00,1770831000000,515.7,517.6,515.4,516.1,573.87
2026-02-11 17:45:00,1770831900000,516.1,517.0,514.9,515.4,586.44
2026-02-11 18:00:00,1770832800000,515.4,515.6,513.0,514.4,599.37
2026-02-11 18:15:00,1770833700000,514.4,518.7,514.3,518.2,463.11
2026-02-11 18:30:00,1770834600000,518.2,519.4,517.5,518.7,714.16
2026-02-11 18:45:00,1770835500000,518.7,519.5,517.6,518.5,554.45
2026-02-11 19:00:00,1770836400000,518.5,520.3,518.1,519.7,527.36
2026-02-11 19:15:00,1770837300000,519.7,520.0,518.1,518.1,319.64
2026-02-11 19:30:00,1770838200000,518.1,520.1,517.4,520.0,340.42
2026-02-11 19:45:00,1770839100000,520.0,520.4,518.4,518.5,228.09
2026-02-11 20:00:00,1770840000000,518.5,519.2,517.4,519.2,380.95
2026-02-11 20:15:00,1770840900000,519.2,520.2,517.0,517.2,797.4
2026-02-11 20:30:00,1770841800000,517.2,518.8,517.0,518.8,253.82
2026-02-11 20:45:00,1770842700000,518.8,520.3,518.3,519.0,271.04
2026-02-11 21:00:00,1770843600000,519.0,520.5,518.1,520.1,209.21
2026-02-11 21:15:00,1770844500000,520.1,522.7,519.0,522.1,1664.55
2026-02-11 21:30:00,1770845400000,522.1,524.0,521.3,522.1,1481.16
2026-02-11 21:45:00,1770846300000,522.1,522.3,520.1,520.6,478.32
2026-02-11 22:00:00,1770847200000,520.6,521.6,519.7,519.9,823.58
2026-02-11 22:15:00,1770848100000,519.9,520.7,516.5,519.0,1052.47
2026-02-11 22:30:00,1770849000000,519.0,519.1,516.6,518.2,865.69
2026-02-11 22:45:00,1770849900000,518.2,518.2,516.5,516.8,210.51
2026-02-11 23:00:00,1770850800000,516.8,518.4,515.7,516.4,831.65
2026-02-11 23:15:00,1770851700000,516.4,517.3,513.7,514.0,678.25
2026-02-11 23:30:00,1770852600000,514.0,514.5,512.0,513.8,391.56
2026-02-11 23:45:00,1770853500000,513.8,515.8,513.7,515.7,216.38
2026-02-12 00:00:00,1770854400000,515.7,517.8,515.4,517.6,779.87
2026-02-12 00:15:00,1770855300000,517.6,518.6,516.5,516.9,410.17
2026-02-12 00:30:00,1770856200000,516.9,519.7,516.8,519.2,546.94
2026-02-12 00:45:00,1770857100000,519.2,520.7,518.3,518.3,485.99
2026-02-12 01:00:00,1770858000000,518.3,520.1,518.0,519.6,330.4
2026-02-12 01:15:00,1770858900000,519.6,520.1,517.8,518.8,721.49
2026-02-12 01:30:00,1770859800000,518.8,520.2,518.3,519.3,353.09
2026-02-12 01:45:00,1770860700000,519.3,519.5,517.5,518.0,654.51
2026-02-12 02:00:00,1770861600000,518.0,518.0,515.7,516.0,1509.39
2026-02-12 02:15:00,1770862500000,516.0,516.2,514.6,515.1,261.18
2026-02-12 02:30:00,1770863400000,515.1,517.3,514.9,516.6,386.53
2026-02-12 02:45:00,1770864300000,516.6,516.7,514.6,514.6,201.56
2026-02-12 03:00:00,1770865200000,514.6,516.5,514.4,515.6,692.41
2026-02-12 03:15:00,1770866100000,515.6,516.1,513.6,514.3,724.98
2026-02-12 03:30:00,1770867000000,514.3,515.3,513.9,514.4,352.27
2026-02-12 03:45:00,1770867900000,514.4,515.2,514.0,515.1,72.11
2026-02-12 04:00:00,1770868800000,515.1,515.3,514.1,514.3,307.11
2026-02-12 04:15:00,1770869700000,514.3,514.3,510.8,510.8,523.81
2026-02-12 04:30:00,1770870600000,510.8,512.9,510.2,512.3,521.0
2026-02-12 04:45:00,1770871500000,512.3,512.7,510.0,510.2,344.06
2026-02-12 05:00:00,1770872400000,510.2,511.1,507.1,507.4,883.77
2026-02-12 05:15:00,1770873300000,507.4,510.4,504.5,507.7,4079.73
2026-02-12 05:30:00,1770874200000,507.7,510.1,507.7,509.7,949.68
2026-02-12 05:45:00,1770875100000,509.7,510.1,508.8,509.7,321.74
2026-02-12 06:00:00,1770876000000,509.7,510.8,508.0,509.9,617.71
2026-02-12 06:15:00,1770876900000,509.9,512.5,509.6,511.9,853.21
2026-02-12 06:30:00,1770877800000,511.9,512.1,510.3,510.8,345.6
2026-02-12 06:45:00,1770878700000,510.8,510.9,509.2,509.5,361.45
2026-02-12 07:00:00,1770879600000,509.5,509.5,506.6,507.6,693.65
2026-02-12 07:15:00,1770880500000,507.6,510.2,507.0,509.9,187.36
2026-02-12 07:30:00,1770881400000,509.9,510.7,509.4,510.2,499.77
2026-02-12 07:45:00,1770882300000,510.2,510.6,509.8,510.5,167.32
2026-02-12 08:00:00,1770883200000,510.5,511.6,509.7,511.1,245.19
2026-02-12 08:15:00,1770884100000,511.1,511.1,508.3,508.4,505.82
2026-02-12 08:30:00,1770885000000,508.4,509.3,507.7,508.5,533.57
2026-02-12 08:45:00,1770885900000,508.5,510.1,507.8,509.3,388.44
2026-02-12 09:00:00,1770886800000,509.3,511.2,508.8,510.5,631.82
2026-02-12 09:15:00,1770887700000,510.5,511.5,509.9,510.5,530.55
2026-02-12 09:30:00,1770888600000,510.5,511.5,509.3,509.7,211.33
2026-02-12 09:45:00,1770889500000,509.7,511.2,508.6,510.3,1284.99
2026-02-12 10:00:00,1770890400000,510.3,511.7,509.7,510.5,1752.79
2026-02-12 10:15:00,1770891300000,510.5,510.5,509.3,510.3,228.98
2026-02-12 10:30:00,1770892200000,510.3,513.9,510.2,511.7,1084.84
2026-02-12 10:45:00,1770893100000,511.7,514.1,511.3,513.9,731.7
2026-02-12 11:00:00,1770894000000,513.9,515.6,511.8,512.9,1706.49
2026-02-12 11:15:00,1770894900000,512.9,515.0,512.6,514.5,590.18
2026-02-12 11:30:00,1770895800000,514.5,515.0,514.1,515.0,524.51
2026-02-12 11:45:00,1770896700000,515.0,515.1,513.1,513.6,382.8
2026-02-12 12:00:00,1770897600000,513.6,514.2,512.1,513.6,277.01
2026-02-12 12:15:00,1770898500000,513.6,513.6,512.1,513.3,297.79
2026-02-12 12:30:00,1770899400000,513.3,513.5,511.9,512.1,440.93
2026-02-12 12:45:00,1770900300000,512.1,513.1,511.3,512.5,651.06
2026-02-12 13:00:00,1770901200000,512.5,514.3,511.4,514.0,663.99
2026-02-12 13:15:00,1770902100000,514.0,516.3,511.6,512.4,883.46
2026-02-12 13:30:00,1770903000000,512.4,515.3,512.2,515.0,644.6
2026-02-12 13:45:00,1770903900000,515.0,517.4,514.0,517.3,860.62
2026-02-12 14:00:00,1770904800000,517.3,518.0,513.9,514.3,810.95
2026-02-12 14:15:00,1770905700000,514.3,514.9,513.2,514.2,579.32
2026-02-12 14:30:00,1770906600000,514.2,516.1,512.1,512.2,1324.55
2026-02-12 14:45:00,1770907500000,512.2,514.5,512.0,512.3,400.41
2026-02-12 15:00:00,1770908400000,512.3,513.0,505.1,507.3,4007.05
2026-02-12 15:15:00,1770909300000,507.3,511.1,506.8,511.0,1037.6
2026-02-12 15:30:00,1770910200000,511.0,511.0,502.5,505.1,2988.59
2026-02-12 15:45:00,1770911100000,505.1,506.7,502.7,503.2,2414.01
2026-02-12 16:00:00,1770912000000,503.2,505.2,499.6,500.3,3033.29
2026-02-12 16:15:00,1770912900000,500.3,501.0,495.3,496.3,4467.51
2026-02-12 16:30:00,1770913800000,496.3,500.2,494.5,499.3,2830.58
2026-02-12 16:45:00,1770914700000,499.3,499.9,495.1,497.1,974.98
2026-02-12 17:00:00,1770915600000,497.1,499.0,496.0,497.7,477.74
2026-02-12 17:15:00,1770916500000,497.7,500.7,496.9,499.6,1301.38
2026-02-12 17:30:00,1770917400000,499.6,500.3,497.6,498.2,324.52
2026-02-12 17:45:00,1770918300000,498.2,498.8,496.0,496.2,632.2
2026-02-12 18:00:00,1770919200000,496.2,498.5,495.9,497.1,323.58
2026-02-12 18:15:00,1770920100000,497.1,497.3,494.4,495.4,490.31
2026-02-12 18:30:00,1770921000000,495.4,498.3,493.4,498.2,600.27
2026-02-12 18:45:00,1770921900000,498.2,500.4,498.2,499.5,729.98
2026-02-12 19:00:00,1770922800000,499.5,500.4,498.2,500.2,433.41
2026-02-12 19:15:00,1770923700000,500.2,504.4,499.8,503.2,1236.19
2026-02-12 19:30:00,1770924600000,503.2,505.1,502.8,503.1,449.31
2026-02-12 19:45:00,1770925500000,503.1,503.8,501.3,501.5,210.61
2026-02-12 20:00:00,1770926400000,501.5,503.5,500.0,501.2,697.99
2026-02-12 20:15:00,1770927300000,501.2,501.4,500.4,501.0,191.86
2026-02-12 20:30:00,1770928200000,501.0,502.8,500.4,502.4,220.2
2026-02-12 20:45:00,1770929100000,502.4,502.8,500.1,500.2,487.4
2026-02-12 21:00:00,1770930000000,500.2,501.8,500.2,501.7,192.1
2026-02-12 21:15:00,1770930900000,501.7,503.1,500.1,501.1,612.28
2026-02-12 21:30:00,1770931800000,501.1,502.0,500.4,500.8,307.05
2026-02-12 21:45:00,1770932700000,500.8,501.4,499.4,500.4,328.82
2026-02-12 22:00:00,1770933600000,500.4,500.4,498.2,499.0,566.95
2026-02-12 22:15:00,1770934500000,499.0,500.0,496.9,499.3,702.3
2026-02-12 22:30:00,1770935400000,499.3,502.0,499.3,502.0,644.51
2026-02-12 22:45:00,1770936300000,502.0,503.8,501.9,502.7,325.69
2026-02-12 23:00:00,1770937200000,502.7,503.1,500.7,500.9,454.36
2026-02-12 23:15:00,1770938100000,500.9,507.1,500.0,506.6,2140.62
2026-02-12 23:30:00,1770939000000,506.6,508.2,502.0,502.8,2034.29
2026-02-12 23:45:00,1770939900000,502.8,503.4,502.3,502.7,347.7
2026-02-13 00:00:00,1770940800000,502.7,503.8,501.9,502.5,592.88
2026-02-13 00:15:00,1770941700000,502.5,502.7,500.6,500.8,446.83
2026-02-13 00:30:00,1770942600000,500.8,501.9,499.6,501.0,534.58
2026-02-13 00:45:00,1770943500000,501.0,503.7,500.5,503.1,457.7
2026-02-13 01:00:00,1770944400000,503.1,506.0,502.7,505.5,688.29
2026-02-13 01:15:00,1770945300000,505.5,506.1,503.5,505.0,499.01
2026-02-13 01:30:00,1770946200000,505.0,507.5,505.0,507.1,370.61
2026-02-13 01:45:00,1770947100000,507.1,508.5,506.4,507.0,528.05
2026-02-13 02:00:00,1770948000000,507.0,509.1,506.5,507.9,317.29
2026-02-13 02:15:00,1770948900000,507.9,509.0,507.7,508.8,398.82
2026-02-13 02:30:00,1770949800000,508.8,509.8,508.1,509.8,205.96
2026-02-13 02:45:00,1770950700000,509.8,512.4,509.5,511.8,1361.07
2026-02-13 03:00:00,1770951600000,511.8,511.9,510.1,510.4,775.65
2026-02-13 03:15:00,1770952500000,510.4,512.4,510.0,512.0,1070.13
2026-02-13 03:30:00,1770953400000,512.0,513.7,512.0,512.8,587.97
2026-02-13 03:45:00,1770954300000,512.8,513.2,511.1,512.3,852.52
2026-02-13 04:00:00,1770955200000,512.3,512.6,509.9,511.6,1189.18
2026-02-13 04:15:00,1770956100000,511.6,511.7,509.7,509.9,343.81
2026-02-13 04:30:00,1770957000000,509.9,512.3,509.8,511.2,478.65
2026-02-13 04:45:00,1770957900000,511.2,512.1,510.6,510.8,479.95
2026-02-13 05:00:00,1770958800000,510.8,511.7,509.8,510.3,281.64
2026-02-13 05:15:00,1770959700000,510.3,511.3,510.1,510.8,204.57
2026-02-13 05:30:00,1770960600000,510.8,512.6,510.8,511.3,418.34
2026-02-13 05:45:00,1770961500000,511.3,512.1,509.0,509.3,488.01
2026-02-13 06:00:00,1770962400000,509.3,510.4,509.1,509.9,231.5
2026-02-13 06:15:00,1770963300000,509.9,511.0,507.7,508.1,442.96
2026-02-13 06:30:00,1770964200000,508.1,509.5,507.3,509.4,498.01
2026-02-13 06:45:00,1770965100000,509.4,509.8,508.9,509.6,277.41
2026-02-13 07:00:00,1770966000000,509.6,514.6,509.6,512.1,1675.21
2026-02-13 07:15:00,1770966900000,512.1,512.6,511.2,511.9,261.16
2026-02-13 07:30:00,1770967800000,511.9,512.0,510.6,510.6,201.61
2026-02-13 07:45:00,1770968700000,510.6,512.3,509.9,511.7,411.27
2026-02-13 08:00:00,1770969600000,511.7,514.4,511.6,513.6,564.37
2026-02-13 08:15:00,1770970500000,513.6,515.9,513.6,514.9,546.67
2026-02-13 08:30:00,1770971400000,514.9,516.2,514.6,515.5,302.84
2026-02-13 08:45:00,1770972300000,515.5,522.1,515.5,520.3,3154.06
2026-02-13 09:00:00,1770973200000,520.3,520.5,517.6,518.8,2411.01
2026-02-13 09:15:00,1770974100000,518.8,519.4,517.3,517.9,904.16
2026-02-13 09:30:00,1770975000000,517.9,518.6,517.4,517.8,349.62
2026-02-13 09:45:00,1770975900000,517.8,519.0,517.8,519.0,384.91
2026-02-13 10:00:00,1770976800000,519.0,521.6,517.6,520.2,948.67
2026-02-13 10:15:00,1770977700000,520.2,524.3,520.1,523.7,1605.14
2026-02-13 10:30:00,1770978600000,523.7,524.3,523.1,523.1,307.79
2026-02-13 10:45:00,1770979500000,523.1,526.5,522.4,525.7,1139.66
2026-02-13 11:00:00,1770980400000,525.7,526.9,524.6,524.9,600.32
2026-02-13 11:15:00,1770981300000,524.9,526.0,523.3,525.5,727.73
2026-02-13 11:30:00,1770982200000,525.5,528.2,525.0,526.8,1810.34
2026-02-13 11:45:00,1770983100000,526.8,528.8,525.9,527.4,1274.09
2026-02-13 12:00:00,1770984000000,527.4,528.7,524.7,524.7,895.35
2026-02-13 12:15:00,1770984900000,524.7,526.9,524.2,525.0,657.61
2026-02-13 12:30:00,1770985800000,525.0,525.0,523.6,524.4,398.58
2026-02-13 12:45:00,1770986700000,524.4,527.0,523.4,525.8,1122.66
2026-02-13 13:00:00,1770987600000,525.8,527.2,524.3,525.1,599.76
2026-02-13 13:15:00,1770988500000,525.1,527.6,525.0,526.6,457.96
2026-02-13 13:30:00,1770989400000,526.6,532.1,525.7,529.9,6437.46
2026-02-13 13:45:00,1770990300000,529.9,530.1,528.0,528.9,1352.66
2026-02-13 14:00:00,1770991200000,528.9,529.3,525.5,526.0,1974.71
2026-02-13 14:15:00,1770992100000,526.0,528.7,525.9,528.1,613.99
2026-02-13 14:30:00,1770993000000,528.1,535.4,527.4,532.1,3783.73
2026-02-13 14:45:00,1770993900000,532.1,535.6,532.1,533.3,1826.19
2026-02-13 15:00:00,1770994800000,533.3,537.0,532.4,533.8,1506.87
2026-02-13 15:15:00,1770995700000,533.8,539.4,533.7,539.3,1983.26
2026-02-13 15:30:00,1770996600000,539.3,543.1,537.6,539.8,4931.3
2026-02-13 15:45:00,1770997500000,539.8,546.9,539.2,543.9,4191.45
2026-02-13 16:00:00,1770998400000,543.9,545.9,541.4,544.9,4303.69
2026-02-13 16:15:00,1770999300000,544.9,546.1,543.1,546.0,1237.37
2026-02-13 16:30:00,1771000200000,546.0,548.5,545.3,546.6,3092.83
2026-02-13 16:45:00,1771001100000,546.6,547.3,544.6,544.9,685.75
2026-02-13 17:00:00,1771002000000,544.9,545.7,542.6,544.8,1417.91
2026-02-13 17:15:00,1771002900000,544.8,545.3,543.3,544.9,463.61
2026-02-13 17:30:00,1771003800000,544.9,546.4,544.5,546.0,579.56
2026-02-13 17:45:00,1771004700000,546.0,549.9,546.0,549.8,1515.43
2026-02-13 18:00:00,1771005600000,549.8,554.7,548.3,552.6,2622.61
2026-02-13 18:15:00,1771006500000,552.6,554.1,550.4,552.7,1954.03
2026-02-13 18:30:00,1771007400000,552.7,556.8,552.4,556.0,2144.38
2026-02-13 18:45:00,1771008300000,556.0,558.3,554.7,556.8,3257.53
2026-02-13 19:00:00,1771009200000,556.8,559.0,555.8,556.5,1213.09
2026-02-13 19:15:00,1771010100000,556.5,558.5,555.8,556.9,867.04
2026-02-13 19:30:00,1771011000000,556.9,559.5,556.4,557.0,1087.68
2026-02-13 19:45:00,1771011900000,557.0,559.0,556.0,557.6,919.89
2026-02-13 20:00:00,1771012800000,557.6,557.7,552.6,553.3,3280.04
2026-02-13 20:15:00,1771013700000,553.3,554.0,551.9,552.5,1268.11
2026-02-13 20:30:00,1771014600000,552.5,553.0,549.4,551.7,2908.21
2026-02-13 20:45:00,1771015500000,551.7,553.2,551.7,552.9,1287.49
2026-02-13 21:00:00,1771016400000,552.9,553.8,551.8,553.4,1160.7
2026-02-13 21:15:00,1771017300000,553.4,554.9,551.6,553.9,654.1
2026-02-13 21:30:00,1771018200000,553.9,558.5,553.9,558.2,1262.05
2026-02-13 21:45:00,1771019100000,558.2,565.0,558.2,563.2,3262.25
2026-02-13 22:00:00,1771020000000,563.2,566.7,560.4,561.3,4873.21
2026-02-13 22:15:00,1771020900000,561.3,561.6,554.3,557.0,2540.62
2026-02-13 22:30:00,1771021800000,557.0,557.0,554.6,554.8,770.54
2026-02-13 22:45:00,1771022700000,554.8,555.0,550.9,551.2,2163.51
2026-02-13 23:00:00,1771023600000,551.2,555.7,549.4,554.7,1562.64
2026-02-13 23:15:00,1771024500000,554.7,571.8,554.6,566.1,15887.95
2026-02-13 23:30:00,1771025400000,566.1,566.7,563.6,565.1,4032.62
2026-02-13 23:45:00,1771026300000,565.1,566.8,562.9,563.6,2101.08
2026-02-14 00:00:00,1771027200000,563.6,564.6,562.8,564.0,975.13
2026-02-14 00:15:00,1771028100000,564.0,566.2,561.5,562.8,1114.42
2026-02-14 00:30:00,1771029000000,562.8,563.4,561.6,562.2,1601.59
2026-02-14 00:45:00,1771029900000,562.2,564.3,561.8,563.8,790.09
2026-02-14 01:00:00,1771030800000,563.8,564.6,562.9,564.1,937.72
2026-02-14 01:15:00,1771031700000,564.1,565.6,562.1,563.0,821.36
2026-02-14 01:30:00,1771032600000,563.0,565.7,562.7,565.6,1184.71
2026-02-14 01:45:00,1771033500000,565.6,567.2,565.0,566.4,1643.3
2026-02-14 02:00:00,1771034400000,566.4,566.6,565.0,565.4,686.59
2026-02-14 02:15:00,1771035300000,565.4,565.6,562.2,563.0,2323.02
2026-02-14 02:30:00,1771036200000,563.0,563.8,562.1,562.3,813.61
2026-02-14 02:45:00,1771037100000,562.3,562.6,559.8,561.9,1872.63
2026-02-14 03:00:00,1771038000000,561.9,562.2,560.5,561.3,424.7
2026-02-14 03:15:00,1771038900000,561.3,563.5,560.5,563.4,363.15
2026-02-14 03:30:00,1771039800000,563.4,564.4,563.2,563.7,163.2
2026-02-14 03:45:00,1771040700000,563.7,564.6,562.6,563.2,419.25
2026-02-14 04:00:00,1771041600000,563.2,563.2,560.9,561.4,539.98
2026-02-14 04:15:00,1771042500000,561.4,561.9,560.8,560.9,240.36
2026-02-14 04:30:00,1771043400000,560.9,561.5,560.7,561.2,127.56
2026-02-14 04:45:00,1771044300000,561.2,561.7,560.7,561.1,73.68
2026-02-14 05:00:00,1771045200000,561.1,563.4,559.5,563.3,757.52
2026-02-14 05:15:00,1771046100000,563.3,564.5,562.3,562.4,611.38
2026-02-14 05:30:00,1771047000000,562.4,562.6,561.2,561.6,238.3
2026-02-14 05:45:00,1771047900000,561.6,561.7,558.7,559.0,392.18
2026-02-14 06:00:00,1771048800000,559.0,559.6,557.7,559.0,402.55
2026-02-14 06:15:00,1771049700000,559.0,562.2,558.7,562.1,1049.96
2026-02-14 06:30:00,1771050600000,562.1,563.1,562.1,562.9,271.45
2026-02-14 06:45:00,1771051500000,562.9,563.0,560.5,561.4,331.65
2026-02-14 07:00:00,1771052400000,561.4,562.5,560.9,561.1,524.0
2026-02-14 07:15:00,1771053300000,561.1,561.6,560.1,560.9,275.56
2026-02-14 07:30:00,1771054200000,560.9,561.9,560.1,561.7,225.95
2026-02-14 07:45:00,1771055100000,561.7,564.3,561.4,562.7,2044.09
2026-02-14 08:00:00,1771056000000,562.7,566.9,562.4,564.2,3543.4
2026-02-14 08:15:00,1771056900000,564.2,564.4,563.0,564.0,754.17
2026-02-14 08:30:00,1771057800000,564.0,569.0,564.0,568.6,2186.38
2026-02-14 08:45:00,1771058700000,568.6,568.9,567.1,567.9,908.08
2026-02-14 09:00:00,1771059600000,567.9,568.4,565.3,566.9,1436.0
2026-02-14 09:15:00,1771060500000,566.9,567.0,564.4,565.4,1169.79
2026-02-14 09:30:00,1771061400000,565.4,566.9,565.4,566.3,342.9
2026-02-14 09:45:00,1771062300000,566.3,566.7,565.0,565.7,650.71
2026-02-14 10:00:00,1771063200000,565.7,566.8,564.4,566.8,641.74
2026-02-14 10:15:00,1771064100000,566.8,567.3,566.1,566.9,455.65
2026-02-14 10:30:00,1771065000000,566.9,567.8,566.8,567.4,513.82
2026-02-14 10:45:00,1771065900000,567.4,567.6,566.7,567.4,306.75
2026-02-14 11:00:00,1771066800000,567.4,570.8,566.9,570.3,1304.28
2026-02-14 11:15:00,1771067700000,570.3,572.4,568.6,569.2,1966.04
2026-02-14 11:30:00,1771068600000,569.2,569.3,564.3,565.6,2925.55
2026-02-14 11:45:00,1771069500000,565.6,567.2,563.8,564.7,1655.02
2026-02-14 12:00:00,1771070400000,564.7,565.0,563.4,564.8,835.95
2026-02-14 12:15:00,1771071300000,564.8,565.0,562.2,562.8,803.0
2026-02-14 12:30:00,1771072200000,562.8,563.2,560.8,561.6,1207.18
2026-02-14 12:45:00,1771073100000,561.6,561.7,559.7,560.4,1210.73
2026-02-14 13:00:00,1771074000000,560.4,561.2,559.2,560.1,1547.56
2026-02-14 13:15:00,1771074900000,560.1,560.7,558.1,558.1,1007.11
2026-02-14 13:30:00,1771075800000,558.1,562.5,556.5,561.4,1560.02
2026-02-14 13:45:00,1771076700000,561.4,562.4,559.5,560.7,707.73
2026-02-14 14:00:00,1771077600000,560.7,561.1,559.8,560.8,193.83
2026-02-14 14:15:00,1771078500000,560.8,561.4,560.3,560.8,265.69
2026-02-14 14:30:00,1771079400000,560.8,561.7,560.5,560.9,241.8
2026-02-14 14:45:00,1771080300000,560.9,562.6,560.8,561.7,372.97
2026-02-14 15:00:00,1771081200000,561.7,562.6,561.2,561.7,461.51
2026-02-14 15:15:00,1771082100000,561.7,563.1,561.3,562.4,582.46
2026-02-14 15:30:00,1771083000000,562.4,563.3,561.9,563.3,344.99
2026-02-14 15:45:00,1771083900000,563.3,564.2,562.4,564.0,378.98
2026-02-14 16:00:00,1771084800000,564.0,565.7,563.5,564.8,556.26
2026-02-14 16:15:00,1771085700000,564.8,565.4,563.4,564.0,793.76
2026-02-14 16:30:00,1771086600000,564.0,564.8,563.5,564.6,470.36
2026-02-14 16:45:00,1771087500000,564.6,565.6,563.3,564.5,493.65
2026-02-14 17:00:00,1771088400000,564.5,564.5,563.0,564.4,321.5
2026-02-14 17:15:00,1771089300000,564.4,565.9,564.4,564.8,168.02
2026-02-14 17:30:00,1771090200000,564.8,564.9,563.4,564.2,164.49
2026-02-14 17:45:00,1771091100000,564.2,564.3,561.1,562.3,1689.57
2026-02-14 18:00:00,1771092000000,562.3,564.6,561.9,562.9,1086.26
2026-02-14 18:15:00,1771092900000,562.9,564.6,562.4,564.4,196.78
2026-02-14 18:30:00,1771093800000,564.4,565.0,563.8,564.6,287.9
2026-02-14 18:45:00,1771094700000,564.6,565.5,564.1,565.5,212.86
2026-02-14 19:00:00,1771095600000,565.5,566.8,564.9,566.3,726.94
2026-02-14 19:15:00,1771096500000,566.3,569.0,566.0,567.8,942.2
2026-02-14 19:30:00,1771097400000,567.8,569.0,567.4,568.8,326.45
2026-02-14 19:45:00,1771098300000,568.8,569.2,568.3,568.5,445.4
2026-02-14 20:00:00,1771099200000,568.5,568.9,567.4,567.4,264.99
2026-02-14 20:15:00,1771100100000,567.4,567.9,566.1,566.7,339.2
2026-02-14 20:30:00,1771101000000,566.7,566.9,565.7,566.2,243.36
2026-02-14 20:45:00,1771101900000,566.2,566.5,565.4,566.5,223.7
2026-02-14 21:00:00,1771102800000,566.5,567.1,566.0,566.8,275.33
2026-02-14 21:15:00,1771103700000,566.8,567.4,565.5,565.6,195.91
2026-02-14 21:30:00,1771104600000,565.6,566.0,563.6,564.9,859.85
2026-02-14 21:45:00,1771105500000,564.9,565.6,564.8,565.6,135.04
2026-02-14 22:00:00,1771106400000,565.6,566.1,565.2,565.9,412.79
2026-02-14 22:15:00,1771107300000,565.9,566.0,565.1,565.1,253.6
2026-02-14 22:30:00,1771108200000,565.1,565.4,564.0,564.9,128.17
2026-02-14 22:45:00,1771109100000,564.9,565.1,563.8,563.8,54.04
2026-02-14 23:00:00,1771110000000,563.8,564.2,563.3,563.7,376.68
2026-02-14 23:15:00,1771110900000,563.7,564.0,561.7,562.9,420.03
2026-02-14 23:30:00,1771111800000,562.9,563.8,562.5,563.0,261.3
2026-02-14 23:45:00,1771112700000,563.0,563.1,561.6,562.5,493.16
2026-02-15 00:00:00,1771113600000,562.5,562.7,559.4,559.5,1192.92
2026-02-15 00:15:00,1771114500000,559.5,561.8,558.5,561.0,1267.68
2026-02-15 00:30:00,1771115400000,561.0,561.9,559.7,560.1,394.41
2026-02-15 00:45:00,1771116300000,560.1,562.5,559.2,562.5,605.42
2026-02-15 01:00:00,1771117200000,562.5,563.9,562.0,563.4,226.24
2026-02-15 01:15:00,1771118100000,563.4,563.4,561.0,562.5,489.54
2026-02-15 01:30:00,1771119000000,562.5,563.3,561.9,562.5,330.78
2026-02-15 01:45:00,1771119900000,562.5,565.2,562.4,564.9,307.1
2026-02-15 02:00:00,1771120800000,564.9,565.4,563.3,563.3,395.47
2026-02-15 02:15:00,1771121700000,563.3,563.4,561.0,562.1,638.82
2026-02-15 02:30:00,1771122600000,562.1,562.1,558.1,559.6,1253.16
2026-02-15 02:45:00,1771123500000,559.6,560.6,559.5,559.8,292.01
2026-02-15 03:00:00,1771124400000,559.8,561.3,559.4,559.9,357.57
2026-02-15 03:15:00,1771125300000,559.9,560.3,558.5,558.8,307.58
2026-02-15 03:30:00,1771126200000,558.8,559.1,555.6,558.8,2156.0
2026-02-15 03:45:00,1771127100000,558.8,562.7,558.8,562.6,750.4
2026-02-15 04:00:00,1771128000000,562.6,565.4,562.3,564.9,758.8
2026-02-15 04:15:00,1771128900000,564.9,565.6,562.0,562.3,566.6
2026-02-15 04:30:00,1771129800000,562.3,564.6,562.2,563.6,273.75
2026-02-15 04:45:00,1771130700000,563.6,564.4,563.1,564.0,156.72
2026-02-15 05:00:00,1771131600000,564.0,565.2,563.9,564.5,138.4
2026-02-15 05:15:00,1771132500000,564.5,566.0,564.0,564.4,150.11
2026-02-15 05:30:00,1771133400000,564.4,565.1,564.1,564.4,559.3
2026-02-15 05:45:00,1771134300000,564.4,564.9,563.3,563.4,173.38
2026-02-15 06:00:00,1771135200000,563.4,563.6,561.9,562.4,336.17
2026-02-15 06:15:00,1771136100000,562.4,563.2,562.1,562.4,241.51
2026-02-15 06:30:00,1771137000000,562.4,563.1,562.3,562.5,106.86
2026-02-15 06:45:00,1771137900000,562.5,563.0,561.2,562.7,237.49
2026-02-15 07:00:00,1771138800000,562.7,562.9,561.6,562.7,186.59
2026-02-15 07:15:00,1771139700000,562.7,563.9,562.1,562.4,192.29
2026-02-15 07:30:00,1771140600000,562.4,564.1,562.2,562.2,329.96
2026-02-15 07:45:00,1771141500000,562.2,562.2,560.3,560.9,527.78
2026-02-15 08:00:00,1771142400000,560.9,561.7,560.0,560.5,722.6
2026-02-15 08:15:00,1771143300000,560.5,561.9,558.6,558.9,1304.94
2026-02-15 08:30:00,1771144200000,558.9,559.0,555.7,558.1,1884.52
2026-02-15 08:45:00,1771145100000,558.1,559.3,557.6,558.4,1004.3
2026-02-15 09:00:00,1771146000000,558.4,561.9,557.8,560.9,510.81
2026-02-15 09:15:00,1771146900000,560.9,562.5,560.8,561.2,753.46
2026-02-15 09:30:00,1771147800000,561.2,562.1,559.7,560.3,417.76
2026-02-15 09:45:00,1771148700000,560.3,560.5,559.1,560.0,388.38
2026-02-15 10:00:00,1771149600000,560.0,560.4,558.3,560.1,196.3
2026-02-15 10:15:00,1771150500000,560.1,562.2,559.7,561.9,731.95
2026-02-15 10:30:00,1771151400000,561.9,561.9,560.3,561.3,534.38
2026-02-15 10:45:00,1771152300000,561.3,562.4,560.9,561.0,281.55
2026-02-15 11:00:00,1771153200000,561.0,561.8,560.5,560.7,284.1
2026-02-15 11:15:00,1771154100000,560.7,561.9,560.4,561.5,383.29
2026-02-15 11:30:00,1771155000000,561.5,561.5,560.2,560.4,76.29
2026-02-15 11:45:00,1771155900000,560.4,560.6,559.8,560.3,184.94
2026-02-15 12:00:00,1771156800000,560.3,561.4,559.2,559.6,549.35
2026-02-15 12:15:00,1771157700000,559.6,561.8,558.6,561.7,415.37
2026-02-15 12:30:00,1771158600000,561.7,561.9,560.2,561.7,275.8
2026-02-15 12:45:00,1771159500000,561.7,561.8,553.8,554.4,2804.8
2026-02-15 13:00:00,1771160400000,554.4,557.5,554.0,556.8,1822.71
2026-02-15 13:15:00,1771161300000,556.8,557.6,553.6,553.7,633.81
2026-02-15 13:30:00,1771162200000,553.7,554.8,552.6,553.7,1693.62
2026-02-15 13:45:00,1771163100000,553.7,554.4,550.8,553.8,1576.99
2026-02-15 14:00:00,1771164000000,553.8,556.3,553.5,554.5,743.71
2026-02-15 14:15:00,1771164900000,554.5,555.8,554.3,555.8,492.89
2026-02-15 14:30:00,1771165800000,555.8,557.3,555.4,556.8,570.19
2026-02-15 14:45:00,1771166700000,556.8,557.6,556.0,557.1,309.42
2026-02-15 15:00:00,1771167600000,557.1,559.8,555.6,558.5,1708.64
2026-02-15 15:15:00,1771168500000,558.5,558.5,556.6,556.7,279.3
2026-02-15 15:30:00,1771169400000,556.7,557.5,556.2,556.6,211.94
2026-02-15 15:45:00,1771170300000,556.6,558.1,556.6,557.7,139.99
2026-02-15 16:00:00,1771171200000,557.7,557.7,553.5,556.4,1986.2
2026-02-15 16:15:00,1771172100000,556.4,556.7,554.6,556.6,660.95
2026-02-15 16:30:00,1771173000000,556.6,557.7,555.8,557.7,201.41
2026-02-15 16:45:00,1771173900000,557.7,558.5,557.1,557.2,289.62
2026-02-15 17:00:00,1771174800000,557.2,558.9,557.1,558.4,265.56
2026-02-15 17:15:00,1771175700000,558.4,558.8,555.7,556.1,273.69
2026-02-15 17:30:00,1771176600000,556.1,556.5,554.5,554.6,534.79
2026-02-15 17:45:00,1771177500000,554.6,554.6,549.9,554.2,2672.53
2026-02-15 18:00:00,1771178400000,554.2,555.9,551.3,555.1,1676.89
2026-02-15 18:15:00,1771179300000,555.1,556.5,553.5,553.5,281.49
2026-02-15 18:30:00,1771180200000,553.5,554.5,552.3,554.5,679.97
2026-02-15 18:45:00,1771181100000,554.5,554.5,550.8,552.6,768.59
2026-02-15 19:00:00,1771182000000,552.6,552.9,550.1,552.4,712.19
2026-02-15 19:15:00,1771182900000,552.4,555.7,552.0,555.4,394.82
2026-02-15 19:30:00,1771183800000,555.4,555.4,551.4,551.8,635.11
2026-02-15 19:45:00,1771184700000,551.8,552.9,551.5,552.1,229.06
2026-02-15 20:00:00,1771185600000,552.1,554.1,550.8,553.9,240.95
2026-02-15 20:15:00,1771186500000,553.9,554.4,552.5,554.3,249.26
2026-02-15 20:30:00,1771187400000,554.3,554.6,553.4,553.9,479.29
2026-02-15 20:45:00,1771188300000,553.9,554.3,553.3,554.2,226.14
2026-02-15 21:00:00,1771189200000,554.2,557.0,554.1,556.1,353.09
2026-02-15 21:15:00,1771190100000,556.1,556.8,555.9,556.5,120.57
2026-02-15 21:30:00,1771191000000,556.5,558.2,555.0,555.2,260.1
2026-02-15 21:45:00,1771191900000,555.2,555.8,554.4,554.9,251.15
2026-02-15 22:00:00,1771192800000,554.9,556.1,553.7,555.2,627.05
2026-02-15 22:15:00,1771193700000,555.2,555.7,554.0,555.4,166.64
2026-02-15 22:30:00,1771194600000,555.4,556.5,554.9,556.5,178.67
2026-02-15 22:45:00,1771195500000,556.5,557.1,555.5,555.5,486.13
2026-02-15 23:00:00,1771196400000,555.5,555.5,552.0,552.2,828.8
2026-02-15 23:15:00,1771197300000,552.2,553.2,551.6,552.9,393.29
2026-02-15 23:30:00,1771198200000,552.9,554.1,552.7,553.5,197.34
2026-02-15 23:45:00,1771199100000,553.5,554.7,553.2,553.2,177.01
2026-02-16 00:00:00,1771200000000,553.2,555.3,552.8,554.7,397.25
2026-02-16 00:15:00,1771200900000,554.7,555.9,554.2,555.1,427.09
2026-02-16 00:30:00,1771201800000,555.1,556.5,553.2,553.2,234.91
2026-02-16 00:45:00,1771202700000,553.2,556.7,553.1,556.1,566.14
2026-02-16 01:00:00,1771203600000,556.1,556.8,554.9,556.0,450.15
2026-02-16 01:15:00,1771204500000,556.0,557.4,555.7,556.2,317.85
2026-02-16 01:30:00,1771205400000,556.2,557.0,555.1,556.5,498.6
2026-02-16 01:45:00,1771206300000,556.5,557.6,555.6,557.2,417.58
2026-02-16 02:00:00,1771207200000,557.2,559.6,557.2,557.8,560.32
2026-02-16 02:15:00,1771208100000,557.8,558.7,555.9,555.9,397.65
2026-02-16 02:30:00,1771209000000,555.9,557.5,555.9,556.7,121.03
2026-02-16 02:45:00,1771209900000,556.7,556.9,555.3,556.6,117.46
2026-02-16 03:00:00,1771210800000,556.6,562.1,556.6,560.1,1074.11
2026-02-16 03:15:00,1771211700000,560.1,560.1,557.6,557.8,310.07
2026-02-16 03:30:00,1771212600000,557.8,560.6,557.7,560.6,335.61
2026-02-16 03:45:00,1771213500000,560.6,562.7,560.3,562.6,515.6
2026-02-16 04:00:00,1771214400000,562.6,565.7,562.1,564.8,1976.43
2026-02-16 04:15:00,1771215300000,564.8,569.0,563.7,568.4,1456.03
2026-02-16 04:30:00,1771216200000,568.4,570.8,567.1,568.4,1578.07
2026-02-16 04:45:00,1771217100000,568.4,568.8,567.2,568.3,453.74
2026-02-16 05:00:00,1771218000000,568.3,568.5,563.4,564.1,1616.63
2026-02-16 05:15:00,1771218900000,564.1,564.4,559.4,560.0,1261.22
2026-02-16 05:30:00,1771219800000,560.0,560.4,558.1,559.0,823.49
2026-02-16 05:45:00,1771220700000,559.0,559.5,557.7,559.4,569.08
2026-02-16 06:00:00,1771221600000,559.4,561.5,559.3,560.5,372.42
2026-02-16 06:15:00,1771222500000,560.5,560.6,557.7,557.9,492.5
2026-02-16 06:30:00,1771223400000,557.9,561.4,557.5,561.4,524.13
2026-02-16 06:45:00,1771224300000,561.4,561.4,560.4,560.9,290.09
2026-02-16 07:00:00,1771225200000,560.9,561.0,559.5,560.2,302.18
2026-02-16 07:15:00,1771226100000,560.2,561.4,559.2,560.2,123.62
2026-02-16 07:30:00,1771227000000,560.2,560.2,555.0,556.2,1057.97
2026-02-16 07:45:00,1771227900000,556.2,557.4,555.1,557.2,492.39
2026-02-16 08:00:00,1771228800000,557.2,558.8,557.1,557.9,185.26
2026-02-16 08:15:00,1771229700000,557.9,558.6,556.5,557.4,224.38
2026-02-16 08:30:00,1771230600000,557.4,557.9,555.9,556.8,187.22
2026-02-16 08:45:00,1771231500000,556.8,557.3,556.1,556.8,262.6
2026-02-16 09:00:00,1771232400000,556.8,559.1,556.6,557.3,217.06
2026-02-16 09:15:00,1771233300000,557.3,558.2,556.5,557.8,125.48
2026-02-16 09:30:00,1771234200000,557.8,558.8,557.0,558.1,275.71
2026-02-16 09:45:00,1771235100000,558.1,558.6,557.3,557.6,264.23
2026-02-16 10:00:00,1771236000000,557.6,557.6,556.4,557.0,206.63
2026-02-16 10:15:00,1771236900000,557.0,557.1,555.1,555.8,324.95
2026-02-16 10:30:00,1771237800000,555.8,556.8,555.2,556.4,485.9
2026-02-16 10:45:00,1771238700000,556.4,557.1,555.9,556.9,226.38
2026-02-16 11:00:00,1771239600000,556.9,557.4,553.7,555.0,586.85
2026-02-16 11:15:00,1771240500000,555.0,558.8,554.4,558.0,502.2
2026-02-16 11:30:00,1771241400000,558.0,558.5,556.6,557.0,162.69
2026-02-16 11:45:00,1771242300000,557.0,558.4,556.7,558.0,375.18
2026-02-16 12:00:00,1771243200000,558.0,559.3,557.5,558.7,247.26
2026-02-16 12:15:00,1771244100000,558.7,563.4,557.4,563.2,867.39
2026-02-16 12:30:00,1771245000000,563.2,564.8,561.2,563.7,785.28
2026-02-16 12:45:00,1771245900000,563.7,567.6,563.3,567.6,780.67
2026-02-16 13:00:00,1771246800000,567.6,570.1,566.2,566.4,1734.44
2026-02-16 13:15:00,1771247700000,566.4,567.5,558.8,559.6,1878.1
2026-02-16 13:30:00,1771248600000,559.6,562.2,558.6,559.7,1146.05
2026-02-16 13:45:00,1771249500000,559.7,560.1,557.0,559.1,1250.16
2026-02-16 14:00:00,1771250400000,559.1,559.6,557.0,558.3,539.48
2026-02-16 14:15:00,1771251300000,558.3,559.0,554.9,555.7,647.69
2026-02-16 14:30:00,1771252200000,555.7,560.1,555.3,559.1,366.57
2026-02-16 14:45:00,1771253100000,559.1,560.2,557.0,557.7,419.77
2026-02-16 15:00:00,1771254000000,557.7,559.2,556.7,556.7,367.52
2026-02-16 15:15:00,1771254900000,556.7,557.9,555.7,557.0,616.86
2026-02-16 15:30:00,1771255800000,557.0,557.3,550.8,555.3,3804.97
2026-02-16 15:45:00,1771256700000,555.3,557.2,554.3,555.9,633.63
2026-02-16 16:00:00,1771257600000,555.9,560.3,555.6,558.9,745.05
2026-02-16 16:15:00,1771258500000,558.9,561.8,556.8,561.1,487.48
2026-02-16 16:30:00,1771259400000,561.1,561.1,557.4,561.1,406.7
2026-02-16 16:45:00,1771260300000,561.1,561.8,559.1,559.1,400.2
2026-02-16 17:00:00,1771261200000,559.1,560.0,557.6,558.3,311.34
2026-02-16 17:15:00,1771262100000,558.3,559.5,557.0,558.7,410.81
2026-02-16 17:30:00,1771263000000,558.7,560.3,558.4,560.1,477.66
2026-02-16 17:45:00,1771263900000,560.1,560.1,558.1,559.8,318.56
2026-02-16 18:00:00,1771264800000,559.8,562.2,559.7,561.7,398.86
2026-02-16 18:15:00,1771265700000,561.7,564.7,561.1,563.8,883.98
2026-02-16 18:30:00,1771266600000,563.8,564.6,563.4,563.9,380.1
2026-02-16 18:45:00,1771267500000,563.9,564.3,562.8,564.1,702.08
2026-02-16 19:00:00,1771268400000,564.1,565.5,563.4,565.1,378.82
2026-02-16 19:15:00,1771269300000,565.1,570.3,564.8,568.5,1935.47
2026-02-16 19:30:00,1771270200000,568.5,574.9,568.5,574.7,2356.95
2026-02-16 19:45:00,1771271100000,574.7,575.9,570.3,570.8,2078.22
2026-02-16 20:00:00,1771272000000,570.8,574.6,570.2,574.3,1194.19
2026-02-16 20:15:00,1771272900000,574.3,581.0,573.8,579.7,2593.29
2026-02-16 20:30:00,1771273800000,579.7,579.8,575.3,576.0,1163.12
2026-02-16 20:45:00,1771274700000,576.0,577.6,570.3,571.7,1880.16
2026-02-16 21:00:00,1771275600000,571.7,571.9,567.1,568.5,2143.99
2026-02-16 21:15:00,1771276500000,568.5,571.4,566.6,571.4,1285.66
2026-02-16 21:30:00,1771277400000,571.4,572.0,568.4,572.0,1163.58
2026-02-16 21:45:00,1771278300000,572.0,575.5,570.6,574.4,1969.07
2026-02-16 22:00:00,1771279200000,574.4,575.6,573.1,573.2,1593.19
2026-02-16 22:15:00,1771280100000,573.2,574.4,571.0,572.7,616.84
2026-02-16 22:30:00,1771281000000,572.7,573.1,571.0,571.0,429.2
2026-02-16 22:45:00,1771281900000,571.0,571.6,569.1,569.2,621.17
2026-02-16 23:00:00,1771282800000,569.2,569.5,567.8,568.8,409.76
2026-02-16 23:15:00,1771283700000,568.8,569.9,567.6,568.2,687.26
2026-02-16 23:30:00,1771284600000,568.2,570.4,568.0,568.0,691.85
2026-02-16 23:45:00,1771285500000,568.0,569.6,567.8,568.9,598.79
2026-02-17 00:00:00,1771286400000,568.9,570.9,568.7,570.9,270.74
2026-02-17 00:15:00,1771287300000,570.9,572.3,569.5,572.0,372.33
2026-02-17 00:30:00,1771288200000,572.0,572.5,570.9,571.2,353.02
2026-02-17 00:45:00,1771289100000,571.2,573.2,571.2,571.5,401.12
2026-02-17 01:00:00,1771290000000,571.5,575.5,571.5,575.1,675.98
2026-02-17 01:15:00,1771290900000,575.1,575.6,573.5,575.1,661.44
2026-02-17 01:30:00,1771291800000,575.1,577.6,574.7,575.6,679.09
2026-02-17 01:45:00,1771292700000,575.6,576.3,572.8,573.5,955.23
2026-02-17 02:00:00,1771293600000,573.5,576.3,571.2,575.5,478.8
2026-02-17 02:15:00,1771294500000,575.5,576.0,573.8,573.9,299.21
2026-02-17 02:30:00,1771295400000,573.9,574.3,569.1,572.1,2453.25
2026-02-17 02:45:00,1771296300000,572.1,572.4,571.1,571.5,341.73
2026-02-17 03:00:00,1771297200000,571.5,572.3,566.1,566.5,1046.58
2026-02-17 03:15:00,1771298100000,566.5,567.6,564.7,566.7,824.93
2026-02-17 03:30:00,1771299000000,566.7,566.7,564.7,564.9,275.63
2026-02-17 03:45:00,1771299900000,564.9,566.3,564.9,566.0,476.37
2026-02-17 04:00:00,1771300800000,566.0,566.6,562.7,563.1,1242.86
2026-02-17 04:15:00,1771301700000,563.1,564.5,560.0,563.0,1164.39
2026-02-17 04:30:00,1771302600000,563.0,563.2,557.9,562.5,1644.28
2026-02-17 04:45:00,1771303500000,562.5,563.0,561.7,562.3,328.18
2026-02-17 05:00:00,1771304400000,562.3,563.5,561.0,562.7,830.75
2026-02-17 05:15:00,1771305300000,562.7,562.8,560.1,560.9,672.77
2026-02-17 05:30:00,1771306200000,560.9,561.7,560.2,561.5,317.86
2026-02-17 05:45:00,1771307100000,561.5,562.4,561.5,561.5,229.43
2026-02-17 06:00:00,1771308000000,561.5,563.3,561.5,562.3,563.67
2026-02-17 06:15:00,1771308900000,562.3,563.1,561.8,562.7,149.58
2026-02-17 06:30:00,1771309800000,562.7,562.7,559.7,561.3,550.93
2026-02-17 06:45:00,1771310700000,561.3,562.4,559.2,562.2,459.5
2026-02-17 07:00:00,1771311600000,562.2,562.5,560.8,561.2,233.25
2026-02-17 07:15:00,1771312500000,561.2,562.4,561.1,561.6,854.11
2026-02-17 07:30:00,1771313400000,561.6,562.2,560.9,561.4,325.22
2026-02-17 07:45:00,1771314300000,561.4,561.4,559.6,559.6,259.44
2026-02-17 08:00:00,1771315200000,559.6,560.1,558.7,558.9,816.77
2026-02-17 08:15:00,1771316100000,558.9,559.0,557.9,558.2,393.15
2026-02-17 08:30:00,1771317000000,558.2,558.6,556.6,557.6,545.14
2026-02-17 08:45:00,1771317900000,557.6,557.9,557.1,557.7,356.55
2026-02-17 09:00:00,1771318800000,557.7,559.0,557.5,558.0,276.59
2026-02-17 09:15:00,1771319700000,558.0,559.0,557.6,557.9,664.47
2026-02-17 09:30:00,1771320600000,557.9,557.9,557.0,557.5,510.13
2026-02-17 09:45:00,1771321500000,557.5,559.8,557.5,559.5,475.07
2026-02-17 10:00:00,1771322400000,559.5,560.4,559.3,560.0,177.59
2026-02-17 10:15:00,1771323300000,560.0,560.0,557.9,558.5,359.58
2026-02-17 10:30:00,1771324200000,558.5,558.8,557.0,557.8,253.8
2026-02-17 10:45:00,1771325100000,557.8,558.2,555.6,557.4,872.62
2026-02-17 11:00:00,1771326000000,557.4,558.3,557.2,558.1,247.63
2026-02-17 11:15:00,1771326900000,558.1,558.2,555.9,557.6,961.67
2026-02-17 11:30:00,1771327800000,557.6,557.9,556.0,556.5,238.03
2026-02-17 11:45:00,1771328700000,556.5,557.6,556.2,557.3,130.71
2026-02-17 12:00:00,1771329600000,557.3,561.9,557.1,561.4,826.97
2026-02-17 12:15:00,1771330500000,561.4,562.6,560.2,561.9,924.77
2026-02-17 12:30:00,1771331400000,561.9,563.9,560.7,563.3,908.07
2026-02-17 12:45:00,1771332300000,563.3,563.4,560.7,561.1,497.89
2026-02-17 13:00:00,1771333200000,561.1,563.2,560.2,562.8,513.98
2026-02-17 13:15:00,1771334100000,562.8,566.5,561.7,564.7,1496.72
2026-02-17 13:30:00,1771335000000,564.7,564.8,562.1,562.6,495.16
2026-02-17 13:45:00,1771335900000,562.6,563.8,561.3,562.4,1025.13
2026-02-17 14:00:00,1771336800000,562.4,564.9,561.5,563.3,1135.1
2026-02-17 14:15:00,1771337700000,563.3,563.7,559.6,560.8,485.36
2026-02-17 14:30:00,1771338600000,560.8,562.0,552.5,553.6,3617.75
2026-02-17 14:45:00,1771339500000,553.6,556.1,548.9,554.9,6800.9
2026-02-17 15:00:00,1771340400000,554.9,557.1,553.7,554.0,1942.96
2026-02-17 15:15:00,1771341300000,554.0,555.4,553.1,554.4,895.09
2026-02-17 15:30:00,1771342200000,554.4,555.6,552.5,555.5,4219.97
2026-02-17 15:45:00,1771343100000,555.5,558.0,555.5,557.7,1431.19
2026-02-17 16:00:00,1771344000000,557.7,563.5,557.6,562.9,2160.81
2026-02-17 16:15:00,1771344900000,562.9,564.3,559.5,559.6,1288.99
2026-02-17 16:30:00,1771345800000,559.6,565.5,559.3,563.8,1247.08
2026-02-17 16:45:00,1771346700000,563.8,567.5,563.6,565.3,1418.35
2026-02-17 17:00:00,1771347600000,565.3,566.4,563.0,564.9,951.9
2026-02-17 17:15:00,1771348500000,564.9,566.8,564.1,564.5,1201.04
2026-02-17 17:30:00,1771349400000,564.5,566.2,561.2,561.5,1500.51
2026-02-17 17:45:00,1771350300000,561.5,562.5,560.4,561.8,686.0
2026-02-17 18:00:00,1771351200000,561.8,563.2,560.2,562.6,796.49
2026-02-17 18:15:00,1771352100000,562.6,564.7,560.8,564.4,941.35
2026-02-17 18:30:00,1771353000000,564.4,566.8,563.6,566.5,890.36
2026-02-17 18:45:00,1771353900000,566.5,567.3,565.6,565.8,734.25
2026-02-17 19:00:00,1771354800000,565.8,570.2,565.6,569.4,1173.12
2026-02-17 19:15:00,1771355700000,569.4,570.7,568.6,568.9,1134.18
2026-02-17 19:30:00,1771356600000,568.9,570.2,563.3,567.6,3411.97
2026-02-17 19:45:00,1771357500000,567.6,567.8,565.2,566.6,561.52
2026-02-17 20:00:00,1771358400000,566.6,567.9,566.4,567.7,342.85
2026-02-17 20:15:00,1771359300000,567.7,569.2,567.1,568.6,517.8
2026-02-17 20:30:00,1771360200000,568.6,568.6,566.5,568.2,619.33
2026-02-17 20:45:00,1771361100000,568.2,569.0,567.8,568.6,264.09
2026-02-17 21:00:00,1771362000000,568.6,569.5,567.4,568.8,322.53
2026-02-17 21:15:00,1771362900000,568.8,569.2,567.2,567.3,125.65
2026-02-17 21:30:00,1771363800000,567.3,567.3,566.0,566.5,158.5
2026-02-17 21:45:00,1771364700000,566.5,567.9,566.4,567.7,86.97
2026-02-17 22:00:00,1771365600000,567.7,568.4,566.9,567.3,871.97
2026-02-17 22:15:00,1771366500000,567.3,567.3,565.9,566.6,139.75
2026-02-17 22:30:00,1771367400000,566.6,567.6,565.2,565.6,282.06
2026-02-17 22:45:00,1771368300000,565.6,566.7,565.2,565.5,216.25
2026-02-17 23:00:00,1771369200000,565.5,565.6,562.5,562.9,755.78
2026-02-17 23:15:00,1771370100000,562.9,563.3,561.6,562.7,1165.11
2026-02-17 23:30:00,1771371000000,562.7,563.8,562.2,563.4,187.54
2026-02-17 23:45:00,1771371900000,563.4,563.7,562.4,563.0,371.48
2026-02-18 00:00:00,1771372800000,563.0,564.5,562.9,564.4,162.82
2026-02-18 00:15:00,1771373700000,564.4,564.4,561.9,562.0,295.84
2026-02-18 00:30:00,1771374600000,562.0,562.4,561.3,562.0,414.5
2026-02-18 00:45:00,1771375500000,562.0,562.1,560.3,560.7,2132.63
2026-02-18 01:00:00,1771376400000,560.7,562.5,558.4,559.8,1621.15
2026-02-18 01:15:00,1771377300000,559.8,561.0,558.6,559.6,825.73
2026-02-18 01:30:00,1771378200000,559.6,561.5,558.0,561.5,334.65
2026-02-18 01:45:00,1771379100000,561.5,561.5,556.0,557.8,2879.36
2026-02-18 02:00:00,1771380000000,557.8,560.4,557.3,560.0,757.7
2026-02-18 02:15:00,1771380900000,560.0,561.0,558.6,560.1,766.39
2026-02-18 02:30:00,1771381800000,560.1,561.3,560.0,560.9,166.39
2026-02-18 02:45:00,1771382700000,560.9,560.9,559.7,560.1,97.55
2026-02-18 03:00:00,1771383600000,560.1,561.2,560.1,561.2,173.99
2026-02-18 03:15:00,1771384500000,561.2,562.8,561.2,562.6,332.67
2026-02-18 03:30:00,1771385400000,562.6,562.7,561.8,562.4,124.44
2026-02-18 03:45:00,1771386300000,562.4,563.7,562.1,563.7,108.03
2026-02-18 04:00:00,1771387200000,563.7,566.9,563.7,566.4,1376.36
2026-02-18 04:15:00,1771388100000,566.4,567.1,564.9,564.9,449.03
2026-02-18 04:30:00,1771389000000,564.9,567.1,564.9,566.9,295.1
2026-02-18 04:45:00,1771389900000,566.9,569.1,566.9,567.3,997.06
2026-02-18 05:00:00,1771390800000,567.3,568.1,566.6,567.0,532.85
2026-02-18 05:15:00,1771391700000,567.0,570.0,566.6,566.6,1516.64
2026-02-18 05:30:00,1771392600000,566.6,566.6,565.4,565.4,265.7
2026-02-18 05:45:00,1771393500000,565.4,565.7,563.7,564.1,161.69
2026-02-18 06:00:00,1771394400000,564.1,564.8,563.5,564.8,260.41
2026-02-18 06:15:00,1771395300000,564.8,565.7,564.3,565.4,125.57
2026-02-18 06:30:00,1771396200000,565.4,566.8,565.2,566.2,201.48
2026-02-18 06:45:00,1771397100000,566.2,566.5,565.5,565.7,105.79
2026-02-18 07:00:00,1771398000000,565.7,566.5,565.3,565.4,73.88
2026-02-18 07:15:00,1771398900000,565.4,566.6,565.3,566.4,154.03
2026-02-18 07:30:00,1771399800000,566.4,566.7,565.5,566.6,284.68
2026-02-18 07:45:00,1771400700000,566.6,567.6,566.1,566.4,283.38
2026-02-18 08:00:00,1771401600000,566.4,567.7,566.1,567.2,273.2
2026-02-18 08:15:00,1771402500000,567.2,569.3,566.9,567.3,627.85
2026-02-18 08:30:00,1771403400000,567.3,567.6,565.2,565.2,465.91
2026-02-18 08:45:00,1771404300000,565.2,565.9,564.5,564.6,489.03
2026-02-18 09:00:00,1771405200000,564.6,565.1,563.8,564.7,525.07
2026-02-18 09:15:00,1771406100000,564.7,565.2,564.4,564.4,165.13
2026-02-18 09:30:00,1771407000000,564.4,566.2,564.4,565.9,428.92
2026-02-18 09:45:00,1771407900000,565.9,565.9,562.5,563.5,814.32
2026-02-18 10:00:00,1771408800000,563.5,563.5,561.3,561.8,856.1
2026-02-18 10:15:00,1771409700000,561.8,562.0,560.3,561.1,304.95
2026-02-18 10:30:00,1771410600000,561.1,561.1,558.6,559.1,389.81
2026-02-18 10:45:00,1771411500000,559.1,559.8,558.8,559.7,439.72
2026-02-18 11:00:00,1771412400000,559.7,560.2,555.8,558.6,1147.59
2026-02-18 11:15:00,1771413300000,558.6,559.3,557.5,558.9,912.39
2026-02-18 11:30:00,1771414200000,558.9,559.5,558.1,558.8,521.63
2026-02-18 11:45:00,1771415100000,558.8,559.8,558.1,558.5,300.89
2026-02-18 12:00:00,1771416000000,558.5,561.4,558.4,560.7,286.65
2026-02-18 12:15:00,1771416900000,560.7,561.3,559.5,560.5,154.33
2026-02-18 12:30:00,1771417800000,560.5,560.7,559.4,560.3,193.57
2026-02-18 12:45:00,1771418700000,560.3,560.6,559.3,559.3,132.54
2026-02-18 13:00:00,1771419600000,559.3,560.1,557.9,559.5,561.66
2026-02-18 13:15:00,1771420500000,559.5,559.8,558.3,559.2,85.08
2026-02-18 13:30:00,1771421400000,559.2,559.2,555.7,556.5,505.52
2026-02-18 13:45:00,1771422300000,556.5,557.2,555.1,556.4,618.73
2026-02-18 14:00:00,1771423200000,556.4,557.4,554.1,556.6,1251.88
2026-02-18 14:15:00,1771424100000,556.6,556.6,554.6,554.6,168.09
2026-02-18 14:30:00,1771425000000,554.6,555.7,553.0,553.8,1498.54
2026-02-18 14:45:00,1771425900000,553.8,556.1,551.1,554.6,1258.61
2026-02-18 15:00:00,1771426800000,554.6,557.8,554.2,555.9,1175.85
2026-02-18 15:15:00,1771427700000,555.9,557.0,555.1,555.7,1339.8
2026-02-18 15:30:00,1771428600000,555.7,563.0,555.7,562.2,1101.23
2026-02-18 15:45:00,1771429500000,562.2,562.5,559.0,559.6,1508.38
2026-02-18 16:00:00,1771430400000,559.6,559.7,554.2,555.3,1143.64
2026-02-18 16:15:00,1771431300000,555.3,558.7,555.0,558.5,543.97
2026-02-18 16:30:00,1771432200000,558.5,560.7,558.2,560.5,579.64
2026-02-18 16:45:00,1771433100000,560.5,560.5,558.9,560.0,279.29
2026-02-18 17:00:00,1771434000000,560.0,564.0,559.1,560.8,2142.88
2026-02-18 17:15:00,1771434900000,560.8,562.0,560.6,561.9,216.94
2026-02-18 17:30:00,1771435800000,561.9,563.9,561.8,562.7,720.51
2026-02-18 17:45:00,1771436700000,562.7,564.5,561.5,562.7,441.94
2026-02-18 18:00:00,1771437600000,562.7,563.4,560.1,561.5,255.25
2026-02-18 18:15:00,1771438500000,561.5,562.9,558.3,560.2,2028.5
2026-02-18 18:30:00,1771439400000,560.2,560.9,555.7,555.9,1944.6
2026-02-18 18:45:00,1771440300000,555.9,559.7,555.5,558.4,1728.86
2026-02-18 19:00:00,1771441200000,558.4,561.6,557.3,558.8,2263.94
2026-02-18 19:15:00,1771442100000,558.8,558.8,552.5,555.0,3036.76
2026-02-18 19:30:00,1771443000000,555.0,555.7,552.8,554.9,1347.86
2026-02-18 19:45:00,1771443900000,554.9,555.4,553.5,554.0,503.78
2026-02-18 20:00:00,1771444800000,554.0,554.4,553.0,553.3,751.32
2026-02-18 20:15:00,1771445700000,553.3,553.5,551.6,552.3,891.34
2026-02-18 20:30:00,1771446600000,552.3,553.7,552.1,553.4,1087.97
2026-02-18 20:45:00,1771447500000,553.4,555.3,551.6,552.5,909.23
2026-02-18 21:00:00,1771448400000,552.5,552.7,549.6,551.7,2510.69
2026-02-18 21:15:00,1771449300000,551.7,553.4,551.6,553.2,368.61
2026-02-18 21:30:00,1771450200000,553.2,554.7,553.0,553.7,275.91
2026-02-18 21:45:00,1771451100000,553.7,554.3,551.5,552.1,354.48
2026-02-18 22:00:00,1771452000000,552.1,552.6,550.1,551.4,1174.22
2026-02-18 22:15:00,1771452900000,551.4,553.6,551.4,553.0,277.28
2026-02-18 22:30:00,1771453800000,553.0,555.5,553.0,555.0,439.05
2026-02-18 22:45:00,1771454700000,555.0,556.6,554.5,555.3,302.02
2026-02-18 23:00:00,1771455600000,555.3,555.7,554.4,555.6,307.88
2026-02-18 23:15:00,1771456500000,555.6,557.5,555.2,555.3,824.57
2026-02-18 23:30:00,1771457400000,555.3,556.5,555.0,555.3,1658.65
2026-02-18 23:45:00,1771458300000,555.3,557.7,555.0,557.4,1790.83
2026-02-19 00:00:00,1771459200000,557.4,558.7,556.5,556.5,556.14
2026-02-19 00:15:00,1771460100000,556.5,557.4,556.4,556.9,234.09
2026-02-19 00:30:00,1771461000000,556.9,558.6,556.5,557.5,410.75
2026-02-19 00:45:00,1771461900000,557.5,558.2,556.2,557.1,339.25
2026-02-19 01:00:00,1771462800000,557.1,559.8,557.0,559.0,604.17
2026-02-19 01:15:00,1771463700000,559.0,559.9,557.6,558.8,313.71
2026-02-19 01:30:00,1771464600000,558.8,560.1,558.3,560.1,254.73
2026-02-19 01:45:00,1771465500000,560.1,560.5,558.3,558.4,415.28
2026-02-19 02:00:00,1771466400000,558.4,559.5,558.3,559.2,221.6
2026-02-19 02:15:00,1771467300000,559.2,559.2,557.7,558.3,648.44
2026-02-19 02:30:00,1771468200000,558.3,558.4,555.9,556.1,472.91
2026-02-19 02:45:00,1771469100000,556.1,556.8,554.5,556.4,647.53
2026-02-19 03:00:00,1771470000000,556.4,556.9,555.4,556.1,195.41
2026-02-19 03:15:00,1771470900000,556.1,557.1,556.0,557.1,115.55
2026-02-19 03:30:00,1771471800000,557.1,557.2,555.5,555.8,211.07
2026-02-19 03:45:00,1771472700000,555.8,557.9,555.3,557.0,472.96
2026-02-19 04:00:00,1771473600000,557.0,557.7,556.5,557.1,180.33
2026-02-19 04:15:00,1771474500000,557.1,557.1,556.2,556.9,116.22
2026-02-19 04:30:00,1771475400000,556.9,558.1,556.9,557.4,157.21
2026-02-19 04:45:00,1771476300000,557.4,558.7,556.2,557.1,979.56
2026-02-19 05:00:00,1771477200000,557.1,557.6,555.0,555.4,241.3
2026-02-19 05:15:00,1771478100000,555.4,556.0,554.0,554.6,278.68
2026-02-19 05:30:00,1771479000000,554.6,555.9,554.4,555.6,70.96
2026-02-19 05:45:00,1771479900000,555.6,556.7,555.2,556.6,51.68
2026-02-19 06:00:00,1771480800000,556.6,559.6,556.3,559.1,427.67
2026-02-19 06:15:00,1771481700000,559.1,562.5,558.8,562.4,1007.34
2026-02-19 06:30:00,1771482600000,562.4,563.4,560.5,560.8,1445.14
2026-02-19 06:45:00,1771483500000,560.8,562.9,560.6,562.3,466.95
2026-02-19 07:00:00,1771484400000,562.3,562.6,560.8,562.5,513.62
2026-02-19 07:15:00,1771485300000,562.5,562.9,562.0,562.7,258.24
2026-02-19 07:30:00,1771486200000,562.7,564.5,562.4,562.8,619.36
2026-02-19 07:45:00,1771487100000,562.8,562.8,560.6,561.5,281.31
2026-02-19 08:00:00,1771488000000,561.5,561.5,559.1,559.4,448.92
2026-02-19 08:15:00,1771488900000,559.4,559.8,557.8,557.8,339.24
2026-02-19 08:30:00,1771489800000,557.8,557.9,555.1,556.1,540.17
2026-02-19 08:45:00,1771490700000,556.1,556.6,554.7,556.1,830.04
2026-02-19 09:00:00,1771491600000,556.1,556.5,554.7,555.4,172.67
2026-02-19 09:15:00,1771492500000,555.4,556.3,555.2,555.8,300.3
2026-02-19 09:30:00,1771493400000,555.8,555.9,553.5,555.1,314.36
2026-02-19 09:45:00,1771494300000,555.1,555.3,544.1,547.7,8175.7
2026-02-19 10:00:00,1771495200000,547.7,548.2,545.6,547.7,2656.88
2026-02-19 10:15:00,1771496100000,547.7,548.0,545.4,547.7,2133.1
2026-02-19 10:30:00,1771497000000,547.7,550.1,547.6,549.8,456.52
2026-02-19 10:45:00,1771497900000,549.8,549.9,548.6,548.9,247.59
2026-02-19 11:00:00,1771498800000,548.9,550.0,548.2,549.7,579.16
2026-02-19 11:15:00,1771499700000,549.7,550.7,549.3,550.0,452.11
2026-02-19 11:30:00,1771500600000,550.0,550.7,549.1,549.8,357.94
2026-02-19 11:45:00,1771501500000,549.8,550.0,546.4,547.2,1297.91
2026-02-19 12:00:00,1771502400000,547.2,547.4,544.8,546.5,1946.96
2026-02-19 12:15:00,1771503300000,546.5,546.7,545.4,546.5,424.75
2026-02-19 12:30:00,1771504200000,546.5,546.8,545.5,546.1,681.52
2026-02-19 12:45:00,1771505100000,546.1,546.1,545.0,545.4,457.8
2026-02-19 13:00:00,1771506000000,545.4,549.0,545.4,548.8,951.43
2026-02-19 13:15:00,1771506900000,548.8,549.0,540.2,541.6,2711.71
2026-02-19 13:30:00,1771507800000,541.6,543.8,541.0,541.1,1134.22
2026-02-19 13:45:00,1771508700000,541.1,543.0,538.4,539.8,3414.41
2026-02-19 14:00:00,1771509600000,539.8,542.3,539.3,540.7,1301.17
2026-02-19 14:15:00,1771510500000,540.7,541.5,539.5,541.0,882.26
2026-02-19 14:30:00,1771511400000,541.0,544.6,539.5,544.1,1747.02
2026-02-19 14:45:00,1771512300000,544.1,551.2,543.2,547.1,5308.01
2026-02-19 15:00:00,1771513200000,547.1,550.0,545.5,546.2,2629.38
2026-02-19 15:15:00,1771514100000,546.2,548.7,545.8,546.1,2066.51
2026-02-19 15:30:00,1771515000000,546.1,548.6,545.5,548.6,781.71
2026-02-19 15:45:00,1771515900000,548.6,549.3,547.0,548.9,655.13
2026-02-19 16:00:00,1771516800000,548.9,548.9,545.9,548.4,611.53
2026-02-19 16:15:00,1771517700000,548.4,551.6,548.4,549.3,649.56
2026-02-19 16:30:00,1771518600000,549.3,552.4,549.3,551.7,508.77
2026-02-19 16:45:00,1771519500000,551.7,552.6,550.5,551.6,377.64
2026-02-19 17:00:00,1771520400000,551.6,553.8,550.4,553.6,586.86
2026-02-19 17:15:00,1771521300000,553.6,557.7,552.9,553.6,1460.47
2026-02-19 17:30:00,1771522200000,553.6,555.0,552.9,554.1,363.05
2026-02-19 17:45:00,1771523100000,554.1,554.7,552.0,552.2,627.69
2026-02-19 18:00:00,1771524000000,552.2,555.9,551.8,555.8,860.48
2026-02-19 18:15:00,1771524900000,555.8,562.0,554.8,559.6,2468.42
2026-02-19 18:30:00,1771525800000,559.6,562.4,557.8,562.3,1616.4
2026-02-19 18:45:00,1771526700000,562.3,563.2,559.8,560.4,1713.65
2026-02-19 19:00:00,1771527600000,560.4,560.9,558.7,559.8,577.19
2026-02-19 19:15:00,1771528500000,559.8,560.0,557.2,557.6,628.12
2026-02-19 19:30:00,1771529400000,557.6,559.1,556.6,557.6,676.45
2026-02-19 19:45:00,1771530300000,557.6,560.1,557.3,559.1,528.64
2026-02-19 20:00:00,1771531200000,559.1,559.3,557.3,557.9,270.47
2026-02-19 20:15:00,1771532100000,557.9,557.9,556.6,556.8,390.75
2026-02-19 20:30:00,1771533000000,556.8,557.7,555.9,556.3,329.87
2026-02-19 20:45:00,1771533900000,556.3,558.0,555.3,556.1,453.02
2026-02-19 21:00:00,1771534800000,556.1,560.8,555.4,559.4,2367.92
2026-02-19 21:15:00,1771535700000,559.4,560.2,558.8,559.4,344.84
2026-02-19 21:30:00,1771536600000,559.4,559.6,558.6,559.1,491.04
2026-02-19 21:45:00,1771537500000,559.1,561.5,559.0,560.1,1205.27
2026-02-19 22:00:00,1771538400000,560.1,564.0,559.3,562.5,1992.17
2026-02-19 22:15:00,1771539300000,562.5,562.5,560.1,560.1,438.79
2026-02-19 22:30:00,1771540200000,560.1,560.8,558.7,560.8,286.38
2026-02-19 22:45:00,1771541100000,560.8,562.3,559.7,561.4,273.29
2026-02-19 23:00:00,1771542000000,561.4,561.4,559.5,559.7,361.7
2026-02-19 23:15:00,1771542900000,559.7,562.0,559.7,561.9,394.08
2026-02-19 23:30:00,1771543800000,561.9,562.2,559.5,559.9,269.87
2026-02-19 23:45:00,1771544700000,559.9,560.8,559.6,560.1,165.77
2026-02-20 00:00:00,1771545600000,560.1,563.1,559.0,563.1,674.94
2026-02-20 00:15:00,1771546500000,563.1,563.4,560.1,563.1,680.55
2026-02-20 00:30:00,1771547400000,563.1,563.2,561.1,562.0,327.32
2026-02-20 00:45:00,1771548300000,562.0,562.6,561.6,561.8,356.03
2026-02-20 01:00:00,1771549200000,561.8,562.3,558.3,560.5,2106.22
2026-02-20 01:15:00,1771550100000,560.5,560.8,559.4,559.9,311.94
2026-02-20 01:30:00,1771551000000,559.9,561.4,559.8,561.0,148.96
2026-02-20 01:45:00,1771551900000,561.0,561.0,559.7,560.1,308.06
2026-02-20 02:00:00,1771552800000,560.1,560.8,559.9,560.1,128.28
2026-02-20 02:15:00,1771553700000,560.1,560.1,559.3,559.5,292.3
2026-02-20 02:30:00,1771554600000,559.5,560.6,559.0,560.2,257.22
2026-02-20 02:45:00,1771555500000,560.2,560.4,558.6,558.6,312.16
2026-02-20 03:00:00,1771556400000,558.6,560.0,558.5,559.8,504.92
2026-02-20 03:15:00,1771557300000,559.8,561.2,559.1,560.2,289.06
2026-02-20 03:30:00,1771558200000,560.2,561.2,559.8,559.8,237.55
2026-02-20 03:45:00,1771559100000,559.8,562.2,558.8,561.4,943.72
2026-02-20 04:00:00,1771560000000,561.4,561.4,560.2,561.3,338.19
2026-02-20 04:15:00,1771560900000,561.3,561.7,555.5,559.6,2519.85
2026-02-20 04:30:00,1771561800000,559.6,560.9,553.8,556.3,2797.19
2026-02-20 04:45:00,1771562700000,556.3,556.6,555.0,556.3,600.64
2026-02-20 05:00:00,1771563600000,556.3,557.9,556.0,557.8,839.22
2026-02-20 05:15:00,1771564500000,557.8,559.1,556.9,558.9,646.4
2026-02-20 05:30:00,1771565400000,558.9,562.7,558.9,562.2,844.62
2026-02-20 05:45:00,1771566300000,562.2,563.1,560.8,561.6,1106.26
2026-02-20 06:00:00,1771567200000,561.6,562.1,560.9,561.7,431.47
2026-02-20 06:15:00,1771568100000,561.7,563.4,561.0,561.4,286.97
2026-02-20 06:30:00,1771569000000,561.4,562.4,560.7,561.7,318.92
2026-02-20 06:45:00,1771569900000,561.7,564.2,561.7,563.1,572.66
2026-02-20 07:00:00,1771570800000,563.1,563.1,561.4,561.6,1128.45
2026-02-20 07:15:00,1771571700000,561.6,561.9,561.2,561.6,127.51
2026-02-20 07:30:00,1771572600000,561.6,561.7,559.2,559.7,207.96
2026-02-20 07:45:00,1771573500000,559.7,560.1,557.5,558.7,594.69
2026-02-20 08:00:00,1771574400000,558.7,559.9,558.0,559.3,485.87
2026-02-20 08:15:00,1771575300000,559.3,560.8,559.1,560.2,301.73
2026-02-20 08:30:00,1771576200000,560.2,560.3,558.2,558.2,222.45
2026-02-20 08:45:00,1771577100000,558.2,558.2,551.9,556.4,4793.05
2026-02-20 09:00:00,1771578000000,556.4,558.4,556.0,557.0,508.73
2026-02-20 09:15:00,1771578900000,557.0,557.7,556.6,557.1,334.55
2026-02-20 09:30:00,1771579800000,557.1,557.1,554.7,555.1,2600.33
2026-02-20 09:45:00,1771580700000,555.1,555.8,554.8,555.4,281.57
2026-02-20 10:00:00,1771581600000,555.4,556.1,554.6,555.1,573.59
2026-02-20 10:15:00,1771582500000,555.1,555.7,554.4,555.0,215.78
2026-02-20 10:30:00,1771583400000,555.0,555.8,554.6,555.1,239.19
2026-02-20 10:45:00,1771584300000,555.1,555.2,554.2,554.9,281.72
2026-02-20 11:00:00,1771585200000,554.9,555.0,553.7,554.3,187.02
2026-02-20 11:15:00,1771586100000,554.3,555.5,553.9,555.3,261.9
2026-02-20 11:30:00,1771587000000,555.3,555.5,554.0,554.0,307.6
2026-02-20 11:45:00,1771587900000,554.0,554.5,552.8,553.0,467.66
2026-02-20 12:00:00,1771588800000,553.0,553.3,552.2,552.9,515.1
2026-02-20 12:15:00,1771589700000,552.9,553.0,551.1,551.3,1144.96
2026-02-20 12:30:00,1771590600000,551.3,552.5,551.1,551.6,319.58
2026-02-20 12:45:00,1771591500000,551.6,552.6,550.4,550.8,374.81
2026-02-20 13:00:00,1771592400000,550.8,550.8,545.1,546.4,2692.65
2026-02-20 13:15:00,1771593300000,546.4,547.3,541.3,545.4,2154.18
2026-02-20 13:30:00,1771594200000,545.4,547.0,541.6,546.0,3071.05
2026-02-20 13:45:00,1771595100000,546.0,546.6,543.3,543.9,2193.19
2026-02-20 14:00:00,1771596000000,543.9,544.5,542.6,544.0,848.41
2026-02-20 14:15:00,1771596900000,544.0,544.3,541.8,541.8,1351.97
2026-02-20 14:30:00,1771597800000,541.8,544.8,539.9,542.6,2594.15
2026-02-20 14:45:00,1771598700000,542.6,544.1,541.8,543.8,1151.09
2026-02-20 15:00:00,1771599600000,543.8,549.4,542.5,542.6,3050.71
2026-02-20 15:15:00,1771600500000,542.6,547.1,542.6,546.3,1453.22
2026-02-20 15:30:00,1771601400000,546.3,547.1,542.6,543.5,1086.0
2026-02-20 15:45:00,1771602300000,543.5,559.2,542.1,555.4,9399.67
2026-02-20 16:00:00,1771603200000,555.4,570.3,554.3,566.6,15763.29
2026-02-20 16:15:00,1771604100000,566.6,567.7,557.3,557.5,4583.06
2026-02-20 16:30:00,1771605000000,557.5,558.5,555.2,558.2,1787.04
2026-02-20 16:45:00,1771605900000,558.2,561.3,557.9,560.8,2038.6
2026-02-20 17:00:00,1771606800000,560.8,561.2,556.9,557.1,1133.3
2026-02-20 17:15:00,1771607700000,557.1,559.2,553.9,558.3,1410.01
2026-02-20 17:30:00,1771608600000,558.3,560.5,557.2,559.8,574.81
2026-02-20 17:45:00,1771609500000,559.8,563.2,559.1,562.7,1077.25
2026-02-20 18:00:00,1771610400000,562.7,563.6,561.2,561.9,797.1
2026-02-20 18:15:00,1771611300000,561.9,562.5,560.5,561.1,413.72
2026-02-20 18:30:00,1771612200000,561.1,564.8,559.6,563.6,1886.6
2026-02-20 18:45:00,1771613100000,563.6,565.7,563.2,563.4,865.89
2026-02-20 19:00:00,1771614000000,563.4,565.8,562.0,562.1,636.95
2026-02-20 19:15:00,1771614900000,562.1,563.3,561.3,561.6,312.55
2026-02-20 19:30:00,1771615800000,561.6,562.3,559.5,560.0,325.73
2026-02-20 19:45:00,1771616700000,560.0,560.4,559.3,559.9,226.19
2026-02-20 20:00:00,1771617600000,559.9,561.6,559.6,561.2,183.03
2026-02-20 20:15:00,1771618500000,561.2,561.2,559.1,559.3,198.64
2026-02-20 20:30:00,1771619400000,559.3,561.6,559.3,561.5,155.26
2026-02-20 20:45:00,1771620300000,561.5,561.5,560.3,560.7,91.8
2026-02-20 21:00:00,1771621200000,560.7,561.4,560.2,560.3,129.68
2026-02-20 21:15:00,1771622100000,560.3,560.3,559.2,559.4,207.06
2026-02-20 21:30:00,1771623000000,559.4,559.5,558.6,558.6,244.65
2026-02-20 21:45:00,1771623900000,558.6,559.1,558.2,558.9,361.42
2026-02-20 22:00:00,1771624800000,558.9,559.1,556.9,557.2,630.66
2026-02-20 22:15:00,1771625700000,557.2,559.0,557.0,558.6,195.17
2026-02-20 22:30:00,1771626600000,558.6,559.3,556.1,556.3,473.41
2026-02-20 22:45:00,1771627500000,556.3,560.1,555.4,559.8,444.69
2026-02-20 23:00:00,1771628400000,559.8,561.0,559.7,560.4,372.77
2026-02-20 23:15:00,1771629300000,560.4,562.1,560.1,561.1,385.32
2026-02-20 23:30:00,1771630200000,561.1,562.1,561.1,562.1,239.33
2026-02-20 23:45:00,1771631100000,562.1,562.7,561.8,562.0,187.1
2026-02-21 00:00:00,1771632000000,562.0,562.6,561.0,561.4,873.75
2026-02-21 00:15:00,1771632900000,561.4,561.4,559.9,560.0,233.6
2026-02-21 00:30:00,1771633800000,560.0,561.0,559.7,559.7,436.75
2026-02-21 00:45:00,1771634700000,559.7,560.1,558.6,559.4,633.68
2026-02-21 01:00:00,1771635600000,559.4,559.6,558.2,558.3,180.61
2026-02-21 01:15:00,1771636500000,558.3,559.4,558.3,559.4,72.76
2026-02-21 01:30:00,1771637400000,559.4,562.0,559.3,561.7,567.8
2026-02-21 01:45:00,1771638300000,561.7,563.9,561.5,563.6,342.06
2026-02-21 02:00:00,1771639200000,563.6,567.1,563.2,564.3,1708.82
2026-02-21 02:15:00,1771640100000,564.3,567.5,563.3,566.9,543.22
2026-02-21 02:30:00,1771641000000,566.9,567.6,564.1,565.7,1129.97
2026-02-21 02:45:00,1771641900000,565.7,567.0,565.7,566.0,381.81
2026-02-21 03:00:00,1771642800000,566.0,566.1,564.1,564.2,230.28
2026-02-21 03:15:00,1771643700000,564.2,566.5,564.1,566.5,91.98
2026-02-21 03:30:00,1771644600000,566.5,566.9,565.1,565.4,191.4
2026-02-21 03:45:00,1771645500000,565.4,565.8,564.3,564.9,155.2
2026-02-21 04:00:00,1771646400000,564.9,565.1,564.1,564.2,179.79
2026-02-21 04:15:00,1771647300000,564.2,565.4,564.0,564.4,296.09
2026-02-21 04:30:00,1771648200000,564.4,564.6,564.0,564.4,152.67
2026-02-21 04:45:00,1771649100000,564.4,565.6,564.4,565.5,172.3
2026-02-21 05:00:00,1771650000000,565.5,566.5,565.2,565.4,132.53
2026-02-21 05:15:00,1771650900000,565.4,566.4,565.3,566.3,162.58
2026-02-21 05:30:00,1771651800000,566.3,567.6,566.1,567.5,265.04
2026-02-21 05:45:00,1771652700000,567.5,567.7,565.9,566.8,626.7
2026-02-21 06:00:00,1771653600000,566.8,567.0,564.8,565.4,462.26
2026-02-21 06:15:00,1771654500000,565.4,565.6,564.2,564.3,129.52
2026-02-21 06:30:00,1771655400000,564.3,564.7,563.5,563.8,235.82
2026-02-21 06:45:00,1771656300000,563.8,563.9,562.4,563.0,315.94
2026-02-21 07:00:00,1771657200000,563.0,563.5,562.0,563.2,212.14
2026-02-21 07:15:00,1771658100000,563.2,564.3,563.2,564.2,129.8
2026-02-21 07:30:00,1771659000000,564.2,564.8,563.8,563.9,317.91
2026-02-21 07:45:00,1771659900000,563.9,564.9,563.9,564.8,83.49
2026-02-21 08:00:00,1771660800000,564.8,564.9,562.9,562.9,320.4
2026-02-21 08:15:00,1771661700000,562.9,565.7,562.9,564.8,627.06
2026-02-21 08:30:00,1771662600000,564.8,566.1,564.8,565.6,99.09
2026-02-21 08:45:00,1771663500000,565.6,566.6,564.9,566.2,443.85
2026-02-21 09:00:00,1771664400000,566.2,567.2,566.0,566.4,130.37
2026-02-21 09:15:00,1771665300000,566.4,568.2,566.2,568.0,753.33
2026-02-21 09:30:00,1771666200000,568.0,569.0,567.4,567.7,855.47
2026-02-21 09:45:00,1771667100000,567.7,567.8,566.3,567.3,534.33
2026-02-21 10:00:00,1771668000000,567.3,571.0,567.0,568.7,1075.4
2026-02-21 10:15:00,1771668900000,568.7,570.3,568.7,569.6,244.42
2026-02-21 10:30:00,1771669800000,569.6,570.1,568.9,569.0,139.63
2026-02-21 10:45:00,1771670700000,569.0,569.4,568.6,569.1,354.56
2026-02-21 11:00:00,1771671600000,569.1,570.0,569.1,569.8,373.73
2026-02-21 11:15:00,1771672500000,569.8,570.1,567.7,567.8,225.33
2026-02-21 11:30:00,1771673400000,567.8,568.7,567.3,568.1,209.24
2026-02-21 11:45:00,1771674300000,568.1,568.4,567.0,567.3,79.58
2026-02-21 12:00:00,1771675200000,567.3,568.0,566.3,566.9,195.07
2026-02-21 12:15:00,1771676100000,566.9,568.2,566.6,567.6,342.24
2026-02-21 12:30:00,1771677000000,567.6,570.4,567.3,569.4,1352.89
2026-02-21 12:45:00,1771677900000,569.4,570.1,568.2,569.2,849.79
2026-02-21 13:00:00,1771678800000,569.2,569.8,568.2,568.8,213.21
2026-02-21 13:15:00,1771679700000,568.8,570.0,568.6,569.8,233.48
2026-02-21 13:30:00,1771680600000,569.8,569.9,568.5,569.0,230.26
2026-02-21 13:45:00,1771681500000,569.0,570.0,568.5,569.9,82.38
2026-02-21 14:00:00,1771682400000,569.9,569.9,568.5,568.6,214.76
2026-02-21 14:15:00,1771683300000,568.6,576.0,568.2,573.8,2463.19
2026-02-21 14:30:00,1771684200000,573.8,574.9,571.2,573.3,873.89
2026-02-21 14:45:00,1771685100000,573.3,573.4,571.0,571.3,395.4
2026-02-21 15:00:00,1771686000000,571.3,572.0,570.4,571.4,213.3
2026-02-21 15:15:00,1771686900000,571.4,573.1,570.8,570.9,1231.01
2026-02-21 15:30:00,1771687800000,570.9,574.6,570.5,573.7,672.09
2026-02-21 15:45:00,1771688700000,573.7,574.0,572.6,572.7,1074.89
2026-02-21 16:00:00,1771689600000,572.7,573.1,565.8,567.0,3729.27
2026-02-21 16:15:00,1771690500000,567.0,567.1,563.8,566.2,1193.63
2026-02-21 16:30:00,1771691400000,566.2,566.5,564.7,565.1,1715.74
2026-02-21 16:45:00,1771692300000,565.1,565.4,563.9,564.1,1414.9
2026-02-21 17:00:00,1771693200000,564.1,565.2,563.5,563.8,431.05
2026-02-21 17:15:00,1771694100000,563.8,564.6,563.3,564.3,166.32
2026-02-21 17:30:00,1771695000000,564.3,564.6,563.6,564.3,275.21
2026-02-21 17:45:00,1771695900000,564.3,564.6,563.6,563.8,347.31
2026-02-21 18:00:00,1771696800000,563.8,564.1,562.1,563.0,534.61
2026-02-21 18:15:00,1771697700000,563.0,563.2,562.6,562.7,397.11
2026-02-21 18:30:00,1771698600000,562.7,564.6,562.7,563.8,423.74
2026-02-21 18:45:00,1771699500000,563.8,567.1,563.8,565.1,915.87
2026-02-21 19:00:00,1771700400000,565.1,565.6,564.0,564.9,302.38
2026-02-21 19:15:00,1771701300000,564.9,565.3,564.4,564.6,599.77
2026-02-21 19:30:00,1771702200000,564.6,566.0,564.4,565.0,265.01
2026-02-21 19:45:00,1771703100000,565.0,565.2,563.7,563.8,111.53
2026-02-21 20:00:00,1771704000000,563.8,564.1,563.3,563.7,120.06
2026-02-21 20:15:00,1771704900000,563.7,564.7,563.6,564.3,69.1
2026-02-21 20:30:00,1771705800000,564.3,564.4,562.9,563.4,262.72
2026-02-21 20:45:00,1771706700000,563.4,564.1,562.9,563.4,364.63
2026-02-21 21:00:00,1771707600000,563.4,564.1,562.8,563.9,420.19
2026-02-21 21:15:00,1771708500000,563.9,564.3,563.7,564.3,88.97
2026-02-21 21:30:00,1771709400000,564.3,564.5,563.9,564.1,53.14
2026-02-21 21:45:00,1771710300000,564.1,565.5,564.0,565.2,136.76
2026-02-21 22:00:00,1771711200000,565.2,565.4,563.7,564.1,745.78
2026-02-21 22:15:00,1771712100000,564.1,565.2,563.8,564.6,141.18
2026-02-21 22:30:00,1771713000000,564.6,565.0,564.1,564.6,170.51
2026-02-21 22:45:00,1771713900000,564.6,565.6,563.9,564.3,135.27
2026-02-21 23:00:00,1771714800000,564.3,565.2,564.1,564.2,340.29
2026-02-21 23:15:00,1771715700000,564.2,565.0,563.9,564.2,251.66
2026-02-21 23:30:00,1771716600000,564.2,565.2,564.1,564.2,226.47
2026-02-21 23:45:00,1771717500000,564.2,564.2,563.3,563.8,284.93
2026-02-22 00:00:00,1771718400000,563.8,563.9,563.0,563.4,327.23
2026-02-22 00:15:00,1771719300000,563.4,565.2,563.4,564.2,827.24
2026-02-22 00:30:00,1771720200000,564.2,564.3,562.3,563.4,757.51
2026-02-22 00:45:00,1771721100000,563.4,563.9,562.1,562.8,506.92
2026-02-22 01:00:00,1771722000000,562.8,563.3,562.2,562.4,112.39
2026-02-22 01:15:00,1771722900000,562.4,563.3,562.1,562.8,197.72
2026-02-22 01:30:00,1771723800000,562.8,563.4,562.6,563.1,57.97
2026-02-22 01:45:00,1771724700000,563.1,563.2,561.4,562.2,377.08
2026-02-22 02:00:00,1771725600000,562.2,565.0,561.3,564.2,832.05
2026-02-22 02:15:00,1771726500000,564.2,564.2,561.7,561.8,312.76
2026-02-22 02:30:00,1771727400000,561.8,561.9,559.5,560.7,794.02
2026-02-22 02:45:00,1771728300000,560.7,561.2,560.1,560.2,230.81
2026-02-22 03:00:00,1771729200000,560.2,561.0,560.2,560.2,61.9
2026-02-22 03:15:00,1771730100000,560.2,562.6,558.7,562.5,1218.47
2026-02-22 03:30:00,1771731000000,562.5,563.8,562.0,563.6,508.99
2026-02-22 03:45:00,1771731900000,563.6,570.3,563.4,569.2,3381.23
2026-02-22 04:00:00,1771732800000,569.2,569.3,567.8,569.2,2642.54
2026-02-22 04:15:00,1771733700000,569.2,569.5,566.3,567.1,1368.31
2026-02-22 04:30:00,1771734600000,567.1,567.5,566.6,566.8,167.53
2026-02-22 04:45:00,1771735500000,566.8,568.1,566.7,567.7,204.68
2026-02-22 05:00:00,1771736400000,567.7,568.0,566.3,567.1,459.07
2026-02-22 05:15:00,1771737300000,567.1,567.7,565.7,567.1,439.39
2026-02-22 05:30:00,1771738200000,567.1,567.7,566.5,567.0,687.19
2026-02-22 05:45:00,1771739100000,567.0,567.5,566.2,567.5,527.34
2026-02-22 06:00:00,1771740000000,567.5,568.4,566.9,567.3,185.39
2026-02-22 06:15:00,1771740900000,567.3,574.0,567.1,571.9,2788.75
2026-02-22 06:30:00,1771741800000,571.9,574.9,571.4,573.1,2262.27
2026-02-22 06:45:00,1771742700000,573.1,582.0,572.0,577.3,6597.69
2026-02-22 07:00:00,1771743600000,577.3,581.7,573.3,579.2,5811.91
2026-02-22 07:15:00,1771744500000,579.2,582.7,577.9,580.6,2607.78
2026-02-22 07:30:00,1771745400000,580.6,586.4,578.1,579.9,6700.34
2026-02-22 07:45:00,1771746300000,579.9,583.5,575.1,580.3,5319.75
2026-02-22 08:00:00,1771747200000,580.3,580.7,572.0,574.1,4436.41
2026-02-22 08:15:00,1771748100000,574.1,574.5,569.7,572.1,3499.6
2026-02-22 08:30:00,1771749000000,572.1,573.9,571.9,573.4,1807.01
2026-02-22 08:45:00,1771749900000,573.4,575.7,572.8,575.2,1870.76
2026-02-22 09:00:00,1771750800000,575.2,575.3,571.8,571.8,783.91
2026-02-22 09:15:00,1771751700000,571.8,573.2,571.4,572.8,1059.69
2026-02-22 09:30:00,1771752600000,572.8,573.4,571.6,571.7,888.37
2026-02-22 09:45:00,1771753500000,571.7,573.6,571.7,571.9,1295.07
2026-02-22 10:00:00,1771754400000,571.9,572.3,570.5,571.8,1786.7
2026-02-22 10:15:00,1771755300000,571.8,574.1,571.4,571.7,836.22
2026-02-22 10:30:00,1771756200000,571.7,572.2,571.1,571.2,765.43
2026-02-22 10:45:00,1771757100000,571.2,571.3,567.0,568.1,3523.87
2026-02-22 11:00:00,1771758000000,568.1,569.8,567.1,568.9,1266.9
2026-02-22 11:15:00,1771758900000,568.9,576.9,568.8,573.6,4416.86
2026-02-22 11:30:00,1771759800000,573.6,576.1,573.6,576.1,809.98
2026-02-22 11:45:00,1771760700000,576.1,576.5,575.1,575.2,1550.97
2026-02-22 12:00:00,1771761600000,575.2,575.3,571.3,571.4,810.3
2026-02-22 12:15:00,1771762500000,571.4,572.2,570.3,571.0,492.47
2026-02-22 12:30:00,1771763400000,571.0,571.1,568.9,570.1,599.36
2026-02-22 12:45:00,1771764300000,570.1,570.7,569.8,570.7,471.29
2026-02-22 13:00:00,1771765200000,570.7,571.3,568.8,569.5,755.2
2026-02-22 13:15:00,1771766100000,569.5,574.7,568.9,572.1,1117.56
2026-02-22 13:30:00,1771767000000,572.1,573.8,571.0,572.5,1435.71
2026-02-22 13:45:00,1771767900000,572.5,574.4,572.0,572.5,1192.94
2026-02-22 14:00:00,1771768800000,572.5,572.6,569.9,571.6,768.47
2026-02-22 14:15:00,1771769700000,571.6,571.7,568.8,569.6,421.82
2026-02-22 14:30:00,1771770600000,569.6,569.8,568.2,568.8,1385.78
2026-02-22 14:45:00,1771771500000,568.8,569.1,568.0,568.9,402.15
2026-02-22 15:00:00,1771772400000,568.9,569.4,567.7,569.3,517.7
2026-02-22 15:15:00,1771773300000,569.3,570.2,568.0,570.1,488.0
2026-02-22 15:30:00,1771774200000,570.1,571.0,568.7,568.8,1147.47
2026-02-22 15:45:00,1771775100000,568.8,569.4,568.2,568.9,985.68
2026-02-22 16:00:00,1771776000000,568.9,575.9,568.7,572.4,4111.15
2026-02-22 16:15:00,1771776900000,572.4,573.6,571.5,571.6,607.2
2026-02-22 16:30:00,1771777800000,571.6,572.6,571.6,572.0,389.65
2026-02-22 16:45:00,1771778700000,572.0,573.8,571.8,572.7,400.96
2026-02-22 17:00:00,1771779600000,572.7,574.7,572.6,572.8,566.57
2026-02-22 17:15:00,1771780500000,572.8,574.6,572.7,574.2,385.58
2026-02-22 17:30:00,1771781400000,574.2,574.2,571.3,572.1,825.54
2026-02-22 17:45:00,1771782300000,572.1,572.4,569.8,570.8,640.58
2026-02-22 18:00:00,1771783200000,570.8,570.9,569.9,570.1,207.08
2026-02-22 18:15:00,1771784100000,570.1,570.3,569.3,569.6,189.2
2026-02-22 18:30:00,1771785000000,569.6,569.9,568.7,568.9,201.75
2026-02-22 18:45:00,1771785900000,568.9,570.1,568.8,569.6,175.44
2026-02-22 19:00:00,1771786800000,569.6,570.4,568.3,568.4,395.07
2026-02-22 19:15:00,1771787700000,568.4,568.4,565.2,566.4,1214.3
2026-02-22 19:30:00,1771788600000,566.4,566.5,565.6,565.8,429.12
2026-02-22 19:45:00,1771789500000,565.8,566.9,565.7,566.7,600.14
2026-02-22 20:00:00,1771790400000,566.7,569.3,566.2,569.3,291.94
2026-02-22 20:15:00,1771791300000,569.3,570.0,568.6,569.5,596.79
2026-02-22 20:30:00,1771792200000,569.5,569.9,568.9,569.3,206.67
2026-02-22 20:45:00,1771793100000,569.3,569.5,568.6,569.3,297.01
2026-02-22 21:00:00,1771794000000,569.3,569.7,569.1,569.5,216.69
2026-02-22 21:15:00,1771794900000,569.5,570.3,569.0,569.5,265.42
2026-02-22 21:30:00,1771795800000,569.5,570.6,569.5,570.5,283.15
2026-02-22 21:45:00,1771796700000,570.5,570.5,569.2,569.8,137.97
2026-02-22 22:00:00,1771797600000,569.8,570.9,569.2,570.2,437.33
2026-02-22 22:15:00,1771798500000,570.2,572.1,570.2,571.0,225.37
2026-02-22 22:30:00,1771799400000,571.0,574.0,569.8,572.1,397.38
2026-02-22 22:45:00,1771800300000,572.1,572.9,571.7,572.4,197.55
2026-02-22 23:00:00,1771801200000,572.4,572.4,570.8,570.8,322.62
2026-02-22 23:15:00,1771802100000,570.8,571.0,569.7,570.1,214.36
2026-02-22 23:30:00,1771803000000,570.1,570.1,569.4,569.7,86.5
2026-02-22 23:45:00,1771803900000,569.7,570.5,569.7,570.1,192.16
2026-02-23 00:00:00,1771804800000,570.1,570.4,568.9,569.2,223.63
2026-02-23 00:15:00,1771805700000,569.2,569.2,567.5,567.6,809.29
2026-02-23 00:30:00,1771806600000,567.6,567.6,565.4,565.5,1643.31
2026-02-23 00:45:00,1771807500000,565.5,565.7,562.1,563.1,2074.12
2026-02-23 01:00:00,1771808400000,563.1,563.8,554.7,557.0,6265.25
2026-02-23 01:15:00,1771809300000,557.0,557.0,538.3,540.6,15052.42
2026-02-23 01:30:00,1771810200000,540.6,543.4,538.4,541.7,4694.24
2026-02-23 01:45:00,1771811100000,541.7,546.4,538.1,540.7,8558.01
2026-02-23 02:00:00,1771812000000,540.7,544.1,540.0,542.9,2387.73
2026-02-23 02:15:00,1771812900000,542.9,543.1,540.5,542.0,1102.48
2026-02-23 02:30:00,1771813800000,542.0,544.1,542.0,542.7,1016.58
2026-02-23 02:45:00,1771814700000,542.7,543.4,542.0,542.7,774.61
2026-02-23 03:00:00,1771815600000,542.7,543.3,541.9,542.8,1064.65
2026-02-23 03:15:00,1771816500000,542.8,542.8,538.6,539.4,769.53
2026-02-23 03:30:00,1771817400000,539.4,541.9,539.3,541.9,523.5
2026-02-23 03:45:00,1771818300000,541.9,541.9,539.7,539.7,335.57
2026-02-23 04:00:00,1771819200000,539.7,540.6,538.6,540.3,1709.73
2026-02-23 04:15:00,1771820100000,540.3,540.6,538.6,539.4,535.8
2026-02-23 04:30:00,1771821000000,539.4,539.8,537.7,538.6,984.54
2026-02-23 04:45:00,1771821900000,538.6,539.3,538.5,538.8,639.91
2026-02-23 05:00:00,1771822800000,538.8,540.3,538.2,539.9,658.26
2026-02-23 05:15:00,1771823700000,539.9,541.7,539.5,540.2,708.38
2026-02-23 05:30:00,1771824600000,540.2,541.2,540.1,540.2,402.74
2026-02-23 05:45:00,1771825500000,540.2,540.3,539.0,539.4,369.67
2026-02-23 06:00:00,1771826400000,539.4,542.7,538.9,542.7,718.58
2026-02-23 06:15:00,1771827300000,542.7,544.0,538.6,539.4,1291.62
2026-02-23 06:30:00,1771828200000,539.4,540.9,539.3,539.6,1091.36
2026-02-23 06:45:00,1771829100000,539.6,542.0,539.1,541.2,578.43
2026-02-23 07:00:00,1771830000000,541.2,542.3,540.9,541.3,1066.67
2026-02-23 07:15:00,1771830900000,541.3,542.0,540.8,541.0,656.06
2026-02-23 07:30:00,1771831800000,541.0,543.3,540.3,542.9,547.8
2026-02-23 07:45:00,1771832700000,542.9,543.3,541.9,542.3,271.52
2026-02-23 08:00:00,1771833600000,542.3,542.6,541.1,541.7,557.75
2026-02-23 08:15:00,1771834500000,541.7,542.0,538.9,539.8,742.43
2026-02-23 08:30:00,1771835400000,539.8,541.0,539.2,539.4,803.37
2026-02-23 08:45:00,1771836300000,539.4,539.7,538.7,539.3,649.4
2026-02-23 09:00:00,1771837200000,539.3,540.4,539.1,539.8,888.43
2026-02-23 09:15:00,1771838100000,539.8,539.9,537.3,539.2,1011.94
2026-02-23 09:30:00,1771839000000,539.2,544.9,539.2,543.8,2986.86
2026-02-23 09:45:00,1771839900000,543.8,545.1,543.2,544.8,906.01
2026-02-23 10:00:00,1771840800000,544.8,545.8,542.2,542.5,889.63
2026-02-23 10:15:00,1771841700000,542.5,543.6,540.7,540.9,797.34
2026-02-23 10:30:00,1771842600000,540.9,542.4,540.0,540.7,1255.92
2026-02-23 10:45:00,1771843500000,540.7,542.4,539.4,541.0,2170.53
2026-02-23 11:00:00,1771844400000,541.0,542.4,540.6,541.4,665.57
2026-02-23 11:15:00,1771845300000,541.4,542.2,541.0,542.0,574.87
2026-02-23 11:30:00,1771846200000,542.0,542.0,540.3,540.6,492.07
2026-02-23 11:45:00,1771847100000,540.6,540.9,539.5,539.7,365.19
2026-02-23 12:00:00,1771848000000,539.7,540.4,538.7,539.8,909.15
2026-02-23 12:15:00,1771848900000,539.8,540.1,538.2,538.6,489.14
2026-02-23 12:30:00,1771849800000,538.6,540.1,533.6,539.0,3567.76
2026-02-23 12:45:00,1771850700000,539.0,539.2,537.3,538.5,814.77
2026-02-23 13:00:00,1771851600000,538.5,539.6,537.7,537.9,511.74
2026-02-23 13:15:00,1771852500000,537.9,538.4,537.1,537.3,456.88
2026-02-23 13:30:00,1771853400000,537.3,538.4,535.5,537.7,1135.7
2026-02-23 13:45:00,1771854300000,537.7,537.7,534.9,535.2,931.28
2026-02-23 14:00:00,1771855200000,535.2,535.2,530.8,532.4,3357.48
2026-02-23 14:15:00,1771856100000,532.4,532.4,530.2,531.3,972.96
2026-02-23 14:30:00,1771857000000,531.3,534.3,529.4,532.7,1955.62
2026-02-23 14:45:00,1771857900000,532.7,536.3,532.5,533.9,1105.09
2026-02-23 15:00:00,1771858800000,533.9,535.8,532.1,535.8,1256.88
2026-02-23 15:15:00,1771859700000,535.8,538.2,534.8,536.0,1230.57
2026-02-23 15:30:00,1771860600000,536.0,536.9,534.9,536.5,497.66
2026-02-23 15:45:00,1771861500000,536.5,537.3,534.2,534.9,463.06
2026-02-23 16:00:00,1771862400000,534.9,534.9,529.0,529.7,1925.37
2026-02-23 16:15:00,1771863300000,529.7,534.2,529.7,533.8,1257.55
2026-02-23 16:30:00,1771864200000,533.8,535.1,531.1,531.7,1292.13
2026-02-23 16:45:00,1771865100000,531.7,532.0,529.9,530.6,628.52
2026-02-23 17:00:00,1771866000000,530.6,531.9,529.0,529.3,1011.41
2026-02-23 17:15:00,1771866900000,529.3,530.4,526.5,527.1,2611.19
2026-02-23 17:30:00,1771867800000,527.1,529.3,526.4,527.9,2156.57
2026-02-23 17:45:00,1771868700000,527.9,528.6,525.3,528.3,1434.85
2026-02-23 18:00:00,1771869600000,528.3,528.3,526.0,526.4,1138.54
2026-02-23 18:15:00,1771870500000,526.4,527.7,525.4,526.7,721.56
2026-02-23 18:30:00,1771871400000,526.7,529.9,526.2,528.1,681.4
2026-02-23 18:45:00,1771872300000,528.1,528.1,525.5,525.9,412.74
2026-02-23 19:00:00,1771873200000,525.9,527.9,525.7,527.0,227.77
2026-02-23 19:15:00,1771874100000,527.0,527.8,525.6,526.2,313.91
2026-02-23 19:30:00,1771875000000,526.2,527.6,525.8,527.1,715.92
2026-02-23 19:45:00,1771875900000,527.1,527.8,509.0,509.9,21317.05
2026-02-23 20:00:00,1771876800000,509.9,510.3,498.4,500.6,11270.52
2026-02-23 20:15:00,1771877700000,500.6,502.1,489.1,491.3,16375.3
2026-02-23 20:30:00,1771878600000,491.3,492.1,487.5,490.0,4153.41
2026-02-23 20:45:00,1771879500000,490.0,494.9,486.8,494.7,5351.58
2026-02-23 21:00:00,1771880400000,494.7,500.1,494.3,499.4,3168.91
2026-02-23 21:15:00,1771881300000,499.4,500.9,498.2,499.3,1952.74
2026-02-23 21:30:00,1771882200000,499.3,501.0,499.2,500.0,1356.39
2026-02-23 21:45:00,1771883100000,500.0,501.2,499.7,500.0,1023.61
2026-02-23 22:00:00,1771884000000,500.0,502.5,499.7,501.8,1831.1
2026-02-23 22:15:00,1771884900000,501.8,504.0,501.2,502.3,1249.97
2026-02-23 22:30:00,1771885800000,502.3,502.3,499.0,500.5,3603.3
2026-02-23 22:45:00,1771886700000,500.5,502.1,499.5,500.1,1040.69
2026-02-23 23:00:00,1771887600000,500.1,504.8,499.8,502.3,806.65
2026-02-23 23:15:00,1771888500000,502.3,502.3,499.5,499.8,768.78
2026-02-23 23:30:00,1771889400000,499.8,500.7,495.0,495.6,2177.55
2026-02-23 23:45:00,1771890300000,495.6,496.0,492.6,495.2,1262.4
2026-02-24 00:00:00,1771891200000,495.2,497.2,494.5,496.4,2536.28
2026-02-24 00:15:00,1771892100000,496.4,496.6,490.7,493.6,2467.04
2026-02-24 00:30:00,1771893000000,493.6,495.6,492.2,495.3,1477.44
2026-02-24 00:45:00,1771893900000,495.3,498.8,494.7,497.3,1321.86
2026-02-24 01:00:00,1771894800000,497.3,497.4,492.9,493.1,1360.59
2026-02-24 01:15:00,1771895700000,493.1,496.0,487.9,495.3,4573.28
2026-02-24 01:30:00,1771896600000,495.3,497.9,492.1,494.9,1029.32
2026-02-24 01:45:00,1771897500000,494.9,495.7,488.6,488.7,2568.08
2026-02-24 02:00:00,1771898400000,488.7,489.5,486.6,486.7,1684.32
2026-02-24 02:15:00,1771899300000,486.7,488.1,484.7,486.7,1976.21
2026-02-24 02:30:00,1771900200000,486.7,488.6,483.8,484.3,1919.25
2026-02-24 02:45:00,1771901100000,484.3,485.8,482.9,485.6,2158.4
2026-02-24 03:00:00,1771902000000,485.6,485.9,483.0,484.0,2231.09
2026-02-24 03:15:00,1771902900000,484.0,486.8,483.3,485.6,1591.18
2026-02-24 03:30:00,1771903800000,485.6,486.6,484.6,485.6,1044.11
2026-02-24 03:45:00,1771904700000,485.6,486.2,483.7,484.3,630.42
2026-02-24 04:00:00,1771905600000,484.3,485.4,482.4,482.6,1844.01
2026-02-24 04:15:00,1771906500000,482.6,486.4,482.5,485.6,1204.11
2026-02-24 04:30:00,1771907400000,485.6,486.2,483.6,486.1,1139.54
2026-02-24 04:45:00,1771908300000,486.1,487.7,485.7,487.7,342.92
2026-02-24 05:00:00,1771909200000,487.7,492.2,487.5,491.1,1222.44
2026-02-24 05:15:00,1771910100000,491.1,491.1,486.6,486.9,1045.31
2026-02-24 05:30:00,1771911000000,486.9,487.9,483.8,484.4,918.36
2026-02-24 05:45:00,1771911900000,484.4,485.4,483.7,483.8,388.37
2026-02-24 06:00:00,1771912800000,483.8,484.4,482.3,483.5,763.8
2026-02-24 06:15:00,1771913700000,483.5,484.6,483.1,483.7,223.15
2026-02-24 06:30:00,1771914600000,483.7,484.8,482.5,483.0,286.55
2026-02-24 06:45:00,1771915500000,483.0,483.9,481.2,482.2,968.65
2026-02-24 07:00:00,1771916400000,482.2,486.0,481.6,484.0,1147.94
2026-02-24 07:15:00,1771917300000,484.0,484.1,483.1,483.2,266.57
2026-02-24 07:30:00,1771918200000,483.2,483.8,481.5,482.1,391.21
2026-02-24 07:45:00,1771919100000,482.1,482.2,480.7,481.0,565.13
2026-02-24 08:00:00,1771920000000,481.0,482.9,478.9,482.9,1018.83
2026-02-24 08:15:00,1771920900000,482.9,484.7,482.6,484.2,638.96
2026-02-24 08:30:00,1771921800000,484.2,486.0,483.6,484.9,534.28
2026-02-24 08:45:00,1771922700000,484.9,485.2,483.9,484.4,282.18
2026-02-24 09:00:00,1771923600000,484.4,485.3,482.6,484.0,518.19
2026-02-24 09:15:00,1771924500000,484.0,484.0,482.5,482.9,297.89
2026-02-24 09:30:00,1771925400000,482.9,483.8,481.5,483.5,937.28
2026-02-24 09:45:00,1771926300000,483.5,484.7,482.0,484.7,836.42
2026-02-24 10:00:00,1771927200000,484.7,485.0,481.1,481.3,1168.88
2026-02-24 10:15:00,1771928100000,481.3,482.2,480.3,480.7,993.93
2026-02-24 10:30:00,1771929000000,480.7,481.2,479.7,480.3,1362.45
2026-02-24 10:45:00,1771929900000,480.3,481.1,476.7,477.9,1698.48
2026-02-24 11:00:00,1771930800000,477.9,479.3,475.9,478.3,1877.33
2026-02-24 11:15:00,1771931700000,478.3,479.1,477.3,478.1,408.81
2026-02-24 11:30:00,1771932600000,478.1,479.4,476.9,478.2,1000.92
2026-02-24 11:45:00,1771933500000,478.2,479.4,478.2,478.8,705.22
2026-02-24 12:00:00,1771934400000,478.8,479.4,477.5,479.1,399.76
2026-02-24 12:15:00,1771935300000,479.1,479.1,475.7,477.1,566.55
2026-02-24 12:30:00,1771936200000,477.1,477.2,473.4,474.8,2495.57
2026-02-24 12:45:00,1771937100000,474.8,476.0,473.4,475.8,1132.57
2026-02-24 13:00:00,1771938000000,475.8,476.0,474.2,476.0,1295.6
2026-02-24 13:15:00,1771938900000,476.0,476.4,475.2,475.8,1640.85
2026-02-24 13:30:00,1771939800000,475.8,480.7,474.1,479.9,3182.02
2026-02-24 13:45:00,1771940700000,479.9,480.9,479.4,479.7,832.18
2026-02-24 14:00:00,1771941600000,479.7,480.1,478.2,478.6,775.63
2026-02-24 14:15:00,1771942500000,478.6,478.7,476.5,476.7,1006.55
2026-02-24 14:30:00,1771943400000,476.7,479.7,474.9,477.8,3190.63
2026-02-24 14:45:00,1771944300000,477.8,481.5,477.5,479.2,2150.58
2026-02-24 15:00:00,1771945200000,479.2,479.9,472.4,475.6,4397.59
2026-02-24 15:15:00,1771946100000,475.6,478.8,475.5,477.0,2357.59
2026-02-24 15:30:00,1771947000000,477.0,477.4,473.8,474.5,1563.26
2026-02-24 15:45:00,1771947900000,474.5,475.7,473.8,475.3,673.02
2026-02-24 16:00:00,1771948800000,475.3,480.0,475.3,477.6,2750.59
2026-02-24 16:15:00,1771949700000,477.6,478.3,475.3,475.7,1230.84
2026-02-24 16:30:00,1771950600000,475.7,475.8,471.9,473.2,1674.47
2026-02-24 16:45:00,1771951500000,473.2,474.6,470.4,474.1,1518.1
2026-02-24 17:00:00,1771952400000,474.1,475.3,472.5,474.0,1425.19
2026-02-24 17:15:00,1771953300000,474.0,474.7,472.2,472.4,1360.35
2026-02-24 17:30:00,1771954200000,472.4,475.3,472.0,474.4,748.31
2026-02-24 17:45:00,1771955100000,474.4,476.9,474.2,476.1,1468.64
2026-02-24 18:00:00,1771956000000,476.1,476.5,473.7,474.0,621.64
2026-02-24 18:15:00,1771956900000,474.0,480.1,473.9,479.7,1553.7
2026-02-24 18:30:00,1771957800000,479.7,494.2,478.0,487.5,18620.29
2026-02-24 18:45:00,1771958700000,487.5,488.0,483.0,483.8,2885.65
2026-02-24 19:00:00,1771959600000,483.8,486.9,482.4,484.2,4345.0
2026-02-24 19:15:00,1771960500000,484.2,485.0,483.4,485.0,527.7
2026-02-24 19:30:00,1771961400000,485.0,485.7,484.4,485.1,867.91
2026-02-24 19:45:00,1771962300000,485.1,485.1,482.1,482.6,912.47
2026-02-24 20:00:00,1771963200000,482.6,483.6,481.2,482.3,587.9
2026-02-24 20:15:00,1771964100000,482.3,483.3,481.8,482.0,548.17
2026-02-24 20:30:00,1771965000000,482.0,483.7,481.9,482.5,514.0
2026-02-24 20:45:00,1771965900000,482.5,482.9,481.3,482.4,806.89
2026-02-24 21:00:00,1771966800000,482.4,482.7,479.9,482.4,629.32
2026-02-24 21:15:00,1771967700000,482.4,482.4,480.7,481.8,344.12
2026-02-24 21:30:00,1771968600000,481.8,483.8,481.0,483.6,607.43
2026-02-24 21:45:00,1771969500000,483.6,485.4,483.4,484.6,1024.66
2026-02-24 22:00:00,1771970400000,484.6,485.6,483.7,484.7,1164.91
2026-02-24 22:15:00,1771971300000,484.7,484.7,481.6,482.7,1316.83
2026-02-24 22:30:00,1771972200000,482.7,483.4,481.0,483.3,1040.6
2026-02-24 22:45:00,1771973100000,483.3,484.8,483.1,483.9,253.97
2026-02-24 23:00:00,1771974000000,483.9,484.1,482.4,484.1,564.54
2026-02-24 23:15:00,1771974900000,484.1,484.9,482.2,484.6,626.54
2026-02-24 23:30:00,1771975800000,484.6,486.1,484.6,484.8,1022.38
2026-02-24 23:45:00,1771976700000,484.8,484.8,483.8,484.2,364.28
2026-02-25 00:00:00,1771977600000,484.2,485.3,483.4,483.4,356.67
2026-02-25 00:15:00,1771978500000,483.4,487.7,483.4,487.5,1595.26
2026-02-25 00:30:00,1771979400000,487.5,491.6,487.3,490.4,2747.12
2026-02-25 00:45:00,1771980300000,490.4,492.5,490.3,490.8,1953.59
2026-02-25 01:00:00,1771981200000,490.8,504.9,488.8,504.0,10200.91
2026-02-25 01:15:00,1771982100000,504.0,506.0,501.8,502.1,6550.84
2026-02-25 01:30:00,1771983000000,502.1,503.8,500.0,500.5,4928.1
2026-02-25 01:45:00,1771983900000,500.5,501.4,499.0,499.0,1401.37
2026-02-25 02:00:00,1771984800000,499.0,500.7,497.6,498.5,1505.35
2026-02-25 02:15:00,1771985700000,498.5,499.4,497.5,499.1,272.25
2026-02-25 02:30:00,1771986600000,499.1,500.6,498.1,499.6,748.48
2026-02-25 02:45:00,1771987500000,499.6,501.0,498.6,499.7,2121.57
2026-02-25 03:00:00,1771988400000,499.7,499.8,497.5,498.1,556.52
2026-02-25 03:15:00,1771989300000,498.1,499.2,495.7,498.6,1617.4
2026-02-25 03:30:00,1771990200000,498.6,499.9,497.4,498.0,755.18
2026-02-25 03:45:00,1771991100000,498.0,499.1,497.7,499.0,387.18
2026-02-25 04:00:00,1771992000000,499.0,499.6,497.2,498.8,985.11
2026-02-25 04:15:00,1771992900000,498.8,500.2,498.5,499.7,582.76
2026-02-25 04:30:00,1771993800000,499.7,500.7,499.7,500.5,841.84
2026-02-25 04:45:00,1771994700000,500.5,500.8,499.3,499.6,352.62
2026-02-25 05:00:00,1771995600000,499.6,500.2,498.4,498.9,320.02
2026-02-25 05:15:00,1771996500000,498.9,499.3,497.0,497.3,363.37
2026-02-25 05:30:00,1771997400000,497.3,497.7,493.8,494.9,2230.75
2026-02-25 05:45:00,1771998300000,494.9,495.7,493.9,495.2,1066.79
2026-02-25 06:00:00,1771999200000,495.2,495.4,493.0,493.2,266.07
2026-02-25 06:15:00,1772000100000,493.2,494.4,491.6,493.7,1042.58
2026-02-25 06:30:00,1772001000000,493.7,494.4,493.1,493.9,611.12
2026-02-25 06:45:00,1772001900000,493.9,493.9,489.0,490.0,2571.6
2026-02-25 07:00:00,1772002800000,490.0,490.3,486.8,489.6,1987.23
2026-02-25 07:15:00,1772003700000,489.6,492.6,489.5,490.4,1160.15
2026-02-25 07:30:00,1772004600000,490.4,491.4,489.6,489.9,515.86
2026-02-25 07:45:00,1772005500000,489.9,491.0,489.8,490.5,652.21
2026-02-25 08:00:00,1772006400000,490.5,492.7,490.1,490.7,962.83
2026-02-25 08:15:00,1772007300000,490.7,491.5,489.9,490.6,616.51
2026-02-25 08:30:00,1772008200000,490.6,491.8,490.5,491.4,373.88
2026-02-25 08:45:00,1772009100000,491.4,491.6,490.3,491.0,681.86
2026-02-25 09:00:00,1772010000000,491.0,492.9,490.7,492.2,868.44
2026-02-25 09:15:00,1772010900000,492.2,494.3,492.1,493.7,723.54
2026-02-25 09:30:00,1772011800000,493.7,493.7,491.9,492.1,592.91
2026-02-25 09:45:00,1772012700000,492.1,492.2,490.6,492.1,464.89
2026-02-25 10:00:00,1772013600000,492.1,493.1,491.7,492.6,747.66
2026-02-25 10:15:00,1772014500000,492.6,493.3,491.2,491.5,343.81
2026-02-25 10:30:00,1772015400000,491.5,491.9,490.8,490.9,175.5
2026-02-25 10:45:00,1772016300000,490.9,492.2,490.9,491.8,402.23
2026-02-25 11:00:00,1772017200000,491.8,492.6,489.3,489.5,794.91
2026-02-25 11:15:00,1772018100000,489.5,489.5,486.3,487.2,2109.32
2026-02-25 11:30:00,1772019000000,487.2,487.7,486.2,486.8,760.68
2026-02-25 11:45:00,1772019900000,486.8,487.1,485.5,486.9,650.66
2026-02-25 12:00:00,1772020800000,486.9,489.7,486.6,489.6,786.13
2026-02-25 12:15:00,1772021700000,489.6,492.9,489.0,492.8,1762.3
2026-02-25 12:30:00,1772022600000,492.8,493.2,489.9,490.0,1015.76
2026-02-25 12:45:00,1772023500000,490.0,491.3,488.7,491.2,1397.41
2026-02-25 13:00:00,1772024400000,491.2,501.0,490.1,499.2,5874.09
2026-02-25 13:15:00,1772025300000,499.2,505.8,496.0,501.5,7925.49
2026-02-25 13:30:00,1772026200000,501.5,514.0,500.5,513.0,6560.92
2026-02-25 13:45:00,1772027100000,513.0,514.9,504.5,507.4,8603.92
2026-02-25 14:00:00,1772028000000,507.4,508.7,506.7,508.3,2022.77
2026-02-25 14:15:00,1772028900000,508.3,511.8,507.9,510.5,2459.48
2026-02-25 14:30:00,1772029800000,510.5,511.6,509.3,510.7,1304.74
2026-02-25 14:45:00,1772030700000,510.7,520.1,510.7,516.1,4187.94
2026-02-25 15:00:00,1772031600000,516.1,518.7,514.5,516.4,2242.15
2026-02-25 15:15:00,1772032500000,516.4,518.3,515.9,516.3,907.39
2026-02-25 15:30:00,1772033400000,516.3,519.2,515.0,518.3,1918.83
2026-02-25 15:45:00,1772034300000,518.3,519.3,516.5,517.1,2227.54
2026-02-25 16:00:00,1772035200000,517.1,517.7,513.0,513.1,1591.38
2026-02-25 16:15:00,1772036100000,513.1,515.0,511.7,513.2,1569.6
2026-02-25 16:30:00,1772037000000,513.2,513.6,510.4,512.3,1077.84
2026-02-25 16:45:00,1772037900000,512.3,514.3,511.7,513.4,929.63
2026-02-25 17:00:00,1772038800000,513.4,514.9,512.8,514.0,1155.65
2026-02-25 17:15:00,1772039700000,514.0,515.4,513.6,514.2,627.39
2026-02-25 17:30:00,1772040600000,514.2,515.5,511.7,513.4,1040.61
2026-02-25 17:45:00,1772041500000,513.4,515.3,512.9,514.1,550.95
2026-02-25 18:00:00,1772042400000,514.1,514.1,511.4,512.8,792.27
2026-02-25 18:15:00,1772043300000,512.8,516.3,512.7,515.6,666.22
2026-02-25 18:30:00,1772044200000,515.6,519.5,515.3,519.4,635.2
2026-02-25 18:45:00,1772045100000,519.4,519.4,516.4,517.4,873.86
2026-02-25 19:00:00,1772046000000,517.4,517.4,512.3,513.1,1111.37
2026-02-25 19:15:00,1772046900000,513.1,514.0,512.0,513.1,668.59
2026-02-25 19:30:00,1772047800000,513.1,515.5,511.2,515.3,770.8
2026-02-25 19:45:00,1772048700000,515.3,516.0,514.7,515.4,544.92
2026-02-25 20:00:00,1772049600000,515.4,515.5,512.5,512.9,664.79
2026-02-25 20:15:00,1772050500000,512.9,513.3,511.7,512.9,1792.27
2026-02-25 20:30:00,1772051400000,512.9,516.0,512.8,514.3,858.78
2026-02-25 20:45:00,1772052300000,514.3,515.0,512.5,512.7,863.1
2026-02-25 21:00:00,1772053200000,512.7,512.9,510.7,510.9,653.06
2026-02-25 21:15:00,1772054100000,510.9,511.5,508.4,509.1,1808.9
2026-02-25 21:30:00,1772055000000,509.1,517.6,508.8,512.9,3877.55
2026-02-25 21:45:00,1772055900000,512.9,513.5,510.6,511.5,1494.85
2026-02-25 22:00:00,1772056800000,511.5,512.5,510.7,510.9,833.66
2026-02-25 22:15:00,1772057700000,510.9,511.2,509.4,509.9,428.6
2026-02-25 22:30:00,1772058600000,509.9,510.2,503.1,504.3,3377.1
2026-02-25 22:45:00,1772059500000,504.3,507.5,498.2,502.2,4193.82
2026-02-25 23:00:00,1772060400000,502.2,502.9,500.2,500.3,948.24
2026-02-25 23:15:00,1772061300000,500.3,500.3,496.2,497.0,2300.69
2026-02-25 23:30:00,1772062200000,497.0,497.5,490.5,491.0,2765.8
2026-02-25 23:45:00,1772063100000,491.0,493.0,490.3,492.4,1276.42
2026-02-26 00:00:00,1772064000000,492.4,495.9,491.4,495.2,1194.26
2026-02-26 00:15:00,1772064900000,495.2,495.2,493.0,493.0,1641.97
2026-02-26 00:30:00,1772065800000,493.0,496.0,490.8,493.1,1949.41
2026-02-26 00:45:00,1772066700000,493.1,493.6,490.3,492.4,2753.1
2026-02-26 01:00:00,1772067600000,492.4,496.0,491.8,494.8,1101.38
2026-02-26 01:15:00,1772068500000,494.8,496.4,494.1,495.8,897.09
2026-02-26 01:30:00,1772069400000,495.8,497.0,494.8,496.0,330.78
2026-02-26 01:45:00,1772070300000,496.0,496.1,493.5,494.1,330.84
2026-02-26 02:00:00,1772071200000,494.1,494.7,490.8,492.7,719.89
2026-02-26 02:15:00,1772072100000,492.7,495.1,492.4,493.9,408.63
2026-02-26 02:30:00,1772073000000,493.9,497.5,493.4,497.3,793.46
2026-02-26 02:45:00,1772073900000,497.3,502.0,497.3,501.6,1962.86
2026-02-26 03:00:00,1772074800000,501.6,501.6,495.8,497.1,1126.44
2026-02-26 03:15:00,1772075700000,497.1,498.5,496.7,498.5,432.61
2026-02-26 03:30:00,1772076600000,498.5,501.2,498.0,501.1,485.94
2026-02-26 03:45:00,1772077500000,501.1,502.0,499.3,499.6,1314.5
2026-02-26 04:00:00,1772078400000,499.6,502.2,499.1,501.3,478.48
2026-02-26 04:15:00,1772079300000,501.3,501.7,498.5,499.5,518.22
2026-02-26 04:30:00,1772080200000,499.5,502.4,499.0,501.5,700.1
2026-02-26 04:45:00,1772081100000,501.5,502.9,501.5,502.2,614.7
2026-02-26 05:00:00,1772082000000,502.2,502.7,499.9,501.2,983.75
2026-02-26 05:15:00,1772082900000,501.2,502.7,500.2,501.3,499.36
2026-02-26 05:30:00,1772083800000,501.3,501.7,500.9,501.1,168.87
2026-02-26 05:45:00,1772084700000,501.1,502.0,500.8,501.7,493.05
2026-02-26 06:00:00,1772085600000,501.7,505.5,500.7,503.0,1070.87
2026-02-26 06:15:00,1772086500000,503.0,503.3,500.5,501.0,593.08
2026-02-26 06:30:00,1772087400000,501.0,501.4,500.8,500.9,164.58
2026-02-26 06:45:00,1772088300000,500.9,502.2,500.7,501.6,267.54
2026-02-26 07:00:00,1772089200000,501.6,502.9,501.1,502.4,413.36
2026-02-26 07:15:00,1772090100000,502.4,502.8,500.9,501.3,221.42
2026-02-26 07:30:00,1772091000000,501.3,501.9,500.5,501.4,1387.23
2026-02-26 07:45:00,1772091900000,501.4,501.9,500.6,501.3,834.94
2026-02-26 08:00:00,1772092800000,501.3,501.8,500.9,501.2,395.32
2026-02-26 08:15:00,1772093700000,501.2,502.7,500.9,501.3,769.62
2026-02-26 08:30:00,1772094600000,501.3,501.4,497.4,498.2,1340.14
2026-02-26 08:45:00,1772095500000,498.2,498.8,497.1,497.6,379.07
2026-02-26 09:00:00,1772096400000,497.6,502.2,497.5,501.3,618.89
2026-02-26 09:15:00,1772097300000,501.3,501.5,499.7,499.9,340.24
2026-02-26 09:30:00,1772098200000,499.9,502.0,499.7,501.4,437.63
2026-02-26 09:45:00,1772099100000,501.4,502.8,501.2,502.2,662.77
2026-02-26 10:00:00,1772100000000,502.2,502.4,500.2,500.4,1253.99
2026-02-26 10:15:00,1772100900000,500.4,500.7,496.3,496.4,488.95
2026-02-26 10:30:00,1772101800000,496.4,499.7,496.2,497.7,519.4
2026-02-26 10:45:00,1772102700000,497.7,498.3,497.0,497.9,377.0
2026-02-26 11:00:00,1772103600000,497.9,501.8,497.8,501.8,491.28
2026-02-26 11:15:00,1772104500000,501.8,502.2,500.2,501.4,379.43
2026-02-26 11:30:00,1772105400000,501.4,502.1,500.3,500.6,273.11
2026-02-26 11:45:00,1772106300000,500.6,500.8,499.9,500.6,216.64
2026-02-26 12:00:00,1772107200000,500.6,502.1,500.0,501.5,252.19
2026-02-26 12:15:00,1772108100000,501.5,501.7,500.2,500.7,290.48
2026-02-26 12:30:00,1772109000000,500.7,501.9,500.6,500.9,151.51
2026-02-26 12:45:00,1772109900000,500.9,501.8,500.4,501.3,170.25
2026-02-26 13:00:00,1772110800000,501.3,501.5,497.1,497.7,957.19
2026-02-26 13:15:00,1772111700000,497.7,500.3,497.5,500.1,725.44
2026-02-26 13:30:00,1772112600000,500.1,500.1,497.8,497.8,462.29
2026-02-26 13:45:00,1772113500000,497.8,498.9,496.7,497.0,457.75
2026-02-26 14:00:00,1772114400000,497.0,497.1,491.8,493.5,2383.37
2026-02-26 14:15:00,1772115300000,493.5,494.6,492.8,493.1,569.15
2026-02-26 14:30:00,1772116200000,493.1,495.4,491.5,492.9,1603.45
2026-02-26 14:45:00,1772117100000,492.9,495.0,490.8,493.9,1709.41
2026-02-26 15:00:00,1772118000000,493.9,494.1,491.2,491.6,627.2
2026-02-26 15:15:00,1772118900000,491.6,491.6,485.6,487.8,3795.69
2026-02-26 15:30:00,1772119800000,487.8,490.6,486.4,488.7,1688.22
2026-02-26 15:45:00,1772120700000,488.7,490.2,487.9,489.2,800.15
2026-02-26 16:00:00,1772121600000,489.2,489.7,482.8,485.3,2343.03
2026-02-26 16:15:00,1772122500000,485.3,487.1,484.5,486.1,764.48
2026-02-26 16:30:00,1772123400000,486.1,486.3,481.7,482.3,1792.53
2026-02-26 16:45:00,1772124300000,482.3,482.5,478.8,480.4,4506.45
2026-02-26 17:00:00,1772125200000,480.4,483.0,480.2,481.7,1220.79
2026-02-26 17:15:00,1772126100000,481.7,482.8,481.5,482.5,846.05
2026-02-26 17:30:00,1772127000000,482.5,483.0,480.7,481.0,411.05
2026-02-26 17:45:00,1772127900000,481.0,481.2,479.5,480.9,477.99
2026-02-26 18:00:00,1772128800000,480.9,481.1,478.9,480.7,534.37
2026-02-26 18:15:00,1772129700000,480.7,482.2,479.9,480.1,237.24
2026-02-26 18:30:00,1772130600000,480.1,483.1,480.1,481.1,786.97
2026-02-26 18:45:00,1772131500000,481.1,481.1,480.0,480.6,389.69
2026-02-26 19:00:00,1772132400000,480.6,484.1,479.8,479.9,2221.61
2026-02-26 19:15:00,1772133300000,479.9,482.3,479.8,481.5,558.72
2026-02-26 19:30:00,1772134200000,481.5,482.7,479.6,479.8,1427.84
2026-02-26 19:45:00,1772135100000,479.8,483.0,479.5,482.2,1552.6
2026-02-26 20:00:00,1772136000000,482.2,483.3,481.3,481.5,833.08
2026-02-26 20:15:00,1772136900000,481.5,482.7,481.5,481.5,247.04
2026-02-26 20:30:00,1772137800000,481.5,482.0,479.9,480.4,579.15
2026-02-26 20:45:00,1772138700000,480.4,480.4,479.3,479.7,294.55
2026-02-26 21:00:00,1772139600000,479.7,480.4,479.0,480.1,732.43
2026-02-26 21:15:00,1772140500000,480.1,481.0,479.9,480.6,573.4
2026-02-26 21:30:00,1772141400000,480.6,480.7,479.4,479.6,125.19
2026-02-26 21:45:00,1772142300000,479.6,480.5,479.0,479.6,278.89
2026-02-26 22:00:00,1772143200000,479.6,480.7,479.1,479.9,673.15
2026-02-26 22:15:00,1772144100000,479.9,479.9,475.2,477.9,1404.64
2026-02-26 22:30:00,1772145000000,477.9,479.3,477.8,479.1,252.1
2026-02-26 22:45:00,1772145900000,479.1,479.5,477.8,478.2,398.63
2026-02-26 23:00:00,1772146800000,478.2,479.1,476.7,478.4,675.06
2026-02-26 23:15:00,1772147700000,478.4,479.6,477.8,479.5,431.06
2026-02-26 23:30:00,1772148600000,479.5,480.4,478.3,478.5,718.52
2026-02-26 23:45:00,1772149500000,478.5,479.0,477.6,477.9,795.09
2026-02-27 00:00:00,1772150400000,477.9,479.5,477.2,478.7,761.54
2026-02-27 00:15:00,1772151300000,478.7,478.7,476.7,477.7,2001.7
2026-02-27 00:30:00,1772152200000,477.7,478.0,474.9,475.8,1313.36
2026-02-27 00:45:00,1772153100000,475.8,478.0,475.2,477.3,673.62
2026-02-27 01:00:00,1772154000000,477.3,478.4,475.9,477.0,530.11
2026-02-27 01:15:00,1772154900000,477.0,478.5,476.5,478.4,450.68
2026-02-27 01:30:00,1772155800000,478.4,480.5,478.0,479.3,597.77
2026-02-27 01:45:00,1772156700000,479.3,480.0,478.9,479.6,287.44
2026-02-27 02:00:00,1772157600000,479.6,480.5,479.3,480.1,414.48
2026-02-27 02:15:00,1772158500000,480.1,480.6,478.9,479.2,702.58
2026-02-27 02:30:00,1772159400000,479.2,480.7,479.1,480.2,219.8
2026-02-27 02:45:00,1772160300000,480.2,480.7,478.3,478.3,252.67
2026-02-27 03:00:00,1772161200000,478.3,478.7,477.6,478.3,229.65
2026-02-27 03:15:00,1772162100000,478.3,480.0,478.2,479.8,165.18
2026-02-27 03:30:00,1772163000000,479.8,481.3,479.7,481.1,378.45
2026-02-27 03:45:00,1772163900000,481.1,482.0,480.5,480.7,401.89
2026-02-27 04:00:00,1772164800000,480.7,490.3,480.2,488.4,6054.41
2026-02-27 04:15:00,1772165700000,488.4,490.1,486.2,486.2,1484.4
2026-02-27 04:30:00,1772166600000,486.2,486.7,484.8,485.2,2377.79
2026-02-27 04:45:00,1772167500000,485.2,486.3,484.6,485.1,608.5
2026-02-27 05:00:00,1772168400000,485.1,486.5,485.1,486.5,352.87
2026-02-27 05:15:00,1772169300000,486.5,486.5,484.3,484.7,557.3
2026-02-27 05:30:00,1772170200000,484.7,486.8,484.4,486.0,956.26
2026-02-27 05:45:00,1772171100000,486.0,486.3,484.4,484.7,221.63
2026-02-27 06:00:00,1772172000000,484.7,484.8,482.1,482.3,508.16
2026-02-27 06:15:00,1772172900000,482.3,482.3,478.1,480.1,1702.78
2026-02-27 06:30:00,1772173800000,480.1,481.7,479.4,481.4,238.26
2026-02-27 06:45:00,1772174700000,481.4,481.7,480.6,480.8,333.79
2026-02-27 07:00:00,1772175600000,480.8,480.9,479.0,479.8,195.21
2026-02-27 07:15:00,1772176500000,479.8,479.9,478.9,479.0,188.1
2026-02-27 07:30:00,1772177400000,479.0,480.3,478.8,479.9,352.15
2026-02-27 07:45:00,1772178300000,479.9,481.9,479.7,481.2,627.56
2026-02-27 08:00:00,1772179200000,481.2,483.1,480.9,482.4,382.33
2026-02-27 08:15:00,1772180100000,482.4,483.9,482.2,483.1,221.82
2026-02-27 08:30:00,1772181000000,483.1,483.8,482.2,482.9,333.57
2026-02-27 08:45:00,1772181900000,482.9,484.5,482.7,484.1,531.25
2026-02-27 09:00:00,1772182800000,484.1,485.3,483.5,484.9,250.99
2026-02-27 09:15:00,1772183700000,484.9,485.7,483.6,484.1,362.77
2026-02-27 09:30:00,1772184600000,484.1,485.4,482.4,482.6,314.23
2026-02-27 09:45:00,1772185500000,482.6,482.7,480.4,481.8,794.26
2026-02-27 10:00:00,1772186400000,481.8,482.4,478.5,478.7,869.98
2026-02-27 10:15:00,1772187300000,478.7,481.0,478.3,479.1,834.74
2026-02-27 10:30:00,1772188200000,479.1,479.9,478.2,479.6,473.35
2026-02-27 10:45:00,1772189100000,479.6,479.6,477.3,477.7,894.52
2026-02-27 11:00:00,1772190000000,477.7,479.8,477.7,478.7,513.16
2026-02-27 11:15:00,1772190900000,478.7,479.4,477.3,477.9,700.74
2026-02-27 11:30:00,1772191800000,477.9,478.6,470.7,473.1,3051.4
2026-02-27 11:45:00,1772192700000,473.1,475.2,472.9,474.1,1172.4
2026-02-27 12:00:00,1772193600000,474.1,475.2,472.6,474.9,487.04
2026-02-27 12:15:00,1772194500000,474.9,475.2,473.1,473.2,435.25
2026-02-27 12:30:00,1772195400000,473.2,473.9,472.3,472.8,422.87
2026-02-27 12:45:00,1772196300000,472.8,473.1,471.2,472.7,659.18
2026-02-27 13:00:00,1772197200000,472.7,473.0,468.1,468.8,2179.33
2026-02-27 13:15:00,1772198100000,468.8,470.6,462.8,463.2,6592.99
2026-02-27 13:30:00,1772199000000,463.2,466.0,461.0,463.8,9822.72
2026-02-27 13:45:00,1772199900000,463.8,467.0,463.8,466.0,1763.71
2026-02-27 14:00:00,1772200800000,466.0,467.8,465.3,467.7,689.6
2026-02-27 14:15:00,1772201700000,467.7,467.9,464.3,465.4,1084.95
2026-02-27 14:30:00,1772202600000,465.4,468.6,465.0,465.9,1391.98
2026-02-27 14:45:00,1772203500000,465.9,466.4,463.8,465.9,1143.67
2026-02-27 15:00:00,1772204400000,465.9,469.4,465.6,467.8,941.49
2026-02-27 15:15:00,1772205300000,467.8,469.3,466.6,468.5,740.56
2026-02-27 15:30:00,1772206200000,468.5,468.6,465.6,466.6,787.41
2026-02-27 15:45:00,1772207100000,466.6,467.3,464.9,465.2,760.18
2026-02-27 16:00:00,1772208000000,465.2,465.8,463.3,463.8,1403.17
2026-02-27 16:15:00,1772208900000,463.8,468.1,463.6,467.2,1808.23
2026-02-27 16:30:00,1772209800000,467.2,468.1,465.6,465.8,554.35
2026-02-27 16:45:00,1772210700000,465.8,466.2,464.1,464.8,829.23
2026-02-27 17:00:00,1772211600000,464.8,465.1,462.0,462.2,1149.65
2026-02-27 17:15:00,1772212500000,462.2,462.5,460.4,461.1,1764.93
2026-02-27 17:30:00,1772213400000,461.1,465.8,460.7,465.8,1200.5
2026-02-27 17:45:00,1772214300000,465.8,468.0,465.8,467.5,862.27
2026-02-27 18:00:00,1772215200000,467.5,468.1,466.7,467.1,296.56
2026-02-27 18:15:00,1772216100000,467.1,467.4,465.7,467.3,526.85
2026-02-27 18:30:00,1772217000000,467.3,467.6,464.3,465.5,226.62
2026-02-27 18:45:00,1772217900000,465.5,465.6,462.8,462.9,656.38
2026-02-27 19:00:00,1772218800000,462.9,463.9,461.2,461.5,679.62
2026-02-27 19:15:00,1772219700000,461.5,463.1,460.9,462.6,761.79
2026-02-27 19:30:00,1772220600000,462.6,463.6,461.6,461.8,463.72
2026-02-27 19:45:00,1772221500000,461.8,463.7,461.8,463.0,680.09
2026-02-27 20:00:00,1772222400000,463.0,463.6,462.1,462.7,415.31
2026-02-27 20:15:00,1772223300000,462.7,463.3,462.5,462.7,226.65
2026-02-27 20:30:00,1772224200000,462.7,463.0,462.1,462.6,141.37
2026-02-27 20:45:00,1772225100000,462.6,463.1,462.2,462.9,137.55
2026-02-27 21:00:00,1772226000000,462.9,464.8,462.9,464.1,256.15
2026-02-27 21:15:00,1772226900000,464.1,464.1,462.7,462.8,183.68
2026-02-27 21:30:00,1772227800000,462.8,462.8,460.5,461.6,1276.07
2026-02-27 21:45:00,1772228700000,461.6,461.9,459.3,460.2,1010.36
2026-02-27 22:00:00,1772229600000,460.2,460.6,458.3,459.6,1217.98
2026-02-27 22:15:00,1772230500000,459.6,460.4,457.4,458.5,743.78
2026-02-27 22:30:00,1772231400000,458.5,460.2,454.8,460.1,1343.21
2026-02-27 22:45:00,1772232300000,460.1,460.2,458.6,458.7,245.01
2026-02-27 23:00:00,1772233200000,458.7,459.2,457.8,457.8,342.46
2026-02-27 23:15:00,1772234100000,457.8,460.8,457.8,460.8,294.0
2026-02-27 23:30:00,1772235000000,460.8,461.7,460.5,460.7,510.39
2026-02-27 23:45:00,1772235900000,460.7,461.6,460.2,461.1,128.51
2026-02-28 00:00:00,1772236800000,461.1,463.9,460.9,463.7,1894.94
2026-02-28 00:15:00,1772237700000,463.7,464.1,462.0,463.0,855.91
2026-02-28 00:30:00,1772238600000,463.0,464.2,462.6,464.1,973.01
2026-02-28 00:45:00,1772239500000,464.1,464.2,462.9,463.9,226.88
2026-02-28 01:00:00,1772240400000,463.9,463.9,461.3,461.9,651.36
2026-02-28 01:15:00,1772241300000,461.9,461.9,460.7,460.8,234.4
2026-02-28 01:30:00,1772242200000,460.8,461.3,460.3,460.8,349.64
2026-02-28 01:45:00,1772243100000,460.8,462.8,460.3,461.9,2417.12
2026-02-28 02:00:00,1772244000000,461.9,462.6,461.3,461.8,367.55
2026-02-28 02:15:00,1772244900000,461.8,464.2,461.8,463.1,1711.62
2026-02-28 02:30:00,1772245800000,463.1,464.0,463.1,463.8,155.42
2026-02-28 02:45:00,1772246700000,463.8,463.8,462.9,462.9,150.78
2026-02-28 03:00:00,1772247600000,462.9,463.0,461.8,462.0,187.53
2026-02-28 03:15:00,1772248500000,462.0,462.1,460.9,460.9,332.48
2026-02-28 03:30:00,1772249400000,460.9,461.1,460.0,460.9,387.04
2026-02-28 03:45:00,1772250300000,460.9,462.0,460.9,461.6,105.11
2026-02-28 04:00:00,1772251200000,461.6,461.7,460.5,460.7,307.95
2026-02-28 04:15:00,1772252100000,460.7,460.8,459.5,459.5,620.47
2026-02-28 04:30:00,1772253000000,459.5,459.7,457.8,459.0,728.3
2026-02-28 04:45:00,1772253900000,459.0,459.5,458.9,459.3,366.58
2026-02-28 05:00:00,1772254800000,459.3,459.4,458.0,458.1,344.6
2026-02-28 05:15:00,1772255700000,458.1,458.2,456.5,457.2,645.71
2026-02-28 05:30:00,1772256600000,457.2,457.2,455.4,456.5,932.57
2026-02-28 05:45:00,1772257500000,456.5,458.8,456.2,458.7,548.15
2026-02-28 06:00:00,1772258400000,458.7,458.9,457.3,457.4,373.62
2026-02-28 06:15:00,1772259300000,457.4,457.6,446.7,450.4,10523.09
2026-02-28 06:30:00,1772260200000,450.4,451.7,443.4,449.7,10326.28
2026-02-28 06:45:00,1772261100000,449.7,449.9,443.1,444.3,2891.48
2026-02-28 07:00:00,1772262000000,444.3,445.7,440.4,444.6,4882.16
2026-02-28 07:15:00,1772262900000,444.6,446.2,440.5,442.3,2568.66
2026-02-28 07:30:00,1772263800000,442.3,451.4,442.0,449.6,3694.28
2026-02-28 07:45:00,1772264700000,449.6,449.7,445.6,446.0,1652.84
2026-02-28 08:00:00,1772265600000,446.0,448.3,445.0,446.8,892.25
2026-02-28 08:15:00,1772266500000,446.8,447.7,444.5,445.8,1665.11
2026-02-28 08:30:00,1772267400000,445.8,446.2,444.2,444.4,623.67
2026-02-28 08:45:00,1772268300000,444.4,445.3,443.0,443.6,618.17
2026-02-28 09:00:00,1772269200000,443.6,444.5,441.6,444.3,1397.53
2026-02-28 09:15:00,1772270100000,444.3,446.2,442.7,445.0,846.69
2026-02-28 09:30:00,1772271000000,445.0,445.2,442.2,442.4,909.5
2026-02-28 09:45:00,1772271900000,442.4,443.2,440.7,442.4,1798.52
2026-02-28 10:00:00,1772272800000,442.4,443.0,439.1,442.9,2863.28
2026-02-28 10:15:00,1772273700000,442.9,445.2,442.4,444.9,641.43
2026-02-28 10:30:00,1772274600000,444.9,446.9,444.0,444.0,665.39
2026-02-28 10:45:00,1772275500000,444.0,444.4,443.0,443.8,455.31
2026-02-28 11:00:00,1772276400000,443.8,445.9,443.7,444.3,534.58
2026-02-28 11:15:00,1772277300000,444.3,446.0,444.1,445.8,455.95
2026-02-28 11:30:00,1772278200000,445.8,446.3,445.0,445.3,278.25
2026-02-28 11:45:00,1772279100000,445.3,446.8,444.8,444.8,494.92
2026-02-28 12:00:00,1772280000000,444.8,445.6,444.5,445.3,305.94
2026-02-28 12:15:00,1772280900000,445.3,447.9,445.2,446.7,514.46
2026-02-28 12:30:00,1772281800000,446.7,447.0,445.7,445.9,300.06
2026-02-28 12:45:00,1772282700000,445.9,446.1,443.6,444.0,520.1
2026-02-28 13:00:00,1772283600000,444.0,444.7,443.3,444.0,470.06
2026-02-28 13:15:00,1772284500000,444.0,444.8,442.7,443.0,1085.74
2026-02-28 13:30:00,1772285400000,443.0,443.6,441.5,442.9,569.24
2026-02-28 13:45:00,1772286300000,442.9,452.3,442.9,448.9,4041.4
2026-02-28 14:00:00,1772287200000,448.9,451.3,447.2,447.7,1986.67
2026-02-28 14:15:00,1772288100000,447.7,449.4,446.9,448.0,953.37
2026-02-28 14:30:00,1772289000000,448.0,450.1,446.6,449.0,754.94
2026-02-28 14:45:00,1772289900000,449.0,449.5,443.5,444.5,1615.01
2026-02-28 15:00:00,1772290800000,444.5,446.2,443.6,443.7,872.69
2026-02-28 15:15:00,1772291700000,443.7,447.3,443.0,446.6,1442.82
2026-02-28 15:30:00,1772292600000,446.6,447.0,444.1,444.9,577.45
2026-02-28 15:45:00,1772293500000,444.9,445.2,443.1,444.2,312.39
2026-02-28 16:00:00,1772294400000,444.2,446.0,443.9,445.3,722.28
2026-02-28 16:15:00,1772295300000,445.3,445.9,443.5,444.2,549.16
2026-02-28 16:30:00,1772296200000,444.2,446.3,442.5,446.0,761.04
2026-02-28 16:45:00,1772297100000,446.0,446.2,443.2,444.6,517.08
2026-02-28 17:00:00,1772298000000,444.6,444.8,442.1,442.6,376.28
2026-02-28 17:15:00,1772298900000,442.6,443.8,440.8,443.8,987.89
2026-02-28 17:30:00,1772299800000,443.8,444.6,440.6,440.9,1355.99
2026-02-28 17:45:00,1772300700000,440.9,444.8,440.7,444.6,898.59
2026-02-28 18:00:00,1772301600000,444.6,444.9,443.0,443.4,1359.64
2026-02-28 18:15:00,1772302500000,443.4,444.1,441.4,442.2,629.4
2026-02-28 18:30:00,1772303400000,442.2,448.5,442.0,447.4,2161.68
2026-02-28 18:45:00,1772304300000,447.4,450.0,445.9,447.5,1978.74
2026-02-28 19:00:00,1772305200000,447.5,447.7,443.7,444.1,1254.81
2026-02-28 19:15:00,1772306100000,444.1,444.5,442.2,443.1,836.12
2026-02-28 19:30:00,1772307000000,443.1,449.9,442.5,447.7,1732.51
2026-02-28 19:45:00,1772307900000,447.7,451.6,447.5,448.6,2215.68
2026-02-28 20:00:00,1772308800000,448.6,451.6,447.2,451.6,1365.89
2026-02-28 20:15:00,1772309700000,451.6,456.8,450.1,453.6,8362.87
2026-02-28 20:30:00,1772310600000,453.6,455.6,452.1,453.7,2253.07
2026-02-28 20:45:00,1772311500000,453.7,460.1,453.5,457.9,4917.0
2026-02-28 21:00:00,1772312400000,457.9,458.3,454.2,455.2,1426.02
2026-02-28 21:15:00,1772313300000,455.2,455.3,452.9,454.2,534.31
2026-02-28 21:30:00,1772314200000,454.2,458.1,453.9,456.1,1240.03
2026-02-28 21:45:00,1772315100000,456.1,457.4,454.3,455.0,350.33
2026-02-28 22:00:00,1772316000000,455.0,457.0,454.5,455.9,1076.18
2026-02-28 22:15:00,1772316900000,455.9,457.3,455.1,456.4,244.37
2026-02-28 22:30:00,1772317800000,456.4,466.4,456.1,461.9,3763.04
2026-02-28 22:45:00,1772318700000,461.9,467.9,459.4,459.8,3092.81
2026-02-28 23:00:00,1772319600000,459.8,460.3,456.3,456.6,869.7
2026-02-28 23:15:00,1772320500000,456.6,458.5,454.7,455.5,1249.71
2026-02-28 23:30:00,1772321400000,455.5,457.5,455.3,457.0,482.93
2026-02-28 23:45:00,1772322300000,457.0,457.4,456.1,457.1,558.37
2026-03-01 00:00:00,1772323200000,457.1,458.4,454.2,455.1,718.06
2026-03-01 00:15:00,1772324100000,455.1,456.3,454.5,454.5,256.73
2026-03-01 00:30:00,1772325000000,454.5,454.7,452.2,452.7,862.85
2026-03-01 00:45:00,1772325900000,452.7,455.6,452.7,455.4,993.5
2026-03-01 01:00:00,1772326800000,455.4,455.4,451.6,452.3,1131.81
2026-03-01 01:15:00,1772327700000,452.3,454.6,451.0,454.1,601.02
2026-03-01 01:30:00,1772328600000,454.1,456.7,453.8,456.2,884.59
2026-03-01 01:45:00,1772329500000,456.2,462.4,455.7,460.3,3218.95
2026-03-01 02:00:00,1772330400000,460.3,465.6,460.2,464.5,2713.41
2026-03-01 02:15:00,1772331300000,464.5,465.9,462.6,463.8,640.06
2026-03-01 02:30:00,1772332200000,463.8,465.7,462.9,465.5,404.49
2026-03-01 02:45:00,1772333100000,465.5,466.4,463.3,463.5,962.99
2026-03-01 03:00:00,1772334000000,463.5,464.2,463.0,463.2,340.96
2026-03-01 03:15:00,1772334900000,463.2,464.3,460.8,462.2,696.82
2026-03-01 03:30:00,1772335800000,462.2,462.8,461.0,462.5,302.08
2026-03-01 03:45:00,1772336700000,462.5,462.8,459.7,460.7,612.84
2026-03-01 04:00:00,1772337600000,460.7,461.5,457.0,457.2,847.14
2026-03-01 04:15:00,1772338500000,457.2,458.2,455.2,457.8,793.64
2026-03-01 04:30:00,1772339400000,457.8,459.1,457.0,458.2,646.33
2026-03-01 04:45:00,1772340300000,458.2,459.1,458.0,458.9,230.45
2026-03-01 05:00:00,1772341200000,458.9,459.2,457.1,457.5,362.38
2026-03-01 05:15:00,1772342100000,457.5,459.5,457.5,458.8,255.55
2026-03-01 05:30:00,1772343000000,458.8,459.5,458.1,458.1,186.79
2026-03-01 05:45:00,1772343900000,458.1,458.3,456.3,456.6,600.32
2026-03-01 06:00:00,1772344800000,456.6,457.2,453.1,454.7,867.03
2026-03-01 06:15:00,1772345700000,454.7,455.2,453.7,454.3,439.56
2026-03-01 06:30:00,1772346600000,454.3,454.7,451.5,452.6,1429.5
2026-03-01 06:45:00,1772347500000,452.6,452.6,451.1,451.7,472.43
2026-03-01 07:00:00,1772348400000,451.7,452.0,449.2,450.8,1541.9
2026-03-01 07:15:00,1772349300000,450.8,452.0,450.2,450.8,429.98
2026-03-01 07:30:00,1772350200000,450.8,452.7,450.1,452.3,263.73
2026-03-01 07:45:00,1772351100000,452.3,453.1,452.2,452.5,290.86
2026-03-01 08:00:00,1772352000000,452.5,453.5,451.8,452.8,875.66
2026-03-01 08:15:00,1772352900000,452.8,453.1,451.1,451.9,434.7
2026-03-01 08:30:00,1772353800000,451.9,451.9,449.1,449.8,1496.2
2026-03-01 08:45:00,1772354700000,449.8,450.0,444.8,446.2,1883.29
2026-03-01 09:00:00,1772355600000,446.2,447.8,445.1,447.4,1098.61
2026-03-01 09:15:00,1772356500000,447.4,448.7,447.3,448.1,621.86
2026-03-01 09:30:00,1772357400000,448.1,448.3,445.3,445.5,556.62
2026-03-01 09:45:00,1772358300000,445.5,446.5,445.2,446.3,812.81
2026-03-01 10:00:00,1772359200000,446.3,446.5,444.1,446.0,1194.06
2026-03-01 10:15:00,1772360100000,446.0,446.6,445.0,446.0,417.79
2026-03-01 10:30:00,1772361000000,446.0,447.8,445.4,445.4,447.17
2026-03-01 10:45:00,1772361900000,445.4,446.0,444.9,445.2,194.54
2026-03-01 11:00:00,1772362800000,445.2,446.0,444.9,445.3,226.8
2026-03-01 11:15:00,1772363700000,445.3,446.8,445.3,445.9,506.0
2026-03-01 11:30:00,1772364600000,445.9,447.7,445.6,446.2,691.07
2026-03-01 11:45:00,1772365500000,446.2,447.0,445.9,446.0,367.44
2026-03-01 12:00:00,1772366400000,446.0,446.1,444.7,446.0,600.38
2026-03-01 12:15:00,1772367300000,446.0,447.3,445.9,446.2,344.55
2026-03-01 12:30:00,1772368200000,446.2,446.8,444.7,446.4,236.26
2026-03-01 12:45:00,1772369100000,446.4,446.5,444.8,445.0,281.73
2026-03-01 13:00:00,1772370000000,445.0,447.3,445.0,447.1,532.58
2026-03-01 13:15:00,1772370900000,447.1,448.4,445.1,446.2,1306.97
2026-03-01 13:30:00,1772371800000,446.2,446.3,444.8,445.5,376.48
2026-03-01 13:45:00,1772372700000,445.5,453.5,445.5,449.3,3916.01
2026-03-01 14:00:00,1772373600000,449.3,452.1,448.6,451.2,1634.31
2026-03-01 14:15:00,1772374500000,451.2,451.7,448.4,448.6,966.93
2026-03-01 14:30:00,1772375400000,448.6,450.1,446.6,446.9,603.68
2026-03-01 14:45:00,1772376300000,446.9,447.9,446.0,446.6,510.51
2026-03-01 15:00:00,1772377200000,446.6,448.7,446.1,448.7,373.62
2026-03-01 15:15:00,1772378100000,448.7,449.0,447.0,447.9,458.47
2026-03-01 15:30:00,1772379000000,447.9,449.5,447.6,448.9,540.56
2026-03-01 15:45:00,1772379900000,448.9,449.6,446.6,446.9,480.67
2026-03-01 16:00:00,1772380800000,446.9,449.1,446.1,447.9,509.56
2026-03-01 16:15:00,1772381700000,447.9,449.3,447.2,448.7,458.12
2026-03-01 16:30:00,1772382600000,448.7,448.7,446.7,446.7,145.02
2026-03-01 16:45:00,1772383500000,446.7,446.7,436.1,439.7,7863.06
2026-03-01 17:00:00,1772384400000,439.7,440.3,438.2,439.5,1490.79
2026-03-01 17:15:00,1772385300000,439.5,439.6,433.5,437.8,2924.99
2026-03-01 17:30:00,1772386200000,437.8,440.5,437.0,439.6,1579.84
2026-03-01 17:45:00,1772387100000,439.6,440.2,438.5,438.5,1070.81
2026-03-01 18:00:00,1772388000000,438.5,443.4,438.3,441.3,1945.43
2026-03-01 18:15:00,1772388900000,441.3,442.6,440.6,440.6,657.37
2026-03-01 18:30:00,1772389800000,440.6,441.1,439.2,439.9,640.5
2026-03-01 18:45:00,1772390700000,439.9,440.4,438.7,439.0,449.85
2026-03-01 19:00:00,1772391600000,439.0,439.2,435.0,435.1,1089.28
2026-03-01 19:15:00,1772392500000,435.1,436.8,435.0,436.3,981.77
2026-03-01 19:30:00,1772393400000,436.3,436.9,435.3,435.6,821.74
2026-03-01 19:45:00,1772394300000,435.6,437.0,435.4,436.6,278.98
2026-03-01 20:00:00,1772395200000,436.6,436.6,432.1,433.2,3107.31
2026-03-01 20:15:00,1772396100000,433.2,434.2,432.6,433.3,1322.31
2026-03-01 20:30:00,1772397000000,433.3,433.7,431.4,432.5,898.04
2026-03-01 20:45:00,1772397900000,432.5,433.3,431.6,432.3,504.14
2026-03-01 21:00:00,1772398800000,432.3,435.6,432.2,435.6,614.77
2026-03-01 21:15:00,1772399700000,435.6,438.0,435.5,436.8,744.74
2026-03-01 21:30:00,1772400600000,436.8,438.0,436.5,437.8,323.8
2026-03-01 21:45:00,1772401500000,437.8,439.2,437.7,438.7,216.08
2026-03-01 22:00:00,1772402400000,438.7,444.8,438.5,441.9,3304.35
2026-03-01 22:15:00,1772403300000,441.9,442.7,439.9,440.4,446.19
2026-03-01 22:30:00,1772404200000,440.4,441.3,437.4,439.9,642.63
2026-03-01 22:45:00,1772405100000,439.9,439.9,437.3,437.4,165.25
2026-03-01 23:00:00,1772406000000,437.4,441.7,435.1,439.1,1144.63
2026-03-01 23:15:00,1772406900000,439.1,439.5,438.1,438.3,229.63
2026-03-01 23:30:00,1772407800000,438.3,441.5,438.1,441.5,203.58
2026-03-01 23:45:00,1772408700000,441.5,442.7,440.8,441.2,311.81
2026-03-02 00:00:00,1772409600000,441.2,443.7,440.7,441.5,1047.89
2026-03-02 00:15:00,1772410500000,441.5,443.1,441.1,442.6,213.43
2026-03-02 00:30:00,1772411400000,442.6,445.5,442.6,445.5,673.93
2026-03-02 00:45:00,1772412300000,445.5,447.1,444.7,445.7,1481.57
2026-03-02 01:00:00,1772413200000,445.7,453.9,445.3,450.3,2308.46
2026-03-02 01:15:00,1772414100000,450.3,451.8,447.7,448.0,1085.59
2026-03-02 01:30:00,1772415000000,448.0,450.1,447.9,449.3,306.78
2026-03-02 01:45:00,1772415900000,449.3,450.4,448.6,449.6,974.11
2026-03-02 02:00:00,1772416800000,449.6,450.2,446.2,447.0,1146.18
2026-03-02 02:15:00,1772417700000,447.0,449.5,446.9,448.8,528.9
2026-03-02 02:30:00,1772418600000,448.8,449.9,448.3,448.5,218.18
2026-03-02 02:45:00,1772419500000,448.5,450.0,448.2,449.2,1402.26
2026-03-02 03:00:00,1772420400000,449.2,449.4,446.6,448.8,631.53
2026-03-02 03:15:00,1772421300000,448.8,451.0,448.4,450.5,478.6
2026-03-02 03:30:00,1772422200000,450.5,450.6,449.1,449.2,655.11
2026-03-02 03:45:00,1772423100000,449.2,450.8,448.9,449.9,334.21
2026-03-02 04:00:00,1772424000000,449.9,450.2,448.4,448.8,374.86
2026-03-02 04:15:00,1772424900000,448.8,449.9,448.3,449.1,519.5
2026-03-02 04:30:00,1772425800000,449.1,449.1,447.7,448.0,631.3
2026-03-02 04:45:00,1772426700000,448.0,449.5,447.6,449.0,674.65
2026-03-02 05:00:00,1772427600000,449.0,449.6,447.5,448.8,524.55
2026-03-02 05:15:00,1772428500000,448.8,449.9,448.8,449.5,436.35
2026-03-02 05:30:00,1772429400000,449.5,453.3,449.5,453.1,890.16
2026-03-02 05:45:00,1772430300000,453.1,453.1,451.4,451.5,423.44
2026-03-02 06:00:00,1772431200000,451.5,451.8,450.0,451.3,313.01
2026-03-02 06:15:00,1772432100000,451.3,451.4,444.5,446.5,2434.7
2026-03-02 06:30:00,1772433000000,446.5,447.7,445.2,447.0,687.47
2026-03-02 06:45:00,1772433900000,447.0,447.0,445.2,446.3,365.27
2026-03-02 07:00:00,1772434800000,446.3,446.6,439.7,440.8,2197.61
2026-03-02 07:15:00,1772435700000,440.8,441.9,440.0,440.8,1156.73
2026-03-02 07:30:00,1772436600000,440.8,441.3,440.3,441.1,303.89
2026-03-02 07:45:00,1772437500000,441.1,441.1,440.1,440.4,699.79
2026-03-02 08:00:00,1772438400000,440.4,440.4,437.1,439.7,1409.11
2026-03-02 08:15:00,1772439300000,439.7,439.9,436.0,436.7,1374.69
2026-03-02 08:30:00,1772440200000,436.7,438.2,436.4,437.8,991.92
2026-03-02 08:45:00,1772441100000,437.8,439.3,436.4,437.4,1251.29
2026-03-02 09:00:00,1772442000000,437.4,439.7,436.8,439.5,784.22
2026-03-02 09:15:00,1772442900000,439.5,445.5,439.4,442.3,2959.75
2026-03-02 09:30:00,1772443800000,442.3,443.3,440.2,441.6,1133.47
2026-03-02 09:45:00,1772444700000,441.6,441.6,437.3,437.3,1575.21
2026-03-02 10:00:00,1772445600000,437.3,439.3,436.7,437.7,501.5
2026-03-02 10:15:00,1772446500000,437.7,441.0,437.6,439.5,6033.64
2026-03-02 10:30:00,1772447400000,439.5,440.5,438.1,439.1,955.38
2026-03-02 10:45:00,1772448300000,439.1,439.5,438.5,439.5,185.81
2026-03-02 11:00:00,1772449200000,439.5,439.5,435.8,436.2,834.39
2026-03-02 11:15:00,1772450100000,436.2,437.8,436.0,436.4,700.9
2026-03-02 11:30:00,1772451000000,436.4,437.6,436.1,437.0,280.22
2026-03-02 11:45:00,1772451900000,437.0,438.1,436.7,437.4,420.9
2026-03-02 12:00:00,1772452800000,437.4,440.2,436.7,439.7,603.1
2026-03-02 12:15:00,1772453700000,439.7,440.8,438.8,440.4,616.3
2026-03-02 12:30:00,1772454600000,440.4,440.5,439.0,440.1,1164.63
2026-03-02 12:45:00,1772455500000,440.1,442.0,439.5,440.7,866.47
2026-03-02 13:00:00,1772456400000,440.7,441.0,438.9,439.5,1046.56
2026-03-02 13:15:00,1772457300000,439.5,442.2,439.4,440.4,801.78
2026-03-02 13:30:00,1772458200000,440.4,444.4,439.9,441.1,1702.42
2026-03-02 13:45:00,1772459100000,441.1,441.5,439.7,440.3,795.96
2026-03-02 14:00:00,1772460000000,440.3,440.4,437.1,438.2,1329.13
2026-03-02 14:15:00,1772460900000,438.2,439.1,437.0,438.0,735.12
2026-03-02 14:30:00,1772461800000,438.0,443.8,437.9,443.7,2631.17
2026-03-02 14:45:00,1772462700000,443.7,444.6,441.7,443.6,2830.1
2026-03-02 15:00:00,1772463600000,443.6,448.5,439.5,448.4,9516.01
2026-03-02 15:15:00,1772464500000,448.4,450.2,447.0,448.2,6275.56
2026-03-02 15:30:00,1772465400000,448.2,451.6,445.7,450.9,1955.58
2026-03-02 15:45:00,1772466300000,450.9,451.5,445.8,447.0,1864.21
2026-03-02 16:00:00,1772467200000,447.0,449.7,444.6,449.5,1784.99
2026-03-02 16:15:00,1772468100000,449.5,451.4,447.9,449.1,2092.75
2026-03-02 16:30:00,1772469000000,449.1,452.8,446.0,452.5,1830.01
2026-03-02 16:45:00,1772469900000,452.5,452.9,447.4,447.6,1242.41
2026-03-02 17:00:00,1772470800000,447.6,449.1,445.6,446.4,773.89
2026-03-02 17:15:00,1772471700000,446.4,447.3,444.3,446.4,1431.11
2026-03-02 17:30:00,1772472600000,446.4,447.4,441.5,442.3,1487.24
2026-03-02 17:45:00,1772473500000,442.3,445.4,441.3,445.3,636.96
2026-03-02 18:00:00,1772474400000,445.3,448.0,442.7,448.0,602.49
2026-03-02 18:15:00,1772475300000,448.0,448.1,446.3,447.3,383.72
2026-03-02 18:30:00,1772476200000,447.3,448.6,446.4,447.6,336.9
2026-03-02 18:45:00,1772477100000,447.6,447.6,443.8,445.2,1099.51
2026-03-02 19:00:00,1772478000000,445.2,445.6,442.2,444.2,944.72
2026-03-02 19:15:00,1772478900000,444.2,446.5,444.1,444.4,679.93
2026-03-02 19:30:00,1772479800000,444.4,445.7,443.7,443.9,555.82
2026-03-02 19:45:00,1772480700000,443.9,444.6,443.1,444.1,847.65
2026-03-02 20:00:00,1772481600000,444.1,446.1,440.2,441.4,783.02
2026-03-02 20:15:00,1772482500000,441.4,442.8,440.9,442.1,267.26
2026-03-02 20:30:00,1772483400000,442.1,442.9,441.4,442.2,404.41
2026-03-02 20:45:00,1772484300000,442.2,443.8,441.5,441.6,754.0
2026-03-02 21:00:00,1772485200000,441.6,442.0,439.8,441.8,637.96
2026-03-02 21:15:00,1772486100000,441.8,444.8,441.2,444.8,1188.89
2026-03-02 21:30:00,1772487000000,444.8,446.1,443.7,446.1,389.24
2026-03-02 21:45:00,1772487900000,446.1,447.8,445.9,446.1,808.04
2026-03-02 22:00:00,1772488800000,446.1,450.2,446.1,448.5,1313.25
2026-03-02 22:15:00,1772489700000,448.5,449.8,447.5,448.6,353.54
2026-03-02 22:30:00,1772490600000,448.6,449.4,446.9,447.7,829.4
2026-03-02 22:45:00,1772491500000,447.7,449.3,446.8,448.1,270.89
2026-03-02 23:00:00,1772492400000,448.1,448.3,445.0,445.1,388.01
2026-03-02 23:15:00,1772493300000,445.1,445.5,443.0,443.2,644.82
2026-03-02 23:30:00,1772494200000,443.2,443.9,442.2,443.3,806.12
