Open_time,Open_time,Open,High,Low,Close,Volume
2026-01-14 00:00:00,1768348800000,5.642,5.684,5.642,5.665,43862.1
2026-01-14 00:15:00,1768349700000,5.665,5.685,5.64,5.65,24291.1
2026-01-14 00:30:00,1768350600000,5.65,5.67,5.621,5.652,16462.0
2026-01-14 00:45:00,1768351500000,5.652,5.681,5.643,5.665,16938.3
2026-01-14 01:00:00,1768352400000,5.665,5.688,5.659,5.675,18400.6
2026-01-14 01:15:00,1768353300000,5.675,5.677,5.639,5.641,8850.6
2026-01-14 01:30:00,1768354200000,5.641,5.663,5.634,5.643,14934.4
2026-01-14 01:45:00,1768355100000,5.643,5.655,5.63,5.646,10030.5
2026-01-14 02:00:00,1768356000000,5.646,5.67,5.633,5.66,14405.0
2026-01-14 02:15:00,1768356900000,5.66,5.677,5.645,5.655,8292.0
2026-01-14 02:30:00,1768357800000,5.655,5.669,5.639,5.669,7970.2
2026-01-14 02:45:00,1768358700000,5.669,5.676,5.639,5.645,15452.3
2026-01-14 03:00:00,1768359600000,5.645,5.656,5.632,5.643,8607.0
2026-01-14 03:15:00,1768360500000,5.643,5.646,5.624,5.629,5548.3
2026-01-14 03:30:00,1768361400000,5.629,5.647,5.623,5.637,7819.8
2026-01-14 03:45:00,1768362300000,5.637,5.656,5.634,5.654,19175.7
2026-01-14 04:00:00,1768363200000,5.654,5.66,5.605,5.61,28190.0
2026-01-14 04:15:00,1768364100000,5.61,5.655,5.607,5.646,14872.5
2026-01-14 04:30:00,1768365000000,5.646,5.646,5.62,5.62,14953.6
2026-01-14 04:45:00,1768365900000,5.62,5.629,5.616,5.617,4438.2
2026-01-14 05:00:00,1768366800000,5.617,5.617,5.586,5.599,13505.4
2026-01-14 05:15:00,1768367700000,5.599,5.601,5.568,5.581,10247.1
2026-01-14 05:30:00,1768368600000,5.581,5.604,5.569,5.59,9552.6
2026-01-14 05:45:00,1768369500000,5.59,5.612,5.589,5.597,11278.2
2026-01-14 06:00:00,1768370400000,5.597,5.616,5.573,5.614,35916.2
2026-01-14 06:15:00,1768371300000,5.614,5.616,5.59,5.591,15619.1
2026-01-14 06:30:00,1768372200000,5.591,5.602,5.558,5.599,16669.3
2026-01-14 06:45:00,1768373100000,5.599,5.637,5.598,5.634,12061.3
2026-01-14 07:00:00,1768374000000,5.634,5.665,5.627,5.649,32051.7
2026-01-14 07:15:00,1768374900000,5.649,5.658,5.607,5.609,9748.6
2026-01-14 07:30:00,1768375800000,5.609,5.634,5.603,5.63,16353.6
2026-01-14 07:45:00,1768376700000,5.63,5.652,5.63,5.636,13027.3
2026-01-14 08:00:00,1768377600000,5.636,5.65,5.617,5.649,24944.2
2026-01-14 08:15:00,1768378500000,5.649,5.655,5.64,5.641,3490.9
2026-01-14 08:30:00,1768379400000,5.641,5.647,5.625,5.63,8042.7
2026-01-14 08:45:00,1768380300000,5.63,5.635,5.616,5.618,7893.6
2026-01-14 09:00:00,1768381200000,5.618,5.644,5.618,5.641,11489.1
2026-01-14 09:15:00,1768382100000,5.641,5.641,5.622,5.63,11578.2
2026-01-14 09:30:00,1768383000000,5.63,5.655,5.629,5.632,10455.8
2026-01-14 09:45:00,1768383900000,5.632,5.651,5.631,5.65,3239.8
2026-01-14 10:00:00,1768384800000,5.65,5.669,5.644,5.669,12755.8
2026-01-14 10:15:00,1768385700000,5.669,5.674,5.615,5.631,36591.2
2026-01-14 10:30:00,1768386600000,5.631,5.644,5.61,5.625,9630.2
2026-01-14 10:45:00,1768387500000,5.625,5.628,5.583,5.583,34951.9
2026-01-14 11:00:00,1768388400000,5.583,5.583,5.559,5.566,82361.6
2026-01-14 11:15:00,1768389300000,5.566,5.566,5.54,5.56,81858.4
2026-01-14 11:30:00,1768390200000,5.56,5.598,5.557,5.577,50552.8
2026-01-14 11:45:00,1768391100000,5.577,5.579,5.556,5.566,8075.6
2026-01-14 12:00:00,1768392000000,5.566,5.605,5.56,5.596,24496.2
2026-01-14 12:15:00,1768392900000,5.596,5.601,5.573,5.577,18616.0
2026-01-14 12:30:00,1768393800000,5.577,5.586,5.566,5.567,8105.9
2026-01-14 12:45:00,1768394700000,5.567,5.575,5.566,5.568,3861.4
2026-01-14 13:00:00,1768395600000,5.568,5.568,5.54,5.56,19936.8
2026-01-14 13:15:00,1768396500000,5.56,5.58,5.558,5.571,18716.1
2026-01-14 13:30:00,1768397400000,5.571,5.577,5.535,5.538,40305.2
2026-01-14 13:45:00,1768398300000,5.538,5.539,5.507,5.514,34124.7
2026-01-14 14:00:00,1768399200000,5.514,5.577,5.513,5.567,15789.2
2026-01-14 14:15:00,1768400100000,5.567,5.593,5.56,5.571,18608.5
2026-01-14 14:30:00,1768401000000,5.571,5.603,5.557,5.582,23755.3
2026-01-14 14:45:00,1768401900000,5.582,5.654,5.581,5.63,45056.8
2026-01-14 15:00:00,1768402800000,5.63,5.676,5.598,5.668,52255.3
2026-01-14 15:15:00,1768403700000,5.668,5.706,5.655,5.679,31300.4
2026-01-14 15:30:00,1768404600000,5.679,5.693,5.633,5.657,28619.1
2026-01-14 15:45:00,1768405500000,5.657,5.678,5.64,5.677,14696.2
2026-01-14 16:00:00,1768406400000,5.677,5.723,5.67,5.713,30884.4
2026-01-14 16:15:00,1768407300000,5.713,5.72,5.669,5.686,42116.9
2026-01-14 16:30:00,1768408200000,5.686,5.713,5.65,5.686,23580.8
2026-01-14 16:45:00,1768409100000,5.686,5.703,5.645,5.659,18007.7
2026-01-14 17:00:00,1768410000000,5.659,5.68,5.644,5.676,13032.9
2026-01-14 17:15:00,1768410900000,5.676,5.681,5.646,5.646,9622.9
2026-01-14 17:30:00,1768411800000,5.646,5.648,5.585,5.614,62283.3
2026-01-14 17:45:00,1768412700000,5.614,5.623,5.57,5.591,25332.9
2026-01-14 18:00:00,1768413600000,5.591,5.604,5.574,5.582,11462.5
2026-01-14 18:15:00,1768414500000,5.582,5.595,5.546,5.595,14558.0
2026-01-14 18:30:00,1768415400000,5.595,5.608,5.49,5.504,75163.8
2026-01-14 18:45:00,1768416300000,5.504,5.56,5.492,5.541,33697.0
2026-01-14 19:00:00,1768417200000,5.541,5.555,5.52,5.547,28384.1
2026-01-14 19:15:00,1768418100000,5.547,5.619,5.546,5.616,65632.4
2026-01-14 19:30:00,1768419000000,5.616,5.631,5.564,5.575,24260.0
2026-01-14 19:45:00,1768419900000,5.575,5.587,5.555,5.56,6009.1
2026-01-14 20:00:00,1768420800000,5.56,5.623,5.549,5.603,29883.3
2026-01-14 20:15:00,1768421700000,5.603,5.603,5.549,5.553,8776.3
2026-01-14 20:30:00,1768422600000,5.553,5.582,5.553,5.564,9178.3
2026-01-14 20:45:00,1768423500000,5.564,5.583,5.548,5.582,4976.5
2026-01-14 21:00:00,1768424400000,5.582,5.593,5.565,5.567,8297.9
2026-01-14 21:15:00,1768425300000,5.567,5.588,5.556,5.573,3620.4
2026-01-14 21:30:00,1768426200000,5.573,5.579,5.541,5.548,18251.9
2026-01-14 21:45:00,1768427100000,5.548,5.561,5.521,5.548,38872.7
2026-01-14 22:00:00,1768428000000,5.548,5.548,5.524,5.534,10382.5
2026-01-14 22:15:00,1768428900000,5.534,5.542,5.516,5.516,5586.6
2026-01-14 22:30:00,1768429800000,5.516,5.519,5.488,5.499,14259.5
2026-01-14 22:45:00,1768430700000,5.499,5.529,5.498,5.512,15955.2
2026-01-14 23:00:00,1768431600000,5.512,5.537,5.511,5.535,11809.0
2026-01-14 23:15:00,1768432500000,5.535,5.553,5.517,5.517,6279.0
2026-01-14 23:30:00,1768433400000,5.517,5.521,5.504,5.521,9120.4
2026-01-14 23:45:00,1768434300000,5.521,5.532,5.52,5.525,7321.9
2026-01-15 00:00:00,1768435200000,5.525,5.525,5.501,5.52,9718.3
2026-01-15 00:15:00,1768436100000,5.52,5.52,5.497,5.504,7156.5
2026-01-15 00:30:00,1768437000000,5.504,5.507,5.486,5.497,22443.4
2026-01-15 00:45:00,1768437900000,5.497,5.499,5.465,5.486,32637.3
2026-01-15 01:00:00,1768438800000,5.486,5.535,5.486,5.508,14586.8
2026-01-15 01:15:00,1768439700000,5.508,5.511,5.48,5.487,13667.2
2026-01-15 01:30:00,1768440600000,5.487,5.498,5.459,5.482,15521.6
2026-01-15 01:45:00,1768441500000,5.482,5.488,5.453,5.466,8558.3
2026-01-15 02:00:00,1768442400000,5.466,5.476,5.448,5.452,7798.3
2026-01-15 02:15:00,1768443300000,5.452,5.479,5.449,5.454,9774.5
2026-01-15 02:30:00,1768444200000,5.454,5.471,5.421,5.447,27441.8
2026-01-15 02:45:00,1768445100000,5.447,5.447,5.411,5.421,7722.4
2026-01-15 03:00:00,1768446000000,5.421,5.429,5.405,5.406,12622.1
2026-01-15 03:15:00,1768446900000,5.406,5.414,5.317,5.317,63716.2
2026-01-15 03:30:00,1768447800000,5.317,5.331,5.291,5.305,36289.4
2026-01-15 03:45:00,1768448700000,5.305,5.32,5.291,5.299,32526.6
2026-01-15 04:00:00,1768449600000,5.299,5.303,5.282,5.303,35880.4
2026-01-15 04:15:00,1768450500000,5.303,5.337,5.297,5.332,74638.2
2026-01-15 04:30:00,1768451400000,5.332,5.338,5.315,5.319,74556.7
2026-01-15 04:45:00,1768452300000,5.319,5.325,5.304,5.312,10128.9
2026-01-15 05:00:00,1768453200000,5.312,5.349,5.309,5.334,25552.6
2026-01-15 05:15:00,1768454100000,5.334,5.342,5.312,5.319,11589.7
2026-01-15 05:30:00,1768455000000,5.319,5.337,5.313,5.337,8393.4
2026-01-15 05:45:00,1768455900000,5.337,5.345,5.325,5.329,6786.8
2026-01-15 06:00:00,1768456800000,5.329,5.34,5.321,5.326,7681.8
2026-01-15 06:15:00,1768457700000,5.326,5.347,5.324,5.332,16220.0
2026-01-15 06:30:00,1768458600000,5.332,5.335,5.303,5.304,21287.3
2026-01-15 06:45:00,1768459500000,5.304,5.32,5.292,5.302,21804.3
2026-01-15 07:00:00,1768460400000,5.302,5.323,5.298,5.317,18148.0
2026-01-15 07:15:00,1768461300000,5.317,5.349,5.316,5.341,21949.2
2026-01-15 07:30:00,1768462200000,5.341,5.382,5.339,5.374,25552.9
2026-01-15 07:45:00,1768463100000,5.374,5.384,5.357,5.367,22228.2
2026-01-15 08:00:00,1768464000000,5.367,5.372,5.341,5.355,24957.2
2026-01-15 08:15:00,1768464900000,5.355,5.368,5.336,5.337,17161.0
2026-01-15 08:30:00,1768465800000,5.337,5.346,5.335,5.34,4329.1
2026-01-15 08:45:00,1768466700000,5.34,5.349,5.334,5.346,22691.4
2026-01-15 09:00:00,1768467600000,5.346,5.346,5.326,5.327,26354.8
2026-01-15 09:15:00,1768468500000,5.327,5.352,5.323,5.347,5034.9
2026-01-15 09:30:00,1768469400000,5.347,5.394,5.332,5.393,26574.6
2026-01-15 09:45:00,1768470300000,5.393,5.398,5.376,5.376,27177.3
2026-01-15 10:00:00,1768471200000,5.376,5.38,5.353,5.354,11078.6
2026-01-15 10:15:00,1768472100000,5.354,5.379,5.346,5.35,10676.7
2026-01-15 10:30:00,1768473000000,5.35,5.352,5.339,5.349,5898.6
2026-01-15 10:45:00,1768473900000,5.349,5.358,5.344,5.358,9404.4
2026-01-15 11:00:00,1768474800000,5.358,5.366,5.353,5.361,4284.5
2026-01-15 11:15:00,1768475700000,5.361,5.364,5.348,5.35,15070.5
2026-01-15 11:30:00,1768476600000,5.35,5.359,5.319,5.327,12833.7
2026-01-15 11:45:00,1768477500000,5.327,5.33,5.32,5.33,2879.7
2026-01-15 12:00:00,1768478400000,5.33,5.359,5.326,5.355,12666.0
2026-01-15 12:15:00,1768479300000,5.355,5.357,5.339,5.352,7258.9
2026-01-15 12:30:00,1768480200000,5.352,5.378,5.347,5.372,5890.2
2026-01-15 12:45:00,1768481100000,5.372,5.397,5.366,5.395,9392.0
2026-01-15 13:00:00,1768482000000,5.395,5.396,5.384,5.389,8702.4
2026-01-15 13:15:00,1768482900000,5.389,5.415,5.389,5.41,8055.0
2026-01-15 13:30:00,1768483800000,5.41,5.414,5.369,5.387,15218.8
2026-01-15 13:45:00,1768484700000,5.387,5.409,5.385,5.386,8532.1
2026-01-15 14:00:00,1768485600000,5.386,5.398,5.379,5.386,6227.4
2026-01-15 14:15:00,1768486500000,5.386,5.387,5.345,5.351,20271.7
2026-01-15 14:30:00,1768487400000,5.351,5.367,5.297,5.305,55172.8
2026-01-15 14:45:00,1768488300000,5.305,5.342,5.269,5.306,55835.5
2026-01-15 15:00:00,1768489200000,5.306,5.332,5.292,5.308,15962.4
2026-01-15 15:15:00,1768490100000,5.308,5.317,5.243,5.245,37576.3
2026-01-15 15:30:00,1768491000000,5.245,5.262,5.198,5.206,45819.0
2026-01-15 15:45:00,1768491900000,5.206,5.239,5.143,5.238,123875.6
2026-01-15 16:00:00,1768492800000,5.238,5.241,5.186,5.215,39292.8
2026-01-15 16:15:00,1768493700000,5.215,5.229,5.198,5.204,13290.3
2026-01-15 16:30:00,1768494600000,5.204,5.262,5.201,5.245,15866.4
2026-01-15 16:45:00,1768495500000,5.245,5.257,5.23,5.234,9965.5
2026-01-15 17:00:00,1768496400000,5.234,5.25,5.209,5.209,9286.0
2026-01-15 17:15:00,1768497300000,5.209,5.235,5.199,5.235,7497.7
2026-01-15 17:30:00,1768498200000,5.235,5.273,5.231,5.264,14719.0
2026-01-15 17:45:00,1768499100000,5.264,5.264,5.182,5.194,44833.9
2026-01-15 18:00:00,1768500000000,5.194,5.201,5.134,5.148,42254.3
2026-01-15 18:15:00,1768500900000,5.148,5.165,5.13,5.158,41075.5
2026-01-15 18:30:00,1768501800000,5.158,5.162,5.111,5.142,26556.5
2026-01-15 18:45:00,1768502700000,5.142,5.151,5.124,5.133,14159.2
2026-01-15 19:00:00,1768503600000,5.133,5.142,5.104,5.128,50315.2
2026-01-15 19:15:00,1768504500000,5.128,5.155,5.113,5.126,31593.8
2026-01-15 19:30:00,1768505400000,5.126,5.15,5.112,5.134,24498.9
2026-01-15 19:45:00,1768506300000,5.134,5.178,5.134,5.162,48791.8
2026-01-15 20:00:00,1768507200000,5.162,5.182,5.157,5.169,15259.3
2026-01-15 20:15:00,1768508100000,5.169,5.173,5.128,5.133,23483.3
2026-01-15 20:30:00,1768509000000,5.133,5.148,5.11,5.11,16081.2
2026-01-15 20:45:00,1768509900000,5.11,5.115,5.085,5.098,52324.8
2026-01-15 21:00:00,1768510800000,5.098,5.124,5.095,5.115,6503.2
2026-01-15 21:15:00,1768511700000,5.115,5.133,5.112,5.125,6811.4
2026-01-15 21:30:00,1768512600000,5.125,5.13,5.118,5.123,2815.6
2026-01-15 21:45:00,1768513500000,5.123,5.137,5.123,5.134,5387.5
2026-01-15 22:00:00,1768514400000,5.134,5.155,5.13,5.149,14243.5
2026-01-15 22:15:00,1768515300000,5.149,5.164,5.144,5.159,5609.0
2026-01-15 22:30:00,1768516200000,5.159,5.173,5.154,5.158,6497.7
2026-01-15 22:45:00,1768517100000,5.158,5.158,5.149,5.151,3815.1
2026-01-15 23:00:00,1768518000000,5.151,5.156,5.136,5.156,8248.8
2026-01-15 23:15:00,1768518900000,5.156,5.174,5.152,5.159,16845.9
2026-01-15 23:30:00,1768519800000,5.159,5.164,5.155,5.162,7412.2
2026-01-15 23:45:00,1768520700000,5.162,5.185,5.159,5.161,14786.0
2026-01-16 00:00:00,1768521600000,5.161,5.176,5.154,5.162,16232.0
2026-01-16 00:15:00,1768522500000,5.162,5.177,5.162,5.169,9361.4
2026-01-16 00:30:00,1768523400000,5.169,5.181,5.166,5.178,6617.4
2026-01-16 00:45:00,1768524300000,5.178,5.184,5.167,5.167,7570.0
2026-01-16 01:00:00,1768525200000,5.167,5.175,5.161,5.167,4585.3
2026-01-16 01:15:00,1768526100000,5.167,5.18,5.162,5.169,2195.8
2026-01-16 01:30:00,1768527000000,5.169,5.193,5.169,5.179,6044.5
2026-01-16 01:45:00,1768527900000,5.179,5.186,5.178,5.179,5636.0
2026-01-16 02:00:00,1768528800000,5.179,5.179,5.142,5.152,10384.4
2026-01-16 02:15:00,1768529700000,5.152,5.189,5.139,5.189,15429.5
2026-01-16 02:30:00,1768530600000,5.189,5.189,5.168,5.181,3645.8
2026-01-16 02:45:00,1768531500000,5.181,5.197,5.181,5.19,3969.8
2026-01-16 03:00:00,1768532400000,5.19,5.203,5.19,5.192,20264.3
2026-01-16 03:15:00,1768533300000,5.192,5.192,5.177,5.179,2993.5
2026-01-16 03:30:00,1768534200000,5.179,5.18,5.159,5.168,4821.3
2026-01-16 03:45:00,1768535100000,5.168,5.174,5.165,5.17,2785.4
2026-01-16 04:00:00,1768536000000,5.17,5.175,5.164,5.175,4307.1
2026-01-16 04:15:00,1768536900000,5.175,5.18,5.158,5.158,6189.7
2026-01-16 04:30:00,1768537800000,5.158,5.169,5.138,5.146,19436.7
2026-01-16 04:45:00,1768538700000,5.146,5.149,5.117,5.134,24668.0
2026-01-16 05:00:00,1768539600000,5.134,5.152,5.131,5.146,8367.4
2026-01-16 05:15:00,1768540500000,5.146,5.157,5.139,5.147,4937.0
2026-01-16 05:30:00,1768541400000,5.147,5.186,5.145,5.176,23704.8
2026-01-16 05:45:00,1768542300000,5.176,5.197,5.176,5.18,15136.3
2026-01-16 06:00:00,1768543200000,5.18,5.186,5.169,5.171,7366.6
2026-01-16 06:15:00,1768544100000,5.171,5.186,5.169,5.178,4586.7
2026-01-16 06:30:00,1768545000000,5.178,5.196,5.176,5.189,11770.4
2026-01-16 06:45:00,1768545900000,5.189,5.206,5.189,5.204,10860.8
2026-01-16 07:00:00,1768546800000,5.204,5.228,5.196,5.226,8536.6
2026-01-16 07:15:00,1768547700000,5.226,5.227,5.203,5.203,5584.2
2026-01-16 07:30:00,1768548600000,5.203,5.205,5.191,5.193,8154.8
2026-01-16 07:45:00,1768549500000,5.193,5.201,5.193,5.198,2285.7
2026-01-16 08:00:00,1768550400000,5.198,5.213,5.193,5.21,11053.6
2026-01-16 08:15:00,1768551300000,5.21,5.222,5.203,5.216,8889.7
2026-01-16 08:30:00,1768552200000,5.216,5.22,5.206,5.216,4169.3
2026-01-16 08:45:00,1768553100000,5.216,5.216,5.203,5.205,2329.8
2026-01-16 09:00:00,1768554000000,5.205,5.211,5.2,5.208,5675.7
2026-01-16 09:15:00,1768554900000,5.208,5.208,5.193,5.206,5533.3
2026-01-16 09:30:00,1768555800000,5.206,5.214,5.201,5.213,3988.3
2026-01-16 09:45:00,1768556700000,5.213,5.213,5.199,5.201,3775.2
2026-01-16 10:00:00,1768557600000,5.201,5.201,5.187,5.193,6078.6
2026-01-16 10:15:00,1768558500000,5.193,5.195,5.18,5.182,6476.1
2026-01-16 10:30:00,1768559400000,5.182,5.182,5.17,5.177,14202.1
2026-01-16 10:45:00,1768560300000,5.177,5.181,5.169,5.177,2997.4
2026-01-16 11:00:00,1768561200000,5.177,5.186,5.165,5.167,6177.2
2026-01-16 11:15:00,1768562100000,5.167,5.183,5.156,5.183,11536.5
2026-01-16 11:30:00,1768563000000,5.183,5.191,5.173,5.174,2980.0
2026-01-16 11:45:00,1768563900000,5.174,5.189,5.171,5.189,5195.0
2026-01-16 12:00:00,1768564800000,5.189,5.195,5.185,5.194,11827.9
2026-01-16 12:15:00,1768565700000,5.194,5.196,5.188,5.19,4689.6
2026-01-16 12:30:00,1768566600000,5.19,5.19,5.174,5.183,5143.2
2026-01-16 12:45:00,1768567500000,5.183,5.197,5.183,5.194,8670.4
2026-01-16 13:00:00,1768568400000,5.194,5.194,5.176,5.187,4127.8
2026-01-16 13:15:00,1768569300000,5.187,5.187,5.174,5.18,3782.4
2026-01-16 13:30:00,1768570200000,5.18,5.19,5.161,5.183,7010.8
2026-01-16 13:45:00,1768571100000,5.183,5.188,5.174,5.178,4475.3
2026-01-16 14:00:00,1768572000000,5.178,5.191,5.175,5.179,3742.1
2026-01-16 14:15:00,1768572900000,5.179,5.204,5.174,5.204,6736.6
2026-01-16 14:30:00,1768573800000,5.204,5.216,5.183,5.201,22316.0
2026-01-16 14:45:00,1768574700000,5.201,5.223,5.189,5.192,15447.5
2026-01-16 15:00:00,1768575600000,5.192,5.214,5.173,5.2,16541.1
2026-01-16 15:15:00,1768576500000,5.2,5.201,5.097,5.101,114144.4
2026-01-16 15:30:00,1768577400000,5.101,5.103,5.047,5.064,64272.7
2026-01-16 15:45:00,1768578300000,5.064,5.068,5.025,5.055,45218.6
2026-01-16 16:00:00,1768579200000,5.055,5.086,5.042,5.081,29476.6
2026-01-16 16:15:00,1768580100000,5.081,5.114,5.06,5.11,25089.8
2026-01-16 16:30:00,1768581000000,5.11,5.131,5.098,5.124,14966.7
2026-01-16 16:45:00,1768581900000,5.124,5.14,5.107,5.111,16802.5
2026-01-16 17:00:00,1768582800000,5.111,5.116,5.074,5.084,6436.8
2026-01-16 17:15:00,1768583700000,5.084,5.093,5.063,5.085,16287.3
2026-01-16 17:30:00,1768584600000,5.085,5.119,5.085,5.118,11151.0
2026-01-16 17:45:00,1768585500000,5.118,5.144,5.108,5.139,25036.4
2026-01-16 18:00:00,1768586400000,5.139,5.149,5.131,5.144,11765.4
2026-01-16 18:15:00,1768587300000,5.144,5.176,5.141,5.158,21257.1
2026-01-16 18:30:00,1768588200000,5.158,5.198,5.129,5.136,120188.3
2026-01-16 18:45:00,1768589100000,5.136,5.148,5.12,5.13,26205.8
2026-01-16 19:00:00,1768590000000,5.13,5.13,5.11,5.114,18006.3
2026-01-16 19:15:00,1768590900000,5.114,5.126,5.106,5.113,4798.4
2026-01-16 19:30:00,1768591800000,5.113,5.164,5.111,5.147,7769.1
2026-01-16 19:45:00,1768592700000,5.147,5.158,5.144,5.15,3587.5
2026-01-16 20:00:00,1768593600000,5.15,5.152,5.13,5.149,3967.7
2026-01-16 20:15:00,1768594500000,5.149,5.198,5.145,5.198,10017.9
2026-01-16 20:30:00,1768595400000,5.198,5.248,5.197,5.248,30536.8
2026-01-16 20:45:00,1768596300000,5.248,5.273,5.239,5.265,17452.0
2026-01-16 21:00:00,1768597200000,5.265,5.3,5.253,5.281,67894.7
2026-01-16 21:15:00,1768598100000,5.281,5.313,5.274,5.305,15041.9
2026-01-16 21:30:00,1768599000000,5.305,5.326,5.302,5.314,12415.4
2026-01-16 21:45:00,1768599900000,5.314,5.331,5.303,5.319,25044.4
2026-01-16 22:00:00,1768600800000,5.319,5.331,5.295,5.314,20183.0
2026-01-16 22:15:00,1768601700000,5.314,5.347,5.314,5.33,19888.2
2026-01-16 22:30:00,1768602600000,5.33,5.351,5.317,5.327,15291.8
2026-01-16 22:45:00,1768603500000,5.327,5.335,5.312,5.324,6047.5
2026-01-16 23:00:00,1768604400000,5.324,5.331,5.279,5.297,48835.2
2026-01-16 23:15:00,1768605300000,5.297,5.303,5.283,5.293,7321.7
2026-01-16 23:30:00,1768606200000,5.293,5.3,5.275,5.279,6021.5
2026-01-16 23:45:00,1768607100000,5.279,5.294,5.278,5.282,3667.1
2026-01-17 00:00:00,1768608000000,5.282,5.312,5.282,5.306,29049.4
2026-01-17 00:15:00,1768608900000,5.306,5.315,5.297,5.301,11301.5
2026-01-17 00:30:00,1768609800000,5.301,5.318,5.284,5.306,6528.0
2026-01-17 00:45:00,1768610700000,5.306,5.326,5.302,5.318,7696.3
2026-01-17 01:00:00,1768611600000,5.318,5.339,5.308,5.326,14429.7
2026-01-17 01:15:00,1768612500000,5.326,5.345,5.32,5.34,10679.5
2026-01-17 01:30:00,1768613400000,5.34,5.341,5.324,5.328,7740.9
2026-01-17 01:45:00,1768614300000,5.328,5.361,5.327,5.354,10989.6
2026-01-17 02:00:00,1768615200000,5.354,5.366,5.316,5.319,13589.0
2026-01-17 02:15:00,1768616100000,5.319,5.322,5.29,5.295,7575.7
2026-01-17 02:30:00,1768617000000,5.295,5.301,5.285,5.301,5451.5
2026-01-17 02:45:00,1768617900000,5.301,5.327,5.292,5.326,8314.5
2026-01-17 03:00:00,1768618800000,5.326,5.33,5.313,5.327,11612.0
2026-01-17 03:15:00,1768619700000,5.327,5.353,5.326,5.346,18663.8
2026-01-17 03:30:00,1768620600000,5.346,5.35,5.321,5.329,11203.9
2026-01-17 03:45:00,1768621500000,5.329,5.348,5.322,5.343,24480.1
2026-01-17 04:00:00,1768622400000,5.343,5.352,5.329,5.342,7726.8
2026-01-17 04:15:00,1768623300000,5.342,5.356,5.331,5.356,7622.4
2026-01-17 04:30:00,1768624200000,5.356,5.373,5.354,5.359,9247.4
2026-01-17 04:45:00,1768625100000,5.359,5.373,5.355,5.364,5460.2
2026-01-17 05:00:00,1768626000000,5.364,5.398,5.364,5.398,19205.4
2026-01-17 05:15:00,1768626900000,5.398,5.406,5.389,5.403,8400.2
2026-01-17 05:30:00,1768627800000,5.403,5.406,5.382,5.401,5920.1
2026-01-17 05:45:00,1768628700000,5.401,5.413,5.385,5.387,6307.0
2026-01-17 06:00:00,1768629600000,5.387,5.394,5.369,5.391,13797.3
2026-01-17 06:15:00,1768630500000,5.391,5.391,5.366,5.374,9333.9
2026-01-17 06:30:00,1768631400000,5.374,5.383,5.363,5.365,6492.5
2026-01-17 06:45:00,1768632300000,5.365,5.373,5.363,5.372,1445.4
2026-01-17 07:00:00,1768633200000,5.372,5.374,5.351,5.366,18728.5
2026-01-17 07:15:00,1768634100000,5.366,5.429,5.365,5.428,17241.6
2026-01-17 07:30:00,1768635000000,5.428,5.445,5.41,5.418,43368.5
2026-01-17 07:45:00,1768635900000,5.418,5.445,5.418,5.427,10808.3
2026-01-17 08:00:00,1768636800000,5.427,5.452,5.424,5.444,20714.8
2026-01-17 08:15:00,1768637700000,5.444,5.458,5.443,5.449,12631.3
2026-01-17 08:30:00,1768638600000,5.449,5.504,5.436,5.491,43369.5
2026-01-17 08:45:00,1768639500000,5.491,5.513,5.46,5.48,41475.0
2026-01-17 09:00:00,1768640400000,5.48,5.494,5.438,5.444,23099.2
2026-01-17 09:15:00,1768641300000,5.444,5.444,5.414,5.42,9178.3
2026-01-17 09:30:00,1768642200000,5.42,5.422,5.405,5.415,13258.7
2026-01-17 09:45:00,1768643100000,5.415,5.422,5.406,5.409,8510.7
2026-01-17 10:00:00,1768644000000,5.409,5.423,5.392,5.42,23281.8
2026-01-17 10:15:00,1768644900000,5.42,5.464,5.42,5.462,19149.9
2026-01-17 10:30:00,1768645800000,5.462,5.463,5.404,5.405,18748.3
2026-01-17 10:45:00,1768646700000,5.405,5.407,5.394,5.403,6558.5
2026-01-17 11:00:00,1768647600000,5.403,5.403,5.372,5.373,18738.8
2026-01-17 11:15:00,1768648500000,5.373,5.389,5.372,5.386,5939.9
2026-01-17 11:30:00,1768649400000,5.386,5.386,5.355,5.355,9365.2
2026-01-17 11:45:00,1768650300000,5.355,5.355,5.342,5.349,11568.4
2026-01-17 12:00:00,1768651200000,5.349,5.378,5.342,5.377,15866.0
2026-01-17 12:15:00,1768652100000,5.377,5.445,5.373,5.431,14468.7
2026-01-17 12:30:00,1768653000000,5.431,5.446,5.424,5.445,16617.2
2026-01-17 12:45:00,1768653900000,5.445,5.447,5.413,5.429,10175.1
2026-01-17 13:00:00,1768654800000,5.429,5.436,5.404,5.419,12641.0
2026-01-17 13:15:00,1768655700000,5.419,5.432,5.403,5.405,7147.2
2026-01-17 13:30:00,1768656600000,5.405,5.429,5.4,5.404,5537.7
2026-01-17 13:45:00,1768657500000,5.404,5.415,5.397,5.4,3708.2
2026-01-17 14:00:00,1768658400000,5.4,5.408,5.384,5.4,7341.6
2026-01-17 14:15:00,1768659300000,5.4,5.404,5.385,5.388,5138.9
2026-01-17 14:30:00,1768660200000,5.388,5.466,5.384,5.445,26624.2
2026-01-17 14:45:00,1768661100000,5.445,5.484,5.442,5.463,11753.5
2026-01-17 15:00:00,1768662000000,5.463,5.483,5.445,5.446,19712.0
2026-01-17 15:15:00,1768662900000,5.446,5.45,5.402,5.407,15260.5
2026-01-17 15:30:00,1768663800000,5.407,5.437,5.406,5.413,10280.9
2026-01-17 15:45:00,1768664700000,5.413,5.466,5.407,5.448,36074.1
2026-01-17 16:00:00,1768665600000,5.448,5.45,5.417,5.417,43146.4
2026-01-17 16:15:00,1768666500000,5.417,5.424,5.386,5.399,16260.5
2026-01-17 16:30:00,1768667400000,5.399,5.401,5.369,5.38,34267.6
2026-01-17 16:45:00,1768668300000,5.38,5.414,5.375,5.405,12357.2
2026-01-17 17:00:00,1768669200000,5.405,5.429,5.387,5.417,9336.2
2026-01-17 17:15:00,1768670100000,5.417,5.418,5.39,5.397,5333.7
2026-01-17 17:30:00,1768671000000,5.397,5.403,5.379,5.396,6376.2
2026-01-17 17:45:00,1768671900000,5.396,5.396,5.372,5.396,6132.6
2026-01-17 18:00:00,1768672800000,5.396,5.4,5.378,5.392,9509.3
2026-01-17 18:15:00,1768673700000,5.392,5.402,5.388,5.388,3401.1
2026-01-17 18:30:00,1768674600000,5.388,5.399,5.388,5.396,3787.1
2026-01-17 18:45:00,1768675500000,5.396,5.408,5.395,5.404,7186.6
2026-01-17 19:00:00,1768676400000,5.404,5.42,5.402,5.414,8537.6
2026-01-17 19:15:00,1768677300000,5.414,5.414,5.4,5.409,3547.0
2026-01-17 19:30:00,1768678200000,5.409,5.409,5.387,5.388,4586.2
2026-01-17 19:45:00,1768679100000,5.388,5.393,5.37,5.393,5630.8
2026-01-17 20:00:00,1768680000000,5.393,5.4,5.389,5.393,4338.7
2026-01-17 20:15:00,1768680900000,5.393,5.397,5.38,5.383,5912.3
2026-01-17 20:30:00,1768681800000,5.383,5.383,5.348,5.352,11090.9
2026-01-17 20:45:00,1768682700000,5.352,5.371,5.349,5.361,12646.7
2026-01-17 21:00:00,1768683600000,5.361,5.361,5.338,5.339,8335.0
2026-01-17 21:15:00,1768684500000,5.339,5.362,5.339,5.355,6098.4
2026-01-17 21:30:00,1768685400000,5.355,5.355,5.339,5.347,2808.5
2026-01-17 21:45:00,1768686300000,5.347,5.36,5.346,5.357,4011.7
2026-01-17 22:00:00,1768687200000,5.357,5.358,5.332,5.342,5556.5
2026-01-17 22:15:00,1768688100000,5.342,5.344,5.306,5.316,26050.0
2026-01-17 22:30:00,1768689000000,5.316,5.316,5.296,5.308,8958.5
2026-01-17 22:45:00,1768689900000,5.308,5.309,5.283,5.304,12589.7
2026-01-17 23:00:00,1768690800000,5.304,5.311,5.288,5.308,6644.9
2026-01-17 23:15:00,1768691700000,5.308,5.308,5.287,5.295,4139.6
2026-01-17 23:30:00,1768692600000,5.295,5.306,5.29,5.298,5057.2
2026-01-17 23:45:00,1768693500000,5.298,5.317,5.293,5.314,10040.8
2026-01-18 00:00:00,1768694400000,5.314,5.35,5.304,5.345,10979.7
2026-01-18 00:15:00,1768695300000,5.345,5.351,5.332,5.342,11473.1
2026-01-18 00:30:00,1768696200000,5.342,5.351,5.311,5.318,12202.1
2026-01-18 00:45:00,1768697100000,5.318,5.327,5.303,5.309,11010.4
2026-01-18 01:00:00,1768698000000,5.309,5.319,5.269,5.279,42666.2
2026-01-18 01:15:00,1768698900000,5.279,5.302,5.273,5.286,11961.3
2026-01-18 01:30:00,1768699800000,5.286,5.289,5.257,5.264,11087.0
2026-01-18 01:45:00,1768700700000,5.264,5.272,5.239,5.258,26466.4
2026-01-18 02:00:00,1768701600000,5.258,5.281,5.258,5.263,11748.6
2026-01-18 02:15:00,1768702500000,5.263,5.273,5.234,5.245,7713.6
2026-01-18 02:30:00,1768703400000,5.245,5.251,5.226,5.237,14766.7
2026-01-18 02:45:00,1768704300000,5.237,5.244,5.23,5.238,2274.4
2026-01-18 03:00:00,1768705200000,5.238,5.253,5.234,5.25,3598.8
2026-01-18 03:15:00,1768706100000,5.25,5.25,5.232,5.246,4288.7
2026-01-18 03:30:00,1768707000000,5.246,5.26,5.241,5.252,6813.3
2026-01-18 03:45:00,1768707900000,5.252,5.252,5.228,5.231,4665.4
2026-01-18 04:00:00,1768708800000,5.231,5.237,5.221,5.228,8500.4
2026-01-18 04:15:00,1768709700000,5.228,5.233,5.222,5.23,1529.0
2026-01-18 04:30:00,1768710600000,5.23,5.233,5.217,5.231,4049.7
2026-01-18 04:45:00,1768711500000,5.231,5.248,5.23,5.248,5128.5
2026-01-18 05:00:00,1768712400000,5.248,5.248,5.227,5.24,9529.1
2026-01-18 05:15:00,1768713300000,5.24,5.25,5.235,5.24,14522.6
2026-01-18 05:30:00,1768714200000,5.24,5.24,5.225,5.232,3452.0
2026-01-18 05:45:00,1768715100000,5.232,5.238,5.222,5.235,4302.9
2026-01-18 06:00:00,1768716000000,5.235,5.244,5.227,5.235,9247.1
2026-01-18 06:15:00,1768716900000,5.235,5.235,5.216,5.218,4331.2
2026-01-18 06:30:00,1768717800000,5.218,5.219,5.212,5.212,6631.9
2026-01-18 06:45:00,1768718700000,5.212,5.215,5.202,5.206,16653.4
2026-01-18 07:00:00,1768719600000,5.206,5.206,5.179,5.18,10526.5
2026-01-18 07:15:00,1768720500000,5.18,5.199,5.178,5.197,11321.9
2026-01-18 07:30:00,1768721400000,5.197,5.221,5.183,5.218,14540.1
2026-01-18 07:45:00,1768722300000,5.218,5.227,5.209,5.211,9772.4
2026-01-18 08:00:00,1768723200000,5.211,5.216,5.193,5.205,12296.0
2026-01-18 08:15:00,1768724100000,5.205,5.205,5.193,5.198,3819.6
2026-01-18 08:30:00,1768725000000,5.198,5.214,5.195,5.203,7704.6
2026-01-18 08:45:00,1768725900000,5.203,5.218,5.189,5.212,20229.6
2026-01-18 09:00:00,1768726800000,5.212,5.231,5.209,5.223,11056.5
2026-01-18 09:15:00,1768727700000,5.223,5.225,5.197,5.199,52872.1
2026-01-18 09:30:00,1768728600000,5.199,5.209,5.198,5.202,10959.6
2026-01-18 09:45:00,1768729500000,5.202,5.214,5.201,5.208,4615.6
2026-01-18 10:00:00,1768730400000,5.208,5.208,5.19,5.193,54530.0
2026-01-18 10:15:00,1768731300000,5.193,5.21,5.193,5.196,3404.5
2026-01-18 10:30:00,1768732200000,5.196,5.208,5.19,5.202,7717.5
2026-01-18 10:45:00,1768733100000,5.202,5.213,5.196,5.209,9955.6
2026-01-18 11:00:00,1768734000000,5.209,5.209,5.197,5.201,4688.4
2026-01-18 11:15:00,1768734900000,5.201,5.203,5.193,5.201,3364.9
2026-01-18 11:30:00,1768735800000,5.201,5.221,5.196,5.21,7883.5
2026-01-18 11:45:00,1768736700000,5.21,5.214,5.193,5.196,3338.5
2026-01-18 12:00:00,1768737600000,5.196,5.197,5.174,5.193,7787.1
2026-01-18 12:15:00,1768738500000,5.193,5.223,5.19,5.219,7739.5
2026-01-18 12:30:00,1768739400000,5.219,5.219,5.195,5.205,4659.5
2026-01-18 12:45:00,1768740300000,5.205,5.21,5.176,5.182,15088.2
2026-01-18 13:00:00,1768741200000,5.182,5.183,5.161,5.176,23370.5
2026-01-18 13:15:00,1768742100000,5.176,5.182,5.166,5.17,13909.3
2026-01-18 13:30:00,1768743000000,5.17,5.199,5.167,5.196,13473.4
2026-01-18 13:45:00,1768743900000,5.196,5.201,5.18,5.182,8391.5
2026-01-18 14:00:00,1768744800000,5.182,5.191,5.169,5.19,11570.4
2026-01-18 14:15:00,1768745700000,5.19,5.222,5.188,5.191,25882.8
2026-01-18 14:30:00,1768746600000,5.191,5.201,5.167,5.167,9916.8
2026-01-18 14:45:00,1768747500000,5.167,5.173,5.149,5.156,26759.8
2026-01-18 15:00:00,1768748400000,5.156,5.169,5.142,5.162,12729.6
2026-01-18 15:15:00,1768749300000,5.162,5.198,5.159,5.195,13893.7
2026-01-18 15:30:00,1768750200000,5.195,5.199,5.188,5.195,8806.5
2026-01-18 15:45:00,1768751100000,5.195,5.203,5.189,5.203,11358.7
2026-01-18 16:00:00,1768752000000,5.203,5.228,5.183,5.221,15619.8
2026-01-18 16:15:00,1768752900000,5.221,5.227,5.204,5.21,4220.5
2026-01-18 16:30:00,1768753800000,5.21,5.217,5.205,5.212,10270.4
2026-01-18 16:45:00,1768754700000,5.212,5.215,5.193,5.194,4932.3
2026-01-18 17:00:00,1768755600000,5.194,5.205,5.177,5.178,7106.1
2026-01-18 17:15:00,1768756500000,5.178,5.199,5.178,5.189,3394.0
2026-01-18 17:30:00,1768757400000,5.189,5.196,5.168,5.171,16278.8
2026-01-18 17:45:00,1768758300000,5.171,5.198,5.17,5.192,11810.4
2026-01-18 18:00:00,1768759200000,5.192,5.201,5.182,5.199,8372.1
2026-01-18 18:15:00,1768760100000,5.199,5.237,5.182,5.236,34932.8
2026-01-18 18:30:00,1768761000000,5.236,5.266,5.233,5.244,29693.6
2026-01-18 18:45:00,1768761900000,5.244,5.269,5.241,5.249,13037.0
2026-01-18 19:00:00,1768762800000,5.249,5.258,5.221,5.227,10655.5
2026-01-18 19:15:00,1768763700000,5.227,5.233,5.217,5.217,5703.9
2026-01-18 19:30:00,1768764600000,5.217,5.219,5.206,5.21,5114.5
2026-01-18 19:45:00,1768765500000,5.21,5.21,5.173,5.191,7678.5
2026-01-18 20:00:00,1768766400000,5.191,5.194,5.18,5.188,16996.3
2026-01-18 20:15:00,1768767300000,5.188,5.238,5.188,5.238,7326.5
2026-01-18 20:30:00,1768768200000,5.238,5.244,5.211,5.22,7050.1
2026-01-18 20:45:00,1768769100000,5.22,5.223,5.193,5.202,9660.2
2026-01-18 21:00:00,1768770000000,5.202,5.219,5.202,5.207,10472.5
2026-01-18 21:15:00,1768770900000,5.207,5.211,5.197,5.197,6994.8
2026-01-18 21:30:00,1768771800000,5.197,5.207,5.19,5.196,9966.5
2026-01-18 21:45:00,1768772700000,5.196,5.211,5.189,5.2,15898.7
2026-01-18 22:00:00,1768773600000,5.2,5.222,5.198,5.222,14896.1
2026-01-18 22:15:00,1768774500000,5.222,5.226,5.201,5.208,5525.3
2026-01-18 22:30:00,1768775400000,5.208,5.224,5.206,5.216,3739.4
2026-01-18 22:45:00,1768776300000,5.216,5.226,5.214,5.218,3629.6
2026-01-18 23:00:00,1768777200000,5.218,5.218,5.129,5.135,59689.7
2026-01-18 23:15:00,1768778100000,5.135,5.147,5.051,5.054,100095.0
2026-01-18 23:30:00,1768779000000,5.054,5.07,5.008,5.016,79179.7
2026-01-18 23:45:00,1768779900000,5.016,5.017,4.901,4.907,166784.1
2026-01-19 00:00:00,1768780800000,4.907,4.908,4.429,4.632,1031216.5
2026-01-19 00:15:00,1768781700000,4.632,4.678,4.586,4.606,255697.7
2026-01-19 00:30:00,1768782600000,4.606,4.662,4.575,4.646,107286.4
2026-01-19 00:45:00,1768783500000,4.646,4.681,4.631,4.664,70725.8
2026-01-19 01:00:00,1768784400000,4.664,4.705,4.627,4.69,69442.4
2026-01-19 01:15:00,1768785300000,4.69,4.704,4.676,4.678,45413.7
2026-01-19 01:30:00,1768786200000,4.678,4.719,4.674,4.676,25565.1
2026-01-19 01:45:00,1768787100000,4.676,4.693,4.657,4.679,33920.4
2026-01-19 02:00:00,1768788000000,4.679,4.707,4.67,4.698,17280.8
2026-01-19 02:15:00,1768788900000,4.698,4.744,4.695,4.721,13294.5
2026-01-19 02:30:00,1768789800000,4.721,4.74,4.715,4.719,10224.1
2026-01-19 02:45:00,1768790700000,4.719,4.734,4.71,4.728,9609.8
2026-01-19 03:00:00,1768791600000,4.728,4.733,4.713,4.729,29421.6
2026-01-19 03:15:00,1768792500000,4.729,4.746,4.72,4.739,13780.8
2026-01-19 03:30:00,1768793400000,4.739,4.741,4.725,4.734,11455.4
2026-01-19 03:45:00,1768794300000,4.734,4.743,4.728,4.731,4125.0
2026-01-19 04:00:00,1768795200000,4.731,4.732,4.701,4.704,18043.0
2026-01-19 04:15:00,1768796100000,4.704,4.704,4.68,4.697,34520.6
2026-01-19 04:30:00,1768797000000,4.697,4.7,4.668,4.676,43892.5
2026-01-19 04:45:00,1768797900000,4.676,4.679,4.661,4.662,15852.5
2026-01-19 05:00:00,1768798800000,4.662,4.671,4.641,4.643,20963.0
2026-01-19 05:15:00,1768799700000,4.643,4.658,4.643,4.657,14681.4
2026-01-19 05:30:00,1768800600000,4.657,4.685,4.656,4.663,38388.1
2026-01-19 05:45:00,1768801500000,4.663,4.685,4.661,4.673,11080.4
2026-01-19 06:00:00,1768802400000,4.673,4.674,4.655,4.665,11439.0
2026-01-19 06:15:00,1768803300000,4.665,4.671,4.656,4.668,16189.2
2026-01-19 06:30:00,1768804200000,4.668,4.678,4.636,4.638,19187.6
2026-01-19 06:45:00,1768805100000,4.638,4.646,4.632,4.636,18124.9
2026-01-19 07:00:00,1768806000000,4.636,4.669,4.634,4.669,23882.1
2026-01-19 07:15:00,1768806900000,4.669,4.676,4.655,4.673,19416.1
2026-01-19 07:30:00,1768807800000,4.673,4.684,4.67,4.676,26435.2
2026-01-19 07:45:00,1768808700000,4.676,4.682,4.668,4.67,11418.1
2026-01-19 08:00:00,1768809600000,4.67,4.67,4.655,4.658,16028.7
2026-01-19 08:15:00,1768810500000,4.658,4.686,4.656,4.656,23593.2
2026-01-19 08:30:00,1768811400000,4.656,4.682,4.645,4.67,19811.0
2026-01-19 08:45:00,1768812300000,4.67,4.691,4.669,4.677,15155.2
2026-01-19 09:00:00,1768813200000,4.677,4.678,4.667,4.667,10367.7
2026-01-19 09:15:00,1768814100000,4.667,4.682,4.667,4.677,9877.8
2026-01-19 09:30:00,1768815000000,4.677,4.713,4.677,4.694,16249.4
2026-01-19 09:45:00,1768815900000,4.694,4.716,4.694,4.71,22519.5
2026-01-19 10:00:00,1768816800000,4.71,4.714,4.681,4.686,37037.5
2026-01-19 10:15:00,1768817700000,4.686,4.687,4.667,4.669,12403.3
2026-01-19 10:30:00,1768818600000,4.669,4.671,4.65,4.666,10897.7
2026-01-19 10:45:00,1768819500000,4.666,4.674,4.659,4.671,7657.2
2026-01-19 11:00:00,1768820400000,4.671,4.688,4.671,4.675,14195.7
2026-01-19 11:15:00,1768821300000,4.675,4.677,4.663,4.665,19294.8
2026-01-19 11:30:00,1768822200000,4.665,4.673,4.652,4.652,13012.4
2026-01-19 11:45:00,1768823100000,4.652,4.664,4.635,4.639,37461.1
2026-01-19 12:00:00,1768824000000,4.639,4.65,4.618,4.64,48162.6
2026-01-19 12:15:00,1768824900000,4.64,4.653,4.628,4.635,4892.4
2026-01-19 12:30:00,1768825800000,4.635,4.653,4.634,4.647,12699.7
2026-01-19 12:45:00,1768826700000,4.647,4.653,4.636,4.65,9856.7
2026-01-19 13:00:00,1768827600000,4.65,4.677,4.645,4.669,10704.9
2026-01-19 13:15:00,1768828500000,4.669,4.681,4.659,4.664,14062.3
2026-01-19 13:30:00,1768829400000,4.664,4.669,4.652,4.662,7421.6
2026-01-19 13:45:00,1768830300000,4.662,4.67,4.652,4.657,5968.1
2026-01-19 14:00:00,1768831200000,4.657,4.671,4.644,4.658,9286.8
2026-01-19 14:15:00,1768832100000,4.658,4.676,4.652,4.672,6227.2
2026-01-19 14:30:00,1768833000000,4.672,4.688,4.665,4.677,7491.4
2026-01-19 14:45:00,1768833900000,4.677,4.686,4.665,4.668,5190.3
2026-01-19 15:00:00,1768834800000,4.668,4.686,4.668,4.686,24928.7
2026-01-19 15:15:00,1768835700000,4.686,4.694,4.669,4.677,23308.9
2026-01-19 15:30:00,1768836600000,4.677,4.694,4.672,4.685,15485.5
2026-01-19 15:45:00,1768837500000,4.685,4.687,4.677,4.677,5985.6
2026-01-19 16:00:00,1768838400000,4.677,4.697,4.67,4.689,15204.6
2026-01-19 16:15:00,1768839300000,4.689,4.727,4.685,4.723,13167.6
2026-01-19 16:30:00,1768840200000,4.723,4.73,4.714,4.726,10311.5
2026-01-19 16:45:00,1768841100000,4.726,4.767,4.721,4.763,19911.7
2026-01-19 17:00:00,1768842000000,4.763,4.773,4.754,4.768,15315.3
2026-01-19 17:15:00,1768842900000,4.768,4.779,4.75,4.754,32306.1
2026-01-19 17:30:00,1768843800000,4.754,4.756,4.737,4.744,5477.6
2026-01-19 17:45:00,1768844700000,4.744,4.773,4.738,4.75,10560.9
2026-01-19 18:00:00,1768845600000,4.75,4.757,4.724,4.73,36392.4
2026-01-19 18:15:00,1768846500000,4.73,4.748,4.726,4.734,17860.6
2026-01-19 18:30:00,1768847400000,4.734,4.786,4.729,4.78,25868.7
2026-01-19 18:45:00,1768848300000,4.78,4.802,4.777,4.797,21988.6
2026-01-19 19:00:00,1768849200000,4.797,4.834,4.79,4.824,59815.5
2026-01-19 19:15:00,1768850100000,4.824,4.884,4.823,4.862,56288.4
2026-01-19 19:30:00,1768851000000,4.862,4.877,4.842,4.868,17277.0
2026-01-19 19:45:00,1768851900000,4.868,4.882,4.831,4.838,13142.0
2026-01-19 20:00:00,1768852800000,4.838,4.862,4.824,4.844,38046.1
2026-01-19 20:15:00,1768853700000,4.844,4.872,4.835,4.867,23134.3
2026-01-19 20:30:00,1768854600000,4.867,4.869,4.831,4.843,9025.6
2026-01-19 20:45:00,1768855500000,4.843,4.867,4.839,4.853,7963.0
2026-01-19 21:00:00,1768856400000,4.853,4.869,4.807,4.812,16755.7
2026-01-19 21:15:00,1768857300000,4.812,4.817,4.797,4.812,13187.0
2026-01-19 21:30:00,1768858200000,4.812,4.812,4.799,4.804,3050.3
2026-01-19 21:45:00,1768859100000,4.804,4.804,4.784,4.792,8271.0
2026-01-19 22:00:00,1768860000000,4.792,4.796,4.748,4.761,52376.6
2026-01-19 22:15:00,1768860900000,4.761,4.791,4.761,4.791,32707.2
2026-01-19 22:30:00,1768861800000,4.791,4.792,4.75,4.752,20083.0
2026-01-19 22:45:00,1768862700000,4.752,4.762,4.735,4.735,9528.4
2026-01-19 23:00:00,1768863600000,4.735,4.773,4.735,4.764,31398.5
2026-01-19 23:15:00,1768864500000,4.764,4.825,4.748,4.825,37425.4
2026-01-19 23:30:00,1768865400000,4.825,4.892,4.825,4.865,55029.5
2026-01-19 23:45:00,1768866300000,4.865,4.865,4.824,4.834,27613.4
2026-01-20 00:00:00,1768867200000,4.834,4.848,4.799,4.815,26540.4
2026-01-20 00:15:00,1768868100000,4.815,4.833,4.797,4.829,25461.4
2026-01-20 00:30:00,1768869000000,4.829,4.839,4.798,4.8,18221.4
2026-01-20 00:45:00,1768869900000,4.8,4.804,4.782,4.795,13533.0
2026-01-20 01:00:00,1768870800000,4.795,4.797,4.766,4.791,10204.7
2026-01-20 01:15:00,1768871700000,4.791,4.853,4.788,4.851,20433.2
2026-01-20 01:30:00,1768872600000,4.851,4.852,4.8,4.804,15764.2
2026-01-20 01:45:00,1768873500000,4.804,4.824,4.802,4.802,7307.4
2026-01-20 02:00:00,1768874400000,4.802,4.805,4.778,4.788,14342.2
2026-01-20 02:15:00,1768875300000,4.788,4.794,4.761,4.771,25698.9
2026-01-20 02:30:00,1768876200000,4.771,4.829,4.771,4.816,11423.7
2026-01-20 02:45:00,1768877100000,4.816,4.846,4.814,4.822,26800.8
2026-01-20 03:00:00,1768878000000,4.822,4.828,4.792,4.796,10116.1
2026-01-20 03:15:00,1768878900000,4.796,4.814,4.78,4.787,11467.5
2026-01-20 03:30:00,1768879800000,4.787,4.807,4.769,4.807,20252.7
2026-01-20 03:45:00,1768880700000,4.807,4.814,4.789,4.794,5909.1
2026-01-20 04:00:00,1768881600000,4.794,4.795,4.775,4.778,7326.5
2026-01-20 04:15:00,1768882500000,4.778,4.795,4.773,4.795,8816.2
2026-01-20 04:30:00,1768883400000,4.795,4.814,4.786,4.8,10386.6
2026-01-20 04:45:00,1768884300000,4.8,4.816,4.789,4.795,15820.6
2026-01-20 05:00:00,1768885200000,4.795,4.831,4.764,4.785,55728.8
2026-01-20 05:15:00,1768886100000,4.785,4.806,4.771,4.795,22334.7
2026-01-20 05:30:00,1768887000000,4.795,4.797,4.781,4.791,13073.4
2026-01-20 05:45:00,1768887900000,4.791,4.82,4.779,4.784,40067.0
2026-01-20 06:00:00,1768888800000,4.784,4.784,4.741,4.743,29815.1
2026-01-20 06:15:00,1768889700000,4.743,4.758,4.701,4.757,58869.8
2026-01-20 06:30:00,1768890600000,4.757,4.762,4.725,4.754,25082.7
2026-01-20 06:45:00,1768891500000,4.754,4.755,4.729,4.739,31690.5
2026-01-20 07:00:00,1768892400000,4.739,4.759,4.726,4.754,14137.9
2026-01-20 07:15:00,1768893300000,4.754,4.761,4.731,4.732,12877.6
2026-01-20 07:30:00,1768894200000,4.732,4.736,4.72,4.725,9599.7
2026-01-20 07:45:00,1768895100000,4.725,4.725,4.698,4.698,21033.4
2026-01-20 08:00:00,1768896000000,4.698,4.706,4.651,4.674,65231.5
2026-01-20 08:15:00,1768896900000,4.674,4.703,4.67,4.693,44613.6
2026-01-20 08:30:00,1768897800000,4.693,4.693,4.634,4.647,68806.8
2026-01-20 08:45:00,1768898700000,4.647,4.681,4.645,4.68,34631.8
2026-01-20 09:00:00,1768899600000,4.68,4.69,4.667,4.684,30238.1
2026-01-20 09:15:00,1768900500000,4.684,4.685,4.658,4.661,7822.6
2026-01-20 09:30:00,1768901400000,4.661,4.668,4.649,4.655,11129.3
2026-01-20 09:45:00,1768902300000,4.655,4.679,4.652,4.677,9069.9
2026-01-20 10:00:00,1768903200000,4.677,4.721,4.672,4.72,14305.0
2026-01-20 10:15:00,1768904100000,4.72,4.724,4.683,4.687,13449.4
2026-01-20 10:30:00,1768905000000,4.687,4.688,4.662,4.665,19024.6
2026-01-20 10:45:00,1768905900000,4.665,4.676,4.659,4.661,18347.7
2026-01-20 11:00:00,1768906800000,4.661,4.669,4.654,4.657,7130.5
2026-01-20 11:15:00,1768907700000,4.657,4.662,4.638,4.647,10596.9
2026-01-20 11:30:00,1768908600000,4.647,4.649,4.627,4.642,17742.5
2026-01-20 11:45:00,1768909500000,4.642,4.644,4.625,4.627,8775.8
2026-01-20 12:00:00,1768910400000,4.627,4.667,4.618,4.661,18428.2
2026-01-20 12:15:00,1768911300000,4.661,4.688,4.658,4.68,12466.1
2026-01-20 12:30:00,1768912200000,4.68,4.68,4.661,4.672,5860.2
2026-01-20 12:45:00,1768913100000,4.672,4.679,4.666,4.666,9097.9
2026-01-20 13:00:00,1768914000000,4.666,4.666,4.632,4.632,16787.2
2026-01-20 13:15:00,1768914900000,4.632,4.648,4.628,4.648,8790.7
2026-01-20 13:30:00,1768915800000,4.648,4.658,4.632,4.643,16106.9
2026-01-20 13:45:00,1768916700000,4.643,4.643,4.602,4.612,28107.8
2026-01-20 14:00:00,1768917600000,4.612,4.633,4.612,4.628,24579.0
2026-01-20 14:15:00,1768918500000,4.628,4.628,4.589,4.614,110005.1
2026-01-20 14:30:00,1768919400000,4.614,4.703,4.606,4.681,83921.5
2026-01-20 14:45:00,1768920300000,4.681,4.699,4.635,4.648,222600.5
2026-01-20 15:00:00,1768921200000,4.648,4.663,4.59,4.628,113031.5
2026-01-20 15:15:00,1768922100000,4.628,4.644,4.604,4.628,51900.1
2026-01-20 15:30:00,1768923000000,4.628,4.646,4.608,4.61,21728.2
2026-01-20 15:45:00,1768923900000,4.61,4.627,4.596,4.626,11068.8
2026-01-20 16:00:00,1768924800000,4.626,4.645,4.606,4.632,13537.4
2026-01-20 16:15:00,1768925700000,4.632,4.646,4.595,4.6,25046.3
2026-01-20 16:30:00,1768926600000,4.6,4.608,4.553,4.553,47327.1
2026-01-20 16:45:00,1768927500000,4.553,4.569,4.536,4.558,24744.7
2026-01-20 17:00:00,1768928400000,4.558,4.622,4.542,4.59,55622.9
2026-01-20 17:15:00,1768929300000,4.59,4.597,4.564,4.574,10362.9
2026-01-20 17:30:00,1768930200000,4.574,4.577,4.542,4.544,28374.1
2026-01-20 17:45:00,1768931100000,4.544,4.561,4.522,4.548,26697.3
2026-01-20 18:00:00,1768932000000,4.548,4.563,4.541,4.548,16387.3
2026-01-20 18:15:00,1768932900000,4.548,4.551,4.518,4.523,16567.4
2026-01-20 18:30:00,1768933800000,4.523,4.529,4.499,4.51,36772.6
2026-01-20 18:45:00,1768934700000,4.51,4.517,4.494,4.516,23744.8
2026-01-20 19:00:00,1768935600000,4.516,4.551,4.516,4.532,21850.0
2026-01-20 19:15:00,1768936500000,4.532,4.542,4.519,4.522,10422.1
2026-01-20 19:30:00,1768937400000,4.522,4.536,4.508,4.529,23543.9
2026-01-20 19:45:00,1768938300000,4.529,4.551,4.525,4.545,12809.3
2026-01-20 20:00:00,1768939200000,4.545,4.554,4.531,4.547,15218.4
2026-01-20 20:15:00,1768940100000,4.547,4.581,4.547,4.573,20246.7
2026-01-20 20:30:00,1768941000000,4.573,4.579,4.555,4.563,8913.9
2026-01-20 20:45:00,1768941900000,4.563,4.583,4.563,4.575,10405.2
2026-01-20 21:00:00,1768942800000,4.575,4.576,4.552,4.555,5584.9
2026-01-20 21:15:00,1768943700000,4.555,4.558,4.533,4.538,26794.3
2026-01-20 21:30:00,1768944600000,4.538,4.539,4.52,4.535,7922.2
2026-01-20 21:45:00,1768945500000,4.535,4.536,4.521,4.529,5390.9
2026-01-20 22:00:00,1768946400000,4.529,4.534,4.519,4.529,17123.1
2026-01-20 22:15:00,1768947300000,4.529,4.535,4.515,4.523,5691.1
2026-01-20 22:30:00,1768948200000,4.523,4.532,4.446,4.513,109017.4
2026-01-20 22:45:00,1768949100000,4.513,4.521,4.501,4.507,9315.2
2026-01-20 23:00:00,1768950000000,4.507,4.508,4.475,4.495,27088.1
2026-01-20 23:15:00,1768950900000,4.495,4.497,4.463,4.471,12163.9
2026-01-20 23:30:00,1768951800000,4.471,4.495,4.471,4.49,13572.3
2026-01-20 23:45:00,1768952700000,4.49,4.497,4.484,4.489,8434.4
2026-01-21 00:00:00,1768953600000,4.489,4.512,4.487,4.499,13148.8
2026-01-21 00:15:00,1768954500000,4.499,4.515,4.484,4.512,9798.3
2026-01-21 00:30:00,1768955400000,4.512,4.547,4.508,4.539,11721.0
2026-01-21 00:45:00,1768956300000,4.539,4.592,4.539,4.586,23337.4
2026-01-21 01:00:00,1768957200000,4.586,4.602,4.576,4.599,11951.7
2026-01-21 01:15:00,1768958100000,4.599,4.611,4.588,4.594,11584.4
2026-01-21 01:30:00,1768959000000,4.594,4.602,4.585,4.588,9943.9
2026-01-21 01:45:00,1768959900000,4.588,4.596,4.578,4.596,3768.2
2026-01-21 02:00:00,1768960800000,4.596,4.641,4.596,4.635,33691.3
2026-01-21 02:15:00,1768961700000,4.635,4.64,4.625,4.636,10104.2
2026-01-21 02:30:00,1768962600000,4.636,4.646,4.627,4.645,10988.4
2026-01-21 02:45:00,1768963500000,4.645,4.655,4.625,4.634,15440.4
2026-01-21 03:00:00,1768964400000,4.634,4.645,4.612,4.634,12482.4
2026-01-21 03:15:00,1768965300000,4.634,4.641,4.62,4.624,11241.4
2026-01-21 03:30:00,1768966200000,4.624,4.635,4.611,4.625,9590.3
2026-01-21 03:45:00,1768967100000,4.625,4.625,4.604,4.612,5495.4
2026-01-21 04:00:00,1768968000000,4.612,4.616,4.595,4.598,9839.3
2026-01-21 04:15:00,1768968900000,4.598,4.622,4.597,4.622,4991.0
2026-01-21 04:30:00,1768969800000,4.622,4.632,4.612,4.632,5804.7
2026-01-21 04:45:00,1768970700000,4.632,4.632,4.623,4.63,4331.8
2026-01-21 05:00:00,1768971600000,4.63,4.631,4.616,4.62,4733.5
2026-01-21 05:15:00,1768972500000,4.62,4.622,4.611,4.618,4509.9
2026-01-21 05:30:00,1768973400000,4.618,4.626,4.61,4.626,10529.0
2026-01-21 05:45:00,1768974300000,4.626,4.652,4.624,4.637,14127.0
2026-01-21 06:00:00,1768975200000,4.637,4.643,4.631,4.64,10503.7
2026-01-21 06:15:00,1768976100000,4.64,4.646,4.633,4.644,4928.8
2026-01-21 06:30:00,1768977000000,4.644,4.645,4.631,4.636,5717.5
2026-01-21 06:45:00,1768977900000,4.636,4.642,4.629,4.638,4437.7
2026-01-21 07:00:00,1768978800000,4.638,4.638,4.616,4.633,5971.0
2026-01-21 07:15:00,1768979700000,4.633,4.652,4.633,4.652,5183.2
2026-01-21 07:30:00,1768980600000,4.652,4.652,4.616,4.622,12807.7
2026-01-21 07:45:00,1768981500000,4.622,4.627,4.616,4.627,6330.6
2026-01-21 08:00:00,1768982400000,4.627,4.631,4.613,4.613,21791.0
2026-01-21 08:15:00,1768983300000,4.613,4.623,4.605,4.608,12740.6
2026-01-21 08:30:00,1768984200000,4.608,4.611,4.579,4.589,13315.1
2026-01-21 08:45:00,1768985100000,4.589,4.618,4.588,4.618,9116.6
2026-01-21 09:00:00,1768986000000,4.618,4.619,4.602,4.609,7114.8
2026-01-21 09:15:00,1768986900000,4.609,4.617,4.608,4.613,5385.7
2026-01-21 09:30:00,1768987800000,4.613,4.617,4.606,4.614,4835.7
2026-01-21 09:45:00,1768988700000,4.614,4.625,4.61,4.62,10641.2
2026-01-21 10:00:00,1768989600000,4.62,4.649,4.613,4.649,22351.6
2026-01-21 10:15:00,1768990500000,4.649,4.679,4.644,4.664,63148.6
2026-01-21 10:30:00,1768991400000,4.664,4.677,4.656,4.671,15644.8
2026-01-21 10:45:00,1768992300000,4.671,4.673,4.66,4.667,10150.8
2026-01-21 11:00:00,1768993200000,4.667,4.667,4.631,4.652,15339.1
2026-01-21 11:15:00,1768994100000,4.652,4.669,4.646,4.659,9936.3
2026-01-21 11:30:00,1768995000000,4.659,4.662,4.643,4.645,6652.8
2026-01-21 11:45:00,1768995900000,4.645,4.648,4.601,4.613,21099.7
2026-01-21 12:00:00,1768996800000,4.613,4.614,4.561,4.575,44426.7
2026-01-21 12:15:00,1768997700000,4.575,4.581,4.537,4.548,43936.8
2026-01-21 12:30:00,1768998600000,4.548,4.595,4.538,4.595,22711.1
2026-01-21 12:45:00,1768999500000,4.595,4.608,4.583,4.603,43209.1
2026-01-21 13:00:00,1769000400000,4.603,4.624,4.6,4.61,13835.5
2026-01-21 13:15:00,1769001300000,4.61,4.612,4.576,4.579,19162.7
2026-01-21 13:30:00,1769002200000,4.579,4.604,4.568,4.579,20144.7
2026-01-21 13:45:00,1769003100000,4.579,4.589,4.562,4.571,30200.1
2026-01-21 14:00:00,1769004000000,4.571,4.698,4.565,4.687,103066.8
2026-01-21 14:15:00,1769004900000,4.687,4.704,4.658,4.673,132959.3
2026-01-21 14:30:00,1769005800000,4.673,4.718,4.668,4.675,65282.6
2026-01-21 14:45:00,1769006700000,4.675,4.717,4.663,4.704,37254.1
2026-01-21 15:00:00,1769007600000,4.704,4.788,4.687,4.734,86139.3
2026-01-21 15:15:00,1769008500000,4.734,4.764,4.714,4.718,56218.0
2026-01-21 15:30:00,1769009400000,4.718,4.725,4.684,4.702,36093.8
2026-01-21 15:45:00,1769010300000,4.702,4.744,4.696,4.741,17546.8
2026-01-21 16:00:00,1769011200000,4.741,4.749,4.714,4.718,18108.5
2026-01-21 16:15:00,1769012100000,4.718,4.718,4.648,4.677,37397.6
2026-01-21 16:30:00,1769013000000,4.677,4.679,4.537,4.54,119026.4
2026-01-21 16:45:00,1769013900000,4.54,4.606,4.509,4.525,110010.0
2026-01-21 17:00:00,1769014800000,4.525,4.581,4.496,4.501,98513.9
2026-01-21 17:15:00,1769015700000,4.501,4.539,4.484,4.514,43196.1
2026-01-21 17:30:00,1769016600000,4.514,4.53,4.474,4.511,53261.6
2026-01-21 17:45:00,1769017500000,4.511,4.538,4.5,4.532,28907.8
2026-01-21 18:00:00,1769018400000,4.532,4.568,4.509,4.552,18847.8
2026-01-21 18:15:00,1769019300000,4.552,4.561,4.521,4.529,17656.9
2026-01-21 18:30:00,1769020200000,4.529,4.544,4.523,4.532,21194.9
2026-01-21 18:45:00,1769021100000,4.532,4.581,4.526,4.558,24743.8
2026-01-21 19:00:00,1769022000000,4.558,4.575,4.53,4.542,39077.0
2026-01-21 19:15:00,1769022900000,4.542,4.653,4.532,4.647,73426.3
2026-01-21 19:30:00,1769023800000,4.647,4.741,4.636,4.731,76413.5
2026-01-21 19:45:00,1769024700000,4.731,4.763,4.713,4.757,72209.9
2026-01-21 20:00:00,1769025600000,4.757,4.768,4.712,4.714,24237.2
2026-01-21 20:15:00,1769026500000,4.714,4.714,4.66,4.667,51299.3
2026-01-21 20:30:00,1769027400000,4.667,4.679,4.653,4.672,42834.1
2026-01-21 20:45:00,1769028300000,4.672,4.734,4.672,4.733,21455.4
2026-01-21 21:00:00,1769029200000,4.733,4.753,4.709,4.733,35514.4
2026-01-21 21:15:00,1769030100000,4.733,4.765,4.722,4.723,24626.0
2026-01-21 21:30:00,1769031000000,4.723,4.749,4.721,4.743,5669.1
2026-01-21 21:45:00,1769031900000,4.743,4.747,4.729,4.732,6255.0
2026-01-21 22:00:00,1769032800000,4.732,4.769,4.731,4.734,6384.7
2026-01-21 22:15:00,1769033700000,4.734,4.736,4.701,4.707,6902.9
2026-01-21 22:30:00,1769034600000,4.707,4.711,4.689,4.694,9894.1
2026-01-21 22:45:00,1769035500000,4.694,4.705,4.688,4.688,4763.9
2026-01-21 23:00:00,1769036400000,4.688,4.701,4.674,4.697,16740.6
2026-01-21 23:15:00,1769037300000,4.697,4.697,4.66,4.676,13914.9
2026-01-21 23:30:00,1769038200000,4.676,4.676,4.628,4.628,12850.5
2026-01-21 23:45:00,1769039100000,4.628,4.639,4.612,4.634,14220.7
2026-01-22 00:00:00,1769040000000,4.634,4.662,4.634,4.659,16162.0
2026-01-22 00:15:00,1769040900000,4.659,4.669,4.649,4.661,10121.0
2026-01-22 00:30:00,1769041800000,4.661,4.686,4.658,4.684,7903.8
2026-01-22 00:45:00,1769042700000,4.684,4.687,4.67,4.675,3029.1
2026-01-22 01:00:00,1769043600000,4.675,4.691,4.662,4.672,8977.3
2026-01-22 01:15:00,1769044500000,4.672,4.695,4.672,4.695,8954.0
2026-01-22 01:30:00,1769045400000,4.695,4.703,4.683,4.702,6962.5
2026-01-22 01:45:00,1769046300000,4.702,4.719,4.694,4.718,5506.3
2026-01-22 02:00:00,1769047200000,4.718,4.724,4.705,4.715,13765.0
2026-01-22 02:15:00,1769048100000,4.715,4.722,4.712,4.716,3775.5
2026-01-22 02:30:00,1769049000000,4.716,4.723,4.704,4.721,2589.8
2026-01-22 02:45:00,1769049900000,4.721,4.723,4.698,4.705,1791.2
2026-01-22 03:00:00,1769050800000,4.705,4.719,4.704,4.712,5547.8
2026-01-22 03:15:00,1769051700000,4.712,4.712,4.691,4.691,5710.4
2026-01-22 03:30:00,1769052600000,4.691,4.691,4.657,4.674,13250.1
2026-01-22 03:45:00,1769053500000,4.674,4.68,4.672,4.677,4299.6
2026-01-22 04:00:00,1769054400000,4.677,4.685,4.669,4.672,4698.9
2026-01-22 04:15:00,1769055300000,4.672,4.686,4.666,4.686,2866.3
2026-01-22 04:30:00,1769056200000,4.686,4.701,4.678,4.698,4770.5
2026-01-22 04:45:00,1769057100000,4.698,4.702,4.692,4.692,5953.7
2026-01-22 05:00:00,1769058000000,4.692,4.704,4.682,4.697,5982.6
2026-01-22 05:15:00,1769058900000,4.697,4.698,4.67,4.672,5069.1
2026-01-22 05:30:00,1769059800000,4.672,4.681,4.664,4.676,4026.3
2026-01-22 05:45:00,1769060700000,4.676,4.677,4.658,4.666,4615.3
2026-01-22 06:00:00,1769061600000,4.666,4.673,4.639,4.645,4586.8
2026-01-22 06:15:00,1769062500000,4.645,4.65,4.621,4.623,13548.4
2026-01-22 06:30:00,1769063400000,4.623,4.654,4.62,4.651,4055.9
2026-01-22 06:45:00,1769064300000,4.651,4.665,4.651,4.658,5734.5
2026-01-22 07:00:00,1769065200000,4.658,4.662,4.64,4.64,11392.2
2026-01-22 07:15:00,1769066100000,4.64,4.646,4.627,4.637,17103.4
2026-01-22 07:30:00,1769067000000,4.637,4.661,4.631,4.656,26656.1
2026-01-22 07:45:00,1769067900000,4.656,4.657,4.639,4.641,5486.9
2026-01-22 08:00:00,1769068800000,4.641,4.665,4.633,4.641,9010.8
2026-01-22 08:15:00,1769069700000,4.641,4.65,4.635,4.638,5022.4
2026-01-22 08:30:00,1769070600000,4.638,4.638,4.625,4.626,5292.7
2026-01-22 08:45:00,1769071500000,4.626,4.658,4.621,4.658,18927.6
2026-01-22 09:00:00,1769072400000,4.658,4.677,4.652,4.677,6496.4
2026-01-22 09:15:00,1769073300000,4.677,4.685,4.663,4.663,14478.4
2026-01-22 09:30:00,1769074200000,4.663,4.683,4.663,4.683,8435.6
2026-01-22 09:45:00,1769075100000,4.683,4.684,4.669,4.674,3305.8
2026-01-22 10:00:00,1769076000000,4.674,4.677,4.661,4.663,4013.2
2026-01-22 10:15:00,1769076900000,4.663,4.668,4.657,4.66,18347.6
2026-01-22 10:30:00,1769077800000,4.66,4.664,4.654,4.661,23433.0
2026-01-22 10:45:00,1769078700000,4.661,4.667,4.655,4.659,8401.1
2026-01-22 11:00:00,1769079600000,4.659,4.659,4.634,4.64,7966.1
2026-01-22 11:15:00,1769080500000,4.64,4.646,4.616,4.625,34563.1
2026-01-22 11:30:00,1769081400000,4.625,4.633,4.619,4.625,12308.1
2026-01-22 11:45:00,1769082300000,4.625,4.628,4.614,4.614,9668.0
2026-01-22 12:00:00,1769083200000,4.614,4.615,4.604,4.611,14591.0
2026-01-22 12:15:00,1769084100000,4.611,4.619,4.604,4.613,9083.4
2026-01-22 12:30:00,1769085000000,4.613,4.618,4.595,4.601,7554.3
2026-01-22 12:45:00,1769085900000,4.601,4.615,4.598,4.611,12248.4
2026-01-22 13:00:00,1769086800000,4.611,4.623,4.607,4.617,12511.1
2026-01-22 13:15:00,1769087700000,4.617,4.636,4.608,4.636,8999.3
2026-01-22 13:30:00,1769088600000,4.636,4.648,4.6,4.606,42154.1
2026-01-22 13:45:00,1769089500000,4.606,4.619,4.588,4.61,22721.8
2026-01-22 14:00:00,1769090400000,4.61,4.616,4.596,4.614,10367.6
2026-01-22 14:15:00,1769091300000,4.614,4.614,4.568,4.581,18450.6
2026-01-22 14:30:00,1769092200000,4.581,4.603,4.555,4.574,36856.7
2026-01-22 14:45:00,1769093100000,4.574,4.576,4.525,4.542,32091.2
2026-01-22 15:00:00,1769094000000,4.542,4.558,4.53,4.549,23427.9
2026-01-22 15:15:00,1769094900000,4.549,4.563,4.496,4.506,55179.3
2026-01-22 15:30:00,1769095800000,4.506,4.575,4.497,4.575,53798.2
2026-01-22 15:45:00,1769096700000,4.575,4.595,4.559,4.566,47151.1
2026-01-22 16:00:00,1769097600000,4.566,4.601,4.562,4.567,25926.5
2026-01-22 16:15:00,1769098500000,4.567,4.599,4.563,4.586,21947.4
2026-01-22 16:30:00,1769099400000,4.586,4.602,4.579,4.597,16412.9
2026-01-22 16:45:00,1769100300000,4.597,4.634,4.597,4.619,16254.7
2026-01-22 17:00:00,1769101200000,4.619,4.633,4.614,4.617,18983.4
2026-01-22 17:15:00,1769102100000,4.617,4.621,4.581,4.587,30379.0
2026-01-22 17:30:00,1769103000000,4.587,4.597,4.583,4.595,2956.2
2026-01-22 17:45:00,1769103900000,4.595,4.639,4.595,4.633,24970.5
2026-01-22 18:00:00,1769104800000,4.633,4.633,4.606,4.606,17633.7
2026-01-22 18:15:00,1769105700000,4.606,4.635,4.605,4.615,7084.0
2026-01-22 18:30:00,1769106600000,4.615,4.637,4.614,4.619,7060.0
2026-01-22 18:45:00,1769107500000,4.619,4.623,4.586,4.587,9516.0
2026-01-22 19:00:00,1769108400000,4.587,4.598,4.566,4.592,23794.6
2026-01-22 19:15:00,1769109300000,4.592,4.592,4.574,4.584,4748.8
2026-01-22 19:30:00,1769110200000,4.584,4.617,4.584,4.606,17901.2
2026-01-22 19:45:00,1769111100000,4.606,4.611,4.583,4.595,10293.7
2026-01-22 20:00:00,1769112000000,4.595,4.6,4.581,4.6,7874.0
2026-01-22 20:15:00,1769112900000,4.6,4.606,4.56,4.567,17369.9
2026-01-22 20:30:00,1769113800000,4.567,4.574,4.544,4.55,32834.5
2026-01-22 20:45:00,1769114700000,4.55,4.566,4.548,4.563,8123.3
2026-01-22 21:00:00,1769115600000,4.563,4.581,4.561,4.572,4343.3
2026-01-22 21:15:00,1769116500000,4.572,4.59,4.569,4.578,9973.8
2026-01-22 21:30:00,1769117400000,4.578,4.579,4.562,4.563,2501.5
2026-01-22 21:45:00,1769118300000,4.563,4.578,4.556,4.571,2873.6
2026-01-22 22:00:00,1769119200000,4.571,4.592,4.563,4.584,13290.3
2026-01-22 22:15:00,1769120100000,4.584,4.588,4.569,4.581,10940.8
2026-01-22 22:30:00,1769121000000,4.581,4.581,4.562,4.575,6141.9
2026-01-22 22:45:00,1769121900000,4.575,4.586,4.575,4.575,1606.9
2026-01-22 23:00:00,1769122800000,4.575,4.576,4.55,4.576,16664.5
2026-01-22 23:15:00,1769123700000,4.576,4.587,4.569,4.581,7298.9
2026-01-22 23:30:00,1769124600000,4.581,4.594,4.57,4.571,11315.2
2026-01-22 23:45:00,1769125500000,4.571,4.593,4.571,4.59,7911.6
2026-01-23 00:00:00,1769126400000,4.59,4.602,4.579,4.599,3811.0
2026-01-23 00:15:00,1769127300000,4.599,4.605,4.591,4.596,6757.7
2026-01-23 00:30:00,1769128200000,4.596,4.598,4.583,4.592,3306.8
2026-01-23 00:45:00,1769129100000,4.592,4.608,4.592,4.597,5455.1
2026-01-23 01:00:00,1769130000000,4.597,4.616,4.597,4.61,3982.2
2026-01-23 01:15:00,1769130900000,4.61,4.62,4.604,4.615,7850.1
2026-01-23 01:30:00,1769131800000,4.615,4.633,4.615,4.628,7488.9
2026-01-23 01:45:00,1769132700000,4.628,4.635,4.622,4.632,8981.5
2026-01-23 02:00:00,1769133600000,4.632,4.635,4.619,4.626,13106.4
2026-01-23 02:15:00,1769134500000,4.626,4.626,4.615,4.621,3556.4
2026-01-23 02:30:00,1769135400000,4.621,4.628,4.612,4.619,12592.9
2026-01-23 02:45:00,1769136300000,4.619,4.621,4.604,4.605,5610.9
2026-01-23 03:00:00,1769137200000,4.605,4.627,4.603,4.625,4808.2
2026-01-23 03:15:00,1769138100000,4.625,4.652,4.625,4.65,11016.8
2026-01-23 03:30:00,1769139000000,4.65,4.655,4.64,4.646,9365.6
2026-01-23 03:45:00,1769139900000,4.646,4.647,4.637,4.641,6582.2
2026-01-23 04:00:00,1769140800000,4.641,4.652,4.631,4.651,8160.8
2026-01-23 04:15:00,1769141700000,4.651,4.661,4.64,4.658,11578.7
2026-01-23 04:30:00,1769142600000,4.658,4.667,4.651,4.665,8062.7
2026-01-23 04:45:00,1769143500000,4.665,4.68,4.665,4.671,20964.7
2026-01-23 05:00:00,1769144400000,4.671,4.674,4.664,4.674,5345.0
2026-01-23 05:15:00,1769145300000,4.674,4.678,4.658,4.67,6823.8
2026-01-23 05:30:00,1769146200000,4.67,4.672,4.658,4.658,8095.7
2026-01-23 05:45:00,1769147100000,4.658,4.669,4.642,4.667,7057.3
2026-01-23 06:00:00,1769148000000,4.667,4.673,4.658,4.661,20503.1
2026-01-23 06:15:00,1769148900000,4.661,4.665,4.623,4.631,14627.4
2026-01-23 06:30:00,1769149800000,4.631,4.658,4.628,4.65,10958.6
2026-01-23 06:45:00,1769150700000,4.65,4.651,4.616,4.616,14437.5
2026-01-23 07:00:00,1769151600000,4.616,4.624,4.611,4.618,6474.0
2026-01-23 07:15:00,1769152500000,4.618,4.635,4.618,4.624,4039.6
2026-01-23 07:30:00,1769153400000,4.624,4.632,4.617,4.618,2283.7
2026-01-23 07:45:00,1769154300000,4.618,4.618,4.602,4.615,3155.7
2026-01-23 08:00:00,1769155200000,4.615,4.627,4.61,4.622,9215.9
2026-01-23 08:15:00,1769156100000,4.622,4.623,4.605,4.608,6161.1
2026-01-23 08:30:00,1769157000000,4.608,4.616,4.574,4.59,32005.3
2026-01-23 08:45:00,1769157900000,4.59,4.598,4.566,4.583,10668.2
2026-01-23 09:00:00,1769158800000,4.583,4.603,4.583,4.593,8734.7
2026-01-23 09:15:00,1769159700000,4.593,4.593,4.576,4.584,11842.7
2026-01-23 09:30:00,1769160600000,4.584,4.597,4.571,4.591,11672.6
2026-01-23 09:45:00,1769161500000,4.591,4.594,4.578,4.589,10033.4
2026-01-23 10:00:00,1769162400000,4.589,4.592,4.564,4.587,9628.5
2026-01-23 10:15:00,1769163300000,4.587,4.591,4.568,4.568,6943.1
2026-01-23 10:30:00,1769164200000,4.568,4.578,4.557,4.575,20443.2
2026-01-23 10:45:00,1769165100000,4.575,4.583,4.571,4.576,26135.4
2026-01-23 11:00:00,1769166000000,4.576,4.601,4.574,4.595,48754.0
2026-01-23 11:15:00,1769166900000,4.595,4.599,4.59,4.598,18544.5
2026-01-23 11:30:00,1769167800000,4.598,4.611,4.595,4.598,35869.7
2026-01-23 11:45:00,1769168700000,4.598,4.614,4.598,4.612,24813.8
2026-01-23 12:00:00,1769169600000,4.612,4.617,4.608,4.609,20076.2
2026-01-23 12:15:00,1769170500000,4.609,4.61,4.594,4.604,10486.2
2026-01-23 12:30:00,1769171400000,4.604,4.607,4.583,4.607,14610.5
2026-01-23 12:45:00,1769172300000,4.607,4.617,4.597,4.598,8888.3
2026-01-23 13:00:00,1769173200000,4.598,4.615,4.594,4.615,16606.7
2026-01-23 13:15:00,1769174100000,4.615,4.628,4.612,4.619,34071.2
2026-01-23 13:30:00,1769175000000,4.619,4.624,4.603,4.614,11476.6
2026-01-23 13:45:00,1769175900000,4.614,4.621,4.597,4.601,7913.3
2026-01-23 14:00:00,1769176800000,4.601,4.607,4.592,4.595,8275.7
2026-01-23 14:15:00,1769177700000,4.595,4.602,4.587,4.6,10987.7
2026-01-23 14:30:00,1769178600000,4.6,4.608,4.492,4.508,105666.3
2026-01-23 14:45:00,1769179500000,4.508,4.531,4.469,4.519,57430.1
2026-01-23 15:00:00,1769180400000,4.519,4.539,4.482,4.493,45219.3
2026-01-23 15:15:00,1769181300000,4.493,4.547,4.475,4.525,30334.3
2026-01-23 15:30:00,1769182200000,4.525,4.564,4.525,4.543,19683.5
2026-01-23 15:45:00,1769183100000,4.543,4.602,4.543,4.596,44069.6
2026-01-23 16:00:00,1769184000000,4.596,4.615,4.589,4.599,29592.0
2026-01-23 16:15:00,1769184900000,4.599,4.603,4.559,4.564,20992.4
2026-01-23 16:30:00,1769185800000,4.564,4.646,4.55,4.631,50332.4
2026-01-23 16:45:00,1769186700000,4.631,4.648,4.61,4.614,36186.6
2026-01-23 17:00:00,1769187600000,4.614,4.614,4.577,4.596,29465.4
2026-01-23 17:15:00,1769188500000,4.596,4.677,4.596,4.676,53353.2
2026-01-23 17:30:00,1769189400000,4.676,4.704,4.656,4.675,49362.9
2026-01-23 17:45:00,1769190300000,4.675,4.691,4.638,4.641,25521.7
2026-01-23 18:00:00,1769191200000,4.641,4.684,4.626,4.658,26225.4
2026-01-23 18:15:00,1769192100000,4.658,4.682,4.648,4.669,9996.6
2026-01-23 18:30:00,1769193000000,4.669,4.684,4.655,4.661,11293.1
2026-01-23 18:45:00,1769193900000,4.661,4.662,4.642,4.655,6276.0
2026-01-23 19:00:00,1769194800000,4.655,4.655,4.61,4.614,32340.7
2026-01-23 19:15:00,1769195700000,4.614,4.614,4.565,4.576,49540.9
2026-01-23 19:30:00,1769196600000,4.576,4.582,4.547,4.577,33146.8
2026-01-23 19:45:00,1769197500000,4.577,4.585,4.558,4.576,32756.8
2026-01-23 20:00:00,1769198400000,4.576,4.587,4.565,4.582,12364.2
2026-01-23 20:15:00,1769199300000,4.582,4.586,4.567,4.569,12420.1
2026-01-23 20:30:00,1769200200000,4.569,4.569,4.523,4.541,32674.3
2026-01-23 20:45:00,1769201100000,4.541,4.564,4.525,4.549,13146.5
2026-01-23 21:00:00,1769202000000,4.549,4.578,4.543,4.574,6881.3
2026-01-23 21:15:00,1769202900000,4.574,4.585,4.564,4.574,5808.9
2026-01-23 21:30:00,1769203800000,4.574,4.58,4.561,4.567,6874.0
2026-01-23 21:45:00,1769204700000,4.567,4.573,4.562,4.562,2843.3
2026-01-23 22:00:00,1769205600000,4.562,4.594,4.558,4.582,13874.1
2026-01-23 22:15:00,1769206500000,4.582,4.598,4.578,4.591,7381.8
2026-01-23 22:30:00,1769207400000,4.591,4.6,4.586,4.593,4146.4
2026-01-23 22:45:00,1769208300000,4.593,4.603,4.584,4.602,3104.7
2026-01-23 23:00:00,1769209200000,4.602,4.602,4.574,4.586,4835.6
2026-01-23 23:15:00,1769210100000,4.586,4.59,4.576,4.576,5216.0
2026-01-23 23:30:00,1769211000000,4.576,4.578,4.563,4.571,13263.6
2026-01-23 23:45:00,1769211900000,4.571,4.582,4.568,4.58,2753.4
2026-01-24 00:00:00,1769212800000,4.58,4.588,4.577,4.578,5237.8
2026-01-24 00:15:00,1769213700000,4.578,4.581,4.562,4.562,3703.7
2026-01-24 00:30:00,1769214600000,4.562,4.574,4.554,4.555,3582.7
2026-01-24 00:45:00,1769215500000,4.555,4.558,4.548,4.552,6761.0
2026-01-24 01:00:00,1769216400000,4.552,4.554,4.545,4.551,5286.7
2026-01-24 01:15:00,1769217300000,4.551,4.558,4.546,4.549,2670.8
2026-01-24 01:30:00,1769218200000,4.549,4.56,4.534,4.558,5608.8
2026-01-24 01:45:00,1769219100000,4.558,4.565,4.553,4.561,3334.5
2026-01-24 02:00:00,1769220000000,4.561,4.575,4.561,4.563,5900.4
2026-01-24 02:15:00,1769220900000,4.563,4.566,4.558,4.564,4296.3
2026-01-24 02:30:00,1769221800000,4.564,4.572,4.56,4.564,1031.1
2026-01-24 02:45:00,1769222700000,4.564,4.568,4.561,4.564,1284.5
2026-01-24 03:00:00,1769223600000,4.564,4.593,4.558,4.589,8938.1
2026-01-24 03:15:00,1769224500000,4.589,4.604,4.581,4.603,6124.2
2026-01-24 03:30:00,1769225400000,4.603,4.607,4.588,4.604,3683.7
2026-01-24 03:45:00,1769226300000,4.604,4.607,4.587,4.59,3112.7
2026-01-24 04:00:00,1769227200000,4.59,4.601,4.586,4.593,28814.3
2026-01-24 04:15:00,1769228100000,4.593,4.595,4.578,4.579,6101.7
2026-01-24 04:30:00,1769229000000,4.579,4.587,4.575,4.587,1247.9
2026-01-24 04:45:00,1769229900000,4.587,4.587,4.581,4.584,1642.9
2026-01-24 05:00:00,1769230800000,4.584,4.587,4.575,4.577,2943.2
2026-01-24 05:15:00,1769231700000,4.577,4.582,4.574,4.575,1287.6
2026-01-24 05:30:00,1769232600000,4.575,4.578,4.567,4.57,2855.3
2026-01-24 05:45:00,1769233500000,4.57,4.578,4.57,4.578,1297.9
2026-01-24 06:00:00,1769234400000,4.578,4.585,4.574,4.582,1689.2
2026-01-24 06:15:00,1769235300000,4.582,4.585,4.572,4.573,2047.1
2026-01-24 06:30:00,1769236200000,4.573,4.587,4.573,4.586,4469.0
2026-01-24 06:45:00,1769237100000,4.586,4.59,4.579,4.581,4195.7
2026-01-24 07:00:00,1769238000000,4.581,4.59,4.577,4.586,3902.1
2026-01-24 07:15:00,1769238900000,4.586,4.586,4.57,4.571,3124.6
2026-01-24 07:30:00,1769239800000,4.571,4.58,4.559,4.566,7532.4
2026-01-24 07:45:00,1769240700000,4.566,4.576,4.564,4.564,4070.2
2026-01-24 08:00:00,1769241600000,4.564,4.569,4.555,4.56,12573.2
2026-01-24 08:15:00,1769242500000,4.56,4.567,4.549,4.567,8578.6
2026-01-24 08:30:00,1769243400000,4.567,4.576,4.567,4.575,3298.7
2026-01-24 08:45:00,1769244300000,4.575,4.577,4.57,4.57,4406.2
2026-01-24 09:00:00,1769245200000,4.57,4.572,4.56,4.567,2301.7
2026-01-24 09:15:00,1769246100000,4.567,4.567,4.559,4.559,1007.5
2026-01-24 09:30:00,1769247000000,4.559,4.564,4.555,4.558,4257.5
2026-01-24 09:45:00,1769247900000,4.558,4.558,4.539,4.543,7830.8
2026-01-24 10:00:00,1769248800000,4.543,4.55,4.543,4.549,2590.9
2026-01-24 10:15:00,1769249700000,4.549,4.557,4.543,4.557,10751.7
2026-01-24 10:30:00,1769250600000,4.557,4.563,4.54,4.553,24552.9
2026-01-24 10:45:00,1769251500000,4.553,4.557,4.549,4.552,6150.6
2026-01-24 11:00:00,1769252400000,4.552,4.563,4.552,4.561,4728.8
2026-01-24 11:15:00,1769253300000,4.561,4.565,4.556,4.561,3155.6
2026-01-24 11:30:00,1769254200000,4.561,4.566,4.557,4.565,2179.5
2026-01-24 11:45:00,1769255100000,4.565,4.568,4.56,4.568,2079.0
2026-01-24 12:00:00,1769256000000,4.568,4.572,4.563,4.566,2952.0
2026-01-24 12:15:00,1769256900000,4.566,4.572,4.562,4.57,8100.0
2026-01-24 12:30:00,1769257800000,4.57,4.578,4.564,4.57,2847.5
2026-01-24 12:45:00,1769258700000,4.57,4.584,4.564,4.584,18175.0
2026-01-24 13:00:00,1769259600000,4.584,4.584,4.565,4.565,2739.8
2026-01-24 13:15:00,1769260500000,4.565,4.583,4.564,4.576,16036.0
2026-01-24 13:30:00,1769261400000,4.576,4.581,4.571,4.573,8420.3
2026-01-24 13:45:00,1769262300000,4.573,4.581,4.551,4.552,7548.4
2026-01-24 14:00:00,1769263200000,4.552,4.573,4.542,4.57,26086.7
2026-01-24 14:15:00,1769264100000,4.57,4.576,4.557,4.565,5634.8
2026-01-24 14:30:00,1769265000000,4.565,4.595,4.565,4.589,6063.1
2026-01-24 14:45:00,1769265900000,4.589,4.595,4.576,4.58,5024.4
2026-01-24 15:00:00,1769266800000,4.58,4.59,4.572,4.577,18463.1
2026-01-24 15:15:00,1769267700000,4.577,4.578,4.565,4.571,3663.5
2026-01-24 15:30:00,1769268600000,4.571,4.573,4.543,4.546,7787.0
2026-01-24 15:45:00,1769269500000,4.546,4.554,4.536,4.543,10899.5
2026-01-24 16:00:00,1769270400000,4.543,4.547,4.527,4.532,12594.3
2026-01-24 16:15:00,1769271300000,4.532,4.532,4.508,4.529,24084.0
2026-01-24 16:30:00,1769272200000,4.529,4.535,4.522,4.526,1823.2
2026-01-24 16:45:00,1769273100000,4.526,4.549,4.526,4.541,2269.7
2026-01-24 17:00:00,1769274000000,4.541,4.55,4.533,4.549,7231.8
2026-01-24 17:15:00,1769274900000,4.549,4.559,4.547,4.554,2399.8
2026-01-24 17:30:00,1769275800000,4.554,4.554,4.546,4.551,3802.5
2026-01-24 17:45:00,1769276700000,4.551,4.554,4.548,4.554,629.2
2026-01-24 18:00:00,1769277600000,4.554,4.56,4.543,4.549,4134.0
2026-01-24 18:15:00,1769278500000,4.549,4.552,4.542,4.546,3062.2
2026-01-24 18:30:00,1769279400000,4.546,4.556,4.544,4.548,1727.9
2026-01-24 18:45:00,1769280300000,4.548,4.551,4.528,4.529,45030.7
2026-01-24 19:00:00,1769281200000,4.529,4.529,4.517,4.517,4603.0
2026-01-24 19:15:00,1769282100000,4.517,4.523,4.515,4.52,7755.0
2026-01-24 19:30:00,1769283000000,4.52,4.527,4.52,4.526,5966.4
2026-01-24 19:45:00,1769283900000,4.526,4.526,4.513,4.516,11430.5
2026-01-24 20:00:00,1769284800000,4.516,4.532,4.516,4.532,7723.2
2026-01-24 20:15:00,1769285700000,4.532,4.546,4.532,4.539,5705.3
2026-01-24 20:30:00,1769286600000,4.539,4.545,4.537,4.538,4824.0
2026-01-24 20:45:00,1769287500000,4.538,4.549,4.538,4.546,2436.0
2026-01-24 21:00:00,1769288400000,4.546,4.546,4.528,4.536,2046.7
2026-01-24 21:15:00,1769289300000,4.536,4.539,4.534,4.537,1056.8
2026-01-24 21:30:00,1769290200000,4.537,4.541,4.527,4.541,4116.6
2026-01-24 21:45:00,1769291100000,4.541,4.541,4.53,4.533,2281.4
2026-01-24 22:00:00,1769292000000,4.533,4.552,4.527,4.55,10760.6
2026-01-24 22:15:00,1769292900000,4.55,4.554,4.542,4.544,3170.5
2026-01-24 22:30:00,1769293800000,4.544,4.545,4.539,4.539,2648.4
2026-01-24 22:45:00,1769294700000,4.539,4.549,4.537,4.546,3418.0
2026-01-24 23:00:00,1769295600000,4.546,4.55,4.539,4.544,10713.7
2026-01-24 23:15:00,1769296500000,4.544,4.547,4.536,4.54,4323.7
2026-01-24 23:30:00,1769297400000,4.54,4.542,4.532,4.532,3292.5
2026-01-24 23:45:00,1769298300000,4.532,4.541,4.529,4.537,16008.1
2026-01-25 00:00:00,1769299200000,4.537,4.547,4.532,4.545,6131.6
2026-01-25 00:15:00,1769300100000,4.545,4.553,4.538,4.539,8410.7
2026-01-25 00:30:00,1769301000000,4.539,4.545,4.532,4.533,10840.7
2026-01-25 00:45:00,1769301900000,4.533,4.551,4.53,4.55,7748.5
2026-01-25 01:00:00,1769302800000,4.55,4.566,4.55,4.553,7294.3
2026-01-25 01:15:00,1769303700000,4.553,4.557,4.538,4.538,8244.3
2026-01-25 01:30:00,1769304600000,4.538,4.538,4.515,4.521,11404.4
2026-01-25 01:45:00,1769305500000,4.521,4.532,4.519,4.53,8426.5
2026-01-25 02:00:00,1769306400000,4.53,4.543,4.527,4.541,4691.4
2026-01-25 02:15:00,1769307300000,4.541,4.543,4.529,4.529,1826.7
2026-01-25 02:30:00,1769308200000,4.529,4.537,4.517,4.517,3835.7
2026-01-25 02:45:00,1769309100000,4.517,4.533,4.516,4.528,3192.7
2026-01-25 03:00:00,1769310000000,4.528,4.535,4.518,4.518,4172.5
2026-01-25 03:15:00,1769310900000,4.518,4.518,4.499,4.504,7600.1
2026-01-25 03:30:00,1769311800000,4.504,4.504,4.486,4.495,16529.3
2026-01-25 03:45:00,1769312700000,4.495,4.502,4.488,4.495,13842.4
2026-01-25 04:00:00,1769313600000,4.495,4.508,4.485,4.489,12619.6
2026-01-25 04:15:00,1769314500000,4.489,4.504,4.489,4.504,4650.9
2026-01-25 04:30:00,1769315400000,4.504,4.52,4.504,4.51,6760.0
2026-01-25 04:45:00,1769316300000,4.51,4.511,4.497,4.497,2598.8
2026-01-25 05:00:00,1769317200000,4.497,4.506,4.494,4.503,1724.8
2026-01-25 05:15:00,1769318100000,4.503,4.504,4.494,4.503,3071.1
2026-01-25 05:30:00,1769319000000,4.503,4.503,4.486,4.489,4967.3
2026-01-25 05:45:00,1769319900000,4.489,4.505,4.488,4.504,2032.6
2026-01-25 06:00:00,1769320800000,4.504,4.505,4.487,4.49,4164.2
2026-01-25 06:15:00,1769321700000,4.49,4.505,4.487,4.498,4032.2
2026-01-25 06:30:00,1769322600000,4.498,4.51,4.496,4.507,8187.6
2026-01-25 06:45:00,1769323500000,4.507,4.507,4.488,4.492,6164.4
2026-01-25 07:00:00,1769324400000,4.492,4.492,4.466,4.466,16656.0
2026-01-25 07:15:00,1769325300000,4.466,4.487,4.462,4.485,10306.9
2026-01-25 07:30:00,1769326200000,4.485,4.488,4.476,4.483,2879.1
2026-01-25 07:45:00,1769327100000,4.483,4.488,4.474,4.478,2828.7
2026-01-25 08:00:00,1769328000000,4.478,4.484,4.476,4.481,4482.7
2026-01-25 08:15:00,1769328900000,4.481,4.481,4.468,4.468,3982.0
2026-01-25 08:30:00,1769329800000,4.468,4.469,4.439,4.454,22004.6
2026-01-25 08:45:00,1769330700000,4.454,4.458,4.438,4.454,10094.0
2026-01-25 09:00:00,1769331600000,4.454,4.464,4.448,4.457,4063.7
2026-01-25 09:15:00,1769332500000,4.457,4.477,4.457,4.471,5787.1
2026-01-25 09:30:00,1769333400000,4.471,4.52,4.47,4.515,25184.5
2026-01-25 09:45:00,1769334300000,4.515,4.515,4.496,4.5,30072.1
2026-01-25 10:00:00,1769335200000,4.5,4.508,4.496,4.502,18303.2
2026-01-25 10:15:00,1769336100000,4.502,4.522,4.502,4.522,13081.2
2026-01-25 10:30:00,1769337000000,4.522,4.528,4.511,4.518,9997.2
2026-01-25 10:45:00,1769337900000,4.518,4.522,4.507,4.51,4637.7
2026-01-25 11:00:00,1769338800000,4.51,4.51,4.499,4.501,7401.6
2026-01-25 11:15:00,1769339700000,4.501,4.523,4.501,4.521,4894.5
2026-01-25 11:30:00,1769340600000,4.521,4.526,4.502,4.502,7719.4
2026-01-25 11:45:00,1769341500000,4.502,4.502,4.488,4.497,21858.1
2026-01-25 12:00:00,1769342400000,4.497,4.497,4.481,4.484,10699.8
2026-01-25 12:15:00,1769343300000,4.484,4.487,4.458,4.465,71257.9
2026-01-25 12:30:00,1769344200000,4.465,4.472,4.458,4.469,11712.6
2026-01-25 12:45:00,1769345100000,4.469,4.481,4.466,4.479,14419.5
2026-01-25 13:00:00,1769346000000,4.479,4.481,4.466,4.472,9104.4
2026-01-25 13:15:00,1769346900000,4.472,4.481,4.46,4.461,7201.7
2026-01-25 13:30:00,1769347800000,4.461,4.478,4.46,4.474,5535.2
2026-01-25 13:45:00,1769348700000,4.474,4.493,4.474,4.485,9939.3
2026-01-25 14:00:00,1769349600000,4.485,4.489,4.459,4.463,7021.7
2026-01-25 14:15:00,1769350500000,4.463,4.469,4.416,4.435,41984.4
2026-01-25 14:30:00,1769351400000,4.435,4.445,4.428,4.436,17456.4
2026-01-25 14:45:00,1769352300000,4.436,4.454,4.428,4.453,11817.1
2026-01-25 15:00:00,1769353200000,4.453,4.467,4.448,4.462,5633.7
2026-01-25 15:15:00,1769354100000,4.462,4.475,4.448,4.47,10366.8
2026-01-25 15:30:00,1769355000000,4.47,4.47,4.443,4.444,6741.5
2026-01-25 15:45:00,1769355900000,4.444,4.449,4.433,4.443,10430.8
2026-01-25 16:00:00,1769356800000,4.443,4.443,4.349,4.36,291663.8
2026-01-25 16:15:00,1769357700000,4.36,4.365,4.31,4.339,107385.4
2026-01-25 16:30:00,1769358600000,4.339,4.356,4.327,4.341,41880.7
2026-01-25 16:45:00,1769359500000,4.341,4.374,4.333,4.369,28614.4
2026-01-25 17:00:00,1769360400000,4.369,4.378,4.345,4.349,18934.2
2026-01-25 17:15:00,1769361300000,4.349,4.351,4.329,4.339,23282.8
2026-01-25 17:30:00,1769362200000,4.339,4.368,4.336,4.367,14320.7
2026-01-25 17:45:00,1769363100000,4.367,4.369,4.345,4.351,16652.6
2026-01-25 18:00:00,1769364000000,4.351,4.357,4.289,4.33,80029.7
2026-01-25 18:15:00,1769364900000,4.33,4.347,4.304,4.311,31467.2
2026-01-25 18:30:00,1769365800000,4.311,4.311,4.267,4.285,70116.2
2026-01-25 18:45:00,1769366700000,4.285,4.298,4.277,4.296,25951.0
2026-01-25 19:00:00,1769367600000,4.296,4.307,4.284,4.284,13943.8
2026-01-25 19:15:00,1769368500000,4.284,4.284,4.22,4.227,76881.7
2026-01-25 19:30:00,1769369400000,4.227,4.259,4.215,4.251,39927.3
2026-01-25 19:45:00,1769370300000,4.251,4.251,4.171,4.203,115305.4
2026-01-25 20:00:00,1769371200000,4.203,4.24,4.201,4.213,38710.2
2026-01-25 20:15:00,1769372100000,4.213,4.228,4.205,4.222,29179.2
2026-01-25 20:30:00,1769373000000,4.222,4.222,4.196,4.209,21588.3
2026-01-25 20:45:00,1769373900000,4.209,4.241,4.204,4.239,22169.9
2026-01-25 21:00:00,1769374800000,4.239,4.263,4.236,4.26,24898.2
2026-01-25 21:15:00,1769375700000,4.26,4.274,4.255,4.267,12541.6
2026-01-25 21:30:00,1769376600000,4.267,4.272,4.238,4.253,14463.7
2026-01-25 21:45:00,1769377500000,4.253,4.274,4.25,4.263,10976.9
2026-01-25 22:00:00,1769378400000,4.263,4.267,4.25,4.26,8424.6
2026-01-25 22:15:00,1769379300000,4.26,4.262,4.232,4.249,16685.8
2026-01-25 22:30:00,1769380200000,4.249,4.269,4.237,4.255,23422.4
2026-01-25 22:45:00,1769381100000,4.255,4.257,4.229,4.253,17252.2
2026-01-25 23:00:00,1769382000000,4.253,4.273,4.23,4.263,19155.1
2026-01-25 23:15:00,1769382900000,4.263,4.283,4.252,4.264,17045.3
2026-01-25 23:30:00,1769383800000,4.264,4.273,4.253,4.267,8389.3
2026-01-25 23:45:00,1769384700000,4.267,4.289,4.264,4.282,7019.7
2026-01-26 00:00:00,1769385600000,4.282,4.301,4.277,4.299,39001.8
2026-01-26 00:15:00,1769386500000,4.299,4.312,4.287,4.295,14208.5
2026-01-26 00:30:00,1769387400000,4.295,4.295,4.269,4.273,15186.6
2026-01-26 00:45:00,1769388300000,4.273,4.318,4.271,4.317,18750.1
2026-01-26 01:00:00,1769389200000,4.317,4.387,4.314,4.372,35279.7
2026-01-26 01:15:00,1769390100000,4.372,4.383,4.361,4.37,14395.9
2026-01-26 01:30:00,1769391000000,4.37,4.393,4.37,4.393,15634.8
2026-01-26 01:45:00,1769391900000,4.393,4.403,4.38,4.387,20785.1
2026-01-26 02:00:00,1769392800000,4.387,4.391,4.356,4.356,10110.4
2026-01-26 02:15:00,1769393700000,4.356,4.382,4.349,4.382,6015.5
2026-01-26 02:30:00,1769394600000,4.382,4.389,4.373,4.373,2994.5
2026-01-26 02:45:00,1769395500000,4.373,4.383,4.366,4.372,1777.4
2026-01-26 03:00:00,1769396400000,4.372,4.389,4.366,4.374,5792.3
2026-01-26 03:15:00,1769397300000,4.374,4.379,4.356,4.356,5618.1
2026-01-26 03:30:00,1769398200000,4.356,4.356,4.334,4.345,7797.8
2026-01-26 03:45:00,1769399100000,4.345,4.347,4.328,4.339,6543.7
2026-01-26 04:00:00,1769400000000,4.339,4.359,4.339,4.353,6252.8
2026-01-26 04:15:00,1769400900000,4.353,4.405,4.349,4.397,7230.2
2026-01-26 04:30:00,1769401800000,4.397,4.401,4.376,4.377,8507.0
2026-01-26 04:45:00,1769402700000,4.377,4.387,4.374,4.38,14285.5
2026-01-26 05:00:00,1769403600000,4.38,4.383,4.371,4.374,5786.7
2026-01-26 05:15:00,1769404500000,4.374,4.384,4.372,4.384,4417.0
2026-01-26 05:30:00,1769405400000,4.384,4.389,4.376,4.388,1817.9
2026-01-26 05:45:00,1769406300000,4.388,4.392,4.38,4.38,3048.8
2026-01-26 06:00:00,1769407200000,4.38,4.384,4.372,4.373,8617.1
2026-01-26 06:15:00,1769408100000,4.373,4.393,4.372,4.392,8735.2
2026-01-26 06:30:00,1769409000000,4.392,4.397,4.381,4.397,5967.9
2026-01-26 06:45:00,1769409900000,4.397,4.421,4.397,4.421,16633.5
2026-01-26 07:00:00,1769410800000,4.421,4.426,4.409,4.421,10775.8
2026-01-26 07:15:00,1769411700000,4.421,4.441,4.405,4.405,22236.7
2026-01-26 07:30:00,1769412600000,4.405,4.416,4.401,4.408,5148.4
2026-01-26 07:45:00,1769413500000,4.408,4.423,4.406,4.418,3066.4
2026-01-26 08:00:00,1769414400000,4.418,4.426,4.413,4.422,22783.7
2026-01-26 08:15:00,1769415300000,4.422,4.464,4.414,4.443,45959.7
2026-01-26 08:30:00,1769416200000,4.443,4.446,4.424,4.425,6406.1
2026-01-26 08:45:00,1769417100000,4.425,4.429,4.413,4.417,5463.5
2026-01-26 09:00:00,1769418000000,4.417,4.42,4.381,4.383,17006.5
2026-01-26 09:15:00,1769418900000,4.383,4.385,4.375,4.377,14746.1
2026-01-26 09:30:00,1769419800000,4.377,4.383,4.368,4.378,12835.4
2026-01-26 09:45:00,1769420700000,4.378,4.383,4.359,4.366,13622.4
2026-01-26 10:00:00,1769421600000,4.366,4.396,4.365,4.381,15140.9
2026-01-26 10:15:00,1769422500000,4.381,4.389,4.377,4.387,13236.8
2026-01-26 10:30:00,1769423400000,4.387,4.387,4.369,4.376,8045.4
2026-01-26 10:45:00,1769424300000,4.376,4.383,4.373,4.383,4073.1
2026-01-26 11:00:00,1769425200000,4.383,4.399,4.383,4.397,11377.7
2026-01-26 11:15:00,1769426100000,4.397,4.397,4.38,4.381,3313.8
2026-01-26 11:30:00,1769427000000,4.381,4.385,4.379,4.382,1622.6
2026-01-26 11:45:00,1769427900000,4.382,4.387,4.38,4.386,1903.6
2026-01-26 12:00:00,1769428800000,4.386,4.406,4.386,4.402,8196.8
2026-01-26 12:15:00,1769429700000,4.402,4.409,4.397,4.399,8597.2
2026-01-26 12:30:00,1769430600000,4.399,4.4,4.389,4.392,2986.1
2026-01-26 12:45:00,1769431500000,4.392,4.409,4.392,4.409,8687.9
2026-01-26 13:00:00,1769432400000,4.409,4.419,4.407,4.417,9850.9
2026-01-26 13:15:00,1769433300000,4.417,4.434,4.41,4.421,10556.9
2026-01-26 13:30:00,1769434200000,4.421,4.43,4.414,4.418,4994.9
2026-01-26 13:45:00,1769435100000,4.418,4.426,4.415,4.424,2926.1
2026-01-26 14:00:00,1769436000000,4.424,4.428,4.393,4.397,13641.3
2026-01-26 14:15:00,1769436900000,4.397,4.409,4.394,4.396,13495.9
2026-01-26 14:30:00,1769437800000,4.396,4.467,4.378,4.436,88864.9
2026-01-26 14:45:00,1769438700000,4.436,4.457,4.423,4.451,16639.4
2026-01-26 15:00:00,1769439600000,4.451,4.503,4.436,4.501,77551.7
2026-01-26 15:15:00,1769440500000,4.501,4.513,4.473,4.478,30409.5
2026-01-26 15:30:00,1769441400000,4.478,4.485,4.418,4.426,40497.6
2026-01-26 15:45:00,1769442300000,4.426,4.448,4.416,4.439,14742.6
2026-01-26 16:00:00,1769443200000,4.439,4.464,4.428,4.438,34512.2
2026-01-26 16:15:00,1769444100000,4.438,4.468,4.417,4.45,27760.7
2026-01-26 16:30:00,1769445000000,4.45,4.459,4.433,4.437,6064.5
2026-01-26 16:45:00,1769445900000,4.437,4.481,4.431,4.452,24552.8
2026-01-26 17:00:00,1769446800000,4.452,4.463,4.431,4.435,22299.6
2026-01-26 17:15:00,1769447700000,4.435,4.446,4.415,4.418,27227.3
2026-01-26 17:30:00,1769448600000,4.418,4.43,4.39,4.423,51798.4
2026-01-26 17:45:00,1769449500000,4.423,4.45,4.423,4.439,8888.7
2026-01-26 18:00:00,1769450400000,4.439,4.444,4.428,4.439,7933.6
2026-01-26 18:15:00,1769451300000,4.439,4.453,4.424,4.453,15526.7
2026-01-26 18:30:00,1769452200000,4.453,4.482,4.439,4.442,43255.0
2026-01-26 18:45:00,1769453100000,4.442,4.459,4.436,4.457,20496.4
2026-01-26 19:00:00,1769454000000,4.457,4.473,4.449,4.451,14731.9
2026-01-26 19:15:00,1769454900000,4.451,4.453,4.432,4.436,14535.6
2026-01-26 19:30:00,1769455800000,4.436,4.451,4.431,4.444,6508.9
2026-01-26 19:45:00,1769456700000,4.444,4.449,4.42,4.43,17517.0
2026-01-26 20:00:00,1769457600000,4.43,4.442,4.425,4.425,10765.6
2026-01-26 20:15:00,1769458500000,4.425,4.434,4.413,4.423,4684.3
2026-01-26 20:30:00,1769459400000,4.423,4.425,4.412,4.416,5311.2
2026-01-26 20:45:00,1769460300000,4.416,4.42,4.403,4.412,5725.8
2026-01-26 21:00:00,1769461200000,4.412,4.415,4.399,4.414,3265.7
2026-01-26 21:15:00,1769462100000,4.414,4.425,4.408,4.425,3274.0
2026-01-26 21:30:00,1769463000000,4.425,4.482,4.423,4.467,34033.2
2026-01-26 21:45:00,1769463900000,4.467,4.475,4.46,4.461,6496.8
2026-01-26 22:00:00,1769464800000,4.461,4.477,4.461,4.465,11275.4
2026-01-26 22:15:00,1769465700000,4.465,4.469,4.445,4.449,2969.2
2026-01-26 22:30:00,1769466600000,4.449,4.47,4.445,4.458,2289.4
2026-01-26 22:45:00,1769467500000,4.458,4.462,4.448,4.448,1722.9
2026-01-26 23:00:00,1769468400000,4.448,4.448,4.43,4.44,12401.3
2026-01-26 23:15:00,1769469300000,4.44,4.445,4.433,4.444,3162.4
2026-01-26 23:30:00,1769470200000,4.444,4.458,4.442,4.447,8302.7
2026-01-26 23:45:00,1769471100000,4.447,4.448,4.434,4.434,6729.3
2026-01-27 00:00:00,1769472000000,4.434,4.438,4.422,4.424,11436.2
2026-01-27 00:15:00,1769472900000,4.424,4.44,4.423,4.429,3486.8
2026-01-27 00:30:00,1769473800000,4.429,4.441,4.423,4.435,6471.1
2026-01-27 00:45:00,1769474700000,4.435,4.441,4.43,4.438,3620.8
2026-01-27 01:00:00,1769475600000,4.438,4.438,4.416,4.422,3872.6
2026-01-27 01:15:00,1769476500000,4.422,4.447,4.422,4.445,7772.5
2026-01-27 01:30:00,1769477400000,4.445,4.461,4.44,4.454,6662.4
2026-01-27 01:45:00,1769478300000,4.454,4.47,4.449,4.453,11987.1
2026-01-27 02:00:00,1769479200000,4.453,4.473,4.453,4.46,20610.0
2026-01-27 02:15:00,1769480100000,4.46,4.46,4.447,4.447,2643.0
2026-01-27 02:30:00,1769481000000,4.447,4.467,4.447,4.454,6221.8
2026-01-27 02:45:00,1769481900000,4.454,4.466,4.454,4.466,13662.4
2026-01-27 03:00:00,1769482800000,4.466,4.471,4.442,4.445,68482.5
2026-01-27 03:15:00,1769483700000,4.445,4.452,4.44,4.452,3449.2
2026-01-27 03:30:00,1769484600000,4.452,4.458,4.441,4.451,5860.8
2026-01-27 03:45:00,1769485500000,4.451,4.451,4.44,4.445,3460.9
2026-01-27 04:00:00,1769486400000,4.445,4.475,4.441,4.469,16543.1
2026-01-27 04:15:00,1769487300000,4.469,4.483,4.457,4.462,22051.5
2026-01-27 04:30:00,1769488200000,4.462,4.462,4.449,4.449,5654.7
2026-01-27 04:45:00,1769489100000,4.449,4.453,4.428,4.447,29487.9
2026-01-27 05:00:00,1769490000000,4.447,4.45,4.443,4.446,4408.6
2026-01-27 05:15:00,1769490900000,4.446,4.447,4.435,4.446,2548.1
2026-01-27 05:30:00,1769491800000,4.446,4.449,4.441,4.447,2428.5
2026-01-27 05:45:00,1769492700000,4.447,4.451,4.442,4.447,3099.5
2026-01-27 06:00:00,1769493600000,4.447,4.448,4.418,4.418,40387.8
2026-01-27 06:15:00,1769494500000,4.418,4.43,4.416,4.417,9742.0
2026-01-27 06:30:00,1769495400000,4.417,4.418,4.408,4.408,5188.1
2026-01-27 06:45:00,1769496300000,4.408,4.414,4.405,4.413,8358.5
2026-01-27 07:00:00,1769497200000,4.413,4.425,4.412,4.424,7063.8
2026-01-27 07:15:00,1769498100000,4.424,4.425,4.413,4.421,5763.9
2026-01-27 07:30:00,1769499000000,4.421,4.44,4.42,4.435,9029.2
2026-01-27 07:45:00,1769499900000,4.435,4.435,4.42,4.426,3715.4
2026-01-27 08:00:00,1769500800000,4.426,4.435,4.419,4.42,2895.9
2026-01-27 08:15:00,1769501700000,4.42,4.423,4.415,4.417,2957.1
2026-01-27 08:30:00,1769502600000,4.417,4.418,4.404,4.411,3690.0
2026-01-27 08:45:00,1769503500000,4.411,4.42,4.407,4.41,7765.8
2026-01-27 09:00:00,1769504400000,4.41,4.416,4.396,4.4,23014.5
2026-01-27 09:15:00,1769505300000,4.4,4.404,4.392,4.398,7002.4
2026-01-27 09:30:00,1769506200000,4.398,4.413,4.397,4.398,14910.4
2026-01-27 09:45:00,1769507100000,4.398,4.398,4.386,4.39,22107.9
2026-01-27 10:00:00,1769508000000,4.39,4.397,4.389,4.396,10817.6
2026-01-27 10:15:00,1769508900000,4.396,4.396,4.381,4.389,16599.0
2026-01-27 10:30:00,1769509800000,4.389,4.389,4.372,4.379,15644.0
2026-01-27 10:45:00,1769510700000,4.379,4.381,4.371,4.373,7754.9
2026-01-27 11:00:00,1769511600000,4.373,4.38,4.373,4.376,2727.0
2026-01-27 11:15:00,1769512500000,4.376,4.38,4.369,4.374,13258.3
2026-01-27 11:30:00,1769513400000,4.374,4.387,4.373,4.383,6268.8
2026-01-27 11:45:00,1769514300000,4.383,4.383,4.373,4.373,3447.7
2026-01-27 12:00:00,1769515200000,4.373,4.379,4.368,4.37,6350.3
2026-01-27 12:15:00,1769516100000,4.37,4.376,4.369,4.37,13243.6
2026-01-27 12:30:00,1769517000000,4.37,4.373,4.356,4.36,12699.8
2026-01-27 12:45:00,1769517900000,4.36,4.366,4.356,4.365,6032.3
2026-01-27 13:00:00,1769518800000,4.365,4.375,4.365,4.37,8865.6
2026-01-27 13:15:00,1769519700000,4.37,4.372,4.353,4.354,7725.8
2026-01-27 13:30:00,1769520600000,4.354,4.377,4.35,4.37,25537.7
2026-01-27 13:45:00,1769521500000,4.37,4.37,4.349,4.355,11887.2
2026-01-27 14:00:00,1769522400000,4.355,4.385,4.352,4.385,12101.4
2026-01-27 14:15:00,1769523300000,4.385,4.402,4.371,4.371,28615.0
2026-01-27 14:30:00,1769524200000,4.371,4.381,4.345,4.347,24716.1
2026-01-27 14:45:00,1769525100000,4.347,4.368,4.343,4.357,14538.4
2026-01-27 15:00:00,1769526000000,4.357,4.396,4.351,4.376,18769.9
2026-01-27 15:15:00,1769526900000,4.376,4.38,4.354,4.354,8827.9
2026-01-27 15:30:00,1769527800000,4.354,4.369,4.351,4.361,7324.4
2026-01-27 15:45:00,1769528700000,4.361,4.414,4.361,4.409,19811.6
2026-01-27 16:00:00,1769529600000,4.409,4.461,4.403,4.457,61156.4
2026-01-27 16:15:00,1769530500000,4.457,4.465,4.429,4.432,27719.7
2026-01-27 16:30:00,1769531400000,4.432,4.483,4.43,4.475,21506.4
2026-01-27 16:45:00,1769532300000,4.475,4.479,4.453,4.459,10089.7
2026-01-27 17:00:00,1769533200000,4.459,4.463,4.39,4.391,47972.7
2026-01-27 17:15:00,1769534100000,4.391,4.393,4.354,4.382,33269.4
2026-01-27 17:30:00,1769535000000,4.382,4.397,4.345,4.35,27921.9
2026-01-27 17:45:00,1769535900000,4.35,4.358,4.341,4.358,10769.5
2026-01-27 18:00:00,1769536800000,4.358,4.39,4.348,4.371,30808.9
2026-01-27 18:15:00,1769537700000,4.371,4.381,4.366,4.371,8034.8
2026-01-27 18:30:00,1769538600000,4.371,4.384,4.363,4.376,19424.2
2026-01-27 18:45:00,1769539500000,4.376,4.446,4.376,4.424,22138.9
2026-01-27 19:00:00,1769540400000,4.424,4.431,4.409,4.43,7975.1
2026-01-27 19:15:00,1769541300000,4.43,4.436,4.418,4.426,4878.6
2026-01-27 19:30:00,1769542200000,4.426,4.439,4.412,4.436,9281.5
2026-01-27 19:45:00,1769543100000,4.436,4.444,4.432,4.433,5140.1
2026-01-27 20:00:00,1769544000000,4.433,4.459,4.432,4.459,11976.9
2026-01-27 20:15:00,1769544900000,4.459,4.507,4.453,4.5,56531.5
2026-01-27 20:30:00,1769545800000,4.5,4.506,4.472,4.474,17301.6
2026-01-27 20:45:00,1769546700000,4.474,4.508,4.472,4.502,88582.6
2026-01-27 21:00:00,1769547600000,4.502,4.509,4.488,4.49,15136.4
2026-01-27 21:15:00,1769548500000,4.49,4.496,4.476,4.476,5790.7
2026-01-27 21:30:00,1769549400000,4.476,4.477,4.459,4.461,22432.8
2026-01-27 21:45:00,1769550300000,4.461,4.467,4.442,4.447,31247.7
2026-01-27 22:00:00,1769551200000,4.447,4.469,4.447,4.464,13109.3
2026-01-27 22:15:00,1769552100000,4.464,4.476,4.456,4.467,4176.5
2026-01-27 22:30:00,1769553000000,4.467,4.498,4.463,4.498,5458.2
2026-01-27 22:45:00,1769553900000,4.498,4.498,4.487,4.487,7253.5
2026-01-27 23:00:00,1769554800000,4.487,4.493,4.48,4.485,8002.5
2026-01-27 23:15:00,1769555700000,4.485,4.489,4.475,4.488,5186.8
2026-01-27 23:30:00,1769556600000,4.488,4.496,4.479,4.487,7516.0
2026-01-27 23:45:00,1769557500000,4.487,4.495,4.478,4.482,9970.4
2026-01-28 00:00:00,1769558400000,4.482,4.494,4.473,4.476,18264.7
2026-01-28 00:15:00,1769559300000,4.476,4.476,4.457,4.461,16902.8
2026-01-28 00:30:00,1769560200000,4.461,4.461,4.446,4.453,4845.9
2026-01-28 00:45:00,1769561100000,4.453,4.483,4.451,4.481,10347.2
2026-01-28 01:00:00,1769562000000,4.481,4.481,4.455,4.456,6938.6
2026-01-28 01:15:00,1769562900000,4.456,4.461,4.44,4.445,4791.9
2026-01-28 01:30:00,1769563800000,4.445,4.451,4.438,4.443,2731.2
2026-01-28 01:45:00,1769564700000,4.443,4.456,4.441,4.449,5435.3
2026-01-28 02:00:00,1769565600000,4.449,4.458,4.439,4.445,5061.8
2026-01-28 02:15:00,1769566500000,4.445,4.46,4.437,4.454,8717.4
2026-01-28 02:30:00,1769567400000,4.454,4.463,4.442,4.445,9932.9
2026-01-28 02:45:00,1769568300000,4.445,4.46,4.443,4.458,3510.0
2026-01-28 03:00:00,1769569200000,4.458,4.462,4.447,4.447,6428.8
2026-01-28 03:15:00,1769570100000,4.447,4.451,4.44,4.448,3440.3
2026-01-28 03:30:00,1769571000000,4.448,4.459,4.441,4.445,3266.3
2026-01-28 03:45:00,1769571900000,4.445,4.451,4.441,4.448,3431.3
2026-01-28 04:00:00,1769572800000,4.448,4.448,4.429,4.433,13790.7
2026-01-28 04:15:00,1769573700000,4.433,4.434,4.423,4.426,7527.6
2026-01-28 04:30:00,1769574600000,4.426,4.442,4.426,4.429,1685.5
2026-01-28 04:45:00,1769575500000,4.429,4.436,4.425,4.434,2442.2
2026-01-28 05:00:00,1769576400000,4.434,4.456,4.431,4.431,11403.0
2026-01-28 05:15:00,1769577300000,4.431,4.44,4.43,4.432,3583.0
2026-01-28 05:30:00,1769578200000,4.432,4.45,4.432,4.438,15750.4
2026-01-28 05:45:00,1769579100000,4.438,4.449,4.438,4.449,10613.1
2026-01-28 06:00:00,1769580000000,4.449,4.468,4.449,4.465,17717.0
2026-01-28 06:15:00,1769580900000,4.465,4.47,4.455,4.46,9099.8
2026-01-28 06:30:00,1769581800000,4.46,4.469,4.448,4.455,12133.1
2026-01-28 06:45:00,1769582700000,4.455,4.478,4.449,4.475,5086.7
2026-01-28 07:00:00,1769583600000,4.475,4.487,4.466,4.466,29327.1
2026-01-28 07:15:00,1769584500000,4.466,4.478,4.459,4.473,11567.3
2026-01-28 07:30:00,1769585400000,4.473,4.473,4.456,4.465,9602.3
2026-01-28 07:45:00,1769586300000,4.465,4.468,4.454,4.462,10959.7
2026-01-28 08:00:00,1769587200000,4.462,4.464,4.448,4.452,22067.2
2026-01-28 08:15:00,1769588100000,4.452,4.46,4.441,4.443,13265.5
2026-01-28 08:30:00,1769589000000,4.443,4.445,4.436,4.439,13056.2
2026-01-28 08:45:00,1769589900000,4.439,4.441,4.43,4.432,16507.2
2026-01-28 09:00:00,1769590800000,4.432,4.446,4.429,4.431,15267.7
2026-01-28 09:15:00,1769591700000,4.431,4.434,4.419,4.428,19841.8
2026-01-28 09:30:00,1769592600000,4.428,4.48,4.428,4.476,37078.2
2026-01-28 09:45:00,1769593500000,4.476,4.479,4.461,4.477,32183.6
2026-01-28 10:00:00,1769594400000,4.477,4.481,4.465,4.478,35843.0
2026-01-28 10:15:00,1769595300000,4.478,4.496,4.466,4.471,67009.8
2026-01-28 10:30:00,1769596200000,4.471,4.481,4.471,4.48,10223.4
2026-01-28 10:45:00,1769597100000,4.48,4.482,4.472,4.474,4077.9
2026-01-28 11:00:00,1769598000000,4.474,4.485,4.473,4.476,5966.9
2026-01-28 11:15:00,1769598900000,4.476,4.5,4.475,4.489,12694.6
2026-01-28 11:30:00,1769599800000,4.489,4.499,4.478,4.499,7070.7
2026-01-28 11:45:00,1769600700000,4.499,4.529,4.494,4.524,41179.7
2026-01-28 12:00:00,1769601600000,4.524,4.528,4.495,4.499,24060.6
2026-01-28 12:15:00,1769602500000,4.499,4.505,4.491,4.5,11032.9
2026-01-28 12:30:00,1769603400000,4.5,4.503,4.479,4.486,9069.6
2026-01-28 12:45:00,1769604300000,4.486,4.493,4.472,4.483,9703.9
2026-01-28 13:00:00,1769605200000,4.483,4.507,4.482,4.494,15058.8
2026-01-28 13:15:00,1769606100000,4.494,4.507,4.489,4.494,6198.2
2026-01-28 13:30:00,1769607000000,4.494,4.516,4.494,4.51,17926.6
2026-01-28 13:45:00,1769607900000,4.51,4.517,4.491,4.497,7261.0
2026-01-28 14:00:00,1769608800000,4.497,4.502,4.484,4.484,8450.7
2026-01-28 14:15:00,1769609700000,4.484,4.485,4.46,4.47,15513.3
2026-01-28 14:30:00,1769610600000,4.47,4.493,4.465,4.475,22413.6
2026-01-28 14:45:00,1769611500000,4.475,4.483,4.461,4.463,14353.8
2026-01-28 15:00:00,1769612400000,4.463,4.484,4.431,4.434,27474.7
2026-01-28 15:15:00,1769613300000,4.434,4.458,4.425,4.451,51867.0
2026-01-28 15:30:00,1769614200000,4.451,4.464,4.442,4.448,26103.4
2026-01-28 15:45:00,1769615100000,4.448,4.458,4.428,4.438,24930.2
2026-01-28 16:00:00,1769616000000,4.438,4.442,4.415,4.416,20686.0
2026-01-28 16:15:00,1769616900000,4.416,4.45,4.416,4.447,9647.6
2026-01-28 16:30:00,1769617800000,4.447,4.456,4.407,4.415,25995.3
2026-01-28 16:45:00,1769618700000,4.415,4.433,4.412,4.417,7001.9
2026-01-28 17:00:00,1769619600000,4.417,4.433,4.417,4.427,7326.3
2026-01-28 17:15:00,1769620500000,4.427,4.435,4.419,4.425,7603.7
2026-01-28 17:30:00,1769621400000,4.425,4.438,4.395,4.43,21354.6
2026-01-28 17:45:00,1769622300000,4.43,4.481,4.429,4.457,37297.8
2026-01-28 18:00:00,1769623200000,4.457,4.457,4.422,4.441,30058.7
2026-01-28 18:15:00,1769624100000,4.441,4.457,4.432,4.436,9471.5
2026-01-28 18:30:00,1769625000000,4.436,4.445,4.431,4.435,4513.7
2026-01-28 18:45:00,1769625900000,4.435,4.44,4.42,4.44,9198.2
2026-01-28 19:00:00,1769626800000,4.44,4.464,4.424,4.44,45791.4
2026-01-28 19:15:00,1769627700000,4.44,4.454,4.431,4.439,9009.5
2026-01-28 19:30:00,1769628600000,4.439,4.451,4.419,4.425,18038.8
2026-01-28 19:45:00,1769629500000,4.425,4.469,4.425,4.456,11929.8
2026-01-28 20:00:00,1769630400000,4.456,4.477,4.452,4.466,10986.7
2026-01-28 20:15:00,1769631300000,4.466,4.505,4.462,4.492,32598.8
2026-01-28 20:30:00,1769632200000,4.492,4.495,4.446,4.447,10594.7
2026-01-28 20:45:00,1769633100000,4.447,4.453,4.432,4.443,9841.6
2026-01-28 21:00:00,1769634000000,4.443,4.478,4.408,4.464,136584.1
2026-01-28 21:15:00,1769634900000,4.464,4.467,4.45,4.458,16565.4
2026-01-28 21:30:00,1769635800000,4.458,4.472,4.438,4.464,16216.6
2026-01-28 21:45:00,1769636700000,4.464,4.491,4.458,4.479,20427.6
2026-01-28 22:00:00,1769637600000,4.479,4.483,4.467,4.472,13281.8
2026-01-28 22:15:00,1769638500000,4.472,4.496,4.455,4.494,8648.6
2026-01-28 22:30:00,1769639400000,4.494,4.523,4.493,4.52,23416.3
2026-01-28 22:45:00,1769640300000,4.52,4.536,4.52,4.533,17603.3
2026-01-28 23:00:00,1769641200000,4.533,4.539,4.508,4.515,30447.6
2026-01-28 23:15:00,1769642100000,4.515,4.543,4.501,4.503,41915.2
2026-01-28 23:30:00,1769643000000,4.503,4.506,4.483,4.499,26948.3
2026-01-28 23:45:00,1769643900000,4.499,4.505,4.486,4.495,19537.4
2026-01-29 00:00:00,1769644800000,4.495,4.509,4.467,4.467,46763.0
2026-01-29 00:15:00,1769645700000,4.467,4.472,4.453,4.455,13741.1
2026-01-29 00:30:00,1769646600000,4.455,4.464,4.438,4.443,16772.2
2026-01-29 00:45:00,1769647500000,4.443,4.462,4.433,4.462,12152.7
2026-01-29 01:00:00,1769648400000,4.462,4.469,4.451,4.452,8580.3
2026-01-29 01:15:00,1769649300000,4.452,4.454,4.403,4.434,21083.7
2026-01-29 01:30:00,1769650200000,4.434,4.438,4.416,4.425,16520.2
2026-01-29 01:45:00,1769651100000,4.425,4.431,4.404,4.412,21423.3
2026-01-29 02:00:00,1769652000000,4.412,4.432,4.406,4.42,15887.5
2026-01-29 02:15:00,1769652900000,4.42,4.426,4.41,4.417,8948.5
2026-01-29 02:30:00,1769653800000,4.417,4.417,4.352,4.362,103777.0
2026-01-29 02:45:00,1769654700000,4.362,4.364,4.331,4.348,43282.5
2026-01-29 03:00:00,1769655600000,4.348,4.381,4.333,4.373,30002.7
2026-01-29 03:15:00,1769656500000,4.373,4.374,4.343,4.344,13310.4
2026-01-29 03:30:00,1769657400000,4.344,4.356,4.338,4.356,7843.6
2026-01-29 03:45:00,1769658300000,4.356,4.358,4.344,4.345,20677.8
2026-01-29 04:00:00,1769659200000,4.345,4.347,4.322,4.327,22155.2
2026-01-29 04:15:00,1769660100000,4.327,4.333,4.307,4.333,25619.7
2026-01-29 04:30:00,1769661000000,4.333,4.34,4.329,4.338,10438.9
2026-01-29 04:45:00,1769661900000,4.338,4.351,4.338,4.342,14187.7
2026-01-29 05:00:00,1769662800000,4.342,4.351,4.335,4.342,4118.6
2026-01-29 05:15:00,1769663700000,4.342,4.353,4.341,4.349,4963.4
2026-01-29 05:30:00,1769664600000,4.349,4.359,4.344,4.346,7810.3
2026-01-29 05:45:00,1769665500000,4.346,4.35,4.339,4.342,5986.6
2026-01-29 06:00:00,1769666400000,4.342,4.358,4.34,4.351,18102.2
2026-01-29 06:15:00,1769667300000,4.351,4.37,4.351,4.363,6385.0
2026-01-29 06:30:00,1769668200000,4.363,4.367,4.357,4.365,10096.1
2026-01-29 06:45:00,1769669100000,4.365,4.365,4.35,4.364,7476.8
2026-01-29 07:00:00,1769670000000,4.364,4.377,4.363,4.366,3040.5
2026-01-29 07:15:00,1769670900000,4.366,4.379,4.359,4.365,5097.8
2026-01-29 07:30:00,1769671800000,4.365,4.377,4.363,4.367,4663.0
2026-01-29 07:45:00,1769672700000,4.367,4.369,4.352,4.356,17621.9
2026-01-29 08:00:00,1769673600000,4.356,4.356,4.332,4.333,16808.4
2026-01-29 08:15:00,1769674500000,4.333,4.366,4.326,4.364,15700.6
2026-01-29 08:30:00,1769675400000,4.364,4.364,4.333,4.34,12974.8
2026-01-29 08:45:00,1769676300000,4.34,4.346,4.327,4.335,9514.2
2026-01-29 09:00:00,1769677200000,4.335,4.337,4.314,4.315,29477.0
2026-01-29 09:15:00,1769678100000,4.315,4.322,4.312,4.313,6599.4
2026-01-29 09:30:00,1769679000000,4.313,4.323,4.31,4.315,11815.5
2026-01-29 09:45:00,1769679900000,4.315,4.321,4.308,4.315,15725.8
2026-01-29 10:00:00,1769680800000,4.315,4.324,4.312,4.314,6289.1
2026-01-29 10:15:00,1769681700000,4.314,4.32,4.313,4.318,3711.9
2026-01-29 10:30:00,1769682600000,4.318,4.318,4.299,4.303,9884.7
2026-01-29 10:45:00,1769683500000,4.303,4.309,4.29,4.3,9286.1
2026-01-29 11:00:00,1769684400000,4.3,4.3,4.277,4.286,42461.6
2026-01-29 11:15:00,1769685300000,4.286,4.286,4.264,4.268,30883.9
2026-01-29 11:30:00,1769686200000,4.268,4.275,4.265,4.271,5927.2
2026-01-29 11:45:00,1769687100000,4.271,4.279,4.263,4.27,12274.4
2026-01-29 12:00:00,1769688000000,4.27,4.279,4.267,4.274,13061.2
2026-01-29 12:15:00,1769688900000,4.274,4.28,4.268,4.27,5688.1
2026-01-29 12:30:00,1769689800000,4.27,4.275,4.241,4.251,27741.1
2026-01-29 12:45:00,1769690700000,4.251,4.255,4.242,4.255,24382.4
2026-01-29 13:00:00,1769691600000,4.255,4.269,4.254,4.265,13625.2
2026-01-29 13:15:00,1769692500000,4.265,4.274,4.261,4.274,11783.6
2026-01-29 13:30:00,1769693400000,4.274,4.274,4.263,4.263,12591.3
2026-01-29 13:45:00,1769694300000,4.263,4.272,4.259,4.272,5769.6
2026-01-29 14:00:00,1769695200000,4.272,4.281,4.268,4.27,8561.2
2026-01-29 14:15:00,1769696100000,4.27,4.277,4.247,4.247,15446.8
2026-01-29 14:30:00,1769697000000,4.247,4.267,4.219,4.23,72927.1
2026-01-29 14:45:00,1769697900000,4.23,4.238,4.15,4.155,103130.4
2026-01-29 15:00:00,1769698800000,4.155,4.158,4.01,4.03,485914.0
2026-01-29 15:15:00,1769699700000,4.03,4.109,4.013,4.094,432330.0
2026-01-29 15:30:00,1769700600000,4.094,4.109,4.025,4.036,122214.8
2026-01-29 15:45:00,1769701500000,4.036,4.104,4.023,4.085,78433.4
2026-01-29 16:00:00,1769702400000,4.085,4.085,4.044,4.084,78546.5
2026-01-29 16:15:00,1769703300000,4.084,4.11,4.061,4.062,40171.5
2026-01-29 16:30:00,1769704200000,4.062,4.094,4.059,4.085,48992.7
2026-01-29 16:45:00,1769705100000,4.085,4.135,4.085,4.13,20421.2
2026-01-29 17:00:00,1769706000000,4.13,4.175,4.13,4.159,26480.5
2026-01-29 17:15:00,1769706900000,4.159,4.188,4.134,4.134,48574.8
2026-01-29 17:30:00,1769707800000,4.134,4.14,4.103,4.106,27050.6
2026-01-29 17:45:00,1769708700000,4.106,4.107,4.076,4.083,56667.0
2026-01-29 18:00:00,1769709600000,4.083,4.092,4.076,4.079,18097.9
2026-01-29 18:15:00,1769710500000,4.079,4.083,4.021,4.031,155911.6
2026-01-29 18:30:00,1769711400000,4.031,4.06,4.008,4.048,77217.4
2026-01-29 18:45:00,1769712300000,4.048,4.048,3.996,4.002,78030.9
2026-01-29 19:00:00,1769713200000,4.002,4.016,3.986,4.002,45105.4
2026-01-29 19:15:00,1769714100000,4.002,4.017,3.995,4.013,29856.4
2026-01-29 19:30:00,1769715000000,4.013,4.074,4.013,4.069,64636.8
2026-01-29 19:45:00,1769715900000,4.069,4.083,4.061,4.064,14838.7
2026-01-29 20:00:00,1769716800000,4.064,4.069,4.049,4.051,18456.5
2026-01-29 20:15:00,1769717700000,4.051,4.072,4.051,4.055,17273.8
2026-01-29 20:30:00,1769718600000,4.055,4.079,4.055,4.076,12781.4
2026-01-29 20:45:00,1769719500000,4.076,4.099,4.069,4.096,19590.2
2026-01-29 21:00:00,1769720400000,4.096,4.121,4.096,4.108,21577.6
2026-01-29 21:15:00,1769721300000,4.108,4.108,4.084,4.092,11743.9
2026-01-29 21:30:00,1769722200000,4.092,4.102,4.084,4.099,16403.1
2026-01-29 21:45:00,1769723100000,4.099,4.107,4.087,4.096,11598.6
2026-01-29 22:00:00,1769724000000,4.096,4.108,4.066,4.075,50138.3
2026-01-29 22:15:00,1769724900000,4.075,4.082,4.071,4.079,4733.0
2026-01-29 22:30:00,1769725800000,4.079,4.103,4.079,4.089,16987.2
2026-01-29 22:45:00,1769726700000,4.089,4.095,4.084,4.087,6009.7
2026-01-29 23:00:00,1769727600000,4.087,4.088,4.059,4.068,13460.5
2026-01-29 23:15:00,1769728500000,4.068,4.08,4.066,4.069,10970.0
2026-01-29 23:30:00,1769729400000,4.069,4.078,4.066,4.072,5773.1
2026-01-29 23:45:00,1769730300000,4.072,4.082,4.072,4.074,4431.6
2026-01-30 00:00:00,1769731200000,4.074,4.092,4.07,4.071,18267.5
2026-01-30 00:15:00,1769732100000,4.071,4.078,4.058,4.066,19430.0
2026-01-30 00:30:00,1769733000000,4.066,4.081,4.059,4.075,12475.4
2026-01-30 00:45:00,1769733900000,4.075,4.084,4.064,4.073,10513.8
2026-01-30 01:00:00,1769734800000,4.073,4.088,4.062,4.087,5947.6
2026-01-30 01:15:00,1769735700000,4.087,4.104,4.073,4.093,27634.1
2026-01-30 01:30:00,1769736600000,4.093,4.099,3.918,3.993,441947.3
2026-01-30 01:45:00,1769737500000,3.993,4.042,3.98,4.033,133894.4
2026-01-30 02:00:00,1769738400000,4.033,4.036,3.986,3.989,41741.7
2026-01-30 02:15:00,1769739300000,3.989,4.001,3.969,3.987,140879.0
2026-01-30 02:30:00,1769740200000,3.987,4.043,3.983,4.027,94212.7
2026-01-30 02:45:00,1769741100000,4.027,4.044,4.001,4.008,30294.8
2026-01-30 03:00:00,1769742000000,4.008,4.021,3.998,4.018,22465.4
2026-01-30 03:15:00,1769742900000,4.018,4.018,4.0,4.0,10712.2
2026-01-30 03:30:00,1769743800000,4.0,4.0,3.985,3.99,9621.4
2026-01-30 03:45:00,1769744700000,3.99,3.993,3.976,3.987,57622.6
2026-01-30 04:00:00,1769745600000,3.987,4.002,3.978,3.994,60431.0
2026-01-30 04:15:00,1769746500000,3.994,4.031,3.987,4.023,31289.4
2026-01-30 04:30:00,1769747400000,4.023,4.034,4.008,4.014,34683.6
2026-01-30 04:45:00,1769748300000,4.014,4.025,4.001,4.002,8318.7
2026-01-30 05:00:00,1769749200000,4.002,4.008,3.988,3.99,10328.6
2026-01-30 05:15:00,1769750100000,3.99,4.012,3.982,4.008,27931.9
2026-01-30 05:30:00,1769751000000,4.008,4.009,3.997,4.003,7040.7
2026-01-30 05:45:00,1769751900000,4.003,4.012,3.999,3.999,5826.2
2026-01-30 06:00:00,1769752800000,3.999,4.001,3.979,3.982,19175.3
2026-01-30 06:15:00,1769753700000,3.982,3.985,3.962,3.971,160377.5
2026-01-30 06:30:00,1769754600000,3.971,3.983,3.96,3.974,101596.3
2026-01-30 06:45:00,1769755500000,3.974,4.003,3.965,3.985,109607.0
2026-01-30 07:00:00,1769756400000,3.985,4.049,3.983,4.037,39442.7
2026-01-30 07:15:00,1769757300000,4.037,4.041,4.01,4.011,39905.3
2026-01-30 07:30:00,1769758200000,4.011,4.014,3.991,3.994,26402.0
2026-01-30 07:45:00,1769759100000,3.994,4.009,3.992,3.999,12853.3
2026-01-30 08:00:00,1769760000000,3.999,4.002,3.983,4.002,24196.9
2026-01-30 08:15:00,1769760900000,4.002,4.014,4.001,4.004,9267.3
2026-01-30 08:30:00,1769761800000,4.004,4.004,3.973,3.995,125822.3
2026-01-30 08:45:00,1769762700000,3.995,3.998,3.979,3.99,84894.8
2026-01-30 09:00:00,1769763600000,3.99,3.997,3.984,3.989,64084.5
2026-01-30 09:15:00,1769764500000,3.989,3.997,3.977,3.991,69813.8
2026-01-30 09:30:00,1769765400000,3.991,4.008,3.991,4.005,24411.2
2026-01-30 09:45:00,1769766300000,4.005,4.005,3.979,3.993,30492.4
2026-01-30 10:00:00,1769767200000,3.993,4.002,3.982,3.994,18541.9
2026-01-30 10:15:00,1769768100000,3.994,4.012,3.987,3.998,11166.0
2026-01-30 10:30:00,1769769000000,3.998,4.001,3.99,3.991,5932.9
2026-01-30 10:45:00,1769769900000,3.991,4.001,3.99,3.999,12505.3
2026-01-30 11:00:00,1769770800000,3.999,4.008,3.995,4.006,9990.8
2026-01-30 11:15:00,1769771700000,4.006,4.009,3.995,3.997,12570.2
2026-01-30 11:30:00,1769772600000,3.997,4.009,3.995,4.003,14348.3
2026-01-30 11:45:00,1769773500000,4.003,4.069,4.001,4.054,104950.4
2026-01-30 12:00:00,1769774400000,4.054,4.059,4.033,4.033,61248.6
2026-01-30 12:15:00,1769775300000,4.033,4.038,4.017,4.021,39585.0
2026-01-30 12:30:00,1769776200000,4.021,4.026,4.001,4.001,35366.5
2026-01-30 12:45:00,1769777100000,4.001,4.007,3.988,3.997,23836.8
2026-01-30 13:00:00,1769778000000,3.997,4.001,3.978,3.993,22530.9
2026-01-30 13:15:00,1769778900000,3.993,4.013,3.988,3.999,42292.8
2026-01-30 13:30:00,1769779800000,3.999,4.013,3.951,3.983,100185.9
2026-01-30 13:45:00,1769780700000,3.983,3.983,3.959,3.971,14281.7
2026-01-30 14:00:00,1769781600000,3.971,4.008,3.971,3.992,40912.1
2026-01-30 14:15:00,1769782500000,3.992,3.993,3.977,3.983,20752.5
2026-01-30 14:30:00,1769783400000,3.983,4.032,3.974,4.022,63274.8
2026-01-30 14:45:00,1769784300000,4.022,4.031,3.971,3.987,38318.4
2026-01-30 15:00:00,1769785200000,3.987,4.022,3.982,4.001,49385.6
2026-01-30 15:15:00,1769786100000,4.001,4.013,3.945,3.947,56222.9
2026-01-30 15:30:00,1769787000000,3.947,4.017,3.931,4.009,80553.5
2026-01-30 15:45:00,1769787900000,4.009,4.013,3.99,3.993,21514.1
2026-01-30 16:00:00,1769788800000,3.993,4.007,3.97,4.006,27933.3
2026-01-30 16:15:00,1769789700000,4.006,4.019,3.962,4.002,52540.5
2026-01-30 16:30:00,1769790600000,4.002,4.037,3.993,4.031,50492.0
2026-01-30 16:45:00,1769791500000,4.031,4.031,4.001,4.004,20324.8
2026-01-30 17:00:00,1769792400000,4.004,4.009,3.98,3.987,33530.6
2026-01-30 17:15:00,1769793300000,3.987,4.043,3.984,4.036,32274.5
2026-01-30 17:30:00,1769794200000,4.036,4.038,4.005,4.027,26676.5
2026-01-30 17:45:00,1769795100000,4.027,4.03,4.0,4.005,10408.3
2026-01-30 18:00:00,1769796000000,4.005,4.019,3.986,3.998,25077.6
2026-01-30 18:15:00,1769796900000,3.998,3.998,3.905,3.97,152838.0
2026-01-30 18:30:00,1769797800000,3.97,4.027,3.949,4.027,69112.7
2026-01-30 18:45:00,1769798700000,4.027,4.078,4.012,4.063,113807.1
2026-01-30 19:00:00,1769799600000,4.063,4.08,4.048,4.058,64874.2
2026-01-30 19:15:00,1769800500000,4.058,4.086,4.055,4.072,27705.0
2026-01-30 19:30:00,1769801400000,4.072,4.078,4.05,4.052,16229.3
2026-01-30 19:45:00,1769802300000,4.052,4.072,4.043,4.053,15482.3
2026-01-30 20:00:00,1769803200000,4.053,4.053,4.012,4.022,30712.5
2026-01-30 20:15:00,1769804100000,4.022,4.036,3.992,4.009,59625.1
2026-01-30 20:30:00,1769805000000,4.009,4.027,3.968,3.994,93426.2
2026-01-30 20:45:00,1769805900000,3.994,4.008,3.972,3.981,56592.9
2026-01-30 21:00:00,1769806800000,3.981,3.991,3.969,3.98,24343.1
2026-01-30 21:15:00,1769807700000,3.98,4.02,3.98,3.987,41323.0
2026-01-30 21:30:00,1769808600000,3.987,4.007,3.973,3.982,9708.4
2026-01-30 21:45:00,1769809500000,3.982,4.004,3.982,3.995,36944.4
2026-01-30 22:00:00,1769810400000,3.995,4.007,3.982,3.982,12103.0
2026-01-30 22:15:00,1769811300000,3.982,3.988,3.969,3.969,7473.4
2026-01-30 22:30:00,1769812200000,3.969,3.995,3.969,3.994,4345.0
2026-01-30 22:45:00,1769813100000,3.994,4.001,3.987,3.996,3366.8
2026-01-30 23:00:00,1769814000000,3.996,3.999,3.964,3.97,16709.6
2026-01-30 23:15:00,1769814900000,3.97,3.98,3.961,3.969,9428.2
2026-01-30 23:30:00,1769815800000,3.969,3.988,3.963,3.986,11309.2
2026-01-30 23:45:00,1769816700000,3.986,3.994,3.982,3.994,5636.8
2026-01-31 00:00:00,1769817600000,3.994,3.998,3.984,3.984,11617.5
2026-01-31 00:15:00,1769818500000,3.984,3.995,3.978,3.986,22789.2
2026-01-31 00:30:00,1769819400000,3.986,4.001,3.984,3.989,15525.2
2026-01-31 00:45:00,1769820300000,3.989,3.989,3.973,3.976,6780.1
2026-01-31 01:00:00,1769821200000,3.976,3.992,3.973,3.992,9479.3
2026-01-31 01:15:00,1769822100000,3.992,3.998,3.981,3.989,75062.3
2026-01-31 01:30:00,1769823000000,3.989,3.989,3.971,3.987,5330.8
2026-01-31 01:45:00,1769823900000,3.987,3.991,3.977,3.987,3887.4
2026-01-31 02:00:00,1769824800000,3.987,3.987,3.969,3.979,3229.7
2026-01-31 02:15:00,1769825700000,3.979,3.979,3.965,3.973,11836.3
2026-01-31 02:30:00,1769826600000,3.973,4.003,3.97,3.995,8553.6
2026-01-31 02:45:00,1769827500000,3.995,4.003,3.992,3.993,17481.1
2026-01-31 03:00:00,1769828400000,3.993,3.999,3.987,3.996,7407.4
2026-01-31 03:15:00,1769829300000,3.996,3.998,3.985,3.988,8217.6
2026-01-31 03:30:00,1769830200000,3.988,3.992,3.984,3.988,3908.1
2026-01-31 03:45:00,1769831100000,3.988,3.988,3.98,3.985,4325.2
2026-01-31 04:00:00,1769832000000,3.985,4.001,3.982,3.995,3524.9
2026-01-31 04:15:00,1769832900000,3.995,3.997,3.987,3.994,2269.1
2026-01-31 04:30:00,1769833800000,3.994,3.994,3.979,3.979,2065.9
2026-01-31 04:45:00,1769834700000,3.979,3.98,3.965,3.971,22133.8
2026-01-31 05:00:00,1769835600000,3.971,3.973,3.957,3.973,16696.4
2026-01-31 05:15:00,1769836500000,3.973,3.986,3.97,3.984,23723.5
2026-01-31 05:30:00,1769837400000,3.984,3.988,3.972,3.983,3080.1
2026-01-31 05:45:00,1769838300000,3.983,3.993,3.981,3.989,1486.7
2026-01-31 06:00:00,1769839200000,3.989,3.993,3.982,3.988,5436.8
2026-01-31 06:15:00,1769840100000,3.988,3.993,3.943,3.946,36597.4
2026-01-31 06:30:00,1769841000000,3.946,3.957,3.935,3.944,9778.4
2026-01-31 06:45:00,1769841900000,3.944,3.957,3.941,3.955,9832.8
2026-01-31 07:00:00,1769842800000,3.955,3.963,3.948,3.955,7797.8
2026-01-31 07:15:00,1769843700000,3.955,3.961,3.949,3.952,5683.2
2026-01-31 07:30:00,1769844600000,3.952,3.952,3.909,3.922,29411.9
2026-01-31 07:45:00,1769845500000,3.922,3.941,3.922,3.941,5867.0
2026-01-31 08:00:00,1769846400000,3.941,3.949,3.918,3.927,20549.5
2026-01-31 08:15:00,1769847300000,3.927,3.927,3.873,3.888,71095.6
2026-01-31 08:30:00,1769848200000,3.888,3.89,3.834,3.858,169494.5
2026-01-31 08:45:00,1769849100000,3.858,3.886,3.842,3.879,39346.6
2026-01-31 09:00:00,1769850000000,3.879,3.905,3.875,3.902,18615.0
2026-01-31 09:15:00,1769850900000,3.902,3.906,3.877,3.886,32780.4
2026-01-31 09:30:00,1769851800000,3.886,3.919,3.886,3.905,22129.6
2026-01-31 09:45:00,1769852700000,3.905,3.905,3.875,3.88,39316.2
2026-01-31 10:00:00,1769853600000,3.88,3.882,3.853,3.855,14403.5
2026-01-31 10:15:00,1769854500000,3.855,3.875,3.854,3.874,6051.1
2026-01-31 10:30:00,1769855400000,3.874,3.894,3.874,3.889,11866.1
2026-01-31 10:45:00,1769856300000,3.889,3.893,3.868,3.873,18668.0
2026-01-31 11:00:00,1769857200000,3.873,3.873,3.839,3.841,30743.6
2026-01-31 11:15:00,1769858100000,3.841,3.863,3.841,3.86,32112.7
2026-01-31 11:30:00,1769859000000,3.86,3.865,3.853,3.853,6873.7
2026-01-31 11:45:00,1769859900000,3.853,3.857,3.839,3.85,15479.9
2026-01-31 12:00:00,1769860800000,3.85,3.853,3.829,3.837,23633.4
2026-01-31 12:15:00,1769861700000,3.837,3.851,3.837,3.843,6415.5
2026-01-31 12:30:00,1769862600000,3.843,3.843,3.825,3.836,23525.7
2026-01-31 12:45:00,1769863500000,3.836,3.841,3.824,3.83,36682.2
2026-01-31 13:00:00,1769864400000,3.83,3.835,3.817,3.822,21505.5
2026-01-31 13:15:00,1769865300000,3.822,3.827,3.802,3.811,21855.3
2026-01-31 13:30:00,1769866200000,3.811,3.817,3.779,3.79,143358.9
2026-01-31 13:45:00,1769867100000,3.79,3.8,3.787,3.797,22501.1
2026-01-31 14:00:00,1769868000000,3.797,3.807,3.745,3.762,100681.6
2026-01-31 14:15:00,1769868900000,3.762,3.767,3.595,3.643,515979.3
2026-01-31 14:30:00,1769869800000,3.643,3.656,3.576,3.587,220720.4
2026-01-31 14:45:00,1769870700000,3.587,3.658,3.574,3.642,67459.7
2026-01-31 15:00:00,1769871600000,3.642,3.693,3.639,3.662,60471.6
2026-01-31 15:15:00,1769872500000,3.662,3.666,3.644,3.658,39085.1
2026-01-31 15:30:00,1769873400000,3.658,3.677,3.647,3.65,16998.8
2026-01-31 15:45:00,1769874300000,3.65,3.657,3.627,3.631,26133.8
2026-01-31 16:00:00,1769875200000,3.631,3.647,3.612,3.635,67559.2
2026-01-31 16:15:00,1769876100000,3.635,3.693,3.609,3.649,135909.5
2026-01-31 16:30:00,1769877000000,3.649,3.654,3.626,3.628,26419.8
2026-01-31 16:45:00,1769877900000,3.628,3.635,3.582,3.606,130176.1
2026-01-31 17:00:00,1769878800000,3.606,3.629,3.4,3.489,725771.1
2026-01-31 17:15:00,1769879700000,3.489,3.523,3.466,3.49,154021.7
2026-01-31 17:30:00,1769880600000,3.49,3.515,3.45,3.476,109068.3
2026-01-31 17:45:00,1769881500000,3.476,3.489,3.436,3.474,46115.3
2026-01-31 18:00:00,1769882400000,3.474,3.496,3.461,3.472,54104.8
2026-01-31 18:15:00,1769883300000,3.472,3.473,3.427,3.449,72427.7
2026-01-31 18:30:00,1769884200000,3.449,3.456,3.237,3.396,697254.2
2026-01-31 18:45:00,1769885100000,3.396,3.465,3.376,3.414,273880.4
2026-01-31 19:00:00,1769886000000,3.414,3.48,3.411,3.474,128013.1
2026-01-31 19:15:00,1769886900000,3.474,3.502,3.455,3.464,70555.3
2026-01-31 19:30:00,1769887800000,3.464,3.474,3.422,3.433,47522.3
2026-01-31 19:45:00,1769888700000,3.433,3.482,3.426,3.474,29333.6
2026-01-31 20:00:00,1769889600000,3.474,3.488,3.449,3.45,33311.8
2026-01-31 20:15:00,1769890500000,3.45,3.515,3.447,3.452,56044.2
2026-01-31 20:30:00,1769891400000,3.452,3.478,3.432,3.476,39656.7
2026-01-31 20:45:00,1769892300000,3.476,3.488,3.459,3.48,26973.2
2026-01-31 21:00:00,1769893200000,3.48,3.507,3.469,3.474,30871.8
2026-01-31 21:15:00,1769894100000,3.474,3.517,3.464,3.51,39414.2
2026-01-31 21:30:00,1769895000000,3.51,3.549,3.495,3.541,39003.5
2026-01-31 21:45:00,1769895900000,3.541,3.555,3.53,3.54,25492.0
2026-01-31 22:00:00,1769896800000,3.54,3.557,3.525,3.527,28392.5
2026-01-31 22:15:00,1769897700000,3.527,3.533,3.516,3.531,22457.1
2026-01-31 22:30:00,1769898600000,3.531,3.536,3.512,3.521,11182.9
2026-01-31 22:45:00,1769899500000,3.521,3.542,3.515,3.539,4946.8
2026-01-31 23:00:00,1769900400000,3.539,3.558,3.538,3.552,16845.0
2026-01-31 23:15:00,1769901300000,3.552,3.64,3.547,3.62,88722.1
2026-01-31 23:30:00,1769902200000,3.62,3.633,3.606,3.609,25841.6
2026-01-31 23:45:00,1769903100000,3.609,3.621,3.593,3.616,16402.2
2026-02-01 00:00:00,1769904000000,3.616,3.647,3.611,3.645,65083.3
2026-02-01 00:15:00,1769904900000,3.645,3.651,3.63,3.637,39867.9
2026-02-01 00:30:00,1769905800000,3.637,3.644,3.613,3.631,26734.9
2026-02-01 00:45:00,1769906700000,3.631,3.643,3.628,3.635,8177.8
2026-02-01 01:00:00,1769907600000,3.635,3.637,3.602,3.613,22240.3
2026-02-01 01:15:00,1769908500000,3.613,3.628,3.593,3.628,22583.4
2026-02-01 01:30:00,1769909400000,3.628,3.628,3.613,3.617,11105.9
2026-02-01 01:45:00,1769910300000,3.617,3.638,3.614,3.634,7019.2
2026-02-01 02:00:00,1769911200000,3.634,3.652,3.63,3.646,13687.7
2026-02-01 02:15:00,1769912100000,3.646,3.649,3.627,3.632,11983.6
2026-02-01 02:30:00,1769913000000,3.632,3.654,3.63,3.654,14752.3
2026-02-01 02:45:00,1769913900000,3.654,3.665,3.651,3.655,10386.6
2026-02-01 03:00:00,1769914800000,3.655,3.665,3.646,3.66,7011.9
2026-02-01 03:15:00,1769915700000,3.66,3.664,3.651,3.659,4648.3
2026-02-01 03:30:00,1769916600000,3.659,3.663,3.653,3.656,7310.0
2026-02-01 03:45:00,1769917500000,3.656,3.666,3.656,3.663,4597.0
2026-02-01 04:00:00,1769918400000,3.663,3.675,3.66,3.666,9858.0
2026-02-01 04:15:00,1769919300000,3.666,3.67,3.653,3.657,10894.7
2026-02-01 04:30:00,1769920200000,3.657,3.662,3.651,3.657,5353.7
2026-02-01 04:45:00,1769921100000,3.657,3.662,3.654,3.658,5727.1
2026-02-01 05:00:00,1769922000000,3.658,3.687,3.654,3.684,25557.2
2026-02-01 05:15:00,1769922900000,3.684,3.689,3.669,3.686,12842.4
2026-02-01 05:30:00,1769923800000,3.686,3.686,3.651,3.651,17855.7
2026-02-01 05:45:00,1769924700000,3.651,3.666,3.651,3.662,6971.8
2026-02-01 06:00:00,1769925600000,3.662,3.682,3.662,3.68,9177.2
2026-02-01 06:15:00,1769926500000,3.68,3.688,3.677,3.679,3218.7
2026-02-01 06:30:00,1769927400000,3.679,3.685,3.651,3.662,13980.1
2026-02-01 06:45:00,1769928300000,3.662,3.667,3.653,3.664,8910.1
2026-02-01 07:00:00,1769929200000,3.664,3.668,3.647,3.651,21207.2
2026-02-01 07:15:00,1769930100000,3.651,3.656,3.644,3.653,13071.7
2026-02-01 07:30:00,1769931000000,3.653,3.697,3.65,3.691,30253.3
2026-02-01 07:45:00,1769931900000,3.691,3.691,3.671,3.673,15305.9
2026-02-01 08:00:00,1769932800000,3.673,3.682,3.667,3.667,13921.0
2026-02-01 08:15:00,1769933700000,3.667,3.67,3.652,3.66,21769.1
2026-02-01 08:30:00,1769934600000,3.66,3.69,3.657,3.681,28918.7
2026-02-01 08:45:00,1769935500000,3.681,3.681,3.655,3.658,8693.1
2026-02-01 09:00:00,1769936400000,3.658,3.661,3.642,3.642,8617.9
2026-02-01 09:15:00,1769937300000,3.642,3.642,3.624,3.624,17591.9
2026-02-01 09:30:00,1769938200000,3.624,3.642,3.624,3.639,17937.3
2026-02-01 09:45:00,1769939100000,3.639,3.659,3.633,3.651,14768.3
2026-02-01 10:00:00,1769940000000,3.651,3.672,3.644,3.667,21172.0
2026-02-01 10:15:00,1769940900000,3.667,3.667,3.642,3.65,13479.0
2026-02-01 10:30:00,1769941800000,3.65,3.653,3.594,3.595,50954.5
2026-02-01 10:45:00,1769942700000,3.595,3.608,3.584,3.587,32966.4
2026-02-01 11:00:00,1769943600000,3.587,3.603,3.587,3.602,10168.1
2026-02-01 11:15:00,1769944500000,3.602,3.608,3.585,3.592,44099.6
2026-02-01 11:30:00,1769945400000,3.592,3.625,3.592,3.622,43976.9
2026-02-01 11:45:00,1769946300000,3.622,3.63,3.606,3.61,13980.7
2026-02-01 12:00:00,1769947200000,3.61,3.613,3.597,3.605,10529.7
2026-02-01 12:15:00,1769948100000,3.605,3.606,3.578,3.582,33890.0
2026-02-01 12:30:00,1769949000000,3.582,3.599,3.575,3.584,41680.0
2026-02-01 12:45:00,1769949900000,3.584,3.591,3.584,3.587,7474.0
2026-02-01 13:00:00,1769950800000,3.587,3.622,3.587,3.619,21480.6
2026-02-01 13:15:00,1769951700000,3.619,3.619,3.605,3.61,6277.4
2026-02-01 13:30:00,1769952600000,3.61,3.615,3.585,3.589,8965.9
2026-02-01 13:45:00,1769953500000,3.589,3.596,3.564,3.58,51881.2
2026-02-01 14:00:00,1769954400000,3.58,3.589,3.564,3.567,11597.8
2026-02-01 14:15:00,1769955300000,3.567,3.569,3.539,3.546,35746.9
2026-02-01 14:30:00,1769956200000,3.546,3.566,3.51,3.548,103519.4
2026-02-01 14:45:00,1769957100000,3.548,3.605,3.544,3.57,54971.1
2026-02-01 15:00:00,1769958000000,3.57,3.57,3.522,3.527,56756.0
2026-02-01 15:15:00,1769958900000,3.527,3.53,3.475,3.476,60148.0
2026-02-01 15:30:00,1769959800000,3.476,3.499,3.453,3.477,75865.3
2026-02-01 15:45:00,1769960700000,3.477,3.529,3.474,3.504,43701.3
2026-02-01 16:00:00,1769961600000,3.504,3.536,3.488,3.517,59601.0
2026-02-01 16:15:00,1769962500000,3.517,3.546,3.47,3.524,52690.5
2026-02-01 16:30:00,1769963400000,3.524,3.53,3.493,3.498,21037.7
2026-02-01 16:45:00,1769964300000,3.498,3.518,3.491,3.51,21906.1
2026-02-01 17:00:00,1769965200000,3.51,3.53,3.506,3.522,16902.3
2026-02-01 17:15:00,1769966100000,3.522,3.522,3.486,3.503,17981.2
2026-02-01 17:30:00,1769967000000,3.503,3.511,3.479,3.495,35736.4
2026-02-01 17:45:00,1769967900000,3.495,3.514,3.482,3.513,12663.7
2026-02-01 18:00:00,1769968800000,3.513,3.576,3.512,3.57,76393.7
2026-02-01 18:15:00,1769969700000,3.57,3.583,3.546,3.56,46058.6
2026-02-01 18:30:00,1769970600000,3.56,3.56,3.53,3.532,18264.0
2026-02-01 18:45:00,1769971500000,3.532,3.537,3.52,3.532,18896.5
2026-02-01 19:00:00,1769972400000,3.532,3.545,3.514,3.521,22040.6
2026-02-01 19:15:00,1769973300000,3.521,3.533,3.503,3.528,12113.6
2026-02-01 19:30:00,1769974200000,3.528,3.538,3.517,3.526,11492.9
2026-02-01 19:45:00,1769975100000,3.526,3.526,3.495,3.517,39988.9
2026-02-01 20:00:00,1769976000000,3.517,3.532,3.504,3.515,24621.9
2026-02-01 20:15:00,1769976900000,3.515,3.526,3.483,3.486,32386.2
2026-02-01 20:30:00,1769977800000,3.486,3.57,3.486,3.551,39845.4
2026-02-01 20:45:00,1769978700000,3.551,3.555,3.526,3.534,18805.0
2026-02-01 21:00:00,1769979600000,3.534,3.535,3.503,3.517,29297.7
2026-02-01 21:15:00,1769980500000,3.517,3.521,3.502,3.511,31471.6
2026-02-01 21:30:00,1769981400000,3.511,3.534,3.503,3.515,19149.1
2026-02-01 21:45:00,1769982300000,3.515,3.525,3.493,3.507,44753.1
2026-02-01 22:00:00,1769983200000,3.507,3.578,3.506,3.567,40254.5
2026-02-01 22:15:00,1769984100000,3.567,3.567,3.517,3.544,16103.9
2026-02-01 22:30:00,1769985000000,3.544,3.581,3.544,3.561,13560.0
2026-02-01 22:45:00,1769985900000,3.561,3.566,3.54,3.544,8344.5
2026-02-01 23:00:00,1769986800000,3.544,3.551,3.443,3.521,159938.6
2026-02-01 23:15:00,1769987700000,3.521,3.553,3.487,3.538,126916.3
2026-02-01 23:30:00,1769988600000,3.538,3.591,3.522,3.559,67437.1
2026-02-01 23:45:00,1769989500000,3.559,3.559,3.516,3.519,40008.3
2026-02-02 00:00:00,1769990400000,3.519,3.564,3.491,3.548,43688.4
2026-02-02 00:15:00,1769991300000,3.548,3.589,3.544,3.582,49188.7
2026-02-02 00:30:00,1769992200000,3.582,3.609,3.575,3.595,41242.5
2026-02-02 00:45:00,1769993100000,3.595,3.602,3.575,3.581,17768.7
2026-02-02 01:00:00,1769994000000,3.581,3.603,3.531,3.538,29622.2
2026-02-02 01:15:00,1769994900000,3.538,3.634,3.532,3.629,72171.6
2026-02-02 01:30:00,1769995800000,3.629,3.63,3.603,3.622,15016.2
2026-02-02 01:45:00,1769996700000,3.622,3.622,3.598,3.606,9091.0
2026-02-02 02:00:00,1769997600000,3.606,3.607,3.582,3.589,18571.5
2026-02-02 02:15:00,1769998500000,3.589,3.623,3.589,3.615,17801.4
2026-02-02 02:30:00,1769999400000,3.615,3.619,3.582,3.594,11158.6
2026-02-02 02:45:00,1770000300000,3.594,3.599,3.572,3.576,17646.2
2026-02-02 03:00:00,1770001200000,3.576,3.58,3.519,3.523,35624.7
2026-02-02 03:15:00,1770002100000,3.523,3.528,3.443,3.454,142068.1
2026-02-02 03:30:00,1770003000000,3.454,3.49,3.429,3.461,100019.4
2026-02-02 03:45:00,1770003900000,3.461,3.597,3.458,3.579,151871.1
2026-02-02 04:00:00,1770004800000,3.579,3.585,3.521,3.528,36644.4
2026-02-02 04:15:00,1770005700000,3.528,3.628,3.523,3.619,40029.8
2026-02-02 04:30:00,1770006600000,3.619,3.637,3.598,3.599,26577.3
2026-02-02 04:45:00,1770007500000,3.599,3.599,3.559,3.561,14696.7
2026-02-02 05:00:00,1770008400000,3.561,3.561,3.513,3.521,32538.0
2026-02-02 05:15:00,1770009300000,3.521,3.523,3.468,3.48,55941.6
2026-02-02 05:30:00,1770010200000,3.48,3.503,3.463,3.49,28590.6
2026-02-02 05:45:00,1770011100000,3.49,3.533,3.486,3.505,34749.7
2026-02-02 06:00:00,1770012000000,3.505,3.524,3.469,3.508,69929.0
2026-02-02 06:15:00,1770012900000,3.508,3.55,3.497,3.513,52660.5
2026-02-02 06:30:00,1770013800000,3.513,3.61,3.452,3.564,290375.0
2026-02-02 06:45:00,1770014700000,3.564,3.596,3.538,3.561,91405.4
2026-02-02 07:00:00,1770015600000,3.561,3.595,3.547,3.571,85190.1
2026-02-02 07:15:00,1770016500000,3.571,3.583,3.552,3.559,15302.4
2026-02-02 07:30:00,1770017400000,3.559,3.58,3.556,3.568,23294.9
2026-02-02 07:45:00,1770018300000,3.568,3.592,3.557,3.557,26790.9
2026-02-02 08:00:00,1770019200000,3.557,3.585,3.557,3.579,39002.0
2026-02-02 08:15:00,1770020100000,3.579,3.592,3.563,3.568,23181.0
2026-02-02 08:30:00,1770021000000,3.568,3.599,3.568,3.584,15481.0
2026-02-02 08:45:00,1770021900000,3.584,3.601,3.58,3.586,20252.2
2026-02-02 09:00:00,1770022800000,3.586,3.59,3.56,3.566,15395.0
2026-02-02 09:15:00,1770023700000,3.566,3.609,3.558,3.609,28550.5
2026-02-02 09:30:00,1770024600000,3.609,3.629,3.586,3.617,87686.3
2026-02-02 09:45:00,1770025500000,3.617,3.653,3.615,3.628,93557.9
2026-02-02 10:00:00,1770026400000,3.628,3.637,3.622,3.627,20993.3
2026-02-02 10:15:00,1770027300000,3.627,3.634,3.609,3.62,31105.9
2026-02-02 10:30:00,1770028200000,3.62,3.627,3.606,3.614,26052.4
2026-02-02 10:45:00,1770029100000,3.614,3.623,3.612,3.621,10885.1
2026-02-02 11:00:00,1770030000000,3.621,3.624,3.608,3.622,9678.2
2026-02-02 11:15:00,1770030900000,3.622,3.624,3.609,3.624,6494.8
2026-02-02 11:30:00,1770031800000,3.624,3.632,3.608,3.614,28169.0
2026-02-02 11:45:00,1770032700000,3.614,3.623,3.6,3.602,53046.6
2026-02-02 12:00:00,1770033600000,3.602,3.617,3.602,3.614,14294.1
2026-02-02 12:15:00,1770034500000,3.614,3.63,3.608,3.614,33171.4
2026-02-02 12:30:00,1770035400000,3.614,3.633,3.609,3.626,8533.2
2026-02-02 12:45:00,1770036300000,3.626,3.654,3.626,3.646,23043.2
2026-02-02 13:00:00,1770037200000,3.646,3.655,3.638,3.655,26455.9
2026-02-02 13:15:00,1770038100000,3.655,3.67,3.642,3.647,34309.9
2026-02-02 13:30:00,1770039000000,3.647,3.669,3.645,3.66,32386.9
2026-02-02 13:45:00,1770039900000,3.66,3.681,3.653,3.671,18795.3
2026-02-02 14:00:00,1770040800000,3.671,3.681,3.646,3.663,37222.2
2026-02-02 14:15:00,1770041700000,3.663,3.7,3.655,3.691,52539.0
2026-02-02 14:30:00,1770042600000,3.691,3.783,3.69,3.768,173368.0
2026-02-02 14:45:00,1770043500000,3.768,3.813,3.709,3.714,311620.1
2026-02-02 15:00:00,1770044400000,3.714,3.738,3.691,3.732,81207.2
2026-02-02 15:15:00,1770045300000,3.732,3.759,3.718,3.742,88707.3
2026-02-02 15:30:00,1770046200000,3.742,3.756,3.712,3.737,60873.5
2026-02-02 15:45:00,1770047100000,3.737,3.748,3.714,3.724,28191.5
2026-02-02 16:00:00,1770048000000,3.724,3.725,3.702,3.713,71830.6
2026-02-02 16:15:00,1770048900000,3.713,3.723,3.697,3.723,50220.0
2026-02-02 16:30:00,1770049800000,3.723,3.723,3.707,3.716,28161.0
2026-02-02 16:45:00,1770050700000,3.716,3.717,3.684,3.694,29779.0
2026-02-02 17:00:00,1770051600000,3.694,3.72,3.692,3.709,25492.1
2026-02-02 17:15:00,1770052500000,3.709,3.721,3.702,3.705,19008.2
2026-02-02 17:30:00,1770053400000,3.705,3.711,3.673,3.68,30445.2
2026-02-02 17:45:00,1770054300000,3.68,3.687,3.668,3.683,10487.7
2026-02-02 18:00:00,1770055200000,3.683,3.687,3.67,3.676,14809.8
2026-02-02 18:15:00,1770056100000,3.676,3.682,3.664,3.672,10767.1
2026-02-02 18:30:00,1770057000000,3.672,3.709,3.672,3.698,26056.1
2026-02-02 18:45:00,1770057900000,3.698,3.705,3.696,3.699,5976.3
2026-02-02 19:00:00,1770058800000,3.699,3.709,3.693,3.703,31312.0
2026-02-02 19:15:00,1770059700000,3.703,3.703,3.687,3.693,3462.8
2026-02-02 19:30:00,1770060600000,3.693,3.698,3.686,3.698,5526.6
2026-02-02 19:45:00,1770061500000,3.698,3.699,3.683,3.683,12827.3
2026-02-02 20:00:00,1770062400000,3.683,3.692,3.672,3.679,15436.3
2026-02-02 20:15:00,1770063300000,3.679,3.688,3.675,3.679,5023.0
2026-02-02 20:30:00,1770064200000,3.679,3.679,3.659,3.667,12627.4
2026-02-02 20:45:00,1770065100000,3.667,3.68,3.661,3.669,17139.7
2026-02-02 21:00:00,1770066000000,3.669,3.694,3.668,3.687,13429.5
2026-02-02 21:15:00,1770066900000,3.687,3.687,3.669,3.671,5334.0
2026-02-02 21:30:00,1770067800000,3.671,3.683,3.67,3.673,6645.5
2026-02-02 21:45:00,1770068700000,3.673,3.68,3.672,3.674,6160.1
2026-02-02 22:00:00,1770069600000,3.674,3.69,3.674,3.682,10354.5
2026-02-02 22:15:00,1770070500000,3.682,3.682,3.671,3.677,2105.6
2026-02-02 22:30:00,1770071400000,3.677,3.691,3.676,3.69,5963.3
2026-02-02 22:45:00,1770072300000,3.69,3.691,3.682,3.686,2257.3
2026-02-02 23:00:00,1770073200000,3.686,3.689,3.674,3.676,6344.8
2026-02-02 23:15:00,1770074100000,3.676,3.679,3.657,3.657,22263.2
2026-02-02 23:30:00,1770075000000,3.657,3.668,3.654,3.663,11586.3
2026-02-02 23:45:00,1770075900000,3.663,3.664,3.649,3.653,14613.6
2026-02-03 00:00:00,1770076800000,3.653,3.666,3.627,3.642,25842.2
2026-02-03 00:15:00,1770077700000,3.642,3.656,3.64,3.655,6471.5
2026-02-03 00:30:00,1770078600000,3.655,3.655,3.639,3.652,18761.9
2026-02-03 00:45:00,1770079500000,3.652,3.659,3.643,3.658,17076.6
2026-02-03 01:00:00,1770080400000,3.658,3.658,3.639,3.643,8383.2
2026-02-03 01:15:00,1770081300000,3.643,3.652,3.633,3.651,11263.6
2026-02-03 01:30:00,1770082200000,3.651,3.651,3.638,3.649,2617.8
2026-02-03 01:45:00,1770083100000,3.649,3.652,3.643,3.65,5245.9
2026-02-03 02:00:00,1770084000000,3.65,3.651,3.619,3.624,7781.8
2026-02-03 02:15:00,1770084900000,3.624,3.631,3.617,3.623,5995.0
2026-02-03 02:30:00,1770085800000,3.623,3.626,3.608,3.615,18300.2
2026-02-03 02:45:00,1770086700000,3.615,3.616,3.589,3.594,45397.0
2026-02-03 03:00:00,1770087600000,3.594,3.612,3.582,3.606,27033.7
2026-02-03 03:15:00,1770088500000,3.606,3.62,3.592,3.619,15304.0
2026-02-03 03:30:00,1770089400000,3.619,3.651,3.618,3.648,7543.4
2026-02-03 03:45:00,1770090300000,3.648,3.671,3.643,3.668,21186.2
2026-02-03 04:00:00,1770091200000,3.668,3.674,3.656,3.674,9804.2
2026-02-03 04:15:00,1770092100000,3.674,3.674,3.661,3.663,6930.3
2026-02-03 04:30:00,1770093000000,3.663,3.703,3.663,3.703,19018.0
2026-02-03 04:45:00,1770093900000,3.703,3.704,3.69,3.691,13755.4
2026-02-03 05:00:00,1770094800000,3.691,3.693,3.667,3.67,10311.6
2026-02-03 05:15:00,1770095700000,3.67,3.681,3.666,3.669,7297.7
2026-02-03 05:30:00,1770096600000,3.669,3.674,3.668,3.673,3417.8
2026-02-03 05:45:00,1770097500000,3.673,3.677,3.658,3.663,4760.7
2026-02-03 06:00:00,1770098400000,3.663,3.667,3.641,3.644,20854.3
2026-02-03 06:15:00,1770099300000,3.644,3.677,3.637,3.671,16294.6
2026-02-03 06:30:00,1770100200000,3.671,3.678,3.662,3.664,4016.7
2026-02-03 06:45:00,1770101100000,3.664,3.684,3.664,3.677,5923.1
2026-02-03 07:00:00,1770102000000,3.677,3.689,3.664,3.68,9783.3
2026-02-03 07:15:00,1770102900000,3.68,3.684,3.668,3.671,9599.7
2026-02-03 07:30:00,1770103800000,3.671,3.696,3.668,3.685,12383.7
2026-02-03 07:45:00,1770104700000,3.685,3.685,3.675,3.678,8106.3
2026-02-03 08:00:00,1770105600000,3.678,3.684,3.665,3.667,15162.0
2026-02-03 08:15:00,1770106500000,3.667,3.7,3.666,3.691,13635.8
2026-02-03 08:30:00,1770107400000,3.691,3.701,3.681,3.701,8132.4
2026-02-03 08:45:00,1770108300000,3.701,3.701,3.671,3.674,7788.4
2026-02-03 09:00:00,1770109200000,3.674,3.687,3.639,3.643,59434.8
2026-02-03 09:15:00,1770110100000,3.643,3.649,3.618,3.619,77967.3
2026-02-03 09:30:00,1770111000000,3.619,3.651,3.618,3.643,30837.0
2026-02-03 09:45:00,1770111900000,3.643,3.648,3.638,3.642,10631.1
2026-02-03 10:00:00,1770112800000,3.642,3.659,3.636,3.658,7446.1
2026-02-03 10:15:00,1770113700000,3.658,3.663,3.65,3.662,6654.9
2026-02-03 10:30:00,1770114600000,3.662,3.662,3.631,3.637,16977.2
2026-02-03 10:45:00,1770115500000,3.637,3.641,3.631,3.636,3827.8
2026-02-03 11:00:00,1770116400000,3.636,3.647,3.632,3.634,10308.4
2026-02-03 11:15:00,1770117300000,3.634,3.646,3.631,3.646,9428.0
2026-02-03 11:30:00,1770118200000,3.646,3.661,3.643,3.654,16671.2
2026-02-03 11:45:00,1770119100000,3.654,3.662,3.651,3.655,8303.8
2026-02-03 12:00:00,1770120000000,3.655,3.676,3.643,3.667,18736.5
2026-02-03 12:15:00,1770120900000,3.667,3.675,3.656,3.673,13424.1
2026-02-03 12:30:00,1770121800000,3.673,3.675,3.663,3.672,7614.8
2026-02-03 12:45:00,1770122700000,3.672,3.684,3.67,3.679,12689.4
2026-02-03 13:00:00,1770123600000,3.679,3.691,3.671,3.685,9477.8
2026-02-03 13:15:00,1770124500000,3.685,3.693,3.674,3.692,15699.8
2026-02-03 13:30:00,1770125400000,3.692,3.694,3.679,3.681,5861.2
2026-02-03 13:45:00,1770126300000,3.681,3.695,3.674,3.688,8175.0
2026-02-03 14:00:00,1770127200000,3.688,3.695,3.681,3.685,6784.0
2026-02-03 14:15:00,1770128100000,3.685,3.695,3.664,3.683,18210.8
2026-02-03 14:30:00,1770129000000,3.683,3.685,3.629,3.643,50105.1
2026-02-03 14:45:00,1770129900000,3.643,3.661,3.607,3.607,46581.1
2026-02-03 15:00:00,1770130800000,3.607,3.645,3.597,3.607,46648.4
2026-02-03 15:15:00,1770131700000,3.607,3.691,3.603,3.668,133997.8
2026-02-03 15:30:00,1770132600000,3.668,3.702,3.649,3.661,54426.1
2026-02-03 15:45:00,1770133500000,3.661,3.732,3.654,3.723,53952.5
2026-02-03 16:00:00,1770134400000,3.723,3.725,3.673,3.683,85545.9
2026-02-03 16:15:00,1770135300000,3.683,3.684,3.644,3.651,68841.6
2026-02-03 16:30:00,1770136200000,3.651,3.661,3.629,3.642,52157.1
2026-02-03 16:45:00,1770137100000,3.642,3.653,3.632,3.638,36911.3
2026-02-03 17:00:00,1770138000000,3.638,3.647,3.604,3.608,27589.9
2026-02-03 17:15:00,1770138900000,3.608,3.628,3.602,3.615,33367.5
2026-02-03 17:30:00,1770139800000,3.615,3.615,3.565,3.566,44298.9
2026-02-03 17:45:00,1770140700000,3.566,3.595,3.551,3.552,41604.9
2026-02-03 18:00:00,1770141600000,3.552,3.575,3.534,3.534,115217.9
2026-02-03 18:15:00,1770142500000,3.534,3.547,3.494,3.504,151548.6
2026-02-03 18:30:00,1770143400000,3.504,3.524,3.488,3.496,50702.2
2026-02-03 18:45:00,1770144300000,3.496,3.501,3.467,3.471,108333.1
2026-02-03 19:00:00,1770145200000,3.471,3.595,3.462,3.586,173007.7
2026-02-03 19:15:00,1770146100000,3.586,3.631,3.576,3.612,105717.2
2026-02-03 19:30:00,1770147000000,3.612,3.662,3.61,3.632,56422.7
2026-02-03 19:45:00,1770147900000,3.632,3.643,3.611,3.638,30776.6
2026-02-03 20:00:00,1770148800000,3.638,3.642,3.601,3.609,29077.6
2026-02-03 20:15:00,1770149700000,3.609,3.699,3.603,3.683,100456.0
2026-02-03 20:30:00,1770150600000,3.683,3.805,3.683,3.767,227547.3
2026-02-03 20:45:00,1770151500000,3.767,3.794,3.744,3.757,78609.9
2026-02-03 21:00:00,1770152400000,3.757,3.785,3.746,3.762,61818.9
2026-02-03 21:15:00,1770153300000,3.762,3.766,3.707,3.709,48966.7
2026-02-03 21:30:00,1770154200000,3.709,3.714,3.686,3.691,25940.2
2026-02-03 21:45:00,1770155100000,3.691,3.695,3.674,3.676,27934.4
2026-02-03 22:00:00,1770156000000,3.676,3.678,3.636,3.636,39379.9
2026-02-03 22:15:00,1770156900000,3.636,3.642,3.616,3.638,33780.4
2026-02-03 22:30:00,1770157800000,3.638,3.653,3.629,3.631,31038.9
2026-02-03 22:45:00,1770158700000,3.631,3.631,3.593,3.606,46347.5
2026-02-03 23:00:00,1770159600000,3.606,3.607,3.569,3.597,51642.3
2026-02-03 23:15:00,1770160500000,3.597,3.599,3.575,3.575,15743.7
2026-02-03 23:30:00,1770161400000,3.575,3.585,3.567,3.575,19692.4
2026-02-03 23:45:00,1770162300000,3.575,3.585,3.547,3.581,45158.6
2026-02-04 00:00:00,1770163200000,3.581,3.583,3.566,3.566,21623.0
2026-02-04 00:15:00,1770164100000,3.566,3.598,3.566,3.598,25767.0
2026-02-04 00:30:00,1770165000000,3.598,3.624,3.596,3.613,12005.2
2026-02-04 00:45:00,1770165900000,3.613,3.621,3.601,3.604,9168.4
2026-02-04 01:00:00,1770166800000,3.604,3.662,3.604,3.66,37061.0
2026-02-04 01:15:00,1770167700000,3.66,3.66,3.642,3.644,6431.7
2026-02-04 01:30:00,1770168600000,3.644,3.648,3.639,3.643,9492.1
2026-02-04 01:45:00,1770169500000,3.643,3.643,3.621,3.628,10234.0
2026-02-04 02:00:00,1770170400000,3.628,3.633,3.621,3.631,5897.7
2026-02-04 02:15:00,1770171300000,3.631,3.636,3.611,3.615,8421.1
2026-02-04 02:30:00,1770172200000,3.615,3.618,3.595,3.611,10876.1
2026-02-04 02:45:00,1770173100000,3.611,3.616,3.597,3.607,7356.4
2026-02-04 03:00:00,1770174000000,3.607,3.651,3.603,3.644,28056.9
2026-02-04 03:15:00,1770174900000,3.644,3.645,3.624,3.627,5597.0
2026-02-04 03:30:00,1770175800000,3.627,3.664,3.625,3.649,31758.8
2026-02-04 03:45:00,1770176700000,3.649,3.654,3.645,3.651,4925.7
2026-02-04 04:00:00,1770177600000,3.651,3.665,3.645,3.664,9815.7
2026-02-04 04:15:00,1770178500000,3.664,3.665,3.649,3.654,13192.8
2026-02-04 04:30:00,1770179400000,3.654,3.66,3.648,3.65,6660.8
2026-02-04 04:45:00,1770180300000,3.65,3.653,3.644,3.646,8141.8
2026-02-04 05:00:00,1770181200000,3.646,3.655,3.645,3.652,4068.8
2026-02-04 05:15:00,1770182100000,3.652,3.656,3.642,3.651,2921.9
2026-02-04 05:30:00,1770183000000,3.651,3.652,3.641,3.643,3009.6
2026-02-04 05:45:00,1770183900000,3.643,3.651,3.622,3.637,19109.3
2026-02-04 06:00:00,1770184800000,3.637,3.663,3.631,3.66,17650.9
2026-02-04 06:15:00,1770185700000,3.66,3.662,3.643,3.645,4948.9
2026-02-04 06:30:00,1770186600000,3.645,3.665,3.641,3.663,10343.7
2026-02-04 06:45:00,1770187500000,3.663,3.673,3.661,3.666,14177.2
2026-02-04 07:00:00,1770188400000,3.666,3.667,3.643,3.667,13002.9
2026-02-04 07:15:00,1770189300000,3.667,3.67,3.656,3.67,19902.3
2026-02-04 07:30:00,1770190200000,3.67,3.687,3.664,3.684,19753.8
2026-02-04 07:45:00,1770191100000,3.684,3.684,3.665,3.667,8387.0
2026-02-04 08:00:00,1770192000000,3.667,3.67,3.653,3.654,12352.4
2026-02-04 08:15:00,1770192900000,3.654,3.663,3.641,3.644,8741.6
2026-02-04 08:30:00,1770193800000,3.644,3.654,3.639,3.654,3931.6
2026-02-04 08:45:00,1770194700000,3.654,3.671,3.654,3.666,7774.2
2026-02-04 09:00:00,1770195600000,3.666,3.667,3.649,3.649,7132.7
2026-02-04 09:15:00,1770196500000,3.649,3.651,3.635,3.639,5858.9
2026-02-04 09:30:00,1770197400000,3.639,3.644,3.623,3.634,17047.7
2026-02-04 09:45:00,1770198300000,3.634,3.637,3.629,3.63,6352.2
2026-02-04 10:00:00,1770199200000,3.63,3.633,3.626,3.631,3355.9
2026-02-04 10:15:00,1770200100000,3.631,3.641,3.631,3.637,6110.2
2026-02-04 10:30:00,1770201000000,3.637,3.645,3.629,3.629,7496.1
2026-02-04 10:45:00,1770201900000,3.629,3.639,3.629,3.637,4036.1
2026-02-04 11:00:00,1770202800000,3.637,3.637,3.586,3.599,59713.2
2026-02-04 11:15:00,1770203700000,3.599,3.625,3.591,3.614,18883.4
2026-02-04 11:30:00,1770204600000,3.614,3.641,3.61,3.622,23088.9
2026-02-04 11:45:00,1770205500000,3.622,3.628,3.617,3.622,14541.5
2026-02-04 12:00:00,1770206400000,3.622,3.627,3.621,3.625,3065.1
2026-02-04 12:15:00,1770207300000,3.625,3.635,3.605,3.606,20525.1
2026-02-04 12:30:00,1770208200000,3.606,3.617,3.604,3.611,4255.7
2026-02-04 12:45:00,1770209100000,3.611,3.618,3.607,3.616,7792.6
2026-02-04 13:00:00,1770210000000,3.616,3.622,3.605,3.618,10688.9
2026-02-04 13:15:00,1770210900000,3.618,3.619,3.594,3.596,19263.6
2026-02-04 13:30:00,1770211800000,3.596,3.603,3.574,3.578,29774.5
2026-02-04 13:45:00,1770212700000,3.578,3.584,3.546,3.548,36304.4
2026-02-04 14:00:00,1770213600000,3.548,3.571,3.546,3.563,45619.1
2026-02-04 14:15:00,1770214500000,3.563,3.565,3.546,3.55,13861.9
2026-02-04 14:30:00,1770215400000,3.55,3.578,3.51,3.547,137309.4
2026-02-04 14:45:00,1770216300000,3.547,3.575,3.504,3.508,70142.0
2026-02-04 15:00:00,1770217200000,3.508,3.552,3.489,3.54,157291.1
2026-02-04 15:15:00,1770218100000,3.54,3.562,3.517,3.529,32278.3
2026-02-04 15:30:00,1770219000000,3.529,3.533,3.46,3.502,71032.0
2026-02-04 15:45:00,1770219900000,3.502,3.508,3.475,3.501,26218.3
2026-02-04 16:00:00,1770220800000,3.501,3.529,3.484,3.506,72981.7
2026-02-04 16:15:00,1770221700000,3.506,3.512,3.462,3.496,96420.5
2026-02-04 16:30:00,1770222600000,3.496,3.498,3.431,3.451,96331.2
2026-02-04 16:45:00,1770223500000,3.451,3.495,3.445,3.482,41539.2
2026-02-04 17:00:00,1770224400000,3.482,3.495,3.452,3.483,76758.3
2026-02-04 17:15:00,1770225300000,3.483,3.505,3.441,3.445,51868.0
2026-02-04 17:30:00,1770226200000,3.445,3.496,3.443,3.487,78535.8
2026-02-04 17:45:00,1770227100000,3.487,3.507,3.468,3.496,32781.6
2026-02-04 18:00:00,1770228000000,3.496,3.497,3.448,3.451,78301.8
2026-02-04 18:15:00,1770228900000,3.451,3.514,3.436,3.492,81039.4
2026-02-04 18:30:00,1770229800000,3.492,3.57,3.478,3.564,122247.2
2026-02-04 18:45:00,1770230700000,3.564,3.564,3.517,3.519,27614.1
2026-02-04 19:00:00,1770231600000,3.519,3.548,3.513,3.513,31159.7
2026-02-04 19:15:00,1770232500000,3.513,3.533,3.496,3.506,31937.3
2026-02-04 19:30:00,1770233400000,3.506,3.547,3.505,3.543,26571.7
2026-02-04 19:45:00,1770234300000,3.543,3.598,3.54,3.594,73184.7
2026-02-04 20:00:00,1770235200000,3.594,3.598,3.556,3.558,33417.4
2026-02-04 20:15:00,1770236100000,3.558,3.576,3.555,3.562,14353.1
2026-02-04 20:30:00,1770237000000,3.562,3.564,3.538,3.54,18654.3
2026-02-04 20:45:00,1770237900000,3.54,3.549,3.533,3.546,20205.3
2026-02-04 21:00:00,1770238800000,3.546,3.556,3.52,3.529,23640.8
2026-02-04 21:15:00,1770239700000,3.529,3.529,3.501,3.514,16347.0
2026-02-04 21:30:00,1770240600000,3.514,3.524,3.487,3.495,24573.8
2026-02-04 21:45:00,1770241500000,3.495,3.508,3.472,3.506,38509.0
2026-02-04 22:00:00,1770242400000,3.506,3.508,3.437,3.466,57489.5
2026-02-04 22:15:00,1770243300000,3.466,3.554,3.464,3.553,23703.2
2026-02-04 22:30:00,1770244200000,3.553,3.554,3.483,3.489,23605.3
2026-02-04 22:45:00,1770245100000,3.489,3.504,3.469,3.477,20223.1
2026-02-04 23:00:00,1770246000000,3.477,3.484,3.461,3.481,24369.7
2026-02-04 23:15:00,1770246900000,3.481,3.53,3.474,3.516,87159.8
2026-02-04 23:30:00,1770247800000,3.516,3.537,3.511,3.517,42755.1
2026-02-04 23:45:00,1770248700000,3.517,3.526,3.501,3.503,15487.3
2026-02-05 00:00:00,1770249600000,3.503,3.506,3.488,3.489,10845.8
2026-02-05 00:15:00,1770250500000,3.489,3.521,3.487,3.518,13737.2
2026-02-05 00:30:00,1770251400000,3.518,3.518,3.484,3.502,8411.1
2026-02-05 00:45:00,1770252300000,3.502,3.509,3.493,3.495,4835.6
2026-02-05 01:00:00,1770253200000,3.495,3.521,3.488,3.518,10406.4
2026-02-05 01:15:00,1770254100000,3.518,3.546,3.471,3.54,43855.2
2026-02-05 01:30:00,1770255000000,3.54,3.559,3.501,3.526,82926.6
2026-02-05 01:45:00,1770255900000,3.526,3.527,3.505,3.506,15850.5
2026-02-05 02:00:00,1770256800000,3.506,3.511,3.479,3.479,34704.2
2026-02-05 02:15:00,1770257700000,3.479,3.518,3.473,3.508,32919.7
2026-02-05 02:30:00,1770258600000,3.508,3.541,3.506,3.527,34365.9
2026-02-05 02:45:00,1770259500000,3.527,3.527,3.472,3.478,33505.9
2026-02-05 03:00:00,1770260400000,3.478,3.504,3.467,3.487,26228.2
2026-02-05 03:15:00,1770261300000,3.487,3.505,3.462,3.489,27444.1
2026-02-05 03:30:00,1770262200000,3.489,3.489,3.467,3.473,28824.8
2026-02-05 03:45:00,1770263100000,3.473,3.476,3.459,3.465,14802.6
2026-02-05 04:00:00,1770264000000,3.465,3.495,3.45,3.46,37809.7
2026-02-05 04:15:00,1770264900000,3.46,3.482,3.45,3.461,38955.0
2026-02-05 04:30:00,1770265800000,3.461,3.49,3.448,3.484,32940.6
2026-02-05 04:45:00,1770266700000,3.484,3.484,3.455,3.464,12796.9
2026-02-05 05:00:00,1770267600000,3.464,3.474,3.444,3.462,16429.9
2026-02-05 05:15:00,1770268500000,3.462,3.468,3.414,3.441,66260.0
2026-02-05 05:30:00,1770269400000,3.441,3.504,3.43,3.493,55572.0
2026-02-05 05:45:00,1770270300000,3.493,3.496,3.46,3.462,54491.1
2026-02-05 06:00:00,1770271200000,3.462,3.466,3.432,3.445,50491.5
2026-02-05 06:15:00,1770272100000,3.445,3.451,3.421,3.424,26739.3
2026-02-05 06:30:00,1770273000000,3.424,3.445,3.424,3.439,11167.5
2026-02-05 06:45:00,1770273900000,3.439,3.445,3.412,3.424,26224.1
2026-02-05 07:00:00,1770274800000,3.424,3.47,3.419,3.428,55744.1
2026-02-05 07:15:00,1770275700000,3.428,3.463,3.423,3.453,27970.3
2026-02-05 07:30:00,1770276600000,3.453,3.454,3.419,3.429,37867.4
2026-02-05 07:45:00,1770277500000,3.429,3.432,3.412,3.418,15225.2
2026-02-05 08:00:00,1770278400000,3.418,3.442,3.418,3.431,28316.9
2026-02-05 08:15:00,1770279300000,3.431,3.448,3.426,3.445,24327.8
2026-02-05 08:30:00,1770280200000,3.445,3.468,3.444,3.455,17092.7
2026-02-05 08:45:00,1770281100000,3.455,3.466,3.445,3.445,19467.4
2026-02-05 09:00:00,1770282000000,3.445,3.489,3.445,3.474,55936.4
2026-02-05 09:15:00,1770282900000,3.474,3.487,3.457,3.461,25754.3
2026-02-05 09:30:00,1770283800000,3.461,3.461,3.438,3.439,27028.2
2026-02-05 09:45:00,1770284700000,3.439,3.444,3.436,3.438,10673.4
2026-02-05 10:00:00,1770285600000,3.438,3.44,3.415,3.429,26592.2
2026-02-05 10:15:00,1770286500000,3.429,3.445,3.428,3.43,11073.9
2026-02-05 10:30:00,1770287400000,3.43,3.434,3.401,3.404,25686.6
2026-02-05 10:45:00,1770288300000,3.404,3.407,3.358,3.371,107244.3
2026-02-05 11:00:00,1770289200000,3.371,3.388,3.342,3.346,50065.1
2026-02-05 11:15:00,1770290100000,3.346,3.363,3.291,3.298,173579.9
2026-02-05 11:30:00,1770291000000,3.298,3.372,3.297,3.364,100750.0
2026-02-05 11:45:00,1770291900000,3.364,3.365,3.33,3.338,29537.0
2026-02-05 12:00:00,1770292800000,3.338,3.355,3.326,3.335,48278.7
2026-02-05 12:15:00,1770293700000,3.335,3.347,3.296,3.329,143076.9
2026-02-05 12:30:00,1770294600000,3.329,3.345,3.314,3.322,92865.2
2026-02-05 12:45:00,1770295500000,3.322,3.335,3.301,3.323,92736.2
2026-02-05 13:00:00,1770296400000,3.323,3.354,3.32,3.33,35833.1
2026-02-05 13:15:00,1770297300000,3.33,3.331,3.305,3.311,21968.6
2026-02-05 13:30:00,1770298200000,3.311,3.333,3.309,3.323,38830.2
2026-02-05 13:45:00,1770299100000,3.323,3.323,3.294,3.302,37953.0
2026-02-05 14:00:00,1770300000000,3.302,3.349,3.301,3.314,96974.1
2026-02-05 14:15:00,1770300900000,3.314,3.335,3.302,3.331,19883.9
2026-02-05 14:30:00,1770301800000,3.331,3.384,3.323,3.364,121604.8
2026-02-05 14:45:00,1770302700000,3.364,3.38,3.303,3.31,67402.7
2026-02-05 15:00:00,1770303600000,3.31,3.325,3.183,3.191,256900.1
2026-02-05 15:15:00,1770304500000,3.191,3.24,3.108,3.119,455009.4
2026-02-05 15:30:00,1770305400000,3.119,3.205,3.079,3.202,348344.0
2026-02-05 15:45:00,1770306300000,3.202,3.252,3.165,3.176,186315.5
2026-02-05 16:00:00,1770307200000,3.176,3.19,3.139,3.152,150061.8
2026-02-05 16:15:00,1770308100000,3.152,3.238,3.144,3.215,203903.7
2026-02-05 16:30:00,1770309000000,3.215,3.241,3.173,3.179,81874.9
2026-02-05 16:45:00,1770309900000,3.179,3.234,3.15,3.19,126974.0
2026-02-05 17:00:00,1770310800000,3.19,3.296,3.148,3.163,391200.1
2026-02-05 17:15:00,1770311700000,3.163,3.225,3.105,3.211,236272.2
2026-02-05 17:30:00,1770312600000,3.211,3.22,3.151,3.167,158238.8
2026-02-05 17:45:00,1770313500000,3.167,3.184,3.126,3.13,81718.9
2026-02-05 18:00:00,1770314400000,3.13,3.16,3.121,3.138,73946.1
2026-02-05 18:15:00,1770315300000,3.138,3.14,3.087,3.111,151016.6
2026-02-05 18:30:00,1770316200000,3.111,3.12,3.071,3.093,116243.8
2026-02-05 18:45:00,1770317100000,3.093,3.158,3.085,3.146,89663.2
2026-02-05 19:00:00,1770318000000,3.146,3.149,3.105,3.114,229414.8
2026-02-05 19:15:00,1770318900000,3.114,3.133,3.077,3.097,110875.2
2026-02-05 19:30:00,1770319800000,3.097,3.112,3.079,3.08,61013.9
2026-02-05 19:45:00,1770320700000,3.08,3.085,3.052,3.072,81177.4
2026-02-05 20:00:00,1770321600000,3.072,3.101,3.053,3.058,73817.8
2026-02-05 20:15:00,1770322500000,3.058,3.061,2.913,2.962,529694.2
2026-02-05 20:30:00,1770323400000,2.962,3.047,2.944,3.021,251092.4
2026-02-05 20:45:00,1770324300000,3.021,3.025,2.936,2.976,199945.2
2026-02-05 21:00:00,1770325200000,2.976,3.064,2.971,2.979,257517.8
2026-02-05 21:15:00,1770326100000,2.979,3.038,2.938,3.024,124438.7
2026-02-05 21:30:00,1770327000000,3.024,3.041,2.977,2.991,87974.7
2026-02-05 21:45:00,1770327900000,2.991,3.007,2.96,2.98,53553.5
2026-02-05 22:00:00,1770328800000,2.98,3.022,2.955,2.999,101822.6
2026-02-05 22:15:00,1770329700000,2.999,3.049,2.943,3.037,99853.7
2026-02-05 22:30:00,1770330600000,3.037,3.063,2.997,3.017,32445.7
2026-02-05 22:45:00,1770331500000,3.017,3.043,3.008,3.009,31780.6
2026-02-05 23:00:00,1770332400000,3.009,3.079,3.002,3.065,81130.3
2026-02-05 23:15:00,1770333300000,3.065,3.07,3.021,3.04,35915.3
2026-02-05 23:30:00,1770334200000,3.04,3.055,2.982,2.991,72508.6
2026-02-05 23:45:00,1770335100000,2.991,3.005,2.965,2.977,77651.9
2026-02-06 00:00:00,1770336000000,2.977,2.996,2.731,2.766,1177871.4
2026-02-06 00:15:00,1770336900000,2.766,2.834,2.648,2.77,2289682.2
2026-02-06 00:30:00,1770337800000,2.77,2.966,2.761,2.929,371819.5
2026-02-06 00:45:00,1770338700000,2.929,2.978,2.906,2.933,221832.5
2026-02-06 01:00:00,1770339600000,2.933,3.011,2.92,2.984,232465.3
2026-02-06 01:15:00,1770340500000,2.984,3.025,2.984,3.001,94472.8
2026-02-06 01:30:00,1770341400000,3.001,3.038,2.988,3.018,121685.6
2026-02-06 01:45:00,1770342300000,3.018,3.07,3.015,3.057,108077.2
2026-02-06 02:00:00,1770343200000,3.057,3.083,3.019,3.024,95624.9
2026-02-06 02:15:00,1770344100000,3.024,3.029,2.968,2.991,76468.6
2026-02-06 02:30:00,1770345000000,2.991,3.029,2.987,3.01,66313.8
2026-02-06 02:45:00,1770345900000,3.01,3.018,2.975,2.994,34363.0
2026-02-06 03:00:00,1770346800000,2.994,3.02,2.972,2.974,41222.1
2026-02-06 03:15:00,1770347700000,2.974,2.995,2.966,2.987,39141.6
2026-02-06 03:30:00,1770348600000,2.987,3.017,2.987,3.001,34277.3
2026-02-06 03:45:00,1770349500000,3.001,3.017,2.985,3.01,53096.8
2026-02-06 04:00:00,1770350400000,3.01,3.018,2.991,3.008,27635.9
2026-02-06 04:15:00,1770351300000,3.008,3.055,3.008,3.041,38142.4
2026-02-06 04:30:00,1770352200000,3.041,3.048,3.021,3.031,31285.0
2026-02-06 04:45:00,1770353100000,3.031,3.042,3.031,3.035,18037.5
2026-02-06 05:00:00,1770354000000,3.035,3.08,3.031,3.073,45568.2
2026-02-06 05:15:00,1770354900000,3.073,3.074,3.051,3.062,27239.2
2026-02-06 05:30:00,1770355800000,3.062,3.103,3.061,3.101,22906.7
2026-02-06 05:45:00,1770356700000,3.101,3.135,3.094,3.123,68620.8
2026-02-06 06:00:00,1770357600000,3.123,3.137,3.113,3.113,49917.7
2026-02-06 06:15:00,1770358500000,3.113,3.113,3.085,3.098,29225.3
2026-02-06 06:30:00,1770359400000,3.098,3.101,3.058,3.066,49719.8
2026-02-06 06:45:00,1770360300000,3.066,3.077,3.052,3.057,32620.0
2026-02-06 07:00:00,1770361200000,3.057,3.059,3.025,3.039,30894.8
2026-02-06 07:15:00,1770362100000,3.039,3.05,3.024,3.047,43577.7
2026-02-06 07:30:00,1770363000000,3.047,3.082,3.045,3.069,32274.3
2026-02-06 07:45:00,1770363900000,3.069,3.077,3.05,3.06,16207.1
2026-02-06 08:00:00,1770364800000,3.06,3.09,3.054,3.07,44526.5
2026-02-06 08:15:00,1770365700000,3.07,3.072,3.045,3.05,71652.1
2026-02-06 08:30:00,1770366600000,3.05,3.058,3.03,3.04,42897.2
2026-02-06 08:45:00,1770367500000,3.04,3.064,3.037,3.051,26240.3
2026-02-06 09:00:00,1770368400000,3.051,3.063,3.041,3.052,39534.9
2026-02-06 09:15:00,1770369300000,3.052,3.078,3.041,3.076,58877.3
2026-02-06 09:30:00,1770370200000,3.076,3.115,3.074,3.113,42772.1
2026-02-06 09:45:00,1770371100000,3.113,3.144,3.101,3.135,47846.7
2026-02-06 10:00:00,1770372000000,3.135,3.148,3.124,3.14,43291.4
2026-02-06 10:15:00,1770372900000,3.14,3.179,3.14,3.16,65564.8
2026-02-06 10:30:00,1770373800000,3.16,3.172,3.153,3.169,16753.8
2026-02-06 10:45:00,1770374700000,3.169,3.178,3.163,3.176,17401.2
2026-02-06 11:00:00,1770375600000,3.176,3.187,3.172,3.186,18310.7
2026-02-06 11:15:00,1770376500000,3.186,3.192,3.166,3.176,22696.7
2026-02-06 11:30:00,1770377400000,3.176,3.203,3.176,3.189,31040.2
2026-02-06 11:45:00,1770378300000,3.189,3.215,3.182,3.194,32672.4
2026-02-06 12:00:00,1770379200000,3.194,3.194,3.17,3.181,29768.1
2026-02-06 12:15:00,1770380100000,3.181,3.183,3.148,3.164,69012.1
2026-02-06 12:30:00,1770381000000,3.164,3.179,3.161,3.171,20680.8
2026-02-06 12:45:00,1770381900000,3.171,3.184,3.161,3.184,22075.2
2026-02-06 13:00:00,1770382800000,3.184,3.199,3.18,3.194,46122.8
2026-02-06 13:15:00,1770383700000,3.194,3.212,3.178,3.192,30980.3
2026-02-06 13:30:00,1770384600000,3.192,3.211,3.187,3.201,33014.6
2026-02-06 13:45:00,1770385500000,3.201,3.213,3.194,3.2,19423.4
2026-02-06 14:00:00,1770386400000,3.2,3.205,3.183,3.199,26727.7
2026-02-06 14:15:00,1770387300000,3.199,3.2,3.174,3.197,16793.9
2026-02-06 14:30:00,1770388200000,3.197,3.256,3.196,3.249,145396.1
2026-02-06 14:45:00,1770389100000,3.249,3.276,3.227,3.251,80580.9
2026-02-06 15:00:00,1770390000000,3.251,3.251,3.217,3.219,60034.7
2026-02-06 15:15:00,1770390900000,3.219,3.248,3.216,3.239,27137.4
2026-02-06 15:30:00,1770391800000,3.239,3.267,3.236,3.259,30564.5
2026-02-06 15:45:00,1770392700000,3.259,3.272,3.254,3.262,39105.9
2026-02-06 16:00:00,1770393600000,3.262,3.301,3.249,3.299,84452.5
2026-02-06 16:15:00,1770394500000,3.299,3.332,3.286,3.314,84149.0
2026-02-06 16:30:00,1770395400000,3.314,3.337,3.308,3.33,69968.7
2026-02-06 16:45:00,1770396300000,3.33,3.347,3.309,3.318,85825.1
2026-02-06 17:00:00,1770397200000,3.318,3.338,3.302,3.328,59846.0
2026-02-06 17:15:00,1770398100000,3.328,3.367,3.328,3.36,98578.7
2026-02-06 17:30:00,1770399000000,3.36,3.382,3.337,3.365,83304.0
2026-02-06 17:45:00,1770399900000,3.365,3.374,3.333,3.341,70748.1
2026-02-06 18:00:00,1770400800000,3.341,3.346,3.276,3.292,126340.9
2026-02-06 18:15:00,1770401700000,3.292,3.293,3.261,3.272,29877.1
2026-02-06 18:30:00,1770402600000,3.272,3.303,3.267,3.292,34604.8
2026-02-06 18:45:00,1770403500000,3.292,3.3,3.273,3.279,41767.7
2026-02-06 19:00:00,1770404400000,3.279,3.285,3.255,3.259,28837.5
2026-02-06 19:15:00,1770405300000,3.259,3.278,3.246,3.263,35766.8
2026-02-06 19:30:00,1770406200000,3.263,3.275,3.256,3.268,21704.3
2026-02-06 19:45:00,1770407100000,3.268,3.288,3.267,3.283,48103.2
2026-02-06 20:00:00,1770408000000,3.283,3.283,3.248,3.252,17883.0
2026-02-06 20:15:00,1770408900000,3.252,3.259,3.24,3.258,14696.3
2026-02-06 20:30:00,1770409800000,3.258,3.297,3.252,3.268,57501.0
2026-02-06 20:45:00,1770410700000,3.268,3.28,3.25,3.256,16472.8
2026-02-06 21:00:00,1770411600000,3.256,3.259,3.232,3.247,26045.0
2026-02-06 21:15:00,1770412500000,3.247,3.272,3.244,3.266,8923.5
2026-02-06 21:30:00,1770413400000,3.266,3.267,3.246,3.256,18521.1
2026-02-06 21:45:00,1770414300000,3.256,3.265,3.255,3.264,5336.0
2026-02-06 22:00:00,1770415200000,3.264,3.315,3.261,3.293,65616.9
2026-02-06 22:15:00,1770416100000,3.293,3.308,3.289,3.301,8204.0
2026-02-06 22:30:00,1770417000000,3.301,3.331,3.3,3.304,14794.8
2026-02-06 22:45:00,1770417900000,3.304,3.326,3.301,3.314,27477.9
2026-02-06 23:00:00,1770418800000,3.314,3.329,3.294,3.295,24090.5
2026-02-06 23:15:00,1770419700000,3.295,3.297,3.275,3.29,37534.0
2026-02-06 23:30:00,1770420600000,3.29,3.304,3.282,3.282,8273.1
2026-02-06 23:45:00,1770421500000,3.282,3.289,3.275,3.285,10900.8
2026-02-07 00:00:00,1770422400000,3.285,3.285,3.261,3.282,36278.4
2026-02-07 00:15:00,1770423300000,3.282,3.286,3.259,3.259,20691.3
2026-02-07 00:30:00,1770424200000,3.259,3.262,3.243,3.244,22830.4
2026-02-07 00:45:00,1770425100000,3.244,3.271,3.244,3.257,15654.1
2026-02-07 01:00:00,1770426000000,3.257,3.257,3.23,3.232,10407.3
2026-02-07 01:15:00,1770426900000,3.232,3.253,3.232,3.244,19156.4
2026-02-07 01:30:00,1770427800000,3.244,3.257,3.237,3.248,14358.8
2026-02-07 01:45:00,1770428700000,3.248,3.273,3.247,3.265,13690.5
2026-02-07 02:00:00,1770429600000,3.265,3.265,3.249,3.261,6787.9
2026-02-07 02:15:00,1770430500000,3.261,3.271,3.257,3.262,4720.9
2026-02-07 02:30:00,1770431400000,3.262,3.265,3.25,3.255,7324.6
2026-02-07 02:45:00,1770432300000,3.255,3.258,3.241,3.258,12030.0
2026-02-07 03:00:00,1770433200000,3.258,3.296,3.253,3.286,29873.3
2026-02-07 03:15:00,1770434100000,3.286,3.299,3.281,3.295,11714.3
2026-02-07 03:30:00,1770435000000,3.295,3.299,3.284,3.295,16420.4
2026-02-07 03:45:00,1770435900000,3.295,3.295,3.281,3.281,14438.7
2026-02-07 04:00:00,1770436800000,3.281,3.307,3.277,3.302,24988.0
2026-02-07 04:15:00,1770437700000,3.302,3.316,3.283,3.285,27078.1
2026-02-07 04:30:00,1770438600000,3.285,3.302,3.265,3.268,20598.7
2026-02-07 04:45:00,1770439500000,3.268,3.272,3.261,3.269,3732.7
2026-02-07 05:00:00,1770440400000,3.269,3.278,3.268,3.275,6332.1
2026-02-07 05:15:00,1770441300000,3.275,3.288,3.264,3.264,25454.5
2026-02-07 05:30:00,1770442200000,3.264,3.271,3.259,3.265,12459.4
2026-02-07 05:45:00,1770443100000,3.265,3.267,3.252,3.262,5188.4
2026-02-07 06:00:00,1770444000000,3.262,3.277,3.26,3.271,14233.7
2026-02-07 06:15:00,1770444900000,3.271,3.275,3.255,3.269,8637.7
2026-02-07 06:30:00,1770445800000,3.269,3.275,3.258,3.261,7716.4
2026-02-07 06:45:00,1770446700000,3.261,3.261,3.205,3.206,32920.5
2026-02-07 07:00:00,1770447600000,3.206,3.22,3.165,3.167,81381.5
2026-02-07 07:15:00,1770448500000,3.167,3.179,3.13,3.173,109931.9
2026-02-07 07:30:00,1770449400000,3.173,3.201,3.147,3.183,58664.6
2026-02-07 07:45:00,1770450300000,3.183,3.184,3.156,3.156,26433.6
2026-02-07 08:00:00,1770451200000,3.156,3.166,3.142,3.155,27004.1
2026-02-07 08:15:00,1770452100000,3.155,3.166,3.141,3.157,20427.8
2026-02-07 08:30:00,1770453000000,3.157,3.175,3.155,3.164,21206.4
2026-02-07 08:45:00,1770453900000,3.164,3.178,3.164,3.173,8556.1
2026-02-07 09:00:00,1770454800000,3.173,3.186,3.168,3.186,19062.1
2026-02-07 09:15:00,1770455700000,3.186,3.186,3.163,3.165,4712.9
2026-02-07 09:30:00,1770456600000,3.165,3.172,3.153,3.163,12003.2
2026-02-07 09:45:00,1770457500000,3.163,3.166,3.154,3.165,10414.4
2026-02-07 10:00:00,1770458400000,3.165,3.176,3.158,3.16,11628.1
2026-02-07 10:15:00,1770459300000,3.16,3.164,3.158,3.16,7985.7
2026-02-07 10:30:00,1770460200000,3.16,3.161,3.142,3.152,11843.2
2026-02-07 10:45:00,1770461100000,3.152,3.163,3.147,3.163,6522.9
2026-02-07 11:00:00,1770462000000,3.163,3.167,3.157,3.16,9517.2
2026-02-07 11:15:00,1770462900000,3.16,3.168,3.157,3.161,2410.1
2026-02-07 11:30:00,1770463800000,3.161,3.171,3.159,3.164,7885.9
2026-02-07 11:45:00,1770464700000,3.164,3.175,3.163,3.171,17264.7
2026-02-07 12:00:00,1770465600000,3.171,3.23,3.166,3.221,46297.6
2026-02-07 12:15:00,1770466500000,3.221,3.281,3.216,3.255,70792.2
2026-02-07 12:30:00,1770467400000,3.255,3.285,3.253,3.257,61589.4
2026-02-07 12:45:00,1770468300000,3.257,3.264,3.247,3.259,13498.6
2026-02-07 13:00:00,1770469200000,3.259,3.273,3.242,3.246,22506.1
2026-02-07 13:15:00,1770470100000,3.246,3.253,3.243,3.243,3763.9
2026-02-07 13:30:00,1770471000000,3.243,3.244,3.223,3.231,35618.3
2026-02-07 13:45:00,1770471900000,3.231,3.244,3.228,3.24,25008.1
2026-02-07 14:00:00,1770472800000,3.24,3.245,3.228,3.231,5369.8
2026-02-07 14:15:00,1770473700000,3.231,3.243,3.223,3.233,9510.9
2026-02-07 14:30:00,1770474600000,3.233,3.236,3.204,3.217,31079.4
2026-02-07 14:45:00,1770475500000,3.217,3.22,3.196,3.202,31283.3
2026-02-07 15:00:00,1770476400000,3.202,3.226,3.193,3.223,31711.1
2026-02-07 15:15:00,1770477300000,3.223,3.249,3.214,3.243,27109.5
2026-02-07 15:30:00,1770478200000,3.243,3.263,3.237,3.245,24890.0
2026-02-07 15:45:00,1770479100000,3.245,3.252,3.235,3.251,10421.1
2026-02-07 16:00:00,1770480000000,3.251,3.358,3.246,3.324,1897438.7
2026-02-07 16:15:00,1770480900000,3.324,3.357,3.262,3.295,378391.4
2026-02-07 16:30:00,1770481800000,3.295,3.303,3.281,3.289,23907.6
2026-02-07 16:45:00,1770482700000,3.289,3.29,3.272,3.279,7680.7
2026-02-07 17:00:00,1770483600000,3.279,3.283,3.26,3.267,12666.1
2026-02-07 17:15:00,1770484500000,3.267,3.282,3.262,3.28,11755.6
2026-02-07 17:30:00,1770485400000,3.28,3.297,3.266,3.289,11165.6
2026-02-07 17:45:00,1770486300000,3.289,3.289,3.274,3.282,10231.9
2026-02-07 18:00:00,1770487200000,3.282,3.289,3.279,3.28,3845.2
2026-02-07 18:15:00,1770488100000,3.28,3.328,3.28,3.324,22478.4
2026-02-07 18:30:00,1770489000000,3.324,3.352,3.319,3.334,30978.3
2026-02-07 18:45:00,1770489900000,3.334,3.341,3.32,3.321,15739.4
2026-02-07 19:00:00,1770490800000,3.321,3.321,3.299,3.303,17943.8
2026-02-07 19:15:00,1770491700000,3.303,3.306,3.297,3.299,7095.6
2026-02-07 19:30:00,1770492600000,3.299,3.299,3.282,3.29,6768.9
2026-02-07 19:45:00,1770493500000,3.29,3.294,3.283,3.287,5774.6
2026-02-07 20:00:00,1770494400000,3.287,3.293,3.28,3.286,4257.6
2026-02-07 20:15:00,1770495300000,3.286,3.291,3.28,3.287,5520.2
2026-02-07 20:30:00,1770496200000,3.287,3.291,3.279,3.286,8525.5
2026-02-07 20:45:00,1770497100000,3.286,3.305,3.284,3.295,23541.0
2026-02-07 21:00:00,1770498000000,3.295,3.306,3.287,3.293,5657.5
2026-02-07 21:15:00,1770498900000,3.293,3.309,3.293,3.302,18337.4
2026-02-07 21:30:00,1770499800000,3.302,3.305,3.296,3.296,3673.8
2026-02-07 21:45:00,1770500700000,3.296,3.296,3.288,3.293,6010.5
2026-02-07 22:00:00,1770501600000,3.293,3.31,3.29,3.297,12173.4
2026-02-07 22:15:00,1770502500000,3.297,3.305,3.29,3.305,1690.1
2026-02-07 22:30:00,1770503400000,3.305,3.305,3.294,3.296,2304.2
2026-02-07 22:45:00,1770504300000,3.296,3.296,3.289,3.294,1706.3
2026-02-07 23:00:00,1770505200000,3.294,3.296,3.27,3.278,28834.5
2026-02-07 23:15:00,1770506100000,3.278,3.287,3.267,3.28,15886.5
2026-02-07 23:30:00,1770507000000,3.28,3.287,3.277,3.284,3782.6
2026-02-07 23:45:00,1770507900000,3.284,3.289,3.279,3.279,4395.1
2026-02-08 00:00:00,1770508800000,3.279,3.287,3.269,3.273,20995.8
2026-02-08 00:15:00,1770509700000,3.273,3.274,3.258,3.261,17042.7
2026-02-08 00:30:00,1770510600000,3.261,3.271,3.26,3.262,4412.7
2026-02-08 00:45:00,1770511500000,3.262,3.274,3.261,3.271,8114.5
2026-02-08 01:00:00,1770512400000,3.271,3.288,3.27,3.288,4160.8
2026-02-08 01:15:00,1770513300000,3.288,3.288,3.267,3.268,3524.6
2026-02-08 01:30:00,1770514200000,3.268,3.278,3.267,3.27,2808.4
2026-02-08 01:45:00,1770515100000,3.27,3.273,3.262,3.271,4482.4
2026-02-08 02:00:00,1770516000000,3.271,3.276,3.266,3.271,11318.5
2026-02-08 02:15:00,1770516900000,3.271,3.282,3.262,3.264,4851.1
2026-02-08 02:30:00,1770517800000,3.264,3.266,3.248,3.254,24230.1
2026-02-08 02:45:00,1770518700000,3.254,3.257,3.246,3.257,6427.4
2026-02-08 03:00:00,1770519600000,3.257,3.263,3.246,3.248,7878.1
2026-02-08 03:15:00,1770520500000,3.248,3.253,3.24,3.25,8571.5
2026-02-08 03:30:00,1770521400000,3.25,3.257,3.246,3.249,4119.9
2026-02-08 03:45:00,1770522300000,3.249,3.252,3.236,3.24,2361.6
2026-02-08 04:00:00,1770523200000,3.24,3.247,3.232,3.232,4604.4
2026-02-08 04:15:00,1770524100000,3.232,3.248,3.225,3.246,10402.6
2026-02-08 04:30:00,1770525000000,3.246,3.247,3.231,3.231,2342.0
2026-02-08 04:45:00,1770525900000,3.231,3.24,3.229,3.24,3622.2
2026-02-08 05:00:00,1770526800000,3.24,3.245,3.232,3.245,10453.5
2026-02-08 05:15:00,1770527700000,3.245,3.245,3.237,3.239,2448.7
2026-02-08 05:30:00,1770528600000,3.239,3.239,3.227,3.227,4616.3
2026-02-08 05:45:00,1770529500000,3.227,3.229,3.223,3.229,1383.7
2026-02-08 06:00:00,1770530400000,3.229,3.237,3.219,3.234,5773.7
2026-02-08 06:15:00,1770531300000,3.234,3.235,3.227,3.23,6974.3
2026-02-08 06:30:00,1770532200000,3.23,3.23,3.217,3.222,2730.0
2026-02-08 06:45:00,1770533100000,3.222,3.225,3.215,3.219,3449.0
2026-02-08 07:00:00,1770534000000,3.219,3.226,3.21,3.216,11728.6
2026-02-08 07:15:00,1770534900000,3.216,3.219,3.203,3.21,5069.5
2026-02-08 07:30:00,1770535800000,3.21,3.219,3.207,3.209,5369.8
2026-02-08 07:45:00,1770536700000,3.209,3.226,3.209,3.225,5284.6
2026-02-08 08:00:00,1770537600000,3.225,3.239,3.221,3.226,8459.4
2026-02-08 08:15:00,1770538500000,3.226,3.26,3.216,3.255,22139.4
2026-02-08 08:30:00,1770539400000,3.255,3.277,3.244,3.253,26417.8
2026-02-08 08:45:00,1770540300000,3.253,3.273,3.249,3.269,8461.2
2026-02-08 09:00:00,1770541200000,3.269,3.281,3.259,3.261,13008.3
2026-02-08 09:15:00,1770542100000,3.261,3.262,3.252,3.253,4807.6
2026-02-08 09:30:00,1770543000000,3.253,3.262,3.229,3.229,13634.2
2026-02-08 09:45:00,1770543900000,3.229,3.24,3.229,3.232,3929.1
2026-02-08 10:00:00,1770544800000,3.232,3.243,3.23,3.231,6411.0
2026-02-08 10:15:00,1770545700000,3.231,3.235,3.196,3.204,30050.5
2026-02-08 10:30:00,1770546600000,3.204,3.211,3.198,3.207,7253.5
2026-02-08 10:45:00,1770547500000,3.207,3.214,3.206,3.206,4243.2
2026-02-08 11:00:00,1770548400000,3.206,3.23,3.206,3.23,9195.7
2026-02-08 11:15:00,1770549300000,3.23,3.248,3.229,3.239,14117.4
2026-02-08 11:30:00,1770550200000,3.239,3.267,3.236,3.255,38233.7
2026-02-08 11:45:00,1770551100000,3.255,3.264,3.248,3.258,16391.4
2026-02-08 12:00:00,1770552000000,3.258,3.261,3.246,3.246,9268.9
2026-02-08 12:15:00,1770552900000,3.246,3.258,3.241,3.256,12573.6
2026-02-08 12:30:00,1770553800000,3.256,3.256,3.231,3.235,11302.3
2026-02-08 12:45:00,1770554700000,3.235,3.25,3.232,3.25,22955.4
2026-02-08 13:00:00,1770555600000,3.25,3.252,3.226,3.23,25017.8
2026-02-08 13:15:00,1770556500000,3.23,3.252,3.226,3.246,21297.5
2026-02-08 13:30:00,1770557400000,3.246,3.247,3.229,3.232,17640.8
2026-02-08 13:45:00,1770558300000,3.232,3.249,3.232,3.246,12180.0
2026-02-08 14:00:00,1770559200000,3.246,3.252,3.239,3.239,3948.3
2026-02-08 14:15:00,1770560100000,3.239,3.245,3.229,3.242,11501.4
2026-02-08 14:30:00,1770561000000,3.242,3.258,3.242,3.25,7642.0
2026-02-08 14:45:00,1770561900000,3.25,3.257,3.244,3.257,12947.9
2026-02-08 15:00:00,1770562800000,3.257,3.259,3.247,3.252,13288.4
2026-02-08 15:15:00,1770563700000,3.252,3.252,3.203,3.21,37756.7
2026-02-08 15:30:00,1770564600000,3.21,3.22,3.205,3.215,19661.3
2026-02-08 15:45:00,1770565500000,3.215,3.215,3.203,3.215,6217.4
2026-02-08 16:00:00,1770566400000,3.215,3.22,3.205,3.211,12481.3
2026-02-08 16:15:00,1770567300000,3.211,3.222,3.21,3.212,11409.3
2026-02-08 16:30:00,1770568200000,3.212,3.212,3.174,3.177,22007.1
2026-02-08 16:45:00,1770569100000,3.177,3.178,3.136,3.146,37673.7
2026-02-08 17:00:00,1770570000000,3.146,3.168,3.146,3.162,14243.9
2026-02-08 17:15:00,1770570900000,3.162,3.177,3.155,3.162,11660.1
2026-02-08 17:30:00,1770571800000,3.162,3.173,3.162,3.172,5139.1
2026-02-08 17:45:00,1770572700000,3.172,3.176,3.164,3.173,4652.6
2026-02-08 18:00:00,1770573600000,3.173,3.195,3.173,3.192,10401.1
2026-02-08 18:15:00,1770574500000,3.192,3.197,3.185,3.19,7052.8
2026-02-08 18:30:00,1770575400000,3.19,3.229,3.19,3.214,24766.2
2026-02-08 18:45:00,1770576300000,3.214,3.22,3.209,3.211,11175.0
2026-02-08 19:00:00,1770577200000,3.211,3.213,3.201,3.207,7667.5
2026-02-08 19:15:00,1770578100000,3.207,3.213,3.204,3.205,3570.6
2026-02-08 19:30:00,1770579000000,3.205,3.211,3.201,3.209,3091.6
2026-02-08 19:45:00,1770579900000,3.209,3.219,3.202,3.213,12563.8
2026-02-08 20:00:00,1770580800000,3.213,3.213,3.187,3.194,5209.3
2026-02-08 20:15:00,1770581700000,3.194,3.199,3.175,3.182,37501.9
2026-02-08 20:30:00,1770582600000,3.182,3.185,3.18,3.181,7480.9
2026-02-08 20:45:00,1770583500000,3.181,3.187,3.17,3.177,11453.7
2026-02-08 21:00:00,1770584400000,3.177,3.186,3.173,3.182,5390.7
2026-02-08 21:15:00,1770585300000,3.182,3.184,3.178,3.18,3752.2
2026-02-08 21:30:00,1770586200000,3.18,3.182,3.153,3.157,15418.6
2026-02-08 21:45:00,1770587100000,3.157,3.172,3.153,3.169,4176.0
2026-02-08 22:00:00,1770588000000,3.169,3.181,3.168,3.18,14986.6
2026-02-08 22:15:00,1770588900000,3.18,3.187,3.178,3.178,5770.4
2026-02-08 22:30:00,1770589800000,3.178,3.18,3.167,3.18,2809.4
2026-02-08 22:45:00,1770590700000,3.18,3.192,3.179,3.188,4277.4
2026-02-08 23:00:00,1770591600000,3.188,3.254,3.188,3.207,70689.0
2026-02-08 23:15:00,1770592500000,3.207,3.214,3.172,3.185,37679.7
2026-02-08 23:30:00,1770593400000,3.185,3.189,3.157,3.187,34036.9
2026-02-08 23:45:00,1770594300000,3.187,3.211,3.185,3.186,20665.1
2026-02-09 00:00:00,1770595200000,3.186,3.2,3.182,3.195,14007.7
2026-02-09 00:15:00,1770596100000,3.195,3.205,3.182,3.182,6943.1
2026-02-09 00:30:00,1770597000000,3.182,3.193,3.174,3.182,9473.9
2026-02-09 00:45:00,1770597900000,3.182,3.202,3.174,3.198,17285.9
2026-02-09 01:00:00,1770598800000,3.198,3.209,3.188,3.191,6730.7
2026-02-09 01:15:00,1770599700000,3.191,3.224,3.187,3.213,19782.3
2026-02-09 01:30:00,1770600600000,3.213,3.213,3.171,3.182,22248.8
2026-02-09 01:45:00,1770601500000,3.182,3.202,3.177,3.189,52395.7
2026-02-09 02:00:00,1770602400000,3.189,3.191,3.179,3.181,13235.7
2026-02-09 02:15:00,1770603300000,3.181,3.187,3.181,3.187,7737.6
2026-02-09 02:30:00,1770604200000,3.187,3.225,3.187,3.219,27187.8
2026-02-09 02:45:00,1770605100000,3.219,3.223,3.207,3.207,15187.0
2026-02-09 03:00:00,1770606000000,3.207,3.214,3.204,3.206,7393.8
2026-02-09 03:15:00,1770606900000,3.206,3.217,3.203,3.215,1863.5
2026-02-09 03:30:00,1770607800000,3.215,3.238,3.215,3.232,14372.5
2026-02-09 03:45:00,1770608700000,3.232,3.239,3.226,3.236,13554.1
2026-02-09 04:00:00,1770609600000,3.236,3.236,3.218,3.22,3195.9
2026-02-09 04:15:00,1770610500000,3.22,3.225,3.217,3.22,2791.3
2026-02-09 04:30:00,1770611400000,3.22,3.225,3.213,3.217,8718.6
2026-02-09 04:45:00,1770612300000,3.217,3.223,3.216,3.218,4476.2
2026-02-09 05:00:00,1770613200000,3.218,3.219,3.211,3.212,5974.8
2026-02-09 05:15:00,1770614100000,3.212,3.225,3.212,3.224,5803.2
2026-02-09 05:30:00,1770615000000,3.224,3.237,3.224,3.231,4413.6
2026-02-09 05:45:00,1770615900000,3.231,3.236,3.225,3.235,11178.3
2026-02-09 06:00:00,1770616800000,3.235,3.235,3.212,3.217,16620.7
2026-02-09 06:15:00,1770617700000,3.217,3.217,3.188,3.193,25571.7
2026-02-09 06:30:00,1770618600000,3.193,3.197,3.188,3.194,12952.4
2026-02-09 06:45:00,1770619500000,3.194,3.205,3.193,3.2,4697.6
2026-02-09 07:00:00,1770620400000,3.2,3.207,3.192,3.205,2680.8
2026-02-09 07:15:00,1770621300000,3.205,3.205,3.194,3.198,3708.5
2026-02-09 07:30:00,1770622200000,3.198,3.198,3.175,3.178,31468.8
2026-02-09 07:45:00,1770623100000,3.178,3.182,3.172,3.177,6134.5
2026-02-09 08:00:00,1770624000000,3.177,3.179,3.168,3.17,23366.1
2026-02-09 08:15:00,1770624900000,3.17,3.171,3.144,3.147,29979.5
2026-02-09 08:30:00,1770625800000,3.147,3.151,3.12,3.142,31693.1
2026-02-09 08:45:00,1770626700000,3.142,3.152,3.14,3.145,14057.7
2026-02-09 09:00:00,1770627600000,3.145,3.149,3.135,3.135,17924.7
2026-02-09 09:15:00,1770628500000,3.135,3.138,3.127,3.133,12401.0
2026-02-09 09:30:00,1770629400000,3.133,3.134,3.111,3.116,20474.5
2026-02-09 09:45:00,1770630300000,3.116,3.123,3.111,3.119,6676.2
2026-02-09 10:00:00,1770631200000,3.119,3.125,3.111,3.116,12507.3
2026-02-09 10:15:00,1770632100000,3.116,3.116,3.077,3.079,38850.0
2026-02-09 10:30:00,1770633000000,3.079,3.08,3.051,3.057,38431.1
2026-02-09 10:45:00,1770633900000,3.057,3.068,3.052,3.064,13020.3
2026-02-09 11:00:00,1770634800000,3.064,3.09,3.064,3.071,37547.8
2026-02-09 11:15:00,1770635700000,3.071,3.093,3.066,3.084,27962.5
2026-02-09 11:30:00,1770636600000,3.084,3.099,3.083,3.092,19297.0
2026-02-09 11:45:00,1770637500000,3.092,3.096,3.086,3.095,7582.6
2026-02-09 12:00:00,1770638400000,3.095,3.108,3.092,3.106,25976.7
2026-02-09 12:15:00,1770639300000,3.106,3.11,3.102,3.11,11701.9
2026-02-09 12:30:00,1770640200000,3.11,3.125,3.105,3.119,19241.6
2026-02-09 12:45:00,1770641100000,3.119,3.122,3.108,3.111,3028.7
2026-02-09 13:00:00,1770642000000,3.111,3.132,3.105,3.128,63804.1
2026-02-09 13:15:00,1770642900000,3.128,3.128,3.117,3.118,7474.1
2026-02-09 13:30:00,1770643800000,3.118,3.123,3.108,3.117,5037.5
2026-02-09 13:45:00,1770644700000,3.117,3.117,3.093,3.093,16077.3
2026-02-09 14:00:00,1770645600000,3.093,3.103,3.089,3.095,14676.6
2026-02-09 14:15:00,1770646500000,3.095,3.108,3.091,3.103,11664.7
2026-02-09 14:30:00,1770647400000,3.103,3.157,3.093,3.137,66247.8
2026-02-09 14:45:00,1770648300000,3.137,3.157,3.13,3.146,46732.3
2026-02-09 15:00:00,1770649200000,3.146,3.178,3.146,3.15,44035.6
2026-02-09 15:15:00,1770650100000,3.15,3.154,3.108,3.11,34781.4
2026-02-09 15:30:00,1770651000000,3.11,3.158,3.109,3.152,37505.8
2026-02-09 15:45:00,1770651900000,3.152,3.158,3.136,3.158,40629.0
2026-02-09 16:00:00,1770652800000,3.158,3.159,3.132,3.136,24200.6
2026-02-09 16:15:00,1770653700000,3.136,3.154,3.131,3.151,11124.3
2026-02-09 16:30:00,1770654600000,3.151,3.185,3.138,3.177,26844.9
2026-02-09 16:45:00,1770655500000,3.177,3.211,3.172,3.174,47127.7
2026-02-09 17:00:00,1770656400000,3.174,3.186,3.152,3.155,38419.7
2026-02-09 17:15:00,1770657300000,3.155,3.165,3.145,3.153,54488.6
2026-02-09 17:30:00,1770658200000,3.153,3.215,3.153,3.208,98413.9
2026-02-09 17:45:00,1770659100000,3.208,3.213,3.195,3.199,27622.3
2026-02-09 18:00:00,1770660000000,3.199,3.208,3.18,3.181,11440.0
2026-02-09 18:15:00,1770660900000,3.181,3.184,3.155,3.167,25993.6
2026-02-09 18:30:00,1770661800000,3.167,3.184,3.162,3.176,14909.3
2026-02-09 18:45:00,1770662700000,3.176,3.186,3.169,3.174,4135.9
2026-02-09 19:00:00,1770663600000,3.174,3.177,3.164,3.167,10002.7
2026-02-09 19:15:00,1770664500000,3.167,3.172,3.161,3.167,4004.1
2026-02-09 19:30:00,1770665400000,3.167,3.184,3.166,3.177,13377.6
2026-02-09 19:45:00,1770666300000,3.177,3.188,3.173,3.183,7846.8
2026-02-09 20:00:00,1770667200000,3.183,3.191,3.17,3.182,22388.2
2026-02-09 20:15:00,1770668100000,3.182,3.182,3.158,3.159,7686.6
2026-02-09 20:30:00,1770669000000,3.159,3.176,3.157,3.174,9469.8
2026-02-09 20:45:00,1770669900000,3.174,3.179,3.166,3.174,10795.4
2026-02-09 21:00:00,1770670800000,3.174,3.176,3.163,3.165,3768.3
2026-02-09 21:15:00,1770671700000,3.165,3.168,3.161,3.164,3579.2
2026-02-09 21:30:00,1770672600000,3.164,3.164,3.134,3.145,26522.1
2026-02-09 21:45:00,1770673500000,3.145,3.176,3.134,3.166,36207.8
2026-02-09 22:00:00,1770674400000,3.166,3.184,3.163,3.184,13761.2
2026-02-09 22:15:00,1770675300000,3.184,3.184,3.165,3.169,9862.4
2026-02-09 22:30:00,1770676200000,3.169,3.172,3.164,3.166,5302.2
2026-02-09 22:45:00,1770677100000,3.166,3.17,3.161,3.164,3732.8
2026-02-09 23:00:00,1770678000000,3.164,3.172,3.153,3.162,8250.5
2026-02-09 23:15:00,1770678900000,3.162,3.164,3.153,3.156,3331.9
2026-02-09 23:30:00,1770679800000,3.156,3.158,3.154,3.155,4265.7
2026-02-09 23:45:00,1770680700000,3.155,3.155,3.144,3.15,2414.5
2026-02-10 00:00:00,1770681600000,3.15,3.158,3.144,3.149,5042.9
2026-02-10 00:15:00,1770682500000,3.149,3.157,3.142,3.146,6444.7
2026-02-10 00:30:00,1770683400000,3.146,3.154,3.142,3.146,5088.3
2026-02-10 00:45:00,1770684300000,3.146,3.149,3.142,3.147,1891.3
2026-02-10 01:00:00,1770685200000,3.147,3.159,3.145,3.156,4399.1
2026-02-10 01:15:00,1770686100000,3.156,3.17,3.152,3.167,3287.6
2026-02-10 01:30:00,1770687000000,3.167,3.172,3.159,3.166,3005.6
2026-02-10 01:45:00,1770687900000,3.166,3.169,3.16,3.162,1573.4
2026-02-10 02:00:00,1770688800000,3.162,3.163,3.155,3.156,5446.0
2026-02-10 02:15:00,1770689700000,3.156,3.163,3.151,3.151,2481.5
2026-02-10 02:30:00,1770690600000,3.151,3.154,3.144,3.144,3603.2
2026-02-10 02:45:00,1770691500000,3.144,3.153,3.144,3.151,2975.1
2026-02-10 03:00:00,1770692400000,3.151,3.152,3.127,3.13,14820.8
2026-02-10 03:15:00,1770693300000,3.13,3.132,3.1,3.102,55198.1
2026-02-10 03:30:00,1770694200000,3.102,3.107,3.076,3.096,57118.5
2026-02-10 03:45:00,1770695100000,3.096,3.111,3.096,3.108,4273.0
2026-02-10 04:00:00,1770696000000,3.108,3.125,3.104,3.125,7329.4
2026-02-10 04:15:00,1770696900000,3.125,3.129,3.119,3.125,9102.3
2026-02-10 04:30:00,1770697800000,3.125,3.128,3.117,3.122,2343.9
2026-02-10 04:45:00,1770698700000,3.122,3.133,3.118,3.129,7191.6
2026-02-10 05:00:00,1770699600000,3.129,3.131,3.123,3.13,4074.9
2026-02-10 05:15:00,1770700500000,3.13,3.13,3.116,3.116,4507.2
2026-02-10 05:30:00,1770701400000,3.116,3.124,3.103,3.103,10639.8
2026-02-10 05:45:00,1770702300000,3.103,3.105,3.094,3.103,8106.7
2026-02-10 06:00:00,1770703200000,3.103,3.107,3.095,3.098,14964.3
2026-02-10 06:15:00,1770704100000,3.098,3.103,3.084,3.089,13188.9
2026-02-10 06:30:00,1770705000000,3.089,3.096,3.077,3.079,23845.3
2026-02-10 06:45:00,1770705900000,3.079,3.079,3.04,3.05,83944.5
2026-02-10 07:00:00,1770706800000,3.05,3.075,3.049,3.063,27501.7
2026-02-10 07:15:00,1770707700000,3.063,3.064,3.053,3.063,8451.1
2026-02-10 07:30:00,1770708600000,3.063,3.066,3.056,3.058,7416.4
2026-02-10 07:45:00,1770709500000,3.058,3.066,3.054,3.062,9482.2
2026-02-10 08:00:00,1770710400000,3.062,3.064,3.054,3.055,39877.9
2026-02-10 08:15:00,1770711300000,3.055,3.072,3.049,3.062,29560.6
2026-02-10 08:30:00,1770712200000,3.062,3.069,3.054,3.064,7141.6
2026-02-10 08:45:00,1770713100000,3.064,3.068,3.063,3.068,6337.8
2026-02-10 09:00:00,1770714000000,3.068,3.083,3.064,3.074,36103.7
2026-02-10 09:15:00,1770714900000,3.074,3.078,3.07,3.073,12689.0
2026-02-10 09:30:00,1770715800000,3.073,3.073,3.068,3.071,2073.6
2026-02-10 09:45:00,1770716700000,3.071,3.075,3.055,3.064,26384.9
2026-02-10 10:00:00,1770717600000,3.064,3.069,3.059,3.061,9450.2
2026-02-10 10:15:00,1770718500000,3.061,3.072,3.056,3.062,5175.3
2026-02-10 10:30:00,1770719400000,3.062,3.062,3.053,3.054,5166.4
2026-02-10 10:45:00,1770720300000,3.054,3.06,3.054,3.058,2534.5
2026-02-10 11:00:00,1770721200000,3.058,3.066,3.057,3.063,5720.8
2026-02-10 11:15:00,1770722100000,3.063,3.067,3.061,3.063,1579.2
2026-02-10 11:30:00,1770723000000,3.063,3.069,3.048,3.055,16424.7
2026-02-10 11:45:00,1770723900000,3.055,3.062,3.047,3.05,11117.7
2026-02-10 12:00:00,1770724800000,3.05,3.058,3.044,3.044,25501.9
2026-02-10 12:15:00,1770725700000,3.044,3.048,3.038,3.044,11825.4
2026-02-10 12:30:00,1770726600000,3.044,3.05,3.035,3.036,15935.6
2026-02-10 12:45:00,1770727500000,3.036,3.041,3.034,3.038,3728.5
2026-02-10 13:00:00,1770728400000,3.038,3.045,3.032,3.04,25821.0
2026-02-10 13:15:00,1770729300000,3.04,3.044,3.035,3.041,9957.3
2026-02-10 13:30:00,1770730200000,3.041,3.061,3.038,3.058,49063.1
2026-02-10 13:45:00,1770731100000,3.058,3.062,3.05,3.055,11897.5
2026-02-10 14:00:00,1770732000000,3.055,3.059,3.053,3.059,6827.2
2026-02-10 14:15:00,1770732900000,3.059,3.082,3.058,3.064,33344.8
2026-02-10 14:30:00,1770733800000,3.064,3.077,3.028,3.049,66188.9
2026-02-10 14:45:00,1770734700000,3.049,3.057,3.027,3.045,25707.1
2026-02-10 15:00:00,1770735600000,3.045,3.069,3.033,3.04,35727.6
2026-02-10 15:15:00,1770736500000,3.04,3.065,3.035,3.056,14220.1
2026-02-10 15:30:00,1770737400000,3.056,3.075,3.056,3.059,31680.6
2026-02-10 15:45:00,1770738300000,3.059,3.062,3.041,3.052,20041.1
2026-02-10 16:00:00,1770739200000,3.052,3.075,3.038,3.069,24638.0
2026-02-10 16:15:00,1770740100000,3.069,3.077,3.048,3.054,34605.7
2026-02-10 16:30:00,1770741000000,3.054,3.073,3.046,3.065,13439.2
2026-02-10 16:45:00,1770741900000,3.065,3.067,3.052,3.06,7671.1
2026-02-10 17:00:00,1770742800000,3.06,3.062,3.048,3.05,6878.4
2026-02-10 17:15:00,1770743700000,3.05,3.072,3.05,3.064,8292.1
2026-02-10 17:30:00,1770744600000,3.064,3.082,3.061,3.073,17645.2
2026-02-10 17:45:00,1770745500000,3.073,3.074,3.061,3.066,7200.8
2026-02-10 18:00:00,1770746400000,3.066,3.072,3.052,3.055,20238.7
2026-02-10 18:15:00,1770747300000,3.055,3.062,3.023,3.027,33903.8
2026-02-10 18:30:00,1770748200000,3.027,3.033,3.014,3.025,22202.6
2026-02-10 18:45:00,1770749100000,3.025,3.026,3.004,3.015,23330.2
2026-02-10 19:00:00,1770750000000,3.015,3.018,3.004,3.01,12700.8
2026-02-10 19:15:00,1770750900000,3.01,3.01,2.996,3.009,23217.4
2026-02-10 19:30:00,1770751800000,3.009,3.038,3.009,3.027,22085.2
2026-02-10 19:45:00,1770752700000,3.027,3.031,3.018,3.02,20161.7
2026-02-10 20:00:00,1770753600000,3.02,3.024,3.005,3.005,17011.5
2026-02-10 20:15:00,1770754500000,3.005,3.014,3.005,3.009,14046.2
2026-02-10 20:30:00,1770755400000,3.009,3.032,3.008,3.032,12395.2
2026-02-10 20:45:00,1770756300000,3.032,3.038,3.025,3.029,16948.6
2026-02-10 21:00:00,1770757200000,3.029,3.035,3.024,3.025,13419.1
2026-02-10 21:15:00,1770758100000,3.025,3.031,3.016,3.016,3937.8
2026-02-10 21:30:00,1770759000000,3.016,3.016,3.002,3.012,14608.1
2026-02-10 21:45:00,1770759900000,3.012,3.027,3.011,3.019,21912.0
2026-02-10 22:00:00,1770760800000,3.019,3.033,3.019,3.029,16851.0
2026-02-10 22:15:00,1770761700000,3.029,3.038,3.028,3.035,7771.8
2026-02-10 22:30:00,1770762600000,3.035,3.054,3.035,3.045,14807.4
2026-02-10 22:45:00,1770763500000,3.045,3.048,3.036,3.038,9728.0
2026-02-10 23:00:00,1770764400000,3.038,3.041,3.03,3.039,18769.6
2026-02-10 23:15:00,1770765300000,3.039,3.044,3.035,3.041,5112.9
2026-02-10 23:30:00,1770766200000,3.041,3.047,3.04,3.041,11479.4
2026-02-10 23:45:00,1770767100000,3.041,3.042,3.035,3.042,4875.2
2026-02-11 00:00:00,1770768000000,3.042,3.049,3.041,3.046,15031.0
2026-02-11 00:15:00,1770768900000,3.046,3.062,3.046,3.06,17735.8
2026-02-11 00:30:00,1770769800000,3.06,3.062,3.053,3.059,6985.1
2026-02-11 00:45:00,1770770700000,3.059,3.07,3.057,3.064,12924.7
2026-02-11 01:00:00,1770771600000,3.064,3.068,3.06,3.067,9372.6
2026-02-11 01:15:00,1770772500000,3.067,3.072,3.06,3.062,7994.7
2026-02-11 01:30:00,1770773400000,3.062,3.079,3.062,3.078,11945.7
2026-02-11 01:45:00,1770774300000,3.078,3.084,3.078,3.083,11189.0
2026-02-11 02:00:00,1770775200000,3.083,3.1,3.083,3.086,17953.1
2026-02-11 02:15:00,1770776100000,3.086,3.094,3.083,3.087,10597.0
2026-02-11 02:30:00,1770777000000,3.087,3.093,3.087,3.088,5504.3
2026-02-11 02:45:00,1770777900000,3.088,3.088,3.07,3.07,11368.5
2026-02-11 03:00:00,1770778800000,3.07,3.073,3.064,3.064,7628.7
2026-02-11 03:15:00,1770779700000,3.064,3.073,3.041,3.067,27392.4
2026-02-11 03:30:00,1770780600000,3.067,3.095,3.064,3.077,41986.9
2026-02-11 03:45:00,1770781500000,3.077,3.078,3.064,3.064,11493.7
2026-02-11 04:00:00,1770782400000,3.064,3.067,3.05,3.052,17608.7
2026-02-11 04:15:00,1770783300000,3.052,3.058,3.035,3.042,32094.8
2026-02-11 04:30:00,1770784200000,3.042,3.043,3.017,3.026,40960.9
2026-02-11 04:45:00,1770785100000,3.026,3.036,3.016,3.022,15149.8
2026-02-11 05:00:00,1770786000000,3.022,3.04,3.022,3.026,6593.1
2026-02-11 05:15:00,1770786900000,3.026,3.031,3.012,3.016,9059.8
2026-02-11 05:30:00,1770787800000,3.016,3.018,3.003,3.004,8173.5
2026-02-11 05:45:00,1770788700000,3.004,3.012,3.0,3.003,12502.3
2026-02-11 06:00:00,1770789600000,3.003,3.007,2.972,2.977,56064.6
2026-02-11 06:15:00,1770790500000,2.977,2.996,2.962,2.995,96028.5
2026-02-11 06:30:00,1770791400000,2.995,2.998,2.979,2.979,11981.4
2026-02-11 06:45:00,1770792300000,2.979,2.979,2.961,2.967,11105.9
2026-02-11 07:00:00,1770793200000,2.967,2.981,2.965,2.97,8050.1
2026-02-11 07:15:00,1770794100000,2.97,2.976,2.961,2.97,9898.2
2026-02-11 07:30:00,1770795000000,2.97,2.987,2.967,2.981,14177.1
2026-02-11 07:45:00,1770795900000,2.981,2.985,2.97,2.97,9856.0
2026-02-11 08:00:00,1770796800000,2.97,2.976,2.962,2.972,26667.6
2026-02-11 08:15:00,1770797700000,2.972,2.972,2.963,2.967,13701.2
2026-02-11 08:30:00,1770798600000,2.967,2.976,2.965,2.971,3083.2
2026-02-11 08:45:00,1770799500000,2.971,2.978,2.967,2.978,2328.4
2026-02-11 09:00:00,1770800400000,2.978,2.983,2.97,2.972,13808.2
2026-02-11 09:15:00,1770801300000,2.972,2.978,2.968,2.977,7235.8
2026-02-11 09:30:00,1770802200000,2.977,2.982,2.971,2.973,17773.9
2026-02-11 09:45:00,1770803100000,2.973,2.976,2.967,2.974,6841.1
2026-02-11 10:00:00,1770804000000,2.974,2.978,2.966,2.972,6217.6
2026-02-11 10:15:00,1770804900000,2.972,2.981,2.967,2.979,2630.7
2026-02-11 10:30:00,1770805800000,2.979,2.98,2.951,2.961,28699.0
2026-02-11 10:45:00,1770806700000,2.961,2.965,2.955,2.96,15710.7
2026-02-11 11:00:00,1770807600000,2.96,2.971,2.958,2.963,16500.2
2026-02-11 11:15:00,1770808500000,2.963,2.983,2.959,2.979,24230.3
2026-02-11 11:30:00,1770809400000,2.979,2.986,2.975,2.978,7284.0
2026-02-11 11:45:00,1770810300000,2.978,2.991,2.975,2.989,20526.2
2026-02-11 12:00:00,1770811200000,2.989,2.994,2.975,2.98,21223.8
2026-02-11 12:15:00,1770812100000,2.98,3.003,2.98,2.996,25851.6
2026-02-11 12:30:00,1770813000000,2.996,2.998,2.984,2.988,11753.8
2026-02-11 12:45:00,1770813900000,2.988,2.992,2.985,2.991,6128.0
2026-02-11 13:00:00,1770814800000,2.991,2.997,2.981,2.985,11931.0
2026-02-11 13:15:00,1770815700000,2.985,2.99,2.972,2.98,11891.2
2026-02-11 13:30:00,1770816600000,2.98,3.016,2.977,2.995,120154.5
2026-02-11 13:45:00,1770817500000,2.995,3.025,2.984,3.023,44069.9
2026-02-11 14:00:00,1770818400000,3.023,3.132,3.023,3.111,164368.3
2026-02-11 14:15:00,1770819300000,3.111,3.118,3.049,3.049,68013.0
2026-02-11 14:30:00,1770820200000,3.049,3.06,2.99,3.004,87383.8
2026-02-11 14:45:00,1770821100000,3.004,3.009,2.961,2.965,76121.3
2026-02-11 15:00:00,1770822000000,2.965,2.987,2.926,2.951,121520.0
2026-02-11 15:15:00,1770822900000,2.951,2.98,2.941,2.96,47442.6
2026-02-11 15:30:00,1770823800000,2.96,2.978,2.954,2.975,28479.3
2026-02-11 15:45:00,1770824700000,2.975,2.977,2.941,2.965,19351.5
2026-02-11 16:00:00,1770825600000,2.965,3.011,2.963,3.005,43510.1
2026-02-11 16:15:00,1770826500000,3.005,3.017,2.982,2.982,29362.0
2026-02-11 16:30:00,1770827400000,2.982,2.99,2.956,2.96,46917.0
2026-02-11 16:45:00,1770828300000,2.96,2.968,2.946,2.952,21496.9
2026-02-11 17:00:00,1770829200000,2.952,2.96,2.943,2.956,24176.5
2026-02-11 17:15:00,1770830100000,2.956,3.003,2.952,3.003,32624.6
2026-02-11 17:30:00,1770831000000,3.003,3.013,2.991,2.994,30400.5
2026-02-11 17:45:00,1770831900000,2.994,3.005,2.986,2.986,19768.8
2026-02-11 18:00:00,1770832800000,2.986,2.989,2.967,2.98,19838.5
2026-02-11 18:15:00,1770833700000,2.98,3.026,2.98,3.02,38623.1
2026-02-11 18:30:00,1770834600000,3.02,3.029,3.009,3.018,20992.7
2026-02-11 18:45:00,1770835500000,3.018,3.04,3.018,3.023,32881.2
2026-02-11 19:00:00,1770836400000,3.023,3.032,3.011,3.019,36666.2
2026-02-11 19:15:00,1770837300000,3.019,3.026,3.004,3.005,6618.2
2026-02-11 19:30:00,1770838200000,3.005,3.016,2.991,3.013,39538.2
2026-02-11 19:45:00,1770839100000,3.013,3.02,3.0,3.003,26180.0
2026-02-11 20:00:00,1770840000000,3.003,3.014,2.996,3.014,16130.2
2026-02-11 20:15:00,1770840900000,3.014,3.018,2.985,2.986,12113.6
2026-02-11 20:30:00,1770841800000,2.986,3.008,2.984,3.006,8573.2
2026-02-11 20:45:00,1770842700000,3.006,3.034,3.0,3.025,16183.5
2026-02-11 21:00:00,1770843600000,3.025,3.035,3.023,3.033,28694.0
2026-02-11 21:15:00,1770844500000,3.033,3.067,3.026,3.066,37550.1
2026-02-11 21:30:00,1770845400000,3.066,3.077,3.048,3.051,58256.2
2026-02-11 21:45:00,1770846300000,3.051,3.064,3.05,3.051,18782.6
2026-02-11 22:00:00,1770847200000,3.051,3.055,3.044,3.053,13762.1
2026-02-11 22:15:00,1770848100000,3.053,3.062,3.04,3.048,8565.5
2026-02-11 22:30:00,1770849000000,3.048,3.05,3.038,3.039,5706.3
2026-02-11 22:45:00,1770849900000,3.039,3.041,3.019,3.027,25739.6
2026-02-11 23:00:00,1770850800000,3.027,3.037,3.01,3.014,20937.8
2026-02-11 23:15:00,1770851700000,3.014,3.015,2.988,2.997,18246.3
2026-02-11 23:30:00,1770852600000,2.997,3.008,2.988,3.003,15862.4
2026-02-11 23:45:00,1770853500000,3.003,3.009,2.998,3.004,4067.5
2026-02-12 00:00:00,1770854400000,3.004,3.031,3.004,3.031,28243.3
2026-02-12 00:15:00,1770855300000,3.031,3.039,3.024,3.028,11838.9
2026-02-12 00:30:00,1770856200000,3.028,3.05,3.027,3.044,6044.1
2026-02-12 00:45:00,1770857100000,3.044,3.049,3.037,3.038,4385.9
2026-02-12 01:00:00,1770858000000,3.038,3.046,3.036,3.045,4065.1
2026-02-12 01:15:00,1770858900000,3.045,3.059,3.04,3.044,43647.5
2026-02-12 01:30:00,1770859800000,3.044,3.061,3.042,3.05,12316.0
2026-02-12 01:45:00,1770860700000,3.05,3.05,3.041,3.043,3734.1
2026-02-12 02:00:00,1770861600000,3.043,3.052,3.036,3.036,3948.0
2026-02-12 02:15:00,1770862500000,3.036,3.049,3.034,3.048,7321.1
2026-02-12 02:30:00,1770863400000,3.048,3.07,3.048,3.063,13447.8
2026-02-12 02:45:00,1770864300000,3.063,3.064,3.044,3.044,12470.4
2026-02-12 03:00:00,1770865200000,3.044,3.056,3.044,3.054,3512.8
2026-02-12 03:15:00,1770866100000,3.054,3.057,3.048,3.053,2141.0
2026-02-12 03:30:00,1770867000000,3.053,3.063,3.047,3.061,7038.9
2026-02-12 03:45:00,1770867900000,3.061,3.067,3.058,3.062,4857.4
2026-02-12 04:00:00,1770868800000,3.062,3.062,3.054,3.058,5262.9
2026-02-12 04:15:00,1770869700000,3.058,3.059,3.046,3.056,9647.0
2026-02-12 04:30:00,1770870600000,3.056,3.074,3.05,3.073,6703.6
2026-02-12 04:45:00,1770871500000,3.073,3.076,3.061,3.062,3236.7
2026-02-12 05:00:00,1770872400000,3.062,3.075,3.058,3.062,10518.8
2026-02-12 05:15:00,1770873300000,3.062,3.072,3.052,3.068,15574.0
2026-02-12 05:30:00,1770874200000,3.068,3.092,3.066,3.088,23148.9
2026-02-12 05:45:00,1770875100000,3.088,3.092,3.083,3.087,9942.1
2026-02-12 06:00:00,1770876000000,3.087,3.111,3.087,3.105,26525.2
2026-02-12 06:15:00,1770876900000,3.105,3.128,3.097,3.123,32253.3
2026-02-12 06:30:00,1770877800000,3.123,3.126,3.116,3.121,10576.9
2026-02-12 06:45:00,1770878700000,3.121,3.122,3.11,3.115,3992.9
2026-02-12 07:00:00,1770879600000,3.115,3.119,3.1,3.105,6982.5
2026-02-12 07:15:00,1770880500000,3.105,3.124,3.102,3.122,4686.4
2026-02-12 07:30:00,1770881400000,3.122,3.125,3.115,3.116,5732.6
2026-02-12 07:45:00,1770882300000,3.116,3.13,3.112,3.129,11409.4
2026-02-12 08:00:00,1770883200000,3.129,3.137,3.123,3.133,12525.6
2026-02-12 08:15:00,1770884100000,3.133,3.137,3.114,3.116,9547.4
2026-02-12 08:30:00,1770885000000,3.116,3.117,3.106,3.112,15650.5
2026-02-12 08:45:00,1770885900000,3.112,3.129,3.108,3.123,3968.5
2026-02-12 09:00:00,1770886800000,3.123,3.126,3.113,3.113,5697.9
2026-02-12 09:15:00,1770887700000,3.113,3.13,3.113,3.125,6130.7
2026-02-12 09:30:00,1770888600000,3.125,3.144,3.124,3.134,7987.9
2026-02-12 09:45:00,1770889500000,3.134,3.137,3.121,3.128,32243.0
2026-02-12 10:00:00,1770890400000,3.128,3.138,3.126,3.128,7416.7
2026-02-12 10:15:00,1770891300000,3.128,3.129,3.119,3.126,5183.7
2026-02-12 10:30:00,1770892200000,3.126,3.139,3.126,3.131,3763.6
2026-02-12 10:45:00,1770893100000,3.131,3.157,3.129,3.156,8317.8
2026-02-12 11:00:00,1770894000000,3.156,3.161,3.135,3.139,15925.7
2026-02-12 11:15:00,1770894900000,3.139,3.15,3.134,3.149,23791.7
2026-02-12 11:30:00,1770895800000,3.149,3.153,3.132,3.134,11083.0
2026-02-12 11:45:00,1770896700000,3.134,3.137,3.128,3.131,13136.9
2026-02-12 12:00:00,1770897600000,3.131,3.135,3.112,3.117,15596.0
2026-02-12 12:15:00,1770898500000,3.117,3.118,3.108,3.113,4572.9
2026-02-12 12:30:00,1770899400000,3.113,3.113,3.092,3.092,35860.2
2026-02-12 12:45:00,1770900300000,3.092,3.1,3.083,3.092,25753.0
2026-02-12 13:00:00,1770901200000,3.092,3.094,3.078,3.091,28876.1
2026-02-12 13:15:00,1770902100000,3.091,3.092,3.074,3.082,34075.3
2026-02-12 13:30:00,1770903000000,3.082,3.105,3.082,3.103,19483.2
2026-02-12 13:45:00,1770903900000,3.103,3.104,3.095,3.097,8669.4
2026-02-12 14:00:00,1770904800000,3.097,3.097,3.072,3.077,10907.2
2026-02-12 14:15:00,1770905700000,3.077,3.08,3.067,3.076,17520.8
2026-02-12 14:30:00,1770906600000,3.076,3.097,3.069,3.071,14829.0
2026-02-12 14:45:00,1770907500000,3.071,3.09,3.065,3.078,26961.8
2026-02-12 15:00:00,1770908400000,3.078,3.08,3.046,3.063,62830.4
2026-02-12 15:15:00,1770909300000,3.063,3.091,3.058,3.09,30974.0
2026-02-12 15:30:00,1770910200000,3.09,3.095,3.047,3.057,19072.0
2026-02-12 15:45:00,1770911100000,3.057,3.065,3.033,3.036,27063.8
2026-02-12 16:00:00,1770912000000,3.036,3.043,2.989,2.994,92616.7
2026-02-12 16:15:00,1770912900000,2.994,3.012,2.972,2.979,82713.2
2026-02-12 16:30:00,1770913800000,2.979,3.021,2.967,3.012,54238.6
2026-02-12 16:45:00,1770914700000,3.012,3.017,2.985,2.997,44394.4
2026-02-12 17:00:00,1770915600000,2.997,3.014,2.988,3.001,22645.2
2026-02-12 17:15:00,1770916500000,3.001,3.037,2.997,3.022,26438.9
2026-02-12 17:30:00,1770917400000,3.022,3.039,3.012,3.022,25712.2
2026-02-12 17:45:00,1770918300000,3.022,3.025,3.0,3.001,15029.1
2026-02-12 18:00:00,1770919200000,3.001,3.027,2.998,3.023,19537.8
2026-02-12 18:15:00,1770920100000,3.023,3.026,2.997,3.002,42240.7
2026-02-12 18:30:00,1770921000000,3.002,3.024,2.996,3.018,24322.6
2026-02-12 18:45:00,1770921900000,3.018,3.035,3.017,3.025,9989.9
2026-02-12 19:00:00,1770922800000,3.025,3.027,3.002,3.015,10361.0
2026-02-12 19:15:00,1770923700000,3.015,3.058,3.014,3.052,29773.4
2026-02-12 19:30:00,1770924600000,3.052,3.088,3.048,3.055,30194.8
2026-02-12 19:45:00,1770925500000,3.055,3.062,3.029,3.033,13820.6
2026-02-12 20:00:00,1770926400000,3.033,3.038,3.011,3.017,7517.1
2026-02-12 20:15:00,1770927300000,3.017,3.028,3.01,3.014,7615.5
2026-02-12 20:30:00,1770928200000,3.014,3.017,3.004,3.006,15229.2
2026-02-12 20:45:00,1770929100000,3.006,3.009,2.988,3.002,13499.9
2026-02-12 21:00:00,1770930000000,3.002,3.015,3.002,3.009,4566.1
2026-02-12 21:15:00,1770930900000,3.009,3.017,2.996,2.998,7896.2
2026-02-12 21:30:00,1770931800000,2.998,3.01,2.996,3.007,7394.1
2026-02-12 21:45:00,1770932700000,3.007,3.011,3.002,3.006,1981.5
2026-02-12 22:00:00,1770933600000,3.006,3.009,3.0,3.005,11691.9
2026-02-12 22:15:00,1770934500000,3.005,3.009,2.994,3.007,3765.2
2026-02-12 22:30:00,1770935400000,3.007,3.017,3.001,3.017,5528.9
2026-02-12 22:45:00,1770936300000,3.017,3.036,3.015,3.033,17252.2
2026-02-12 23:00:00,1770937200000,3.033,3.046,3.03,3.034,43253.2
2026-02-12 23:15:00,1770938100000,3.034,3.046,3.03,3.044,10204.3
2026-02-12 23:30:00,1770939000000,3.044,3.047,3.038,3.045,32810.3
2026-02-12 23:45:00,1770939900000,3.045,3.046,3.034,3.044,6584.5
2026-02-13 00:00:00,1770940800000,3.044,3.067,3.04,3.05,41868.6
2026-02-13 00:15:00,1770941700000,3.05,3.052,3.04,3.043,13911.6
2026-02-13 00:30:00,1770942600000,3.043,3.043,3.021,3.021,6748.2
2026-02-13 00:45:00,1770943500000,3.021,3.039,3.021,3.033,7745.4
2026-02-13 01:00:00,1770944400000,3.033,3.04,3.026,3.038,7899.9
2026-02-13 01:15:00,1770945300000,3.038,3.041,3.02,3.025,11822.6
2026-02-13 01:30:00,1770946200000,3.025,3.033,3.019,3.025,12616.5
2026-02-13 01:45:00,1770947100000,3.025,3.032,3.015,3.02,6833.1
2026-02-13 02:00:00,1770948000000,3.02,3.025,3.017,3.02,8996.7
2026-02-13 02:15:00,1770948900000,3.02,3.027,3.012,3.021,10764.1
2026-02-13 02:30:00,1770949800000,3.021,3.021,3.009,3.017,8377.8
2026-02-13 02:45:00,1770950700000,3.017,3.032,3.013,3.027,6178.3
2026-02-13 03:00:00,1770951600000,3.027,3.027,3.008,3.008,2393.1
2026-02-13 03:15:00,1770952500000,3.008,3.023,3.008,3.018,2105.2
2026-02-13 03:30:00,1770953400000,3.018,3.028,3.017,3.017,6458.9
2026-02-13 03:45:00,1770954300000,3.017,3.018,3.004,3.005,9894.3
2026-02-13 04:00:00,1770955200000,3.005,3.006,2.993,2.996,16348.4
2026-02-13 04:15:00,1770956100000,2.996,3.003,2.988,2.996,11437.7
2026-02-13 04:30:00,1770957000000,2.996,2.999,2.991,2.991,3169.3
2026-02-13 04:45:00,1770957900000,2.991,2.996,2.989,2.989,3661.0
2026-02-13 05:00:00,1770958800000,2.989,2.99,2.973,2.983,31668.5
2026-02-13 05:15:00,1770959700000,2.983,2.994,2.98,2.983,4514.2
2026-02-13 05:30:00,1770960600000,2.983,2.993,2.982,2.992,5666.7
2026-02-13 05:45:00,1770961500000,2.992,2.992,2.975,2.976,13756.3
2026-02-13 06:00:00,1770962400000,2.976,2.982,2.976,2.979,3644.2
2026-02-13 06:15:00,1770963300000,2.979,2.982,2.962,2.968,24911.0
2026-02-13 06:30:00,1770964200000,2.968,2.977,2.963,2.975,21551.6
2026-02-13 06:45:00,1770965100000,2.975,2.997,2.975,2.994,16936.5
2026-02-13 07:00:00,1770966000000,2.994,3.018,2.994,3.015,19762.8
2026-02-13 07:15:00,1770966900000,3.015,3.032,3.015,3.032,19446.6
2026-02-13 07:30:00,1770967800000,3.032,3.032,3.011,3.013,7058.6
2026-02-13 07:45:00,1770968700000,3.013,3.014,3.004,3.009,14021.6
2026-02-13 08:00:00,1770969600000,3.009,3.011,3.003,3.003,12188.3
2026-02-13 08:15:00,1770970500000,3.003,3.022,2.998,3.019,9350.3
2026-02-13 08:30:00,1770971400000,3.019,3.031,3.016,3.024,21422.0
2026-02-13 08:45:00,1770972300000,3.024,3.043,3.024,3.031,20891.4
2026-02-13 09:00:00,1770973200000,3.031,3.032,3.02,3.023,9763.6
2026-02-13 09:15:00,1770974100000,3.023,3.029,3.02,3.022,5048.4
2026-02-13 09:30:00,1770975000000,3.022,3.027,3.016,3.016,6423.3
2026-02-13 09:45:00,1770975900000,3.016,3.021,3.013,3.015,7732.8
2026-02-13 10:00:00,1770976800000,3.015,3.021,3.013,3.021,9389.8
2026-02-13 10:15:00,1770977700000,3.021,3.028,3.015,3.018,20831.8
2026-02-13 10:30:00,1770978600000,3.018,3.031,3.016,3.026,5769.2
2026-02-13 10:45:00,1770979500000,3.026,3.029,3.016,3.016,7493.8
2026-02-13 11:00:00,1770980400000,3.016,3.016,3.007,3.012,9005.3
2026-02-13 11:15:00,1770981300000,3.012,3.016,3.008,3.015,13329.7
2026-02-13 11:30:00,1770982200000,3.015,3.015,3.002,3.004,12196.1
2026-02-13 11:45:00,1770983100000,3.004,3.008,2.998,3.003,17909.3
2026-02-13 12:00:00,1770984000000,3.003,3.003,2.983,2.987,26688.6
2026-02-13 12:15:00,1770984900000,2.987,2.994,2.982,2.992,10818.5
2026-02-13 12:30:00,1770985800000,2.992,2.992,2.983,2.988,10865.3
2026-02-13 12:45:00,1770986700000,2.988,2.993,2.983,2.987,7566.7
2026-02-13 13:00:00,1770987600000,2.987,2.994,2.977,2.99,24331.6
2026-02-13 13:15:00,1770988500000,2.99,3.018,2.99,3.013,32700.1
2026-02-13 13:30:00,1770989400000,3.013,3.031,2.999,3.007,85191.0
2026-02-13 13:45:00,1770990300000,3.007,3.02,2.999,3.015,10514.1
2026-02-13 14:00:00,1770991200000,3.015,3.015,3.004,3.007,6626.0
2026-02-13 14:15:00,1770992100000,3.007,3.032,3.007,3.031,26786.9
2026-02-13 14:30:00,1770993000000,3.031,3.056,3.013,3.035,96802.5
2026-02-13 14:45:00,1770993900000,3.035,3.066,3.035,3.045,75533.8
2026-02-13 15:00:00,1770994800000,3.045,3.089,3.033,3.076,63579.4
2026-02-13 15:15:00,1770995700000,3.076,3.105,3.066,3.102,55476.9
2026-02-13 15:30:00,1770996600000,3.102,3.13,3.082,3.083,68274.0
2026-02-13 15:45:00,1770997500000,3.083,3.085,3.062,3.077,79017.2
2026-02-13 16:00:00,1770998400000,3.077,3.1,3.064,3.098,71743.6
2026-02-13 16:15:00,1770999300000,3.098,3.113,3.087,3.108,22027.6
2026-02-13 16:30:00,1771000200000,3.108,3.134,3.105,3.13,67943.3
2026-02-13 16:45:00,1771001100000,3.13,3.13,3.114,3.118,23808.5
2026-02-13 17:00:00,1771002000000,3.118,3.118,3.096,3.111,20520.3
2026-02-13 17:15:00,1771002900000,3.111,3.118,3.106,3.117,14702.4
2026-02-13 17:30:00,1771003800000,3.117,3.124,3.115,3.117,7188.4
2026-02-13 17:45:00,1771004700000,3.117,3.122,3.112,3.116,7386.9
2026-02-13 18:00:00,1771005600000,3.116,3.116,3.1,3.1,14629.8
2026-02-13 18:15:00,1771006500000,3.1,3.111,3.093,3.103,8572.0
2026-02-13 18:30:00,1771007400000,3.103,3.116,3.101,3.108,9862.6
2026-02-13 18:45:00,1771008300000,3.108,3.115,3.103,3.103,12894.6
2026-02-13 19:00:00,1771009200000,3.103,3.11,3.097,3.105,4337.6
2026-02-13 19:15:00,1771010100000,3.105,3.112,3.101,3.101,7645.7
2026-02-13 19:30:00,1771011000000,3.101,3.102,3.088,3.091,8960.3
2026-02-13 19:45:00,1771011900000,3.091,3.113,3.091,3.105,7094.0
2026-02-13 20:00:00,1771012800000,3.105,3.109,3.099,3.104,7766.0
2026-02-13 20:15:00,1771013700000,3.104,3.116,3.102,3.116,5804.6
2026-02-13 20:30:00,1771014600000,3.116,3.123,3.106,3.112,8792.9
2026-02-13 20:45:00,1771015500000,3.112,3.119,3.108,3.114,3400.1
2026-02-13 21:00:00,1771016400000,3.114,3.14,3.113,3.136,17213.9
2026-02-13 21:15:00,1771017300000,3.136,3.136,3.12,3.12,18521.3
2026-02-13 21:30:00,1771018200000,3.12,3.125,3.112,3.124,11111.2
2026-02-13 21:45:00,1771019100000,3.124,3.128,3.118,3.128,4359.1
2026-02-13 22:00:00,1771020000000,3.128,3.145,3.123,3.123,18236.2
2026-02-13 22:15:00,1771020900000,3.123,3.137,3.122,3.133,8967.6
2026-02-13 22:30:00,1771021800000,3.133,3.134,3.121,3.125,6759.3
2026-02-13 22:45:00,1771022700000,3.125,3.128,3.116,3.122,5806.9
2026-02-13 23:00:00,1771023600000,3.122,3.124,3.112,3.113,10650.2
2026-02-13 23:15:00,1771024500000,3.113,3.121,3.109,3.112,2997.0
2026-02-13 23:30:00,1771025400000,3.112,3.113,3.102,3.102,7158.1
2026-02-13 23:45:00,1771026300000,3.102,3.109,3.1,3.102,12452.7
2026-02-14 00:00:00,1771027200000,3.102,3.121,3.102,3.117,58295.2
2026-02-14 00:15:00,1771028100000,3.117,3.118,3.109,3.116,6711.3
2026-02-14 00:30:00,1771029000000,3.116,3.136,3.114,3.135,6614.4
2026-02-14 00:45:00,1771029900000,3.135,3.142,3.133,3.134,5527.2
2026-02-14 01:00:00,1771030800000,3.134,3.136,3.126,3.136,5631.7
2026-02-14 01:15:00,1771031700000,3.136,3.144,3.131,3.144,4933.3
2026-02-14 01:30:00,1771032600000,3.144,3.145,3.136,3.142,5036.9
2026-02-14 01:45:00,1771033500000,3.142,3.142,3.136,3.139,3186.6
2026-02-14 02:00:00,1771034400000,3.139,3.144,3.137,3.144,4852.0
2026-02-14 02:15:00,1771035300000,3.144,3.146,3.136,3.139,3831.3
2026-02-14 02:30:00,1771036200000,3.139,3.147,3.136,3.141,2735.7
2026-02-14 02:45:00,1771037100000,3.141,3.146,3.138,3.14,2772.6
2026-02-14 03:00:00,1771038000000,3.14,3.146,3.137,3.146,2216.5
2026-02-14 03:15:00,1771038900000,3.146,3.148,3.138,3.143,7127.1
2026-02-14 03:30:00,1771039800000,3.143,3.151,3.141,3.145,9443.9
2026-02-14 03:45:00,1771040700000,3.145,3.148,3.14,3.142,2904.3
2026-02-14 04:00:00,1771041600000,3.142,3.144,3.135,3.138,6272.3
2026-02-14 04:15:00,1771042500000,3.138,3.143,3.133,3.143,7228.1
2026-02-14 04:30:00,1771043400000,3.143,3.146,3.14,3.145,1981.6
2026-02-14 04:45:00,1771044300000,3.145,3.145,3.136,3.136,1977.2
2026-02-14 05:00:00,1771045200000,3.136,3.142,3.127,3.139,7411.4
2026-02-14 05:15:00,1771046100000,3.139,3.147,3.138,3.139,15432.1
2026-02-14 05:30:00,1771047000000,3.139,3.14,3.125,3.128,16784.5
2026-02-14 05:45:00,1771047900000,3.128,3.13,3.121,3.123,13041.3
2026-02-14 06:00:00,1771048800000,3.123,3.128,3.109,3.11,11530.1
2026-02-14 06:15:00,1771049700000,3.11,3.119,3.109,3.116,3569.3
2026-02-14 06:30:00,1771050600000,3.116,3.123,3.116,3.12,5160.5
2026-02-14 06:45:00,1771051500000,3.12,3.124,3.116,3.124,3576.4
2026-02-14 07:00:00,1771052400000,3.124,3.137,3.124,3.137,9354.4
2026-02-14 07:15:00,1771053300000,3.137,3.146,3.134,3.145,9969.1
2026-02-14 07:30:00,1771054200000,3.145,3.148,3.137,3.146,7847.0
2026-02-14 07:45:00,1771055100000,3.146,3.147,3.138,3.143,6526.3
2026-02-14 08:00:00,1771056000000,3.143,3.179,3.14,3.166,47757.3
2026-02-14 08:15:00,1771056900000,3.166,3.174,3.162,3.168,11026.9
2026-02-14 08:30:00,1771057800000,3.168,3.188,3.166,3.181,16272.2
2026-02-14 08:45:00,1771058700000,3.181,3.191,3.175,3.19,13808.8
2026-02-14 09:00:00,1771059600000,3.19,3.192,3.181,3.184,9100.3
2026-02-14 09:15:00,1771060500000,3.184,3.191,3.181,3.187,8139.6
2026-02-14 09:30:00,1771061400000,3.187,3.19,3.18,3.182,9307.9
2026-02-14 09:45:00,1771062300000,3.182,3.183,3.177,3.178,6358.6
2026-02-14 10:00:00,1771063200000,3.178,3.178,3.166,3.175,7823.2
2026-02-14 10:15:00,1771064100000,3.175,3.176,3.166,3.167,13058.0
2026-02-14 10:30:00,1771065000000,3.167,3.173,3.165,3.167,7262.7
2026-02-14 10:45:00,1771065900000,3.167,3.171,3.165,3.171,4946.7
2026-02-14 11:00:00,1771066800000,3.171,3.186,3.17,3.184,6535.0
2026-02-14 11:15:00,1771067700000,3.184,3.213,3.179,3.203,34386.2
2026-02-14 11:30:00,1771068600000,3.203,3.205,3.188,3.193,24435.4
2026-02-14 11:45:00,1771069500000,3.193,3.203,3.19,3.2,10623.8
2026-02-14 12:00:00,1771070400000,3.2,3.209,3.198,3.209,7568.5
2026-02-14 12:15:00,1771071300000,3.209,3.212,3.203,3.208,11593.1
2026-02-14 12:30:00,1771072200000,3.208,3.214,3.198,3.202,13919.4
2026-02-14 12:45:00,1771073100000,3.202,3.204,3.185,3.19,23376.9
2026-02-14 13:00:00,1771074000000,3.19,3.192,3.173,3.18,10832.6
2026-02-14 13:15:00,1771074900000,3.18,3.184,3.159,3.16,15723.9
2026-02-14 13:30:00,1771075800000,3.16,3.176,3.156,3.165,22143.7
2026-02-14 13:45:00,1771076700000,3.165,3.177,3.164,3.171,14004.2
2026-02-14 14:00:00,1771077600000,3.171,3.182,3.17,3.179,12451.5
2026-02-14 14:15:00,1771078500000,3.179,3.189,3.174,3.184,21281.3
2026-02-14 14:30:00,1771079400000,3.184,3.203,3.184,3.193,10737.8
2026-02-14 14:45:00,1771080300000,3.193,3.229,3.192,3.222,21408.9
2026-02-14 15:00:00,1771081200000,3.222,3.225,3.207,3.21,20891.1
2026-02-14 15:15:00,1771082100000,3.21,3.232,3.206,3.224,23239.4
2026-02-14 15:30:00,1771083000000,3.224,3.232,3.221,3.23,7787.0
2026-02-14 15:45:00,1771083900000,3.23,3.261,3.226,3.251,42783.4
2026-02-14 16:00:00,1771084800000,3.251,3.258,3.235,3.236,24342.6
2026-02-14 16:15:00,1771085700000,3.236,3.238,3.219,3.228,23249.4
2026-02-14 16:30:00,1771086600000,3.228,3.253,3.216,3.252,18756.8
2026-02-14 16:45:00,1771087500000,3.252,3.269,3.243,3.263,22501.0
2026-02-14 17:00:00,1771088400000,3.263,3.267,3.245,3.261,6221.6
2026-02-14 17:15:00,1771089300000,3.261,3.286,3.259,3.279,17803.2
2026-02-14 17:30:00,1771090200000,3.279,3.284,3.254,3.263,10133.7
2026-02-14 17:45:00,1771091100000,3.263,3.266,3.253,3.258,14632.0
2026-02-14 18:00:00,1771092000000,3.258,3.279,3.254,3.278,15740.6
2026-02-14 18:15:00,1771092900000,3.278,3.291,3.273,3.28,28270.2
2026-02-14 18:30:00,1771093800000,3.28,3.289,3.278,3.281,9777.0
2026-02-14 18:45:00,1771094700000,3.281,3.293,3.281,3.289,7349.5
2026-02-14 19:00:00,1771095600000,3.289,3.295,3.28,3.281,8954.1
2026-02-14 19:15:00,1771096500000,3.281,3.3,3.271,3.298,15223.0
2026-02-14 19:30:00,1771097400000,3.298,3.312,3.296,3.301,14117.7
2026-02-14 19:45:00,1771098300000,3.301,3.317,3.3,3.312,13206.3
2026-02-14 20:00:00,1771099200000,3.312,3.324,3.291,3.294,20258.2
2026-02-14 20:15:00,1771100100000,3.294,3.3,3.274,3.284,35435.4
2026-02-14 20:30:00,1771101000000,3.284,3.292,3.277,3.287,10422.2
2026-02-14 20:45:00,1771101900000,3.287,3.298,3.286,3.297,7997.2
2026-02-14 21:00:00,1771102800000,3.297,3.32,3.297,3.316,24558.6
2026-02-14 21:15:00,1771103700000,3.316,3.323,3.298,3.299,21668.8
2026-02-14 21:30:00,1771104600000,3.299,3.302,3.265,3.279,53558.4
2026-02-14 21:45:00,1771105500000,3.279,3.287,3.275,3.28,3868.6
2026-02-14 22:00:00,1771106400000,3.28,3.318,3.277,3.315,31748.3
2026-02-14 22:15:00,1771107300000,3.315,3.315,3.288,3.293,8809.9
2026-02-14 22:30:00,1771108200000,3.293,3.319,3.293,3.314,12963.3
2026-02-14 22:45:00,1771109100000,3.314,3.317,3.299,3.299,9345.0
2026-02-14 23:00:00,1771110000000,3.299,3.3,3.287,3.291,10062.8
2026-02-14 23:15:00,1771110900000,3.291,3.298,3.268,3.274,22044.9
2026-02-14 23:30:00,1771111800000,3.274,3.278,3.264,3.275,6645.3
2026-02-14 23:45:00,1771112700000,3.275,3.279,3.269,3.272,14205.7
2026-02-15 00:00:00,1771113600000,3.272,3.275,3.246,3.249,48439.2
2026-02-15 00:15:00,1771114500000,3.249,3.262,3.248,3.251,13218.6
2026-02-15 00:30:00,1771115400000,3.251,3.259,3.248,3.25,13006.8
2026-02-15 00:45:00,1771116300000,3.25,3.265,3.246,3.261,12085.7
2026-02-15 01:00:00,1771117200000,3.261,3.284,3.258,3.276,14878.8
2026-02-15 01:15:00,1771118100000,3.276,3.276,3.237,3.248,30127.5
2026-02-15 01:30:00,1771119000000,3.248,3.264,3.246,3.251,18330.2
2026-02-15 01:45:00,1771119900000,3.251,3.267,3.248,3.265,13686.8
2026-02-15 02:00:00,1771120800000,3.265,3.275,3.249,3.257,17687.7
2026-02-15 02:15:00,1771121700000,3.257,3.262,3.242,3.245,7403.2
2026-02-15 02:30:00,1771122600000,3.245,3.257,3.229,3.25,27077.5
2026-02-15 02:45:00,1771123500000,3.25,3.259,3.243,3.253,9355.5
2026-02-15 03:00:00,1771124400000,3.253,3.263,3.25,3.252,10061.9
2026-02-15 03:15:00,1771125300000,3.252,3.257,3.242,3.244,12515.2
2026-02-15 03:30:00,1771126200000,3.244,3.246,3.203,3.222,75882.5
2026-02-15 03:45:00,1771127100000,3.222,3.266,3.221,3.264,30693.5
2026-02-15 04:00:00,1771128000000,3.264,3.311,3.261,3.303,58521.8
2026-02-15 04:15:00,1771128900000,3.303,3.312,3.262,3.262,34174.7
2026-02-15 04:30:00,1771129800000,3.262,3.279,3.26,3.272,10535.7
2026-02-15 04:45:00,1771130700000,3.272,3.279,3.264,3.27,5086.0
2026-02-15 05:00:00,1771131600000,3.27,3.283,3.268,3.281,7768.4
2026-02-15 05:15:00,1771132500000,3.281,3.297,3.279,3.287,15055.0
2026-02-15 05:30:00,1771133400000,3.287,3.298,3.281,3.288,8885.6
2026-02-15 05:45:00,1771134300000,3.288,3.296,3.278,3.284,8564.3
2026-02-15 06:00:00,1771135200000,3.284,3.287,3.279,3.286,5310.3
2026-02-15 06:15:00,1771136100000,3.286,3.292,3.277,3.278,8225.4
2026-02-15 06:30:00,1771137000000,3.278,3.285,3.273,3.273,9257.3
2026-02-15 06:45:00,1771137900000,3.273,3.274,3.262,3.273,3831.1
2026-02-15 07:00:00,1771138800000,3.273,3.281,3.268,3.281,5892.7
2026-02-15 07:15:00,1771139700000,3.281,3.29,3.277,3.278,16979.5
2026-02-15 07:30:00,1771140600000,3.278,3.305,3.276,3.287,22200.7
2026-02-15 07:45:00,1771141500000,3.287,3.293,3.282,3.29,5649.2
2026-02-15 08:00:00,1771142400000,3.29,3.299,3.278,3.279,14603.8
2026-02-15 08:15:00,1771143300000,3.279,3.291,3.26,3.26,14157.4
2026-02-15 08:30:00,1771144200000,3.26,3.263,3.223,3.232,58816.1
2026-02-15 08:45:00,1771145100000,3.232,3.244,3.226,3.242,18851.7
2026-02-15 09:00:00,1771146000000,3.242,3.262,3.236,3.254,11471.3
2026-02-15 09:15:00,1771146900000,3.254,3.257,3.246,3.248,7122.4
2026-02-15 09:30:00,1771147800000,3.248,3.257,3.236,3.246,4675.8
2026-02-15 09:45:00,1771148700000,3.246,3.248,3.236,3.244,33276.6
2026-02-15 10:00:00,1771149600000,3.244,3.244,3.218,3.22,36801.0
2026-02-15 10:15:00,1771150500000,3.22,3.224,3.208,3.216,16801.1
2026-02-15 10:30:00,1771151400000,3.216,3.223,3.205,3.223,14484.1
2026-02-15 10:45:00,1771152300000,3.223,3.23,3.22,3.226,13866.5
2026-02-15 11:00:00,1771153200000,3.226,3.233,3.225,3.227,1588.1
2026-02-15 11:15:00,1771154100000,3.227,3.232,3.218,3.221,4126.4
2026-02-15 11:30:00,1771155000000,3.221,3.225,3.218,3.221,2623.1
2026-02-15 11:45:00,1771155900000,3.221,3.223,3.211,3.214,6289.2
2026-02-15 12:00:00,1771156800000,3.214,3.218,3.191,3.199,18621.7
2026-02-15 12:15:00,1771157700000,3.199,3.208,3.19,3.203,18857.0
2026-02-15 12:30:00,1771158600000,3.203,3.206,3.183,3.193,26755.4
2026-02-15 12:45:00,1771159500000,3.193,3.194,3.114,3.115,144682.6
2026-02-15 13:00:00,1771160400000,3.115,3.15,3.115,3.144,97313.0
2026-02-15 13:15:00,1771161300000,3.144,3.15,3.122,3.123,39767.9
2026-02-15 13:30:00,1771162200000,3.123,3.131,3.103,3.107,83913.8
2026-02-15 13:45:00,1771163100000,3.107,3.112,3.084,3.094,57540.5
2026-02-15 14:00:00,1771164000000,3.094,3.111,3.092,3.102,37082.9
2026-02-15 14:15:00,1771164900000,3.102,3.116,3.102,3.112,10071.1
2026-02-15 14:30:00,1771165800000,3.112,3.131,3.112,3.127,8419.3
2026-02-15 14:45:00,1771166700000,3.127,3.135,3.124,3.134,9609.2
2026-02-15 15:00:00,1771167600000,3.134,3.142,3.13,3.139,16760.8
2026-02-15 15:15:00,1771168500000,3.139,3.14,3.128,3.128,8836.0
2026-02-15 15:30:00,1771169400000,3.128,3.136,3.123,3.136,12569.4
2026-02-15 15:45:00,1771170300000,3.136,3.139,3.127,3.138,4939.6
2026-02-15 16:00:00,1771171200000,3.138,3.138,3.108,3.129,43256.8
2026-02-15 16:15:00,1771172100000,3.129,3.148,3.126,3.143,30987.8
2026-02-15 16:30:00,1771173000000,3.143,3.145,3.123,3.13,16799.7
2026-02-15 16:45:00,1771173900000,3.13,3.132,3.124,3.129,5815.1
2026-02-15 17:00:00,1771174800000,3.129,3.136,3.127,3.128,10056.2
2026-02-15 17:15:00,1771175700000,3.128,3.129,3.118,3.122,11506.4
2026-02-15 17:30:00,1771176600000,3.122,3.133,3.115,3.115,13194.9
2026-02-15 17:45:00,1771177500000,3.115,3.115,3.072,3.099,96403.9
2026-02-15 18:00:00,1771178400000,3.099,3.102,3.081,3.099,47673.5
2026-02-15 18:15:00,1771179300000,3.099,3.11,3.091,3.091,29434.6
2026-02-15 18:30:00,1771180200000,3.091,3.092,3.075,3.089,22814.5
2026-02-15 18:45:00,1771181100000,3.089,3.092,3.069,3.081,31552.1
2026-02-15 19:00:00,1771182000000,3.081,3.085,3.062,3.073,48789.9
2026-02-15 19:15:00,1771182900000,3.073,3.101,3.071,3.101,15684.1
2026-02-15 19:30:00,1771183800000,3.101,3.101,3.07,3.074,22095.5
2026-02-15 19:45:00,1771184700000,3.074,3.089,3.074,3.085,13482.3
2026-02-15 20:00:00,1771185600000,3.085,3.103,3.077,3.102,15434.3
2026-02-15 20:15:00,1771186500000,3.102,3.106,3.089,3.102,13600.4
2026-02-15 20:30:00,1771187400000,3.102,3.114,3.101,3.108,12037.6
2026-02-15 20:45:00,1771188300000,3.108,3.109,3.099,3.101,7091.8
2026-02-15 21:00:00,1771189200000,3.101,3.115,3.101,3.114,8381.2
2026-02-15 21:15:00,1771190100000,3.114,3.116,3.108,3.112,9051.7
2026-02-15 21:30:00,1771191000000,3.112,3.129,3.111,3.111,12906.4
2026-02-15 21:45:00,1771191900000,3.111,3.119,3.109,3.115,2744.8
2026-02-15 22:00:00,1771192800000,3.115,3.117,3.104,3.111,15789.1
2026-02-15 22:15:00,1771193700000,3.111,3.126,3.11,3.122,9980.7
2026-02-15 22:30:00,1771194600000,3.122,3.134,3.122,3.126,3219.9
2026-02-15 22:45:00,1771195500000,3.126,3.131,3.123,3.127,8831.4
2026-02-15 23:00:00,1771196400000,3.127,3.128,3.089,3.105,28790.6
2026-02-15 23:15:00,1771197300000,3.105,3.126,3.101,3.123,6056.1
2026-02-15 23:30:00,1771198200000,3.123,3.138,3.123,3.133,11667.8
2026-02-15 23:45:00,1771199100000,3.133,3.146,3.133,3.142,4762.4
2026-02-16 00:00:00,1771200000000,3.142,3.158,3.137,3.155,14957.8
2026-02-16 00:15:00,1771200900000,3.155,3.162,3.137,3.138,8164.1
2026-02-16 00:30:00,1771201800000,3.138,3.147,3.135,3.135,4109.7
2026-02-16 00:45:00,1771202700000,3.135,3.144,3.132,3.138,4597.5
2026-02-16 01:00:00,1771203600000,3.138,3.147,3.129,3.132,6606.1
2026-02-16 01:15:00,1771204500000,3.132,3.135,3.116,3.118,2319.7
2026-02-16 01:30:00,1771205400000,3.118,3.123,3.104,3.113,5364.8
2026-02-16 01:45:00,1771206300000,3.113,3.118,3.11,3.117,6211.4
2026-02-16 02:00:00,1771207200000,3.117,3.123,3.108,3.12,7096.5
2026-02-16 02:15:00,1771208100000,3.12,3.123,3.11,3.111,5826.0
2026-02-16 02:30:00,1771209000000,3.111,3.116,3.106,3.111,2625.9
2026-02-16 02:45:00,1771209900000,3.111,3.115,3.106,3.11,4311.0
2026-02-16 03:00:00,1771210800000,3.11,3.117,3.11,3.114,1666.0
2026-02-16 03:15:00,1771211700000,3.114,3.118,3.112,3.115,6915.1
2026-02-16 03:30:00,1771212600000,3.115,3.125,3.115,3.12,5386.1
2026-02-16 03:45:00,1771213500000,3.12,3.126,3.117,3.126,2355.9
2026-02-16 04:00:00,1771214400000,3.126,3.134,3.121,3.127,6857.5
2026-02-16 04:15:00,1771215300000,3.127,3.139,3.126,3.137,4220.3
2026-02-16 04:30:00,1771216200000,3.137,3.137,3.128,3.131,2353.4
2026-02-16 04:45:00,1771217100000,3.131,3.143,3.129,3.143,2937.5
2026-02-16 05:00:00,1771218000000,3.143,3.153,3.121,3.122,20692.9
2026-02-16 05:15:00,1771218900000,3.122,3.124,3.111,3.115,6466.6
2026-02-16 05:30:00,1771219800000,3.115,3.12,3.105,3.117,4885.7
2026-02-16 05:45:00,1771220700000,3.117,3.124,3.117,3.121,2741.7
2026-02-16 06:00:00,1771221600000,3.121,3.129,3.119,3.124,3495.6
2026-02-16 06:15:00,1771222500000,3.124,3.135,3.122,3.134,7548.4
2026-02-16 06:30:00,1771223400000,3.134,3.151,3.134,3.141,8043.6
2026-02-16 06:45:00,1771224300000,3.141,3.146,3.135,3.145,3826.1
2026-02-16 07:00:00,1771225200000,3.145,3.145,3.134,3.142,7076.5
2026-02-16 07:15:00,1771226100000,3.142,3.151,3.139,3.141,5679.2
2026-02-16 07:30:00,1771227000000,3.141,3.146,3.126,3.128,8900.2
2026-02-16 07:45:00,1771227900000,3.128,3.133,3.124,3.127,11470.7
2026-02-16 08:00:00,1771228800000,3.127,3.141,3.124,3.137,5207.5
2026-02-16 08:15:00,1771229700000,3.137,3.15,3.137,3.148,16171.5
2026-02-16 08:30:00,1771230600000,3.148,3.151,3.141,3.143,9275.8
2026-02-16 08:45:00,1771231500000,3.143,3.155,3.143,3.149,4875.3
2026-02-16 09:00:00,1771232400000,3.149,3.167,3.146,3.157,17976.7
2026-02-16 09:15:00,1771233300000,3.157,3.164,3.152,3.163,12402.3
2026-02-16 09:30:00,1771234200000,3.163,3.171,3.155,3.169,12271.4
2026-02-16 09:45:00,1771235100000,3.169,3.173,3.162,3.17,4116.3
2026-02-16 10:00:00,1771236000000,3.17,3.175,3.164,3.172,7395.8
2026-02-16 10:15:00,1771236900000,3.172,3.174,3.162,3.166,8050.7
2026-02-16 10:30:00,1771237800000,3.166,3.174,3.158,3.162,12978.1
2026-02-16 10:45:00,1771238700000,3.162,3.166,3.152,3.153,4571.5
2026-02-16 11:00:00,1771239600000,3.153,3.157,3.121,3.128,27750.9
2026-02-16 11:15:00,1771240500000,3.128,3.134,3.106,3.134,27148.0
2026-02-16 11:30:00,1771241400000,3.134,3.137,3.128,3.131,6848.2
2026-02-16 11:45:00,1771242300000,3.131,3.146,3.131,3.139,11682.9
2026-02-16 12:00:00,1771243200000,3.139,3.144,3.137,3.141,4866.1
2026-02-16 12:15:00,1771244100000,3.141,3.178,3.135,3.173,28537.8
2026-02-16 12:30:00,1771245000000,3.173,3.192,3.16,3.192,21289.7
2026-02-16 12:45:00,1771245900000,3.192,3.204,3.184,3.203,25279.9
2026-02-16 13:00:00,1771246800000,3.203,3.226,3.201,3.206,30597.1
2026-02-16 13:15:00,1771247700000,3.206,3.217,3.146,3.161,43970.9
2026-02-16 13:30:00,1771248600000,3.161,3.177,3.146,3.166,46208.1
2026-02-16 13:45:00,1771249500000,3.166,3.167,3.131,3.142,39700.0
2026-02-16 14:00:00,1771250400000,3.142,3.158,3.136,3.147,21697.9
2026-02-16 14:15:00,1771251300000,3.147,3.156,3.125,3.13,21216.9
2026-02-16 14:30:00,1771252200000,3.13,3.167,3.129,3.158,15005.1
2026-02-16 14:45:00,1771253100000,3.158,3.181,3.152,3.16,28357.2
2026-02-16 15:00:00,1771254000000,3.16,3.174,3.151,3.153,29617.2
2026-02-16 15:15:00,1771254900000,3.153,3.153,3.134,3.143,23953.0
2026-02-16 15:30:00,1771255800000,3.143,3.143,3.088,3.1,133848.4
2026-02-16 15:45:00,1771256700000,3.1,3.112,3.093,3.102,16339.4
2026-02-16 16:00:00,1771257600000,3.102,3.132,3.095,3.126,36291.0
2026-02-16 16:15:00,1771258500000,3.126,3.134,3.112,3.124,8258.9
2026-02-16 16:30:00,1771259400000,3.124,3.129,3.096,3.122,38616.3
2026-02-16 16:45:00,1771260300000,3.122,3.125,3.114,3.124,11674.9
2026-02-16 17:00:00,1771261200000,3.124,3.126,3.111,3.118,9044.9
2026-02-16 17:15:00,1771262100000,3.118,3.126,3.104,3.124,4813.2
2026-02-16 17:30:00,1771263000000,3.124,3.136,3.119,3.131,12514.5
2026-02-16 17:45:00,1771263900000,3.131,3.131,3.118,3.12,14446.3
2026-02-16 18:00:00,1771264800000,3.12,3.138,3.119,3.136,14298.1
2026-02-16 18:15:00,1771265700000,3.136,3.141,3.121,3.123,22751.5
2026-02-16 18:30:00,1771266600000,3.123,3.128,3.106,3.111,23273.0
2026-02-16 18:45:00,1771267500000,3.111,3.115,3.104,3.107,18175.7
2026-02-16 19:00:00,1771268400000,3.107,3.113,3.107,3.113,2860.2
2026-02-16 19:15:00,1771269300000,3.113,3.122,3.104,3.117,5742.8
2026-02-16 19:30:00,1771270200000,3.117,3.135,3.116,3.135,6152.8
2026-02-16 19:45:00,1771271100000,3.135,3.136,3.122,3.124,11308.5
2026-02-16 20:00:00,1771272000000,3.124,3.124,3.113,3.115,7677.0
2026-02-16 20:15:00,1771272900000,3.115,3.136,3.112,3.135,8117.4
2026-02-16 20:30:00,1771273800000,3.135,3.139,3.129,3.133,8036.4
2026-02-16 20:45:00,1771274700000,3.133,3.155,3.132,3.149,17773.1
2026-02-16 21:00:00,1771275600000,3.149,3.159,3.14,3.159,25892.6
2026-02-16 21:15:00,1771276500000,3.159,3.165,3.149,3.152,16456.2
2026-02-16 21:30:00,1771277400000,3.152,3.157,3.147,3.15,6567.6
2026-02-16 21:45:00,1771278300000,3.15,3.179,3.147,3.176,21196.8
2026-02-16 22:00:00,1771279200000,3.176,3.197,3.17,3.173,37937.9
2026-02-16 22:15:00,1771280100000,3.173,3.176,3.164,3.164,3583.3
2026-02-16 22:30:00,1771281000000,3.164,3.177,3.16,3.174,7878.9
2026-02-16 22:45:00,1771281900000,3.174,3.174,3.16,3.169,4675.2
2026-02-16 23:00:00,1771282800000,3.169,3.171,3.16,3.167,6853.8
2026-02-16 23:15:00,1771283700000,3.167,3.173,3.158,3.16,9476.6
2026-02-16 23:30:00,1771284600000,3.16,3.162,3.154,3.155,5340.5
2026-02-16 23:45:00,1771285500000,3.155,3.167,3.154,3.163,5640.4
2026-02-17 00:00:00,1771286400000,3.163,3.168,3.154,3.16,6679.6
2026-02-17 00:15:00,1771287300000,3.16,3.165,3.151,3.164,2528.1
2026-02-17 00:30:00,1771288200000,3.164,3.164,3.149,3.152,7738.9
2026-02-17 00:45:00,1771289100000,3.152,3.164,3.146,3.147,7409.5
2026-02-17 01:00:00,1771290000000,3.147,3.156,3.143,3.15,12190.6
2026-02-17 01:15:00,1771290900000,3.15,3.152,3.143,3.145,4272.6
2026-02-17 01:30:00,1771291800000,3.145,3.15,3.139,3.141,5844.4
2026-02-17 01:45:00,1771292700000,3.141,3.141,3.13,3.134,5126.8
2026-02-17 02:00:00,1771293600000,3.134,3.156,3.112,3.15,34816.3
2026-02-17 02:15:00,1771294500000,3.15,3.154,3.146,3.151,5132.5
2026-02-17 02:30:00,1771295400000,3.151,3.154,3.144,3.151,2321.3
2026-02-17 02:45:00,1771296300000,3.151,3.156,3.143,3.143,5936.0
2026-02-17 03:00:00,1771297200000,3.143,3.144,3.136,3.139,6382.6
2026-02-17 03:15:00,1771298100000,3.139,3.144,3.136,3.14,3139.9
2026-02-17 03:30:00,1771299000000,3.14,3.141,3.132,3.134,2222.5
2026-02-17 03:45:00,1771299900000,3.134,3.138,3.13,3.132,6167.1
2026-02-17 04:00:00,1771300800000,3.132,3.153,3.127,3.142,44543.5
2026-02-17 04:15:00,1771301700000,3.142,3.158,3.139,3.15,9314.9
2026-02-17 04:30:00,1771302600000,3.15,3.15,3.131,3.144,9128.9
2026-02-17 04:45:00,1771303500000,3.144,3.148,3.139,3.14,4407.2
2026-02-17 05:00:00,1771304400000,3.14,3.142,3.131,3.131,3800.9
2026-02-17 05:15:00,1771305300000,3.131,3.134,3.115,3.12,16345.8
2026-02-17 05:30:00,1771306200000,3.12,3.123,3.103,3.121,18465.7
2026-02-17 05:45:00,1771307100000,3.121,3.126,3.12,3.123,4147.2
2026-02-17 06:00:00,1771308000000,3.123,3.137,3.123,3.13,5920.1
2026-02-17 06:15:00,1771308900000,3.13,3.139,3.128,3.138,2203.2
2026-02-17 06:30:00,1771309800000,3.138,3.138,3.131,3.135,3587.4
2026-02-17 06:45:00,1771310700000,3.135,3.141,3.132,3.137,7021.1
2026-02-17 07:00:00,1771311600000,3.137,3.137,3.131,3.133,2368.4
2026-02-17 07:15:00,1771312500000,3.133,3.135,3.126,3.126,3615.0
2026-02-17 07:30:00,1771313400000,3.126,3.136,3.123,3.133,6190.5
2026-02-17 07:45:00,1771314300000,3.133,3.134,3.128,3.129,7645.2
2026-02-17 08:00:00,1771315200000,3.129,3.14,3.128,3.133,17843.2
2026-02-17 08:15:00,1771316100000,3.133,3.136,3.127,3.128,4924.3
2026-02-17 08:30:00,1771317000000,3.128,3.129,3.108,3.114,16826.9
2026-02-17 08:45:00,1771317900000,3.114,3.115,3.109,3.111,7226.6
2026-02-17 09:00:00,1771318800000,3.111,3.114,3.095,3.096,22872.6
2026-02-17 09:15:00,1771319700000,3.096,3.105,3.096,3.1,11180.9
2026-02-17 09:30:00,1771320600000,3.1,3.104,3.095,3.1,3287.3
2026-02-17 09:45:00,1771321500000,3.1,3.111,3.1,3.109,3122.0
2026-02-17 10:00:00,1771322400000,3.109,3.112,3.102,3.102,2706.1
2026-02-17 10:15:00,1771323300000,3.102,3.103,3.084,3.089,19735.6
2026-02-17 10:30:00,1771324200000,3.089,3.095,3.087,3.094,10923.7
2026-02-17 10:45:00,1771325100000,3.094,3.096,3.089,3.094,3849.0
2026-02-17 11:00:00,1771326000000,3.094,3.103,3.088,3.099,4988.4
2026-02-17 11:15:00,1771326900000,3.099,3.114,3.096,3.112,10063.0
2026-02-17 11:30:00,1771327800000,3.112,3.114,3.102,3.107,4385.1
2026-02-17 11:45:00,1771328700000,3.107,3.11,3.1,3.11,5018.0
2026-02-17 12:00:00,1771329600000,3.11,3.124,3.108,3.118,12100.3
2026-02-17 12:15:00,1771330500000,3.118,3.124,3.112,3.124,5737.3
2026-02-17 12:30:00,1771331400000,3.124,3.131,3.122,3.126,5837.5
2026-02-17 12:45:00,1771332300000,3.126,3.126,3.106,3.109,4699.2
2026-02-17 13:00:00,1771333200000,3.109,3.133,3.109,3.132,34978.9
2026-02-17 13:15:00,1771334100000,3.132,3.145,3.128,3.133,20534.9
2026-02-17 13:30:00,1771335000000,3.133,3.133,3.118,3.121,10479.3
2026-02-17 13:45:00,1771335900000,3.121,3.149,3.119,3.137,26470.3
2026-02-17 14:00:00,1771336800000,3.137,3.15,3.13,3.137,19828.9
2026-02-17 14:15:00,1771337700000,3.137,3.139,3.131,3.133,8147.5
2026-02-17 14:30:00,1771338600000,3.133,3.15,3.086,3.096,44978.2
2026-02-17 14:45:00,1771339500000,3.096,3.102,3.072,3.084,69776.1
2026-02-17 15:00:00,1771340400000,3.084,3.116,3.081,3.1,26279.7
2026-02-17 15:15:00,1771341300000,3.1,3.121,3.082,3.088,12512.3
2026-02-17 15:30:00,1771342200000,3.088,3.094,3.072,3.094,20157.5
2026-02-17 15:45:00,1771343100000,3.094,3.119,3.093,3.118,22058.4
2026-02-17 16:00:00,1771344000000,3.118,3.157,3.113,3.133,62675.9
2026-02-17 16:15:00,1771344900000,3.133,3.149,3.114,3.116,44049.8
2026-02-17 16:30:00,1771345800000,3.116,3.165,3.113,3.144,30349.2
2026-02-17 16:45:00,1771346700000,3.144,3.146,3.127,3.128,10262.1
2026-02-17 17:00:00,1771347600000,3.128,3.131,3.089,3.1,32849.6
2026-02-17 17:15:00,1771348500000,3.1,3.119,3.099,3.117,28679.1
2026-02-17 17:30:00,1771349400000,3.117,3.12,3.081,3.082,24264.6
2026-02-17 17:45:00,1771350300000,3.082,3.103,3.077,3.101,25159.4
2026-02-17 18:00:00,1771351200000,3.101,3.112,3.096,3.109,7512.8
2026-02-17 18:15:00,1771352100000,3.109,3.151,3.101,3.145,22514.3
2026-02-17 18:30:00,1771353000000,3.145,3.17,3.135,3.16,27711.3
2026-02-17 18:45:00,1771353900000,3.16,3.162,3.146,3.15,14979.0
2026-02-17 19:00:00,1771354800000,3.15,3.154,3.139,3.149,7084.5
2026-02-17 19:15:00,1771355700000,3.149,3.15,3.123,3.126,29043.9
2026-02-17 19:30:00,1771356600000,3.126,3.133,3.118,3.129,14360.0
2026-02-17 19:45:00,1771357500000,3.129,3.135,3.118,3.124,5231.9
2026-02-17 20:00:00,1771358400000,3.124,3.129,3.112,3.115,9675.0
2026-02-17 20:15:00,1771359300000,3.115,3.117,3.102,3.11,8124.7
2026-02-17 20:30:00,1771360200000,3.11,3.117,3.096,3.114,12133.3
2026-02-17 20:45:00,1771361100000,3.114,3.115,3.105,3.107,13753.0
2026-02-17 21:00:00,1771362000000,3.107,3.122,3.105,3.121,12264.5
2026-02-17 21:15:00,1771362900000,3.121,3.121,3.105,3.107,2482.7
2026-02-17 21:30:00,1771363800000,3.107,3.111,3.102,3.111,3218.6
2026-02-17 21:45:00,1771364700000,3.111,3.116,3.107,3.115,2885.5
2026-02-17 22:00:00,1771365600000,3.115,3.116,3.104,3.106,8945.3
2026-02-17 22:15:00,1771366500000,3.106,3.11,3.101,3.108,2997.0
2026-02-17 22:30:00,1771367400000,3.108,3.117,3.101,3.103,4967.9
2026-02-17 22:45:00,1771368300000,3.103,3.106,3.091,3.095,3426.7
2026-02-17 23:00:00,1771369200000,3.095,3.099,3.089,3.092,9872.1
2026-02-17 23:15:00,1771370100000,3.092,3.104,3.09,3.097,17325.4
2026-02-17 23:30:00,1771371000000,3.097,3.1,3.092,3.1,1834.1
2026-02-17 23:45:00,1771371900000,3.1,3.103,3.095,3.1,8308.6
2026-02-18 00:00:00,1771372800000,3.1,3.103,3.095,3.099,10081.2
2026-02-18 00:15:00,1771373700000,3.099,3.104,3.092,3.1,2434.2
2026-02-18 00:30:00,1771374600000,3.1,3.106,3.098,3.098,3313.8
2026-02-18 00:45:00,1771375500000,3.098,3.098,3.086,3.088,5945.7
2026-02-18 01:00:00,1771376400000,3.088,3.092,3.079,3.086,11102.7
2026-02-18 01:15:00,1771377300000,3.086,3.093,3.085,3.085,5741.1
2026-02-18 01:30:00,1771378200000,3.085,3.087,3.077,3.086,10026.4
2026-02-18 01:45:00,1771379100000,3.086,3.088,3.078,3.08,3662.6
2026-02-18 02:00:00,1771380000000,3.08,3.101,3.078,3.096,6844.8
2026-02-18 02:15:00,1771380900000,3.096,3.1,3.09,3.091,2794.3
2026-02-18 02:30:00,1771381800000,3.091,3.11,3.089,3.108,5495.6
2026-02-18 02:45:00,1771382700000,3.108,3.108,3.1,3.103,3613.9
2026-02-18 03:00:00,1771383600000,3.103,3.108,3.101,3.108,3188.8
2026-02-18 03:15:00,1771384500000,3.108,3.114,3.107,3.111,4940.8
2026-02-18 03:30:00,1771385400000,3.111,3.116,3.108,3.111,5335.2
2026-02-18 03:45:00,1771386300000,3.111,3.113,3.108,3.11,1273.9
2026-02-18 04:00:00,1771387200000,3.11,3.114,3.106,3.106,4042.7
2026-02-18 04:15:00,1771388100000,3.106,3.111,3.104,3.107,1462.7
2026-02-18 04:30:00,1771389000000,3.107,3.112,3.104,3.106,3611.8
2026-02-18 04:45:00,1771389900000,3.106,3.109,3.102,3.104,7853.5
2026-02-18 05:00:00,1771390800000,3.104,3.106,3.097,3.105,9246.4
2026-02-18 05:15:00,1771391700000,3.105,3.109,3.1,3.101,5811.0
2026-02-18 05:30:00,1771392600000,3.101,3.106,3.096,3.104,2935.4
2026-02-18 05:45:00,1771393500000,3.104,3.113,3.103,3.106,3300.9
2026-02-18 06:00:00,1771394400000,3.106,3.115,3.103,3.114,18227.4
2026-02-18 06:15:00,1771395300000,3.114,3.122,3.11,3.121,8485.7
2026-02-18 06:30:00,1771396200000,3.121,3.123,3.117,3.119,6724.5
2026-02-18 06:45:00,1771397100000,3.119,3.121,3.106,3.108,6457.1
2026-02-18 07:00:00,1771398000000,3.108,3.115,3.106,3.11,5677.6
2026-02-18 07:15:00,1771398900000,3.11,3.112,3.107,3.111,2425.6
2026-02-18 07:30:00,1771399800000,3.111,3.132,3.111,3.13,9301.1
2026-02-18 07:45:00,1771400700000,3.13,3.14,3.125,3.127,7454.6
2026-02-18 08:00:00,1771401600000,3.127,3.132,3.122,3.125,10926.6
2026-02-18 08:15:00,1771402500000,3.125,3.145,3.124,3.133,8001.6
2026-02-18 08:30:00,1771403400000,3.133,3.139,3.125,3.127,3003.7
2026-02-18 08:45:00,1771404300000,3.127,3.131,3.122,3.123,9347.8
2026-02-18 09:00:00,1771405200000,3.123,3.125,3.12,3.123,3020.1
2026-02-18 09:15:00,1771406100000,3.123,3.123,3.117,3.118,4067.4
2026-02-18 09:30:00,1771407000000,3.118,3.125,3.118,3.124,4238.0
2026-02-18 09:45:00,1771407900000,3.124,3.124,3.113,3.116,5036.4
2026-02-18 10:00:00,1771408800000,3.116,3.127,3.116,3.125,4976.2
2026-02-18 10:15:00,1771409700000,3.125,3.125,3.112,3.113,10127.3
2026-02-18 10:30:00,1771410600000,3.113,3.113,3.1,3.101,29617.4
2026-02-18 10:45:00,1771411500000,3.101,3.105,3.099,3.103,7396.9
2026-02-18 11:00:00,1771412400000,3.103,3.105,3.075,3.093,30444.9
2026-02-18 11:15:00,1771413300000,3.093,3.104,3.091,3.103,17342.4
2026-02-18 11:30:00,1771414200000,3.103,3.108,3.097,3.104,9731.2
2026-02-18 11:45:00,1771415100000,3.104,3.109,3.096,3.096,5734.2
2026-02-18 12:00:00,1771416000000,3.096,3.106,3.094,3.096,8677.5
2026-02-18 12:15:00,1771416900000,3.096,3.102,3.093,3.1,7540.3
2026-02-18 12:30:00,1771417800000,3.1,3.1,3.084,3.095,9997.6
2026-02-18 12:45:00,1771418700000,3.095,3.101,3.093,3.093,4903.7
2026-02-18 13:00:00,1771419600000,3.093,3.098,3.086,3.094,8193.6
2026-02-18 13:15:00,1771420500000,3.094,3.098,3.086,3.096,4137.7
2026-02-18 13:30:00,1771421400000,3.096,3.096,3.08,3.081,8150.9
2026-02-18 13:45:00,1771422300000,3.081,3.083,3.058,3.069,49737.0
2026-02-18 14:00:00,1771423200000,3.069,3.075,3.065,3.073,12688.0
2026-02-18 14:15:00,1771424100000,3.073,3.075,3.063,3.063,7738.3
2026-02-18 14:30:00,1771425000000,3.063,3.078,3.052,3.063,94673.0
2026-02-18 14:45:00,1771425900000,3.063,3.082,3.043,3.076,71082.7
2026-02-18 15:00:00,1771426800000,3.076,3.101,3.074,3.09,24484.4
2026-02-18 15:15:00,1771427700000,3.09,3.094,3.085,3.088,12203.9
2026-02-18 15:30:00,1771428600000,3.088,3.135,3.086,3.121,78250.9
2026-02-18 15:45:00,1771429500000,3.121,3.123,3.096,3.1,12231.7
2026-02-18 16:00:00,1771430400000,3.1,3.102,3.072,3.075,33301.6
2026-02-18 16:15:00,1771431300000,3.075,3.087,3.072,3.082,13529.7
2026-02-18 16:30:00,1771432200000,3.082,3.084,3.067,3.071,12353.1
2026-02-18 16:45:00,1771433100000,3.071,3.072,3.058,3.064,17226.4
2026-02-18 17:00:00,1771434000000,3.064,3.094,3.063,3.071,48809.2
2026-02-18 17:15:00,1771434900000,3.071,3.077,3.057,3.059,9958.0
2026-02-18 17:30:00,1771435800000,3.059,3.063,3.054,3.055,16444.1
2026-02-18 17:45:00,1771436700000,3.055,3.06,3.048,3.049,21886.0
2026-02-18 18:00:00,1771437600000,3.049,3.054,3.044,3.049,17281.2
2026-02-18 18:15:00,1771438500000,3.049,3.05,3.016,3.035,112846.3
2026-02-18 18:30:00,1771439400000,3.035,3.041,2.999,3.002,58073.1
2026-02-18 18:45:00,1771440300000,3.002,3.017,3.001,3.005,61801.9
2026-02-18 19:00:00,1771441200000,3.005,3.021,3.0,3.008,37531.5
2026-02-18 19:15:00,1771442100000,3.008,3.01,2.994,2.998,37853.7
2026-02-18 19:30:00,1771443000000,2.998,3.003,2.969,2.982,118578.6
2026-02-18 19:45:00,1771443900000,2.982,2.995,2.975,2.986,31134.7
2026-02-18 20:00:00,1771444800000,2.986,2.995,2.982,2.986,13633.3
2026-02-18 20:15:00,1771445700000,2.986,2.987,2.977,2.984,13360.8
2026-02-18 20:30:00,1771446600000,2.984,3.0,2.984,2.994,30019.0
2026-02-18 20:45:00,1771447500000,2.994,3.003,2.978,2.982,33605.9
2026-02-18 21:00:00,1771448400000,2.982,2.987,2.971,2.982,33788.7
2026-02-18 21:15:00,1771449300000,2.982,2.983,2.975,2.983,7683.6
2026-02-18 21:30:00,1771450200000,2.983,2.988,2.979,2.983,2780.2
2026-02-18 21:45:00,1771451100000,2.983,2.983,2.972,2.979,11623.4
2026-02-18 22:00:00,1771452000000,2.979,2.982,2.953,2.965,62605.0
2026-02-18 22:15:00,1771452900000,2.965,2.97,2.956,2.96,15625.3
2026-02-18 22:30:00,1771453800000,2.96,2.976,2.959,2.975,10597.7
2026-02-18 22:45:00,1771454700000,2.975,2.975,2.969,2.973,7341.8
2026-02-18 23:00:00,1771455600000,2.973,2.975,2.966,2.969,3776.6
2026-02-18 23:15:00,1771456500000,2.969,2.973,2.963,2.965,7858.0
2026-02-18 23:30:00,1771457400000,2.965,2.976,2.965,2.974,10982.2
2026-02-18 23:45:00,1771458300000,2.974,2.983,2.974,2.98,5543.1
2026-02-19 00:00:00,1771459200000,2.98,2.985,2.973,2.975,16578.7
2026-02-19 00:15:00,1771460100000,2.975,2.985,2.97,2.977,25361.4
2026-02-19 00:30:00,1771461000000,2.977,2.983,2.971,2.981,6456.1
2026-02-19 00:45:00,1771461900000,2.981,2.983,2.968,2.971,8380.7
2026-02-19 01:00:00,1771462800000,2.971,3.001,2.971,2.993,62658.7
2026-02-19 01:15:00,1771463700000,2.993,2.993,2.977,2.982,4779.3
2026-02-19 01:30:00,1771464600000,2.982,3.266,2.977,3.251,1536798.2
2026-02-19 01:45:00,1771465500000,3.251,3.385,3.082,3.33,2506091.2
2026-02-19 02:00:00,1771466400000,3.33,3.347,3.202,3.25,1185351.5
2026-02-19 02:15:00,1771467300000,3.25,3.285,3.195,3.253,528610.1
2026-02-19 02:30:00,1771468200000,3.253,3.281,3.23,3.243,290520.1
2026-02-19 02:45:00,1771469100000,3.243,3.257,3.218,3.257,196753.7
2026-02-19 03:00:00,1771470000000,3.257,3.363,3.249,3.315,381303.1
2026-02-19 03:15:00,1771470900000,3.315,3.355,3.252,3.307,279409.2
2026-02-19 03:30:00,1771471800000,3.307,3.352,3.281,3.32,143175.5
2026-02-19 03:45:00,1771472700000,3.32,3.377,3.309,3.375,231663.7
2026-02-19 04:00:00,1771473600000,3.375,3.408,3.324,3.351,300394.7
2026-02-19 04:15:00,1771474500000,3.351,3.414,3.33,3.379,293672.2
2026-02-19 04:30:00,1771475400000,3.379,3.436,3.373,3.397,353776.0
2026-02-19 04:45:00,1771476300000,3.397,3.447,3.374,3.395,379430.2
2026-02-19 05:00:00,1771477200000,3.395,3.403,3.346,3.366,249832.7
2026-02-19 05:15:00,1771478100000,3.366,3.38,3.316,3.329,310674.3
2026-02-19 05:30:00,1771479000000,3.329,3.351,3.293,3.304,169030.6
2026-02-19 05:45:00,1771479900000,3.304,3.321,3.28,3.317,208793.8
2026-02-19 06:00:00,1771480800000,3.317,3.34,3.297,3.327,138151.0
2026-02-19 06:15:00,1771481700000,3.327,3.336,3.295,3.304,81818.4
2026-02-19 06:30:00,1771482600000,3.304,3.324,3.275,3.296,235196.2
2026-02-19 06:45:00,1771483500000,3.296,3.312,3.283,3.312,73910.9
2026-02-19 07:00:00,1771484400000,3.312,3.335,3.288,3.33,198329.7
2026-02-19 07:15:00,1771485300000,3.33,3.368,3.306,3.352,181862.0
2026-02-19 07:30:00,1771486200000,3.352,3.376,3.327,3.366,171221.7
2026-02-19 07:45:00,1771487100000,3.366,3.384,3.288,3.31,359827.5
2026-02-19 08:00:00,1771488000000,3.31,3.31,3.147,3.201,1322486.0
2026-02-19 08:15:00,1771488900000,3.201,3.219,3.181,3.215,197042.3
2026-02-19 08:30:00,1771489800000,3.215,3.245,3.196,3.241,157956.5
2026-02-19 08:45:00,1771490700000,3.241,3.241,3.214,3.234,123866.7
2026-02-19 09:00:00,1771491600000,3.234,3.249,3.224,3.235,116412.7
2026-02-19 09:15:00,1771492500000,3.235,3.257,3.219,3.227,147111.4
2026-02-19 09:30:00,1771493400000,3.227,3.232,3.188,3.192,133989.2
2026-02-19 09:45:00,1771494300000,3.192,3.206,3.16,3.179,167872.0
2026-02-19 10:00:00,1771495200000,3.179,3.181,3.148,3.171,125933.1
2026-02-19 10:15:00,1771496100000,3.171,3.183,3.162,3.173,54615.5
2026-02-19 10:30:00,1771497000000,3.173,3.188,3.158,3.179,85410.7
2026-02-19 10:45:00,1771497900000,3.179,3.195,3.17,3.184,50962.7
2026-02-19 11:00:00,1771498800000,3.184,3.195,3.159,3.16,93986.0
2026-02-19 11:15:00,1771499700000,3.16,3.171,3.148,3.165,58096.9
2026-02-19 11:30:00,1771500600000,3.165,3.205,3.159,3.189,89135.5
2026-02-19 11:45:00,1771501500000,3.189,3.189,3.156,3.16,76557.8
2026-02-19 12:00:00,1771502400000,3.16,3.201,3.153,3.172,157913.7
2026-02-19 12:15:00,1771503300000,3.172,3.182,3.161,3.179,47977.9
2026-02-19 12:30:00,1771504200000,3.179,3.221,3.176,3.193,143573.5
2026-02-19 12:45:00,1771505100000,3.193,3.245,3.193,3.229,214410.7
2026-02-19 13:00:00,1771506000000,3.229,3.267,3.213,3.263,366498.6
2026-02-19 13:15:00,1771506900000,3.263,3.276,3.214,3.217,456074.4
2026-02-19 13:30:00,1771507800000,3.217,3.223,3.132,3.146,622593.0
2026-02-19 13:45:00,1771508700000,3.146,3.159,3.113,3.147,326058.4
2026-02-19 14:00:00,1771509600000,3.147,3.189,3.145,3.177,430620.9
2026-02-19 14:15:00,1771510500000,3.177,3.196,3.154,3.19,152367.9
2026-02-19 14:30:00,1771511400000,3.19,3.208,3.168,3.189,164484.1
2026-02-19 14:45:00,1771512300000,3.189,3.227,3.172,3.215,111252.6
2026-02-19 15:00:00,1771513200000,3.215,3.245,3.206,3.217,241552.2
2026-02-19 15:15:00,1771514100000,3.217,3.253,3.211,3.215,118278.8
2026-02-19 15:30:00,1771515000000,3.215,3.219,3.185,3.195,197421.7
2026-02-19 15:45:00,1771515900000,3.195,3.201,3.171,3.2,607508.4
2026-02-19 16:00:00,1771516800000,3.2,3.2,3.076,3.101,1977001.1
2026-02-19 16:15:00,1771517700000,3.101,3.139,3.091,3.135,227764.5
2026-02-19 16:30:00,1771518600000,3.135,3.209,3.135,3.199,229618.4
2026-02-19 16:45:00,1771519500000,3.199,3.253,3.195,3.238,371907.5
2026-02-19 17:00:00,1771520400000,3.238,3.248,3.21,3.243,228718.3
2026-02-19 17:15:00,1771521300000,3.243,3.304,3.235,3.252,234613.8
2026-02-19 17:30:00,1771522200000,3.252,3.289,3.252,3.283,177058.8
2026-02-19 17:45:00,1771523100000,3.283,3.285,3.235,3.274,290284.3
2026-02-19 18:00:00,1771524000000,3.274,3.373,3.258,3.368,504270.1
2026-02-19 18:15:00,1771524900000,3.368,3.493,3.349,3.483,759698.1
2026-02-19 18:30:00,1771525800000,3.483,3.551,3.417,3.431,860629.9
2026-02-19 18:45:00,1771526700000,3.431,3.463,3.334,3.351,552479.0
2026-02-19 19:00:00,1771527600000,3.351,3.389,3.333,3.358,366576.5
2026-02-19 19:15:00,1771528500000,3.358,3.371,3.313,3.327,196976.7
2026-02-19 19:30:00,1771529400000,3.327,3.351,3.307,3.343,175587.5
2026-02-19 19:45:00,1771530300000,3.343,3.343,3.294,3.303,194157.5
2026-02-19 20:00:00,1771531200000,3.303,3.314,3.269,3.282,178301.6
2026-02-19 20:15:00,1771532100000,3.282,3.282,3.224,3.252,232801.7
2026-02-19 20:30:00,1771533000000,3.252,3.282,3.243,3.273,157832.5
2026-02-19 20:45:00,1771533900000,3.273,3.294,3.272,3.279,109182.5
2026-02-19 21:00:00,1771534800000,3.279,3.279,3.249,3.256,85517.6
2026-02-19 21:15:00,1771535700000,3.256,3.302,3.255,3.3,109549.6
2026-02-19 21:30:00,1771536600000,3.3,3.321,3.296,3.32,87254.5
2026-02-19 21:45:00,1771537500000,3.32,3.322,3.293,3.309,107073.2
2026-02-19 22:00:00,1771538400000,3.309,3.317,3.27,3.278,161762.0
2026-02-19 22:15:00,1771539300000,3.278,3.279,3.253,3.264,52918.9
2026-02-19 22:30:00,1771540200000,3.264,3.295,3.263,3.286,80084.5
2026-02-19 22:45:00,1771541100000,3.286,3.319,3.273,3.304,85021.1
2026-02-19 23:00:00,1771542000000,3.304,3.305,3.258,3.275,150781.2
2026-02-19 23:15:00,1771542900000,3.275,3.315,3.269,3.312,145300.4
2026-02-19 23:30:00,1771543800000,3.312,3.325,3.304,3.306,76833.3
2026-02-19 23:45:00,1771544700000,3.306,3.308,3.268,3.271,305418.8
2026-02-20 00:00:00,1771545600000,3.271,3.283,3.136,3.174,1369848.5
2026-02-20 00:15:00,1771546500000,3.174,3.231,3.154,3.213,230446.5
2026-02-20 00:30:00,1771547400000,3.213,3.238,3.209,3.229,125130.3
2026-02-20 00:45:00,1771548300000,3.229,3.248,3.221,3.235,80614.2
2026-02-20 01:00:00,1771549200000,3.235,3.239,3.211,3.215,89210.9
2026-02-20 01:15:00,1771550100000,3.215,3.232,3.193,3.214,92103.6
2026-02-20 01:30:00,1771551000000,3.214,3.242,3.207,3.237,152718.1
2026-02-20 01:45:00,1771551900000,3.237,3.249,3.211,3.228,175663.9
2026-02-20 02:00:00,1771552800000,3.228,3.249,3.226,3.242,97052.8
2026-02-20 02:15:00,1771553700000,3.242,3.272,3.242,3.262,104391.9
2026-02-20 02:30:00,1771554600000,3.262,3.271,3.245,3.251,111653.0
2026-02-20 02:45:00,1771555500000,3.251,3.254,3.217,3.221,134360.1
2026-02-20 03:00:00,1771556400000,3.221,3.224,3.205,3.215,66647.4
2026-02-20 03:15:00,1771557300000,3.215,3.23,3.207,3.216,139227.5
2026-02-20 03:30:00,1771558200000,3.216,3.219,3.186,3.196,217554.8
2026-02-20 03:45:00,1771559100000,3.196,3.213,3.189,3.203,109727.7
2026-02-20 04:00:00,1771560000000,3.203,3.216,3.181,3.197,123650.8
2026-02-20 04:15:00,1771560900000,3.197,3.203,3.16,3.166,162368.5
2026-02-20 04:30:00,1771561800000,3.166,3.194,3.163,3.191,103093.6
2026-02-20 04:45:00,1771562700000,3.191,3.198,3.178,3.184,69184.3
2026-02-20 05:00:00,1771563600000,3.184,3.2,3.174,3.197,78997.1
2026-02-20 05:15:00,1771564500000,3.197,3.209,3.185,3.206,88733.9
2026-02-20 05:30:00,1771565400000,3.206,3.238,3.198,3.235,102949.9
2026-02-20 05:45:00,1771566300000,3.235,3.275,3.234,3.271,167272.8
2026-02-20 06:00:00,1771567200000,3.271,3.284,3.248,3.262,146587.7
2026-02-20 06:15:00,1771568100000,3.262,3.275,3.243,3.249,80407.5
2026-02-20 06:30:00,1771569000000,3.249,3.261,3.246,3.25,25662.7
2026-02-20 06:45:00,1771569900000,3.25,3.293,3.249,3.283,69683.4
2026-02-20 07:00:00,1771570800000,3.283,3.286,3.259,3.276,116091.3
2026-02-20 07:15:00,1771571700000,3.276,3.279,3.25,3.25,54891.5
2026-02-20 07:30:00,1771572600000,3.25,3.254,3.229,3.236,108244.8
2026-02-20 07:45:00,1771573500000,3.236,3.266,3.229,3.244,82914.1
2026-02-20 08:00:00,1771574400000,3.244,3.275,3.221,3.256,292068.6
2026-02-20 08:15:00,1771575300000,3.256,3.256,3.237,3.246,86800.3
2026-02-20 08:30:00,1771576200000,3.246,3.261,3.239,3.255,79465.8
2026-02-20 08:45:00,1771577100000,3.255,3.259,3.232,3.24,76550.4
2026-02-20 09:00:00,1771578000000,3.24,3.26,3.235,3.249,114082.6
2026-02-20 09:15:00,1771578900000,3.249,3.283,3.249,3.274,57003.1
2026-02-20 09:30:00,1771579800000,3.274,3.276,3.252,3.253,62016.8
2026-02-20 09:45:00,1771580700000,3.253,3.268,3.244,3.253,61258.5
2026-02-20 10:00:00,1771581600000,3.253,3.274,3.243,3.27,58885.5
2026-02-20 10:15:00,1771582500000,3.27,3.277,3.26,3.263,65031.2
2026-02-20 10:30:00,1771583400000,3.263,3.282,3.261,3.28,36839.8
2026-02-20 10:45:00,1771584300000,3.28,3.291,3.268,3.277,95485.7
2026-02-20 11:00:00,1771585200000,3.277,3.334,3.271,3.32,133698.2
2026-02-20 11:15:00,1771586100000,3.32,3.334,3.253,3.271,228254.1
2026-02-20 11:30:00,1771587000000,3.271,3.336,3.271,3.319,118515.1
2026-02-20 11:45:00,1771587900000,3.319,3.347,3.31,3.328,141342.1
2026-02-20 12:00:00,1771588800000,3.328,3.332,3.302,3.321,83938.5
2026-02-20 12:15:00,1771589700000,3.321,3.333,3.298,3.302,47740.2
2026-02-20 12:30:00,1771590600000,3.302,3.314,3.283,3.295,99023.4
2026-02-20 12:45:00,1771591500000,3.295,3.302,3.27,3.299,91434.2
2026-02-20 13:00:00,1771592400000,3.299,3.299,3.269,3.292,124682.7
2026-02-20 13:15:00,1771593300000,3.292,3.292,3.267,3.275,85605.9
2026-02-20 13:30:00,1771594200000,3.275,3.282,3.244,3.266,120696.0
2026-02-20 13:45:00,1771595100000,3.266,3.312,3.242,3.292,150960.3
2026-02-20 14:00:00,1771596000000,3.292,3.329,3.28,3.287,180332.4
2026-02-20 14:15:00,1771596900000,3.287,3.291,3.247,3.273,83001.6
2026-02-20 14:30:00,1771597800000,3.273,3.337,3.264,3.322,140131.8
2026-02-20 14:45:00,1771598700000,3.322,3.325,3.292,3.297,69297.6
2026-02-20 15:00:00,1771599600000,3.297,3.358,3.295,3.336,244779.3
2026-02-20 15:15:00,1771600500000,3.336,3.403,3.336,3.393,343878.5
2026-02-20 15:30:00,1771601400000,3.393,3.403,3.346,3.352,129833.5
2026-02-20 15:45:00,1771602300000,3.352,3.456,3.35,3.441,246590.8
2026-02-20 16:00:00,1771603200000,3.441,3.45,3.405,3.412,301717.6
2026-02-20 16:15:00,1771604100000,3.412,3.431,3.388,3.389,148547.8
2026-02-20 16:30:00,1771605000000,3.389,3.416,3.379,3.402,103656.2
2026-02-20 16:45:00,1771605900000,3.402,3.429,3.387,3.421,99728.7
2026-02-20 17:00:00,1771606800000,3.421,3.43,3.37,3.371,96996.5
2026-02-20 17:15:00,1771607700000,3.371,3.384,3.359,3.372,109539.2
2026-02-20 17:30:00,1771608600000,3.372,3.383,3.349,3.371,98147.8
2026-02-20 17:45:00,1771609500000,3.371,3.399,3.366,3.396,121507.3
2026-02-20 18:00:00,1771610400000,3.396,3.416,3.383,3.407,105813.9
2026-02-20 18:15:00,1771611300000,3.407,3.419,3.372,3.397,106368.5
2026-02-20 18:30:00,1771612200000,3.397,3.416,3.377,3.392,99979.3
2026-02-20 18:45:00,1771613100000,3.392,3.399,3.383,3.392,47655.7
2026-02-20 19:00:00,1771614000000,3.392,3.406,3.378,3.379,45763.2
2026-02-20 19:15:00,1771614900000,3.379,3.389,3.367,3.373,47120.8
2026-02-20 19:30:00,1771615800000,3.373,3.398,3.369,3.371,40047.9
2026-02-20 19:45:00,1771616700000,3.371,3.383,3.369,3.382,19569.6
2026-02-20 20:00:00,1771617600000,3.382,3.397,3.376,3.395,35583.2
2026-02-20 20:15:00,1771618500000,3.395,3.395,3.367,3.373,28543.9
2026-02-20 20:30:00,1771619400000,3.373,3.393,3.37,3.39,39964.6
2026-02-20 20:45:00,1771620300000,3.39,3.394,3.376,3.384,28751.1
2026-02-20 21:00:00,1771621200000,3.384,3.395,3.373,3.392,42365.2
2026-02-20 21:15:00,1771622100000,3.392,3.405,3.388,3.398,21786.3
2026-02-20 21:30:00,1771623000000,3.398,3.429,3.395,3.416,27874.7
2026-02-20 21:45:00,1771623900000,3.416,3.431,3.407,3.42,43750.6
2026-02-20 22:00:00,1771624800000,3.42,3.421,3.382,3.382,46679.4
2026-02-20 22:15:00,1771625700000,3.382,3.4,3.364,3.395,33318.8
2026-02-20 22:30:00,1771626600000,3.395,3.409,3.39,3.398,25824.4
2026-02-20 22:45:00,1771627500000,3.398,3.429,3.395,3.428,26283.3
2026-02-20 23:00:00,1771628400000,3.428,3.442,3.412,3.414,96044.6
2026-02-20 23:15:00,1771629300000,3.414,3.425,3.408,3.416,57011.8
2026-02-20 23:30:00,1771630200000,3.416,3.426,3.406,3.421,45971.4
2026-02-20 23:45:00,1771631100000,3.421,3.442,3.419,3.437,56795.0
2026-02-21 00:00:00,1771632000000,3.437,3.456,3.406,3.427,164790.5
2026-02-21 00:15:00,1771632900000,3.427,3.444,3.411,3.418,54081.5
2026-02-21 00:30:00,1771633800000,3.418,3.438,3.407,3.433,64044.1
2026-02-21 00:45:00,1771634700000,3.433,3.476,3.432,3.447,125152.4
2026-02-21 01:00:00,1771635600000,3.447,3.478,3.435,3.468,89543.3
2026-02-21 01:15:00,1771636500000,3.468,3.49,3.459,3.466,89368.4
2026-02-21 01:30:00,1771637400000,3.466,3.474,3.426,3.437,109284.7
2026-02-21 01:45:00,1771638300000,3.437,3.441,3.412,3.432,46651.1
2026-02-21 02:00:00,1771639200000,3.432,3.437,3.412,3.426,42534.5
2026-02-21 02:15:00,1771640100000,3.426,3.451,3.417,3.449,30180.6
2026-02-21 02:30:00,1771641000000,3.449,3.481,3.448,3.481,39915.8
2026-02-21 02:45:00,1771641900000,3.481,3.495,3.466,3.474,32851.5
2026-02-21 03:00:00,1771642800000,3.474,3.476,3.424,3.455,131726.9
2026-02-21 03:15:00,1771643700000,3.455,3.471,3.441,3.47,38096.9
2026-02-21 03:30:00,1771644600000,3.47,3.513,3.47,3.477,146103.6
2026-02-21 03:45:00,1771645500000,3.477,3.483,3.447,3.459,91558.3
2026-02-21 04:00:00,1771646400000,3.459,3.477,3.453,3.463,66489.3
2026-02-21 04:15:00,1771647300000,3.463,3.496,3.461,3.494,31271.5
2026-02-21 04:30:00,1771648200000,3.494,3.51,3.479,3.496,116965.5
2026-02-21 04:45:00,1771649100000,3.496,3.498,3.476,3.481,52693.0
2026-02-21 05:00:00,1771650000000,3.481,3.521,3.479,3.517,39680.3
2026-02-21 05:15:00,1771650900000,3.517,3.547,3.512,3.541,158514.1
2026-02-21 05:30:00,1771651800000,3.541,3.547,3.505,3.51,203312.3
2026-02-21 05:45:00,1771652700000,3.51,3.526,3.485,3.495,186910.0
2026-02-21 06:00:00,1771653600000,3.495,3.505,3.475,3.478,61294.9
2026-02-21 06:15:00,1771654500000,3.478,3.48,3.447,3.447,79657.2
2026-02-21 06:30:00,1771655400000,3.447,3.447,3.391,3.404,118401.4
2026-02-21 06:45:00,1771656300000,3.404,3.429,3.404,3.419,45154.1
2026-02-21 07:00:00,1771657200000,3.419,3.438,3.409,3.435,71872.7
2026-02-21 07:15:00,1771658100000,3.435,3.437,3.419,3.423,59759.7
2026-02-21 07:30:00,1771659000000,3.423,3.519,3.42,3.515,296816.3
2026-02-21 07:45:00,1771659900000,3.515,3.538,3.486,3.49,153348.1
2026-02-21 08:00:00,1771660800000,3.49,3.494,3.462,3.467,121489.0
2026-02-21 08:15:00,1771661700000,3.467,3.49,3.465,3.489,39312.2
2026-02-21 08:30:00,1771662600000,3.489,3.503,3.479,3.492,56219.8
2026-02-21 08:45:00,1771663500000,3.492,3.514,3.487,3.507,84567.5
2026-02-21 09:00:00,1771664400000,3.507,3.593,3.502,3.555,253818.3
2026-02-21 09:15:00,1771665300000,3.555,3.681,3.555,3.673,761782.0
2026-02-21 09:30:00,1771666200000,3.673,3.748,3.666,3.748,348460.9
2026-02-21 09:45:00,1771667100000,3.748,3.762,3.668,3.686,384220.7
2026-02-21 10:00:00,1771668000000,3.686,3.85,3.686,3.841,752385.0
2026-02-21 10:15:00,1771668900000,3.841,3.867,3.792,3.83,398153.0
2026-02-21 10:30:00,1771669800000,3.83,3.907,3.812,3.822,474030.4
2026-02-21 10:45:00,1771670700000,3.822,3.845,3.785,3.807,291900.3
2026-02-21 11:00:00,1771671600000,3.807,3.885,3.797,3.823,390275.3
2026-02-21 11:15:00,1771672500000,3.823,3.868,3.779,3.843,366303.7
2026-02-21 11:30:00,1771673400000,3.843,3.881,3.821,3.836,187123.2
2026-02-21 11:45:00,1771674300000,3.836,3.881,3.825,3.855,233254.9
2026-02-21 12:00:00,1771675200000,3.855,3.965,3.854,3.955,619447.5
2026-02-21 12:15:00,1771676100000,3.955,3.982,3.874,3.895,315999.2
2026-02-21 12:30:00,1771677000000,3.895,3.945,3.846,3.854,321108.9
2026-02-21 12:45:00,1771677900000,3.854,3.888,3.823,3.867,311680.8
2026-02-21 13:00:00,1771678800000,3.867,3.898,3.838,3.852,226029.1
2026-02-21 13:15:00,1771679700000,3.852,3.86,3.806,3.856,209734.8
2026-02-21 13:30:00,1771680600000,3.856,3.96,3.844,3.898,476630.3
2026-02-21 13:45:00,1771681500000,3.898,4.019,3.887,3.991,519746.9
2026-02-21 14:00:00,1771682400000,3.991,4.005,3.897,3.911,472910.4
2026-02-21 14:15:00,1771683300000,3.911,3.928,3.898,3.91,225461.7
2026-02-21 14:30:00,1771684200000,3.91,3.911,3.854,3.858,268835.6
2026-02-21 14:45:00,1771685100000,3.858,3.859,3.813,3.825,236665.6
2026-02-21 15:00:00,1771686000000,3.825,3.854,3.818,3.835,179270.5
2026-02-21 15:15:00,1771686900000,3.835,3.867,3.828,3.831,179448.2
2026-02-21 15:30:00,1771687800000,3.831,3.887,3.821,3.865,198427.7
2026-02-21 15:45:00,1771688700000,3.865,3.866,3.821,3.821,168960.4
2026-02-21 16:00:00,1771689600000,3.821,3.847,3.755,3.808,453859.2
2026-02-21 16:15:00,1771690500000,3.808,3.898,3.804,3.875,304655.0
2026-02-21 16:30:00,1771691400000,3.875,3.906,3.859,3.864,183049.7
2026-02-21 16:45:00,1771692300000,3.864,3.88,3.83,3.844,163642.0
2026-02-21 17:00:00,1771693200000,3.844,3.844,3.809,3.812,126542.9
2026-02-21 17:15:00,1771694100000,3.812,3.816,3.787,3.791,106008.8
2026-02-21 17:30:00,1771695000000,3.791,3.792,3.748,3.756,200318.1
2026-02-21 17:45:00,1771695900000,3.756,3.761,3.73,3.737,128788.8
2026-02-21 18:00:00,1771696800000,3.737,3.758,3.727,3.746,138214.4
2026-02-21 18:15:00,1771697700000,3.746,3.767,3.728,3.733,108080.1
2026-02-21 18:30:00,1771698600000,3.733,3.738,3.718,3.722,103787.7
2026-02-21 18:45:00,1771699500000,3.722,3.757,3.722,3.751,97513.7
2026-02-21 19:00:00,1771700400000,3.751,3.781,3.747,3.775,98959.7
2026-02-21 19:15:00,1771701300000,3.775,3.789,3.758,3.77,62523.5
2026-02-21 19:30:00,1771702200000,3.77,3.787,3.753,3.756,42488.3
2026-02-21 19:45:00,1771703100000,3.756,3.773,3.751,3.762,54921.4
2026-02-21 20:00:00,1771704000000,3.762,3.806,3.753,3.758,171807.0
2026-02-21 20:15:00,1771704900000,3.758,3.77,3.735,3.744,98019.8
2026-02-21 20:30:00,1771705800000,3.744,3.745,3.731,3.736,80873.9
2026-02-21 20:45:00,1771706700000,3.736,3.744,3.725,3.729,49583.8
2026-02-21 21:00:00,1771707600000,3.729,3.791,3.728,3.784,166748.3
2026-02-21 21:15:00,1771708500000,3.784,3.795,3.772,3.784,160719.9
2026-02-21 21:30:00,1771709400000,3.784,3.841,3.776,3.834,134643.6
2026-02-21 21:45:00,1771710300000,3.834,3.888,3.828,3.859,254607.1
2026-02-21 22:00:00,1771711200000,3.859,3.871,3.761,3.787,374135.0
2026-02-21 22:15:00,1771712100000,3.787,3.82,3.782,3.808,66383.7
2026-02-21 22:30:00,1771713000000,3.808,3.811,3.783,3.787,63880.3
2026-02-21 22:45:00,1771713900000,3.787,3.813,3.778,3.781,54904.5
2026-02-21 23:00:00,1771714800000,3.781,3.808,3.761,3.776,121319.0
2026-02-21 23:15:00,1771715700000,3.776,3.813,3.776,3.786,92509.2
2026-02-21 23:30:00,1771716600000,3.786,3.803,3.776,3.799,27368.1
2026-02-21 23:45:00,1771717500000,3.799,3.801,3.764,3.774,56765.3
2026-02-22 00:00:00,1771718400000,3.774,3.774,3.676,3.717,534096.7
2026-02-22 00:15:00,1771719300000,3.717,3.754,3.698,3.72,175456.7
2026-02-22 00:30:00,1771720200000,3.72,3.779,3.715,3.727,248487.6
2026-02-22 00:45:00,1771721100000,3.727,3.745,3.698,3.727,112807.4
2026-02-22 01:00:00,1771722000000,3.727,3.732,3.699,3.707,221462.5
2026-02-22 01:15:00,1771722900000,3.707,3.732,3.688,3.728,97393.4
2026-02-22 01:30:00,1771723800000,3.728,3.758,3.728,3.752,79045.4
2026-02-22 01:45:00,1771724700000,3.752,3.753,3.704,3.708,69375.1
2026-02-22 02:00:00,1771725600000,3.708,3.743,3.703,3.727,80840.3
2026-02-22 02:15:00,1771726500000,3.727,3.737,3.707,3.72,30244.7
2026-02-22 02:30:00,1771727400000,3.72,3.724,3.664,3.689,134688.8
2026-02-22 02:45:00,1771728300000,3.689,3.705,3.688,3.7,39415.3
2026-02-22 03:00:00,1771729200000,3.7,3.701,3.66,3.672,48566.0
2026-02-22 03:15:00,1771730100000,3.672,3.678,3.646,3.66,106911.1
2026-02-22 03:30:00,1771731000000,3.66,3.671,3.644,3.648,47372.8
2026-02-22 03:45:00,1771731900000,3.648,3.664,3.636,3.642,61277.7
2026-02-22 04:00:00,1771732800000,3.642,3.66,3.637,3.652,33669.1
2026-02-22 04:15:00,1771733700000,3.652,3.665,3.64,3.664,67478.8
2026-02-22 04:30:00,1771734600000,3.664,3.67,3.647,3.655,51448.6
2026-02-22 04:45:00,1771735500000,3.655,3.664,3.652,3.661,37426.5
2026-02-22 05:00:00,1771736400000,3.661,3.663,3.629,3.635,114152.3
2026-02-22 05:15:00,1771737300000,3.635,3.64,3.606,3.639,160339.5
2026-02-22 05:30:00,1771738200000,3.639,3.642,3.627,3.638,32015.5
2026-02-22 05:45:00,1771739100000,3.638,3.638,3.625,3.63,35998.2
2026-02-22 06:00:00,1771740000000,3.63,3.643,3.607,3.616,66809.1
2026-02-22 06:15:00,1771740900000,3.616,3.628,3.593,3.594,115042.7
2026-02-22 06:30:00,1771741800000,3.594,3.609,3.571,3.599,153038.3
2026-02-22 06:45:00,1771742700000,3.599,3.614,3.593,3.607,36583.9
2026-02-22 07:00:00,1771743600000,3.607,3.633,3.6,3.63,106554.8
2026-02-22 07:15:00,1771744500000,3.63,3.67,3.626,3.669,112800.0
2026-02-22 07:30:00,1771745400000,3.669,3.682,3.659,3.669,133594.7
2026-02-22 07:45:00,1771746300000,3.669,3.669,3.638,3.647,60510.7
2026-02-22 08:00:00,1771747200000,3.647,3.647,3.631,3.641,100136.2
2026-02-22 08:15:00,1771748100000,3.641,3.641,3.615,3.62,69111.7
2026-02-22 08:30:00,1771749000000,3.62,3.626,3.606,3.612,52526.7
2026-02-22 08:45:00,1771749900000,3.612,3.613,3.599,3.602,45092.9
2026-02-22 09:00:00,1771750800000,3.602,3.617,3.597,3.613,77843.6
2026-02-22 09:15:00,1771751700000,3.613,3.626,3.609,3.619,43465.7
2026-02-22 09:30:00,1771752600000,3.619,3.625,3.614,3.623,22813.1
2026-02-22 09:45:00,1771753500000,3.623,3.637,3.615,3.63,55463.8
2026-02-22 10:00:00,1771754400000,3.63,3.635,3.603,3.624,60491.8
2026-02-22 10:15:00,1771755300000,3.624,3.637,3.615,3.617,48969.0
2026-02-22 10:30:00,1771756200000,3.617,3.628,3.599,3.603,55678.1
2026-02-22 10:45:00,1771757100000,3.603,3.605,3.576,3.581,102716.9
2026-02-22 11:00:00,1771758000000,3.581,3.603,3.579,3.598,38083.7
2026-02-22 11:15:00,1771758900000,3.598,3.603,3.577,3.578,66285.1
2026-02-22 11:30:00,1771759800000,3.578,3.596,3.576,3.581,50045.4
2026-02-22 11:45:00,1771760700000,3.581,3.582,3.565,3.57,67463.3
2026-02-22 12:00:00,1771761600000,3.57,3.571,3.542,3.561,158349.7
2026-02-22 12:15:00,1771762500000,3.561,3.569,3.553,3.567,50358.4
2026-02-22 12:30:00,1771763400000,3.567,3.581,3.555,3.57,62632.7
2026-02-22 12:45:00,1771764300000,3.57,3.582,3.559,3.563,41197.9
2026-02-22 13:00:00,1771765200000,3.563,3.566,3.527,3.545,87032.1
2026-02-22 13:15:00,1771766100000,3.545,3.567,3.543,3.551,53436.8
2026-02-22 13:30:00,1771767000000,3.551,3.569,3.55,3.564,55850.4
2026-02-22 13:45:00,1771767900000,3.564,3.564,3.551,3.555,42854.7
2026-02-22 14:00:00,1771768800000,3.555,3.578,3.548,3.569,73680.3
2026-02-22 14:15:00,1771769700000,3.569,3.588,3.561,3.576,57721.2
2026-02-22 14:30:00,1771770600000,3.576,3.582,3.557,3.56,31635.0
2026-02-22 14:45:00,1771771500000,3.56,3.564,3.546,3.555,58557.9
2026-02-22 15:00:00,1771772400000,3.555,3.562,3.537,3.545,35077.2
2026-02-22 15:15:00,1771773300000,3.545,3.553,3.539,3.553,22652.4
2026-02-22 15:30:00,1771774200000,3.553,3.58,3.549,3.58,71699.9
2026-02-22 15:45:00,1771775100000,3.58,3.58,3.567,3.569,28719.5
2026-02-22 16:00:00,1771776000000,3.569,3.57,3.552,3.556,24575.0
2026-02-22 16:15:00,1771776900000,3.556,3.564,3.518,3.525,78761.2
2026-02-22 16:30:00,1771777800000,3.525,3.535,3.516,3.53,105179.4
2026-02-22 16:45:00,1771778700000,3.53,3.534,3.518,3.53,26977.2
2026-02-22 17:00:00,1771779600000,3.53,3.54,3.527,3.53,40867.2
2026-02-22 17:15:00,1771780500000,3.53,3.538,3.527,3.534,30272.5
2026-02-22 17:30:00,1771781400000,3.534,3.543,3.523,3.541,34067.5
2026-02-22 17:45:00,1771782300000,3.541,3.556,3.534,3.553,33332.2
2026-02-22 18:00:00,1771783200000,3.553,3.553,3.541,3.55,21301.6
2026-02-22 18:15:00,1771784100000,3.55,3.564,3.55,3.554,20426.5
2026-02-22 18:30:00,1771785000000,3.554,3.555,3.546,3.548,20969.3
2026-02-22 18:45:00,1771785900000,3.548,3.549,3.546,3.547,6822.4
2026-02-22 19:00:00,1771786800000,3.547,3.578,3.547,3.578,46300.0
2026-02-22 19:15:00,1771787700000,3.578,3.582,3.563,3.577,51211.4
2026-02-22 19:30:00,1771788600000,3.577,3.585,3.572,3.581,27405.4
2026-02-22 19:45:00,1771789500000,3.581,3.597,3.577,3.587,26431.2
2026-02-22 20:00:00,1771790400000,3.587,3.587,3.557,3.561,32942.5
2026-02-22 20:15:00,1771791300000,3.561,3.569,3.559,3.561,10511.8
2026-02-22 20:30:00,1771792200000,3.561,3.562,3.544,3.55,36818.4
2026-02-22 20:45:00,1771793100000,3.55,3.552,3.535,3.538,40367.1
2026-02-22 21:00:00,1771794000000,3.538,3.543,3.532,3.535,20650.8
2026-02-22 21:15:00,1771794900000,3.535,3.539,3.518,3.527,45550.5
2026-02-22 21:30:00,1771795800000,3.527,3.54,3.522,3.54,21828.1
2026-02-22 21:45:00,1771796700000,3.54,3.552,3.532,3.533,33788.2
2026-02-22 22:00:00,1771797600000,3.533,3.533,3.502,3.509,87492.3
2026-02-22 22:15:00,1771798500000,3.509,3.524,3.506,3.52,19944.7
2026-02-22 22:30:00,1771799400000,3.52,3.526,3.515,3.522,9347.0
2026-02-22 22:45:00,1771800300000,3.522,3.527,3.519,3.523,17367.2
2026-02-22 23:00:00,1771801200000,3.523,3.54,3.521,3.529,27763.0
2026-02-22 23:15:00,1771802100000,3.529,3.529,3.511,3.513,21149.4
2026-02-22 23:30:00,1771803000000,3.513,3.518,3.494,3.502,44004.4
2026-02-22 23:45:00,1771803900000,3.502,3.512,3.495,3.507,45255.6
2026-02-23 00:00:00,1771804800000,3.507,3.533,3.504,3.525,81596.3
2026-02-23 00:15:00,1771805700000,3.525,3.528,3.502,3.514,37668.1
2026-02-23 00:30:00,1771806600000,3.514,3.514,3.492,3.503,53424.0
2026-02-23 00:45:00,1771807500000,3.503,3.539,3.503,3.517,54731.2
2026-02-23 01:00:00,1771808400000,3.517,3.517,3.442,3.462,547174.6
2026-02-23 01:15:00,1771809300000,3.462,3.471,3.403,3.418,218707.7
2026-02-23 01:30:00,1771810200000,3.418,3.448,3.406,3.442,61230.2
2026-02-23 01:45:00,1771811100000,3.442,3.454,3.39,3.392,161845.0
2026-02-23 02:00:00,1771812000000,3.392,3.435,3.384,3.43,115146.8
2026-02-23 02:15:00,1771812900000,3.43,3.43,3.403,3.41,35964.8
2026-02-23 02:30:00,1771813800000,3.41,3.416,3.407,3.411,31148.2
2026-02-23 02:45:00,1771814700000,3.411,3.43,3.4,3.43,31715.2
2026-02-23 03:00:00,1771815600000,3.43,3.473,3.43,3.445,62415.0
2026-02-23 03:15:00,1771816500000,3.445,3.445,3.417,3.419,30326.5
2026-02-23 03:30:00,1771817400000,3.419,3.426,3.402,3.426,77787.2
2026-02-23 03:45:00,1771818300000,3.426,3.429,3.41,3.416,48105.3
2026-02-23 04:00:00,1771819200000,3.416,3.422,3.402,3.405,33127.7
2026-02-23 04:15:00,1771820100000,3.405,3.406,3.378,3.39,95293.5
2026-02-23 04:30:00,1771821000000,3.39,3.394,3.345,3.346,111662.2
2026-02-23 04:45:00,1771821900000,3.346,3.388,3.341,3.385,57809.7
2026-02-23 05:00:00,1771822800000,3.385,3.409,3.385,3.399,52330.9
2026-02-23 05:15:00,1771823700000,3.399,3.414,3.397,3.412,23180.5
2026-02-23 05:30:00,1771824600000,3.412,3.419,3.404,3.405,24438.9
2026-02-23 05:45:00,1771825500000,3.405,3.405,3.399,3.402,12193.8
2026-02-23 06:00:00,1771826400000,3.402,3.449,3.398,3.444,62416.6
2026-02-23 06:15:00,1771827300000,3.444,3.444,3.406,3.409,27701.5
2026-02-23 06:30:00,1771828200000,3.409,3.409,3.399,3.403,45946.8
2026-02-23 06:45:00,1771829100000,3.403,3.418,3.402,3.414,39143.0
2026-02-23 07:00:00,1771830000000,3.414,3.428,3.41,3.417,24958.8
2026-02-23 07:15:00,1771830900000,3.417,3.43,3.413,3.423,21704.7
2026-02-23 07:30:00,1771831800000,3.423,3.43,3.404,3.423,45338.4
2026-02-23 07:45:00,1771832700000,3.423,3.429,3.406,3.406,15029.7
2026-02-23 08:00:00,1771833600000,3.406,3.412,3.389,3.394,31491.2
2026-02-23 08:15:00,1771834500000,3.394,3.398,3.377,3.392,21189.7
2026-02-23 08:30:00,1771835400000,3.392,3.395,3.373,3.38,36653.5
2026-02-23 08:45:00,1771836300000,3.38,3.386,3.369,3.381,56566.1
2026-02-23 09:00:00,1771837200000,3.381,3.399,3.381,3.395,25584.5
2026-02-23 09:15:00,1771838100000,3.395,3.397,3.382,3.386,20081.4
2026-02-23 09:30:00,1771839000000,3.386,3.425,3.383,3.408,79165.2
2026-02-23 09:45:00,1771839900000,3.408,3.426,3.408,3.425,54546.6
2026-02-23 10:00:00,1771840800000,3.425,3.461,3.422,3.453,50565.4
2026-02-23 10:15:00,1771841700000,3.453,3.47,3.446,3.464,33432.8
2026-02-23 10:30:00,1771842600000,3.464,3.477,3.458,3.473,28649.3
2026-02-23 10:45:00,1771843500000,3.473,3.477,3.457,3.462,67128.7
2026-02-23 11:00:00,1771844400000,3.462,3.487,3.46,3.473,38557.7
2026-02-23 11:15:00,1771845300000,3.473,3.491,3.465,3.467,40129.8
2026-02-23 11:30:00,1771846200000,3.467,3.469,3.452,3.456,50425.5
2026-02-23 11:45:00,1771847100000,3.456,3.46,3.444,3.451,41329.4
2026-02-23 12:00:00,1771848000000,3.451,3.461,3.439,3.452,60227.3
2026-02-23 12:15:00,1771848900000,3.452,3.468,3.445,3.465,30774.9
2026-02-23 12:30:00,1771849800000,3.465,3.54,3.452,3.54,112506.4
2026-02-23 12:45:00,1771850700000,3.54,3.552,3.513,3.523,86944.4
2026-02-23 13:00:00,1771851600000,3.523,3.548,3.523,3.535,78182.7
2026-02-23 13:15:00,1771852500000,3.535,3.536,3.506,3.529,65752.0
2026-02-23 13:30:00,1771853400000,3.529,3.53,3.5,3.515,48673.7
2026-02-23 13:45:00,1771854300000,3.515,3.518,3.471,3.478,66974.5
2026-02-23 14:00:00,1771855200000,3.478,3.48,3.459,3.461,35097.0
2026-02-23 14:15:00,1771856100000,3.461,3.474,3.442,3.448,88252.8
2026-02-23 14:30:00,1771857000000,3.448,3.476,3.442,3.463,75991.4
2026-02-23 14:45:00,1771857900000,3.463,3.494,3.459,3.479,66598.0
2026-02-23 15:00:00,1771858800000,3.479,3.482,3.429,3.434,86644.3
2026-02-23 15:15:00,1771859700000,3.434,3.449,3.416,3.421,55793.5
2026-02-23 15:30:00,1771860600000,3.421,3.428,3.412,3.416,23307.2
2026-02-23 15:45:00,1771861500000,3.416,3.419,3.394,3.395,32810.3
2026-02-23 16:00:00,1771862400000,3.395,3.397,3.372,3.379,93412.7
2026-02-23 16:15:00,1771863300000,3.379,3.42,3.379,3.415,64428.3
2026-02-23 16:30:00,1771864200000,3.415,3.428,3.396,3.402,32867.2
2026-02-23 16:45:00,1771865100000,3.402,3.403,3.379,3.383,23926.5
2026-02-23 17:00:00,1771866000000,3.383,3.395,3.377,3.378,29175.6
2026-02-23 17:15:00,1771866900000,3.378,3.388,3.346,3.349,99533.7
2026-02-23 17:30:00,1771867800000,3.349,3.385,3.343,3.376,117022.6
2026-02-23 17:45:00,1771868700000,3.376,3.387,3.354,3.387,76366.3
2026-02-23 18:00:00,1771869600000,3.387,3.415,3.379,3.408,76015.7
2026-02-23 18:15:00,1771870500000,3.408,3.416,3.402,3.411,50843.4
2026-02-23 18:30:00,1771871400000,3.411,3.426,3.389,3.405,65968.3
2026-02-23 18:45:00,1771872300000,3.405,3.406,3.371,3.375,28989.2
2026-02-23 19:00:00,1771873200000,3.375,3.385,3.364,3.371,51440.1
2026-02-23 19:15:00,1771874100000,3.371,3.376,3.354,3.36,41808.1
2026-02-23 19:30:00,1771875000000,3.36,3.367,3.347,3.352,46659.8
2026-02-23 19:45:00,1771875900000,3.352,3.357,3.342,3.348,40729.2
2026-02-23 20:00:00,1771876800000,3.348,3.362,3.344,3.347,34972.2
2026-02-23 20:15:00,1771877700000,3.347,3.354,3.319,3.335,101417.4
2026-02-23 20:30:00,1771878600000,3.335,3.359,3.335,3.357,20704.0
2026-02-23 20:45:00,1771879500000,3.357,3.366,3.353,3.364,25326.4
2026-02-23 21:00:00,1771880400000,3.364,3.376,3.351,3.359,24262.3
2026-02-23 21:15:00,1771881300000,3.359,3.36,3.346,3.352,22660.4
2026-02-23 21:30:00,1771882200000,3.352,3.357,3.339,3.343,34127.3
2026-02-23 21:45:00,1771883100000,3.343,3.356,3.341,3.353,13324.0
2026-02-23 22:00:00,1771884000000,3.353,3.354,3.333,3.347,46408.5
2026-02-23 22:15:00,1771884900000,3.347,3.352,3.341,3.347,10516.6
2026-02-23 22:30:00,1771885800000,3.347,3.353,3.342,3.348,11413.4
2026-02-23 22:45:00,1771886700000,3.348,3.351,3.328,3.336,65100.4
2026-02-23 23:00:00,1771887600000,3.336,3.356,3.336,3.345,19341.7
2026-02-23 23:15:00,1771888500000,3.345,3.353,3.336,3.337,15870.8
2026-02-23 23:30:00,1771889400000,3.337,3.339,3.323,3.323,41659.8
2026-02-23 23:45:00,1771890300000,3.323,3.329,3.311,3.317,57530.5
2026-02-24 00:00:00,1771891200000,3.317,3.334,3.316,3.332,47345.4
2026-02-24 00:15:00,1771892100000,3.332,3.365,3.33,3.365,75834.8
2026-02-24 00:30:00,1771893000000,3.365,3.375,3.355,3.366,36499.8
2026-02-24 00:45:00,1771893900000,3.366,3.389,3.365,3.379,35253.9
2026-02-24 01:00:00,1771894800000,3.379,3.379,3.338,3.341,54869.1
2026-02-24 01:15:00,1771895700000,3.341,3.39,3.305,3.378,159150.4
2026-02-24 01:30:00,1771896600000,3.378,3.382,3.357,3.367,41647.6
2026-02-24 01:45:00,1771897500000,3.367,3.377,3.358,3.361,35267.7
2026-02-24 02:00:00,1771898400000,3.361,3.361,3.338,3.354,46467.8
2026-02-24 02:15:00,1771899300000,3.354,3.375,3.353,3.362,44754.7
2026-02-24 02:30:00,1771900200000,3.362,3.375,3.348,3.349,42337.5
2026-02-24 02:45:00,1771901100000,3.349,3.349,3.333,3.34,20434.9
2026-02-24 03:00:00,1771902000000,3.34,3.34,3.239,3.253,408992.4
2026-02-24 03:15:00,1771902900000,3.253,3.265,3.247,3.248,42646.9
2026-02-24 03:30:00,1771903800000,3.248,3.252,3.24,3.241,42962.4
2026-02-24 03:45:00,1771904700000,3.241,3.253,3.23,3.249,74337.1
2026-02-24 04:00:00,1771905600000,3.249,3.262,3.241,3.242,59356.6
2026-02-24 04:15:00,1771906500000,3.242,3.256,3.232,3.245,38458.6
2026-02-24 04:30:00,1771907400000,3.245,3.247,3.225,3.239,81244.1
2026-02-24 04:45:00,1771908300000,3.239,3.244,3.222,3.235,31984.5
2026-02-24 05:00:00,1771909200000,3.235,3.249,3.224,3.242,49391.1
2026-02-24 05:15:00,1771910100000,3.242,3.243,3.213,3.218,66071.2
2026-02-24 05:30:00,1771911000000,3.218,3.225,3.195,3.211,56708.7
2026-02-24 05:45:00,1771911900000,3.211,3.23,3.206,3.227,96625.8
2026-02-24 06:00:00,1771912800000,3.227,3.231,3.217,3.223,16064.0
2026-02-24 06:15:00,1771913700000,3.223,3.239,3.222,3.223,22820.3
2026-02-24 06:30:00,1771914600000,3.223,3.227,3.214,3.214,17173.8
2026-02-24 06:45:00,1771915500000,3.214,3.214,3.194,3.21,49867.3
2026-02-24 07:00:00,1771916400000,3.21,3.22,3.197,3.213,40688.1
2026-02-24 07:15:00,1771917300000,3.213,3.214,3.201,3.206,25265.2
2026-02-24 07:30:00,1771918200000,3.206,3.206,3.192,3.194,23397.7
2026-02-24 07:45:00,1771919100000,3.194,3.201,3.191,3.195,11672.6
2026-02-24 08:00:00,1771920000000,3.195,3.196,3.181,3.186,32578.4
2026-02-24 08:15:00,1771920900000,3.186,3.22,3.184,3.22,29886.5
2026-02-24 08:30:00,1771921800000,3.22,3.223,3.21,3.217,29879.0
2026-02-24 08:45:00,1771922700000,3.217,3.241,3.206,3.229,54676.1
2026-02-24 09:00:00,1771923600000,3.229,3.231,3.213,3.215,40342.1
2026-02-24 09:15:00,1771924500000,3.215,3.216,3.177,3.188,95442.6
2026-02-24 09:30:00,1771925400000,3.188,3.199,3.18,3.195,27981.2
2026-02-24 09:45:00,1771926300000,3.195,3.195,3.181,3.186,23462.8
2026-02-24 10:00:00,1771927200000,3.186,3.189,3.163,3.184,50237.9
2026-02-24 10:15:00,1771928100000,3.184,3.194,3.18,3.19,28598.1
2026-02-24 10:30:00,1771929000000,3.19,3.198,3.189,3.19,25838.5
2026-02-24 10:45:00,1771929900000,3.19,3.195,3.18,3.186,27579.4
2026-02-24 11:00:00,1771930800000,3.186,3.188,3.172,3.172,16657.4
2026-02-24 11:15:00,1771931700000,3.172,3.172,3.158,3.16,46051.3
2026-02-24 11:30:00,1771932600000,3.16,3.166,3.147,3.164,90817.4
2026-02-24 11:45:00,1771933500000,3.164,3.169,3.162,3.168,38838.3
2026-02-24 12:00:00,1771934400000,3.168,3.173,3.16,3.168,23501.2
2026-02-24 12:15:00,1771935300000,3.168,3.179,3.167,3.178,19019.7
2026-02-24 12:30:00,1771936200000,3.178,3.183,3.167,3.169,26819.4
2026-02-24 12:45:00,1771937100000,3.169,3.172,3.151,3.162,115131.6
2026-02-24 13:00:00,1771938000000,3.162,3.162,3.148,3.157,35969.7
2026-02-24 13:15:00,1771938900000,3.157,3.158,3.14,3.144,44339.0
2026-02-24 13:30:00,1771939800000,3.144,3.169,3.127,3.157,115713.2
2026-02-24 13:45:00,1771940700000,3.157,3.169,3.151,3.154,30606.6
2026-02-24 14:00:00,1771941600000,3.154,3.168,3.146,3.152,59849.9
2026-02-24 14:15:00,1771942500000,3.152,3.156,3.138,3.151,35679.9
2026-02-24 14:30:00,1771943400000,3.151,3.175,3.133,3.163,88779.3
2026-02-24 14:45:00,1771944300000,3.163,3.181,3.157,3.171,96572.4
2026-02-24 15:00:00,1771945200000,3.171,3.229,3.165,3.225,153355.8
2026-02-24 15:15:00,1771946100000,3.225,3.299,3.22,3.295,377998.6
2026-02-24 15:30:00,1771947000000,3.295,3.296,3.225,3.242,147761.1
2026-02-24 15:45:00,1771947900000,3.242,3.249,3.213,3.221,66646.0
2026-02-24 16:00:00,1771948800000,3.221,3.246,3.211,3.212,93248.1
2026-02-24 16:15:00,1771949700000,3.212,3.212,3.18,3.186,95126.3
2026-02-24 16:30:00,1771950600000,3.186,3.198,3.162,3.195,164033.9
2026-02-24 16:45:00,1771951500000,3.195,3.209,3.185,3.206,50192.4
2026-02-24 17:00:00,1771952400000,3.206,3.21,3.187,3.195,53233.8
2026-02-24 17:15:00,1771953300000,3.195,3.195,3.177,3.181,50742.6
2026-02-24 17:30:00,1771954200000,3.181,3.19,3.175,3.185,26971.9
2026-02-24 17:45:00,1771955100000,3.185,3.204,3.181,3.182,60861.7
2026-02-24 18:00:00,1771956000000,3.182,3.195,3.159,3.161,72346.3
2026-02-24 18:15:00,1771956900000,3.161,3.172,3.154,3.161,37161.9
2026-02-24 18:30:00,1771957800000,3.161,3.19,3.161,3.18,96116.2
2026-02-24 18:45:00,1771958700000,3.18,3.183,3.169,3.175,21341.8
2026-02-24 19:00:00,1771959600000,3.175,3.188,3.164,3.164,31234.9
2026-02-24 19:15:00,1771960500000,3.164,3.168,3.155,3.16,29362.6
2026-02-24 19:30:00,1771961400000,3.16,3.183,3.16,3.177,18258.2
2026-02-24 19:45:00,1771962300000,3.177,3.178,3.168,3.168,9573.2
2026-02-24 20:00:00,1771963200000,3.168,3.181,3.163,3.167,35387.2
2026-02-24 20:15:00,1771964100000,3.167,3.177,3.166,3.171,35837.9
2026-02-24 20:30:00,1771965000000,3.171,3.177,3.167,3.17,28199.5
2026-02-24 20:45:00,1771965900000,3.17,3.172,3.155,3.158,22045.3
2026-02-24 21:00:00,1771966800000,3.158,3.159,3.115,3.125,187325.3
2026-02-24 21:15:00,1771967700000,3.125,3.13,3.113,3.121,50474.1
2026-02-24 21:30:00,1771968600000,3.121,3.135,3.118,3.122,39192.1
2026-02-24 21:45:00,1771969500000,3.122,3.13,3.122,3.125,15603.3
2026-02-24 22:00:00,1771970400000,3.125,3.149,3.124,3.14,48477.7
2026-02-24 22:15:00,1771971300000,3.14,3.141,3.131,3.135,16777.3
2026-02-24 22:30:00,1771972200000,3.135,3.14,3.13,3.134,25212.5
2026-02-24 22:45:00,1771973100000,3.134,3.141,3.126,3.14,24488.8
2026-02-24 23:00:00,1771974000000,3.14,3.143,3.12,3.124,45508.9
2026-02-24 23:15:00,1771974900000,3.124,3.132,3.121,3.127,42783.4
2026-02-24 23:30:00,1771975800000,3.127,3.133,3.119,3.121,31849.3
2026-02-24 23:45:00,1771976700000,3.121,3.131,3.115,3.127,58719.3
2026-02-25 00:00:00,1771977600000,3.127,3.131,3.114,3.124,30429.9
2026-02-25 00:15:00,1771978500000,3.124,3.129,3.108,3.111,70878.5
2026-02-25 00:30:00,1771979400000,3.111,3.132,3.111,3.132,24447.6
2026-02-25 00:45:00,1771980300000,3.132,3.135,3.119,3.126,67423.7
2026-02-25 01:00:00,1771981200000,3.126,3.24,3.126,3.231,295986.9
2026-02-25 01:15:00,1771982100000,3.231,3.27,3.213,3.24,184880.2
2026-02-25 01:30:00,1771983000000,3.24,3.24,3.212,3.213,81549.6
2026-02-25 01:45:00,1771983900000,3.213,3.216,3.199,3.207,86615.3
2026-02-25 02:00:00,1771984800000,3.207,3.248,3.201,3.241,125414.8
2026-02-25 02:15:00,1771985700000,3.241,3.26,3.228,3.26,53851.4
2026-02-25 02:30:00,1771986600000,3.26,3.265,3.219,3.23,85619.3
2026-02-25 02:45:00,1771987500000,3.23,3.232,3.213,3.214,37150.8
2026-02-25 03:00:00,1771988400000,3.214,3.216,3.186,3.201,65497.1
2026-02-25 03:15:00,1771989300000,3.201,3.201,3.171,3.181,51010.4
2026-02-25 03:30:00,1771990200000,3.181,3.196,3.177,3.19,57178.4
2026-02-25 03:45:00,1771991100000,3.19,3.194,3.174,3.176,53897.8
2026-02-25 04:00:00,1771992000000,3.176,3.177,3.152,3.17,115994.5
2026-02-25 04:15:00,1771992900000,3.17,3.176,3.16,3.176,56603.9
2026-02-25 04:30:00,1771993800000,3.176,3.179,3.162,3.177,22293.4
2026-02-25 04:45:00,1771994700000,3.177,3.178,3.162,3.166,35717.5
2026-02-25 05:00:00,1771995600000,3.166,3.167,3.146,3.15,60285.6
2026-02-25 05:15:00,1771996500000,3.15,3.155,3.13,3.132,134665.4
2026-02-25 05:30:00,1771997400000,3.132,3.139,3.113,3.125,69574.7
2026-02-25 05:45:00,1771998300000,3.125,3.143,3.123,3.127,41824.4
2026-02-25 06:00:00,1771999200000,3.127,3.132,3.124,3.128,19494.5
2026-02-25 06:15:00,1772000100000,3.128,3.139,3.122,3.128,18956.4
2026-02-25 06:30:00,1772001000000,3.128,3.147,3.122,3.141,20875.1
2026-02-25 06:45:00,1772001900000,3.141,3.141,3.123,3.126,23211.1
2026-02-25 07:00:00,1772002800000,3.126,3.143,3.124,3.142,34564.9
2026-02-25 07:15:00,1772003700000,3.142,3.147,3.135,3.146,47991.1
2026-02-25 07:30:00,1772004600000,3.146,3.166,3.142,3.159,34216.4
2026-02-25 07:45:00,1772005500000,3.159,3.167,3.156,3.166,12580.0
2026-02-25 08:00:00,1772006400000,3.166,3.176,3.161,3.172,25507.3
2026-02-25 08:15:00,1772007300000,3.172,3.178,3.161,3.167,53962.4
2026-02-25 08:30:00,1772008200000,3.167,3.194,3.167,3.193,24999.3
2026-02-25 08:45:00,1772009100000,3.193,3.205,3.184,3.193,48983.1
2026-02-25 09:00:00,1772010000000,3.193,3.197,3.177,3.188,52609.0
2026-02-25 09:15:00,1772010900000,3.188,3.192,3.179,3.187,24315.0
2026-02-25 09:30:00,1772011800000,3.187,3.189,3.182,3.188,25612.6
2026-02-25 09:45:00,1772012700000,3.188,3.213,3.188,3.209,49139.1
2026-02-25 10:00:00,1772013600000,3.209,3.213,3.198,3.208,53369.3
2026-02-25 10:15:00,1772014500000,3.208,3.214,3.187,3.192,48638.7
2026-02-25 10:30:00,1772015400000,3.192,3.199,3.184,3.184,14584.2
2026-02-25 10:45:00,1772016300000,3.184,3.204,3.182,3.184,33425.2
2026-02-25 11:00:00,1772017200000,3.184,3.184,3.17,3.173,50422.1
2026-02-25 11:15:00,1772018100000,3.173,3.189,3.166,3.18,24656.3
2026-02-25 11:30:00,1772019000000,3.18,3.192,3.174,3.189,24198.1
2026-02-25 11:45:00,1772019900000,3.189,3.206,3.187,3.195,38812.7
2026-02-25 12:00:00,1772020800000,3.195,3.214,3.193,3.198,55250.8
2026-02-25 12:15:00,1772021700000,3.198,3.236,3.188,3.233,54706.7
2026-02-25 12:30:00,1772022600000,3.233,3.242,3.223,3.237,58304.9
2026-02-25 12:45:00,1772023500000,3.237,3.262,3.235,3.253,76952.2
2026-02-25 13:00:00,1772024400000,3.253,3.264,3.241,3.25,86497.7
2026-02-25 13:15:00,1772025300000,3.25,3.268,3.232,3.26,74617.3
2026-02-25 13:30:00,1772026200000,3.26,3.282,3.251,3.252,74110.4
2026-02-25 13:45:00,1772027100000,3.252,3.264,3.238,3.24,51478.2
2026-02-25 14:00:00,1772028000000,3.24,3.255,3.23,3.253,67634.5
2026-02-25 14:15:00,1772028900000,3.253,3.262,3.248,3.261,44195.3
2026-02-25 14:30:00,1772029800000,3.261,3.261,3.231,3.24,114403.7
2026-02-25 14:45:00,1772030700000,3.24,3.286,3.24,3.278,80503.8
2026-02-25 15:00:00,1772031600000,3.278,3.296,3.271,3.282,77741.1
2026-02-25 15:15:00,1772032500000,3.282,3.303,3.281,3.285,80615.7
2026-02-25 15:30:00,1772033400000,3.285,3.345,3.281,3.337,180686.8
2026-02-25 15:45:00,1772034300000,3.337,3.341,3.298,3.31,82800.6
2026-02-25 16:00:00,1772035200000,3.31,3.333,3.304,3.323,100408.8
2026-02-25 16:15:00,1772036100000,3.323,3.343,3.309,3.334,74770.3
2026-02-25 16:30:00,1772037000000,3.334,3.336,3.294,3.313,54232.3
2026-02-25 16:45:00,1772037900000,3.313,3.33,3.31,3.325,25222.7
2026-02-25 17:00:00,1772038800000,3.325,3.34,3.31,3.323,85899.5
2026-02-25 17:15:00,1772039700000,3.323,3.336,3.318,3.327,35353.4
2026-02-25 17:30:00,1772040600000,3.327,3.331,3.308,3.311,67420.3
2026-02-25 17:45:00,1772041500000,3.311,3.321,3.303,3.308,36162.7
2026-02-25 18:00:00,1772042400000,3.308,3.311,3.28,3.308,89761.6
2026-02-25 18:15:00,1772043300000,3.308,3.325,3.291,3.319,36077.6
2026-02-25 18:30:00,1772044200000,3.319,3.328,3.309,3.323,14983.0
2026-02-25 18:45:00,1772045100000,3.323,3.326,3.312,3.319,47807.9
2026-02-25 19:00:00,1772046000000,3.319,3.334,3.307,3.333,43479.7
2026-02-25 19:15:00,1772046900000,3.333,3.346,3.328,3.333,14000.5
2026-02-25 19:30:00,1772047800000,3.333,3.34,3.316,3.339,38779.6
2026-02-25 19:45:00,1772048700000,3.339,3.356,3.331,3.352,41525.1
2026-02-25 20:00:00,1772049600000,3.352,3.361,3.331,3.332,53628.2
2026-02-25 20:15:00,1772050500000,3.332,3.351,3.324,3.342,25886.2
2026-02-25 20:30:00,1772051400000,3.342,3.369,3.338,3.351,44234.4
2026-02-25 20:45:00,1772052300000,3.351,3.358,3.328,3.334,63763.0
2026-02-25 21:00:00,1772053200000,3.334,3.337,3.317,3.319,20497.7
2026-02-25 21:15:00,1772054100000,3.319,3.335,3.318,3.326,12859.2
2026-02-25 21:30:00,1772055000000,3.326,3.407,3.322,3.365,157380.9
2026-02-25 21:45:00,1772055900000,3.365,3.368,3.341,3.35,63745.5
2026-02-25 22:00:00,1772056800000,3.35,3.372,3.35,3.37,38586.3
2026-02-25 22:15:00,1772057700000,3.37,3.376,3.339,3.344,20497.3
2026-02-25 22:30:00,1772058600000,3.344,3.344,3.311,3.312,30437.1
2026-02-25 22:45:00,1772059500000,3.312,3.323,3.285,3.3,53139.1
2026-02-25 23:00:00,1772060400000,3.3,3.303,3.285,3.296,33373.9
2026-02-25 23:15:00,1772061300000,3.296,3.296,3.263,3.266,70878.3
2026-02-25 23:30:00,1772062200000,3.266,3.266,3.207,3.212,142723.9
2026-02-25 23:45:00,1772063100000,3.212,3.265,3.211,3.254,80144.7
2026-02-26 00:00:00,1772064000000,3.254,3.254,3.23,3.244,49176.9
2026-02-26 00:15:00,1772064900000,3.244,3.261,3.239,3.247,29776.8
2026-02-26 00:30:00,1772065800000,3.247,3.256,3.208,3.228,45968.6
2026-02-26 00:45:00,1772066700000,3.228,3.241,3.219,3.237,19079.7
2026-02-26 01:00:00,1772067600000,3.237,3.257,3.22,3.251,26752.2
2026-02-26 01:15:00,1772068500000,3.251,3.251,3.236,3.242,18911.7
2026-02-26 01:30:00,1772069400000,3.242,3.253,3.229,3.231,58763.9
2026-02-26 01:45:00,1772070300000,3.231,3.246,3.226,3.234,42875.0
2026-02-26 02:00:00,1772071200000,3.234,3.238,3.219,3.224,29057.5
2026-02-26 02:15:00,1772072100000,3.224,3.252,3.223,3.233,19532.0
2026-02-26 02:30:00,1772073000000,3.233,3.255,3.233,3.247,32585.5
2026-02-26 02:45:00,1772073900000,3.247,3.261,3.239,3.256,17831.6
2026-02-26 03:00:00,1772074800000,3.256,3.262,3.239,3.245,29982.6
2026-02-26 03:15:00,1772075700000,3.245,3.247,3.236,3.244,6807.8
2026-02-26 03:30:00,1772076600000,3.244,3.256,3.242,3.254,12500.3
2026-02-26 03:45:00,1772077500000,3.254,3.261,3.248,3.25,6522.3
2026-02-26 04:00:00,1772078400000,3.25,3.269,3.24,3.254,26618.9
2026-02-26 04:15:00,1772079300000,3.254,3.277,3.249,3.27,28588.8
2026-02-26 04:30:00,1772080200000,3.27,3.284,3.265,3.27,22102.8
2026-02-26 04:45:00,1772081100000,3.27,3.271,3.255,3.256,15258.2
2026-02-26 05:00:00,1772082000000,3.256,3.256,3.204,3.211,50772.3
2026-02-26 05:15:00,1772082900000,3.211,3.217,3.192,3.214,83584.2
2026-02-26 05:30:00,1772083800000,3.214,3.217,3.202,3.211,7774.7
2026-02-26 05:45:00,1772084700000,3.211,3.223,3.207,3.219,26629.4
2026-02-26 06:00:00,1772085600000,3.219,3.239,3.206,3.226,33550.2
2026-02-26 06:15:00,1772086500000,3.226,3.231,3.21,3.214,8187.8
2026-02-26 06:30:00,1772087400000,3.214,3.227,3.209,3.219,14975.4
2026-02-26 06:45:00,1772088300000,3.219,3.222,3.206,3.213,23632.5
2026-02-26 07:00:00,1772089200000,3.213,3.226,3.208,3.217,38561.1
2026-02-26 07:15:00,1772090100000,3.217,3.219,3.208,3.214,13430.4
2026-02-26 07:30:00,1772091000000,3.214,3.216,3.199,3.201,25880.7
2026-02-26 07:45:00,1772091900000,3.201,3.21,3.199,3.206,13145.9
2026-02-26 08:00:00,1772092800000,3.206,3.215,3.202,3.21,36742.8
2026-02-26 08:15:00,1772093700000,3.21,3.224,3.208,3.22,18292.3
2026-02-26 08:30:00,1772094600000,3.22,3.224,3.212,3.217,15742.7
2026-02-26 08:45:00,1772095500000,3.217,3.234,3.202,3.202,54092.3
2026-02-26 09:00:00,1772096400000,3.202,3.24,3.197,3.229,63978.3
2026-02-26 09:15:00,1772097300000,3.229,3.231,3.22,3.221,15638.6
2026-02-26 09:30:00,1772098200000,3.221,3.242,3.219,3.23,12617.8
2026-02-26 09:45:00,1772099100000,3.23,3.24,3.227,3.232,58996.9
2026-02-26 10:00:00,1772100000000,3.232,3.25,3.226,3.229,31530.2
2026-02-26 10:15:00,1772100900000,3.229,3.235,3.219,3.223,14000.6
2026-02-26 10:30:00,1772101800000,3.223,3.228,3.215,3.219,23949.1
2026-02-26 10:45:00,1772102700000,3.219,3.22,3.199,3.203,39772.1
2026-02-26 11:00:00,1772103600000,3.203,3.213,3.202,3.212,15624.6
2026-02-26 11:15:00,1772104500000,3.212,3.212,3.193,3.198,31008.2
2026-02-26 11:30:00,1772105400000,3.198,3.207,3.197,3.204,12145.6
2026-02-26 11:45:00,1772106300000,3.204,3.205,3.182,3.191,48952.2
2026-02-26 12:00:00,1772107200000,3.191,3.197,3.188,3.19,9401.3
2026-02-26 12:15:00,1772108100000,3.19,3.2,3.186,3.199,15748.5
2026-02-26 12:30:00,1772109000000,3.199,3.211,3.196,3.2,10448.4
2026-02-26 12:45:00,1772109900000,3.2,3.211,3.196,3.205,11450.9
2026-02-26 13:00:00,1772110800000,3.205,3.206,3.189,3.191,22688.4
2026-02-26 13:15:00,1772111700000,3.191,3.206,3.19,3.205,12276.9
2026-02-26 13:30:00,1772112600000,3.205,3.205,3.194,3.198,15146.7
2026-02-26 13:45:00,1772113500000,3.198,3.203,3.179,3.188,36983.3
2026-02-26 14:00:00,1772114400000,3.188,3.206,3.175,3.197,34270.3
2026-02-26 14:15:00,1772115300000,3.197,3.206,3.189,3.199,20770.6
2026-02-26 14:30:00,1772116200000,3.199,3.215,3.18,3.193,64978.8
2026-02-26 14:45:00,1772117100000,3.193,3.215,3.174,3.206,99914.6
2026-02-26 15:00:00,1772118000000,3.206,3.207,3.175,3.186,64336.9
2026-02-26 15:15:00,1772118900000,3.186,3.199,3.152,3.173,125748.4
2026-02-26 15:30:00,1772119800000,3.173,3.204,3.164,3.197,58683.7
2026-02-26 15:45:00,1772120700000,3.197,3.207,3.177,3.184,31698.6
2026-02-26 16:00:00,1772121600000,3.184,3.186,3.141,3.149,75477.7
2026-02-26 16:15:00,1772122500000,3.149,3.169,3.146,3.162,39129.2
2026-02-26 16:30:00,1772123400000,3.162,3.163,3.129,3.15,82993.1
2026-02-26 16:45:00,1772124300000,3.15,3.151,3.089,3.104,221108.9
2026-02-26 17:00:00,1772125200000,3.104,3.135,3.102,3.124,40952.4
2026-02-26 17:15:00,1772126100000,3.124,3.138,3.118,3.122,48196.8
2026-02-26 17:30:00,1772127000000,3.122,3.131,3.106,3.111,36321.4
2026-02-26 17:45:00,1772127900000,3.111,3.116,3.099,3.106,36164.0
2026-02-26 18:00:00,1772128800000,3.106,3.117,3.101,3.114,154626.4
2026-02-26 18:15:00,1772129700000,3.114,3.129,3.106,3.123,47930.7
2026-02-26 18:30:00,1772130600000,3.123,3.161,3.123,3.156,87458.2
2026-02-26 18:45:00,1772131500000,3.156,3.159,3.15,3.154,18937.3
2026-02-26 19:00:00,1772132400000,3.154,3.2,3.153,3.181,118688.2
2026-02-26 19:15:00,1772133300000,3.181,3.191,3.175,3.178,37046.9
2026-02-26 19:30:00,1772134200000,3.178,3.182,3.171,3.174,16773.2
2026-02-26 19:45:00,1772135100000,3.174,3.196,3.174,3.188,51399.9
2026-02-26 20:00:00,1772136000000,3.188,3.204,3.182,3.182,24708.3
2026-02-26 20:15:00,1772136900000,3.182,3.191,3.179,3.18,17436.5
2026-02-26 20:30:00,1772137800000,3.18,3.182,3.164,3.172,17639.6
2026-02-26 20:45:00,1772138700000,3.172,3.173,3.161,3.162,11179.6
2026-02-26 21:00:00,1772139600000,3.162,3.168,3.152,3.166,9738.8
2026-02-26 21:15:00,1772140500000,3.166,3.17,3.161,3.17,6127.8
2026-02-26 21:30:00,1772141400000,3.17,3.171,3.163,3.167,3351.4
2026-02-26 21:45:00,1772142300000,3.167,3.171,3.163,3.169,10851.0
2026-02-26 22:00:00,1772143200000,3.169,3.179,3.167,3.173,11974.0
2026-02-26 22:15:00,1772144100000,3.173,3.174,3.169,3.172,4634.3
2026-02-26 22:30:00,1772145000000,3.172,3.185,3.172,3.178,7980.9
2026-02-26 22:45:00,1772145900000,3.178,3.184,3.177,3.184,4280.7
2026-02-26 23:00:00,1772146800000,3.184,3.196,3.176,3.191,8959.7
2026-02-26 23:15:00,1772147700000,3.191,3.196,3.187,3.191,4761.1
2026-02-26 23:30:00,1772148600000,3.191,3.193,3.188,3.188,4206.6
2026-02-26 23:45:00,1772149500000,3.188,3.192,3.185,3.191,5645.0
2026-02-27 00:00:00,1772150400000,3.191,3.198,3.177,3.179,11054.3
2026-02-27 00:15:00,1772151300000,3.179,3.188,3.176,3.18,14964.4
2026-02-27 00:30:00,1772152200000,3.18,3.181,3.166,3.171,9210.2
2026-02-27 00:45:00,1772153100000,3.171,3.18,3.166,3.175,5340.9
2026-02-27 01:00:00,1772154000000,3.175,3.181,3.164,3.17,14339.6
2026-02-27 01:15:00,1772154900000,3.17,3.199,3.169,3.191,33444.7
2026-02-27 01:30:00,1772155800000,3.191,3.205,3.187,3.196,24396.4
2026-02-27 01:45:00,1772156700000,3.196,3.215,3.194,3.213,15615.2
2026-02-27 02:00:00,1772157600000,3.213,3.232,3.21,3.219,39977.4
2026-02-27 02:15:00,1772158500000,3.219,3.239,3.213,3.225,47861.7
2026-02-27 02:30:00,1772159400000,3.225,3.246,3.222,3.228,28300.0
2026-02-27 02:45:00,1772160300000,3.228,3.274,3.226,3.244,218689.2
2026-02-27 03:00:00,1772161200000,3.244,3.245,3.212,3.212,40642.7
2026-02-27 03:15:00,1772162100000,3.212,3.214,3.197,3.204,24923.4
2026-02-27 03:30:00,1772163000000,3.204,3.219,3.203,3.21,14684.9
2026-02-27 03:45:00,1772163900000,3.21,3.231,3.207,3.223,25045.8
2026-02-27 04:00:00,1772164800000,3.223,3.269,3.222,3.264,74063.8
2026-02-27 04:15:00,1772165700000,3.264,3.269,3.248,3.249,34723.1
2026-02-27 04:30:00,1772166600000,3.249,3.252,3.223,3.227,22990.4
2026-02-27 04:45:00,1772167500000,3.227,3.253,3.227,3.242,24918.2
2026-02-27 05:00:00,1772168400000,3.242,3.249,3.231,3.233,29262.5
2026-02-27 05:15:00,1772169300000,3.233,3.233,3.217,3.228,28951.3
2026-02-27 05:30:00,1772170200000,3.228,3.241,3.227,3.237,11677.2
2026-02-27 05:45:00,1772171100000,3.237,3.245,3.23,3.231,10117.5
2026-02-27 06:00:00,1772172000000,3.231,3.236,3.224,3.227,14520.9
2026-02-27 06:15:00,1772172900000,3.227,3.232,3.222,3.23,11561.8
2026-02-27 06:30:00,1772173800000,3.23,3.246,3.225,3.241,15566.0
2026-02-27 06:45:00,1772174700000,3.241,3.249,3.241,3.243,14716.1
2026-02-27 07:00:00,1772175600000,3.243,3.252,3.235,3.244,14919.2
2026-02-27 07:15:00,1772176500000,3.244,3.248,3.236,3.24,8563.9
2026-02-27 07:30:00,1772177400000,3.24,3.257,3.239,3.256,37893.2
2026-02-27 07:45:00,1772178300000,3.256,3.267,3.253,3.264,33094.3
2026-02-27 08:00:00,1772179200000,3.264,3.281,3.261,3.263,38534.6
2026-02-27 08:15:00,1772180100000,3.263,3.273,3.256,3.273,27205.0
2026-02-27 08:30:00,1772181000000,3.273,3.282,3.258,3.276,21616.3
2026-02-27 08:45:00,1772181900000,3.276,3.286,3.271,3.284,64608.7
2026-02-27 09:00:00,1772182800000,3.284,3.291,3.275,3.283,73545.1
2026-02-27 09:15:00,1772183700000,3.283,3.285,3.27,3.275,35046.2
2026-02-27 09:30:00,1772184600000,3.275,3.28,3.263,3.267,20317.4
2026-02-27 09:45:00,1772185500000,3.267,3.27,3.247,3.26,67833.8
2026-02-27 10:00:00,1772186400000,3.26,3.264,3.221,3.223,66949.9
2026-02-27 10:15:00,1772187300000,3.223,3.242,3.217,3.23,54143.8
2026-02-27 10:30:00,1772188200000,3.23,3.25,3.227,3.243,30347.0
2026-02-27 10:45:00,1772189100000,3.243,3.249,3.208,3.216,30300.8
2026-02-27 11:00:00,1772190000000,3.216,3.222,3.21,3.215,14668.4
2026-02-27 11:15:00,1772190900000,3.215,3.228,3.2,3.211,30846.7
2026-02-27 11:30:00,1772191800000,3.211,3.211,3.16,3.165,66177.3
2026-02-27 11:45:00,1772192700000,3.165,3.182,3.163,3.168,26484.3
2026-02-27 12:00:00,1772193600000,3.168,3.17,3.152,3.162,29081.1
2026-02-27 12:15:00,1772194500000,3.162,3.176,3.153,3.161,11418.7
2026-02-27 12:30:00,1772195400000,3.161,3.168,3.145,3.152,25019.8
2026-02-27 12:45:00,1772196300000,3.152,3.159,3.145,3.159,55591.3
2026-02-27 13:00:00,1772197200000,3.159,3.177,3.158,3.166,16691.3
2026-02-27 13:15:00,1772198100000,3.166,3.172,3.143,3.146,16366.0
2026-02-27 13:30:00,1772199000000,3.146,3.146,3.114,3.138,202195.4
2026-02-27 13:45:00,1772199900000,3.138,3.153,3.133,3.146,34156.2
2026-02-27 14:00:00,1772200800000,3.146,3.15,3.137,3.148,20841.4
2026-02-27 14:15:00,1772201700000,3.148,3.148,3.127,3.134,35022.6
2026-02-27 14:30:00,1772202600000,3.134,3.163,3.132,3.15,76840.8
2026-02-27 14:45:00,1772203500000,3.15,3.158,3.126,3.134,35690.8
2026-02-27 15:00:00,1772204400000,3.134,3.156,3.13,3.133,58357.2
2026-02-27 15:15:00,1772205300000,3.133,3.145,3.124,3.133,28841.2
2026-02-27 15:30:00,1772206200000,3.133,3.135,3.108,3.124,39565.3
2026-02-27 15:45:00,1772207100000,3.124,3.137,3.117,3.129,27376.6
2026-02-27 16:00:00,1772208000000,3.129,3.129,3.094,3.106,173562.5
2026-02-27 16:15:00,1772208900000,3.106,3.127,3.105,3.118,43334.3
2026-02-27 16:30:00,1772209800000,3.118,3.132,3.114,3.119,19456.8
2026-02-27 16:45:00,1772210700000,3.119,3.123,3.104,3.11,13914.6
2026-02-27 17:00:00,1772211600000,3.11,3.114,3.091,3.095,35564.8
2026-02-27 17:15:00,1772212500000,3.095,3.1,3.082,3.084,68045.0
2026-02-27 17:30:00,1772213400000,3.084,3.113,3.074,3.106,69480.3
2026-02-27 17:45:00,1772214300000,3.106,3.131,3.101,3.128,48122.0
2026-02-27 18:00:00,1772215200000,3.128,3.136,3.12,3.125,30173.5
2026-02-27 18:15:00,1772216100000,3.125,3.131,3.11,3.12,32825.2
2026-02-27 18:30:00,1772217000000,3.12,3.129,3.109,3.116,19576.8
2026-02-27 18:45:00,1772217900000,3.116,3.118,3.095,3.095,31035.7
2026-02-27 19:00:00,1772218800000,3.095,3.096,3.072,3.076,51131.1
2026-02-27 19:15:00,1772219700000,3.076,3.089,3.072,3.08,32608.7
2026-02-27 19:30:00,1772220600000,3.08,3.091,3.055,3.066,69822.7
2026-02-27 19:45:00,1772221500000,3.066,3.079,3.062,3.071,26455.3
2026-02-27 20:00:00,1772222400000,3.071,3.085,3.071,3.082,19785.0
2026-02-27 20:15:00,1772223300000,3.082,3.085,3.075,3.076,12929.1
2026-02-27 20:30:00,1772224200000,3.076,3.082,3.075,3.08,7882.5
2026-02-27 20:45:00,1772225100000,3.08,3.086,3.075,3.077,7796.8
2026-02-27 21:00:00,1772226000000,3.077,3.088,3.074,3.079,24311.7
2026-02-27 21:15:00,1772226900000,3.079,3.083,3.071,3.073,11642.9
2026-02-27 21:30:00,1772227800000,3.073,3.073,3.056,3.064,27222.8
2026-02-27 21:45:00,1772228700000,3.064,3.066,3.05,3.06,28183.7
2026-02-27 22:00:00,1772229600000,3.06,3.066,3.054,3.058,14917.2
2026-02-27 22:15:00,1772230500000,3.058,3.066,3.039,3.041,11432.9
2026-02-27 22:30:00,1772231400000,3.041,3.055,3.009,3.053,72214.3
2026-02-27 22:45:00,1772232300000,3.053,3.058,3.049,3.058,17825.0
2026-02-27 23:00:00,1772233200000,3.058,3.071,3.053,3.063,35771.7
2026-02-27 23:15:00,1772234100000,3.063,3.069,3.057,3.067,19293.0
2026-02-27 23:30:00,1772235000000,3.067,3.089,3.067,3.076,32412.8
2026-02-27 23:45:00,1772235900000,3.076,3.082,3.074,3.078,9994.3
2026-02-28 00:00:00,1772236800000,3.078,3.083,3.071,3.079,17377.9
2026-02-28 00:15:00,1772237700000,3.079,3.082,3.067,3.08,14385.8
2026-02-28 00:30:00,1772238600000,3.08,3.092,3.08,3.092,14965.3
2026-02-28 00:45:00,1772239500000,3.092,3.1,3.088,3.099,23018.1
2026-02-28 01:00:00,1772240400000,3.099,3.109,3.098,3.102,12263.2
2026-02-28 01:15:00,1772241300000,3.102,3.103,3.089,3.089,11772.7
2026-02-28 01:30:00,1772242200000,3.089,3.091,3.079,3.088,14889.3
2026-02-28 01:45:00,1772243100000,3.088,3.096,3.085,3.085,3384.1
2026-02-28 02:00:00,1772244000000,3.085,3.085,3.073,3.083,4997.1
2026-02-28 02:15:00,1772244900000,3.083,3.091,3.08,3.088,8387.0
2026-02-28 02:30:00,1772245800000,3.088,3.097,3.086,3.086,11607.3
2026-02-28 02:45:00,1772246700000,3.086,3.09,3.081,3.082,10088.0
2026-02-28 03:00:00,1772247600000,3.082,3.083,3.077,3.077,6763.2
2026-02-28 03:15:00,1772248500000,3.077,3.086,3.073,3.075,7494.0
2026-02-28 03:30:00,1772249400000,3.075,3.075,3.06,3.063,17966.1
2026-02-28 03:45:00,1772250300000,3.063,3.072,3.06,3.064,4745.9
2026-02-28 04:00:00,1772251200000,3.064,3.064,3.056,3.059,5230.8
2026-02-28 04:15:00,1772252100000,3.059,3.065,3.052,3.054,13233.5
2026-02-28 04:30:00,1772253000000,3.054,3.056,3.038,3.055,19549.3
2026-02-28 04:45:00,1772253900000,3.055,3.058,3.047,3.05,5681.5
2026-02-28 05:00:00,1772254800000,3.05,3.053,3.047,3.053,2683.3
2026-02-28 05:15:00,1772255700000,3.053,3.053,3.035,3.036,14546.9
2026-02-28 05:30:00,1772256600000,3.036,3.037,3.019,3.027,61581.3
2026-02-28 05:45:00,1772257500000,3.027,3.035,3.026,3.035,8049.6
2026-02-28 06:00:00,1772258400000,3.035,3.035,3.022,3.022,19680.8
2026-02-28 06:15:00,1772259300000,3.022,3.026,2.958,2.973,305012.0
2026-02-28 06:30:00,1772260200000,2.973,2.978,2.913,2.952,289467.0
2026-02-28 06:45:00,1772261100000,2.952,2.954,2.888,2.898,155623.1
2026-02-28 07:00:00,1772262000000,2.898,2.936,2.88,2.928,132898.8
2026-02-28 07:15:00,1772262900000,2.928,2.938,2.902,2.906,35588.5
2026-02-28 07:30:00,1772263800000,2.906,2.976,2.905,2.964,87619.5
2026-02-28 07:45:00,1772264700000,2.964,2.964,2.93,2.932,37487.1
2026-02-28 08:00:00,1772265600000,2.932,2.932,2.908,2.909,27696.0
2026-02-28 08:15:00,1772266500000,2.909,2.918,2.881,2.898,99402.2
2026-02-28 08:30:00,1772267400000,2.898,2.909,2.887,2.896,45317.9
2026-02-28 08:45:00,1772268300000,2.896,2.901,2.883,2.887,22191.2
2026-02-28 09:00:00,1772269200000,2.887,2.913,2.882,2.906,46596.7
2026-02-28 09:15:00,1772270100000,2.906,2.913,2.895,2.908,59434.6
2026-02-28 09:30:00,1772271000000,2.908,2.908,2.884,2.886,38782.9
2026-02-28 09:45:00,1772271900000,2.886,2.89,2.867,2.883,106542.6
2026-02-28 10:00:00,1772272800000,2.883,2.883,2.864,2.87,62043.9
2026-02-28 10:15:00,1772273700000,2.87,2.891,2.869,2.884,39356.5
2026-02-28 10:30:00,1772274600000,2.884,2.973,2.883,2.905,569469.2
2026-02-28 10:45:00,1772275500000,2.905,2.914,2.894,2.909,86835.3
2026-02-28 11:00:00,1772276400000,2.909,2.949,2.908,2.945,213080.9
2026-02-28 11:15:00,1772277300000,2.945,2.948,2.929,2.934,68275.7
2026-02-28 11:30:00,1772278200000,2.934,2.948,2.933,2.938,28927.5
2026-02-28 11:45:00,1772279100000,2.938,2.938,2.911,2.913,56305.9
2026-02-28 12:00:00,1772280000000,2.913,2.919,2.906,2.919,50725.9
2026-02-28 12:15:00,1772280900000,2.919,2.924,2.912,2.923,33557.1
2026-02-28 12:30:00,1772281800000,2.923,2.939,2.923,2.931,43879.4
2026-02-28 12:45:00,1772282700000,2.931,2.933,2.915,2.926,34557.6
2026-02-28 13:00:00,1772283600000,2.926,2.939,2.923,2.934,35771.0
2026-02-28 13:15:00,1772284500000,2.934,2.939,2.91,2.913,36895.3
2026-02-28 13:30:00,1772285400000,2.913,2.918,2.901,2.91,26008.0
2026-02-28 13:45:00,1772286300000,2.91,2.985,2.91,2.982,268885.1
2026-02-28 14:00:00,1772287200000,2.982,2.999,2.96,2.969,110573.6
2026-02-28 14:15:00,1772288100000,2.969,2.978,2.961,2.97,39773.7
2026-02-28 14:30:00,1772289000000,2.97,2.984,2.954,2.978,38941.8
2026-02-28 14:45:00,1772289900000,2.978,2.986,2.951,2.96,72903.6
2026-02-28 15:00:00,1772290800000,2.96,2.967,2.933,2.935,36093.8
2026-02-28 15:15:00,1772291700000,2.935,2.969,2.935,2.966,158001.8
2026-02-28 15:30:00,1772292600000,2.966,2.973,2.956,2.957,100915.0
2026-02-28 15:45:00,1772293500000,2.957,2.961,2.95,2.955,16663.4
2026-02-28 16:00:00,1772294400000,2.955,2.955,2.939,2.943,15332.2
2026-02-28 16:15:00,1772295300000,2.943,2.943,2.935,2.942,20259.8
2026-02-28 16:30:00,1772296200000,2.942,2.95,2.93,2.947,37537.0
2026-02-28 16:45:00,1772297100000,2.947,2.959,2.938,2.958,22032.1
2026-02-28 17:00:00,1772298000000,2.958,2.959,2.936,2.938,38811.8
2026-02-28 17:15:00,1772298900000,2.938,2.946,2.93,2.944,21149.5
2026-02-28 17:30:00,1772299800000,2.944,2.946,2.923,2.931,58926.3
2026-02-28 17:45:00,1772300700000,2.931,2.966,2.925,2.961,42937.2
2026-02-28 18:00:00,1772301600000,2.961,2.968,2.954,2.956,17709.2
2026-02-28 18:15:00,1772302500000,2.956,2.959,2.946,2.952,16272.4
2026-02-28 18:30:00,1772303400000,2.952,2.999,2.952,2.994,67125.9
2026-02-28 18:45:00,1772304300000,2.994,3.025,2.994,3.01,60592.4
2026-02-28 19:00:00,1772305200000,3.01,3.013,2.986,2.99,65865.2
2026-02-28 19:15:00,1772306100000,2.99,2.999,2.985,2.989,30813.0
2026-02-28 19:30:00,1772307000000,2.989,3.053,2.987,3.032,90376.2
2026-02-28 19:45:00,1772307900000,3.032,3.05,3.022,3.032,31875.2
2026-02-28 20:00:00,1772308800000,3.032,3.061,3.024,3.058,17761.3
2026-02-28 20:15:00,1772309700000,3.058,3.085,3.045,3.076,89986.3
2026-02-28 20:30:00,1772310600000,3.076,3.079,3.054,3.072,20806.0
2026-02-28 20:45:00,1772311500000,3.072,3.099,3.071,3.093,45753.0
2026-02-28 21:00:00,1772312400000,3.093,3.095,3.054,3.066,43023.3
2026-02-28 21:15:00,1772313300000,3.066,3.066,3.049,3.058,23780.7
2026-02-28 21:30:00,1772314200000,3.058,3.085,3.053,3.071,47846.6
2026-02-28 21:45:00,1772315100000,3.071,3.082,3.068,3.075,14706.1
2026-02-28 22:00:00,1772316000000,3.075,3.099,3.075,3.095,19487.1
2026-02-28 22:15:00,1772316900000,3.095,3.108,3.093,3.103,15208.6
2026-02-28 22:30:00,1772317800000,3.103,3.137,3.101,3.127,87905.7
2026-02-28 22:45:00,1772318700000,3.127,3.14,3.123,3.129,41338.9
2026-02-28 23:00:00,1772319600000,3.129,3.131,3.107,3.109,20966.6
2026-02-28 23:15:00,1772320500000,3.109,3.115,3.105,3.114,31773.1
2026-02-28 23:30:00,1772321400000,3.114,3.115,3.098,3.11,19147.1
2026-02-28 23:45:00,1772322300000,3.11,3.123,3.11,3.12,28890.2
2026-03-01 00:00:00,1772323200000,3.12,3.128,3.1,3.103,34386.0
2026-03-01 00:15:00,1772324100000,3.103,3.11,3.096,3.096,18208.0
2026-03-01 00:30:00,1772325000000,3.096,3.1,3.076,3.09,22715.2
2026-03-01 00:45:00,1772325900000,3.09,3.094,3.08,3.08,18112.3
2026-03-01 01:00:00,1772326800000,3.08,3.08,3.058,3.062,49451.1
2026-03-01 01:15:00,1772327700000,3.062,3.086,3.054,3.084,46493.7
2026-03-01 01:30:00,1772328600000,3.084,3.111,3.082,3.109,47751.6
2026-03-01 01:45:00,1772329500000,3.109,3.171,3.109,3.142,118264.3
2026-03-01 02:00:00,1772330400000,3.142,3.208,3.142,3.177,158865.5
2026-03-01 02:15:00,1772331300000,3.177,3.191,3.156,3.167,32112.3
2026-03-01 02:30:00,1772332200000,3.167,3.175,3.157,3.171,16294.4
2026-03-01 02:45:00,1772333100000,3.171,3.175,3.157,3.158,19150.3
2026-03-01 03:00:00,1772334000000,3.158,3.159,3.137,3.139,24668.7
2026-03-01 03:15:00,1772334900000,3.139,3.141,3.115,3.123,12924.7
2026-03-01 03:30:00,1772335800000,3.123,3.123,3.112,3.12,14102.0
2026-03-01 03:45:00,1772336700000,3.12,3.122,3.097,3.108,41743.2
2026-03-01 04:00:00,1772337600000,3.108,3.116,3.089,3.091,51353.3
2026-03-01 04:15:00,1772338500000,3.091,3.094,3.073,3.094,46692.6
2026-03-01 04:30:00,1772339400000,3.094,3.114,3.092,3.107,19985.9
2026-03-01 04:45:00,1772340300000,3.107,3.113,3.102,3.104,6269.3
2026-03-01 05:00:00,1772341200000,3.104,3.117,3.101,3.104,28280.2
2026-03-01 05:15:00,1772342100000,3.104,3.122,3.104,3.114,5042.0
2026-03-01 05:30:00,1772343000000,3.114,3.116,3.109,3.11,9101.6
2026-03-01 05:45:00,1772343900000,3.11,3.118,3.11,3.114,4788.4
2026-03-01 06:00:00,1772344800000,3.114,3.115,3.085,3.093,39333.2
2026-03-01 06:15:00,1772345700000,3.093,3.111,3.093,3.103,29200.1
2026-03-01 06:30:00,1772346600000,3.103,3.107,3.083,3.096,19875.1
2026-03-01 06:45:00,1772347500000,3.096,3.106,3.09,3.102,34165.2
2026-03-01 07:00:00,1772348400000,3.102,3.112,3.091,3.105,21220.9
2026-03-01 07:15:00,1772349300000,3.105,3.12,3.1,3.113,9149.9
2026-03-01 07:30:00,1772350200000,3.113,3.129,3.105,3.124,15602.8
2026-03-01 07:45:00,1772351100000,3.124,3.134,3.119,3.123,9079.0
2026-03-01 08:00:00,1772352000000,3.123,3.125,3.101,3.113,9117.6
2026-03-01 08:15:00,1772352900000,3.113,3.12,3.11,3.112,12497.9
2026-03-01 08:30:00,1772353800000,3.112,3.114,3.108,3.109,13670.4
2026-03-01 08:45:00,1772354700000,3.109,3.11,3.069,3.077,59797.2
2026-03-01 09:00:00,1772355600000,3.077,3.095,3.067,3.087,16743.1
2026-03-01 09:15:00,1772356500000,3.087,3.101,3.079,3.083,16823.5
2026-03-01 09:30:00,1772357400000,3.083,3.084,3.057,3.061,28907.8
2026-03-01 09:45:00,1772358300000,3.061,3.065,3.056,3.061,17066.4
2026-03-01 10:00:00,1772359200000,3.061,3.076,3.042,3.066,64243.0
2026-03-01 10:15:00,1772360100000,3.066,3.066,3.056,3.058,8883.1
2026-03-01 10:30:00,1772361000000,3.058,3.077,3.056,3.063,33898.5
2026-03-01 10:45:00,1772361900000,3.063,3.067,3.06,3.062,6272.8
2026-03-01 11:00:00,1772362800000,3.062,3.072,3.062,3.065,9832.6
2026-03-01 11:15:00,1772363700000,3.065,3.073,3.065,3.07,10783.6
2026-03-01 11:30:00,1772364600000,3.07,3.072,3.06,3.06,6058.7
2026-03-01 11:45:00,1772365500000,3.06,3.065,3.059,3.063,4993.2
2026-03-01 12:00:00,1772366400000,3.063,3.069,3.06,3.06,12730.3
2026-03-01 12:15:00,1772367300000,3.06,3.068,3.058,3.058,12491.6
2026-03-01 12:30:00,1772368200000,3.058,3.062,3.047,3.056,15237.5
2026-03-01 12:45:00,1772369100000,3.056,3.056,3.033,3.038,73681.0
2026-03-01 13:00:00,1772370000000,3.038,3.04,3.029,3.032,18006.3
2026-03-01 13:15:00,1772370900000,3.032,3.036,3.015,3.028,72063.9
2026-03-01 13:30:00,1772371800000,3.028,3.031,3.023,3.029,14673.0
2026-03-01 13:45:00,1772372700000,3.029,3.103,3.028,3.079,173758.0
2026-03-01 14:00:00,1772373600000,3.079,3.105,3.074,3.09,44490.0
2026-03-01 14:15:00,1772374500000,3.09,3.092,3.058,3.063,41235.0
2026-03-01 14:30:00,1772375400000,3.063,3.075,3.045,3.049,17621.5
2026-03-01 14:45:00,1772376300000,3.049,3.059,3.045,3.055,8103.0
2026-03-01 15:00:00,1772377200000,3.055,3.063,3.048,3.063,26073.9
2026-03-01 15:15:00,1772378100000,3.063,3.07,3.057,3.061,10531.3
2026-03-01 15:30:00,1772379000000,3.061,3.069,3.049,3.06,24253.0
2026-03-01 15:45:00,1772379900000,3.06,3.065,3.046,3.047,21731.4
2026-03-01 16:00:00,1772380800000,3.047,3.068,3.038,3.061,27839.6
2026-03-01 16:15:00,1772381700000,3.061,3.068,3.047,3.064,4518.4
2026-03-01 16:30:00,1772382600000,3.064,3.068,3.059,3.059,6525.1
2026-03-01 16:45:00,1772383500000,3.059,3.059,3.006,3.031,90742.2
2026-03-01 17:00:00,1772384400000,3.031,3.034,3.019,3.027,18988.0
2026-03-01 17:15:00,1772385300000,3.027,3.027,2.996,3.022,65888.2
2026-03-01 17:30:00,1772386200000,3.022,3.03,3.013,3.024,11717.3
2026-03-01 17:45:00,1772387100000,3.024,3.029,3.014,3.015,19644.9
2026-03-01 18:00:00,1772388000000,3.015,3.052,3.006,3.041,154050.5
2026-03-01 18:15:00,1772388900000,3.041,3.052,3.03,3.032,19067.4
2026-03-01 18:30:00,1772389800000,3.032,3.033,3.021,3.031,12888.9
2026-03-01 18:45:00,1772390700000,3.031,3.032,3.018,3.02,27119.3
2026-03-01 19:00:00,1772391600000,3.02,3.022,3.005,3.006,18989.6
2026-03-01 19:15:00,1772392500000,3.006,3.009,2.992,2.996,36419.5
2026-03-01 19:30:00,1772393400000,2.996,3.007,2.988,2.991,37967.3
2026-03-01 19:45:00,1772394300000,2.991,2.999,2.991,2.994,53677.3
2026-03-01 20:00:00,1772395200000,2.994,2.996,2.959,2.964,72825.0
2026-03-01 20:15:00,1772396100000,2.964,2.97,2.957,2.957,22402.2
2026-03-01 20:30:00,1772397000000,2.957,2.962,2.939,2.948,124964.1
2026-03-01 20:45:00,1772397900000,2.948,2.955,2.941,2.947,42892.4
2026-03-01 21:00:00,1772398800000,2.947,2.967,2.946,2.965,27813.7
2026-03-01 21:15:00,1772399700000,2.965,2.986,2.964,2.984,26215.0
2026-03-01 21:30:00,1772400600000,2.984,2.986,2.972,2.981,19638.2
2026-03-01 21:45:00,1772401500000,2.981,2.983,2.976,2.981,12688.7
2026-03-01 22:00:00,1772402400000,2.981,3.037,2.978,3.011,70380.7
2026-03-01 22:15:00,1772403300000,3.011,3.019,2.992,2.997,16260.7
2026-03-01 22:30:00,1772404200000,2.997,3.001,2.975,2.994,20305.5
2026-03-01 22:45:00,1772405100000,2.994,2.994,2.981,2.982,12512.4
2026-03-01 23:00:00,1772406000000,2.982,3.027,2.977,3.011,72000.4
2026-03-01 23:15:00,1772406900000,3.011,3.011,2.993,2.994,30875.4
2026-03-01 23:30:00,1772407800000,2.994,3.005,2.99,2.999,9361.5
2026-03-01 23:45:00,1772408700000,2.999,3.001,2.992,2.997,9753.2
2026-03-02 00:00:00,1772409600000,2.997,3.018,2.997,3.015,28577.7
2026-03-02 00:15:00,1772410500000,3.015,3.021,3.009,3.021,6975.0
2026-03-02 00:30:00,1772411400000,3.021,3.044,3.015,3.044,25890.5
2026-03-02 00:45:00,1772412300000,3.044,3.053,3.033,3.038,17893.2
2026-03-02 01:00:00,1772413200000,3.038,3.074,3.032,3.064,31583.9
2026-03-02 01:15:00,1772414100000,3.064,3.07,3.038,3.042,21548.5
2026-03-02 01:30:00,1772415000000,3.042,3.054,3.042,3.043,17360.1
2026-03-02 01:45:00,1772415900000,3.043,3.05,3.034,3.041,14315.9
2026-03-02 02:00:00,1772416800000,3.041,3.052,3.01,3.02,71402.8
2026-03-02 02:15:00,1772417700000,3.02,3.027,3.011,3.025,12406.3
2026-03-02 02:30:00,1772418600000,3.025,3.047,3.024,3.037,21341.8
2026-03-02 02:45:00,1772419500000,3.037,3.044,3.026,3.032,10483.1
2026-03-02 03:00:00,1772420400000,3.032,3.045,3.022,3.04,24381.0
2026-03-02 03:15:00,1772421300000,3.04,3.058,3.039,3.054,27251.3
2026-03-02 03:30:00,1772422200000,3.054,3.06,3.045,3.053,36411.8
2026-03-02 03:45:00,1772423100000,3.053,3.061,3.053,3.054,9889.0
2026-03-02 04:00:00,1772424000000,3.054,3.06,3.053,3.056,5334.1
2026-03-02 04:15:00,1772424900000,3.056,3.065,3.05,3.064,14823.5
2026-03-02 04:30:00,1772425800000,3.064,3.068,3.056,3.062,7668.5
2026-03-02 04:45:00,1772426700000,3.062,3.062,3.048,3.053,19778.4
2026-03-02 05:00:00,1772427600000,3.053,3.054,3.026,3.032,25310.7
2026-03-02 05:15:00,1772428500000,3.032,3.042,3.032,3.039,8541.4
2026-03-02 05:30:00,1772429400000,3.039,3.061,3.039,3.057,25398.8
2026-03-02 05:45:00,1772430300000,3.057,3.059,3.032,3.033,18930.1
2026-03-02 06:00:00,1772431200000,3.033,3.033,3.022,3.026,16749.8
2026-03-02 06:15:00,1772432100000,3.026,3.027,2.993,3.011,57342.1
2026-03-02 06:30:00,1772433000000,3.011,3.02,3.007,3.015,19989.0
2026-03-02 06:45:00,1772433900000,3.015,3.015,2.999,3.007,6353.1
2026-03-02 07:00:00,1772434800000,3.007,3.007,2.977,2.986,38311.8
2026-03-02 07:15:00,1772435700000,2.986,3.005,2.98,3.001,28612.7
2026-03-02 07:30:00,1772436600000,3.001,3.015,2.998,3.01,31481.1
2026-03-02 07:45:00,1772437500000,3.01,3.011,3.003,3.004,8771.9
2026-03-02 08:00:00,1772438400000,3.004,3.005,2.975,2.995,77057.5
2026-03-02 08:15:00,1772439300000,2.995,2.999,2.97,2.975,26006.2
2026-03-02 08:30:00,1772440200000,2.975,2.992,2.974,2.989,17126.1
2026-03-02 08:45:00,1772441100000,2.989,3.016,2.986,3.005,47970.8
2026-03-02 09:00:00,1772442000000,3.005,3.029,3.002,3.024,34480.1
2026-03-02 09:15:00,1772442900000,3.024,3.032,3.012,3.012,22669.8
2026-03-02 09:30:00,1772443800000,3.012,3.02,3.009,3.014,7588.1
2026-03-02 09:45:00,1772444700000,3.014,3.014,3.003,3.003,10811.1
2026-03-02 10:00:00,1772445600000,3.003,3.014,2.996,3.002,29225.9
2026-03-02 10:15:00,1772446500000,3.002,3.005,2.995,3.004,13449.1
2026-03-02 10:30:00,1772447400000,3.004,3.007,2.995,3.003,16972.7
2026-03-02 10:45:00,1772448300000,3.003,3.007,2.997,3.007,7293.6
2026-03-02 11:00:00,1772449200000,3.007,3.01,2.998,3.006,27896.1
2026-03-02 11:15:00,1772450100000,3.006,3.015,3.001,3.008,19212.7
2026-03-02 11:30:00,1772451000000,3.008,3.02,3.006,3.016,71824.1
2026-03-02 11:45:00,1772451900000,3.016,3.024,3.007,3.011,22774.8
2026-03-02 12:00:00,1772452800000,3.011,3.019,3.01,3.011,10950.2
2026-03-02 12:15:00,1772453700000,3.011,3.012,2.998,3.003,15969.0
2026-03-02 12:30:00,1772454600000,3.003,3.009,3.0,3.001,8754.3
2026-03-02 12:45:00,1772455500000,3.001,3.006,3.0,3.002,2679.6
2026-03-02 13:00:00,1772456400000,3.002,3.005,2.989,2.996,24816.0
2026-03-02 13:15:00,1772457300000,2.996,3.018,2.996,3.0,26279.7
2026-03-02 13:30:00,1772458200000,3.0,3.015,2.997,3.004,17612.2
2026-03-02 13:45:00,1772459100000,3.004,3.007,2.994,3.0,18584.1
2026-03-02 14:00:00,1772460000000,3.0,3.017,2.997,3.011,27368.6
2026-03-02 14:15:00,1772460900000,3.011,3.017,2.994,3.003,46772.2
2026-03-02 14:30:00,1772461800000,3.003,3.06,3.001,3.056,115850.7
2026-03-02 14:45:00,1772462700000,3.056,3.086,3.046,3.08,96524.2
2026-03-02 15:00:00,1772463600000,3.08,3.125,3.068,3.122,131316.6
2026-03-02 15:15:00,1772464500000,3.122,3.142,3.113,3.125,71675.5
2026-03-02 15:30:00,1772465400000,3.125,3.137,3.102,3.13,92145.3
2026-03-02 15:45:00,1772466300000,3.13,3.136,3.104,3.116,52888.0
2026-03-02 16:00:00,1772467200000,3.116,3.149,3.111,3.141,67222.9
2026-03-02 16:15:00,1772468100000,3.141,3.145,3.121,3.124,76243.4
2026-03-02 16:30:00,1772469000000,3.124,3.136,3.093,3.135,109256.2
2026-03-02 16:45:00,1772469900000,3.135,3.155,3.123,3.124,75904.7
2026-03-02 17:00:00,1772470800000,3.124,3.126,3.101,3.106,33285.1
2026-03-02 17:15:00,1772471700000,3.106,3.114,3.087,3.114,75526.9
2026-03-02 17:30:00,1772472600000,3.114,3.123,3.072,3.076,97251.2
2026-03-02 17:45:00,1772473500000,3.076,3.115,3.071,3.114,39005.9
2026-03-02 18:00:00,1772474400000,3.114,3.119,3.088,3.117,27607.9
2026-03-02 18:15:00,1772475300000,3.117,3.118,3.105,3.106,9562.6
2026-03-02 18:30:00,1772476200000,3.106,3.134,3.103,3.134,29193.1
2026-03-02 18:45:00,1772477100000,3.134,3.15,3.119,3.124,52717.1
2026-03-02 19:00:00,1772478000000,3.124,3.133,3.099,3.111,42168.8
2026-03-02 19:15:00,1772478900000,3.111,3.124,3.109,3.119,18066.6
2026-03-02 19:30:00,1772479800000,3.119,3.135,3.111,3.12,15926.1
2026-03-02 19:45:00,1772480700000,3.12,3.126,3.105,3.111,27422.3
2026-03-02 20:00:00,1772481600000,3.111,3.131,3.082,3.093,38485.2
2026-03-02 20:15:00,1772482500000,3.093,3.105,3.09,3.096,24477.4
2026-03-02 20:30:00,1772483400000,3.096,3.102,3.092,3.102,6284.9
2026-03-02 20:45:00,1772484300000,3.102,3.112,3.097,3.098,12992.9
2026-03-02 21:00:00,1772485200000,3.098,3.1,3.081,3.094,32781.5
2026-03-02 21:15:00,1772486100000,3.094,3.098,3.081,3.096,7366.7
2026-03-02 21:30:00,1772487000000,3.096,3.099,3.088,3.094,23475.6
2026-03-02 21:45:00,1772487900000,3.094,3.098,3.087,3.093,17408.5
2026-03-02 22:00:00,1772488800000,3.093,3.11,3.093,3.108,19558.8
2026-03-02 22:15:00,1772489700000,3.108,3.13,3.105,3.124,37946.0
2026-03-02 22:30:00,1772490600000,3.124,3.131,3.118,3.119,5438.1
2026-03-02 22:45:00,1772491500000,3.119,3.121,3.114,3.119,14237.8
2026-03-02 23:00:00,1772492400000,3.119,3.12,3.101,3.101,14993.8
2026-03-02 23:15:00,1772493300000,3.101,3.108,3.087,3.087,13825.6
2026-03-02 23:30:00,1772494200000,3.087,3.088,3.074,3.078,23035.8
