Open_time,Open_time,Open,High,Low,Close,Volume
2026-03-14 00:00:00,1773446400000,0.2824,0.2824,0.2816,0.2822,39277.3
2026-03-14 00:15:00,1773447300000,0.2822,0.2825,0.2819,0.2823,84605.0
2026-03-14 00:30:00,1773448200000,0.2823,0.2825,0.2812,0.2812,66289.3
2026-03-14 00:45:00,1773449100000,0.2812,0.2818,0.2808,0.2809,45357.8
2026-03-14 01:00:00,1773450000000,0.2809,0.2814,0.2806,0.2806,79330.4
2026-03-14 01:15:00,1773450900000,0.2806,0.2817,0.2806,0.2812,53910.5
2026-03-14 01:30:00,1773451800000,0.2812,0.2816,0.2799,0.2814,171719.4
2026-03-14 01:45:00,1773452700000,0.2814,0.2824,0.2814,0.2822,41758.9
2026-03-14 02:00:00,1773453600000,0.2822,0.2826,0.2819,0.2821,13530.4
2026-03-14 02:15:00,1773454500000,0.2821,0.2821,0.2816,0.2816,10863.2
2026-03-14 02:30:00,1773455400000,0.2816,0.2821,0.2813,0.2816,14165.3
2026-03-14 02:45:00,1773456300000,0.2816,0.2827,0.2815,0.2826,17075.8
2026-03-14 03:00:00,1773457200000,0.2826,0.2837,0.2826,0.2831,21543.5
2026-03-14 03:15:00,1773458100000,0.2831,0.2837,0.283,0.2833,22641.9
2026-03-14 03:30:00,1773459000000,0.2833,0.2833,0.2828,0.2831,30578.3
2026-03-14 03:45:00,1773459900000,0.2831,0.2834,0.283,0.2834,7791.8
2026-03-14 04:00:00,1773460800000,0.2834,0.2834,0.2825,0.2825,38782.8
2026-03-14 04:15:00,1773461700000,0.2825,0.2827,0.2821,0.2826,17491.4
2026-03-14 04:30:00,1773462600000,0.2826,0.2835,0.2825,0.2833,8013.0
2026-03-14 04:45:00,1773463500000,0.2833,0.2834,0.2815,0.2816,48099.4
2026-03-14 05:00:00,1773464400000,0.2816,0.2817,0.2811,0.2811,22201.5
2026-03-14 05:15:00,1773465300000,0.2811,0.2814,0.2809,0.2809,17603.0
2026-03-14 05:30:00,1773466200000,0.2809,0.2809,0.2792,0.2803,111457.3
2026-03-14 05:45:00,1773467100000,0.2803,0.281,0.2803,0.2809,12823.0
2026-03-14 06:00:00,1773468000000,0.2809,0.2809,0.2803,0.2806,8565.8
2026-03-14 06:15:00,1773468900000,0.2806,0.2807,0.2786,0.2788,34324.1
2026-03-14 06:30:00,1773469800000,0.2788,0.2789,0.2777,0.2781,94900.8
2026-03-14 06:45:00,1773470700000,0.2781,0.2798,0.2781,0.2793,27146.7
2026-03-14 07:00:00,1773471600000,0.2793,0.2796,0.2787,0.2794,7168.9
2026-03-14 07:15:00,1773472500000,0.2794,0.2794,0.2788,0.279,3404.7
2026-03-14 07:30:00,1773473400000,0.279,0.2791,0.2779,0.2783,12808.0
2026-03-14 07:45:00,1773474300000,0.2783,0.2787,0.2778,0.2782,30340.0
2026-03-14 08:00:00,1773475200000,0.2782,0.2789,0.2779,0.2788,31451.1
2026-03-14 08:15:00,1773476100000,0.2788,0.279,0.2784,0.2789,11394.7
2026-03-14 08:30:00,1773477000000,0.2789,0.279,0.2785,0.2786,6361.1
2026-03-14 08:45:00,1773477900000,0.2786,0.2786,0.2783,0.2786,5582.3
2026-03-14 09:00:00,1773478800000,0.2786,0.2791,0.2784,0.2786,17623.5
2026-03-14 09:15:00,1773479700000,0.2786,0.279,0.2782,0.2789,23528.9
2026-03-14 09:30:00,1773480600000,0.2789,0.279,0.2781,0.2782,59700.8
2026-03-14 09:45:00,1773481500000,0.2782,0.2782,0.277,0.2777,38797.8
2026-03-14 10:00:00,1773482400000,0.2777,0.2778,0.2772,0.2775,78701.1
2026-03-14 10:15:00,1773483300000,0.2775,0.2775,0.277,0.2774,14538.5
2026-03-14 10:30:00,1773484200000,0.2774,0.2774,0.2769,0.2772,34798.4
2026-03-14 10:45:00,1773485100000,0.2772,0.2774,0.2769,0.2773,60553.6
2026-03-14 11:00:00,1773486000000,0.2773,0.278,0.2772,0.2779,12036.1
2026-03-14 11:15:00,1773486900000,0.2779,0.2784,0.2777,0.2784,21862.4
2026-03-14 11:30:00,1773487800000,0.2784,0.2785,0.2781,0.2783,11755.0
2026-03-14 11:45:00,1773488700000,0.2783,0.2786,0.2778,0.2778,57451.6
2026-03-14 12:00:00,1773489600000,0.2778,0.2785,0.2778,0.2784,99730.7
2026-03-14 12:15:00,1773490500000,0.2784,0.2787,0.2781,0.2781,18217.5
2026-03-14 12:30:00,1773491400000,0.2781,0.2783,0.2774,0.2776,7429.3
2026-03-14 12:45:00,1773492300000,0.2776,0.2781,0.2776,0.2779,40158.2
2026-03-14 13:00:00,1773493200000,0.2779,0.2786,0.2778,0.2786,19408.1
2026-03-14 13:15:00,1773494100000,0.2786,0.2798,0.2786,0.2796,186246.1
2026-03-14 13:30:00,1773495000000,0.2796,0.2809,0.2794,0.2807,176016.0
2026-03-14 13:45:00,1773495900000,0.2807,0.2807,0.2797,0.2798,17918.1
2026-03-14 14:00:00,1773496800000,0.2798,0.2804,0.2791,0.2792,121916.7
2026-03-14 14:15:00,1773497700000,0.2792,0.2799,0.279,0.2798,11426.9
2026-03-14 14:30:00,1773498600000,0.2798,0.2798,0.2783,0.2783,67383.4
2026-03-14 14:45:00,1773499500000,0.2783,0.279,0.2782,0.2785,23454.5
2026-03-14 15:00:00,1773500400000,0.2785,0.2792,0.2785,0.2787,9552.6
2026-03-14 15:15:00,1773501300000,0.2787,0.2789,0.2785,0.2786,6464.0
2026-03-14 15:30:00,1773502200000,0.2786,0.2786,0.2776,0.2778,80399.5
2026-03-14 15:45:00,1773503100000,0.2778,0.2782,0.2777,0.2778,28804.6
2026-03-14 16:00:00,1773504000000,0.2778,0.278,0.2776,0.2779,10605.5
2026-03-14 16:15:00,1773504900000,0.2779,0.2795,0.2779,0.279,78137.6
2026-03-14 16:30:00,1773505800000,0.279,0.2796,0.2789,0.2791,22508.8
2026-03-14 16:45:00,1773506700000,0.2791,0.2798,0.279,0.2796,29296.2
2026-03-14 17:00:00,1773507600000,0.2796,0.2798,0.2791,0.2794,36797.4
2026-03-14 17:15:00,1773508500000,0.2794,0.2795,0.2793,0.2795,5569.6
2026-03-14 17:30:00,1773509400000,0.2795,0.2795,0.2787,0.2792,15236.5
2026-03-14 17:45:00,1773510300000,0.2792,0.2792,0.2786,0.2791,9365.9
2026-03-14 18:00:00,1773511200000,0.2791,0.2791,0.2783,0.2789,15694.0
2026-03-14 18:15:00,1773512100000,0.2789,0.2789,0.2784,0.2784,6199.1
2026-03-14 18:30:00,1773513000000,0.2784,0.2787,0.2784,0.2785,9957.6
2026-03-14 18:45:00,1773513900000,0.2785,0.2786,0.2783,0.2785,14730.1
2026-03-14 19:00:00,1773514800000,0.2785,0.2785,0.2783,0.2785,8890.5
2026-03-14 19:15:00,1773515700000,0.2785,0.2788,0.2781,0.2782,29340.8
2026-03-14 19:30:00,1773516600000,0.2782,0.2785,0.2778,0.2784,4753.3
2026-03-14 19:45:00,1773517500000,0.2784,0.2785,0.2779,0.2779,15100.3
2026-03-14 20:00:00,1773518400000,0.2779,0.2779,0.2768,0.2771,100276.7
2026-03-14 20:15:00,1773519300000,0.2771,0.2774,0.277,0.2773,10661.1
2026-03-14 20:30:00,1773520200000,0.2773,0.2777,0.2771,0.2777,44721.7
2026-03-14 20:45:00,1773521100000,0.2777,0.2778,0.277,0.2772,15747.6
2026-03-14 21:00:00,1773522000000,0.2772,0.2772,0.2768,0.2769,42569.7
2026-03-14 21:15:00,1773522900000,0.2769,0.2774,0.2769,0.2771,9585.8
2026-03-14 21:30:00,1773523800000,0.2771,0.2774,0.2767,0.277,10785.1
2026-03-14 21:45:00,1773524700000,0.277,0.2777,0.277,0.2776,3364.5
2026-03-14 22:00:00,1773525600000,0.2776,0.2778,0.2773,0.2777,13262.1
2026-03-14 22:15:00,1773526500000,0.2777,0.2781,0.2774,0.278,5388.0
2026-03-14 22:30:00,1773527400000,0.278,0.2785,0.2779,0.2785,8116.0
2026-03-14 22:45:00,1773528300000,0.2785,0.2785,0.2778,0.278,7127.4
2026-03-14 23:00:00,1773529200000,0.278,0.2795,0.278,0.2787,75441.5
2026-03-14 23:15:00,1773530100000,0.2787,0.2792,0.2784,0.2788,13602.3
2026-03-14 23:30:00,1773531000000,0.2788,0.2791,0.2787,0.279,2969.3
2026-03-14 23:45:00,1773531900000,0.279,0.2792,0.2788,0.279,6579.6
2026-03-15 00:00:00,1773532800000,0.279,0.279,0.2778,0.2782,52160.5
2026-03-15 00:15:00,1773533700000,0.2782,0.2782,0.2774,0.2776,32170.8
2026-03-15 00:30:00,1773534600000,0.2776,0.2776,0.2767,0.2772,42248.5
2026-03-15 00:45:00,1773535500000,0.2772,0.2772,0.2766,0.2771,10463.5
2026-03-15 01:00:00,1773536400000,0.2771,0.2772,0.2762,0.2769,29840.0
2026-03-15 01:15:00,1773537300000,0.2769,0.2776,0.2769,0.2775,29046.2
2026-03-15 01:30:00,1773538200000,0.2775,0.2779,0.2774,0.2779,24627.7
2026-03-15 01:45:00,1773539100000,0.2779,0.2786,0.2779,0.2782,33543.9
2026-03-15 02:00:00,1773540000000,0.2782,0.2802,0.2782,0.2793,100956.2
2026-03-15 02:15:00,1773540900000,0.2793,0.2794,0.2789,0.2789,12634.0
2026-03-15 02:30:00,1773541800000,0.2789,0.2802,0.2786,0.2802,26464.3
2026-03-15 02:45:00,1773542700000,0.2802,0.2807,0.2797,0.28,41120.7
2026-03-15 03:00:00,1773543600000,0.28,0.2804,0.2791,0.2795,17806.3
2026-03-15 03:15:00,1773544500000,0.2795,0.2795,0.2779,0.2779,70209.6
2026-03-15 03:30:00,1773545400000,0.2779,0.278,0.2773,0.2774,32172.3
2026-03-15 03:45:00,1773546300000,0.2774,0.2774,0.2768,0.2771,59400.0
2026-03-15 04:00:00,1773547200000,0.2771,0.2777,0.277,0.2774,11966.1
2026-03-15 04:15:00,1773548100000,0.2774,0.2774,0.2763,0.2763,15926.8
2026-03-15 04:30:00,1773549000000,0.2763,0.2771,0.276,0.2771,58039.8
2026-03-15 04:45:00,1773549900000,0.2771,0.2775,0.2769,0.2774,31796.9
2026-03-15 05:00:00,1773550800000,0.2774,0.2775,0.277,0.2772,22181.3
2026-03-15 05:15:00,1773551700000,0.2772,0.2783,0.2772,0.2775,60612.0
2026-03-15 05:30:00,1773552600000,0.2775,0.2784,0.2775,0.2783,17050.3
2026-03-15 05:45:00,1773553500000,0.2783,0.2785,0.2779,0.2781,28763.8
2026-03-15 06:00:00,1773554400000,0.2781,0.2785,0.2778,0.2783,10712.4
2026-03-15 06:15:00,1773555300000,0.2783,0.2783,0.2778,0.2782,3780.7
2026-03-15 06:30:00,1773556200000,0.2782,0.2782,0.2775,0.2779,21876.8
2026-03-15 06:45:00,1773557100000,0.2779,0.2784,0.2777,0.2783,17248.5
2026-03-15 07:00:00,1773558000000,0.2783,0.2795,0.2782,0.2791,23481.0
2026-03-15 07:15:00,1773558900000,0.2791,0.2792,0.2785,0.2785,20708.6
2026-03-15 07:30:00,1773559800000,0.2785,0.2786,0.2782,0.2786,9599.4
2026-03-15 07:45:00,1773560700000,0.2786,0.2791,0.2784,0.2791,38081.8
2026-03-15 08:00:00,1773561600000,0.2791,0.2794,0.2787,0.2788,70443.7
2026-03-15 08:15:00,1773562500000,0.2788,0.2791,0.2787,0.2787,24480.3
2026-03-15 08:30:00,1773563400000,0.2787,0.2792,0.2786,0.2791,5874.4
2026-03-15 08:45:00,1773564300000,0.2791,0.2795,0.2791,0.2794,7449.0
2026-03-15 09:00:00,1773565200000,0.2794,0.2804,0.2794,0.2796,86154.0
2026-03-15 09:15:00,1773566100000,0.2796,0.2799,0.2793,0.2793,20903.0
2026-03-15 09:30:00,1773567000000,0.2793,0.2793,0.2789,0.2789,11635.8
2026-03-15 09:45:00,1773567900000,0.2789,0.2789,0.2785,0.2788,30856.6
2026-03-15 10:00:00,1773568800000,0.2788,0.2794,0.2787,0.2794,10472.9
2026-03-15 10:15:00,1773569700000,0.2794,0.2799,0.2794,0.2797,8145.9
2026-03-15 10:30:00,1773570600000,0.2797,0.28,0.2792,0.2799,24395.7
2026-03-15 10:45:00,1773571500000,0.2799,0.2802,0.2799,0.2802,55049.4
2026-03-15 11:00:00,1773572400000,0.2802,0.2802,0.2796,0.2798,10987.7
2026-03-15 11:15:00,1773573300000,0.2798,0.28,0.2792,0.2793,17307.0
2026-03-15 11:30:00,1773574200000,0.2793,0.2801,0.2793,0.2797,24361.9
2026-03-15 11:45:00,1773575100000,0.2797,0.2803,0.2797,0.2798,41749.9
2026-03-15 12:00:00,1773576000000,0.2798,0.2807,0.2798,0.2806,47037.1
2026-03-15 12:15:00,1773576900000,0.2806,0.2813,0.2805,0.2811,22105.7
2026-03-15 12:30:00,1773577800000,0.2811,0.2812,0.2806,0.281,18151.6
2026-03-15 12:45:00,1773578700000,0.281,0.2816,0.2809,0.281,22898.9
2026-03-15 13:00:00,1773579600000,0.281,0.2813,0.2781,0.2788,63772.0
2026-03-15 13:15:00,1773580500000,0.2788,0.2796,0.2781,0.2794,56668.6
2026-03-15 13:30:00,1773581400000,0.2794,0.2797,0.2789,0.2797,63079.4
2026-03-15 13:45:00,1773582300000,0.2797,0.2798,0.2794,0.2798,13887.1
2026-03-15 14:00:00,1773583200000,0.2798,0.2803,0.2796,0.28,14233.9
2026-03-15 14:15:00,1773584100000,0.28,0.2801,0.2796,0.2798,28497.9
2026-03-15 14:30:00,1773585000000,0.2798,0.2801,0.2794,0.2801,6722.8
2026-03-15 14:45:00,1773585900000,0.2801,0.2805,0.2797,0.2804,37535.6
2026-03-15 15:00:00,1773586800000,0.2804,0.2804,0.28,0.28,8245.2
2026-03-15 15:15:00,1773587700000,0.28,0.2803,0.2797,0.2799,14653.1
2026-03-15 15:30:00,1773588600000,0.2799,0.2801,0.2796,0.2798,25183.9
2026-03-15 15:45:00,1773589500000,0.2798,0.2804,0.2798,0.2801,8180.7
2026-03-15 16:00:00,1773590400000,0.2801,0.2812,0.2799,0.2811,8109.0
2026-03-15 16:15:00,1773591300000,0.2811,0.2813,0.2798,0.2812,92333.6
2026-03-15 16:30:00,1773592200000,0.2812,0.2815,0.2803,0.2813,32251.4
2026-03-15 16:45:00,1773593100000,0.2813,0.2817,0.2809,0.2813,16920.4
2026-03-15 17:00:00,1773594000000,0.2813,0.2825,0.2813,0.2824,32092.9
2026-03-15 17:15:00,1773594900000,0.2824,0.2828,0.2822,0.2822,15227.1
2026-03-15 17:30:00,1773595800000,0.2822,0.2823,0.2819,0.282,12557.0
2026-03-15 17:45:00,1773596700000,0.282,0.2838,0.2818,0.2828,58745.9
2026-03-15 18:00:00,1773597600000,0.2828,0.283,0.2826,0.2828,13310.0
2026-03-15 18:15:00,1773598500000,0.2828,0.2828,0.2823,0.2824,7680.1
2026-03-15 18:30:00,1773599400000,0.2824,0.2832,0.2824,0.2832,5871.3
2026-03-15 18:45:00,1773600300000,0.2832,0.2832,0.2812,0.2815,13607.6
2026-03-15 19:00:00,1773601200000,0.2815,0.283,0.2815,0.2828,68807.1
2026-03-15 19:15:00,1773602100000,0.2828,0.2828,0.2822,0.2825,53346.9
2026-03-15 19:30:00,1773603000000,0.2825,0.2825,0.2819,0.2821,24975.6
2026-03-15 19:45:00,1773603900000,0.2821,0.2827,0.282,0.2827,3868.5
2026-03-15 20:00:00,1773604800000,0.2827,0.2836,0.2827,0.2834,34159.3
2026-03-15 20:15:00,1773605700000,0.2834,0.2834,0.2829,0.2832,38047.3
2026-03-15 20:30:00,1773606600000,0.2832,0.2857,0.2832,0.2849,75619.1
2026-03-15 20:45:00,1773607500000,0.2849,0.285,0.2841,0.2841,25295.6
2026-03-15 21:00:00,1773608400000,0.2841,0.2848,0.2839,0.2842,64215.7
2026-03-15 21:15:00,1773609300000,0.2842,0.285,0.2836,0.2846,7947.3
2026-03-15 21:30:00,1773610200000,0.2846,0.2861,0.2844,0.2854,27643.5
2026-03-15 21:45:00,1773611100000,0.2854,0.2859,0.2852,0.2853,2605.6
2026-03-15 22:00:00,1773612000000,0.2853,0.2869,0.2847,0.2847,72819.3
2026-03-15 22:15:00,1773612900000,0.2847,0.2853,0.2839,0.2852,67452.9
2026-03-15 22:30:00,1773613800000,0.2852,0.2886,0.2852,0.2876,293401.1
2026-03-15 22:45:00,1773614700000,0.2876,0.2886,0.2872,0.2877,225617.9
2026-03-15 23:00:00,1773615600000,0.2877,0.2889,0.2867,0.287,344762.4
2026-03-15 23:15:00,1773616500000,0.287,0.2875,0.2849,0.2849,118095.9
2026-03-15 23:30:00,1773617400000,0.2849,0.2867,0.2848,0.2866,147002.4
2026-03-15 23:45:00,1773618300000,0.2866,0.2874,0.286,0.2872,14478.6
2026-03-16 00:00:00,1773619200000,0.2872,0.2883,0.2864,0.2864,97762.9
2026-03-16 00:15:00,1773620100000,0.2864,0.2869,0.2851,0.2852,26751.4
2026-03-16 00:30:00,1773621000000,0.2852,0.286,0.2852,0.2855,13744.3
2026-03-16 00:45:00,1773621900000,0.2855,0.2865,0.2855,0.2863,39700.1
2026-03-16 01:00:00,1773622800000,0.2863,0.2864,0.2854,0.2855,26304.3
2026-03-16 01:15:00,1773623700000,0.2855,0.2865,0.2855,0.2863,15205.8
2026-03-16 01:30:00,1773624600000,0.2863,0.2866,0.2854,0.2863,11331.6
2026-03-16 01:45:00,1773625500000,0.2863,0.2884,0.2863,0.2883,18548.2
2026-03-16 02:00:00,1773626400000,0.2883,0.2899,0.2883,0.2887,76289.9
2026-03-16 02:15:00,1773627300000,0.2887,0.2891,0.2868,0.2873,42726.7
2026-03-16 02:30:00,1773628200000,0.2873,0.2888,0.2873,0.2888,22578.4
2026-03-16 02:45:00,1773629100000,0.2888,0.2896,0.2887,0.2893,12953.4
2026-03-16 03:00:00,1773630000000,0.2893,0.2896,0.2889,0.2894,12432.1
2026-03-16 03:15:00,1773630900000,0.2894,0.2912,0.289,0.2912,102736.7
2026-03-16 03:30:00,1773631800000,0.2912,0.2949,0.2912,0.2929,497608.5
2026-03-16 03:45:00,1773632700000,0.2929,0.2931,0.2912,0.2921,148911.2
2026-03-16 04:00:00,1773633600000,0.2921,0.2944,0.2921,0.2942,160632.1
2026-03-16 04:15:00,1773634500000,0.2942,0.2945,0.2928,0.2928,242497.2
2026-03-16 04:30:00,1773635400000,0.2928,0.2933,0.2922,0.2929,104120.9
2026-03-16 04:45:00,1773636300000,0.2929,0.2949,0.2925,0.2938,98998.7
2026-03-16 05:00:00,1773637200000,0.2938,0.2941,0.2932,0.2933,78457.7
2026-03-16 05:15:00,1773638100000,0.2933,0.2939,0.293,0.2936,56522.1
2026-03-16 05:30:00,1773639000000,0.2936,0.2937,0.2923,0.2936,168856.6
2026-03-16 05:45:00,1773639900000,0.2936,0.294,0.293,0.2937,71814.8
2026-03-16 06:00:00,1773640800000,0.2937,0.2938,0.2913,0.2917,74064.0
2026-03-16 06:15:00,1773641700000,0.2917,0.2924,0.2909,0.2911,156023.3
2026-03-16 06:30:00,1773642600000,0.2911,0.2923,0.2909,0.2922,69100.2
2026-03-16 06:45:00,1773643500000,0.2922,0.2928,0.2917,0.2928,28992.7
2026-03-16 07:00:00,1773644400000,0.2928,0.2941,0.2925,0.293,190557.8
2026-03-16 07:15:00,1773645300000,0.293,0.2934,0.2924,0.2933,77870.4
2026-03-16 07:30:00,1773646200000,0.2933,0.2946,0.2933,0.2944,155440.2
2026-03-16 07:45:00,1773647100000,0.2944,0.2952,0.2938,0.2947,32831.2
2026-03-16 08:00:00,1773648000000,0.2947,0.2965,0.2946,0.2948,156727.3
2026-03-16 08:15:00,1773648900000,0.2948,0.2948,0.2923,0.2925,124231.2
2026-03-16 08:30:00,1773649800000,0.2925,0.2928,0.2913,0.2913,77375.3
2026-03-16 08:45:00,1773650700000,0.2913,0.2926,0.2909,0.2924,37122.0
2026-03-16 09:00:00,1773651600000,0.2924,0.2936,0.2923,0.2931,58281.3
2026-03-16 09:15:00,1773652500000,0.2931,0.2943,0.2931,0.2938,25721.8
2026-03-16 09:30:00,1773653400000,0.2938,0.2942,0.2937,0.2938,5912.5
2026-03-16 09:45:00,1773654300000,0.2938,0.2951,0.2936,0.2943,59246.8
2026-03-16 10:00:00,1773655200000,0.2943,0.2944,0.2936,0.2937,30181.7
2026-03-16 10:15:00,1773656100000,0.2937,0.294,0.2934,0.2934,9976.6
2026-03-16 10:30:00,1773657000000,0.2934,0.2934,0.2924,0.2931,49514.6
2026-03-16 10:45:00,1773657900000,0.2931,0.2939,0.2931,0.2939,14398.6
2026-03-16 11:00:00,1773658800000,0.2939,0.2941,0.2928,0.2928,16472.1
2026-03-16 11:15:00,1773659700000,0.2928,0.2929,0.2922,0.2925,17206.7
2026-03-16 11:30:00,1773660600000,0.2925,0.2934,0.2923,0.2934,47974.0
2026-03-16 11:45:00,1773661500000,0.2934,0.294,0.2931,0.2932,19592.5
2026-03-16 12:00:00,1773662400000,0.2932,0.2941,0.2919,0.2925,75645.9
2026-03-16 12:15:00,1773663300000,0.2925,0.2939,0.2918,0.2938,85292.6
2026-03-16 12:30:00,1773664200000,0.2938,0.2939,0.2928,0.2931,60143.6
2026-03-16 12:45:00,1773665100000,0.2931,0.2935,0.2928,0.2934,23559.6
2026-03-16 13:00:00,1773666000000,0.2934,0.2937,0.2925,0.2936,46214.0
2026-03-16 13:15:00,1773666900000,0.2936,0.2938,0.2928,0.2933,18702.7
2026-03-16 13:30:00,1773667800000,0.2933,0.2953,0.2921,0.2925,247692.2
2026-03-16 13:45:00,1773668700000,0.2925,0.2936,0.2908,0.2919,134466.2
2026-03-16 14:00:00,1773669600000,0.2919,0.2931,0.2914,0.2917,81924.8
2026-03-16 14:15:00,1773670500000,0.2917,0.2918,0.2887,0.2888,118676.5
2026-03-16 14:30:00,1773671400000,0.2888,0.2899,0.2875,0.2892,150091.4
2026-03-16 14:45:00,1773672300000,0.2892,0.2914,0.2883,0.2912,286224.9
2026-03-16 15:00:00,1773673200000,0.2912,0.2914,0.2894,0.2904,181140.6
2026-03-16 15:15:00,1773674100000,0.2904,0.2906,0.2896,0.2901,102418.6
2026-03-16 15:30:00,1773675000000,0.2901,0.2906,0.2885,0.2886,126751.8
2026-03-16 15:45:00,1773675900000,0.2886,0.2892,0.2883,0.2889,94558.8
2026-03-16 16:00:00,1773676800000,0.2889,0.2904,0.2889,0.2899,68363.6
2026-03-16 16:15:00,1773677700000,0.2899,0.291,0.2899,0.291,29555.4
2026-03-16 16:30:00,1773678600000,0.291,0.2919,0.2905,0.2917,24945.6
2026-03-16 16:45:00,1773679500000,0.2917,0.2918,0.2911,0.2918,65223.6
2026-03-16 17:00:00,1773680400000,0.2918,0.293,0.2916,0.2929,154527.2
2026-03-16 17:15:00,1773681300000,0.2929,0.293,0.2922,0.2926,80885.6
2026-03-16 17:30:00,1773682200000,0.2926,0.2936,0.2926,0.2934,49467.5
2026-03-16 17:45:00,1773683100000,0.2934,0.2936,0.2927,0.2929,48274.3
2026-03-16 18:00:00,1773684000000,0.2929,0.294,0.2926,0.2933,84783.6
2026-03-16 18:15:00,1773684900000,0.2933,0.2945,0.2933,0.2939,154645.9
2026-03-16 18:30:00,1773685800000,0.2939,0.2939,0.2925,0.2931,76144.8
2026-03-16 18:45:00,1773686700000,0.2931,0.2931,0.2921,0.2921,35675.4
2026-03-16 19:00:00,1773687600000,0.2921,0.2942,0.2914,0.2937,50801.4
2026-03-16 19:15:00,1773688500000,0.2937,0.2941,0.2929,0.2933,26579.4
2026-03-16 19:30:00,1773689400000,0.2933,0.2939,0.2929,0.293,22689.2
2026-03-16 19:45:00,1773690300000,0.293,0.293,0.2921,0.2927,24793.5
2026-03-16 20:00:00,1773691200000,0.2927,0.2927,0.2918,0.292,28313.9
2026-03-16 20:15:00,1773692100000,0.292,0.2939,0.292,0.2936,47937.9
2026-03-16 20:30:00,1773693000000,0.2936,0.294,0.2932,0.2932,31297.2
2026-03-16 20:45:00,1773693900000,0.2932,0.2946,0.2932,0.2945,49080.7
2026-03-16 21:00:00,1773694800000,0.2945,0.2978,0.2939,0.2958,537388.8
2026-03-16 21:15:00,1773695700000,0.2958,0.2958,0.2941,0.2952,123558.2
2026-03-16 21:30:00,1773696600000,0.2952,0.2978,0.295,0.2966,642494.6
2026-03-16 21:45:00,1773697500000,0.2966,0.2969,0.2957,0.2959,29641.6
2026-03-16 22:00:00,1773698400000,0.2959,0.2982,0.2958,0.2976,240768.5
2026-03-16 22:15:00,1773699300000,0.2976,0.2976,0.2962,0.2967,73969.9
2026-03-16 22:30:00,1773700200000,0.2967,0.2976,0.2964,0.2976,29859.4
2026-03-16 22:45:00,1773701100000,0.2976,0.2976,0.2968,0.2968,8230.1
2026-03-16 23:00:00,1773702000000,0.2968,0.2969,0.294,0.2947,392285.7
2026-03-16 23:15:00,1773702900000,0.2947,0.2959,0.2947,0.2959,26622.0
2026-03-16 23:30:00,1773703800000,0.2959,0.2977,0.2959,0.2974,223140.8
2026-03-16 23:45:00,1773704700000,0.2974,0.2977,0.2962,0.2964,11179.8
2026-03-17 00:00:00,1773705600000,0.2964,0.298,0.2954,0.2977,56950.7
2026-03-17 00:15:00,1773706500000,0.2977,0.298,0.2954,0.2968,50632.9
2026-03-17 00:30:00,1773707400000,0.2968,0.2979,0.2961,0.2961,32829.8
2026-03-17 00:45:00,1773708300000,0.2961,0.2965,0.2958,0.2965,13447.2
2026-03-17 01:00:00,1773709200000,0.2965,0.2981,0.2955,0.2969,79525.0
2026-03-17 01:15:00,1773710100000,0.2969,0.2971,0.2956,0.2965,48044.9
2026-03-17 01:30:00,1773711000000,0.2965,0.2973,0.2957,0.2966,224551.0
2026-03-17 01:45:00,1773711900000,0.2966,0.2968,0.2949,0.2956,24983.8
2026-03-17 02:00:00,1773712800000,0.2956,0.2965,0.2943,0.2952,61404.6
2026-03-17 02:15:00,1773713700000,0.2952,0.2955,0.2946,0.2946,18399.8
2026-03-17 02:30:00,1773714600000,0.2946,0.2962,0.2943,0.296,23963.2
2026-03-17 02:45:00,1773715500000,0.296,0.2965,0.2955,0.2958,23445.8
2026-03-17 03:00:00,1773716400000,0.2958,0.296,0.2939,0.294,193488.5
2026-03-17 03:15:00,1773717300000,0.294,0.295,0.2935,0.2949,54141.3
2026-03-17 03:30:00,1773718200000,0.2949,0.2949,0.292,0.2921,97630.9
2026-03-17 03:45:00,1773719100000,0.2921,0.293,0.2915,0.293,69365.2
2026-03-17 04:00:00,1773720000000,0.293,0.2936,0.2927,0.2932,69999.2
2026-03-17 04:15:00,1773720900000,0.2932,0.2933,0.29,0.2909,118840.6
2026-03-17 04:30:00,1773721800000,0.2909,0.2912,0.2885,0.29,176623.9
2026-03-17 04:45:00,1773722700000,0.29,0.2914,0.2899,0.2912,35335.5
2026-03-17 05:00:00,1773723600000,0.2912,0.2914,0.2903,0.2911,27807.7
2026-03-17 05:15:00,1773724500000,0.2911,0.2922,0.2908,0.2914,75948.2
2026-03-17 05:30:00,1773725400000,0.2914,0.2916,0.29,0.2901,34435.6
2026-03-17 05:45:00,1773726300000,0.2901,0.2915,0.2898,0.2911,34461.0
2026-03-17 06:00:00,1773727200000,0.2911,0.2923,0.2906,0.2922,58018.4
2026-03-17 06:15:00,1773728100000,0.2922,0.2931,0.2918,0.2923,43279.8
2026-03-17 06:30:00,1773729000000,0.2923,0.2929,0.2907,0.291,159077.7
2026-03-17 06:45:00,1773729900000,0.291,0.2914,0.2908,0.2912,23688.2
2026-03-17 07:00:00,1773730800000,0.2912,0.2923,0.291,0.2923,40857.0
2026-03-17 07:15:00,1773731700000,0.2923,0.293,0.2923,0.293,31492.8
2026-03-17 07:30:00,1773732600000,0.293,0.2933,0.2927,0.2931,20630.2
2026-03-17 07:45:00,1773733500000,0.2931,0.2936,0.2931,0.2935,81696.4
2026-03-17 08:00:00,1773734400000,0.2935,0.294,0.2929,0.2932,38748.1
2026-03-17 08:15:00,1773735300000,0.2932,0.2934,0.2927,0.2932,56299.3
2026-03-17 08:30:00,1773736200000,0.2932,0.2939,0.2931,0.2938,34575.7
2026-03-17 08:45:00,1773737100000,0.2938,0.2941,0.2925,0.2929,85258.0
2026-03-17 09:00:00,1773738000000,0.2929,0.2937,0.2919,0.292,62906.0
2026-03-17 09:15:00,1773738900000,0.292,0.2936,0.2916,0.2936,144229.8
2026-03-17 09:30:00,1773739800000,0.2936,0.2938,0.2932,0.2935,40466.6
2026-03-17 09:45:00,1773740700000,0.2935,0.2938,0.2926,0.293,14087.2
2026-03-17 10:00:00,1773741600000,0.293,0.2934,0.292,0.2933,60933.2
2026-03-17 10:15:00,1773742500000,0.2933,0.2934,0.2923,0.2926,16116.8
2026-03-17 10:30:00,1773743400000,0.2926,0.2926,0.2913,0.2924,65252.5
2026-03-17 10:45:00,1773744300000,0.2924,0.2926,0.2921,0.2925,9484.0
2026-03-17 11:00:00,1773745200000,0.2925,0.2941,0.2925,0.2941,26567.6
2026-03-17 11:15:00,1773746100000,0.2941,0.2946,0.2938,0.2944,63188.3
2026-03-17 11:30:00,1773747000000,0.2944,0.2945,0.2936,0.2936,59140.0
2026-03-17 11:45:00,1773747900000,0.2936,0.2938,0.2931,0.2933,45009.3
2026-03-17 12:00:00,1773748800000,0.2933,0.2939,0.2928,0.293,131563.8
2026-03-17 12:15:00,1773749700000,0.293,0.2934,0.2918,0.2919,62916.7
2026-03-17 12:30:00,1773750600000,0.2919,0.292,0.2902,0.2911,106592.1
2026-03-17 12:45:00,1773751500000,0.2911,0.2911,0.2903,0.291,43522.5
2026-03-17 13:00:00,1773752400000,0.291,0.2918,0.2907,0.2918,89401.5
2026-03-17 13:15:00,1773753300000,0.2918,0.2919,0.2911,0.2913,31755.5
2026-03-17 13:30:00,1773754200000,0.2913,0.2932,0.2911,0.2911,104251.4
2026-03-17 13:45:00,1773755100000,0.2911,0.2915,0.2897,0.291,121184.9
2026-03-17 14:00:00,1773756000000,0.291,0.292,0.2904,0.2917,37061.4
2026-03-17 14:15:00,1773756900000,0.2917,0.2926,0.2911,0.2925,26367.5
2026-03-17 14:30:00,1773757800000,0.2925,0.2934,0.2922,0.2923,109926.1
2026-03-17 14:45:00,1773758700000,0.2923,0.293,0.2918,0.293,20131.7
2026-03-17 15:00:00,1773759600000,0.293,0.2948,0.2923,0.2926,149852.2
2026-03-17 15:15:00,1773760500000,0.2926,0.2931,0.2923,0.2929,16133.2
2026-03-17 15:30:00,1773761400000,0.2929,0.2937,0.2918,0.2929,107934.0
2026-03-17 15:45:00,1773762300000,0.2929,0.294,0.2925,0.2937,36380.8
2026-03-17 16:00:00,1773763200000,0.2937,0.2942,0.2936,0.2938,21529.9
2026-03-17 16:15:00,1773764100000,0.2938,0.2957,0.2936,0.2945,66273.4
2026-03-17 16:30:00,1773765000000,0.2945,0.2947,0.2932,0.2938,72433.0
2026-03-17 16:45:00,1773765900000,0.2938,0.2945,0.2934,0.2939,5144.6
2026-03-17 17:00:00,1773766800000,0.2939,0.2957,0.2939,0.2951,45740.9
2026-03-17 17:15:00,1773767700000,0.2951,0.2959,0.2949,0.2954,211275.9
2026-03-17 17:30:00,1773768600000,0.2954,0.2965,0.2954,0.2964,53280.9
2026-03-17 17:45:00,1773769500000,0.2964,0.2975,0.2944,0.2966,300160.4
2026-03-17 18:00:00,1773770400000,0.2966,0.2972,0.2962,0.2966,93897.8
2026-03-17 18:15:00,1773771300000,0.2966,0.297,0.2963,0.2966,52133.6
2026-03-17 18:30:00,1773772200000,0.2966,0.299,0.2966,0.2985,148458.7
2026-03-17 18:45:00,1773773100000,0.2985,0.2996,0.2972,0.2978,99779.8
2026-03-17 19:00:00,1773774000000,0.2978,0.2982,0.2975,0.2977,34768.4
2026-03-17 19:15:00,1773774900000,0.2977,0.2979,0.2972,0.2975,35253.8
2026-03-17 19:30:00,1773775800000,0.2975,0.2985,0.2971,0.2983,24672.0
2026-03-17 19:45:00,1773776700000,0.2983,0.2985,0.2967,0.2968,39124.7
2026-03-17 20:00:00,1773777600000,0.2968,0.297,0.2959,0.2959,98511.6
2026-03-17 20:15:00,1773778500000,0.2959,0.298,0.2958,0.2977,37385.4
2026-03-17 20:30:00,1773779400000,0.2977,0.2981,0.2975,0.2981,24510.2
2026-03-17 20:45:00,1773780300000,0.2981,0.2995,0.2979,0.2994,59464.8
2026-03-17 21:00:00,1773781200000,0.2994,0.3018,0.2993,0.3008,108899.9
2026-03-17 21:15:00,1773782100000,0.3008,0.301,0.2998,0.3003,25806.4
2026-03-17 21:30:00,1773783000000,0.3003,0.3017,0.3,0.3017,51057.5
2026-03-17 21:45:00,1773783900000,0.3017,0.3017,0.3008,0.3009,31213.7
2026-03-17 22:00:00,1773784800000,0.3009,0.3033,0.3005,0.3008,108665.5
2026-03-17 22:15:00,1773785700000,0.3008,0.3013,0.2998,0.2998,126857.8
2026-03-17 22:30:00,1773786600000,0.2998,0.3,0.2982,0.2992,90492.0
2026-03-17 22:45:00,1773787500000,0.2992,0.3003,0.2988,0.3001,38993.2
2026-03-17 23:00:00,1773788400000,0.3001,0.3001,0.2988,0.299,68817.2
2026-03-17 23:15:00,1773789300000,0.299,0.299,0.2978,0.2989,65271.4
2026-03-17 23:30:00,1773790200000,0.2989,0.2989,0.2972,0.2974,108178.1
2026-03-17 23:45:00,1773791100000,0.2974,0.2977,0.2965,0.2971,96876.3
2026-03-18 00:00:00,1773792000000,0.2971,0.2981,0.2954,0.2954,153543.9
2026-03-18 00:15:00,1773792900000,0.2954,0.2955,0.2941,0.2944,102896.2
2026-03-18 00:30:00,1773793800000,0.2944,0.2944,0.2932,0.2941,118799.6
2026-03-18 00:45:00,1773794700000,0.2941,0.2955,0.2941,0.2952,139957.6
2026-03-18 01:00:00,1773795600000,0.2952,0.2963,0.295,0.2957,45321.2
2026-03-18 01:15:00,1773796500000,0.2957,0.2968,0.2954,0.2967,35239.2
2026-03-18 01:30:00,1773797400000,0.2967,0.2979,0.2966,0.297,113596.7
2026-03-18 01:45:00,1773798300000,0.297,0.2973,0.2967,0.2969,51010.0
2026-03-18 02:00:00,1773799200000,0.2969,0.2998,0.2966,0.2995,65647.5
2026-03-18 02:15:00,1773800100000,0.2995,0.3003,0.299,0.2991,119995.5
2026-03-18 02:30:00,1773801000000,0.2991,0.3007,0.299,0.2999,113009.3
2026-03-18 02:45:00,1773801900000,0.2999,0.3002,0.2986,0.299,103238.0
2026-03-18 03:00:00,1773802800000,0.299,0.3001,0.299,0.2996,61708.6
2026-03-18 03:15:00,1773803700000,0.2996,0.303,0.2996,0.303,95729.5
2026-03-18 03:30:00,1773804600000,0.303,0.303,0.3007,0.3009,199600.4
2026-03-18 03:45:00,1773805500000,0.3009,0.301,0.3003,0.3003,74157.6
2026-03-18 04:00:00,1773806400000,0.3003,0.3012,0.3002,0.3005,151310.4
2026-03-18 04:15:00,1773807300000,0.3005,0.3005,0.2993,0.2994,49377.0
2026-03-18 04:30:00,1773808200000,0.2994,0.3006,0.2991,0.3003,48927.5
2026-03-18 04:45:00,1773809100000,0.3003,0.3026,0.3003,0.3019,173478.5
2026-03-18 05:00:00,1773810000000,0.3019,0.3045,0.3016,0.3038,168902.8
2026-03-18 05:15:00,1773810900000,0.3038,0.3044,0.3017,0.3023,122965.9
2026-03-18 05:30:00,1773811800000,0.3023,0.3039,0.3023,0.3033,125547.9
2026-03-18 05:45:00,1773812700000,0.3033,0.3036,0.3007,0.3009,181078.3
2026-03-18 06:00:00,1773813600000,0.3009,0.3029,0.3009,0.3029,85378.0
2026-03-18 06:15:00,1773814500000,0.3029,0.3056,0.3024,0.3047,147064.9
2026-03-18 06:30:00,1773815400000,0.3047,0.3051,0.3012,0.3015,129709.7
2026-03-18 06:45:00,1773816300000,0.3015,0.3037,0.3014,0.3032,144947.3
2026-03-18 07:00:00,1773817200000,0.3032,0.3041,0.3004,0.3011,166008.8
2026-03-18 07:15:00,1773818100000,0.3011,0.3022,0.2993,0.2998,246246.2
2026-03-18 07:30:00,1773819000000,0.2998,0.301,0.2996,0.3002,149984.0
2026-03-18 07:45:00,1773819900000,0.3002,0.3019,0.3001,0.3012,134674.1
2026-03-18 08:00:00,1773820800000,0.3012,0.3017,0.2995,0.3002,213882.8
2026-03-18 08:15:00,1773821700000,0.3002,0.3011,0.3,0.3003,118289.9
2026-03-18 08:30:00,1773822600000,0.3003,0.3006,0.2995,0.3005,127906.4
2026-03-18 08:45:00,1773823500000,0.3005,0.3017,0.3005,0.3014,31348.8
2026-03-18 09:00:00,1773824400000,0.3014,0.3017,0.3004,0.3012,156364.2
2026-03-18 09:15:00,1773825300000,0.3012,0.302,0.3011,0.3011,39725.5
2026-03-18 09:30:00,1773826200000,0.3011,0.3024,0.3011,0.3021,41457.6
2026-03-18 09:45:00,1773827100000,0.3021,0.3021,0.3002,0.3009,139119.6
2026-03-18 10:00:00,1773828000000,0.3009,0.3018,0.3003,0.3012,132368.4
2026-03-18 10:15:00,1773828900000,0.3012,0.3012,0.3001,0.3009,84516.6
2026-03-18 10:30:00,1773829800000,0.3009,0.3015,0.2987,0.2989,152116.6
2026-03-18 10:45:00,1773830700000,0.2989,0.3002,0.2983,0.3001,91162.8
2026-03-18 11:00:00,1773831600000,0.3001,0.3013,0.2984,0.3002,103400.2
2026-03-18 11:15:00,1773832500000,0.3002,0.3014,0.2995,0.2996,162944.6
2026-03-18 11:30:00,1773833400000,0.2996,0.3002,0.2938,0.2979,852670.2
2026-03-18 11:45:00,1773834300000,0.2979,0.2981,0.295,0.2957,150579.3
2026-03-18 12:00:00,1773835200000,0.2957,0.2974,0.2941,0.2964,255991.9
2026-03-18 12:15:00,1773836100000,0.2964,0.2977,0.2963,0.297,80604.7
2026-03-18 12:30:00,1773837000000,0.297,0.297,0.2903,0.2904,387962.0
2026-03-18 12:45:00,1773837900000,0.2904,0.2909,0.2889,0.2901,229117.5
2026-03-18 13:00:00,1773838800000,0.2901,0.2914,0.2871,0.291,266505.8
2026-03-18 13:15:00,1773839700000,0.291,0.291,0.2893,0.2904,129520.7
2026-03-18 13:30:00,1773840600000,0.2904,0.2916,0.2895,0.2902,112534.8
2026-03-18 13:45:00,1773841500000,0.2902,0.2928,0.2899,0.2918,146122.4
2026-03-18 14:00:00,1773842400000,0.2918,0.2918,0.2897,0.29,85655.7
2026-03-18 14:15:00,1773843300000,0.29,0.2912,0.2881,0.2883,154335.9
2026-03-18 14:30:00,1773844200000,0.2883,0.2901,0.2851,0.2855,992039.4
2026-03-18 14:45:00,1773845100000,0.2855,0.2863,0.2838,0.2842,272622.6
2026-03-18 15:00:00,1773846000000,0.2842,0.288,0.2828,0.2862,396234.5
2026-03-18 15:15:00,1773846900000,0.2862,0.2883,0.286,0.2883,243450.7
2026-03-18 15:30:00,1773847800000,0.2883,0.2894,0.2876,0.2876,76620.0
2026-03-18 15:45:00,1773848700000,0.2876,0.2881,0.2872,0.2876,31433.5
2026-03-18 16:00:00,1773849600000,0.2876,0.2877,0.2863,0.2865,150976.3
2026-03-18 16:15:00,1773850500000,0.2865,0.2868,0.2857,0.2857,99938.0
2026-03-18 16:30:00,1773851400000,0.2857,0.2864,0.2845,0.2863,149511.1
2026-03-18 16:45:00,1773852300000,0.2863,0.2877,0.286,0.2865,66002.3
2026-03-18 17:00:00,1773853200000,0.2865,0.2867,0.2855,0.2861,67467.2
2026-03-18 17:15:00,1773854100000,0.2861,0.2885,0.2857,0.2881,52990.2
2026-03-18 17:30:00,1773855000000,0.2881,0.2898,0.2869,0.2888,87793.1
2026-03-18 17:45:00,1773855900000,0.2888,0.2896,0.2881,0.2887,87037.8
2026-03-18 18:00:00,1773856800000,0.2887,0.2917,0.2887,0.2896,444632.2
2026-03-18 18:15:00,1773857700000,0.2896,0.2897,0.287,0.2891,383510.4
2026-03-18 18:30:00,1773858600000,0.2891,0.2913,0.2891,0.2907,296525.2
2026-03-18 18:45:00,1773859500000,0.2907,0.2907,0.2877,0.2884,119072.8
2026-03-18 19:00:00,1773860400000,0.2884,0.2901,0.2884,0.2887,51721.3
2026-03-18 19:15:00,1773861300000,0.2887,0.2892,0.2877,0.2879,43658.3
2026-03-18 19:30:00,1773862200000,0.2879,0.2886,0.2869,0.2872,42754.6
2026-03-18 19:45:00,1773863100000,0.2872,0.2876,0.2869,0.2876,95162.5
2026-03-18 20:00:00,1773864000000,0.2876,0.2877,0.2855,0.2875,190434.7
2026-03-18 20:15:00,1773864900000,0.2875,0.2887,0.2871,0.2881,202379.1
2026-03-18 20:30:00,1773865800000,0.2881,0.2891,0.2879,0.2887,73065.4
2026-03-18 20:45:00,1773866700000,0.2887,0.2902,0.2886,0.2894,38555.8
2026-03-18 21:00:00,1773867600000,0.2894,0.2905,0.2892,0.2899,115472.1
2026-03-18 21:15:00,1773868500000,0.2899,0.2919,0.2898,0.2907,170706.9
2026-03-18 21:30:00,1773869400000,0.2907,0.2911,0.2898,0.2905,146407.2
2026-03-18 21:45:00,1773870300000,0.2905,0.2914,0.2905,0.291,14682.9
2026-03-18 22:00:00,1773871200000,0.291,0.2911,0.2898,0.2911,46392.6
2026-03-18 22:15:00,1773872100000,0.2911,0.2952,0.2911,0.2937,929569.9
2026-03-18 22:30:00,1773873000000,0.2937,0.2945,0.2913,0.2915,183808.1
2026-03-18 22:45:00,1773873900000,0.2915,0.2924,0.2911,0.2913,154035.1
2026-03-18 23:00:00,1773874800000,0.2913,0.2941,0.2913,0.2936,76694.8
2026-03-18 23:15:00,1773875700000,0.2936,0.2954,0.2926,0.2949,239475.0
2026-03-18 23:30:00,1773876600000,0.2949,0.2966,0.2947,0.2958,170420.2
2026-03-18 23:45:00,1773877500000,0.2958,0.2989,0.2955,0.2979,421279.9
2026-03-19 00:00:00,1773878400000,0.2979,0.3003,0.2958,0.2982,1006755.2
2026-03-19 00:15:00,1773879300000,0.2982,0.2998,0.2965,0.2972,395921.5
2026-03-19 00:30:00,1773880200000,0.2972,0.2991,0.297,0.2987,207085.8
2026-03-19 00:45:00,1773881100000,0.2987,0.2999,0.2966,0.2979,256351.6
2026-03-19 01:00:00,1773882000000,0.2979,0.2999,0.2979,0.2992,182084.1
2026-03-19 01:15:00,1773882900000,0.2992,0.3004,0.2973,0.2999,161617.5
2026-03-19 01:30:00,1773883800000,0.2999,0.301,0.2984,0.3002,87546.0
2026-03-19 01:45:00,1773884700000,0.3002,0.3013,0.2999,0.3007,171983.8
2026-03-19 02:00:00,1773885600000,0.3007,0.3021,0.2984,0.3019,158648.3
2026-03-19 02:15:00,1773886500000,0.3019,0.3031,0.3016,0.3024,162501.1
2026-03-19 02:30:00,1773887400000,0.3024,0.3035,0.3007,0.3012,218477.6
2026-03-19 02:45:00,1773888300000,0.3012,0.3012,0.2986,0.2988,216187.2
2026-03-19 03:00:00,1773889200000,0.2988,0.3037,0.2988,0.3027,296415.7
2026-03-19 03:15:00,1773890100000,0.3027,0.3038,0.3008,0.3032,298156.0
2026-03-19 03:30:00,1773891000000,0.3032,0.3036,0.3009,0.3019,183126.3
2026-03-19 03:45:00,1773891900000,0.3019,0.3044,0.3016,0.3029,161976.0
2026-03-19 04:00:00,1773892800000,0.3029,0.3033,0.3014,0.3029,185818.3
2026-03-19 04:15:00,1773893700000,0.3029,0.303,0.3,0.3014,191564.4
2026-03-19 04:30:00,1773894600000,0.3014,0.3024,0.3004,0.3009,47425.5
2026-03-19 04:45:00,1773895500000,0.3009,0.3027,0.3,0.301,77621.2
2026-03-19 05:00:00,1773896400000,0.301,0.3018,0.3002,0.3009,135541.8
2026-03-19 05:15:00,1773897300000,0.3009,0.3023,0.2999,0.3002,117477.8
2026-03-19 05:30:00,1773898200000,0.3002,0.3037,0.3001,0.3032,166191.7
2026-03-19 05:45:00,1773899100000,0.3032,0.304,0.3013,0.3022,303553.8
2026-03-19 06:00:00,1773900000000,0.3022,0.3029,0.2994,0.3011,368800.9
2026-03-19 06:15:00,1773900900000,0.3011,0.3016,0.2989,0.299,106496.7
2026-03-19 06:30:00,1773901800000,0.299,0.3034,0.2975,0.3031,172203.6
2026-03-19 06:45:00,1773902700000,0.3031,0.3038,0.3004,0.3004,90589.8
2026-03-19 07:00:00,1773903600000,0.3004,0.3005,0.2976,0.2981,193369.5
2026-03-19 07:15:00,1773904500000,0.2981,0.2987,0.2941,0.2962,332538.9
2026-03-19 07:30:00,1773905400000,0.2962,0.2991,0.2957,0.2976,89859.8
2026-03-19 07:45:00,1773906300000,0.2976,0.2977,0.2962,0.2963,183409.7
2026-03-19 08:00:00,1773907200000,0.2963,0.2975,0.2947,0.2949,140252.0
2026-03-19 08:15:00,1773908100000,0.2949,0.295,0.2918,0.2919,225043.6
2026-03-19 08:30:00,1773909000000,0.2919,0.2951,0.2907,0.2943,456183.1
2026-03-19 08:45:00,1773909900000,0.2943,0.2952,0.2932,0.2934,105701.4
2026-03-19 09:00:00,1773910800000,0.2934,0.2949,0.2924,0.2937,247530.2
2026-03-19 09:15:00,1773911700000,0.2937,0.2961,0.2929,0.2953,124176.6
2026-03-19 09:30:00,1773912600000,0.2953,0.2957,0.2942,0.2951,71601.1
2026-03-19 09:45:00,1773913500000,0.2951,0.2964,0.2948,0.2956,111454.5
2026-03-19 10:00:00,1773914400000,0.2956,0.2967,0.2947,0.2954,105458.3
2026-03-19 10:15:00,1773915300000,0.2954,0.2973,0.2954,0.2966,95031.6
2026-03-19 10:30:00,1773916200000,0.2966,0.2967,0.2949,0.2958,250657.7
2026-03-19 10:45:00,1773917100000,0.2958,0.2969,0.2955,0.2964,27855.2
2026-03-19 11:00:00,1773918000000,0.2964,0.2977,0.296,0.2963,66482.9
2026-03-19 11:15:00,1773918900000,0.2963,0.2981,0.2962,0.2981,69045.7
2026-03-19 11:30:00,1773919800000,0.2981,0.2992,0.2968,0.2977,244139.7
2026-03-19 11:45:00,1773920700000,0.2977,0.2981,0.2968,0.2981,43212.1
2026-03-19 12:00:00,1773921600000,0.2981,0.3001,0.297,0.2989,250736.8
2026-03-19 12:15:00,1773922500000,0.2989,0.2994,0.2952,0.2956,592565.1
2026-03-19 12:30:00,1773923400000,0.2956,0.3008,0.2954,0.2987,468488.3
2026-03-19 12:45:00,1773924300000,0.2987,0.2988,0.2964,0.2976,177667.4
2026-03-19 13:00:00,1773925200000,0.2976,0.2996,0.2955,0.2965,322121.5
2026-03-19 13:15:00,1773926100000,0.2965,0.2995,0.2939,0.2946,523050.3
2026-03-19 13:30:00,1773927000000,0.2946,0.2953,0.2912,0.2934,857498.7
2026-03-19 13:45:00,1773927900000,0.2934,0.2941,0.2919,0.293,618390.4
2026-03-19 14:00:00,1773928800000,0.293,0.2948,0.2909,0.2909,200404.9
2026-03-19 14:15:00,1773929700000,0.2909,0.2922,0.2892,0.291,1025314.0
2026-03-19 14:30:00,1773930600000,0.291,0.2948,0.2908,0.2937,429320.7
2026-03-19 14:45:00,1773931500000,0.2937,0.2967,0.2933,0.295,167922.2
2026-03-19 15:00:00,1773932400000,0.295,0.295,0.2924,0.293,124170.0
2026-03-19 15:15:00,1773933300000,0.293,0.294,0.2882,0.2885,369939.2
2026-03-19 15:30:00,1773934200000,0.2885,0.2892,0.2878,0.2885,260822.2
2026-03-19 15:45:00,1773935100000,0.2885,0.2906,0.2881,0.2891,297731.4
2026-03-19 16:00:00,1773936000000,0.2891,0.2893,0.2869,0.2882,255401.3
2026-03-19 16:15:00,1773936900000,0.2882,0.2928,0.2873,0.291,1138070.3
2026-03-19 16:30:00,1773937800000,0.291,0.2922,0.2891,0.2914,389419.1
2026-03-19 16:45:00,1773938700000,0.2914,0.2922,0.29,0.2921,134881.5
2026-03-19 17:00:00,1773939600000,0.2921,0.2921,0.2878,0.288,381732.7
2026-03-19 17:15:00,1773940500000,0.288,0.2896,0.2878,0.2895,282262.4
2026-03-19 17:30:00,1773941400000,0.2895,0.2909,0.2892,0.2906,231281.6
2026-03-19 17:45:00,1773942300000,0.2906,0.2938,0.2903,0.292,371331.4
2026-03-19 18:00:00,1773943200000,0.292,0.2926,0.2913,0.2921,135229.5
2026-03-19 18:15:00,1773944100000,0.2921,0.2928,0.2907,0.2907,105034.3
2026-03-19 18:30:00,1773945000000,0.2907,0.291,0.2904,0.2906,61502.0
2026-03-19 18:45:00,1773945900000,0.2906,0.2908,0.2902,0.2905,33750.4
2026-03-19 19:00:00,1773946800000,0.2905,0.2934,0.2902,0.2926,109339.6
2026-03-19 19:15:00,1773947700000,0.2926,0.2946,0.2924,0.293,76334.4
2026-03-19 19:30:00,1773948600000,0.293,0.293,0.2912,0.2924,88873.3
2026-03-19 19:45:00,1773949500000,0.2924,0.2929,0.2908,0.2919,56868.8
2026-03-19 20:00:00,1773950400000,0.2919,0.2929,0.2909,0.292,53765.8
2026-03-19 20:15:00,1773951300000,0.292,0.2927,0.2914,0.2916,28955.8
2026-03-19 20:30:00,1773952200000,0.2916,0.2931,0.2914,0.2927,69403.3
2026-03-19 20:45:00,1773953100000,0.2927,0.2928,0.2921,0.2928,18682.0
2026-03-19 21:00:00,1773954000000,0.2928,0.2934,0.2921,0.2933,65055.1
2026-03-19 21:15:00,1773954900000,0.2933,0.2933,0.2922,0.2927,14594.5
2026-03-19 21:30:00,1773955800000,0.2927,0.2932,0.2923,0.2927,42194.7
2026-03-19 21:45:00,1773956700000,0.2927,0.2938,0.2927,0.2936,31663.4
2026-03-19 22:00:00,1773957600000,0.2936,0.2945,0.2929,0.2943,58519.8
2026-03-19 22:15:00,1773958500000,0.2943,0.2956,0.294,0.2954,38732.6
2026-03-19 22:30:00,1773959400000,0.2954,0.2954,0.2929,0.2937,204253.5
2026-03-19 22:45:00,1773960300000,0.2937,0.2944,0.2933,0.2937,48593.1
2026-03-19 23:00:00,1773961200000,0.2937,0.2959,0.2937,0.2954,60551.7
2026-03-19 23:15:00,1773962100000,0.2954,0.2954,0.2935,0.2939,25448.1
2026-03-19 23:30:00,1773963000000,0.2939,0.294,0.2928,0.2938,88116.7
2026-03-19 23:45:00,1773963900000,0.2938,0.2945,0.2935,0.2945,55896.2
2026-03-20 00:00:00,1773964800000,0.2945,0.2972,0.2937,0.2967,274648.7
2026-03-20 00:15:00,1773965700000,0.2967,0.3015,0.2964,0.3006,1028012.1
2026-03-20 00:30:00,1773966600000,0.3006,0.3024,0.2995,0.3017,417181.2
2026-03-20 00:45:00,1773967500000,0.3017,0.3031,0.3003,0.3029,311393.5
2026-03-20 01:00:00,1773968400000,0.3029,0.3056,0.3026,0.3042,487134.9
2026-03-20 01:15:00,1773969300000,0.3042,0.3052,0.3004,0.3004,290465.8
2026-03-20 01:30:00,1773970200000,0.3004,0.3055,0.3002,0.3052,188378.6
2026-03-20 01:45:00,1773971100000,0.3052,0.3066,0.3046,0.3046,132351.5
2026-03-20 02:00:00,1773972000000,0.3046,0.3059,0.3033,0.3044,189467.2
2026-03-20 02:15:00,1773972900000,0.3044,0.3044,0.3025,0.3027,27380.3
2026-03-20 02:30:00,1773973800000,0.3027,0.3064,0.3024,0.3063,51660.8
2026-03-20 02:45:00,1773974700000,0.3063,0.3093,0.3063,0.307,309708.4
2026-03-20 03:00:00,1773975600000,0.307,0.3082,0.3054,0.3062,129532.2
2026-03-20 03:15:00,1773976500000,0.3062,0.3062,0.3044,0.3061,85084.7
2026-03-20 03:30:00,1773977400000,0.3061,0.3076,0.3057,0.307,99880.4
2026-03-20 03:45:00,1773978300000,0.307,0.3095,0.3067,0.3077,237661.8
2026-03-20 04:00:00,1773979200000,0.3077,0.3082,0.3062,0.3072,98915.7
2026-03-20 04:15:00,1773980100000,0.3072,0.3072,0.3039,0.3048,118726.8
2026-03-20 04:30:00,1773981000000,0.3048,0.3054,0.3031,0.3042,194798.2
2026-03-20 04:45:00,1773981900000,0.3042,0.3053,0.3036,0.3042,84698.5
2026-03-20 05:00:00,1773982800000,0.3042,0.3076,0.303,0.3062,264990.1
2026-03-20 05:15:00,1773983700000,0.3062,0.3076,0.305,0.3056,157947.9
2026-03-20 05:30:00,1773984600000,0.3056,0.3078,0.3055,0.3069,215094.8
2026-03-20 05:45:00,1773985500000,0.3069,0.3069,0.305,0.3057,130024.9
2026-03-20 06:00:00,1773986400000,0.3057,0.3074,0.3053,0.3072,143309.7
2026-03-20 06:15:00,1773987300000,0.3072,0.3077,0.3059,0.3077,136898.2
2026-03-20 06:30:00,1773988200000,0.3077,0.3083,0.3057,0.3071,325218.3
2026-03-20 06:45:00,1773989100000,0.3071,0.3075,0.3061,0.3063,69408.4
2026-03-20 07:00:00,1773990000000,0.3063,0.3063,0.3043,0.3045,181113.0
2026-03-20 07:15:00,1773990900000,0.3045,0.3064,0.3043,0.306,183100.5
2026-03-20 07:30:00,1773991800000,0.306,0.3078,0.3059,0.3067,102357.7
2026-03-20 07:45:00,1773992700000,0.3067,0.307,0.3051,0.3052,48861.4
2026-03-20 08:00:00,1773993600000,0.3052,0.3108,0.3052,0.3106,303706.6
2026-03-20 08:15:00,1773994500000,0.3106,0.3107,0.3085,0.3093,189004.2
2026-03-20 08:30:00,1773995400000,0.3093,0.3093,0.3065,0.3066,109342.9
2026-03-20 08:45:00,1773996300000,0.3066,0.3083,0.306,0.3081,91320.7
2026-03-20 09:00:00,1773997200000,0.3081,0.3095,0.3069,0.3087,121837.1
2026-03-20 09:15:00,1773998100000,0.3087,0.3088,0.3067,0.3073,108245.9
2026-03-20 09:30:00,1773999000000,0.3073,0.3101,0.3072,0.3098,198819.5
2026-03-20 09:45:00,1773999900000,0.3098,0.3112,0.3095,0.3099,127039.3
2026-03-20 10:00:00,1774000800000,0.3099,0.3105,0.3085,0.3085,135164.8
2026-03-20 10:15:00,1774001700000,0.3085,0.3092,0.3075,0.308,234824.0
2026-03-20 10:30:00,1774002600000,0.308,0.312,0.3078,0.3114,460611.2
2026-03-20 10:45:00,1774003500000,0.3114,0.3116,0.3105,0.3115,344674.4
2026-03-20 11:00:00,1774004400000,0.3115,0.3132,0.3102,0.3107,276350.6
2026-03-20 11:15:00,1774005300000,0.3107,0.3107,0.3079,0.3094,320718.7
2026-03-20 11:30:00,1774006200000,0.3094,0.3113,0.3093,0.3098,106422.5
2026-03-20 11:45:00,1774007100000,0.3098,0.3101,0.309,0.3091,72525.9
2026-03-20 12:00:00,1774008000000,0.3091,0.3112,0.3089,0.3092,97691.6
2026-03-20 12:15:00,1774008900000,0.3092,0.3092,0.3068,0.3075,275464.0
2026-03-20 12:30:00,1774009800000,0.3075,0.3097,0.3071,0.3089,175624.7
2026-03-20 12:45:00,1774010700000,0.3089,0.3089,0.3073,0.3078,38661.0
2026-03-20 13:00:00,1774011600000,0.3078,0.3085,0.3063,0.3073,102854.8
2026-03-20 13:15:00,1774012500000,0.3073,0.3106,0.307,0.3087,127903.7
2026-03-20 13:30:00,1774013400000,0.3087,0.3092,0.3064,0.3085,210065.3
2026-03-20 13:45:00,1774014300000,0.3085,0.3088,0.3061,0.307,132242.8
2026-03-20 14:00:00,1774015200000,0.307,0.3078,0.3039,0.3042,545792.2
2026-03-20 14:15:00,1774016100000,0.3042,0.3056,0.3034,0.3047,235265.2
2026-03-20 14:30:00,1774017000000,0.3047,0.3061,0.3039,0.3047,280492.8
2026-03-20 14:45:00,1774017900000,0.3047,0.3053,0.303,0.3032,45553.1
2026-03-20 15:00:00,1774018800000,0.3032,0.3037,0.3014,0.3035,330301.5
2026-03-20 15:15:00,1774019700000,0.3035,0.3049,0.3017,0.3027,261638.0
2026-03-20 15:30:00,1774020600000,0.3027,0.3046,0.3025,0.3035,234928.0
2026-03-20 15:45:00,1774021500000,0.3035,0.3037,0.3023,0.3031,28820.8
2026-03-20 16:00:00,1774022400000,0.3031,0.3031,0.3019,0.3026,54342.4
2026-03-20 16:15:00,1774023300000,0.3026,0.3034,0.3023,0.3033,38769.0
2026-03-20 16:30:00,1774024200000,0.3033,0.3033,0.3014,0.3019,135024.0
2026-03-20 16:45:00,1774025100000,0.3019,0.3025,0.3005,0.3018,212665.8
2026-03-20 17:00:00,1774026000000,0.3018,0.3023,0.3011,0.3015,89765.3
2026-03-20 17:15:00,1774026900000,0.3015,0.3018,0.2992,0.2993,774406.4
2026-03-20 17:30:00,1774027800000,0.2993,0.2995,0.2979,0.2987,210657.2
2026-03-20 17:45:00,1774028700000,0.2987,0.3017,0.2987,0.3011,179447.0
2026-03-20 18:00:00,1774029600000,0.3011,0.3015,0.2998,0.3002,67832.7
2026-03-20 18:15:00,1774030500000,0.3002,0.3002,0.2985,0.2986,48383.3
2026-03-20 18:30:00,1774031400000,0.2986,0.2986,0.2972,0.2979,190008.7
2026-03-20 18:45:00,1774032300000,0.2979,0.3015,0.2976,0.2997,818950.8
2026-03-20 19:00:00,1774033200000,0.2997,0.3011,0.2991,0.2992,161171.3
2026-03-20 19:15:00,1774034100000,0.2992,0.2997,0.298,0.2982,134883.2
2026-03-20 19:30:00,1774035000000,0.2982,0.2992,0.2982,0.2992,106831.1
2026-03-20 19:45:00,1774035900000,0.2992,0.3008,0.2985,0.3005,158278.1
2026-03-20 20:00:00,1774036800000,0.3005,0.3008,0.2993,0.3003,85978.1
2026-03-20 20:15:00,1774037700000,0.3003,0.3003,0.2991,0.2993,18599.7
2026-03-20 20:30:00,1774038600000,0.2993,0.2997,0.2984,0.2996,65169.4
2026-03-20 20:45:00,1774039500000,0.2996,0.301,0.2995,0.3006,120517.5
2026-03-20 21:00:00,1774040400000,0.3006,0.3009,0.2988,0.2995,160121.7
2026-03-20 21:15:00,1774041300000,0.2995,0.3013,0.2991,0.3012,92343.9
2026-03-20 21:30:00,1774042200000,0.3012,0.3016,0.3005,0.3009,42275.0
2026-03-20 21:45:00,1774043100000,0.3009,0.3034,0.3005,0.3027,99652.3
2026-03-20 22:00:00,1774044000000,0.3027,0.3042,0.3025,0.3035,107296.5
2026-03-20 22:15:00,1774044900000,0.3035,0.3045,0.3012,0.3031,745132.9
2026-03-20 22:30:00,1774045800000,0.3031,0.3054,0.3031,0.3053,46941.5
2026-03-20 22:45:00,1774046700000,0.3053,0.3066,0.3045,0.3049,175695.6
2026-03-20 23:00:00,1774047600000,0.3049,0.3049,0.3031,0.3037,83931.6
2026-03-20 23:15:00,1774048500000,0.3037,0.3054,0.3034,0.3048,56734.8
2026-03-20 23:30:00,1774049400000,0.3048,0.3055,0.3043,0.3044,55102.7
2026-03-20 23:45:00,1774050300000,0.3044,0.3044,0.3035,0.3043,44476.9
2026-03-21 00:00:00,1774051200000,0.3043,0.3058,0.3023,0.3026,213773.2
2026-03-21 00:15:00,1774052100000,0.3026,0.303,0.3022,0.3027,86700.9
2026-03-21 00:30:00,1774053000000,0.3027,0.303,0.3018,0.3024,34905.3
2026-03-21 00:45:00,1774053900000,0.3024,0.3027,0.3019,0.302,31830.0
2026-03-21 01:00:00,1774054800000,0.302,0.3031,0.3018,0.3022,62681.0
2026-03-21 01:15:00,1774055700000,0.3022,0.3024,0.3015,0.3017,26317.9
2026-03-21 01:30:00,1774056600000,0.3017,0.3024,0.3016,0.3021,110350.9
2026-03-21 01:45:00,1774057500000,0.3021,0.3023,0.3011,0.3015,116720.1
2026-03-21 02:00:00,1774058400000,0.3015,0.3019,0.3015,0.3019,14620.6
2026-03-21 02:15:00,1774059300000,0.3019,0.3035,0.3019,0.3035,22884.8
2026-03-21 02:30:00,1774060200000,0.3035,0.3038,0.3028,0.3036,17815.8
2026-03-21 02:45:00,1774061100000,0.3036,0.3054,0.3034,0.3051,92796.0
2026-03-21 03:00:00,1774062000000,0.3051,0.306,0.3034,0.3039,58225.3
2026-03-21 03:15:00,1774062900000,0.3039,0.3039,0.3031,0.3036,17982.2
2026-03-21 03:30:00,1774063800000,0.3036,0.3039,0.3032,0.3039,16401.6
2026-03-21 03:45:00,1774064700000,0.3039,0.3041,0.3033,0.3033,19240.8
2026-03-21 04:00:00,1774065600000,0.3033,0.3041,0.3032,0.3032,49060.3
2026-03-21 04:15:00,1774066500000,0.3032,0.304,0.3027,0.3038,36943.2
2026-03-21 04:30:00,1774067400000,0.3038,0.3038,0.3026,0.3032,35032.4
2026-03-21 04:45:00,1774068300000,0.3032,0.3034,0.3029,0.3031,12573.3
2026-03-21 05:00:00,1774069200000,0.3031,0.3037,0.3027,0.3035,70974.1
2026-03-21 05:15:00,1774070100000,0.3035,0.3049,0.3035,0.3048,42005.5
2026-03-21 05:30:00,1774071000000,0.3048,0.3056,0.3041,0.3043,44512.3
2026-03-21 05:45:00,1774071900000,0.3043,0.3046,0.304,0.3046,12137.2
2026-03-21 06:00:00,1774072800000,0.3046,0.3046,0.3037,0.3038,16344.0
2026-03-21 06:15:00,1774073700000,0.3038,0.3044,0.3032,0.3043,21763.0
2026-03-21 06:30:00,1774074600000,0.3043,0.3047,0.304,0.3042,9866.0
2026-03-21 06:45:00,1774075500000,0.3042,0.3046,0.3038,0.3039,28604.3
2026-03-21 07:00:00,1774076400000,0.3039,0.304,0.3036,0.304,35315.2
2026-03-21 07:15:00,1774077300000,0.304,0.3058,0.304,0.3055,29523.8
2026-03-21 07:30:00,1774078200000,0.3055,0.3062,0.3054,0.3054,63765.0
2026-03-21 07:45:00,1774079100000,0.3054,0.3055,0.3045,0.3051,59672.2
2026-03-21 08:00:00,1774080000000,0.3051,0.3076,0.3051,0.3075,245213.9
2026-03-21 08:15:00,1774080900000,0.3075,0.3079,0.3065,0.3066,68278.1
2026-03-21 08:30:00,1774081800000,0.3066,0.3074,0.3051,0.3073,150391.6
2026-03-21 08:45:00,1774082700000,0.3073,0.3092,0.3073,0.3081,133111.1
2026-03-21 09:00:00,1774083600000,0.3081,0.3098,0.3081,0.3089,249341.3
2026-03-21 09:15:00,1774084500000,0.3089,0.3094,0.3082,0.3085,71076.1
2026-03-21 09:30:00,1774085400000,0.3085,0.3092,0.3081,0.3091,107354.7
2026-03-21 09:45:00,1774086300000,0.3091,0.3105,0.309,0.31,143282.6
2026-03-21 10:00:00,1774087200000,0.31,0.3112,0.3085,0.3086,477240.8
2026-03-21 10:15:00,1774088100000,0.3086,0.3097,0.3057,0.3062,271792.6
2026-03-21 10:30:00,1774089000000,0.3062,0.308,0.306,0.308,58234.8
2026-03-21 10:45:00,1774089900000,0.308,0.3094,0.3078,0.309,142910.7
2026-03-21 11:00:00,1774090800000,0.309,0.3093,0.3068,0.3073,50951.7
2026-03-21 11:15:00,1774091700000,0.3073,0.3082,0.3073,0.3077,76910.8
2026-03-21 11:30:00,1774092600000,0.3077,0.3094,0.3065,0.3092,195653.1
2026-03-21 11:45:00,1774093500000,0.3092,0.3093,0.3076,0.308,71555.0
2026-03-21 12:00:00,1774094400000,0.308,0.3094,0.3077,0.3079,137677.1
2026-03-21 12:15:00,1774095300000,0.3079,0.3085,0.3076,0.308,23428.0
2026-03-21 12:30:00,1774096200000,0.308,0.311,0.3078,0.3106,363327.9
2026-03-21 12:45:00,1774097100000,0.3106,0.3115,0.3098,0.3098,197910.5
2026-03-21 13:00:00,1774098000000,0.3098,0.311,0.307,0.3073,367901.4
2026-03-21 13:15:00,1774098900000,0.3073,0.308,0.3064,0.3064,181697.5
2026-03-21 13:30:00,1774099800000,0.3064,0.3065,0.3047,0.3065,113416.1
2026-03-21 13:45:00,1774100700000,0.3065,0.3065,0.3055,0.3061,101620.1
2026-03-21 14:00:00,1774101600000,0.3061,0.3073,0.3054,0.3069,61051.4
2026-03-21 14:15:00,1774102500000,0.3069,0.3073,0.3066,0.3069,37974.4
2026-03-21 14:30:00,1774103400000,0.3069,0.308,0.3069,0.3078,30117.1
2026-03-21 14:45:00,1774104300000,0.3078,0.308,0.3053,0.3055,38030.2
2026-03-21 15:00:00,1774105200000,0.3055,0.3071,0.305,0.3071,50548.8
2026-03-21 15:15:00,1774106100000,0.3071,0.3073,0.305,0.3065,111249.5
2026-03-21 15:30:00,1774107000000,0.3065,0.3069,0.306,0.3066,53445.5
2026-03-21 15:45:00,1774107900000,0.3066,0.3075,0.3066,0.3074,22860.5
2026-03-21 16:00:00,1774108800000,0.3074,0.3075,0.305,0.3054,178726.1
2026-03-21 16:15:00,1774109700000,0.3054,0.3058,0.3033,0.3044,169853.2
2026-03-21 16:30:00,1774110600000,0.3044,0.3053,0.3042,0.3049,61569.5
2026-03-21 16:45:00,1774111500000,0.3049,0.3054,0.3043,0.3046,27349.8
2026-03-21 17:00:00,1774112400000,0.3046,0.3057,0.3041,0.3051,69208.2
2026-03-21 17:15:00,1774113300000,0.3051,0.3054,0.305,0.305,15675.9
2026-03-21 17:30:00,1774114200000,0.305,0.3053,0.3045,0.3047,32199.6
2026-03-21 17:45:00,1774115100000,0.3047,0.3049,0.3042,0.3045,59994.4
2026-03-21 18:00:00,1774116000000,0.3045,0.3045,0.3036,0.3039,39194.5
2026-03-21 18:15:00,1774116900000,0.3039,0.3054,0.3039,0.3054,65577.0
2026-03-21 18:30:00,1774117800000,0.3054,0.3064,0.3046,0.3061,253543.9
2026-03-21 18:45:00,1774118700000,0.3061,0.3062,0.3054,0.3055,12603.7
2026-03-21 19:00:00,1774119600000,0.3055,0.3057,0.3053,0.3056,11497.5
2026-03-21 19:15:00,1774120500000,0.3056,0.3064,0.3053,0.3056,27959.2
2026-03-21 19:30:00,1774121400000,0.3056,0.3061,0.3054,0.3059,8750.3
2026-03-21 19:45:00,1774122300000,0.3059,0.3065,0.3057,0.3065,21392.9
2026-03-21 20:00:00,1774123200000,0.3065,0.3069,0.3054,0.3059,239057.7
2026-03-21 20:15:00,1774124100000,0.3059,0.3068,0.3057,0.3063,55359.0
2026-03-21 20:30:00,1774125000000,0.3063,0.3067,0.3059,0.3061,61202.2
2026-03-21 20:45:00,1774125900000,0.3061,0.3066,0.3061,0.3065,10640.2
2026-03-21 21:00:00,1774126800000,0.3065,0.3066,0.3047,0.3051,121028.3
2026-03-21 21:15:00,1774127700000,0.3051,0.3053,0.3046,0.3051,37775.1
2026-03-21 21:30:00,1774128600000,0.3051,0.3052,0.3045,0.3045,12626.9
2026-03-21 21:45:00,1774129500000,0.3045,0.3048,0.3041,0.3045,29327.9
2026-03-21 22:00:00,1774130400000,0.3045,0.3045,0.3034,0.3035,49043.6
2026-03-21 22:15:00,1774131300000,0.3035,0.3039,0.3034,0.3036,22917.6
2026-03-21 22:30:00,1774132200000,0.3036,0.3038,0.3034,0.3034,12744.5
2026-03-21 22:45:00,1774133100000,0.3034,0.3036,0.3029,0.3036,61201.8
2026-03-21 23:00:00,1774134000000,0.3036,0.3036,0.3026,0.3028,24619.2
2026-03-21 23:15:00,1774134900000,0.3028,0.3031,0.3022,0.3024,22640.7
2026-03-21 23:30:00,1774135800000,0.3024,0.3024,0.3022,0.3024,5114.7
2026-03-21 23:45:00,1774136700000,0.3024,0.3024,0.2906,0.292,1970559.1
2026-03-22 00:00:00,1774137600000,0.292,0.2921,0.2836,0.2887,4892884.2
2026-03-22 00:15:00,1774138500000,0.2887,0.2918,0.2886,0.2899,291789.0
2026-03-22 00:30:00,1774139400000,0.2899,0.2921,0.2899,0.2907,252557.2
2026-03-22 00:45:00,1774140300000,0.2907,0.2911,0.2886,0.2891,57782.0
2026-03-22 01:00:00,1774141200000,0.2891,0.2904,0.2891,0.2899,151552.0
2026-03-22 01:15:00,1774142100000,0.2899,0.2905,0.2892,0.2892,104035.9
2026-03-22 01:30:00,1774143000000,0.2892,0.2895,0.2875,0.2878,85631.9
2026-03-22 01:45:00,1774143900000,0.2878,0.2886,0.2877,0.2883,73788.5
2026-03-22 02:00:00,1774144800000,0.2883,0.2892,0.2883,0.289,50240.7
2026-03-22 02:15:00,1774145700000,0.289,0.2915,0.2882,0.2909,153530.5
2026-03-22 02:30:00,1774146600000,0.2909,0.2911,0.2897,0.2899,46573.1
2026-03-22 02:45:00,1774147500000,0.2899,0.2911,0.2898,0.2905,49781.3
2026-03-22 03:00:00,1774148400000,0.2905,0.2915,0.2895,0.2913,54612.1
2026-03-22 03:15:00,1774149300000,0.2913,0.2935,0.291,0.2928,95171.2
2026-03-22 03:30:00,1774150200000,0.2928,0.2946,0.2919,0.2919,216452.8
2026-03-22 03:45:00,1774151100000,0.2919,0.2919,0.2906,0.2906,45777.3
2026-03-22 04:00:00,1774152000000,0.2906,0.293,0.2904,0.293,65353.1
2026-03-22 04:15:00,1774152900000,0.293,0.2946,0.2923,0.2924,217364.5
2026-03-22 04:30:00,1774153800000,0.2924,0.294,0.2923,0.2934,130473.3
2026-03-22 04:45:00,1774154700000,0.2934,0.2937,0.2927,0.2929,62834.7
2026-03-22 05:00:00,1774155600000,0.2929,0.2929,0.2912,0.2914,54902.9
2026-03-22 05:15:00,1774156500000,0.2914,0.2914,0.2903,0.2904,96704.9
2026-03-22 05:30:00,1774157400000,0.2904,0.2906,0.2899,0.2904,28943.3
2026-03-22 05:45:00,1774158300000,0.2904,0.291,0.29,0.2901,96146.5
2026-03-22 06:00:00,1774159200000,0.2901,0.2901,0.2881,0.2882,65409.3
2026-03-22 06:15:00,1774160100000,0.2882,0.289,0.2877,0.2888,176166.3
2026-03-22 06:30:00,1774161000000,0.2888,0.2891,0.2881,0.2888,51227.1
2026-03-22 06:45:00,1774161900000,0.2888,0.2897,0.2886,0.2894,39963.7
2026-03-22 07:00:00,1774162800000,0.2894,0.2901,0.2892,0.2898,75321.8
2026-03-22 07:15:00,1774163700000,0.2898,0.2904,0.2897,0.2899,41991.2
2026-03-22 07:30:00,1774164600000,0.2899,0.2904,0.2896,0.2898,139040.0
2026-03-22 07:45:00,1774165500000,0.2898,0.2898,0.2879,0.2881,127329.5
2026-03-22 08:00:00,1774166400000,0.2881,0.2882,0.2863,0.2873,167124.5
2026-03-22 08:15:00,1774167300000,0.2873,0.2882,0.2863,0.2867,207608.6
2026-03-22 08:30:00,1774168200000,0.2867,0.2882,0.2863,0.2882,53921.0
2026-03-22 08:45:00,1774169100000,0.2882,0.2887,0.2875,0.2883,42603.8
2026-03-22 09:00:00,1774170000000,0.2883,0.2893,0.288,0.289,56479.8
2026-03-22 09:15:00,1774170900000,0.289,0.2893,0.2875,0.2879,44739.1
2026-03-22 09:30:00,1774171800000,0.2879,0.2892,0.2879,0.2887,26647.0
2026-03-22 09:45:00,1774172700000,0.2887,0.2893,0.2885,0.289,23380.3
2026-03-22 10:00:00,1774173600000,0.289,0.2892,0.2878,0.2879,39330.1
2026-03-22 10:15:00,1774174500000,0.2879,0.2885,0.2877,0.2879,14871.2
2026-03-22 10:30:00,1774175400000,0.2879,0.2882,0.2866,0.2867,14528.2
2026-03-22 10:45:00,1774176300000,0.2867,0.287,0.2864,0.2864,82798.2
2026-03-22 11:00:00,1774177200000,0.2864,0.2867,0.2861,0.2862,114580.7
2026-03-22 11:15:00,1774178100000,0.2862,0.2869,0.2853,0.2858,69928.6
2026-03-22 11:30:00,1774179000000,0.2858,0.2865,0.2849,0.2856,29170.8
2026-03-22 11:45:00,1774179900000,0.2856,0.2856,0.2822,0.2834,827219.3
2026-03-22 12:00:00,1774180800000,0.2834,0.2849,0.2833,0.2846,202407.9
2026-03-22 12:15:00,1774181700000,0.2846,0.2875,0.2844,0.2871,202196.7
2026-03-22 12:30:00,1774182600000,0.2871,0.2873,0.2861,0.2863,32800.8
2026-03-22 12:45:00,1774183500000,0.2863,0.2865,0.2855,0.286,54165.0
2026-03-22 13:00:00,1774184400000,0.286,0.287,0.2853,0.2856,119532.6
2026-03-22 13:15:00,1774185300000,0.2856,0.2863,0.2853,0.2861,69693.5
2026-03-22 13:30:00,1774186200000,0.2861,0.2866,0.2849,0.2853,58872.9
2026-03-22 13:45:00,1774187100000,0.2853,0.2858,0.2852,0.2852,78666.7
2026-03-22 14:00:00,1774188000000,0.2852,0.2859,0.2844,0.2857,48354.2
2026-03-22 14:15:00,1774188900000,0.2857,0.2864,0.2852,0.2857,13259.5
2026-03-22 14:30:00,1774189800000,0.2857,0.2862,0.2847,0.2853,67019.7
2026-03-22 14:45:00,1774190700000,0.2853,0.2853,0.2832,0.2834,27813.4
2026-03-22 15:00:00,1774191600000,0.2834,0.2849,0.2834,0.284,108610.7
2026-03-22 15:15:00,1774192500000,0.284,0.2842,0.2831,0.2833,28880.4
2026-03-22 15:30:00,1774193400000,0.2833,0.2839,0.2831,0.2835,20870.1
2026-03-22 15:45:00,1774194300000,0.2835,0.2849,0.2835,0.2848,81108.3
2026-03-22 16:00:00,1774195200000,0.2848,0.2851,0.2843,0.2847,48513.3
2026-03-22 16:15:00,1774196100000,0.2847,0.2853,0.2844,0.2846,55907.7
2026-03-22 16:30:00,1774197000000,0.2846,0.2852,0.2844,0.2846,29371.5
2026-03-22 16:45:00,1774197900000,0.2846,0.2859,0.2846,0.2851,25483.0
2026-03-22 17:00:00,1774198800000,0.2851,0.2853,0.2837,0.2852,54599.6
2026-03-22 17:15:00,1774199700000,0.2852,0.2861,0.2852,0.286,41484.1
2026-03-22 17:30:00,1774200600000,0.286,0.2861,0.2849,0.2851,73755.2
2026-03-22 17:45:00,1774201500000,0.2851,0.2854,0.2847,0.2847,31150.1
2026-03-22 18:00:00,1774202400000,0.2847,0.2847,0.2836,0.2841,55527.6
2026-03-22 18:15:00,1774203300000,0.2841,0.2843,0.2835,0.2841,35431.5
2026-03-22 18:30:00,1774204200000,0.2841,0.2846,0.2813,0.2823,153182.5
2026-03-22 18:45:00,1774205100000,0.2823,0.2829,0.282,0.2825,27694.2
2026-03-22 19:00:00,1774206000000,0.2825,0.2826,0.2803,0.2805,128781.9
2026-03-22 19:15:00,1774206900000,0.2805,0.2809,0.2797,0.2797,86902.1
2026-03-22 19:30:00,1774207800000,0.2797,0.2812,0.2793,0.2812,40478.8
2026-03-22 19:45:00,1774208700000,0.2812,0.2813,0.2803,0.2808,46622.0
2026-03-22 20:00:00,1774209600000,0.2808,0.282,0.2808,0.2811,74305.2
2026-03-22 20:15:00,1774210500000,0.2811,0.2819,0.2804,0.2806,113500.0
2026-03-22 20:30:00,1774211400000,0.2806,0.2813,0.2805,0.2808,21099.7
2026-03-22 20:45:00,1774212300000,0.2808,0.2808,0.2799,0.28,60935.7
2026-03-22 21:00:00,1774213200000,0.28,0.2807,0.2765,0.2775,623684.5
2026-03-22 21:15:00,1774214100000,0.2775,0.2778,0.2743,0.2775,149044.5
2026-03-22 21:30:00,1774215000000,0.2775,0.2803,0.277,0.279,411657.0
2026-03-22 21:45:00,1774215900000,0.279,0.2796,0.2779,0.2792,139861.4
2026-03-22 22:00:00,1774216800000,0.2792,0.2798,0.2777,0.2785,96193.0
2026-03-22 22:15:00,1774217700000,0.2785,0.2821,0.2783,0.2813,176838.0
2026-03-22 22:30:00,1774218600000,0.2813,0.2817,0.28,0.2802,59017.6
2026-03-22 22:45:00,1774219500000,0.2802,0.2812,0.2801,0.2807,22378.7
2026-03-22 23:00:00,1774220400000,0.2807,0.2819,0.2805,0.2814,56353.6
2026-03-22 23:15:00,1774221300000,0.2814,0.2814,0.2805,0.2805,28866.6
2026-03-22 23:30:00,1774222200000,0.2805,0.2806,0.2784,0.2794,389996.2
2026-03-22 23:45:00,1774223100000,0.2794,0.2794,0.2781,0.2786,196049.5
2026-03-23 00:00:00,1774224000000,0.2786,0.2803,0.2786,0.2792,145393.0
2026-03-23 00:15:00,1774224900000,0.2792,0.2794,0.2784,0.2784,120897.4
2026-03-23 00:30:00,1774225800000,0.2784,0.2786,0.2767,0.2786,232687.6
2026-03-23 00:45:00,1774226700000,0.2786,0.2813,0.2786,0.2811,244137.1
2026-03-23 01:00:00,1774227600000,0.2811,0.2813,0.2796,0.2805,87415.8
2026-03-23 01:15:00,1774228500000,0.2805,0.2829,0.2805,0.2825,120292.3
2026-03-23 01:30:00,1774229400000,0.2825,0.2831,0.2822,0.2825,38339.5
2026-03-23 01:45:00,1774230300000,0.2825,0.2827,0.2816,0.2819,53664.3
2026-03-23 02:00:00,1774231200000,0.2819,0.2831,0.2818,0.2822,191835.3
2026-03-23 02:15:00,1774232100000,0.2822,0.2849,0.282,0.2849,66942.2
2026-03-23 02:30:00,1774233000000,0.2849,0.2849,0.2837,0.2838,21091.9
2026-03-23 02:45:00,1774233900000,0.2838,0.2838,0.283,0.2836,28078.3
2026-03-23 03:00:00,1774234800000,0.2836,0.2854,0.2831,0.2831,74912.2
2026-03-23 03:15:00,1774235700000,0.2831,0.2836,0.283,0.2835,21415.3
2026-03-23 03:30:00,1774236600000,0.2835,0.2844,0.2832,0.284,69314.1
2026-03-23 03:45:00,1774237500000,0.284,0.2841,0.2834,0.2836,79686.6
2026-03-23 04:00:00,1774238400000,0.2836,0.2851,0.2836,0.285,37018.7
2026-03-23 04:15:00,1774239300000,0.285,0.2866,0.285,0.2864,254895.1
2026-03-23 04:30:00,1774240200000,0.2864,0.2869,0.2858,0.2867,189569.4
2026-03-23 04:45:00,1774241100000,0.2867,0.2883,0.2866,0.2882,63149.1
2026-03-23 05:00:00,1774242000000,0.2882,0.289,0.2877,0.2888,76717.2
2026-03-23 05:15:00,1774242900000,0.2888,0.289,0.2883,0.2886,38268.8
2026-03-23 05:30:00,1774243800000,0.2886,0.2894,0.2882,0.2886,45030.2
2026-03-23 05:45:00,1774244700000,0.2886,0.2889,0.2867,0.2882,574022.7
2026-03-23 06:00:00,1774245600000,0.2882,0.2883,0.2865,0.2867,100550.0
2026-03-23 06:15:00,1774246500000,0.2867,0.2874,0.2867,0.2873,27057.3
2026-03-23 06:30:00,1774247400000,0.2873,0.2873,0.2844,0.2848,83534.5
2026-03-23 06:45:00,1774248300000,0.2848,0.2862,0.2841,0.2862,106673.7
2026-03-23 07:00:00,1774249200000,0.2862,0.2862,0.2843,0.2854,143986.4
2026-03-23 07:15:00,1774250100000,0.2854,0.2854,0.2826,0.2833,106177.4
2026-03-23 07:30:00,1774251000000,0.2833,0.2859,0.283,0.2855,47734.3
2026-03-23 07:45:00,1774251900000,0.2855,0.2856,0.2843,0.2844,20031.3
2026-03-23 08:00:00,1774252800000,0.2844,0.2849,0.2843,0.2848,33820.3
2026-03-23 08:15:00,1774253700000,0.2848,0.285,0.2841,0.2842,23400.1
2026-03-23 08:30:00,1774254600000,0.2842,0.2846,0.2835,0.2835,23020.7
2026-03-23 08:45:00,1774255500000,0.2835,0.2837,0.2818,0.2822,125331.0
2026-03-23 09:00:00,1774256400000,0.2822,0.2822,0.2811,0.2815,43093.8
2026-03-23 09:15:00,1774257300000,0.2815,0.2824,0.2812,0.2818,18754.5
2026-03-23 09:30:00,1774258200000,0.2818,0.2819,0.2802,0.2814,32594.1
2026-03-23 09:45:00,1774259100000,0.2814,0.2828,0.2814,0.2825,31228.3
2026-03-23 10:00:00,1774260000000,0.2825,0.2844,0.2825,0.284,118063.0
2026-03-23 10:15:00,1774260900000,0.284,0.2841,0.2825,0.2827,44636.1
2026-03-23 10:30:00,1774261800000,0.2827,0.2827,0.282,0.2823,18676.6
2026-03-23 10:45:00,1774262700000,0.2823,0.2832,0.2818,0.283,67552.9
2026-03-23 11:00:00,1774263600000,0.283,0.2965,0.2829,0.2935,2769595.9
2026-03-23 11:15:00,1774264500000,0.2935,0.2958,0.2908,0.294,497479.9
2026-03-23 11:30:00,1774265400000,0.294,0.2958,0.2923,0.2937,146400.1
2026-03-23 11:45:00,1774266300000,0.2937,0.2939,0.2911,0.2916,143080.4
2026-03-23 12:00:00,1774267200000,0.2916,0.2924,0.2892,0.2914,196821.2
2026-03-23 12:15:00,1774268100000,0.2914,0.2933,0.2911,0.293,108358.6
2026-03-23 12:30:00,1774269000000,0.293,0.2967,0.2924,0.2966,209685.1
2026-03-23 12:45:00,1774269900000,0.2966,0.2987,0.2963,0.2986,233125.6
2026-03-23 13:00:00,1774270800000,0.2986,0.3016,0.2972,0.3012,285783.3
2026-03-23 13:15:00,1774271700000,0.3012,0.3024,0.2992,0.3001,467445.7
2026-03-23 13:30:00,1774272600000,0.3001,0.3047,0.2981,0.3032,531460.4
2026-03-23 13:45:00,1774273500000,0.3032,0.3098,0.3027,0.3079,817956.4
2026-03-23 14:00:00,1774274400000,0.3079,0.3127,0.3072,0.3108,1233226.5
2026-03-23 14:15:00,1774275300000,0.3108,0.3111,0.301,0.3024,842169.9
2026-03-23 14:30:00,1774276200000,0.3024,0.3129,0.3004,0.3018,3570105.3
2026-03-23 14:45:00,1774277100000,0.3018,0.3118,0.3017,0.3113,1167026.3
2026-03-23 15:00:00,1774278000000,0.3113,0.3225,0.3078,0.3157,4921347.8
2026-03-23 15:15:00,1774278900000,0.3157,0.3217,0.3146,0.3199,2640267.8
2026-03-23 15:30:00,1774279800000,0.3199,0.3256,0.3166,0.3186,3411832.3
2026-03-23 15:45:00,1774280700000,0.3186,0.3207,0.315,0.3166,1632940.1
2026-03-23 16:00:00,1774281600000,0.3166,0.33,0.3149,0.3282,2996532.2
2026-03-23 16:15:00,1774282500000,0.3282,0.3371,0.3238,0.336,3309720.2
2026-03-23 16:30:00,1774283400000,0.336,0.3464,0.3348,0.3448,4735429.7
2026-03-23 16:45:00,1774284300000,0.3448,0.3495,0.3387,0.3398,4286164.0
2026-03-23 17:00:00,1774285200000,0.3398,0.3431,0.3356,0.3378,2400503.4
2026-03-23 17:15:00,1774286100000,0.3378,0.3393,0.3299,0.3356,4521210.8
2026-03-23 17:30:00,1774287000000,0.3356,0.3375,0.3314,0.3346,2304894.5
2026-03-23 17:45:00,1774287900000,0.3346,0.3381,0.3317,0.3372,1307938.8
2026-03-23 18:00:00,1774288800000,0.3372,0.3402,0.3366,0.3385,1705028.4
2026-03-23 18:15:00,1774289700000,0.3385,0.3413,0.3348,0.337,2092917.1
2026-03-23 18:30:00,1774290600000,0.337,0.3397,0.336,0.3377,1264807.8
2026-03-23 18:45:00,1774291500000,0.3377,0.3398,0.3363,0.3386,1205526.8
2026-03-23 19:00:00,1774292400000,0.3386,0.3469,0.3386,0.3453,3488973.2
2026-03-23 19:15:00,1774293300000,0.3453,0.3561,0.3443,0.3499,4781496.9
2026-03-23 19:30:00,1774294200000,0.3499,0.3525,0.344,0.3452,3174985.0
2026-03-23 19:45:00,1774295100000,0.3452,0.3505,0.3451,0.3466,2612850.3
2026-03-23 20:00:00,1774296000000,0.3466,0.3514,0.3417,0.3453,4384795.5
2026-03-23 20:15:00,1774296900000,0.3453,0.346,0.3415,0.3422,1787933.1
2026-03-23 20:30:00,1774297800000,0.3422,0.3436,0.339,0.3402,1940897.8
2026-03-23 20:45:00,1774298700000,0.3402,0.3447,0.3387,0.3432,1239654.6
2026-03-23 21:00:00,1774299600000,0.3432,0.3439,0.3376,0.3398,1343778.6
2026-03-23 21:15:00,1774300500000,0.3398,0.3407,0.3368,0.3379,911399.2
2026-03-23 21:30:00,1774301400000,0.3379,0.3383,0.3333,0.3348,1214676.7
2026-03-23 21:45:00,1774302300000,0.3348,0.3381,0.3331,0.3354,960400.7
2026-03-23 22:00:00,1774303200000,0.3354,0.339,0.3347,0.336,1060078.2
2026-03-23 22:15:00,1774304100000,0.336,0.3377,0.3322,0.3337,1017660.0
2026-03-23 22:30:00,1774305000000,0.3337,0.3364,0.332,0.3353,740024.5
2026-03-23 22:45:00,1774305900000,0.3353,0.3372,0.3339,0.3361,619678.4
2026-03-23 23:00:00,1774306800000,0.3361,0.3375,0.334,0.3351,908603.6
2026-03-23 23:15:00,1774307700000,0.3351,0.3358,0.3274,0.3283,1960346.5
2026-03-23 23:30:00,1774308600000,0.3283,0.3307,0.327,0.33,978520.9
2026-03-23 23:45:00,1774309500000,0.33,0.3308,0.3273,0.3277,805854.3
2026-03-24 00:00:00,1774310400000,0.3277,0.334,0.3244,0.3332,3442396.4
2026-03-24 00:15:00,1774311300000,0.3332,0.348,0.3318,0.3441,6697567.9
2026-03-24 00:30:00,1774312200000,0.3441,0.3546,0.3422,0.3521,5108263.3
2026-03-24 00:45:00,1774313100000,0.3521,0.3557,0.3454,0.3468,4019766.8
2026-03-24 01:00:00,1774314000000,0.3468,0.3485,0.3406,0.3469,3314709.2
2026-03-24 01:15:00,1774314900000,0.3469,0.3515,0.3443,0.3464,2605169.8
2026-03-24 01:30:00,1774315800000,0.3464,0.3548,0.3451,0.3519,2612758.5
2026-03-24 01:45:00,1774316700000,0.3519,0.352,0.3457,0.3479,1961768.0
2026-03-24 02:00:00,1774317600000,0.3479,0.3498,0.3408,0.3452,2273873.2
2026-03-24 02:15:00,1774318500000,0.3452,0.3479,0.3417,0.346,1940778.4
2026-03-24 02:30:00,1774319400000,0.346,0.3487,0.3398,0.3414,2034390.8
2026-03-24 02:45:00,1774320300000,0.3414,0.3416,0.3359,0.3365,2115932.1
2026-03-24 03:00:00,1774321200000,0.3365,0.3385,0.3351,0.3365,1840979.4
2026-03-24 03:15:00,1774322100000,0.3365,0.3372,0.3343,0.3347,2263307.3
2026-03-24 03:30:00,1774323000000,0.3347,0.3359,0.3299,0.3321,2671068.2
2026-03-24 03:45:00,1774323900000,0.3321,0.3335,0.3303,0.3319,1419335.0
2026-03-24 04:00:00,1774324800000,0.3319,0.3319,0.3245,0.3267,4009181.5
2026-03-24 04:15:00,1774325700000,0.3267,0.3295,0.3253,0.3289,1457217.0
2026-03-24 04:30:00,1774326600000,0.3289,0.331,0.3271,0.3309,1341466.6
2026-03-24 04:45:00,1774327500000,0.3309,0.3345,0.3245,0.3286,7247747.7
2026-03-24 05:00:00,1774328400000,0.3286,0.3292,0.3223,0.3226,2049728.1
2026-03-24 05:15:00,1774329300000,0.3226,0.3249,0.3226,0.3244,1168497.6
2026-03-24 05:30:00,1774330200000,0.3244,0.3265,0.3243,0.3256,424642.9
2026-03-24 05:45:00,1774331100000,0.3256,0.3269,0.3255,0.3267,305413.7
2026-03-24 06:00:00,1774332000000,0.3267,0.3287,0.3257,0.3261,970984.4
2026-03-24 06:15:00,1774332900000,0.3261,0.3325,0.3258,0.3296,2928200.3
2026-03-24 06:30:00,1774333800000,0.3296,0.3316,0.3285,0.33,702486.0
2026-03-24 06:45:00,1774334700000,0.33,0.3329,0.3287,0.3306,1006319.0
2026-03-24 07:00:00,1774335600000,0.3306,0.3318,0.3273,0.329,898095.1
2026-03-24 07:15:00,1774336500000,0.329,0.3303,0.3275,0.3286,798145.9
2026-03-24 07:30:00,1774337400000,0.3286,0.3292,0.3261,0.3265,531635.7
2026-03-24 07:45:00,1774338300000,0.3265,0.3266,0.3208,0.3232,1380309.0
2026-03-24 08:00:00,1774339200000,0.3232,0.3268,0.3232,0.3255,893991.3
2026-03-24 08:15:00,1774340100000,0.3255,0.3261,0.3241,0.3259,402952.8
2026-03-24 08:30:00,1774341000000,0.3259,0.3266,0.3242,0.3247,654060.5
2026-03-24 08:45:00,1774341900000,0.3247,0.3266,0.3235,0.3245,672532.6
2026-03-24 09:00:00,1774342800000,0.3245,0.3248,0.319,0.3202,1014572.4
2026-03-24 09:15:00,1774343700000,0.3202,0.3211,0.3193,0.3202,596935.0
2026-03-24 09:30:00,1774344600000,0.3202,0.3217,0.3198,0.3216,444063.2
2026-03-24 09:45:00,1774345500000,0.3216,0.3216,0.3161,0.3169,1196226.5
2026-03-24 10:00:00,1774346400000,0.3169,0.3175,0.3158,0.3166,903055.4
2026-03-24 10:15:00,1774347300000,0.3166,0.3183,0.3163,0.3176,471967.1
2026-03-24 10:30:00,1774348200000,0.3176,0.3184,0.3163,0.3165,371148.5
2026-03-24 10:45:00,1774349100000,0.3165,0.3169,0.3149,0.3165,478711.8
2026-03-24 11:00:00,1774350000000,0.3165,0.317,0.315,0.3162,400965.0
2026-03-24 11:15:00,1774350900000,0.3162,0.3165,0.3151,0.3153,230081.0
2026-03-24 11:30:00,1774351800000,0.3153,0.316,0.3147,0.3153,538526.0
2026-03-24 11:45:00,1774352700000,0.3153,0.3159,0.3118,0.3146,921259.0
2026-03-24 12:00:00,1774353600000,0.3146,0.3148,0.312,0.3123,652268.3
2026-03-24 12:15:00,1774354500000,0.3123,0.3131,0.3119,0.3127,266967.3
2026-03-24 12:30:00,1774355400000,0.3127,0.3143,0.3109,0.3138,573878.8
2026-03-24 12:45:00,1774356300000,0.3138,0.3142,0.3125,0.3125,365935.0
2026-03-24 13:00:00,1774357200000,0.3125,0.3151,0.3125,0.3128,796030.4
2026-03-24 13:15:00,1774358100000,0.3128,0.314,0.3126,0.3132,194516.8
2026-03-24 13:30:00,1774359000000,0.3132,0.3134,0.3118,0.3124,646539.4
2026-03-24 13:45:00,1774359900000,0.3124,0.3131,0.3108,0.3116,432492.1
2026-03-24 14:00:00,1774360800000,0.3116,0.3135,0.3103,0.3113,783821.5
2026-03-24 14:15:00,1774361700000,0.3113,0.3118,0.3095,0.3111,683031.4
2026-03-24 14:30:00,1774362600000,0.3111,0.3125,0.3107,0.3118,442004.6
2026-03-24 14:45:00,1774363500000,0.3118,0.3139,0.3106,0.3133,655610.9
2026-03-24 15:00:00,1774364400000,0.3133,0.3155,0.3133,0.3153,520045.0
2026-03-24 15:15:00,1774365300000,0.3153,0.3169,0.3142,0.3164,556563.4
2026-03-24 15:30:00,1774366200000,0.3164,0.3172,0.3148,0.3148,477683.6
2026-03-24 15:45:00,1774367100000,0.3148,0.3158,0.3143,0.3152,208220.9
2026-03-24 16:00:00,1774368000000,0.3152,0.3196,0.3147,0.3194,1100801.6
2026-03-24 16:15:00,1774368900000,0.3194,0.3195,0.3174,0.318,517031.9
2026-03-24 16:30:00,1774369800000,0.318,0.3209,0.3179,0.3195,531936.4
2026-03-24 16:45:00,1774370700000,0.3195,0.3221,0.3193,0.3212,350137.8
2026-03-24 17:00:00,1774371600000,0.3212,0.3235,0.3206,0.3219,1099792.6
2026-03-24 17:15:00,1774372500000,0.3219,0.3243,0.3209,0.323,496021.6
2026-03-24 17:30:00,1774373400000,0.323,0.3232,0.3185,0.3186,511205.7
2026-03-24 17:45:00,1774374300000,0.3186,0.3188,0.3171,0.3177,368199.2
2026-03-24 18:00:00,1774375200000,0.3177,0.3203,0.3177,0.3191,320717.6
2026-03-24 18:15:00,1774376100000,0.3191,0.3191,0.3172,0.3178,299746.7
2026-03-24 18:30:00,1774377000000,0.3178,0.3183,0.3165,0.3171,286388.4
2026-03-24 18:45:00,1774377900000,0.3171,0.3181,0.3169,0.3176,124630.3
2026-03-24 19:00:00,1774378800000,0.3176,0.3201,0.3176,0.3194,222486.1
2026-03-24 19:15:00,1774379700000,0.3194,0.3198,0.3183,0.3183,139963.2
2026-03-24 19:30:00,1774380600000,0.3183,0.3193,0.3181,0.3192,118479.3
2026-03-24 19:45:00,1774381500000,0.3192,0.3195,0.3186,0.3192,118457.2
2026-03-24 20:00:00,1774382400000,0.3192,0.3192,0.3164,0.3167,268677.9
2026-03-24 20:15:00,1774383300000,0.3167,0.3205,0.316,0.3193,648115.3
2026-03-24 20:30:00,1774384200000,0.3193,0.3208,0.3191,0.3192,273403.5
2026-03-24 20:45:00,1774385100000,0.3192,0.3211,0.3192,0.3196,206387.5
2026-03-24 21:00:00,1774386000000,0.3196,0.3206,0.3188,0.3188,254923.2
2026-03-24 21:15:00,1774386900000,0.3188,0.32,0.3182,0.3189,708994.8
2026-03-24 21:30:00,1774387800000,0.3189,0.3217,0.3181,0.3197,262794.6
2026-03-24 21:45:00,1774388700000,0.3197,0.3211,0.3197,0.3206,238660.2
2026-03-24 22:00:00,1774389600000,0.3206,0.322,0.3199,0.3219,148088.4
2026-03-24 22:15:00,1774390500000,0.3219,0.3226,0.3207,0.3207,176693.4
2026-03-24 22:30:00,1774391400000,0.3207,0.3207,0.3195,0.32,144009.0
2026-03-24 22:45:00,1774392300000,0.32,0.3229,0.32,0.3223,327924.0
2026-03-24 23:00:00,1774393200000,0.3223,0.3234,0.3215,0.322,285213.0
2026-03-24 23:15:00,1774394100000,0.322,0.3248,0.3218,0.3239,345428.0
2026-03-24 23:30:00,1774395000000,0.3239,0.324,0.3219,0.3219,240061.7
2026-03-24 23:45:00,1774395900000,0.3219,0.323,0.3212,0.3217,247737.9
2026-03-25 00:00:00,1774396800000,0.3217,0.3259,0.3205,0.3231,876487.4
2026-03-25 00:15:00,1774397700000,0.3231,0.3274,0.323,0.3252,1161724.5
2026-03-25 00:30:00,1774398600000,0.3252,0.3272,0.3213,0.3223,1038994.8
2026-03-25 00:45:00,1774399500000,0.3223,0.3237,0.3207,0.3216,782561.6
2026-03-25 01:00:00,1774400400000,0.3216,0.3226,0.3174,0.322,893881.3
2026-03-25 01:15:00,1774401300000,0.322,0.327,0.3217,0.3267,637766.6
2026-03-25 01:30:00,1774402200000,0.3267,0.3321,0.326,0.3302,1173344.6
2026-03-25 01:45:00,1774403100000,0.3302,0.331,0.3257,0.3279,657712.6
2026-03-25 02:00:00,1774404000000,0.3279,0.3315,0.3258,0.3311,954474.7
2026-03-25 02:15:00,1774404900000,0.3311,0.3366,0.3303,0.335,1297554.1
2026-03-25 02:30:00,1774405800000,0.335,0.3397,0.3345,0.3392,1026220.7
2026-03-25 02:45:00,1774406700000,0.3392,0.3437,0.3371,0.3402,2576694.2
2026-03-25 03:00:00,1774407600000,0.3402,0.3449,0.3386,0.3432,1462918.5
2026-03-25 03:15:00,1774408500000,0.3432,0.348,0.3419,0.3457,1607335.0
2026-03-25 03:30:00,1774409400000,0.3457,0.3509,0.3456,0.3492,1527206.4
2026-03-25 03:45:00,1774410300000,0.3492,0.3709,0.3492,0.3673,6112666.1
2026-03-25 04:00:00,1774411200000,0.3673,0.3873,0.3632,0.3837,8501822.9
2026-03-25 04:15:00,1774412100000,0.3837,0.3866,0.3625,0.3663,7666626.6
2026-03-25 04:30:00,1774413000000,0.3663,0.3683,0.3614,0.3681,3744743.9
2026-03-25 04:45:00,1774413900000,0.3681,0.3714,0.3637,0.3686,3325322.1
2026-03-25 05:00:00,1774414800000,0.3686,0.3689,0.357,0.3605,6827026.9
2026-03-25 05:15:00,1774415700000,0.3605,0.3662,0.3587,0.3659,2536523.2
2026-03-25 05:30:00,1774416600000,0.3659,0.3712,0.3631,0.3666,4363527.0
2026-03-25 05:45:00,1774417500000,0.3666,0.3685,0.3623,0.3627,1359910.3
2026-03-25 06:00:00,1774418400000,0.3627,0.3653,0.3563,0.361,2272369.9
2026-03-25 06:15:00,1774419300000,0.361,0.3661,0.3602,0.3642,989629.4
2026-03-25 06:30:00,1774420200000,0.3642,0.3758,0.3636,0.3637,3143367.8
2026-03-25 06:45:00,1774421100000,0.3637,0.3639,0.3583,0.3588,1861690.3
2026-03-25 07:00:00,1774422000000,0.3588,0.3625,0.3585,0.3621,747260.5
2026-03-25 07:15:00,1774422900000,0.3621,0.3639,0.3606,0.3623,627194.6
2026-03-25 07:30:00,1774423800000,0.3623,0.3674,0.3598,0.3606,1173319.5
2026-03-25 07:45:00,1774424700000,0.3606,0.3703,0.3604,0.3654,2344378.9
2026-03-25 08:00:00,1774425600000,0.3654,0.3665,0.3569,0.3601,1936106.3
2026-03-25 08:15:00,1774426500000,0.3601,0.3625,0.3488,0.3491,3386911.1
2026-03-25 08:30:00,1774427400000,0.3491,0.3512,0.336,0.3377,5063440.0
2026-03-25 08:45:00,1774428300000,0.3377,0.3431,0.3377,0.3422,1301468.1
2026-03-25 09:00:00,1774429200000,0.3422,0.3464,0.3422,0.3463,898271.2
2026-03-25 09:15:00,1774430100000,0.3463,0.3481,0.3438,0.3475,1098275.7
2026-03-25 09:30:00,1774431000000,0.3475,0.3478,0.3425,0.3425,1007395.2
2026-03-25 09:45:00,1774431900000,0.3425,0.3436,0.3417,0.3435,569219.6
2026-03-25 10:00:00,1774432800000,0.3435,0.3462,0.3434,0.344,614588.8
2026-03-25 10:15:00,1774433700000,0.344,0.3465,0.3431,0.3443,461158.9
2026-03-25 10:30:00,1774434600000,0.3443,0.3447,0.342,0.3424,563562.1
2026-03-25 10:45:00,1774435500000,0.3424,0.3439,0.3409,0.3433,538637.2
2026-03-25 11:00:00,1774436400000,0.3433,0.3442,0.3421,0.3432,346799.6
2026-03-25 11:15:00,1774437300000,0.3432,0.3436,0.3403,0.3418,691217.2
2026-03-25 11:30:00,1774438200000,0.3418,0.3419,0.3381,0.3387,697236.8
2026-03-25 11:45:00,1774439100000,0.3387,0.341,0.3381,0.34,554022.0
2026-03-25 12:00:00,1774440000000,0.34,0.3413,0.3386,0.3393,555690.7
2026-03-25 12:15:00,1774440900000,0.3393,0.3395,0.3348,0.3361,1059257.3
2026-03-25 12:30:00,1774441800000,0.3361,0.3362,0.3329,0.3349,855672.2
2026-03-25 12:45:00,1774442700000,0.3349,0.3356,0.3332,0.3351,660223.9
2026-03-25 13:00:00,1774443600000,0.3351,0.3381,0.3341,0.3378,497581.2
2026-03-25 13:15:00,1774444500000,0.3378,0.3378,0.3358,0.3363,262212.1
2026-03-25 13:30:00,1774445400000,0.3363,0.3389,0.3362,0.3364,451265.5
2026-03-25 13:45:00,1774446300000,0.3364,0.3373,0.3344,0.3358,307211.9
2026-03-25 14:00:00,1774447200000,0.3358,0.3365,0.3347,0.3354,241829.7
2026-03-25 14:15:00,1774448100000,0.3354,0.3355,0.3325,0.3337,406184.6
2026-03-25 14:30:00,1774449000000,0.3337,0.3358,0.333,0.3358,356927.1
2026-03-25 14:45:00,1774449900000,0.3358,0.3363,0.3338,0.334,331672.2
2026-03-25 15:00:00,1774450800000,0.334,0.3352,0.3327,0.3349,509793.9
2026-03-25 15:15:00,1774451700000,0.3349,0.3353,0.3308,0.3335,1375137.7
2026-03-25 15:30:00,1774452600000,0.3335,0.334,0.3298,0.3308,945632.6
2026-03-25 15:45:00,1774453500000,0.3308,0.3338,0.3307,0.3327,333668.5
2026-03-25 16:00:00,1774454400000,0.3327,0.3347,0.332,0.334,337430.5
2026-03-25 16:15:00,1774455300000,0.334,0.3358,0.3333,0.3349,332349.5
2026-03-25 16:30:00,1774456200000,0.3349,0.3364,0.3337,0.3348,451073.6
2026-03-25 16:45:00,1774457100000,0.3348,0.3351,0.3335,0.3338,138481.3
2026-03-25 17:00:00,1774458000000,0.3338,0.3352,0.3338,0.3343,287537.1
2026-03-25 17:15:00,1774458900000,0.3343,0.3358,0.3331,0.3358,200661.9
2026-03-25 17:30:00,1774459800000,0.3358,0.3373,0.3349,0.3352,679622.8
2026-03-25 17:45:00,1774460700000,0.3352,0.3361,0.3343,0.336,173697.9
2026-03-25 18:00:00,1774461600000,0.336,0.3379,0.3359,0.3362,466232.4
2026-03-25 18:15:00,1774462500000,0.3362,0.3397,0.3361,0.3393,408863.3
2026-03-25 18:30:00,1774463400000,0.3393,0.3407,0.339,0.3403,273589.0
2026-03-25 18:45:00,1774464300000,0.3403,0.3428,0.3387,0.3397,613949.1
2026-03-25 19:00:00,1774465200000,0.3397,0.3425,0.3375,0.3404,932538.1
2026-03-25 19:15:00,1774466100000,0.3404,0.3409,0.3381,0.3398,488310.4
2026-03-25 19:30:00,1774467000000,0.3398,0.3457,0.3391,0.3448,764959.4
2026-03-25 19:45:00,1774467900000,0.3448,0.3448,0.3405,0.3412,561629.1
2026-03-25 20:00:00,1774468800000,0.3412,0.3454,0.3411,0.3429,617398.3
2026-03-25 20:15:00,1774469700000,0.3429,0.3436,0.3396,0.3408,523357.9
2026-03-25 20:30:00,1774470600000,0.3408,0.3419,0.3387,0.341,367931.4
2026-03-25 20:45:00,1774471500000,0.341,0.342,0.3407,0.3417,221971.7
2026-03-25 21:00:00,1774472400000,0.3417,0.3423,0.3405,0.3411,292686.8
2026-03-25 21:15:00,1774473300000,0.3411,0.3438,0.3406,0.3411,285516.5
2026-03-25 21:30:00,1774474200000,0.3411,0.3416,0.3387,0.3394,263657.3
2026-03-25 21:45:00,1774475100000,0.3394,0.3411,0.3394,0.3406,199473.2
2026-03-25 22:00:00,1774476000000,0.3406,0.343,0.3406,0.3422,222774.4
2026-03-25 22:15:00,1774476900000,0.3422,0.3422,0.3373,0.3379,413611.8
2026-03-25 22:30:00,1774477800000,0.3379,0.3388,0.3362,0.3376,515377.7
2026-03-25 22:45:00,1774478700000,0.3376,0.3381,0.3369,0.3378,219140.0
2026-03-25 23:00:00,1774479600000,0.3378,0.3379,0.3355,0.3357,684849.7
2026-03-25 23:15:00,1774480500000,0.3357,0.3358,0.3331,0.335,660696.1
2026-03-25 23:30:00,1774481400000,0.335,0.3355,0.3335,0.3336,209150.6
2026-03-25 23:45:00,1774482300000,0.3336,0.3348,0.3325,0.3339,568601.0
2026-03-26 00:00:00,1774483200000,0.3339,0.3368,0.333,0.3342,1723512.0
2026-03-26 00:15:00,1774484100000,0.3342,0.3369,0.3326,0.3327,631628.9
2026-03-26 00:30:00,1774485000000,0.3327,0.3327,0.3254,0.3261,1886460.2
2026-03-26 00:45:00,1774485900000,0.3261,0.3303,0.3261,0.3301,421868.4
2026-03-26 01:00:00,1774486800000,0.3301,0.3332,0.3301,0.3317,773349.3
2026-03-26 01:15:00,1774487700000,0.3317,0.3353,0.331,0.3327,747593.2
2026-03-26 01:30:00,1774488600000,0.3327,0.3339,0.3318,0.3328,274739.9
2026-03-26 01:45:00,1774489500000,0.3328,0.3344,0.3314,0.3317,181961.6
2026-03-26 02:00:00,1774490400000,0.3317,0.3333,0.3267,0.3281,433215.5
2026-03-26 02:15:00,1774491300000,0.3281,0.3297,0.3265,0.3291,369060.5
2026-03-26 02:30:00,1774492200000,0.3291,0.3295,0.3277,0.3284,365297.5
2026-03-26 02:45:00,1774493100000,0.3284,0.3296,0.3279,0.3283,172396.0
2026-03-26 03:00:00,1774494000000,0.3283,0.3304,0.328,0.3304,185566.4
2026-03-26 03:15:00,1774494900000,0.3304,0.3309,0.3267,0.3273,205456.3
2026-03-26 03:30:00,1774495800000,0.3273,0.3305,0.3272,0.3301,325990.8
2026-03-26 03:45:00,1774496700000,0.3301,0.3315,0.3289,0.3314,247604.4
2026-03-26 04:00:00,1774497600000,0.3314,0.3314,0.3279,0.3306,347427.4
2026-03-26 04:15:00,1774498500000,0.3306,0.333,0.33,0.3316,487990.8
2026-03-26 04:30:00,1774499400000,0.3316,0.336,0.331,0.3358,1255493.2
2026-03-26 04:45:00,1774500300000,0.3358,0.3375,0.3356,0.3369,401122.6
2026-03-26 05:00:00,1774501200000,0.3369,0.3425,0.3297,0.3363,3269310.2
2026-03-26 05:15:00,1774502100000,0.3363,0.3385,0.3338,0.3359,993884.8
2026-03-26 05:30:00,1774503000000,0.3359,0.336,0.3273,0.3278,689025.7
2026-03-26 05:45:00,1774503900000,0.3278,0.3278,0.324,0.3261,1248674.2
2026-03-26 06:00:00,1774504800000,0.3261,0.3313,0.3249,0.3313,534777.4
2026-03-26 06:15:00,1774505700000,0.3313,0.3332,0.3302,0.3313,262445.5
2026-03-26 06:30:00,1774506600000,0.3313,0.3349,0.3313,0.3347,222484.2
2026-03-26 06:45:00,1774507500000,0.3347,0.338,0.334,0.3345,1154374.8
2026-03-26 07:00:00,1774508400000,0.3345,0.3352,0.3314,0.3338,574837.5
2026-03-26 07:15:00,1774509300000,0.3338,0.3351,0.3317,0.332,360122.5
2026-03-26 07:30:00,1774510200000,0.332,0.3334,0.3285,0.3299,1007070.9
2026-03-26 07:45:00,1774511100000,0.3299,0.332,0.3295,0.3316,201637.6
2026-03-26 08:00:00,1774512000000,0.3316,0.3326,0.3283,0.329,308402.2
2026-03-26 08:15:00,1774512900000,0.329,0.3302,0.3281,0.3285,172007.2
2026-03-26 08:30:00,1774513800000,0.3285,0.3328,0.3285,0.3303,863830.2
2026-03-26 08:45:00,1774514700000,0.3303,0.3318,0.3289,0.3304,308542.1
2026-03-26 09:00:00,1774515600000,0.3304,0.3345,0.3302,0.3334,431364.2
2026-03-26 09:15:00,1774516500000,0.3334,0.3357,0.3311,0.3317,498093.6
2026-03-26 09:30:00,1774517400000,0.3317,0.333,0.3296,0.3303,660056.3
2026-03-26 09:45:00,1774518300000,0.3303,0.3308,0.3286,0.3295,390809.4
2026-03-26 10:00:00,1774519200000,0.3295,0.3298,0.3245,0.3265,850176.4
2026-03-26 10:15:00,1774520100000,0.3265,0.3299,0.3259,0.3271,440725.2
2026-03-26 10:30:00,1774521000000,0.3271,0.3278,0.3225,0.3256,816855.8
2026-03-26 10:45:00,1774521900000,0.3256,0.3268,0.325,0.3261,121160.7
2026-03-26 11:00:00,1774522800000,0.3261,0.3264,0.3208,0.3211,394208.0
2026-03-26 11:15:00,1774523700000,0.3211,0.3229,0.3211,0.3229,384411.7
2026-03-26 11:30:00,1774524600000,0.3229,0.3238,0.3225,0.3229,262531.8
2026-03-26 11:45:00,1774525500000,0.3229,0.3229,0.3211,0.3215,129476.4
2026-03-26 12:00:00,1774526400000,0.3215,0.3224,0.3195,0.3207,292068.3
2026-03-26 12:15:00,1774527300000,0.3207,0.3231,0.3203,0.323,384424.7
2026-03-26 12:30:00,1774528200000,0.323,0.3233,0.3207,0.3211,277805.8
2026-03-26 12:45:00,1774529100000,0.3211,0.3224,0.3204,0.3222,245358.4
2026-03-26 13:00:00,1774530000000,0.3222,0.3238,0.3206,0.3228,383191.0
2026-03-26 13:15:00,1774530900000,0.3228,0.3231,0.3222,0.3226,140263.3
2026-03-26 13:30:00,1774531800000,0.3226,0.3234,0.3211,0.3214,273716.8
2026-03-26 13:45:00,1774532700000,0.3214,0.3249,0.3214,0.3221,396864.4
2026-03-26 14:00:00,1774533600000,0.3221,0.324,0.3219,0.3239,170076.2
2026-03-26 14:15:00,1774534500000,0.3239,0.3241,0.3225,0.3227,111382.7
2026-03-26 14:30:00,1774535400000,0.3227,0.3235,0.3223,0.3225,112512.3
2026-03-26 14:45:00,1774536300000,0.3225,0.3238,0.3223,0.3233,113482.4
2026-03-26 15:00:00,1774537200000,0.3233,0.3237,0.321,0.3214,203133.9
2026-03-26 15:15:00,1774538100000,0.3214,0.3237,0.3206,0.3223,302968.6
2026-03-26 15:30:00,1774539000000,0.3223,0.3223,0.3191,0.3212,364947.2
2026-03-26 15:45:00,1774539900000,0.3212,0.3217,0.3199,0.3204,145863.0
2026-03-26 16:00:00,1774540800000,0.3204,0.324,0.3203,0.3237,231198.3
2026-03-26 16:15:00,1774541700000,0.3237,0.3245,0.3217,0.3218,217289.8
2026-03-26 16:30:00,1774542600000,0.3218,0.3239,0.3214,0.3217,182210.1
2026-03-26 16:45:00,1774543500000,0.3217,0.3226,0.3201,0.3202,190058.2
2026-03-26 17:00:00,1774544400000,0.3202,0.3215,0.3197,0.3204,161997.1
2026-03-26 17:15:00,1774545300000,0.3204,0.3207,0.3191,0.3197,124737.2
2026-03-26 17:30:00,1774546200000,0.3197,0.32,0.3188,0.3193,122599.0
2026-03-26 17:45:00,1774547100000,0.3193,0.3198,0.3181,0.3183,236400.4
2026-03-26 18:00:00,1774548000000,0.3183,0.3192,0.3169,0.3171,259255.9
2026-03-26 18:15:00,1774548900000,0.3171,0.3171,0.3154,0.3164,209995.6
2026-03-26 18:30:00,1774549800000,0.3164,0.3164,0.3155,0.3157,58329.5
2026-03-26 18:45:00,1774550700000,0.3157,0.3162,0.3146,0.3162,111917.1
2026-03-26 19:00:00,1774551600000,0.3162,0.3164,0.3134,0.3141,253868.1
2026-03-26 19:15:00,1774552500000,0.3141,0.3146,0.3123,0.3123,275536.1
2026-03-26 19:30:00,1774553400000,0.3123,0.3129,0.3116,0.3125,201201.6
2026-03-26 19:45:00,1774554300000,0.3125,0.3136,0.3124,0.3134,86205.1
2026-03-26 20:00:00,1774555200000,0.3134,0.3186,0.313,0.3164,985764.2
2026-03-26 20:15:00,1774556100000,0.3164,0.3177,0.3155,0.3161,236314.0
2026-03-26 20:30:00,1774557000000,0.3161,0.3162,0.3149,0.3153,87869.8
2026-03-26 20:45:00,1774557900000,0.3153,0.3154,0.3137,0.3141,94931.7
2026-03-26 21:00:00,1774558800000,0.3141,0.3146,0.3132,0.3145,134735.3
2026-03-26 21:15:00,1774559700000,0.3145,0.3148,0.3133,0.3142,76866.6
2026-03-26 21:30:00,1774560600000,0.3142,0.3146,0.3136,0.3144,87214.7
2026-03-26 21:45:00,1774561500000,0.3144,0.3152,0.314,0.3142,273518.9
2026-03-26 22:00:00,1774562400000,0.3142,0.3154,0.3134,0.3138,112925.0
2026-03-26 22:15:00,1774563300000,0.3138,0.315,0.3131,0.3143,111293.2
2026-03-26 22:30:00,1774564200000,0.3143,0.3148,0.3138,0.3146,108278.3
2026-03-26 22:45:00,1774565100000,0.3146,0.3153,0.3144,0.315,64502.0
2026-03-26 23:00:00,1774566000000,0.315,0.3156,0.314,0.3147,116441.7
2026-03-26 23:15:00,1774566900000,0.3147,0.3152,0.3135,0.3138,93186.2
2026-03-26 23:30:00,1774567800000,0.3138,0.3139,0.311,0.312,258882.4
2026-03-26 23:45:00,1774568700000,0.312,0.3141,0.312,0.3134,616862.3
2026-03-27 00:00:00,1774569600000,0.3134,0.3166,0.3129,0.3144,447824.9
2026-03-27 00:15:00,1774570500000,0.3144,0.315,0.3117,0.3145,245803.7
2026-03-27 00:30:00,1774571400000,0.3145,0.315,0.3131,0.3135,118786.6
2026-03-27 00:45:00,1774572300000,0.3135,0.3135,0.3121,0.3125,94895.6
2026-03-27 01:00:00,1774573200000,0.3125,0.3129,0.3113,0.3124,202546.8
2026-03-27 01:15:00,1774574100000,0.3124,0.3134,0.3115,0.3133,118692.4
2026-03-27 01:30:00,1774575000000,0.3133,0.314,0.3131,0.3139,50369.2
2026-03-27 01:45:00,1774575900000,0.3139,0.3159,0.3138,0.3153,184594.0
2026-03-27 02:00:00,1774576800000,0.3153,0.3165,0.314,0.314,137062.1
2026-03-27 02:15:00,1774577700000,0.314,0.3144,0.3126,0.314,123598.6
2026-03-27 02:30:00,1774578600000,0.314,0.3143,0.3128,0.3128,70245.4
2026-03-27 02:45:00,1774579500000,0.3128,0.3135,0.3123,0.3131,46939.9
2026-03-27 03:00:00,1774580400000,0.3131,0.3132,0.3113,0.3117,123382.5
2026-03-27 03:15:00,1774581300000,0.3117,0.3128,0.3116,0.3127,83561.0
2026-03-27 03:30:00,1774582200000,0.3127,0.3139,0.3121,0.3134,126212.7
2026-03-27 03:45:00,1774583100000,0.3134,0.3147,0.3132,0.314,57009.9
2026-03-27 04:00:00,1774584000000,0.314,0.3155,0.3129,0.3149,233788.9
2026-03-27 04:15:00,1774584900000,0.3149,0.3154,0.3137,0.3147,120982.8
2026-03-27 04:30:00,1774585800000,0.3147,0.316,0.3139,0.3158,152550.3
2026-03-27 04:45:00,1774586700000,0.3158,0.3162,0.3137,0.3139,86057.4
2026-03-27 05:00:00,1774587600000,0.3139,0.3142,0.311,0.3117,179937.5
2026-03-27 05:15:00,1774588500000,0.3117,0.3126,0.3114,0.3117,135902.7
2026-03-27 05:30:00,1774589400000,0.3117,0.3117,0.3083,0.3093,449461.9
2026-03-27 05:45:00,1774590300000,0.3093,0.3108,0.3092,0.3108,107492.7
2026-03-27 06:00:00,1774591200000,0.3108,0.3131,0.3106,0.312,135809.6
2026-03-27 06:15:00,1774592100000,0.312,0.3125,0.3111,0.312,139948.4
2026-03-27 06:30:00,1774593000000,0.312,0.3124,0.3111,0.3113,59053.1
2026-03-27 06:45:00,1774593900000,0.3113,0.313,0.3109,0.3123,184235.8
2026-03-27 07:00:00,1774594800000,0.3123,0.3148,0.3117,0.3147,199814.2
2026-03-27 07:15:00,1774595700000,0.3147,0.316,0.3136,0.3155,182379.5
2026-03-27 07:30:00,1774596600000,0.3155,0.3189,0.3149,0.3183,348095.3
2026-03-27 07:45:00,1774597500000,0.3183,0.3209,0.3176,0.3204,457252.9
2026-03-27 08:00:00,1774598400000,0.3204,0.3206,0.3187,0.3191,400403.6
2026-03-27 08:15:00,1774599300000,0.3191,0.3202,0.3173,0.3186,261999.2
2026-03-27 08:30:00,1774600200000,0.3186,0.3196,0.3158,0.3169,549704.7
2026-03-27 08:45:00,1774601100000,0.3169,0.3198,0.3168,0.3174,181318.5
2026-03-27 09:00:00,1774602000000,0.3174,0.3184,0.3152,0.3154,260071.1
2026-03-27 09:15:00,1774602900000,0.3154,0.3189,0.3153,0.3185,145160.7
2026-03-27 09:30:00,1774603800000,0.3185,0.3191,0.3166,0.3168,118213.6
2026-03-27 09:45:00,1774604700000,0.3168,0.3194,0.3163,0.3192,175565.8
2026-03-27 10:00:00,1774605600000,0.3192,0.3234,0.3191,0.3225,421282.0
2026-03-27 10:15:00,1774606500000,0.3225,0.3238,0.3203,0.3231,526120.5
2026-03-27 10:30:00,1774607400000,0.3231,0.3243,0.3151,0.3152,1477355.6
2026-03-27 10:45:00,1774608300000,0.3152,0.3157,0.3106,0.3117,679100.3
2026-03-27 11:00:00,1774609200000,0.3117,0.3137,0.3079,0.3098,1480613.2
2026-03-27 11:15:00,1774610100000,0.3098,0.3117,0.3095,0.3112,373495.2
2026-03-27 11:30:00,1774611000000,0.3112,0.3115,0.31,0.3103,216191.2
2026-03-27 11:45:00,1774611900000,0.3103,0.3113,0.3099,0.3112,433622.4
2026-03-27 12:00:00,1774612800000,0.3112,0.3115,0.3082,0.3099,349773.7
2026-03-27 12:15:00,1774613700000,0.3099,0.311,0.307,0.309,739598.3
2026-03-27 12:30:00,1774614600000,0.309,0.309,0.3063,0.3089,290450.5
2026-03-27 12:45:00,1774615500000,0.3089,0.3097,0.3074,0.3082,488895.2
2026-03-27 13:00:00,1774616400000,0.3082,0.3103,0.3082,0.3086,167378.4
2026-03-27 13:15:00,1774617300000,0.3086,0.3093,0.3082,0.3086,280814.9
2026-03-27 13:30:00,1774618200000,0.3086,0.309,0.3052,0.3072,389567.6
2026-03-27 13:45:00,1774619100000,0.3072,0.3076,0.3042,0.3045,298694.4
2026-03-27 14:00:00,1774620000000,0.3045,0.3061,0.3043,0.3056,208302.5
2026-03-27 14:15:00,1774620900000,0.3056,0.3056,0.3034,0.3039,247556.5
2026-03-27 14:30:00,1774621800000,0.3039,0.3059,0.3039,0.305,71952.8
2026-03-27 14:45:00,1774622700000,0.305,0.3066,0.3047,0.3065,77839.8
2026-03-27 15:00:00,1774623600000,0.3065,0.3086,0.3064,0.3081,194990.8
2026-03-27 15:15:00,1774624500000,0.3081,0.3091,0.3063,0.3076,355361.3
2026-03-27 15:30:00,1774625400000,0.3076,0.3105,0.3075,0.3097,196460.7
2026-03-27 15:45:00,1774626300000,0.3097,0.3108,0.3088,0.309,128051.0
2026-03-27 16:00:00,1774627200000,0.309,0.3091,0.3045,0.3046,278292.3
2026-03-27 16:15:00,1774628100000,0.3046,0.3063,0.304,0.3063,107677.3
2026-03-27 16:30:00,1774629000000,0.3063,0.3072,0.305,0.3063,184535.7
2026-03-27 16:45:00,1774629900000,0.3063,0.3071,0.3053,0.3055,96730.4
2026-03-27 17:00:00,1774630800000,0.3055,0.3073,0.3045,0.3051,186461.8
2026-03-27 17:15:00,1774631700000,0.3051,0.3056,0.3037,0.3039,62145.0
2026-03-27 17:30:00,1774632600000,0.3039,0.3052,0.3029,0.3032,127255.3
2026-03-27 17:45:00,1774633500000,0.3032,0.3038,0.3025,0.303,67873.0
2026-03-27 18:00:00,1774634400000,0.303,0.3042,0.3025,0.3029,79783.7
2026-03-27 18:15:00,1774635300000,0.3029,0.3049,0.3026,0.303,79464.5
2026-03-27 18:30:00,1774636200000,0.303,0.3039,0.3024,0.3037,38556.6
2026-03-27 18:45:00,1774637100000,0.3037,0.3044,0.3035,0.3041,27505.4
2026-03-27 19:00:00,1774638000000,0.3041,0.3051,0.3038,0.305,81126.5
2026-03-27 19:15:00,1774638900000,0.305,0.3077,0.3042,0.3076,115438.0
2026-03-27 19:30:00,1774639800000,0.3076,0.3091,0.3072,0.3077,174831.5
2026-03-27 19:45:00,1774640700000,0.3077,0.3083,0.3063,0.3077,144502.9
2026-03-27 20:00:00,1774641600000,0.3077,0.3083,0.3069,0.3083,109365.4
2026-03-27 20:15:00,1774642500000,0.3083,0.3083,0.3055,0.3056,101975.7
2026-03-27 20:30:00,1774643400000,0.3056,0.3061,0.3048,0.3053,136854.2
2026-03-27 20:45:00,1774644300000,0.3053,0.3067,0.305,0.3055,49490.3
2026-03-27 21:00:00,1774645200000,0.3055,0.3088,0.3055,0.3087,80056.5
2026-03-27 21:15:00,1774646100000,0.3087,0.3089,0.3074,0.308,36882.2
2026-03-27 21:30:00,1774647000000,0.308,0.3087,0.3078,0.3083,26418.6
2026-03-27 21:45:00,1774647900000,0.3083,0.3085,0.3063,0.3064,65516.8
2026-03-27 22:00:00,1774648800000,0.3064,0.3064,0.305,0.3061,114351.2
2026-03-27 22:15:00,1774649700000,0.3061,0.3067,0.3049,0.3051,52752.8
2026-03-27 22:30:00,1774650600000,0.3051,0.3058,0.3039,0.3057,115146.4
2026-03-27 22:45:00,1774651500000,0.3057,0.3069,0.3057,0.3061,101002.1
2026-03-27 23:00:00,1774652400000,0.3061,0.3067,0.3052,0.3066,50411.6
2026-03-27 23:15:00,1774653300000,0.3066,0.307,0.306,0.3067,101639.7
2026-03-27 23:30:00,1774654200000,0.3067,0.3074,0.3061,0.3071,74445.6
2026-03-27 23:45:00,1774655100000,0.3071,0.3083,0.3058,0.3062,131522.4
2026-03-28 00:00:00,1774656000000,0.3062,0.3072,0.3051,0.3053,97237.4
2026-03-28 00:15:00,1774656900000,0.3053,0.3056,0.303,0.3033,87932.7
2026-03-28 00:30:00,1774657800000,0.3033,0.3037,0.3001,0.3018,768630.3
2026-03-28 00:45:00,1774658700000,0.3018,0.3024,0.3008,0.3008,95541.0
2026-03-28 01:00:00,1774659600000,0.3008,0.3009,0.297,0.2974,509278.5
2026-03-28 01:15:00,1774660500000,0.2974,0.2994,0.2974,0.2988,99916.8
2026-03-28 01:30:00,1774661400000,0.2988,0.2994,0.2974,0.2982,99624.1
2026-03-28 01:45:00,1774662300000,0.2982,0.2988,0.2973,0.2975,61635.9
2026-03-28 02:00:00,1774663200000,0.2975,0.2995,0.2974,0.298,94233.7
2026-03-28 02:15:00,1774664100000,0.298,0.2982,0.2967,0.2968,92853.3
2026-03-28 02:30:00,1774665000000,0.2968,0.2975,0.2962,0.2969,94137.3
2026-03-28 02:45:00,1774665900000,0.2969,0.2979,0.2964,0.2976,59881.4
2026-03-28 03:00:00,1774666800000,0.2976,0.2987,0.2976,0.2978,54040.5
2026-03-28 03:15:00,1774667700000,0.2978,0.2983,0.2961,0.2963,125415.4
2026-03-28 03:30:00,1774668600000,0.2963,0.2972,0.2954,0.2966,213366.9
2026-03-28 03:45:00,1774669500000,0.2966,0.2972,0.2964,0.2971,41480.3
2026-03-28 04:00:00,1774670400000,0.2971,0.2973,0.2953,0.2954,89862.0
2026-03-28 04:15:00,1774671300000,0.2954,0.2966,0.2953,0.2961,86359.5
2026-03-28 04:30:00,1774672200000,0.2961,0.2969,0.2961,0.2963,56629.0
2026-03-28 04:45:00,1774673100000,0.2963,0.2968,0.2945,0.2948,119886.2
2026-03-28 05:00:00,1774674000000,0.2948,0.295,0.2936,0.2943,192909.8
2026-03-28 05:15:00,1774674900000,0.2943,0.295,0.2938,0.2949,36325.7
2026-03-28 05:30:00,1774675800000,0.2949,0.2951,0.2941,0.2944,97518.4
2026-03-28 05:45:00,1774676700000,0.2944,0.2949,0.2939,0.2941,54799.4
2026-03-28 06:00:00,1774677600000,0.2941,0.2952,0.2939,0.2941,72340.7
2026-03-28 06:15:00,1774678500000,0.2941,0.2957,0.294,0.2953,118011.7
2026-03-28 06:30:00,1774679400000,0.2953,0.2993,0.2953,0.2986,307460.7
2026-03-28 06:45:00,1774680300000,0.2986,0.2991,0.2978,0.2978,141246.9
2026-03-28 07:00:00,1774681200000,0.2978,0.2992,0.2966,0.2985,328261.5
2026-03-28 07:15:00,1774682100000,0.2985,0.3005,0.2985,0.2999,163979.0
2026-03-28 07:30:00,1774683000000,0.2999,0.3003,0.2994,0.3003,78840.7
2026-03-28 07:45:00,1774683900000,0.3003,0.3007,0.2993,0.3007,93176.4
2026-03-28 08:00:00,1774684800000,0.3007,0.3016,0.3002,0.3008,107372.3
2026-03-28 08:15:00,1774685700000,0.3008,0.3021,0.3,0.3006,177041.1
2026-03-28 08:30:00,1774686600000,0.3006,0.3011,0.2998,0.3,53599.5
2026-03-28 08:45:00,1774687500000,0.3,0.3002,0.2996,0.2999,18910.0
2026-03-28 09:00:00,1774688400000,0.2999,0.3021,0.2999,0.3004,477540.8
2026-03-28 09:15:00,1774689300000,0.3004,0.3005,0.2963,0.2965,420752.3
2026-03-28 09:30:00,1774690200000,0.2965,0.2971,0.2959,0.296,125010.6
2026-03-28 09:45:00,1774691100000,0.296,0.2974,0.2956,0.2974,85315.1
2026-03-28 10:00:00,1774692000000,0.2974,0.2986,0.2969,0.2975,134996.9
2026-03-28 10:15:00,1774692900000,0.2975,0.2976,0.2963,0.2971,76463.3
2026-03-28 10:30:00,1774693800000,0.2971,0.2981,0.2967,0.2981,74811.3
2026-03-28 10:45:00,1774694700000,0.2981,0.2997,0.2977,0.2994,205821.7
2026-03-28 11:00:00,1774695600000,0.2994,0.2994,0.298,0.2986,65129.8
2026-03-28 11:15:00,1774696500000,0.2986,0.2986,0.2978,0.2984,68108.0
2026-03-28 11:30:00,1774697400000,0.2984,0.2984,0.2971,0.2973,36006.0
2026-03-28 11:45:00,1774698300000,0.2973,0.2975,0.2971,0.2972,33286.8
2026-03-28 12:00:00,1774699200000,0.2972,0.2975,0.2959,0.297,124807.9
2026-03-28 12:15:00,1774700100000,0.297,0.2977,0.2969,0.2972,91878.2
2026-03-28 12:30:00,1774701000000,0.2972,0.2975,0.2959,0.297,202009.6
2026-03-28 12:45:00,1774701900000,0.297,0.2977,0.2967,0.2968,75152.9
2026-03-28 13:00:00,1774702800000,0.2968,0.2985,0.2961,0.2985,73470.0
2026-03-28 13:15:00,1774703700000,0.2985,0.3029,0.2983,0.3012,658473.1
2026-03-28 13:30:00,1774704600000,0.3012,0.3076,0.3012,0.3046,1201242.3
2026-03-28 13:45:00,1774705500000,0.3046,0.3048,0.3029,0.3039,263935.1
2026-03-28 14:00:00,1774706400000,0.3039,0.304,0.3018,0.3028,135935.5
2026-03-28 14:15:00,1774707300000,0.3028,0.3031,0.2993,0.2999,387624.6
2026-03-28 14:30:00,1774708200000,0.2999,0.301,0.2993,0.2993,92868.4
2026-03-28 14:45:00,1774709100000,0.2993,0.2995,0.2981,0.2989,96563.8
2026-03-28 15:00:00,1774710000000,0.2989,0.2996,0.2979,0.2979,150835.1
2026-03-28 15:15:00,1774710900000,0.2979,0.3005,0.2977,0.2998,516069.6
2026-03-28 15:30:00,1774711800000,0.2998,0.3005,0.2989,0.2992,58155.7
2026-03-28 15:45:00,1774712700000,0.2992,0.2993,0.298,0.2982,56640.1
2026-03-28 16:00:00,1774713600000,0.2982,0.2987,0.2975,0.2982,59932.4
2026-03-28 16:15:00,1774714500000,0.2982,0.299,0.2982,0.2986,42156.3
2026-03-28 16:30:00,1774715400000,0.2986,0.299,0.2981,0.2981,37524.6
2026-03-28 16:45:00,1774716300000,0.2981,0.2991,0.298,0.2989,21933.6
2026-03-28 17:00:00,1774717200000,0.2989,0.2999,0.2988,0.2993,63774.3
2026-03-28 17:15:00,1774718100000,0.2993,0.2993,0.298,0.2982,34225.6
2026-03-28 17:30:00,1774719000000,0.2982,0.2994,0.2973,0.2987,49721.4
2026-03-28 17:45:00,1774719900000,0.2987,0.2987,0.2976,0.2976,21831.6
2026-03-28 18:00:00,1774720800000,0.2976,0.2979,0.2965,0.2978,40533.3
2026-03-28 18:15:00,1774721700000,0.2978,0.2983,0.2976,0.2983,77970.0
2026-03-28 18:30:00,1774722600000,0.2983,0.2998,0.2979,0.2997,134157.9
2026-03-28 18:45:00,1774723500000,0.2997,0.2997,0.2989,0.2989,54476.6
2026-03-28 19:00:00,1774724400000,0.2989,0.2999,0.2985,0.2991,81027.2
2026-03-28 19:15:00,1774725300000,0.2991,0.2994,0.2988,0.2992,51631.7
2026-03-28 19:30:00,1774726200000,0.2992,0.3004,0.2992,0.3,50538.5
2026-03-28 19:45:00,1774727100000,0.3,0.3012,0.3,0.3011,77775.0
2026-03-28 20:00:00,1774728000000,0.3011,0.3016,0.2993,0.3009,166590.3
2026-03-28 20:15:00,1774728900000,0.3009,0.3016,0.2997,0.2997,45599.6
2026-03-28 20:30:00,1774729800000,0.2997,0.3008,0.2993,0.3,71445.4
2026-03-28 20:45:00,1774730700000,0.3,0.3001,0.2994,0.2995,29919.4
2026-03-28 21:00:00,1774731600000,0.2995,0.3012,0.2995,0.3007,94681.4
2026-03-28 21:15:00,1774732500000,0.3007,0.3013,0.3001,0.3001,149547.1
2026-03-28 21:30:00,1774733400000,0.3001,0.3002,0.2996,0.2997,27657.0
2026-03-28 21:45:00,1774734300000,0.2997,0.3003,0.2974,0.2981,125589.8
2026-03-28 22:00:00,1774735200000,0.2981,0.2985,0.297,0.2976,60587.2
2026-03-28 22:15:00,1774736100000,0.2976,0.299,0.2976,0.2988,81788.9
2026-03-28 22:30:00,1774737000000,0.2988,0.2996,0.2988,0.2993,26531.7
2026-03-28 22:45:00,1774737900000,0.2993,0.2996,0.2987,0.2991,42349.7
2026-03-28 23:00:00,1774738800000,0.2991,0.2992,0.2954,0.2962,181483.1
2026-03-28 23:15:00,1774739700000,0.2962,0.2979,0.2948,0.2977,131246.7
2026-03-28 23:30:00,1774740600000,0.2977,0.2991,0.2971,0.2972,114655.7
2026-03-28 23:45:00,1774741500000,0.2972,0.2979,0.296,0.2972,170603.3
2026-03-29 00:00:00,1774742400000,0.2972,0.2972,0.295,0.2951,145381.1
2026-03-29 00:15:00,1774743300000,0.2951,0.2953,0.2929,0.294,295492.1
2026-03-29 00:30:00,1774744200000,0.294,0.2953,0.2938,0.2949,93817.1
2026-03-29 00:45:00,1774745100000,0.2949,0.2949,0.2937,0.294,71349.4
2026-03-29 01:00:00,1774746000000,0.294,0.2959,0.294,0.2957,128447.3
2026-03-29 01:15:00,1774746900000,0.2957,0.2963,0.2955,0.2958,67193.3
2026-03-29 01:30:00,1774747800000,0.2958,0.2962,0.2949,0.2953,31158.0
2026-03-29 01:45:00,1774748700000,0.2953,0.2955,0.294,0.2946,92370.2
2026-03-29 02:00:00,1774749600000,0.2946,0.2946,0.2934,0.2939,79012.1
2026-03-29 02:15:00,1774750500000,0.2939,0.2943,0.2934,0.2942,59260.0
2026-03-29 02:30:00,1774751400000,0.2942,0.2942,0.2919,0.2925,292645.1
2026-03-29 02:45:00,1774752300000,0.2925,0.2936,0.2922,0.293,83142.0
2026-03-29 03:00:00,1774753200000,0.293,0.2933,0.2923,0.2923,52939.3
2026-03-29 03:15:00,1774754100000,0.2923,0.2945,0.2923,0.2932,135628.9
2026-03-29 03:30:00,1774755000000,0.2932,0.2935,0.2922,0.2924,50400.8
2026-03-29 03:45:00,1774755900000,0.2924,0.293,0.2922,0.2927,66717.8
2026-03-29 04:00:00,1774756800000,0.2927,0.2936,0.292,0.2931,49849.3
2026-03-29 04:15:00,1774757700000,0.2931,0.2931,0.2915,0.2918,64040.6
2026-03-29 04:30:00,1774758600000,0.2918,0.2925,0.2914,0.2919,33601.2
2026-03-29 04:45:00,1774759500000,0.2919,0.2923,0.2909,0.2914,76588.1
2026-03-29 05:00:00,1774760400000,0.2914,0.2914,0.2902,0.2903,156602.3
2026-03-29 05:15:00,1774761300000,0.2903,0.2905,0.2896,0.2897,166665.1
2026-03-29 05:30:00,1774762200000,0.2897,0.2899,0.2892,0.2893,74839.8
2026-03-29 05:45:00,1774763100000,0.2893,0.2904,0.2888,0.289,162402.3
2026-03-29 06:00:00,1774764000000,0.289,0.2903,0.2889,0.2901,73112.8
2026-03-29 06:15:00,1774764900000,0.2901,0.2901,0.2884,0.289,55207.5
2026-03-29 06:30:00,1774765800000,0.289,0.2894,0.2887,0.2891,36594.8
2026-03-29 06:45:00,1774766700000,0.2891,0.2895,0.2883,0.2884,136014.7
2026-03-29 07:00:00,1774767600000,0.2884,0.2884,0.2867,0.2884,506963.2
2026-03-29 07:15:00,1774768500000,0.2884,0.289,0.2878,0.289,55627.9
2026-03-29 07:30:00,1774769400000,0.289,0.2894,0.2887,0.289,37379.5
2026-03-29 07:45:00,1774770300000,0.289,0.2896,0.2879,0.2879,334665.1
2026-03-29 08:00:00,1774771200000,0.2879,0.2898,0.2876,0.2892,265999.4
2026-03-29 08:15:00,1774772100000,0.2892,0.2898,0.2889,0.2897,36570.1
2026-03-29 08:30:00,1774773000000,0.2897,0.2912,0.2897,0.291,45479.0
2026-03-29 08:45:00,1774773900000,0.291,0.2912,0.29,0.291,75230.6
2026-03-29 09:00:00,1774774800000,0.291,0.291,0.29,0.2903,45119.6
2026-03-29 09:15:00,1774775700000,0.2903,0.2911,0.2902,0.2907,20629.0
2026-03-29 09:30:00,1774776600000,0.2907,0.2916,0.2905,0.2907,205998.7
2026-03-29 09:45:00,1774777500000,0.2907,0.291,0.2902,0.2902,62599.6
2026-03-29 10:00:00,1774778400000,0.2902,0.2902,0.2873,0.2876,110876.7
2026-03-29 10:15:00,1774779300000,0.2876,0.2877,0.2869,0.2869,80264.9
2026-03-29 10:30:00,1774780200000,0.2869,0.2886,0.2862,0.2886,245548.1
2026-03-29 10:45:00,1774781100000,0.2886,0.2889,0.2881,0.2885,33365.3
2026-03-29 11:00:00,1774782000000,0.2885,0.2914,0.288,0.2904,179275.2
2026-03-29 11:15:00,1774782900000,0.2904,0.2907,0.2895,0.2903,61391.0
2026-03-29 11:30:00,1774783800000,0.2903,0.2905,0.2889,0.289,98175.5
2026-03-29 11:45:00,1774784700000,0.289,0.2892,0.2882,0.2887,82236.4
2026-03-29 12:00:00,1774785600000,0.2887,0.2889,0.2876,0.2879,72139.2
2026-03-29 12:15:00,1774786500000,0.2879,0.2882,0.2873,0.2877,79532.5
2026-03-29 12:30:00,1774787400000,0.2877,0.2878,0.2849,0.2851,198712.7
2026-03-29 12:45:00,1774788300000,0.2851,0.287,0.2848,0.2865,109057.6
2026-03-29 13:00:00,1774789200000,0.2865,0.287,0.285,0.2852,276659.9
2026-03-29 13:15:00,1774790100000,0.2852,0.2863,0.2848,0.2859,61587.9
2026-03-29 13:30:00,1774791000000,0.2859,0.2864,0.2854,0.2854,50011.3
2026-03-29 13:45:00,1774791900000,0.2854,0.2858,0.2846,0.2848,83445.0
2026-03-29 14:00:00,1774792800000,0.2848,0.2873,0.2841,0.2866,330363.1
2026-03-29 14:15:00,1774793700000,0.2866,0.2873,0.2859,0.2861,56627.1
2026-03-29 14:30:00,1774794600000,0.2861,0.2866,0.286,0.2866,41597.3
2026-03-29 14:45:00,1774795500000,0.2866,0.2868,0.2846,0.2847,233311.0
2026-03-29 15:00:00,1774796400000,0.2847,0.2856,0.284,0.2844,266189.2
2026-03-29 15:15:00,1774797300000,0.2844,0.2849,0.2833,0.284,159864.7
2026-03-29 15:30:00,1774798200000,0.284,0.2846,0.2814,0.282,252192.9
2026-03-29 15:45:00,1774799100000,0.282,0.2837,0.2814,0.2835,203606.2
2026-03-29 16:00:00,1774800000000,0.2835,0.2841,0.2829,0.2832,71508.8
2026-03-29 16:15:00,1774800900000,0.2832,0.2855,0.2831,0.2843,92031.8
2026-03-29 16:30:00,1774801800000,0.2843,0.2844,0.283,0.283,45202.4
2026-03-29 16:45:00,1774802700000,0.283,0.2833,0.2828,0.2828,12004.7
2026-03-29 17:00:00,1774803600000,0.2828,0.2833,0.282,0.282,44703.0
2026-03-29 17:15:00,1774804500000,0.282,0.2825,0.2814,0.2823,245464.9
2026-03-29 17:30:00,1774805400000,0.2823,0.2834,0.2821,0.2833,102518.0
2026-03-29 17:45:00,1774806300000,0.2833,0.2833,0.2827,0.2832,23384.9
2026-03-29 18:00:00,1774807200000,0.2832,0.2832,0.2814,0.2824,89209.2
2026-03-29 18:15:00,1774808100000,0.2824,0.2827,0.2807,0.2813,301980.4
2026-03-29 18:30:00,1774809000000,0.2813,0.2827,0.2811,0.2827,116243.3
2026-03-29 18:45:00,1774809900000,0.2827,0.2828,0.2819,0.282,55573.3
2026-03-29 19:00:00,1774810800000,0.282,0.2821,0.2814,0.2819,19700.1
2026-03-29 19:15:00,1774811700000,0.2819,0.2828,0.2818,0.2822,166706.6
2026-03-29 19:30:00,1774812600000,0.2822,0.2831,0.2822,0.2829,69133.6
2026-03-29 19:45:00,1774813500000,0.2829,0.2839,0.2829,0.2833,117702.8
2026-03-29 20:00:00,1774814400000,0.2833,0.284,0.2828,0.283,80237.3
2026-03-29 20:15:00,1774815300000,0.283,0.2848,0.283,0.284,138374.7
2026-03-29 20:30:00,1774816200000,0.284,0.2842,0.2826,0.2827,51839.1
2026-03-29 20:45:00,1774817100000,0.2827,0.2837,0.2826,0.2837,19769.8
2026-03-29 21:00:00,1774818000000,0.2837,0.2841,0.2831,0.2835,101146.5
2026-03-29 21:15:00,1774818900000,0.2835,0.2837,0.2833,0.2834,29393.3
2026-03-29 21:30:00,1774819800000,0.2834,0.2834,0.2826,0.283,55082.6
2026-03-29 21:45:00,1774820700000,0.283,0.2836,0.283,0.2834,150706.4
2026-03-29 22:00:00,1774821600000,0.2834,0.2834,0.2815,0.2824,136607.5
2026-03-29 22:15:00,1774822500000,0.2824,0.2833,0.2823,0.2832,85251.4
2026-03-29 22:30:00,1774823400000,0.2832,0.2832,0.2795,0.2801,584313.3
2026-03-29 22:45:00,1774824300000,0.2801,0.2806,0.2749,0.2791,1321316.6
2026-03-29 23:00:00,1774825200000,0.2791,0.2807,0.2776,0.2782,391066.6
2026-03-29 23:15:00,1774826100000,0.2782,0.2798,0.2781,0.2784,128229.4
2026-03-29 23:30:00,1774827000000,0.2784,0.2784,0.2771,0.2778,85835.5
2026-03-29 23:45:00,1774827900000,0.2778,0.2797,0.2772,0.2793,130205.0
2026-03-30 00:00:00,1774828800000,0.2793,0.2798,0.2774,0.278,95668.8
2026-03-30 00:15:00,1774829700000,0.278,0.2822,0.2771,0.2806,615802.7
2026-03-30 00:30:00,1774830600000,0.2806,0.2812,0.2767,0.2769,86208.6
2026-03-30 00:45:00,1774831500000,0.2769,0.2788,0.2765,0.2784,123197.6
2026-03-30 01:00:00,1774832400000,0.2784,0.2807,0.2784,0.2804,87736.8
2026-03-30 01:15:00,1774833300000,0.2804,0.2812,0.2799,0.2809,95802.6
2026-03-30 01:30:00,1774834200000,0.2809,0.2813,0.2797,0.2806,131706.7
2026-03-30 01:45:00,1774835100000,0.2806,0.2835,0.2806,0.2826,187228.2
2026-03-30 02:00:00,1774836000000,0.2826,0.2837,0.2818,0.2836,114755.4
2026-03-30 02:15:00,1774836900000,0.2836,0.2839,0.2819,0.282,62261.2
2026-03-30 02:30:00,1774837800000,0.282,0.2833,0.2814,0.2833,112461.0
2026-03-30 02:45:00,1774838700000,0.2833,0.2855,0.2821,0.2822,305685.9
2026-03-30 03:00:00,1774839600000,0.2822,0.2832,0.2821,0.283,89419.2
2026-03-30 03:15:00,1774840500000,0.283,0.285,0.2829,0.285,62927.3
2026-03-30 03:30:00,1774841400000,0.285,0.2855,0.2846,0.2854,49359.6
2026-03-30 03:45:00,1774842300000,0.2854,0.2864,0.2852,0.2859,49161.1
2026-03-30 04:00:00,1774843200000,0.2859,0.2873,0.2853,0.2871,137814.1
2026-03-30 04:15:00,1774844100000,0.2871,0.2871,0.286,0.2864,94247.8
2026-03-30 04:30:00,1774845000000,0.2864,0.2876,0.2863,0.2872,85525.1
2026-03-30 04:45:00,1774845900000,0.2872,0.2873,0.2846,0.2852,248948.8
2026-03-30 05:00:00,1774846800000,0.2852,0.2857,0.2837,0.2838,149625.2
2026-03-30 05:15:00,1774847700000,0.2838,0.2843,0.2831,0.2838,80435.7
2026-03-30 05:30:00,1774848600000,0.2838,0.2839,0.2824,0.2827,96926.0
2026-03-30 05:45:00,1774849500000,0.2827,0.2828,0.2819,0.2822,70481.6
2026-03-30 06:00:00,1774850400000,0.2822,0.2823,0.2814,0.2821,74733.7
2026-03-30 06:15:00,1774851300000,0.2821,0.2824,0.2818,0.2823,64233.1
2026-03-30 06:30:00,1774852200000,0.2823,0.2824,0.2807,0.2822,125912.5
2026-03-30 06:45:00,1774853100000,0.2822,0.2828,0.2816,0.2816,107614.5
2026-03-30 07:00:00,1774854000000,0.2816,0.2829,0.2814,0.2823,152794.1
2026-03-30 07:15:00,1774854900000,0.2823,0.2833,0.2821,0.2822,58329.0
2026-03-30 07:30:00,1774855800000,0.2822,0.2829,0.282,0.2826,62245.4
2026-03-30 07:45:00,1774856700000,0.2826,0.2855,0.2823,0.284,241450.7
2026-03-30 08:00:00,1774857600000,0.284,0.2851,0.2833,0.2849,151902.9
2026-03-30 08:15:00,1774858500000,0.2849,0.2849,0.2836,0.2837,53412.5
2026-03-30 08:30:00,1774859400000,0.2837,0.2842,0.2828,0.2838,97559.7
2026-03-30 08:45:00,1774860300000,0.2838,0.2848,0.2838,0.2844,92385.4
2026-03-30 09:00:00,1774861200000,0.2844,0.2864,0.284,0.2864,66269.3
2026-03-30 09:15:00,1774862100000,0.2864,0.2872,0.2863,0.2865,387499.2
2026-03-30 09:30:00,1774863000000,0.2865,0.2889,0.2859,0.2879,430189.7
2026-03-30 09:45:00,1774863900000,0.2879,0.2888,0.2874,0.2875,181135.5
2026-03-30 10:00:00,1774864800000,0.2875,0.2882,0.2855,0.2856,118690.0
2026-03-30 10:15:00,1774865700000,0.2856,0.287,0.2856,0.2865,133551.5
2026-03-30 10:30:00,1774866600000,0.2865,0.2877,0.2856,0.2875,127386.7
2026-03-30 10:45:00,1774867500000,0.2875,0.2887,0.2872,0.2878,169974.8
2026-03-30 11:00:00,1774868400000,0.2878,0.2878,0.2865,0.2866,227932.1
2026-03-30 11:15:00,1774869300000,0.2866,0.2891,0.2856,0.2863,617992.6
2026-03-30 11:30:00,1774870200000,0.2863,0.2884,0.2863,0.2876,143065.0
2026-03-30 11:45:00,1774871100000,0.2876,0.2891,0.2874,0.2882,118805.4
2026-03-30 12:00:00,1774872000000,0.2882,0.2884,0.2868,0.2876,158099.9
2026-03-30 12:15:00,1774872900000,0.2876,0.289,0.2876,0.289,35484.2
2026-03-30 12:30:00,1774873800000,0.289,0.2895,0.288,0.2884,84188.8
2026-03-30 12:45:00,1774874700000,0.2884,0.2885,0.2876,0.2881,62610.2
2026-03-30 13:00:00,1774875600000,0.2881,0.2891,0.2872,0.2875,97024.7
2026-03-30 13:15:00,1774876500000,0.2875,0.2879,0.2868,0.2868,58498.9
2026-03-30 13:30:00,1774877400000,0.2868,0.2868,0.2845,0.2845,272168.1
2026-03-30 13:45:00,1774878300000,0.2845,0.2852,0.2824,0.2824,254847.9
2026-03-30 14:00:00,1774879200000,0.2824,0.2842,0.2823,0.2836,187884.6
2026-03-30 14:15:00,1774880100000,0.2836,0.2838,0.2819,0.2822,184806.5
2026-03-30 14:30:00,1774881000000,0.2822,0.283,0.28,0.2813,428543.8
2026-03-30 14:45:00,1774881900000,0.2813,0.2836,0.2809,0.283,277843.8
2026-03-30 15:00:00,1774882800000,0.283,0.2836,0.281,0.281,170122.4
2026-03-30 15:15:00,1774883700000,0.281,0.2817,0.2798,0.2817,170623.5
2026-03-30 15:30:00,1774884600000,0.2817,0.2838,0.2814,0.2832,112564.9
2026-03-30 15:45:00,1774885500000,0.2832,0.2835,0.2816,0.2819,97864.4
2026-03-30 16:00:00,1774886400000,0.2819,0.2823,0.281,0.2819,149291.4
2026-03-30 16:15:00,1774887300000,0.2819,0.2839,0.2815,0.2831,417238.6
2026-03-30 16:30:00,1774888200000,0.2831,0.2831,0.2809,0.2814,117730.7
2026-03-30 16:45:00,1774889100000,0.2814,0.2814,0.2789,0.281,298952.4
2026-03-30 17:00:00,1774890000000,0.281,0.2821,0.2807,0.2807,67526.6
2026-03-30 17:15:00,1774890900000,0.2807,0.281,0.2783,0.2797,151434.6
2026-03-30 17:30:00,1774891800000,0.2797,0.2804,0.2787,0.2793,126357.7
2026-03-30 17:45:00,1774892700000,0.2793,0.2796,0.2783,0.2789,65398.9
2026-03-30 18:00:00,1774893600000,0.2789,0.2792,0.2773,0.2777,149529.5
2026-03-30 18:15:00,1774894500000,0.2777,0.2781,0.2767,0.2773,79103.3
2026-03-30 18:30:00,1774895400000,0.2773,0.2774,0.2766,0.2772,50331.7
2026-03-30 18:45:00,1774896300000,0.2772,0.2772,0.2742,0.2748,344890.2
2026-03-30 19:00:00,1774897200000,0.2748,0.2749,0.2729,0.2743,236342.5
2026-03-30 19:15:00,1774898100000,0.2743,0.2745,0.2729,0.2731,222655.7
2026-03-30 19:30:00,1774899000000,0.2731,0.2737,0.2724,0.2732,64075.3
2026-03-30 19:45:00,1774899900000,0.2732,0.2741,0.2731,0.2738,34317.9
2026-03-30 20:00:00,1774900800000,0.2738,0.2746,0.2737,0.2741,72568.8
2026-03-30 20:15:00,1774901700000,0.2741,0.2747,0.2739,0.2739,37568.5
2026-03-30 20:30:00,1774902600000,0.2739,0.2744,0.2732,0.2739,80390.5
2026-03-30 20:45:00,1774903500000,0.2739,0.274,0.2732,0.2739,38967.3
2026-03-30 21:00:00,1774904400000,0.2739,0.2758,0.2736,0.2752,184137.2
2026-03-30 21:15:00,1774905300000,0.2752,0.2764,0.275,0.2758,84046.3
2026-03-30 21:30:00,1774906200000,0.2758,0.2758,0.2748,0.2753,50443.1
2026-03-30 21:45:00,1774907100000,0.2753,0.2761,0.2751,0.2752,47053.9
2026-03-30 22:00:00,1774908000000,0.2752,0.2758,0.2742,0.2749,84544.6
2026-03-30 22:15:00,1774908900000,0.2749,0.2755,0.2747,0.2752,61375.5
2026-03-30 22:30:00,1774909800000,0.2752,0.2763,0.2749,0.276,220414.7
2026-03-30 22:45:00,1774910700000,0.276,0.276,0.2749,0.2755,180845.7
2026-03-30 23:00:00,1774911600000,0.2755,0.2755,0.2728,0.2731,134361.4
2026-03-30 23:15:00,1774912500000,0.2731,0.2739,0.2728,0.2737,58055.9
2026-03-30 23:30:00,1774913400000,0.2737,0.2745,0.2726,0.2736,97320.1
2026-03-30 23:45:00,1774914300000,0.2736,0.2736,0.273,0.2733,111007.3
2026-03-31 00:00:00,1774915200000,0.2733,0.2734,0.2719,0.2722,98313.7
2026-03-31 00:15:00,1774916100000,0.2722,0.2728,0.2713,0.2728,140775.4
2026-03-31 00:30:00,1774917000000,0.2728,0.2733,0.2721,0.2728,73865.3
2026-03-31 00:45:00,1774917900000,0.2728,0.2737,0.2726,0.2728,65292.6
2026-03-31 01:00:00,1774918800000,0.2728,0.2737,0.2725,0.2728,62969.5
2026-03-31 01:15:00,1774919700000,0.2728,0.2752,0.2727,0.2749,178327.4
2026-03-31 01:30:00,1774920600000,0.2749,0.2769,0.2741,0.2741,339297.7
2026-03-31 01:45:00,1774921500000,0.2741,0.2758,0.2735,0.2756,124286.3
2026-03-31 02:00:00,1774922400000,0.2756,0.2764,0.275,0.2763,100398.2
2026-03-31 02:15:00,1774923300000,0.2763,0.2776,0.2762,0.2774,57800.1
2026-03-31 02:30:00,1774924200000,0.2774,0.2777,0.2759,0.2765,100325.4
2026-03-31 02:45:00,1774925100000,0.2765,0.277,0.276,0.2764,35796.2
2026-03-31 03:00:00,1774926000000,0.2764,0.2764,0.275,0.2752,70406.8
2026-03-31 03:15:00,1774926900000,0.2752,0.2754,0.2748,0.2749,31305.8
2026-03-31 03:30:00,1774927800000,0.2749,0.2752,0.2743,0.2746,24403.0
2026-03-31 03:45:00,1774928700000,0.2746,0.2757,0.2746,0.275,65762.0
2026-03-31 04:00:00,1774929600000,0.275,0.2751,0.274,0.2744,51701.4
2026-03-31 04:15:00,1774930500000,0.2744,0.2754,0.274,0.2748,162510.2
2026-03-31 04:30:00,1774931400000,0.2748,0.2751,0.2746,0.2747,74997.0
2026-03-31 04:45:00,1774932300000,0.2747,0.2757,0.2747,0.2748,48923.5
2026-03-31 05:00:00,1774933200000,0.2748,0.2759,0.2748,0.2749,47611.7
2026-03-31 05:15:00,1774934100000,0.2749,0.276,0.2749,0.276,58089.4
2026-03-31 05:30:00,1774935000000,0.276,0.2765,0.2754,0.276,71399.2
2026-03-31 05:45:00,1774935900000,0.276,0.2768,0.276,0.2767,13007.0
2026-03-31 06:00:00,1774936800000,0.2767,0.2767,0.2752,0.2761,116090.1
2026-03-31 06:15:00,1774937700000,0.2761,0.2763,0.275,0.2754,51401.0
2026-03-31 06:30:00,1774938600000,0.2754,0.2758,0.275,0.2758,65685.3
2026-03-31 06:45:00,1774939500000,0.2758,0.277,0.2758,0.2766,48657.9
2026-03-31 07:00:00,1774940400000,0.2766,0.2766,0.2747,0.275,70349.8
2026-03-31 07:15:00,1774941300000,0.275,0.2755,0.2743,0.275,45039.3
2026-03-31 07:30:00,1774942200000,0.275,0.2756,0.275,0.2756,75567.7
2026-03-31 07:45:00,1774943100000,0.2756,0.2767,0.2756,0.2766,37712.9
2026-03-31 08:00:00,1774944000000,0.2766,0.2768,0.2757,0.2757,38440.9
2026-03-31 08:15:00,1774944900000,0.2757,0.2763,0.2754,0.2755,17383.4
2026-03-31 08:30:00,1774945800000,0.2755,0.2755,0.2722,0.2725,278455.0
2026-03-31 08:45:00,1774946700000,0.2725,0.2734,0.2718,0.2722,150016.9
2026-03-31 09:00:00,1774947600000,0.2722,0.2732,0.2718,0.2725,85756.2
2026-03-31 09:15:00,1774948500000,0.2725,0.2727,0.2704,0.2711,253594.1
2026-03-31 09:30:00,1774949400000,0.2711,0.2714,0.2683,0.2694,454764.3
2026-03-31 09:45:00,1774950300000,0.2694,0.27,0.2677,0.2689,337988.4
2026-03-31 10:00:00,1774951200000,0.2689,0.2709,0.2687,0.2707,105663.3
2026-03-31 10:15:00,1774952100000,0.2707,0.271,0.2696,0.2701,26685.5
2026-03-31 10:30:00,1774953000000,0.2701,0.2701,0.2682,0.2689,180182.5
2026-03-31 10:45:00,1774953900000,0.2689,0.2694,0.2686,0.2686,113631.5
2026-03-31 11:00:00,1774954800000,0.2686,0.2706,0.2682,0.2706,643021.9
2026-03-31 11:15:00,1774955700000,0.2706,0.2712,0.2699,0.2701,188767.8
2026-03-31 11:30:00,1774956600000,0.2701,0.2704,0.2691,0.2695,116480.4
2026-03-31 11:45:00,1774957500000,0.2695,0.2696,0.2684,0.2691,156907.4
2026-03-31 12:00:00,1774958400000,0.2691,0.27,0.2689,0.269,88252.9
2026-03-31 12:15:00,1774959300000,0.269,0.2707,0.2687,0.2705,266997.5
2026-03-31 12:30:00,1774960200000,0.2705,0.2709,0.27,0.2704,122980.2
2026-03-31 12:45:00,1774961100000,0.2704,0.2718,0.2702,0.2705,200920.5
2026-03-31 13:00:00,1774962000000,0.2705,0.2738,0.2705,0.2734,140844.6
2026-03-31 13:15:00,1774962900000,0.2734,0.2739,0.273,0.2732,82441.0
2026-03-31 13:30:00,1774963800000,0.2732,0.2764,0.273,0.2753,279841.8
2026-03-31 13:45:00,1774964700000,0.2753,0.2765,0.2749,0.2758,155809.7
2026-03-31 14:00:00,1774965600000,0.2758,0.2764,0.2741,0.2755,175235.8
2026-03-31 14:15:00,1774966500000,0.2755,0.277,0.2754,0.2765,63634.0
2026-03-31 14:30:00,1774967400000,0.2765,0.2768,0.2743,0.2749,121639.8
2026-03-31 14:45:00,1774968300000,0.2749,0.2749,0.2721,0.2742,198244.8
2026-03-31 15:00:00,1774969200000,0.2742,0.2782,0.2742,0.2775,178967.2
2026-03-31 15:15:00,1774970100000,0.2775,0.278,0.2757,0.2759,68025.4
2026-03-31 15:30:00,1774971000000,0.2759,0.2764,0.2743,0.2743,55983.7
2026-03-31 15:45:00,1774971900000,0.2743,0.2754,0.2739,0.2743,27101.4
2026-03-31 16:00:00,1774972800000,0.2743,0.2772,0.2743,0.2765,45416.4
2026-03-31 16:15:00,1774973700000,0.2765,0.2776,0.276,0.2773,112534.8
2026-03-31 16:30:00,1774974600000,0.2773,0.2787,0.276,0.2774,354203.3
2026-03-31 16:45:00,1774975500000,0.2774,0.2781,0.2761,0.2767,197890.5
2026-03-31 17:00:00,1774976400000,0.2767,0.2808,0.276,0.2807,303597.0
2026-03-31 17:15:00,1774977300000,0.2807,0.2815,0.2791,0.2795,395052.1
2026-03-31 17:30:00,1774978200000,0.2795,0.2795,0.2778,0.2782,137967.6
2026-03-31 17:45:00,1774979100000,0.2782,0.2785,0.2774,0.2782,47499.9
2026-03-31 18:00:00,1774980000000,0.2782,0.2796,0.2782,0.2792,43761.4
2026-03-31 18:15:00,1774980900000,0.2792,0.2799,0.2785,0.2788,43033.9
2026-03-31 18:30:00,1774981800000,0.2788,0.2803,0.2786,0.2793,43116.0
2026-03-31 18:45:00,1774982700000,0.2793,0.2802,0.279,0.2801,64379.7
2026-03-31 19:00:00,1774983600000,0.2801,0.2811,0.2801,0.2806,87770.5
2026-03-31 19:15:00,1774984500000,0.2806,0.281,0.2794,0.2795,61383.8
2026-03-31 19:30:00,1774985400000,0.2795,0.28,0.2789,0.28,66807.7
2026-03-31 19:45:00,1774986300000,0.28,0.281,0.2798,0.2809,23913.8
2026-03-31 20:00:00,1774987200000,0.2809,0.2816,0.2799,0.2814,73180.9
2026-03-31 20:15:00,1774988100000,0.2814,0.2816,0.2807,0.281,68609.9
2026-03-31 20:30:00,1774989000000,0.281,0.2827,0.281,0.2821,77120.9
2026-03-31 20:45:00,1774989900000,0.2821,0.2829,0.2819,0.2828,41718.3
2026-03-31 21:00:00,1774990800000,0.2828,0.283,0.2804,0.2807,70842.5
2026-03-31 21:15:00,1774991700000,0.2807,0.2813,0.2805,0.2812,17565.5
2026-03-31 21:30:00,1774992600000,0.2812,0.2813,0.2797,0.2799,57952.3
2026-03-31 21:45:00,1774993500000,0.2799,0.2814,0.2799,0.2801,45068.8
2026-03-31 22:00:00,1774994400000,0.2801,0.2813,0.2798,0.2805,54826.4
2026-03-31 22:15:00,1774995300000,0.2805,0.2809,0.2799,0.2805,38520.1
2026-03-31 22:30:00,1774996200000,0.2805,0.2805,0.2793,0.2801,58568.6
2026-03-31 22:45:00,1774997100000,0.2801,0.2801,0.279,0.2793,72998.4
2026-03-31 23:00:00,1774998000000,0.2793,0.2796,0.279,0.2791,53524.0
2026-03-31 23:15:00,1774998900000,0.2791,0.2798,0.2783,0.2787,136383.2
2026-03-31 23:30:00,1774999800000,0.2787,0.2798,0.2785,0.2792,106107.3
2026-03-31 23:45:00,1775000700000,0.2792,0.2792,0.2774,0.278,105170.3
2026-04-01 00:00:00,1775001600000,0.278,0.278,0.2765,0.2767,168764.8
2026-04-01 00:15:00,1775002500000,0.2767,0.2768,0.2756,0.276,85210.7
2026-04-01 00:30:00,1775003400000,0.276,0.2761,0.2748,0.2753,77392.3
2026-04-01 00:45:00,1775004300000,0.2753,0.2773,0.2751,0.2771,122035.3
2026-04-01 01:00:00,1775005200000,0.2771,0.2772,0.2759,0.2762,77864.1
2026-04-01 01:15:00,1775006100000,0.2762,0.2763,0.2754,0.2754,44576.6
2026-04-01 01:30:00,1775007000000,0.2754,0.2765,0.2746,0.2752,240336.9
2026-04-01 01:45:00,1775007900000,0.2752,0.2755,0.2742,0.2743,69764.0
2026-04-01 02:00:00,1775008800000,0.2743,0.2752,0.2739,0.2744,84181.8
2026-04-01 02:15:00,1775009700000,0.2744,0.2744,0.2732,0.2742,74499.3
2026-04-01 02:30:00,1775010600000,0.2742,0.2754,0.2741,0.2753,33389.5
2026-04-01 02:45:00,1775011500000,0.2753,0.2758,0.2749,0.2751,89393.5
2026-04-01 03:00:00,1775012400000,0.2751,0.2754,0.2745,0.2752,66358.2
2026-04-01 03:15:00,1775013300000,0.2752,0.2754,0.2741,0.2743,33104.1
2026-04-01 03:30:00,1775014200000,0.2743,0.2755,0.2742,0.2753,61986.3
2026-04-01 03:45:00,1775015100000,0.2753,0.2769,0.2753,0.2762,89695.5
2026-04-01 04:00:00,1775016000000,0.2762,0.2772,0.2757,0.2758,130257.8
2026-04-01 04:15:00,1775016900000,0.2758,0.2765,0.2754,0.2756,60558.4
2026-04-01 04:30:00,1775017800000,0.2756,0.2759,0.2752,0.2755,51538.2
2026-04-01 04:45:00,1775018700000,0.2755,0.2762,0.2752,0.2756,28578.9
2026-04-01 05:00:00,1775019600000,0.2756,0.2756,0.2745,0.275,123537.3
2026-04-01 05:15:00,1775020500000,0.275,0.2773,0.2746,0.2772,198459.1
2026-04-01 05:30:00,1775021400000,0.2772,0.2775,0.2763,0.2769,58502.5
2026-04-01 05:45:00,1775022300000,0.2769,0.2784,0.2769,0.2775,122822.4
2026-04-01 06:00:00,1775023200000,0.2775,0.2783,0.2764,0.2779,108891.6
2026-04-01 06:15:00,1775024100000,0.2779,0.2783,0.2775,0.278,152984.3
2026-04-01 06:30:00,1775025000000,0.278,0.2793,0.2779,0.2791,81351.9
2026-04-01 06:45:00,1775025900000,0.2791,0.2794,0.2786,0.2793,91640.3
2026-04-01 07:00:00,1775026800000,0.2793,0.28,0.279,0.2796,213970.1
2026-04-01 07:15:00,1775027700000,0.2796,0.28,0.278,0.2792,251255.6
2026-04-01 07:30:00,1775028600000,0.2792,0.2812,0.2792,0.2797,119478.5
2026-04-01 07:45:00,1775029500000,0.2797,0.2804,0.2789,0.2794,36990.8
2026-04-01 08:00:00,1775030400000,0.2794,0.2806,0.2782,0.2789,300607.1
2026-04-01 08:15:00,1775031300000,0.2789,0.2804,0.2785,0.2802,101495.1
2026-04-01 08:30:00,1775032200000,0.2802,0.281,0.2802,0.2806,68667.8
2026-04-01 08:45:00,1775033100000,0.2806,0.2819,0.2803,0.2804,161289.3
2026-04-01 09:00:00,1775034000000,0.2804,0.2808,0.2786,0.279,94893.2
2026-04-01 09:15:00,1775034900000,0.279,0.28,0.279,0.2793,67947.1
2026-04-01 09:30:00,1775035800000,0.2793,0.2807,0.2793,0.2799,152158.9
2026-04-01 09:45:00,1775036700000,0.2799,0.2805,0.2795,0.2795,35886.6
2026-04-01 10:00:00,1775037600000,0.2795,0.28,0.2793,0.2795,33973.2
2026-04-01 10:15:00,1775038500000,0.2795,0.2795,0.2784,0.279,57166.5
2026-04-01 10:30:00,1775039400000,0.279,0.2791,0.2776,0.2777,47112.4
2026-04-01 10:45:00,1775040300000,0.2777,0.278,0.2771,0.278,58127.2
2026-04-01 11:00:00,1775041200000,0.278,0.2783,0.2775,0.2777,75590.4
2026-04-01 11:15:00,1775042100000,0.2777,0.278,0.277,0.2777,47584.9
2026-04-01 11:30:00,1775043000000,0.2777,0.2778,0.2768,0.2772,21411.5
2026-04-01 11:45:00,1775043900000,0.2772,0.2776,0.2769,0.2769,46830.4
2026-04-01 12:00:00,1775044800000,0.2769,0.2775,0.2765,0.2772,89998.5
2026-04-01 12:15:00,1775045700000,0.2772,0.2773,0.2765,0.2766,33607.4
2026-04-01 12:30:00,1775046600000,0.2766,0.2786,0.2755,0.2783,442587.6
2026-04-01 12:45:00,1775047500000,0.2783,0.2784,0.2762,0.2764,315717.8
2026-04-01 13:00:00,1775048400000,0.2764,0.2768,0.275,0.2765,107148.4
2026-04-01 13:15:00,1775049300000,0.2765,0.2773,0.2764,0.2766,42281.9
2026-04-01 13:30:00,1775050200000,0.2766,0.2766,0.2743,0.2751,136709.1
2026-04-01 13:45:00,1775051100000,0.2751,0.276,0.2743,0.2754,208176.2
2026-04-01 14:00:00,1775052000000,0.2754,0.2757,0.2748,0.2756,74764.2
2026-04-01 14:15:00,1775052900000,0.2756,0.2766,0.2753,0.2766,42122.2
2026-04-01 14:30:00,1775053800000,0.2766,0.2774,0.2756,0.2767,126465.7
2026-04-01 14:45:00,1775054700000,0.2767,0.2771,0.2761,0.2765,75065.5
2026-04-01 15:00:00,1775055600000,0.2765,0.2772,0.276,0.2764,56899.1
2026-04-01 15:15:00,1775056500000,0.2764,0.2784,0.2762,0.2779,74544.4
2026-04-01 15:30:00,1775057400000,0.2779,0.2786,0.2776,0.278,103832.7
2026-04-01 15:45:00,1775058300000,0.278,0.2786,0.2776,0.2783,47104.8
2026-04-01 16:00:00,1775059200000,0.2783,0.279,0.2777,0.2786,125508.8
2026-04-01 16:15:00,1775060100000,0.2786,0.2812,0.2782,0.2807,242333.8
2026-04-01 16:30:00,1775061000000,0.2807,0.2813,0.279,0.2795,354522.5
2026-04-01 16:45:00,1775061900000,0.2795,0.2795,0.2783,0.279,118688.7
2026-04-01 17:00:00,1775062800000,0.279,0.2817,0.2789,0.2799,128744.0
2026-04-01 17:15:00,1775063700000,0.2799,0.2808,0.2781,0.2784,95548.0
2026-04-01 17:30:00,1775064600000,0.2784,0.2793,0.2775,0.2789,96299.8
2026-04-01 17:45:00,1775065500000,0.2789,0.279,0.2769,0.2772,122389.2
2026-04-01 18:00:00,1775066400000,0.2772,0.2773,0.2753,0.2762,186606.6
2026-04-01 18:15:00,1775067300000,0.2762,0.2775,0.275,0.2766,562224.7
2026-04-01 18:30:00,1775068200000,0.2766,0.2771,0.2758,0.2766,102885.0
2026-04-01 18:45:00,1775069100000,0.2766,0.2766,0.2747,0.2751,100954.0
2026-04-01 19:00:00,1775070000000,0.2751,0.276,0.2751,0.2756,109579.1
2026-04-01 19:15:00,1775070900000,0.2756,0.2774,0.2756,0.2774,47539.8
2026-04-01 19:30:00,1775071800000,0.2774,0.2777,0.2759,0.2761,191717.3
2026-04-01 19:45:00,1775072700000,0.2761,0.2767,0.2754,0.2756,111175.4
2026-04-01 20:00:00,1775073600000,0.2756,0.2756,0.2737,0.2744,171034.5
2026-04-01 20:15:00,1775074500000,0.2744,0.2746,0.2738,0.2738,32085.0
2026-04-01 20:30:00,1775075400000,0.2738,0.2754,0.2737,0.2753,60085.1
2026-04-01 20:45:00,1775076300000,0.2753,0.2754,0.2748,0.2748,33926.2
2026-04-01 21:00:00,1775077200000,0.2748,0.2761,0.2747,0.2758,140005.1
2026-04-01 21:15:00,1775078100000,0.2758,0.2771,0.2749,0.2757,154138.5
2026-04-01 21:30:00,1775079000000,0.2757,0.2759,0.2753,0.2753,49716.6
2026-04-01 21:45:00,1775079900000,0.2753,0.2762,0.2752,0.2759,66511.6
2026-04-01 22:00:00,1775080800000,0.2759,0.2759,0.274,0.2742,93599.2
2026-04-01 22:15:00,1775081700000,0.2742,0.2747,0.2735,0.2741,121561.9
2026-04-01 22:30:00,1775082600000,0.2741,0.2747,0.2737,0.2741,92166.2
2026-04-01 22:45:00,1775083500000,0.2741,0.2744,0.2738,0.2742,83425.3
2026-04-01 23:00:00,1775084400000,0.2742,0.2753,0.2731,0.2747,319698.5
2026-04-01 23:15:00,1775085300000,0.2747,0.275,0.2744,0.2746,41589.5
2026-04-01 23:30:00,1775086200000,0.2746,0.2756,0.274,0.2744,161823.7
2026-04-01 23:45:00,1775087100000,0.2744,0.2749,0.2735,0.2738,118277.3
2026-04-02 00:00:00,1775088000000,0.2738,0.2742,0.2718,0.2729,279798.7
2026-04-02 00:15:00,1775088900000,0.2729,0.2731,0.2718,0.2721,118386.5
2026-04-02 00:30:00,1775089800000,0.2721,0.2734,0.2718,0.273,161539.7
2026-04-02 00:45:00,1775090700000,0.273,0.2734,0.2721,0.2729,75940.6
2026-04-02 01:00:00,1775091600000,0.2729,0.2734,0.2695,0.2715,479297.6
2026-04-02 01:15:00,1775092500000,0.2715,0.2715,0.2667,0.2675,488128.4
2026-04-02 01:30:00,1775093400000,0.2675,0.2675,0.265,0.2652,224554.5
2026-04-02 01:45:00,1775094300000,0.2652,0.2659,0.2644,0.2654,208258.5
2026-04-02 02:00:00,1775095200000,0.2654,0.2654,0.2629,0.2629,163787.0
2026-04-02 02:15:00,1775096100000,0.2629,0.2636,0.262,0.2634,143298.9
2026-04-02 02:30:00,1775097000000,0.2634,0.264,0.2616,0.2618,101150.9
2026-04-02 02:45:00,1775097900000,0.2618,0.2629,0.2618,0.2627,58498.2
2026-04-02 03:00:00,1775098800000,0.2627,0.263,0.262,0.2622,31406.0
2026-04-02 03:15:00,1775099700000,0.2622,0.2646,0.2617,0.264,165058.5
2026-04-02 03:30:00,1775100600000,0.264,0.2643,0.2623,0.2627,181071.9
2026-04-02 03:45:00,1775101500000,0.2627,0.2634,0.2626,0.2628,47322.6
2026-04-02 04:00:00,1775102400000,0.2628,0.2634,0.262,0.2623,93377.2
2026-04-02 04:15:00,1775103300000,0.2623,0.263,0.2623,0.2626,95505.7
2026-04-02 04:30:00,1775104200000,0.2626,0.2628,0.2619,0.2621,60587.7
2026-04-02 04:45:00,1775105100000,0.2621,0.2624,0.2612,0.2616,87825.0
2026-04-02 05:00:00,1775106000000,0.2616,0.262,0.2609,0.2612,136472.5
2026-04-02 05:15:00,1775106900000,0.2612,0.2617,0.2609,0.2612,58710.4
2026-04-02 05:30:00,1775107800000,0.2612,0.2631,0.2612,0.2631,79405.8
2026-04-02 05:45:00,1775108700000,0.2631,0.2634,0.2621,0.263,274451.4
2026-04-02 06:00:00,1775109600000,0.263,0.2643,0.2627,0.2639,88374.1
2026-04-02 06:15:00,1775110500000,0.2639,0.2661,0.2639,0.2655,154638.1
2026-04-02 06:30:00,1775111400000,0.2655,0.2655,0.2646,0.2647,91089.6
2026-04-02 06:45:00,1775112300000,0.2647,0.2653,0.2646,0.2648,62966.7
2026-04-02 07:00:00,1775113200000,0.2648,0.265,0.2641,0.2645,48470.9
2026-04-02 07:15:00,1775114100000,0.2645,0.266,0.2643,0.2651,113933.7
2026-04-02 07:30:00,1775115000000,0.2651,0.2659,0.2647,0.2658,44790.5
2026-04-02 07:45:00,1775115900000,0.2658,0.2666,0.2657,0.266,32440.1
2026-04-02 08:00:00,1775116800000,0.266,0.266,0.264,0.2645,64924.8
2026-04-02 08:15:00,1775117700000,0.2645,0.2649,0.2634,0.2647,124161.4
2026-04-02 08:30:00,1775118600000,0.2647,0.265,0.2637,0.2639,147219.2
2026-04-02 08:45:00,1775119500000,0.2639,0.2647,0.2639,0.2641,22861.1
2026-04-02 09:00:00,1775120400000,0.2641,0.2643,0.263,0.2638,86343.9
2026-04-02 09:15:00,1775121300000,0.2638,0.2644,0.2627,0.2627,69707.3
2026-04-02 09:30:00,1775122200000,0.2627,0.263,0.2618,0.2625,120952.5
2026-04-02 09:45:00,1775123100000,0.2625,0.2631,0.2623,0.263,49656.5
2026-04-02 10:00:00,1775124000000,0.263,0.2638,0.2623,0.2626,128549.6
2026-04-02 10:15:00,1775124900000,0.2626,0.2629,0.2622,0.2627,22605.5
2026-04-02 10:30:00,1775125800000,0.2627,0.2628,0.2616,0.2619,57366.6
2026-04-02 10:45:00,1775126700000,0.2619,0.2628,0.2614,0.2627,34683.1
2026-04-02 11:00:00,1775127600000,0.2627,0.2634,0.2626,0.2631,71962.6
2026-04-02 11:15:00,1775128500000,0.2631,0.2645,0.2623,0.2641,176905.3
2026-04-02 11:30:00,1775129400000,0.2641,0.2644,0.2635,0.2641,74020.3
2026-04-02 11:45:00,1775130300000,0.2641,0.2641,0.2628,0.2631,71475.8
2026-04-02 12:00:00,1775131200000,0.2631,0.2633,0.262,0.2627,105335.4
2026-04-02 12:15:00,1775132100000,0.2627,0.2633,0.2622,0.2622,174310.3
2026-04-02 12:30:00,1775133000000,0.2622,0.2631,0.2617,0.2625,192055.0
2026-04-02 12:45:00,1775133900000,0.2625,0.2631,0.2622,0.2626,127724.5
2026-04-02 13:00:00,1775134800000,0.2626,0.2626,0.2605,0.2608,258574.7
2026-04-02 13:15:00,1775135700000,0.2608,0.262,0.2606,0.2614,98395.0
2026-04-02 13:30:00,1775136600000,0.2614,0.2619,0.2601,0.2616,141741.9
2026-04-02 13:45:00,1775137500000,0.2616,0.2626,0.2611,0.2621,234833.5
2026-04-02 14:00:00,1775138400000,0.2621,0.2631,0.2614,0.263,109410.8
2026-04-02 14:15:00,1775139300000,0.263,0.2635,0.2624,0.2627,188806.6
2026-04-02 14:30:00,1775140200000,0.2627,0.2661,0.2627,0.265,552916.8
2026-04-02 14:45:00,1775141100000,0.265,0.2652,0.263,0.2646,142116.6
2026-04-02 15:00:00,1775142000000,0.2646,0.2646,0.2628,0.2633,127960.9
2026-04-02 15:15:00,1775142900000,0.2633,0.2638,0.2622,0.2638,91249.0
2026-04-02 15:30:00,1775143800000,0.2638,0.2655,0.2638,0.2651,92966.5
2026-04-02 15:45:00,1775144700000,0.2651,0.2652,0.2629,0.2632,136391.8
2026-04-02 16:00:00,1775145600000,0.2632,0.2636,0.2622,0.2625,99006.2
2026-04-02 16:15:00,1775146500000,0.2625,0.263,0.2619,0.263,168285.8
2026-04-02 16:30:00,1775147400000,0.263,0.265,0.2629,0.2642,208189.3
2026-04-02 16:45:00,1775148300000,0.2642,0.2645,0.2629,0.2635,131355.9
2026-04-02 17:00:00,1775149200000,0.2635,0.2645,0.2623,0.2644,108679.5
2026-04-02 17:15:00,1775150100000,0.2644,0.2654,0.2642,0.2642,110653.0
2026-04-02 17:30:00,1775151000000,0.2642,0.2642,0.2621,0.2624,140814.4
2026-04-02 17:45:00,1775151900000,0.2624,0.2626,0.2602,0.2607,162550.9
2026-04-02 18:00:00,1775152800000,0.2607,0.2619,0.2605,0.2609,127312.8
2026-04-02 18:15:00,1775153700000,0.2609,0.261,0.2584,0.2598,524692.3
2026-04-02 18:30:00,1775154600000,0.2598,0.2603,0.2597,0.2601,125630.9
2026-04-02 18:45:00,1775155500000,0.2601,0.2612,0.2601,0.2608,74046.7
2026-04-02 19:00:00,1775156400000,0.2608,0.2608,0.2597,0.2605,106592.6
2026-04-02 19:15:00,1775157300000,0.2605,0.2605,0.2595,0.2596,72574.5
2026-04-02 19:30:00,1775158200000,0.2596,0.2609,0.2596,0.2603,61942.1
2026-04-02 19:45:00,1775159100000,0.2603,0.2617,0.2603,0.2614,36599.4
2026-04-02 20:00:00,1775160000000,0.2614,0.2617,0.2604,0.2611,72223.9
2026-04-02 20:15:00,1775160900000,0.2611,0.2623,0.261,0.2618,123812.8
2026-04-02 20:30:00,1775161800000,0.2618,0.2623,0.2613,0.2616,84732.7
2026-04-02 20:45:00,1775162700000,0.2616,0.2617,0.2608,0.2608,19015.4
2026-04-02 21:00:00,1775163600000,0.2608,0.2608,0.2583,0.2593,206553.1
2026-04-02 21:15:00,1775164500000,0.2593,0.26,0.259,0.2596,63694.6
2026-04-02 21:30:00,1775165400000,0.2596,0.2599,0.2588,0.2591,61931.9
2026-04-02 21:45:00,1775166300000,0.2591,0.26,0.2588,0.2596,102685.3
2026-04-02 22:00:00,1775167200000,0.2596,0.2601,0.2589,0.2598,45514.3
2026-04-02 22:15:00,1775168100000,0.2598,0.2603,0.2594,0.2599,39226.3
2026-04-02 22:30:00,1775169000000,0.2599,0.261,0.2599,0.2609,33774.4
2026-04-02 22:45:00,1775169900000,0.2609,0.261,0.2602,0.2603,94773.2
2026-04-02 23:00:00,1775170800000,0.2603,0.2606,0.2599,0.2605,18711.1
2026-04-02 23:15:00,1775171700000,0.2605,0.2618,0.2605,0.2611,78835.8
2026-04-02 23:30:00,1775172600000,0.2611,0.2615,0.2609,0.2612,38851.4
2026-04-02 23:45:00,1775173500000,0.2612,0.2615,0.2608,0.2615,11202.1
2026-04-03 00:00:00,1775174400000,0.2615,0.2626,0.2615,0.2615,72389.0
2026-04-03 00:15:00,1775175300000,0.2615,0.2621,0.2607,0.2608,39214.1
2026-04-03 00:30:00,1775176200000,0.2608,0.2612,0.26,0.2605,196553.0
2026-04-03 00:45:00,1775177100000,0.2605,0.2611,0.2603,0.261,26880.4
2026-04-03 01:00:00,1775178000000,0.261,0.2619,0.261,0.2617,52472.0
2026-04-03 01:15:00,1775178900000,0.2617,0.2638,0.2617,0.2636,212358.7
2026-04-03 01:30:00,1775179800000,0.2636,0.2637,0.2613,0.262,180130.3
2026-04-03 01:45:00,1775180700000,0.262,0.2621,0.2614,0.2617,22065.9
2026-04-03 02:00:00,1775181600000,0.2617,0.2622,0.261,0.2621,47866.1
2026-04-03 02:15:00,1775182500000,0.2621,0.2634,0.2619,0.2624,84659.2
2026-04-03 02:30:00,1775183400000,0.2624,0.2627,0.2601,0.2603,212005.1
2026-04-03 02:45:00,1775184300000,0.2603,0.2619,0.2603,0.2618,150388.0
2026-04-03 03:00:00,1775185200000,0.2618,0.2619,0.2608,0.2615,95414.2
2026-04-03 03:15:00,1775186100000,0.2615,0.2615,0.2609,0.261,43117.2
2026-04-03 03:30:00,1775187000000,0.261,0.261,0.2598,0.2607,32300.4
2026-04-03 03:45:00,1775187900000,0.2607,0.2609,0.2599,0.2599,59859.3
2026-04-03 04:00:00,1775188800000,0.2599,0.2604,0.2594,0.2599,85472.6
2026-04-03 04:15:00,1775189700000,0.2599,0.26,0.2589,0.2593,71859.2
2026-04-03 04:30:00,1775190600000,0.2593,0.2596,0.2589,0.2594,79693.8
2026-04-03 04:45:00,1775191500000,0.2594,0.2598,0.259,0.2592,58012.4
2026-04-03 05:00:00,1775192400000,0.2592,0.2593,0.2585,0.2588,38374.4
2026-04-03 05:15:00,1775193300000,0.2588,0.2599,0.2577,0.2599,164444.5
2026-04-03 05:30:00,1775194200000,0.2599,0.2615,0.2599,0.26,198914.1
2026-04-03 05:45:00,1775195100000,0.26,0.26,0.2587,0.2591,54505.2
2026-04-03 06:00:00,1775196000000,0.2591,0.2596,0.2584,0.2587,64599.0
2026-04-03 06:15:00,1775196900000,0.2587,0.2587,0.2578,0.258,59384.6
2026-04-03 06:30:00,1775197800000,0.258,0.259,0.2573,0.2588,188845.1
2026-04-03 06:45:00,1775198700000,0.2588,0.2588,0.2582,0.2584,31169.9
2026-04-03 07:00:00,1775199600000,0.2584,0.2591,0.2581,0.2589,43956.0
2026-04-03 07:15:00,1775200500000,0.2589,0.259,0.2581,0.2589,40047.4
2026-04-03 07:30:00,1775201400000,0.2589,0.2603,0.2587,0.26,232677.4
2026-04-03 07:45:00,1775202300000,0.26,0.2603,0.2585,0.2585,200608.8
2026-04-03 08:00:00,1775203200000,0.2585,0.2602,0.2585,0.2595,77923.0
2026-04-03 08:15:00,1775204100000,0.2595,0.26,0.2592,0.2598,39517.8
2026-04-03 08:30:00,1775205000000,0.2598,0.2599,0.2591,0.2593,105984.5
2026-04-03 08:45:00,1775205900000,0.2593,0.2595,0.2591,0.2594,32098.8
2026-04-03 09:00:00,1775206800000,0.2594,0.2598,0.2589,0.2598,42549.5
2026-04-03 09:15:00,1775207700000,0.2598,0.2599,0.2586,0.2596,192326.8
2026-04-03 09:30:00,1775208600000,0.2596,0.2603,0.2593,0.2603,54384.0
2026-04-03 09:45:00,1775209500000,0.2603,0.2603,0.2593,0.2603,54887.5
2026-04-03 10:00:00,1775210400000,0.2603,0.2618,0.2599,0.2604,331553.1
2026-04-03 10:15:00,1775211300000,0.2604,0.2607,0.2598,0.2598,50663.2
2026-04-03 10:30:00,1775212200000,0.2598,0.2605,0.259,0.2605,51201.1
2026-04-03 10:45:00,1775213100000,0.2605,0.2612,0.2604,0.261,57688.0
2026-04-03 11:00:00,1775214000000,0.261,0.261,0.2602,0.2605,42356.7
2026-04-03 11:15:00,1775214900000,0.2605,0.2608,0.2602,0.2605,16620.2
2026-04-03 11:30:00,1775215800000,0.2605,0.2611,0.2601,0.2608,53607.9
2026-04-03 11:45:00,1775216700000,0.2608,0.261,0.2605,0.2608,36781.8
2026-04-03 12:00:00,1775217600000,0.2608,0.2609,0.259,0.2594,212226.1
2026-04-03 12:15:00,1775218500000,0.2594,0.2595,0.2585,0.2593,96069.8
2026-04-03 12:30:00,1775219400000,0.2593,0.262,0.2587,0.2591,364733.4
2026-04-03 12:45:00,1775220300000,0.2591,0.2594,0.258,0.2582,116938.2
2026-04-03 13:00:00,1775221200000,0.2582,0.2585,0.2567,0.2572,379858.5
2026-04-03 13:15:00,1775222100000,0.2572,0.2575,0.2565,0.2574,111488.3
2026-04-03 13:30:00,1775223000000,0.2574,0.2582,0.2568,0.2573,108371.0
2026-04-03 13:45:00,1775223900000,0.2573,0.2575,0.2562,0.2575,148922.8
2026-04-03 14:00:00,1775224800000,0.2575,0.2577,0.2563,0.2576,59444.4
2026-04-03 14:15:00,1775225700000,0.2576,0.2585,0.2575,0.2582,94063.0
2026-04-03 14:30:00,1775226600000,0.2582,0.2584,0.2569,0.2577,31897.8
2026-04-03 14:45:00,1775227500000,0.2577,0.2591,0.2576,0.2579,59763.0
2026-04-03 15:00:00,1775228400000,0.2579,0.2585,0.2571,0.2583,69980.4
2026-04-03 15:15:00,1775229300000,0.2583,0.2583,0.2574,0.2577,62523.7
2026-04-03 15:30:00,1775230200000,0.2577,0.2578,0.2568,0.2569,44609.4
2026-04-03 15:45:00,1775231100000,0.2569,0.257,0.2563,0.2564,52372.6
2026-04-03 16:00:00,1775232000000,0.2564,0.2573,0.2553,0.257,236500.3
2026-04-03 16:15:00,1775232900000,0.257,0.2576,0.2567,0.2572,55054.0
2026-04-03 16:30:00,1775233800000,0.2572,0.2581,0.2568,0.2581,121558.9
2026-04-03 16:45:00,1775234700000,0.2581,0.2583,0.2576,0.2578,119834.2
2026-04-03 17:00:00,1775235600000,0.2578,0.2578,0.2558,0.2558,44985.4
2026-04-03 17:15:00,1775236500000,0.2558,0.2558,0.2542,0.2552,143452.7
2026-04-03 17:30:00,1775237400000,0.2552,0.256,0.2546,0.2551,162313.4
2026-04-03 17:45:00,1775238300000,0.2551,0.2552,0.2543,0.2551,125566.5
2026-04-03 18:00:00,1775239200000,0.2551,0.2557,0.2546,0.2555,125206.0
2026-04-03 18:15:00,1775240100000,0.2555,0.256,0.255,0.255,50197.7
2026-04-03 18:30:00,1775241000000,0.255,0.2558,0.2547,0.2549,31532.9
2026-04-03 18:45:00,1775241900000,0.2549,0.2552,0.2546,0.2549,23263.4
2026-04-03 19:00:00,1775242800000,0.2549,0.2552,0.2537,0.254,133928.0
2026-04-03 19:15:00,1775243700000,0.254,0.2545,0.254,0.2542,27463.0
2026-04-03 19:30:00,1775244600000,0.2542,0.2553,0.2541,0.2552,44004.1
